dgp,path,t,head,support_k,tail_support,tail_nn_gap,bin_gap,n_distinct_sweep
garch_t,0,512,chronos_base,50.0,3.0,0.03934669494628906,0.0112418532371521,3
garch_t,0,512,chronos_bolt,,,,,1
garch_t,0,512,chronos_2,,,,,34
garch_t,0,528,chronos_base,50.0,2.0,0.01051551103591919,0.010515451431274414,3
garch_t,0,528,chronos_bolt,,,,,1
garch_t,0,528,chronos_2,,,,,34
garch_t,0,545,chronos_base,50.0,3.0,0.014719337224960327,0.009812861680984497,3
garch_t,0,545,chronos_bolt,,,,,1
garch_t,0,545,chronos_2,,,,,34
garch_t,0,562,chronos_base,50.0,2.0,0.018590688705444336,0.009295344352722168,3
garch_t,0,562,chronos_bolt,,,,,1
garch_t,0,562,chronos_2,,,,,34
garch_t,0,578,chronos_base,50.0,2.0,0.018078625202178955,0.00903928279876709,3
garch_t,0,578,chronos_bolt,,,,,1
garch_t,0,578,chronos_2,,,,,34
garch_t,0,595,chronos_base,50.0,2.0,0.016860634088516235,0.008430302143096924,3
garch_t,0,595,chronos_bolt,,,,,1
garch_t,0,595,chronos_2,,,,,34
garch_t,0,612,chronos_base,50.0,2.0,0.016378134489059448,0.00818905234336853,3
garch_t,0,612,chronos_bolt,,,,,1
garch_t,0,612,chronos_2,,,,,34
garch_t,0,629,chronos_base,50.0,3.0,0.008173719048500061,0.008173704147338867,3
garch_t,0,629,chronos_bolt,,,,,1
garch_t,0,629,chronos_2,,,,,34
garch_t,0,645,chronos_base,50.0,2.0,0.01624956727027893,0.008124768733978271,3
garch_t,0,645,chronos_bolt,,,,,1
garch_t,0,645,chronos_2,,,,,34
garch_t,0,662,chronos_base,50.0,2.0,0.016359329223632812,0.008179634809494019,3
garch_t,0,662,chronos_bolt,,,,,1
garch_t,0,662,chronos_2,,,,,34
garch_t,0,679,chronos_base,50.0,3.0,0.008281826972961426,0.008281797170639038,3
garch_t,0,679,chronos_bolt,,,,,1
garch_t,0,679,chronos_2,,,,,34
garch_t,0,696,chronos_base,50.0,2.0,0.15965458750724792,0.008402854204177856,3
garch_t,0,696,chronos_bolt,,,,,1
garch_t,0,696,chronos_2,,,,,34
garch_t,0,712,chronos_base,50.0,2.0,0.016800612211227417,0.008400291204452515,3
garch_t,0,712,chronos_bolt,,,,,1
garch_t,0,712,chronos_2,,,,,34
garch_t,0,729,chronos_base,50.0,2.0,0.06920340657234192,0.008650422096252441,3
garch_t,0,729,chronos_bolt,,,,,1
garch_t,0,729,chronos_2,,,,,34
garch_t,0,746,chronos_base,50.0,2.0,0.017712652683258057,0.008856326341629028,3
garch_t,0,746,chronos_bolt,,,,,1
garch_t,0,746,chronos_2,,,,,34
garch_t,0,762,chronos_base,50.0,2.0,0.01775991916656494,0.00887995958328247,3
garch_t,0,762,chronos_bolt,,,,,1
garch_t,0,762,chronos_2,,,,,34
garch_t,0,779,chronos_base,50.0,2.0,0.1237730085849762,0.00884091854095459,3
garch_t,0,779,chronos_bolt,,,,,1
garch_t,0,779,chronos_2,,,,,34
garch_t,0,796,chronos_base,50.0,3.0,0.017732471227645874,0.008866220712661743,3
garch_t,0,796,chronos_bolt,,,,,1
garch_t,0,796,chronos_2,,,,,34
garch_t,0,813,chronos_base,50.0,2.0,0.008722484111785889,0.008722484111785889,3
garch_t,0,813,chronos_bolt,,,,,1
garch_t,0,813,chronos_2,,,,,34
garch_t,0,829,chronos_base,50.0,2.0,0.060479745268821716,0.008639946579933167,3
garch_t,0,829,chronos_bolt,,,,,1
garch_t,0,829,chronos_2,,,,,34
garch_t,0,846,chronos_base,50.0,2.0,0.02606506645679474,0.00868833065032959,3
garch_t,0,846,chronos_bolt,,,,,1
garch_t,0,846,chronos_2,,,,,34
garch_t,0,863,chronos_base,50.0,2.0,0.01753738522529602,0.008768677711486816,3
garch_t,0,863,chronos_bolt,,,,,1
garch_t,0,863,chronos_2,,,,,34
garch_t,0,880,chronos_base,50.0,2.0,0.017654210329055786,0.0088270902633667,3
garch_t,0,880,chronos_bolt,,,,,1
garch_t,0,880,chronos_2,,,,,34
garch_t,0,896,chronos_base,50.0,2.0,0.053030550479888916,0.008838415145874023,3
garch_t,0,896,chronos_bolt,,,,,1
garch_t,0,896,chronos_2,,,,,34
garch_t,0,913,chronos_base,50.0,2.0,0.017878681421279907,0.00893932580947876,3
garch_t,0,913,chronos_bolt,,,,,1
garch_t,0,913,chronos_2,,,,,34
garch_t,0,930,chronos_base,50.0,2.0,0.009075254201889038,0.009075239300727844,3
garch_t,0,930,chronos_bolt,,,,,1
garch_t,0,930,chronos_2,,,,,34
garch_t,0,946,chronos_base,50.0,2.0,0.01793462038040161,0.008967280387878418,3
garch_t,0,946,chronos_bolt,,,,,1
garch_t,0,946,chronos_2,,,,,34
garch_t,0,963,chronos_base,50.0,3.0,0.017650693655014038,0.008825331926345825,3
garch_t,0,963,chronos_bolt,,,,,1
garch_t,0,963,chronos_2,,,,,34
garch_t,0,980,chronos_base,50.0,2.0,0.12069287896156311,0.008620887994766235,3
garch_t,0,980,chronos_bolt,,,,,1
garch_t,0,980,chronos_2,,,,,34
garch_t,0,997,chronos_base,50.0,2.0,0.008573189377784729,0.008573174476623535,3
garch_t,0,997,chronos_bolt,,,,,1
garch_t,0,997,chronos_2,,,,,34
garch_t,0,1013,chronos_base,50.0,2.0,0.05920711159706116,0.008458137512207031,3
garch_t,0,1013,chronos_bolt,,,,,1
garch_t,0,1013,chronos_2,,,,,34
garch_t,0,1030,chronos_base,50.0,2.0,0.017374545335769653,0.008687257766723633,3
garch_t,0,1030,chronos_bolt,,,,,1
garch_t,0,1030,chronos_2,,,,,34
garch_t,0,1047,chronos_base,50.0,2.0,0.01755949854850769,0.008779734373092651,3
garch_t,0,1047,chronos_bolt,,,,,1
garch_t,0,1047,chronos_2,,,,,34
garch_t,0,1064,chronos_base,50.0,2.0,0.017642050981521606,0.00882101058959961,3
garch_t,0,1064,chronos_bolt,,,,,1
garch_t,0,1064,chronos_2,,,,,34
garch_t,0,1080,chronos_base,50.0,2.0,0.008976727724075317,0.008976668119430542,3
garch_t,0,1080,chronos_bolt,,,,,1
garch_t,0,1080,chronos_2,,,,,34
garch_t,0,1097,chronos_base,50.0,2.0,0.009303927421569824,0.009303897619247437,3
garch_t,0,1097,chronos_bolt,,,,,1
garch_t,0,1097,chronos_2,,,,,34
garch_t,0,1114,chronos_base,50.0,2.0,0.010001987218856812,0.010001987218856812,3
garch_t,0,1114,chronos_bolt,,,,,1
garch_t,0,1114,chronos_2,,,,,34
garch_t,0,1130,chronos_base,50.0,2.0,0.02076321840286255,0.010381579399108887,3
garch_t,0,1130,chronos_bolt,,,,,1
garch_t,0,1130,chronos_2,,,,,34
garch_t,0,1147,chronos_base,50.0,2.0,0.2867673635482788,0.011029481887817383,3
garch_t,0,1147,chronos_bolt,,,,,1
garch_t,0,1147,chronos_2,,,,,34
garch_t,0,1164,chronos_base,50.0,2.0,0.31471628323197365,0.011239826679229736,3
garch_t,0,1164,chronos_bolt,,,,,1
garch_t,0,1164,chronos_2,,,,,34
garch_t,0,1181,chronos_base,50.0,3.0,0.01217108964920044,0.012170910835266113,3
garch_t,0,1181,chronos_bolt,,,,,1
garch_t,0,1181,chronos_2,,,,,34
garch_t,0,1197,chronos_base,50.0,2.0,0.04033935070037842,0.013446390628814697,3
garch_t,0,1197,chronos_bolt,,,,,1
garch_t,0,1197,chronos_2,,,,,34
garch_t,0,1214,chronos_base,50.0,2.0,0.014045536518096924,0.014045417308807373,3
garch_t,0,1214,chronos_bolt,,,,,1
garch_t,0,1214,chronos_2,,,,,34
garch_t,0,1231,chronos_base,50.0,3.0,0.04344898462295532,0.014482975006103516,3
garch_t,0,1231,chronos_bolt,,,,,1
garch_t,0,1231,chronos_2,,,,,34
garch_t,0,1248,chronos_base,50.0,2.0,0.05853128433227539,0.014632821083068848,3
garch_t,0,1248,chronos_bolt,,,,,1
garch_t,0,1248,chronos_2,,,,,34
garch_t,0,1264,chronos_base,50.0,2.0,0.029729247093200684,0.014864563941955566,3
garch_t,0,1264,chronos_bolt,,,,,1
garch_t,0,1264,chronos_2,,,,,34
garch_t,0,1281,chronos_base,50.0,2.0,0.02986997365951538,0.014934957027435303,3
garch_t,0,1281,chronos_bolt,,,,,1
garch_t,0,1281,chronos_2,,,,,34
garch_t,0,1298,chronos_base,50.0,2.0,0.07606309652328491,0.015212595462799072,3
garch_t,0,1298,chronos_bolt,,,,,1
garch_t,0,1298,chronos_2,,,,,34
garch_t,0,1314,chronos_base,50.0,2.0,0.10744675993919373,0.015349507331848145,3
garch_t,0,1314,chronos_bolt,,,,,1
garch_t,0,1314,chronos_2,,,,,34
garch_t,0,1331,chronos_base,50.0,2.0,0.0155339315533638,0.015533864498138428,3
garch_t,0,1331,chronos_bolt,,,,,1
garch_t,0,1331,chronos_2,,,,,34
garch_t,0,1348,chronos_base,50.0,2.0,0.015595048666000366,0.015595018863677979,3
garch_t,0,1348,chronos_bolt,,,,,1
garch_t,0,1348,chronos_2,,,,,34
garch_t,0,1365,chronos_base,50.0,3.0,0.015708237886428833,0.01570814847946167,3
garch_t,0,1365,chronos_bolt,,,,,1
garch_t,0,1365,chronos_2,,,,,34
garch_t,0,1381,chronos_base,50.0,2.0,0.015926361083984375,0.0159263014793396,3
garch_t,0,1381,chronos_bolt,,,,,1
garch_t,0,1381,chronos_2,,,,,34
garch_t,0,1398,chronos_base,50.0,2.0,0.03238946199417114,0.016194701194763184,3
garch_t,0,1398,chronos_bolt,,,,,1
garch_t,0,1398,chronos_2,,,,,34
garch_t,0,1415,chronos_base,50.0,2.0,0.049657464027404785,0.016552448272705078,3
garch_t,0,1415,chronos_bolt,,,,,1
garch_t,0,1415,chronos_2,,,,,34
garch_t,0,1432,chronos_base,50.0,2.0,0.01687026023864746,0.016870200634002686,3
garch_t,0,1432,chronos_bolt,,,,,1
garch_t,0,1432,chronos_2,,,,,34
garch_t,0,1448,chronos_base,50.0,2.0,0.01695162057876587,0.016951560974121094,3
garch_t,0,1448,chronos_bolt,,,,,1
garch_t,0,1448,chronos_2,,,,,34
garch_t,0,1465,chronos_base,50.0,2.0,0.03413492441177368,0.017067432403564453,3
garch_t,0,1465,chronos_bolt,,,,,1
garch_t,0,1465,chronos_2,,,,,34
garch_t,0,1482,chronos_base,50.0,2.0,0.03436177968978882,0.01718086004257202,3
garch_t,0,1482,chronos_bolt,,,,,1
garch_t,0,1482,chronos_2,,,,,34
garch_t,0,1499,chronos_base,50.0,2.0,0.017362356185913086,0.01736229658126831,3
garch_t,0,1499,chronos_bolt,,,,,1
garch_t,0,1499,chronos_2,,,,,34
garch_t,1,512,chronos_base,50.0,2.0,0.009472310543060303,0.009472280740737915,3
garch_t,1,512,chronos_bolt,,,,,1
garch_t,1,512,chronos_2,,,,,34
garch_t,1,528,chronos_base,50.0,2.0,0.009378790855407715,0.009378761053085327,3
garch_t,1,528,chronos_bolt,,,,,1
garch_t,1,528,chronos_2,,,,,34
garch_t,1,545,chronos_base,50.0,2.0,0.009219616651535034,0.009219586849212646,3
garch_t,1,545,chronos_bolt,,,,,1
garch_t,1,545,chronos_2,,,,,34
garch_t,1,562,chronos_base,50.0,2.0,0.017987817525863647,0.00899389386177063,3
garch_t,1,562,chronos_bolt,,,,,1
garch_t,1,562,chronos_2,,,,,34
garch_t,1,578,chronos_base,50.0,2.0,0.017776668071746826,0.008888304233551025,3
garch_t,1,578,chronos_bolt,,,,,1
garch_t,1,578,chronos_2,,,,,34
garch_t,1,595,chronos_base,50.0,2.0,0.00865083932876587,0.008650809526443481,3
garch_t,1,595,chronos_bolt,,,,,1
garch_t,1,595,chronos_2,,,,,34
garch_t,1,612,chronos_base,50.0,2.0,0.0173855721950531,0.008692771196365356,3
garch_t,1,612,chronos_bolt,,,,,1
garch_t,1,612,chronos_2,,,,,34
garch_t,1,629,chronos_base,50.0,3.0,0.013078182935714722,0.008718788623809814,3
garch_t,1,629,chronos_bolt,,,,,1
garch_t,1,629,chronos_2,,,,,34
garch_t,1,645,chronos_base,50.0,1.0,,0.00877504050731659,3
garch_t,1,645,chronos_bolt,,,,,1
garch_t,1,645,chronos_2,,,,,34
garch_t,1,662,chronos_base,50.0,2.0,0.017228424549102783,0.008614182472229004,3
garch_t,1,662,chronos_bolt,,,,,1
garch_t,1,662,chronos_2,,,,,34
garch_t,1,679,chronos_base,50.0,2.0,0.008777022361755371,0.008776962757110596,3
garch_t,1,679,chronos_bolt,,,,,1
garch_t,1,679,chronos_2,,,,,34
garch_t,1,696,chronos_base,50.0,2.0,0.017284929752349854,0.008642435073852539,3
garch_t,1,696,chronos_bolt,,,,,1
garch_t,1,696,chronos_2,,,,,34
garch_t,1,712,chronos_base,50.0,2.0,0.017399877309799194,0.008699923753738403,3
garch_t,1,712,chronos_bolt,,,,,1
garch_t,1,712,chronos_2,,,,,34
garch_t,1,729,chronos_base,50.0,1.0,,0.008552312850952148,3
garch_t,1,729,chronos_bolt,,,,,1
garch_t,1,729,chronos_2,,,,,34
garch_t,1,746,chronos_base,50.0,2.0,0.008526057004928589,0.00852598249912262,3
garch_t,1,746,chronos_bolt,,,,,1
garch_t,1,746,chronos_2,,,,,34
garch_t,1,762,chronos_base,50.0,2.0,0.016927450895309448,0.00846371054649353,3
garch_t,1,762,chronos_bolt,,,,,1
garch_t,1,762,chronos_2,,,,,34
garch_t,1,779,chronos_base,50.0,3.0,0.016723081469535828,0.008361518383026123,3
garch_t,1,779,chronos_bolt,,,,,1
garch_t,1,779,chronos_2,,,,,34
garch_t,1,796,chronos_base,50.0,2.0,0.06584149599075317,0.00823017954826355,3
garch_t,1,796,chronos_bolt,,,,,1
garch_t,1,796,chronos_2,,,,,34
garch_t,1,813,chronos_base,50.0,3.0,0.008149072527885437,0.008149057626724243,3
garch_t,1,813,chronos_bolt,,,,,1
garch_t,1,813,chronos_2,,,,,34
garch_t,1,829,chronos_base,50.0,2.0,0.016382932662963867,0.00819145143032074,3
garch_t,1,829,chronos_bolt,,,,,1
garch_t,1,829,chronos_2,,,,,34
garch_t,1,846,chronos_base,50.0,2.0,0.008468806743621826,0.008468776941299438,3
garch_t,1,846,chronos_bolt,,,,,1
garch_t,1,846,chronos_2,,,,,34
garch_t,1,863,chronos_base,50.0,2.0,0.017098426818847656,0.008549213409423828,3
garch_t,1,863,chronos_bolt,,,,,1
garch_t,1,863,chronos_2,,,,,34
garch_t,1,880,chronos_base,50.0,2.0,0.008632153272628784,0.008632123470306396,3
garch_t,1,880,chronos_bolt,,,,,1
garch_t,1,880,chronos_2,,,,,34
garch_t,1,896,chronos_base,50.0,3.0,0.017573505640029907,0.00878673791885376,3
garch_t,1,896,chronos_bolt,,,,,1
garch_t,1,896,chronos_2,,,,,34
garch_t,1,913,chronos_base,50.0,2.0,0.008857578039169312,0.008857578039169312,3
garch_t,1,913,chronos_bolt,,,,,1
garch_t,1,913,chronos_2,,,,,34
garch_t,1,930,chronos_base,50.0,2.0,0.00873294472694397,0.008732914924621582,3
garch_t,1,930,chronos_bolt,,,,,1
garch_t,1,930,chronos_2,,,,,34
garch_t,1,946,chronos_base,50.0,2.0,0.008573919534683228,0.008573919534683228,3
garch_t,1,946,chronos_bolt,,,,,1
garch_t,1,946,chronos_2,,,,,34
garch_t,1,963,chronos_base,50.0,2.0,0.008484631776809692,0.008484601974487305,3
garch_t,1,963,chronos_bolt,,,,,1
garch_t,1,963,chronos_2,,,,,34
garch_t,1,980,chronos_base,50.0,2.0,0.008470296859741211,0.008470296859741211,3
garch_t,1,980,chronos_bolt,,,,,1
garch_t,1,980,chronos_2,,,,,34
garch_t,1,997,chronos_base,50.0,3.0,0.016791313886642456,0.008395642042160034,3
garch_t,1,997,chronos_bolt,,,,,1
garch_t,1,997,chronos_2,,,,,34
garch_t,1,1013,chronos_base,51.0,2.0,0.017019540071487427,0.00850975513458252,3
garch_t,1,1013,chronos_bolt,,,,,1
garch_t,1,1013,chronos_2,,,,,34
garch_t,1,1030,chronos_base,50.0,2.0,0.05289161205291748,0.008815258741378784,3
garch_t,1,1030,chronos_bolt,,,,,1
garch_t,1,1030,chronos_2,,,,,34
garch_t,1,1047,chronos_base,50.0,2.0,0.008968889713287354,0.008968830108642578,3
garch_t,1,1047,chronos_bolt,,,,,1
garch_t,1,1047,chronos_2,,,,,34
garch_t,1,1064,chronos_base,50.0,3.0,0.01847521960735321,0.009237602353096008,3
garch_t,1,1064,chronos_bolt,,,,,1
garch_t,1,1064,chronos_2,,,,,34
garch_t,1,1080,chronos_base,50.0,2.0,0.06743767857551575,0.009633928537368774,3
garch_t,1,1080,chronos_bolt,,,,,1
garch_t,1,1080,chronos_2,,,,,34
garch_t,1,1097,chronos_base,50.0,2.0,0.020077168941497803,0.010038554668426514,3
garch_t,1,1097,chronos_bolt,,,,,1
garch_t,1,1097,chronos_2,,,,,34
garch_t,1,1114,chronos_base,50.0,2.0,0.021663308143615723,0.010831654071807861,3
garch_t,1,1114,chronos_bolt,,,,,1
garch_t,1,1114,chronos_2,,,,,34
garch_t,1,1130,chronos_base,50.0,2.0,0.01081797480583191,0.010817945003509521,3
garch_t,1,1130,chronos_bolt,,,,,1
garch_t,1,1130,chronos_2,,,,,34
garch_t,1,1147,chronos_base,50.0,2.0,0.01092366874217987,0.01092366874217987,3
garch_t,1,1147,chronos_bolt,,,,,1
garch_t,1,1147,chronos_2,,,,,34
garch_t,1,1164,chronos_base,50.0,2.0,0.03253494203090668,0.010844945907592773,3
garch_t,1,1164,chronos_bolt,,,,,1
garch_t,1,1164,chronos_2,,,,,34
garch_t,1,1181,chronos_base,50.0,2.0,0.06552016735076904,0.010920017957687378,3
garch_t,1,1181,chronos_bolt,,,,,1
garch_t,1,1181,chronos_2,,,,,34
garch_t,1,1197,chronos_base,50.0,2.0,0.06405949592590332,0.010676562786102295,3
garch_t,1,1197,chronos_bolt,,,,,1
garch_t,1,1197,chronos_2,,,,,34
garch_t,1,1214,chronos_base,50.0,2.0,0.021185457706451416,0.010592713952064514,3
garch_t,1,1214,chronos_bolt,,,,,1
garch_t,1,1214,chronos_2,,,,,34
garch_t,1,1231,chronos_base,50.0,2.0,0.010478198528289795,0.010478168725967407,3
garch_t,1,1231,chronos_bolt,,,,,1
garch_t,1,1231,chronos_2,,,,,34
garch_t,1,1248,chronos_base,50.0,3.0,0.010481983423233032,0.010481953620910645,3
garch_t,1,1248,chronos_bolt,,,,,1
garch_t,1,1248,chronos_2,,,,,34
garch_t,1,1264,chronos_base,50.0,2.0,0.0104769766330719,0.010476946830749512,3
garch_t,1,1264,chronos_bolt,,,,,1
garch_t,1,1264,chronos_2,,,,,34
garch_t,1,1281,chronos_base,50.0,2.0,0.11627846956253052,0.010570734739303589,3
garch_t,1,1281,chronos_bolt,,,,,1
garch_t,1,1281,chronos_2,,,,,34
garch_t,1,1298,chronos_base,50.0,2.0,0.010689005255699158,0.010688960552215576,3
garch_t,1,1298,chronos_bolt,,,,,1
garch_t,1,1298,chronos_2,,,,,34
garch_t,1,1314,chronos_base,50.0,2.0,0.01079249382019043,0.01079249382019043,3
garch_t,1,1314,chronos_bolt,,,,,1
garch_t,1,1314,chronos_2,,,,,34
garch_t,1,1331,chronos_base,50.0,3.0,0.03829285502433777,0.010940790176391602,3
garch_t,1,1331,chronos_bolt,,,,,1
garch_t,1,1331,chronos_2,,,,,34
garch_t,1,1348,chronos_base,50.0,2.0,0.010808318853378296,0.010808289051055908,3
garch_t,1,1348,chronos_bolt,,,,,1
garch_t,1,1348,chronos_2,,,,,34
garch_t,1,1365,chronos_base,50.0,2.0,0.07481436431407928,0.01068773865699768,3
garch_t,1,1365,chronos_bolt,,,,,1
garch_t,1,1365,chronos_2,,,,,34
garch_t,1,1381,chronos_base,50.0,2.0,0.021194428205490112,0.010597199201583862,3
garch_t,1,1381,chronos_bolt,,,,,1
garch_t,1,1381,chronos_2,,,,,34
garch_t,1,1398,chronos_base,50.0,2.0,0.010269463062286377,0.01026943325996399,3
garch_t,1,1398,chronos_bolt,,,,,1
garch_t,1,1398,chronos_2,,,,,34
garch_t,1,1415,chronos_base,50.0,2.0,0.01003032922744751,0.01003032922744751,3
garch_t,1,1415,chronos_bolt,,,,,1
garch_t,1,1415,chronos_2,,,,,34
garch_t,1,1432,chronos_base,50.0,2.0,0.009843319654464722,0.009843304753303528,3
garch_t,1,1432,chronos_bolt,,,,,1
garch_t,1,1432,chronos_2,,,,,34
garch_t,1,1448,chronos_base,50.0,2.0,0.009889870882034302,0.009889841079711914,3
garch_t,1,1448,chronos_bolt,,,,,1
garch_t,1,1448,chronos_2,,,,,34
garch_t,1,1465,chronos_base,50.0,2.0,0.01005709171295166,0.010057061910629272,3
garch_t,1,1465,chronos_bolt,,,,,1
garch_t,1,1465,chronos_2,,,,,34
garch_t,1,1482,chronos_base,50.0,2.0,0.010106593370437622,0.010106533765792847,3
garch_t,1,1482,chronos_bolt,,,,,1
garch_t,1,1482,chronos_2,,,,,34
garch_t,1,1499,chronos_base,50.0,2.0,0.010148316621780396,0.010148286819458008,3
garch_t,1,1499,chronos_bolt,,,,,1
garch_t,1,1499,chronos_2,,,,,34
garch_t,2,512,chronos_base,50.0,2.0,0.011517465114593506,0.011517465114593506,3
garch_t,2,512,chronos_bolt,,,,,1
garch_t,2,512,chronos_2,,,,,34
garch_t,2,528,chronos_base,50.0,2.0,0.011470913887023926,0.01147085428237915,3
garch_t,2,528,chronos_bolt,,,,,1
garch_t,2,528,chronos_2,,,,,34
garch_t,2,545,chronos_base,50.0,2.0,0.011516153812408447,0.011516064405441284,3
garch_t,2,545,chronos_bolt,,,,,1
garch_t,2,545,chronos_2,,,,,34
garch_t,2,562,chronos_base,50.0,3.0,0.03472188115119934,0.011573940515518188,3
garch_t,2,562,chronos_bolt,,,,,1
garch_t,2,562,chronos_2,,,,,34
garch_t,2,578,chronos_base,50.0,2.0,0.011496663093566895,0.01149660348892212,3
garch_t,2,578,chronos_bolt,,,,,1
garch_t,2,578,chronos_2,,,,,34
garch_t,2,595,chronos_base,50.0,1.0,,0.011233478784561157,3
garch_t,2,595,chronos_bolt,,,,,1
garch_t,2,595,chronos_2,,,,,34
garch_t,2,612,chronos_base,50.0,2.0,0.010872185230255127,0.01087215542793274,3
garch_t,2,612,chronos_bolt,,,,,1
garch_t,2,612,chronos_2,,,,,34
garch_t,2,629,chronos_base,50.0,2.0,0.02126491069793701,0.010632425546646118,3
garch_t,2,629,chronos_bolt,,,,,1
garch_t,2,629,chronos_2,,,,,34
garch_t,2,645,chronos_base,50.0,2.0,0.01068180799484253,0.010681748390197754,3
garch_t,2,645,chronos_bolt,,,,,1
garch_t,2,645,chronos_2,,,,,34
garch_t,2,662,chronos_base,50.0,2.0,0.06459009647369385,0.010764986276626587,3
garch_t,2,662,chronos_bolt,,,,,1
garch_t,2,662,chronos_2,,,,,34
garch_t,2,679,chronos_base,50.0,2.0,0.01074308156967163,0.01074308156967163,3
garch_t,2,679,chronos_bolt,,,,,1
garch_t,2,679,chronos_2,,,,,34
garch_t,2,696,chronos_base,50.0,2.0,0.020650416612625122,0.010325193405151367,3
garch_t,2,696,chronos_bolt,,,,,1
garch_t,2,696,chronos_2,,,,,34
garch_t,2,712,chronos_base,50.0,2.0,0.010240435600280762,0.010240405797958374,3
garch_t,2,712,chronos_bolt,,,,,1
garch_t,2,712,chronos_2,,,,,34
garch_t,2,729,chronos_base,50.0,2.0,0.058867305517196655,0.009811192750930786,3
garch_t,2,729,chronos_bolt,,,,,1
garch_t,2,729,chronos_2,,,,,34
garch_t,2,746,chronos_base,50.0,1.0,,0.009020864963531494,3
garch_t,2,746,chronos_bolt,,,,,1
garch_t,2,746,chronos_2,,,,,34
garch_t,2,762,chronos_base,50.0,2.0,0.016872644424438477,0.00843629240989685,3
garch_t,2,762,chronos_bolt,,,,,1
garch_t,2,762,chronos_2,,,,,34
garch_t,2,779,chronos_base,50.0,2.0,0.00817650556564331,0.00817650556564331,3
garch_t,2,779,chronos_bolt,,,,,1
garch_t,2,779,chronos_2,,,,,34
garch_t,2,796,chronos_base,50.0,2.0,0.00813552737236023,0.008135497570037842,3
garch_t,2,796,chronos_bolt,,,,,1
garch_t,2,796,chronos_2,,,,,34
garch_t,2,813,chronos_base,50.0,3.0,0.164677232503891,0.00844496488571167,3
garch_t,2,813,chronos_bolt,,,,,1
garch_t,2,813,chronos_2,,,,,34
garch_t,2,829,chronos_base,50.0,2.0,0.01723882555961609,0.00861939787864685,3
garch_t,2,829,chronos_bolt,,,,,1
garch_t,2,829,chronos_2,,,,,34
garch_t,2,846,chronos_base,50.0,2.0,0.29586599860340357,0.009245753288269043,3
garch_t,2,846,chronos_bolt,,,,,1
garch_t,2,846,chronos_2,,,,,34
garch_t,2,863,chronos_base,50.0,2.0,0.009841740131378174,0.009841740131378174,3
garch_t,2,863,chronos_bolt,,,,,1
garch_t,2,863,chronos_2,,,,,34
garch_t,2,880,chronos_base,50.0,2.0,0.021436721086502075,0.010718345642089844,3
garch_t,2,880,chronos_bolt,,,,,1
garch_t,2,880,chronos_2,,,,,34
garch_t,2,896,chronos_base,50.0,2.0,0.01077800989151001,0.010777950286865234,3
garch_t,2,896,chronos_bolt,,,,,1
garch_t,2,896,chronos_2,,,,,34
garch_t,2,913,chronos_base,50.0,2.0,0.022169142961502075,0.011084556579589844,3
garch_t,2,913,chronos_bolt,,,,,1
garch_t,2,913,chronos_2,,,,,34
garch_t,2,930,chronos_base,50.0,3.0,0.045562952756881714,0.01139068603515625,3
garch_t,2,930,chronos_bolt,,,,,1
garch_t,2,930,chronos_2,,,,,34
garch_t,2,946,chronos_base,50.0,3.0,0.01703236997127533,0.011354893445968628,3
garch_t,2,946,chronos_bolt,,,,,1
garch_t,2,946,chronos_2,,,,,34
garch_t,2,963,chronos_base,50.0,2.0,0.011522829532623291,0.011522740125656128,3
garch_t,2,963,chronos_bolt,,,,,1
garch_t,2,963,chronos_2,,,,,34
garch_t,2,980,chronos_base,50.0,2.0,0.03505522012710571,0.011685013771057129,3
garch_t,2,980,chronos_bolt,,,,,1
garch_t,2,980,chronos_2,,,,,34
garch_t,2,997,chronos_base,50.0,2.0,0.05920153856277466,0.011840283870697021,3
garch_t,2,997,chronos_bolt,,,,,1
garch_t,2,997,chronos_2,,,,,34
garch_t,2,1013,chronos_base,50.0,2.0,0.012527018785476685,0.012527018785476685,3
garch_t,2,1013,chronos_bolt,,,,,1
garch_t,2,1013,chronos_2,,,,,34
garch_t,2,1030,chronos_base,50.0,2.0,0.06746524572372437,0.01349303126335144,3
garch_t,2,1030,chronos_bolt,,,,,1
garch_t,2,1030,chronos_2,,,,,34
garch_t,2,1047,chronos_base,50.0,2.0,0.11689698696136475,0.014612078666687012,3
garch_t,2,1047,chronos_bolt,,,,,1
garch_t,2,1047,chronos_2,,,,,34
garch_t,2,1064,chronos_base,50.0,3.0,0.030379652976989746,0.015189796686172485,3
garch_t,2,1064,chronos_bolt,,,,,1
garch_t,2,1064,chronos_2,,,,,34
garch_t,2,1080,chronos_base,50.0,2.0,0.01585465669631958,0.01585453748703003,3
garch_t,2,1080,chronos_bolt,,,,,1
garch_t,2,1080,chronos_2,,,,,34
garch_t,2,1097,chronos_base,50.0,2.0,0.12995025515556335,0.01624375581741333,3
garch_t,2,1097,chronos_bolt,,,,,1
garch_t,2,1097,chronos_2,,,,,34
garch_t,2,1114,chronos_base,50.0,1.0,,0.01664912700653076,3
garch_t,2,1114,chronos_bolt,,,,,1
garch_t,2,1114,chronos_2,,,,,34
garch_t,2,1130,chronos_base,50.0,2.0,0.016604602336883545,0.016604572534561157,3
garch_t,2,1130,chronos_bolt,,,,,1
garch_t,2,1130,chronos_2,,,,,34
garch_t,2,1147,chronos_base,50.0,2.0,0.03333213925361633,0.016666054725646973,3
garch_t,2,1147,chronos_bolt,,,,,1
garch_t,2,1147,chronos_2,,,,,34
garch_t,2,1164,chronos_base,50.0,2.0,0.016652405261993408,0.016652345657348633,3
garch_t,2,1164,chronos_bolt,,,,,1
garch_t,2,1164,chronos_2,,,,,34
garch_t,2,1181,chronos_base,50.0,3.0,0.058068811893463135,0.01659107208251953,3
garch_t,2,1181,chronos_bolt,,,,,1
garch_t,2,1181,chronos_2,,,,,34
garch_t,2,1197,chronos_base,50.0,2.0,0.03323042392730713,0.016615182161331177,3
garch_t,2,1197,chronos_bolt,,,,,1
garch_t,2,1197,chronos_2,,,,,34
garch_t,2,1214,chronos_base,50.0,2.0,0.016746044158935547,0.01674598455429077,3
garch_t,2,1214,chronos_bolt,,,,,1
garch_t,2,1214,chronos_2,,,,,34
garch_t,2,1231,chronos_base,50.0,2.0,0.03377389907836914,0.016886919736862183,3
garch_t,2,1231,chronos_bolt,,,,,1
garch_t,2,1231,chronos_2,,,,,34
garch_t,2,1248,chronos_base,50.0,3.0,0.09364365041255951,0.01702609658241272,3
garch_t,2,1248,chronos_bolt,,,,,1
garch_t,2,1248,chronos_2,,,,,34
garch_t,2,1264,chronos_base,50.0,2.0,0.016998708248138428,0.016998648643493652,3
garch_t,2,1264,chronos_bolt,,,,,1
garch_t,2,1264,chronos_2,,,,,34
garch_t,2,1281,chronos_base,50.0,2.0,0.016930073499679565,0.01693001389503479,3
garch_t,2,1281,chronos_bolt,,,,,1
garch_t,2,1281,chronos_2,,,,,34
garch_t,2,1298,chronos_base,50.0,2.0,0.01681063324213028,0.016810595989227295,3
garch_t,2,1298,chronos_bolt,,,,,1
garch_t,2,1298,chronos_2,,,,,34
garch_t,2,1314,chronos_base,50.0,2.0,0.01656217873096466,0.01656210422515869,3
garch_t,2,1314,chronos_bolt,,,,,1
garch_t,2,1314,chronos_2,,,,,34
garch_t,2,1331,chronos_base,50.0,3.0,0.032399967312812805,0.016199946403503418,3
garch_t,2,1331,chronos_bolt,,,,,1
garch_t,2,1331,chronos_2,,,,,34
garch_t,2,1348,chronos_base,50.0,2.0,0.015813156962394714,0.015813112258911133,3
garch_t,2,1348,chronos_bolt,,,,,1
garch_t,2,1348,chronos_2,,,,,34
garch_t,2,1365,chronos_base,50.0,2.0,0.015099793672561646,0.015099763870239258,3
garch_t,2,1365,chronos_bolt,,,,,1
garch_t,2,1365,chronos_2,,,,,34
garch_t,2,1381,chronos_base,50.0,2.0,0.028664201498031616,0.014332056045532227,3
garch_t,2,1381,chronos_bolt,,,,,1
garch_t,2,1381,chronos_2,,,,,34
garch_t,2,1398,chronos_base,50.0,2.0,0.013747751712799072,0.013747692108154297,3
garch_t,2,1398,chronos_bolt,,,,,1
garch_t,2,1398,chronos_2,,,,,34
garch_t,2,1415,chronos_base,50.0,3.0,0.01361730694770813,0.013617277145385742,3
garch_t,2,1415,chronos_bolt,,,,,1
garch_t,2,1415,chronos_2,,,,,34
garch_t,2,1432,chronos_base,50.0,2.0,0.013213425874710083,0.013213425874710083,3
garch_t,2,1432,chronos_bolt,,,,,1
garch_t,2,1432,chronos_2,,,,,34
garch_t,2,1448,chronos_base,50.0,2.0,0.013015061616897583,0.013015061616897583,3
garch_t,2,1448,chronos_bolt,,,,,1
garch_t,2,1448,chronos_2,,,,,34
garch_t,2,1465,chronos_base,50.0,2.0,0.052402377128601074,0.01310056447982788,3
garch_t,2,1465,chronos_bolt,,,,,1
garch_t,2,1465,chronos_2,,,,,34
garch_t,2,1482,chronos_base,50.0,2.0,0.01319536566734314,0.01319536566734314,3
garch_t,2,1482,chronos_bolt,,,,,1
garch_t,2,1482,chronos_2,,,,,34
garch_t,2,1499,chronos_base,50.0,2.0,0.026416927576065063,0.013208389282226562,3
garch_t,2,1499,chronos_bolt,,,,,1
garch_t,2,1499,chronos_2,,,,,34
garch_t,3,512,chronos_base,50.0,2.0,0.048382461071014404,0.009676456451416016,3
garch_t,3,512,chronos_bolt,,,,,1
garch_t,3,512,chronos_2,,,,,34
garch_t,3,528,chronos_base,50.0,1.0,,0.009737581014633179,3
garch_t,3,528,chronos_bolt,,,,,1
garch_t,3,528,chronos_2,,,,,34
garch_t,3,545,chronos_base,50.0,2.0,0.04990100860595703,0.009980171918869019,3
garch_t,3,545,chronos_bolt,,,,,1
garch_t,3,545,chronos_2,,,,,34
garch_t,3,562,chronos_base,50.0,2.0,0.020212650299072266,0.010106325149536133,3
garch_t,3,562,chronos_bolt,,,,,1
garch_t,3,562,chronos_2,,,,,34
garch_t,3,578,chronos_base,50.0,2.0,0.01992213726043701,0.009961038827896118,3
garch_t,3,578,chronos_bolt,,,,,1
garch_t,3,578,chronos_2,,,,,34
garch_t,3,595,chronos_base,50.0,2.0,0.009992778301239014,0.009992748498916626,3
garch_t,3,595,chronos_bolt,,,,,1
garch_t,3,595,chronos_2,,,,,34
garch_t,3,612,chronos_base,50.0,2.0,0.020019561052322388,0.010009735822677612,3
garch_t,3,612,chronos_bolt,,,,,1
garch_t,3,612,chronos_2,,,,,34
garch_t,3,629,chronos_base,50.0,2.0,0.040904700756073,0.010226130485534668,3
garch_t,3,629,chronos_bolt,,,,,1
garch_t,3,629,chronos_2,,,,,34
garch_t,3,645,chronos_base,50.0,2.0,0.01019984483718872,0.010199785232543945,3
garch_t,3,645,chronos_bolt,,,,,1
garch_t,3,645,chronos_2,,,,,34
garch_t,3,662,chronos_base,50.0,2.0,0.08167499303817749,0.010209351778030396,3
garch_t,3,662,chronos_bolt,,,,,1
garch_t,3,662,chronos_2,,,,,34
garch_t,3,679,chronos_base,50.0,2.0,0.020511001348495483,0.01025545597076416,3
garch_t,3,679,chronos_bolt,,,,,1
garch_t,3,679,chronos_2,,,,,34
garch_t,3,696,chronos_base,50.0,3.0,0.01020437479019165,0.010204315185546875,3
garch_t,3,696,chronos_bolt,,,,,1
garch_t,3,696,chronos_2,,,,,34
garch_t,3,712,chronos_base,50.0,2.0,0.030113577842712402,0.010037839412689209,3
garch_t,3,712,chronos_bolt,,,,,1
garch_t,3,712,chronos_2,,,,,34
garch_t,3,729,chronos_base,50.0,2.0,0.009870290756225586,0.009870290756225586,3
garch_t,3,729,chronos_bolt,,,,,1
garch_t,3,729,chronos_2,,,,,34
garch_t,3,746,chronos_base,50.0,3.0,0.01460343599319458,0.00973561406135559,3
garch_t,3,746,chronos_bolt,,,,,1
garch_t,3,746,chronos_2,,,,,34
garch_t,3,762,chronos_base,50.0,2.0,0.009630292654037476,0.009630247950553894,3
garch_t,3,762,chronos_bolt,,,,,1
garch_t,3,762,chronos_2,,,,,34
garch_t,3,779,chronos_base,50.0,2.0,0.019046783447265625,0.009523376822471619,3
garch_t,3,779,chronos_bolt,,,,,1
garch_t,3,779,chronos_2,,,,,34
garch_t,3,796,chronos_base,50.0,2.0,0.009313195943832397,0.00931316614151001,3
garch_t,3,796,chronos_bolt,,,,,1
garch_t,3,796,chronos_2,,,,,34
garch_t,3,813,chronos_base,50.0,2.0,0.018080204725265503,0.00904005765914917,3
garch_t,3,813,chronos_bolt,,,,,1
garch_t,3,813,chronos_2,,,,,34
garch_t,3,829,chronos_base,50.0,2.0,0.008896686136722565,0.00889664888381958,3
garch_t,3,829,chronos_bolt,,,,,1
garch_t,3,829,chronos_2,,,,,34
garch_t,3,846,chronos_base,50.0,3.0,0.017399683594703674,0.008699819445610046,3
garch_t,3,846,chronos_bolt,,,,,1
garch_t,3,846,chronos_2,,,,,34
garch_t,3,863,chronos_base,50.0,2.0,0.00848361849784851,0.008483588695526123,3
garch_t,3,863,chronos_bolt,,,,,1
garch_t,3,863,chronos_2,,,,,34
garch_t,3,880,chronos_base,50.0,2.0,0.008469253778457642,0.008469223976135254,3
garch_t,3,880,chronos_bolt,,,,,1
garch_t,3,880,chronos_2,,,,,34
garch_t,3,896,chronos_base,50.0,1.0,,0.008513867855072021,3
garch_t,3,896,chronos_bolt,,,,,1
garch_t,3,896,chronos_2,,,,,34
garch_t,3,913,chronos_base,50.0,2.0,0.008873999118804932,0.008873939514160156,3
garch_t,3,913,chronos_bolt,,,,,1
garch_t,3,913,chronos_2,,,,,34
garch_t,3,930,chronos_base,50.0,2.0,0.05362573266029358,0.008937597274780273,3
garch_t,3,930,chronos_bolt,,,,,1
garch_t,3,930,chronos_2,,,,,34
garch_t,3,946,chronos_base,50.0,2.0,0.01764500141143799,0.008822500705718994,3
garch_t,3,946,chronos_bolt,,,,,1
garch_t,3,946,chronos_2,,,,,34
garch_t,3,963,chronos_base,50.0,2.0,0.017942339181900024,0.008971154689788818,3
garch_t,3,963,chronos_bolt,,,,,1
garch_t,3,963,chronos_2,,,,,34
garch_t,3,980,chronos_base,50.0,2.0,0.05366368219256401,0.008943915367126465,3
garch_t,3,980,chronos_bolt,,,,,1
garch_t,3,980,chronos_2,,,,,34
garch_t,3,997,chronos_base,50.0,2.0,0.009162366390228271,0.009162306785583496,3
garch_t,3,997,chronos_bolt,,,,,1
garch_t,3,997,chronos_2,,,,,34
garch_t,3,1013,chronos_base,50.0,2.0,0.07566586136817932,0.009458214044570923,3
garch_t,3,1013,chronos_bolt,,,,,1
garch_t,3,1013,chronos_2,,,,,34
garch_t,3,1030,chronos_base,50.0,2.0,0.03039875626564026,0.010132908821105957,3
garch_t,3,1030,chronos_bolt,,,,,1
garch_t,3,1030,chronos_2,,,,,34
garch_t,3,1047,chronos_base,50.0,2.0,0.020840883255004883,0.010420426726341248,3
garch_t,3,1047,chronos_bolt,,,,,1
garch_t,3,1047,chronos_2,,,,,34
garch_t,3,1064,chronos_base,50.0,2.0,0.020893335342407227,0.010446637868881226,3
garch_t,3,1064,chronos_bolt,,,,,1
garch_t,3,1064,chronos_2,,,,,34
garch_t,3,1080,chronos_base,50.0,2.0,0.04272332787513733,0.010680824518203735,3
garch_t,3,1080,chronos_bolt,,,,,1
garch_t,3,1080,chronos_2,,,,,34
garch_t,3,1097,chronos_base,50.0,2.0,0.011204153299331665,0.011204153299331665,3
garch_t,3,1097,chronos_bolt,,,,,1
garch_t,3,1097,chronos_2,,,,,34
garch_t,3,1114,chronos_base,50.0,2.0,0.01134413480758667,0.01134413480758667,3
garch_t,3,1114,chronos_bolt,,,,,1
garch_t,3,1114,chronos_2,,,,,34
garch_t,3,1130,chronos_base,50.0,2.0,0.07856154441833496,0.011223047971725464,3
garch_t,3,1130,chronos_bolt,,,,,1
garch_t,3,1130,chronos_2,,,,,34
garch_t,3,1147,chronos_base,50.0,2.0,0.011291980743408203,0.011291950941085815,3
garch_t,3,1147,chronos_bolt,,,,,1
garch_t,3,1147,chronos_2,,,,,34
garch_t,3,1164,chronos_base,50.0,2.0,0.034409940242767334,0.011469990015029907,3
garch_t,3,1164,chronos_bolt,,,,,1
garch_t,3,1164,chronos_2,,,,,34
garch_t,3,1181,chronos_base,50.0,2.0,0.04736433923244476,0.011841058731079102,3
garch_t,3,1181,chronos_bolt,,,,,1
garch_t,3,1181,chronos_2,,,,,34
garch_t,3,1197,chronos_base,50.0,3.0,0.14550545811653137,0.01212543249130249,3
garch_t,3,1197,chronos_bolt,,,,,1
garch_t,3,1197,chronos_2,,,,,34
garch_t,3,1214,chronos_base,50.0,3.0,0.018086135387420654,0.012057363986968994,3
garch_t,3,1214,chronos_bolt,,,,,1
garch_t,3,1214,chronos_2,,,,,34
garch_t,3,1231,chronos_base,50.0,3.0,0.01209309697151184,0.01209309697151184,3
garch_t,3,1231,chronos_bolt,,,,,1
garch_t,3,1231,chronos_2,,,,,34
garch_t,3,1248,chronos_base,50.0,2.0,0.012059032917022705,0.01205897331237793,3
garch_t,3,1248,chronos_bolt,,,,,1
garch_t,3,1248,chronos_2,,,,,34
garch_t,3,1264,chronos_base,50.0,2.0,0.011986911296844482,0.011986851692199707,3
garch_t,3,1264,chronos_bolt,,,,,1
garch_t,3,1264,chronos_2,,,,,34
garch_t,3,1281,chronos_base,50.0,2.0,0.011939823627471924,0.011939823627471924,3
garch_t,3,1281,chronos_bolt,,,,,1
garch_t,3,1281,chronos_2,,,,,34
garch_t,3,1298,chronos_base,50.0,2.0,0.1434580236673355,0.011954784393310547,3
garch_t,3,1298,chronos_bolt,,,,,1
garch_t,3,1298,chronos_2,,,,,34
garch_t,3,1314,chronos_base,50.0,2.0,0.011990964412689209,0.011990949511528015,3
garch_t,3,1314,chronos_bolt,,,,,1
garch_t,3,1314,chronos_2,,,,,34
garch_t,3,1331,chronos_base,50.0,2.0,0.012099921703338623,0.012099802494049072,3
garch_t,3,1331,chronos_bolt,,,,,1
garch_t,3,1331,chronos_2,,,,,34
garch_t,3,1348,chronos_base,50.0,2.0,0.02408449351787567,0.012042224407196045,3
garch_t,3,1348,chronos_bolt,,,,,1
garch_t,3,1348,chronos_2,,,,,34
garch_t,3,1365,chronos_base,50.0,3.0,0.01801362633705139,0.01200905442237854,3
garch_t,3,1365,chronos_bolt,,,,,1
garch_t,3,1365,chronos_2,,,,,34
garch_t,3,1381,chronos_base,50.0,3.0,0.012051433324813843,0.012051403522491455,3
garch_t,3,1381,chronos_bolt,,,,,1
garch_t,3,1381,chronos_2,,,,,34
garch_t,3,1398,chronos_base,50.0,2.0,0.02404230833053589,0.012021154165267944,3
garch_t,3,1398,chronos_bolt,,,,,1
garch_t,3,1398,chronos_2,,,,,34
garch_t,3,1415,chronos_base,50.0,2.0,0.01178690791130066,0.011786863207817078,3
garch_t,3,1415,chronos_bolt,,,,,1
garch_t,3,1415,chronos_2,,,,,34
garch_t,3,1432,chronos_base,50.0,2.0,0.023290187120437622,0.011645078659057617,3
garch_t,3,1432,chronos_bolt,,,,,1
garch_t,3,1432,chronos_2,,,,,34
garch_t,3,1448,chronos_base,50.0,2.0,0.011820673942565918,0.011820673942565918,3
garch_t,3,1448,chronos_bolt,,,,,1
garch_t,3,1448,chronos_2,,,,,34
garch_t,3,1465,chronos_base,50.0,2.0,0.011756449937820435,0.011756420135498047,3
garch_t,3,1465,chronos_bolt,,,,,1
garch_t,3,1465,chronos_2,,,,,34
garch_t,3,1482,chronos_base,50.0,2.0,0.0237484872341156,0.0118742436170578,3
garch_t,3,1482,chronos_bolt,,,,,1
garch_t,3,1482,chronos_2,,,,,34
garch_t,3,1499,chronos_base,50.0,2.0,0.02413693070411682,0.012068450450897217,3
garch_t,3,1499,chronos_bolt,,,,,1
garch_t,3,1499,chronos_2,,,,,34
garch_t,4,512,chronos_base,50.0,2.0,0.01883167028427124,0.00941583514213562,3
garch_t,4,512,chronos_bolt,,,,,1
garch_t,4,512,chronos_2,,,,,34
garch_t,4,528,chronos_base,50.0,2.0,0.018861442804336548,0.009430676698684692,3
garch_t,4,528,chronos_bolt,,,,,1
garch_t,4,528,chronos_2,,,,,34
garch_t,4,545,chronos_base,50.0,3.0,0.014172911643981934,0.009448587894439697,3
garch_t,4,545,chronos_bolt,,,,,1
garch_t,4,545,chronos_2,,,,,34
garch_t,4,562,chronos_base,50.0,2.0,0.018990397453308105,0.009495183825492859,3
garch_t,4,562,chronos_bolt,,,,,1
garch_t,4,562,chronos_2,,,,,34
garch_t,4,578,chronos_base,50.0,2.0,0.06735682487487793,0.009622395038604736,3
garch_t,4,578,chronos_bolt,,,,,1
garch_t,4,578,chronos_2,,,,,34
garch_t,4,595,chronos_base,50.0,2.0,0.0193653404712677,0.009682655334472656,3
garch_t,4,595,chronos_bolt,,,,,1
garch_t,4,595,chronos_2,,,,,34
garch_t,4,612,chronos_base,50.0,1.0,,0.009700149297714233,3
garch_t,4,612,chronos_bolt,,,,,1
garch_t,4,612,chronos_2,,,,,34
garch_t,4,629,chronos_base,50.0,3.0,0.043338626623153687,0.009630799293518066,3
garch_t,4,629,chronos_bolt,,,,,1
garch_t,4,629,chronos_2,,,,,34
garch_t,4,645,chronos_base,50.0,2.0,0.009602129459381104,0.009602069854736328,3
garch_t,4,645,chronos_bolt,,,,,1
garch_t,4,645,chronos_2,,,,,34
garch_t,4,662,chronos_base,50.0,2.0,0.08623218350112438,0.009581327438354492,3
garch_t,4,662,chronos_bolt,,,,,1
garch_t,4,662,chronos_2,,,,,34
garch_t,4,679,chronos_base,50.0,2.0,0.056727200746536255,0.009454518556594849,3
garch_t,4,679,chronos_bolt,,,,,1
garch_t,4,679,chronos_2,,,,,34
garch_t,4,696,chronos_base,50.0,2.0,0.018545299768447876,0.009272634983062744,3
garch_t,4,696,chronos_bolt,,,,,1
garch_t,4,696,chronos_2,,,,,34
garch_t,4,712,chronos_base,50.0,2.0,0.017766624689102173,0.008883297443389893,3
garch_t,4,712,chronos_bolt,,,,,1
garch_t,4,712,chronos_2,,,,,34
garch_t,4,729,chronos_base,50.0,2.0,0.017270326614379883,0.008635133504867554,3
garch_t,4,729,chronos_bolt,,,,,1
garch_t,4,729,chronos_2,,,,,34
garch_t,4,746,chronos_base,50.0,2.0,0.008709341287612915,0.008709341287612915,3
garch_t,4,746,chronos_bolt,,,,,1
garch_t,4,746,chronos_2,,,,,34
garch_t,4,762,chronos_base,50.0,2.0,0.01767835021018982,0.008839160203933716,3
garch_t,4,762,chronos_bolt,,,,,1
garch_t,4,762,chronos_2,,,,,34
garch_t,4,779,chronos_base,50.0,1.0,,0.009234815835952759,3
garch_t,4,779,chronos_bolt,,,,,1
garch_t,4,779,chronos_2,,,,,34
garch_t,4,796,chronos_base,50.0,2.0,0.018423020839691162,0.009211480617523193,3
garch_t,4,796,chronos_bolt,,,,,1
garch_t,4,796,chronos_2,,,,,34
garch_t,4,813,chronos_base,50.0,2.0,0.018073201179504395,0.00903657078742981,3
garch_t,4,813,chronos_bolt,,,,,1
garch_t,4,813,chronos_2,,,,,34
garch_t,4,829,chronos_base,50.0,2.0,0.0438217930495739,0.008764326572418213,3
garch_t,4,829,chronos_bolt,,,,,1
garch_t,4,829,chronos_2,,,,,34
garch_t,4,846,chronos_base,50.0,2.0,0.008436024188995361,0.008435994386672974,3
garch_t,4,846,chronos_bolt,,,,,1
garch_t,4,846,chronos_2,,,,,34
garch_t,4,863,chronos_base,50.0,2.0,0.01745891571044922,0.008729428052902222,3
garch_t,4,863,chronos_bolt,,,,,1
garch_t,4,863,chronos_2,,,,,34
garch_t,4,880,chronos_base,50.0,2.0,0.008893489837646484,0.008893430233001709,3
garch_t,4,880,chronos_bolt,,,,,1
garch_t,4,880,chronos_2,,,,,34
garch_t,4,896,chronos_base,50.0,3.0,0.008966192603111267,0.008966147899627686,3
garch_t,4,896,chronos_bolt,,,,,1
garch_t,4,896,chronos_2,,,,,34
garch_t,4,913,chronos_base,50.0,2.0,0.017987430095672607,0.008993685245513916,3
garch_t,4,913,chronos_bolt,,,,,1
garch_t,4,913,chronos_2,,,,,34
garch_t,4,930,chronos_base,50.0,2.0,0.00904862955212593,0.009048610925674438,3
garch_t,4,930,chronos_bolt,,,,,1
garch_t,4,930,chronos_2,,,,,34
garch_t,4,946,chronos_base,50.0,2.0,0.009063124656677246,0.009063094854354858,3
garch_t,4,946,chronos_bolt,,,,,1
garch_t,4,946,chronos_2,,,,,34
garch_t,4,963,chronos_base,50.0,2.0,0.01818615198135376,0.009093046188354492,3
garch_t,4,963,chronos_bolt,,,,,1
garch_t,4,963,chronos_2,,,,,34
garch_t,4,980,chronos_base,50.0,2.0,0.018433749675750732,0.009216859936714172,3
garch_t,4,980,chronos_bolt,,,,,1
garch_t,4,980,chronos_2,,,,,34
garch_t,4,997,chronos_base,50.0,2.0,0.018566370010375977,0.0092831552028656,3
garch_t,4,997,chronos_bolt,,,,,1
garch_t,4,997,chronos_2,,,,,34
garch_t,4,1013,chronos_base,50.0,3.0,0.009307920932769775,0.009307891130447388,3
garch_t,4,1013,chronos_bolt,,,,,1
garch_t,4,1013,chronos_2,,,,,34
garch_t,4,1030,chronos_base,50.0,2.0,0.009420067071914673,0.009420037269592285,3
garch_t,4,1030,chronos_bolt,,,,,1
garch_t,4,1030,chronos_2,,,,,34
garch_t,4,1047,chronos_base,50.0,2.0,0.009428024291992188,0.0094279944896698,3
garch_t,4,1047,chronos_bolt,,,,,1
garch_t,4,1047,chronos_2,,,,,34
garch_t,4,1064,chronos_base,50.0,2.0,0.01864108443260193,0.00932052731513977,3
garch_t,4,1064,chronos_bolt,,,,,1
garch_t,4,1064,chronos_2,,,,,34
garch_t,4,1080,chronos_base,50.0,2.0,0.01858040690422058,0.009290158748626709,3
garch_t,4,1080,chronos_bolt,,,,,1
garch_t,4,1080,chronos_2,,,,,34
garch_t,4,1097,chronos_base,50.0,1.0,,0.00909307599067688,3
garch_t,4,1097,chronos_bolt,,,,,1
garch_t,4,1097,chronos_2,,,,,34
garch_t,4,1114,chronos_base,50.0,2.0,0.008969902992248535,0.008969873189926147,3
garch_t,4,1114,chronos_bolt,,,,,1
garch_t,4,1114,chronos_2,,,,,34
garch_t,4,1130,chronos_base,50.0,2.0,0.018011391162872314,0.00900566577911377,3
garch_t,4,1130,chronos_bolt,,,,,1
garch_t,4,1130,chronos_2,,,,,34
garch_t,4,1147,chronos_base,50.0,2.0,0.01822453737258911,0.009112238883972168,3
garch_t,4,1147,chronos_bolt,,,,,1
garch_t,4,1147,chronos_2,,,,,34
garch_t,4,1164,chronos_base,50.0,2.0,0.018421083688735962,0.009210541844367981,3
garch_t,4,1164,chronos_bolt,,,,,1
garch_t,4,1164,chronos_2,,,,,34
garch_t,4,1181,chronos_base,50.0,2.0,0.018685460090637207,0.00934271514415741,3
garch_t,4,1181,chronos_bolt,,,,,1
garch_t,4,1181,chronos_2,,,,,34
garch_t,4,1197,chronos_base,50.0,3.0,0.018995285034179688,0.00949762761592865,3
garch_t,4,1197,chronos_bolt,,,,,1
garch_t,4,1197,chronos_2,,,,,34
garch_t,4,1214,chronos_base,50.0,2.0,0.057357579469680786,0.009559586644172668,3
garch_t,4,1214,chronos_bolt,,,,,1
garch_t,4,1214,chronos_2,,,,,34
garch_t,4,1231,chronos_base,50.0,3.0,0.014233067631721497,0.009488701820373535,3
garch_t,4,1231,chronos_bolt,,,,,1
garch_t,4,1231,chronos_2,,,,,34
garch_t,4,1248,chronos_base,50.0,2.0,0.009492814540863037,0.009492814540863037,3
garch_t,4,1248,chronos_bolt,,,,,1
garch_t,4,1248,chronos_2,,,,,34
garch_t,4,1264,chronos_base,50.0,2.0,0.009200900793075562,0.009200870990753174,3
garch_t,4,1264,chronos_bolt,,,,,1
garch_t,4,1264,chronos_2,,,,,34
garch_t,4,1281,chronos_base,50.0,2.0,0.008998408913612366,0.008998394012451172,3
garch_t,4,1281,chronos_bolt,,,,,1
garch_t,4,1281,chronos_2,,,,,34
garch_t,4,1298,chronos_base,50.0,2.0,0.017127126455307007,0.00856354832649231,3
garch_t,4,1298,chronos_bolt,,,,,1
garch_t,4,1298,chronos_2,,,,,34
garch_t,4,1314,chronos_base,50.0,2.0,0.008575379848480225,0.00857532024383545,3
garch_t,4,1314,chronos_bolt,,,,,1
garch_t,4,1314,chronos_2,,,,,34
garch_t,4,1331,chronos_base,50.0,2.0,0.033826351165771484,0.008456557989120483,3
garch_t,4,1331,chronos_bolt,,,,,1
garch_t,4,1331,chronos_2,,,,,34
garch_t,4,1348,chronos_base,50.0,2.0,0.12065070867538452,0.008617877960205078,3
garch_t,4,1348,chronos_bolt,,,,,1
garch_t,4,1348,chronos_2,,,,,34
garch_t,4,1365,chronos_base,50.0,2.0,0.008537232875823975,0.008537203073501587,3
garch_t,4,1365,chronos_bolt,,,,,1
garch_t,4,1365,chronos_2,,,,,34
garch_t,4,1381,chronos_base,50.0,3.0,0.012433171272277832,0.008288770914077759,3
garch_t,4,1381,chronos_bolt,,,,,1
garch_t,4,1381,chronos_2,,,,,34
garch_t,4,1398,chronos_base,50.0,2.0,0.08996212482452393,0.008178353309631348,3
garch_t,4,1398,chronos_bolt,,,,,1
garch_t,4,1398,chronos_2,,,,,34
garch_t,4,1415,chronos_base,50.0,3.0,0.032446444034576416,0.00811159610748291,3
garch_t,4,1415,chronos_bolt,,,,,1
garch_t,4,1415,chronos_2,,,,,34
garch_t,4,1432,chronos_base,50.0,2.0,0.00804862380027771,0.008048564195632935,3
garch_t,4,1432,chronos_bolt,,,,,1
garch_t,4,1432,chronos_2,,,,,34
garch_t,4,1448,chronos_base,50.0,2.0,0.008067935705184937,0.008067876100540161,3
garch_t,4,1448,chronos_bolt,,,,,1
garch_t,4,1448,chronos_2,,,,,34
garch_t,4,1465,chronos_base,50.0,2.0,0.008189231157302856,0.008189201354980469,3
garch_t,4,1465,chronos_bolt,,,,,1
garch_t,4,1465,chronos_2,,,,,34
garch_t,4,1482,chronos_base,50.0,3.0,0.008210524916648865,0.008210480213165283,3
garch_t,4,1482,chronos_bolt,,,,,1
garch_t,4,1482,chronos_2,,,,,34
garch_t,4,1499,chronos_base,50.0,3.0,0.008268177509307861,0.008268147706985474,3
garch_t,4,1499,chronos_bolt,,,,,1
garch_t,4,1499,chronos_2,,,,,34
garch_t,5,512,chronos_base,50.0,2.0,0.164137601852417,0.01492154598236084,3
garch_t,5,512,chronos_bolt,,,,,1
garch_t,5,512,chronos_2,,,,,34
garch_t,5,528,chronos_base,50.0,2.0,0.030115962028503418,0.015057981014251709,3
garch_t,5,528,chronos_bolt,,,,,1
garch_t,5,528,chronos_2,,,,,34
garch_t,5,545,chronos_base,50.0,2.0,0.031189799308776855,0.015594899654388428,3
garch_t,5,545,chronos_bolt,,,,,1
garch_t,5,545,chronos_2,,,,,34
garch_t,5,562,chronos_base,50.0,3.0,0.023661404848098755,0.015774250030517578,3
garch_t,5,562,chronos_bolt,,,,,1
garch_t,5,562,chronos_2,,,,,34
garch_t,5,578,chronos_base,50.0,2.0,0.015922904014587402,0.01592278480529785,3
garch_t,5,578,chronos_bolt,,,,,1
garch_t,5,578,chronos_2,,,,,34
garch_t,5,595,chronos_base,50.0,2.0,0.09771537780761719,0.016285836696624756,3
garch_t,5,595,chronos_bolt,,,,,1
garch_t,5,595,chronos_2,,,,,34
garch_t,5,612,chronos_base,50.0,2.0,0.033185213804244995,0.016592562198638916,3
garch_t,5,612,chronos_bolt,,,,,1
garch_t,5,612,chronos_2,,,,,34
garch_t,5,629,chronos_base,50.0,2.0,0.016549289226531982,0.01654917001724243,3
garch_t,5,629,chronos_bolt,,,,,1
garch_t,5,629,chronos_2,,,,,34
garch_t,5,645,chronos_base,50.0,2.0,0.032924532890319824,0.016462206840515137,3
garch_t,5,645,chronos_bolt,,,,,1
garch_t,5,645,chronos_2,,,,,34
garch_t,5,662,chronos_base,50.0,2.0,0.03273764252662659,0.0163688063621521,3
garch_t,5,662,chronos_bolt,,,,,1
garch_t,5,662,chronos_2,,,,,34
garch_t,5,679,chronos_base,50.0,2.0,0.04845905303955078,0.01615297794342041,3
garch_t,5,679,chronos_bolt,,,,,1
garch_t,5,679,chronos_2,,,,,34
garch_t,5,696,chronos_base,50.0,2.0,0.048336029052734375,0.01611199975013733,3
garch_t,5,696,chronos_bolt,,,,,1
garch_t,5,696,chronos_2,,,,,34
garch_t,5,712,chronos_base,50.0,2.0,0.01631873846054077,0.016318678855895996,3
garch_t,5,712,chronos_bolt,,,,,1
garch_t,5,712,chronos_2,,,,,34
garch_t,5,729,chronos_base,50.0,2.0,0.032558977603912354,0.01627945899963379,3
garch_t,5,729,chronos_bolt,,,,,1
garch_t,5,729,chronos_2,,,,,34
garch_t,5,746,chronos_base,50.0,2.0,0.2258051186800003,0.016128897666931152,3
garch_t,5,746,chronos_bolt,,,,,1
garch_t,5,746,chronos_2,,,,,34
garch_t,5,762,chronos_base,50.0,3.0,0.024040013551712036,0.016026616096496582,3
garch_t,5,762,chronos_bolt,,,,,1
garch_t,5,762,chronos_2,,,,,34
garch_t,5,779,chronos_base,50.0,3.0,0.01622822880744934,0.016228169202804565,3
garch_t,5,779,chronos_bolt,,,,,1
garch_t,5,779,chronos_2,,,,,34
garch_t,5,796,chronos_base,50.0,1.0,,0.015885353088378906,3
garch_t,5,796,chronos_bolt,,,,,1
garch_t,5,796,chronos_2,,,,,34
garch_t,5,813,chronos_base,50.0,2.0,0.015906870365142822,0.015906810760498047,3
garch_t,5,813,chronos_bolt,,,,,1
garch_t,5,813,chronos_2,,,,,34
garch_t,5,829,chronos_base,50.0,2.0,0.015893220901489258,0.015893220901489258,3
garch_t,5,829,chronos_bolt,,,,,1
garch_t,5,829,chronos_2,,,,,34
garch_t,5,846,chronos_base,50.0,2.0,0.030903279781341553,0.015451610088348389,3
garch_t,5,846,chronos_bolt,,,,,1
garch_t,5,846,chronos_2,,,,,34
garch_t,5,863,chronos_base,50.0,3.0,0.015138745307922363,0.015138685703277588,3
garch_t,5,863,chronos_bolt,,,,,1
garch_t,5,863,chronos_2,,,,,34
garch_t,5,880,chronos_base,50.0,3.0,0.09390072524547577,0.014446258544921875,3
garch_t,5,880,chronos_bolt,,,,,1
garch_t,5,880,chronos_2,,,,,34
garch_t,5,896,chronos_base,50.0,2.0,0.028401851654052734,0.014200910925865173,3
garch_t,5,896,chronos_bolt,,,,,1
garch_t,5,896,chronos_2,,,,,34
garch_t,5,913,chronos_base,50.0,3.0,0.04879990220069885,0.01394277811050415,3
garch_t,5,913,chronos_bolt,,,,,1
garch_t,5,913,chronos_2,,,,,34
garch_t,5,930,chronos_base,50.0,2.0,0.027064979076385498,0.013532489538192749,3
garch_t,5,930,chronos_bolt,,,,,1
garch_t,5,930,chronos_2,,,,,34
garch_t,5,946,chronos_base,50.0,2.0,0.013102829456329346,0.01310276985168457,3
garch_t,5,946,chronos_bolt,,,,,1
garch_t,5,946,chronos_2,,,,,34
garch_t,5,963,chronos_base,50.0,2.0,0.01269763708114624,0.012697577476501465,3
garch_t,5,963,chronos_bolt,,,,,1
garch_t,5,963,chronos_2,,,,,34
garch_t,5,980,chronos_base,50.0,2.0,0.0247078537940979,0.012353897094726562,3
garch_t,5,980,chronos_bolt,,,,,1
garch_t,5,980,chronos_2,,,,,34
garch_t,5,997,chronos_base,50.0,2.0,0.0120830237865448,0.012082993984222412,3
garch_t,5,997,chronos_bolt,,,,,1
garch_t,5,997,chronos_2,,,,,34
garch_t,5,1013,chronos_base,50.0,3.0,0.04595281183719635,0.011488169431686401,3
garch_t,5,1013,chronos_bolt,,,,,1
garch_t,5,1013,chronos_2,,,,,34
garch_t,5,1030,chronos_base,50.0,2.0,0.011220991611480713,0.011220932006835938,3
garch_t,5,1030,chronos_bolt,,,,,1
garch_t,5,1030,chronos_2,,,,,34
garch_t,5,1047,chronos_base,50.0,2.0,0.010906830430030823,0.010906815528869629,3
garch_t,5,1047,chronos_bolt,,,,,1
garch_t,5,1047,chronos_2,,,,,34
garch_t,5,1064,chronos_base,50.0,3.0,0.031437650322914124,0.010479182004928589,3
garch_t,5,1064,chronos_bolt,,,,,1
garch_t,5,1064,chronos_2,,,,,34
garch_t,5,1080,chronos_base,50.0,3.0,0.03227299451828003,0.010757654905319214,3
garch_t,5,1080,chronos_bolt,,,,,1
garch_t,5,1080,chronos_2,,,,,34
garch_t,5,1097,chronos_base,50.0,2.0,0.010779321193695068,0.01077929139137268,3
garch_t,5,1097,chronos_bolt,,,,,1
garch_t,5,1097,chronos_2,,,,,34
garch_t,5,1114,chronos_base,50.0,2.0,0.010502219200134277,0.010502159595489502,3
garch_t,5,1114,chronos_bolt,,,,,1
garch_t,5,1114,chronos_2,,,,,34
garch_t,5,1130,chronos_base,50.0,2.0,0.0722503662109375,0.010321468114852905,3
garch_t,5,1130,chronos_bolt,,,,,1
garch_t,5,1130,chronos_2,,,,,34
garch_t,5,1147,chronos_base,50.0,2.0,0.02034395933151245,0.010171979665756226,3
garch_t,5,1147,chronos_bolt,,,,,1
garch_t,5,1147,chronos_2,,,,,34
garch_t,5,1164,chronos_base,50.0,2.0,0.010097086429595947,0.01009705662727356,3
garch_t,5,1164,chronos_bolt,,,,,1
garch_t,5,1164,chronos_2,,,,,34
garch_t,5,1181,chronos_base,50.0,2.0,0.0706874430179596,0.010098189115524292,3
garch_t,5,1181,chronos_bolt,,,,,1
garch_t,5,1181,chronos_2,,,,,34
garch_t,5,1197,chronos_base,50.0,2.0,0.020138829946517944,0.010069414973258972,3
garch_t,5,1197,chronos_bolt,,,,,1
garch_t,5,1197,chronos_2,,,,,34
garch_t,5,1214,chronos_base,50.0,3.0,0.03530094027519226,0.010085970163345337,3
garch_t,5,1214,chronos_bolt,,,,,1
garch_t,5,1214,chronos_2,,,,,34
garch_t,5,1231,chronos_base,50.0,1.0,,0.009886443614959717,3
garch_t,5,1231,chronos_bolt,,,,,1
garch_t,5,1231,chronos_2,,,,,34
garch_t,5,1248,chronos_base,50.0,2.0,0.009764373302459717,0.009764373302459717,3
garch_t,5,1248,chronos_bolt,,,,,1
garch_t,5,1248,chronos_2,,,,,34
garch_t,5,1264,chronos_base,50.0,2.0,0.0672692060470581,0.009609878063201904,3
garch_t,5,1264,chronos_bolt,,,,,1
garch_t,5,1264,chronos_2,,,,,34
garch_t,5,1281,chronos_base,50.0,2.0,0.019233256578445435,0.009616613388061523,3
garch_t,5,1281,chronos_bolt,,,,,1
garch_t,5,1281,chronos_2,,,,,34
garch_t,5,1298,chronos_base,50.0,2.0,0.018836766481399536,0.009418368339538574,3
garch_t,5,1298,chronos_bolt,,,,,1
garch_t,5,1298,chronos_2,,,,,34
garch_t,5,1314,chronos_base,50.0,2.0,0.00946304202079773,0.009463012218475342,3
garch_t,5,1314,chronos_bolt,,,,,1
garch_t,5,1314,chronos_2,,,,,34
garch_t,5,1331,chronos_base,50.0,2.0,0.009271979331970215,0.009271949529647827,3
garch_t,5,1331,chronos_bolt,,,,,1
garch_t,5,1331,chronos_2,,,,,34
garch_t,5,1348,chronos_base,50.0,2.0,0.02787637710571289,0.009292125701904297,3
garch_t,5,1348,chronos_bolt,,,,,1
garch_t,5,1348,chronos_2,,,,,34
garch_t,5,1365,chronos_base,50.0,2.0,0.009394675493240356,0.009394645690917969,3
garch_t,5,1365,chronos_bolt,,,,,1
garch_t,5,1365,chronos_2,,,,,34
garch_t,5,1381,chronos_base,50.0,2.0,0.01830732822418213,0.00915364921092987,3
garch_t,5,1381,chronos_bolt,,,,,1
garch_t,5,1381,chronos_2,,,,,34
garch_t,5,1398,chronos_base,50.0,2.0,0.04590603709220886,0.009181171655654907,3
garch_t,5,1398,chronos_bolt,,,,,1
garch_t,5,1398,chronos_2,,,,,34
garch_t,5,1415,chronos_base,50.0,2.0,0.053726404905319214,0.008954375982284546,3
garch_t,5,1415,chronos_bolt,,,,,1
garch_t,5,1415,chronos_2,,,,,34
garch_t,5,1432,chronos_base,50.0,2.0,0.017791539430618286,0.008895739912986755,3
garch_t,5,1432,chronos_bolt,,,,,1
garch_t,5,1432,chronos_2,,,,,34
garch_t,5,1448,chronos_base,50.0,2.0,0.008803188800811768,0.008803144097328186,3
garch_t,5,1448,chronos_bolt,,,,,1
garch_t,5,1448,chronos_2,,,,,34
garch_t,5,1465,chronos_base,50.0,2.0,0.05262714624404907,0.008771181106567383,3
garch_t,5,1465,chronos_bolt,,,,,1
garch_t,5,1465,chronos_2,,,,,34
garch_t,5,1482,chronos_base,50.0,2.0,0.017545953392982483,0.008772969245910645,3
garch_t,5,1482,chronos_bolt,,,,,1
garch_t,5,1482,chronos_2,,,,,34
garch_t,5,1499,chronos_base,50.0,3.0,0.030495449900627136,0.00871296226978302,3
garch_t,5,1499,chronos_bolt,,,,,1
garch_t,5,1499,chronos_2,,,,,34
garch_t,6,512,chronos_base,50.0,2.0,0.023022830486297607,0.011511385440826416,3
garch_t,6,512,chronos_bolt,,,,,1
garch_t,6,512,chronos_2,,,,,34
garch_t,6,528,chronos_base,50.0,2.0,0.011159902438521385,0.011159837245941162,3
garch_t,6,528,chronos_bolt,,,,,1
garch_t,6,528,chronos_2,,,,,34
garch_t,6,545,chronos_base,50.0,3.0,0.021842747926712036,0.010921359062194824,3
garch_t,6,545,chronos_bolt,,,,,1
garch_t,6,545,chronos_2,,,,,34
garch_t,6,562,chronos_base,50.0,2.0,0.21680808067321777,0.010840386152267456,3
garch_t,6,562,chronos_bolt,,,,,1
garch_t,6,562,chronos_2,,,,,34
garch_t,6,578,chronos_base,50.0,2.0,0.010886907577514648,0.010886847972869873,3
garch_t,6,578,chronos_bolt,,,,,1
garch_t,6,578,chronos_2,,,,,34
garch_t,6,595,chronos_base,50.0,2.0,0.021229654550552368,0.01061481237411499,3
garch_t,6,595,chronos_bolt,,,,,1
garch_t,6,595,chronos_2,,,,,34
garch_t,6,612,chronos_base,50.0,2.0,0.13541069626808167,0.010416179895401001,3
garch_t,6,612,chronos_bolt,,,,,1
garch_t,6,612,chronos_2,,,,,34
garch_t,6,629,chronos_base,50.0,2.0,0.020777732133865356,0.010388851165771484,3
garch_t,6,629,chronos_bolt,,,,,1
garch_t,6,629,chronos_2,,,,,34
garch_t,6,645,chronos_base,50.0,2.0,0.02062767744064331,0.010313808917999268,3
garch_t,6,645,chronos_bolt,,,,,1
garch_t,6,645,chronos_2,,,,,34
garch_t,6,662,chronos_base,50.0,2.0,0.020527958869934082,0.010263949632644653,3
garch_t,6,662,chronos_bolt,,,,,1
garch_t,6,662,chronos_2,,,,,34
garch_t,6,679,chronos_base,50.0,2.0,0.02079525589942932,0.010397598147392273,3
garch_t,6,679,chronos_bolt,,,,,1
garch_t,6,679,chronos_2,,,,,34
garch_t,6,696,chronos_base,50.0,2.0,0.020597487688064575,0.010298728942871094,3
garch_t,6,696,chronos_bolt,,,,,1
garch_t,6,696,chronos_2,,,,,34
garch_t,6,712,chronos_base,50.0,3.0,0.020461946725845337,0.010230958461761475,3
garch_t,6,712,chronos_bolt,,,,,1
garch_t,6,712,chronos_2,,,,,34
garch_t,6,729,chronos_base,50.0,2.0,0.009880661964416504,0.009880661964416504,3
garch_t,6,729,chronos_bolt,,,,,1
garch_t,6,729,chronos_2,,,,,34
garch_t,6,746,chronos_base,50.0,2.0,0.01947268843650818,0.00973634421825409,3
garch_t,6,746,chronos_bolt,,,,,1
garch_t,6,746,chronos_2,,,,,34
garch_t,6,762,chronos_base,50.0,3.0,0.04831743985414505,0.00966346263885498,3
garch_t,6,762,chronos_bolt,,,,,1
garch_t,6,762,chronos_2,,,,,34
garch_t,6,779,chronos_base,50.0,2.0,0.06800200045108795,0.00971454381942749,3
garch_t,6,779,chronos_bolt,,,,,1
garch_t,6,779,chronos_2,,,,,34
garch_t,6,796,chronos_base,50.0,2.0,0.009602516889572144,0.009602487087249756,3
garch_t,6,796,chronos_bolt,,,,,1
garch_t,6,796,chronos_2,,,,,34
garch_t,6,813,chronos_base,50.0,2.0,0.009419433772563934,0.009419381618499756,3
garch_t,6,813,chronos_bolt,,,,,1
garch_t,6,813,chronos_2,,,,,34
garch_t,6,829,chronos_base,50.0,2.0,0.009218603372573853,0.009218603372573853,3
garch_t,6,829,chronos_bolt,,,,,1
garch_t,6,829,chronos_2,,,,,34
garch_t,6,846,chronos_base,50.0,2.0,0.018142133951187134,0.009071052074432373,3
garch_t,6,846,chronos_bolt,,,,,1
garch_t,6,846,chronos_2,,,,,34
garch_t,6,863,chronos_base,50.0,2.0,0.044813573360443115,0.008962690830230713,3
garch_t,6,863,chronos_bolt,,,,,1
garch_t,6,863,chronos_2,,,,,34
garch_t,6,880,chronos_base,50.0,2.0,0.017603904008865356,0.008801952004432678,3
garch_t,6,880,chronos_bolt,,,,,1
garch_t,6,880,chronos_2,,,,,34
garch_t,6,896,chronos_base,50.0,3.0,0.009088069200515747,0.00908803939819336,3
garch_t,6,896,chronos_bolt,,,,,1
garch_t,6,896,chronos_2,,,,,34
garch_t,6,913,chronos_base,50.0,2.0,0.009417474269866943,0.009417474269866943,3
garch_t,6,913,chronos_bolt,,,,,1
garch_t,6,913,chronos_2,,,,,34
garch_t,6,930,chronos_base,50.0,2.0,0.009473413228988647,0.009473323822021484,3
garch_t,6,930,chronos_bolt,,,,,1
garch_t,6,930,chronos_2,,,,,34
garch_t,6,946,chronos_base,50.0,2.0,0.01885819435119629,0.009429097175598145,3
garch_t,6,946,chronos_bolt,,,,,1
garch_t,6,946,chronos_2,,,,,34
garch_t,6,963,chronos_base,50.0,2.0,0.03709059953689575,0.009272634983062744,3
garch_t,6,963,chronos_bolt,,,,,1
garch_t,6,963,chronos_2,,,,,34
garch_t,6,980,chronos_base,50.0,3.0,0.01369774341583252,0.009131789207458496,3
garch_t,6,980,chronos_bolt,,,,,1
garch_t,6,980,chronos_2,,,,,34
garch_t,6,997,chronos_base,50.0,2.0,0.018086016178131104,0.009042978286743164,3
garch_t,6,997,chronos_bolt,,,,,1
garch_t,6,997,chronos_2,,,,,34
garch_t,6,1013,chronos_base,50.0,2.0,0.008940905332565308,0.00894087553024292,3
garch_t,6,1013,chronos_bolt,,,,,1
garch_t,6,1013,chronos_2,,,,,34
garch_t,6,1030,chronos_base,50.0,2.0,0.053891003131866455,0.008981823921203613,3
garch_t,6,1030,chronos_bolt,,,,,1
garch_t,6,1030,chronos_2,,,,,34
garch_t,6,1047,chronos_base,50.0,2.0,0.05405867099761963,0.009009778499603271,3
garch_t,6,1047,chronos_bolt,,,,,1
garch_t,6,1047,chronos_2,,,,,34
garch_t,6,1064,chronos_base,50.0,2.0,0.009003788232803345,0.00900372862815857,3
garch_t,6,1064,chronos_bolt,,,,,1
garch_t,6,1064,chronos_2,,,,,34
garch_t,6,1080,chronos_base,50.0,2.0,0.017983853816986084,0.008991934359073639,3
garch_t,6,1080,chronos_bolt,,,,,1
garch_t,6,1080,chronos_2,,,,,34
garch_t,6,1097,chronos_base,50.0,2.0,0.009093405678868294,0.00909334421157837,3
garch_t,6,1097,chronos_bolt,,,,,1
garch_t,6,1097,chronos_2,,,,,34
garch_t,6,1114,chronos_base,50.0,3.0,0.009231895208358765,0.009231865406036377,3
garch_t,6,1114,chronos_bolt,,,,,1
garch_t,6,1114,chronos_2,,,,,34
garch_t,6,1130,chronos_base,50.0,2.0,0.009159669280052185,0.009159654378890991,3
garch_t,6,1130,chronos_bolt,,,,,1
garch_t,6,1130,chronos_2,,,,,34
garch_t,6,1147,chronos_base,50.0,2.0,0.009162113070487976,0.009162098169326782,3
garch_t,6,1147,chronos_bolt,,,,,1
garch_t,6,1147,chronos_2,,,,,34
garch_t,6,1164,chronos_base,50.0,2.0,0.009100615978240967,0.009100586175918579,3
garch_t,6,1164,chronos_bolt,,,,,1
garch_t,6,1164,chronos_2,,,,,34
garch_t,6,1181,chronos_base,50.0,3.0,0.054095037281513214,0.009015828371047974,3
garch_t,6,1181,chronos_bolt,,,,,1
garch_t,6,1181,chronos_2,,,,,34
garch_t,6,1197,chronos_base,50.0,2.0,0.036333560943603516,0.009083330631256104,3
garch_t,6,1197,chronos_bolt,,,,,1
garch_t,6,1197,chronos_2,,,,,34
garch_t,6,1214,chronos_base,50.0,3.0,0.009215548634529114,0.009215503931045532,3
garch_t,6,1214,chronos_bolt,,,,,1
garch_t,6,1214,chronos_2,,,,,34
garch_t,6,1231,chronos_base,50.0,2.0,0.009332209825515747,0.00933218002319336,3
garch_t,6,1231,chronos_bolt,,,,,1
garch_t,6,1231,chronos_2,,,,,34
garch_t,6,1248,chronos_base,50.0,2.0,0.01927831768989563,0.009639143943786621,3
garch_t,6,1248,chronos_bolt,,,,,1
garch_t,6,1248,chronos_2,,,,,34
garch_t,6,1264,chronos_base,50.0,2.0,0.0387248694896698,0.009681165218353271,3
garch_t,6,1264,chronos_bolt,,,,,1
garch_t,6,1264,chronos_2,,,,,34
garch_t,6,1281,chronos_base,50.0,2.0,0.009800821542739868,0.00980079174041748,3
garch_t,6,1281,chronos_bolt,,,,,1
garch_t,6,1281,chronos_2,,,,,34
garch_t,6,1298,chronos_base,50.0,3.0,0.021170899271965027,0.010585427284240723,3
garch_t,6,1298,chronos_bolt,,,,,1
garch_t,6,1298,chronos_2,,,,,34
garch_t,6,1314,chronos_base,50.0,2.0,0.023116350173950195,0.011558115482330322,3
garch_t,6,1314,chronos_bolt,,,,,1
garch_t,6,1314,chronos_2,,,,,34
garch_t,6,1331,chronos_base,50.0,2.0,0.2819879949092865,0.0122603178024292,3
garch_t,6,1331,chronos_bolt,,,,,1
garch_t,6,1331,chronos_2,,,,,34
garch_t,6,1348,chronos_base,50.0,2.0,0.012899935245513916,0.012899935245513916,3
garch_t,6,1348,chronos_bolt,,,,,1
garch_t,6,1348,chronos_2,,,,,34
garch_t,6,1365,chronos_base,50.0,2.0,0.01337406039237976,0.013373970985412598,3
garch_t,6,1365,chronos_bolt,,,,,1
garch_t,6,1365,chronos_2,,,,,34
garch_t,6,1381,chronos_base,50.0,2.0,0.027134418487548828,0.013567209243774414,3
garch_t,6,1381,chronos_bolt,,,,,1
garch_t,6,1381,chronos_2,,,,,34
garch_t,6,1398,chronos_base,50.0,2.0,0.027268707752227783,0.013634324073791504,3
garch_t,6,1398,chronos_bolt,,,,,1
garch_t,6,1398,chronos_2,,,,,34
garch_t,6,1415,chronos_base,50.0,2.0,0.013620495796203613,0.013620495796203613,3
garch_t,6,1415,chronos_bolt,,,,,1
garch_t,6,1415,chronos_2,,,,,34
garch_t,6,1432,chronos_base,50.0,2.0,0.013622939586639404,0.013622879981994629,3
garch_t,6,1432,chronos_bolt,,,,,1
garch_t,6,1432,chronos_2,,,,,34
garch_t,6,1448,chronos_base,50.0,3.0,0.013515323400497437,0.013515263795852661,3
garch_t,6,1448,chronos_bolt,,,,,1
garch_t,6,1448,chronos_2,,,,,34
garch_t,6,1465,chronos_base,50.0,3.0,0.033904507756233215,0.013561785221099854,3
garch_t,6,1465,chronos_bolt,,,,,1
garch_t,6,1465,chronos_2,,,,,34
garch_t,6,1482,chronos_base,50.0,2.0,0.013529658317565918,0.013529598712921143,3
garch_t,6,1482,chronos_bolt,,,,,1
garch_t,6,1482,chronos_2,,,,,34
garch_t,6,1499,chronos_base,50.0,3.0,0.047504156827926636,0.0135725736618042,3
garch_t,6,1499,chronos_bolt,,,,,1
garch_t,6,1499,chronos_2,,,,,34
garch_t,7,512,chronos_base,50.0,2.0,0.016277343034744263,0.008138641715049744,3
garch_t,7,512,chronos_bolt,,,,,1
garch_t,7,512,chronos_2,,,,,34
garch_t,7,528,chronos_base,50.0,2.0,0.057773977518081665,0.008253410458564758,3
garch_t,7,528,chronos_bolt,,,,,1
garch_t,7,528,chronos_2,,,,,34
garch_t,7,545,chronos_base,50.0,3.0,0.012336976826190948,0.008224636316299438,3
garch_t,7,545,chronos_bolt,,,,,1
garch_t,7,545,chronos_2,,,,,34
garch_t,7,562,chronos_base,50.0,2.0,0.01706486940383911,0.008532434701919556,3
garch_t,7,562,chronos_bolt,,,,,1
garch_t,7,562,chronos_2,,,,,34
garch_t,7,578,chronos_base,50.0,2.0,0.008899927139282227,0.008899867534637451,3
garch_t,7,578,chronos_bolt,,,,,1
garch_t,7,578,chronos_2,,,,,34
garch_t,7,595,chronos_base,50.0,1.0,,0.009286344051361084,3
garch_t,7,595,chronos_bolt,,,,,1
garch_t,7,595,chronos_2,,,,,34
garch_t,7,612,chronos_base,50.0,2.0,0.009580373764038086,0.009580343961715698,3
garch_t,7,612,chronos_bolt,,,,,1
garch_t,7,612,chronos_2,,,,,34
garch_t,7,629,chronos_base,50.0,2.0,0.13927853107452393,0.009948432445526123,3
garch_t,7,629,chronos_bolt,,,,,1
garch_t,7,629,chronos_2,,,,,34
garch_t,7,645,chronos_base,50.0,2.0,0.030604809522628784,0.010201573371887207,3
garch_t,7,645,chronos_bolt,,,,,1
garch_t,7,645,chronos_2,,,,,34
garch_t,7,662,chronos_base,50.0,2.0,0.01042744517326355,0.010427415370941162,3
garch_t,7,662,chronos_bolt,,,,,1
garch_t,7,662,chronos_2,,,,,34
garch_t,7,679,chronos_base,50.0,2.0,0.02133101224899292,0.010665476322174072,3
garch_t,7,679,chronos_bolt,,,,,1
garch_t,7,679,chronos_2,,,,,34
garch_t,7,696,chronos_base,50.0,2.0,0.010949015617370605,0.01094895601272583,3
garch_t,7,696,chronos_bolt,,,,,1
garch_t,7,696,chronos_2,,,,,34
garch_t,7,712,chronos_base,50.0,3.0,0.016620874404907227,0.011080563068389893,3
garch_t,7,712,chronos_bolt,,,,,1
garch_t,7,712,chronos_2,,,,,34
garch_t,7,729,chronos_base,50.0,2.0,0.011071287095546722,0.011071264743804932,3
garch_t,7,729,chronos_bolt,,,,,1
garch_t,7,729,chronos_2,,,,,34
garch_t,7,746,chronos_base,50.0,2.0,0.011097118258476257,0.011097073554992676,3
garch_t,7,746,chronos_bolt,,,,,1
garch_t,7,746,chronos_2,,,,,34
garch_t,7,762,chronos_base,50.0,2.0,0.011017322540283203,0.011017262935638428,3
garch_t,7,762,chronos_bolt,,,,,1
garch_t,7,762,chronos_2,,,,,34
garch_t,7,779,chronos_base,50.0,2.0,0.010815083980560303,0.010815083980560303,3
garch_t,7,779,chronos_bolt,,,,,1
garch_t,7,779,chronos_2,,,,,34
garch_t,7,796,chronos_base,50.0,2.0,0.021403074264526367,0.010701507329940796,3
garch_t,7,796,chronos_bolt,,,,,1
garch_t,7,796,chronos_2,,,,,34
garch_t,7,813,chronos_base,50.0,2.0,0.03220495581626892,0.01073494553565979,3
garch_t,7,813,chronos_bolt,,,,,1
garch_t,7,813,chronos_2,,,,,34
garch_t,7,829,chronos_base,50.0,3.0,0.03699056804180145,0.010568708181381226,3
garch_t,7,829,chronos_bolt,,,,,1
garch_t,7,829,chronos_2,,,,,34
garch_t,7,846,chronos_base,50.0,2.0,0.010342597961425781,0.0103425532579422,3
garch_t,7,846,chronos_bolt,,,,,1
garch_t,7,846,chronos_2,,,,,34
garch_t,7,863,chronos_base,50.0,2.0,0.06130865216255188,0.01021808385848999,3
garch_t,7,863,chronos_bolt,,,,,1
garch_t,7,863,chronos_2,,,,,34
garch_t,7,880,chronos_base,50.0,2.0,0.05092841386795044,0.010185673832893372,3
garch_t,7,880,chronos_bolt,,,,,1
garch_t,7,880,chronos_2,,,,,34
garch_t,7,896,chronos_base,50.0,2.0,0.02030119299888611,0.010150551795959473,3
garch_t,7,896,chronos_bolt,,,,,1
garch_t,7,896,chronos_2,,,,,34
garch_t,7,913,chronos_base,50.0,2.0,0.020676791667938232,0.010338366031646729,3
garch_t,7,913,chronos_bolt,,,,,1
garch_t,7,913,chronos_2,,,,,34
garch_t,7,930,chronos_base,50.0,2.0,0.02131304144859314,0.010656476020812988,3
garch_t,7,930,chronos_bolt,,,,,1
garch_t,7,930,chronos_2,,,,,34
garch_t,7,946,chronos_base,50.0,2.0,0.044754356145858765,0.0111885666847229,3
garch_t,7,946,chronos_bolt,,,,,1
garch_t,7,946,chronos_2,,,,,34
garch_t,7,963,chronos_base,50.0,2.0,0.02414560317993164,0.012072741985321045,3
garch_t,7,963,chronos_bolt,,,,,1
garch_t,7,963,chronos_2,,,,,34
garch_t,7,980,chronos_base,50.0,2.0,0.012616097927093506,0.01261603832244873,3
garch_t,7,980,chronos_bolt,,,,,1
garch_t,7,980,chronos_2,,,,,34
garch_t,7,997,chronos_base,50.0,2.0,0.05073690414428711,0.01268419623374939,3
garch_t,7,997,chronos_bolt,,,,,1
garch_t,7,997,chronos_2,,,,,34
garch_t,7,1013,chronos_base,50.0,2.0,0.012645184993743896,0.012645155191421509,3
garch_t,7,1013,chronos_bolt,,,,,1
garch_t,7,1013,chronos_2,,,,,34
garch_t,7,1030,chronos_base,50.0,2.0,0.012733399868011475,0.012733370065689087,3
garch_t,7,1030,chronos_bolt,,,,,1
garch_t,7,1030,chronos_2,,,,,34
garch_t,7,1047,chronos_base,50.0,2.0,0.012862235307693481,0.012862205505371094,3
garch_t,7,1047,chronos_bolt,,,,,1
garch_t,7,1047,chronos_2,,,,,34
garch_t,7,1064,chronos_base,50.0,2.0,0.025394827127456665,0.012697398662567139,3
garch_t,7,1064,chronos_bolt,,,,,1
garch_t,7,1064,chronos_2,,,,,34
garch_t,7,1080,chronos_base,50.0,2.0,0.012534582987427711,0.012534558773040771,3
garch_t,7,1080,chronos_bolt,,,,,1
garch_t,7,1080,chronos_2,,,,,34
garch_t,7,1097,chronos_base,50.0,2.0,0.012012869119644165,0.012012869119644165,3
garch_t,7,1097,chronos_bolt,,,,,1
garch_t,7,1097,chronos_2,,,,,34
garch_t,7,1114,chronos_base,50.0,2.0,0.023227155208587646,0.011613547801971436,3
garch_t,7,1114,chronos_bolt,,,,,1
garch_t,7,1114,chronos_2,,,,,34
garch_t,7,1130,chronos_base,50.0,2.0,0.011282116174697876,0.011282086372375488,3
garch_t,7,1130,chronos_bolt,,,,,1
garch_t,7,1130,chronos_2,,,,,34
garch_t,7,1147,chronos_base,50.0,2.0,0.011147633194923401,0.011147618293762207,3
garch_t,7,1147,chronos_bolt,,,,,1
garch_t,7,1147,chronos_2,,,,,34
garch_t,7,1164,chronos_base,50.0,2.0,0.02199254184961319,0.010996252298355103,3
garch_t,7,1164,chronos_bolt,,,,,1
garch_t,7,1164,chronos_2,,,,,34
garch_t,7,1181,chronos_base,50.0,2.0,0.010665282607078552,0.01066523790359497,3
garch_t,7,1181,chronos_bolt,,,,,1
garch_t,7,1181,chronos_2,,,,,34
garch_t,7,1197,chronos_base,50.0,2.0,0.020754829049110413,0.01037740707397461,3
garch_t,7,1197,chronos_bolt,,,,,1
garch_t,7,1197,chronos_2,,,,,34
garch_t,7,1214,chronos_base,50.0,2.0,0.010094381868839264,0.010094359517097473,3
garch_t,7,1214,chronos_bolt,,,,,1
garch_t,7,1214,chronos_2,,,,,34
garch_t,7,1231,chronos_base,50.0,2.0,0.01986837387084961,0.00993417203426361,3
garch_t,7,1231,chronos_bolt,,,,,1
garch_t,7,1231,chronos_2,,,,,34
garch_t,7,1248,chronos_base,50.0,3.0,0.03947991132736206,0.009869962930679321,3
garch_t,7,1248,chronos_bolt,,,,,1
garch_t,7,1248,chronos_2,,,,,34
garch_t,7,1264,chronos_base,50.0,2.0,0.039724938571453094,0.009931206703186035,3
garch_t,7,1264,chronos_bolt,,,,,1
garch_t,7,1264,chronos_2,,,,,34
garch_t,7,1281,chronos_base,50.0,2.0,0.01982051134109497,0.009910255670547485,3
garch_t,7,1281,chronos_bolt,,,,,1
garch_t,7,1281,chronos_2,,,,,34
garch_t,7,1298,chronos_base,50.0,2.0,0.07011951506137848,0.010017037391662598,3
garch_t,7,1298,chronos_bolt,,,,,1
garch_t,7,1298,chronos_2,,,,,34
garch_t,7,1314,chronos_base,50.0,2.0,0.029847638681530952,0.009949177503585815,3
garch_t,7,1314,chronos_bolt,,,,,1
garch_t,7,1314,chronos_2,,,,,34
garch_t,7,1331,chronos_base,50.0,2.0,0.009863942861557007,0.009863927960395813,3
garch_t,7,1331,chronos_bolt,,,,,1
garch_t,7,1331,chronos_2,,,,,34
garch_t,7,1348,chronos_base,50.0,2.0,0.009998977184295654,0.009998977184295654,3
garch_t,7,1348,chronos_bolt,,,,,1
garch_t,7,1348,chronos_2,,,,,34
garch_t,7,1365,chronos_base,50.0,2.0,0.02054208517074585,0.010271042585372925,3
garch_t,7,1365,chronos_bolt,,,,,1
garch_t,7,1365,chronos_2,,,,,34
garch_t,7,1381,chronos_base,50.0,2.0,0.020366281270980835,0.010183125734329224,3
garch_t,7,1381,chronos_bolt,,,,,1
garch_t,7,1381,chronos_2,,,,,34
garch_t,7,1398,chronos_base,50.0,3.0,0.010146960616111755,0.010146945714950562,3
garch_t,7,1398,chronos_bolt,,,,,1
garch_t,7,1398,chronos_2,,,,,34
garch_t,7,1415,chronos_base,50.0,3.0,0.015258342027664185,0.01017218828201294,3
garch_t,7,1415,chronos_bolt,,,,,1
garch_t,7,1415,chronos_2,,,,,34
garch_t,7,1432,chronos_base,50.0,2.0,0.019616305828094482,0.009808152914047241,3
garch_t,7,1432,chronos_bolt,,,,,1
garch_t,7,1432,chronos_2,,,,,34
garch_t,7,1448,chronos_base,50.0,2.0,0.009427681565284729,0.009427681565284729,3
garch_t,7,1448,chronos_bolt,,,,,1
garch_t,7,1448,chronos_2,,,,,34
garch_t,7,1465,chronos_base,50.0,2.0,0.07849007844924927,0.008721113204956055,3
garch_t,7,1465,chronos_bolt,,,,,1
garch_t,7,1465,chronos_2,,,,,34
garch_t,7,1482,chronos_base,50.0,2.0,0.015874773263931274,0.007937341928482056,3
garch_t,7,1482,chronos_bolt,,,,,1
garch_t,7,1482,chronos_2,,,,,34
garch_t,7,1499,chronos_base,50.0,2.0,0.014991700649261475,0.0074958354234695435,3
garch_t,7,1499,chronos_bolt,,,,,1
garch_t,7,1499,chronos_2,,,,,34
garch_t,8,512,chronos_base,50.0,2.0,0.026944637298583984,0.013472318649291992,3
garch_t,8,512,chronos_bolt,,,,,1
garch_t,8,512,chronos_2,,,,,34
garch_t,8,528,chronos_base,50.0,2.0,0.01333683729171753,0.013336777687072754,3
garch_t,8,528,chronos_bolt,,,,,1
garch_t,8,528,chronos_2,,,,,34
garch_t,8,545,chronos_base,50.0,2.0,0.013231098651885986,0.013231039047241211,3
garch_t,8,545,chronos_bolt,,,,,1
garch_t,8,545,chronos_2,,,,,34
garch_t,8,562,chronos_base,50.0,2.0,0.013062596321105957,0.013062536716461182,3
garch_t,8,562,chronos_bolt,,,,,1
garch_t,8,562,chronos_2,,,,,34
garch_t,8,578,chronos_base,50.0,2.0,0.05206659436225891,0.01301664113998413,3
garch_t,8,578,chronos_bolt,,,,,1
garch_t,8,578,chronos_2,,,,,34
garch_t,8,595,chronos_base,50.0,2.0,0.025824368000030518,0.012912124395370483,3
garch_t,8,595,chronos_bolt,,,,,1
garch_t,8,595,chronos_2,,,,,34
garch_t,8,612,chronos_base,50.0,2.0,0.013084666803479195,0.013084650039672852,3
garch_t,8,612,chronos_bolt,,,,,1
garch_t,8,612,chronos_2,,,,,34
garch_t,8,629,chronos_base,50.0,2.0,0.026205718517303467,0.013102829456329346,3
garch_t,8,629,chronos_bolt,,,,,1
garch_t,8,629,chronos_2,,,,,34
garch_t,8,645,chronos_base,50.0,2.0,0.05198626220226288,0.012996554374694824,3
garch_t,8,645,chronos_bolt,,,,,1
garch_t,8,645,chronos_2,,,,,34
garch_t,8,662,chronos_base,50.0,2.0,0.025922715663909912,0.012961328029632568,3
garch_t,8,662,chronos_bolt,,,,,1
garch_t,8,662,chronos_2,,,,,34
garch_t,8,679,chronos_base,50.0,2.0,0.025483332574367523,0.012741625308990479,3
garch_t,8,679,chronos_bolt,,,,,1
garch_t,8,679,chronos_2,,,,,34
garch_t,8,696,chronos_base,50.0,2.0,0.07409918308258057,0.012349843978881836,3
garch_t,8,696,chronos_bolt,,,,,1
garch_t,8,696,chronos_2,,,,,34
garch_t,8,712,chronos_base,50.0,2.0,0.05972820520401001,0.011945605278015137,3
garch_t,8,712,chronos_bolt,,,,,1
garch_t,8,712,chronos_2,,,,,34
garch_t,8,729,chronos_base,50.0,2.0,0.022955477237701416,0.01147770881652832,3
garch_t,8,729,chronos_bolt,,,,,1
garch_t,8,729,chronos_2,,,,,34
garch_t,8,746,chronos_base,50.0,2.0,0.08973690867424011,0.011217087507247925,3
garch_t,8,746,chronos_bolt,,,,,1
garch_t,8,746,chronos_2,,,,,34
garch_t,8,762,chronos_base,50.0,2.0,0.02189338207244873,0.010946661233901978,3
garch_t,8,762,chronos_bolt,,,,,1
garch_t,8,762,chronos_2,,,,,34
garch_t,8,779,chronos_base,50.0,2.0,0.010895168408751488,0.010895133018493652,3
garch_t,8,779,chronos_bolt,,,,,1
garch_t,8,779,chronos_2,,,,,34
garch_t,8,796,chronos_base,50.0,2.0,0.07383173704147339,0.010547369718551636,3
garch_t,8,796,chronos_bolt,,,,,1
garch_t,8,796,chronos_2,,,,,34
garch_t,8,813,chronos_base,50.0,2.0,0.010406553745269775,0.010406464338302612,3
garch_t,8,813,chronos_bolt,,,,,1
garch_t,8,813,chronos_2,,,,,34
garch_t,8,829,chronos_base,50.0,3.0,0.010103374719619751,0.010103374719619751,3
garch_t,8,829,chronos_bolt,,,,,1
garch_t,8,829,chronos_2,,,,,34
garch_t,8,846,chronos_base,50.0,2.0,0.010022759437561035,0.010022729635238647,3
garch_t,8,846,chronos_bolt,,,,,1
garch_t,8,846,chronos_2,,,,,34
garch_t,8,863,chronos_base,50.0,3.0,0.029475241899490356,0.009825050830841064,3
garch_t,8,863,chronos_bolt,,,,,1
garch_t,8,863,chronos_2,,,,,34
garch_t,8,880,chronos_base,50.0,2.0,0.08584114909172058,0.009537875652313232,3
garch_t,8,880,chronos_bolt,,,,,1
garch_t,8,880,chronos_2,,,,,34
garch_t,8,896,chronos_base,50.0,2.0,0.009476728737354279,0.009476691484451294,3
garch_t,8,896,chronos_bolt,,,,,1
garch_t,8,896,chronos_2,,,,,34
garch_t,8,913,chronos_base,50.0,2.0,0.009120017290115356,0.009120017290115356,3
garch_t,8,913,chronos_bolt,,,,,1
garch_t,8,913,chronos_2,,,,,34
garch_t,8,930,chronos_base,50.0,2.0,0.04367929697036743,0.008735835552215576,3
garch_t,8,930,chronos_bolt,,,,,1
garch_t,8,930,chronos_2,,,,,34
garch_t,8,946,chronos_base,50.0,2.0,0.03457319736480713,0.008643299341201782,3
garch_t,8,946,chronos_bolt,,,,,1
garch_t,8,946,chronos_2,,,,,34
garch_t,8,963,chronos_base,50.0,2.0,0.034434497356414795,0.008608609437942505,3
garch_t,8,963,chronos_bolt,,,,,1
garch_t,8,963,chronos_2,,,,,34
garch_t,8,980,chronos_base,50.0,2.0,0.03505191206932068,0.008762955665588379,3
garch_t,8,980,chronos_bolt,,,,,1
garch_t,8,980,chronos_2,,,,,34
garch_t,8,997,chronos_base,50.0,2.0,0.6053581535816193,0.008902311325073242,3
garch_t,8,997,chronos_bolt,,,,,1
garch_t,8,997,chronos_2,,,,,34
garch_t,8,1013,chronos_base,50.0,2.0,0.03645515441894531,0.009113773703575134,3
garch_t,8,1013,chronos_bolt,,,,,1
garch_t,8,1013,chronos_2,,,,,34
garch_t,8,1030,chronos_base,50.0,2.0,0.019037604331970215,0.009518742561340332,3
garch_t,8,1030,chronos_bolt,,,,,1
garch_t,8,1030,chronos_2,,,,,34
garch_t,8,1047,chronos_base,50.0,2.0,0.04105114936828613,0.010262727737426758,3
garch_t,8,1047,chronos_bolt,,,,,1
garch_t,8,1047,chronos_2,,,,,34
garch_t,8,1064,chronos_base,50.0,2.0,0.011161565780639648,0.01116153597831726,3
garch_t,8,1064,chronos_bolt,,,,,1
garch_t,8,1064,chronos_2,,,,,34
garch_t,8,1080,chronos_base,50.0,2.0,0.023294389247894287,0.011647164821624756,3
garch_t,8,1080,chronos_bolt,,,,,1
garch_t,8,1080,chronos_2,,,,,34
garch_t,8,1097,chronos_base,50.0,3.0,0.012087970972061157,0.01208794116973877,3
garch_t,8,1097,chronos_bolt,,,,,1
garch_t,8,1097,chronos_2,,,,,34
garch_t,8,1114,chronos_base,50.0,2.0,0.012256443500518799,0.012256383895874023,3
garch_t,8,1114,chronos_bolt,,,,,1
garch_t,8,1114,chronos_2,,,,,34
garch_t,8,1130,chronos_base,50.0,2.0,0.03668850660324097,0.012229472398757935,3
garch_t,8,1130,chronos_bolt,,,,,1
garch_t,8,1130,chronos_2,,,,,34
garch_t,8,1147,chronos_base,50.0,2.0,0.012165233492851257,0.012165218591690063,3
garch_t,8,1147,chronos_bolt,,,,,1
garch_t,8,1147,chronos_2,,,,,34
garch_t,8,1164,chronos_base,50.0,2.0,0.01219227910041809,0.01219227910041809,3
garch_t,8,1164,chronos_bolt,,,,,1
garch_t,8,1164,chronos_2,,,,,34
garch_t,8,1181,chronos_base,50.0,2.0,0.04880690574645996,0.012201666831970215,3
garch_t,8,1181,chronos_bolt,,,,,1
garch_t,8,1181,chronos_2,,,,,34
garch_t,8,1197,chronos_base,50.0,2.0,0.08675479888916016,0.012393519282341003,3
garch_t,8,1197,chronos_bolt,,,,,1
garch_t,8,1197,chronos_2,,,,,34
garch_t,8,1214,chronos_base,50.0,1.0,,0.012510418891906738,3
garch_t,8,1214,chronos_bolt,,,,,1
garch_t,8,1214,chronos_2,,,,,34
garch_t,8,1231,chronos_base,50.0,2.0,0.07485410571098328,0.012475669384002686,3
garch_t,8,1231,chronos_bolt,,,,,1
garch_t,8,1231,chronos_2,,,,,34
garch_t,8,1248,chronos_base,50.0,2.0,0.025001466274261475,0.01250070333480835,3
garch_t,8,1248,chronos_bolt,,,,,1
garch_t,8,1248,chronos_2,,,,,34
garch_t,8,1264,chronos_base,50.0,3.0,0.03741717338562012,0.012472361326217651,3
garch_t,8,1264,chronos_bolt,,,,,1
garch_t,8,1264,chronos_2,,,,,34
garch_t,8,1281,chronos_base,50.0,2.0,0.012410163879394531,0.01241004467010498,3
garch_t,8,1281,chronos_bolt,,,,,1
garch_t,8,1281,chronos_2,,,,,34
garch_t,8,1298,chronos_base,50.0,2.0,0.012261152267456055,0.012261062860488892,3
garch_t,8,1298,chronos_bolt,,,,,1
garch_t,8,1298,chronos_2,,,,,34
garch_t,8,1314,chronos_base,50.0,3.0,0.03679347038269043,0.012264460325241089,3
garch_t,8,1314,chronos_bolt,,,,,1
garch_t,8,1314,chronos_2,,,,,34
garch_t,8,1331,chronos_base,50.0,2.0,0.012426912784576416,0.01242685317993164,3
garch_t,8,1331,chronos_bolt,,,,,1
garch_t,8,1331,chronos_2,,,,,34
garch_t,8,1348,chronos_base,50.0,2.0,0.012568175792694092,0.012568175792694092,3
garch_t,8,1348,chronos_bolt,,,,,1
garch_t,8,1348,chronos_2,,,,,34
garch_t,8,1365,chronos_base,50.0,2.0,0.012541472911834717,0.012541413307189941,3
garch_t,8,1365,chronos_bolt,,,,,1
garch_t,8,1365,chronos_2,,,,,34
garch_t,8,1381,chronos_base,50.0,1.0,,0.012659847736358643,3
garch_t,8,1381,chronos_bolt,,,,,1
garch_t,8,1381,chronos_2,,,,,34
garch_t,8,1398,chronos_base,50.0,2.0,0.02551090717315674,0.01275545358657837,3
garch_t,8,1398,chronos_bolt,,,,,1
garch_t,8,1398,chronos_2,,,,,34
garch_t,8,1415,chronos_base,50.0,2.0,0.09112030267715454,0.013017147779464722,3
garch_t,8,1415,chronos_bolt,,,,,1
garch_t,8,1415,chronos_2,,,,,34
garch_t,8,1432,chronos_base,50.0,2.0,0.039341866970062256,0.013113915920257568,3
garch_t,8,1432,chronos_bolt,,,,,1
garch_t,8,1432,chronos_2,,,,,34
garch_t,8,1448,chronos_base,50.0,2.0,0.0261058509349823,0.013052880764007568,3
garch_t,8,1448,chronos_bolt,,,,,1
garch_t,8,1448,chronos_2,,,,,34
garch_t,8,1465,chronos_base,50.0,2.0,0.0259096622467041,0.012954816222190857,3
garch_t,8,1465,chronos_bolt,,,,,1
garch_t,8,1465,chronos_2,,,,,34
garch_t,8,1482,chronos_base,50.0,2.0,0.012707501649856567,0.012707501649856567,3
garch_t,8,1482,chronos_bolt,,,,,1
garch_t,8,1482,chronos_2,,,,,34
garch_t,8,1499,chronos_base,50.0,3.0,0.02553430199623108,0.012767136096954346,3
garch_t,8,1499,chronos_bolt,,,,,1
garch_t,8,1499,chronos_2,,,,,34
garch_t,9,512,chronos_base,50.0,2.0,0.08798778057098389,0.009776383638381958,3
garch_t,9,512,chronos_bolt,,,,,1
garch_t,9,512,chronos_2,,,,,34
garch_t,9,528,chronos_base,50.0,2.0,0.06864500045776367,0.009806424379348755,3
garch_t,9,528,chronos_bolt,,,,,1
garch_t,9,528,chronos_2,,,,,34
garch_t,9,545,chronos_base,50.0,2.0,0.009977191686630249,0.009977191686630249,3
garch_t,9,545,chronos_bolt,,,,,1
garch_t,9,545,chronos_2,,,,,34
garch_t,9,562,chronos_base,50.0,2.0,0.010188579559326172,0.010188549757003784,3
garch_t,9,562,chronos_bolt,,,,,1
garch_t,9,562,chronos_2,,,,,34
garch_t,9,578,chronos_base,50.0,2.0,0.0203762948513031,0.010188132524490356,3
garch_t,9,578,chronos_bolt,,,,,1
garch_t,9,578,chronos_2,,,,,34
garch_t,9,595,chronos_base,50.0,2.0,0.021092861890792847,0.01054641604423523,3
garch_t,9,595,chronos_bolt,,,,,1
garch_t,9,595,chronos_2,,,,,34
garch_t,9,612,chronos_base,50.0,2.0,0.04428070783615112,0.011070162057876587,3
garch_t,9,612,chronos_bolt,,,,,1
garch_t,9,612,chronos_2,,,,,34
garch_t,9,629,chronos_base,50.0,2.0,0.01161201298236847,0.0116119384765625,3
garch_t,9,629,chronos_bolt,,,,,1
garch_t,9,629,chronos_2,,,,,34
garch_t,9,645,chronos_base,50.0,2.0,0.023939967155456543,0.011969923973083496,3
garch_t,9,645,chronos_bolt,,,,,1
garch_t,9,645,chronos_2,,,,,34
garch_t,9,662,chronos_base,50.0,2.0,0.024464011192321777,0.012232005596160889,3
garch_t,9,662,chronos_bolt,,,,,1
garch_t,9,662,chronos_2,,,,,34
garch_t,9,679,chronos_base,50.0,2.0,0.09875574707984924,0.012344449758529663,3
garch_t,9,679,chronos_bolt,,,,,1
garch_t,9,679,chronos_2,,,,,34
garch_t,9,696,chronos_base,50.0,3.0,0.01262424886226654,0.012624219059944153,3
garch_t,9,696,chronos_bolt,,,,,1
garch_t,9,696,chronos_2,,,,,34
garch_t,9,712,chronos_base,50.0,3.0,0.026140719652175903,0.013070285320281982,3
garch_t,9,712,chronos_bolt,,,,,1
garch_t,9,712,chronos_2,,,,,34
garch_t,9,729,chronos_base,50.0,2.0,0.01368492841720581,0.013684868812561035,3
garch_t,9,729,chronos_bolt,,,,,1
garch_t,9,729,chronos_2,,,,,34
garch_t,9,746,chronos_base,50.0,3.0,0.035425394773483276,0.01417011022567749,3
garch_t,9,746,chronos_bolt,,,,,1
garch_t,9,746,chronos_2,,,,,34
garch_t,9,762,chronos_base,50.0,2.0,0.014177143573760986,0.014177083969116211,3
garch_t,9,762,chronos_bolt,,,,,1
garch_t,9,762,chronos_2,,,,,34
garch_t,9,779,chronos_base,50.0,2.0,0.014211177825927734,0.014211058616638184,3
garch_t,9,779,chronos_bolt,,,,,1
garch_t,9,779,chronos_2,,,,,34
garch_t,9,796,chronos_base,50.0,3.0,0.028234034776687622,0.014116942882537842,3
garch_t,9,796,chronos_bolt,,,,,1
garch_t,9,796,chronos_2,,,,,34
garch_t,9,813,chronos_base,50.0,2.0,0.013947606086730957,0.013947546482086182,3
garch_t,9,813,chronos_bolt,,,,,1
garch_t,9,813,chronos_2,,,,,34
garch_t,9,829,chronos_base,50.0,2.0,0.11049866676330566,0.01381230354309082,3
garch_t,9,829,chronos_bolt,,,,,1
garch_t,9,829,chronos_2,,,,,34
garch_t,9,846,chronos_base,50.0,3.0,0.03460920508950949,0.013843655586242676,3
garch_t,9,846,chronos_bolt,,,,,1
garch_t,9,846,chronos_2,,,,,34
garch_t,9,863,chronos_base,50.0,2.0,0.013925135135650635,0.013925015926361084,3
garch_t,9,863,chronos_bolt,,,,,1
garch_t,9,863,chronos_2,,,,,34
garch_t,9,880,chronos_base,50.0,2.0,0.013715080916881561,0.013715028762817383,3
garch_t,9,880,chronos_bolt,,,,,1
garch_t,9,880,chronos_2,,,,,34
garch_t,9,896,chronos_base,50.0,3.0,0.020543545484542847,0.01369565725326538,3
garch_t,9,896,chronos_bolt,,,,,1
garch_t,9,896,chronos_2,,,,,34
garch_t,9,913,chronos_base,50.0,2.0,0.04087740182876587,0.013625770807266235,3
garch_t,9,913,chronos_bolt,,,,,1
garch_t,9,913,chronos_2,,,,,34
garch_t,9,930,chronos_base,50.0,2.0,0.01367276906967163,0.013672739267349243,3
garch_t,9,930,chronos_bolt,,,,,1
garch_t,9,930,chronos_2,,,,,34
garch_t,9,946,chronos_base,50.0,2.0,0.027454346418380737,0.013727158308029175,3
garch_t,9,946,chronos_bolt,,,,,1
garch_t,9,946,chronos_2,,,,,34
garch_t,9,963,chronos_base,50.0,2.0,0.027318567037582397,0.013659268617630005,3
garch_t,9,963,chronos_bolt,,,,,1
garch_t,9,963,chronos_2,,,,,34
garch_t,9,980,chronos_base,50.0,2.0,0.013381898403167725,0.01338183879852295,3
garch_t,9,980,chronos_bolt,,,,,1
garch_t,9,980,chronos_2,,,,,34
garch_t,9,997,chronos_base,50.0,2.0,0.013199150562286377,0.013199031352996826,3
garch_t,9,997,chronos_bolt,,,,,1
garch_t,9,997,chronos_2,,,,,34
garch_t,9,1013,chronos_base,50.0,2.0,0.012941062450408936,0.012941062450408936,3
garch_t,9,1013,chronos_bolt,,,,,1
garch_t,9,1013,chronos_2,,,,,34
garch_t,9,1030,chronos_base,50.0,1.0,,0.012933045625686646,3
garch_t,9,1030,chronos_bolt,,,,,1
garch_t,9,1030,chronos_2,,,,,34
garch_t,9,1047,chronos_base,50.0,2.0,0.012766659259796143,0.012766599655151367,3
garch_t,9,1047,chronos_bolt,,,,,1
garch_t,9,1047,chronos_2,,,,,34
garch_t,9,1064,chronos_base,50.0,2.0,0.025305509567260742,0.012652754783630371,3
garch_t,9,1064,chronos_bolt,,,,,1
garch_t,9,1064,chronos_2,,,,,34
garch_t,9,1080,chronos_base,50.0,3.0,0.012539863586425781,0.012539774179458618,3
garch_t,9,1080,chronos_bolt,,,,,1
garch_t,9,1080,chronos_2,,,,,34
garch_t,9,1097,chronos_base,50.0,2.0,0.07409793138504028,0.012349635362625122,3
garch_t,9,1097,chronos_bolt,,,,,1
garch_t,9,1097,chronos_2,,,,,34
garch_t,9,1114,chronos_base,50.0,2.0,0.08300319314002991,0.011857569217681885,3
garch_t,9,1114,chronos_bolt,,,,,1
garch_t,9,1114,chronos_2,,,,,34
garch_t,9,1130,chronos_base,50.0,2.0,0.011427491903305054,0.01142747700214386,3
garch_t,9,1130,chronos_bolt,,,,,1
garch_t,9,1130,chronos_2,,,,,34
garch_t,9,1147,chronos_base,50.0,2.0,0.04436391592025757,0.011090964078903198,3
garch_t,9,1147,chronos_bolt,,,,,1
garch_t,9,1147,chronos_2,,,,,34
garch_t,9,1164,chronos_base,50.0,2.0,0.02132311463356018,0.010661542415618896,3
garch_t,9,1164,chronos_bolt,,,,,1
garch_t,9,1164,chronos_2,,,,,34
garch_t,9,1181,chronos_base,50.0,2.0,0.010318726301193237,0.010318711400032043,3
garch_t,9,1181,chronos_bolt,,,,,1
garch_t,9,1181,chronos_2,,,,,34
garch_t,9,1197,chronos_base,50.0,3.0,0.03562819957733154,0.010179460048675537,3
garch_t,9,1197,chronos_bolt,,,,,1
garch_t,9,1197,chronos_2,,,,,34
garch_t,9,1214,chronos_base,50.0,2.0,0.009717211127281189,0.009717196226119995,3
garch_t,9,1214,chronos_bolt,,,,,1
garch_t,9,1214,chronos_2,,,,,34
garch_t,9,1231,chronos_base,50.0,2.0,0.018452376127243042,0.009226173162460327,3
garch_t,9,1231,chronos_bolt,,,,,1
garch_t,9,1231,chronos_2,,,,,34
garch_t,9,1248,chronos_base,50.0,2.0,0.01774686574935913,0.008873403072357178,3
garch_t,9,1248,chronos_bolt,,,,,1
garch_t,9,1248,chronos_2,,,,,34
garch_t,9,1264,chronos_base,50.0,2.0,0.008647531270980835,0.008647531270980835,3
garch_t,9,1264,chronos_bolt,,,,,1
garch_t,9,1264,chronos_2,,,,,34
garch_t,9,1281,chronos_base,50.0,2.0,0.04508437216281891,0.009016856551170349,3
garch_t,9,1281,chronos_bolt,,,,,1
garch_t,9,1281,chronos_2,,,,,34
garch_t,9,1298,chronos_base,50.0,2.0,0.11039286851882935,0.009199380874633789,3
garch_t,9,1298,chronos_bolt,,,,,1
garch_t,9,1298,chronos_2,,,,,34
garch_t,9,1314,chronos_base,50.0,2.0,0.01885533332824707,0.009427666664123535,3
garch_t,9,1314,chronos_bolt,,,,,1
garch_t,9,1314,chronos_2,,,,,34
garch_t,9,1331,chronos_base,50.0,2.0,0.019721537828445435,0.009860768914222717,3
garch_t,9,1331,chronos_bolt,,,,,1
garch_t,9,1331,chronos_2,,,,,34
garch_t,9,1348,chronos_base,50.0,2.0,0.07047373056411743,0.010067641735076904,3
garch_t,9,1348,chronos_bolt,,,,,1
garch_t,9,1348,chronos_2,,,,,34
garch_t,9,1365,chronos_base,50.0,3.0,0.050523869693279266,0.010104760527610779,3
garch_t,9,1365,chronos_bolt,,,,,1
garch_t,9,1365,chronos_2,,,,,34
garch_t,9,1381,chronos_base,50.0,2.0,0.010163962841033936,0.010163933038711548,3
garch_t,9,1381,chronos_bolt,,,,,1
garch_t,9,1381,chronos_2,,,,,34
garch_t,9,1398,chronos_base,50.0,2.0,0.010152339935302734,0.010152339935302734,3
garch_t,9,1398,chronos_bolt,,,,,1
garch_t,9,1398,chronos_2,,,,,34
garch_t,9,1415,chronos_base,50.0,2.0,0.020089566707611084,0.010044753551483154,3
garch_t,9,1415,chronos_bolt,,,,,1
garch_t,9,1415,chronos_2,,,,,34
garch_t,9,1432,chronos_base,50.0,2.0,0.00998234748840332,0.009982258081436157,3
garch_t,9,1432,chronos_bolt,,,,,1
garch_t,9,1432,chronos_2,,,,,34
garch_t,9,1448,chronos_base,50.0,2.0,0.009769141674041748,0.009769141674041748,3
garch_t,9,1448,chronos_bolt,,,,,1
garch_t,9,1448,chronos_2,,,,,34
garch_t,9,1465,chronos_base,50.0,3.0,0.019255980849266052,0.009627968072891235,3
garch_t,9,1465,chronos_bolt,,,,,1
garch_t,9,1465,chronos_2,,,,,34
garch_t,9,1482,chronos_base,50.0,2.0,0.009649097919464111,0.00964897871017456,3
garch_t,9,1482,chronos_bolt,,,,,1
garch_t,9,1482,chronos_2,,,,,34
garch_t,9,1499,chronos_base,50.0,2.0,0.009865045547485352,0.009865045547485352,3
garch_t,9,1499,chronos_bolt,,,,,1
garch_t,9,1499,chronos_2,,,,,34
garch_t,10,512,chronos_base,50.0,2.0,0.08686348795890808,0.009651482105255127,3
garch_t,10,512,chronos_bolt,,,,,1
garch_t,10,512,chronos_2,,,,,34
garch_t,10,528,chronos_base,50.0,2.0,0.01924404501914978,0.009621977806091309,3
garch_t,10,528,chronos_bolt,,,,,1
garch_t,10,528,chronos_2,,,,,34
garch_t,10,545,chronos_base,50.0,2.0,0.019612520933151245,0.009806245565414429,3
garch_t,10,545,chronos_bolt,,,,,1
garch_t,10,545,chronos_2,,,,,34
garch_t,10,562,chronos_base,50.0,2.0,0.010178059339523315,0.010178029537200928,3
garch_t,10,562,chronos_bolt,,,,,1
garch_t,10,562,chronos_2,,,,,34
garch_t,10,578,chronos_base,50.0,1.0,,0.01035258173942566,3
garch_t,10,578,chronos_bolt,,,,,1
garch_t,10,578,chronos_2,,,,,34
garch_t,10,595,chronos_base,50.0,2.0,0.031154215335845947,0.010384738445281982,3
garch_t,10,595,chronos_bolt,,,,,1
garch_t,10,595,chronos_2,,,,,34
garch_t,10,612,chronos_base,50.0,2.0,0.010516941547393799,0.010516926646232605,3
garch_t,10,612,chronos_bolt,,,,,1
garch_t,10,612,chronos_2,,,,,34
garch_t,10,629,chronos_base,50.0,3.0,0.010523855686187744,0.010523825883865356,3
garch_t,10,629,chronos_bolt,,,,,1
garch_t,10,629,chronos_2,,,,,34
garch_t,10,645,chronos_base,50.0,2.0,0.021106481552124023,0.010553210973739624,3
garch_t,10,645,chronos_bolt,,,,,1
garch_t,10,645,chronos_2,,,,,34
garch_t,10,662,chronos_base,50.0,2.0,0.01051187515258789,0.01051187515258789,3
garch_t,10,662,chronos_bolt,,,,,1
garch_t,10,662,chronos_2,,,,,34
garch_t,10,679,chronos_base,50.0,2.0,0.06191912293434143,0.010319828987121582,3
garch_t,10,679,chronos_bolt,,,,,1
garch_t,10,679,chronos_2,,,,,34
garch_t,10,696,chronos_base,50.0,2.0,0.010190010070800781,0.010189950466156006,3
garch_t,10,696,chronos_bolt,,,,,1
garch_t,10,696,chronos_2,,,,,34
garch_t,10,712,chronos_base,50.0,2.0,0.009947359561920166,0.009947329759597778,3
garch_t,10,712,chronos_bolt,,,,,1
garch_t,10,712,chronos_2,,,,,34
garch_t,10,729,chronos_base,50.0,2.0,0.05891802906990051,0.009819656610488892,3
garch_t,10,729,chronos_bolt,,,,,1
garch_t,10,729,chronos_2,,,,,34
garch_t,10,746,chronos_base,50.0,2.0,0.019777417182922363,0.009888678789138794,3
garch_t,10,746,chronos_bolt,,,,,1
garch_t,10,746,chronos_2,,,,,34
garch_t,10,762,chronos_base,50.0,2.0,0.020076662302017212,0.010038316249847412,3
garch_t,10,762,chronos_bolt,,,,,1
garch_t,10,762,chronos_2,,,,,34
garch_t,10,779,chronos_base,50.0,2.0,0.02022692561149597,0.01011347770690918,3
garch_t,10,779,chronos_bolt,,,,,1
garch_t,10,779,chronos_2,,,,,34
garch_t,10,796,chronos_base,50.0,2.0,0.009967267513275146,0.009967267513275146,3
garch_t,10,796,chronos_bolt,,,,,1
garch_t,10,796,chronos_2,,,,,34
garch_t,10,813,chronos_base,50.0,3.0,0.009966522455215454,0.009966492652893066,3
garch_t,10,813,chronos_bolt,,,,,1
garch_t,10,813,chronos_2,,,,,34
garch_t,10,829,chronos_base,50.0,2.0,0.029774010181427002,0.009924650192260742,3
garch_t,10,829,chronos_bolt,,,,,1
garch_t,10,829,chronos_2,,,,,34
garch_t,10,846,chronos_base,50.0,2.0,0.030626654624938965,0.010208845138549805,3
garch_t,10,846,chronos_bolt,,,,,1
garch_t,10,846,chronos_2,,,,,34
garch_t,10,863,chronos_base,50.0,2.0,0.020746886730194092,0.010373413562774658,3
garch_t,10,863,chronos_bolt,,,,,1
garch_t,10,863,chronos_2,,,,,34
garch_t,10,880,chronos_base,50.0,2.0,0.021148741245269775,0.010574370622634888,3
garch_t,10,880,chronos_bolt,,,,,1
garch_t,10,880,chronos_2,,,,,34
garch_t,10,896,chronos_base,50.0,2.0,0.1730259656906128,0.010814070701599121,3
garch_t,10,896,chronos_bolt,,,,,1
garch_t,10,896,chronos_2,,,,,34
garch_t,10,913,chronos_base,50.0,2.0,0.021983981132507324,0.010991960763931274,3
garch_t,10,913,chronos_bolt,,,,,1
garch_t,10,913,chronos_2,,,,,34
garch_t,10,930,chronos_base,50.0,2.0,0.033435046672821045,0.011144936084747314,3
garch_t,10,930,chronos_bolt,,,,,1
garch_t,10,930,chronos_2,,,,,34
garch_t,10,946,chronos_base,50.0,3.0,0.04601209610700607,0.01150299608707428,3
garch_t,10,946,chronos_bolt,,,,,1
garch_t,10,946,chronos_2,,,,,34
garch_t,10,963,chronos_base,50.0,2.0,0.11900144815444946,0.011900126934051514,3
garch_t,10,963,chronos_bolt,,,,,1
garch_t,10,963,chronos_2,,,,,34
garch_t,10,980,chronos_base,50.0,2.0,0.05014324188232422,0.012535780668258667,3
garch_t,10,980,chronos_bolt,,,,,1
garch_t,10,980,chronos_2,,,,,34
garch_t,10,997,chronos_base,50.0,2.0,0.1038200855255127,0.0129774808883667,3
garch_t,10,997,chronos_bolt,,,,,1
garch_t,10,997,chronos_2,,,,,34
garch_t,10,1013,chronos_base,50.0,1.0,,0.013384819030761719,3
garch_t,10,1013,chronos_bolt,,,,,1
garch_t,10,1013,chronos_2,,,,,34
garch_t,10,1030,chronos_base,50.0,2.0,0.027847707271575928,0.013923823833465576,3
garch_t,10,1030,chronos_bolt,,,,,1
garch_t,10,1030,chronos_2,,,,,34
garch_t,10,1047,chronos_base,50.0,2.0,0.027972936630249023,0.013986468315124512,3
garch_t,10,1047,chronos_bolt,,,,,1
garch_t,10,1047,chronos_2,,,,,34
garch_t,10,1064,chronos_base,50.0,3.0,0.06421291828155518,0.014269471168518066,3
garch_t,10,1064,chronos_bolt,,,,,1
garch_t,10,1064,chronos_2,,,,,34
garch_t,10,1080,chronos_base,50.0,2.0,0.029190123081207275,0.0145949125289917,3
garch_t,10,1080,chronos_bolt,,,,,1
garch_t,10,1080,chronos_2,,,,,34
garch_t,10,1097,chronos_base,50.0,1.0,,0.014868319034576416,3
garch_t,10,1097,chronos_bolt,,,,,1
garch_t,10,1097,chronos_2,,,,,34
garch_t,10,1114,chronos_base,50.0,2.0,0.044823527336120605,0.014941096305847168,3
garch_t,10,1114,chronos_bolt,,,,,1
garch_t,10,1114,chronos_2,,,,,34
garch_t,10,1130,chronos_base,50.0,3.0,0.052449554204940796,0.01498556137084961,3
garch_t,10,1130,chronos_bolt,,,,,1
garch_t,10,1130,chronos_2,,,,,34
garch_t,10,1147,chronos_base,50.0,2.0,0.10543107986450195,0.015061557292938232,3
garch_t,10,1147,chronos_bolt,,,,,1
garch_t,10,1147,chronos_2,,,,,34
garch_t,10,1164,chronos_base,50.0,2.0,0.04584711790084839,0.01528233289718628,3
garch_t,10,1164,chronos_bolt,,,,,1
garch_t,10,1164,chronos_2,,,,,34
garch_t,10,1181,chronos_base,50.0,2.0,0.015269815921783447,0.015269726514816284,3
garch_t,10,1181,chronos_bolt,,,,,1
garch_t,10,1181,chronos_2,,,,,34
garch_t,10,1197,chronos_base,50.0,2.0,0.015367448329925537,0.015367388725280762,3
garch_t,10,1197,chronos_bolt,,,,,1
garch_t,10,1197,chronos_2,,,,,34
garch_t,10,1214,chronos_base,50.0,3.0,0.015514165163040161,0.015514075756072998,3
garch_t,10,1214,chronos_bolt,,,,,1
garch_t,10,1214,chronos_2,,,,,34
garch_t,10,1231,chronos_base,50.0,2.0,0.03138992190361023,0.01569494605064392,3
garch_t,10,1231,chronos_bolt,,,,,1
garch_t,10,1231,chronos_2,,,,,34
garch_t,10,1248,chronos_base,50.0,2.0,0.0160825252532959,0.016082465648651123,3
garch_t,10,1248,chronos_bolt,,,,,1
garch_t,10,1248,chronos_2,,,,,34
garch_t,10,1264,chronos_base,50.0,2.0,0.09734350442886353,0.01622384786605835,3
garch_t,10,1264,chronos_bolt,,,,,1
garch_t,10,1264,chronos_2,,,,,34
garch_t,10,1281,chronos_base,50.0,2.0,0.016080498695373535,0.016080498695373535,3
garch_t,10,1281,chronos_bolt,,,,,1
garch_t,10,1281,chronos_2,,,,,34
garch_t,10,1298,chronos_base,50.0,2.0,0.015969693660736084,0.01596963405609131,3
garch_t,10,1298,chronos_bolt,,,,,1
garch_t,10,1298,chronos_2,,,,,34
garch_t,10,1314,chronos_base,50.0,2.0,0.015916049480438232,0.015916049480438232,3
garch_t,10,1314,chronos_bolt,,,,,1
garch_t,10,1314,chronos_2,,,,,34
garch_t,10,1331,chronos_base,50.0,2.0,0.015835613012313843,0.015835553407669067,3
garch_t,10,1331,chronos_bolt,,,,,1
garch_t,10,1331,chronos_2,,,,,34
garch_t,10,1348,chronos_base,50.0,1.0,,0.015702635049819946,3
garch_t,10,1348,chronos_bolt,,,,,1
garch_t,10,1348,chronos_2,,,,,34
garch_t,10,1365,chronos_base,50.0,2.0,0.015414774417877197,0.015414714813232422,3
garch_t,10,1365,chronos_bolt,,,,,1
garch_t,10,1365,chronos_2,,,,,34
garch_t,10,1381,chronos_base,50.0,2.0,0.03041750192642212,0.015208721160888672,3
garch_t,10,1381,chronos_bolt,,,,,1
garch_t,10,1381,chronos_2,,,,,34
garch_t,10,1398,chronos_base,50.0,3.0,0.015069156885147095,0.015069127082824707,3
garch_t,10,1398,chronos_bolt,,,,,1
garch_t,10,1398,chronos_2,,,,,34
garch_t,10,1415,chronos_base,50.0,2.0,0.015025556087493896,0.015025556087493896,3
garch_t,10,1415,chronos_bolt,,,,,1
garch_t,10,1415,chronos_2,,,,,34
garch_t,10,1432,chronos_base,50.0,2.0,0.1484023630619049,0.014840185642242432,3
garch_t,10,1432,chronos_bolt,,,,,1
garch_t,10,1432,chronos_2,,,,,34
garch_t,10,1448,chronos_base,50.0,1.0,,0.01454704999923706,3
garch_t,10,1448,chronos_bolt,,,,,1
garch_t,10,1448,chronos_2,,,,,34
garch_t,10,1465,chronos_base,50.0,2.0,0.014061205089092255,0.014061152935028076,3
garch_t,10,1465,chronos_bolt,,,,,1
garch_t,10,1465,chronos_2,,,,,34
garch_t,10,1482,chronos_base,50.0,2.0,0.027574241161346436,0.013787120580673218,3
garch_t,10,1482,chronos_bolt,,,,,1
garch_t,10,1482,chronos_2,,,,,34
garch_t,10,1499,chronos_base,50.0,2.0,0.013571560382843018,0.013571560382843018,3
garch_t,10,1499,chronos_bolt,,,,,1
garch_t,10,1499,chronos_2,,,,,34
garch_t,11,512,chronos_base,50.0,2.0,0.008839026093482971,0.008839011192321777,3
garch_t,11,512,chronos_bolt,,,,,1
garch_t,11,512,chronos_2,,,,,34
garch_t,11,528,chronos_base,50.0,2.0,0.008671432733535767,0.008671402931213379,3
garch_t,11,528,chronos_bolt,,,,,1
garch_t,11,528,chronos_2,,,,,34
garch_t,11,545,chronos_base,50.0,2.0,0.0849270224571228,0.008492693305015564,3
garch_t,11,545,chronos_bolt,,,,,1
garch_t,11,545,chronos_2,,,,,34
garch_t,11,562,chronos_base,50.0,3.0,0.029702559113502502,0.008486419916152954,3
garch_t,11,562,chronos_bolt,,,,,1
garch_t,11,562,chronos_2,,,,,34
garch_t,11,578,chronos_base,50.0,2.0,0.04148542881011963,0.008297070860862732,3
garch_t,11,578,chronos_bolt,,,,,1
garch_t,11,578,chronos_2,,,,,34
garch_t,11,595,chronos_base,50.0,2.0,0.05809754133224487,0.008299648761749268,3
garch_t,11,595,chronos_bolt,,,,,1
garch_t,11,595,chronos_2,,,,,34
garch_t,11,612,chronos_base,50.0,2.0,0.04919186234474182,0.00819861888885498,3
garch_t,11,612,chronos_bolt,,,,,1
garch_t,11,612,chronos_2,,,,,34
garch_t,11,629,chronos_base,50.0,2.0,0.04893040657043457,0.00815504789352417,3
garch_t,11,629,chronos_bolt,,,,,1
garch_t,11,629,chronos_2,,,,,34
garch_t,11,645,chronos_base,50.0,2.0,0.008097529411315918,0.00809749960899353,3
garch_t,11,645,chronos_bolt,,,,,1
garch_t,11,645,chronos_2,,,,,34
garch_t,11,662,chronos_base,50.0,3.0,0.008052147924900055,0.008052125573158264,3
garch_t,11,662,chronos_bolt,,,,,1
garch_t,11,662,chronos_2,,,,,34
garch_t,11,679,chronos_base,50.0,2.0,0.00788639485836029,0.007886379957199097,3
garch_t,11,679,chronos_bolt,,,,,1
garch_t,11,679,chronos_2,,,,,34
garch_t,11,696,chronos_base,50.0,2.0,0.007767725735902786,0.007767707109451294,3
garch_t,11,696,chronos_bolt,,,,,1
garch_t,11,696,chronos_2,,,,,34
garch_t,11,712,chronos_base,50.0,2.0,0.007679596543312073,0.007679596543312073,3
garch_t,11,712,chronos_bolt,,,,,1
garch_t,11,712,chronos_2,,,,,34
garch_t,11,729,chronos_base,50.0,2.0,0.01549607515335083,0.007748022675514221,3
garch_t,11,729,chronos_bolt,,,,,1
garch_t,11,729,chronos_2,,,,,34
garch_t,11,746,chronos_base,50.0,2.0,0.015637323260307312,0.007818654179573059,3
garch_t,11,746,chronos_bolt,,,,,1
garch_t,11,746,chronos_2,,,,,34
garch_t,11,762,chronos_base,50.0,2.0,0.007755279541015625,0.007755264639854431,3
garch_t,11,762,chronos_bolt,,,,,1
garch_t,11,762,chronos_2,,,,,34
garch_t,11,779,chronos_base,50.0,2.0,0.04678475856781006,0.007797449827194214,3
garch_t,11,779,chronos_bolt,,,,,1
garch_t,11,779,chronos_2,,,,,34
garch_t,11,796,chronos_base,50.0,2.0,0.053402602672576904,0.007628932595252991,3
garch_t,11,796,chronos_bolt,,,,,1
garch_t,11,796,chronos_2,,,,,34
garch_t,11,813,chronos_base,50.0,2.0,0.007463052868843079,0.007463052868843079,3
garch_t,11,813,chronos_bolt,,,,,1
garch_t,11,813,chronos_2,,,,,34
garch_t,11,829,chronos_base,50.0,2.0,0.01431378722190857,0.007156848907470703,3
garch_t,11,829,chronos_bolt,,,,,1
garch_t,11,829,chronos_2,,,,,34
garch_t,11,846,chronos_base,50.0,2.0,0.014381706714630127,0.0071908533573150635,3
garch_t,11,846,chronos_bolt,,,,,1
garch_t,11,846,chronos_2,,,,,34
garch_t,11,863,chronos_base,50.0,3.0,0.014347165822982788,0.0071735680103302,3
garch_t,11,863,chronos_bolt,,,,,1
garch_t,11,863,chronos_2,,,,,34
garch_t,11,880,chronos_base,50.0,2.0,0.007270753383636475,0.007270723581314087,3
garch_t,11,880,chronos_bolt,,,,,1
garch_t,11,880,chronos_2,,,,,34
garch_t,11,896,chronos_base,50.0,1.0,,0.007352173328399658,3
garch_t,11,896,chronos_bolt,,,,,1
garch_t,11,896,chronos_2,,,,,34
garch_t,11,913,chronos_base,50.0,3.0,0.011041015386581421,0.007360666990280151,3
garch_t,11,913,chronos_bolt,,,,,1
garch_t,11,913,chronos_2,,,,,34
garch_t,11,930,chronos_base,50.0,2.0,0.007479280233383179,0.007479250431060791,3
garch_t,11,930,chronos_bolt,,,,,1
garch_t,11,930,chronos_2,,,,,34
garch_t,11,946,chronos_base,50.0,2.0,0.0152110755443573,0.007605522871017456,3
garch_t,11,946,chronos_bolt,,,,,1
garch_t,11,946,chronos_2,,,,,34
garch_t,11,963,chronos_base,50.0,2.0,0.007675528526306152,0.007675498723983765,3
garch_t,11,963,chronos_bolt,,,,,1
garch_t,11,963,chronos_2,,,,,34
garch_t,11,980,chronos_base,50.0,2.0,0.015611648559570312,0.0078057944774627686,3
garch_t,11,980,chronos_bolt,,,,,1
garch_t,11,980,chronos_2,,,,,34
garch_t,11,997,chronos_base,50.0,2.0,0.015815526247024536,0.007907748222351074,3
garch_t,11,997,chronos_bolt,,,,,1
garch_t,11,997,chronos_2,,,,,34
garch_t,11,1013,chronos_base,50.0,2.0,0.008001476526260376,0.008001476526260376,3
garch_t,11,1013,chronos_bolt,,,,,1
garch_t,11,1013,chronos_2,,,,,34
garch_t,11,1030,chronos_base,50.0,2.0,0.04830238223075867,0.008050382137298584,3
garch_t,11,1030,chronos_bolt,,,,,1
garch_t,11,1030,chronos_2,,,,,34
garch_t,11,1047,chronos_base,50.0,2.0,0.00820133090019226,0.008201271295547485,3
garch_t,11,1047,chronos_bolt,,,,,1
garch_t,11,1047,chronos_2,,,,,34
garch_t,11,1064,chronos_base,50.0,2.0,0.01653638482093811,0.008268162608146667,3
garch_t,11,1064,chronos_bolt,,,,,1
garch_t,11,1064,chronos_2,,,,,34
garch_t,11,1080,chronos_base,50.0,2.0,0.016176044940948486,0.008087992668151855,3
garch_t,11,1080,chronos_bolt,,,,,1
garch_t,11,1080,chronos_2,,,,,34
garch_t,11,1097,chronos_base,50.0,2.0,0.015417218208312988,0.0077085793018341064,3
garch_t,11,1097,chronos_bolt,,,,,1
garch_t,11,1097,chronos_2,,,,,34
garch_t,11,1114,chronos_base,50.0,2.0,0.015248924493789673,0.007624432444572449,3
garch_t,11,1114,chronos_bolt,,,,,1
garch_t,11,1114,chronos_2,,,,,34
garch_t,11,1130,chronos_base,50.0,2.0,0.044972240924835205,0.0074953436851501465,3
garch_t,11,1130,chronos_bolt,,,,,1
garch_t,11,1130,chronos_2,,,,,34
garch_t,11,1147,chronos_base,50.0,2.0,0.014942526817321777,0.007471233606338501,3
garch_t,11,1147,chronos_bolt,,,,,1
garch_t,11,1147,chronos_2,,,,,34
garch_t,11,1164,chronos_base,50.0,3.0,0.018604964017868042,0.007441967725753784,3
garch_t,11,1164,chronos_bolt,,,,,1
garch_t,11,1164,chronos_2,,,,,34
garch_t,11,1181,chronos_base,50.0,2.0,0.03774270415306091,0.007548525929450989,3
garch_t,11,1181,chronos_bolt,,,,,1
garch_t,11,1181,chronos_2,,,,,34
garch_t,11,1197,chronos_base,50.0,2.0,0.0151824951171875,0.007591217756271362,3
garch_t,11,1197,chronos_bolt,,,,,1
garch_t,11,1197,chronos_2,,,,,34
garch_t,11,1214,chronos_base,50.0,2.0,0.015530169010162354,0.007765084505081177,3
garch_t,11,1214,chronos_bolt,,,,,1
garch_t,11,1214,chronos_2,,,,,34
garch_t,11,1231,chronos_base,50.0,2.0,0.015695899724960327,0.00784793496131897,3
garch_t,11,1231,chronos_bolt,,,,,1
garch_t,11,1231,chronos_2,,,,,34
garch_t,11,1248,chronos_base,50.0,2.0,0.007991790771484375,0.007991790771484375,3
garch_t,11,1248,chronos_bolt,,,,,1
garch_t,11,1248,chronos_2,,,,,34
garch_t,11,1264,chronos_base,50.0,2.0,0.01621323823928833,0.008106589317321777,3
garch_t,11,1264,chronos_bolt,,,,,1
garch_t,11,1264,chronos_2,,,,,34
garch_t,11,1281,chronos_base,50.0,2.0,0.008098363876342773,0.008098334074020386,3
garch_t,11,1281,chronos_bolt,,,,,1
garch_t,11,1281,chronos_2,,,,,34
garch_t,11,1298,chronos_base,50.0,2.0,0.016052991151809692,0.008026480674743652,3
garch_t,11,1298,chronos_bolt,,,,,1
garch_t,11,1298,chronos_2,,,,,34
garch_t,11,1314,chronos_base,50.0,3.0,0.01613593101501465,0.008067935705184937,3
garch_t,11,1314,chronos_bolt,,,,,1
garch_t,11,1314,chronos_2,,,,,34
garch_t,11,1331,chronos_base,50.0,2.0,0.01618710160255432,0.008093520998954773,3
garch_t,11,1331,chronos_bolt,,,,,1
garch_t,11,1331,chronos_2,,,,,34
garch_t,11,1348,chronos_base,50.0,2.0,0.01620692014694214,0.00810346007347107,3
garch_t,11,1348,chronos_bolt,,,,,1
garch_t,11,1348,chronos_2,,,,,34
garch_t,11,1365,chronos_base,50.0,2.0,0.0725853443145752,0.008065015077590942,3
garch_t,11,1365,chronos_bolt,,,,,1
garch_t,11,1365,chronos_2,,,,,34
garch_t,11,1381,chronos_base,50.0,2.0,0.016057699918746948,0.00802883505821228,3
garch_t,11,1381,chronos_bolt,,,,,1
garch_t,11,1381,chronos_2,,,,,34
garch_t,11,1398,chronos_base,50.0,2.0,0.007771313190460205,0.007771313190460205,3
garch_t,11,1398,chronos_bolt,,,,,1
garch_t,11,1398,chronos_2,,,,,34
garch_t,11,1415,chronos_base,50.0,3.0,0.03794027864933014,0.007588043808937073,3
garch_t,11,1415,chronos_bolt,,,,,1
garch_t,11,1415,chronos_2,,,,,34
garch_t,11,1432,chronos_base,50.0,2.0,0.014894187450408936,0.007447078824043274,3
garch_t,11,1432,chronos_bolt,,,,,1
garch_t,11,1432,chronos_2,,,,,34
garch_t,11,1448,chronos_base,50.0,2.0,0.029135286808013916,0.007283806800842285,3
garch_t,11,1448,chronos_bolt,,,,,1
garch_t,11,1448,chronos_2,,,,,34
garch_t,11,1465,chronos_base,50.0,3.0,0.007306650280952454,0.007306620478630066,3
garch_t,11,1465,chronos_bolt,,,,,1
garch_t,11,1465,chronos_2,,,,,34
garch_t,11,1482,chronos_base,50.0,2.0,0.014713108539581299,0.007356539368629456,3
garch_t,11,1482,chronos_bolt,,,,,1
garch_t,11,1482,chronos_2,,,,,34
garch_t,11,1499,chronos_base,50.0,2.0,0.007685776799917221,0.007685750722885132,3
garch_t,11,1499,chronos_bolt,,,,,1
garch_t,11,1499,chronos_2,,,,,34
garch_t,12,512,chronos_base,50.0,2.0,0.008700430393218994,0.008700430393218994,3
garch_t,12,512,chronos_bolt,,,,,1
garch_t,12,512,chronos_2,,,,,34
garch_t,12,528,chronos_base,50.0,3.0,0.03920428454875946,0.008712053298950195,3
garch_t,12,528,chronos_bolt,,,,,1
garch_t,12,528,chronos_2,,,,,34
garch_t,12,545,chronos_base,50.0,3.0,0.013414919376373291,0.008943259716033936,3
garch_t,12,545,chronos_bolt,,,,,1
garch_t,12,545,chronos_2,,,,,34
garch_t,12,562,chronos_base,50.0,2.0,0.008944898843765259,0.008944869041442871,3
garch_t,12,562,chronos_bolt,,,,,1
garch_t,12,562,chronos_2,,,,,34
garch_t,12,578,chronos_base,50.0,2.0,0.009021550416946411,0.009021490812301636,3
garch_t,12,578,chronos_bolt,,,,,1
garch_t,12,578,chronos_2,,,,,34
garch_t,12,595,chronos_base,50.0,2.0,0.01765751838684082,0.008828729391098022,3
garch_t,12,595,chronos_bolt,,,,,1
garch_t,12,595,chronos_2,,,,,34
garch_t,12,612,chronos_base,50.0,2.0,0.017704129219055176,0.008852064609527588,3
garch_t,12,612,chronos_bolt,,,,,1
garch_t,12,612,chronos_2,,,,,34
garch_t,12,629,chronos_base,50.0,3.0,0.008637398481369019,0.00863736867904663,3
garch_t,12,629,chronos_bolt,,,,,1
garch_t,12,629,chronos_2,,,,,34
garch_t,12,645,chronos_base,50.0,1.0,,0.008529692888259888,3
garch_t,12,645,chronos_bolt,,,,,1
garch_t,12,645,chronos_2,,,,,34
garch_t,12,662,chronos_base,50.0,2.0,0.02506318688392639,0.008354395627975464,3
garch_t,12,662,chronos_bolt,,,,,1
garch_t,12,662,chronos_2,,,,,34
garch_t,12,679,chronos_base,50.0,2.0,0.008415848016738892,0.008415848016738892,3
garch_t,12,679,chronos_bolt,,,,,1
garch_t,12,679,chronos_2,,,,,34
garch_t,12,696,chronos_base,50.0,2.0,0.024892538785934448,0.008297502994537354,3
garch_t,12,696,chronos_bolt,,,,,1
garch_t,12,696,chronos_2,,,,,34
garch_t,12,712,chronos_base,50.0,2.0,0.008300572633743286,0.008300572633743286,3
garch_t,12,712,chronos_bolt,,,,,1
garch_t,12,712,chronos_2,,,,,34
garch_t,12,729,chronos_base,50.0,2.0,0.03368464112281799,0.008421152830123901,3
garch_t,12,729,chronos_bolt,,,,,1
garch_t,12,729,chronos_2,,,,,34
garch_t,12,746,chronos_base,50.0,2.0,0.025950998067855835,0.00865030288696289,3
garch_t,12,746,chronos_bolt,,,,,1
garch_t,12,746,chronos_2,,,,,34
garch_t,12,762,chronos_base,50.0,2.0,0.01795908808708191,0.00897952914237976,3
garch_t,12,762,chronos_bolt,,,,,1
garch_t,12,762,chronos_2,,,,,34
garch_t,12,779,chronos_base,50.0,2.0,0.019039183855056763,0.009519577026367188,3
garch_t,12,779,chronos_bolt,,,,,1
garch_t,12,779,chronos_2,,,,,34
garch_t,12,796,chronos_base,50.0,2.0,0.0195370614528656,0.009768486022949219,3
garch_t,12,796,chronos_bolt,,,,,1
garch_t,12,796,chronos_2,,,,,34
garch_t,12,813,chronos_base,50.0,3.0,0.014827340841293335,0.009884893894195557,3
garch_t,12,813,chronos_bolt,,,,,1
garch_t,12,813,chronos_2,,,,,34
garch_t,12,829,chronos_base,50.0,2.0,0.019453763961791992,0.009726881980895996,3
garch_t,12,829,chronos_bolt,,,,,1
garch_t,12,829,chronos_2,,,,,34
garch_t,12,846,chronos_base,50.0,2.0,0.0200958251953125,0.010047882795333862,3
garch_t,12,846,chronos_bolt,,,,,1
garch_t,12,846,chronos_2,,,,,34
garch_t,12,863,chronos_base,50.0,3.0,0.020340219140052795,0.0101701021194458,3
garch_t,12,863,chronos_bolt,,,,,1
garch_t,12,863,chronos_2,,,,,34
garch_t,12,880,chronos_base,50.0,2.0,0.010379612445831299,0.010379612445831299,3
garch_t,12,880,chronos_bolt,,,,,1
garch_t,12,880,chronos_2,,,,,34
garch_t,12,896,chronos_base,50.0,2.0,0.010489702224731445,0.010489583015441895,3
garch_t,12,896,chronos_bolt,,,,,1
garch_t,12,896,chronos_2,,,,,34
garch_t,12,913,chronos_base,50.0,2.0,0.020997166633605957,0.01049855351448059,3
garch_t,12,913,chronos_bolt,,,,,1
garch_t,12,913,chronos_2,,,,,34
garch_t,12,930,chronos_base,50.0,2.0,0.05227452516555786,0.01045486330986023,3
garch_t,12,930,chronos_bolt,,,,,1
garch_t,12,930,chronos_2,,,,,34
garch_t,12,946,chronos_base,50.0,2.0,0.010514497756958008,0.010514497756958008,3
garch_t,12,946,chronos_bolt,,,,,1
garch_t,12,946,chronos_2,,,,,34
garch_t,12,963,chronos_base,50.0,2.0,0.021316468715667725,0.010658204555511475,3
garch_t,12,963,chronos_bolt,,,,,1
garch_t,12,963,chronos_2,,,,,34
garch_t,12,980,chronos_base,50.0,2.0,0.03235700726509094,0.01078563928604126,3
garch_t,12,980,chronos_bolt,,,,,1
garch_t,12,980,chronos_2,,,,,34
garch_t,12,997,chronos_base,50.0,2.0,0.02208268642425537,0.01104128360748291,3
garch_t,12,997,chronos_bolt,,,,,1
garch_t,12,997,chronos_2,,,,,34
garch_t,12,1013,chronos_base,50.0,1.0,,0.011328071355819702,3
garch_t,12,1013,chronos_bolt,,,,,1
garch_t,12,1013,chronos_2,,,,,34
garch_t,12,1030,chronos_base,50.0,2.0,0.0341915488243103,0.01139715313911438,3
garch_t,12,1030,chronos_bolt,,,,,1
garch_t,12,1030,chronos_2,,,,,34
garch_t,12,1047,chronos_base,50.0,2.0,0.01129963994026184,0.011299610137939453,3
garch_t,12,1047,chronos_bolt,,,,,1
garch_t,12,1047,chronos_2,,,,,34
garch_t,12,1064,chronos_base,50.0,2.0,0.011593043804168701,0.011593014001846313,3
garch_t,12,1064,chronos_bolt,,,,,1
garch_t,12,1064,chronos_2,,,,,34
garch_t,12,1080,chronos_base,50.0,2.0,0.023314476013183594,0.01165720820426941,3
garch_t,12,1080,chronos_bolt,,,,,1
garch_t,12,1080,chronos_2,,,,,34
garch_t,12,1097,chronos_base,50.0,2.0,0.02368566393852234,0.011842817068099976,3
garch_t,12,1097,chronos_bolt,,,,,1
garch_t,12,1097,chronos_2,,,,,34
garch_t,12,1114,chronos_base,50.0,2.0,0.04937601089477539,0.012344002723693848,3
garch_t,12,1114,chronos_bolt,,,,,1
garch_t,12,1114,chronos_2,,,,,34
garch_t,12,1130,chronos_base,50.0,2.0,0.012552917003631592,0.012552857398986816,3
garch_t,12,1130,chronos_bolt,,,,,1
garch_t,12,1130,chronos_2,,,,,34
garch_t,12,1147,chronos_base,50.0,2.0,0.07825648784637451,0.013042733073234558,3
garch_t,12,1147,chronos_bolt,,,,,1
garch_t,12,1147,chronos_2,,,,,34
garch_t,12,1164,chronos_base,50.0,2.0,0.02668863534927368,0.013344287872314453,3
garch_t,12,1164,chronos_bolt,,,,,1
garch_t,12,1164,chronos_2,,,,,34
garch_t,12,1181,chronos_base,50.0,2.0,0.026904582977294922,0.013452231884002686,3
garch_t,12,1181,chronos_bolt,,,,,1
garch_t,12,1181,chronos_2,,,,,34
garch_t,12,1197,chronos_base,50.0,2.0,0.08133232593536377,0.013555347919464111,3
garch_t,12,1197,chronos_bolt,,,,,1
garch_t,12,1197,chronos_2,,,,,34
garch_t,12,1214,chronos_base,50.0,2.0,0.02755272388458252,0.013776332139968872,3
garch_t,12,1214,chronos_bolt,,,,,1
garch_t,12,1214,chronos_2,,,,,34
garch_t,12,1231,chronos_base,50.0,1.0,,0.013757944107055664,3
garch_t,12,1231,chronos_bolt,,,,,1
garch_t,12,1231,chronos_2,,,,,34
garch_t,12,1248,chronos_base,50.0,2.0,0.027065753936767578,0.013532876968383789,3
garch_t,12,1248,chronos_bolt,,,,,1
garch_t,12,1248,chronos_2,,,,,34
garch_t,12,1264,chronos_base,50.0,2.0,0.07914090156555176,0.013190090656280518,3
garch_t,12,1264,chronos_bolt,,,,,1
garch_t,12,1264,chronos_2,,,,,34
garch_t,12,1281,chronos_base,50.0,2.0,0.012672945857048035,0.01267293095588684,3
garch_t,12,1281,chronos_bolt,,,,,1
garch_t,12,1281,chronos_2,,,,,34
garch_t,12,1298,chronos_base,50.0,2.0,0.012265384197235107,0.01226535439491272,3
garch_t,12,1298,chronos_bolt,,,,,1
garch_t,12,1298,chronos_2,,,,,34
garch_t,12,1314,chronos_base,50.0,3.0,0.01802004873752594,0.012013331055641174,3
garch_t,12,1314,chronos_bolt,,,,,1
garch_t,12,1314,chronos_2,,,,,34
garch_t,12,1331,chronos_base,50.0,3.0,0.042142756283283234,0.01204073429107666,3
garch_t,12,1331,chronos_bolt,,,,,1
garch_t,12,1331,chronos_2,,,,,34
garch_t,12,1348,chronos_base,50.0,3.0,0.01803728938102722,0.01202481985092163,3
garch_t,12,1348,chronos_bolt,,,,,1
garch_t,12,1348,chronos_2,,,,,34
garch_t,12,1365,chronos_base,50.0,2.0,0.01173815131187439,0.011738136410713196,3
garch_t,12,1365,chronos_bolt,,,,,1
garch_t,12,1365,chronos_2,,,,,34
garch_t,12,1381,chronos_base,50.0,2.0,0.011554896831512451,0.011554837226867676,3
garch_t,12,1381,chronos_bolt,,,,,1
garch_t,12,1381,chronos_2,,,,,34
garch_t,12,1398,chronos_base,50.0,2.0,0.011485397815704346,0.011485368013381958,3
garch_t,12,1398,chronos_bolt,,,,,1
garch_t,12,1398,chronos_2,,,,,34
garch_t,12,1415,chronos_base,50.0,2.0,0.045512616634368896,0.01137813925743103,3
garch_t,12,1415,chronos_bolt,,,,,1
garch_t,12,1415,chronos_2,,,,,34
garch_t,12,1432,chronos_base,50.0,3.0,0.01703345775604248,0.011355608701705933,3
garch_t,12,1432,chronos_bolt,,,,,1
garch_t,12,1432,chronos_2,,,,,34
garch_t,12,1448,chronos_base,50.0,2.0,0.011377930641174316,0.011377871036529541,3
garch_t,12,1448,chronos_bolt,,,,,1
garch_t,12,1448,chronos_2,,,,,34
garch_t,12,1465,chronos_base,50.0,2.0,0.07891422510147095,0.011273443698883057,3
garch_t,12,1465,chronos_bolt,,,,,1
garch_t,12,1465,chronos_2,,,,,34
garch_t,12,1482,chronos_base,50.0,2.0,0.046198368072509766,0.011549592018127441,3
garch_t,12,1482,chronos_bolt,,,,,1
garch_t,12,1482,chronos_2,,,,,34
garch_t,12,1499,chronos_base,50.0,2.0,0.024004697799682617,0.012002348899841309,3
garch_t,12,1499,chronos_bolt,,,,,1
garch_t,12,1499,chronos_2,,,,,34
garch_t,13,512,chronos_base,50.0,3.0,0.012191630899906158,0.012191593647003174,3
garch_t,13,512,chronos_bolt,,,,,1
garch_t,13,512,chronos_2,,,,,34
garch_t,13,528,chronos_base,50.0,2.0,0.01195836067199707,0.011958301067352295,3
garch_t,13,528,chronos_bolt,,,,,1
garch_t,13,528,chronos_2,,,,,34
garch_t,13,545,chronos_base,50.0,2.0,0.02376455068588257,0.011882275342941284,3
garch_t,13,545,chronos_bolt,,,,,1
garch_t,13,545,chronos_2,,,,,34
garch_t,13,562,chronos_base,50.0,2.0,0.011540710926055908,0.011540591716766357,3
garch_t,13,562,chronos_bolt,,,,,1
garch_t,13,562,chronos_2,,,,,34
garch_t,13,578,chronos_base,50.0,2.0,0.011286288499832153,0.011286258697509766,3
garch_t,13,578,chronos_bolt,,,,,1
garch_t,13,578,chronos_2,,,,,34
garch_t,13,595,chronos_base,50.0,3.0,0.03252167999744415,0.010840535163879395,3
garch_t,13,595,chronos_bolt,,,,,1
garch_t,13,595,chronos_2,,,,,34
garch_t,13,612,chronos_base,50.0,2.0,0.01038968563079834,0.01038968563079834,3
garch_t,13,612,chronos_bolt,,,,,1
garch_t,13,612,chronos_2,,,,,34
garch_t,13,629,chronos_base,50.0,2.0,0.030474185943603516,0.010158032178878784,3
garch_t,13,629,chronos_bolt,,,,,1
garch_t,13,629,chronos_2,,,,,34
garch_t,13,645,chronos_base,50.0,2.0,0.059359610080718994,0.009893238544464111,3
garch_t,13,645,chronos_bolt,,,,,1
garch_t,13,645,chronos_2,,,,,34
garch_t,13,662,chronos_base,50.0,2.0,0.009627163410186768,0.00962713360786438,3
garch_t,13,662,chronos_bolt,,,,,1
garch_t,13,662,chronos_2,,,,,34
garch_t,13,679,chronos_base,50.0,2.0,0.00923272967338562,0.009232640266418457,3
garch_t,13,679,chronos_bolt,,,,,1
garch_t,13,679,chronos_2,,,,,34
garch_t,13,696,chronos_base,50.0,3.0,0.008749648928642273,0.008749634027481079,3
garch_t,13,696,chronos_bolt,,,,,1
garch_t,13,696,chronos_2,,,,,34
garch_t,13,712,chronos_base,50.0,3.0,0.012404263019561768,0.00826948881149292,3
garch_t,13,712,chronos_bolt,,,,,1
garch_t,13,712,chronos_2,,,,,34
garch_t,13,729,chronos_base,50.0,2.0,0.00808897614479065,0.008088916540145874,3
garch_t,13,729,chronos_bolt,,,,,1
garch_t,13,729,chronos_2,,,,,34
garch_t,13,746,chronos_base,50.0,2.0,0.016427069902420044,0.008213520050048828,3
garch_t,13,746,chronos_bolt,,,,,1
garch_t,13,746,chronos_2,,,,,34
garch_t,13,762,chronos_base,50.0,2.0,0.016510218381881714,0.008255094289779663,3
garch_t,13,762,chronos_bolt,,,,,1
garch_t,13,762,chronos_2,,,,,34
garch_t,13,779,chronos_base,50.0,2.0,0.00817158818244934,0.008171558380126953,3
garch_t,13,779,chronos_bolt,,,,,1
garch_t,13,779,chronos_2,,,,,34
garch_t,13,796,chronos_base,50.0,2.0,0.007944256067276001,0.007944256067276001,3
garch_t,13,796,chronos_bolt,,,,,1
garch_t,13,796,chronos_2,,,,,34
garch_t,13,813,chronos_base,50.0,2.0,0.015965431928634644,0.007982701063156128,3
garch_t,13,813,chronos_bolt,,,,,1
garch_t,13,813,chronos_2,,,,,34
garch_t,13,829,chronos_base,50.0,2.0,0.008027851581573486,0.008027851581573486,3
garch_t,13,829,chronos_bolt,,,,,1
garch_t,13,829,chronos_2,,,,,34
garch_t,13,846,chronos_base,50.0,1.0,,0.008089423179626465,3
garch_t,13,846,chronos_bolt,,,,,1
garch_t,13,846,chronos_2,,,,,34
garch_t,13,863,chronos_base,50.0,3.0,0.01638321578502655,0.008191585540771484,3
garch_t,13,863,chronos_bolt,,,,,1
garch_t,13,863,chronos_2,,,,,34
garch_t,13,880,chronos_base,50.0,2.0,0.01635444164276123,0.008177205920219421,3
garch_t,13,880,chronos_bolt,,,,,1
garch_t,13,880,chronos_2,,,,,34
garch_t,13,896,chronos_base,50.0,2.0,0.05654117465019226,0.008077293634414673,3
garch_t,13,896,chronos_bolt,,,,,1
garch_t,13,896,chronos_2,,,,,34
garch_t,13,913,chronos_base,50.0,2.0,0.02414378523826599,0.008047923445701599,3
garch_t,13,913,chronos_bolt,,,,,1
garch_t,13,913,chronos_2,,,,,34
garch_t,13,930,chronos_base,50.0,3.0,0.008019715547561646,0.008019685745239258,3
garch_t,13,930,chronos_bolt,,,,,1
garch_t,13,930,chronos_2,,,,,34
garch_t,13,946,chronos_base,50.0,2.0,0.016176939010620117,0.008088439702987671,3
garch_t,13,946,chronos_bolt,,,,,1
garch_t,13,946,chronos_2,,,,,34
garch_t,13,963,chronos_base,50.0,2.0,0.016266435384750366,0.00813320279121399,3
garch_t,13,963,chronos_bolt,,,,,1
garch_t,13,963,chronos_2,,,,,34
garch_t,13,980,chronos_base,50.0,2.0,0.04881161451339722,0.00813525915145874,3
garch_t,13,980,chronos_bolt,,,,,1
garch_t,13,980,chronos_2,,,,,34
garch_t,13,997,chronos_base,50.0,2.0,0.008144617080688477,0.008144602179527283,3
garch_t,13,997,chronos_bolt,,,,,1
garch_t,13,997,chronos_2,,,,,34
garch_t,13,1013,chronos_base,50.0,2.0,0.016390636563301086,0.008195295929908752,3
garch_t,13,1013,chronos_bolt,,,,,1
garch_t,13,1013,chronos_2,,,,,34
garch_t,13,1030,chronos_base,50.0,2.0,0.04125696420669556,0.008251368999481201,3
garch_t,13,1030,chronos_bolt,,,,,1
garch_t,13,1030,chronos_2,,,,,34
garch_t,13,1047,chronos_base,50.0,2.0,0.016273140907287598,0.008136540651321411,3
garch_t,13,1047,chronos_bolt,,,,,1
garch_t,13,1047,chronos_2,,,,,34
garch_t,13,1064,chronos_base,50.0,3.0,0.015862122178077698,0.007931023836135864,3
garch_t,13,1064,chronos_bolt,,,,,1
garch_t,13,1064,chronos_2,,,,,34
garch_t,13,1080,chronos_base,50.0,2.0,0.007891535758972168,0.007891535758972168,3
garch_t,13,1080,chronos_bolt,,,,,1
garch_t,13,1080,chronos_2,,,,,34
garch_t,13,1097,chronos_base,50.0,3.0,0.007663235068321228,0.0076631903648376465,3
garch_t,13,1097,chronos_bolt,,,,,1
garch_t,13,1097,chronos_2,,,,,34
garch_t,13,1114,chronos_base,50.0,2.0,0.007518172264099121,0.007518142461776733,3
garch_t,13,1114,chronos_bolt,,,,,1
garch_t,13,1114,chronos_2,,,,,34
garch_t,13,1130,chronos_base,50.0,2.0,0.007487207651138306,0.007487177848815918,3
garch_t,13,1130,chronos_bolt,,,,,1
garch_t,13,1130,chronos_2,,,,,34
garch_t,13,1147,chronos_base,50.0,2.0,0.015026509761810303,0.007513225078582764,3
garch_t,13,1147,chronos_bolt,,,,,1
garch_t,13,1147,chronos_2,,,,,34
garch_t,13,1164,chronos_base,50.0,2.0,0.015379786491394043,0.007689863443374634,3
garch_t,13,1164,chronos_bolt,,,,,1
garch_t,13,1164,chronos_2,,,,,34
garch_t,13,1181,chronos_base,50.0,2.0,0.007648289203643799,0.0076482295989990234,3
garch_t,13,1181,chronos_bolt,,,,,1
garch_t,13,1181,chronos_2,,,,,34
garch_t,13,1197,chronos_base,50.0,2.0,0.007859498262405396,0.007859468460083008,3
garch_t,13,1197,chronos_bolt,,,,,1
garch_t,13,1197,chronos_2,,,,,34
garch_t,13,1214,chronos_base,50.0,3.0,0.008174002170562744,0.008173972368240356,3
garch_t,13,1214,chronos_bolt,,,,,1
garch_t,13,1214,chronos_2,,,,,34
garch_t,13,1231,chronos_base,50.0,2.0,0.00824841856956482,0.00824841856956482,3
garch_t,13,1231,chronos_bolt,,,,,1
garch_t,13,1231,chronos_2,,,,,34
garch_t,13,1248,chronos_base,50.0,2.0,0.016311168670654297,0.008155584335327148,3
garch_t,13,1248,chronos_bolt,,,,,1
garch_t,13,1248,chronos_2,,,,,34
garch_t,13,1264,chronos_base,50.0,2.0,0.016025006771087646,0.008012473583221436,3
garch_t,13,1264,chronos_bolt,,,,,1
garch_t,13,1264,chronos_2,,,,,34
garch_t,13,1281,chronos_base,50.0,2.0,0.02389320731163025,0.007964372634887695,3
garch_t,13,1281,chronos_bolt,,,,,1
garch_t,13,1281,chronos_2,,,,,34
garch_t,13,1298,chronos_base,50.0,3.0,0.03183013200759888,0.007957518100738525,3
garch_t,13,1298,chronos_bolt,,,,,1
garch_t,13,1298,chronos_2,,,,,34
garch_t,13,1314,chronos_base,50.0,2.0,0.03166466951370239,0.007916152477264404,3
garch_t,13,1314,chronos_bolt,,,,,1
garch_t,13,1314,chronos_2,,,,,34
garch_t,13,1331,chronos_base,50.0,2.0,0.015871703624725342,0.007935851812362671,3
garch_t,13,1331,chronos_bolt,,,,,1
garch_t,13,1331,chronos_2,,,,,34
garch_t,13,1348,chronos_base,50.0,2.0,0.01581832766532898,0.007909148931503296,3
garch_t,13,1348,chronos_bolt,,,,,1
garch_t,13,1348,chronos_2,,,,,34
garch_t,13,1365,chronos_base,50.0,2.0,0.007766127586364746,0.007766097784042358,3
garch_t,13,1365,chronos_bolt,,,,,1
garch_t,13,1365,chronos_2,,,,,34
garch_t,13,1381,chronos_base,50.0,2.0,0.03075835108757019,0.007689580321311951,3
garch_t,13,1381,chronos_bolt,,,,,1
garch_t,13,1381,chronos_2,,,,,34
garch_t,13,1398,chronos_base,50.0,3.0,0.011497825384140015,0.00766521692276001,3
garch_t,13,1398,chronos_bolt,,,,,1
garch_t,13,1398,chronos_2,,,,,34
garch_t,13,1415,chronos_base,50.0,2.0,0.015239477157592773,0.007619708776473999,3
garch_t,13,1415,chronos_bolt,,,,,1
garch_t,13,1415,chronos_2,,,,,34
garch_t,13,1432,chronos_base,50.0,2.0,0.015029430389404297,0.0075147151947021484,3
garch_t,13,1432,chronos_bolt,,,,,1
garch_t,13,1432,chronos_2,,,,,34
garch_t,13,1448,chronos_base,50.0,2.0,0.007529258728027344,0.007529258728027344,3
garch_t,13,1448,chronos_bolt,,,,,1
garch_t,13,1448,chronos_2,,,,,34
garch_t,13,1465,chronos_base,50.0,2.0,0.007461518049240112,0.007461488246917725,3
garch_t,13,1465,chronos_bolt,,,,,1
garch_t,13,1465,chronos_2,,,,,34
garch_t,13,1482,chronos_base,50.0,2.0,0.01516464352607727,0.007582306861877441,3
garch_t,13,1482,chronos_bolt,,,,,1
garch_t,13,1482,chronos_2,,,,,34
garch_t,13,1499,chronos_base,50.0,3.0,0.01564721018075943,0.007823586463928223,3
garch_t,13,1499,chronos_bolt,,,,,1
garch_t,13,1499,chronos_2,,,,,34
garch_t,14,512,chronos_base,50.0,2.0,0.01680600643157959,0.008402958512306213,3
garch_t,14,512,chronos_bolt,,,,,1
garch_t,14,512,chronos_2,,,,,34
garch_t,14,528,chronos_base,50.0,2.0,0.008365482091903687,0.008365422487258911,3
garch_t,14,528,chronos_bolt,,,,,1
garch_t,14,528,chronos_2,,,,,34
garch_t,14,545,chronos_base,50.0,2.0,0.008433103561401367,0.008433088660240173,3
garch_t,14,545,chronos_bolt,,,,,1
garch_t,14,545,chronos_2,,,,,34
garch_t,14,562,chronos_base,50.0,2.0,0.008475780487060547,0.008475765585899353,3
garch_t,14,562,chronos_bolt,,,,,1
garch_t,14,562,chronos_2,,,,,34
garch_t,14,578,chronos_base,50.0,3.0,0.008468583226203918,0.008468538522720337,3
garch_t,14,578,chronos_bolt,,,,,1
garch_t,14,578,chronos_2,,,,,34
garch_t,14,595,chronos_base,50.0,3.0,0.01250922679901123,0.008339464664459229,3
garch_t,14,595,chronos_bolt,,,,,1
garch_t,14,595,chronos_2,,,,,34
garch_t,14,612,chronos_base,50.0,2.0,0.0168343186378479,0.008417129516601562,3
garch_t,14,612,chronos_bolt,,,,,1
garch_t,14,612,chronos_2,,,,,34
garch_t,14,629,chronos_base,50.0,1.0,,0.008444488048553467,3
garch_t,14,629,chronos_bolt,,,,,1
garch_t,14,629,chronos_2,,,,,34
garch_t,14,645,chronos_base,50.0,2.0,0.01707315444946289,0.008536562323570251,3
garch_t,14,645,chronos_bolt,,,,,1
garch_t,14,645,chronos_2,,,,,34
garch_t,14,662,chronos_base,50.0,2.0,0.008514940738677979,0.008514940738677979,3
garch_t,14,662,chronos_bolt,,,,,1
garch_t,14,662,chronos_2,,,,,34
garch_t,14,679,chronos_base,50.0,2.0,0.025727033615112305,0.008575648069381714,3
garch_t,14,679,chronos_bolt,,,,,1
garch_t,14,679,chronos_2,,,,,34
garch_t,14,696,chronos_base,50.0,2.0,0.01730942726135254,0.008654683828353882,3
garch_t,14,696,chronos_bolt,,,,,1
garch_t,14,696,chronos_2,,,,,34
garch_t,14,712,chronos_base,50.0,2.0,0.00884997844696045,0.00884997844696045,3
garch_t,14,712,chronos_bolt,,,,,1
garch_t,14,712,chronos_2,,,,,34
garch_t,14,729,chronos_base,50.0,2.0,0.009113341569900513,0.009113341569900513,3
garch_t,14,729,chronos_bolt,,,,,1
garch_t,14,729,chronos_2,,,,,34
garch_t,14,746,chronos_base,50.0,2.0,0.055188924074172974,0.009198129177093506,3
garch_t,14,746,chronos_bolt,,,,,1
garch_t,14,746,chronos_2,,,,,34
garch_t,14,762,chronos_base,50.0,2.0,0.009256690740585327,0.009256631135940552,3
garch_t,14,762,chronos_bolt,,,,,1
garch_t,14,762,chronos_2,,,,,34
garch_t,14,779,chronos_base,50.0,1.0,,0.009235650300979614,3
garch_t,14,779,chronos_bolt,,,,,1
garch_t,14,779,chronos_2,,,,,34
garch_t,14,796,chronos_base,50.0,2.0,0.0459936261177063,0.009198695421218872,3
garch_t,14,796,chronos_bolt,,,,,1
garch_t,14,796,chronos_2,,,,,34
garch_t,14,813,chronos_base,50.0,2.0,0.008976340293884277,0.00897631049156189,3
garch_t,14,813,chronos_bolt,,,,,1
garch_t,14,813,chronos_2,,,,,34
garch_t,14,829,chronos_base,50.0,2.0,0.018054932355880737,0.009027451276779175,3
garch_t,14,829,chronos_bolt,,,,,1
garch_t,14,829,chronos_2,,,,,34
garch_t,14,846,chronos_base,50.0,2.0,0.018587589263916016,0.00929376482963562,3
garch_t,14,846,chronos_bolt,,,,,1
garch_t,14,846,chronos_2,,,,,34
garch_t,14,863,chronos_base,50.0,2.0,0.009356409311294556,0.009356409311294556,3
garch_t,14,863,chronos_bolt,,,,,1
garch_t,14,863,chronos_2,,,,,34
garch_t,14,880,chronos_base,50.0,2.0,0.04727652668952942,0.009455293416976929,3
garch_t,14,880,chronos_bolt,,,,,1
garch_t,14,880,chronos_2,,,,,34
garch_t,14,896,chronos_base,50.0,2.0,0.009493321180343628,0.00949329137802124,3
garch_t,14,896,chronos_bolt,,,,,1
garch_t,14,896,chronos_2,,,,,34
garch_t,14,913,chronos_base,50.0,2.0,0.018832355737686157,0.009416162967681885,3
garch_t,14,913,chronos_bolt,,,,,1
garch_t,14,913,chronos_2,,,,,34
garch_t,14,930,chronos_base,50.0,2.0,0.01915043592453003,0.009575217962265015,3
garch_t,14,930,chronos_bolt,,,,,1
garch_t,14,930,chronos_2,,,,,34
garch_t,14,946,chronos_base,50.0,2.0,0.019727230072021484,0.009863585233688354,3
garch_t,14,946,chronos_bolt,,,,,1
garch_t,14,946,chronos_2,,,,,34
garch_t,14,963,chronos_base,50.0,2.0,0.010062485933303833,0.010062456130981445,3
garch_t,14,963,chronos_bolt,,,,,1
garch_t,14,963,chronos_2,,,,,34
garch_t,14,980,chronos_base,50.0,1.0,,0.010421037673950195,3
garch_t,14,980,chronos_bolt,,,,,1
garch_t,14,980,chronos_2,,,,,34
garch_t,14,997,chronos_base,50.0,3.0,0.0214841365814209,0.010742008686065674,3
garch_t,14,997,chronos_bolt,,,,,1
garch_t,14,997,chronos_2,,,,,34
garch_t,14,1013,chronos_base,50.0,3.0,0.03475180268287659,0.011583894491195679,3
garch_t,14,1013,chronos_bolt,,,,,1
garch_t,14,1013,chronos_2,,,,,34
garch_t,14,1030,chronos_base,50.0,2.0,0.012780100107192993,0.012780070304870605,3
garch_t,14,1030,chronos_bolt,,,,,1
garch_t,14,1030,chronos_2,,,,,34
garch_t,14,1047,chronos_base,50.0,1.0,,0.013082057237625122,3
garch_t,14,1047,chronos_bolt,,,,,1
garch_t,14,1047,chronos_2,,,,,34
garch_t,14,1064,chronos_base,50.0,2.0,0.01324242353439331,0.013242334127426147,3
garch_t,14,1064,chronos_bolt,,,,,1
garch_t,14,1064,chronos_2,,,,,34
garch_t,14,1080,chronos_base,50.0,2.0,0.013603746891021729,0.013603746891021729,3
garch_t,14,1080,chronos_bolt,,,,,1
garch_t,14,1080,chronos_2,,,,,34
garch_t,14,1097,chronos_base,50.0,2.0,0.05535769462585449,0.013839393854141235,3
garch_t,14,1097,chronos_bolt,,,,,1
garch_t,14,1097,chronos_2,,,,,34
garch_t,14,1114,chronos_base,50.0,2.0,0.01390451192855835,0.013904452323913574,3
garch_t,14,1114,chronos_bolt,,,,,1
garch_t,14,1114,chronos_2,,,,,34
garch_t,14,1130,chronos_base,50.0,2.0,0.013827800750732422,0.013827741146087646,3
garch_t,14,1130,chronos_bolt,,,,,1
garch_t,14,1130,chronos_2,,,,,34
garch_t,14,1147,chronos_base,50.0,3.0,0.04756128787994385,0.01358892023563385,3
garch_t,14,1147,chronos_bolt,,,,,1
garch_t,14,1147,chronos_2,,,,,34
garch_t,14,1164,chronos_base,50.0,2.0,0.013587415218353271,0.013587415218353271,3
garch_t,14,1164,chronos_bolt,,,,,1
garch_t,14,1164,chronos_2,,,,,34
garch_t,14,1181,chronos_base,50.0,2.0,0.13439345359802246,0.013439327478408813,3
garch_t,14,1181,chronos_bolt,,,,,1
garch_t,14,1181,chronos_2,,,,,34
garch_t,14,1197,chronos_base,50.0,2.0,0.013369828462600708,0.01336979866027832,3
garch_t,14,1197,chronos_bolt,,,,,1
garch_t,14,1197,chronos_2,,,,,34
garch_t,14,1214,chronos_base,50.0,1.0,,0.013336807489395142,3
garch_t,14,1214,chronos_bolt,,,,,1
garch_t,14,1214,chronos_2,,,,,34
garch_t,14,1231,chronos_base,50.0,2.0,0.01322239637374878,0.013222366571426392,3
garch_t,14,1231,chronos_bolt,,,,,1
garch_t,14,1231,chronos_2,,,,,34
garch_t,14,1248,chronos_base,50.0,2.0,0.05229717493057251,0.013074278831481934,3
garch_t,14,1248,chronos_bolt,,,,,1
garch_t,14,1248,chronos_2,,,,,34
garch_t,14,1264,chronos_base,50.0,2.0,0.07960313558578491,0.013267159461975098,3
garch_t,14,1264,chronos_bolt,,,,,1
garch_t,14,1264,chronos_2,,,,,34
garch_t,14,1281,chronos_base,50.0,2.0,0.09304732084274292,0.013292461633682251,3
garch_t,14,1281,chronos_bolt,,,,,1
garch_t,14,1281,chronos_2,,,,,34
garch_t,14,1298,chronos_base,50.0,2.0,0.013153672218322754,0.013153672218322754,3
garch_t,14,1298,chronos_bolt,,,,,1
garch_t,14,1298,chronos_2,,,,,34
garch_t,14,1314,chronos_base,50.0,2.0,0.06575042009353638,0.013150036334991455,3
garch_t,14,1314,chronos_bolt,,,,,1
garch_t,14,1314,chronos_2,,,,,34
garch_t,14,1331,chronos_base,50.0,2.0,0.013045191764831543,0.013045132160186768,3
garch_t,14,1331,chronos_bolt,,,,,1
garch_t,14,1331,chronos_2,,,,,34
garch_t,14,1348,chronos_base,50.0,2.0,0.025326430797576904,0.012663155794143677,3
garch_t,14,1348,chronos_bolt,,,,,1
garch_t,14,1348,chronos_2,,,,,34
garch_t,14,1365,chronos_base,50.0,2.0,0.025096893310546875,0.012548446655273438,3
garch_t,14,1365,chronos_bolt,,,,,1
garch_t,14,1365,chronos_2,,,,,34
garch_t,14,1381,chronos_base,50.0,2.0,0.012584328651428223,0.012584269046783447,3
garch_t,14,1381,chronos_bolt,,,,,1
garch_t,14,1381,chronos_2,,,,,34
garch_t,14,1398,chronos_base,50.0,2.0,0.06307727098464966,0.012615442276000977,3
garch_t,14,1398,chronos_bolt,,,,,1
garch_t,14,1398,chronos_2,,,,,34
garch_t,14,1415,chronos_base,50.0,2.0,0.07562023401260376,0.012603342533111572,3
garch_t,14,1415,chronos_bolt,,,,,1
garch_t,14,1415,chronos_2,,,,,34
garch_t,14,1432,chronos_base,50.0,2.0,0.012731611728668213,0.012731552124023438,3
garch_t,14,1432,chronos_bolt,,,,,1
garch_t,14,1432,chronos_2,,,,,34
garch_t,14,1448,chronos_base,50.0,2.0,0.08999836444854736,0.012856900691986084,3
garch_t,14,1448,chronos_bolt,,,,,1
garch_t,14,1448,chronos_2,,,,,34
garch_t,14,1465,chronos_base,50.0,2.0,0.06275761127471924,0.012551486492156982,3
garch_t,14,1465,chronos_bolt,,,,,1
garch_t,14,1465,chronos_2,,,,,34
garch_t,14,1482,chronos_base,50.0,2.0,0.07408684492111206,0.012347787618637085,3
garch_t,14,1482,chronos_bolt,,,,,1
garch_t,14,1482,chronos_2,,,,,34
garch_t,14,1499,chronos_base,50.0,2.0,0.011880069971084595,0.011880025267601013,3
garch_t,14,1499,chronos_bolt,,,,,1
garch_t,14,1499,chronos_2,,,,,34
garch_t,15,512,chronos_base,50.0,2.0,0.009276807308197021,0.009276792407035828,3
garch_t,15,512,chronos_bolt,,,,,1
garch_t,15,512,chronos_2,,,,,34
garch_t,15,528,chronos_base,50.0,2.0,0.009438246488571167,0.009438186883926392,3
garch_t,15,528,chronos_bolt,,,,,1
garch_t,15,528,chronos_2,,,,,34
garch_t,15,545,chronos_base,50.0,3.0,0.009258925914764404,0.009258896112442017,3
garch_t,15,545,chronos_bolt,,,,,1
garch_t,15,545,chronos_2,,,,,34
garch_t,15,562,chronos_base,50.0,3.0,0.036988265812397,0.009247034788131714,3
garch_t,15,562,chronos_bolt,,,,,1
garch_t,15,562,chronos_2,,,,,34
garch_t,15,578,chronos_base,50.0,2.0,0.009149491786956787,0.0091494619846344,3
garch_t,15,578,chronos_bolt,,,,,1
garch_t,15,578,chronos_2,,,,,34
garch_t,15,595,chronos_base,50.0,2.0,0.027508467435836792,0.009169459342956543,3
garch_t,15,595,chronos_bolt,,,,,1
garch_t,15,595,chronos_2,,,,,34
garch_t,15,612,chronos_base,50.0,3.0,0.009211689233779907,0.00921165943145752,3
garch_t,15,612,chronos_bolt,,,,,1
garch_t,15,612,chronos_2,,,,,34
garch_t,15,629,chronos_base,50.0,2.0,0.009242653846740723,0.009242594242095947,3
garch_t,15,629,chronos_bolt,,,,,1
garch_t,15,629,chronos_2,,,,,34
garch_t,15,645,chronos_base,50.0,3.0,0.018828213214874268,0.009414106607437134,3
garch_t,15,645,chronos_bolt,,,,,1
garch_t,15,645,chronos_2,,,,,34
garch_t,15,662,chronos_base,50.0,3.0,0.029194414615631104,0.009731441736221313,3
garch_t,15,662,chronos_bolt,,,,,1
garch_t,15,662,chronos_2,,,,,34
garch_t,15,679,chronos_base,50.0,2.0,0.5187752544879913,0.010172039270401001,3
garch_t,15,679,chronos_bolt,,,,,1
garch_t,15,679,chronos_2,,,,,34
garch_t,15,696,chronos_base,50.0,1.0,,0.010182619094848633,3
garch_t,15,696,chronos_bolt,,,,,1
garch_t,15,696,chronos_2,,,,,34
garch_t,15,712,chronos_base,50.0,2.0,0.02055230736732483,0.010276108980178833,3
garch_t,15,712,chronos_bolt,,,,,1
garch_t,15,712,chronos_2,,,,,34
garch_t,15,729,chronos_base,50.0,2.0,0.010385453701019287,0.010385394096374512,3
garch_t,15,729,chronos_bolt,,,,,1
garch_t,15,729,chronos_2,,,,,34
garch_t,15,746,chronos_base,50.0,2.0,0.01051241159439087,0.010512292385101318,3
garch_t,15,746,chronos_bolt,,,,,1
garch_t,15,746,chronos_2,,,,,34
garch_t,15,762,chronos_base,50.0,3.0,0.026457160711288452,0.010582834482192993,3
garch_t,15,762,chronos_bolt,,,,,1
garch_t,15,762,chronos_2,,,,,34
garch_t,15,779,chronos_base,50.0,2.0,0.02138042449951172,0.010690152645111084,3
garch_t,15,779,chronos_bolt,,,,,1
garch_t,15,779,chronos_2,,,,,34
garch_t,15,796,chronos_base,50.0,2.0,0.03137707710266113,0.010458946228027344,3
garch_t,15,796,chronos_bolt,,,,,1
garch_t,15,796,chronos_2,,,,,34
garch_t,15,813,chronos_base,50.0,2.0,0.020822346210479736,0.01041114330291748,3
garch_t,15,813,chronos_bolt,,,,,1
garch_t,15,813,chronos_2,,,,,34
garch_t,15,829,chronos_base,50.0,2.0,0.051857173442840576,0.010371416807174683,3
garch_t,15,829,chronos_bolt,,,,,1
garch_t,15,829,chronos_2,,,,,34
garch_t,15,846,chronos_base,50.0,2.0,0.01033639907836914,0.01033639907836914,3
garch_t,15,846,chronos_bolt,,,,,1
garch_t,15,846,chronos_2,,,,,34
garch_t,15,863,chronos_base,50.0,2.0,0.010268628597259521,0.010268598794937134,3
garch_t,15,863,chronos_bolt,,,,,1
garch_t,15,863,chronos_2,,,,,34
garch_t,15,880,chronos_base,50.0,2.0,0.020486295223236084,0.010243132710456848,3
garch_t,15,880,chronos_bolt,,,,,1
garch_t,15,880,chronos_2,,,,,34
garch_t,15,896,chronos_base,50.0,2.0,0.02089419960975647,0.010447055101394653,3
garch_t,15,896,chronos_bolt,,,,,1
garch_t,15,896,chronos_2,,,,,34
garch_t,15,913,chronos_base,50.0,2.0,0.021186232566833496,0.010593116283416748,3
garch_t,15,913,chronos_bolt,,,,,1
garch_t,15,913,chronos_2,,,,,34
garch_t,15,930,chronos_base,50.0,3.0,0.027726098895072937,0.01109042763710022,3
garch_t,15,930,chronos_bolt,,,,,1
garch_t,15,930,chronos_2,,,,,34
garch_t,15,946,chronos_base,50.0,2.0,0.08093869686126709,0.011562645435333252,3
garch_t,15,946,chronos_bolt,,,,,1
garch_t,15,946,chronos_2,,,,,34
garch_t,15,963,chronos_base,50.0,2.0,0.024093210697174072,0.01204654574394226,3
garch_t,15,963,chronos_bolt,,,,,1
garch_t,15,963,chronos_2,,,,,34
garch_t,15,980,chronos_base,50.0,2.0,0.036173224449157715,0.012057721614837646,3
garch_t,15,980,chronos_bolt,,,,,1
garch_t,15,980,chronos_2,,,,,34
garch_t,15,997,chronos_base,50.0,2.0,0.08404889702796936,0.012006968259811401,3
garch_t,15,997,chronos_bolt,,,,,1
garch_t,15,997,chronos_2,,,,,34
garch_t,15,1013,chronos_base,50.0,2.0,0.023499399423599243,0.011749684810638428,3
garch_t,15,1013,chronos_bolt,,,,,1
garch_t,15,1013,chronos_2,,,,,34
garch_t,15,1030,chronos_base,50.0,2.0,0.08094120025634766,0.011563003063201904,3
garch_t,15,1030,chronos_bolt,,,,,1
garch_t,15,1030,chronos_2,,,,,34
garch_t,15,1047,chronos_base,50.0,2.0,0.011292427778244019,0.011292427778244019,3
garch_t,15,1047,chronos_bolt,,,,,1
garch_t,15,1047,chronos_2,,,,,34
garch_t,15,1064,chronos_base,50.0,3.0,0.011241346597671509,0.011241316795349121,3
garch_t,15,1064,chronos_bolt,,,,,1
garch_t,15,1064,chronos_2,,,,,34
garch_t,15,1080,chronos_base,50.0,2.0,0.07843692600727081,0.01120525598526001,3
garch_t,15,1080,chronos_bolt,,,,,1
garch_t,15,1080,chronos_2,,,,,34
garch_t,15,1097,chronos_base,50.0,2.0,0.01123875379562378,0.011238723993301392,3
garch_t,15,1097,chronos_bolt,,,,,1
garch_t,15,1097,chronos_2,,,,,34
garch_t,15,1114,chronos_base,50.0,3.0,0.011218994855880737,0.011218979954719543,3
garch_t,15,1114,chronos_bolt,,,,,1
garch_t,15,1114,chronos_2,,,,,34
garch_t,15,1130,chronos_base,50.0,2.0,0.0221177339553833,0.011058837175369263,3
garch_t,15,1130,chronos_bolt,,,,,1
garch_t,15,1130,chronos_2,,,,,34
garch_t,15,1147,chronos_base,50.0,2.0,0.06485062837600708,0.010808408260345459,3
garch_t,15,1147,chronos_bolt,,,,,1
garch_t,15,1147,chronos_2,,,,,34
garch_t,15,1164,chronos_base,50.0,2.0,0.031585872173309326,0.010528609156608582,3
garch_t,15,1164,chronos_bolt,,,,,1
garch_t,15,1164,chronos_2,,,,,34
garch_t,15,1181,chronos_base,50.0,3.0,0.010293439030647278,0.010293394327163696,3
garch_t,15,1181,chronos_bolt,,,,,1
garch_t,15,1181,chronos_2,,,,,34
garch_t,15,1197,chronos_base,50.0,1.0,,0.010237634181976318,3
garch_t,15,1197,chronos_bolt,,,,,1
garch_t,15,1197,chronos_2,,,,,34
garch_t,15,1214,chronos_base,50.0,2.0,0.0104142427444458,0.010414183139801025,3
garch_t,15,1214,chronos_bolt,,,,,1
garch_t,15,1214,chronos_2,,,,,34
garch_t,15,1231,chronos_base,50.0,2.0,0.02119046449661255,0.010595202445983887,3
garch_t,15,1231,chronos_bolt,,,,,1
garch_t,15,1231,chronos_2,,,,,34
garch_t,15,1248,chronos_base,50.0,2.0,0.021366775035858154,0.01068335771560669,3
garch_t,15,1248,chronos_bolt,,,,,1
garch_t,15,1248,chronos_2,,,,,34
garch_t,15,1264,chronos_base,50.0,3.0,0.0107431560754776,0.010743141174316406,3
garch_t,15,1264,chronos_bolt,,,,,1
garch_t,15,1264,chronos_2,,,,,34
garch_t,15,1281,chronos_base,50.0,2.0,0.02129417657852173,0.010647088289260864,3
garch_t,15,1281,chronos_bolt,,,,,1
garch_t,15,1281,chronos_2,,,,,34
garch_t,15,1298,chronos_base,50.0,2.0,0.06466907262802124,0.010778158903121948,3
garch_t,15,1298,chronos_bolt,,,,,1
garch_t,15,1298,chronos_2,,,,,34
garch_t,15,1314,chronos_base,50.0,2.0,0.01099628210067749,0.01099628210067749,3
garch_t,15,1314,chronos_bolt,,,,,1
garch_t,15,1314,chronos_2,,,,,34
garch_t,15,1331,chronos_base,50.0,2.0,0.01093745231628418,0.010937392711639404,3
garch_t,15,1331,chronos_bolt,,,,,1
garch_t,15,1331,chronos_2,,,,,34
garch_t,15,1348,chronos_base,50.0,2.0,0.0219193696975708,0.010959655046463013,3
garch_t,15,1348,chronos_bolt,,,,,1
garch_t,15,1348,chronos_2,,,,,34
garch_t,15,1365,chronos_base,50.0,2.0,0.021905571222305298,0.010952770709991455,3
garch_t,15,1365,chronos_bolt,,,,,1
garch_t,15,1365,chronos_2,,,,,34
garch_t,15,1381,chronos_base,50.0,2.0,0.011050403118133545,0.011050283908843994,3
garch_t,15,1381,chronos_bolt,,,,,1
garch_t,15,1381,chronos_2,,,,,34
garch_t,15,1398,chronos_base,50.0,3.0,0.0111733078956604,0.011173248291015625,3
garch_t,15,1398,chronos_bolt,,,,,1
garch_t,15,1398,chronos_2,,,,,34
garch_t,15,1415,chronos_base,50.0,3.0,0.011183962225914001,0.011183947324752808,3
garch_t,15,1415,chronos_bolt,,,,,1
garch_t,15,1415,chronos_2,,,,,34
garch_t,15,1432,chronos_base,50.0,2.0,0.010982364416122437,0.010982364416122437,3
garch_t,15,1432,chronos_bolt,,,,,1
garch_t,15,1432,chronos_2,,,,,34
garch_t,15,1448,chronos_base,50.0,2.0,0.010231971740722656,0.010231956839561462,3
garch_t,15,1448,chronos_bolt,,,,,1
garch_t,15,1448,chronos_2,,,,,34
garch_t,15,1465,chronos_base,50.0,2.0,0.029008418321609497,0.009669452905654907,3
garch_t,15,1465,chronos_bolt,,,,,1
garch_t,15,1465,chronos_2,,,,,34
garch_t,15,1482,chronos_base,50.0,2.0,0.01874864101409912,0.009374290704727173,3
garch_t,15,1482,chronos_bolt,,,,,1
garch_t,15,1482,chronos_2,,,,,34
garch_t,15,1499,chronos_base,50.0,2.0,0.009402304887771606,0.009402275085449219,3
garch_t,15,1499,chronos_bolt,,,,,1
garch_t,15,1499,chronos_2,,,,,34
garch_t,16,512,chronos_base,50.0,2.0,0.0367274284362793,0.01836368441581726,3
garch_t,16,512,chronos_bolt,,,,,1
garch_t,16,512,chronos_2,,,,,34
garch_t,16,528,chronos_base,50.0,2.0,0.035588592290878296,0.017794251441955566,3
garch_t,16,528,chronos_bolt,,,,,1
garch_t,16,528,chronos_2,,,,,34
garch_t,16,545,chronos_base,50.0,2.0,0.18384766578674316,0.016713380813598633,3
garch_t,16,545,chronos_bolt,,,,,1
garch_t,16,545,chronos_2,,,,,34
garch_t,16,562,chronos_base,50.0,2.0,0.10928428173065186,0.015612006187438965,3
garch_t,16,562,chronos_bolt,,,,,1
garch_t,16,562,chronos_2,,,,,34
garch_t,16,578,chronos_base,50.0,2.0,0.030423492193222046,0.015211701393127441,3
garch_t,16,578,chronos_bolt,,,,,1
garch_t,16,578,chronos_2,,,,,34
garch_t,16,595,chronos_base,50.0,3.0,0.029709607362747192,0.014854788780212402,3
garch_t,16,595,chronos_bolt,,,,,1
garch_t,16,595,chronos_2,,,,,34
garch_t,16,612,chronos_base,50.0,2.0,0.059652507305145264,0.014913082122802734,3
garch_t,16,612,chronos_bolt,,,,,1
garch_t,16,612,chronos_2,,,,,34
garch_t,16,629,chronos_base,50.0,2.0,0.015063345432281494,0.015063345432281494,3
garch_t,16,629,chronos_bolt,,,,,1
garch_t,16,629,chronos_2,,,,,34
garch_t,16,645,chronos_base,50.0,2.0,0.07396399974822998,0.014792770147323608,3
garch_t,16,645,chronos_bolt,,,,,1
garch_t,16,645,chronos_2,,,,,34
garch_t,16,662,chronos_base,50.0,3.0,0.014347583055496216,0.014347553253173828,3
garch_t,16,662,chronos_bolt,,,,,1
garch_t,16,662,chronos_2,,,,,34
garch_t,16,679,chronos_base,50.0,1.0,,0.013603776693344116,3
garch_t,16,679,chronos_bolt,,,,,1
garch_t,16,679,chronos_2,,,,,34
garch_t,16,696,chronos_base,50.0,2.0,0.025932371616363525,0.012966156005859375,3
garch_t,16,696,chronos_bolt,,,,,1
garch_t,16,696,chronos_2,,,,,34
garch_t,16,712,chronos_base,50.0,2.0,0.0756988525390625,0.012616455554962158,3
garch_t,16,712,chronos_bolt,,,,,1
garch_t,16,712,chronos_2,,,,,34
garch_t,16,729,chronos_base,50.0,2.0,0.06938570737838745,0.011564254760742188,3
garch_t,16,729,chronos_bolt,,,,,1
garch_t,16,729,chronos_2,,,,,34
garch_t,16,746,chronos_base,50.0,2.0,0.010733485221862793,0.010733485221862793,3
garch_t,16,746,chronos_bolt,,,,,1
garch_t,16,746,chronos_2,,,,,34
garch_t,16,762,chronos_base,50.0,2.0,0.020635753870010376,0.010317862033843994,3
garch_t,16,762,chronos_bolt,,,,,1
garch_t,16,762,chronos_2,,,,,34
garch_t,16,779,chronos_base,50.0,1.0,,0.009855061769485474,3
garch_t,16,779,chronos_bolt,,,,,1
garch_t,16,779,chronos_2,,,,,34
garch_t,16,796,chronos_base,50.0,2.0,0.009680628776550293,0.009680569171905518,3
garch_t,16,796,chronos_bolt,,,,,1
garch_t,16,796,chronos_2,,,,,34
garch_t,16,813,chronos_base,50.0,2.0,0.00943070650100708,0.009430691599845886,3
garch_t,16,813,chronos_bolt,,,,,1
garch_t,16,813,chronos_2,,,,,34
garch_t,16,829,chronos_base,50.0,2.0,0.00940665602684021,0.009406596422195435,3
garch_t,16,829,chronos_bolt,,,,,1
garch_t,16,829,chronos_2,,,,,34
garch_t,16,846,chronos_base,50.0,2.0,0.05630919337272644,0.009384840726852417,3
garch_t,16,846,chronos_bolt,,,,,1
garch_t,16,846,chronos_2,,,,,34
garch_t,16,863,chronos_base,50.0,2.0,0.01871904730796814,0.009359508752822876,3
garch_t,16,863,chronos_bolt,,,,,1
garch_t,16,863,chronos_2,,,,,34
garch_t,16,880,chronos_base,50.0,2.0,0.019584953784942627,0.009792447090148926,3
garch_t,16,880,chronos_bolt,,,,,1
garch_t,16,880,chronos_2,,,,,34
garch_t,16,896,chronos_base,50.0,2.0,0.01036861538887024,0.010368525981903076,3
garch_t,16,896,chronos_bolt,,,,,1
garch_t,16,896,chronos_2,,,,,34
garch_t,16,913,chronos_base,50.0,2.0,0.06571683287620544,0.010952770709991455,3
garch_t,16,913,chronos_bolt,,,,,1
garch_t,16,913,chronos_2,,,,,34
garch_t,16,930,chronos_base,50.0,3.0,0.01746806502342224,0.0116453617811203,3
garch_t,16,930,chronos_bolt,,,,,1
garch_t,16,930,chronos_2,,,,,34
garch_t,16,946,chronos_base,50.0,2.0,0.012566030025482178,0.012565910816192627,3
garch_t,16,946,chronos_bolt,,,,,1
garch_t,16,946,chronos_2,,,,,34
garch_t,16,963,chronos_base,50.0,2.0,0.025959253311157227,0.012979567050933838,3
garch_t,16,963,chronos_bolt,,,,,1
garch_t,16,963,chronos_2,,,,,34
garch_t,16,980,chronos_base,50.0,2.0,0.07783126831054688,0.012971848249435425,3
garch_t,16,980,chronos_bolt,,,,,1
garch_t,16,980,chronos_2,,,,,34
garch_t,16,997,chronos_base,50.0,2.0,0.026120424270629883,0.013060152530670166,3
garch_t,16,997,chronos_bolt,,,,,1
garch_t,16,997,chronos_2,,,,,34
garch_t,16,1013,chronos_base,50.0,2.0,0.0918872058391571,0.013126730918884277,3
garch_t,16,1013,chronos_bolt,,,,,1
garch_t,16,1013,chronos_2,,,,,34
garch_t,16,1030,chronos_base,50.0,2.0,0.11815279722213745,0.013128042221069336,3
garch_t,16,1030,chronos_bolt,,,,,1
garch_t,16,1030,chronos_2,,,,,34
garch_t,16,1047,chronos_base,50.0,3.0,0.013137705624103546,0.01313769817352295,3
garch_t,16,1047,chronos_bolt,,,,,1
garch_t,16,1047,chronos_2,,,,,34
garch_t,16,1064,chronos_base,50.0,3.0,0.07307571172714233,0.013286471366882324,3
garch_t,16,1064,chronos_bolt,,,,,1
garch_t,16,1064,chronos_2,,,,,34
garch_t,16,1080,chronos_base,50.0,2.0,0.013314202427864075,0.01331418752670288,3
garch_t,16,1080,chronos_bolt,,,,,1
garch_t,16,1080,chronos_2,,,,,34
garch_t,16,1097,chronos_base,50.0,2.0,0.01338428258895874,0.013384252786636353,3
garch_t,16,1097,chronos_bolt,,,,,1
garch_t,16,1097,chronos_2,,,,,34
garch_t,16,1114,chronos_base,50.0,2.0,0.013333022594451904,0.013332903385162354,3
garch_t,16,1114,chronos_bolt,,,,,1
garch_t,16,1114,chronos_2,,,,,34
garch_t,16,1130,chronos_base,50.0,2.0,0.10447818040847778,0.013059750199317932,3
garch_t,16,1130,chronos_bolt,,,,,1
garch_t,16,1130,chronos_2,,,,,34
garch_t,16,1147,chronos_base,50.0,2.0,0.12720173597335815,0.01272013783454895,3
garch_t,16,1147,chronos_bolt,,,,,1
garch_t,16,1147,chronos_2,,,,,34
garch_t,16,1164,chronos_base,50.0,2.0,0.09951350092887878,0.012439161539077759,3
garch_t,16,1164,chronos_bolt,,,,,1
garch_t,16,1164,chronos_2,,,,,34
garch_t,16,1181,chronos_base,50.0,3.0,0.031206775456666946,0.012482643127441406,3
garch_t,16,1181,chronos_bolt,,,,,1
garch_t,16,1181,chronos_2,,,,,34
garch_t,16,1197,chronos_base,50.0,3.0,0.03153528273105621,0.012614071369171143,3
garch_t,16,1197,chronos_bolt,,,,,1
garch_t,16,1197,chronos_2,,,,,34
garch_t,16,1214,chronos_base,50.0,1.0,,0.012661516666412354,3
garch_t,16,1214,chronos_bolt,,,,,1
garch_t,16,1214,chronos_2,,,,,34
garch_t,16,1231,chronos_base,50.0,2.0,0.02536681294441223,0.012683391571044922,3
garch_t,16,1231,chronos_bolt,,,,,1
garch_t,16,1231,chronos_2,,,,,34
garch_t,16,1248,chronos_base,50.0,2.0,0.025324314832687378,0.012662142515182495,3
garch_t,16,1248,chronos_bolt,,,,,1
garch_t,16,1248,chronos_2,,,,,34
garch_t,16,1264,chronos_base,50.0,3.0,0.02522282302379608,0.01261138916015625,3
garch_t,16,1264,chronos_bolt,,,,,1
garch_t,16,1264,chronos_2,,,,,34
garch_t,16,1281,chronos_base,50.0,2.0,0.025297626852989197,0.01264876127243042,3
garch_t,16,1281,chronos_bolt,,,,,1
garch_t,16,1281,chronos_2,,,,,34
garch_t,16,1298,chronos_base,50.0,3.0,0.012729451060295105,0.012729406356811523,3
garch_t,16,1298,chronos_bolt,,,,,1
garch_t,16,1298,chronos_2,,,,,34
garch_t,16,1314,chronos_base,50.0,2.0,0.012767702341079712,0.012767672538757324,3
garch_t,16,1314,chronos_bolt,,,,,1
garch_t,16,1314,chronos_2,,,,,34
garch_t,16,1331,chronos_base,50.0,2.0,0.012562766671180725,0.012562751770019531,3
garch_t,16,1331,chronos_bolt,,,,,1
garch_t,16,1331,chronos_2,,,,,34
garch_t,16,1348,chronos_base,50.0,2.0,0.01245129108428955,0.01245129108428955,3
garch_t,16,1348,chronos_bolt,,,,,1
garch_t,16,1348,chronos_2,,,,,34
garch_t,16,1365,chronos_base,50.0,2.0,0.012356847524642944,0.012356817722320557,3
garch_t,16,1365,chronos_bolt,,,,,1
garch_t,16,1365,chronos_2,,,,,34
garch_t,16,1381,chronos_base,50.0,2.0,0.012309998273849487,0.012309983372688293,3
garch_t,16,1381,chronos_bolt,,,,,1
garch_t,16,1381,chronos_2,,,,,34
garch_t,16,1398,chronos_base,50.0,3.0,0.011605188250541687,0.0116051584482193,3
garch_t,16,1398,chronos_bolt,,,,,1
garch_t,16,1398,chronos_2,,,,,34
garch_t,16,1415,chronos_base,50.0,2.0,0.07668112218379974,0.010954409837722778,3
garch_t,16,1415,chronos_bolt,,,,,1
garch_t,16,1415,chronos_2,,,,,34
garch_t,16,1432,chronos_base,50.0,2.0,0.07233460247516632,0.01033349335193634,3
garch_t,16,1432,chronos_bolt,,,,,1
garch_t,16,1432,chronos_2,,,,,34
garch_t,16,1448,chronos_base,50.0,2.0,0.009671151638031006,0.009671151638031006,3
garch_t,16,1448,chronos_bolt,,,,,1
garch_t,16,1448,chronos_2,,,,,34
garch_t,16,1465,chronos_base,50.0,3.0,0.040728867053985596,0.009050846099853516,3
garch_t,16,1465,chronos_bolt,,,,,1
garch_t,16,1465,chronos_2,,,,,34
garch_t,16,1482,chronos_base,50.0,3.0,0.008724376559257507,0.008724361658096313,3
garch_t,16,1482,chronos_bolt,,,,,1
garch_t,16,1482,chronos_2,,,,,34
garch_t,16,1499,chronos_base,50.0,2.0,0.07753944396972656,0.008615463972091675,3
garch_t,16,1499,chronos_bolt,,,,,1
garch_t,16,1499,chronos_2,,,,,34
garch_t,17,512,chronos_base,50.0,2.0,0.01696723699569702,0.016967177391052246,3
garch_t,17,512,chronos_bolt,,,,,1
garch_t,17,512,chronos_2,,,,,34
garch_t,17,528,chronos_base,50.0,2.0,0.02991563081741333,0.014957815408706665,3
garch_t,17,528,chronos_bolt,,,,,1
garch_t,17,528,chronos_2,,,,,34
garch_t,17,545,chronos_base,50.0,2.0,0.014071643352508545,0.01407158374786377,3
garch_t,17,545,chronos_bolt,,,,,1
garch_t,17,545,chronos_2,,,,,34
garch_t,17,562,chronos_base,50.0,2.0,0.012797236442565918,0.012797176837921143,3
garch_t,17,562,chronos_bolt,,,,,1
garch_t,17,562,chronos_2,,,,,34
garch_t,17,578,chronos_base,50.0,2.0,0.17215806245803833,0.012296974658966064,3
garch_t,17,578,chronos_bolt,,,,,1
garch_t,17,578,chronos_2,,,,,34
garch_t,17,595,chronos_base,50.0,2.0,0.035636186599731445,0.01187869906425476,3
garch_t,17,595,chronos_bolt,,,,,1
garch_t,17,595,chronos_2,,,,,34
garch_t,17,612,chronos_base,50.0,2.0,0.01142960786819458,0.011429578065872192,3
garch_t,17,612,chronos_bolt,,,,,1
garch_t,17,612,chronos_2,,,,,34
garch_t,17,629,chronos_base,50.0,2.0,0.03300881385803223,0.011002898216247559,3
garch_t,17,629,chronos_bolt,,,,,1
garch_t,17,629,chronos_2,,,,,34
garch_t,17,645,chronos_base,50.0,2.0,0.08605998754501343,0.010757476091384888,3
garch_t,17,645,chronos_bolt,,,,,1
garch_t,17,645,chronos_2,,,,,34
garch_t,17,662,chronos_base,50.0,2.0,0.020983368158340454,0.010491639375686646,3
garch_t,17,662,chronos_bolt,,,,,1
garch_t,17,662,chronos_2,,,,,34
garch_t,17,679,chronos_base,50.0,2.0,0.020940810441970825,0.010470360517501831,3
garch_t,17,679,chronos_bolt,,,,,1
garch_t,17,679,chronos_2,,,,,34
garch_t,17,696,chronos_base,50.0,2.0,0.01013273000717163,0.01013273000717163,3
garch_t,17,696,chronos_bolt,,,,,1
garch_t,17,696,chronos_2,,,,,34
garch_t,17,712,chronos_base,50.0,2.0,0.009806603193283081,0.009806603193283081,3
garch_t,17,712,chronos_bolt,,,,,1
garch_t,17,712,chronos_2,,,,,34
garch_t,17,729,chronos_base,50.0,3.0,0.014561444520950317,0.009707599878311157,3
garch_t,17,729,chronos_bolt,,,,,1
garch_t,17,729,chronos_2,,,,,34
garch_t,17,746,chronos_base,50.0,2.0,0.009628444910049438,0.009628355503082275,3
garch_t,17,746,chronos_bolt,,,,,1
garch_t,17,746,chronos_2,,,,,34
garch_t,17,762,chronos_base,50.0,2.0,0.06633549928665161,0.00947648286819458,3
garch_t,17,762,chronos_bolt,,,,,1
garch_t,17,762,chronos_2,,,,,34
garch_t,17,779,chronos_base,50.0,2.0,0.05636700987815857,0.009394466876983643,3
garch_t,17,779,chronos_bolt,,,,,1
garch_t,17,779,chronos_2,,,,,34
garch_t,17,796,chronos_base,50.0,2.0,0.018947243690490723,0.009473592042922974,3
garch_t,17,796,chronos_bolt,,,,,1
garch_t,17,796,chronos_2,,,,,34
garch_t,17,813,chronos_base,50.0,2.0,0.028208106756210327,0.009402662515640259,3
garch_t,17,813,chronos_bolt,,,,,1
garch_t,17,813,chronos_2,,,,,34
garch_t,17,829,chronos_base,50.0,2.0,0.01867002248764038,0.009334996342658997,3
garch_t,17,829,chronos_bolt,,,,,1
garch_t,17,829,chronos_2,,,,,34
garch_t,17,846,chronos_base,50.0,2.0,0.009390443563461304,0.009390413761138916,3
garch_t,17,846,chronos_bolt,,,,,1
garch_t,17,846,chronos_2,,,,,34
garch_t,17,863,chronos_base,50.0,2.0,0.009447544813156128,0.00944751501083374,3
garch_t,17,863,chronos_bolt,,,,,1
garch_t,17,863,chronos_2,,,,,34
garch_t,17,880,chronos_base,50.0,2.0,0.03915795683860779,0.009789466857910156,3
garch_t,17,880,chronos_bolt,,,,,1
garch_t,17,880,chronos_2,,,,,34
garch_t,17,896,chronos_base,50.0,3.0,0.015140384435653687,0.0100935697555542,3
garch_t,17,896,chronos_bolt,,,,,1
garch_t,17,896,chronos_2,,,,,34
garch_t,17,913,chronos_base,50.0,3.0,0.039741456508636475,0.009935349225997925,3
garch_t,17,913,chronos_bolt,,,,,1
garch_t,17,913,chronos_2,,,,,34
garch_t,17,930,chronos_base,50.0,2.0,0.03017541766166687,0.010058462619781494,3
garch_t,17,930,chronos_bolt,,,,,1
garch_t,17,930,chronos_2,,,,,34
garch_t,17,946,chronos_base,50.0,2.0,0.01006782054901123,0.010067790746688843,3
garch_t,17,946,chronos_bolt,,,,,1
garch_t,17,946,chronos_2,,,,,34
garch_t,17,963,chronos_base,50.0,3.0,0.020550385117530823,0.010275155305862427,3
garch_t,17,963,chronos_bolt,,,,,1
garch_t,17,963,chronos_2,,,,,34
garch_t,17,980,chronos_base,50.0,3.0,0.026013866066932678,0.010405510663986206,3
garch_t,17,980,chronos_bolt,,,,,1
garch_t,17,980,chronos_2,,,,,34
garch_t,17,997,chronos_base,50.0,1.0,,0.010638207197189331,3
garch_t,17,997,chronos_bolt,,,,,1
garch_t,17,997,chronos_2,,,,,34
garch_t,17,1013,chronos_base,50.0,3.0,0.02163603901863098,0.010818004608154297,3
garch_t,17,1013,chronos_bolt,,,,,1
garch_t,17,1013,chronos_2,,,,,34
garch_t,17,1030,chronos_base,50.0,2.0,0.043420374393463135,0.010855048894882202,3
garch_t,17,1030,chronos_bolt,,,,,1
garch_t,17,1030,chronos_2,,,,,34
garch_t,17,1047,chronos_base,50.0,2.0,0.031825169920921326,0.010608375072479248,3
garch_t,17,1047,chronos_bolt,,,,,1
garch_t,17,1047,chronos_2,,,,,34
garch_t,17,1064,chronos_base,50.0,2.0,0.0104178786277771,0.010417819023132324,3
garch_t,17,1064,chronos_bolt,,,,,1
garch_t,17,1064,chronos_2,,,,,34
garch_t,17,1080,chronos_base,50.0,2.0,0.010434478521347046,0.010434389114379883,3
garch_t,17,1080,chronos_bolt,,,,,1
garch_t,17,1080,chronos_2,,,,,34
garch_t,17,1097,chronos_base,50.0,3.0,0.03103768825531006,0.010345876216888428,3
garch_t,17,1097,chronos_bolt,,,,,1
garch_t,17,1097,chronos_2,,,,,34
garch_t,17,1114,chronos_base,50.0,2.0,0.010220646858215332,0.010220557451248169,3
garch_t,17,1114,chronos_bolt,,,,,1
garch_t,17,1114,chronos_2,,,,,34
garch_t,17,1130,chronos_base,50.0,2.0,0.020846545696258545,0.010423243045806885,3
garch_t,17,1130,chronos_bolt,,,,,1
garch_t,17,1130,chronos_2,,,,,34
garch_t,17,1147,chronos_base,50.0,2.0,0.01048368215560913,0.01048368215560913,3
garch_t,17,1147,chronos_bolt,,,,,1
garch_t,17,1147,chronos_2,,,,,34
garch_t,17,1164,chronos_base,50.0,2.0,0.021300971508026123,0.010650455951690674,3
garch_t,17,1164,chronos_bolt,,,,,1
garch_t,17,1164,chronos_2,,,,,34
garch_t,17,1181,chronos_base,50.0,3.0,0.021633803844451904,0.010816872119903564,3
garch_t,17,1181,chronos_bolt,,,,,1
garch_t,17,1181,chronos_2,,,,,34
garch_t,17,1197,chronos_base,50.0,3.0,0.12253814935684204,0.01113981008529663,3
garch_t,17,1197,chronos_bolt,,,,,1
garch_t,17,1197,chronos_2,,,,,34
garch_t,17,1214,chronos_base,50.0,2.0,0.02261817455291748,0.011309027671813965,3
garch_t,17,1214,chronos_bolt,,,,,1
garch_t,17,1214,chronos_2,,,,,34
garch_t,17,1231,chronos_base,50.0,1.0,,0.011571168899536133,3
garch_t,17,1231,chronos_bolt,,,,,1
garch_t,17,1231,chronos_2,,,,,34
garch_t,17,1248,chronos_base,50.0,2.0,0.05910530686378479,0.01182103157043457,3
garch_t,17,1248,chronos_bolt,,,,,1
garch_t,17,1248,chronos_2,,,,,34
garch_t,17,1264,chronos_base,50.0,2.0,0.02374565601348877,0.01187276840209961,3
garch_t,17,1264,chronos_bolt,,,,,1
garch_t,17,1264,chronos_2,,,,,34
garch_t,17,1281,chronos_base,50.0,2.0,0.071953684091568,0.01199224591255188,3
garch_t,17,1281,chronos_bolt,,,,,1
garch_t,17,1281,chronos_2,,,,,34
garch_t,17,1298,chronos_base,50.0,2.0,0.012113332748413086,0.012113332748413086,3
garch_t,17,1298,chronos_bolt,,,,,1
garch_t,17,1298,chronos_2,,,,,34
garch_t,17,1314,chronos_base,50.0,2.0,0.011993706226348877,0.011993587017059326,3
garch_t,17,1314,chronos_bolt,,,,,1
garch_t,17,1314,chronos_2,,,,,34
garch_t,17,1331,chronos_base,50.0,2.0,0.023831725120544434,0.011915832757949829,3
garch_t,17,1331,chronos_bolt,,,,,1
garch_t,17,1331,chronos_2,,,,,34
garch_t,17,1348,chronos_base,50.0,2.0,0.011898189783096313,0.011898159980773926,3
garch_t,17,1348,chronos_bolt,,,,,1
garch_t,17,1348,chronos_2,,,,,34
garch_t,17,1365,chronos_base,50.0,2.0,0.0592842698097229,0.011856839060783386,3
garch_t,17,1365,chronos_bolt,,,,,1
garch_t,17,1365,chronos_2,,,,,34
garch_t,17,1381,chronos_base,50.0,2.0,0.011709943413734436,0.011709898710250854,3
garch_t,17,1381,chronos_bolt,,,,,1
garch_t,17,1381,chronos_2,,,,,34
garch_t,17,1398,chronos_base,50.0,2.0,0.011239737272262573,0.01123964786529541,3
garch_t,17,1398,chronos_bolt,,,,,1
garch_t,17,1398,chronos_2,,,,,34
garch_t,17,1415,chronos_base,50.0,2.0,0.011020272970199585,0.011020243167877197,3
garch_t,17,1415,chronos_bolt,,,,,1
garch_t,17,1415,chronos_2,,,,,34
garch_t,17,1432,chronos_base,50.0,2.0,0.010680198669433594,0.010680198669433594,3
garch_t,17,1432,chronos_bolt,,,,,1
garch_t,17,1432,chronos_2,,,,,34
garch_t,17,1448,chronos_base,50.0,2.0,0.04096478223800659,0.010241180658340454,3
garch_t,17,1448,chronos_bolt,,,,,1
garch_t,17,1448,chronos_2,,,,,34
garch_t,17,1465,chronos_base,50.0,2.0,0.010108768939971924,0.010108709335327148,3
garch_t,17,1465,chronos_bolt,,,,,1
garch_t,17,1465,chronos_2,,,,,34
garch_t,17,1482,chronos_base,50.0,2.0,0.0198613703250885,0.009930670261383057,3
garch_t,17,1482,chronos_bolt,,,,,1
garch_t,17,1482,chronos_2,,,,,34
garch_t,17,1499,chronos_base,50.0,2.0,0.019740819931030273,0.009870409965515137,3
garch_t,17,1499,chronos_bolt,,,,,1
garch_t,17,1499,chronos_2,,,,,34
garch_t,18,512,chronos_base,50.0,3.0,0.028774656355381012,0.011509835720062256,3
garch_t,18,512,chronos_bolt,,,,,1
garch_t,18,512,chronos_2,,,,,34
garch_t,18,528,chronos_base,50.0,2.0,0.01122814416885376,0.011228114366531372,3
garch_t,18,528,chronos_bolt,,,,,1
garch_t,18,528,chronos_2,,,,,34
garch_t,18,545,chronos_base,50.0,3.0,0.02759423851966858,0.011037647724151611,3
garch_t,18,545,chronos_bolt,,,,,1
garch_t,18,545,chronos_2,,,,,34
garch_t,18,562,chronos_base,50.0,2.0,0.011386692523956299,0.011386632919311523,3
garch_t,18,562,chronos_bolt,,,,,1
garch_t,18,562,chronos_2,,,,,34
garch_t,18,578,chronos_base,50.0,2.0,0.023561298847198486,0.011780619621276855,3
garch_t,18,578,chronos_bolt,,,,,1
garch_t,18,578,chronos_2,,,,,34
garch_t,18,595,chronos_base,50.0,2.0,0.07207393646240234,0.012012302875518799,3
garch_t,18,595,chronos_bolt,,,,,1
garch_t,18,595,chronos_2,,,,,34
garch_t,18,612,chronos_base,50.0,2.0,0.04770547151565552,0.011926352977752686,3
garch_t,18,612,chronos_bolt,,,,,1
garch_t,18,612,chronos_2,,,,,34
garch_t,18,629,chronos_base,50.0,3.0,0.017508164048194885,0.011672109365463257,3
garch_t,18,629,chronos_bolt,,,,,1
garch_t,18,629,chronos_2,,,,,34
garch_t,18,645,chronos_base,50.0,2.0,0.023415863513946533,0.011707901954650879,3
garch_t,18,645,chronos_bolt,,,,,1
garch_t,18,645,chronos_2,,,,,34
garch_t,18,662,chronos_base,50.0,2.0,0.023232579231262207,0.011616289615631104,3
garch_t,18,662,chronos_bolt,,,,,1
garch_t,18,662,chronos_2,,,,,34
garch_t,18,679,chronos_base,50.0,3.0,0.011579468846321106,0.011579453945159912,3
garch_t,18,679,chronos_bolt,,,,,1
garch_t,18,679,chronos_2,,,,,34
garch_t,18,696,chronos_base,50.0,2.0,0.011612385511398315,0.011612355709075928,3
garch_t,18,696,chronos_bolt,,,,,1
garch_t,18,696,chronos_2,,,,,34
garch_t,18,712,chronos_base,50.0,2.0,0.011536836624145508,0.011536836624145508,3
garch_t,18,712,chronos_bolt,,,,,1
garch_t,18,712,chronos_2,,,,,34
garch_t,18,729,chronos_base,50.0,2.0,0.03472262620925903,0.01157417893409729,3
garch_t,18,729,chronos_bolt,,,,,1
garch_t,18,729,chronos_2,,,,,34
garch_t,18,746,chronos_base,50.0,2.0,0.02290332317352295,0.0114516019821167,3
garch_t,18,746,chronos_bolt,,,,,1
garch_t,18,746,chronos_2,,,,,34
garch_t,18,762,chronos_base,50.0,2.0,0.011279821395874023,0.011279791593551636,3
garch_t,18,762,chronos_bolt,,,,,1
garch_t,18,762,chronos_2,,,,,34
garch_t,18,779,chronos_base,50.0,2.0,0.010923981666564941,0.010923922061920166,3
garch_t,18,779,chronos_bolt,,,,,1
garch_t,18,779,chronos_2,,,,,34
garch_t,18,796,chronos_base,50.0,2.0,0.010599523782730103,0.010599464178085327,3
garch_t,18,796,chronos_bolt,,,,,1
garch_t,18,796,chronos_2,,,,,34
garch_t,18,813,chronos_base,50.0,2.0,0.01029457151889801,0.010294556617736816,3
garch_t,18,813,chronos_bolt,,,,,1
garch_t,18,813,chronos_2,,,,,34
garch_t,18,829,chronos_base,50.0,2.0,0.010269880294799805,0.010269790887832642,3
garch_t,18,829,chronos_bolt,,,,,1
garch_t,18,829,chronos_2,,,,,34
garch_t,18,846,chronos_base,50.0,2.0,0.02015024423599243,0.010075122117996216,3
garch_t,18,846,chronos_bolt,,,,,1
garch_t,18,846,chronos_2,,,,,34
garch_t,18,863,chronos_base,50.0,2.0,0.06070989370346069,0.010118275880813599,3
garch_t,18,863,chronos_bolt,,,,,1
garch_t,18,863,chronos_2,,,,,34
garch_t,18,880,chronos_base,50.0,2.0,0.009827136993408203,0.009827107191085815,3
garch_t,18,880,chronos_bolt,,,,,1
garch_t,18,880,chronos_2,,,,,34
garch_t,18,896,chronos_base,50.0,2.0,0.0193118155002594,0.009655892848968506,3
garch_t,18,896,chronos_bolt,,,,,1
garch_t,18,896,chronos_2,,,,,34
garch_t,18,913,chronos_base,50.0,2.0,0.019170939922332764,0.009585469961166382,3
garch_t,18,913,chronos_bolt,,,,,1
garch_t,18,913,chronos_2,,,,,34
garch_t,18,930,chronos_base,50.0,2.0,0.02933323383331299,0.009777724742889404,3
garch_t,18,930,chronos_bolt,,,,,1
garch_t,18,930,chronos_2,,,,,34
garch_t,18,946,chronos_base,50.0,2.0,0.04120361804962158,0.010300874710083008,3
garch_t,18,946,chronos_bolt,,,,,1
garch_t,18,946,chronos_2,,,,,34
garch_t,18,963,chronos_base,50.0,2.0,0.021114498376846313,0.010557174682617188,3
garch_t,18,963,chronos_bolt,,,,,1
garch_t,18,963,chronos_2,,,,,34
garch_t,18,980,chronos_base,50.0,2.0,0.011164546012878418,0.011164546012878418,3
garch_t,18,980,chronos_bolt,,,,,1
garch_t,18,980,chronos_2,,,,,34
garch_t,18,997,chronos_base,50.0,2.0,0.023280322551727295,0.011640101671218872,3
garch_t,18,997,chronos_bolt,,,,,1
garch_t,18,997,chronos_2,,,,,34
garch_t,18,1013,chronos_base,50.0,2.0,0.011985242366790771,0.011985242366790771,3
garch_t,18,1013,chronos_bolt,,,,,1
garch_t,18,1013,chronos_2,,,,,34
garch_t,18,1030,chronos_base,50.0,2.0,0.024704277515411377,0.0123521089553833,3
garch_t,18,1030,chronos_bolt,,,,,1
garch_t,18,1030,chronos_2,,,,,34
garch_t,18,1047,chronos_base,50.0,2.0,0.01250004768371582,0.012500017881393433,3
garch_t,18,1047,chronos_bolt,,,,,1
garch_t,18,1047,chronos_2,,,,,34
garch_t,18,1064,chronos_base,50.0,1.0,,0.012340664863586426,3
garch_t,18,1064,chronos_bolt,,,,,1
garch_t,18,1064,chronos_2,,,,,34
garch_t,18,1080,chronos_base,50.0,2.0,0.011937975883483887,0.011937916278839111,3
garch_t,18,1080,chronos_bolt,,,,,1
garch_t,18,1080,chronos_2,,,,,34
garch_t,18,1097,chronos_base,50.0,2.0,0.08037728071212769,0.011482447385787964,3
garch_t,18,1097,chronos_bolt,,,,,1
garch_t,18,1097,chronos_2,,,,,34
garch_t,18,1114,chronos_base,50.0,2.0,0.03439730405807495,0.011465728282928467,3
garch_t,18,1114,chronos_bolt,,,,,1
garch_t,18,1114,chronos_2,,,,,34
garch_t,18,1130,chronos_base,50.0,2.0,0.011754661798477173,0.011754602193832397,3
garch_t,18,1130,chronos_bolt,,,,,1
garch_t,18,1130,chronos_2,,,,,34
garch_t,18,1147,chronos_base,50.0,2.0,0.011992543935775757,0.011992454528808594,3
garch_t,18,1147,chronos_bolt,,,,,1
garch_t,18,1147,chronos_2,,,,,34
garch_t,18,1164,chronos_base,50.0,2.0,0.02392631769180298,0.011963129043579102,3
garch_t,18,1164,chronos_bolt,,,,,1
garch_t,18,1164,chronos_2,,,,,34
garch_t,18,1181,chronos_base,50.0,2.0,0.02384316921234131,0.011921554803848267,3
garch_t,18,1181,chronos_bolt,,,,,1
garch_t,18,1181,chronos_2,,,,,34
garch_t,18,1197,chronos_base,50.0,3.0,0.017975836992263794,0.011983871459960938,3
garch_t,18,1197,chronos_bolt,,,,,1
garch_t,18,1197,chronos_2,,,,,34
garch_t,18,1214,chronos_base,50.0,2.0,0.024193286895751953,0.012096643447875977,3
garch_t,18,1214,chronos_bolt,,,,,1
garch_t,18,1214,chronos_2,,,,,34
garch_t,18,1231,chronos_base,50.0,2.0,0.02431941032409668,0.012159645557403564,3
garch_t,18,1231,chronos_bolt,,,,,1
garch_t,18,1231,chronos_2,,,,,34
garch_t,18,1248,chronos_base,50.0,2.0,0.03733116388320923,0.012443691492080688,3
garch_t,18,1248,chronos_bolt,,,,,1
garch_t,18,1248,chronos_2,,,,,34
garch_t,18,1264,chronos_base,50.0,2.0,0.08773660659790039,0.012533783912658691,3
garch_t,18,1264,chronos_bolt,,,,,1
garch_t,18,1264,chronos_2,,,,,34
garch_t,18,1281,chronos_base,50.0,2.0,0.07467520236968994,0.012445837259292603,3
garch_t,18,1281,chronos_bolt,,,,,1
garch_t,18,1281,chronos_2,,,,,34
garch_t,18,1298,chronos_base,50.0,2.0,0.01241251826286316,0.012412503361701965,3
garch_t,18,1298,chronos_bolt,,,,,1
garch_t,18,1298,chronos_2,,,,,34
garch_t,18,1314,chronos_base,50.0,3.0,0.01867470145225525,0.012449771165847778,3
garch_t,18,1314,chronos_bolt,,,,,1
garch_t,18,1314,chronos_2,,,,,34
garch_t,18,1331,chronos_base,50.0,3.0,0.0436585396528244,0.012473851442337036,3
garch_t,18,1331,chronos_bolt,,,,,1
garch_t,18,1331,chronos_2,,,,,34
garch_t,18,1348,chronos_base,50.0,3.0,0.04373864829540253,0.012496739625930786,3
garch_t,18,1348,chronos_bolt,,,,,1
garch_t,18,1348,chronos_2,,,,,34
garch_t,18,1365,chronos_base,50.0,3.0,0.018842190504074097,0.012561440467834473,3
garch_t,18,1365,chronos_bolt,,,,,1
garch_t,18,1365,chronos_2,,,,,34
garch_t,18,1381,chronos_base,50.0,2.0,0.012397170066833496,0.01239711046218872,3
garch_t,18,1381,chronos_bolt,,,,,1
garch_t,18,1381,chronos_2,,,,,34
garch_t,18,1398,chronos_base,50.0,1.0,,0.01227077841758728,3
garch_t,18,1398,chronos_bolt,,,,,1
garch_t,18,1398,chronos_2,,,,,34
garch_t,18,1415,chronos_base,50.0,2.0,0.0123005211353302,0.0123005211353302,3
garch_t,18,1415,chronos_bolt,,,,,1
garch_t,18,1415,chronos_2,,,,,34
garch_t,18,1432,chronos_base,50.0,3.0,0.018251344561576843,0.012167543172836304,3
garch_t,18,1432,chronos_bolt,,,,,1
garch_t,18,1432,chronos_2,,,,,34
garch_t,18,1448,chronos_base,50.0,2.0,0.011700615286827087,0.011700570583343506,3
garch_t,18,1448,chronos_bolt,,,,,1
garch_t,18,1448,chronos_2,,,,,34
garch_t,18,1465,chronos_base,50.0,2.0,0.011188924312591553,0.011188924312591553,3
garch_t,18,1465,chronos_bolt,,,,,1
garch_t,18,1465,chronos_2,,,,,34
garch_t,18,1482,chronos_base,50.0,3.0,0.043550267815589905,0.01088753342628479,3
garch_t,18,1482,chronos_bolt,,,,,1
garch_t,18,1482,chronos_2,,,,,34
garch_t,18,1499,chronos_base,50.0,2.0,0.010604321956634521,0.010604307055473328,3
garch_t,18,1499,chronos_bolt,,,,,1
garch_t,18,1499,chronos_2,,,,,34
garch_t,19,512,chronos_base,50.0,2.0,0.01723363995552063,0.008616775274276733,3
garch_t,19,512,chronos_bolt,,,,,1
garch_t,19,512,chronos_2,,,,,34
garch_t,19,528,chronos_base,50.0,2.0,0.00866478681564331,0.008664742112159729,3
garch_t,19,528,chronos_bolt,,,,,1
garch_t,19,528,chronos_2,,,,,34
garch_t,19,545,chronos_base,50.0,2.0,0.017485201358795166,0.008742570877075195,3
garch_t,19,545,chronos_bolt,,,,,1
garch_t,19,545,chronos_2,,,,,34
garch_t,19,562,chronos_base,50.0,2.0,0.01780843734741211,0.008904188871383667,3
garch_t,19,562,chronos_bolt,,,,,1
garch_t,19,562,chronos_2,,,,,34
garch_t,19,578,chronos_base,50.0,2.0,0.008930444717407227,0.008930429816246033,3
garch_t,19,578,chronos_bolt,,,,,1
garch_t,19,578,chronos_2,,,,,34
garch_t,19,595,chronos_base,50.0,2.0,0.01773783564567566,0.008868873119354248,3
garch_t,19,595,chronos_bolt,,,,,1
garch_t,19,595,chronos_2,,,,,34
garch_t,19,612,chronos_base,50.0,2.0,0.01782260835170746,0.008911281824111938,3
garch_t,19,612,chronos_bolt,,,,,1
garch_t,19,612,chronos_2,,,,,34
garch_t,19,629,chronos_base,50.0,2.0,0.00889560580253601,0.008895590901374817,3
garch_t,19,629,chronos_bolt,,,,,1
garch_t,19,629,chronos_2,,,,,34
garch_t,19,645,chronos_base,50.0,2.0,0.01772785186767578,0.008863896131515503,3
garch_t,19,645,chronos_bolt,,,,,1
garch_t,19,645,chronos_2,,,,,34
garch_t,19,662,chronos_base,50.0,2.0,0.008976757526397705,0.008976742625236511,3
garch_t,19,662,chronos_bolt,,,,,1
garch_t,19,662,chronos_2,,,,,34
garch_t,19,679,chronos_base,50.0,2.0,0.07333342730998993,0.0091666579246521,3
garch_t,19,679,chronos_bolt,,,,,1
garch_t,19,679,chronos_2,,,,,34
garch_t,19,696,chronos_base,50.0,2.0,0.00919961929321289,0.009199559688568115,3
garch_t,19,696,chronos_bolt,,,,,1
garch_t,19,696,chronos_2,,,,,34
garch_t,19,712,chronos_base,50.0,2.0,0.018587559461593628,0.009293779730796814,3
garch_t,19,712,chronos_bolt,,,,,1
garch_t,19,712,chronos_2,,,,,34
garch_t,19,729,chronos_base,50.0,2.0,0.017468541860580444,0.008734270930290222,3
garch_t,19,729,chronos_bolt,,,,,1
garch_t,19,729,chronos_2,,,,,34
garch_t,19,746,chronos_base,50.0,2.0,0.03415071964263916,0.008537665009498596,3
garch_t,19,746,chronos_bolt,,,,,1
garch_t,19,746,chronos_2,,,,,34
garch_t,19,762,chronos_base,50.0,2.0,0.11713549494743347,0.008366808295249939,3
garch_t,19,762,chronos_bolt,,,,,1
garch_t,19,762,chronos_2,,,,,34
garch_t,19,779,chronos_base,50.0,2.0,0.00825241208076477,0.00825241208076477,3
garch_t,19,779,chronos_bolt,,,,,1
garch_t,19,779,chronos_2,,,,,34
garch_t,19,796,chronos_base,50.0,2.0,0.016396045684814453,0.008197993040084839,3
garch_t,19,796,chronos_bolt,,,,,1
garch_t,19,796,chronos_2,,,,,34
garch_t,19,813,chronos_base,50.0,2.0,0.008154153823852539,0.008154153823852539,3
garch_t,19,813,chronos_bolt,,,,,1
garch_t,19,813,chronos_2,,,,,34
garch_t,19,829,chronos_base,50.0,2.0,0.00822332501411438,0.00822332501411438,3
garch_t,19,829,chronos_bolt,,,,,1
garch_t,19,829,chronos_2,,,,,34
garch_t,19,846,chronos_base,50.0,2.0,0.0164945125579834,0.008247226476669312,3
garch_t,19,846,chronos_bolt,,,,,1
garch_t,19,846,chronos_2,,,,,34
garch_t,19,863,chronos_base,50.0,2.0,0.017042040824890137,0.008521020412445068,3
garch_t,19,863,chronos_bolt,,,,,1
garch_t,19,863,chronos_2,,,,,34
garch_t,19,880,chronos_base,50.0,2.0,0.00854453444480896,0.008544519543647766,3
garch_t,19,880,chronos_bolt,,,,,1
garch_t,19,880,chronos_2,,,,,34
garch_t,19,896,chronos_base,50.0,2.0,0.008598864078521729,0.008598864078521729,3
garch_t,19,896,chronos_bolt,,,,,1
garch_t,19,896,chronos_2,,,,,34
garch_t,19,913,chronos_base,50.0,2.0,0.034233808517456055,0.00855843722820282,3
garch_t,19,913,chronos_bolt,,,,,1
garch_t,19,913,chronos_2,,,,,34
garch_t,19,930,chronos_base,50.0,2.0,0.02553287148475647,0.008510947227478027,3
garch_t,19,930,chronos_bolt,,,,,1
garch_t,19,930,chronos_2,,,,,34
garch_t,19,946,chronos_base,50.0,2.0,0.01701679825782776,0.008508384227752686,3
garch_t,19,946,chronos_bolt,,,,,1
garch_t,19,946,chronos_2,,,,,34
garch_t,19,963,chronos_base,50.0,1.0,,0.008323818445205688,3
garch_t,19,963,chronos_bolt,,,,,1
garch_t,19,963,chronos_2,,,,,34
garch_t,19,980,chronos_base,50.0,2.0,0.00843319296836853,0.008433163166046143,3
garch_t,19,980,chronos_bolt,,,,,1
garch_t,19,980,chronos_2,,,,,34
garch_t,19,997,chronos_base,50.0,1.0,,0.008319750428199768,3
garch_t,19,997,chronos_bolt,,,,,1
garch_t,19,997,chronos_2,,,,,34
garch_t,19,1013,chronos_base,50.0,2.0,0.008170247077941895,0.008170217275619507,3
garch_t,19,1013,chronos_bolt,,,,,1
garch_t,19,1013,chronos_2,,,,,34
garch_t,19,1030,chronos_base,50.0,3.0,0.028794795274734497,0.008227050304412842,3
garch_t,19,1030,chronos_bolt,,,,,1
garch_t,19,1030,chronos_2,,,,,34
garch_t,19,1047,chronos_base,50.0,2.0,0.01679930090904236,0.008399605751037598,3
garch_t,19,1047,chronos_bolt,,,,,1
garch_t,19,1047,chronos_2,,,,,34
garch_t,19,1064,chronos_base,50.0,2.0,0.016686707735061646,0.008343338966369629,3
garch_t,19,1064,chronos_bolt,,,,,1
garch_t,19,1064,chronos_2,,,,,34
garch_t,19,1080,chronos_base,50.0,2.0,0.008496254682540894,0.008496254682540894,3
garch_t,19,1080,chronos_bolt,,,,,1
garch_t,19,1080,chronos_2,,,,,34
garch_t,19,1097,chronos_base,50.0,1.0,,0.008637100458145142,3
garch_t,19,1097,chronos_bolt,,,,,1
garch_t,19,1097,chronos_2,,,,,34
garch_t,19,1114,chronos_base,50.0,2.0,0.017500579357147217,0.00875025987625122,3
garch_t,19,1114,chronos_bolt,,,,,1
garch_t,19,1114,chronos_2,,,,,34
garch_t,19,1130,chronos_base,50.0,2.0,0.008897870779037476,0.008897840976715088,3
garch_t,19,1130,chronos_bolt,,,,,1
garch_t,19,1130,chronos_2,,,,,34
garch_t,19,1147,chronos_base,50.0,2.0,0.00900876522064209,0.009008750319480896,3
garch_t,19,1147,chronos_bolt,,,,,1
garch_t,19,1147,chronos_2,,,,,34
garch_t,19,1164,chronos_base,50.0,2.0,0.018273919820785522,0.00913691520690918,3
garch_t,19,1164,chronos_bolt,,,,,1
garch_t,19,1164,chronos_2,,,,,34
garch_t,19,1181,chronos_base,50.0,2.0,0.01883530616760254,0.009417638182640076,3
garch_t,19,1181,chronos_bolt,,,,,1
garch_t,19,1181,chronos_2,,,,,34
garch_t,19,1197,chronos_base,50.0,2.0,0.019323378801345825,0.009661644697189331,3
garch_t,19,1197,chronos_bolt,,,,,1
garch_t,19,1197,chronos_2,,,,,34
garch_t,19,1214,chronos_base,50.0,2.0,0.028751879930496216,0.00958395004272461,3
garch_t,19,1214,chronos_bolt,,,,,1
garch_t,19,1214,chronos_2,,,,,34
garch_t,19,1231,chronos_base,50.0,2.0,0.019431203603744507,0.009715557098388672,3
garch_t,19,1231,chronos_bolt,,,,,1
garch_t,19,1231,chronos_2,,,,,34
garch_t,19,1248,chronos_base,50.0,2.0,0.019714176654815674,0.009857088327407837,3
garch_t,19,1248,chronos_bolt,,,,,1
garch_t,19,1248,chronos_2,,,,,34
garch_t,19,1264,chronos_base,50.0,2.0,0.02030828595161438,0.010154098272323608,3
garch_t,19,1264,chronos_bolt,,,,,1
garch_t,19,1264,chronos_2,,,,,34
garch_t,19,1281,chronos_base,50.0,2.0,0.020940780639648438,0.010470360517501831,3
garch_t,19,1281,chronos_bolt,,,,,1
garch_t,19,1281,chronos_2,,,,,34
garch_t,19,1298,chronos_base,50.0,2.0,0.022113144397735596,0.011056572198867798,3
garch_t,19,1298,chronos_bolt,,,,,1
garch_t,19,1298,chronos_2,,,,,34
garch_t,19,1314,chronos_base,50.0,2.0,0.02375394105911255,0.011876940727233887,3
garch_t,19,1314,chronos_bolt,,,,,1
garch_t,19,1314,chronos_2,,,,,34
garch_t,19,1331,chronos_base,50.0,2.0,0.025529533624649048,0.012764692306518555,3
garch_t,19,1331,chronos_bolt,,,,,1
garch_t,19,1331,chronos_2,,,,,34
garch_t,19,1348,chronos_base,50.0,2.0,0.013528823852539062,0.013528704643249512,3
garch_t,19,1348,chronos_bolt,,,,,1
garch_t,19,1348,chronos_2,,,,,34
garch_t,19,1365,chronos_base,50.0,2.0,0.02715468406677246,0.013577312231063843,3
garch_t,19,1365,chronos_bolt,,,,,1
garch_t,19,1365,chronos_2,,,,,34
garch_t,19,1381,chronos_base,50.0,2.0,0.08075863122940063,0.013459742069244385,3
garch_t,19,1381,chronos_bolt,,,,,1
garch_t,19,1381,chronos_2,,,,,34
garch_t,19,1398,chronos_base,50.0,2.0,0.013785600662231445,0.013785481452941895,3
garch_t,19,1398,chronos_bolt,,,,,1
garch_t,19,1398,chronos_2,,,,,34
garch_t,19,1415,chronos_base,50.0,3.0,0.04181891679763794,0.013939619064331055,3
garch_t,19,1415,chronos_bolt,,,,,1
garch_t,19,1415,chronos_2,,,,,34
garch_t,19,1432,chronos_base,50.0,2.0,0.014032840728759766,0.014032721519470215,3
garch_t,19,1432,chronos_bolt,,,,,1
garch_t,19,1432,chronos_2,,,,,34
garch_t,19,1448,chronos_base,50.0,2.0,0.028101682662963867,0.014050781726837158,3
garch_t,19,1448,chronos_bolt,,,,,1
garch_t,19,1448,chronos_2,,,,,34
garch_t,19,1465,chronos_base,50.0,2.0,0.042190730571746826,0.014063537120819092,3
garch_t,19,1465,chronos_bolt,,,,,1
garch_t,19,1465,chronos_2,,,,,34
garch_t,19,1482,chronos_base,50.0,2.0,0.043012186884880066,0.014337360858917236,3
garch_t,19,1482,chronos_bolt,,,,,1
garch_t,19,1482,chronos_2,,,,,34
garch_t,19,1499,chronos_base,50.0,2.0,0.01438838243484497,0.01438838243484497,3
garch_t,19,1499,chronos_bolt,,,,,1
garch_t,19,1499,chronos_2,,,,,34
gjr_t,0,512,chronos_base,50.0,3.0,0.058487266302108765,0.006880849599838257,3
gjr_t,0,512,chronos_bolt,,,,,1
gjr_t,0,512,chronos_2,,,,,34
gjr_t,0,528,chronos_base,50.0,2.0,0.01352277398109436,0.006761372089385986,3
gjr_t,0,528,chronos_bolt,,,,,1
gjr_t,0,528,chronos_2,,,,,34
gjr_t,0,545,chronos_base,50.0,2.0,0.006672263145446777,0.006672263145446777,3
gjr_t,0,545,chronos_bolt,,,,,1
gjr_t,0,545,chronos_2,,,,,34
gjr_t,0,562,chronos_base,50.0,2.0,0.006606012582778931,0.006605997681617737,3
gjr_t,0,562,chronos_bolt,,,,,1
gjr_t,0,562,chronos_2,,,,,34
gjr_t,0,578,chronos_base,50.0,2.0,0.026654452085494995,0.006663590669631958,3
gjr_t,0,578,chronos_bolt,,,,,1
gjr_t,0,578,chronos_2,,,,,34
gjr_t,0,595,chronos_base,50.0,2.0,0.00654226541519165,0.006542235612869263,3
gjr_t,0,595,chronos_bolt,,,,,1
gjr_t,0,595,chronos_2,,,,,34
gjr_t,0,612,chronos_base,50.0,2.0,0.013050347566604614,0.006525158882141113,3
gjr_t,0,612,chronos_bolt,,,,,1
gjr_t,0,612,chronos_2,,,,,34
gjr_t,0,629,chronos_base,50.0,2.0,0.006607264280319214,0.006607234477996826,3
gjr_t,0,629,chronos_bolt,,,,,1
gjr_t,0,629,chronos_2,,,,,34
gjr_t,0,645,chronos_base,50.0,2.0,0.013240188360214233,0.006620079278945923,3
gjr_t,0,645,chronos_bolt,,,,,1
gjr_t,0,645,chronos_2,,,,,34
gjr_t,0,662,chronos_base,50.0,1.0,,0.006702840328216553,3
gjr_t,0,662,chronos_bolt,,,,,1
gjr_t,0,662,chronos_2,,,,,34
gjr_t,0,679,chronos_base,50.0,2.0,0.0067678093910217285,0.006767779588699341,3
gjr_t,0,679,chronos_bolt,,,,,1
gjr_t,0,679,chronos_2,,,,,34
gjr_t,0,696,chronos_base,50.0,2.0,0.006802469491958618,0.006802469491958618,3
gjr_t,0,696,chronos_bolt,,,,,1
gjr_t,0,696,chronos_2,,,,,34
gjr_t,0,712,chronos_base,50.0,2.0,0.054068535566329956,0.006758540868759155,3
gjr_t,0,712,chronos_bolt,,,,,1
gjr_t,0,712,chronos_2,,,,,34
gjr_t,0,729,chronos_base,50.0,2.0,0.006903290748596191,0.006903290748596191,3
gjr_t,0,729,chronos_bolt,,,,,1
gjr_t,0,729,chronos_2,,,,,34
gjr_t,0,746,chronos_base,50.0,2.0,0.0070037841796875,0.007003754377365112,3
gjr_t,0,746,chronos_bolt,,,,,1
gjr_t,0,746,chronos_2,,,,,34
gjr_t,0,762,chronos_base,50.0,2.0,0.048847973346710205,0.006978273391723633,3
gjr_t,0,762,chronos_bolt,,,,,1
gjr_t,0,762,chronos_2,,,,,34
gjr_t,0,779,chronos_base,50.0,2.0,0.013835549354553223,0.006917774677276611,3
gjr_t,0,779,chronos_bolt,,,,,1
gjr_t,0,779,chronos_2,,,,,34
gjr_t,0,796,chronos_base,50.0,2.0,0.006930500268936157,0.006930500268936157,3
gjr_t,0,796,chronos_bolt,,,,,1
gjr_t,0,796,chronos_2,,,,,34
gjr_t,0,813,chronos_base,50.0,2.0,0.006809145212173462,0.006809145212173462,3
gjr_t,0,813,chronos_bolt,,,,,1
gjr_t,0,813,chronos_2,,,,,34
gjr_t,0,829,chronos_base,50.0,3.0,0.030405350029468536,0.0067567378282547,3
gjr_t,0,829,chronos_bolt,,,,,1
gjr_t,0,829,chronos_2,,,,,34
gjr_t,0,846,chronos_base,50.0,2.0,0.013626813888549805,0.006813406944274902,3
gjr_t,0,846,chronos_bolt,,,,,1
gjr_t,0,846,chronos_2,,,,,34
gjr_t,0,863,chronos_base,50.0,2.0,0.013807550072669983,0.006903752684593201,3
gjr_t,0,863,chronos_bolt,,,,,1
gjr_t,0,863,chronos_2,,,,,34
gjr_t,0,880,chronos_base,50.0,2.0,0.013933897018432617,0.006966948509216309,3
gjr_t,0,880,chronos_bolt,,,,,1
gjr_t,0,880,chronos_2,,,,,34
gjr_t,0,896,chronos_base,50.0,2.0,0.006968259811401367,0.006968259811401367,3
gjr_t,0,896,chronos_bolt,,,,,1
gjr_t,0,896,chronos_2,,,,,34
gjr_t,0,913,chronos_base,50.0,2.0,0.007022768259048462,0.007022768259048462,3
gjr_t,0,913,chronos_bolt,,,,,1
gjr_t,0,913,chronos_2,,,,,34
gjr_t,0,930,chronos_base,50.0,2.0,0.007034718990325928,0.00703468918800354,3
gjr_t,0,930,chronos_bolt,,,,,1
gjr_t,0,930,chronos_2,,,,,34
gjr_t,0,946,chronos_base,50.0,2.0,0.04799473285675049,0.006856381893157959,3
gjr_t,0,946,chronos_bolt,,,,,1
gjr_t,0,946,chronos_2,,,,,34
gjr_t,0,963,chronos_base,50.0,2.0,0.013406991958618164,0.006703466176986694,3
gjr_t,0,963,chronos_bolt,,,,,1
gjr_t,0,963,chronos_2,,,,,34
gjr_t,0,980,chronos_base,50.0,2.0,0.026043802499771118,0.006510943174362183,3
gjr_t,0,980,chronos_bolt,,,,,1
gjr_t,0,980,chronos_2,,,,,34
gjr_t,0,997,chronos_base,50.0,3.0,0.006482973694801331,0.006482973694801331,3
gjr_t,0,997,chronos_bolt,,,,,1
gjr_t,0,997,chronos_2,,,,,34
gjr_t,0,1013,chronos_base,50.0,2.0,0.012804865837097168,0.00640241801738739,3
gjr_t,0,1013,chronos_bolt,,,,,1
gjr_t,0,1013,chronos_2,,,,,34
gjr_t,0,1030,chronos_base,50.0,1.0,,0.006592467427253723,3
gjr_t,0,1030,chronos_bolt,,,,,1
gjr_t,0,1030,chronos_2,,,,,34
gjr_t,0,1047,chronos_base,50.0,2.0,0.013265132904052734,0.006632551550865173,3
gjr_t,0,1047,chronos_bolt,,,,,1
gjr_t,0,1047,chronos_2,,,,,34
gjr_t,0,1064,chronos_base,50.0,2.0,0.013290584087371826,0.006645277142524719,3
gjr_t,0,1064,chronos_bolt,,,,,1
gjr_t,0,1064,chronos_2,,,,,34
gjr_t,0,1080,chronos_base,50.0,2.0,0.006737381219863892,0.006737321615219116,3
gjr_t,0,1080,chronos_bolt,,,,,1
gjr_t,0,1080,chronos_2,,,,,34
gjr_t,0,1097,chronos_base,50.0,2.0,0.047577619552612305,0.006796777248382568,3
gjr_t,0,1097,chronos_bolt,,,,,1
gjr_t,0,1097,chronos_2,,,,,34
gjr_t,0,1114,chronos_base,50.0,2.0,0.035291433334350586,0.007058262825012207,3
gjr_t,0,1114,chronos_bolt,,,,,1
gjr_t,0,1114,chronos_2,,,,,34
gjr_t,0,1130,chronos_base,50.0,2.0,0.007129043340682983,0.007129013538360596,3
gjr_t,0,1130,chronos_bolt,,,,,1
gjr_t,0,1130,chronos_2,,,,,34
gjr_t,0,1147,chronos_base,50.0,3.0,0.0291336327791214,0.007283389568328857,3
gjr_t,0,1147,chronos_bolt,,,,,1
gjr_t,0,1147,chronos_2,,,,,34
gjr_t,0,1164,chronos_base,50.0,2.0,0.09373538941144943,0.007210403680801392,3
gjr_t,0,1164,chronos_bolt,,,,,1
gjr_t,0,1164,chronos_2,,,,,34
gjr_t,0,1181,chronos_base,50.0,2.0,0.007443487644195557,0.007443457841873169,3
gjr_t,0,1181,chronos_bolt,,,,,1
gjr_t,0,1181,chronos_2,,,,,34
gjr_t,0,1197,chronos_base,50.0,2.0,0.00783643126487732,0.007836401462554932,3
gjr_t,0,1197,chronos_bolt,,,,,1
gjr_t,0,1197,chronos_2,,,,,34
gjr_t,0,1214,chronos_base,50.0,2.0,0.007959723472595215,0.007959693670272827,3
gjr_t,0,1214,chronos_bolt,,,,,1
gjr_t,0,1214,chronos_2,,,,,34
gjr_t,0,1231,chronos_base,50.0,2.0,0.06405198574066162,0.008006483316421509,3
gjr_t,0,1231,chronos_bolt,,,,,1
gjr_t,0,1231,chronos_2,,,,,34
gjr_t,0,1248,chronos_base,50.0,2.0,0.0158921480178833,0.007946044206619263,3
gjr_t,0,1248,chronos_bolt,,,,,1
gjr_t,0,1248,chronos_2,,,,,34
gjr_t,0,1264,chronos_base,50.0,2.0,0.007967263460159302,0.007967203855514526,3
gjr_t,0,1264,chronos_bolt,,,,,1
gjr_t,0,1264,chronos_2,,,,,34
gjr_t,0,1281,chronos_base,50.0,2.0,0.007937222719192505,0.007937222719192505,3
gjr_t,0,1281,chronos_bolt,,,,,1
gjr_t,0,1281,chronos_2,,,,,34
gjr_t,0,1298,chronos_base,50.0,2.0,0.040339261293411255,0.008067846298217773,3
gjr_t,0,1298,chronos_bolt,,,,,1
gjr_t,0,1298,chronos_2,,,,,34
gjr_t,0,1314,chronos_base,50.0,2.0,0.008086174726486206,0.008086159825325012,3
gjr_t,0,1314,chronos_bolt,,,,,1
gjr_t,0,1314,chronos_2,,,,,34
gjr_t,0,1331,chronos_base,50.0,2.0,0.016329661011695862,0.008164823055267334,3
gjr_t,0,1331,chronos_bolt,,,,,1
gjr_t,0,1331,chronos_2,,,,,34
gjr_t,0,1348,chronos_base,50.0,2.0,0.11432307958602905,0.008165925741195679,3
gjr_t,0,1348,chronos_bolt,,,,,1
gjr_t,0,1348,chronos_2,,,,,34
gjr_t,0,1365,chronos_base,50.0,2.0,0.008199125528335571,0.008199125528335571,3
gjr_t,0,1365,chronos_bolt,,,,,1
gjr_t,0,1365,chronos_2,,,,,34
gjr_t,0,1381,chronos_base,50.0,3.0,0.008328065276145935,0.008328050374984741,3
gjr_t,0,1381,chronos_bolt,,,,,1
gjr_t,0,1381,chronos_2,,,,,34
gjr_t,0,1398,chronos_base,50.0,2.0,0.01697799563407898,0.008488982915878296,3
gjr_t,0,1398,chronos_bolt,,,,,1
gjr_t,0,1398,chronos_2,,,,,34
gjr_t,0,1415,chronos_base,50.0,2.0,0.025835692882537842,0.008611887693405151,3
gjr_t,0,1415,chronos_bolt,,,,,1
gjr_t,0,1415,chronos_2,,,,,34
gjr_t,0,1432,chronos_base,50.0,1.0,,0.008673399686813354,3
gjr_t,0,1432,chronos_bolt,,,,,1
gjr_t,0,1432,chronos_2,,,,,34
gjr_t,0,1448,chronos_base,50.0,2.0,0.008662223815917969,0.008662164211273193,3
gjr_t,0,1448,chronos_bolt,,,,,1
gjr_t,0,1448,chronos_2,,,,,34
gjr_t,0,1465,chronos_base,50.0,3.0,0.008679285645484924,0.00867927074432373,3
gjr_t,0,1465,chronos_bolt,,,,,1
gjr_t,0,1465,chronos_2,,,,,34
gjr_t,0,1482,chronos_base,50.0,2.0,0.01741611957550049,0.008708029985427856,3
gjr_t,0,1482,chronos_bolt,,,,,1
gjr_t,0,1482,chronos_2,,,,,34
gjr_t,0,1499,chronos_base,50.0,2.0,0.017614692449569702,0.008807331323623657,3
gjr_t,0,1499,chronos_bolt,,,,,1
gjr_t,0,1499,chronos_2,,,,,34
gjr_t,1,512,chronos_base,50.0,1.0,,0.007332444190979004,3
gjr_t,1,512,chronos_bolt,,,,,1
gjr_t,1,512,chronos_2,,,,,34
gjr_t,1,528,chronos_base,50.0,2.0,0.007344096899032593,0.007344067096710205,3
gjr_t,1,528,chronos_bolt,,,,,1
gjr_t,1,528,chronos_2,,,,,34
gjr_t,1,545,chronos_base,50.0,2.0,0.007253527641296387,0.007253497838973999,3
gjr_t,1,545,chronos_bolt,,,,,1
gjr_t,1,545,chronos_2,,,,,34
gjr_t,1,562,chronos_base,50.0,2.0,0.014181971549987793,0.007090955972671509,3
gjr_t,1,562,chronos_bolt,,,,,1
gjr_t,1,562,chronos_2,,,,,34
gjr_t,1,578,chronos_base,50.0,2.0,0.013924628496170044,0.006962299346923828,3
gjr_t,1,578,chronos_bolt,,,,,1
gjr_t,1,578,chronos_2,,,,,34
gjr_t,1,595,chronos_base,50.0,2.0,0.006744474172592163,0.006744414567947388,3
gjr_t,1,595,chronos_bolt,,,,,1
gjr_t,1,595,chronos_2,,,,,34
gjr_t,1,612,chronos_base,50.0,2.0,0.006755650043487549,0.0067555904388427734,3
gjr_t,1,612,chronos_bolt,,,,,1
gjr_t,1,612,chronos_2,,,,,34
gjr_t,1,629,chronos_base,50.0,2.0,0.013491541147232056,0.006745755672454834,3
gjr_t,1,629,chronos_bolt,,,,,1
gjr_t,1,629,chronos_2,,,,,34
gjr_t,1,645,chronos_base,50.0,2.0,0.006735771894454956,0.006735771894454956,3
gjr_t,1,645,chronos_bolt,,,,,1
gjr_t,1,645,chronos_2,,,,,34
gjr_t,1,662,chronos_base,50.0,2.0,0.006584525108337402,0.006584525108337402,3
gjr_t,1,662,chronos_bolt,,,,,1
gjr_t,1,662,chronos_2,,,,,34
gjr_t,1,679,chronos_base,50.0,2.0,0.006720900535583496,0.006720900535583496,3
gjr_t,1,679,chronos_bolt,,,,,1
gjr_t,1,679,chronos_2,,,,,34
gjr_t,1,696,chronos_base,50.0,2.0,0.006633341312408447,0.006633341312408447,3
gjr_t,1,696,chronos_bolt,,,,,1
gjr_t,1,696,chronos_2,,,,,34
gjr_t,1,712,chronos_base,50.0,2.0,0.013424456119537354,0.006712228059768677,3
gjr_t,1,712,chronos_bolt,,,,,1
gjr_t,1,712,chronos_2,,,,,34
gjr_t,1,729,chronos_base,50.0,2.0,0.039655327796936035,0.006609201431274414,3
gjr_t,1,729,chronos_bolt,,,,,1
gjr_t,1,729,chronos_2,,,,,34
gjr_t,1,746,chronos_base,50.0,2.0,0.046453237533569336,0.006636142730712891,3
gjr_t,1,746,chronos_bolt,,,,,1
gjr_t,1,746,chronos_2,,,,,34
gjr_t,1,762,chronos_base,50.0,2.0,0.013216584920883179,0.0066082775592803955,3
gjr_t,1,762,chronos_bolt,,,,,1
gjr_t,1,762,chronos_2,,,,,34
gjr_t,1,779,chronos_base,50.0,2.0,0.013093620538711548,0.006546780467033386,3
gjr_t,1,779,chronos_bolt,,,,,1
gjr_t,1,779,chronos_2,,,,,34
gjr_t,1,796,chronos_base,50.0,2.0,0.058200985193252563,0.006466761231422424,3
gjr_t,1,796,chronos_bolt,,,,,1
gjr_t,1,796,chronos_2,,,,,34
gjr_t,1,813,chronos_base,50.0,2.0,0.006428420543670654,0.0064284056425094604,3
gjr_t,1,813,chronos_bolt,,,,,1
gjr_t,1,813,chronos_2,,,,,34
gjr_t,1,829,chronos_base,50.0,2.0,0.019482016563415527,0.006493985652923584,3
gjr_t,1,829,chronos_bolt,,,,,1
gjr_t,1,829,chronos_2,,,,,34
gjr_t,1,846,chronos_base,50.0,2.0,0.020322561264038086,0.006774157285690308,3
gjr_t,1,846,chronos_bolt,,,,,1
gjr_t,1,846,chronos_2,,,,,34
gjr_t,1,863,chronos_base,50.0,2.0,0.0068128108978271484,0.0068128108978271484,3
gjr_t,1,863,chronos_bolt,,,,,1
gjr_t,1,863,chronos_2,,,,,34
gjr_t,1,880,chronos_base,50.0,2.0,0.013761311769485474,0.006880626082420349,3
gjr_t,1,880,chronos_bolt,,,,,1
gjr_t,1,880,chronos_2,,,,,34
gjr_t,1,896,chronos_base,50.0,2.0,0.006906330585479736,0.0069063156843185425,3
gjr_t,1,896,chronos_bolt,,,,,1
gjr_t,1,896,chronos_2,,,,,34
gjr_t,1,913,chronos_base,50.0,2.0,0.006840407848358154,0.006840378046035767,3
gjr_t,1,913,chronos_bolt,,,,,1
gjr_t,1,913,chronos_2,,,,,34
gjr_t,1,930,chronos_base,50.0,2.0,0.0066193342208862305,0.0066193342208862305,3
gjr_t,1,930,chronos_bolt,,,,,1
gjr_t,1,930,chronos_2,,,,,34
gjr_t,1,946,chronos_base,50.0,2.0,0.006405502557754517,0.006405502557754517,3
gjr_t,1,946,chronos_bolt,,,,,1
gjr_t,1,946,chronos_2,,,,,34
gjr_t,1,963,chronos_base,50.0,2.0,0.006327152252197266,0.006327152252197266,3
gjr_t,1,963,chronos_bolt,,,,,1
gjr_t,1,963,chronos_2,,,,,34
gjr_t,1,980,chronos_base,50.0,2.0,0.012623131275177002,0.006311535835266113,3
gjr_t,1,980,chronos_bolt,,,,,1
gjr_t,1,980,chronos_2,,,,,34
gjr_t,1,997,chronos_base,50.0,3.0,0.009365856647491455,0.006243899464607239,3
gjr_t,1,997,chronos_bolt,,,,,1
gjr_t,1,997,chronos_2,,,,,34
gjr_t,1,1013,chronos_base,50.0,2.0,0.012685507535934448,0.006342753767967224,3
gjr_t,1,1013,chronos_bolt,,,,,1
gjr_t,1,1013,chronos_2,,,,,34
gjr_t,1,1030,chronos_base,50.0,2.0,0.026086360216140747,0.00652158260345459,3
gjr_t,1,1030,chronos_bolt,,,,,1
gjr_t,1,1030,chronos_2,,,,,34
gjr_t,1,1047,chronos_base,50.0,3.0,0.0065737515687942505,0.006573736667633057,3
gjr_t,1,1047,chronos_bolt,,,,,1
gjr_t,1,1047,chronos_2,,,,,34
gjr_t,1,1064,chronos_base,50.0,2.0,0.01332421600818634,0.006662100553512573,3
gjr_t,1,1064,chronos_bolt,,,,,1
gjr_t,1,1064,chronos_2,,,,,34
gjr_t,1,1080,chronos_base,50.0,2.0,0.013575732707977295,0.006787851452827454,3
gjr_t,1,1080,chronos_bolt,,,,,1
gjr_t,1,1080,chronos_2,,,,,34
gjr_t,1,1097,chronos_base,50.0,2.0,0.006902739405632019,0.006902724504470825,3
gjr_t,1,1097,chronos_bolt,,,,,1
gjr_t,1,1097,chronos_2,,,,,34
gjr_t,1,1114,chronos_base,50.0,3.0,0.01413891464471817,0.007069438695907593,3
gjr_t,1,1114,chronos_bolt,,,,,1
gjr_t,1,1114,chronos_2,,,,,34
gjr_t,1,1130,chronos_base,50.0,1.0,,0.006913363933563232,3
gjr_t,1,1130,chronos_bolt,,,,,1
gjr_t,1,1130,chronos_2,,,,,34
gjr_t,1,1147,chronos_base,50.0,2.0,0.006869807839393616,0.006869792938232422,3
gjr_t,1,1147,chronos_bolt,,,,,1
gjr_t,1,1147,chronos_2,,,,,34
gjr_t,1,1164,chronos_base,50.0,2.0,0.0067850761115550995,0.006785064935684204,3
gjr_t,1,1164,chronos_bolt,,,,,1
gjr_t,1,1164,chronos_2,,,,,34
gjr_t,1,1181,chronos_base,50.0,2.0,0.006797522306442261,0.006797492504119873,3
gjr_t,1,1181,chronos_bolt,,,,,1
gjr_t,1,1181,chronos_2,,,,,34
gjr_t,1,1197,chronos_base,50.0,2.0,0.026265472173690796,0.006566360592842102,3
gjr_t,1,1197,chronos_bolt,,,,,1
gjr_t,1,1197,chronos_2,,,,,34
gjr_t,1,1214,chronos_base,50.0,2.0,0.012911111116409302,0.006455551832914352,3
gjr_t,1,1214,chronos_bolt,,,,,1
gjr_t,1,1214,chronos_2,,,,,34
gjr_t,1,1231,chronos_base,50.0,2.0,0.006331682205200195,0.006331652402877808,3
gjr_t,1,1231,chronos_bolt,,,,,1
gjr_t,1,1231,chronos_2,,,,,34
gjr_t,1,1248,chronos_base,50.0,2.0,0.006299227476119995,0.006299197673797607,3
gjr_t,1,1248,chronos_bolt,,,,,1
gjr_t,1,1248,chronos_2,,,,,34
gjr_t,1,1264,chronos_base,50.0,2.0,0.00627627968788147,0.006276249885559082,3
gjr_t,1,1264,chronos_bolt,,,,,1
gjr_t,1,1264,chronos_2,,,,,34
gjr_t,1,1281,chronos_base,50.0,2.0,0.006321072578430176,0.006321042776107788,3
gjr_t,1,1281,chronos_bolt,,,,,1
gjr_t,1,1281,chronos_2,,,,,34
gjr_t,1,1298,chronos_base,50.0,2.0,0.01283314824104309,0.0064165592193603516,3
gjr_t,1,1298,chronos_bolt,,,,,1
gjr_t,1,1298,chronos_2,,,,,34
gjr_t,1,1314,chronos_base,50.0,3.0,0.022687241435050964,0.006482064723968506,3
gjr_t,1,1314,chronos_bolt,,,,,1
gjr_t,1,1314,chronos_2,,,,,34
gjr_t,1,1331,chronos_base,50.0,2.0,0.006577521562576294,0.0065775066614151,3
gjr_t,1,1331,chronos_bolt,,,,,1
gjr_t,1,1331,chronos_2,,,,,34
gjr_t,1,1348,chronos_base,50.0,2.0,0.012827634811401367,0.006413787603378296,3
gjr_t,1,1348,chronos_bolt,,,,,1
gjr_t,1,1348,chronos_2,,,,,34
gjr_t,1,1365,chronos_base,50.0,2.0,0.11891048401594162,0.00625842809677124,3
gjr_t,1,1365,chronos_bolt,,,,,1
gjr_t,1,1365,chronos_2,,,,,34
gjr_t,1,1381,chronos_base,50.0,2.0,0.012411147356033325,0.006205558776855469,3
gjr_t,1,1381,chronos_bolt,,,,,1
gjr_t,1,1381,chronos_2,,,,,34
gjr_t,1,1398,chronos_base,50.0,2.0,0.01201048493385315,0.006005212664604187,3
gjr_t,1,1398,chronos_bolt,,,,,1
gjr_t,1,1398,chronos_2,,,,,34
gjr_t,1,1415,chronos_base,50.0,2.0,0.011865884065628052,0.005932927131652832,3
gjr_t,1,1415,chronos_bolt,,,,,1
gjr_t,1,1415,chronos_2,,,,,34
gjr_t,1,1432,chronos_base,50.0,2.0,0.005913540720939636,0.005913525819778442,3
gjr_t,1,1432,chronos_bolt,,,,,1
gjr_t,1,1432,chronos_2,,,,,34
gjr_t,1,1448,chronos_base,50.0,2.0,0.005991056561470032,0.005991026759147644,3
gjr_t,1,1448,chronos_bolt,,,,,1
gjr_t,1,1448,chronos_2,,,,,34
gjr_t,1,1465,chronos_base,50.0,2.0,0.00612834095954895,0.00612834095954895,3
gjr_t,1,1465,chronos_bolt,,,,,1
gjr_t,1,1465,chronos_2,,,,,34
gjr_t,1,1482,chronos_base,50.0,2.0,0.006156712770462036,0.0061566829681396484,3
gjr_t,1,1482,chronos_bolt,,,,,1
gjr_t,1,1482,chronos_2,,,,,34
gjr_t,1,1499,chronos_base,50.0,2.0,0.012358158826828003,0.0061790719628334045,3
gjr_t,1,1499,chronos_bolt,,,,,1
gjr_t,1,1499,chronos_2,,,,,34
gjr_t,2,512,chronos_base,50.0,1.0,,0.0065794289112091064,3
gjr_t,2,512,chronos_bolt,,,,,1
gjr_t,2,512,chronos_2,,,,,34
gjr_t,2,528,chronos_base,50.0,2.0,0.013091027736663818,0.006545506417751312,3
gjr_t,2,528,chronos_bolt,,,,,1
gjr_t,2,528,chronos_2,,,,,34
gjr_t,2,545,chronos_base,50.0,2.0,0.006567537784576416,0.006567522883415222,3
gjr_t,2,545,chronos_bolt,,,,,1
gjr_t,2,545,chronos_2,,,,,34
gjr_t,2,562,chronos_base,50.0,3.0,0.013158142566680908,0.00657905638217926,3
gjr_t,2,562,chronos_bolt,,,,,1
gjr_t,2,562,chronos_2,,,,,34
gjr_t,2,578,chronos_base,50.0,2.0,0.006524413824081421,0.0065243542194366455,3
gjr_t,2,578,chronos_bolt,,,,,1
gjr_t,2,578,chronos_2,,,,,34
gjr_t,2,595,chronos_base,50.0,2.0,0.05741262435913086,0.006379172205924988,3
gjr_t,2,595,chronos_bolt,,,,,1
gjr_t,2,595,chronos_2,,,,,34
gjr_t,2,612,chronos_base,50.0,2.0,0.01247742772102356,0.00623871386051178,3
gjr_t,2,612,chronos_bolt,,,,,1
gjr_t,2,612,chronos_2,,,,,34
gjr_t,2,629,chronos_base,50.0,2.0,0.012486964464187622,0.006243482232093811,3
gjr_t,2,629,chronos_bolt,,,,,1
gjr_t,2,629,chronos_2,,,,,34
gjr_t,2,645,chronos_base,50.0,2.0,0.006343185901641846,0.006343185901641846,3
gjr_t,2,645,chronos_bolt,,,,,1
gjr_t,2,645,chronos_2,,,,,34
gjr_t,2,662,chronos_base,50.0,2.0,0.012836694717407227,0.006418317556381226,3
gjr_t,2,662,chronos_bolt,,,,,1
gjr_t,2,662,chronos_2,,,,,34
gjr_t,2,679,chronos_base,50.0,2.0,0.01282551884651184,0.00641275942325592,3
gjr_t,2,679,chronos_bolt,,,,,1
gjr_t,2,679,chronos_2,,,,,34
gjr_t,2,696,chronos_base,50.0,3.0,0.025084055960178375,0.006271004676818848,3
gjr_t,2,696,chronos_bolt,,,,,1
gjr_t,2,696,chronos_2,,,,,34
gjr_t,2,712,chronos_base,50.0,2.0,0.012594431638717651,0.006297200918197632,3
gjr_t,2,712,chronos_bolt,,,,,1
gjr_t,2,712,chronos_2,,,,,34
gjr_t,2,729,chronos_base,50.0,2.0,0.01223599910736084,0.006117984652519226,3
gjr_t,2,729,chronos_bolt,,,,,1
gjr_t,2,729,chronos_2,,,,,34
gjr_t,2,746,chronos_base,50.0,2.0,0.011841267347335815,0.005920618772506714,3
gjr_t,2,746,chronos_bolt,,,,,1
gjr_t,2,746,chronos_2,,,,,34
gjr_t,2,762,chronos_base,50.0,3.0,0.011865228414535522,0.005932599306106567,3
gjr_t,2,762,chronos_bolt,,,,,1
gjr_t,2,762,chronos_2,,,,,34
gjr_t,2,779,chronos_base,50.0,2.0,0.006050169467926025,0.0060501545667648315,3
gjr_t,2,779,chronos_bolt,,,,,1
gjr_t,2,779,chronos_2,,,,,34
gjr_t,2,796,chronos_base,50.0,2.0,0.043166548013687134,0.006166636943817139,3
gjr_t,2,796,chronos_bolt,,,,,1
gjr_t,2,796,chronos_2,,,,,34
gjr_t,2,813,chronos_base,50.0,2.0,0.006319642066955566,0.006319612264633179,3
gjr_t,2,813,chronos_bolt,,,,,1
gjr_t,2,813,chronos_2,,,,,34
gjr_t,2,829,chronos_base,50.0,2.0,0.04455356299877167,0.006364788860082626,3
gjr_t,2,829,chronos_bolt,,,,,1
gjr_t,2,829,chronos_2,,,,,34
gjr_t,2,846,chronos_base,50.0,2.0,0.05363161861896515,0.00670391321182251,3
gjr_t,2,846,chronos_bolt,,,,,1
gjr_t,2,846,chronos_2,,,,,34
gjr_t,2,863,chronos_base,50.0,1.0,,0.007120192050933838,3
gjr_t,2,863,chronos_bolt,,,,,1
gjr_t,2,863,chronos_2,,,,,34
gjr_t,2,880,chronos_base,50.0,2.0,0.031107455492019653,0.0077768415212631226,3
gjr_t,2,880,chronos_bolt,,,,,1
gjr_t,2,880,chronos_2,,,,,34
gjr_t,2,896,chronos_base,50.0,2.0,0.031264156103134155,0.007816016674041748,3
gjr_t,2,896,chronos_bolt,,,,,1
gjr_t,2,896,chronos_2,,,,,34
gjr_t,2,913,chronos_base,50.0,2.0,0.00803174078464508,0.008031725883483887,3
gjr_t,2,913,chronos_bolt,,,,,1
gjr_t,2,913,chronos_2,,,,,34
gjr_t,2,930,chronos_base,50.0,2.0,0.008158296346664429,0.008158236742019653,3
gjr_t,2,930,chronos_bolt,,,,,1
gjr_t,2,930,chronos_2,,,,,34
gjr_t,2,946,chronos_base,50.0,2.0,0.008063584566116333,0.00806356966495514,3
gjr_t,2,946,chronos_bolt,,,,,1
gjr_t,2,946,chronos_2,,,,,34
gjr_t,2,963,chronos_base,50.0,2.0,0.040587395429611206,0.008117467164993286,3
gjr_t,2,963,chronos_bolt,,,,,1
gjr_t,2,963,chronos_2,,,,,34
gjr_t,2,980,chronos_base,50.0,2.0,0.024539634585380554,0.00817987322807312,3
gjr_t,2,980,chronos_bolt,,,,,1
gjr_t,2,980,chronos_2,,,,,34
gjr_t,2,997,chronos_base,50.0,2.0,0.016376972198486328,0.008188486099243164,3
gjr_t,2,997,chronos_bolt,,,,,1
gjr_t,2,997,chronos_2,,,,,34
gjr_t,2,1013,chronos_base,50.0,2.0,0.008549422025680542,0.008549392223358154,3
gjr_t,2,1013,chronos_bolt,,,,,1
gjr_t,2,1013,chronos_2,,,,,34
gjr_t,2,1030,chronos_base,50.0,2.0,0.017649203538894653,0.008824586868286133,3
gjr_t,2,1030,chronos_bolt,,,,,1
gjr_t,2,1030,chronos_2,,,,,34
gjr_t,2,1047,chronos_base,50.0,2.0,0.03622552752494812,0.00905635952949524,3
gjr_t,2,1047,chronos_bolt,,,,,1
gjr_t,2,1047,chronos_2,,,,,34
gjr_t,2,1064,chronos_base,50.0,2.0,0.0546688437461853,0.009111464023590088,3
gjr_t,2,1064,chronos_bolt,,,,,1
gjr_t,2,1064,chronos_2,,,,,34
gjr_t,2,1080,chronos_base,50.0,3.0,0.03229932487010956,0.009228348731994629,3
gjr_t,2,1080,chronos_bolt,,,,,1
gjr_t,2,1080,chronos_2,,,,,34
gjr_t,2,1097,chronos_base,50.0,2.0,0.05562382936477661,0.00927060842514038,3
gjr_t,2,1097,chronos_bolt,,,,,1
gjr_t,2,1097,chronos_2,,,,,34
gjr_t,2,1114,chronos_base,50.0,2.0,0.018751412630081177,0.009375691413879395,3
gjr_t,2,1114,chronos_bolt,,,,,1
gjr_t,2,1114,chronos_2,,,,,34
gjr_t,2,1130,chronos_base,50.0,2.0,0.00920926034450531,0.009209245443344116,3
gjr_t,2,1130,chronos_bolt,,,,,1
gjr_t,2,1130,chronos_2,,,,,34
gjr_t,2,1147,chronos_base,50.0,2.0,0.06418205797672272,0.009168833494186401,3
gjr_t,2,1147,chronos_bolt,,,,,1
gjr_t,2,1147,chronos_2,,,,,34
gjr_t,2,1164,chronos_base,50.0,2.0,0.009106099605560303,0.009106069803237915,3
gjr_t,2,1164,chronos_bolt,,,,,1
gjr_t,2,1164,chronos_2,,,,,34
gjr_t,2,1181,chronos_base,50.0,2.0,0.018093764781951904,0.009046882390975952,3
gjr_t,2,1181,chronos_bolt,,,,,1
gjr_t,2,1181,chronos_2,,,,,34
gjr_t,2,1197,chronos_base,50.0,2.0,0.009057432413101196,0.009057402610778809,3
gjr_t,2,1197,chronos_bolt,,,,,1
gjr_t,2,1197,chronos_2,,,,,34
gjr_t,2,1214,chronos_base,50.0,2.0,0.054984599351882935,0.00916406512260437,3
gjr_t,2,1214,chronos_bolt,,,,,1
gjr_t,2,1214,chronos_2,,,,,34
gjr_t,2,1231,chronos_base,50.0,2.0,0.018613994121551514,0.009306997060775757,3
gjr_t,2,1231,chronos_bolt,,,,,1
gjr_t,2,1231,chronos_2,,,,,34
gjr_t,2,1248,chronos_base,50.0,2.0,0.01884976029396057,0.009424865245819092,3
gjr_t,2,1248,chronos_bolt,,,,,1
gjr_t,2,1248,chronos_2,,,,,34
gjr_t,2,1264,chronos_base,50.0,2.0,0.009408444166183472,0.00940839946269989,3
gjr_t,2,1264,chronos_bolt,,,,,1
gjr_t,2,1264,chronos_2,,,,,34
gjr_t,2,1281,chronos_base,50.0,3.0,0.046646736562252045,0.00932931900024414,3
gjr_t,2,1281,chronos_bolt,,,,,1
gjr_t,2,1281,chronos_2,,,,,34
gjr_t,2,1298,chronos_base,50.0,2.0,0.009238272905349731,0.009238243103027344,3
gjr_t,2,1298,chronos_bolt,,,,,1
gjr_t,2,1298,chronos_2,,,,,34
gjr_t,2,1314,chronos_base,50.0,2.0,0.009104710072278976,0.009104669094085693,3
gjr_t,2,1314,chronos_bolt,,,,,1
gjr_t,2,1314,chronos_2,,,,,34
gjr_t,2,1331,chronos_base,50.0,2.0,0.009002685546875,0.009002670645713806,3
gjr_t,2,1331,chronos_bolt,,,,,1
gjr_t,2,1331,chronos_2,,,,,34
gjr_t,2,1348,chronos_base,50.0,2.0,0.017690464854240417,0.008845224976539612,3
gjr_t,2,1348,chronos_bolt,,,,,1
gjr_t,2,1348,chronos_2,,,,,34
gjr_t,2,1365,chronos_base,50.0,1.0,,0.008405536413192749,3
gjr_t,2,1365,chronos_bolt,,,,,1
gjr_t,2,1365,chronos_2,,,,,34
gjr_t,2,1381,chronos_base,50.0,2.0,0.015712469816207886,0.007856234908103943,3
gjr_t,2,1381,chronos_bolt,,,,,1
gjr_t,2,1381,chronos_2,,,,,34
gjr_t,2,1398,chronos_base,50.0,2.0,0.00743556022644043,0.007435545325279236,3
gjr_t,2,1398,chronos_bolt,,,,,1
gjr_t,2,1398,chronos_2,,,,,34
gjr_t,2,1415,chronos_base,50.0,2.0,0.007380276918411255,0.007380276918411255,3
gjr_t,2,1415,chronos_bolt,,,,,1
gjr_t,2,1415,chronos_2,,,,,34
gjr_t,2,1432,chronos_base,50.0,2.0,0.007117748260498047,0.007117748260498047,3
gjr_t,2,1432,chronos_bolt,,,,,1
gjr_t,2,1432,chronos_2,,,,,34
gjr_t,2,1448,chronos_base,50.0,2.0,0.00707516074180603,0.007075145840644836,3
gjr_t,2,1448,chronos_bolt,,,,,1
gjr_t,2,1448,chronos_2,,,,,34
gjr_t,2,1465,chronos_base,50.0,2.0,0.007227122783660889,0.007227122783660889,3
gjr_t,2,1465,chronos_bolt,,,,,1
gjr_t,2,1465,chronos_2,,,,,34
gjr_t,2,1482,chronos_base,50.0,2.0,0.044005781412124634,0.007334291934967041,3
gjr_t,2,1482,chronos_bolt,,,,,1
gjr_t,2,1482,chronos_2,,,,,34
gjr_t,2,1499,chronos_base,50.0,2.0,0.007352054119110107,0.007352039217948914,3
gjr_t,2,1499,chronos_bolt,,,,,1
gjr_t,2,1499,chronos_2,,,,,34
gjr_t,3,512,chronos_base,50.0,2.0,0.041217684745788574,0.006869584321975708,3
gjr_t,3,512,chronos_bolt,,,,,1
gjr_t,3,512,chronos_2,,,,,34
gjr_t,3,528,chronos_base,50.0,2.0,0.020913660526275635,0.006971210241317749,3
gjr_t,3,528,chronos_bolt,,,,,1
gjr_t,3,528,chronos_2,,,,,34
gjr_t,3,545,chronos_base,50.0,2.0,0.05669236183166504,0.007086530327796936,3
gjr_t,3,545,chronos_bolt,,,,,1
gjr_t,3,545,chronos_2,,,,,34
gjr_t,3,562,chronos_base,50.0,2.0,0.01408502459526062,0.007042497396469116,3
gjr_t,3,562,chronos_bolt,,,,,1
gjr_t,3,562,chronos_2,,,,,34
gjr_t,3,578,chronos_base,50.0,2.0,0.013780862092971802,0.006890416145324707,3
gjr_t,3,578,chronos_bolt,,,,,1
gjr_t,3,578,chronos_2,,,,,34
gjr_t,3,595,chronos_base,50.0,2.0,0.006894439458847046,0.006894409656524658,3
gjr_t,3,595,chronos_bolt,,,,,1
gjr_t,3,595,chronos_2,,,,,34
gjr_t,3,612,chronos_base,50.0,2.0,0.013754129409790039,0.006877034902572632,3
gjr_t,3,612,chronos_bolt,,,,,1
gjr_t,3,612,chronos_2,,,,,34
gjr_t,3,629,chronos_base,50.0,2.0,0.020934969186782837,0.0069783031940460205,3
gjr_t,3,629,chronos_bolt,,,,,1
gjr_t,3,629,chronos_2,,,,,34
gjr_t,3,645,chronos_base,50.0,2.0,0.006940752267837524,0.006940692663192749,3
gjr_t,3,645,chronos_bolt,,,,,1
gjr_t,3,645,chronos_2,,,,,34
gjr_t,3,662,chronos_base,50.0,2.0,0.055577099323272705,0.006947129964828491,3
gjr_t,3,662,chronos_bolt,,,,,1
gjr_t,3,662,chronos_2,,,,,34
gjr_t,3,679,chronos_base,50.0,2.0,0.014054730534553528,0.007027357816696167,3
gjr_t,3,679,chronos_bolt,,,,,1
gjr_t,3,679,chronos_2,,,,,34
gjr_t,3,696,chronos_base,50.0,2.0,0.007003962993621826,0.007003918290138245,3
gjr_t,3,696,chronos_bolt,,,,,1
gjr_t,3,696,chronos_2,,,,,34
gjr_t,3,712,chronos_base,50.0,2.0,0.013934582471847534,0.006967276334762573,3
gjr_t,3,712,chronos_bolt,,,,,1
gjr_t,3,712,chronos_2,,,,,34
gjr_t,3,729,chronos_base,50.0,2.0,0.0346408486366272,0.006928145885467529,3
gjr_t,3,729,chronos_bolt,,,,,1
gjr_t,3,729,chronos_2,,,,,34
gjr_t,3,746,chronos_base,50.0,2.0,0.05550652742385864,0.006938308477401733,3
gjr_t,3,746,chronos_bolt,,,,,1
gjr_t,3,746,chronos_2,,,,,34
gjr_t,3,762,chronos_base,50.0,2.0,0.08345222473144531,0.0069543421268463135,3
gjr_t,3,762,chronos_bolt,,,,,1
gjr_t,3,762,chronos_2,,,,,34
gjr_t,3,779,chronos_base,50.0,1.0,,0.006973430514335632,3
gjr_t,3,779,chronos_bolt,,,,,1
gjr_t,3,779,chronos_2,,,,,34
gjr_t,3,796,chronos_base,50.0,2.0,0.0967114120721817,0.006907939910888672,3
gjr_t,3,796,chronos_bolt,,,,,1
gjr_t,3,796,chronos_2,,,,,34
gjr_t,3,813,chronos_base,50.0,2.0,0.04700097441673279,0.006714418530464172,3
gjr_t,3,813,chronos_bolt,,,,,1
gjr_t,3,813,chronos_2,,,,,34
gjr_t,3,829,chronos_base,50.0,2.0,0.01990651711821556,0.006635487079620361,3
gjr_t,3,829,chronos_bolt,,,,,1
gjr_t,3,829,chronos_2,,,,,34
gjr_t,3,846,chronos_base,50.0,3.0,0.012993358075618744,0.0064966678619384766,3
gjr_t,3,846,chronos_bolt,,,,,1
gjr_t,3,846,chronos_2,,,,,34
gjr_t,3,863,chronos_base,50.0,2.0,0.006359696388244629,0.006359696388244629,3
gjr_t,3,863,chronos_bolt,,,,,1
gjr_t,3,863,chronos_2,,,,,34
gjr_t,3,880,chronos_base,50.0,2.0,0.03186531364917755,0.006373047828674316,3
gjr_t,3,880,chronos_bolt,,,,,1
gjr_t,3,880,chronos_2,,,,,34
gjr_t,3,896,chronos_base,50.0,2.0,0.012885674834251404,0.006442815065383911,3
gjr_t,3,896,chronos_bolt,,,,,1
gjr_t,3,896,chronos_2,,,,,34
gjr_t,3,913,chronos_base,50.0,2.0,0.006706357002258301,0.006706357002258301,3
gjr_t,3,913,chronos_bolt,,,,,1
gjr_t,3,913,chronos_2,,,,,34
gjr_t,3,930,chronos_base,50.0,2.0,0.0405157208442688,0.006752610206604004,3
gjr_t,3,930,chronos_bolt,,,,,1
gjr_t,3,930,chronos_2,,,,,34
gjr_t,3,946,chronos_base,50.0,2.0,0.060007065534591675,0.006667435169219971,3
gjr_t,3,946,chronos_bolt,,,,,1
gjr_t,3,946,chronos_2,,,,,34
gjr_t,3,963,chronos_base,50.0,3.0,0.017042115330696106,0.006816834211349487,3
gjr_t,3,963,chronos_bolt,,,,,1
gjr_t,3,963,chronos_2,,,,,34
gjr_t,3,980,chronos_base,50.0,3.0,0.010210219770669937,0.006806790828704834,3
gjr_t,3,980,chronos_bolt,,,,,1
gjr_t,3,980,chronos_2,,,,,34
gjr_t,3,997,chronos_base,50.0,2.0,0.013916529715061188,0.0069582462310791016,3
gjr_t,3,997,chronos_bolt,,,,,1
gjr_t,3,997,chronos_2,,,,,34
gjr_t,3,1013,chronos_base,50.0,2.0,0.014150157570838928,0.007075086236000061,3
gjr_t,3,1013,chronos_bolt,,,,,1
gjr_t,3,1013,chronos_2,,,,,34
gjr_t,3,1030,chronos_base,50.0,2.0,0.0073313117027282715,0.007331296801567078,3
gjr_t,3,1030,chronos_bolt,,,,,1
gjr_t,3,1030,chronos_2,,,,,34
gjr_t,3,1047,chronos_base,50.0,2.0,0.007400572299957275,0.007400572299957275,3
gjr_t,3,1047,chronos_bolt,,,,,1
gjr_t,3,1047,chronos_2,,,,,34
gjr_t,3,1064,chronos_base,50.0,2.0,0.014826148748397827,0.00741305947303772,3
gjr_t,3,1064,chronos_bolt,,,,,1
gjr_t,3,1064,chronos_2,,,,,34
gjr_t,3,1080,chronos_base,50.0,2.0,0.03017166256904602,0.007542908191680908,3
gjr_t,3,1080,chronos_bolt,,,,,1
gjr_t,3,1080,chronos_2,,,,,34
gjr_t,3,1097,chronos_base,50.0,2.0,0.015497654676437378,0.007748812437057495,3
gjr_t,3,1097,chronos_bolt,,,,,1
gjr_t,3,1097,chronos_2,,,,,34
gjr_t,3,1114,chronos_base,50.0,3.0,0.01163792610168457,0.007758587598800659,3
gjr_t,3,1114,chronos_bolt,,,,,1
gjr_t,3,1114,chronos_2,,,,,34
gjr_t,3,1130,chronos_base,50.0,2.0,0.06843051314353943,0.007603377103805542,3
gjr_t,3,1130,chronos_bolt,,,,,1
gjr_t,3,1130,chronos_2,,,,,34
gjr_t,3,1147,chronos_base,50.0,2.0,0.007592618465423584,0.007592558860778809,3
gjr_t,3,1147,chronos_bolt,,,,,1
gjr_t,3,1147,chronos_2,,,,,34
gjr_t,3,1164,chronos_base,50.0,2.0,0.023004531860351562,0.007668167352676392,3
gjr_t,3,1164,chronos_bolt,,,,,1
gjr_t,3,1164,chronos_2,,,,,34
gjr_t,3,1181,chronos_base,50.0,2.0,0.007790185511112213,0.0077901482582092285,3
gjr_t,3,1181,chronos_bolt,,,,,1
gjr_t,3,1181,chronos_2,,,,,34
gjr_t,3,1197,chronos_base,50.0,2.0,0.015665322542190552,0.007832616567611694,3
gjr_t,3,1197,chronos_bolt,,,,,1
gjr_t,3,1197,chronos_2,,,,,34
gjr_t,3,1214,chronos_base,50.0,3.0,0.007719829678535461,0.00771978497505188,3
gjr_t,3,1214,chronos_bolt,,,,,1
gjr_t,3,1214,chronos_2,,,,,34
gjr_t,3,1231,chronos_base,50.0,2.0,0.046177804470062256,0.007696270942687988,3
gjr_t,3,1231,chronos_bolt,,,,,1
gjr_t,3,1231,chronos_2,,,,,34
gjr_t,3,1248,chronos_base,50.0,3.0,0.007623627781867981,0.007623612880706787,3
gjr_t,3,1248,chronos_bolt,,,,,1
gjr_t,3,1248,chronos_2,,,,,34
gjr_t,3,1264,chronos_base,50.0,2.0,0.007543593645095825,0.0075435638427734375,3
gjr_t,3,1264,chronos_bolt,,,,,1
gjr_t,3,1264,chronos_2,,,,,34
gjr_t,3,1281,chronos_base,50.0,2.0,0.014966785907745361,0.007483363151550293,3
gjr_t,3,1281,chronos_bolt,,,,,1
gjr_t,3,1281,chronos_2,,,,,34
gjr_t,3,1298,chronos_base,50.0,2.0,0.007486134767532349,0.007486104965209961,3
gjr_t,3,1298,chronos_bolt,,,,,1
gjr_t,3,1298,chronos_2,,,,,34
gjr_t,3,1314,chronos_base,50.0,2.0,0.04501110315322876,0.007501840591430664,3
gjr_t,3,1314,chronos_bolt,,,,,1
gjr_t,3,1314,chronos_2,,,,,34
gjr_t,3,1331,chronos_base,50.0,2.0,0.037771642208099365,0.007554292678833008,3
gjr_t,3,1331,chronos_bolt,,,,,1
gjr_t,3,1331,chronos_2,,,,,34
gjr_t,3,1348,chronos_base,50.0,2.0,0.014986291527748108,0.007493123412132263,3
gjr_t,3,1348,chronos_bolt,,,,,1
gjr_t,3,1348,chronos_2,,,,,34
gjr_t,3,1365,chronos_base,50.0,2.0,0.007487118244171143,0.007487118244171143,3
gjr_t,3,1365,chronos_bolt,,,,,1
gjr_t,3,1365,chronos_2,,,,,34
gjr_t,3,1381,chronos_base,50.0,2.0,0.007526099681854248,0.007526040077209473,3
gjr_t,3,1381,chronos_bolt,,,,,1
gjr_t,3,1381,chronos_2,,,,,34
gjr_t,3,1398,chronos_base,50.0,3.0,0.007514208555221558,0.007514208555221558,3
gjr_t,3,1398,chronos_bolt,,,,,1
gjr_t,3,1398,chronos_2,,,,,34
gjr_t,3,1415,chronos_base,50.0,2.0,0.007370322942733765,0.007370322942733765,3
gjr_t,3,1415,chronos_bolt,,,,,1
gjr_t,3,1415,chronos_2,,,,,34
gjr_t,3,1432,chronos_base,50.0,2.0,0.014586687088012695,0.00729331374168396,3
gjr_t,3,1432,chronos_bolt,,,,,1
gjr_t,3,1432,chronos_2,,,,,34
gjr_t,3,1448,chronos_base,50.0,1.0,,0.00739559531211853,3
gjr_t,3,1448,chronos_bolt,,,,,1
gjr_t,3,1448,chronos_2,,,,,34
gjr_t,3,1465,chronos_base,50.0,2.0,0.01464572548866272,0.007322847843170166,3
gjr_t,3,1465,chronos_bolt,,,,,1
gjr_t,3,1465,chronos_2,,,,,34
gjr_t,3,1482,chronos_base,50.0,2.0,0.014758110046386719,0.007379055023193359,3
gjr_t,3,1482,chronos_bolt,,,,,1
gjr_t,3,1482,chronos_2,,,,,34
gjr_t,3,1499,chronos_base,50.0,2.0,0.014951333403587341,0.00747564435005188,3
gjr_t,3,1499,chronos_bolt,,,,,1
gjr_t,3,1499,chronos_2,,,,,34
gjr_t,4,512,chronos_base,50.0,2.0,0.10918496549129486,0.006065815687179565,3
gjr_t,4,512,chronos_bolt,,,,,1
gjr_t,4,512,chronos_2,,,,,34
gjr_t,4,528,chronos_base,50.0,2.0,0.00606045126914978,0.006060443818569183,3
gjr_t,4,528,chronos_bolt,,,,,1
gjr_t,4,528,chronos_2,,,,,34
gjr_t,4,545,chronos_base,50.0,2.0,0.01212117075920105,0.006060570478439331,3
gjr_t,4,545,chronos_bolt,,,,,1
gjr_t,4,545,chronos_2,,,,,34
gjr_t,4,562,chronos_base,50.0,2.0,0.006090253591537476,0.006090246140956879,3
gjr_t,4,562,chronos_bolt,,,,,1
gjr_t,4,562,chronos_2,,,,,34
gjr_t,4,578,chronos_base,50.0,3.0,0.006185099482536316,0.006185099482536316,3
gjr_t,4,578,chronos_bolt,,,,,1
gjr_t,4,578,chronos_2,,,,,34
gjr_t,4,595,chronos_base,50.0,2.0,0.012528002262115479,0.006264001131057739,3
gjr_t,4,595,chronos_bolt,,,,,1
gjr_t,4,595,chronos_2,,,,,34
gjr_t,4,612,chronos_base,50.0,2.0,0.006279543042182922,0.0062795281410217285,3
gjr_t,4,612,chronos_bolt,,,,,1
gjr_t,4,612,chronos_2,,,,,34
gjr_t,4,629,chronos_base,50.0,2.0,0.012478649616241455,0.00623929500579834,3
gjr_t,4,629,chronos_bolt,,,,,1
gjr_t,4,629,chronos_2,,,,,34
gjr_t,4,645,chronos_base,50.0,2.0,0.006229087710380554,0.006229087710380554,3
gjr_t,4,645,chronos_bolt,,,,,1
gjr_t,4,645,chronos_2,,,,,34
gjr_t,4,662,chronos_base,50.0,1.0,,0.006223917007446289,3
gjr_t,4,662,chronos_bolt,,,,,1
gjr_t,4,662,chronos_2,,,,,34
gjr_t,4,679,chronos_base,50.0,2.0,0.055133745074272156,0.006125956773757935,3
gjr_t,4,679,chronos_bolt,,,,,1
gjr_t,4,679,chronos_2,,,,,34
gjr_t,4,696,chronos_base,50.0,2.0,0.01202411949634552,0.006012052297592163,3
gjr_t,4,696,chronos_bolt,,,,,1
gjr_t,4,696,chronos_2,,,,,34
gjr_t,4,712,chronos_base,50.0,3.0,0.008743636310100555,0.005829080939292908,3
gjr_t,4,712,chronos_bolt,,,,,1
gjr_t,4,712,chronos_2,,,,,34
gjr_t,4,729,chronos_base,50.0,2.0,0.0057267844676971436,0.0057267844676971436,3
gjr_t,4,729,chronos_bolt,,,,,1
gjr_t,4,729,chronos_2,,,,,34
gjr_t,4,746,chronos_base,50.0,1.0,,0.005826428532600403,3
gjr_t,4,746,chronos_bolt,,,,,1
gjr_t,4,746,chronos_2,,,,,34
gjr_t,4,762,chronos_base,50.0,2.0,0.017709121108055115,0.00590302050113678,3
gjr_t,4,762,chronos_bolt,,,,,1
gjr_t,4,762,chronos_2,,,,,34
gjr_t,4,779,chronos_base,50.0,2.0,0.006064087152481079,0.006064057350158691,3
gjr_t,4,779,chronos_bolt,,,,,1
gjr_t,4,779,chronos_2,,,,,34
gjr_t,4,796,chronos_base,50.0,2.0,0.05952945351600647,0.005952924489974976,3
gjr_t,4,796,chronos_bolt,,,,,1
gjr_t,4,796,chronos_2,,,,,34
gjr_t,4,813,chronos_base,50.0,2.0,0.023409605026245117,0.005852393805980682,3
gjr_t,4,813,chronos_bolt,,,,,1
gjr_t,4,813,chronos_2,,,,,34
gjr_t,4,829,chronos_base,50.0,2.0,0.011518128216266632,0.005759052932262421,3
gjr_t,4,829,chronos_bolt,,,,,1
gjr_t,4,829,chronos_2,,,,,34
gjr_t,4,846,chronos_base,50.0,2.0,0.016982555389404297,0.005660831928253174,3
gjr_t,4,846,chronos_bolt,,,,,1
gjr_t,4,846,chronos_2,,,,,34
gjr_t,4,863,chronos_base,50.0,2.0,0.005875527858734131,0.005875498056411743,3
gjr_t,4,863,chronos_bolt,,,,,1
gjr_t,4,863,chronos_2,,,,,34
gjr_t,4,880,chronos_base,50.0,2.0,0.00596289336681366,0.00596289336681366,3
gjr_t,4,880,chronos_bolt,,,,,1
gjr_t,4,880,chronos_2,,,,,34
gjr_t,4,896,chronos_base,50.0,2.0,0.011945724487304688,0.005972832441329956,3
gjr_t,4,896,chronos_bolt,,,,,1
gjr_t,4,896,chronos_2,,,,,34
gjr_t,4,913,chronos_base,50.0,2.0,0.02383241057395935,0.005958095192909241,3
gjr_t,4,913,chronos_bolt,,,,,1
gjr_t,4,913,chronos_2,,,,,34
gjr_t,4,930,chronos_base,50.0,2.0,0.017932966351509094,0.005977645516395569,3
gjr_t,4,930,chronos_bolt,,,,,1
gjr_t,4,930,chronos_2,,,,,34
gjr_t,4,946,chronos_base,50.0,2.0,0.005984470248222351,0.005984455347061157,3
gjr_t,4,946,chronos_bolt,,,,,1
gjr_t,4,946,chronos_2,,,,,34
gjr_t,4,963,chronos_base,50.0,2.0,0.012003809213638306,0.006001889705657959,3
gjr_t,4,963,chronos_bolt,,,,,1
gjr_t,4,963,chronos_2,,,,,34
gjr_t,4,980,chronos_base,50.0,1.0,,0.0060757845640182495,3
gjr_t,4,980,chronos_bolt,,,,,1
gjr_t,4,980,chronos_2,,,,,34
gjr_t,4,997,chronos_base,50.0,1.0,,0.006112277507781982,3
gjr_t,4,997,chronos_bolt,,,,,1
gjr_t,4,997,chronos_2,,,,,34
gjr_t,4,1013,chronos_base,50.0,2.0,0.03051745891571045,0.006103485822677612,3
gjr_t,4,1013,chronos_bolt,,,,,1
gjr_t,4,1013,chronos_2,,,,,34
gjr_t,4,1030,chronos_base,50.0,2.0,0.0061774104833602905,0.006177373230457306,3
gjr_t,4,1030,chronos_bolt,,,,,1
gjr_t,4,1030,chronos_2,,,,,34
gjr_t,4,1047,chronos_base,50.0,2.0,0.006182566285133362,0.006182551383972168,3
gjr_t,4,1047,chronos_bolt,,,,,1
gjr_t,4,1047,chronos_2,,,,,34
gjr_t,4,1064,chronos_base,50.0,2.0,0.018330127000808716,0.006110012531280518,3
gjr_t,4,1064,chronos_bolt,,,,,1
gjr_t,4,1064,chronos_2,,,,,34
gjr_t,4,1080,chronos_base,50.0,2.0,0.012182295322418213,0.006091117858886719,3
gjr_t,4,1080,chronos_bolt,,,,,1
gjr_t,4,1080,chronos_2,,,,,34
gjr_t,4,1097,chronos_base,50.0,2.0,0.017801403999328613,0.005933791399002075,3
gjr_t,4,1097,chronos_bolt,,,,,1
gjr_t,4,1097,chronos_2,,,,,34
gjr_t,4,1114,chronos_base,50.0,3.0,0.00586092472076416,0.005860909819602966,3
gjr_t,4,1114,chronos_bolt,,,,,1
gjr_t,4,1114,chronos_2,,,,,34
gjr_t,4,1130,chronos_base,50.0,2.0,0.011851966381072998,0.005925968289375305,3
gjr_t,4,1130,chronos_bolt,,,,,1
gjr_t,4,1130,chronos_2,,,,,34
gjr_t,4,1147,chronos_base,50.0,3.0,0.021087542176246643,0.006025001406669617,3
gjr_t,4,1147,chronos_bolt,,,,,1
gjr_t,4,1147,chronos_2,,,,,34
gjr_t,4,1164,chronos_base,50.0,2.0,0.024497374892234802,0.006124332547187805,3
gjr_t,4,1164,chronos_bolt,,,,,1
gjr_t,4,1164,chronos_2,,,,,34
gjr_t,4,1181,chronos_base,50.0,2.0,0.006230652332305908,0.006230652332305908,3
gjr_t,4,1181,chronos_bolt,,,,,1
gjr_t,4,1181,chronos_2,,,,,34
gjr_t,4,1197,chronos_base,50.0,2.0,0.006325677037239075,0.006325654685497284,3
gjr_t,4,1197,chronos_bolt,,,,,1
gjr_t,4,1197,chronos_2,,,,,34
gjr_t,4,1214,chronos_base,50.0,1.0,,0.006347373127937317,3
gjr_t,4,1214,chronos_bolt,,,,,1
gjr_t,4,1214,chronos_2,,,,,34
gjr_t,4,1231,chronos_base,50.0,2.0,0.01882309466600418,0.006274357438087463,3
gjr_t,4,1231,chronos_bolt,,,,,1
gjr_t,4,1231,chronos_2,,,,,34
gjr_t,4,1248,chronos_base,50.0,2.0,0.03775864839553833,0.00629308819770813,3
gjr_t,4,1248,chronos_bolt,,,,,1
gjr_t,4,1248,chronos_2,,,,,34
gjr_t,4,1264,chronos_base,50.0,1.0,,0.006136581301689148,3
gjr_t,4,1264,chronos_bolt,,,,,1
gjr_t,4,1264,chronos_2,,,,,34
gjr_t,4,1281,chronos_base,50.0,2.0,0.012219920754432678,0.006109938025474548,3
gjr_t,4,1281,chronos_bolt,,,,,1
gjr_t,4,1281,chronos_2,,,,,34
gjr_t,4,1298,chronos_base,50.0,2.0,0.012079983949661255,0.006039977073669434,3
gjr_t,4,1298,chronos_bolt,,,,,1
gjr_t,4,1298,chronos_2,,,,,34
gjr_t,4,1314,chronos_base,50.0,3.0,0.006140768527984619,0.0061407387256622314,3
gjr_t,4,1314,chronos_bolt,,,,,1
gjr_t,4,1314,chronos_2,,,,,34
gjr_t,4,1331,chronos_base,50.0,2.0,0.006140351295471191,0.006140351295471191,3
gjr_t,4,1331,chronos_bolt,,,,,1
gjr_t,4,1331,chronos_2,,,,,34
gjr_t,4,1348,chronos_base,50.0,2.0,0.006340086460113525,0.006340056657791138,3
gjr_t,4,1348,chronos_bolt,,,,,1
gjr_t,4,1348,chronos_2,,,,,34
gjr_t,4,1365,chronos_base,50.0,2.0,0.006350278854370117,0.006350278854370117,3
gjr_t,4,1365,chronos_bolt,,,,,1
gjr_t,4,1365,chronos_2,,,,,34
gjr_t,4,1381,chronos_base,50.0,2.0,0.012603700160980225,0.006301850080490112,3
gjr_t,4,1381,chronos_bolt,,,,,1
gjr_t,4,1381,chronos_2,,,,,34
gjr_t,4,1398,chronos_base,50.0,2.0,0.006299376487731934,0.006299346685409546,3
gjr_t,4,1398,chronos_bolt,,,,,1
gjr_t,4,1398,chronos_2,,,,,34
gjr_t,4,1415,chronos_base,50.0,2.0,0.006317049264907837,0.006317034363746643,3
gjr_t,4,1415,chronos_bolt,,,,,1
gjr_t,4,1415,chronos_2,,,,,34
gjr_t,4,1432,chronos_base,50.0,2.0,0.012616664171218872,0.006308317184448242,3
gjr_t,4,1432,chronos_bolt,,,,,1
gjr_t,4,1432,chronos_2,,,,,34
gjr_t,4,1448,chronos_base,50.0,2.0,0.006341397762298584,0.006341367959976196,3
gjr_t,4,1448,chronos_bolt,,,,,1
gjr_t,4,1448,chronos_2,,,,,34
gjr_t,4,1465,chronos_base,50.0,3.0,0.012867867946624756,0.00643390417098999,3
gjr_t,4,1465,chronos_bolt,,,,,1
gjr_t,4,1465,chronos_2,,,,,34
gjr_t,4,1482,chronos_base,50.0,2.0,0.00642019510269165,0.00642019510269165,3
gjr_t,4,1482,chronos_bolt,,,,,1
gjr_t,4,1482,chronos_2,,,,,34
gjr_t,4,1499,chronos_base,50.0,2.0,0.01288306713104248,0.0064415037631988525,3
gjr_t,4,1499,chronos_bolt,,,,,1
gjr_t,4,1499,chronos_2,,,,,34
gjr_t,5,512,chronos_base,50.0,2.0,0.007758766412734985,0.00775870680809021,3
gjr_t,5,512,chronos_bolt,,,,,1
gjr_t,5,512,chronos_2,,,,,34
gjr_t,5,528,chronos_base,50.0,2.0,0.015491396188735962,0.007745683193206787,3
gjr_t,5,528,chronos_bolt,,,,,1
gjr_t,5,528,chronos_2,,,,,34
gjr_t,5,545,chronos_base,50.0,2.0,0.007988125085830688,0.0079880952835083,3
gjr_t,5,545,chronos_bolt,,,,,1
gjr_t,5,545,chronos_2,,,,,34
gjr_t,5,562,chronos_base,50.0,1.0,,0.0080375075340271,3
gjr_t,5,562,chronos_bolt,,,,,1
gjr_t,5,562,chronos_2,,,,,34
gjr_t,5,578,chronos_base,50.0,2.0,0.008097857236862183,0.008097797632217407,3
gjr_t,5,578,chronos_bolt,,,,,1
gjr_t,5,578,chronos_2,,,,,34
gjr_t,5,595,chronos_base,50.0,3.0,0.00827491283416748,0.008274868130683899,3
gjr_t,5,595,chronos_bolt,,,,,1
gjr_t,5,595,chronos_2,,,,,34
gjr_t,5,612,chronos_base,50.0,2.0,0.016821056604385376,0.008410513401031494,3
gjr_t,5,612,chronos_bolt,,,,,1
gjr_t,5,612,chronos_2,,,,,34
gjr_t,5,629,chronos_base,50.0,2.0,0.008266031742095947,0.008266031742095947,3
gjr_t,5,629,chronos_bolt,,,,,1
gjr_t,5,629,chronos_2,,,,,34
gjr_t,5,645,chronos_base,50.0,2.0,0.01619657874107361,0.008098244667053223,3
gjr_t,5,645,chronos_bolt,,,,,1
gjr_t,5,645,chronos_2,,,,,34
gjr_t,5,662,chronos_base,50.0,2.0,0.015914902091026306,0.007957443594932556,3
gjr_t,5,662,chronos_bolt,,,,,1
gjr_t,5,662,chronos_2,,,,,34
gjr_t,5,679,chronos_base,50.0,3.0,0.01550281047821045,0.007751375436782837,3
gjr_t,5,679,chronos_bolt,,,,,1
gjr_t,5,679,chronos_2,,,,,34
gjr_t,5,696,chronos_base,50.0,2.0,0.007728695869445801,0.007728666067123413,3
gjr_t,5,696,chronos_bolt,,,,,1
gjr_t,5,696,chronos_2,,,,,34
gjr_t,5,712,chronos_base,50.0,2.0,0.007894158363342285,0.007894128561019897,3
gjr_t,5,712,chronos_bolt,,,,,1
gjr_t,5,712,chronos_2,,,,,34
gjr_t,5,729,chronos_base,50.0,2.0,0.01577097177505493,0.007885456085205078,3
gjr_t,5,729,chronos_bolt,,,,,1
gjr_t,5,729,chronos_2,,,,,34
gjr_t,5,746,chronos_base,50.0,2.0,0.007883310317993164,0.007883310317993164,3
gjr_t,5,746,chronos_bolt,,,,,1
gjr_t,5,746,chronos_2,,,,,34
gjr_t,5,762,chronos_base,50.0,3.0,0.007930651307106018,0.007930606603622437,3
gjr_t,5,762,chronos_bolt,,,,,1
gjr_t,5,762,chronos_2,,,,,34
gjr_t,5,779,chronos_base,50.0,2.0,0.008126646280288696,0.008126646280288696,3
gjr_t,5,779,chronos_bolt,,,,,1
gjr_t,5,779,chronos_2,,,,,34
gjr_t,5,796,chronos_base,50.0,2.0,0.008030027151107788,0.008030027151107788,3
gjr_t,5,796,chronos_bolt,,,,,1
gjr_t,5,796,chronos_2,,,,,34
gjr_t,5,813,chronos_base,50.0,2.0,0.01629498600959778,0.008147478103637695,3
gjr_t,5,813,chronos_bolt,,,,,1
gjr_t,5,813,chronos_2,,,,,34
gjr_t,5,829,chronos_base,50.0,2.0,0.008185058832168579,0.008185029029846191,3
gjr_t,5,829,chronos_bolt,,,,,1
gjr_t,5,829,chronos_2,,,,,34
gjr_t,5,846,chronos_base,50.0,2.0,0.01595616340637207,0.007978051900863647,3
gjr_t,5,846,chronos_bolt,,,,,1
gjr_t,5,846,chronos_2,,,,,34
gjr_t,5,863,chronos_base,50.0,2.0,0.007906466722488403,0.007906436920166016,3
gjr_t,5,863,chronos_bolt,,,,,1
gjr_t,5,863,chronos_2,,,,,34
gjr_t,5,880,chronos_base,50.0,2.0,0.007745832204818726,0.007745802402496338,3
gjr_t,5,880,chronos_bolt,,,,,1
gjr_t,5,880,chronos_2,,,,,34
gjr_t,5,896,chronos_base,50.0,2.0,0.01571786403656006,0.00785893201828003,3
gjr_t,5,896,chronos_bolt,,,,,1
gjr_t,5,896,chronos_2,,,,,34
gjr_t,5,913,chronos_base,50.0,2.0,0.015715420246124268,0.007857680320739746,3
gjr_t,5,913,chronos_bolt,,,,,1
gjr_t,5,913,chronos_2,,,,,34
gjr_t,5,930,chronos_base,50.0,2.0,0.015634357929229736,0.007817178964614868,3
gjr_t,5,930,chronos_bolt,,,,,1
gjr_t,5,930,chronos_2,,,,,34
gjr_t,5,946,chronos_base,50.0,2.0,0.01548624038696289,0.007743120193481445,3
gjr_t,5,946,chronos_bolt,,,,,1
gjr_t,5,946,chronos_2,,,,,34
gjr_t,5,963,chronos_base,50.0,2.0,0.015277981758117676,0.00763896107673645,3
gjr_t,5,963,chronos_bolt,,,,,1
gjr_t,5,963,chronos_2,,,,,34
gjr_t,5,980,chronos_base,50.0,3.0,0.015270635485649109,0.007635295391082764,3
gjr_t,5,980,chronos_bolt,,,,,1
gjr_t,5,980,chronos_2,,,,,34
gjr_t,5,997,chronos_base,50.0,2.0,0.0460076630115509,0.00766792893409729,3
gjr_t,5,997,chronos_bolt,,,,,1
gjr_t,5,997,chronos_2,,,,,34
gjr_t,5,1013,chronos_base,50.0,2.0,0.0074231624603271484,0.0074231624603271484,3
gjr_t,5,1013,chronos_bolt,,,,,1
gjr_t,5,1013,chronos_2,,,,,34
gjr_t,5,1030,chronos_base,50.0,2.0,0.022084861993789673,0.007361620664596558,3
gjr_t,5,1030,chronos_bolt,,,,,1
gjr_t,5,1030,chronos_2,,,,,34
gjr_t,5,1047,chronos_base,50.0,2.0,0.014478027820587158,0.007238999009132385,3
gjr_t,5,1047,chronos_bolt,,,,,1
gjr_t,5,1047,chronos_2,,,,,34
gjr_t,5,1064,chronos_base,50.0,2.0,0.021098852157592773,0.007032930850982666,3
gjr_t,5,1064,chronos_bolt,,,,,1
gjr_t,5,1064,chronos_2,,,,,34
gjr_t,5,1080,chronos_base,50.0,2.0,0.007355332374572754,0.007355302572250366,3
gjr_t,5,1080,chronos_bolt,,,,,1
gjr_t,5,1080,chronos_2,,,,,34
gjr_t,5,1097,chronos_base,50.0,2.0,0.014777958393096924,0.007388964295387268,3
gjr_t,5,1097,chronos_bolt,,,,,1
gjr_t,5,1097,chronos_2,,,,,34
gjr_t,5,1114,chronos_base,50.0,2.0,0.007251739501953125,0.00725167989730835,3
gjr_t,5,1114,chronos_bolt,,,,,1
gjr_t,5,1114,chronos_2,,,,,34
gjr_t,5,1130,chronos_base,50.0,1.0,,0.007167518138885498,3
gjr_t,5,1130,chronos_bolt,,,,,1
gjr_t,5,1130,chronos_2,,,,,34
gjr_t,5,1147,chronos_base,50.0,3.0,0.028504006564617157,0.007125973701477051,3
gjr_t,5,1147,chronos_bolt,,,,,1
gjr_t,5,1147,chronos_2,,,,,34
gjr_t,5,1164,chronos_base,50.0,2.0,0.042696982622146606,0.007116138935089111,3
gjr_t,5,1164,chronos_bolt,,,,,1
gjr_t,5,1164,chronos_2,,,,,34
gjr_t,5,1181,chronos_base,50.0,1.0,,0.0071366578340530396,3
gjr_t,5,1181,chronos_bolt,,,,,1
gjr_t,5,1181,chronos_2,,,,,34
gjr_t,5,1197,chronos_base,50.0,2.0,0.014247804880142212,0.007123887538909912,3
gjr_t,5,1197,chronos_bolt,,,,,1
gjr_t,5,1197,chronos_2,,,,,34
gjr_t,5,1214,chronos_base,50.0,2.0,0.007112979888916016,0.007112972438335419,3
gjr_t,5,1214,chronos_bolt,,,,,1
gjr_t,5,1214,chronos_2,,,,,34
gjr_t,5,1231,chronos_base,50.0,3.0,0.010415986180305481,0.0069439709186553955,3
gjr_t,5,1231,chronos_bolt,,,,,1
gjr_t,5,1231,chronos_2,,,,,34
gjr_t,5,1248,chronos_base,50.0,2.0,0.006872445344924927,0.006872445344924927,3
gjr_t,5,1248,chronos_bolt,,,,,1
gjr_t,5,1248,chronos_2,,,,,34
gjr_t,5,1264,chronos_base,50.0,2.0,0.03394520282745361,0.006789028644561768,3
gjr_t,5,1264,chronos_bolt,,,,,1
gjr_t,5,1264,chronos_2,,,,,34
gjr_t,5,1281,chronos_base,50.0,2.0,0.013643637299537659,0.006821811199188232,3
gjr_t,5,1281,chronos_bolt,,,,,1
gjr_t,5,1281,chronos_2,,,,,34
gjr_t,5,1298,chronos_base,50.0,2.0,0.013416320085525513,0.0067081451416015625,3
gjr_t,5,1298,chronos_bolt,,,,,1
gjr_t,5,1298,chronos_2,,,,,34
gjr_t,5,1314,chronos_base,50.0,2.0,0.006762564182281494,0.006762564182281494,3
gjr_t,5,1314,chronos_bolt,,,,,1
gjr_t,5,1314,chronos_2,,,,,34
gjr_t,5,1331,chronos_base,50.0,2.0,0.013469502329826355,0.006734743714332581,3
gjr_t,5,1331,chronos_bolt,,,,,1
gjr_t,5,1331,chronos_2,,,,,34
gjr_t,5,1348,chronos_base,50.0,2.0,0.04122692346572876,0.006871134042739868,3
gjr_t,5,1348,chronos_bolt,,,,,1
gjr_t,5,1348,chronos_2,,,,,34
gjr_t,5,1365,chronos_base,50.0,2.0,0.01396089792251587,0.006980419158935547,3
gjr_t,5,1365,chronos_bolt,,,,,1
gjr_t,5,1365,chronos_2,,,,,34
gjr_t,5,1381,chronos_base,50.0,2.0,0.06856533885002136,0.00685650110244751,3
gjr_t,5,1381,chronos_bolt,,,,,1
gjr_t,5,1381,chronos_2,,,,,34
gjr_t,5,1398,chronos_base,50.0,2.0,0.006887942552566528,0.006887942552566528,3
gjr_t,5,1398,chronos_bolt,,,,,1
gjr_t,5,1398,chronos_2,,,,,34
gjr_t,5,1415,chronos_base,50.0,3.0,0.030428707599639893,0.006761923432350159,3
gjr_t,5,1415,chronos_bolt,,,,,1
gjr_t,5,1415,chronos_2,,,,,34
gjr_t,5,1432,chronos_base,50.0,2.0,0.04712335765361786,0.006731897592544556,3
gjr_t,5,1432,chronos_bolt,,,,,1
gjr_t,5,1432,chronos_2,,,,,34
gjr_t,5,1448,chronos_base,50.0,2.0,0.013306453824043274,0.00665321946144104,3
gjr_t,5,1448,chronos_bolt,,,,,1
gjr_t,5,1448,chronos_2,,,,,34
gjr_t,5,1465,chronos_base,50.0,3.0,0.026529312133789062,0.006632313132286072,3
gjr_t,5,1465,chronos_bolt,,,,,1
gjr_t,5,1465,chronos_2,,,,,34
gjr_t,5,1482,chronos_base,50.0,2.0,0.006613902747631073,0.006613880395889282,3
gjr_t,5,1482,chronos_bolt,,,,,1
gjr_t,5,1482,chronos_2,,,,,34
gjr_t,5,1499,chronos_base,50.0,3.0,0.016346752643585205,0.006538689136505127,3
gjr_t,5,1499,chronos_bolt,,,,,1
gjr_t,5,1499,chronos_2,,,,,34
gjr_t,6,512,chronos_base,50.0,2.0,0.07969819009304047,0.007245272397994995,3
gjr_t,6,512,chronos_bolt,,,,,1
gjr_t,6,512,chronos_2,,,,,34
gjr_t,6,528,chronos_base,50.0,2.0,0.02145131677389145,0.007150426506996155,3
gjr_t,6,528,chronos_bolt,,,,,1
gjr_t,6,528,chronos_2,,,,,34
gjr_t,6,545,chronos_base,50.0,3.0,0.010669901967048645,0.007113248109817505,3
gjr_t,6,545,chronos_bolt,,,,,1
gjr_t,6,545,chronos_2,,,,,34
gjr_t,6,562,chronos_base,50.0,2.0,0.14284013211727142,0.007141977548599243,3
gjr_t,6,562,chronos_bolt,,,,,1
gjr_t,6,562,chronos_2,,,,,34
gjr_t,6,578,chronos_base,50.0,2.0,0.007197663187980652,0.007197648286819458,3
gjr_t,6,578,chronos_bolt,,,,,1
gjr_t,6,578,chronos_2,,,,,34
gjr_t,6,595,chronos_base,50.0,2.0,0.007033288478851318,0.0070332735776901245,3
gjr_t,6,595,chronos_bolt,,,,,1
gjr_t,6,595,chronos_2,,,,,34
gjr_t,6,612,chronos_base,50.0,2.0,0.04877428710460663,0.0069677382707595825,3
gjr_t,6,612,chronos_bolt,,,,,1
gjr_t,6,612,chronos_2,,,,,34
gjr_t,6,629,chronos_base,50.0,3.0,0.024500712752342224,0.007000192999839783,3
gjr_t,6,629,chronos_bolt,,,,,1
gjr_t,6,629,chronos_2,,,,,34
gjr_t,6,645,chronos_base,50.0,2.0,0.013988792896270752,0.006994366645812988,3
gjr_t,6,645,chronos_bolt,,,,,1
gjr_t,6,645,chronos_2,,,,,34
gjr_t,6,662,chronos_base,50.0,2.0,0.006959438323974609,0.006959438323974609,3
gjr_t,6,662,chronos_bolt,,,,,1
gjr_t,6,662,chronos_2,,,,,34
gjr_t,6,679,chronos_base,50.0,2.0,0.01407286524772644,0.007036417722702026,3
gjr_t,6,679,chronos_bolt,,,,,1
gjr_t,6,679,chronos_2,,,,,34
gjr_t,6,696,chronos_base,50.0,2.0,0.03472810983657837,0.006945610046386719,3
gjr_t,6,696,chronos_bolt,,,,,1
gjr_t,6,696,chronos_2,,,,,34
gjr_t,6,712,chronos_base,50.0,2.0,0.013866961002349854,0.006933480501174927,3
gjr_t,6,712,chronos_bolt,,,,,1
gjr_t,6,712,chronos_2,,,,,34
gjr_t,6,729,chronos_base,50.0,2.0,0.0606580525636673,0.006739765405654907,3
gjr_t,6,729,chronos_bolt,,,,,1
gjr_t,6,729,chronos_2,,,,,34
gjr_t,6,746,chronos_base,50.0,2.0,0.0602603405714035,0.006695568561553955,3
gjr_t,6,746,chronos_bolt,,,,,1
gjr_t,6,746,chronos_2,,,,,34
gjr_t,6,762,chronos_base,50.0,3.0,0.013367131352424622,0.006683558225631714,3
gjr_t,6,762,chronos_bolt,,,,,1
gjr_t,6,762,chronos_2,,,,,34
gjr_t,6,779,chronos_base,50.0,2.0,0.0609336793422699,0.006770402193069458,3
gjr_t,6,779,chronos_bolt,,,,,1
gjr_t,6,779,chronos_2,,,,,34
gjr_t,6,796,chronos_base,50.0,2.0,0.0067087337374687195,0.006708711385726929,3
gjr_t,6,796,chronos_bolt,,,,,1
gjr_t,6,796,chronos_2,,,,,34
gjr_t,6,813,chronos_base,50.0,2.0,0.006622526794672012,0.006622523069381714,3
gjr_t,6,813,chronos_bolt,,,,,1
gjr_t,6,813,chronos_2,,,,,34
gjr_t,6,829,chronos_base,50.0,2.0,0.0457024872303009,0.006528913974761963,3
gjr_t,6,829,chronos_bolt,,,,,1
gjr_t,6,829,chronos_2,,,,,34
gjr_t,6,846,chronos_base,50.0,2.0,0.006477385759353638,0.006477370858192444,3
gjr_t,6,846,chronos_bolt,,,,,1
gjr_t,6,846,chronos_2,,,,,34
gjr_t,6,863,chronos_base,50.0,2.0,0.01289859414100647,0.006449282169342041,3
gjr_t,6,863,chronos_bolt,,,,,1
gjr_t,6,863,chronos_2,,,,,34
gjr_t,6,880,chronos_base,50.0,2.0,0.08948683738708496,0.006391905248165131,3
gjr_t,6,880,chronos_bolt,,,,,1
gjr_t,6,880,chronos_2,,,,,34
gjr_t,6,896,chronos_base,50.0,2.0,0.03288471698760986,0.00657692551612854,3
gjr_t,6,896,chronos_bolt,,,,,1
gjr_t,6,896,chronos_2,,,,,34
gjr_t,6,913,chronos_base,50.0,2.0,0.03391313552856445,0.006782621145248413,3
gjr_t,6,913,chronos_bolt,,,,,1
gjr_t,6,913,chronos_2,,,,,34
gjr_t,6,930,chronos_base,50.0,2.0,0.034047931432724,0.0068095773458480835,3
gjr_t,6,930,chronos_bolt,,,,,1
gjr_t,6,930,chronos_2,,,,,34
gjr_t,6,946,chronos_base,50.0,2.0,0.047355473041534424,0.006765052676200867,3
gjr_t,6,946,chronos_bolt,,,,,1
gjr_t,6,946,chronos_2,,,,,34
gjr_t,6,963,chronos_base,50.0,2.0,0.03993523120880127,0.006655856966972351,3
gjr_t,6,963,chronos_bolt,,,,,1
gjr_t,6,963,chronos_2,,,,,34
gjr_t,6,980,chronos_base,50.0,2.0,0.019834429025650024,0.006611466407775879,3
gjr_t,6,980,chronos_bolt,,,,,1
gjr_t,6,980,chronos_2,,,,,34
gjr_t,6,997,chronos_base,50.0,2.0,0.006606757640838623,0.006606727838516235,3
gjr_t,6,997,chronos_bolt,,,,,1
gjr_t,6,997,chronos_2,,,,,34
gjr_t,6,1013,chronos_base,50.0,2.0,0.013145416975021362,0.006572693586349487,3
gjr_t,6,1013,chronos_bolt,,,,,1
gjr_t,6,1013,chronos_2,,,,,34
gjr_t,6,1030,chronos_base,50.0,2.0,0.01335647702217102,0.0066782087087631226,3
gjr_t,6,1030,chronos_bolt,,,,,1
gjr_t,6,1030,chronos_2,,,,,34
gjr_t,6,1047,chronos_base,50.0,2.0,0.006740838289260864,0.0067408084869384766,3
gjr_t,6,1047,chronos_bolt,,,,,1
gjr_t,6,1047,chronos_2,,,,,34
gjr_t,6,1064,chronos_base,50.0,2.0,0.006765097379684448,0.006765097379684448,3
gjr_t,6,1064,chronos_bolt,,,,,1
gjr_t,6,1064,chronos_2,,,,,34
gjr_t,6,1080,chronos_base,50.0,2.0,0.006746858358383179,0.006746843457221985,3
gjr_t,6,1080,chronos_bolt,,,,,1
gjr_t,6,1080,chronos_2,,,,,34
gjr_t,6,1097,chronos_base,50.0,3.0,0.013635203242301941,0.00681757926940918,3
gjr_t,6,1097,chronos_bolt,,,,,1
gjr_t,6,1097,chronos_2,,,,,34
gjr_t,6,1114,chronos_base,50.0,2.0,0.013715118169784546,0.006857529282569885,3
gjr_t,6,1114,chronos_bolt,,,,,1
gjr_t,6,1114,chronos_2,,,,,34
gjr_t,6,1130,chronos_base,50.0,2.0,0.01357993483543396,0.006789952516555786,3
gjr_t,6,1130,chronos_bolt,,,,,1
gjr_t,6,1130,chronos_2,,,,,34
gjr_t,6,1147,chronos_base,50.0,2.0,0.013560935854911804,0.006780460476875305,3
gjr_t,6,1147,chronos_bolt,,,,,1
gjr_t,6,1147,chronos_2,,,,,34
gjr_t,6,1164,chronos_base,50.0,3.0,0.02681228518486023,0.006703048944473267,3
gjr_t,6,1164,chronos_bolt,,,,,1
gjr_t,6,1164,chronos_2,,,,,34
gjr_t,6,1181,chronos_base,50.0,3.0,0.01318814605474472,0.006594061851501465,3
gjr_t,6,1181,chronos_bolt,,,,,1
gjr_t,6,1181,chronos_2,,,,,34
gjr_t,6,1197,chronos_base,50.0,2.0,0.0066026728600263596,0.006602644920349121,3
gjr_t,6,1197,chronos_bolt,,,,,1
gjr_t,6,1197,chronos_2,,,,,34
gjr_t,6,1214,chronos_base,50.0,2.0,0.006647825241088867,0.006647780537605286,3
gjr_t,6,1214,chronos_bolt,,,,,1
gjr_t,6,1214,chronos_2,,,,,34
gjr_t,6,1231,chronos_base,50.0,2.0,0.0066845715045928955,0.006684556603431702,3
gjr_t,6,1231,chronos_bolt,,,,,1
gjr_t,6,1231,chronos_2,,,,,34
gjr_t,6,1248,chronos_base,50.0,2.0,0.013675898313522339,0.006837934255599976,3
gjr_t,6,1248,chronos_bolt,,,,,1
gjr_t,6,1248,chronos_2,,,,,34
gjr_t,6,1264,chronos_base,50.0,2.0,0.013585895299911499,0.006792932748794556,3
gjr_t,6,1264,chronos_bolt,,,,,1
gjr_t,6,1264,chronos_2,,,,,34
gjr_t,6,1281,chronos_base,50.0,2.0,0.013590127229690552,0.006795033812522888,3
gjr_t,6,1281,chronos_bolt,,,,,1
gjr_t,6,1281,chronos_2,,,,,34
gjr_t,6,1298,chronos_base,50.0,3.0,0.01429334282875061,0.007146656513214111,3
gjr_t,6,1298,chronos_bolt,,,,,1
gjr_t,6,1298,chronos_2,,,,,34
gjr_t,6,1314,chronos_base,50.0,2.0,0.23708629608154297,0.0076479315757751465,3
gjr_t,6,1314,chronos_bolt,,,,,1
gjr_t,6,1314,chronos_2,,,,,34
gjr_t,6,1331,chronos_base,50.0,2.0,0.015852823853492737,0.007926389575004578,3
gjr_t,6,1331,chronos_bolt,,,,,1
gjr_t,6,1331,chronos_2,,,,,34
gjr_t,6,1348,chronos_base,50.0,3.0,0.01635560393333435,0.008177787065505981,3
gjr_t,6,1348,chronos_bolt,,,,,1
gjr_t,6,1348,chronos_2,,,,,34
gjr_t,6,1365,chronos_base,50.0,3.0,0.008313603699207306,0.008313596248626709,3
gjr_t,6,1365,chronos_bolt,,,,,1
gjr_t,6,1365,chronos_2,,,,,34
gjr_t,6,1381,chronos_base,50.0,2.0,0.01664033532142639,0.008320152759552002,3
gjr_t,6,1381,chronos_bolt,,,,,1
gjr_t,6,1381,chronos_2,,,,,34
gjr_t,6,1398,chronos_base,50.0,1.0,,0.008284717798233032,3
gjr_t,6,1398,chronos_bolt,,,,,1
gjr_t,6,1398,chronos_2,,,,,34
gjr_t,6,1415,chronos_base,50.0,2.0,0.008093953132629395,0.00809389352798462,3
gjr_t,6,1415,chronos_bolt,,,,,1
gjr_t,6,1415,chronos_2,,,,,34
gjr_t,6,1432,chronos_base,50.0,2.0,0.007918506860733032,0.007918506860733032,3
gjr_t,6,1432,chronos_bolt,,,,,1
gjr_t,6,1432,chronos_2,,,,,34
gjr_t,6,1448,chronos_base,50.0,2.0,0.015545830130577087,0.007772907614707947,3
gjr_t,6,1448,chronos_bolt,,,,,1
gjr_t,6,1448,chronos_2,,,,,34
gjr_t,6,1465,chronos_base,50.0,2.0,0.00779685378074646,0.00779685378074646,3
gjr_t,6,1465,chronos_bolt,,,,,1
gjr_t,6,1465,chronos_2,,,,,34
gjr_t,6,1482,chronos_base,50.0,2.0,0.015617243945598602,0.007808610796928406,3
gjr_t,6,1482,chronos_bolt,,,,,1
gjr_t,6,1482,chronos_2,,,,,34
gjr_t,6,1499,chronos_base,50.0,2.0,0.04725086688995361,0.007875129580497742,3
gjr_t,6,1499,chronos_bolt,,,,,1
gjr_t,6,1499,chronos_2,,,,,34
gjr_t,7,512,chronos_base,50.0,2.0,0.012743085622787476,0.006371527910232544,3
gjr_t,7,512,chronos_bolt,,,,,1
gjr_t,7,512,chronos_2,,,,,34
gjr_t,7,528,chronos_base,50.0,2.0,0.03885245323181152,0.006475389003753662,3
gjr_t,7,528,chronos_bolt,,,,,1
gjr_t,7,528,chronos_2,,,,,34
gjr_t,7,545,chronos_base,50.0,2.0,0.0129961296916008,0.0064980387687683105,3
gjr_t,7,545,chronos_bolt,,,,,1
gjr_t,7,545,chronos_2,,,,,34
gjr_t,7,562,chronos_base,50.0,2.0,0.01365053653717041,0.006825268268585205,3
gjr_t,7,562,chronos_bolt,,,,,1
gjr_t,7,562,chronos_2,,,,,34
gjr_t,7,578,chronos_base,50.0,2.0,0.07172876596450806,0.007172867655754089,3
gjr_t,7,578,chronos_bolt,,,,,1
gjr_t,7,578,chronos_2,,,,,34
gjr_t,7,595,chronos_base,50.0,2.0,0.007460862398147583,0.007460847496986389,3
gjr_t,7,595,chronos_bolt,,,,,1
gjr_t,7,595,chronos_2,,,,,34
gjr_t,7,612,chronos_base,50.0,2.0,0.18307894468307495,0.007628262042999268,3
gjr_t,7,612,chronos_bolt,,,,,1
gjr_t,7,612,chronos_2,,,,,34
gjr_t,7,629,chronos_base,50.0,2.0,0.031467556953430176,0.007866859436035156,3
gjr_t,7,629,chronos_bolt,,,,,1
gjr_t,7,629,chronos_2,,,,,34
gjr_t,7,645,chronos_base,50.0,1.0,,0.00802949070930481,3
gjr_t,7,645,chronos_bolt,,,,,1
gjr_t,7,645,chronos_2,,,,,34
gjr_t,7,662,chronos_base,50.0,1.0,,0.00811856985092163,3
gjr_t,7,662,chronos_bolt,,,,,1
gjr_t,7,662,chronos_2,,,,,34
gjr_t,7,679,chronos_base,50.0,2.0,0.016268134117126465,0.008134067058563232,3
gjr_t,7,679,chronos_bolt,,,,,1
gjr_t,7,679,chronos_2,,,,,34
gjr_t,7,696,chronos_base,50.0,2.0,0.008194833993911743,0.008194804191589355,3
gjr_t,7,696,chronos_bolt,,,,,1
gjr_t,7,696,chronos_2,,,,,34
gjr_t,7,712,chronos_base,50.0,3.0,0.0452067032456398,0.00821937620639801,3
gjr_t,7,712,chronos_bolt,,,,,1
gjr_t,7,712,chronos_2,,,,,34
gjr_t,7,729,chronos_base,50.0,2.0,0.00815785676240921,0.008157819509506226,3
gjr_t,7,729,chronos_bolt,,,,,1
gjr_t,7,729,chronos_2,,,,,34
gjr_t,7,746,chronos_base,50.0,2.0,0.04873752221465111,0.008122891187667847,3
gjr_t,7,746,chronos_bolt,,,,,1
gjr_t,7,746,chronos_2,,,,,34
gjr_t,7,762,chronos_base,50.0,2.0,0.016042126342654228,0.008021056652069092,3
gjr_t,7,762,chronos_bolt,,,,,1
gjr_t,7,762,chronos_2,,,,,34
gjr_t,7,779,chronos_base,50.0,2.0,0.05484303832054138,0.007834702730178833,3
gjr_t,7,779,chronos_bolt,,,,,1
gjr_t,7,779,chronos_2,,,,,34
gjr_t,7,796,chronos_base,50.0,2.0,0.007781609892845154,0.00778159499168396,3
gjr_t,7,796,chronos_bolt,,,,,1
gjr_t,7,796,chronos_2,,,,,34
gjr_t,7,813,chronos_base,50.0,2.0,0.01571061462163925,0.00785529613494873,3
gjr_t,7,813,chronos_bolt,,,,,1
gjr_t,7,813,chronos_2,,,,,34
gjr_t,7,829,chronos_base,50.0,2.0,0.007735215127468109,0.007735207676887512,3
gjr_t,7,829,chronos_bolt,,,,,1
gjr_t,7,829,chronos_2,,,,,34
gjr_t,7,846,chronos_base,50.0,2.0,0.00754210352897644,0.007542043924331665,3
gjr_t,7,846,chronos_bolt,,,,,1
gjr_t,7,846,chronos_2,,,,,34
gjr_t,7,863,chronos_base,50.0,2.0,0.01487770676612854,0.007438838481903076,3
gjr_t,7,863,chronos_bolt,,,,,1
gjr_t,7,863,chronos_2,,,,,34
gjr_t,7,880,chronos_base,50.0,2.0,0.014880895614624023,0.007440447807312012,3
gjr_t,7,880,chronos_bolt,,,,,1
gjr_t,7,880,chronos_2,,,,,34
gjr_t,7,896,chronos_base,50.0,3.0,0.014858454465866089,0.007429212331771851,3
gjr_t,7,896,chronos_bolt,,,,,1
gjr_t,7,896,chronos_2,,,,,34
gjr_t,7,913,chronos_base,50.0,2.0,0.0075986385345458984,0.0075986385345458984,3
gjr_t,7,913,chronos_bolt,,,,,1
gjr_t,7,913,chronos_2,,,,,34
gjr_t,7,930,chronos_base,50.0,2.0,0.0077970921993255615,0.00779704749584198,3
gjr_t,7,930,chronos_bolt,,,,,1
gjr_t,7,930,chronos_2,,,,,34
gjr_t,7,946,chronos_base,50.0,2.0,0.016116440296173096,0.00805819034576416,3
gjr_t,7,946,chronos_bolt,,,,,1
gjr_t,7,946,chronos_2,,,,,34
gjr_t,7,963,chronos_base,50.0,2.0,0.016829311847686768,0.008414611220359802,3
gjr_t,7,963,chronos_bolt,,,,,1
gjr_t,7,963,chronos_2,,,,,34
gjr_t,7,980,chronos_base,50.0,3.0,0.021355420351028442,0.008542150259017944,3
gjr_t,7,980,chronos_bolt,,,,,1
gjr_t,7,980,chronos_2,,,,,34
gjr_t,7,997,chronos_base,50.0,2.0,0.008443474769592285,0.008443444967269897,3
gjr_t,7,997,chronos_bolt,,,,,1
gjr_t,7,997,chronos_2,,,,,34
gjr_t,7,1013,chronos_base,50.0,2.0,0.016722112894058228,0.00836104154586792,3
gjr_t,7,1013,chronos_bolt,,,,,1
gjr_t,7,1013,chronos_2,,,,,34
gjr_t,7,1030,chronos_base,50.0,2.0,0.008375752717256546,0.008375734090805054,3
gjr_t,7,1030,chronos_bolt,,,,,1
gjr_t,7,1030,chronos_2,,,,,34
gjr_t,7,1047,chronos_base,50.0,2.0,0.00833180546760559,0.008331790566444397,3
gjr_t,7,1047,chronos_bolt,,,,,1
gjr_t,7,1047,chronos_2,,,,,34
gjr_t,7,1064,chronos_base,50.0,2.0,0.016070052981376648,0.008035033941268921,3
gjr_t,7,1064,chronos_bolt,,,,,1
gjr_t,7,1064,chronos_2,,,,,34
gjr_t,7,1080,chronos_base,50.0,2.0,0.039026213344186544,0.007805228233337402,3
gjr_t,7,1080,chronos_bolt,,,,,1
gjr_t,7,1080,chronos_2,,,,,34
gjr_t,7,1097,chronos_base,50.0,2.0,0.007322758436203003,0.007322743535041809,3
gjr_t,7,1097,chronos_bolt,,,,,1
gjr_t,7,1097,chronos_2,,,,,34
gjr_t,7,1114,chronos_base,50.0,2.0,0.007070992141962051,0.007070988416671753,3
gjr_t,7,1114,chronos_bolt,,,,,1
gjr_t,7,1114,chronos_2,,,,,34
gjr_t,7,1130,chronos_base,50.0,2.0,0.006888285279273987,0.006888270378112793,3
gjr_t,7,1130,chronos_bolt,,,,,1
gjr_t,7,1130,chronos_2,,,,,34
gjr_t,7,1147,chronos_base,50.0,2.0,0.047652408480644226,0.006807476282119751,3
gjr_t,7,1147,chronos_bolt,,,,,1
gjr_t,7,1147,chronos_2,,,,,34
gjr_t,7,1164,chronos_base,50.0,2.0,0.013464003801345825,0.006731986999511719,3
gjr_t,7,1164,chronos_bolt,,,,,1
gjr_t,7,1164,chronos_2,,,,,34
gjr_t,7,1181,chronos_base,50.0,2.0,0.03301439434289932,0.006602853536605835,3
gjr_t,7,1181,chronos_bolt,,,,,1
gjr_t,7,1181,chronos_2,,,,,34
gjr_t,7,1197,chronos_base,50.0,2.0,0.019621603190898895,0.006540507078170776,3
gjr_t,7,1197,chronos_bolt,,,,,1
gjr_t,7,1197,chronos_2,,,,,34
gjr_t,7,1214,chronos_base,50.0,2.0,0.0064687952399253845,0.006468772888183594,3
gjr_t,7,1214,chronos_bolt,,,,,1
gjr_t,7,1214,chronos_2,,,,,34
gjr_t,7,1231,chronos_base,50.0,2.0,0.01283174753189087,0.006415873765945435,3
gjr_t,7,1231,chronos_bolt,,,,,1
gjr_t,7,1231,chronos_2,,,,,34
gjr_t,7,1248,chronos_base,50.0,2.0,0.00640435516834259,0.006404347717761993,3
gjr_t,7,1248,chronos_bolt,,,,,1
gjr_t,7,1248,chronos_2,,,,,34
gjr_t,7,1264,chronos_base,50.0,2.0,0.012956351041793823,0.006478160619735718,3
gjr_t,7,1264,chronos_bolt,,,,,1
gjr_t,7,1264,chronos_2,,,,,34
gjr_t,7,1281,chronos_base,50.0,2.0,0.012931883335113525,0.006465941667556763,3
gjr_t,7,1281,chronos_bolt,,,,,1
gjr_t,7,1281,chronos_2,,,,,34
gjr_t,7,1298,chronos_base,50.0,2.0,0.006545394659042358,0.006545364856719971,3
gjr_t,7,1298,chronos_bolt,,,,,1
gjr_t,7,1298,chronos_2,,,,,34
gjr_t,7,1314,chronos_base,50.0,2.0,0.006470669060945511,0.0064706504344940186,3
gjr_t,7,1314,chronos_bolt,,,,,1
gjr_t,7,1314,chronos_2,,,,,34
gjr_t,7,1331,chronos_base,50.0,2.0,0.0063857585191726685,0.006385743618011475,3
gjr_t,7,1331,chronos_bolt,,,,,1
gjr_t,7,1331,chronos_2,,,,,34
gjr_t,7,1348,chronos_base,50.0,2.0,0.006482914090156555,0.0064828842878341675,3
gjr_t,7,1348,chronos_bolt,,,,,1
gjr_t,7,1348,chronos_2,,,,,34
gjr_t,7,1365,chronos_base,50.0,2.0,0.013334482908248901,0.006667226552963257,3
gjr_t,7,1365,chronos_bolt,,,,,1
gjr_t,7,1365,chronos_2,,,,,34
gjr_t,7,1381,chronos_base,50.0,2.0,0.006571337580680847,0.00657133013010025,3
gjr_t,7,1381,chronos_bolt,,,,,1
gjr_t,7,1381,chronos_2,,,,,34
gjr_t,7,1398,chronos_base,50.0,2.0,0.013179898262023926,0.006589934229850769,3
gjr_t,7,1398,chronos_bolt,,,,,1
gjr_t,7,1398,chronos_2,,,,,34
gjr_t,7,1415,chronos_base,50.0,3.0,0.009942211210727692,0.006628125905990601,3
gjr_t,7,1415,chronos_bolt,,,,,1
gjr_t,7,1415,chronos_2,,,,,34
gjr_t,7,1432,chronos_base,50.0,3.0,0.0063436031341552734,0.0063436031341552734,3
gjr_t,7,1432,chronos_bolt,,,,,1
gjr_t,7,1432,chronos_2,,,,,34
gjr_t,7,1448,chronos_base,50.0,2.0,0.006123557686805725,0.006123542785644531,3
gjr_t,7,1448,chronos_bolt,,,,,1
gjr_t,7,1448,chronos_2,,,,,34
gjr_t,7,1465,chronos_base,50.0,2.0,0.011497199535369873,0.005748569965362549,3
gjr_t,7,1465,chronos_bolt,,,,,1
gjr_t,7,1465,chronos_2,,,,,34
gjr_t,7,1482,chronos_base,50.0,2.0,0.005526930093765259,0.005526915192604065,3
gjr_t,7,1482,chronos_bolt,,,,,1
gjr_t,7,1482,chronos_2,,,,,34
gjr_t,7,1499,chronos_base,50.0,2.0,0.010930567979812622,0.005465269088745117,3
gjr_t,7,1499,chronos_bolt,,,,,1
gjr_t,7,1499,chronos_2,,,,,34
gjr_t,8,512,chronos_base,50.0,2.0,0.015321344137191772,0.0076606422662734985,3
gjr_t,8,512,chronos_bolt,,,,,1
gjr_t,8,512,chronos_2,,,,,34
gjr_t,8,528,chronos_base,50.0,2.0,0.015249162912368774,0.007624566555023193,3
gjr_t,8,528,chronos_bolt,,,,,1
gjr_t,8,528,chronos_2,,,,,34
gjr_t,8,545,chronos_base,50.0,2.0,0.015176922082901001,0.007588416337966919,3
gjr_t,8,545,chronos_bolt,,,,,1
gjr_t,8,545,chronos_2,,,,,34
gjr_t,8,562,chronos_base,50.0,2.0,0.007553428411483765,0.007553413510322571,3
gjr_t,8,562,chronos_bolt,,,,,1
gjr_t,8,562,chronos_2,,,,,34
gjr_t,8,578,chronos_base,50.0,2.0,0.015149563550949097,0.007574781775474548,3
gjr_t,8,578,chronos_bolt,,,,,1
gjr_t,8,578,chronos_2,,,,,34
gjr_t,8,595,chronos_base,50.0,2.0,0.01512172818183899,0.007560819387435913,3
gjr_t,8,595,chronos_bolt,,,,,1
gjr_t,8,595,chronos_2,,,,,34
gjr_t,8,612,chronos_base,50.0,2.0,0.007688373327255249,0.007688343524932861,3
gjr_t,8,612,chronos_bolt,,,,,1
gjr_t,8,612,chronos_2,,,,,34
gjr_t,8,629,chronos_base,50.0,2.0,0.015359938144683838,0.007679954171180725,3
gjr_t,8,629,chronos_bolt,,,,,1
gjr_t,8,629,chronos_2,,,,,34
gjr_t,8,645,chronos_base,50.0,1.0,,0.007579833269119263,3
gjr_t,8,645,chronos_bolt,,,,,1
gjr_t,8,645,chronos_2,,,,,34
gjr_t,8,662,chronos_base,50.0,2.0,0.007579058408737183,0.007579058408737183,3
gjr_t,8,662,chronos_bolt,,,,,1
gjr_t,8,662,chronos_2,,,,,34
gjr_t,8,679,chronos_base,50.0,2.0,0.0223039910197258,0.007434636354446411,3
gjr_t,8,679,chronos_bolt,,,,,1
gjr_t,8,679,chronos_2,,,,,34
gjr_t,8,696,chronos_base,50.0,2.0,0.014338314533233643,0.007169127464294434,3
gjr_t,8,696,chronos_bolt,,,,,1
gjr_t,8,696,chronos_2,,,,,34
gjr_t,8,712,chronos_base,50.0,2.0,0.014017194509506226,0.007008582353591919,3
gjr_t,8,712,chronos_bolt,,,,,1
gjr_t,8,712,chronos_2,,,,,34
gjr_t,8,729,chronos_base,50.0,2.0,0.04776574671268463,0.0068236589431762695,3
gjr_t,8,729,chronos_bolt,,,,,1
gjr_t,8,729,chronos_2,,,,,34
gjr_t,8,746,chronos_base,50.0,3.0,0.013443350791931152,0.0067216455936431885,3
gjr_t,8,746,chronos_bolt,,,,,1
gjr_t,8,746,chronos_2,,,,,34
gjr_t,8,762,chronos_base,50.0,2.0,0.006606459617614746,0.006606429815292358,3
gjr_t,8,762,chronos_bolt,,,,,1
gjr_t,8,762,chronos_2,,,,,34
gjr_t,8,779,chronos_base,50.0,2.0,0.013255879282951355,0.006627917289733887,3
gjr_t,8,779,chronos_bolt,,,,,1
gjr_t,8,779,chronos_2,,,,,34
gjr_t,8,796,chronos_base,50.0,1.0,,0.006492912769317627,3
gjr_t,8,796,chronos_bolt,,,,,1
gjr_t,8,796,chronos_2,,,,,34
gjr_t,8,813,chronos_base,50.0,2.0,0.012945860624313354,0.006472915410995483,3
gjr_t,8,813,chronos_bolt,,,,,1
gjr_t,8,813,chronos_2,,,,,34
gjr_t,8,829,chronos_base,50.0,2.0,0.006383657455444336,0.006383642554283142,3
gjr_t,8,829,chronos_bolt,,,,,1
gjr_t,8,829,chronos_2,,,,,34
gjr_t,8,846,chronos_base,50.0,2.0,0.0064615607261657715,0.006461545825004578,3
gjr_t,8,846,chronos_bolt,,,,,1
gjr_t,8,846,chronos_2,,,,,34
gjr_t,8,863,chronos_base,50.0,3.0,0.025584489107131958,0.006396114826202393,3
gjr_t,8,863,chronos_bolt,,,,,1
gjr_t,8,863,chronos_2,,,,,34
gjr_t,8,880,chronos_base,50.0,2.0,0.006272211670875549,0.006272181868553162,3
gjr_t,8,880,chronos_bolt,,,,,1
gjr_t,8,880,chronos_2,,,,,34
gjr_t,8,896,chronos_base,50.0,2.0,0.0062674880027771,0.006267473101615906,3
gjr_t,8,896,chronos_bolt,,,,,1
gjr_t,8,896,chronos_2,,,,,34
gjr_t,8,913,chronos_base,50.0,2.0,0.006109714508056641,0.006109699606895447,3
gjr_t,8,913,chronos_bolt,,,,,1
gjr_t,8,913,chronos_2,,,,,34
gjr_t,8,930,chronos_base,50.0,2.0,0.01779131591320038,0.005930423736572266,3
gjr_t,8,930,chronos_bolt,,,,,1
gjr_t,8,930,chronos_2,,,,,34
gjr_t,8,946,chronos_base,50.0,2.0,0.0704043060541153,0.005867019295692444,3
gjr_t,8,946,chronos_bolt,,,,,1
gjr_t,8,946,chronos_2,,,,,34
gjr_t,8,963,chronos_base,50.0,2.0,0.005863875150680542,0.005863875150680542,3
gjr_t,8,963,chronos_bolt,,,,,1
gjr_t,8,963,chronos_2,,,,,34
gjr_t,8,980,chronos_base,50.0,2.0,0.041643738746643066,0.005949094891548157,3
gjr_t,8,980,chronos_bolt,,,,,1
gjr_t,8,980,chronos_2,,,,,34
gjr_t,8,997,chronos_base,50.0,3.0,0.01209801435470581,0.006048977375030518,3
gjr_t,8,997,chronos_bolt,,,,,1
gjr_t,8,997,chronos_2,,,,,34
gjr_t,8,1013,chronos_base,50.0,2.0,0.012328803539276123,0.006164386868476868,3
gjr_t,8,1013,chronos_bolt,,,,,1
gjr_t,8,1013,chronos_2,,,,,34
gjr_t,8,1030,chronos_base,50.0,3.0,0.11104574799537659,0.006345465779304504,3
gjr_t,8,1030,chronos_bolt,,,,,1
gjr_t,8,1030,chronos_2,,,,,34
gjr_t,8,1047,chronos_base,50.0,2.0,0.006713271141052246,0.006713271141052246,3
gjr_t,8,1047,chronos_bolt,,,,,1
gjr_t,8,1047,chronos_2,,,,,34
gjr_t,8,1064,chronos_base,50.0,3.0,0.010732024908065796,0.007154643535614014,3
gjr_t,8,1064,chronos_bolt,,,,,1
gjr_t,8,1064,chronos_2,,,,,34
gjr_t,8,1080,chronos_base,50.0,2.0,0.029170915484428406,0.007292717695236206,3
gjr_t,8,1080,chronos_bolt,,,,,1
gjr_t,8,1080,chronos_2,,,,,34
gjr_t,8,1097,chronos_base,50.0,2.0,0.014777511358261108,0.00738874077796936,3
gjr_t,8,1097,chronos_bolt,,,,,1
gjr_t,8,1097,chronos_2,,,,,34
gjr_t,8,1114,chronos_base,50.0,2.0,0.029529094696044922,0.007382258772850037,3
gjr_t,8,1114,chronos_bolt,,,,,1
gjr_t,8,1114,chronos_2,,,,,34
gjr_t,8,1130,chronos_base,50.0,2.0,0.021851271390914917,0.007283717393875122,3
gjr_t,8,1130,chronos_bolt,,,,,1
gjr_t,8,1130,chronos_2,,,,,34
gjr_t,8,1147,chronos_base,50.0,2.0,0.007215037941932678,0.007215023040771484,3
gjr_t,8,1147,chronos_bolt,,,,,1
gjr_t,8,1147,chronos_2,,,,,34
gjr_t,8,1164,chronos_base,50.0,3.0,0.014429546892642975,0.007214754819869995,3
gjr_t,8,1164,chronos_bolt,,,,,1
gjr_t,8,1164,chronos_2,,,,,34
gjr_t,8,1181,chronos_base,50.0,2.0,0.007191568613052368,0.0071915388107299805,3
gjr_t,8,1181,chronos_bolt,,,,,1
gjr_t,8,1181,chronos_2,,,,,34
gjr_t,8,1197,chronos_base,50.0,2.0,0.007308304309844971,0.007308304309844971,3
gjr_t,8,1197,chronos_bolt,,,,,1
gjr_t,8,1197,chronos_2,,,,,34
gjr_t,8,1214,chronos_base,50.0,2.0,0.007351994514465332,0.007351964712142944,3
gjr_t,8,1214,chronos_bolt,,,,,1
gjr_t,8,1214,chronos_2,,,,,34
gjr_t,8,1231,chronos_base,50.0,2.0,0.007323205471038818,0.007323145866394043,3
gjr_t,8,1231,chronos_bolt,,,,,1
gjr_t,8,1231,chronos_2,,,,,34
gjr_t,8,1248,chronos_base,50.0,2.0,0.0073784589767456055,0.007378429174423218,3
gjr_t,8,1248,chronos_bolt,,,,,1
gjr_t,8,1248,chronos_2,,,,,34
gjr_t,8,1264,chronos_base,50.0,2.0,0.01482236385345459,0.007411167025566101,3
gjr_t,8,1264,chronos_bolt,,,,,1
gjr_t,8,1264,chronos_2,,,,,34
gjr_t,8,1281,chronos_base,50.0,2.0,0.007431149482727051,0.007431149482727051,3
gjr_t,8,1281,chronos_bolt,,,,,1
gjr_t,8,1281,chronos_2,,,,,34
gjr_t,8,1298,chronos_base,50.0,2.0,0.014854729175567627,0.0074273645877838135,3
gjr_t,8,1298,chronos_bolt,,,,,1
gjr_t,8,1298,chronos_2,,,,,34
gjr_t,8,1314,chronos_base,50.0,2.0,0.007470965385437012,0.007470965385437012,3
gjr_t,8,1314,chronos_bolt,,,,,1
gjr_t,8,1314,chronos_2,,,,,34
gjr_t,8,1331,chronos_base,50.0,2.0,0.007582366466522217,0.007582366466522217,3
gjr_t,8,1331,chronos_bolt,,,,,1
gjr_t,8,1331,chronos_2,,,,,34
gjr_t,8,1348,chronos_base,50.0,2.0,0.015268057584762573,0.007634028792381287,3
gjr_t,8,1348,chronos_bolt,,,,,1
gjr_t,8,1348,chronos_2,,,,,34
gjr_t,8,1365,chronos_base,50.0,2.0,0.007570385932922363,0.007570326328277588,3
gjr_t,8,1365,chronos_bolt,,,,,1
gjr_t,8,1365,chronos_2,,,,,34
gjr_t,8,1381,chronos_base,50.0,2.0,0.00765421986579895,0.0076541900634765625,3
gjr_t,8,1381,chronos_bolt,,,,,1
gjr_t,8,1381,chronos_2,,,,,34
gjr_t,8,1398,chronos_base,50.0,2.0,0.015396595001220703,0.007698267698287964,3
gjr_t,8,1398,chronos_bolt,,,,,1
gjr_t,8,1398,chronos_2,,,,,34
gjr_t,8,1415,chronos_base,50.0,2.0,0.007808566093444824,0.0078085362911224365,3
gjr_t,8,1415,chronos_bolt,,,,,1
gjr_t,8,1415,chronos_2,,,,,34
gjr_t,8,1432,chronos_base,50.0,2.0,0.023543477058410645,0.007847815752029419,3
gjr_t,8,1432,chronos_bolt,,,,,1
gjr_t,8,1432,chronos_2,,,,,34
gjr_t,8,1448,chronos_base,50.0,2.0,0.015559270977973938,0.007779613137245178,3
gjr_t,8,1448,chronos_bolt,,,,,1
gjr_t,8,1448,chronos_2,,,,,34
gjr_t,8,1465,chronos_base,50.0,2.0,0.03872925043106079,0.007745832204818726,3
gjr_t,8,1465,chronos_bolt,,,,,1
gjr_t,8,1465,chronos_2,,,,,34
gjr_t,8,1482,chronos_base,50.0,2.0,0.007626593112945557,0.007626578211784363,3
gjr_t,8,1482,chronos_bolt,,,,,1
gjr_t,8,1482,chronos_2,,,,,34
gjr_t,8,1499,chronos_base,50.0,2.0,0.015358775854110718,0.007679373025894165,3
gjr_t,8,1499,chronos_bolt,,,,,1
gjr_t,8,1499,chronos_2,,,,,34
gjr_t,9,512,chronos_base,50.0,2.0,0.08356103301048279,0.00696340948343277,3
gjr_t,9,512,chronos_bolt,,,,,1
gjr_t,9,512,chronos_2,,,,,34
gjr_t,9,528,chronos_base,50.0,2.0,0.006980106234550476,0.006980091333389282,3
gjr_t,9,528,chronos_bolt,,,,,1
gjr_t,9,528,chronos_2,,,,,34
gjr_t,9,545,chronos_base,50.0,1.0,,0.007119596004486084,3
gjr_t,9,545,chronos_bolt,,,,,1
gjr_t,9,545,chronos_2,,,,,34
gjr_t,9,562,chronos_base,50.0,2.0,0.014505505561828613,0.007252752780914307,3
gjr_t,9,562,chronos_bolt,,,,,1
gjr_t,9,562,chronos_2,,,,,34
gjr_t,9,578,chronos_base,50.0,2.0,0.007248237729072571,0.007248237729072571,3
gjr_t,9,578,chronos_bolt,,,,,1
gjr_t,9,578,chronos_2,,,,,34
gjr_t,9,595,chronos_base,50.0,2.0,0.05196171998977661,0.007423102855682373,3
gjr_t,9,595,chronos_bolt,,,,,1
gjr_t,9,595,chronos_2,,,,,34
gjr_t,9,612,chronos_base,50.0,2.0,0.007596373558044434,0.007596343755722046,3
gjr_t,9,612,chronos_bolt,,,,,1
gjr_t,9,612,chronos_2,,,,,34
gjr_t,9,629,chronos_base,50.0,2.0,0.10834914445877075,0.007739216089248657,3
gjr_t,9,629,chronos_bolt,,,,,1
gjr_t,9,629,chronos_2,,,,,34
gjr_t,9,645,chronos_base,50.0,2.0,0.015484228730201721,0.007742106914520264,3
gjr_t,9,645,chronos_bolt,,,,,1
gjr_t,9,645,chronos_2,,,,,34
gjr_t,9,662,chronos_base,50.0,2.0,0.01532059907913208,0.00766029953956604,3
gjr_t,9,662,chronos_bolt,,,,,1
gjr_t,9,662,chronos_2,,,,,34
gjr_t,9,679,chronos_base,50.0,3.0,0.05331072211265564,0.007615804672241211,3
gjr_t,9,679,chronos_bolt,,,,,1
gjr_t,9,679,chronos_2,,,,,34
gjr_t,9,696,chronos_base,50.0,2.0,0.02290654182434082,0.0076355040073394775,3
gjr_t,9,696,chronos_bolt,,,,,1
gjr_t,9,696,chronos_2,,,,,34
gjr_t,9,712,chronos_base,50.0,2.0,0.007691562175750732,0.007691502571105957,3
gjr_t,9,712,chronos_bolt,,,,,1
gjr_t,9,712,chronos_2,,,,,34
gjr_t,9,729,chronos_base,50.0,2.0,0.01563948392868042,0.007819712162017822,3
gjr_t,9,729,chronos_bolt,,,,,1
gjr_t,9,729,chronos_2,,,,,34
gjr_t,9,746,chronos_base,50.0,2.0,0.007921963930130005,0.00792190432548523,3
gjr_t,9,746,chronos_bolt,,,,,1
gjr_t,9,746,chronos_2,,,,,34
gjr_t,9,762,chronos_base,50.0,2.0,0.05475795269012451,0.007822558283805847,3
gjr_t,9,762,chronos_bolt,,,,,1
gjr_t,9,762,chronos_2,,,,,34
gjr_t,9,779,chronos_base,50.0,2.0,0.007783055305480957,0.007783040404319763,3
gjr_t,9,779,chronos_bolt,,,,,1
gjr_t,9,779,chronos_2,,,,,34
gjr_t,9,796,chronos_base,50.0,2.0,0.007704287767410278,0.007704287767410278,3
gjr_t,9,796,chronos_bolt,,,,,1
gjr_t,9,796,chronos_2,,,,,34
gjr_t,9,813,chronos_base,50.0,2.0,0.007626175880432129,0.007626146078109741,3
gjr_t,9,813,chronos_bolt,,,,,1
gjr_t,9,813,chronos_2,,,,,34
gjr_t,9,829,chronos_base,50.0,2.0,0.015176057815551758,0.007588028907775879,3
gjr_t,9,829,chronos_bolt,,,,,1
gjr_t,9,829,chronos_2,,,,,34
gjr_t,9,846,chronos_base,50.0,2.0,0.015406116843223572,0.007703036069869995,3
gjr_t,9,846,chronos_bolt,,,,,1
gjr_t,9,846,chronos_2,,,,,34
gjr_t,9,863,chronos_base,50.0,2.0,0.0077652037143707275,0.00776517391204834,3
gjr_t,9,863,chronos_bolt,,,,,1
gjr_t,9,863,chronos_2,,,,,34
gjr_t,9,880,chronos_base,50.0,3.0,0.01139272004365921,0.007595136761665344,3
gjr_t,9,880,chronos_bolt,,,,,1
gjr_t,9,880,chronos_2,,,,,34
gjr_t,9,896,chronos_base,50.0,3.0,0.007584333419799805,0.007584303617477417,3
gjr_t,9,896,chronos_bolt,,,,,1
gjr_t,9,896,chronos_2,,,,,34
gjr_t,9,913,chronos_base,50.0,3.0,0.011263765394687653,0.007509171962738037,3
gjr_t,9,913,chronos_bolt,,,,,1
gjr_t,9,913,chronos_2,,,,,34
gjr_t,9,930,chronos_base,50.0,2.0,0.052480489015579224,0.007497191429138184,3
gjr_t,9,930,chronos_bolt,,,,,1
gjr_t,9,930,chronos_2,,,,,34
gjr_t,9,946,chronos_base,50.0,2.0,0.022607147693634033,0.007535696029663086,3
gjr_t,9,946,chronos_bolt,,,,,1
gjr_t,9,946,chronos_2,,,,,34
gjr_t,9,963,chronos_base,50.0,2.0,0.05240163207054138,0.007485941052436829,3
gjr_t,9,963,chronos_bolt,,,,,1
gjr_t,9,963,chronos_2,,,,,34
gjr_t,9,980,chronos_base,50.0,2.0,0.021891474723815918,0.007297128438949585,3
gjr_t,9,980,chronos_bolt,,,,,1
gjr_t,9,980,chronos_2,,,,,34
gjr_t,9,997,chronos_base,50.0,2.0,0.007188171148300171,0.007188171148300171,3
gjr_t,9,997,chronos_bolt,,,,,1
gjr_t,9,997,chronos_2,,,,,34
gjr_t,9,1013,chronos_base,50.0,2.0,0.01411333680152893,0.0070566534996032715,3
gjr_t,9,1013,chronos_bolt,,,,,1
gjr_t,9,1013,chronos_2,,,,,34
gjr_t,9,1030,chronos_base,50.0,3.0,0.028364166617393494,0.007091030478477478,3
gjr_t,9,1030,chronos_bolt,,,,,1
gjr_t,9,1030,chronos_2,,,,,34
gjr_t,9,1047,chronos_base,50.0,2.0,0.006979703903198242,0.006979703903198242,3
gjr_t,9,1047,chronos_bolt,,,,,1
gjr_t,9,1047,chronos_2,,,,,34
gjr_t,9,1064,chronos_base,50.0,2.0,0.013758420944213867,0.006879180669784546,3
gjr_t,9,1064,chronos_bolt,,,,,1
gjr_t,9,1064,chronos_2,,,,,34
gjr_t,9,1080,chronos_base,50.0,2.0,0.03407168388366699,0.006814315915107727,3
gjr_t,9,1080,chronos_bolt,,,,,1
gjr_t,9,1080,chronos_2,,,,,34
gjr_t,9,1097,chronos_base,50.0,2.0,0.0067198872566223145,0.0067198872566223145,3
gjr_t,9,1097,chronos_bolt,,,,,1
gjr_t,9,1097,chronos_2,,,,,34
gjr_t,9,1114,chronos_base,50.0,2.0,0.013103276491165161,0.006551623344421387,3
gjr_t,9,1114,chronos_bolt,,,,,1
gjr_t,9,1114,chronos_2,,,,,34
gjr_t,9,1130,chronos_base,50.0,2.0,0.006396651268005371,0.006396651268005371,3
gjr_t,9,1130,chronos_bolt,,,,,1
gjr_t,9,1130,chronos_2,,,,,34
gjr_t,9,1147,chronos_base,50.0,3.0,0.11491112411022186,0.006383925676345825,3
gjr_t,9,1147,chronos_bolt,,,,,1
gjr_t,9,1147,chronos_2,,,,,34
gjr_t,9,1164,chronos_base,50.0,2.0,0.056620121002197266,0.006291106343269348,3
gjr_t,9,1164,chronos_bolt,,,,,1
gjr_t,9,1164,chronos_2,,,,,34
gjr_t,9,1181,chronos_base,50.0,2.0,0.01250012218952179,0.006250053644180298,3
gjr_t,9,1181,chronos_bolt,,,,,1
gjr_t,9,1181,chronos_2,,,,,34
gjr_t,9,1197,chronos_base,50.0,2.0,0.03130510449409485,0.006261005997657776,3
gjr_t,9,1197,chronos_bolt,,,,,1
gjr_t,9,1197,chronos_2,,,,,34
gjr_t,9,1214,chronos_base,50.0,2.0,0.006215505301952362,0.006215482950210571,3
gjr_t,9,1214,chronos_bolt,,,,,1
gjr_t,9,1214,chronos_2,,,,,34
gjr_t,9,1231,chronos_base,50.0,2.0,0.00612032413482666,0.006120309233665466,3
gjr_t,9,1231,chronos_bolt,,,,,1
gjr_t,9,1231,chronos_2,,,,,34
gjr_t,9,1248,chronos_base,50.0,2.0,0.04865887761116028,0.0060823410749435425,3
gjr_t,9,1248,chronos_bolt,,,,,1
gjr_t,9,1248,chronos_2,,,,,34
gjr_t,9,1264,chronos_base,50.0,2.0,0.006104767322540283,0.006104752421379089,3
gjr_t,9,1264,chronos_bolt,,,,,1
gjr_t,9,1264,chronos_2,,,,,34
gjr_t,9,1281,chronos_base,50.0,2.0,0.006296686828136444,0.006296664476394653,3
gjr_t,9,1281,chronos_bolt,,,,,1
gjr_t,9,1281,chronos_2,,,,,34
gjr_t,9,1298,chronos_base,50.0,2.0,0.012744367122650146,0.006372168660163879,3
gjr_t,9,1298,chronos_bolt,,,,,1
gjr_t,9,1298,chronos_2,,,,,34
gjr_t,9,1314,chronos_base,50.0,3.0,0.04186975210905075,0.006441488862037659,3
gjr_t,9,1314,chronos_bolt,,,,,1
gjr_t,9,1314,chronos_2,,,,,34
gjr_t,9,1331,chronos_base,50.0,2.0,0.039447277784347534,0.006574541330337524,3
gjr_t,9,1331,chronos_bolt,,,,,1
gjr_t,9,1331,chronos_2,,,,,34
gjr_t,9,1348,chronos_base,50.0,3.0,0.0130978524684906,0.0065489113330841064,3
gjr_t,9,1348,chronos_bolt,,,,,1
gjr_t,9,1348,chronos_2,,,,,34
gjr_t,9,1365,chronos_base,50.0,2.0,0.025593668222427368,0.006398409605026245,3
gjr_t,9,1365,chronos_bolt,,,,,1
gjr_t,9,1365,chronos_2,,,,,34
gjr_t,9,1381,chronos_base,50.0,2.0,0.006402045488357544,0.006402045488357544,3
gjr_t,9,1381,chronos_bolt,,,,,1
gjr_t,9,1381,chronos_2,,,,,34
gjr_t,9,1398,chronos_base,50.0,3.0,0.025447137653827667,0.006361767649650574,3
gjr_t,9,1398,chronos_bolt,,,,,1
gjr_t,9,1398,chronos_2,,,,,34
gjr_t,9,1415,chronos_base,50.0,2.0,0.031406134366989136,0.0062811970710754395,3
gjr_t,9,1415,chronos_bolt,,,,,1
gjr_t,9,1415,chronos_2,,,,,34
gjr_t,9,1432,chronos_base,50.0,3.0,0.009381800889968872,0.006254509091377258,3
gjr_t,9,1432,chronos_bolt,,,,,1
gjr_t,9,1432,chronos_2,,,,,34
gjr_t,9,1448,chronos_base,50.0,2.0,0.012198567390441895,0.006099268794059753,3
gjr_t,9,1448,chronos_bolt,,,,,1
gjr_t,9,1448,chronos_2,,,,,34
gjr_t,9,1465,chronos_base,50.0,2.0,0.006017446517944336,0.006017416715621948,3
gjr_t,9,1465,chronos_bolt,,,,,1
gjr_t,9,1465,chronos_2,,,,,34
gjr_t,9,1482,chronos_base,50.0,2.0,0.006072103977203369,0.0060720741748809814,3
gjr_t,9,1482,chronos_bolt,,,,,1
gjr_t,9,1482,chronos_2,,,,,34
gjr_t,9,1499,chronos_base,50.0,2.0,0.00625959038734436,0.006259560585021973,3
gjr_t,9,1499,chronos_bolt,,,,,1
gjr_t,9,1499,chronos_2,,,,,34
gjr_t,10,512,chronos_base,50.0,2.0,0.059671550989151,0.006630159914493561,3
gjr_t,10,512,chronos_bolt,,,,,1
gjr_t,10,512,chronos_2,,,,,34
gjr_t,10,528,chronos_base,50.0,1.0,,0.006679624319076538,3
gjr_t,10,528,chronos_bolt,,,,,1
gjr_t,10,528,chronos_2,,,,,34
gjr_t,10,545,chronos_base,50.0,2.0,0.013728141784667969,0.006864041090011597,3
gjr_t,10,545,chronos_bolt,,,,,1
gjr_t,10,545,chronos_2,,,,,34
gjr_t,10,562,chronos_base,50.0,2.0,0.04967856407165527,0.007096916437149048,3
gjr_t,10,562,chronos_bolt,,,,,1
gjr_t,10,562,chronos_2,,,,,34
gjr_t,10,578,chronos_base,50.0,2.0,0.0215434730052948,0.007181152701377869,3
gjr_t,10,578,chronos_bolt,,,,,1
gjr_t,10,578,chronos_2,,,,,34
gjr_t,10,595,chronos_base,50.0,1.0,,0.007163241505622864,3
gjr_t,10,595,chronos_bolt,,,,,1
gjr_t,10,595,chronos_2,,,,,34
gjr_t,10,612,chronos_base,50.0,2.0,0.014525890350341797,0.007262915372848511,3
gjr_t,10,612,chronos_bolt,,,,,1
gjr_t,10,612,chronos_2,,,,,34
gjr_t,10,629,chronos_base,50.0,2.0,0.007290065288543701,0.007290050387382507,3
gjr_t,10,629,chronos_bolt,,,,,1
gjr_t,10,629,chronos_2,,,,,34
gjr_t,10,645,chronos_base,50.0,2.0,0.02198752760887146,0.007329173386096954,3
gjr_t,10,645,chronos_bolt,,,,,1
gjr_t,10,645,chronos_2,,,,,34
gjr_t,10,662,chronos_base,50.0,2.0,0.007321059703826904,0.007321059703826904,3
gjr_t,10,662,chronos_bolt,,,,,1
gjr_t,10,662,chronos_2,,,,,34
gjr_t,10,679,chronos_base,50.0,2.0,0.05064105987548828,0.007234424352645874,3
gjr_t,10,679,chronos_bolt,,,,,1
gjr_t,10,679,chronos_2,,,,,34
gjr_t,10,696,chronos_base,50.0,3.0,0.01443319022655487,0.0072165727615356445,3
gjr_t,10,696,chronos_bolt,,,,,1
gjr_t,10,696,chronos_2,,,,,34
gjr_t,10,712,chronos_base,50.0,2.0,0.014242768287658691,0.007121369242668152,3
gjr_t,10,712,chronos_bolt,,,,,1
gjr_t,10,712,chronos_2,,,,,34
gjr_t,10,729,chronos_base,50.0,2.0,0.04255342483520508,0.00709223747253418,3
gjr_t,10,729,chronos_bolt,,,,,1
gjr_t,10,729,chronos_2,,,,,34
gjr_t,10,746,chronos_base,50.0,2.0,0.014369696378707886,0.007184833288192749,3
gjr_t,10,746,chronos_bolt,,,,,1
gjr_t,10,746,chronos_2,,,,,34
gjr_t,10,762,chronos_base,50.0,2.0,0.02194473147392273,0.007314890623092651,3
gjr_t,10,762,chronos_bolt,,,,,1
gjr_t,10,762,chronos_2,,,,,34
gjr_t,10,779,chronos_base,50.0,2.0,0.014796614646911621,0.007398277521133423,3
gjr_t,10,779,chronos_bolt,,,,,1
gjr_t,10,779,chronos_2,,,,,34
gjr_t,10,796,chronos_base,50.0,2.0,0.01467016339302063,0.007335036993026733,3
gjr_t,10,796,chronos_bolt,,,,,1
gjr_t,10,796,chronos_2,,,,,34
gjr_t,10,813,chronos_base,50.0,2.0,0.007372349500656128,0.00737231969833374,3
gjr_t,10,813,chronos_bolt,,,,,1
gjr_t,10,813,chronos_2,,,,,34
gjr_t,10,829,chronos_base,50.0,1.0,,0.00738111138343811,3
gjr_t,10,829,chronos_bolt,,,,,1
gjr_t,10,829,chronos_2,,,,,34
gjr_t,10,846,chronos_base,50.0,2.0,0.0075962841510772705,0.007596254348754883,3
gjr_t,10,846,chronos_bolt,,,,,1
gjr_t,10,846,chronos_2,,,,,34
gjr_t,10,863,chronos_base,50.0,2.0,0.007717549800872803,0.007717519998550415,3
gjr_t,10,863,chronos_bolt,,,,,1
gjr_t,10,863,chronos_2,,,,,34
gjr_t,10,880,chronos_base,50.0,2.0,0.007825255393981934,0.007825255393981934,3
gjr_t,10,880,chronos_bolt,,,,,1
gjr_t,10,880,chronos_2,,,,,34
gjr_t,10,896,chronos_base,50.0,2.0,0.11234188079833984,0.008024394512176514,3
gjr_t,10,896,chronos_bolt,,,,,1
gjr_t,10,896,chronos_2,,,,,34
gjr_t,10,913,chronos_base,50.0,2.0,0.008118391036987305,0.008118391036987305,3
gjr_t,10,913,chronos_bolt,,,,,1
gjr_t,10,913,chronos_2,,,,,34
gjr_t,10,930,chronos_base,50.0,2.0,0.008144915103912354,0.008144855499267578,3
gjr_t,10,930,chronos_bolt,,,,,1
gjr_t,10,930,chronos_2,,,,,34
gjr_t,10,946,chronos_base,50.0,2.0,0.008285760879516602,0.008285760879516602,3
gjr_t,10,946,chronos_bolt,,,,,1
gjr_t,10,946,chronos_2,,,,,34
gjr_t,10,963,chronos_base,50.0,2.0,0.024983137845993042,0.008327692747116089,3
gjr_t,10,963,chronos_bolt,,,,,1
gjr_t,10,963,chronos_2,,,,,34
gjr_t,10,980,chronos_base,50.0,2.0,0.01701989769935608,0.008509933948516846,3
gjr_t,10,980,chronos_bolt,,,,,1
gjr_t,10,980,chronos_2,,,,,34
gjr_t,10,997,chronos_base,50.0,2.0,0.03425368666648865,0.008563399314880371,3
gjr_t,10,997,chronos_bolt,,,,,1
gjr_t,10,997,chronos_2,,,,,34
gjr_t,10,1013,chronos_base,50.0,2.0,0.068948894739151,0.008618593215942383,3
gjr_t,10,1013,chronos_bolt,,,,,1
gjr_t,10,1013,chronos_2,,,,,34
gjr_t,10,1030,chronos_base,50.0,2.0,0.008671164512634277,0.00867113471031189,3
gjr_t,10,1030,chronos_bolt,,,,,1
gjr_t,10,1030,chronos_2,,,,,34
gjr_t,10,1047,chronos_base,50.0,2.0,0.008541703224182129,0.008541643619537354,3
gjr_t,10,1047,chronos_bolt,,,,,1
gjr_t,10,1047,chronos_2,,,,,34
gjr_t,10,1064,chronos_base,50.0,3.0,0.012789949774742126,0.008526608347892761,3
gjr_t,10,1064,chronos_bolt,,,,,1
gjr_t,10,1064,chronos_2,,,,,34
gjr_t,10,1080,chronos_base,50.0,1.0,,0.008518695831298828,3
gjr_t,10,1080,chronos_bolt,,,,,1
gjr_t,10,1080,chronos_2,,,,,34
gjr_t,10,1097,chronos_base,50.0,2.0,0.0085163414478302,0.008516281843185425,3
gjr_t,10,1097,chronos_bolt,,,,,1
gjr_t,10,1097,chronos_2,,,,,34
gjr_t,10,1114,chronos_base,50.0,2.0,0.02531769871711731,0.008439213037490845,3
gjr_t,10,1114,chronos_bolt,,,,,1
gjr_t,10,1114,chronos_2,,,,,34
gjr_t,10,1130,chronos_base,50.0,3.0,0.01667994260787964,0.008339941501617432,3
gjr_t,10,1130,chronos_bolt,,,,,1
gjr_t,10,1130,chronos_2,,,,,34
gjr_t,10,1147,chronos_base,50.0,2.0,0.016535907983779907,0.00826793909072876,3
gjr_t,10,1147,chronos_bolt,,,,,1
gjr_t,10,1147,chronos_2,,,,,34
gjr_t,10,1164,chronos_base,50.0,3.0,0.012505486607551575,0.00833699107170105,3
gjr_t,10,1164,chronos_bolt,,,,,1
gjr_t,10,1164,chronos_2,,,,,34
gjr_t,10,1181,chronos_base,50.0,3.0,0.008258506655693054,0.008258461952209473,3
gjr_t,10,1181,chronos_bolt,,,,,1
gjr_t,10,1181,chronos_2,,,,,34
gjr_t,10,1197,chronos_base,50.0,2.0,0.008297860622406006,0.008297830820083618,3
gjr_t,10,1197,chronos_bolt,,,,,1
gjr_t,10,1197,chronos_2,,,,,34
gjr_t,10,1214,chronos_base,50.0,2.0,0.016722500324249268,0.008361220359802246,3
gjr_t,10,1214,chronos_bolt,,,,,1
gjr_t,10,1214,chronos_2,,,,,34
gjr_t,10,1231,chronos_base,50.0,2.0,0.016926467418670654,0.00846320390701294,3
gjr_t,10,1231,chronos_bolt,,,,,1
gjr_t,10,1231,chronos_2,,,,,34
gjr_t,10,1248,chronos_base,50.0,2.0,0.00860971212387085,0.00860971212387085,3
gjr_t,10,1248,chronos_bolt,,,,,1
gjr_t,10,1248,chronos_2,,,,,34
gjr_t,10,1264,chronos_base,50.0,2.0,0.017169207334518433,0.008584588766098022,3
gjr_t,10,1264,chronos_bolt,,,,,1
gjr_t,10,1264,chronos_2,,,,,34
gjr_t,10,1281,chronos_base,50.0,3.0,0.029424160718917847,0.00840689241886139,3
gjr_t,10,1281,chronos_bolt,,,,,1
gjr_t,10,1281,chronos_2,,,,,34
gjr_t,10,1298,chronos_base,50.0,1.0,,0.00826147198677063,3
gjr_t,10,1298,chronos_bolt,,,,,1
gjr_t,10,1298,chronos_2,,,,,34
gjr_t,10,1314,chronos_base,50.0,2.0,0.008202910423278809,0.008202895522117615,3
gjr_t,10,1314,chronos_bolt,,,,,1
gjr_t,10,1314,chronos_2,,,,,34
gjr_t,10,1331,chronos_base,50.0,2.0,0.016268610954284668,0.00813429057598114,3
gjr_t,10,1331,chronos_bolt,,,,,1
gjr_t,10,1331,chronos_2,,,,,34
gjr_t,10,1348,chronos_base,50.0,2.0,0.008022189140319824,0.008022189140319824,3
gjr_t,10,1348,chronos_bolt,,,,,1
gjr_t,10,1348,chronos_2,,,,,34
gjr_t,10,1365,chronos_base,50.0,1.0,,0.007821828126907349,3
gjr_t,10,1365,chronos_bolt,,,,,1
gjr_t,10,1365,chronos_2,,,,,34
gjr_t,10,1381,chronos_base,50.0,2.0,0.015324443578720093,0.0076622068881988525,3
gjr_t,10,1381,chronos_bolt,,,,,1
gjr_t,10,1381,chronos_2,,,,,34
gjr_t,10,1398,chronos_base,50.0,2.0,0.015131771564483643,0.007565855979919434,3
gjr_t,10,1398,chronos_bolt,,,,,1
gjr_t,10,1398,chronos_2,,,,,34
gjr_t,10,1415,chronos_base,50.0,3.0,0.030044034123420715,0.00751100480556488,3
gjr_t,10,1415,chronos_bolt,,,,,1
gjr_t,10,1415,chronos_2,,,,,34
gjr_t,10,1432,chronos_base,50.0,2.0,0.01481260359287262,0.007406294345855713,3
gjr_t,10,1432,chronos_bolt,,,,,1
gjr_t,10,1432,chronos_2,,,,,34
gjr_t,10,1448,chronos_base,50.0,2.0,0.0072362422943115234,0.0072362422943115234,3
gjr_t,10,1448,chronos_bolt,,,,,1
gjr_t,10,1448,chronos_2,,,,,34
gjr_t,10,1465,chronos_base,50.0,2.0,0.007069021463394165,0.007068991661071777,3
gjr_t,10,1465,chronos_bolt,,,,,1
gjr_t,10,1465,chronos_2,,,,,34
gjr_t,10,1482,chronos_base,50.0,2.0,0.014118820428848267,0.0070593953132629395,3
gjr_t,10,1482,chronos_bolt,,,,,1
gjr_t,10,1482,chronos_2,,,,,34
gjr_t,10,1499,chronos_base,50.0,2.0,0.034965068101882935,0.006992995738983154,3
gjr_t,10,1499,chronos_bolt,,,,,1
gjr_t,10,1499,chronos_2,,,,,34
gjr_t,11,512,chronos_base,50.0,2.0,0.006412312388420105,0.006412312388420105,3
gjr_t,11,512,chronos_bolt,,,,,1
gjr_t,11,512,chronos_2,,,,,34
gjr_t,11,528,chronos_base,50.0,2.0,0.006307333707809448,0.006307333707809448,3
gjr_t,11,528,chronos_bolt,,,,,1
gjr_t,11,528,chronos_2,,,,,34
gjr_t,11,545,chronos_base,50.0,2.0,0.0062171220779418945,0.006217092275619507,3
gjr_t,11,545,chronos_bolt,,,,,1
gjr_t,11,545,chronos_2,,,,,34
gjr_t,11,562,chronos_base,50.0,2.0,0.006248563528060913,0.006248548626899719,3
gjr_t,11,562,chronos_bolt,,,,,1
gjr_t,11,562,chronos_2,,,,,34
gjr_t,11,578,chronos_base,50.0,2.0,0.030524611473083496,0.006104916334152222,3
gjr_t,11,578,chronos_bolt,,,,,1
gjr_t,11,578,chronos_2,,,,,34
gjr_t,11,595,chronos_base,50.0,2.0,0.042392805218696594,0.006056100130081177,3
gjr_t,11,595,chronos_bolt,,,,,1
gjr_t,11,595,chronos_2,,,,,34
gjr_t,11,612,chronos_base,50.0,2.0,0.005944579839706421,0.005944579839706421,3
gjr_t,11,612,chronos_bolt,,,,,1
gjr_t,11,612,chronos_2,,,,,34
gjr_t,11,629,chronos_base,50.0,2.0,0.011845052242279053,0.005922496318817139,3
gjr_t,11,629,chronos_bolt,,,,,1
gjr_t,11,629,chronos_2,,,,,34
gjr_t,11,645,chronos_base,50.0,2.0,0.005902498960494995,0.005902498960494995,3
gjr_t,11,645,chronos_bolt,,,,,1
gjr_t,11,645,chronos_2,,,,,34
gjr_t,11,662,chronos_base,50.0,2.0,0.04125383496284485,0.005893394351005554,3
gjr_t,11,662,chronos_bolt,,,,,1
gjr_t,11,662,chronos_2,,,,,34
gjr_t,11,679,chronos_base,50.0,2.0,0.0751095712184906,0.005777642130851746,3
gjr_t,11,679,chronos_bolt,,,,,1
gjr_t,11,679,chronos_2,,,,,34
gjr_t,11,696,chronos_base,50.0,2.0,0.005690924823284149,0.005690917372703552,3
gjr_t,11,696,chronos_bolt,,,,,1
gjr_t,11,696,chronos_2,,,,,34
gjr_t,11,712,chronos_base,50.0,2.0,0.011262506246566772,0.005631253123283386,3
gjr_t,11,712,chronos_bolt,,,,,1
gjr_t,11,712,chronos_2,,,,,34
gjr_t,11,729,chronos_base,50.0,2.0,0.04580174386501312,0.005725204944610596,3
gjr_t,11,729,chronos_bolt,,,,,1
gjr_t,11,729,chronos_2,,,,,34
gjr_t,11,746,chronos_base,50.0,1.0,,0.005765989422798157,3
gjr_t,11,746,chronos_bolt,,,,,1
gjr_t,11,746,chronos_2,,,,,34
gjr_t,11,762,chronos_base,50.0,2.0,0.011420279741287231,0.005710124969482422,3
gjr_t,11,762,chronos_bolt,,,,,1
gjr_t,11,762,chronos_2,,,,,34
gjr_t,11,779,chronos_base,50.0,2.0,0.011558979749679565,0.005779474973678589,3
gjr_t,11,779,chronos_bolt,,,,,1
gjr_t,11,779,chronos_2,,,,,34
gjr_t,11,796,chronos_base,50.0,3.0,0.025628559291362762,0.005695223808288574,3
gjr_t,11,796,chronos_bolt,,,,,1
gjr_t,11,796,chronos_2,,,,,34
gjr_t,11,813,chronos_base,50.0,2.0,0.016883015632629395,0.005627661943435669,3
gjr_t,11,813,chronos_bolt,,,,,1
gjr_t,11,813,chronos_2,,,,,34
gjr_t,11,829,chronos_base,50.0,2.0,0.011138916015625,0.0055694580078125,3
gjr_t,11,829,chronos_bolt,,,,,1
gjr_t,11,829,chronos_2,,,,,34
gjr_t,11,846,chronos_base,50.0,2.0,0.005722403526306152,0.005722403526306152,3
gjr_t,11,846,chronos_bolt,,,,,1
gjr_t,11,846,chronos_2,,,,,34
gjr_t,11,863,chronos_base,50.0,2.0,0.011510282754898071,0.005755141377449036,3
gjr_t,11,863,chronos_bolt,,,,,1
gjr_t,11,863,chronos_2,,,,,34
gjr_t,11,880,chronos_base,50.0,2.0,0.0058460235595703125,0.005845993757247925,3
gjr_t,11,880,chronos_bolt,,,,,1
gjr_t,11,880,chronos_2,,,,,34
gjr_t,11,896,chronos_base,50.0,2.0,0.01177266240119934,0.0058863162994384766,3
gjr_t,11,896,chronos_bolt,,,,,1
gjr_t,11,896,chronos_2,,,,,34
gjr_t,11,913,chronos_base,50.0,3.0,0.005854189395904541,0.005854159593582153,3
gjr_t,11,913,chronos_bolt,,,,,1
gjr_t,11,913,chronos_2,,,,,34
gjr_t,11,930,chronos_base,50.0,2.0,0.035501062870025635,0.0059168338775634766,3
gjr_t,11,930,chronos_bolt,,,,,1
gjr_t,11,930,chronos_2,,,,,34
gjr_t,11,946,chronos_base,50.0,2.0,0.012000590562820435,0.0060002803802490234,3
gjr_t,11,946,chronos_bolt,,,,,1
gjr_t,11,946,chronos_2,,,,,34
gjr_t,11,963,chronos_base,50.0,2.0,0.006040304899215698,0.0060402750968933105,3
gjr_t,11,963,chronos_bolt,,,,,1
gjr_t,11,963,chronos_2,,,,,34
gjr_t,11,980,chronos_base,50.0,3.0,0.018422931432724,0.006140947341918945,3
gjr_t,11,980,chronos_bolt,,,,,1
gjr_t,11,980,chronos_2,,,,,34
gjr_t,11,997,chronos_base,50.0,2.0,0.012381047010421753,0.006190508604049683,3
gjr_t,11,997,chronos_bolt,,,,,1
gjr_t,11,997,chronos_2,,,,,34
gjr_t,11,1013,chronos_base,50.0,2.0,0.012474209070205688,0.006237104535102844,3
gjr_t,11,1013,chronos_bolt,,,,,1
gjr_t,11,1013,chronos_2,,,,,34
gjr_t,11,1030,chronos_base,50.0,2.0,0.006223797798156738,0.006223782896995544,3
gjr_t,11,1030,chronos_bolt,,,,,1
gjr_t,11,1030,chronos_2,,,,,34
gjr_t,11,1047,chronos_base,50.0,3.0,0.006301283836364746,0.006301268935203552,3
gjr_t,11,1047,chronos_bolt,,,,,1
gjr_t,11,1047,chronos_2,,,,,34
gjr_t,11,1064,chronos_base,50.0,2.0,0.012622326612472534,0.006311133503913879,3
gjr_t,11,1064,chronos_bolt,,,,,1
gjr_t,11,1064,chronos_2,,,,,34
gjr_t,11,1080,chronos_base,50.0,2.0,0.012419342994689941,0.006209641695022583,3
gjr_t,11,1080,chronos_bolt,,,,,1
gjr_t,11,1080,chronos_2,,,,,34
gjr_t,11,1097,chronos_base,50.0,2.0,0.012026399374008179,0.006013199687004089,3
gjr_t,11,1097,chronos_bolt,,,,,1
gjr_t,11,1097,chronos_2,,,,,34
gjr_t,11,1114,chronos_base,50.0,2.0,0.00601533055305481,0.00601533055305481,3
gjr_t,11,1114,chronos_bolt,,,,,1
gjr_t,11,1114,chronos_2,,,,,34
gjr_t,11,1130,chronos_base,50.0,2.0,0.029734641313552856,0.005946919322013855,3
gjr_t,11,1130,chronos_bolt,,,,,1
gjr_t,11,1130,chronos_2,,,,,34
gjr_t,11,1147,chronos_base,50.0,2.0,0.005949676036834717,0.005949676036834717,3
gjr_t,11,1147,chronos_bolt,,,,,1
gjr_t,11,1147,chronos_2,,,,,34
gjr_t,11,1164,chronos_base,50.0,2.0,0.011845439672470093,0.0059227049350738525,3
gjr_t,11,1164,chronos_bolt,,,,,1
gjr_t,11,1164,chronos_2,,,,,34
gjr_t,11,1181,chronos_base,50.0,2.0,0.03603185713291168,0.00600530207157135,3
gjr_t,11,1181,chronos_bolt,,,,,1
gjr_t,11,1181,chronos_2,,,,,34
gjr_t,11,1197,chronos_base,50.0,3.0,0.009051233530044556,0.006034150719642639,3
gjr_t,11,1197,chronos_bolt,,,,,1
gjr_t,11,1197,chronos_2,,,,,34
gjr_t,11,1214,chronos_base,50.0,2.0,0.012350976467132568,0.006175488233566284,3
gjr_t,11,1214,chronos_bolt,,,,,1
gjr_t,11,1214,chronos_2,,,,,34
gjr_t,11,1231,chronos_base,50.0,2.0,0.01243177056312561,0.006215870380401611,3
gjr_t,11,1231,chronos_bolt,,,,,1
gjr_t,11,1231,chronos_2,,,,,34
gjr_t,11,1248,chronos_base,50.0,2.0,0.006312072277069092,0.006312042474746704,3
gjr_t,11,1248,chronos_bolt,,,,,1
gjr_t,11,1248,chronos_2,,,,,34
gjr_t,11,1264,chronos_base,50.0,2.0,0.01277586817741394,0.006387919187545776,3
gjr_t,11,1264,chronos_bolt,,,,,1
gjr_t,11,1264,chronos_2,,,,,34
gjr_t,11,1281,chronos_base,50.0,2.0,0.006362825632095337,0.006362825632095337,3
gjr_t,11,1281,chronos_bolt,,,,,1
gjr_t,11,1281,chronos_2,,,,,34
gjr_t,11,1298,chronos_base,50.0,2.0,0.012519031763076782,0.006259500980377197,3
gjr_t,11,1298,chronos_bolt,,,,,1
gjr_t,11,1298,chronos_2,,,,,34
gjr_t,11,1314,chronos_base,50.0,2.0,0.0062538087368011475,0.0062538087368011475,3
gjr_t,11,1314,chronos_bolt,,,,,1
gjr_t,11,1314,chronos_2,,,,,34
gjr_t,11,1331,chronos_base,50.0,2.0,0.012506842613220215,0.00625339150428772,3
gjr_t,11,1331,chronos_bolt,,,,,1
gjr_t,11,1331,chronos_2,,,,,34
gjr_t,11,1348,chronos_base,50.0,2.0,0.012342780828475952,0.006171375513076782,3
gjr_t,11,1348,chronos_bolt,,,,,1
gjr_t,11,1348,chronos_2,,,,,34
gjr_t,11,1365,chronos_base,50.0,2.0,0.0547914057970047,0.006087929010391235,3
gjr_t,11,1365,chronos_bolt,,,,,1
gjr_t,11,1365,chronos_2,,,,,34
gjr_t,11,1381,chronos_base,50.0,2.0,0.006045520305633545,0.006045520305633545,3
gjr_t,11,1381,chronos_bolt,,,,,1
gjr_t,11,1381,chronos_2,,,,,34
gjr_t,11,1398,chronos_base,50.0,2.0,0.017572790384292603,0.005857586860656738,3
gjr_t,11,1398,chronos_bolt,,,,,1
gjr_t,11,1398,chronos_2,,,,,34
gjr_t,11,1415,chronos_base,50.0,3.0,0.017268918454647064,0.005756296217441559,3
gjr_t,11,1415,chronos_bolt,,,,,1
gjr_t,11,1415,chronos_2,,,,,34
gjr_t,11,1432,chronos_base,50.0,2.0,0.005687877535820007,0.005687877535820007,3
gjr_t,11,1432,chronos_bolt,,,,,1
gjr_t,11,1432,chronos_2,,,,,34
gjr_t,11,1448,chronos_base,50.0,3.0,0.0055740028619766235,0.00557398796081543,3
gjr_t,11,1448,chronos_bolt,,,,,1
gjr_t,11,1448,chronos_2,,,,,34
gjr_t,11,1465,chronos_base,50.0,2.0,0.01676468551158905,0.005588218569755554,3
gjr_t,11,1465,chronos_bolt,,,,,1
gjr_t,11,1465,chronos_2,,,,,34
gjr_t,11,1482,chronos_base,50.0,2.0,0.011210352182388306,0.005605161190032959,3
gjr_t,11,1482,chronos_bolt,,,,,1
gjr_t,11,1482,chronos_2,,,,,34
gjr_t,11,1499,chronos_base,50.0,2.0,0.0057694315910339355,0.005769401788711548,3
gjr_t,11,1499,chronos_bolt,,,,,1
gjr_t,11,1499,chronos_2,,,,,34
gjr_t,12,512,chronos_base,50.0,2.0,0.006488621234893799,0.006488591432571411,3
gjr_t,12,512,chronos_bolt,,,,,1
gjr_t,12,512,chronos_2,,,,,34
gjr_t,12,528,chronos_base,50.0,2.0,0.013083785772323608,0.00654187798500061,3
gjr_t,12,528,chronos_bolt,,,,,1
gjr_t,12,528,chronos_2,,,,,34
gjr_t,12,545,chronos_base,50.0,2.0,0.0469512939453125,0.006707310676574707,3
gjr_t,12,545,chronos_bolt,,,,,1
gjr_t,12,545,chronos_2,,,,,34
gjr_t,12,562,chronos_base,50.0,2.0,0.013281047344207764,0.006640523672103882,3
gjr_t,12,562,chronos_bolt,,,,,1
gjr_t,12,562,chronos_2,,,,,34
gjr_t,12,578,chronos_base,50.0,2.0,0.0066308677196502686,0.006630837917327881,3
gjr_t,12,578,chronos_bolt,,,,,1
gjr_t,12,578,chronos_2,,,,,34
gjr_t,12,595,chronos_base,50.0,2.0,0.012971878051757812,0.0064859092235565186,3
gjr_t,12,595,chronos_bolt,,,,,1
gjr_t,12,595,chronos_2,,,,,34
gjr_t,12,612,chronos_base,50.0,2.0,0.006532907485961914,0.006532907485961914,3
gjr_t,12,612,chronos_bolt,,,,,1
gjr_t,12,612,chronos_2,,,,,34
gjr_t,12,629,chronos_base,50.0,2.0,0.012799739837646484,0.0063998401165008545,3
gjr_t,12,629,chronos_bolt,,,,,1
gjr_t,12,629,chronos_2,,,,,34
gjr_t,12,645,chronos_base,50.0,2.0,0.012705028057098389,0.006352484226226807,3
gjr_t,12,645,chronos_bolt,,,,,1
gjr_t,12,645,chronos_2,,,,,34
gjr_t,12,662,chronos_base,50.0,2.0,0.01897066831588745,0.0063235461711883545,3
gjr_t,12,662,chronos_bolt,,,,,1
gjr_t,12,662,chronos_2,,,,,34
gjr_t,12,679,chronos_base,50.0,2.0,0.006422758102416992,0.0064227283000946045,3
gjr_t,12,679,chronos_bolt,,,,,1
gjr_t,12,679,chronos_2,,,,,34
gjr_t,12,696,chronos_base,50.0,2.0,0.019091635942459106,0.006363868713378906,3
gjr_t,12,696,chronos_bolt,,,,,1
gjr_t,12,696,chronos_2,,,,,34
gjr_t,12,712,chronos_base,50.0,2.0,0.01905423402786255,0.006351396441459656,3
gjr_t,12,712,chronos_bolt,,,,,1
gjr_t,12,712,chronos_2,,,,,34
gjr_t,12,729,chronos_base,50.0,3.0,0.02239905297756195,0.006399720907211304,3
gjr_t,12,729,chronos_bolt,,,,,1
gjr_t,12,729,chronos_2,,,,,34
gjr_t,12,746,chronos_base,50.0,2.0,0.026120811700820923,0.006530195474624634,3
gjr_t,12,746,chronos_bolt,,,,,1
gjr_t,12,746,chronos_2,,,,,34
gjr_t,12,762,chronos_base,50.0,2.0,0.013465136289596558,0.006732523441314697,3
gjr_t,12,762,chronos_bolt,,,,,1
gjr_t,12,762,chronos_2,,,,,34
gjr_t,12,779,chronos_base,50.0,2.0,0.013988673686981201,0.006994307041168213,3
gjr_t,12,779,chronos_bolt,,,,,1
gjr_t,12,779,chronos_2,,,,,34
gjr_t,12,796,chronos_base,50.0,2.0,0.0070534348487854,0.007053405046463013,3
gjr_t,12,796,chronos_bolt,,,,,1
gjr_t,12,796,chronos_2,,,,,34
gjr_t,12,813,chronos_base,50.0,2.0,0.01406186819076538,0.00703093409538269,3
gjr_t,12,813,chronos_bolt,,,,,1
gjr_t,12,813,chronos_2,,,,,34
gjr_t,12,829,chronos_base,50.0,2.0,0.006822496652603149,0.006822496652603149,3
gjr_t,12,829,chronos_bolt,,,,,1
gjr_t,12,829,chronos_2,,,,,34
gjr_t,12,846,chronos_base,50.0,2.0,0.014013439416885376,0.0070066750049591064,3
gjr_t,12,846,chronos_bolt,,,,,1
gjr_t,12,846,chronos_2,,,,,34
gjr_t,12,863,chronos_base,50.0,2.0,0.014142036437988281,0.007070988416671753,3
gjr_t,12,863,chronos_bolt,,,,,1
gjr_t,12,863,chronos_2,,,,,34
gjr_t,12,880,chronos_base,50.0,2.0,0.007197737693786621,0.007197737693786621,3
gjr_t,12,880,chronos_bolt,,,,,1
gjr_t,12,880,chronos_2,,,,,34
gjr_t,12,896,chronos_base,50.0,2.0,0.021772801876068115,0.007257580757141113,3
gjr_t,12,896,chronos_bolt,,,,,1
gjr_t,12,896,chronos_2,,,,,34
gjr_t,12,913,chronos_base,50.0,2.0,0.007246792316436768,0.007246732711791992,3
gjr_t,12,913,chronos_bolt,,,,,1
gjr_t,12,913,chronos_2,,,,,34
gjr_t,12,930,chronos_base,50.0,2.0,0.007208585739135742,0.007208526134490967,3
gjr_t,12,930,chronos_bolt,,,,,1
gjr_t,12,930,chronos_2,,,,,34
gjr_t,12,946,chronos_base,50.0,2.0,0.014492988586425781,0.007246464490890503,3
gjr_t,12,946,chronos_bolt,,,,,1
gjr_t,12,946,chronos_2,,,,,34
gjr_t,12,963,chronos_base,50.0,2.0,0.007377713918685913,0.007377713918685913,3
gjr_t,12,963,chronos_bolt,,,,,1
gjr_t,12,963,chronos_2,,,,,34
gjr_t,12,980,chronos_base,50.0,2.0,0.014912068843841553,0.007456034421920776,3
gjr_t,12,980,chronos_bolt,,,,,1
gjr_t,12,980,chronos_2,,,,,34
gjr_t,12,997,chronos_base,50.0,2.0,0.015192955732345581,0.007596462965011597,3
gjr_t,12,997,chronos_bolt,,,,,1
gjr_t,12,997,chronos_2,,,,,34
gjr_t,12,1013,chronos_base,50.0,2.0,0.061893582344055176,0.007736682891845703,3
gjr_t,12,1013,chronos_bolt,,,,,1
gjr_t,12,1013,chronos_2,,,,,34
gjr_t,12,1030,chronos_base,50.0,2.0,0.02314642071723938,0.007715463638305664,3
gjr_t,12,1030,chronos_bolt,,,,,1
gjr_t,12,1030,chronos_2,,,,,34
gjr_t,12,1047,chronos_base,50.0,2.0,0.015194326639175415,0.007597118616104126,3
gjr_t,12,1047,chronos_bolt,,,,,1
gjr_t,12,1047,chronos_2,,,,,34
gjr_t,12,1064,chronos_base,50.0,2.0,0.031343281269073486,0.007835805416107178,3
gjr_t,12,1064,chronos_bolt,,,,,1
gjr_t,12,1064,chronos_2,,,,,34
gjr_t,12,1080,chronos_base,50.0,2.0,0.015807688236236572,0.007903814315795898,3
gjr_t,12,1080,chronos_bolt,,,,,1
gjr_t,12,1080,chronos_2,,,,,34
gjr_t,12,1097,chronos_base,50.0,2.0,0.008051902055740356,0.008051887154579163,3
gjr_t,12,1097,chronos_bolt,,,,,1
gjr_t,12,1097,chronos_2,,,,,34
gjr_t,12,1114,chronos_base,50.0,2.0,0.025138646364212036,0.008379518985748291,3
gjr_t,12,1114,chronos_bolt,,,,,1
gjr_t,12,1114,chronos_2,,,,,34
gjr_t,12,1130,chronos_base,50.0,2.0,0.01707679033279419,0.008538365364074707,3
gjr_t,12,1130,chronos_bolt,,,,,1
gjr_t,12,1130,chronos_2,,,,,34
gjr_t,12,1147,chronos_base,50.0,2.0,0.05300772190093994,0.008834600448608398,3
gjr_t,12,1147,chronos_bolt,,,,,1
gjr_t,12,1147,chronos_2,,,,,34
gjr_t,12,1164,chronos_base,50.0,3.0,0.01345197856426239,0.008967965841293335,3
gjr_t,12,1164,chronos_bolt,,,,,1
gjr_t,12,1164,chronos_2,,,,,34
gjr_t,12,1181,chronos_base,50.0,2.0,0.05378299951553345,0.008963823318481445,3
gjr_t,12,1181,chronos_bolt,,,,,1
gjr_t,12,1181,chronos_2,,,,,34
gjr_t,12,1197,chronos_base,50.0,2.0,0.008971959352493286,0.008971929550170898,3
gjr_t,12,1197,chronos_bolt,,,,,1
gjr_t,12,1197,chronos_2,,,,,34
gjr_t,12,1214,chronos_base,50.0,2.0,0.018187344074249268,0.009093672037124634,3
gjr_t,12,1214,chronos_bolt,,,,,1
gjr_t,12,1214,chronos_2,,,,,34
gjr_t,12,1231,chronos_base,50.0,3.0,0.031804829835891724,0.009087085723876953,3
gjr_t,12,1231,chronos_bolt,,,,,1
gjr_t,12,1231,chronos_2,,,,,34
gjr_t,12,1248,chronos_base,50.0,2.0,0.008948087692260742,0.008948072791099548,3
gjr_t,12,1248,chronos_bolt,,,,,1
gjr_t,12,1248,chronos_2,,,,,34
gjr_t,12,1264,chronos_base,50.0,2.0,0.017489343881607056,0.008744657039642334,3
gjr_t,12,1264,chronos_bolt,,,,,1
gjr_t,12,1264,chronos_2,,,,,34
gjr_t,12,1281,chronos_base,50.0,2.0,0.05917349457740784,0.008453339338302612,3
gjr_t,12,1281,chronos_bolt,,,,,1
gjr_t,12,1281,chronos_2,,,,,34
gjr_t,12,1298,chronos_base,50.0,2.0,0.008270278573036194,0.008270248770713806,3
gjr_t,12,1298,chronos_bolt,,,,,1
gjr_t,12,1298,chronos_2,,,,,34
gjr_t,12,1314,chronos_base,50.0,3.0,0.00820624828338623,0.008206218481063843,3
gjr_t,12,1314,chronos_bolt,,,,,1
gjr_t,12,1314,chronos_2,,,,,34
gjr_t,12,1331,chronos_base,50.0,2.0,0.01660887897014618,0.008304417133331299,3
gjr_t,12,1331,chronos_bolt,,,,,1
gjr_t,12,1331,chronos_2,,,,,34
gjr_t,12,1348,chronos_base,50.0,2.0,0.008322656154632568,0.008322596549987793,3
gjr_t,12,1348,chronos_bolt,,,,,1
gjr_t,12,1348,chronos_2,,,,,34
gjr_t,12,1365,chronos_base,50.0,3.0,0.020543023943901062,0.008217185735702515,3
gjr_t,12,1365,chronos_bolt,,,,,1
gjr_t,12,1365,chronos_2,,,,,34
gjr_t,12,1381,chronos_base,50.0,2.0,0.008100390434265137,0.008100330829620361,3
gjr_t,12,1381,chronos_bolt,,,,,1
gjr_t,12,1381,chronos_2,,,,,34
gjr_t,12,1398,chronos_base,50.0,2.0,0.008068829774856567,0.008068770170211792,3
gjr_t,12,1398,chronos_bolt,,,,,1
gjr_t,12,1398,chronos_2,,,,,34
gjr_t,12,1415,chronos_base,50.0,3.0,0.016017630696296692,0.008008807897567749,3
gjr_t,12,1415,chronos_bolt,,,,,1
gjr_t,12,1415,chronos_2,,,,,34
gjr_t,12,1432,chronos_base,50.0,2.0,0.04785352945327759,0.007975578308105469,3
gjr_t,12,1432,chronos_bolt,,,,,1
gjr_t,12,1432,chronos_2,,,,,34
gjr_t,12,1448,chronos_base,50.0,2.0,0.007978469133377075,0.007978439331054688,3
gjr_t,12,1448,chronos_bolt,,,,,1
gjr_t,12,1448,chronos_2,,,,,34
gjr_t,12,1465,chronos_base,50.0,2.0,0.007885843515396118,0.007885798811912537,3
gjr_t,12,1465,chronos_bolt,,,,,1
gjr_t,12,1465,chronos_2,,,,,34
gjr_t,12,1482,chronos_base,50.0,3.0,0.008160233497619629,0.008160203695297241,3
gjr_t,12,1482,chronos_bolt,,,,,1
gjr_t,12,1482,chronos_2,,,,,34
gjr_t,12,1499,chronos_base,50.0,2.0,0.01702752709388733,0.00851374864578247,3
gjr_t,12,1499,chronos_bolt,,,,,1
gjr_t,12,1499,chronos_2,,,,,34
gjr_t,13,512,chronos_base,50.0,2.0,0.006639689207077026,0.006639689207077026,3
gjr_t,13,512,chronos_bolt,,,,,1
gjr_t,13,512,chronos_2,,,,,34
gjr_t,13,528,chronos_base,50.0,2.0,0.006624966859817505,0.006624937057495117,3
gjr_t,13,528,chronos_bolt,,,,,1
gjr_t,13,528,chronos_2,,,,,34
gjr_t,13,545,chronos_base,50.0,2.0,0.013328582048416138,0.006664276123046875,3
gjr_t,13,545,chronos_bolt,,,,,1
gjr_t,13,545,chronos_2,,,,,34
gjr_t,13,562,chronos_base,50.0,2.0,0.013020068407058716,0.006510019302368164,3
gjr_t,13,562,chronos_bolt,,,,,1
gjr_t,13,562,chronos_2,,,,,34
gjr_t,13,578,chronos_base,50.0,2.0,0.00646442174911499,0.0064643919467926025,3
gjr_t,13,578,chronos_bolt,,,,,1
gjr_t,13,578,chronos_2,,,,,34
gjr_t,13,595,chronos_base,50.0,2.0,0.006404846906661987,0.0064048171043396,3
gjr_t,13,595,chronos_bolt,,,,,1
gjr_t,13,595,chronos_2,,,,,34
gjr_t,13,612,chronos_base,50.0,1.0,,0.006304025650024414,3
gjr_t,13,612,chronos_bolt,,,,,1
gjr_t,13,612,chronos_2,,,,,34
gjr_t,13,629,chronos_base,50.0,2.0,0.006314128637313843,0.006314069032669067,3
gjr_t,13,629,chronos_bolt,,,,,1
gjr_t,13,629,chronos_2,,,,,34
gjr_t,13,645,chronos_base,50.0,2.0,0.006245225667953491,0.0062451958656311035,3
gjr_t,13,645,chronos_bolt,,,,,1
gjr_t,13,645,chronos_2,,,,,34
gjr_t,13,662,chronos_base,50.0,2.0,0.0061866044998168945,0.006186574697494507,3
gjr_t,13,662,chronos_bolt,,,,,1
gjr_t,13,662,chronos_2,,,,,34
gjr_t,13,679,chronos_base,50.0,2.0,0.006103545427322388,0.006103545427322388,3
gjr_t,13,679,chronos_bolt,,,,,1
gjr_t,13,679,chronos_2,,,,,34
gjr_t,13,696,chronos_base,50.0,2.0,0.012004643678665161,0.006002292037010193,3
gjr_t,13,696,chronos_bolt,,,,,1
gjr_t,13,696,chronos_2,,,,,34
gjr_t,13,712,chronos_base,50.0,3.0,0.0118236243724823,0.005911797285079956,3
gjr_t,13,712,chronos_bolt,,,,,1
gjr_t,13,712,chronos_2,,,,,34
gjr_t,13,729,chronos_base,50.0,2.0,0.017951488494873047,0.005983799695968628,3
gjr_t,13,729,chronos_bolt,,,,,1
gjr_t,13,729,chronos_2,,,,,34
gjr_t,13,746,chronos_base,50.0,3.0,0.009219616651535034,0.0061463862657547,3
gjr_t,13,746,chronos_bolt,,,,,1
gjr_t,13,746,chronos_2,,,,,34
gjr_t,13,762,chronos_base,50.0,2.0,0.006249457597732544,0.006249427795410156,3
gjr_t,13,762,chronos_bolt,,,,,1
gjr_t,13,762,chronos_2,,,,,34
gjr_t,13,779,chronos_base,50.0,3.0,0.012445434927940369,0.0062226951122283936,3
gjr_t,13,779,chronos_bolt,,,,,1
gjr_t,13,779,chronos_2,,,,,34
gjr_t,13,796,chronos_base,50.0,2.0,0.006131231784820557,0.006131231784820557,3
gjr_t,13,796,chronos_bolt,,,,,1
gjr_t,13,796,chronos_2,,,,,34
gjr_t,13,813,chronos_base,50.0,2.0,0.012384086847305298,0.006192028522491455,3
gjr_t,13,813,chronos_bolt,,,,,1
gjr_t,13,813,chronos_2,,,,,34
gjr_t,13,829,chronos_base,50.0,2.0,0.006233304738998413,0.006233304738998413,3
gjr_t,13,829,chronos_bolt,,,,,1
gjr_t,13,829,chronos_2,,,,,34
gjr_t,13,846,chronos_base,50.0,1.0,,0.00626567006111145,3
gjr_t,13,846,chronos_bolt,,,,,1
gjr_t,13,846,chronos_2,,,,,34
gjr_t,13,863,chronos_base,50.0,2.0,0.012627452611923218,0.006313726305961609,3
gjr_t,13,863,chronos_bolt,,,,,1
gjr_t,13,863,chronos_2,,,,,34
gjr_t,13,880,chronos_base,50.0,2.0,0.01884329319000244,0.006281077861785889,3
gjr_t,13,880,chronos_bolt,,,,,1
gjr_t,13,880,chronos_2,,,,,34
gjr_t,13,896,chronos_base,50.0,2.0,0.018577396869659424,0.006192460656166077,3
gjr_t,13,896,chronos_bolt,,,,,1
gjr_t,13,896,chronos_2,,,,,34
gjr_t,13,913,chronos_base,50.0,2.0,0.012317836284637451,0.006158918142318726,3
gjr_t,13,913,chronos_bolt,,,,,1
gjr_t,13,913,chronos_2,,,,,34
gjr_t,13,930,chronos_base,50.0,2.0,0.012233614921569824,0.006116792559623718,3
gjr_t,13,930,chronos_bolt,,,,,1
gjr_t,13,930,chronos_2,,,,,34
gjr_t,13,946,chronos_base,50.0,2.0,0.01230272650718689,0.006151333451271057,3
gjr_t,13,946,chronos_bolt,,,,,1
gjr_t,13,946,chronos_2,,,,,34
gjr_t,13,963,chronos_base,50.0,3.0,0.009217798709869385,0.006145179271697998,3
gjr_t,13,963,chronos_bolt,,,,,1
gjr_t,13,963,chronos_2,,,,,34
gjr_t,13,980,chronos_base,50.0,2.0,0.01226806640625,0.006134018301963806,3
gjr_t,13,980,chronos_bolt,,,,,1
gjr_t,13,980,chronos_2,,,,,34
gjr_t,13,997,chronos_base,50.0,2.0,0.012282788753509521,0.006141379475593567,3
gjr_t,13,997,chronos_bolt,,,,,1
gjr_t,13,997,chronos_2,,,,,34
gjr_t,13,1013,chronos_base,50.0,2.0,0.06779710948467255,0.006163366138935089,3
gjr_t,13,1013,chronos_bolt,,,,,1
gjr_t,13,1013,chronos_2,,,,,34
gjr_t,13,1030,chronos_base,50.0,2.0,0.012357980012893677,0.006178990006446838,3
gjr_t,13,1030,chronos_bolt,,,,,1
gjr_t,13,1030,chronos_2,,,,,34
gjr_t,13,1047,chronos_base,50.0,1.0,,0.006021350622177124,3
gjr_t,13,1047,chronos_bolt,,,,,1
gjr_t,13,1047,chronos_2,,,,,34
gjr_t,13,1064,chronos_base,50.0,2.0,0.011699259281158447,0.00584961473941803,3
gjr_t,13,1064,chronos_bolt,,,,,1
gjr_t,13,1064,chronos_2,,,,,34
gjr_t,13,1080,chronos_base,50.0,2.0,0.005843907594680786,0.005843907594680786,3
gjr_t,13,1080,chronos_bolt,,,,,1
gjr_t,13,1080,chronos_2,,,,,34
gjr_t,13,1097,chronos_base,50.0,3.0,0.011374056339263916,0.00568699836730957,3
gjr_t,13,1097,chronos_bolt,,,,,1
gjr_t,13,1097,chronos_2,,,,,34
gjr_t,13,1114,chronos_base,50.0,2.0,0.005659610033035278,0.005659610033035278,3
gjr_t,13,1114,chronos_bolt,,,,,1
gjr_t,13,1114,chronos_2,,,,,34
gjr_t,13,1130,chronos_base,50.0,2.0,0.0056795477867126465,0.005679532885551453,3
gjr_t,13,1130,chronos_bolt,,,,,1
gjr_t,13,1130,chronos_2,,,,,34
gjr_t,13,1147,chronos_base,50.0,2.0,0.011457890272140503,0.0057289376854896545,3
gjr_t,13,1147,chronos_bolt,,,,,1
gjr_t,13,1147,chronos_2,,,,,34
gjr_t,13,1164,chronos_base,50.0,3.0,0.0058612823486328125,0.005861274898052216,3
gjr_t,13,1164,chronos_bolt,,,,,1
gjr_t,13,1164,chronos_2,,,,,34
gjr_t,13,1181,chronos_base,50.0,2.0,0.005848675966262817,0.00584864616394043,3
gjr_t,13,1181,chronos_bolt,,,,,1
gjr_t,13,1181,chronos_2,,,,,34
gjr_t,13,1197,chronos_base,50.0,2.0,0.006012022495269775,0.006011962890625,3
gjr_t,13,1197,chronos_bolt,,,,,1
gjr_t,13,1197,chronos_2,,,,,34
gjr_t,13,1214,chronos_base,50.0,2.0,0.00619274377822876,0.00619274377822876,3
gjr_t,13,1214,chronos_bolt,,,,,1
gjr_t,13,1214,chronos_2,,,,,34
gjr_t,13,1231,chronos_base,50.0,2.0,0.03717678785324097,0.006196111440658569,3
gjr_t,13,1231,chronos_bolt,,,,,1
gjr_t,13,1231,chronos_2,,,,,34
gjr_t,13,1248,chronos_base,50.0,3.0,0.006090417504310608,0.006090402603149414,3
gjr_t,13,1248,chronos_bolt,,,,,1
gjr_t,13,1248,chronos_2,,,,,34
gjr_t,13,1264,chronos_base,50.0,3.0,0.011952102184295654,0.005976036190986633,3
gjr_t,13,1264,chronos_bolt,,,,,1
gjr_t,13,1264,chronos_2,,,,,34
gjr_t,13,1281,chronos_base,50.0,2.0,0.011879831552505493,0.005939900875091553,3
gjr_t,13,1281,chronos_bolt,,,,,1
gjr_t,13,1281,chronos_2,,,,,34
gjr_t,13,1298,chronos_base,50.0,2.0,0.011882483959197998,0.005941212177276611,3
gjr_t,13,1298,chronos_bolt,,,,,1
gjr_t,13,1298,chronos_2,,,,,34
gjr_t,13,1314,chronos_base,50.0,2.0,0.011759787797927856,0.005879886448383331,3
gjr_t,13,1314,chronos_bolt,,,,,1
gjr_t,13,1314,chronos_2,,,,,34
gjr_t,13,1331,chronos_base,50.0,3.0,0.005873918533325195,0.005873918533325195,3
gjr_t,13,1331,chronos_bolt,,,,,1
gjr_t,13,1331,chronos_2,,,,,34
gjr_t,13,1348,chronos_base,50.0,2.0,0.005845904350280762,0.005845904350280762,3
gjr_t,13,1348,chronos_bolt,,,,,1
gjr_t,13,1348,chronos_2,,,,,34
gjr_t,13,1365,chronos_base,50.0,2.0,0.01728472113609314,0.005761563777923584,3
gjr_t,13,1365,chronos_bolt,,,,,1
gjr_t,13,1365,chronos_2,,,,,34
gjr_t,13,1381,chronos_base,50.0,2.0,0.00571836531162262,0.005718350410461426,3
gjr_t,13,1381,chronos_bolt,,,,,1
gjr_t,13,1381,chronos_2,,,,,34
gjr_t,13,1398,chronos_base,50.0,2.0,0.01140335202217102,0.005701661109924316,3
gjr_t,13,1398,chronos_bolt,,,,,1
gjr_t,13,1398,chronos_2,,,,,34
gjr_t,13,1415,chronos_base,50.0,2.0,0.011339068412780762,0.005669504404067993,3
gjr_t,13,1415,chronos_bolt,,,,,1
gjr_t,13,1415,chronos_2,,,,,34
gjr_t,13,1432,chronos_base,50.0,2.0,0.011256575584411621,0.005628272891044617,3
gjr_t,13,1432,chronos_bolt,,,,,1
gjr_t,13,1432,chronos_2,,,,,34
gjr_t,13,1448,chronos_base,50.0,2.0,0.039664849638938904,0.005666397511959076,3
gjr_t,13,1448,chronos_bolt,,,,,1
gjr_t,13,1448,chronos_2,,,,,34
gjr_t,13,1465,chronos_base,50.0,2.0,0.011274009943008423,0.005637004971504211,3
gjr_t,13,1465,chronos_bolt,,,,,1
gjr_t,13,1465,chronos_2,,,,,34
gjr_t,13,1482,chronos_base,50.0,2.0,0.011429265141487122,0.005714625120162964,3
gjr_t,13,1482,chronos_bolt,,,,,1
gjr_t,13,1482,chronos_2,,,,,34
gjr_t,13,1499,chronos_base,50.0,3.0,0.008752800524234772,0.005835190415382385,3
gjr_t,13,1499,chronos_bolt,,,,,1
gjr_t,13,1499,chronos_2,,,,,34
gjr_t,14,512,chronos_base,50.0,2.0,0.0062862783670425415,0.0062862783670425415,3
gjr_t,14,512,chronos_bolt,,,,,1
gjr_t,14,512,chronos_2,,,,,34
gjr_t,14,528,chronos_base,50.0,2.0,0.006259292364120483,0.006259262561798096,3
gjr_t,14,528,chronos_bolt,,,,,1
gjr_t,14,528,chronos_2,,,,,34
gjr_t,14,545,chronos_base,50.0,2.0,0.01267346739768982,0.006336718797683716,3
gjr_t,14,545,chronos_bolt,,,,,1
gjr_t,14,545,chronos_2,,,,,34
gjr_t,14,562,chronos_base,50.0,2.0,0.012764424085617065,0.006382197141647339,3
gjr_t,14,562,chronos_bolt,,,,,1
gjr_t,14,562,chronos_2,,,,,34
gjr_t,14,578,chronos_base,50.0,2.0,0.0063627660274505615,0.00636272132396698,3
gjr_t,14,578,chronos_bolt,,,,,1
gjr_t,14,578,chronos_2,,,,,34
gjr_t,14,595,chronos_base,50.0,2.0,0.006275087594985962,0.006275057792663574,3
gjr_t,14,595,chronos_bolt,,,,,1
gjr_t,14,595,chronos_2,,,,,34
gjr_t,14,612,chronos_base,50.0,2.0,0.006345510482788086,0.006345510482788086,3
gjr_t,14,612,chronos_bolt,,,,,1
gjr_t,14,612,chronos_2,,,,,34
gjr_t,14,629,chronos_base,50.0,3.0,0.009543851017951965,0.006362557411193848,3
gjr_t,14,629,chronos_bolt,,,,,1
gjr_t,14,629,chronos_2,,,,,34
gjr_t,14,645,chronos_base,50.0,2.0,0.01269453763961792,0.00634726881980896,3
gjr_t,14,645,chronos_bolt,,,,,1
gjr_t,14,645,chronos_2,,,,,34
gjr_t,14,662,chronos_base,50.0,2.0,0.012648254632949829,0.006324112415313721,3
gjr_t,14,662,chronos_bolt,,,,,1
gjr_t,14,662,chronos_2,,,,,34
gjr_t,14,679,chronos_base,50.0,1.0,,0.006337940692901611,3
gjr_t,14,679,chronos_bolt,,,,,1
gjr_t,14,679,chronos_2,,,,,34
gjr_t,14,696,chronos_base,50.0,2.0,0.006331726908683777,0.006331712007522583,3
gjr_t,14,696,chronos_bolt,,,,,1
gjr_t,14,696,chronos_2,,,,,34
gjr_t,14,712,chronos_base,50.0,2.0,0.006396889686584473,0.006396889686584473,3
gjr_t,14,712,chronos_bolt,,,,,1
gjr_t,14,712,chronos_2,,,,,34
gjr_t,14,729,chronos_base,50.0,2.0,0.01292756199836731,0.006463766098022461,3
gjr_t,14,729,chronos_bolt,,,,,1
gjr_t,14,729,chronos_2,,,,,34
gjr_t,14,746,chronos_base,50.0,2.0,0.006463170051574707,0.006463132798671722,3
gjr_t,14,746,chronos_bolt,,,,,1
gjr_t,14,746,chronos_2,,,,,34
gjr_t,14,762,chronos_base,50.0,2.0,0.006467044353485107,0.006466984748840332,3
gjr_t,14,762,chronos_bolt,,,,,1
gjr_t,14,762,chronos_2,,,,,34
gjr_t,14,779,chronos_base,50.0,2.0,0.006391376256942749,0.006391316652297974,3
gjr_t,14,779,chronos_bolt,,,,,1
gjr_t,14,779,chronos_2,,,,,34
gjr_t,14,796,chronos_base,50.0,2.0,0.012722671031951904,0.006361320614814758,3
gjr_t,14,796,chronos_bolt,,,,,1
gjr_t,14,796,chronos_2,,,,,34
gjr_t,14,813,chronos_base,50.0,3.0,0.025002554059028625,0.006250634789466858,3
gjr_t,14,813,chronos_bolt,,,,,1
gjr_t,14,813,chronos_2,,,,,34
gjr_t,14,829,chronos_base,50.0,3.0,0.012539699673652649,0.0062698423862457275,3
gjr_t,14,829,chronos_bolt,,,,,1
gjr_t,14,829,chronos_2,,,,,34
gjr_t,14,846,chronos_base,50.0,2.0,0.006340004503726959,0.006339997053146362,3
gjr_t,14,846,chronos_bolt,,,,,1
gjr_t,14,846,chronos_2,,,,,34
gjr_t,14,863,chronos_base,50.0,1.0,,0.00633770227432251,3
gjr_t,14,863,chronos_bolt,,,,,1
gjr_t,14,863,chronos_2,,,,,34
gjr_t,14,880,chronos_base,50.0,2.0,0.03812533617019653,0.006354212760925293,3
gjr_t,14,880,chronos_bolt,,,,,1
gjr_t,14,880,chronos_2,,,,,34
gjr_t,14,896,chronos_base,50.0,2.0,0.006349682807922363,0.006349653005599976,3
gjr_t,14,896,chronos_bolt,,,,,1
gjr_t,14,896,chronos_2,,,,,34
gjr_t,14,913,chronos_base,50.0,2.0,0.012500673532485962,0.006250321865081787,3
gjr_t,14,913,chronos_bolt,,,,,1
gjr_t,14,913,chronos_2,,,,,34
gjr_t,14,930,chronos_base,50.0,3.0,0.0063299089670181274,0.00632987916469574,3
gjr_t,14,930,chronos_bolt,,,,,1
gjr_t,14,930,chronos_2,,,,,34
gjr_t,14,946,chronos_base,50.0,2.0,0.01299285888671875,0.006496414542198181,3
gjr_t,14,946,chronos_bolt,,,,,1
gjr_t,14,946,chronos_2,,,,,34
gjr_t,14,963,chronos_base,50.0,2.0,0.00656089186668396,0.00656089186668396,3
gjr_t,14,963,chronos_bolt,,,,,1
gjr_t,14,963,chronos_2,,,,,34
gjr_t,14,980,chronos_base,50.0,2.0,0.00672207772731781,0.006722062826156616,3
gjr_t,14,980,chronos_bolt,,,,,1
gjr_t,14,980,chronos_2,,,,,34
gjr_t,14,997,chronos_base,50.0,2.0,0.006799668073654175,0.006799638271331787,3
gjr_t,14,997,chronos_bolt,,,,,1
gjr_t,14,997,chronos_2,,,,,34
gjr_t,14,1013,chronos_base,50.0,2.0,0.014085337519645691,0.007042646408081055,3
gjr_t,14,1013,chronos_bolt,,,,,1
gjr_t,14,1013,chronos_2,,,,,34
gjr_t,14,1030,chronos_base,50.0,3.0,0.007257133722305298,0.007257118821144104,3
gjr_t,14,1030,chronos_bolt,,,,,1
gjr_t,14,1030,chronos_2,,,,,34
gjr_t,14,1047,chronos_base,50.0,1.0,,0.007221922278404236,3
gjr_t,14,1047,chronos_bolt,,,,,1
gjr_t,14,1047,chronos_2,,,,,34
gjr_t,14,1064,chronos_base,50.0,2.0,0.049761414527893066,0.007108762860298157,3
gjr_t,14,1064,chronos_bolt,,,,,1
gjr_t,14,1064,chronos_2,,,,,34
gjr_t,14,1080,chronos_base,50.0,2.0,0.01433485746383667,0.007167398929595947,3
gjr_t,14,1080,chronos_bolt,,,,,1
gjr_t,14,1080,chronos_2,,,,,34
gjr_t,14,1097,chronos_base,50.0,2.0,0.007168963551521301,0.007168948650360107,3
gjr_t,14,1097,chronos_bolt,,,,,1
gjr_t,14,1097,chronos_2,,,,,34
gjr_t,14,1114,chronos_base,50.0,2.0,0.04260358214378357,0.007100582122802734,3
gjr_t,14,1114,chronos_bolt,,,,,1
gjr_t,14,1114,chronos_2,,,,,34
gjr_t,14,1130,chronos_base,50.0,2.0,0.014033973217010498,0.007016971707344055,3
gjr_t,14,1130,chronos_bolt,,,,,1
gjr_t,14,1130,chronos_2,,,,,34
gjr_t,14,1147,chronos_base,50.0,2.0,0.006878182291984558,0.006878167390823364,3
gjr_t,14,1147,chronos_bolt,,,,,1
gjr_t,14,1147,chronos_2,,,,,34
gjr_t,14,1164,chronos_base,50.0,3.0,0.03466961532831192,0.006933912634849548,3
gjr_t,14,1164,chronos_bolt,,,,,1
gjr_t,14,1164,chronos_2,,,,,34
gjr_t,14,1181,chronos_base,50.0,2.0,0.013725996017456055,0.006862979382276535,3
gjr_t,14,1181,chronos_bolt,,,,,1
gjr_t,14,1181,chronos_2,,,,,34
gjr_t,14,1197,chronos_base,50.0,2.0,0.04810744524002075,0.0068724751472473145,3
gjr_t,14,1197,chronos_bolt,,,,,1
gjr_t,14,1197,chronos_2,,,,,34
gjr_t,14,1214,chronos_base,50.0,2.0,0.006917208433151245,0.006917208433151245,3
gjr_t,14,1214,chronos_bolt,,,,,1
gjr_t,14,1214,chronos_2,,,,,34
gjr_t,14,1231,chronos_base,50.0,2.0,0.0137290358543396,0.0068645179271698,3
gjr_t,14,1231,chronos_bolt,,,,,1
gjr_t,14,1231,chronos_2,,,,,34
gjr_t,14,1248,chronos_base,50.0,2.0,0.006799757480621338,0.00679972767829895,3
gjr_t,14,1248,chronos_bolt,,,,,1
gjr_t,14,1248,chronos_2,,,,,34
gjr_t,14,1264,chronos_base,50.0,3.0,0.03477722406387329,0.006955429911613464,3
gjr_t,14,1264,chronos_bolt,,,,,1
gjr_t,14,1264,chronos_2,,,,,34
gjr_t,14,1281,chronos_base,50.0,2.0,0.00698833167552948,0.006988301873207092,3
gjr_t,14,1281,chronos_bolt,,,,,1
gjr_t,14,1281,chronos_2,,,,,34
gjr_t,14,1298,chronos_base,50.0,2.0,0.00691533088684082,0.006915301084518433,3
gjr_t,14,1298,chronos_bolt,,,,,1
gjr_t,14,1298,chronos_2,,,,,34
gjr_t,14,1314,chronos_base,50.0,2.0,0.041517049074172974,0.006919503211975098,3
gjr_t,14,1314,chronos_bolt,,,,,1
gjr_t,14,1314,chronos_2,,,,,34
gjr_t,14,1331,chronos_base,50.0,2.0,0.006879031658172607,0.006879031658172607,3
gjr_t,14,1331,chronos_bolt,,,,,1
gjr_t,14,1331,chronos_2,,,,,34
gjr_t,14,1348,chronos_base,50.0,2.0,0.03372277319431305,0.006744548678398132,3
gjr_t,14,1348,chronos_bolt,,,,,1
gjr_t,14,1348,chronos_2,,,,,34
gjr_t,14,1365,chronos_base,50.0,2.0,0.006772875785827637,0.006772845983505249,3
gjr_t,14,1365,chronos_bolt,,,,,1
gjr_t,14,1365,chronos_2,,,,,34
gjr_t,14,1381,chronos_base,50.0,2.0,0.006879150867462158,0.006879150867462158,3
gjr_t,14,1381,chronos_bolt,,,,,1
gjr_t,14,1381,chronos_2,,,,,34
gjr_t,14,1398,chronos_base,50.0,2.0,0.01390981674194336,0.006954878568649292,3
gjr_t,14,1398,chronos_bolt,,,,,1
gjr_t,14,1398,chronos_2,,,,,34
gjr_t,14,1415,chronos_base,50.0,3.0,0.03130461275577545,0.006956562399864197,3
gjr_t,14,1415,chronos_bolt,,,,,1
gjr_t,14,1415,chronos_2,,,,,34
gjr_t,14,1432,chronos_base,50.0,2.0,0.007089167833328247,0.007089138031005859,3
gjr_t,14,1432,chronos_bolt,,,,,1
gjr_t,14,1432,chronos_2,,,,,34
gjr_t,14,1448,chronos_base,50.0,2.0,0.05075773596763611,0.007251083850860596,3
gjr_t,14,1448,chronos_bolt,,,,,1
gjr_t,14,1448,chronos_2,,,,,34
gjr_t,14,1465,chronos_base,50.0,2.0,0.014218777418136597,0.0071093738079071045,3
gjr_t,14,1465,chronos_bolt,,,,,1
gjr_t,14,1465,chronos_2,,,,,34
gjr_t,14,1482,chronos_base,50.0,2.0,0.007039397954940796,0.0070393383502960205,3
gjr_t,14,1482,chronos_bolt,,,,,1
gjr_t,14,1482,chronos_2,,,,,34
gjr_t,14,1499,chronos_base,50.0,2.0,0.00681990385055542,0.006819888949394226,3
gjr_t,14,1499,chronos_bolt,,,,,1
gjr_t,14,1499,chronos_2,,,,,34
gjr_t,15,512,chronos_base,50.0,2.0,0.014519274234771729,0.00725962221622467,3
gjr_t,15,512,chronos_bolt,,,,,1
gjr_t,15,512,chronos_2,,,,,34
gjr_t,15,528,chronos_base,50.0,2.0,0.014611035585403442,0.007305502891540527,3
gjr_t,15,528,chronos_bolt,,,,,1
gjr_t,15,528,chronos_2,,,,,34
gjr_t,15,545,chronos_base,50.0,2.0,0.014309853315353394,0.007154911756515503,3
gjr_t,15,545,chronos_bolt,,,,,1
gjr_t,15,545,chronos_2,,,,,34
gjr_t,15,562,chronos_base,50.0,2.0,0.007138386368751526,0.007138371467590332,3
gjr_t,15,562,chronos_bolt,,,,,1
gjr_t,15,562,chronos_2,,,,,34
gjr_t,15,578,chronos_base,50.0,2.0,0.007083624601364136,0.007083594799041748,3
gjr_t,15,578,chronos_bolt,,,,,1
gjr_t,15,578,chronos_2,,,,,34
gjr_t,15,595,chronos_base,50.0,2.0,0.01422467827796936,0.007112324237823486,3
gjr_t,15,595,chronos_bolt,,,,,1
gjr_t,15,595,chronos_2,,,,,34
gjr_t,15,612,chronos_base,50.0,2.0,0.007174938917160034,0.0071749091148376465,3
gjr_t,15,612,chronos_bolt,,,,,1
gjr_t,15,612,chronos_2,,,,,34
gjr_t,15,629,chronos_base,50.0,2.0,0.014211148023605347,0.0071055591106414795,3
gjr_t,15,629,chronos_bolt,,,,,1
gjr_t,15,629,chronos_2,,,,,34
gjr_t,15,645,chronos_base,50.0,2.0,0.021430611610412598,0.007143527269363403,3
gjr_t,15,645,chronos_bolt,,,,,1
gjr_t,15,645,chronos_2,,,,,34
gjr_t,15,662,chronos_base,50.0,2.0,0.007335573434829712,0.007335543632507324,3
gjr_t,15,662,chronos_bolt,,,,,1
gjr_t,15,662,chronos_2,,,,,34
gjr_t,15,679,chronos_base,50.0,2.0,0.01506894826889038,0.007534444332122803,3
gjr_t,15,679,chronos_bolt,,,,,1
gjr_t,15,679,chronos_2,,,,,34
gjr_t,15,696,chronos_base,50.0,2.0,0.014832556247711182,0.007416248321533203,3
gjr_t,15,696,chronos_bolt,,,,,1
gjr_t,15,696,chronos_2,,,,,34
gjr_t,15,712,chronos_base,50.0,2.0,0.014854967594146729,0.0074274539947509766,3
gjr_t,15,712,chronos_bolt,,,,,1
gjr_t,15,712,chronos_2,,,,,34
gjr_t,15,729,chronos_base,50.0,2.0,0.0074748992919921875,0.007474839687347412,3
gjr_t,15,729,chronos_bolt,,,,,1
gjr_t,15,729,chronos_2,,,,,34
gjr_t,15,746,chronos_base,50.0,2.0,0.007513254880905151,0.007513195276260376,3
gjr_t,15,746,chronos_bolt,,,,,1
gjr_t,15,746,chronos_2,,,,,34
gjr_t,15,762,chronos_base,50.0,2.0,0.02253878116607666,0.007512897253036499,3
gjr_t,15,762,chronos_bolt,,,,,1
gjr_t,15,762,chronos_2,,,,,34
gjr_t,15,779,chronos_base,50.0,3.0,0.015074238181114197,0.007537096738815308,3
gjr_t,15,779,chronos_bolt,,,,,1
gjr_t,15,779,chronos_2,,,,,34
gjr_t,15,796,chronos_base,50.0,2.0,0.007290840148925781,0.0072908103466033936,3
gjr_t,15,796,chronos_bolt,,,,,1
gjr_t,15,796,chronos_2,,,,,34
gjr_t,15,813,chronos_base,50.0,2.0,0.014543682336807251,0.007271826267242432,3
gjr_t,15,813,chronos_bolt,,,,,1
gjr_t,15,813,chronos_2,,,,,34
gjr_t,15,829,chronos_base,50.0,2.0,0.02174893021583557,0.007249623537063599,3
gjr_t,15,829,chronos_bolt,,,,,1
gjr_t,15,829,chronos_2,,,,,34
gjr_t,15,846,chronos_base,50.0,2.0,0.00714874267578125,0.00714874267578125,3
gjr_t,15,846,chronos_bolt,,,,,1
gjr_t,15,846,chronos_2,,,,,34
gjr_t,15,863,chronos_base,50.0,2.0,0.007072865962982178,0.00707283616065979,3
gjr_t,15,863,chronos_bolt,,,,,1
gjr_t,15,863,chronos_2,,,,,34
gjr_t,15,880,chronos_base,50.0,2.0,0.014099225401878357,0.0070496052503585815,3
gjr_t,15,880,chronos_bolt,,,,,1
gjr_t,15,880,chronos_2,,,,,34
gjr_t,15,896,chronos_base,50.0,2.0,0.014349758625030518,0.007174849510192871,3
gjr_t,15,896,chronos_bolt,,,,,1
gjr_t,15,896,chronos_2,,,,,34
gjr_t,15,913,chronos_base,50.0,2.0,0.014534592628479004,0.007267266511917114,3
gjr_t,15,913,chronos_bolt,,,,,1
gjr_t,15,913,chronos_2,,,,,34
gjr_t,15,930,chronos_base,50.0,2.0,0.03044992685317993,0.007612466812133789,3
gjr_t,15,930,chronos_bolt,,,,,1
gjr_t,15,930,chronos_2,,,,,34
gjr_t,15,946,chronos_base,50.0,2.0,0.015519291162490845,0.0077596306800842285,3
gjr_t,15,946,chronos_bolt,,,,,1
gjr_t,15,946,chronos_2,,,,,34
gjr_t,15,963,chronos_base,50.0,3.0,0.00788252055644989,0.007882505655288696,3
gjr_t,15,963,chronos_bolt,,,,,1
gjr_t,15,963,chronos_2,,,,,34
gjr_t,15,980,chronos_base,50.0,2.0,0.01556408405303955,0.007782012224197388,3
gjr_t,15,980,chronos_bolt,,,,,1
gjr_t,15,980,chronos_2,,,,,34
gjr_t,15,997,chronos_base,50.0,2.0,0.04586684703826904,0.00764445960521698,3
gjr_t,15,997,chronos_bolt,,,,,1
gjr_t,15,997,chronos_2,,,,,34
gjr_t,15,1013,chronos_base,50.0,2.0,0.03683963418006897,0.007367908954620361,3
gjr_t,15,1013,chronos_bolt,,,,,1
gjr_t,15,1013,chronos_2,,,,,34
gjr_t,15,1030,chronos_base,50.0,3.0,0.02895328402519226,0.007238313555717468,3
gjr_t,15,1030,chronos_bolt,,,,,1
gjr_t,15,1030,chronos_2,,,,,34
gjr_t,15,1047,chronos_base,50.0,2.0,0.06357020139694214,0.007063344120979309,3
gjr_t,15,1047,chronos_bolt,,,,,1
gjr_t,15,1047,chronos_2,,,,,34
gjr_t,15,1064,chronos_base,50.0,1.0,,0.007056474685668945,3
gjr_t,15,1064,chronos_bolt,,,,,1
gjr_t,15,1064,chronos_2,,,,,34
gjr_t,15,1080,chronos_base,50.0,2.0,0.007076844573020935,0.007076829671859741,3
gjr_t,15,1080,chronos_bolt,,,,,1
gjr_t,15,1080,chronos_2,,,,,34
gjr_t,15,1097,chronos_base,50.0,3.0,0.007122039794921875,0.007122009992599487,3
gjr_t,15,1097,chronos_bolt,,,,,1
gjr_t,15,1097,chronos_2,,,,,34
gjr_t,15,1114,chronos_base,50.0,1.0,,0.007062941789627075,3
gjr_t,15,1114,chronos_bolt,,,,,1
gjr_t,15,1114,chronos_2,,,,,34
gjr_t,15,1130,chronos_base,50.0,3.0,0.01741062104701996,0.006964236497879028,3
gjr_t,15,1130,chronos_bolt,,,,,1
gjr_t,15,1130,chronos_2,,,,,34
gjr_t,15,1147,chronos_base,50.0,2.0,0.006865411996841431,0.006865411996841431,3
gjr_t,15,1147,chronos_bolt,,,,,1
gjr_t,15,1147,chronos_2,,,,,34
gjr_t,15,1164,chronos_base,50.0,2.0,0.006720781326293945,0.006720736622810364,3
gjr_t,15,1164,chronos_bolt,,,,,1
gjr_t,15,1164,chronos_2,,,,,34
gjr_t,15,1181,chronos_base,50.0,2.0,0.0065995752811431885,0.0065995752811431885,3
gjr_t,15,1181,chronos_bolt,,,,,1
gjr_t,15,1181,chronos_2,,,,,34
gjr_t,15,1197,chronos_base,50.0,2.0,0.006681293249130249,0.006681278347969055,3
gjr_t,15,1197,chronos_bolt,,,,,1
gjr_t,15,1197,chronos_2,,,,,34
gjr_t,15,1214,chronos_base,50.0,2.0,0.006760925054550171,0.006760880351066589,3
gjr_t,15,1214,chronos_bolt,,,,,1
gjr_t,15,1214,chronos_2,,,,,34
gjr_t,15,1231,chronos_base,50.0,2.0,0.013694673776626587,0.0068473368883132935,3
gjr_t,15,1231,chronos_bolt,,,,,1
gjr_t,15,1231,chronos_2,,,,,34
gjr_t,15,1248,chronos_base,50.0,3.0,0.006855010986328125,0.006854981184005737,3
gjr_t,15,1248,chronos_bolt,,,,,1
gjr_t,15,1248,chronos_2,,,,,34
gjr_t,15,1264,chronos_base,50.0,2.0,0.006895482540130615,0.0068954527378082275,3
gjr_t,15,1264,chronos_bolt,,,,,1
gjr_t,15,1264,chronos_2,,,,,34
gjr_t,15,1281,chronos_base,50.0,2.0,0.013678520917892456,0.006839245557785034,3
gjr_t,15,1281,chronos_bolt,,,,,1
gjr_t,15,1281,chronos_2,,,,,34
gjr_t,15,1298,chronos_base,50.0,2.0,0.0069152116775512695,0.006915196776390076,3
gjr_t,15,1298,chronos_bolt,,,,,1
gjr_t,15,1298,chronos_2,,,,,34
gjr_t,15,1314,chronos_base,50.0,3.0,0.0070608556270599365,0.007060840725898743,3
gjr_t,15,1314,chronos_bolt,,,,,1
gjr_t,15,1314,chronos_2,,,,,34
gjr_t,15,1331,chronos_base,50.0,2.0,0.013951510190963745,0.006975740194320679,3
gjr_t,15,1331,chronos_bolt,,,,,1
gjr_t,15,1331,chronos_2,,,,,34
gjr_t,15,1348,chronos_base,50.0,2.0,0.006999760866165161,0.0069997310638427734,3
gjr_t,15,1348,chronos_bolt,,,,,1
gjr_t,15,1348,chronos_2,,,,,34
gjr_t,15,1365,chronos_base,50.0,2.0,0.021159976720809937,0.00705331563949585,3
gjr_t,15,1365,chronos_bolt,,,,,1
gjr_t,15,1365,chronos_2,,,,,34
gjr_t,15,1381,chronos_base,50.0,2.0,0.014265239238739014,0.007132619619369507,3
gjr_t,15,1381,chronos_bolt,,,,,1
gjr_t,15,1381,chronos_2,,,,,34
gjr_t,15,1398,chronos_base,50.0,2.0,0.007193118333816528,0.007193073630332947,3
gjr_t,15,1398,chronos_bolt,,,,,1
gjr_t,15,1398,chronos_2,,,,,34
gjr_t,15,1415,chronos_base,50.0,2.0,0.007195144891738892,0.007195115089416504,3
gjr_t,15,1415,chronos_bolt,,,,,1
gjr_t,15,1415,chronos_2,,,,,34
gjr_t,15,1432,chronos_base,50.0,2.0,0.007027745246887207,0.007027685642242432,3
gjr_t,15,1432,chronos_bolt,,,,,1
gjr_t,15,1432,chronos_2,,,,,34
gjr_t,15,1448,chronos_base,50.0,3.0,0.016355395317077637,0.0065421462059021,3
gjr_t,15,1448,chronos_bolt,,,,,1
gjr_t,15,1448,chronos_2,,,,,34
gjr_t,15,1465,chronos_base,50.0,2.0,0.006402164697647095,0.006402134895324707,3
gjr_t,15,1465,chronos_bolt,,,,,1
gjr_t,15,1465,chronos_2,,,,,34
gjr_t,15,1482,chronos_base,50.0,3.0,0.01279500126838684,0.0063974857330322266,3
gjr_t,15,1482,chronos_bolt,,,,,1
gjr_t,15,1482,chronos_2,,,,,34
gjr_t,15,1499,chronos_base,50.0,2.0,0.006465166807174683,0.006465166807174683,3
gjr_t,15,1499,chronos_bolt,,,,,1
gjr_t,15,1499,chronos_2,,,,,34
gjr_t,16,512,chronos_base,50.0,2.0,0.015531033277511597,0.0077655017375946045,3
gjr_t,16,512,chronos_bolt,,,,,1
gjr_t,16,512,chronos_2,,,,,34
gjr_t,16,528,chronos_base,50.0,3.0,0.022992655634880066,0.007664203643798828,3
gjr_t,16,528,chronos_bolt,,,,,1
gjr_t,16,528,chronos_2,,,,,34
gjr_t,16,545,chronos_base,50.0,3.0,0.022167503833770752,0.007389158010482788,3
gjr_t,16,545,chronos_bolt,,,,,1
gjr_t,16,545,chronos_2,,,,,34
gjr_t,16,562,chronos_base,50.0,3.0,0.007222384214401245,0.007222354412078857,3
gjr_t,16,562,chronos_bolt,,,,,1
gjr_t,16,562,chronos_2,,,,,34
gjr_t,16,578,chronos_base,50.0,2.0,0.014436662197113037,0.007218301296234131,3
gjr_t,16,578,chronos_bolt,,,,,1
gjr_t,16,578,chronos_2,,,,,34
gjr_t,16,595,chronos_base,50.0,2.0,0.014533579349517822,0.007266789674758911,3
gjr_t,16,595,chronos_bolt,,,,,1
gjr_t,16,595,chronos_2,,,,,34
gjr_t,16,612,chronos_base,50.0,2.0,0.007433712482452393,0.007433667778968811,3
gjr_t,16,612,chronos_bolt,,,,,1
gjr_t,16,612,chronos_2,,,,,34
gjr_t,16,629,chronos_base,50.0,2.0,0.015281140804290771,0.007640540599822998,3
gjr_t,16,629,chronos_bolt,,,,,1
gjr_t,16,629,chronos_2,,,,,34
gjr_t,16,645,chronos_base,50.0,2.0,0.007575660943984985,0.0075756460428237915,3
gjr_t,16,645,chronos_bolt,,,,,1
gjr_t,16,645,chronos_2,,,,,34
gjr_t,16,662,chronos_base,50.0,2.0,0.01498347520828247,0.007491707801818848,3
gjr_t,16,662,chronos_bolt,,,,,1
gjr_t,16,662,chronos_2,,,,,34
gjr_t,16,679,chronos_base,50.0,2.0,0.007335543632507324,0.0073355138301849365,3
gjr_t,16,679,chronos_bolt,,,,,1
gjr_t,16,679,chronos_2,,,,,34
gjr_t,16,696,chronos_base,50.0,1.0,,0.007263898849487305,3
gjr_t,16,696,chronos_bolt,,,,,1
gjr_t,16,696,chronos_2,,,,,34
gjr_t,16,712,chronos_base,50.0,2.0,0.00721624493598938,0.007216230034828186,3
gjr_t,16,712,chronos_bolt,,,,,1
gjr_t,16,712,chronos_2,,,,,34
gjr_t,16,729,chronos_base,50.0,3.0,0.020762726664543152,0.006920903921127319,3
gjr_t,16,729,chronos_bolt,,,,,1
gjr_t,16,729,chronos_2,,,,,34
gjr_t,16,746,chronos_base,50.0,2.0,0.006771206855773926,0.006771177053451538,3
gjr_t,16,746,chronos_bolt,,,,,1
gjr_t,16,746,chronos_2,,,,,34
gjr_t,16,762,chronos_base,50.0,2.0,0.006759375333786011,0.006759345531463623,3
gjr_t,16,762,chronos_bolt,,,,,1
gjr_t,16,762,chronos_2,,,,,34
gjr_t,16,779,chronos_base,50.0,3.0,0.0134686678647995,0.006734311580657959,3
gjr_t,16,779,chronos_bolt,,,,,1
gjr_t,16,779,chronos_2,,,,,34
gjr_t,16,796,chronos_base,50.0,2.0,0.0067802369594573975,0.006780177354812622,3
gjr_t,16,796,chronos_bolt,,,,,1
gjr_t,16,796,chronos_2,,,,,34
gjr_t,16,813,chronos_base,50.0,2.0,0.013473600149154663,0.006736770272254944,3
gjr_t,16,813,chronos_bolt,,,,,1
gjr_t,16,813,chronos_2,,,,,34
gjr_t,16,829,chronos_base,50.0,2.0,0.013544708490371704,0.006772339344024658,3
gjr_t,16,829,chronos_bolt,,,,,1
gjr_t,16,829,chronos_2,,,,,34
gjr_t,16,846,chronos_base,50.0,2.0,0.013614416122436523,0.006807178258895874,3
gjr_t,16,846,chronos_bolt,,,,,1
gjr_t,16,846,chronos_2,,,,,34
gjr_t,16,863,chronos_base,50.0,2.0,0.047825783491134644,0.006832242012023926,3
gjr_t,16,863,chronos_bolt,,,,,1
gjr_t,16,863,chronos_2,,,,,34
gjr_t,16,880,chronos_base,50.0,2.0,0.014188587665557861,0.007094293832778931,3
gjr_t,16,880,chronos_bolt,,,,,1
gjr_t,16,880,chronos_2,,,,,34
gjr_t,16,896,chronos_base,50.0,2.0,0.014771535992622375,0.007385730743408203,3
gjr_t,16,896,chronos_bolt,,,,,1
gjr_t,16,896,chronos_2,,,,,34
gjr_t,16,913,chronos_base,50.0,2.0,0.015064269304275513,0.0075321197509765625,3
gjr_t,16,913,chronos_bolt,,,,,1
gjr_t,16,913,chronos_2,,,,,34
gjr_t,16,930,chronos_base,50.0,2.0,0.00775068998336792,0.00775068998336792,3
gjr_t,16,930,chronos_bolt,,,,,1
gjr_t,16,930,chronos_2,,,,,34
gjr_t,16,946,chronos_base,50.0,2.0,0.016116201877593994,0.00805807113647461,3
gjr_t,16,946,chronos_bolt,,,,,1
gjr_t,16,946,chronos_2,,,,,34
gjr_t,16,963,chronos_base,50.0,1.0,,0.008137106895446777,3
gjr_t,16,963,chronos_bolt,,,,,1
gjr_t,16,963,chronos_2,,,,,34
gjr_t,16,980,chronos_base,50.0,3.0,0.007940590381622314,0.007940560579299927,3
gjr_t,16,980,chronos_bolt,,,,,1
gjr_t,16,980,chronos_2,,,,,34
gjr_t,16,997,chronos_base,50.0,2.0,0.03938770294189453,0.007877528667449951,3
gjr_t,16,997,chronos_bolt,,,,,1
gjr_t,16,997,chronos_2,,,,,34
gjr_t,16,1013,chronos_base,50.0,3.0,0.023525118827819824,0.007841691374778748,3
gjr_t,16,1013,chronos_bolt,,,,,1
gjr_t,16,1013,chronos_2,,,,,34
gjr_t,16,1030,chronos_base,50.0,2.0,0.054678380489349365,0.007811188697814941,3
gjr_t,16,1030,chronos_bolt,,,,,1
gjr_t,16,1030,chronos_2,,,,,34
gjr_t,16,1047,chronos_base,50.0,2.0,0.04677838087081909,0.007796391844749451,3
gjr_t,16,1047,chronos_bolt,,,,,1
gjr_t,16,1047,chronos_2,,,,,34
gjr_t,16,1064,chronos_base,50.0,2.0,0.00784379243850708,0.007843762636184692,3
gjr_t,16,1064,chronos_bolt,,,,,1
gjr_t,16,1064,chronos_2,,,,,34
gjr_t,16,1080,chronos_base,50.0,3.0,0.01562219113111496,0.0078110843896865845,3
gjr_t,16,1080,chronos_bolt,,,,,1
gjr_t,16,1080,chronos_2,,,,,34
gjr_t,16,1097,chronos_base,50.0,2.0,0.01565653085708618,0.007828235626220703,3
gjr_t,16,1097,chronos_bolt,,,,,1
gjr_t,16,1097,chronos_2,,,,,34
gjr_t,16,1114,chronos_base,50.0,2.0,0.007795244455337524,0.007795184850692749,3
gjr_t,16,1114,chronos_bolt,,,,,1
gjr_t,16,1114,chronos_2,,,,,34
gjr_t,16,1130,chronos_base,50.0,2.0,0.045775800943374634,0.007629275321960449,3
gjr_t,16,1130,chronos_bolt,,,,,1
gjr_t,16,1130,chronos_2,,,,,34
gjr_t,16,1147,chronos_base,50.0,3.0,0.04104733467102051,0.007463127374649048,3
gjr_t,16,1147,chronos_bolt,,,,,1
gjr_t,16,1147,chronos_2,,,,,34
gjr_t,16,1164,chronos_base,50.0,2.0,0.029312625527381897,0.007328152656555176,3
gjr_t,16,1164,chronos_bolt,,,,,1
gjr_t,16,1164,chronos_2,,,,,34
gjr_t,16,1181,chronos_base,50.0,2.0,0.007367182523012161,0.007367163896560669,3
gjr_t,16,1181,chronos_bolt,,,,,1
gjr_t,16,1181,chronos_2,,,,,34
gjr_t,16,1197,chronos_base,50.0,2.0,0.014855384826660156,0.007427692413330078,3
gjr_t,16,1197,chronos_bolt,,,,,1
gjr_t,16,1197,chronos_2,,,,,34
gjr_t,16,1214,chronos_base,50.0,2.0,0.01490563154220581,0.007452815771102905,3
gjr_t,16,1214,chronos_bolt,,,,,1
gjr_t,16,1214,chronos_2,,,,,34
gjr_t,16,1231,chronos_base,50.0,2.0,0.007456690073013306,0.007456660270690918,3
gjr_t,16,1231,chronos_bolt,,,,,1
gjr_t,16,1231,chronos_2,,,,,34
gjr_t,16,1248,chronos_base,50.0,2.0,0.007421955466270447,0.007421925663948059,3
gjr_t,16,1248,chronos_bolt,,,,,1
gjr_t,16,1248,chronos_2,,,,,34
gjr_t,16,1264,chronos_base,50.0,2.0,0.014762789011001587,0.0073813945055007935,3
gjr_t,16,1264,chronos_bolt,,,,,1
gjr_t,16,1264,chronos_2,,,,,34
gjr_t,16,1281,chronos_base,50.0,2.0,0.007426023483276367,0.0074259936809539795,3
gjr_t,16,1281,chronos_bolt,,,,,1
gjr_t,16,1281,chronos_2,,,,,34
gjr_t,16,1298,chronos_base,50.0,2.0,0.007489440031349659,0.007489413022994995,3
gjr_t,16,1298,chronos_bolt,,,,,1
gjr_t,16,1298,chronos_2,,,,,34
gjr_t,16,1314,chronos_base,50.0,2.0,0.007498353719711304,0.007498323917388916,3
gjr_t,16,1314,chronos_bolt,,,,,1
gjr_t,16,1314,chronos_2,,,,,34
gjr_t,16,1331,chronos_base,50.0,2.0,0.007348567247390747,0.007348544895648956,3
gjr_t,16,1331,chronos_bolt,,,,,1
gjr_t,16,1331,chronos_2,,,,,34
gjr_t,16,1348,chronos_base,50.0,2.0,0.007280483841896057,0.007280483841896057,3
gjr_t,16,1348,chronos_bolt,,,,,1
gjr_t,16,1348,chronos_2,,,,,34
gjr_t,16,1365,chronos_base,50.0,2.0,0.007223993539810181,0.007223993539810181,3
gjr_t,16,1365,chronos_bolt,,,,,1
gjr_t,16,1365,chronos_2,,,,,34
gjr_t,16,1381,chronos_base,50.0,2.0,0.007187590003013611,0.007187560200691223,3
gjr_t,16,1381,chronos_bolt,,,,,1
gjr_t,16,1381,chronos_2,,,,,34
gjr_t,16,1398,chronos_base,50.0,2.0,0.006791353225708008,0.006791345775127411,3
gjr_t,16,1398,chronos_bolt,,,,,1
gjr_t,16,1398,chronos_2,,,,,34
gjr_t,16,1415,chronos_base,50.0,2.0,0.013046056032180786,0.006523013114929199,3
gjr_t,16,1415,chronos_bolt,,,,,1
gjr_t,16,1415,chronos_2,,,,,34
gjr_t,16,1432,chronos_base,50.0,2.0,0.006353989243507385,0.006353989243507385,3
gjr_t,16,1432,chronos_bolt,,,,,1
gjr_t,16,1432,chronos_2,,,,,34
gjr_t,16,1448,chronos_base,50.0,2.0,0.030908659100532532,0.006181724369525909,3
gjr_t,16,1448,chronos_bolt,,,,,1
gjr_t,16,1448,chronos_2,,,,,34
gjr_t,16,1465,chronos_base,50.0,2.0,0.005992501974105835,0.005992501974105835,3
gjr_t,16,1465,chronos_bolt,,,,,1
gjr_t,16,1465,chronos_2,,,,,34
gjr_t,16,1482,chronos_base,50.0,3.0,0.008852995932102203,0.005901992321014404,3
gjr_t,16,1482,chronos_bolt,,,,,1
gjr_t,16,1482,chronos_2,,,,,34
gjr_t,16,1499,chronos_base,50.0,2.0,0.0414457768201828,0.005920812487602234,3
gjr_t,16,1499,chronos_bolt,,,,,1
gjr_t,16,1499,chronos_2,,,,,34
gjr_t,17,512,chronos_base,50.0,2.0,0.007739603519439697,0.007739543914794922,3
gjr_t,17,512,chronos_bolt,,,,,1
gjr_t,17,512,chronos_2,,,,,34
gjr_t,17,528,chronos_base,50.0,2.0,0.022114574909210205,0.0073715150356292725,3
gjr_t,17,528,chronos_bolt,,,,,1
gjr_t,17,528,chronos_2,,,,,34
gjr_t,17,545,chronos_base,50.0,2.0,0.007336407899856567,0.00733637809753418,3
gjr_t,17,545,chronos_bolt,,,,,1
gjr_t,17,545,chronos_2,,,,,34
gjr_t,17,562,chronos_base,50.0,2.0,0.014364510774612427,0.0071822404861450195,3
gjr_t,17,562,chronos_bolt,,,,,1
gjr_t,17,562,chronos_2,,,,,34
gjr_t,17,578,chronos_base,50.0,2.0,0.10201853513717651,0.007287025451660156,3
gjr_t,17,578,chronos_bolt,,,,,1
gjr_t,17,578,chronos_2,,,,,34
gjr_t,17,595,chronos_base,50.0,3.0,0.029628857970237732,0.007407188415527344,3
gjr_t,17,595,chronos_bolt,,,,,1
gjr_t,17,595,chronos_2,,,,,34
gjr_t,17,612,chronos_base,50.0,2.0,0.007414817810058594,0.007414788007736206,3
gjr_t,17,612,chronos_bolt,,,,,1
gjr_t,17,612,chronos_2,,,,,34
gjr_t,17,629,chronos_base,50.0,3.0,0.007403969764709473,0.007403954863548279,3
gjr_t,17,629,chronos_bolt,,,,,1
gjr_t,17,629,chronos_2,,,,,34
gjr_t,17,645,chronos_base,50.0,2.0,0.05157589912414551,0.007367968559265137,3
gjr_t,17,645,chronos_bolt,,,,,1
gjr_t,17,645,chronos_2,,,,,34
gjr_t,17,662,chronos_base,50.0,2.0,0.007311016321182251,0.007311016321182251,3
gjr_t,17,662,chronos_bolt,,,,,1
gjr_t,17,662,chronos_2,,,,,34
gjr_t,17,679,chronos_base,50.0,2.0,0.01472771167755127,0.007363826036453247,3
gjr_t,17,679,chronos_bolt,,,,,1
gjr_t,17,679,chronos_2,,,,,34
gjr_t,17,696,chronos_base,50.0,2.0,0.00726395845413208,0.00726395845413208,3
gjr_t,17,696,chronos_bolt,,,,,1
gjr_t,17,696,chronos_2,,,,,34
gjr_t,17,712,chronos_base,50.0,3.0,0.0071054548025131226,0.007105439901351929,3
gjr_t,17,712,chronos_bolt,,,,,1
gjr_t,17,712,chronos_2,,,,,34
gjr_t,17,729,chronos_base,50.0,1.0,,0.007061362266540527,3
gjr_t,17,729,chronos_bolt,,,,,1
gjr_t,17,729,chronos_2,,,,,34
gjr_t,17,746,chronos_base,50.0,2.0,0.007018327713012695,0.0070183128118515015,3
gjr_t,17,746,chronos_bolt,,,,,1
gjr_t,17,746,chronos_2,,,,,34
gjr_t,17,762,chronos_base,50.0,2.0,0.013833403587341309,0.006916671991348267,3
gjr_t,17,762,chronos_bolt,,,,,1
gjr_t,17,762,chronos_2,,,,,34
gjr_t,17,779,chronos_base,50.0,2.0,0.006897628307342529,0.006897628307342529,3
gjr_t,17,779,chronos_bolt,,,,,1
gjr_t,17,779,chronos_2,,,,,34
gjr_t,17,796,chronos_base,50.0,2.0,0.006974220275878906,0.0069741904735565186,3
gjr_t,17,796,chronos_bolt,,,,,1
gjr_t,17,796,chronos_2,,,,,34
gjr_t,17,813,chronos_base,50.0,2.0,0.006925642490386963,0.006925642490386963,3
gjr_t,17,813,chronos_bolt,,,,,1
gjr_t,17,813,chronos_2,,,,,34
gjr_t,17,829,chronos_base,50.0,1.0,,0.006916061043739319,3
gjr_t,17,829,chronos_bolt,,,,,1
gjr_t,17,829,chronos_2,,,,,34
gjr_t,17,846,chronos_base,50.0,2.0,0.006970405578613281,0.0069703757762908936,3
gjr_t,17,846,chronos_bolt,,,,,1
gjr_t,17,846,chronos_2,,,,,34
gjr_t,17,863,chronos_base,50.0,2.0,0.007027953863143921,0.007027924060821533,3
gjr_t,17,863,chronos_bolt,,,,,1
gjr_t,17,863,chronos_2,,,,,34
gjr_t,17,880,chronos_base,50.0,2.0,0.021908998489379883,0.007302999496459961,3
gjr_t,17,880,chronos_bolt,,,,,1
gjr_t,17,880,chronos_2,,,,,34
gjr_t,17,896,chronos_base,50.0,2.0,0.007466346025466919,0.007466346025466919,3
gjr_t,17,896,chronos_bolt,,,,,1
gjr_t,17,896,chronos_2,,,,,34
gjr_t,17,913,chronos_base,50.0,2.0,0.007377803325653076,0.0073777735233306885,3
gjr_t,17,913,chronos_bolt,,,,,1
gjr_t,17,913,chronos_2,,,,,34
gjr_t,17,930,chronos_base,50.0,2.0,0.030106961727142334,0.00752672553062439,3
gjr_t,17,930,chronos_bolt,,,,,1
gjr_t,17,930,chronos_2,,,,,34
gjr_t,17,946,chronos_base,50.0,2.0,0.015163332223892212,0.007581651210784912,3
gjr_t,17,946,chronos_bolt,,,,,1
gjr_t,17,946,chronos_2,,,,,34
gjr_t,17,963,chronos_base,50.0,3.0,0.01549866795539856,0.007749319076538086,3
gjr_t,17,963,chronos_bolt,,,,,1
gjr_t,17,963,chronos_2,,,,,34
gjr_t,17,980,chronos_base,50.0,3.0,0.007811740040779114,0.00781172513961792,3
gjr_t,17,980,chronos_bolt,,,,,1
gjr_t,17,980,chronos_2,,,,,34
gjr_t,17,997,chronos_base,50.0,2.0,0.04739001393318176,0.007898300886154175,3
gjr_t,17,997,chronos_bolt,,,,,1
gjr_t,17,997,chronos_2,,,,,34
gjr_t,17,1013,chronos_base,50.0,2.0,0.007946878671646118,0.007946819067001343,3
gjr_t,17,1013,chronos_bolt,,,,,1
gjr_t,17,1013,chronos_2,,,,,34
gjr_t,17,1030,chronos_base,50.0,2.0,0.03139674663543701,0.007849156856536865,3
gjr_t,17,1030,chronos_bolt,,,,,1
gjr_t,17,1030,chronos_2,,,,,34
gjr_t,17,1047,chronos_base,50.0,2.0,0.015218660235404968,0.007609322667121887,3
gjr_t,17,1047,chronos_bolt,,,,,1
gjr_t,17,1047,chronos_2,,,,,34
gjr_t,17,1064,chronos_base,50.0,2.0,0.022364377975463867,0.007454782724380493,3
gjr_t,17,1064,chronos_bolt,,,,,1
gjr_t,17,1064,chronos_2,,,,,34
gjr_t,17,1080,chronos_base,50.0,2.0,0.007446318864822388,0.007446259260177612,3
gjr_t,17,1080,chronos_bolt,,,,,1
gjr_t,17,1080,chronos_2,,,,,34
gjr_t,17,1097,chronos_base,50.0,2.0,0.03657788038253784,0.007315546274185181,3
gjr_t,17,1097,chronos_bolt,,,,,1
gjr_t,17,1097,chronos_2,,,,,34
gjr_t,17,1114,chronos_base,50.0,2.0,0.0072419047355651855,0.007241874933242798,3
gjr_t,17,1114,chronos_bolt,,,,,1
gjr_t,17,1114,chronos_2,,,,,34
gjr_t,17,1130,chronos_base,50.0,2.0,0.014680147171020508,0.007340043783187866,3
gjr_t,17,1130,chronos_bolt,,,,,1
gjr_t,17,1130,chronos_2,,,,,34
gjr_t,17,1147,chronos_base,50.0,3.0,0.01465664803981781,0.007328301668167114,3
gjr_t,17,1147,chronos_bolt,,,,,1
gjr_t,17,1147,chronos_2,,,,,34
gjr_t,17,1164,chronos_base,50.0,2.0,0.01483413577079773,0.007417052984237671,3
gjr_t,17,1164,chronos_bolt,,,,,1
gjr_t,17,1164,chronos_2,,,,,34
gjr_t,17,1181,chronos_base,50.0,2.0,0.014910131692886353,0.007455021142959595,3
gjr_t,17,1181,chronos_bolt,,,,,1
gjr_t,17,1181,chronos_2,,,,,34
gjr_t,17,1197,chronos_base,50.0,2.0,0.007643550634384155,0.007643520832061768,3
gjr_t,17,1197,chronos_bolt,,,,,1
gjr_t,17,1197,chronos_2,,,,,34
gjr_t,17,1214,chronos_base,50.0,2.0,0.007753431797027588,0.0077533721923828125,3
gjr_t,17,1214,chronos_bolt,,,,,1
gjr_t,17,1214,chronos_2,,,,,34
gjr_t,17,1231,chronos_base,50.0,2.0,0.007931739091873169,0.007931679487228394,3
gjr_t,17,1231,chronos_bolt,,,,,1
gjr_t,17,1231,chronos_2,,,,,34
gjr_t,17,1248,chronos_base,50.0,1.0,,0.00807681679725647,3
gjr_t,17,1248,chronos_bolt,,,,,1
gjr_t,17,1248,chronos_2,,,,,34
gjr_t,17,1264,chronos_base,50.0,2.0,0.01614740490913391,0.008073687553405762,3
gjr_t,17,1264,chronos_bolt,,,,,1
gjr_t,17,1264,chronos_2,,,,,34
gjr_t,17,1281,chronos_base,50.0,2.0,0.01623871922492981,0.008119344711303711,3
gjr_t,17,1281,chronos_bolt,,,,,1
gjr_t,17,1281,chronos_2,,,,,34
gjr_t,17,1298,chronos_base,50.0,2.0,0.008134126663208008,0.00813409686088562,3
gjr_t,17,1298,chronos_bolt,,,,,1
gjr_t,17,1298,chronos_2,,,,,34
gjr_t,17,1314,chronos_base,50.0,1.0,,0.008036941289901733,3
gjr_t,17,1314,chronos_bolt,,,,,1
gjr_t,17,1314,chronos_2,,,,,34
gjr_t,17,1331,chronos_base,50.0,2.0,0.01599058508872986,0.007995277643203735,3
gjr_t,17,1331,chronos_bolt,,,,,1
gjr_t,17,1331,chronos_2,,,,,34
gjr_t,17,1348,chronos_base,50.0,2.0,0.04794248938560486,0.007990390062332153,3
gjr_t,17,1348,chronos_bolt,,,,,1
gjr_t,17,1348,chronos_2,,,,,34
gjr_t,17,1365,chronos_base,50.0,2.0,0.01589834690093994,0.007949143648147583,3
gjr_t,17,1365,chronos_bolt,,,,,1
gjr_t,17,1365,chronos_2,,,,,34
gjr_t,17,1381,chronos_base,50.0,2.0,0.015614017844200134,0.007806986570358276,3
gjr_t,17,1381,chronos_bolt,,,,,1
gjr_t,17,1381,chronos_2,,,,,34
gjr_t,17,1398,chronos_base,50.0,2.0,0.014950186014175415,0.007475078105926514,3
gjr_t,17,1398,chronos_bolt,,,,,1
gjr_t,17,1398,chronos_2,,,,,34
gjr_t,17,1415,chronos_base,50.0,2.0,0.029482364654541016,0.00737057626247406,3
gjr_t,17,1415,chronos_bolt,,,,,1
gjr_t,17,1415,chronos_2,,,,,34
gjr_t,17,1432,chronos_base,50.0,2.0,0.014406532049179077,0.007203236222267151,3
gjr_t,17,1432,chronos_bolt,,,,,1
gjr_t,17,1432,chronos_2,,,,,34
gjr_t,17,1448,chronos_base,50.0,2.0,0.006940215826034546,0.006940186023712158,3
gjr_t,17,1448,chronos_bolt,,,,,1
gjr_t,17,1448,chronos_2,,,,,34
gjr_t,17,1465,chronos_base,50.0,2.0,0.006876170635223389,0.006876170635223389,3
gjr_t,17,1465,chronos_bolt,,,,,1
gjr_t,17,1465,chronos_2,,,,,34
gjr_t,17,1482,chronos_base,50.0,2.0,0.006807595491409302,0.006807595491409302,3
gjr_t,17,1482,chronos_bolt,,,,,1
gjr_t,17,1482,chronos_2,,,,,34
gjr_t,17,1499,chronos_base,50.0,2.0,0.006839126348495483,0.006839066743850708,3
gjr_t,17,1499,chronos_bolt,,,,,1
gjr_t,17,1499,chronos_2,,,,,34
gjr_t,18,512,chronos_base,50.0,2.0,0.02363826334476471,0.007879406213760376,3
gjr_t,18,512,chronos_bolt,,,,,1
gjr_t,18,512,chronos_2,,,,,34
gjr_t,18,528,chronos_base,50.0,2.0,0.04636850953102112,0.007728070020675659,3
gjr_t,18,528,chronos_bolt,,,,,1
gjr_t,18,528,chronos_2,,,,,34
gjr_t,18,545,chronos_base,50.0,2.0,0.007669985294342041,0.007669925689697266,3
gjr_t,18,545,chronos_bolt,,,,,1
gjr_t,18,545,chronos_2,,,,,34
gjr_t,18,562,chronos_base,50.0,2.0,0.03235602378845215,0.008088946342468262,3
gjr_t,18,562,chronos_bolt,,,,,1
gjr_t,18,562,chronos_2,,,,,34
gjr_t,18,578,chronos_base,50.0,2.0,0.07711058855056763,0.00856781005859375,3
gjr_t,18,578,chronos_bolt,,,,,1
gjr_t,18,578,chronos_2,,,,,34
gjr_t,18,595,chronos_base,50.0,2.0,0.035188257694244385,0.008797049522399902,3
gjr_t,18,595,chronos_bolt,,,,,1
gjr_t,18,595,chronos_2,,,,,34
gjr_t,18,612,chronos_base,50.0,2.0,0.008739113807678223,0.008739084005355835,3
gjr_t,18,612,chronos_bolt,,,,,1
gjr_t,18,612,chronos_2,,,,,34
gjr_t,18,629,chronos_base,50.0,2.0,0.05993339419364929,0.008561909198760986,3
gjr_t,18,629,chronos_bolt,,,,,1
gjr_t,18,629,chronos_2,,,,,34
gjr_t,18,645,chronos_base,50.0,2.0,0.01720517873764038,0.008602574467658997,3
gjr_t,18,645,chronos_bolt,,,,,1
gjr_t,18,645,chronos_2,,,,,34
gjr_t,18,662,chronos_base,50.0,2.0,0.008567273616790771,0.008567273616790771,3
gjr_t,18,662,chronos_bolt,,,,,1
gjr_t,18,662,chronos_2,,,,,34
gjr_t,18,679,chronos_base,50.0,4.0,0.017118677496910095,0.00855933129787445,3
gjr_t,18,679,chronos_bolt,,,,,1
gjr_t,18,679,chronos_2,,,,,34
gjr_t,18,696,chronos_base,50.0,2.0,0.008588999509811401,0.008588999509811401,3
gjr_t,18,696,chronos_bolt,,,,,1
gjr_t,18,696,chronos_2,,,,,34
gjr_t,18,712,chronos_base,50.0,2.0,0.008529126644134521,0.008529067039489746,3
gjr_t,18,712,chronos_bolt,,,,,1
gjr_t,18,712,chronos_2,,,,,34
gjr_t,18,729,chronos_base,50.0,2.0,0.025749027729034424,0.008583009243011475,3
gjr_t,18,729,chronos_bolt,,,,,1
gjr_t,18,729,chronos_2,,,,,34
gjr_t,18,746,chronos_base,50.0,2.0,0.016958951950073242,0.008479446172714233,3
gjr_t,18,746,chronos_bolt,,,,,1
gjr_t,18,746,chronos_2,,,,,34
gjr_t,18,762,chronos_base,50.0,2.0,0.00838741660118103,0.008387356996536255,3
gjr_t,18,762,chronos_bolt,,,,,1
gjr_t,18,762,chronos_2,,,,,34
gjr_t,18,779,chronos_base,50.0,2.0,0.008112162351608276,0.008112102746963501,3
gjr_t,18,779,chronos_bolt,,,,,1
gjr_t,18,779,chronos_2,,,,,34
gjr_t,18,796,chronos_base,50.0,2.0,0.007921665906906128,0.007921651005744934,3
gjr_t,18,796,chronos_bolt,,,,,1
gjr_t,18,796,chronos_2,,,,,34
gjr_t,18,813,chronos_base,50.0,2.0,0.007815837860107422,0.007815808057785034,3
gjr_t,18,813,chronos_bolt,,,,,1
gjr_t,18,813,chronos_2,,,,,34
gjr_t,18,829,chronos_base,50.0,2.0,0.0078524649143219,0.007852420210838318,3
gjr_t,18,829,chronos_bolt,,,,,1
gjr_t,18,829,chronos_2,,,,,34
gjr_t,18,846,chronos_base,50.0,2.0,0.046611666679382324,0.007768601179122925,3
gjr_t,18,846,chronos_bolt,,,,,1
gjr_t,18,846,chronos_2,,,,,34
gjr_t,18,863,chronos_base,50.0,2.0,0.04706797003746033,0.007844656705856323,3
gjr_t,18,863,chronos_bolt,,,,,1
gjr_t,18,863,chronos_2,,,,,34
gjr_t,18,880,chronos_base,50.0,2.0,0.015498161315917969,0.007749080657958984,3
gjr_t,18,880,chronos_bolt,,,,,1
gjr_t,18,880,chronos_2,,,,,34
gjr_t,18,896,chronos_base,50.0,2.0,0.007721751928329468,0.00772172212600708,3
gjr_t,18,896,chronos_bolt,,,,,1
gjr_t,18,896,chronos_2,,,,,34
gjr_t,18,913,chronos_base,50.0,2.0,0.10060971975326538,0.0077391862869262695,3
gjr_t,18,913,chronos_bolt,,,,,1
gjr_t,18,913,chronos_2,,,,,34
gjr_t,18,930,chronos_base,50.0,2.0,0.015847325325012207,0.007923632860183716,3
gjr_t,18,930,chronos_bolt,,,,,1
gjr_t,18,930,chronos_2,,,,,34
gjr_t,18,946,chronos_base,50.0,2.0,0.016362309455871582,0.008181124925613403,3
gjr_t,18,946,chronos_bolt,,,,,1
gjr_t,18,946,chronos_2,,,,,34
gjr_t,18,963,chronos_base,50.0,2.0,0.008232980966567993,0.008232951164245605,3
gjr_t,18,963,chronos_bolt,,,,,1
gjr_t,18,963,chronos_2,,,,,34
gjr_t,18,980,chronos_base,50.0,2.0,0.033732324838638306,0.00843307375907898,3
gjr_t,18,980,chronos_bolt,,,,,1
gjr_t,18,980,chronos_2,,,,,34
gjr_t,18,997,chronos_base,50.0,2.0,0.008594691753387451,0.008594676852226257,3
gjr_t,18,997,chronos_bolt,,,,,1
gjr_t,18,997,chronos_2,,,,,34
gjr_t,18,1013,chronos_base,50.0,2.0,0.00874859094619751,0.008748561143875122,3
gjr_t,18,1013,chronos_bolt,,,,,1
gjr_t,18,1013,chronos_2,,,,,34
gjr_t,18,1030,chronos_base,50.0,2.0,0.017814934253692627,0.008907467126846313,3
gjr_t,18,1030,chronos_bolt,,,,,1
gjr_t,18,1030,chronos_2,,,,,34
gjr_t,18,1047,chronos_base,50.0,3.0,0.0534987598657608,0.00891643762588501,3
gjr_t,18,1047,chronos_bolt,,,,,1
gjr_t,18,1047,chronos_2,,,,,34
gjr_t,18,1064,chronos_base,50.0,3.0,0.008634015917778015,0.008634001016616821,3
gjr_t,18,1064,chronos_bolt,,,,,1
gjr_t,18,1064,chronos_2,,,,,34
gjr_t,18,1080,chronos_base,50.0,2.0,0.008167475461959839,0.008167415857315063,3
gjr_t,18,1080,chronos_bolt,,,,,1
gjr_t,18,1080,chronos_2,,,,,34
gjr_t,18,1097,chronos_base,50.0,2.0,0.007629185914993286,0.007629141211509705,3
gjr_t,18,1097,chronos_bolt,,,,,1
gjr_t,18,1097,chronos_2,,,,,34
gjr_t,18,1114,chronos_base,50.0,2.0,0.05995611846446991,0.007494509220123291,3
gjr_t,18,1114,chronos_bolt,,,,,1
gjr_t,18,1114,chronos_2,,,,,34
gjr_t,18,1130,chronos_base,50.0,2.0,0.015162020921707153,0.007580980658531189,3
gjr_t,18,1130,chronos_bolt,,,,,1
gjr_t,18,1130,chronos_2,,,,,34
gjr_t,18,1147,chronos_base,50.0,2.0,0.03063148260116577,0.007657855749130249,3
gjr_t,18,1147,chronos_bolt,,,,,1
gjr_t,18,1147,chronos_2,,,,,34
gjr_t,18,1164,chronos_base,50.0,2.0,0.007593870162963867,0.0075938403606414795,3
gjr_t,18,1164,chronos_bolt,,,,,1
gjr_t,18,1164,chronos_2,,,,,34
gjr_t,18,1181,chronos_base,50.0,2.0,0.0075598061084747314,0.007559776306152344,3
gjr_t,18,1181,chronos_bolt,,,,,1
gjr_t,18,1181,chronos_2,,,,,34
gjr_t,18,1197,chronos_base,50.0,2.0,0.00759550929069519,0.007595479488372803,3
gjr_t,18,1197,chronos_bolt,,,,,1
gjr_t,18,1197,chronos_2,,,,,34
gjr_t,18,1214,chronos_base,50.0,2.0,0.015304595232009888,0.007652252912521362,3
gjr_t,18,1214,chronos_bolt,,,,,1
gjr_t,18,1214,chronos_2,,,,,34
gjr_t,18,1231,chronos_base,50.0,2.0,0.007687300443649292,0.007687300443649292,3
gjr_t,18,1231,chronos_bolt,,,,,1
gjr_t,18,1231,chronos_2,,,,,34
gjr_t,18,1248,chronos_base,50.0,2.0,0.015622138977050781,0.007811054587364197,3
gjr_t,18,1248,chronos_bolt,,,,,1
gjr_t,18,1248,chronos_2,,,,,34
gjr_t,18,1264,chronos_base,50.0,2.0,0.046635717153549194,0.007772594690322876,3
gjr_t,18,1264,chronos_bolt,,,,,1
gjr_t,18,1264,chronos_2,,,,,34
gjr_t,18,1281,chronos_base,50.0,2.0,0.01536831259727478,0.0076841264963150024,3
gjr_t,18,1281,chronos_bolt,,,,,1
gjr_t,18,1281,chronos_2,,,,,34
gjr_t,18,1298,chronos_base,50.0,2.0,0.0076708197593688965,0.007670789957046509,3
gjr_t,18,1298,chronos_bolt,,,,,1
gjr_t,18,1298,chronos_2,,,,,34
gjr_t,18,1314,chronos_base,50.0,2.0,0.023209571838378906,0.007736504077911377,3
gjr_t,18,1314,chronos_bolt,,,,,1
gjr_t,18,1314,chronos_2,,,,,34
gjr_t,18,1331,chronos_base,50.0,1.0,,0.007788568735122681,3
gjr_t,18,1331,chronos_bolt,,,,,1
gjr_t,18,1331,chronos_2,,,,,34
gjr_t,18,1348,chronos_base,50.0,2.0,0.015636920928955078,0.007818430662155151,3
gjr_t,18,1348,chronos_bolt,,,,,1
gjr_t,18,1348,chronos_2,,,,,34
gjr_t,18,1365,chronos_base,50.0,2.0,0.007861554622650146,0.007861495018005371,3
gjr_t,18,1365,chronos_bolt,,,,,1
gjr_t,18,1365,chronos_2,,,,,34
gjr_t,18,1381,chronos_base,50.0,2.0,0.007728636264801025,0.007728636264801025,3
gjr_t,18,1381,chronos_bolt,,,,,1
gjr_t,18,1381,chronos_2,,,,,34
gjr_t,18,1398,chronos_base,50.0,2.0,0.03825119137763977,0.007650226354598999,3
gjr_t,18,1398,chronos_bolt,,,,,1
gjr_t,18,1398,chronos_2,,,,,34
gjr_t,18,1415,chronos_base,50.0,2.0,0.007685482501983643,0.007685482501983643,3
gjr_t,18,1415,chronos_bolt,,,,,1
gjr_t,18,1415,chronos_2,,,,,34
gjr_t,18,1432,chronos_base,50.0,2.0,0.015084952116012573,0.007542461156845093,3
gjr_t,18,1432,chronos_bolt,,,,,1
gjr_t,18,1432,chronos_2,,,,,34
gjr_t,18,1448,chronos_base,50.0,2.0,0.007212445139884949,0.007212415337562561,3
gjr_t,18,1448,chronos_bolt,,,,,1
gjr_t,18,1448,chronos_2,,,,,34
gjr_t,18,1465,chronos_base,50.0,2.0,0.03491576015949249,0.006983131170272827,3
gjr_t,18,1465,chronos_bolt,,,,,1
gjr_t,18,1465,chronos_2,,,,,34
gjr_t,18,1482,chronos_base,50.0,2.0,0.04840916395187378,0.006915591657161713,3
gjr_t,18,1482,chronos_bolt,,,,,1
gjr_t,18,1482,chronos_2,,,,,34
gjr_t,18,1499,chronos_base,50.0,2.0,0.04134860634803772,0.006891429424285889,3
gjr_t,18,1499,chronos_bolt,,,,,1
gjr_t,18,1499,chronos_2,,,,,34
gjr_t,19,512,chronos_base,50.0,2.0,0.01187598705291748,0.0059379637241363525,3
gjr_t,19,512,chronos_bolt,,,,,1
gjr_t,19,512,chronos_2,,,,,34
gjr_t,19,528,chronos_base,50.0,2.0,0.04162369668483734,0.005946233868598938,3
gjr_t,19,528,chronos_bolt,,,,,1
gjr_t,19,528,chronos_2,,,,,34
gjr_t,19,545,chronos_base,50.0,2.0,0.011943131685256958,0.005971550941467285,3
gjr_t,19,545,chronos_bolt,,,,,1
gjr_t,19,545,chronos_2,,,,,34
gjr_t,19,562,chronos_base,50.0,2.0,0.012155264616012573,0.006077617406845093,3
gjr_t,19,562,chronos_bolt,,,,,1
gjr_t,19,562,chronos_2,,,,,34
gjr_t,19,578,chronos_base,50.0,2.0,0.012140557169914246,0.006070271134376526,3
gjr_t,19,578,chronos_bolt,,,,,1
gjr_t,19,578,chronos_2,,,,,34
gjr_t,19,595,chronos_base,50.0,2.0,0.011987775564193726,0.005993872880935669,3
gjr_t,19,595,chronos_bolt,,,,,1
gjr_t,19,595,chronos_2,,,,,34
gjr_t,19,612,chronos_base,50.0,2.0,0.01816602796316147,0.006055325269699097,3
gjr_t,19,612,chronos_bolt,,,,,1
gjr_t,19,612,chronos_2,,,,,34
gjr_t,19,629,chronos_base,50.0,2.0,0.0060669779777526855,0.006066963076591492,3
gjr_t,19,629,chronos_bolt,,,,,1
gjr_t,19,629,chronos_2,,,,,34
gjr_t,19,645,chronos_base,50.0,3.0,0.01511991024017334,0.006047949194908142,3
gjr_t,19,645,chronos_bolt,,,,,1
gjr_t,19,645,chronos_2,,,,,34
gjr_t,19,662,chronos_base,50.0,2.0,0.006137624382972717,0.0061376094818115234,3
gjr_t,19,662,chronos_bolt,,,,,1
gjr_t,19,662,chronos_2,,,,,34
gjr_t,19,679,chronos_base,50.0,2.0,0.012603715062141418,0.006301850080490112,3
gjr_t,19,679,chronos_bolt,,,,,1
gjr_t,19,679,chronos_2,,,,,34
gjr_t,19,696,chronos_base,50.0,2.0,0.012803196907043457,0.0064015984535217285,3
gjr_t,19,696,chronos_bolt,,,,,1
gjr_t,19,696,chronos_2,,,,,34
gjr_t,19,712,chronos_base,50.0,2.0,0.01309087872505188,0.006545424461364746,3
gjr_t,19,712,chronos_bolt,,,,,1
gjr_t,19,712,chronos_2,,,,,34
gjr_t,19,729,chronos_base,50.0,2.0,0.006291702389717102,0.006291702389717102,3
gjr_t,19,729,chronos_bolt,,,,,1
gjr_t,19,729,chronos_2,,,,,34
gjr_t,19,746,chronos_base,50.0,2.0,0.01254892349243164,0.00627446174621582,3
gjr_t,19,746,chronos_bolt,,,,,1
gjr_t,19,746,chronos_2,,,,,34
gjr_t,19,762,chronos_base,50.0,2.0,0.04976201057434082,0.006220236420631409,3
gjr_t,19,762,chronos_bolt,,,,,1
gjr_t,19,762,chronos_2,,,,,34
gjr_t,19,779,chronos_base,50.0,2.0,0.006161004304885864,0.00616098940372467,3
gjr_t,19,779,chronos_bolt,,,,,1
gjr_t,19,779,chronos_2,,,,,34
gjr_t,19,796,chronos_base,50.0,2.0,0.012308239936828613,0.006154105067253113,3
gjr_t,19,796,chronos_bolt,,,,,1
gjr_t,19,796,chronos_2,,,,,34
gjr_t,19,813,chronos_base,50.0,2.0,0.006111085414886475,0.006111085414886475,3
gjr_t,19,813,chronos_bolt,,,,,1
gjr_t,19,813,chronos_2,,,,,34
gjr_t,19,829,chronos_base,50.0,2.0,0.006158009171485901,0.006157994270324707,3
gjr_t,19,829,chronos_bolt,,,,,1
gjr_t,19,829,chronos_2,,,,,34
gjr_t,19,846,chronos_base,50.0,2.0,0.006214067339897156,0.006214052438735962,3
gjr_t,19,846,chronos_bolt,,,,,1
gjr_t,19,846,chronos_2,,,,,34
gjr_t,19,863,chronos_base,50.0,2.0,0.00641477108001709,0.006414756178855896,3
gjr_t,19,863,chronos_bolt,,,,,1
gjr_t,19,863,chronos_2,,,,,34
gjr_t,19,880,chronos_base,50.0,2.0,0.006379857659339905,0.006379857659339905,3
gjr_t,19,880,chronos_bolt,,,,,1
gjr_t,19,880,chronos_2,,,,,34
gjr_t,19,896,chronos_base,50.0,1.0,,0.006384730339050293,3
gjr_t,19,896,chronos_bolt,,,,,1
gjr_t,19,896,chronos_2,,,,,34
gjr_t,19,913,chronos_base,50.0,3.0,0.006334744393825531,0.00633472204208374,3
gjr_t,19,913,chronos_bolt,,,,,1
gjr_t,19,913,chronos_2,,,,,34
gjr_t,19,930,chronos_base,50.0,2.0,0.03130233287811279,0.0062604546546936035,3
gjr_t,19,930,chronos_bolt,,,,,1
gjr_t,19,930,chronos_2,,,,,34
gjr_t,19,946,chronos_base,50.0,2.0,0.01248466968536377,0.006242319941520691,3
gjr_t,19,946,chronos_bolt,,,,,1
gjr_t,19,946,chronos_2,,,,,34
gjr_t,19,963,chronos_base,50.0,2.0,0.006131380796432495,0.006131365895271301,3
gjr_t,19,963,chronos_bolt,,,,,1
gjr_t,19,963,chronos_2,,,,,34
gjr_t,19,980,chronos_base,50.0,2.0,0.0062284916639328,0.0062284767627716064,3
gjr_t,19,980,chronos_bolt,,,,,1
gjr_t,19,980,chronos_2,,,,,34
gjr_t,19,997,chronos_base,50.0,3.0,0.021758995950222015,0.006216838955879211,3
gjr_t,19,997,chronos_bolt,,,,,1
gjr_t,19,997,chronos_2,,,,,34
gjr_t,19,1013,chronos_base,50.0,2.0,0.006159573793411255,0.006159558892250061,3
gjr_t,19,1013,chronos_bolt,,,,,1
gjr_t,19,1013,chronos_2,,,,,34
gjr_t,19,1030,chronos_base,50.0,2.0,0.012434899806976318,0.006217435002326965,3
gjr_t,19,1030,chronos_bolt,,,,,1
gjr_t,19,1030,chronos_2,,,,,34
gjr_t,19,1047,chronos_base,50.0,3.0,0.012594431638717651,0.006297200918197632,3
gjr_t,19,1047,chronos_bolt,,,,,1
gjr_t,19,1047,chronos_2,,,,,34
gjr_t,19,1064,chronos_base,50.0,2.0,0.01245202124118805,0.006226003170013428,3
gjr_t,19,1064,chronos_bolt,,,,,1
gjr_t,19,1064,chronos_2,,,,,34
gjr_t,19,1080,chronos_base,50.0,2.0,0.012585103511810303,0.0062925368547439575,3
gjr_t,19,1080,chronos_bolt,,,,,1
gjr_t,19,1080,chronos_2,,,,,34
gjr_t,19,1097,chronos_base,50.0,2.0,0.0382860004901886,0.006380990147590637,3
gjr_t,19,1097,chronos_bolt,,,,,1
gjr_t,19,1097,chronos_2,,,,,34
gjr_t,19,1114,chronos_base,50.0,2.0,0.057898759841918945,0.0064331889152526855,3
gjr_t,19,1114,chronos_bolt,,,,,1
gjr_t,19,1114,chronos_2,,,,,34
gjr_t,19,1130,chronos_base,50.0,2.0,0.02588576078414917,0.006471425294876099,3
gjr_t,19,1130,chronos_bolt,,,,,1
gjr_t,19,1130,chronos_2,,,,,34
gjr_t,19,1147,chronos_base,50.0,2.0,0.01957334578037262,0.006524443626403809,3
gjr_t,19,1147,chronos_bolt,,,,,1
gjr_t,19,1147,chronos_2,,,,,34
gjr_t,19,1164,chronos_base,50.0,3.0,0.02298392355442047,0.006566822528839111,3
gjr_t,19,1164,chronos_bolt,,,,,1
gjr_t,19,1164,chronos_2,,,,,34
gjr_t,19,1181,chronos_base,50.0,2.0,0.013340681791305542,0.006670311093330383,3
gjr_t,19,1181,chronos_bolt,,,,,1
gjr_t,19,1181,chronos_2,,,,,34
gjr_t,19,1197,chronos_base,50.0,2.0,0.013367503881454468,0.00668373703956604,3
gjr_t,19,1197,chronos_bolt,,,,,1
gjr_t,19,1197,chronos_2,,,,,34
gjr_t,19,1214,chronos_base,50.0,2.0,0.019473910331726074,0.006491303443908691,3
gjr_t,19,1214,chronos_bolt,,,,,1
gjr_t,19,1214,chronos_2,,,,,34
gjr_t,19,1231,chronos_base,50.0,2.0,0.012884706258773804,0.00644230842590332,3
gjr_t,19,1231,chronos_bolt,,,,,1
gjr_t,19,1231,chronos_2,,,,,34
gjr_t,19,1248,chronos_base,50.0,2.0,0.012942522764205933,0.0064712464809417725,3
gjr_t,19,1248,chronos_bolt,,,,,1
gjr_t,19,1248,chronos_2,,,,,34
gjr_t,19,1264,chronos_base,50.0,3.0,0.013139724731445312,0.0065698325634002686,3
gjr_t,19,1264,chronos_bolt,,,,,1
gjr_t,19,1264,chronos_2,,,,,34
gjr_t,19,1281,chronos_base,50.0,2.0,0.019964784383773804,0.006654918193817139,3
gjr_t,19,1281,chronos_bolt,,,,,1
gjr_t,19,1281,chronos_2,,,,,34
gjr_t,19,1298,chronos_base,50.0,2.0,0.04129543900489807,0.0068825483322143555,3
gjr_t,19,1298,chronos_bolt,,,,,1
gjr_t,19,1298,chronos_2,,,,,34
gjr_t,19,1314,chronos_base,50.0,3.0,0.010662764310836792,0.007108479738235474,3
gjr_t,19,1314,chronos_bolt,,,,,1
gjr_t,19,1314,chronos_2,,,,,34
gjr_t,19,1331,chronos_base,50.0,1.0,,0.00730198435485363,3
gjr_t,19,1331,chronos_bolt,,,,,1
gjr_t,19,1331,chronos_2,,,,,34
gjr_t,19,1348,chronos_base,50.0,3.0,0.007426142692565918,0.007426142692565918,3
gjr_t,19,1348,chronos_bolt,,,,,1
gjr_t,19,1348,chronos_2,,,,,34
gjr_t,19,1365,chronos_base,50.0,2.0,0.007257014513015747,0.007257014513015747,3
gjr_t,19,1365,chronos_bolt,,,,,1
gjr_t,19,1365,chronos_2,,,,,34
gjr_t,19,1381,chronos_base,50.0,2.0,0.014211416244506836,0.00710567831993103,3
gjr_t,19,1381,chronos_bolt,,,,,1
gjr_t,19,1381,chronos_2,,,,,34
gjr_t,19,1398,chronos_base,50.0,2.0,0.014503419399261475,0.00725167989730835,3
gjr_t,19,1398,chronos_bolt,,,,,1
gjr_t,19,1398,chronos_2,,,,,34
gjr_t,19,1415,chronos_base,50.0,2.0,0.05825996398925781,0.007282480597496033,3
gjr_t,19,1415,chronos_bolt,,,,,1
gjr_t,19,1415,chronos_2,,,,,34
gjr_t,19,1432,chronos_base,50.0,2.0,0.021878749132156372,0.007292896509170532,3
gjr_t,19,1432,chronos_bolt,,,,,1
gjr_t,19,1432,chronos_2,,,,,34
gjr_t,19,1448,chronos_base,50.0,3.0,0.021887093782424927,0.007295668125152588,3
gjr_t,19,1448,chronos_bolt,,,,,1
gjr_t,19,1448,chronos_2,,,,,34
gjr_t,19,1465,chronos_base,50.0,2.0,0.014590024948120117,0.007294982671737671,3
gjr_t,19,1465,chronos_bolt,,,,,1
gjr_t,19,1465,chronos_2,,,,,34
gjr_t,19,1482,chronos_base,50.0,3.0,0.011186666786670685,0.007457762956619263,3
gjr_t,19,1482,chronos_bolt,,,,,1
gjr_t,19,1482,chronos_2,,,,,34
gjr_t,19,1499,chronos_base,50.0,2.0,0.00744965672492981,0.00744965672492981,3
gjr_t,19,1499,chronos_bolt,,,,,1
gjr_t,19,1499,chronos_2,,,,,34
