asset,t,date,ctx_start,ctx_end,W,u,quantile_method,n_lt_u,n_eq_u,n_le_u,n_raw_exc,tie_count,n_kept,tau_nominal,tau_strict,tau_fit,scale_ref,beta_floor,fit_branch,xi,beta,status,var_defined,es_defined,layer,exclusion_reason
audusd,2503,2016-01-01,1991,2502,512,-0.9254507672582916,linear,52,0,52,52,0,52,0.1,0.1015625,0.1015625,0.40015725649714307,4.0015725649714307e-07,mle,-0.09693622054954026,0.3080275045078142,ok,True,True,extraction,
audusd,2504,2016-01-04,1992,2503,512,-0.9150324728780425,linear,52,0,52,52,0,52,0.1,0.1015625,0.1015625,0.3980976728315143,3.980976728315143e-07,mle,-0.12931878710830788,0.3275643480190219,ok,True,True,extraction,
audusd,2505,2016-01-05,1993,2504,512,-0.9150324728780425,linear,52,0,52,52,0,52,0.1,0.1015625,0.1015625,0.39643983996736587,3.9643983996736586e-07,mle,-0.12931878710830788,0.3275643480190219,ok,True,True,extraction,
audusd,2506,2016-01-06,1994,2505,512,-0.9150324728780425,linear,52,0,52,52,0,52,0.1,0.1015625,0.1015625,0.39643983996736587,3.9643983996736586e-07,mle,-0.16707666859542392,0.34835413656345127,ok,True,True,extraction,
audusd,2507,2016-01-07,1995,2506,512,-0.9150324728780425,linear,52,0,52,52,0,52,0.1,0.1015625,0.1015625,0.39396469548815954,3.9396469548815954e-07,mle,-0.16707666859542392,0.34835413656345127,ok,True,True,extraction,
audusd,2508,2016-01-08,1996,2507,512,-0.9254507672582916,linear,52,0,52,52,0,52,0.1,0.1015625,0.1015625,0.39643983996736587,3.9643983996736586e-07,mle,-0.15718266331986472,0.3387314297631072,ok,True,True,extraction,
audusd,2509,2016-01-11,1997,2508,512,-0.9254507672582916,linear,52,0,52,52,0,52,0.1,0.1015625,0.1015625,0.3980976728315143,3.980976728315143e-07,mle,-0.15718266331986472,0.3387314297631072,ok,True,True,extraction,
audusd,2510,2016-01-12,1998,2509,512,-0.9280865910286121,linear,52,0,52,52,0,52,0.1,0.1015625,0.1015625,0.3980976728315143,3.980976728315143e-07,mle,-0.16392707323339778,0.3408661268622459,ok,True,True,extraction,
audusd,2511,2016-01-13,1999,2510,512,-0.9254507672582916,linear,52,0,52,52,0,52,0.1,0.1015625,0.1015625,0.3980976728315143,3.980976728315143e-07,mle,-0.16904971589961665,0.3447127860129371,ok,True,True,extraction,
audusd,2512,2016-01-14,2000,2511,512,-0.9254507672582916,linear,52,0,52,52,0,52,0.1,0.1015625,0.1015625,0.39643983996736587,3.9643983996736586e-07,mle,-0.16904971589961665,0.3447127860129371,ok,True,True,extraction,
audusd,2513,2016-01-15,2001,2512,512,-0.9254507672582916,linear,52,0,52,52,0,52,0.1,0.1015625,0.1015625,0.39643983996736587,3.9643983996736586e-07,mle,-0.16904971589961665,0.3447127860129371,ok,True,True,extraction,
audusd,2514,2016-01-18,2002,2513,512,-0.9254507672582916,linear,52,0,52,52,0,52,0.1,0.1015625,0.1015625,0.39643983996736587,3.9643983996736586e-07,mle,-0.16904971589961665,0.3447127860129371,ok,True,True,extraction,
audusd,2515,2016-01-19,2003,2514,512,-0.9280865910286121,linear,52,0,52,52,0,52,0.1,0.1015625,0.1015625,0.39643983996736587,3.9643983996736586e-07,mle,-0.17867628087700688,0.3683863392320204,ok,True,True,extraction,
audusd,2516,2016-01-20,2004,2515,512,-0.9280865910286121,linear,52,0,52,52,0,52,0.1,0.1015625,0.1015625,0.39396469548815954,3.9396469548815954e-07,mle,-0.17867628087700688,0.3683863392320204,ok,True,True,extraction,
audusd,2517,2016-01-21,2005,2516,512,-0.9280865910286121,linear,52,0,52,52,0,52,0.1,0.1015625,0.1015625,0.39396469548815954,3.9396469548815954e-07,mle,-0.17867628087700688,0.3683863392320204,ok,True,True,extraction,
audusd,2518,2016-01-22,2006,2517,512,-0.9280865910286121,linear,52,0,52,52,0,52,0.1,0.1015625,0.1015625,0.39396469548815954,3.9396469548815954e-07,mle,-0.17867628087700688,0.3683863392320204,ok,True,True,extraction,
audusd,2519,2016-01-25,2007,2518,512,-0.9280865910286121,linear,52,0,52,52,0,52,0.1,0.1015625,0.1015625,0.39396469548815954,3.9396469548815954e-07,mle,-0.17867628087700688,0.3683863392320204,ok,True,True,extraction,
audusd,2520,2016-01-26,2008,2519,512,-0.9280865910286121,linear,52,0,52,52,0,52,0.1,0.1015625,0.1015625,0.39396469548815954,3.9396469548815954e-07,mle,-0.17867628087700688,0.3683863392320204,ok,True,True,extraction,
audusd,2521,2016-01-27,2009,2520,512,-0.9304520867280524,linear,52,0,52,52,0,52,0.1,0.1015625,0.1015625,0.39643983996736587,3.9643983996736586e-07,mle,-0.17070073073785455,0.36314449505204893,ok,True,True,extraction,
audusd,2522,2016-01-28,2010,2521,512,-0.9304520867280524,linear,52,0,52,52,0,52,0.1,0.1015625,0.1015625,0.3980976728315143,3.980976728315143e-07,mle,-0.17070073073785455,0.36314449505204893,ok,True,True,extraction,
audusd,2523,2016-01-29,2011,2522,512,-0.9304520867280524,linear,52,0,52,52,0,52,0.1,0.1015625,0.1015625,0.3980976728315143,3.980976728315143e-07,mle,-0.17070073073785455,0.36314449505204893,ok,True,True,extraction,
audusd,2524,2016-02-01,2012,2523,512,-0.9304520867280524,linear,52,0,52,52,0,52,0.1,0.1015625,0.1015625,0.3980976728315143,3.980976728315143e-07,mle,-0.17070073073785455,0.36314449505204893,ok,True,True,extraction,
audusd,2525,2016-02-02,2013,2524,512,-0.9304520867280524,linear,52,0,52,52,0,52,0.1,0.1015625,0.1015625,0.3980976728315143,3.980976728315143e-07,mle,-0.17070073073785455,0.36314449505204893,ok,True,True,extraction,
audusd,2526,2016-02-03,2014,2525,512,-0.9304520867280524,linear,52,0,52,52,0,52,0.1,0.1015625,0.1015625,0.3980976728315143,3.980976728315143e-07,mle,-0.17070073073785455,0.36314449505204893,ok,True,True,extraction,
audusd,2527,2016-02-04,2015,2526,512,-0.9326363235861279,linear,52,0,52,52,0,52,0.1,0.1015625,0.1015625,0.3980976728315143,3.980976728315143e-07,mle,-0.18584519348448983,0.37009424313236533,ok,True,True,extraction,
audusd,2528,2016-02-05,2016,2527,512,-0.9326363235861279,linear,52,0,52,52,0,52,0.1,0.1015625,0.1015625,0.40015725649714307,4.0015725649714307e-07,mle,-0.18584519348448983,0.37009424313236533,ok,True,True,extraction,
audusd,2529,2016-02-08,2017,2528,512,-0.9326363235861279,linear,52,0,52,52,0,52,0.1,0.1015625,0.1015625,0.4020023364003404,4.0200233640034036e-07,mle,-0.18584519348448983,0.37009424313236533,ok,True,True,extraction,
audusd,2530,2016-02-09,2018,2529,512,-0.9349243689471648,linear,52,0,52,52,0,52,0.1,0.1015625,0.1015625,0.4034852741489547,4.034852741489547e-07,mle,-0.22882280710193734,0.39652125745294897,ok,True,True,extraction,
audusd,2531,2016-02-10,2019,2530,512,-0.9349243689471648,linear,52,0,52,52,0,52,0.1,0.1015625,0.1015625,0.4034852741489547,4.034852741489547e-07,mle,-0.22882280710193734,0.39652125745294897,ok,True,True,extraction,
audusd,2532,2016-02-11,2020,2531,512,-0.9349243689471648,linear,52,0,52,52,0,52,0.1,0.1015625,0.1015625,0.4034852741489547,4.034852741489547e-07,mle,-0.22882280710193734,0.39652125745294897,ok,True,True,extraction,
audusd,2533,2016-02-12,2021,2532,512,-0.9349243689471648,linear,52,0,52,52,0,52,0.1,0.1015625,0.1015625,0.4034852741489547,4.034852741489547e-07,mle,-0.22882280710193734,0.39652125745294897,ok,True,True,extraction,
audusd,2534,2016-02-15,2022,2533,512,-0.9349243689471648,linear,52,0,52,52,0,52,0.1,0.1015625,0.1015625,0.4034852741489547,4.034852741489547e-07,mle,-0.22882280710193734,0.39652125745294897,ok,True,True,extraction,
audusd,2535,2016-02-16,2023,2534,512,-0.9349243689471648,linear,52,0,52,52,0,52,0.1,0.1015625,0.1015625,0.4020023364003404,4.0200233640034036e-07,mle,-0.22882280710193734,0.39652125745294897,ok,True,True,extraction,
audusd,2536,2016-02-17,2024,2535,512,-0.9349243689471648,linear,52,0,52,52,0,52,0.1,0.1015625,0.1015625,0.4034852741489547,4.034852741489547e-07,mle,-0.22882280710193734,0.39652125745294897,ok,True,True,extraction,
audusd,2537,2016-02-18,2025,2536,512,-0.9349243689471648,linear,52,0,52,52,0,52,0.1,0.1015625,0.1015625,0.4020023364003404,4.0200233640034036e-07,mle,-0.22882280710193734,0.39652125745294897,ok,True,True,extraction,
audusd,2538,2016-02-19,2026,2537,512,-0.9349243689471648,linear,52,0,52,52,0,52,0.1,0.1015625,0.1015625,0.4034852741489547,4.034852741489547e-07,mle,-0.22882280710193734,0.39652125745294897,ok,True,True,extraction,
audusd,2539,2016-02-22,2027,2538,512,-0.9349243689471648,linear,52,0,52,52,0,52,0.1,0.1015625,0.1015625,0.4034852741489547,4.034852741489547e-07,mle,-0.22882280710193734,0.39652125745294897,ok,True,True,extraction,
audusd,2540,2016-02-23,2028,2539,512,-0.9349243689471648,linear,52,0,52,52,0,52,0.1,0.1015625,0.1015625,0.4034852741489547,4.034852741489547e-07,mle,-0.22882280710193734,0.39652125745294897,ok,True,True,extraction,
audusd,2541,2016-02-24,2029,2540,512,-0.9349243689471648,linear,52,0,52,52,0,52,0.1,0.1015625,0.1015625,0.4034852741489547,4.034852741489547e-07,mle,-0.22882280710193734,0.39652125745294897,ok,True,True,extraction,
audusd,2542,2016-02-25,2030,2541,512,-0.9349243689471648,linear,52,0,52,52,0,52,0.1,0.1015625,0.1015625,0.4034852741489547,4.034852741489547e-07,mle,-0.22882280710193734,0.39652125745294897,ok,True,True,extraction,
audusd,2543,2016-02-26,2031,2542,512,-0.9349243689471648,linear,52,0,52,52,0,52,0.1,0.1015625,0.1015625,0.4034852741489547,4.034852741489547e-07,mle,-0.22882280710193734,0.39652125745294897,ok,True,True,extraction,
audusd,2544,2016-02-29,2032,2543,512,-0.9349243689471648,linear,52,0,52,52,0,52,0.1,0.1015625,0.1015625,0.4034852741489547,4.034852741489547e-07,mle,-0.22882280710193734,0.39652125745294897,ok,True,True,extraction,
audusd,2545,2016-03-01,2033,2544,512,-0.9469731917443902,linear,52,0,52,52,0,52,0.1,0.1015625,0.1015625,0.40386292296430226,4.0386292296430225e-07,mle,-0.2385076995823484,0.3984213371494571,ok,True,True,extraction,
audusd,2546,2016-03-02,2034,2545,512,-0.9469731917443902,linear,52,0,52,52,0,52,0.1,0.1015625,0.1015625,0.40386292296430226,4.0386292296430225e-07,mle,-0.2385076995823484,0.3984213371494571,ok,True,True,extraction,
audusd,2547,2016-03-03,2035,2546,512,-0.9469731917443902,linear,52,0,52,52,0,52,0.1,0.1015625,0.1015625,0.4057031124638799,4.0570311246387987e-07,mle,-0.2385076995823484,0.3984213371494571,ok,True,True,extraction,
audusd,2548,2016-03-04,2036,2547,512,-0.9469731917443902,linear,52,0,52,52,0,52,0.1,0.1015625,0.1015625,0.4057031124638799,4.0570311246387987e-07,mle,-0.2385076995823484,0.3984213371494571,ok,True,True,extraction,
audusd,2549,2016-03-07,2037,2548,512,-0.9469731917443902,linear,52,0,52,52,0,52,0.1,0.1015625,0.1015625,0.4057031124638799,4.0570311246387987e-07,mle,-0.2385076995823484,0.3984213371494571,ok,True,True,extraction,
audusd,2550,2016-03-08,2038,2549,512,-0.9349243689471648,linear,52,0,52,52,0,52,0.1,0.1015625,0.1015625,0.4057031124638799,4.0570311246387987e-07,mle,-0.25642233678404813,0.41466845422787507,ok,True,True,extraction,
audusd,2551,2016-03-09,2039,2550,512,-0.9349243689471648,linear,52,0,52,52,0,52,0.1,0.1015625,0.1015625,0.4075430570687444,4.075430570687444e-07,mle,-0.25642233678404813,0.41466845422787507,ok,True,True,extraction,
audusd,2552,2016-03-10,2040,2551,512,-0.9349243689471648,linear,52,0,52,52,0,52,0.1,0.1015625,0.1015625,0.4057031124638799,4.0570311246387987e-07,mle,-0.25642233678404813,0.41466845422787507,ok,True,True,extraction,
audusd,2553,2016-03-11,2041,2552,512,-0.9349243689471648,linear,52,0,52,52,0,52,0.1,0.1015625,0.1015625,0.4075430570687444,4.075430570687444e-07,mle,-0.25642233678404813,0.41466845422787507,ok,True,True,extraction,
audusd,2554,2016-03-14,2042,2553,512,-0.9349243689471648,linear,52,0,52,52,0,52,0.1,0.1015625,0.1015625,0.4075430570687444,4.075430570687444e-07,mle,-0.25642233678404813,0.41466845422787507,ok,True,True,extraction,
audusd,2555,2016-03-15,2043,2554,512,-0.9349243689471648,linear,52,0,52,52,0,52,0.1,0.1015625,0.1015625,0.4075430570687444,4.075430570687444e-07,mle,-0.25642233678404813,0.41466845422787507,ok,True,True,extraction,
audusd,2556,2016-03-16,2044,2555,512,-0.9349243689471648,linear,52,0,52,52,0,52,0.1,0.1015625,0.1015625,0.4075430570687444,4.075430570687444e-07,mle,-0.25642233678404813,0.41466845422787507,ok,True,True,extraction,
audusd,2557,2016-03-17,2045,2556,512,-0.9349243689471648,linear,52,0,52,52,0,52,0.1,0.1015625,0.1015625,0.4102744715882095,4.102744715882095e-07,mle,-0.25642233678404813,0.41466845422787507,ok,True,True,extraction,
audusd,2558,2016-03-18,2046,2557,512,-0.9349243689471648,linear,52,0,52,52,0,52,0.1,0.1015625,0.1015625,0.41442728519859484,4.144272851985948e-07,mle,-0.25642233678404813,0.41466845422787507,ok,True,True,extraction,
audusd,2559,2016-03-21,2047,2558,512,-0.9349243689471648,linear,52,0,52,52,0,52,0.1,0.1015625,0.1015625,0.41712538724055026,4.1712538724055024e-07,mle,-0.25642233678404813,0.41466845422787507,ok,True,True,extraction,
audusd,2560,2016-03-22,2048,2559,512,-0.9349243689471648,linear,52,0,52,52,0,52,0.1,0.1015625,0.1015625,0.41883004587457706,4.1883004587457703e-07,mle,-0.25642233678404813,0.41466845422787507,ok,True,True,extraction,
audusd,2561,2016-03-23,2049,2560,512,-0.9349243689471648,linear,52,0,52,52,0,52,0.1,0.1015625,0.1015625,0.41883004587457706,4.1883004587457703e-07,mle,-0.25642233678404813,0.41466845422787507,ok,True,True,extraction,
audusd,2562,2016-03-24,2050,2561,512,-0.9349243689471648,linear,52,0,52,52,0,52,0.1,0.1015625,0.1015625,0.41883004587457706,4.1883004587457703e-07,mle,-0.25642233678404813,0.41466845422787507,ok,True,True,extraction,
audusd,2563,2016-03-25,2051,2562,512,-0.9469731917443902,linear,52,0,52,52,0,52,0.1,0.1015625,0.1015625,0.42209489612789153,4.220948961278915e-07,mle,-0.23925953716839238,0.3988882039555269,ok,True,True,extraction,
audusd,2564,2016-03-28,2052,2563,512,-0.9469731917443902,linear,52,0,52,52,0,52,0.1,0.1015625,0.1015625,0.41883004587457706,4.1883004587457703e-07,mle,-0.23925953716839238,0.3988882039555269,ok,True,True,extraction,
audusd,2565,2016-03-29,2053,2564,512,-0.9469731917443902,linear,52,0,52,52,0,52,0.1,0.1015625,0.1015625,0.41883004587457706,4.1883004587457703e-07,mle,-0.23925953716839238,0.3988882039555269,ok,True,True,extraction,
audusd,2566,2016-03-30,2054,2565,512,-0.9469731917443902,linear,52,0,52,52,0,52,0.1,0.1015625,0.1015625,0.42209489612789153,4.220948961278915e-07,mle,-0.23925953716839238,0.3988882039555269,ok,True,True,extraction,
audusd,2567,2016-03-31,2055,2566,512,-0.9469731917443902,linear,52,0,52,52,0,52,0.1,0.1015625,0.1015625,0.42741204080784456,4.274120408078445e-07,mle,-0.23925953716839238,0.3988882039555269,ok,True,True,extraction,
audusd,2568,2016-04-01,2056,2567,512,-0.9469731917443902,linear,52,0,52,52,0,52,0.1,0.1015625,0.1015625,0.42741204080784456,4.274120408078445e-07,mle,-0.23925953716839238,0.3988882039555269,ok,True,True,extraction,
audusd,2569,2016-04-04,2057,2568,512,-0.9469731917443902,linear,52,0,52,52,0,52,0.1,0.1015625,0.1015625,0.42209489612789153,4.220948961278915e-07,mle,-0.23925953716839238,0.3988882039555269,ok,True,True,extraction,
audusd,2570,2016-04-05,2058,2569,512,-0.9469731917443902,linear,52,0,52,52,0,52,0.1,0.1015625,0.1015625,0.42209489612789153,4.220948961278915e-07,mle,-0.23925953716839238,0.3988882039555269,ok,True,True,extraction,
audusd,2571,2016-04-06,2059,2570,512,-0.9469731917443902,linear,52,0,52,52,0,52,0.1,0.1015625,0.1015625,0.42209489612789153,4.220948961278915e-07,mle,-0.23925953716839238,0.3988882039555269,ok,True,True,extraction,
audusd,2572,2016-04-07,2060,2571,512,-0.9469731917443902,linear,52,0,52,52,0,52,0.1,0.1015625,0.1015625,0.42741204080784456,4.274120408078445e-07,mle,-0.23925953716839238,0.3988882039555269,ok,True,True,extraction,
audusd,2573,2016-04-08,2061,2572,512,-0.9469731917443902,linear,52,0,52,52,0,52,0.1,0.1015625,0.1015625,0.43083114815157997,4.3083114815157997e-07,mle,-0.23925953716839238,0.3988882039555269,ok,True,True,extraction,
audusd,2574,2016-04-11,2062,2573,512,-0.9659988576048241,linear,52,0,52,52,0,52,0.1,0.1015625,0.1015625,0.43664629078763506,4.3664629078763505e-07,mle,-0.21171398172963796,0.3750461269113876,ok,True,True,extraction,
audusd,2575,2016-04-12,2063,2574,512,-0.9659988576048241,linear,52,0,52,52,0,52,0.1,0.1015625,0.1015625,0.43341682557662364,4.334168255766236e-07,mle,-0.21171398172963796,0.3750461269113876,ok,True,True,extraction,
audusd,2576,2016-04-13,2064,2575,512,-0.9659988576048241,linear,52,0,52,52,0,52,0.1,0.1015625,0.1015625,0.43341682557662364,4.334168255766236e-07,mle,-0.21171398172963796,0.3750461269113876,ok,True,True,extraction,
audusd,2577,2016-04-14,2065,2576,512,-0.9659988576048241,linear,52,0,52,52,0,52,0.1,0.1015625,0.1015625,0.4381183993270072,4.3811839932700715e-07,mle,-0.21171398172963796,0.3750461269113876,ok,True,True,extraction,
audusd,2578,2016-04-15,2066,2577,512,-0.9659988576048241,linear,52,0,52,52,0,52,0.1,0.1015625,0.1015625,0.4381183993270072,4.3811839932700715e-07,mle,-0.21171398172963796,0.3750461269113876,ok,True,True,extraction,
audusd,2579,2016-04-18,2067,2578,512,-0.9659988576048241,linear,52,0,52,52,0,52,0.1,0.1015625,0.1015625,0.4394307181376853,4.394307181376853e-07,mle,-0.21171398172963796,0.3750461269113876,ok,True,True,extraction,
audusd,2580,2016-04-19,2068,2579,512,-0.9659988576048241,linear,52,0,52,52,0,52,0.1,0.1015625,0.1015625,0.4413478645380186,4.413478645380186e-07,mle,-0.21171398172963796,0.3750461269113876,ok,True,True,extraction,
audusd,2581,2016-04-20,2069,2580,512,-0.9659988576048241,linear,52,0,52,52,0,52,0.1,0.1015625,0.1015625,0.44164034898158006,4.4164034898158e-07,mle,-0.21171398172963796,0.3750461269113876,ok,True,True,extraction,
audusd,2582,2016-04-21,2070,2581,512,-0.9659988576048241,linear,52,0,52,52,0,52,0.1,0.1015625,0.1015625,0.44164034898158006,4.4164034898158e-07,mle,-0.21171398172963796,0.3750461269113876,ok,True,True,extraction,
audusd,2583,2016-04-22,2071,2582,512,-0.9659988576048241,linear,52,0,52,52,0,52,0.1,0.1015625,0.1015625,0.44164034898158006,4.4164034898158e-07,mle,-0.21171398172963796,0.3750461269113876,ok,True,True,extraction,
audusd,2584,2016-04-25,2072,2583,512,-0.9659988576048241,linear,52,0,52,52,0,52,0.1,0.1015625,0.1015625,0.44164034898158006,4.4164034898158e-07,mle,-0.21171398172963796,0.3750461269113876,ok,True,True,extraction,
audusd,2585,2016-04-26,2073,2584,512,-0.9659988576048241,linear,52,0,52,52,0,52,0.1,0.1015625,0.1015625,0.44164034898158006,4.4164034898158e-07,mle,-0.21171398172963796,0.3750461269113876,ok,True,True,extraction,
audusd,2586,2016-04-27,2074,2585,512,-0.9659988576048241,linear,52,0,52,52,0,52,0.1,0.1015625,0.1015625,0.4413478645380186,4.413478645380186e-07,mle,-0.21171398172963796,0.3750461269113876,ok,True,True,extraction,
audusd,2587,2016-04-28,2075,2586,512,-0.9659988576048241,linear,52,0,52,52,0,52,0.1,0.1015625,0.1015625,0.4413478645380186,4.413478645380186e-07,mle,-0.21171398172963796,0.3750461269113876,ok,True,True,extraction,
audusd,2588,2016-04-29,2076,2587,512,-0.9770577202633907,linear,52,0,52,52,0,52,0.1,0.1015625,0.1015625,0.44164034898158006,4.4164034898158e-07,mle,-0.22082053785510722,0.3865308737221523,ok,True,True,extraction,
audusd,2589,2016-05-02,2077,2588,512,-0.9770577202633907,linear,52,0,52,52,0,52,0.1,0.1015625,0.1015625,0.44164034898158006,4.4164034898158e-07,mle,-0.22082053785510722,0.3865308737221523,ok,True,True,extraction,
audusd,2590,2016-05-03,2078,2589,512,-0.9770577202633907,linear,52,0,52,52,0,52,0.1,0.1015625,0.1015625,0.44164034898158006,4.4164034898158e-07,mle,-0.22082053785510722,0.3865308737221523,ok,True,True,extraction,
audusd,2591,2016-05-04,2079,2590,512,-0.9770577202633907,linear,52,0,52,52,0,52,0.1,0.1015625,0.1015625,0.4433082176326143,4.433082176326143e-07,mle,-0.22082053785510722,0.3865308737221523,ok,True,True,extraction,
audusd,2592,2016-05-05,2080,2591,512,-0.9913371690636233,linear,52,0,52,52,0,52,0.1,0.1015625,0.1015625,0.4461312074508035,4.4613120745080345e-07,mle,-0.15035386603566137,0.3731746125439166,ok,True,True,extraction,
audusd,2593,2016-05-06,2081,2592,512,-0.9913371690636233,linear,52,0,52,52,0,52,0.1,0.1015625,0.1015625,0.4461312074508035,4.4613120745080345e-07,mle,-0.15035386603566137,0.3731746125439166,ok,True,True,extraction,
audusd,2594,2016-05-09,2082,2593,512,-0.9770577202633907,linear,52,0,52,52,0,52,0.1,0.1015625,0.1015625,0.4433082176326143,4.433082176326143e-07,mle,-0.1930918700972332,0.4023874983203668,ok,True,True,extraction,
audusd,2595,2016-05-10,2083,2594,512,-0.9913371690636233,linear,52,0,52,52,0,52,0.1,0.1015625,0.1015625,0.4461312074508035,4.4613120745080345e-07,mle,-0.18045135755876995,0.38937464720540316,ok,True,True,extraction,
audusd,2596,2016-05-11,2084,2595,512,-0.9913371690636233,linear,52,0,52,52,0,52,0.1,0.1015625,0.1015625,0.447513601121919,4.47513601121919e-07,mle,-0.18045135755876995,0.38937464720540316,ok,True,True,extraction,
audusd,2597,2016-05-12,2085,2596,512,-0.9913371690636233,linear,52,0,52,52,0,52,0.1,0.1015625,0.1015625,0.4480669161959054,4.480669161959054e-07,mle,-0.18045135755876995,0.38937464720540316,ok,True,True,extraction,
audusd,2598,2016-05-13,2086,2597,512,-0.9913371690636233,linear,52,0,52,52,0,52,0.1,0.1015625,0.1015625,0.45147508854401397,4.5147508854401394e-07,mle,-0.18045135755876995,0.38937464720540316,ok,True,True,extraction,
audusd,2599,2016-05-16,2087,2598,512,-0.9913371690636233,linear,52,0,52,52,0,52,0.1,0.1015625,0.1015625,0.4554502347066781,4.5545023470667807e-07,mle,-0.18045135755876995,0.38937464720540316,ok,True,True,extraction,
audusd,2600,2016-05-17,2088,2599,512,-0.9913371690636233,linear,52,0,52,52,0,52,0.1,0.1015625,0.1015625,0.4567164311002998,4.5671643110029977e-07,mle,-0.18045135755876995,0.38937464720540316,ok,True,True,extraction,
audusd,2601,2016-05-18,2089,2600,512,-0.9913371690636233,linear,52,0,52,52,0,52,0.1,0.1015625,0.1015625,0.4554502347066781,4.5545023470667807e-07,mle,-0.18045135755876995,0.38937464720540316,ok,True,True,extraction,
audusd,2602,2016-05-19,2090,2601,512,-0.9913371690636233,linear,52,0,52,52,0,52,0.1,0.1015625,0.1015625,0.45202840361800034,4.520284036180003e-07,mle,-0.18045135755876995,0.38937464720540316,ok,True,True,extraction,
audusd,2603,2016-05-20,2091,2602,512,-0.9959441822360812,linear,52,0,52,52,0,52,0.1,0.1015625,0.1015625,0.45202840361800034,4.520284036180003e-07,mle,-0.1865072485559229,0.3903981940383417,ok,True,True,extraction,
audusd,2604,2016-05-23,2092,2603,512,-0.9959441822360812,linear,52,0,52,52,0,52,0.1,0.1015625,0.1015625,0.45202840361800034,4.520284036180003e-07,mle,-0.1865072485559229,0.3903981940383417,ok,True,True,extraction,
audusd,2605,2016-05-24,2093,2604,512,-0.9959441822360812,linear,52,0,52,52,0,52,0.1,0.1015625,0.1015625,0.4554502347066781,4.5545023470667807e-07,mle,-0.1865072485559229,0.3903981940383417,ok,True,True,extraction,
audusd,2606,2016-05-25,2094,2605,512,-0.9959441822360812,linear,52,0,52,52,0,52,0.1,0.1015625,0.1015625,0.4531314160489323,4.531314160489323e-07,mle,-0.1865072485559229,0.3903981940383417,ok,True,True,extraction,
audusd,2607,2016-05-26,2095,2606,512,-0.9959441822360812,linear,52,0,52,52,0,52,0.1,0.1015625,0.1015625,0.4515682666575597,4.515682666575597e-07,mle,-0.1865072485559229,0.3903981940383417,ok,True,True,extraction,
audusd,2608,2016-05-27,2096,2607,512,-0.9959441822360812,linear,52,0,52,52,0,52,0.1,0.1015625,0.1015625,0.4512871507461482,4.512871507461482e-07,mle,-0.1865072485559229,0.3903981940383417,ok,True,True,extraction,
audusd,2609,2016-05-30,2097,2608,512,-0.9959441822360812,linear,52,0,52,52,0,52,0.1,0.1015625,0.1015625,0.4544668664319014,4.5446686643190134e-07,mle,-0.1865072485559229,0.3903981940383417,ok,True,True,extraction,
audusd,2610,2016-05-31,2098,2609,512,-0.9959441822360812,linear,52,0,52,52,0,52,0.1,0.1015625,0.1015625,0.45675929029217965,4.567592902921796e-07,mle,-0.1865072485559229,0.3903981940383417,ok,True,True,extraction,
audusd,2611,2016-06-01,2099,2610,512,-0.9959441822360812,linear,52,0,52,52,0,52,0.1,0.1015625,0.1015625,0.4551113419388907,4.5511134193889065e-07,mle,-0.1865072485559229,0.3903981940383417,ok,True,True,extraction,
audusd,2612,2016-06-02,2100,2611,512,-0.9959441822360812,linear,52,0,52,52,0,52,0.1,0.1015625,0.1015625,0.45603987760939,4.5603987760939e-07,mle,-0.1865072485559229,0.3903981940383417,ok,True,True,extraction,
audusd,2613,2016-06-03,2101,2612,512,-0.9959441822360812,linear,52,0,52,52,0,52,0.1,0.1015625,0.1015625,0.45603987760939,4.5603987760939e-07,mle,-0.1865072485559229,0.3903981940383417,ok,True,True,extraction,
audusd,2614,2016-06-06,2102,2613,512,-0.9959441822360812,linear,52,0,52,52,0,52,0.1,0.1015625,0.1015625,0.4544668664319014,4.5446686643190134e-07,mle,-0.1865072485559229,0.3903981940383417,ok,True,True,extraction,
audusd,2615,2016-06-07,2103,2614,512,-0.9959441822360812,linear,52,0,52,52,0,52,0.1,0.1015625,0.1015625,0.4544668664319014,4.5446686643190134e-07,mle,-0.1865072485559229,0.3903981940383417,ok,True,True,extraction,
audusd,2616,2016-06-08,2104,2615,512,-0.9959441822360812,linear,52,0,52,52,0,52,0.1,0.1015625,0.1015625,0.4544668664319014,4.5446686643190134e-07,mle,-0.1865072485559229,0.3903981940383417,ok,True,True,extraction,
audusd,2617,2016-06-09,2105,2616,512,-0.9959441822360812,linear,52,0,52,52,0,52,0.1,0.1015625,0.1015625,0.4538728281711919,4.538728281711919e-07,mle,-0.1865072485559229,0.3903981940383417,ok,True,True,extraction,
audusd,2618,2016-06-10,2106,2617,512,-0.9959441822360812,linear,52,0,52,52,0,52,0.1,0.1015625,0.1015625,0.45569487511183493,4.556948751118349e-07,mle,-0.1865072485559229,0.3903981940383417,ok,True,True,extraction,
audusd,2619,2016-06-13,2107,2618,512,-1.0001227427208326,linear,52,0,52,52,0,52,0.1,0.1015625,0.1015625,0.45569487511183493,4.556948751118349e-07,mle,-0.1804374892464674,0.38511543088824046,ok,True,True,extraction,
audusd,2620,2016-06-14,2108,2619,512,-1.0001227427208326,linear,52,0,52,52,0,52,0.1,0.1015625,0.1015625,0.4593449677172233,4.5934496771722324e-07,mle,-0.1804374892464674,0.38511543088824046,ok,True,True,extraction,
audusd,2621,2016-06-15,2109,2620,512,-1.0001227427208326,linear,52,0,52,52,0,52,0.1,0.1015625,0.1015625,0.4593449677172233,4.5934496771722324e-07,mle,-0.1804374892464674,0.38511543088824046,ok,True,True,extraction,
audusd,2622,2016-06-16,2110,2621,512,-1.0001227427208326,linear,52,0,52,52,0,52,0.1,0.1015625,0.1015625,0.45777403902878233,4.5777403902878233e-07,mle,-0.1804374892464674,0.38511543088824046,ok,True,True,extraction,
audusd,2623,2016-06-17,2111,2622,512,-1.0001227427208326,linear,52,0,52,52,0,52,0.1,0.1015625,0.1015625,0.4586197958758749,4.586197958758749e-07,mle,-0.1804374892464674,0.38511543088824046,ok,True,True,extraction,
audusd,2624,2016-06-20,2112,2623,512,-1.0001227427208326,linear,52,0,52,52,0,52,0.1,0.1015625,0.1015625,0.45762462448561375,4.576246244856137e-07,mle,-0.1804374892464674,0.38511543088824046,ok,True,True,extraction,
audusd,2625,2016-06-21,2113,2624,512,-1.0001227427208326,linear,52,0,52,52,0,52,0.1,0.1015625,0.1015625,0.45777403902878233,4.5777403902878233e-07,mle,-0.1804374892464674,0.38511543088824046,ok,True,True,extraction,
audusd,2626,2016-06-22,2114,2625,512,-1.0001227427208326,linear,52,0,52,52,0,52,0.1,0.1015625,0.1015625,0.45769701936393437,4.5769701936393434e-07,mle,-0.1804374892464674,0.38511543088824046,ok,True,True,extraction,
audusd,2627,2016-06-23,2115,2626,512,-1.0001227427208326,linear,52,0,52,52,0,52,0.1,0.1015625,0.1015625,0.45768782596267893,4.576878259626789e-07,mle,-0.1804374892464674,0.38511543088824046,ok,True,True,extraction,
audusd,2628,2016-06-24,2116,2627,512,-1.0001227427208326,linear,52,0,52,52,0,52,0.1,0.1015625,0.1015625,0.45777403902878233,4.5777403902878233e-07,mle,-0.1804374892464674,0.38511543088824046,ok,True,True,extraction,
audusd,2629,2016-06-27,2117,2628,512,-1.0001227427208326,linear,52,0,52,52,0,52,0.1,0.1015625,0.1015625,0.45777403902878233,4.5777403902878233e-07,mle,-0.1804374892464674,0.38511543088824046,ok,True,True,extraction,
audusd,2630,2016-06-28,2118,2629,512,-1.006839658874852,linear,52,0,52,52,0,52,0.1,0.1015625,0.1015625,0.45929421267987736,4.5929421267987736e-07,mle,-0.1971454318775575,0.39164269453287526,ok,True,True,extraction,
audusd,2631,2016-06-29,2119,2630,512,-1.006839658874852,linear,52,0,52,52,0,52,0.1,0.1015625,0.1015625,0.4607285088655348,4.6072850886553475e-07,mle,-0.1971454318775575,0.39164269453287526,ok,True,True,extraction,
audusd,2632,2016-06-30,2120,2631,512,-1.006839658874852,linear,52,0,52,52,0,52,0.1,0.1015625,0.1015625,0.46233400562878735,4.6233400562878735e-07,mle,-0.1971454318775575,0.39164269453287526,ok,True,True,extraction,
audusd,2633,2016-07-01,2121,2632,512,-1.006839658874852,linear,52,0,52,52,0,52,0.1,0.1015625,0.1015625,0.46369796943075725,4.636979694307572e-07,mle,-0.1971454318775575,0.39164269453287526,ok,True,True,extraction,
audusd,2634,2016-07-04,2122,2633,512,-1.006839658874852,linear,52,0,52,52,0,52,0.1,0.1015625,0.1015625,0.46369796943075725,4.636979694307572e-07,mle,-0.1971454318775575,0.39164269453287526,ok,True,True,extraction,
audusd,2635,2016-07-05,2123,2634,512,-1.006839658874852,linear,52,0,52,52,0,52,0.1,0.1015625,0.1015625,0.46369796943075725,4.636979694307572e-07,mle,-0.1971454318775575,0.39164269453287526,ok,True,True,extraction,
audusd,2636,2016-07-06,2124,2635,512,-1.006839658874852,linear,52,0,52,52,0,52,0.1,0.1015625,0.1015625,0.46543008261591834,4.654300826159183e-07,mle,-0.1971454318775575,0.39164269453287526,ok,True,True,extraction,
audusd,2637,2016-07-07,2125,2636,512,-1.016713415887247,linear,52,0,52,52,0,52,0.1,0.1015625,0.1015625,0.4647377353753458,4.6473773537534577e-07,mle,-0.17821068753643388,0.376843678613622,ok,True,True,extraction,
audusd,2638,2016-07-08,2126,2637,512,-1.016713415887247,linear,52,0,52,52,0,52,0.1,0.1015625,0.1015625,0.4670497365819656,4.6704973658196557e-07,mle,-0.17821068753643388,0.376843678613622,ok,True,True,extraction,
audusd,2639,2016-07-11,2127,2638,512,-1.016713415887247,linear,52,0,52,52,0,52,0.1,0.1015625,0.1015625,0.46592332522981383,4.659233252298138e-07,mle,-0.17821068753643388,0.376843678613622,ok,True,True,extraction,
audusd,2640,2016-07-12,2128,2639,512,-1.016713415887247,linear,52,0,52,52,0,52,0.1,0.1015625,0.1015625,0.46592332522981383,4.659233252298138e-07,mle,-0.17821068753643388,0.376843678613622,ok,True,True,extraction,
audusd,2641,2016-07-13,2129,2640,512,-1.016713415887247,linear,52,0,52,52,0,52,0.1,0.1015625,0.1015625,0.46592332522981383,4.659233252298138e-07,mle,-0.17821068753643388,0.376843678613622,ok,True,True,extraction,
audusd,2642,2016-07-14,2130,2641,512,-1.016713415887247,linear,52,0,52,52,0,52,0.1,0.1015625,0.1015625,0.4682353264364336,4.682353264364336e-07,mle,-0.17821068753643388,0.376843678613622,ok,True,True,extraction,
audusd,2643,2016-07-15,2131,2642,512,-1.016713415887247,linear,52,0,52,52,0,52,0.1,0.1015625,0.1015625,0.4666156724703864,4.6661567247038636e-07,mle,-0.17821068753643388,0.376843678613622,ok,True,True,extraction,
audusd,2644,2016-07-18,2132,2643,512,-1.016713415887247,linear,52,0,52,52,0,52,0.1,0.1015625,0.1015625,0.4682353264364336,4.682353264364336e-07,mle,-0.17821068753643388,0.376843678613622,ok,True,True,extraction,
audusd,2645,2016-07-19,2133,2644,512,-1.016713415887247,linear,52,0,52,52,0,52,0.1,0.1015625,0.1015625,0.4670497365819656,4.6704973658196557e-07,mle,-0.17821068753643388,0.376843678613622,ok,True,True,extraction,
audusd,2646,2016-07-20,2134,2645,512,-1.016713415887247,linear,52,0,52,52,0,52,0.1,0.1015625,0.1015625,0.4670497365819656,4.6704973658196557e-07,mle,-0.17821068753643388,0.376843678613622,ok,True,True,extraction,
audusd,2647,2016-07-21,2135,2646,512,-1.016713415887247,linear,52,0,52,52,0,52,0.1,0.1015625,0.1015625,0.4666156724703864,4.6661567247038636e-07,mle,-0.17821068753643388,0.376843678613622,ok,True,True,extraction,
audusd,2648,2016-07-22,2136,2647,512,-1.016713415887247,linear,52,0,52,52,0,52,0.1,0.1015625,0.1015625,0.46781877925882853,4.6781877925882853e-07,mle,-0.17821068753643388,0.376843678613622,ok,True,True,extraction,
audusd,2649,2016-07-25,2137,2648,512,-1.016713415887247,linear,52,0,52,52,0,52,0.1,0.1015625,0.1015625,0.46896345267599404,4.6896345267599403e-07,mle,-0.17821068753643388,0.376843678613622,ok,True,True,extraction,
audusd,2650,2016-07-26,2138,2649,512,-1.016713415887247,linear,52,0,52,52,0,52,0.1,0.1015625,0.1015625,0.46781877925882853,4.6781877925882853e-07,mle,-0.17821068753643388,0.376843678613622,ok,True,True,extraction,
audusd,2651,2016-07-27,2139,2650,512,-1.016713415887247,linear,52,0,52,52,0,52,0.1,0.1015625,0.1015625,0.46592332522981383,4.659233252298138e-07,mle,-0.17821068753643388,0.376843678613622,ok,True,True,extraction,
audusd,2652,2016-07-28,2140,2651,512,-1.016713415887247,linear,52,0,52,52,0,52,0.1,0.1015625,0.1015625,0.4666156724703864,4.6661567247038636e-07,mle,-0.17821068753643388,0.376843678613622,ok,True,True,extraction,
audusd,2653,2016-07-29,2141,2652,512,-1.016713415887247,linear,52,0,52,52,0,52,0.1,0.1015625,0.1015625,0.4682353264364336,4.682353264364336e-07,mle,-0.17821068753643388,0.376843678613622,ok,True,True,extraction,
audusd,2654,2016-08-01,2142,2653,512,-1.016713415887247,linear,52,0,52,52,0,52,0.1,0.1015625,0.1015625,0.4666156724703864,4.6661567247038636e-07,mle,-0.17821068753643388,0.376843678613622,ok,True,True,extraction,
audusd,2655,2016-08-02,2143,2654,512,-1.016713415887247,linear,52,0,52,52,0,52,0.1,0.1015625,0.1015625,0.46896345267599404,4.6896345267599403e-07,mle,-0.17821068753643388,0.376843678613622,ok,True,True,extraction,
audusd,2656,2016-08-03,2144,2655,512,-1.016713415887247,linear,52,0,52,52,0,52,0.1,0.1015625,0.1015625,0.4696115162176554,4.6961151621765536e-07,mle,-0.17821068753643388,0.376843678613622,ok,True,True,extraction,
audusd,2657,2016-08-04,2145,2656,512,-1.016713415887247,linear,52,0,52,52,0,52,0.1,0.1015625,0.1015625,0.4714787977173502,4.7147879771735015e-07,mle,-0.17821068753643388,0.376843678613622,ok,True,True,extraction,
audusd,2658,2016-08-05,2146,2657,512,-1.016713415887247,linear,52,0,52,52,0,52,0.1,0.1015625,0.1015625,0.47389423257998936,4.7389423257998936e-07,mle,-0.17821068753643388,0.376843678613622,ok,True,True,extraction,
audusd,2659,2016-08-08,2147,2658,512,-1.016713415887247,linear,52,0,52,52,0,52,0.1,0.1015625,0.1015625,0.4745942719791008,4.745942719791008e-07,mle,-0.17821068753643388,0.376843678613622,ok,True,True,extraction,
audusd,2660,2016-08-09,2148,2659,512,-1.016713415887247,linear,52,0,52,52,0,52,0.1,0.1015625,0.1015625,0.4745942719791008,4.745942719791008e-07,mle,-0.17821068753643388,0.376843678613622,ok,True,True,extraction,
audusd,2661,2016-08-10,2149,2660,512,-1.016713415887247,linear,52,0,52,52,0,52,0.1,0.1015625,0.1015625,0.47641015944863135,4.7641015944863133e-07,mle,-0.17821068753643388,0.376843678613622,ok,True,True,extraction,
audusd,2662,2016-08-11,2150,2661,512,-1.016713415887247,linear,52,0,52,52,0,52,0.1,0.1015625,0.1015625,0.47445832969051954,4.744583296905195e-07,mle,-0.17821068753643388,0.376843678613622,ok,True,True,extraction,
audusd,2663,2016-08-12,2151,2662,512,-1.016713415887247,linear,52,0,52,52,0,52,0.1,0.1015625,0.1015625,0.47453230443869265,4.7453230443869265e-07,mle,-0.17821068753643388,0.376843678613622,ok,True,True,extraction,
audusd,2664,2016-08-15,2152,2663,512,-1.016713415887247,linear,52,0,52,52,0,52,0.1,0.1015625,0.1015625,0.4762636436498062,4.762636436498062e-07,mle,-0.17821068753643388,0.376843678613622,ok,True,True,extraction,
audusd,2665,2016-08-16,2153,2664,512,-1.016713415887247,linear,52,0,52,52,0,52,0.1,0.1015625,0.1015625,0.48139852861796384,4.813985286179638e-07,mle,-0.17821068753643388,0.376843678613622,ok,True,True,extraction,
audusd,2666,2016-08-17,2154,2665,512,-1.016713415887247,linear,52,0,52,52,0,52,0.1,0.1015625,0.1015625,0.48139852861796384,4.813985286179638e-07,mle,-0.17821068753643388,0.376843678613622,ok,True,True,extraction,
audusd,2667,2016-08-18,2155,2666,512,-1.016713415887247,linear,52,0,52,52,0,52,0.1,0.1015625,0.1015625,0.47881502080102667,4.788150208010266e-07,mle,-0.17821068753643388,0.376843678613622,ok,True,True,extraction,
audusd,2668,2016-08-19,2156,2667,512,-1.016713415887247,linear,52,0,52,52,0,52,0.1,0.1015625,0.1015625,0.48139852861796384,4.813985286179638e-07,mle,-0.17821068753643388,0.376843678613622,ok,True,True,extraction,
audusd,2669,2016-08-22,2157,2668,512,-1.016713415887247,linear,52,0,52,52,0,52,0.1,0.1015625,0.1015625,0.4762636436498062,4.762636436498062e-07,mle,-0.17821068753643388,0.376843678613622,ok,True,True,extraction,
audusd,2670,2016-08-23,2158,2669,512,-1.016713415887247,linear,52,0,52,52,0,52,0.1,0.1015625,0.1015625,0.48084521354397747,4.808452135439775e-07,mle,-0.17821068753643388,0.376843678613622,ok,True,True,extraction,
audusd,2671,2016-08-24,2159,2670,512,-1.016713415887247,linear,52,0,52,52,0,52,0.1,0.1015625,0.1015625,0.4762636436498062,4.762636436498062e-07,mle,-0.17821068753643388,0.376843678613622,ok,True,True,extraction,
audusd,2672,2016-08-25,2160,2671,512,-1.016713415887247,linear,52,0,52,52,0,52,0.1,0.1015625,0.1015625,0.48084521354397747,4.808452135439775e-07,mle,-0.17821068753643388,0.376843678613622,ok,True,True,extraction,
audusd,2673,2016-08-26,2161,2672,512,-1.016713415887247,linear,52,0,52,52,0,52,0.1,0.1015625,0.1015625,0.4795826411484333,4.795826411484333e-07,mle,-0.17821068753643388,0.376843678613622,ok,True,True,extraction,
audusd,2674,2016-08-29,2162,2673,512,-1.016713415887247,linear,52,0,52,52,0,52,0.1,0.1015625,0.1015625,0.47272699047940603,4.72726990479406e-07,mle,-0.17821068753643388,0.376843678613622,ok,True,True,extraction,
audusd,2675,2016-08-30,2163,2674,512,-1.0280907620500799,linear,52,0,52,52,0,52,0.1,0.1015625,0.1015625,0.47272699047940603,4.72726990479406e-07,mle,-0.13913067723685374,0.3519445541542886,ok,True,True,extraction,
audusd,2676,2016-08-31,2164,2675,512,-1.0280907620500799,linear,52,0,52,52,0,52,0.1,0.1015625,0.1015625,0.4715828132006554,4.715828132006554e-07,mle,-0.13913067723685374,0.3519445541542886,ok,True,True,extraction,
audusd,2677,2016-09-01,2165,2676,512,-1.0280907620500799,linear,52,0,52,52,0,52,0.1,0.1015625,0.1015625,0.4715828132006554,4.715828132006554e-07,mle,-0.13913067723685374,0.3519445541542886,ok,True,True,extraction,
audusd,2678,2016-09-02,2166,2677,512,-1.0280907620500799,linear,52,0,52,52,0,52,0.1,0.1015625,0.1015625,0.47148834256861305,4.71488342568613e-07,mle,-0.13913067723685374,0.3519445541542886,ok,True,True,extraction,
audusd,2679,2016-09-05,2167,2678,512,-1.0280907620500799,linear,52,0,52,52,0,52,0.1,0.1015625,0.1015625,0.4714037943101961,4.7140379431019606e-07,mle,-0.13913067723685374,0.3519445541542886,ok,True,True,extraction,
audusd,2680,2016-09-06,2168,2679,512,-1.016713415887247,linear,52,0,52,52,0,52,0.1,0.1015625,0.1015625,0.46846857433659284,4.684685743365928e-07,mle,-0.14030227317576532,0.356756511699702,ok,True,True,extraction,
audusd,2681,2016-09-07,2169,2680,512,-1.016713415887247,linear,52,0,52,52,0,52,0.1,0.1015625,0.1015625,0.46846857433659284,4.684685743365928e-07,mle,-0.14030227317576532,0.356756511699702,ok,True,True,extraction,
audusd,2682,2016-09-08,2170,2681,512,-1.016713415887247,linear,52,0,52,52,0,52,0.1,0.1015625,0.1015625,0.47035087083695565,4.7035087083695564e-07,mle,-0.14030227317576532,0.356756511699702,ok,True,True,extraction,
audusd,2683,2016-09-09,2171,2682,512,-1.016713415887247,linear,52,0,52,52,0,52,0.1,0.1015625,0.1015625,0.4690609978496095,4.6906099784960947e-07,mle,-0.14030227317576532,0.356756511699702,ok,True,True,extraction,
audusd,2684,2016-09-12,2172,2683,512,-1.016713415887247,linear,52,0,52,52,0,52,0.1,0.1015625,0.1015625,0.4690609978496095,4.6906099784960947e-07,mle,-0.14030227317576532,0.356756511699702,ok,True,True,extraction,
audusd,2685,2016-09-13,2173,2684,512,-1.0280907620500799,linear,52,0,52,52,0,52,0.1,0.1015625,0.1015625,0.4697669257311249,4.6976692573112487e-07,mle,-0.13757217116756587,0.3510763801611378,ok,True,True,extraction,
audusd,2686,2016-09-14,2174,2685,512,-1.0280907620500799,linear,52,0,52,52,0,52,0.1,0.1015625,0.1015625,0.4690609978496095,4.6906099784960947e-07,mle,-0.13757217116756587,0.3510763801611378,ok,True,True,extraction,
audusd,2687,2016-09-15,2175,2686,512,-1.0356454667421886,linear,52,0,52,52,0,52,0.1,0.1015625,0.1015625,0.4690609978496095,4.6906099784960947e-07,mle,-0.14061619076339305,0.34933762835361387,ok,True,True,extraction,
audusd,2688,2016-09-16,2176,2687,512,-1.0356454667421886,linear,52,0,52,52,0,52,0.1,0.1015625,0.1015625,0.4689972834328644,4.6899728343286435e-07,mle,-0.14061619076339305,0.34933762835361387,ok,True,True,extraction,
audusd,2689,2016-09-19,2177,2688,512,-1.0356454667421886,linear,52,0,52,52,0,52,0.1,0.1015625,0.1015625,0.4689972834328644,4.6899728343286435e-07,mle,-0.14061619076339305,0.34933762835361387,ok,True,True,extraction,
audusd,2690,2016-09-20,2178,2689,512,-1.0356454667421886,linear,52,0,52,52,0,52,0.1,0.1015625,0.1015625,0.4690609978496095,4.6906099784960947e-07,mle,-0.14061619076339305,0.34933762835361387,ok,True,True,extraction,
audusd,2691,2016-09-21,2179,2690,512,-1.0356454667421886,linear,52,0,52,52,0,52,0.1,0.1015625,0.1015625,0.4690609978496095,4.6906099784960947e-07,mle,-0.14061619076339305,0.34933762835361387,ok,True,True,extraction,
audusd,2692,2016-09-22,2180,2691,512,-1.0280907620500799,linear,52,0,52,52,0,52,0.1,0.1015625,0.1015625,0.468836838811184,4.6883683881118394e-07,mle,-0.11947552986336593,0.34073539847210355,ok,True,True,extraction,
audusd,2693,2016-09-23,2181,2692,512,-1.0280907620500799,linear,52,0,52,52,0,52,0.1,0.1015625,0.1015625,0.468836838811184,4.6883683881118394e-07,mle,-0.11947552986336593,0.34073539847210355,ok,True,True,extraction,
audusd,2694,2016-09-26,2182,2693,512,-1.0280907620500799,linear,52,0,52,52,0,52,0.1,0.1015625,0.1015625,0.4673101879340998,4.6731018793409974e-07,mle,-0.11947552986336593,0.34073539847210355,ok,True,True,extraction,
audusd,2695,2016-09-27,2183,2694,512,-1.0280907620500799,linear,52,0,52,52,0,52,0.1,0.1015625,0.1015625,0.46637020816824726,4.6637020816824724e-07,mle,-0.11947552986336593,0.34073539847210355,ok,True,True,extraction,
audusd,2696,2016-09-28,2184,2695,512,-1.0280907620500799,linear,52,0,52,52,0,52,0.1,0.1015625,0.1015625,0.4656622395808109,4.6566223958081083e-07,mle,-0.11947552986336593,0.34073539847210355,ok,True,True,extraction,
audusd,2697,2016-09-29,2185,2696,512,-1.0280907620500799,linear,52,0,52,52,0,52,0.1,0.1015625,0.1015625,0.46781348850443066,4.678134885044306e-07,mle,-0.11947552986336593,0.34073539847210355,ok,True,True,extraction,
audusd,2698,2016-09-30,2186,2697,512,-1.0280907620500799,linear,52,0,52,52,0,52,0.1,0.1015625,0.1015625,0.4664098991822748,4.664098991822748e-07,mle,-0.11947552986336593,0.34073539847210355,ok,True,True,extraction,
audusd,2699,2016-10-03,2187,2698,512,-1.0280907620500799,linear,52,0,52,52,0,52,0.1,0.1015625,0.1015625,0.4664098991822748,4.664098991822748e-07,mle,-0.11947552986336593,0.34073539847210355,ok,True,True,extraction,
audusd,2700,2016-10-04,2188,2699,512,-1.0280907620500799,linear,52,0,52,52,0,52,0.1,0.1015625,0.1015625,0.46376130442379304,4.63761304423793e-07,mle,-0.11947552986336593,0.34073539847210355,ok,True,True,extraction,
audusd,2701,2016-10-05,2189,2700,512,-1.0280907620500799,linear,52,0,52,52,0,52,0.1,0.1015625,0.1015625,0.468062781830033,4.68062781830033e-07,mle,-0.11947552986336593,0.34073539847210355,ok,True,True,extraction,
audusd,2702,2016-10-06,2190,2701,512,-1.0280907620500799,linear,52,0,52,52,0,52,0.1,0.1015625,0.1015625,0.4716811699506661,4.716811699506661e-07,mle,-0.11947552986336593,0.34073539847210355,ok,True,True,extraction,
audusd,2703,2016-10-07,2191,2702,512,-1.0280907620500799,linear,52,0,52,52,0,52,0.1,0.1015625,0.1015625,0.4716811699506661,4.716811699506661e-07,mle,-0.11947552986336593,0.34073539847210355,ok,True,True,extraction,
audusd,2704,2016-10-10,2192,2703,512,-1.0280907620500799,linear,52,0,52,52,0,52,0.1,0.1015625,0.1015625,0.47498454032144566,4.7498454032144566e-07,mle,-0.11947552986336593,0.34073539847210355,ok,True,True,extraction,
audusd,2705,2016-10-11,2193,2704,512,-1.0280907620500799,linear,52,0,52,52,0,52,0.1,0.1015625,0.1015625,0.47224705595733507,4.7224705595733503e-07,mle,-0.11947552986336593,0.34073539847210355,ok,True,True,extraction,
audusd,2706,2016-10-12,2194,2705,512,-1.0280907620500799,linear,52,0,52,52,0,52,0.1,0.1015625,0.1015625,0.47224705595733507,4.7224705595733503e-07,mle,-0.11947552986336593,0.34073539847210355,ok,True,True,extraction,
audusd,2707,2016-10-13,2195,2706,512,-1.0280907620500799,linear,52,0,52,52,0,52,0.1,0.1015625,0.1015625,0.47224705595733507,4.7224705595733503e-07,mle,-0.11947552986336593,0.34073539847210355,ok,True,True,extraction,
audusd,2708,2016-10-14,2196,2707,512,-1.0280907620500799,linear,52,0,52,52,0,52,0.1,0.1015625,0.1015625,0.47498454032144566,4.7498454032144566e-07,mle,-0.11947552986336593,0.34073539847210355,ok,True,True,extraction,
audusd,2709,2016-10-17,2197,2708,512,-1.0280907620500799,linear,52,0,52,52,0,52,0.1,0.1015625,0.1015625,0.4716811699506661,4.716811699506661e-07,mle,-0.11947552986336593,0.34073539847210355,ok,True,True,extraction,
audusd,2710,2016-10-18,2198,2709,512,-1.016713415887247,linear,52,0,52,52,0,52,0.1,0.1015625,0.1015625,0.47136615220081257,4.7136615220081254e-07,mle,-0.15992671067802372,0.3657329784188469,ok,True,True,extraction,
audusd,2711,2016-10-19,2199,2710,512,-1.016713415887247,linear,52,0,52,52,0,52,0.1,0.1015625,0.1015625,0.47136615220081257,4.7136615220081254e-07,mle,-0.15992671067802372,0.3657329784188469,ok,True,True,extraction,
audusd,2712,2016-10-20,2200,2711,512,-1.016713415887247,linear,52,0,52,52,0,52,0.1,0.1015625,0.1015625,0.4701981841431928,4.7019818414319276e-07,mle,-0.15992671067802372,0.3657329784188469,ok,True,True,extraction,
audusd,2713,2016-10-21,2201,2712,512,-1.016713415887247,linear,52,0,52,52,0,52,0.1,0.1015625,0.1015625,0.4701981841431928,4.7019818414319276e-07,mle,-0.15992671067802372,0.3657329784188469,ok,True,True,extraction,
audusd,2714,2016-10-24,2202,2713,512,-1.0280907620500799,linear,52,0,52,52,0,52,0.1,0.1015625,0.1015625,0.4701981841431928,4.7019818414319276e-07,mle,-0.13967657163860442,0.3504017851226266,ok,True,True,extraction,
audusd,2715,2016-10-25,2203,2714,512,-1.016713415887247,linear,52,0,52,52,0,52,0.1,0.1015625,0.1015625,0.46880257026157046,4.6880257026157047e-07,mle,-0.14479368555501937,0.34380539223028794,ok,True,True,extraction,
audusd,2716,2016-10-26,2204,2715,512,-1.016713415887247,linear,52,0,52,52,0,52,0.1,0.1015625,0.1015625,0.46880257026157046,4.6880257026157047e-07,mle,-0.14479368555501937,0.34380539223028794,ok,True,True,extraction,
audusd,2717,2016-10-27,2205,2716,512,-1.016713415887247,linear,52,0,52,52,0,52,0.1,0.1015625,0.1015625,0.46880257026157046,4.6880257026157047e-07,mle,-0.14479368555501937,0.34380539223028794,ok,True,True,extraction,
audusd,2718,2016-10-28,2206,2717,512,-1.016713415887247,linear,52,0,52,52,0,52,0.1,0.1015625,0.1015625,0.46880257026157046,4.6880257026157047e-07,mle,-0.14479368555501937,0.34380539223028794,ok,True,True,extraction,
audusd,2719,2016-10-31,2207,2718,512,-1.016713415887247,linear,52,0,52,52,0,52,0.1,0.1015625,0.1015625,0.46880257026157046,4.6880257026157047e-07,mle,-0.14479368555501937,0.34380539223028794,ok,True,True,extraction,
audusd,2720,2016-11-01,2208,2719,512,-1.016713415887247,linear,52,0,52,52,0,52,0.1,0.1015625,0.1015625,0.46880257026157046,4.6880257026157047e-07,mle,-0.14479368555501937,0.34380539223028794,ok,True,True,extraction,
audusd,2721,2016-11-02,2209,2720,512,-1.016713415887247,linear,52,0,52,52,0,52,0.1,0.1015625,0.1015625,0.46880257026157046,4.6880257026157047e-07,mle,-0.14479368555501937,0.34380539223028794,ok,True,True,extraction,
audusd,2722,2016-11-03,2210,2721,512,-1.016713415887247,linear,52,0,52,52,0,52,0.1,0.1015625,0.1015625,0.46880257026157046,4.6880257026157047e-07,mle,-0.14479368555501937,0.34380539223028794,ok,True,True,extraction,
audusd,2723,2016-11-04,2211,2722,512,-1.016713415887247,linear,52,0,52,52,0,52,0.1,0.1015625,0.1015625,0.4669020549837241,4.6690205498372407e-07,mle,-0.14479368555501937,0.34380539223028794,ok,True,True,extraction,
audusd,2724,2016-11-07,2212,2723,512,-1.016713415887247,linear,52,0,52,52,0,52,0.1,0.1015625,0.1015625,0.4669020549837241,4.6690205498372407e-07,mle,-0.14479368555501937,0.34380539223028794,ok,True,True,extraction,
audusd,2725,2016-11-08,2213,2724,512,-1.006839658874852,linear,52,0,52,52,0,52,0.1,0.1015625,0.1015625,0.4632527777368668,4.6325277773686677e-07,mle,-0.1536069111895249,0.3526231916399377,ok,True,True,extraction,
audusd,2726,2016-11-09,2214,2725,512,-1.006839658874852,linear,52,0,52,52,0,52,0.1,0.1015625,0.1015625,0.4669020549837241,4.6690205498372407e-07,mle,-0.1536069111895249,0.3526231916399377,ok,True,True,extraction,
audusd,2727,2016-11-10,2215,2726,512,-1.006839658874852,linear,52,0,52,52,0,52,0.1,0.1015625,0.1015625,0.4632527777368668,4.6325277773686677e-07,mle,-0.1536069111895249,0.3526231916399377,ok,True,True,extraction,
audusd,2728,2016-11-11,2216,2727,512,-1.016713415887247,linear,52,0,52,52,0,52,0.1,0.1015625,0.1015625,0.4632527777368668,4.6325277773686677e-07,mle,-0.14565663801954715,0.34424895608403033,ok,True,True,extraction,
audusd,2729,2016-11-14,2217,2728,512,-1.016713415887247,linear,52,0,52,52,0,52,0.1,0.1015625,0.1015625,0.4632527777368668,4.6325277773686677e-07,mle,-0.14565663801954715,0.34424895608403033,ok,True,True,extraction,
audusd,2730,2016-11-15,2218,2729,512,-1.016713415887247,linear,52,0,52,52,0,52,0.1,0.1015625,0.1015625,0.4669020549837241,4.6690205498372407e-07,mle,-0.14565663801954715,0.34424895608403033,ok,True,True,extraction,
audusd,2731,2016-11-16,2219,2730,512,-1.016713415887247,linear,52,0,52,52,0,52,0.1,0.1015625,0.1015625,0.4669020549837241,4.6690205498372407e-07,mle,-0.14565663801954715,0.34424895608403033,ok,True,True,extraction,
audusd,2732,2016-11-17,2220,2731,512,-1.006839658874852,linear,52,0,52,52,0,52,0.1,0.1015625,0.1015625,0.4632527777368668,4.6325277773686677e-07,mle,-0.1768839061968512,0.3650376495304441,ok,True,True,extraction,
audusd,2733,2016-11-18,2221,2732,512,-1.006839658874852,linear,52,0,52,52,0,52,0.1,0.1015625,0.1015625,0.4632527777368668,4.6325277773686677e-07,mle,-0.1768839061968512,0.3650376495304441,ok,True,True,extraction,
audusd,2734,2016-11-21,2222,2733,512,-1.0270713483847882,linear,52,0,52,52,0,52,0.1,0.1015625,0.1015625,0.4669020549837241,4.6690205498372407e-07,mle,-0.13855415597224885,0.33635456030981176,ok,True,True,extraction,
audusd,2735,2016-11-22,2223,2734,512,-1.0278940067554274,linear,52,0,52,52,0,52,0.1,0.1015625,0.1015625,0.4669020549837241,4.6690205498372407e-07,mle,-0.1356590292948327,0.3345603640177449,ok,True,True,extraction,
audusd,2736,2016-11-23,2224,2735,512,-1.0278940067554274,linear,52,0,52,52,0,52,0.1,0.1015625,0.1015625,0.46880257026157046,4.6880257026157047e-07,mle,-0.1356590292948327,0.3345603640177449,ok,True,True,extraction,
audusd,2737,2016-11-24,2225,2736,512,-1.0278940067554274,linear,52,0,52,52,0,52,0.1,0.1015625,0.1015625,0.4669020549837241,4.6690205498372407e-07,mle,-0.1356590292948327,0.3345603640177449,ok,True,True,extraction,
audusd,2738,2016-11-25,2226,2737,512,-1.0278940067554274,linear,52,0,52,52,0,52,0.1,0.1015625,0.1015625,0.46880257026157046,4.6880257026157047e-07,mle,-0.1356590292948327,0.3345603640177449,ok,True,True,extraction,
audusd,2739,2016-11-28,2227,2738,512,-1.0278940067554274,linear,52,0,52,52,0,52,0.1,0.1015625,0.1015625,0.4694873579491017,4.6948735794910163e-07,mle,-0.1356590292948327,0.3345603640177449,ok,True,True,extraction,
audusd,2740,2016-11-29,2228,2739,512,-1.0278940067554274,linear,52,0,52,52,0,52,0.1,0.1015625,0.1015625,0.4694873579491017,4.6948735794910163e-07,mle,-0.1356590292948327,0.3345603640177449,ok,True,True,extraction,
audusd,2741,2016-11-30,2229,2740,512,-1.0149426182353753,linear,52,0,52,52,0,52,0.1,0.1015625,0.1015625,0.47245384695942116,4.7245384695942114e-07,mle,-0.17637037682310994,0.3613185155696277,ok,True,True,extraction,
audusd,2742,2016-12-01,2230,2741,512,-1.0149426182353753,linear,52,0,52,52,0,52,0.1,0.1015625,0.1015625,0.46857824140206716,4.6857824140206717e-07,mle,-0.17637037682310994,0.3613185155696277,ok,True,True,extraction,
audusd,2743,2016-12-02,2231,2742,512,-1.0278940067554274,linear,52,0,52,52,0,52,0.1,0.1015625,0.1015625,0.4694873579491017,4.6948735794910163e-07,mle,-0.16120285659120617,0.34763160726960946,ok,True,True,extraction,
audusd,2744,2016-12-05,2232,2743,512,-1.0278940067554274,linear,52,0,52,52,0,52,0.1,0.1015625,0.1015625,0.4694873579491017,4.6948735794910163e-07,mle,-0.16120285659120617,0.34763160726960946,ok,True,True,extraction,
audusd,2745,2016-12-06,2233,2744,512,-1.0149426182353753,linear,52,0,52,52,0,52,0.1,0.1015625,0.1015625,0.46857824140206716,4.6857824140206717e-07,mle,-0.182177257626761,0.3646599712962874,ok,True,True,extraction,
audusd,2746,2016-12-07,2234,2745,512,-1.0149426182353753,linear,52,0,52,52,0,52,0.1,0.1015625,0.1015625,0.46555787196965287,4.655578719696528e-07,mle,-0.182177257626761,0.3646599712962874,ok,True,True,extraction,
audusd,2747,2016-12-08,2235,2746,512,-1.0149426182353753,linear,52,0,52,52,0,52,0.1,0.1015625,0.1015625,0.46555787196965287,4.655578719696528e-07,mle,-0.182177257626761,0.3646599712962874,ok,True,True,extraction,
audusd,2748,2016-12-09,2236,2747,512,-1.0149426182353753,linear,52,0,52,52,0,52,0.1,0.1015625,0.1015625,0.46567186450811193,4.6567186450811193e-07,mle,-0.182177257626761,0.3646599712962874,ok,True,True,extraction,
audusd,2749,2016-12-12,2237,2748,512,-1.0149426182353753,linear,52,0,52,52,0,52,0.1,0.1015625,0.1015625,0.46567186450811193,4.6567186450811193e-07,mle,-0.182177257626761,0.3646599712962874,ok,True,True,extraction,
audusd,2750,2016-12-13,2238,2749,512,-1.0149426182353753,linear,52,0,52,52,0,52,0.1,0.1015625,0.1015625,0.46555787196965287,4.655578719696528e-07,mle,-0.182177257626761,0.3646599712962874,ok,True,True,extraction,
audusd,2751,2016-12-14,2239,2750,512,-1.0149426182353753,linear,52,0,52,52,0,52,0.1,0.1015625,0.1015625,0.47182535975756557,4.718253597575655e-07,mle,-0.182177257626761,0.3646599712962874,ok,True,True,extraction,
audusd,2752,2016-12-15,2240,2751,512,-1.0149426182353753,linear,52,0,52,52,0,52,0.1,0.1015625,0.1015625,0.46857824140206716,4.6857824140206717e-07,mle,-0.182177257626761,0.3646599712962874,ok,True,True,extraction,
audusd,2753,2016-12-16,2241,2752,512,-1.0278940067554274,linear,52,0,52,52,0,52,0.1,0.1015625,0.1015625,0.4694873579491017,4.6948735794910163e-07,mle,-0.15207270523652547,0.34285760787430414,ok,True,True,extraction,
audusd,2754,2016-12-19,2242,2753,512,-1.0278940067554274,linear,52,0,52,52,0,52,0.1,0.1015625,0.1015625,0.4715889389060197,4.715889389060197e-07,mle,-0.15207270523652547,0.34285760787430414,ok,True,True,extraction,
audusd,2755,2016-12-20,2243,2754,512,-1.0462382786558415,linear,52,0,52,52,0,52,0.1,0.1015625,0.1015625,0.47224705595733507,4.7224705595733503e-07,mle,-0.08533423075151768,0.30330072135071295,ok,True,True,extraction,
audusd,2756,2016-12-21,2244,2755,512,-1.0462382786558415,linear,52,0,52,52,0,52,0.1,0.1015625,0.1015625,0.4732032610436556,4.732032610436556e-07,mle,-0.08533423075151768,0.30330072135071295,ok,True,True,extraction,
audusd,2757,2016-12-22,2245,2756,512,-1.0278940067554274,linear,52,0,52,52,0,52,0.1,0.1015625,0.1015625,0.47224705595733507,4.7224705595733503e-07,mle,-0.12087789599387308,0.3268862496274423,ok,True,True,extraction,
audusd,2758,2016-12-23,2246,2757,512,-1.0278940067554274,linear,52,0,52,52,0,52,0.1,0.1015625,0.1015625,0.47224705595733507,4.7224705595733503e-07,mle,-0.12087789599387308,0.3268862496274423,ok,True,True,extraction,
audusd,2759,2016-12-26,2247,2758,512,-1.0278940067554274,linear,52,0,52,52,0,52,0.1,0.1015625,0.1015625,0.47224705595733507,4.7224705595733503e-07,mle,-0.12087789599387308,0.3268862496274423,ok,True,True,extraction,
audusd,2760,2016-12-27,2248,2759,512,-1.0278940067554274,linear,52,0,52,52,0,52,0.1,0.1015625,0.1015625,0.4732032610436556,4.732032610436556e-07,mle,-0.12087789599387308,0.3268862496274423,ok,True,True,extraction,
audusd,2761,2016-12-28,2249,2760,512,-1.0278940067554274,linear,52,0,52,52,0,52,0.1,0.1015625,0.1015625,0.47224705595733507,4.7224705595733503e-07,mle,-0.12087789599387308,0.3268862496274423,ok,True,True,extraction,
audusd,2762,2016-12-29,2250,2761,512,-1.0278940067554274,linear,52,0,52,52,0,52,0.1,0.1015625,0.1015625,0.47161528096464433,4.7161528096464433e-07,mle,-0.12087789599387308,0.3268862496274423,ok,True,True,extraction,
audusd,2763,2016-12-30,2251,2762,512,-1.0278940067554274,linear,52,0,52,52,0,52,0.1,0.1015625,0.1015625,0.4713817969672097,4.713817969672097e-07,mle,-0.12087789599387308,0.3268862496274423,ok,True,True,extraction,
audusd,2764,2017-01-02,2252,2763,512,-1.0278940067554274,linear,52,0,52,52,0,52,0.1,0.1015625,0.1015625,0.47161528096464433,4.7161528096464433e-07,mle,-0.12087789599387308,0.3268862496274423,ok,True,True,extraction,
audusd,2765,2017-01-03,2253,2764,512,-1.0278940067554274,linear,52,0,52,52,0,52,0.1,0.1015625,0.1015625,0.47161528096464433,4.7161528096464433e-07,mle,-0.12087789599387308,0.3268862496274423,ok,True,True,extraction,
audusd,2766,2017-01-04,2254,2765,512,-1.0278940067554274,linear,52,0,52,52,0,52,0.1,0.1015625,0.1015625,0.4713817969672097,4.713817969672097e-07,mle,-0.12087789599387308,0.3268862496274423,ok,True,True,extraction,
audusd,2767,2017-01-05,2255,2766,512,-1.0278940067554274,linear,52,0,52,52,0,52,0.1,0.1015625,0.1015625,0.4713817969672097,4.713817969672097e-07,mle,-0.12087789599387308,0.3268862496274423,ok,True,True,extraction,
audusd,2768,2017-01-06,2256,2767,512,-1.0278940067554274,linear,52,0,52,52,0,52,0.1,0.1015625,0.1015625,0.47161528096464433,4.7161528096464433e-07,mle,-0.12087789599387308,0.3268862496274423,ok,True,True,extraction,
audusd,2769,2017-01-09,2257,2768,512,-1.0278940067554274,linear,52,0,52,52,0,52,0.1,0.1015625,0.1015625,0.47224705595733507,4.7224705595733503e-07,mle,-0.12087789599387308,0.3268862496274423,ok,True,True,extraction,
audusd,2770,2017-01-10,2258,2769,512,-1.0278940067554274,linear,52,0,52,52,0,52,0.1,0.1015625,0.1015625,0.47161528096464433,4.7161528096464433e-07,mle,-0.12087789599387308,0.3268862496274423,ok,True,True,extraction,
audusd,2771,2017-01-11,2259,2770,512,-1.0278940067554274,linear,52,0,52,52,0,52,0.1,0.1015625,0.1015625,0.47291248332199787,4.7291248332199785e-07,mle,-0.12087789599387308,0.3268862496274423,ok,True,True,extraction,
audusd,2772,2017-01-12,2260,2771,512,-1.0142435842106052,linear,52,0,52,52,0,52,0.1,0.1015625,0.1015625,0.4757009653149197,4.7570096531491966e-07,mle,-0.12576736137254185,0.32621776869598773,ok,True,True,extraction,
audusd,2773,2017-01-13,2261,2772,512,-1.0142435842106052,linear,52,0,52,52,0,52,0.1,0.1015625,0.1015625,0.4757009653149197,4.7570096531491966e-07,mle,-0.12576736137254185,0.32621776869598773,ok,True,True,extraction,
audusd,2774,2017-01-16,2262,2773,512,-1.0142435842106052,linear,52,0,52,52,0,52,0.1,0.1015625,0.1015625,0.47750689555434,4.7750689555434e-07,mle,-0.12576736137254185,0.32621776869598773,ok,True,True,extraction,
audusd,2775,2017-01-17,2263,2774,512,-1.0142435842106052,linear,52,0,52,52,0,52,0.1,0.1015625,0.1015625,0.4757267075510275,4.7572670755102744e-07,mle,-0.12576736137254185,0.32621776869598773,ok,True,True,extraction,
audusd,2776,2017-01-18,2264,2775,512,-1.0003132672795445,linear,52,0,52,52,0,52,0.1,0.1015625,0.1015625,0.4746142093148773,4.7461420931487725e-07,mle,-0.13460824244586922,0.3356173041922239,ok,True,True,extraction,
audusd,2777,2017-01-19,2265,2776,512,-1.0003132672795445,linear,52,0,52,52,0,52,0.1,0.1015625,0.1015625,0.4757267075510275,4.7572670755102744e-07,mle,-0.13460824244586922,0.3356173041922239,ok,True,True,extraction,
audusd,2778,2017-01-20,2266,2777,512,-1.0003132672795445,linear,52,0,52,52,0,52,0.1,0.1015625,0.1015625,0.4770037762147175,4.770037762147175e-07,mle,-0.13460824244586922,0.3356173041922239,ok,True,True,extraction,
audusd,2779,2017-01-23,2267,2778,512,-1.0003132672795445,linear,52,0,52,52,0,52,0.1,0.1015625,0.1015625,0.4767256289145551,4.767256289145551e-07,mle,-0.13460824244586922,0.3356173041922239,ok,True,True,extraction,
audusd,2780,2017-01-24,2268,2779,512,-1.0003132672795445,linear,52,0,52,52,0,52,0.1,0.1015625,0.1015625,0.476518879659953,4.7651887965995295e-07,mle,-0.13460824244586922,0.3356173041922239,ok,True,True,extraction,
audusd,2781,2017-01-25,2269,2780,512,-1.0003132672795445,linear,52,0,52,52,0,52,0.1,0.1015625,0.1015625,0.4764072970856247,4.7640729708562466e-07,mle,-0.13460824244586922,0.3356173041922239,ok,True,True,extraction,
audusd,2782,2017-01-26,2270,2781,512,-1.0003132672795445,linear,52,0,52,52,0,52,0.1,0.1015625,0.1015625,0.4719190892276979,4.7191908922769785e-07,mle,-0.13460824244586922,0.3356173041922239,ok,True,True,extraction,
audusd,2783,2017-01-27,2271,2782,512,-1.0003132672795445,linear,52,0,52,52,0,52,0.1,0.1015625,0.1015625,0.4746142093148773,4.7461420931487725e-07,mle,-0.13460824244586922,0.3356173041922239,ok,True,True,extraction,
audusd,2784,2017-01-30,2272,2783,512,-1.0003132672795445,linear,52,0,52,52,0,52,0.1,0.1015625,0.1015625,0.4764072970856247,4.7640729708562466e-07,mle,-0.13460824244586922,0.3356173041922239,ok,True,True,extraction,
audusd,2785,2017-01-31,2273,2784,512,-1.0003132672795445,linear,52,0,52,52,0,52,0.1,0.1015625,0.1015625,0.4719190892276979,4.7191908922769785e-07,mle,-0.13460824244586922,0.3356173041922239,ok,True,True,extraction,
audusd,2786,2017-02-01,2274,2785,512,-1.0003132672795445,linear,52,0,52,52,0,52,0.1,0.1015625,0.1015625,0.4719190892276979,4.7191908922769785e-07,mle,-0.13460824244586922,0.3356173041922239,ok,True,True,extraction,
audusd,2787,2017-02-02,2275,2786,512,-1.0003132672795445,linear,52,0,52,52,0,52,0.1,0.1015625,0.1015625,0.4719190892276979,4.7191908922769785e-07,mle,-0.13460824244586922,0.3356173041922239,ok,True,True,extraction,
audusd,2788,2017-02-03,2276,2787,512,-1.0003132672795445,linear,52,0,52,52,0,52,0.1,0.1015625,0.1015625,0.47615180491060516,4.761518049106051e-07,mle,-0.13460824244586922,0.3356173041922239,ok,True,True,extraction,
audusd,2789,2017-02-06,2277,2788,512,-1.0003132672795445,linear,52,0,52,52,0,52,0.1,0.1015625,0.1015625,0.47615180491060516,4.761518049106051e-07,mle,-0.13460824244586922,0.3356173041922239,ok,True,True,extraction,
audusd,2790,2017-02-07,2278,2789,512,-1.0003132672795445,linear,52,0,52,52,0,52,0.1,0.1015625,0.1015625,0.47659002799534195,4.765900279953419e-07,mle,-0.13460824244586922,0.3356173041922239,ok,True,True,extraction,
audusd,2791,2017-02-08,2279,2790,512,-1.0003132672795445,linear,52,0,52,52,0,52,0.1,0.1015625,0.1015625,0.47659002799534195,4.765900279953419e-07,mle,-0.13460824244586922,0.3356173041922239,ok,True,True,extraction,
audusd,2792,2017-02-09,2280,2791,512,-1.0003132672795445,linear,52,0,52,52,0,52,0.1,0.1015625,0.1015625,0.47332691871862004,4.7332691871862e-07,mle,-0.13460824244586922,0.3356173041922239,ok,True,True,extraction,
audusd,2793,2017-02-10,2281,2792,512,-1.0003132672795445,linear,52,0,52,52,0,52,0.1,0.1015625,0.1015625,0.47107896223543266,4.7107896223543265e-07,mle,-0.13460824244586922,0.3356173041922239,ok,True,True,extraction,
audusd,2794,2017-02-13,2282,2793,512,-1.0003132672795445,linear,52,0,52,52,0,52,0.1,0.1015625,0.1015625,0.47089525941298527,4.7089525941298523e-07,mle,-0.13460824244586922,0.3356173041922239,ok,True,True,extraction,
audusd,2795,2017-02-14,2283,2794,512,-1.0003132672795445,linear,52,0,52,52,0,52,0.1,0.1015625,0.1015625,0.47089525941298527,4.7089525941298523e-07,mle,-0.13460824244586922,0.3356173041922239,ok,True,True,extraction,
audusd,2796,2017-02-15,2284,2795,512,-1.0003132672795445,linear,52,0,52,52,0,52,0.1,0.1015625,0.1015625,0.46633915955183636,4.6633915955183635e-07,mle,-0.13460824244586922,0.3356173041922239,ok,True,True,extraction,
audusd,2797,2017-02-16,2285,2796,512,-1.0003132672795445,linear,52,0,52,52,0,52,0.1,0.1015625,0.1015625,0.46633915955183636,4.6633915955183635e-07,mle,-0.13460824244586922,0.3356173041922239,ok,True,True,extraction,
audusd,2798,2017-02-17,2286,2797,512,-1.0003132672795445,linear,52,0,52,52,0,52,0.1,0.1015625,0.1015625,0.47107896223543266,4.7107896223543265e-07,mle,-0.13460824244586922,0.3356173041922239,ok,True,True,extraction,
audusd,2799,2017-02-20,2287,2798,512,-1.0003132672795445,linear,52,0,52,52,0,52,0.1,0.1015625,0.1015625,0.46633915955183636,4.6633915955183635e-07,mle,-0.13460824244586922,0.3356173041922239,ok,True,True,extraction,
audusd,2800,2017-02-21,2288,2799,512,-1.0003132672795445,linear,52,0,52,52,0,52,0.1,0.1015625,0.1015625,0.46633915955183636,4.6633915955183635e-07,mle,-0.13460824244586922,0.3356173041922239,ok,True,True,extraction,
audusd,2801,2017-02-22,2289,2800,512,-1.0003132672795445,linear,52,0,52,52,0,52,0.1,0.1015625,0.1015625,0.4638032710195072,4.638032710195072e-07,mle,-0.13460824244586922,0.3356173041922239,ok,True,True,extraction,
audusd,2802,2017-02-23,2290,2801,512,-1.0003132672795445,linear,52,0,52,52,0,52,0.1,0.1015625,0.1015625,0.46202152082996456,4.6202152082996456e-07,mle,-0.13460824244586922,0.3356173041922239,ok,True,True,extraction,
audusd,2803,2017-02-24,2291,2802,512,-1.0003132672795445,linear,52,0,52,52,0,52,0.1,0.1015625,0.1015625,0.46417909810787017,4.6417909810787015e-07,mle,-0.13460824244586922,0.3356173041922239,ok,True,True,extraction,
audusd,2804,2017-02-27,2292,2803,512,-1.0003132672795445,linear,52,0,52,52,0,52,0.1,0.1015625,0.1015625,0.4623949169843036,4.623949169843036e-07,mle,-0.13460824244586922,0.3356173041922239,ok,True,True,extraction,
audusd,2805,2017-02-28,2293,2804,512,-1.0003132672795445,linear,52,0,52,52,0,52,0.1,0.1015625,0.1015625,0.4623949169843036,4.623949169843036e-07,mle,-0.13460824244586922,0.3356173041922239,ok,True,True,extraction,
audusd,2806,2017-03-01,2294,2805,512,-1.0003132672795445,linear,52,0,52,52,0,52,0.1,0.1015625,0.1015625,0.460488440588096,4.60488440588096e-07,mle,-0.13460824244586922,0.3356173041922239,ok,True,True,extraction,
audusd,2807,2017-03-02,2295,2806,512,-0.9976589032644891,linear,52,0,52,52,0,52,0.1,0.1015625,0.1015625,0.460488440588096,4.60488440588096e-07,mle,-0.12476651737355478,0.33183200931669693,ok,True,True,extraction,
audusd,2808,2017-03-03,2296,2807,512,-0.9976589032644891,linear,52,0,52,52,0,52,0.1,0.1015625,0.1015625,0.460488440588096,4.60488440588096e-07,mle,-0.12476651737355478,0.33183200931669693,ok,True,True,extraction,
audusd,2809,2017-03-06,2297,2808,512,-1.0003132672795445,linear,52,0,52,52,0,52,0.1,0.1015625,0.1015625,0.4623949169843036,4.623949169843036e-07,mle,-0.1289476556449174,0.33261226583742987,ok,True,True,extraction,
audusd,2810,2017-03-07,2298,2809,512,-1.0003132672795445,linear,52,0,52,52,0,52,0.1,0.1015625,0.1015625,0.460488440588096,4.60488440588096e-07,mle,-0.1289476556449174,0.33261226583742987,ok,True,True,extraction,
audusd,2811,2017-03-08,2299,2810,512,-0.9976589032644891,linear,52,0,52,52,0,52,0.1,0.1015625,0.1015625,0.45759299896508365,4.5759299896508364e-07,mle,-0.09508722029827713,0.3137107407387417,ok,True,True,extraction,
audusd,2812,2017-03-09,2300,2811,512,-0.9976589032644891,linear,52,0,52,52,0,52,0.1,0.1015625,0.1015625,0.4543216654889095,4.543216654889095e-07,mle,-0.09508722029827713,0.3137107407387417,ok,True,True,extraction,
audusd,2813,2017-03-10,2301,2812,512,-0.9976589032644891,linear,52,0,52,52,0,52,0.1,0.1015625,0.1015625,0.45262359486767145,4.5262359486767143e-07,mle,-0.09508722029827713,0.3137107407387417,ok,True,True,extraction,
audusd,2814,2017-03-13,2302,2813,512,-0.9976589032644891,linear,52,0,52,52,0,52,0.1,0.1015625,0.1015625,0.45262359486767145,4.5262359486767143e-07,mle,-0.09508722029827713,0.3137107407387417,ok,True,True,extraction,
audusd,2815,2017-03-14,2303,2814,512,-0.9976589032644891,linear,52,0,52,52,0,52,0.1,0.1015625,0.1015625,0.45226208182328076,4.5226208182328075e-07,mle,-0.09508722029827713,0.3137107407387417,ok,True,True,extraction,
audusd,2816,2017-03-15,2304,2815,512,-0.9976589032644891,linear,52,0,52,52,0,52,0.1,0.1015625,0.1015625,0.4564258705039386,4.564258705039386e-07,mle,-0.09508722029827713,0.3137107407387417,ok,True,True,extraction,
audusd,2817,2017-03-16,2305,2816,512,-0.9921960758832948,linear,52,0,52,52,0,52,0.1,0.1015625,0.1015625,0.455887952904382,4.5588795290438197e-07,mle,-0.08481924025558253,0.3107810904612844,ok,True,True,extraction,
audusd,2818,2017-03-17,2306,2817,512,-0.9857979713901058,linear,52,0,52,52,0,52,0.1,0.1015625,0.1015625,0.45139303479774484,4.513930347977448e-07,mle,-0.10639311292079315,0.3239172434951628,ok,True,True,extraction,
audusd,2819,2017-03-20,2307,2818,512,-0.9857979713901058,linear,52,0,52,52,0,52,0.1,0.1015625,0.1015625,0.45139303479774484,4.513930347977448e-07,mle,-0.10639311292079315,0.3239172434951628,ok,True,True,extraction,
audusd,2820,2017-03-21,2308,2819,512,-0.9857979713901058,linear,52,0,52,52,0,52,0.1,0.1015625,0.1015625,0.450002440772436,4.5000244077243596e-07,mle,-0.10639311292079315,0.3239172434951628,ok,True,True,extraction,
audusd,2821,2017-03-22,2309,2820,512,-0.9857979713901058,linear,52,0,52,52,0,52,0.1,0.1015625,0.1015625,0.44835004147017704,4.4835004147017703e-07,mle,-0.10639311292079315,0.3239172434951628,ok,True,True,extraction,
audusd,2822,2017-03-23,2310,2821,512,-0.9857979713901058,linear,52,0,52,52,0,52,0.1,0.1015625,0.1015625,0.450002440772436,4.5000244077243596e-07,mle,-0.10639311292079315,0.3239172434951628,ok,True,True,extraction,
audusd,2823,2017-03-24,2311,2822,512,-0.9857979713901058,linear,52,0,52,52,0,52,0.1,0.1015625,0.1015625,0.447395029620265,4.47395029620265e-07,mle,-0.10639311292079315,0.3239172434951628,ok,True,True,extraction,
audusd,2824,2017-03-27,2312,2823,512,-0.9857979713901058,linear,52,0,52,52,0,52,0.1,0.1015625,0.1015625,0.44878562364557384,4.487856236455738e-07,mle,-0.10639311292079315,0.3239172434951628,ok,True,True,extraction,
audusd,2825,2017-03-28,2313,2824,512,-0.9857979713901058,linear,52,0,52,52,0,52,0.1,0.1015625,0.1015625,0.45463211273977006,4.5463211273977e-07,mle,-0.10639311292079315,0.3239172434951628,ok,True,True,extraction,
audusd,2826,2017-03-29,2314,2825,512,-0.9857979713901058,linear,52,0,52,52,0,52,0.1,0.1015625,0.1015625,0.4481461075494302,4.4814610754943016e-07,mle,-0.10639311292079315,0.3239172434951628,ok,True,True,extraction,
audusd,2827,2017-03-30,2315,2826,512,-0.9857979713901058,linear,52,0,52,52,0,52,0.1,0.1015625,0.1015625,0.4489373441574134,4.4893734415741334e-07,mle,-0.10639311292079315,0.3239172434951628,ok,True,True,extraction,
audusd,2828,2017-03-31,2316,2827,512,-0.9750896653518693,linear,52,0,52,52,0,52,0.1,0.1015625,0.1015625,0.4388297641327756,4.3882976413277555e-07,mle,-0.13056803518578083,0.3409873604977066,ok,True,True,extraction,
audusd,2829,2017-04-03,2317,2828,512,-0.9750896653518693,linear,52,0,52,52,0,52,0.1,0.1015625,0.1015625,0.43996918280645086,4.3996918280645084e-07,mle,-0.13056803518578083,0.3409873604977066,ok,True,True,extraction,
audusd,2830,2017-04-04,2318,2829,512,-0.9750896653518693,linear,52,0,52,52,0,52,0.1,0.1015625,0.1015625,0.4422274993228457,4.422274993228457e-07,mle,-0.13056803518578083,0.3409873604977066,ok,True,True,extraction,
audusd,2831,2017-04-05,2319,2830,512,-0.9750896653518693,linear,52,0,52,52,0,52,0.1,0.1015625,0.1015625,0.4418922725167401,4.418922725167401e-07,mle,-0.13056803518578083,0.3409873604977066,ok,True,True,extraction,
audusd,2832,2017-04-06,2320,2831,512,-0.9750896653518693,linear,52,0,52,52,0,52,0.1,0.1015625,0.1015625,0.43553714418566447,4.3553714418566444e-07,mle,-0.13056803518578083,0.3409873604977066,ok,True,True,extraction,
audusd,2833,2017-04-07,2321,2832,512,-0.9469731917443902,linear,52,0,52,52,0,52,0.1,0.1015625,0.1015625,0.43483629672115337,4.348362967211534e-07,mle,-0.19421753634461303,0.3894459099054607,ok,True,True,extraction,
audusd,2834,2017-04-10,2322,2833,512,-0.9469731917443902,linear,52,0,52,52,0,52,0.1,0.1015625,0.1015625,0.43483629672115337,4.348362967211534e-07,mle,-0.19421753634461303,0.3894459099054607,ok,True,True,extraction,
audusd,2835,2017-04-11,2323,2834,512,-0.9469731917443902,linear,52,0,52,52,0,52,0.1,0.1015625,0.1015625,0.43259219367046275,4.3259219367046273e-07,mle,-0.19421753634461303,0.3894459099054607,ok,True,True,extraction,
audusd,2836,2017-04-12,2324,2835,512,-0.9469731917443902,linear,52,0,52,52,0,52,0.1,0.1015625,0.1015625,0.43311963160862077,4.3311963160862074e-07,mle,-0.19421753634461303,0.3894459099054607,ok,True,True,extraction,
audusd,2837,2017-04-13,2325,2836,512,-0.9469731917443902,linear,52,0,52,52,0,52,0.1,0.1015625,0.1015625,0.43198386188325755,4.3198386188325754e-07,mle,-0.19421753634461303,0.3894459099054607,ok,True,True,extraction,
audusd,2838,2017-04-14,2326,2837,512,-0.9469731917443902,linear,52,0,52,52,0,52,0.1,0.1015625,0.1015625,0.43311963160862077,4.3311963160862074e-07,mle,-0.19421753634461303,0.3894459099054607,ok,True,True,extraction,
audusd,2839,2017-04-17,2327,2838,512,-0.9469731917443902,linear,52,0,52,52,0,52,0.1,0.1015625,0.1015625,0.43198386188325755,4.3198386188325754e-07,mle,-0.19421753634461303,0.3894459099054607,ok,True,True,extraction,
audusd,2840,2017-04-18,2328,2839,512,-0.9469731917443902,linear,52,0,52,52,0,52,0.1,0.1015625,0.1015625,0.43177711262865537,4.3177711262865533e-07,mle,-0.19421753634461303,0.3894459099054607,ok,True,True,extraction,
audusd,2841,2017-04-19,2329,2840,512,-0.9347088245650729,linear,52,0,52,52,0,52,0.1,0.1015625,0.1015625,0.4289751375685902,4.2897513756859014e-07,mle,-0.20838420590584877,0.403863324889509,ok,True,True,extraction,
audusd,2842,2017-04-20,2330,2841,512,-0.9347088245650729,linear,52,0,52,52,0,52,0.1,0.1015625,0.1015625,0.4289751375685902,4.2897513756859014e-07,mle,-0.20838420590584877,0.403863324889509,ok,True,True,extraction,
audusd,2843,2017-04-21,2331,2842,512,-0.9347088245650729,linear,52,0,52,52,0,52,0.1,0.1015625,0.1015625,0.43177711262865537,4.3177711262865533e-07,mle,-0.20838420590584877,0.403863324889509,ok,True,True,extraction,
audusd,2844,2017-04-24,2332,2843,512,-0.9347088245650729,linear,52,0,52,52,0,52,0.1,0.1015625,0.1015625,0.4305513790694905,4.3055137906949045e-07,mle,-0.20838420590584877,0.403863324889509,ok,True,True,extraction,
audusd,2845,2017-04-25,2333,2844,512,-0.9347088245650729,linear,52,0,52,52,0,52,0.1,0.1015625,0.1015625,0.43177711262865537,4.3177711262865533e-07,mle,-0.20838420590584877,0.403863324889509,ok,True,True,extraction,
audusd,2846,2017-04-26,2334,2845,512,-0.9347088245650729,linear,52,0,52,52,0,52,0.1,0.1015625,0.1015625,0.4289751375685902,4.2897513756859014e-07,mle,-0.20838420590584877,0.403863324889509,ok,True,True,extraction,
audusd,2847,2017-04-27,2335,2846,512,-0.9347088245650729,linear,52,0,52,52,0,52,0.1,0.1015625,0.1015625,0.4305513790694905,4.3055137906949045e-07,mle,-0.20838420590584877,0.403863324889509,ok,True,True,extraction,
audusd,2848,2017-04-28,2336,2847,512,-0.9347088245650729,linear,52,0,52,52,0,52,0.1,0.1015625,0.1015625,0.43177711262865537,4.3177711262865533e-07,mle,-0.20838420590584877,0.403863324889509,ok,True,True,extraction,
audusd,2849,2017-05-01,2337,2848,512,-0.9347088245650729,linear,52,0,52,52,0,52,0.1,0.1015625,0.1015625,0.4305513790694905,4.3055137906949045e-07,mle,-0.20838420590584877,0.403863324889509,ok,True,True,extraction,
audusd,2850,2017-05-02,2338,2849,512,-0.9347088245650729,linear,52,0,52,52,0,52,0.1,0.1015625,0.1015625,0.42927889319863566,4.2927889319863563e-07,mle,-0.20838420590584877,0.403863324889509,ok,True,True,extraction,
audusd,2851,2017-05-03,2339,2850,512,-0.9347088245650729,linear,52,0,52,52,0,52,0.1,0.1015625,0.1015625,0.4305513790694905,4.3055137906949045e-07,mle,-0.20838420590584877,0.403863324889509,ok,True,True,extraction,
audusd,2852,2017-05-04,2340,2851,512,-0.9347088245650729,linear,52,0,52,52,0,52,0.1,0.1015625,0.1015625,0.42776681708622477,4.2776681708622474e-07,mle,-0.20838420590584877,0.403863324889509,ok,True,True,extraction,
audusd,2853,2017-05-05,2341,2852,512,-0.9469731917443902,linear,52,0,52,52,0,52,0.1,0.1015625,0.1015625,0.42776681708622477,4.2776681708622474e-07,mle,-0.2163461485612738,0.40548703656949064,ok,True,True,extraction,
audusd,2854,2017-05-08,2342,2853,512,-0.9469731917443902,linear,52,0,52,52,0,52,0.1,0.1015625,0.1015625,0.425544227806723,4.25544227806723e-07,mle,-0.2163461485612738,0.40548703656949064,ok,True,True,extraction,
audusd,2855,2017-05-09,2343,2854,512,-0.9469731917443902,linear,52,0,52,52,0,52,0.1,0.1015625,0.1015625,0.4295045458526655,4.295045458526655e-07,mle,-0.2163461485612738,0.40548703656949064,ok,True,True,extraction,
audusd,2856,2017-05-10,2344,2855,512,-0.9469731917443902,linear,52,0,52,52,0,52,0.1,0.1015625,0.1015625,0.42398491703697827,4.2398491703697824e-07,mle,-0.2163461485612738,0.40548703656949064,ok,True,True,extraction,
audusd,2857,2017-05-11,2345,2856,512,-0.9347088245650729,linear,52,0,52,52,0,52,0.1,0.1015625,0.1015625,0.42398491703697827,4.2398491703697824e-07,mle,-0.2304499186045616,0.42021316030084976,ok,True,True,extraction,
audusd,2858,2017-05-12,2346,2857,512,-0.9347088245650729,linear,52,0,52,52,0,52,0.1,0.1015625,0.1015625,0.42398491703697827,4.2398491703697824e-07,mle,-0.2304499186045616,0.42021316030084976,ok,True,True,extraction,
audusd,2859,2017-05-15,2347,2858,512,-0.9301094939135292,linear,52,0,52,52,0,52,0.1,0.1015625,0.1015625,0.4235787103090624,4.235787103090624e-07,mle,-0.23219387381144704,0.42361051678974193,ok,True,True,extraction,
audusd,2860,2017-05-16,2348,2859,512,-0.9301094939135292,linear,52,0,52,52,0,52,0.1,0.1015625,0.1015625,0.42060637971124437,4.2060637971124435e-07,mle,-0.23219387381144704,0.42361051678974193,ok,True,True,extraction,
audusd,2861,2017-05-17,2349,2860,512,-0.9224274210160992,linear,52,0,52,52,0,52,0.1,0.1015625,0.1015625,0.4173908794284974,4.1739087942849736e-07,mle,-0.2446765776018801,0.43549901485321574,ok,True,True,extraction,
audusd,2862,2017-05-18,2350,2861,512,-0.9224274210160992,linear,52,0,52,52,0,52,0.1,0.1015625,0.1015625,0.4173908794284974,4.1739087942849736e-07,mle,-0.2446765776018801,0.43549901485321574,ok,True,True,extraction,
audusd,2863,2017-05-19,2351,2862,512,-0.9224274210160992,linear,52,0,52,52,0,52,0.1,0.1015625,0.1015625,0.41814420191795687,4.1814420191795687e-07,mle,-0.2446765776018801,0.43549901485321574,ok,True,True,extraction,
audusd,2864,2017-05-22,2352,2863,512,-0.9224274210160992,linear,52,0,52,52,0,52,0.1,0.1015625,0.1015625,0.4133421364365166,4.133421364365166e-07,mle,-0.2446765776018801,0.43549901485321574,ok,True,True,extraction,
audusd,2865,2017-05-23,2353,2864,512,-0.9224274210160992,linear,52,0,52,52,0,52,0.1,0.1015625,0.1015625,0.4133421364365166,4.133421364365166e-07,mle,-0.2446765776018801,0.43549901485321574,ok,True,True,extraction,
audusd,2866,2017-05-24,2354,2865,512,-0.9004888529728812,linear,52,0,52,52,0,52,0.1,0.1015625,0.1015625,0.41380602828192486,4.138060282819248e-07,mle,-0.27799210719415074,0.4691680759016491,ok,True,True,extraction,
audusd,2867,2017-05-25,2355,2866,512,-0.9004888529728812,linear,52,0,52,52,0,52,0.1,0.1015625,0.1015625,0.4109603169254151,4.109603169254151e-07,mle,-0.27799210719415074,0.4691680759016491,ok,True,True,extraction,
audusd,2868,2017-05-26,2356,2867,512,-0.9004888529728812,linear,52,0,52,52,0,52,0.1,0.1015625,0.1015625,0.4080946375311989,4.080946375311989e-07,mle,-0.27799210719415074,0.4691680759016491,ok,True,True,extraction,
audusd,2869,2017-05-29,2357,2868,512,-0.9004888529728812,linear,52,0,52,52,0,52,0.1,0.1015625,0.1015625,0.4109603169254151,4.109603169254151e-07,mle,-0.27799210719415074,0.4691680759016491,ok,True,True,extraction,
audusd,2870,2017-05-30,2358,2869,512,-0.9004888529728812,linear,52,0,52,52,0,52,0.1,0.1015625,0.1015625,0.40885085780370395,4.0885085780370393e-07,mle,-0.27799210719415074,0.4691680759016491,ok,True,True,extraction,
audusd,2871,2017-05-31,2359,2870,512,-0.9004888529728812,linear,52,0,52,52,0,52,0.1,0.1015625,0.1015625,0.40817271763559837,4.081727176355984e-07,mle,-0.27799210719415074,0.4691680759016491,ok,True,True,extraction,
audusd,2872,2017-06-01,2360,2871,512,-0.9004888529728812,linear,52,0,52,52,0,52,0.1,0.1015625,0.1015625,0.40885085780370395,4.0885085780370393e-07,mle,-0.27799210719415074,0.4691680759016491,ok,True,True,extraction,
audusd,2873,2017-06-02,2361,2872,512,-0.9004888529728812,linear,52,0,52,52,0,52,0.1,0.1015625,0.1015625,0.4096370651389015,4.096370651389015e-07,mle,-0.27799210719415074,0.4691680759016491,ok,True,True,extraction,
audusd,2874,2017-06-05,2362,2873,512,-0.9004888529728812,linear,52,0,52,52,0,52,0.1,0.1015625,0.1015625,0.41122363033759474,4.112236303375947e-07,mle,-0.27799210719415074,0.4691680759016491,ok,True,True,extraction,
audusd,2875,2017-06-06,2363,2874,512,-0.9004888529728812,linear,52,0,52,52,0,52,0.1,0.1015625,0.1015625,0.4133421364365166,4.133421364365166e-07,mle,-0.27799210719415074,0.4691680759016491,ok,True,True,extraction,
audusd,2876,2017-06-07,2364,2875,512,-0.9004888529728812,linear,52,0,52,52,0,52,0.1,0.1015625,0.1015625,0.4133421364365166,4.133421364365166e-07,mle,-0.27799210719415074,0.4691680759016491,ok,True,True,extraction,
audusd,2877,2017-06-08,2365,2876,512,-0.9004888529728812,linear,52,0,52,52,0,52,0.1,0.1015625,0.1015625,0.41674735877476926,4.1674735877476925e-07,mle,-0.27799210719415074,0.4691680759016491,ok,True,True,extraction,
audusd,2878,2017-06-09,2366,2877,512,-0.9004888529728812,linear,52,0,52,52,0,52,0.1,0.1015625,0.1015625,0.4151454250105203,4.151454250105203e-07,mle,-0.27799210719415074,0.4691680759016491,ok,True,True,extraction,
audusd,2879,2017-06-12,2367,2878,512,-0.9004888529728812,linear,52,0,52,52,0,52,0.1,0.1015625,0.1015625,0.41380602828192486,4.138060282819248e-07,mle,-0.27799210719415074,0.4691680759016491,ok,True,True,extraction,
audusd,2880,2017-06-13,2368,2879,512,-0.9004888529728812,linear,52,0,52,52,0,52,0.1,0.1015625,0.1015625,0.4109603169254151,4.109603169254151e-07,mle,-0.27799210719415074,0.4691680759016491,ok,True,True,extraction,
audusd,2881,2017-06-14,2369,2880,512,-0.9004888529728812,linear,52,0,52,52,0,52,0.1,0.1015625,0.1015625,0.4109603169254151,4.109603169254151e-07,mle,-0.27799210719415074,0.4691680759016491,ok,True,True,extraction,
audusd,2882,2017-06-15,2370,2881,512,-0.8957884135396399,linear,52,0,52,52,0,52,0.1,0.1015625,0.1015625,0.4080946375311989,4.080946375311989e-07,mle,-0.2577965494540236,0.4562128524317891,ok,True,True,extraction,
audusd,2883,2017-06-16,2371,2882,512,-0.8957884135396399,linear,52,0,52,52,0,52,0.1,0.1015625,0.1015625,0.4080946375311989,4.080946375311989e-07,mle,-0.2577965494540236,0.4562128524317891,ok,True,True,extraction,
audusd,2884,2017-06-19,2372,2883,512,-0.8957884135396399,linear,52,0,52,52,0,52,0.1,0.1015625,0.1015625,0.40885085780370395,4.0885085780370393e-07,mle,-0.2577965494540236,0.4562128524317891,ok,True,True,extraction,
audusd,2885,2017-06-20,2373,2884,512,-0.8957884135396399,linear,52,0,52,52,0,52,0.1,0.1015625,0.1015625,0.4080946375311989,4.080946375311989e-07,mle,-0.2577965494540236,0.4562128524317891,ok,True,True,extraction,
audusd,2886,2017-06-21,2374,2885,512,-0.8957884135396399,linear,52,0,52,52,0,52,0.1,0.1015625,0.1015625,0.4109603169254151,4.109603169254151e-07,mle,-0.2577965494540236,0.4562128524317891,ok,True,True,extraction,
audusd,2887,2017-06-22,2375,2886,512,-0.8802769483983339,linear,52,0,52,52,0,52,0.1,0.1015625,0.1015625,0.4080946375311989,4.080946375311989e-07,mle,-0.26591902091258246,0.44827699263334353,ok,True,True,extraction,
audusd,2888,2017-06-23,2376,2887,512,-0.8802769483983339,linear,52,0,52,52,0,52,0.1,0.1015625,0.1015625,0.4080946375311989,4.080946375311989e-07,mle,-0.26591902091258246,0.44827699263334353,ok,True,True,extraction,
audusd,2889,2017-06-26,2377,2888,512,-0.8802769483983339,linear,52,0,52,52,0,52,0.1,0.1015625,0.1015625,0.4080946375311989,4.080946375311989e-07,mle,-0.26591902091258246,0.44827699263334353,ok,True,True,extraction,
audusd,2890,2017-06-27,2378,2889,512,-0.8802769483983339,linear,52,0,52,52,0,52,0.1,0.1015625,0.1015625,0.4040030131436677,4.040030131436677e-07,mle,-0.26591902091258246,0.44827699263334353,ok,True,True,extraction,
audusd,2891,2017-06-28,2379,2890,512,-0.8802769483983339,linear,52,0,52,52,0,52,0.1,0.1015625,0.1015625,0.403515455823912,4.03515455823912e-07,mle,-0.26591902091258246,0.44827699263334353,ok,True,True,extraction,
audusd,2892,2017-06-29,2380,2891,512,-0.8802769483983339,linear,52,0,52,52,0,52,0.1,0.1015625,0.1015625,0.4027176168002572,4.0271761680025717e-07,mle,-0.26591902091258246,0.44827699263334353,ok,True,True,extraction,
audusd,2893,2017-06-30,2381,2892,512,-0.8802769483983339,linear,52,0,52,52,0,52,0.1,0.1015625,0.1015625,0.40506846193909923,4.050684619390992e-07,mle,-0.26591902091258246,0.44827699263334353,ok,True,True,extraction,
audusd,2894,2017-07-03,2382,2893,512,-0.8802769483983339,linear,52,0,52,52,0,52,0.1,0.1015625,0.1015625,0.40506846193909923,4.050684619390992e-07,mle,-0.26591902091258246,0.44827699263334353,ok,True,True,extraction,
audusd,2895,2017-07-04,2383,2894,512,-0.8711707409780302,linear,52,0,52,52,0,52,0.1,0.1015625,0.1015625,0.4036950635757447,4.036950635757447e-07,mle,-0.27672660864496385,0.4607754117492515,ok,True,True,extraction,
audusd,2896,2017-07-05,2384,2895,512,-0.8711707409780302,linear,52,0,52,52,0,52,0.1,0.1015625,0.1015625,0.39859823052769827,3.9859823052769826e-07,mle,-0.27672660864496385,0.4607754117492515,ok,True,True,extraction,
audusd,2897,2017-07-06,2385,2896,512,-0.8711707409780302,linear,52,0,52,52,0,52,0.1,0.1015625,0.1015625,0.39859823052769827,3.9859823052769826e-07,mle,-0.27672660864496385,0.4607754117492515,ok,True,True,extraction,
audusd,2898,2017-07-07,2386,2897,512,-0.8711707409780302,linear,52,0,52,52,0,52,0.1,0.1015625,0.1015625,0.4001091463060964,4.001091463060964e-07,mle,-0.27672660864496385,0.4607754117492515,ok,True,True,extraction,
audusd,2899,2017-07-10,2387,2898,512,-0.8711707409780302,linear,52,0,52,52,0,52,0.1,0.1015625,0.1015625,0.3996329025052286,3.9963290250522856e-07,mle,-0.27672660864496385,0.4607754117492515,ok,True,True,extraction,
audusd,2900,2017-07-12,2388,2899,512,-0.8711707409780302,linear,52,0,52,52,0,52,0.1,0.1015625,0.1015625,0.3977341114060329,3.9773411140603285e-07,mle,-0.27672660864496385,0.4607754117492515,ok,True,True,extraction,
audusd,2901,2017-07-13,2389,2900,512,-0.8711707409780302,linear,52,0,52,52,0,52,0.1,0.1015625,0.1015625,0.3967886989845908,3.9678869898459076e-07,mle,-0.27672660864496385,0.4607754117492515,ok,True,True,extraction,
audusd,2902,2017-07-14,2390,2901,512,-0.8560051830486877,linear,52,0,52,52,0,52,0.1,0.1015625,0.1015625,0.3956945693194608,3.956945693194608e-07,mle,-0.2910452641988487,0.4791351905575966,ok,True,True,extraction,
audusd,2903,2017-07-17,2391,2902,512,-0.8560051830486877,linear,52,0,52,52,0,52,0.1,0.1015625,0.1015625,0.4004628492059083,4.004628492059083e-07,mle,-0.2910452641988487,0.4791351905575966,ok,True,True,extraction,
audusd,2904,2017-07-18,2392,2903,512,-0.8560051830486877,linear,52,0,52,52,0,52,0.1,0.1015625,0.1015625,0.4004628492059083,4.004628492059083e-07,mle,-0.2910452641988487,0.4791351905575966,ok,True,True,extraction,
audusd,2905,2017-07-19,2393,2904,512,-0.8560051830486877,linear,52,0,52,52,0,52,0.1,0.1015625,0.1015625,0.4004628492059083,4.004628492059083e-07,mle,-0.2910452641988487,0.4791351905575966,ok,True,True,extraction,
audusd,2906,2017-07-20,2394,2905,512,-0.8560051830486877,linear,52,0,52,52,0,52,0.1,0.1015625,0.1015625,0.4008449945811055,4.0084499458110546e-07,mle,-0.2910452641988487,0.4791351905575966,ok,True,True,extraction,
audusd,2907,2017-07-21,2395,2906,512,-0.8560051830486877,linear,52,0,52,52,0,52,0.1,0.1015625,0.1015625,0.4026079872581463,4.0260798725814624e-07,mle,-0.2910452641988487,0.4791351905575966,ok,True,True,extraction,
audusd,2908,2017-07-24,2396,2907,512,-0.8560051830486877,linear,52,0,52,52,0,52,0.1,0.1015625,0.1015625,0.40243845889471297,4.02438458894713e-07,mle,-0.2910452641988487,0.4791351905575966,ok,True,True,extraction,
audusd,2909,2017-07-25,2397,2908,512,-0.8560051830486877,linear,52,0,52,52,0,52,0.1,0.1015625,0.1015625,0.40059307957883833,4.005930795788383e-07,mle,-0.2910452641988487,0.4791351905575966,ok,True,True,extraction,
audusd,2910,2017-07-26,2398,2909,512,-0.8560051830486877,linear,52,0,52,52,0,52,0.1,0.1015625,0.1015625,0.40059307957883833,4.005930795788383e-07,mle,-0.2910452641988487,0.4791351905575966,ok,True,True,extraction,
audusd,2911,2017-07-27,2399,2910,512,-0.8560051830486877,linear,52,0,52,52,0,52,0.1,0.1015625,0.1015625,0.40059307957883833,4.005930795788383e-07,mle,-0.2910452641988487,0.4791351905575966,ok,True,True,extraction,
audusd,2912,2017-07-28,2400,2911,512,-0.8560051830486877,linear,52,0,52,52,0,52,0.1,0.1015625,0.1015625,0.40059307957883833,4.005930795788383e-07,mle,-0.2910452641988487,0.4791351905575966,ok,True,True,extraction,
audusd,2913,2017-07-31,2401,2912,512,-0.8560051830486877,linear,52,0,52,52,0,52,0.1,0.1015625,0.1015625,0.4024545221927109,4.0245452219271085e-07,mle,-0.2910452641988487,0.4791351905575966,ok,True,True,extraction,
audusd,2914,2017-08-01,2402,2913,512,-0.8375108168675394,linear,52,0,52,52,0,52,0.1,0.1015625,0.1015625,0.40059307957883833,4.005930795788383e-07,mle,-0.2952577268035131,0.4902533519925933,ok,True,True,extraction,
audusd,2915,2017-08-02,2403,2914,512,-0.8375108168675394,linear,52,0,52,52,0,52,0.1,0.1015625,0.1015625,0.4004628492059083,4.004628492059083e-07,mle,-0.2952577268035131,0.4902533519925933,ok,True,True,extraction,
audusd,2916,2017-08-03,2404,2915,512,-0.8375108168675394,linear,52,0,52,52,0,52,0.1,0.1015625,0.1015625,0.40059307957883833,4.005930795788383e-07,mle,-0.2952577268035131,0.4902533519925933,ok,True,True,extraction,
audusd,2917,2017-08-04,2405,2916,512,-0.8375108168675394,linear,52,0,52,52,0,52,0.1,0.1015625,0.1015625,0.40059307957883833,4.005930795788383e-07,mle,-0.2952577268035131,0.4902533519925933,ok,True,True,extraction,
audusd,2918,2017-08-07,2406,2917,512,-0.8375108168675394,linear,52,0,52,52,0,52,0.1,0.1015625,0.1015625,0.40059307957883833,4.005930795788383e-07,mle,-0.2952577268035131,0.4902533519925933,ok,True,True,extraction,
audusd,2919,2017-08-08,2407,2918,512,-0.8375108168675394,linear,52,0,52,52,0,52,0.1,0.1015625,0.1015625,0.40059307957883833,4.005930795788383e-07,mle,-0.2952577268035131,0.4902533519925933,ok,True,True,extraction,
audusd,2920,2017-08-09,2408,2919,512,-0.8375108168675394,linear,52,0,52,52,0,52,0.1,0.1015625,0.1015625,0.3997259315871551,3.9972593158715504e-07,mle,-0.2952577268035131,0.4902533519925933,ok,True,True,extraction,
audusd,2921,2017-08-10,2409,2920,512,-0.8375108168675394,linear,52,0,52,52,0,52,0.1,0.1015625,0.1015625,0.3997259315871551,3.9972593158715504e-07,mle,-0.2952577268035131,0.4902533519925933,ok,True,True,extraction,
audusd,2922,2017-08-11,2410,2921,512,-0.8328851521688042,linear,52,0,52,52,0,52,0.1,0.1015625,0.1015625,0.398409774817926,3.98409774817926e-07,mle,-0.2914712917540866,0.4894433161031886,ok,True,True,extraction,
audusd,2923,2017-08-14,2411,2922,512,-0.8087733357004484,linear,52,0,52,52,0,52,0.1,0.1015625,0.1015625,0.397422265799666,3.97422265799666e-07,mle,-0.312674633898384,0.5183552690878882,ok,True,True,extraction,
audusd,2924,2017-08-15,2412,2923,512,-0.8059092822560256,linear,52,0,52,52,0,52,0.1,0.1015625,0.1015625,0.40025600471503703,4.00256004715037e-07,mle,-0.3116378844038924,0.5189056468181263,ok,True,True,extraction,
audusd,2925,2017-08-16,2413,2924,512,-0.8059092822560256,linear,52,0,52,52,0,52,0.1,0.1015625,0.1015625,0.398409774817926,3.98409774817926e-07,mle,-0.3116378844038924,0.5189056468181263,ok,True,True,extraction,
audusd,2926,2017-08-17,2414,2925,512,-0.8059092822560256,linear,52,0,52,52,0,52,0.1,0.1015625,0.1015625,0.3961599549858945,3.961599549858945e-07,mle,-0.3116378844038924,0.5189056468181263,ok,True,True,extraction,
audusd,2927,2017-08-18,2415,2926,512,-0.8059092822560256,linear,52,0,52,52,0,52,0.1,0.1015625,0.1015625,0.398409774817926,3.98409774817926e-07,mle,-0.3116378844038924,0.5189056468181263,ok,True,True,extraction,
audusd,2928,2017-08-21,2416,2927,512,-0.8059092822560256,linear,52,0,52,52,0,52,0.1,0.1015625,0.1015625,0.398409774817926,3.98409774817926e-07,mle,-0.3116378844038924,0.5189056468181263,ok,True,True,extraction,
audusd,2929,2017-08-22,2417,2928,512,-0.7859236764639969,linear,52,0,52,52,0,52,0.1,0.1015625,0.1015625,0.4004628492059083,4.004628492059083e-07,mle,-0.3150737444079307,0.5303156290093236,ok,True,True,extraction,
audusd,2930,2017-08-23,2418,2929,512,-0.7859236764639969,linear,52,0,52,52,0,52,0.1,0.1015625,0.1015625,0.40025600471503703,4.00256004715037e-07,mle,-0.3150737444079307,0.5303156290093236,ok,True,True,extraction,
audusd,2931,2017-08-24,2419,2930,512,-0.7859236764639969,linear,52,0,52,52,0,52,0.1,0.1015625,0.1015625,0.4001371790584946,4.001371790584946e-07,mle,-0.3150737444079307,0.5303156290093236,ok,True,True,extraction,
audusd,2932,2017-08-25,2420,2931,512,-0.7846209298034038,linear,52,0,52,52,0,52,0.1,0.1015625,0.1015625,0.399485777133917,3.9948577713391693e-07,mle,-0.29878232877664274,0.5168625385868083,ok,True,True,extraction,
audusd,2933,2017-08-28,2421,2932,512,-0.7846209298034038,linear,52,0,52,52,0,52,0.1,0.1015625,0.1015625,0.3953086515539397,3.953086515539397e-07,mle,-0.29878232877664274,0.5168625385868083,ok,True,True,extraction,
audusd,2934,2017-08-29,2422,2933,512,-0.7846209298034038,linear,52,0,52,52,0,52,0.1,0.1015625,0.1015625,0.3953086515539397,3.953086515539397e-07,mle,-0.29878232877664274,0.5168625385868083,ok,True,True,extraction,
audusd,2935,2017-08-30,2423,2934,512,-0.7823068968715543,linear,52,0,52,52,0,52,0.1,0.1015625,0.1015625,0.3940807521427667,3.940807521427667e-07,mle,-0.2908090769368013,0.5114568916074138,ok,True,True,extraction,
audusd,2936,2017-08-31,2424,2935,512,-0.7823068968715543,linear,52,0,52,52,0,52,0.1,0.1015625,0.1015625,0.3933246862831701,3.933246862831701e-07,mle,-0.2908090769368013,0.5114568916074138,ok,True,True,extraction,
audusd,2937,2017-09-01,2425,2936,512,-0.7823068968715543,linear,52,0,52,52,0,52,0.1,0.1015625,0.1015625,0.3922353277225046,3.9223532772250456e-07,mle,-0.2908090769368013,0.5114568916074138,ok,True,True,extraction,
audusd,2938,2017-09-04,2426,2937,512,-0.7823068968715543,linear,52,0,52,52,0,52,0.1,0.1015625,0.1015625,0.39177367915029454,3.9177367915029453e-07,mle,-0.2908090769368013,0.5114568916074138,ok,True,True,extraction,
audusd,2939,2017-09-05,2427,2938,512,-0.7823068968715543,linear,52,0,52,52,0,52,0.1,0.1015625,0.1015625,0.392506597442106,3.9250659744210594e-07,mle,-0.2908090769368013,0.5114568916074138,ok,True,True,extraction,
audusd,2940,2017-09-06,2428,2939,512,-0.7823068968715543,linear,52,0,52,52,0,52,0.1,0.1015625,0.1015625,0.39018407200957167,3.9018407200957165e-07,mle,-0.2908090769368013,0.5114568916074138,ok,True,True,extraction,
audusd,2941,2017-09-07,2429,2940,512,-0.7823068968715543,linear,52,0,52,52,0,52,0.1,0.1015625,0.1015625,0.392506597442106,3.9250659744210594e-07,mle,-0.2908090769368013,0.5114568916074138,ok,True,True,extraction,
audusd,2942,2017-09-08,2430,2941,512,-0.7823068968715543,linear,52,0,52,52,0,52,0.1,0.1015625,0.1015625,0.392506597442106,3.9250659744210594e-07,mle,-0.2908090769368013,0.5114568916074138,ok,True,True,extraction,
audusd,2943,2017-09-11,2431,2942,512,-0.7797384884464794,linear,52,0,52,52,0,52,0.1,0.1015625,0.1015625,0.39530482877108525,3.953048287710852e-07,mle,-0.2924000595614651,0.5140649727629956,ok,True,True,extraction,
audusd,2944,2017-09-12,2432,2943,512,-0.7797384884464794,linear,52,0,52,52,0,52,0.1,0.1015625,0.1015625,0.39143390753537355,3.914339075353735e-07,mle,-0.2924000595614651,0.5140649727629956,ok,True,True,extraction,
audusd,2945,2017-09-13,2433,2944,512,-0.7706837366857102,linear,52,0,52,52,0,52,0.1,0.1015625,0.1015625,0.39143390753537355,3.914339075353735e-07,mle,-0.2898022799730686,0.5161411120675801,ok,True,True,extraction,
audusd,2946,2017-09-14,2434,2945,512,-0.7706837366857102,linear,52,0,52,52,0,52,0.1,0.1015625,0.1015625,0.3920190401223503,3.9201904012235025e-07,mle,-0.2898022799730686,0.5161411120675801,ok,True,True,extraction,
audusd,2947,2017-09-15,2435,2946,512,-0.7706837366857102,linear,52,0,52,52,0,52,0.1,0.1015625,0.1015625,0.39099490930821645,3.9099490930821645e-07,mle,-0.2898022799730686,0.5161411120675801,ok,True,True,extraction,
audusd,2948,2017-09-18,2436,2947,512,-0.7706837366857102,linear,52,0,52,52,0,52,0.1,0.1015625,0.1015625,0.3920190401223503,3.9201904012235025e-07,mle,-0.2898022799730686,0.5161411120675801,ok,True,True,extraction,
audusd,2949,2017-09-19,2437,2948,512,-0.7706837366857102,linear,52,0,52,52,0,52,0.1,0.1015625,0.1015625,0.3898326637134206,3.898326637134206e-07,mle,-0.2898022799730686,0.5161411120675801,ok,True,True,extraction,
audusd,2950,2017-09-20,2438,2949,512,-0.7706837366857102,linear,52,0,52,52,0,52,0.1,0.1015625,0.1015625,0.3885142538983377,3.885142538983377e-07,mle,-0.2898022799730686,0.5161411120675801,ok,True,True,extraction,
audusd,2951,2017-09-21,2439,2950,512,-0.7706837366857102,linear,52,0,52,52,0,52,0.1,0.1015625,0.1015625,0.3885142538983377,3.885142538983377e-07,mle,-0.2898022799730686,0.5161411120675801,ok,True,True,extraction,
audusd,2952,2017-09-22,2440,2951,512,-0.7706837366857102,linear,52,0,52,52,0,52,0.1,0.1015625,0.1015625,0.3885142538983377,3.885142538983377e-07,mle,-0.2898022799730686,0.5161411120675801,ok,True,True,extraction,
audusd,2953,2017-09-25,2441,2952,512,-0.7797384884464794,linear,52,0,52,52,0,52,0.1,0.1015625,0.1015625,0.38884702843040686,3.8884702843040683e-07,mle,-0.28943267551409274,0.5115032714663125,ok,True,True,extraction,
audusd,2954,2017-09-26,2442,2953,512,-0.7797384884464794,linear,52,0,52,52,0,52,0.1,0.1015625,0.1015625,0.3881867433806898,3.881867433806898e-07,mle,-0.28943267551409274,0.5115032714663125,ok,True,True,extraction,
audusd,2955,2017-09-27,2443,2954,512,-0.7797384884464794,linear,52,0,52,52,0,52,0.1,0.1015625,0.1015625,0.38617589724517143,3.8617589724517144e-07,mle,-0.28943267551409274,0.5115032714663125,ok,True,True,extraction,
audusd,2956,2017-09-28,2444,2955,512,-0.7797384884464794,linear,52,0,52,52,0,52,0.1,0.1015625,0.1015625,0.3872341472475408,3.872341472475408e-07,mle,-0.28943267551409274,0.5115032714663125,ok,True,True,extraction,
audusd,2957,2017-09-29,2445,2956,512,-0.7797384884464794,linear,52,0,52,52,0,52,0.1,0.1015625,0.1015625,0.3892168027972652,3.892168027972652e-07,mle,-0.28943267551409274,0.5115032714663125,ok,True,True,extraction,
audusd,2958,2017-10-02,2446,2957,512,-0.7797384884464794,linear,52,0,52,52,0,52,0.1,0.1015625,0.1015625,0.38858243364491013,3.885824336449101e-07,mle,-0.28943267551409274,0.5115032714663125,ok,True,True,extraction,
audusd,2959,2017-10-03,2447,2958,512,-0.7706837366857102,linear,52,0,52,52,0,52,0.1,0.1015625,0.1015625,0.3879990878018646,3.879990878018646e-07,mle,-0.26616456407709266,0.49173558770448134,ok,True,True,extraction,
audusd,2960,2017-10-04,2448,2959,512,-0.7706837366857102,linear,52,0,52,52,0,52,0.1,0.1015625,0.1015625,0.3888445821208436,3.888445821208436e-07,mle,-0.26616456407709266,0.49173558770448134,ok,True,True,extraction,
audusd,2961,2017-10-05,2449,2960,512,-0.7706837366857102,linear,52,0,52,52,0,52,0.1,0.1015625,0.1015625,0.3888445821208436,3.888445821208436e-07,mle,-0.26616456407709266,0.49173558770448134,ok,True,True,extraction,
audusd,2962,2017-10-06,2450,2961,512,-0.7609141488692354,linear,52,0,52,52,0,52,0.1,0.1015625,0.1015625,0.387543731225932,3.87543731225932e-07,mle,-0.27388058032853435,0.5026082466967088,ok,True,True,extraction,
audusd,2963,2017-10-09,2451,2962,512,-0.7706837366857102,linear,52,0,52,52,0,52,0.1,0.1015625,0.1015625,0.3877399347176359,3.877399347176359e-07,mle,-0.26411483860676577,0.4901394903181501,ok,True,True,extraction,
audusd,2964,2017-10-10,2452,2963,512,-0.7706837366857102,linear,52,0,52,52,0,52,0.1,0.1015625,0.1015625,0.3888445821208436,3.888445821208436e-07,mle,-0.26411483860676577,0.4901394903181501,ok,True,True,extraction,
audusd,2965,2017-10-11,2453,2964,512,-0.7706837366857102,linear,52,0,52,52,0,52,0.1,0.1015625,0.1015625,0.38729562089120007,3.872956208912e-07,mle,-0.26411483860676577,0.4901394903181501,ok,True,True,extraction,
audusd,2966,2017-10-12,2454,2965,512,-0.7706837366857102,linear,52,0,52,52,0,52,0.1,0.1015625,0.1015625,0.387543731225932,3.87543731225932e-07,mle,-0.26411483860676577,0.4901394903181501,ok,True,True,extraction,
audusd,2967,2017-10-13,2455,2966,512,-0.7706837366857102,linear,52,0,52,52,0,52,0.1,0.1015625,0.1015625,0.387543731225932,3.87543731225932e-07,mle,-0.26411483860676577,0.4901394903181501,ok,True,True,extraction,
audusd,2968,2017-10-16,2456,2967,512,-0.7706837366857102,linear,52,0,52,52,0,52,0.1,0.1015625,0.1015625,0.387543731225932,3.87543731225932e-07,mle,-0.26411483860676577,0.4901394903181501,ok,True,True,extraction,
audusd,2969,2017-10-17,2457,2968,512,-0.7609141488692354,linear,52,0,52,52,0,52,0.1,0.1015625,0.1015625,0.3870162637700074,3.870162637700074e-07,mle,-0.27881493339703045,0.5065518207078941,ok,True,True,extraction,
audusd,2970,2017-10-18,2458,2969,512,-0.753360174513687,linear,52,0,52,52,0,52,0.1,0.1015625,0.1015625,0.3870162637700074,3.870162637700074e-07,mle,-0.2658382854480747,0.49880553726987986,ok,True,True,extraction,
audusd,2971,2017-10-19,2459,2970,512,-0.753360174513687,linear,52,0,52,52,0,52,0.1,0.1015625,0.1015625,0.3852222798389803,3.8522227983898027e-07,mle,-0.2658382854480747,0.49880553726987986,ok,True,True,extraction,
audusd,2972,2017-10-20,2460,2971,512,-0.753360174513687,linear,52,0,52,52,0,52,0.1,0.1015625,0.1015625,0.3863665363542813,3.863665363542813e-07,mle,-0.2658382854480747,0.49880553726987986,ok,True,True,extraction,
audusd,2973,2017-10-23,2461,2972,512,-0.753360174513687,linear,52,0,52,52,0,52,0.1,0.1015625,0.1015625,0.3863665363542813,3.863665363542813e-07,mle,-0.2658382854480747,0.49880553726987986,ok,True,True,extraction,
audusd,2974,2017-10-24,2462,2973,512,-0.7609141488692354,linear,52,0,52,52,0,52,0.1,0.1015625,0.1015625,0.3868348127221456,3.868348127221456e-07,mle,-0.25810236211852716,0.48908671373683255,ok,True,True,extraction,
audusd,2975,2017-10-25,2463,2974,512,-0.7609141488692354,linear,52,0,52,52,0,52,0.1,0.1015625,0.1015625,0.38528194573538144,3.8528194573538144e-07,mle,-0.25810236211852716,0.48908671373683255,ok,True,True,extraction,
audusd,2976,2017-10-26,2464,2975,512,-0.7609141488692354,linear,52,0,52,52,0,52,0.1,0.1015625,0.1015625,0.3868348127221456,3.868348127221456e-07,mle,-0.25810236211852716,0.48908671373683255,ok,True,True,extraction,
audusd,2977,2017-10-27,2465,2976,512,-0.7609141488692354,linear,52,0,52,52,0,52,0.1,0.1015625,0.1015625,0.3868348127221456,3.868348127221456e-07,mle,-0.22693462274215687,0.46152108366337363,ok,True,True,extraction,
audusd,2978,2017-10-30,2466,2977,512,-0.7609141488692354,linear,52,0,52,52,0,52,0.1,0.1015625,0.1015625,0.38729562089120007,3.872956208912e-07,mle,-0.22693462274215687,0.46152108366337363,ok,True,True,extraction,
audusd,2979,2017-10-31,2467,2978,512,-0.7609141488692354,linear,52,0,52,52,0,52,0.1,0.1015625,0.1015625,0.387543731225932,3.87543731225932e-07,mle,-0.22693462274215687,0.46152108366337363,ok,True,True,extraction,
audusd,2980,2017-11-01,2468,2979,512,-0.7609141488692354,linear,52,0,52,52,0,52,0.1,0.1015625,0.1015625,0.387543731225932,3.87543731225932e-07,mle,-0.22693462274215687,0.46152108366337363,ok,True,True,extraction,
audusd,2981,2017-11-02,2469,2980,512,-0.7609141488692354,linear,52,0,52,52,0,52,0.1,0.1015625,0.1015625,0.38729562089120007,3.872956208912e-07,mle,-0.22693462274215687,0.46152108366337363,ok,True,True,extraction,
audusd,2982,2017-11-03,2470,2981,512,-0.7609141488692354,linear,52,0,52,52,0,52,0.1,0.1015625,0.1015625,0.3868348127221456,3.868348127221456e-07,mle,-0.22693462274215687,0.46152108366337363,ok,True,True,extraction,
audusd,2983,2017-11-06,2471,2982,512,-0.7609141488692354,linear,52,0,52,52,0,52,0.1,0.1015625,0.1015625,0.3870162637700074,3.870162637700074e-07,mle,-0.22693462274215687,0.46152108366337363,ok,True,True,extraction,
audusd,2984,2017-11-07,2472,2983,512,-0.7706837366857102,linear,52,0,52,52,0,52,0.1,0.1015625,0.1015625,0.3877399347176359,3.877399347176359e-07,mle,-0.20987432444264442,0.4447698331011385,ok,True,True,extraction,
audusd,2985,2017-11-08,2473,2984,512,-0.7706837366857102,linear,52,0,52,52,0,52,0.1,0.1015625,0.1015625,0.3879990878018646,3.879990878018646e-07,mle,-0.20987432444264442,0.4447698331011385,ok,True,True,extraction,
audusd,2986,2017-11-09,2474,2985,512,-0.7706837366857102,linear,52,0,52,52,0,52,0.1,0.1015625,0.1015625,0.38936734325779165,3.893673432577916e-07,mle,-0.20987432444264442,0.4447698331011385,ok,True,True,extraction,
audusd,2987,2017-11-10,2475,2986,512,-0.7706837366857102,linear,52,0,52,52,0,52,0.1,0.1015625,0.1015625,0.3888445821208436,3.888445821208436e-07,mle,-0.20987432444264442,0.4447698331011385,ok,True,True,extraction,
audusd,2988,2017-11-13,2476,2987,512,-0.7706837366857102,linear,52,0,52,52,0,52,0.1,0.1015625,0.1015625,0.387543731225932,3.87543731225932e-07,mle,-0.20987432444264442,0.4447698331011385,ok,True,True,extraction,
audusd,2989,2017-11-14,2477,2988,512,-0.7706837366857102,linear,52,0,52,52,0,52,0.1,0.1015625,0.1015625,0.38729562089120007,3.872956208912e-07,mle,-0.20987432444264442,0.4447698331011385,ok,True,True,extraction,
audusd,2990,2017-11-15,2478,2989,512,-0.7706837366857102,linear,52,0,52,52,0,52,0.1,0.1015625,0.1015625,0.3888445821208436,3.888445821208436e-07,mle,-0.20987432444264442,0.4447698331011385,ok,True,True,extraction,
audusd,2991,2017-11-17,2479,2990,512,-0.7706837366857102,linear,52,0,52,52,0,52,0.1,0.1015625,0.1015625,0.387543731225932,3.87543731225932e-07,mle,-0.20987432444264442,0.4447698331011385,ok,True,True,extraction,
audusd,2992,2017-11-20,2480,2991,512,-0.7706837366857102,linear,52,0,52,52,0,52,0.1,0.1015625,0.1015625,0.387543731225932,3.87543731225932e-07,mle,-0.20987432444264442,0.4447698331011385,ok,True,True,extraction,
audusd,2993,2017-11-21,2481,2992,512,-0.7706837366857102,linear,52,0,52,52,0,52,0.1,0.1015625,0.1015625,0.38729562089120007,3.872956208912e-07,mle,-0.20987432444264442,0.4447698331011385,ok,True,True,extraction,
audusd,2994,2017-11-22,2482,2993,512,-0.7706837366857102,linear,52,0,52,52,0,52,0.1,0.1015625,0.1015625,0.38130192352597486,3.8130192352597484e-07,mle,-0.20987432444264442,0.4447698331011385,ok,True,True,extraction,
audusd,2995,2017-11-23,2483,2994,512,-0.7706837366857102,linear,52,0,52,52,0,52,0.1,0.1015625,0.1015625,0.38552937545469323,3.855293754546932e-07,mle,-0.20987432444264442,0.4447698331011385,ok,True,True,extraction,
audusd,2996,2017-11-24,2484,2995,512,-0.7706837366857102,linear,52,0,52,52,0,52,0.1,0.1015625,0.1015625,0.38552937545469323,3.855293754546932e-07,mle,-0.20987432444264442,0.4447698331011385,ok,True,True,extraction,
audusd,2997,2017-11-27,2485,2996,512,-0.7706837366857102,linear,52,0,52,52,0,52,0.1,0.1015625,0.1015625,0.38552937545469323,3.855293754546932e-07,mle,-0.20987432444264442,0.4447698331011385,ok,True,True,extraction,
audusd,2998,2017-11-28,2486,2997,512,-0.7609141488692354,linear,52,0,52,52,0,52,0.1,0.1015625,0.1015625,0.3846272655668682,3.8462726556686817e-07,mle,-0.2072089003802665,0.44701449596234055,ok,True,True,extraction,
audusd,2999,2017-11-29,2487,2998,512,-0.7609141488692354,linear,52,0,52,52,0,52,0.1,0.1015625,0.1015625,0.38423829056361614,3.8423829056361614e-07,mle,-0.2072089003802665,0.44701449596234055,ok,True,True,extraction,
audusd,3000,2017-11-30,2488,2999,512,-0.7609141488692354,linear,52,0,52,52,0,52,0.1,0.1015625,0.1015625,0.3781239792699958,3.781239792699958e-07,mle,-0.2072089003802665,0.44701449596234055,ok,True,True,extraction,
audusd,3001,2017-12-01,2489,3000,512,-0.7609141488692354,linear,52,0,52,52,0,52,0.1,0.1015625,0.1015625,0.37925404737668167,3.7925404737668167e-07,mle,-0.2072089003802665,0.44701449596234055,ok,True,True,extraction,
audusd,3002,2017-12-04,2490,3001,512,-0.753360174513687,linear,52,0,52,52,0,52,0.1,0.1015625,0.1015625,0.3777018163377577,3.7770181633775764e-07,mle,-0.18418272709181813,0.4307652044665423,ok,True,True,extraction,
audusd,3003,2017-12-05,2491,3002,512,-0.753360174513687,linear,52,0,52,52,0,52,0.1,0.1015625,0.1015625,0.3763812161771548,3.763812161771548e-07,mle,-0.18418272709181813,0.4307652044665423,ok,True,True,extraction,
audusd,3004,2017-12-06,2492,3003,512,-0.753360174513687,linear,52,0,52,52,0,52,0.1,0.1015625,0.1015625,0.3768575429884772,3.7685754298847716e-07,mle,-0.18418272709181813,0.4307652044665423,ok,True,True,extraction,
audusd,3005,2017-12-07,2493,3004,512,-0.753360174513687,linear,52,0,52,52,0,52,0.1,0.1015625,0.1015625,0.3752938786215768,3.752938786215768e-07,mle,-0.18418272709181813,0.4307652044665423,ok,True,True,extraction,
audusd,3006,2017-12-08,2494,3005,512,-0.7477166228530906,linear,52,0,52,52,0,52,0.1,0.1015625,0.1015625,0.3752938786215768,3.752938786215768e-07,mle,-0.17150586346871044,0.42451107416050804,ok,True,True,extraction,
audusd,3007,2017-12-11,2495,3006,512,-0.7477166228530906,linear,52,0,52,52,0,52,0.1,0.1015625,0.1015625,0.37473717356759223,3.747371735675922e-07,mle,-0.17150586346871044,0.42451107416050804,ok,True,True,extraction,
audusd,3008,2017-12-12,2496,3007,512,-0.7477166228530906,linear,52,0,52,52,0,52,0.1,0.1015625,0.1015625,0.372224654309561,3.72224654309561e-07,mle,-0.17150586346871044,0.42451107416050804,ok,True,True,extraction,
audusd,3009,2017-12-13,2497,3008,512,-0.7477166228530906,linear,52,0,52,52,0,52,0.1,0.1015625,0.1015625,0.371311899766235,3.71311899766235e-07,mle,-0.17150586346871044,0.42451107416050804,ok,True,True,extraction,
audusd,3010,2017-12-14,2498,3009,512,-0.7477166228530906,linear,52,0,52,52,0,52,0.1,0.1015625,0.1015625,0.3732568727321279,3.732568727321279e-07,mle,-0.17150586346871044,0.42451107416050804,ok,True,True,extraction,
audusd,3011,2017-12-15,2499,3010,512,-0.7477166228530906,linear,52,0,52,52,0,52,0.1,0.1015625,0.1015625,0.3732568727321279,3.732568727321279e-07,mle,-0.17150586346871044,0.42451107416050804,ok,True,True,extraction,
audusd,3012,2017-12-18,2500,3011,512,-0.7477166228530906,linear,52,0,52,52,0,52,0.1,0.1015625,0.1015625,0.37413973369512865,3.741397336951286e-07,mle,-0.17150586346871044,0.42451107416050804,ok,True,True,extraction,
audusd,3013,2017-12-19,2501,3012,512,-0.7477166228530906,linear,52,0,52,52,0,52,0.1,0.1015625,0.1015625,0.37413973369512865,3.741397336951286e-07,mle,-0.17150586346871044,0.42451107416050804,ok,True,True,extraction,
audusd,3014,2017-12-20,2502,3013,512,-0.7477166228530906,linear,52,0,52,52,0,52,0.1,0.1015625,0.1015625,0.3732568727321279,3.732568727321279e-07,mle,-0.17150586346871044,0.42451107416050804,ok,True,True,extraction,
audusd,3015,2017-12-21,2503,3014,512,-0.7477166228530906,linear,52,0,52,52,0,52,0.1,0.1015625,0.1015625,0.3732568727321279,3.732568727321279e-07,mle,-0.17150586346871044,0.42451107416050804,ok,True,True,extraction,
audusd,3016,2017-12-22,2504,3015,512,-0.7477166228530906,linear,52,0,52,52,0,52,0.1,0.1015625,0.1015625,0.3720880671680845,3.720880671680845e-07,mle,-0.17150586346871044,0.42451107416050804,ok,True,True,extraction,
audusd,3017,2017-12-25,2505,3016,512,-0.7477166228530906,linear,52,0,52,52,0,52,0.1,0.1015625,0.1015625,0.37352763318507,3.7352763318506995e-07,mle,-0.17150586346871044,0.42451107416050804,ok,True,True,extraction,
audusd,3018,2017-12-26,2506,3017,512,-0.737135401095566,linear,52,0,52,52,0,52,0.1,0.1015625,0.1015625,0.3746010319046692,3.7460103190466916e-07,mle,-0.15696787475755025,0.41677057128840644,ok,True,True,extraction,
audusd,3019,2017-12-27,2507,3018,512,-0.737135401095566,linear,52,0,52,52,0,52,0.1,0.1015625,0.1015625,0.3733326691722261,3.7333266917222606e-07,mle,-0.15696787475755025,0.41677057128840644,ok,True,True,extraction,
audusd,3020,2017-12-28,2508,3019,512,-0.7299924439890553,linear,52,0,52,52,0,52,0.1,0.1015625,0.1015625,0.37459087716149614,3.745908771614961e-07,mle,-0.14365494142155696,0.4107581689775014,ok,True,True,extraction,
audusd,3021,2017-12-29,2509,3020,512,-0.7283588529704568,linear,52,0,52,52,0,52,0.1,0.1015625,0.1015625,0.3750456666561107,3.7504566665611073e-07,mle,-0.1347290462539079,0.40616954292194396,ok,True,True,extraction,
audusd,3022,2018-01-01,2510,3021,512,-0.7267170527993777,linear,52,0,52,52,0,52,0.1,0.1015625,0.1015625,0.3758643734559658,3.758643734559658e-07,mle,-0.10856895201136547,0.3911837218599677,ok,True,True,extraction,
audusd,3023,2018-01-02,2511,3022,512,-0.7267170527993777,linear,52,0,52,52,0,52,0.1,0.1015625,0.1015625,0.3735512806057317,3.735512806057317e-07,mle,-0.10856895201136547,0.3911837218599677,ok,True,True,extraction,
audusd,3024,2018-01-03,2512,3023,512,-0.7267170527993777,linear,52,0,52,52,0,52,0.1,0.1015625,0.1015625,0.3735512806057317,3.735512806057317e-07,mle,-0.10856895201136547,0.3911837218599677,ok,True,True,extraction,
audusd,3025,2018-01-04,2513,3024,512,-0.7184880367675219,linear,52,0,52,52,0,52,0.1,0.1015625,0.1015625,0.371794443986948,3.7179444398694796e-07,mle,-0.13169325048201586,0.4083321965468546,ok,True,True,extraction,
audusd,3026,2018-01-05,2514,3025,512,-0.7184880367675219,linear,52,0,52,52,0,52,0.1,0.1015625,0.1015625,0.37116778359282976,3.7116778359282974e-07,mle,-0.13169325048201586,0.4083321965468546,ok,True,True,extraction,
audusd,3027,2018-01-08,2515,3026,512,-0.7114877787153119,linear,52,0,52,52,0,52,0.1,0.1015625,0.1015625,0.36968035937002,3.6968035937002e-07,mle,-0.137350761481062,0.39066293490969517,ok,True,True,extraction,
audusd,3028,2018-01-09,2516,3027,512,-0.7114877787153119,linear,52,0,52,52,0,52,0.1,0.1015625,0.1015625,0.37116778359282976,3.7116778359282974e-07,mle,-0.137350761481062,0.39066293490969517,ok,True,True,extraction,
audusd,3029,2018-01-10,2517,3028,512,-0.7114877787153119,linear,52,0,52,52,0,52,0.1,0.1015625,0.1015625,0.37007595739454774,3.700759573945477e-07,mle,-0.137350761481062,0.39066293490969517,ok,True,True,extraction,
audusd,3030,2018-01-11,2518,3029,512,-0.7114877787153119,linear,52,0,52,52,0,52,0.1,0.1015625,0.1015625,0.3718327940133314,3.718327940133314e-07,mle,-0.137350761481062,0.39066293490969517,ok,True,True,extraction,
audusd,3031,2018-01-12,2519,3030,512,-0.7114877787153119,linear,52,0,52,52,0,52,0.1,0.1015625,0.1015625,0.3718327940133314,3.718327940133314e-07,mle,-0.137350761481062,0.39066293490969517,ok,True,True,extraction,
audusd,3032,2018-01-15,2520,3031,512,-0.7114877787153119,linear,52,0,52,52,0,52,0.1,0.1015625,0.1015625,0.37292462021161343,3.729246202116134e-07,mle,-0.137350761481062,0.39066293490969517,ok,True,True,extraction,
audusd,3033,2018-01-16,2521,3032,512,-0.7075469985626692,linear,52,0,52,52,0,52,0.1,0.1015625,0.1015625,0.37116778359282976,3.7116778359282974e-07,mle,-0.1295380299329103,0.3876901495174957,ok,True,True,extraction,
audusd,3034,2018-01-17,2522,3033,512,-0.7075469985626692,linear,52,0,52,52,0,52,0.1,0.1015625,0.1015625,0.37116778359282976,3.7116778359282974e-07,mle,-0.1295380299329103,0.3876901495174957,ok,True,True,extraction,
audusd,3035,2018-01-18,2523,3034,512,-0.7075469985626692,linear,52,0,52,52,0,52,0.1,0.1015625,0.1015625,0.37116778359282976,3.7116778359282974e-07,mle,-0.1295380299329103,0.3876901495174957,ok,True,True,extraction,
audusd,3036,2018-01-19,2524,3035,512,-0.7075469985626692,linear,52,0,52,52,0,52,0.1,0.1015625,0.1015625,0.37007595739454774,3.700759573945477e-07,mle,-0.1295380299329103,0.3876901495174957,ok,True,True,extraction,
audusd,3037,2018-01-22,2525,3036,512,-0.7075469985626692,linear,52,0,52,52,0,52,0.1,0.1015625,0.1015625,0.36971112961004315,3.6971112961004315e-07,mle,-0.1295380299329103,0.3876901495174957,ok,True,True,extraction,
audusd,3038,2018-01-23,2526,3037,512,-0.7075469985626692,linear,52,0,52,52,0,52,0.1,0.1015625,0.1015625,0.36899960383500763,3.689996038350076e-07,mle,-0.1295380299329103,0.3876901495174957,ok,True,True,extraction,
audusd,3039,2018-01-24,2527,3038,512,-0.7006204110094845,linear,52,0,52,52,0,52,0.1,0.1015625,0.1015625,0.36688551921807966,3.6688551921807967e-07,mle,-0.11459047641008496,0.38081676759054395,ok,True,True,extraction,
audusd,3040,2018-01-25,2528,3039,512,-0.7006204110094845,linear,52,0,52,52,0,52,0.1,0.1015625,0.1015625,0.36584348792983207,3.6584348792983205e-07,mle,-0.11459047641008496,0.38081676759054395,ok,True,True,extraction,
audusd,3041,2018-01-26,2529,3040,512,-0.7006204110094845,linear,52,0,52,52,0,52,0.1,0.1015625,0.1015625,0.36584348792983207,3.6584348792983205e-07,mle,-0.11459047641008496,0.38081676759054395,ok,True,True,extraction,
audusd,3042,2018-01-29,2530,3041,512,-0.6815811759846507,linear,52,0,52,52,0,52,0.1,0.1015625,0.1015625,0.3649535715668635,3.6495357156686344e-07,mle,-0.12569113887956013,0.38626886810688554,ok,True,True,extraction,
audusd,3043,2018-01-30,2531,3042,512,-0.6815811759846507,linear,52,0,52,52,0,52,0.1,0.1015625,0.1015625,0.36542456500443343,3.654245650044334e-07,mle,-0.12569113887956013,0.38626886810688554,ok,True,True,extraction,
audusd,3044,2018-01-31,2532,3043,512,-0.6815811759846507,linear,52,0,52,52,0,52,0.1,0.1015625,0.1015625,0.36542456500443343,3.654245650044334e-07,mle,-0.12569113887956013,0.38626886810688554,ok,True,True,extraction,
audusd,3045,2018-02-01,2533,3044,512,-0.6815811759846507,linear,52,0,52,52,0,52,0.1,0.1015625,0.1015625,0.36349261735321725,3.6349261735321724e-07,mle,-0.12569113887956013,0.38626886810688554,ok,True,True,extraction,
audusd,3046,2018-02-02,2534,3045,512,-0.6815811759846507,linear,52,0,52,52,0,52,0.1,0.1015625,0.1015625,0.36584348792983207,3.6584348792983205e-07,mle,-0.12569113887956013,0.38626886810688554,ok,True,True,extraction,
audusd,3047,2018-02-05,2535,3046,512,-0.6815811759846507,linear,52,0,52,52,0,52,0.1,0.1015625,0.1015625,0.36584348792983207,3.6584348792983205e-07,mle,-0.12569113887956013,0.38626886810688554,ok,True,True,extraction,
audusd,3048,2018-02-06,2536,3047,512,-0.7006204110094845,linear,52,0,52,52,0,52,0.1,0.1015625,0.1015625,0.3670676561837915,3.6706765618379147e-07,mle,-0.10989417514074028,0.38132871614495384,ok,True,True,extraction,
audusd,3049,2018-02-07,2537,3048,512,-0.7006204110094845,linear,52,0,52,52,0,52,0.1,0.1015625,0.1015625,0.3670676561837915,3.6706765618379147e-07,mle,-0.10989417514074028,0.38132871614495384,ok,True,True,extraction,
audusd,3050,2018-02-08,2538,3049,512,-0.7006204110094845,linear,52,0,52,52,0,52,0.1,0.1015625,0.1015625,0.3660925180936398,3.660925180936398e-07,mle,-0.10989417514074028,0.38132871614495384,ok,True,True,extraction,
audusd,3051,2018-02-09,2539,3050,512,-0.7075469985626692,linear,52,0,52,52,0,52,0.1,0.1015625,0.1015625,0.3660925180936398,3.660925180936398e-07,mle,-0.11417561022481454,0.3808347250483718,ok,True,True,extraction,
audusd,3052,2018-02-12,2540,3051,512,-0.7075469985626692,linear,52,0,52,52,0,52,0.1,0.1015625,0.1015625,0.3670676561837915,3.6706765618379147e-07,mle,-0.11417561022481454,0.3808347250483718,ok,True,True,extraction,
audusd,3053,2018-02-13,2541,3052,512,-0.7075469985626692,linear,52,0,52,52,0,52,0.1,0.1015625,0.1015625,0.3670676561837915,3.6706765618379147e-07,mle,-0.11417561022481454,0.3808347250483718,ok,True,True,extraction,
audusd,3054,2018-02-14,2542,3053,512,-0.7075469985626692,linear,52,0,52,52,0,52,0.1,0.1015625,0.1015625,0.36584348792983207,3.6584348792983205e-07,mle,-0.11417561022481454,0.3808347250483718,ok,True,True,extraction,
audusd,3055,2018-02-15,2543,3054,512,-0.7075469985626692,linear,52,0,52,52,0,52,0.1,0.1015625,0.1015625,0.36584348792983207,3.6584348792983205e-07,mle,-0.11417561022481454,0.3808347250483718,ok,True,True,extraction,
audusd,3056,2018-02-16,2544,3055,512,-0.7075469985626692,linear,52,0,52,52,0,52,0.1,0.1015625,0.1015625,0.36584348792983207,3.6584348792983205e-07,mle,-0.11417561022481454,0.3808347250483718,ok,True,True,extraction,
audusd,3057,2018-02-19,2545,3056,512,-0.7006204110094845,linear,52,0,52,52,0,52,0.1,0.1015625,0.1015625,0.36349261735321725,3.6349261735321724e-07,mle,-0.09043564031847079,0.36337378425037076,ok,True,True,extraction,
audusd,3058,2018-02-20,2546,3057,512,-0.7006204110094845,linear,52,0,52,52,0,52,0.1,0.1015625,0.1015625,0.36584348792983207,3.6584348792983205e-07,mle,-0.09043564031847079,0.36337378425037076,ok,True,True,extraction,
audusd,3059,2018-02-21,2547,3058,512,-0.7006204110094845,linear,52,0,52,52,0,52,0.1,0.1015625,0.1015625,0.3660925180936398,3.660925180936398e-07,mle,-0.09043564031847079,0.36337378425037076,ok,True,True,extraction,
audusd,3060,2018-02-22,2548,3059,512,-0.7006204110094845,linear,52,0,52,52,0,52,0.1,0.1015625,0.1015625,0.36775763167511993,3.677576316751199e-07,mle,-0.09043564031847079,0.36337378425037076,ok,True,True,extraction,
audusd,3061,2018-02-23,2549,3060,512,-0.7075469985626692,linear,52,0,52,52,0,52,0.1,0.1015625,0.1015625,0.36498053376774464,3.6498053376774463e-07,mle,-0.10011938629938155,0.36639711812569975,ok,True,True,extraction,
audusd,3062,2018-02-26,2550,3061,512,-0.7075469985626692,linear,52,0,52,52,0,52,0.1,0.1015625,0.1015625,0.36498053376774464,3.6498053376774463e-07,mle,-0.10011938629938155,0.36639711812569975,ok,True,True,extraction,
audusd,3063,2018-02-27,2551,3062,512,-0.7075469985626692,linear,52,0,52,52,0,52,0.1,0.1015625,0.1015625,0.36182610527926273,3.618261052792627e-07,mle,-0.10011938629938155,0.36639711812569975,ok,True,True,extraction,
audusd,3064,2018-02-28,2552,3063,512,-0.7075469985626692,linear,52,0,52,52,0,52,0.1,0.1015625,0.1015625,0.3632916084004102,3.632916084004102e-07,mle,-0.10011938629938155,0.36639711812569975,ok,True,True,extraction,
audusd,3065,2018-03-01,2553,3064,512,-0.7114877787153119,linear,52,0,52,52,0,52,0.1,0.1015625,0.1015625,0.36182610527926273,3.618261052792627e-07,mle,-0.08950924551338786,0.35877375124104016,ok,True,True,extraction,
audusd,3066,2018-03-02,2554,3065,512,-0.7114877787153119,linear,52,0,52,52,0,52,0.1,0.1015625,0.1015625,0.3631422620484918,3.631422620484918e-07,mle,-0.08950924551338786,0.35877375124104016,ok,True,True,extraction,
audusd,3067,2018-03-05,2555,3066,512,-0.7114877787153119,linear,52,0,52,52,0,52,0.1,0.1015625,0.1015625,0.35933969196948284,3.593396919694828e-07,mle,-0.08950924551338786,0.35877375124104016,ok,True,True,extraction,
audusd,3068,2018-03-06,2556,3067,512,-0.7114877787153119,linear,52,0,52,52,0,52,0.1,0.1015625,0.1015625,0.35876277360475217,3.5876277360475216e-07,mle,-0.08950924551338786,0.35877375124104016,ok,True,True,extraction,
audusd,3069,2018-03-07,2557,3068,512,-0.7075469985626692,linear,52,0,52,52,0,52,0.1,0.1015625,0.1015625,0.3600598264189246,3.6005982641892456e-07,mle,-0.09492710717207929,0.36355851576354314,ok,True,True,extraction,
audusd,3070,2018-03-08,2558,3069,512,-0.7075469985626692,linear,52,0,52,52,0,52,0.1,0.1015625,0.1015625,0.3583709010515901,3.5837090105159006e-07,mle,-0.09492710717207929,0.36355851576354314,ok,True,True,extraction,
audusd,3071,2018-03-09,2559,3070,512,-0.7075469985626692,linear,52,0,52,52,0,52,0.1,0.1015625,0.1015625,0.3583709010515901,3.5837090105159006e-07,mle,-0.09492710717207929,0.36355851576354314,ok,True,True,extraction,
audusd,3072,2018-03-12,2560,3071,512,-0.7075469985626692,linear,52,0,52,52,0,52,0.1,0.1015625,0.1015625,0.3583709010515901,3.5837090105159006e-07,mle,-0.09492710717207929,0.36355851576354314,ok,True,True,extraction,
audusd,3073,2018-03-13,2561,3072,512,-0.7075469985626692,linear,52,0,52,52,0,52,0.1,0.1015625,0.1015625,0.35981548406467323,3.598154840646732e-07,mle,-0.09492710717207929,0.36355851576354314,ok,True,True,extraction,
audusd,3074,2018-03-14,2562,3073,512,-0.7075469985626692,linear,52,0,52,52,0,52,0.1,0.1015625,0.1015625,0.35909795195260175,3.5909795195260175e-07,mle,-0.09492710717207929,0.36355851576354314,ok,True,True,extraction,
audusd,3075,2018-03-15,2563,3074,512,-0.6960615304350402,linear,52,0,52,52,0,52,0.1,0.1015625,0.1015625,0.3579531625762538,3.579531625762538e-07,mle,-0.09345147226160588,0.3663431268569417,ok,True,True,extraction,
audusd,3076,2018-03-16,2564,3075,512,-0.6960615304350402,linear,52,0,52,52,0,52,0.1,0.1015625,0.1015625,0.3526407702239026,3.5264077022390257e-07,mle,-0.09345147226160588,0.3663431268569417,ok,True,True,extraction,
audusd,3077,2018-03-19,2565,3076,512,-0.7075469985626692,linear,52,0,52,52,0,52,0.1,0.1015625,0.1015625,0.3561684987557086,3.561684987557086e-07,mle,-0.09544666108715533,0.3639387193089795,ok,True,True,extraction,
audusd,3078,2018-03-20,2566,3077,512,-0.7114877787153119,linear,52,0,52,52,0,52,0.1,0.1015625,0.1015625,0.35909795195260175,3.5909795195260175e-07,mle,-0.10549648774529144,0.36792945244387876,ok,True,True,extraction,
audusd,3079,2018-03-21,2567,3078,512,-0.7114877787153119,linear,52,0,52,52,0,52,0.1,0.1015625,0.1015625,0.35584516874282424,3.558451687428242e-07,mle,-0.10549648774529144,0.36792945244387876,ok,True,True,extraction,
audusd,3080,2018-03-22,2568,3079,512,-0.7114877787153119,linear,52,0,52,52,0,52,0.1,0.1015625,0.1015625,0.3567535695686874,3.5675356956868743e-07,mle,-0.10549648774529144,0.36792945244387876,ok,True,True,extraction,
audusd,3081,2018-03-23,2569,3080,512,-0.7114877787153119,linear,52,0,52,52,0,52,0.1,0.1015625,0.1015625,0.3572145955248489,3.572145955248489e-07,mle,-0.10549648774529144,0.36792945244387876,ok,True,True,extraction,
audusd,3082,2018-03-26,2570,3081,512,-0.7184880367675219,linear,52,0,52,52,0,52,0.1,0.1015625,0.1015625,0.35771425281597574,3.577142528159757e-07,mle,-0.11354421488516347,0.37001669919664365,ok,True,True,extraction,
audusd,3083,2018-03-27,2571,3082,512,-0.7114877787153119,linear,52,0,52,52,0,52,0.1,0.1015625,0.1015625,0.35666325758388834,3.566632575838883e-07,mle,-0.11615788295911574,0.37468364675112403,ok,True,True,extraction,
audusd,3084,2018-03-28,2572,3083,512,-0.7075469985626692,linear,52,0,52,52,0,52,0.1,0.1015625,0.1015625,0.35909795195260175,3.5909795195260175e-07,mle,-0.12610298533379952,0.3823385698472446,ok,True,True,extraction,
audusd,3085,2018-03-29,2573,3084,512,-0.7181158224206965,linear,52,0,52,52,0,52,0.1,0.1015625,0.1015625,0.35666325758388834,3.566632575838883e-07,mle,-0.11351663590737081,0.37016204614555326,ok,True,True,extraction,
audusd,3086,2018-03-30,2574,3085,512,-0.7075469985626692,linear,52,0,52,52,0,52,0.1,0.1015625,0.1015625,0.35666325758388834,3.566632575838883e-07,mle,-0.10365766185439793,0.3659540421987733,ok,True,True,extraction,
audusd,3087,2018-04-02,2575,3086,512,-0.7075469985626692,linear,52,0,52,52,0,52,0.1,0.1015625,0.1015625,0.35584516874282424,3.558451687428242e-07,mle,-0.10365766185439793,0.3659540421987733,ok,True,True,extraction,
audusd,3088,2018-04-03,2576,3087,512,-0.7075469985626692,linear,52,0,52,52,0,52,0.1,0.1015625,0.1015625,0.3552465576065632,3.5524655760656316e-07,mle,-0.10365766185439793,0.3659540421987733,ok,True,True,extraction,
audusd,3089,2018-04-04,2577,3088,512,-0.7075469985626692,linear,52,0,52,52,0,52,0.1,0.1015625,0.1015625,0.35366547679210897,3.5366547679210897e-07,mle,-0.10365766185439793,0.3659540421987733,ok,True,True,extraction,
audusd,3090,2018-04-05,2578,3089,512,-0.7075469985626692,linear,52,0,52,52,0,52,0.1,0.1015625,0.1015625,0.3552465576065632,3.5524655760656316e-07,mle,-0.10365766185439793,0.3659540421987733,ok,True,True,extraction,
audusd,3091,2018-04-06,2579,3090,512,-0.7075469985626692,linear,52,0,52,52,0,52,0.1,0.1015625,0.1015625,0.3552465576065632,3.5524655760656316e-07,mle,-0.10365766185439793,0.3659540421987733,ok,True,True,extraction,
audusd,3092,2018-04-09,2580,3091,512,-0.6991756966426926,linear,52,0,52,52,0,52,0.1,0.1015625,0.1015625,0.3552465576065632,3.5524655760656316e-07,mle,-0.12309902628440912,0.3811174242951887,ok,True,True,extraction,
audusd,3093,2018-04-10,2581,3092,512,-0.6991756966426926,linear,52,0,52,52,0,52,0.1,0.1015625,0.1015625,0.3538168767998222,3.538168767998222e-07,mle,-0.12309902628440912,0.3811174242951887,ok,True,True,extraction,
audusd,3094,2018-04-11,2582,3093,512,-0.6991756966426926,linear,52,0,52,52,0,52,0.1,0.1015625,0.1015625,0.3538168767998222,3.538168767998222e-07,mle,-0.12309902628440912,0.3811174242951887,ok,True,True,extraction,
audusd,3095,2018-04-12,2583,3094,512,-0.6991756966426926,linear,52,0,52,52,0,52,0.1,0.1015625,0.1015625,0.3552465576065632,3.5524655760656316e-07,mle,-0.12309902628440912,0.3811174242951887,ok,True,True,extraction,
audusd,3096,2018-04-13,2584,3095,512,-0.6685787466835243,linear,52,0,52,52,0,52,0.1,0.1015625,0.1015625,0.3538168767998222,3.538168767998222e-07,mle,-0.1823467576021301,0.4343166018889906,ok,True,True,extraction,
audusd,3097,2018-04-16,2585,3096,512,-0.6685787466835243,linear,52,0,52,52,0,52,0.1,0.1015625,0.1015625,0.35299878795875805,3.52998787958758e-07,mle,-0.1823467576021301,0.4343166018889906,ok,True,True,extraction,
audusd,3098,2018-04-17,2586,3097,512,-0.6685787466835243,linear,52,0,52,52,0,52,0.1,0.1015625,0.1015625,0.35299878795875805,3.52998787958758e-07,mle,-0.1823467576021301,0.4343166018889906,ok,True,True,extraction,
audusd,3099,2018-04-18,2587,3098,512,-0.6685787466835243,linear,52,0,52,52,0,52,0.1,0.1015625,0.1015625,0.3492868874372822,3.492868874372822e-07,mle,-0.1823467576021301,0.4343166018889906,ok,True,True,extraction,
audusd,3100,2018-04-19,2588,3099,512,-0.640162108185089,linear,52,0,52,52,0,52,0.1,0.1015625,0.1015625,0.34831712110342977,3.4831712110342973e-07,mle,-0.20864448215803966,0.44695798652772867,ok,True,True,extraction,
audusd,3101,2018-04-20,2589,3100,512,-0.640162108185089,linear,52,0,52,52,0,52,0.1,0.1015625,0.1015625,0.3465602844846461,3.4656028448464607e-07,mle,-0.20864448215803966,0.44695798652772867,ok,True,True,extraction,
audusd,3102,2018-04-23,2590,3101,512,-0.6685787466835243,linear,52,0,52,52,0,52,0.1,0.1015625,0.1015625,0.34831712110342977,3.4831712110342973e-07,mle,-0.1744108950084476,0.4072739991214447,ok,True,True,extraction,
audusd,3103,2018-04-24,2591,3102,512,-0.6991756966426926,linear,52,0,52,52,0,52,0.1,0.1015625,0.1015625,0.34831712110342977,3.4831712110342973e-07,mle,-0.12631540589229495,0.36082644464047336,ok,True,True,extraction,
audusd,3104,2018-04-25,2592,3103,512,-0.6991756966426926,linear,52,0,52,52,0,52,0.1,0.1015625,0.1015625,0.34831712110342977,3.4831712110342973e-07,mle,-0.3276696100729841,0.3908777908676168,ok,True,True,extraction,
audusd,3105,2018-04-26,2593,3104,512,-0.6991756966426926,linear,52,0,52,52,0,52,0.1,0.1015625,0.1015625,0.3465602844846461,3.4656028448464607e-07,mle,-0.3276696100729841,0.3908777908676168,ok,True,True,extraction,
audusd,3106,2018-04-27,2594,3105,512,-0.6991756966426926,linear,52,0,52,52,0,52,0.1,0.1015625,0.1015625,0.34831712110342977,3.4831712110342973e-07,mle,-0.3276696100729841,0.3908777908676168,ok,True,True,extraction,
audusd,3107,2018-04-30,2595,3106,512,-0.6685787466835243,linear,52,0,52,52,0,52,0.1,0.1015625,0.1015625,0.3465602844846461,3.4656028448464607e-07,mle,-0.35422294118276954,0.41985014593569997,ok,True,True,extraction,
audusd,3108,2018-05-01,2596,3107,512,-0.640162108185089,linear,52,0,52,52,0,52,0.1,0.1015625,0.1015625,0.3434847164769779,3.434847164769779e-07,mle,-0.39884623840687145,0.46589252039539875,ok,True,True,extraction,
audusd,3109,2018-05-02,2597,3108,512,-0.640162108185089,linear,52,0,52,52,0,52,0.1,0.1015625,0.1015625,0.3427652996729535,3.427652996729535e-07,mle,-0.39884623840687145,0.46589252039539875,ok,True,True,extraction,
audusd,3110,2018-05-03,2598,3109,512,-0.6573007501077048,linear,52,0,52,52,0,52,0.1,0.1015625,0.1015625,0.3465602844846461,3.4656028448464607e-07,mle,-0.3684896645821153,0.4352882297445731,ok,True,True,extraction,
audusd,3111,2018-05-04,2599,3110,512,-0.6573007501077048,linear,52,0,52,52,0,52,0.1,0.1015625,0.1015625,0.3434847164769779,3.434847164769779e-07,mle,-0.3684896645821153,0.4352882297445731,ok,True,True,extraction,
audusd,3112,2018-05-07,2600,3111,512,-0.6573007501077048,linear,52,0,52,52,0,52,0.1,0.1015625,0.1015625,0.3444461998677181,3.4444619986771804e-07,mle,-0.3684896645821153,0.4352882297445731,ok,True,True,extraction,
audusd,3113,2018-05-08,2601,3112,512,-0.6573007501077048,linear,52,0,52,52,0,52,0.1,0.1015625,0.1015625,0.3434847164769779,3.434847164769779e-07,mle,-0.3684896645821153,0.4352882297445731,ok,True,True,extraction,
audusd,3114,2018-05-09,2602,3113,512,-0.6573007501077048,linear,52,0,52,52,0,52,0.1,0.1015625,0.1015625,0.3427652996729535,3.427652996729535e-07,mle,-0.3684896645821153,0.4352882297445731,ok,True,True,extraction,
audusd,3115,2018-05-10,2603,3114,512,-0.6573007501077048,linear,52,0,52,52,0,52,0.1,0.1015625,0.1015625,0.3427652996729535,3.427652996729535e-07,mle,-0.3531674828370949,0.4237464366343767,ok,True,True,extraction,
audusd,3116,2018-05-11,2604,3115,512,-0.6573007501077048,linear,52,0,52,52,0,52,0.1,0.1015625,0.1015625,0.3427652996729535,3.427652996729535e-07,mle,-0.3531674828370949,0.4237464366343767,ok,True,True,extraction,
audusd,3117,2018-05-14,2605,3116,512,-0.6573007501077048,linear,52,0,52,52,0,52,0.1,0.1015625,0.1015625,0.3465602844846461,3.4656028448464607e-07,mle,-0.3531674828370949,0.4237464366343767,ok,True,True,extraction,
audusd,3118,2018-05-15,2606,3117,512,-0.6573007501077048,linear,52,0,52,52,0,52,0.1,0.1015625,0.1015625,0.34541596620157056,3.4541596620157056e-07,mle,-0.3531674828370949,0.4237464366343767,ok,True,True,extraction,
audusd,3119,2018-05-16,2607,3118,512,-0.6573007501077048,linear,52,0,52,52,0,52,0.1,0.1015625,0.1015625,0.34541596620157056,3.4541596620157056e-07,mle,-0.3531674828370949,0.4237464366343767,ok,True,True,extraction,
audusd,3120,2018-05-17,2608,3119,512,-0.6704398021605302,linear,52,0,52,52,0,52,0.1,0.1015625,0.1015625,0.3475300508184985,3.4753005081849854e-07,mle,-0.33195672068335624,0.40325564557940013,ok,True,True,extraction,
audusd,3121,2018-05-18,2609,3120,512,-0.6704398021605302,linear,52,0,52,52,0,52,0.1,0.1015625,0.1015625,0.3475300508184985,3.4753005081849854e-07,mle,-0.33195672068335624,0.40325564557940013,ok,True,True,extraction,
audusd,3122,2018-05-21,2610,3121,512,-0.6704398021605302,linear,52,0,52,52,0,52,0.1,0.1015625,0.1015625,0.34541596620157056,3.4541596620157056e-07,mle,-0.33195672068335624,0.40325564557940013,ok,True,True,extraction,
audusd,3123,2018-05-22,2611,3122,512,-0.6704398021605302,linear,52,0,52,52,0,52,0.1,0.1015625,0.1015625,0.34541596620157056,3.4541596620157056e-07,mle,-0.33195672068335624,0.40325564557940013,ok,True,True,extraction,
audusd,3124,2018-05-23,2612,3123,512,-0.6704398021605302,linear,52,0,52,52,0,52,0.1,0.1015625,0.1015625,0.34541596620157056,3.4541596620157056e-07,mle,-0.33195672068335624,0.40325564557940013,ok,True,True,extraction,
audusd,3125,2018-05-24,2613,3124,512,-0.6704398021605302,linear,52,0,52,52,0,52,0.1,0.1015625,0.1015625,0.3465602844846461,3.4656028448464607e-07,mle,-0.33195672068335624,0.40325564557940013,ok,True,True,extraction,
audusd,3126,2018-05-25,2614,3125,512,-0.6704398021605302,linear,52,0,52,52,0,52,0.1,0.1015625,0.1015625,0.3465602844846461,3.4656028448464607e-07,mle,-0.33195672068335624,0.40325564557940013,ok,True,True,extraction,
audusd,3127,2018-05-28,2615,3126,512,-0.6704398021605302,linear,52,0,52,52,0,52,0.1,0.1015625,0.1015625,0.3434847164769779,3.434847164769779e-07,mle,-0.33195672068335624,0.40325564557940013,ok,True,True,extraction,
audusd,3128,2018-05-29,2616,3127,512,-0.6704398021605302,linear,52,0,52,52,0,52,0.1,0.1015625,0.1015625,0.3427652996729535,3.427652996729535e-07,mle,-0.33195672068335624,0.40325564557940013,ok,True,True,extraction,
audusd,3129,2018-05-30,2617,3128,512,-0.6704398021605302,linear,52,0,52,52,0,52,0.1,0.1015625,0.1015625,0.3382893424637651,3.3828934246376503e-07,mle,-0.33195672068335624,0.40325564557940013,ok,True,True,extraction,
audusd,3130,2018-05-31,2618,3129,512,-0.6991756966426926,linear,52,0,52,52,0,52,0.1,0.1015625,0.1015625,0.3382893424637651,3.3828934246376503e-07,mle,-0.27657603759849547,0.35650686498376605,ok,True,True,extraction,
audusd,3131,2018-06-01,2619,3130,512,-0.6704398021605302,linear,52,0,52,52,0,52,0.1,0.1015625,0.1015625,0.3382893424637651,3.3828934246376503e-07,mle,-0.3194603203453837,0.3949105610014112,ok,True,True,extraction,
audusd,3132,2018-06-04,2620,3131,512,-0.6704398021605302,linear,52,0,52,52,0,52,0.1,0.1015625,0.1015625,0.3358164933560391,3.3581649335603906e-07,mle,-0.3194603203453837,0.3949105610014112,ok,True,True,extraction,
audusd,3133,2018-06-05,2621,3132,512,-0.6704398021605302,linear,52,0,52,52,0,52,0.1,0.1015625,0.1015625,0.3358164933560391,3.3581649335603906e-07,mle,-0.3194603203453837,0.3949105610014112,ok,True,True,extraction,
audusd,3134,2018-06-06,2622,3133,512,-0.6704398021605302,linear,52,0,52,52,0,52,0.1,0.1015625,0.1015625,0.33506972767300947,3.3506972767300946e-07,mle,-0.3194603203453837,0.3949105610014112,ok,True,True,extraction,
audusd,3135,2018-06-07,2623,3134,512,-0.6704398021605302,linear,52,0,52,52,0,52,0.1,0.1015625,0.1015625,0.3358164933560391,3.3581649335603906e-07,mle,-0.3194603203453837,0.3949105610014112,ok,True,True,extraction,
audusd,3136,2018-06-08,2624,3135,512,-0.6704398021605302,linear,52,0,52,52,0,52,0.1,0.1015625,0.1015625,0.33506972767300947,3.3506972767300946e-07,mle,-0.3194603203453837,0.3949105610014112,ok,True,True,extraction,
audusd,3137,2018-06-11,2625,3136,512,-0.6722624186131935,linear,52,0,52,52,0,52,0.1,0.1015625,0.1015625,0.3358164933560391,3.3581649335603906e-07,mle,-0.3153162748327316,0.39145110289201707,ok,True,True,extraction,
audusd,3138,2018-06-12,2626,3137,512,-0.6722624186131935,linear,52,0,52,52,0,52,0.1,0.1015625,0.1015625,0.3350913449192766,3.350913449192766e-07,mle,-0.3153162748327316,0.39145110289201707,ok,True,True,extraction,
audusd,3139,2018-06-13,2627,3138,512,-0.6722624186131935,linear,52,0,52,52,0,52,0.1,0.1015625,0.1015625,0.33452888814005644,3.3452888814005643e-07,mle,-0.3153162748327316,0.39145110289201707,ok,True,True,extraction,
audusd,3140,2018-06-14,2628,3139,512,-0.6722624186131935,linear,52,0,52,52,0,52,0.1,0.1015625,0.1015625,0.3350913449192766,3.350913449192766e-07,mle,-0.3153162748327316,0.39145110289201707,ok,True,True,extraction,
audusd,3141,2018-06-15,2629,3140,512,-0.6722624186131935,linear,52,0,52,52,0,52,0.1,0.1015625,0.1015625,0.3370017372477824,3.3700173724778235e-07,mle,-0.3153162748327316,0.39145110289201707,ok,True,True,extraction,
audusd,3142,2018-06-18,2630,3141,512,-0.6722624186131935,linear,52,0,52,52,0,52,0.1,0.1015625,0.1015625,0.3370017372477824,3.3700173724778235e-07,mle,-0.31538709678088833,0.3917302888035348,ok,True,True,extraction,
audusd,3143,2018-06-19,2631,3142,512,-0.6704398021605302,linear,52,0,52,52,0,52,0.1,0.1015625,0.1015625,0.3370017372477824,3.3700173724778235e-07,mle,-0.2970972296984613,0.3814313256714922,ok,True,True,extraction,
audusd,3144,2018-06-20,2632,3143,512,-0.6704398021605302,linear,52,0,52,52,0,52,0.1,0.1015625,0.1015625,0.3370392577384107,3.3703925773841067e-07,mle,-0.2970972296984613,0.3814313256714922,ok,True,True,extraction,
audusd,3145,2018-06-21,2633,3144,512,-0.6704398021605302,linear,52,0,52,52,0,52,0.1,0.1015625,0.1015625,0.33817236069771683,3.381723606977168e-07,mle,-0.2970972296984613,0.3814313256714922,ok,True,True,extraction,
audusd,3146,2018-06-22,2634,3145,512,-0.6704398021605302,linear,52,0,52,52,0,52,0.1,0.1015625,0.1015625,0.33817236069771683,3.381723606977168e-07,mle,-0.2970972296984613,0.3814313256714922,ok,True,True,extraction,
audusd,3147,2018-06-25,2635,3146,512,-0.6704398021605302,linear,52,0,52,52,0,52,0.1,0.1015625,0.1015625,0.33817236069771683,3.381723606977168e-07,mle,-0.2970972296984613,0.3814313256714922,ok,True,True,extraction,
audusd,3148,2018-06-26,2636,3147,512,-0.6704398021605302,linear,52,0,52,52,0,52,0.1,0.1015625,0.1015625,0.33817236069771683,3.381723606977168e-07,mle,-0.2970972296984613,0.3814313256714922,ok,True,True,extraction,
audusd,3149,2018-06-27,2637,3148,512,-0.6573007501077048,linear,52,0,52,52,0,52,0.1,0.1015625,0.1015625,0.33817236069771683,3.381723606977168e-07,mle,-0.2952837699878232,0.38552682657564896,ok,True,True,extraction,
audusd,3150,2018-06-28,2638,3149,512,-0.6573007501077048,linear,52,0,52,52,0,52,0.1,0.1015625,0.1015625,0.3361813626550927,3.361813626550927e-07,mle,-0.2952837699878232,0.38552682657564896,ok,True,True,extraction,
audusd,3151,2018-06-29,2639,3150,512,-0.6590358522985459,linear,52,0,52,52,0,52,0.1,0.1015625,0.1015625,0.3361813626550927,3.361813626550927e-07,mle,-0.2909202848445789,0.38210123381724204,ok,True,True,extraction,
audusd,3152,2018-07-02,2640,3151,512,-0.6590358522985459,linear,52,0,52,52,0,52,0.1,0.1015625,0.1015625,0.335527831603826,3.3552783160382597e-07,mle,-0.2909202848445789,0.38210123381724204,ok,True,True,extraction,
audusd,3153,2018-07-03,2641,3152,512,-0.6590358522985459,linear,52,0,52,52,0,52,0.1,0.1015625,0.1015625,0.3365825004076283,3.3658250040762834e-07,mle,-0.2909202848445789,0.38210123381724204,ok,True,True,extraction,
audusd,3154,2018-07-04,2642,3153,512,-0.6704398021605302,linear,52,0,52,52,0,52,0.1,0.1015625,0.1015625,0.3361813626550927,3.361813626550927e-07,mle,-0.27230667810108355,0.36595643566784386,ok,True,True,extraction,
audusd,3155,2018-07-05,2643,3154,512,-0.6704398021605302,linear,52,0,52,52,0,52,0.1,0.1015625,0.1015625,0.33817236069771683,3.381723606977168e-07,mle,-0.27230667810108355,0.36595643566784386,ok,True,True,extraction,
audusd,3156,2018-07-06,2644,3155,512,-0.6704398021605302,linear,52,0,52,52,0,52,0.1,0.1015625,0.1015625,0.33817236069771683,3.381723606977168e-07,mle,-0.27230667810108355,0.36595643566784386,ok,True,True,extraction,
audusd,3157,2018-07-09,2645,3156,512,-0.6704398021605302,linear,52,0,52,52,0,52,0.1,0.1015625,0.1015625,0.33641802744290283,3.364180274429028e-07,mle,-0.27230667810108355,0.36595643566784386,ok,True,True,extraction,
audusd,3158,2018-07-10,2646,3157,512,-0.6704398021605302,linear,52,0,52,52,0,52,0.1,0.1015625,0.1015625,0.33492517312148273,3.3492517312148274e-07,mle,-0.27230667810108355,0.36595643566784386,ok,True,True,extraction,
audusd,3159,2018-07-11,2647,3158,512,-0.6590358522985459,linear,52,0,52,52,0,52,0.1,0.1015625,0.1015625,0.33278519009939744,3.3278519009939744e-07,mle,-0.2843181920044983,0.37820946434193947,ok,True,True,extraction,
audusd,3160,2018-07-12,2648,3159,512,-0.6704398021605302,linear,52,0,52,52,0,52,0.1,0.1015625,0.1015625,0.33278519009939744,3.3278519009939744e-07,mle,-0.2608299934829476,0.3595841126604238,ok,True,True,extraction,
audusd,3161,2018-07-13,2649,3160,512,-0.6704398021605302,linear,52,0,52,52,0,52,0.1,0.1015625,0.1015625,0.33492517312148273,3.3492517312148274e-07,mle,-0.2608299934829476,0.3595841126604238,ok,True,True,extraction,
audusd,3162,2018-07-16,2650,3161,512,-0.6704398021605302,linear,52,0,52,52,0,52,0.1,0.1015625,0.1015625,0.33278519009939744,3.3278519009939744e-07,mle,-0.2608299934829476,0.3595841126604238,ok,True,True,extraction,
audusd,3163,2018-07-17,2651,3162,512,-0.6704398021605302,linear,52,0,52,52,0,52,0.1,0.1015625,0.1015625,0.33278519009939744,3.3278519009939744e-07,mle,-0.2608299934829476,0.3595841126604238,ok,True,True,extraction,
audusd,3164,2018-07-18,2652,3163,512,-0.6704398021605302,linear,52,0,52,52,0,52,0.1,0.1015625,0.1015625,0.3307086259730978,3.307086259730978e-07,mle,-0.2608299934829476,0.3595841126604238,ok,True,True,extraction,
audusd,3165,2018-07-19,2653,3164,512,-0.6704398021605302,linear,52,0,52,52,0,52,0.1,0.1015625,0.1015625,0.33278519009939744,3.3278519009939744e-07,mle,-0.2608299934829476,0.3595841126604238,ok,True,True,extraction,
audusd,3166,2018-07-20,2654,3165,512,-0.6704398021605302,linear,52,0,52,52,0,52,0.1,0.1015625,0.1015625,0.33278519009939744,3.3278519009939744e-07,mle,-0.2608299934829476,0.3595841126604238,ok,True,True,extraction,
audusd,3167,2018-07-23,2655,3166,512,-0.6704398021605302,linear,52,0,52,52,0,52,0.1,0.1015625,0.1015625,0.33278519009939744,3.3278519009939744e-07,mle,-0.2608299934829476,0.3595841126604238,ok,True,True,extraction,
audusd,3168,2018-07-24,2656,3167,512,-0.6590358522985459,linear,52,0,52,52,0,52,0.1,0.1015625,0.1015625,0.33278519009939744,3.3278519009939744e-07,mle,-0.28222296425996807,0.37699344865739703,ok,True,True,extraction,
audusd,3169,2018-07-25,2657,3168,512,-0.6704398021605302,linear,52,0,52,52,0,52,0.1,0.1015625,0.1015625,0.33278519009939744,3.3278519009939744e-07,mle,-0.2545081983299021,0.35623049676636187,ok,True,True,extraction,
audusd,3170,2018-07-26,2658,3169,512,-0.6704398021605302,linear,52,0,52,52,0,52,0.1,0.1015625,0.1015625,0.33452888814005644,3.3452888814005643e-07,mle,-0.2545081983299021,0.35623049676636187,ok,True,True,extraction,
audusd,3171,2018-07-27,2659,3170,512,-0.6704398021605302,linear,52,0,52,52,0,52,0.1,0.1015625,0.1015625,0.33452888814005644,3.3452888814005643e-07,mle,-0.2545081983299021,0.35623049676636187,ok,True,True,extraction,
audusd,3172,2018-07-30,2660,3171,512,-0.6722624186131935,linear,52,0,52,52,0,52,0.1,0.1015625,0.1015625,0.33452888814005644,3.3452888814005643e-07,mle,-0.28155179400252806,0.37086718698326404,ok,True,True,extraction,
audusd,3173,2018-07-31,2661,3172,512,-0.6722624186131935,linear,52,0,52,52,0,52,0.1,0.1015625,0.1015625,0.33278519009939744,3.3278519009939744e-07,mle,-0.28155179400252806,0.37086718698326404,ok,True,True,extraction,
audusd,3174,2018-08-01,2662,3173,512,-0.6722624186131935,linear,52,0,52,52,0,52,0.1,0.1015625,0.1015625,0.33278519009939744,3.3278519009939744e-07,mle,-0.28155179400252806,0.37086718698326404,ok,True,True,extraction,
audusd,3175,2018-08-02,2663,3174,512,-0.6722624186131935,linear,52,0,52,52,0,52,0.1,0.1015625,0.1015625,0.3307086259730978,3.307086259730978e-07,mle,-0.28155179400252806,0.37086718698326404,ok,True,True,extraction,
audusd,3176,2018-08-03,2664,3175,512,-0.6722624186131935,linear,52,0,52,52,0,52,0.1,0.1015625,0.1015625,0.3307086259730978,3.307086259730978e-07,mle,-0.28155179400252806,0.37086718698326404,ok,True,True,extraction,
audusd,3177,2018-08-06,2665,3176,512,-0.6722624186131935,linear,52,0,52,52,0,52,0.1,0.1015625,0.1015625,0.3307086259730978,3.307086259730978e-07,mle,-0.28155179400252806,0.37086718698326404,ok,True,True,extraction,
audusd,3178,2018-08-07,2666,3177,512,-0.6722624186131935,linear,52,0,52,52,0,52,0.1,0.1015625,0.1015625,0.33278519009939744,3.3278519009939744e-07,mle,-0.28155179400252806,0.37086718698326404,ok,True,True,extraction,
audusd,3179,2018-08-08,2667,3178,512,-0.6722624186131935,linear,52,0,52,52,0,52,0.1,0.1015625,0.1015625,0.33278519009939744,3.3278519009939744e-07,mle,-0.28155179400252806,0.37086718698326404,ok,True,True,extraction,
audusd,3180,2018-08-09,2668,3179,512,-0.6722624186131935,linear,52,0,52,52,0,52,0.1,0.1015625,0.1015625,0.33278519009939744,3.3278519009939744e-07,mle,-0.28155179400252806,0.37086718698326404,ok,True,True,extraction,
audusd,3181,2018-08-10,2669,3180,512,-0.6722624186131935,linear,52,0,52,52,0,52,0.1,0.1015625,0.1015625,0.33278519009939744,3.3278519009939744e-07,mle,-0.28155179400252806,0.37086718698326404,ok,True,True,extraction,
audusd,3182,2018-08-13,2670,3181,512,-0.6722624186131935,linear,52,0,52,52,0,52,0.1,0.1015625,0.1015625,0.33278519009939744,3.3278519009939744e-07,mle,-0.26718009611786486,0.36275819250939856,ok,True,True,extraction,
audusd,3183,2018-08-14,2671,3182,512,-0.6992389750562501,linear,52,0,52,52,0,52,0.1,0.1015625,0.1015625,0.3350913449192766,3.350913449192766e-07,mle,-0.22242741424469908,0.32872506328184214,ok,True,True,extraction,
audusd,3184,2018-08-15,2672,3183,512,-0.6992389750562501,linear,52,0,52,52,0,52,0.1,0.1015625,0.1015625,0.3350913449192766,3.350913449192766e-07,mle,-0.22242741424469908,0.32872506328184214,ok,True,True,extraction,
audusd,3185,2018-08-16,2673,3184,512,-0.6992389750562501,linear,52,0,52,52,0,52,0.1,0.1015625,0.1015625,0.33637895013525926,3.3637895013525925e-07,mle,-0.22242741424469908,0.32872506328184214,ok,True,True,extraction,
audusd,3186,2018-08-17,2674,3185,512,-0.6992389750562501,linear,52,0,52,52,0,52,0.1,0.1015625,0.1015625,0.3383716946339955,3.383716946339955e-07,mle,-0.22242741424469908,0.32872506328184214,ok,True,True,extraction,
audusd,3187,2018-08-20,2675,3186,512,-0.6722624186131935,linear,52,0,52,52,0,52,0.1,0.1015625,0.1015625,0.33511900275063,3.3511900275063e-07,mle,-0.27327314486893683,0.3668353339994761,ok,True,True,extraction,
audusd,3188,2018-08-21,2676,3187,512,-0.6722624186131935,linear,52,0,52,52,0,52,0.1,0.1015625,0.1015625,0.33511900275063,3.3511900275063e-07,mle,-0.27327314486893683,0.3668353339994761,ok,True,True,extraction,
audusd,3189,2018-08-22,2677,3188,512,-0.6704398021605302,linear,52,0,52,52,0,52,0.1,0.1015625,0.1015625,0.3345565459714098,3.345565459714098e-07,mle,-0.27586812405041394,0.36917509083145195,ok,True,True,extraction,
audusd,3190,2018-08-23,2678,3189,512,-0.6704398021605302,linear,52,0,52,52,0,52,0.1,0.1015625,0.1015625,0.33380978028838015,3.3380978028838014e-07,mle,-0.27586812405041394,0.36917509083145195,ok,True,True,extraction,
audusd,3191,2018-08-24,2679,3190,512,-0.6704398021605302,linear,52,0,52,52,0,52,0.1,0.1015625,0.1015625,0.3345565459714098,3.345565459714098e-07,mle,-0.27586812405041394,0.36917509083145195,ok,True,True,extraction,
audusd,3192,2018-08-27,2680,3191,512,-0.6722624186131935,linear,52,0,52,52,0,52,0.1,0.1015625,0.1015625,0.33637895013525926,3.3637895013525925e-07,mle,-0.3113888028357863,0.39079006898636637,ok,True,True,extraction,
audusd,3193,2018-08-28,2681,3192,512,-0.6722624186131935,linear,52,0,52,52,0,52,0.1,0.1015625,0.1015625,0.33637895013525926,3.3637895013525925e-07,mle,-0.3113888028357863,0.39079006898636637,ok,True,True,extraction,
audusd,3194,2018-08-29,2682,3193,512,-0.6722624186131935,linear,52,0,52,52,0,52,0.1,0.1015625,0.1015625,0.33511900275063,3.3511900275063e-07,mle,-0.3113888028357863,0.39079006898636637,ok,True,True,extraction,
audusd,3195,2018-08-30,2683,3194,512,-0.6722624186131935,linear,52,0,52,52,0,52,0.1,0.1015625,0.1015625,0.33511900275063,3.3511900275063e-07,mle,-0.3113888028357863,0.39079006898636637,ok,True,True,extraction,
audusd,3196,2018-08-31,2684,3195,512,-0.6722624186131935,linear,52,0,52,52,0,52,0.1,0.1015625,0.1015625,0.33637895013525926,3.3637895013525925e-07,mle,-0.3113888028357863,0.39079006898636637,ok,True,True,extraction,
audusd,3197,2018-09-03,2685,3196,512,-0.6722624186131935,linear,52,0,52,52,0,52,0.1,0.1015625,0.1015625,0.33637895013525926,3.3637895013525925e-07,mle,-0.2689626365844542,0.3608144805766118,ok,True,True,extraction,
audusd,3198,2018-09-04,2686,3197,512,-0.6882808505677261,linear,52,0,52,52,0,52,0.1,0.1015625,0.1015625,0.33954568488219794,3.3954568488219795e-07,mle,-0.24618629995095245,0.3411574973438105,ok,True,True,extraction,
audusd,3199,2018-09-05,2687,3198,512,-0.6722624186131935,linear,52,0,52,52,0,52,0.1,0.1015625,0.1015625,0.33637895013525926,3.3637895013525925e-07,mle,-0.24879285767451348,0.34604928282413416,ok,True,True,extraction,
audusd,3200,2018-09-06,2688,3199,512,-0.6722624186131935,linear,52,0,52,52,0,52,0.1,0.1015625,0.1015625,0.33954568488219794,3.3954568488219795e-07,mle,-0.24879285767451348,0.34604928282413416,ok,True,True,extraction,
audusd,3201,2018-09-07,2689,3200,512,-0.6722624186131935,linear,52,0,52,52,0,52,0.1,0.1015625,0.1015625,0.3383993524653489,3.383993524653489e-07,mle,-0.24879285767451348,0.34604928282413416,ok,True,True,extraction,
audusd,3202,2018-09-10,2690,3201,512,-0.6722624186131935,linear,52,0,52,52,0,52,0.1,0.1015625,0.1015625,0.3383993524653489,3.383993524653489e-07,mle,-0.24879285767451348,0.34604928282413416,ok,True,True,extraction,
audusd,3203,2018-09-11,2691,3202,512,-0.6882808505677261,linear,52,0,52,52,0,52,0.1,0.1015625,0.1015625,0.3408726584834941,3.4087265848349404e-07,mle,-0.23109910512096302,0.3297898007406139,ok,True,True,extraction,
audusd,3204,2018-09-12,2692,3203,512,-0.6882808505677261,linear,52,0,52,52,0,52,0.1,0.1015625,0.1015625,0.3408420826094315,3.408420826094315e-07,mle,-0.23109910512096302,0.3297898007406139,ok,True,True,extraction,
audusd,3205,2018-09-13,2693,3204,512,-0.6882808505677261,linear,52,0,52,52,0,52,0.1,0.1015625,0.1015625,0.34116409512072715,3.4116409512072713e-07,mle,-0.23109910512096302,0.3297898007406139,ok,True,True,extraction,
audusd,3206,2018-09-14,2694,3205,512,-0.6882808505677261,linear,52,0,52,52,0,52,0.1,0.1015625,0.1015625,0.34163248011976144,3.416324801197614e-07,mle,-0.23109910512096302,0.3297898007406139,ok,True,True,extraction,
audusd,3207,2018-09-17,2695,3206,512,-0.6882808505677261,linear,52,0,52,52,0,52,0.1,0.1015625,0.1015625,0.3387960943571944,3.387960943571944e-07,mle,-0.23109910512096302,0.3297898007406139,ok,True,True,extraction,
audusd,3208,2018-09-18,2696,3207,512,-0.6882808505677261,linear,52,0,52,52,0,52,0.1,0.1015625,0.1015625,0.34163248011976144,3.416324801197614e-07,mle,-0.23109910512096302,0.3297898007406139,ok,True,True,extraction,
audusd,3209,2018-09-19,2697,3208,512,-0.6882808505677261,linear,52,0,52,52,0,52,0.1,0.1015625,0.1015625,0.339510525636259,3.3951052563625896e-07,mle,-0.23109910512096302,0.3297898007406139,ok,True,True,extraction,
audusd,3210,2018-09-20,2698,3209,512,-0.6882808505677261,linear,52,0,52,52,0,52,0.1,0.1015625,0.1015625,0.34055347312242645,3.4055347312242645e-07,mle,-0.23109910512096302,0.3297898007406139,ok,True,True,extraction,
audusd,3211,2018-09-21,2699,3210,512,-0.6722624186131935,linear,52,0,52,52,0,52,0.1,0.1015625,0.1015625,0.34163248011976144,3.416324801197614e-07,mle,-0.26048890828813576,0.3529563659741977,ok,True,True,extraction,
audusd,3212,2018-09-24,2700,3211,512,-0.6722624186131935,linear,52,0,52,52,0,52,0.1,0.1015625,0.1015625,0.3420892374505438,3.420892374505438e-07,mle,-0.26048890828813576,0.3529563659741977,ok,True,True,extraction,
audusd,3213,2018-09-25,2701,3212,512,-0.6722624186131935,linear,52,0,52,52,0,52,0.1,0.1015625,0.1015625,0.34055347312242645,3.4055347312242645e-07,mle,-0.26048890828813576,0.3529563659741977,ok,True,True,extraction,
audusd,3214,2018-09-26,2702,3213,512,-0.6704398021605302,linear,52,0,52,52,0,52,0.1,0.1015625,0.1015625,0.34055347312242645,3.4055347312242645e-07,mle,-0.2405089755906387,0.34269361871754755,ok,True,True,extraction,
audusd,3215,2018-09-27,2703,3214,512,-0.6704398021605302,linear,52,0,52,52,0,52,0.1,0.1015625,0.1015625,0.3399853175794446,3.399853175794446e-07,mle,-0.2405089755906387,0.34269361871754755,ok,True,True,extraction,
audusd,3216,2018-09-28,2704,3215,512,-0.6704398021605302,linear,52,0,52,52,0,52,0.1,0.1015625,0.1015625,0.339510525636259,3.3951052563625896e-07,mle,-0.2405089755906387,0.34269361871754755,ok,True,True,extraction,
audusd,3217,2018-10-01,2705,3216,512,-0.6722624186131935,linear,52,0,52,52,0,52,0.1,0.1015625,0.1015625,0.3399853175794446,3.399853175794446e-07,mle,-0.24031322216639503,0.34164717161488467,ok,True,True,extraction,
audusd,3218,2018-10-02,2706,3217,512,-0.6722624186131935,linear,52,0,52,52,0,52,0.1,0.1015625,0.1015625,0.34055347312242645,3.4055347312242645e-07,mle,-0.24031322216639503,0.34164717161488467,ok,True,True,extraction,
audusd,3219,2018-10-03,2707,3218,512,-0.6722624186131935,linear,52,0,52,52,0,52,0.1,0.1015625,0.1015625,0.34116409512072715,3.4116409512072713e-07,mle,-0.24031322216639503,0.34164717161488467,ok,True,True,extraction,
audusd,3220,2018-10-04,2708,3219,512,-0.6722624186131935,linear,52,0,52,52,0,52,0.1,0.1015625,0.1015625,0.34163248011976144,3.416324801197614e-07,mle,-0.24031322216639503,0.34164717161488467,ok,True,True,extraction,
audusd,3221,2018-10-05,2709,3220,512,-0.6882808505677261,linear,52,0,52,52,0,52,0.1,0.1015625,0.1015625,0.3411998647593121,3.4119986475931204e-07,mle,-0.23625439829478578,0.3357430748855541,ok,True,True,extraction,
audusd,3222,2018-10-08,2710,3221,512,-0.6882808505677261,linear,52,0,52,52,0,52,0.1,0.1015625,0.1015625,0.3399853175794446,3.399853175794446e-07,mle,-0.23625439829478578,0.3357430748855541,ok,True,True,extraction,
audusd,3223,2018-10-09,2711,3222,512,-0.6882808505677261,linear,52,0,52,52,0,52,0.1,0.1015625,0.1015625,0.3396687464673702,3.396687464673702e-07,mle,-0.23625439829478578,0.3357430748855541,ok,True,True,extraction,
audusd,3224,2018-10-10,2712,3223,512,-0.6882808505677261,linear,52,0,52,52,0,52,0.1,0.1015625,0.1015625,0.33680337258042214,3.3680337258042213e-07,mle,-0.23625439829478578,0.3357430748855541,ok,True,True,extraction,
audusd,3225,2018-10-11,2713,3224,512,-0.6882808505677261,linear,52,0,52,52,0,52,0.1,0.1015625,0.1015625,0.33680337258042214,3.3680337258042213e-07,mle,-0.23625439829478578,0.3357430748855541,ok,True,True,extraction,
audusd,3226,2018-10-12,2714,3225,512,-0.6882808505677261,linear,52,0,52,52,0,52,0.1,0.1015625,0.1015625,0.33680337258042214,3.3680337258042213e-07,mle,-0.1943511326044805,0.31284777838066136,ok,True,True,extraction,
audusd,3227,2018-10-15,2715,3226,512,-0.6882808505677261,linear,52,0,52,52,0,52,0.1,0.1015625,0.1015625,0.339510525636259,3.3951052563625896e-07,mle,-0.1943511326044805,0.31284777838066136,ok,True,True,extraction,
audusd,3228,2018-10-16,2716,3227,512,-0.6882808505677261,linear,52,0,52,52,0,52,0.1,0.1015625,0.1015625,0.339510525636259,3.3951052563625896e-07,mle,-0.1943511326044805,0.31284777838066136,ok,True,True,extraction,
audusd,3229,2018-10-17,2717,3228,512,-0.6882808505677261,linear,52,0,52,52,0,52,0.1,0.1015625,0.1015625,0.339510525636259,3.3951052563625896e-07,mle,-0.1943511326044805,0.31284777838066136,ok,True,True,extraction,
audusd,3230,2018-10-18,2718,3229,512,-0.6882808505677261,linear,52,0,52,52,0,52,0.1,0.1015625,0.1015625,0.339510525636259,3.3951052563625896e-07,mle,-0.1943511326044805,0.31284777838066136,ok,True,True,extraction,
audusd,3231,2018-10-19,2719,3230,512,-0.6722624186131935,linear,52,0,52,52,0,52,0.1,0.1015625,0.1015625,0.339510525636259,3.3951052563625896e-07,mle,-0.23628221836737723,0.3407976994954948,ok,True,True,extraction,
audusd,3232,2018-10-22,2720,3231,512,-0.6722624186131935,linear,52,0,52,52,0,52,0.1,0.1015625,0.1015625,0.339510525636259,3.3951052563625896e-07,mle,-0.23628221836737723,0.3407976994954948,ok,True,True,extraction,
audusd,3233,2018-10-23,2721,3232,512,-0.6722624186131935,linear,52,0,52,52,0,52,0.1,0.1015625,0.1015625,0.339510525636259,3.3951052563625896e-07,mle,-0.23628221836737723,0.3407976994954948,ok,True,True,extraction,
audusd,3234,2018-10-24,2722,3233,512,-0.6722624186131935,linear,52,0,52,52,0,52,0.1,0.1015625,0.1015625,0.33680337258042214,3.3680337258042213e-07,mle,-0.23628221836737723,0.3407976994954948,ok,True,True,extraction,
audusd,3235,2018-10-25,2723,3234,512,-0.6722624186131935,linear,52,0,52,52,0,52,0.1,0.1015625,0.1015625,0.33680337258042214,3.3680337258042213e-07,mle,-0.23628221836737723,0.3407976994954948,ok,True,True,extraction,
audusd,3236,2018-10-26,2724,3235,512,-0.6722624186131935,linear,52,0,52,52,0,52,0.1,0.1015625,0.1015625,0.33656576580805997,3.3656576580805995e-07,mle,-0.23628221836737723,0.3407976994954948,ok,True,True,extraction,
audusd,3237,2018-10-29,2725,3236,512,-0.6722624186131935,linear,52,0,52,52,0,52,0.1,0.1015625,0.1015625,0.33680337258042214,3.3680337258042213e-07,mle,-0.23628221836737723,0.3407976994954948,ok,True,True,extraction,
audusd,3238,2018-10-30,2726,3237,512,-0.6722624186131935,linear,52,0,52,52,0,52,0.1,0.1015625,0.1015625,0.3361569809435365,3.361569809435365e-07,mle,-0.23628221836737723,0.3407976994954948,ok,True,True,extraction,
audusd,3239,2018-10-31,2727,3238,512,-0.6722624186131935,linear,52,0,52,52,0,52,0.1,0.1015625,0.1015625,0.33656576580805997,3.3656576580805995e-07,mle,-0.23628221836737723,0.3407976994954948,ok,True,True,extraction,
audusd,3240,2018-11-01,2728,3239,512,-0.6704398021605302,linear,52,0,52,52,0,52,0.1,0.1015625,0.1015625,0.33680337258042214,3.3680337258042213e-07,mle,-0.1974748512378752,0.31873950601889245,ok,True,True,extraction,
audusd,3241,2018-11-02,2729,3240,512,-0.6704398021605302,linear,52,0,52,52,0,52,0.1,0.1015625,0.1015625,0.3361569809435365,3.361569809435365e-07,mle,-0.1974748512378752,0.31873950601889245,ok,True,True,extraction,
audusd,3242,2018-11-05,2730,3241,512,-0.6590358522985459,linear,52,0,52,52,0,52,0.1,0.1015625,0.1015625,0.3390223548304846,3.3902235483048456e-07,mle,-0.22238360067611862,0.33639932972656394,ok,True,True,extraction,
audusd,3243,2018-11-06,2731,3242,512,-0.6590358522985459,linear,52,0,52,52,0,52,0.1,0.1015625,0.1015625,0.3361569809435365,3.361569809435365e-07,mle,-0.22238360067611862,0.33639932972656394,ok,True,True,extraction,
audusd,3244,2018-11-07,2732,3243,512,-0.6590358522985459,linear,52,0,52,52,0,52,0.1,0.1015625,0.1015625,0.3390223548304846,3.3902235483048456e-07,mle,-0.22238360067611862,0.33639932972656394,ok,True,True,extraction,
audusd,3245,2018-11-08,2733,3244,512,-0.6572165460473788,linear,52,0,52,52,0,52,0.1,0.1015625,0.1015625,0.33884076050391554,3.388407605039155e-07,mle,-0.21611869384313315,0.33417021853395534,ok,True,True,extraction,
audusd,3246,2018-11-09,2734,3245,512,-0.6499956304510656,linear,52,0,52,52,0,52,0.1,0.1015625,0.1015625,0.3402668506646116,3.4026685066461156e-07,mle,-0.19439344453039498,0.3216969378022535,ok,True,True,extraction,
audusd,3247,2018-11-12,2735,3246,512,-0.640162108185089,linear,52,0,52,52,0,52,0.1,0.1015625,0.1015625,0.3380619906618374,3.3806199066183736e-07,mle,-0.19223946250241186,0.3242467462123903,ok,True,True,extraction,
audusd,3248,2018-11-13,2736,3247,512,-0.640162108185089,linear,52,0,52,52,0,52,0.1,0.1015625,0.1015625,0.33835258969814114,3.383525896981411e-07,mle,-0.19223946250241186,0.3242467462123903,ok,True,True,extraction,
audusd,3249,2018-11-14,2737,3248,512,-0.6499956304510656,linear,52,0,52,52,0,52,0.1,0.1015625,0.1015625,0.33835258969814114,3.383525896981411e-07,mle,-0.16611439912393744,0.30731385954793067,ok,True,True,extraction,
audusd,3250,2018-11-15,2738,3249,512,-0.6499956304510656,linear,52,0,52,52,0,52,0.1,0.1015625,0.1015625,0.33835258969814114,3.383525896981411e-07,mle,-0.16611439912393744,0.30731385954793067,ok,True,True,extraction,
audusd,3251,2018-11-16,2739,3250,512,-0.6499956304510656,linear,52,0,52,52,0,52,0.1,0.1015625,0.1015625,0.33757381985606305,3.37573819856063e-07,mle,-0.16611439912393744,0.30731385954793067,ok,True,True,extraction,
audusd,3252,2018-11-19,2740,3251,512,-0.6499956304510656,linear,52,0,52,52,0,52,0.1,0.1015625,0.1015625,0.33757381985606305,3.37573819856063e-07,mle,-0.16611439912393744,0.30731385954793067,ok,True,True,extraction,
audusd,3253,2018-11-20,2741,3252,512,-0.6499956304510656,linear,52,0,52,52,0,52,0.1,0.1015625,0.1015625,0.33757381985606305,3.37573819856063e-07,mle,-0.16611439912393744,0.30731385954793067,ok,True,True,extraction,
audusd,3254,2018-11-21,2742,3253,512,-0.6499956304510656,linear,52,0,52,52,0,52,0.1,0.1015625,0.1015625,0.33757381985606305,3.37573819856063e-07,mle,-0.16611439912393744,0.30731385954793067,ok,True,True,extraction,
audusd,3255,2018-11-22,2743,3254,512,-0.6499956304510656,linear,52,0,52,52,0,52,0.1,0.1015625,0.1015625,0.33757381985606305,3.37573819856063e-07,mle,-0.16164052856075706,0.30133013042242285,ok,True,True,extraction,
audusd,3256,2018-11-23,2744,3255,512,-0.6499956304510656,linear,52,0,52,52,0,52,0.1,0.1015625,0.1015625,0.33757381985606305,3.37573819856063e-07,mle,-0.16164052856075706,0.30133013042242285,ok,True,True,extraction,
audusd,3257,2018-11-26,2745,3256,512,-0.6499956304510656,linear,52,0,52,52,0,52,0.1,0.1015625,0.1015625,0.33730148059944964,3.373014805994496e-07,mle,-0.16164052856075706,0.30133013042242285,ok,True,True,extraction,
audusd,3258,2018-11-27,2746,3257,512,-0.6499956304510656,linear,52,0,52,52,0,52,0.1,0.1015625,0.1015625,0.33233449752148436,3.323344975214843e-07,mle,-0.16164052856075706,0.30133013042242285,ok,True,True,extraction,
audusd,3259,2018-11-28,2747,3258,512,-0.6499956304510656,linear,52,0,52,52,0,52,0.1,0.1015625,0.1015625,0.33233449752148436,3.323344975214843e-07,mle,-0.16164052856075706,0.30133013042242285,ok,True,True,extraction,
audusd,3260,2018-11-29,2748,3259,512,-0.6499956304510656,linear,52,0,52,52,0,52,0.1,0.1015625,0.1015625,0.33233449752148436,3.323344975214843e-07,mle,-0.16164052856075706,0.30133013042242285,ok,True,True,extraction,
audusd,3261,2018-11-30,2749,3260,512,-0.6499956304510656,linear,52,0,52,52,0,52,0.1,0.1015625,0.1015625,0.3344767225051345,3.344767225051345e-07,mle,-0.16164052856075706,0.30133013042242285,ok,True,True,extraction,
audusd,3262,2018-12-03,2750,3261,512,-0.6499956304510656,linear,52,0,52,52,0,52,0.1,0.1015625,0.1015625,0.3351356229781607,3.3513562297816066e-07,mle,-0.16164052856075706,0.30133013042242285,ok,True,True,extraction,
audusd,3263,2018-12-04,2751,3262,512,-0.6499956304510656,linear,52,0,52,52,0,52,0.1,0.1015625,0.1015625,0.3351356229781607,3.3513562297816066e-07,mle,-0.16164052856075706,0.30133013042242285,ok,True,True,extraction,
audusd,3264,2018-12-05,2752,3263,512,-0.6499956304510656,linear,52,0,52,52,0,52,0.1,0.1015625,0.1015625,0.3351356229781607,3.3513562297816066e-07,mle,-0.16164052856075706,0.30133013042242285,ok,True,True,extraction,
audusd,3265,2018-12-06,2753,3264,512,-0.640162108185089,linear,52,0,52,52,0,52,0.1,0.1015625,0.1015625,0.33133279810713995,3.3133279810713995e-07,mle,-0.15438011004326613,0.29994533071853513,ok,True,True,extraction,
audusd,3266,2018-12-07,2754,3265,512,-0.6499956304510656,linear,52,0,52,52,0,52,0.1,0.1015625,0.1015625,0.33133279810713995,3.3133279810713995e-07,mle,-0.15996451761252978,0.30003049512883345,ok,True,True,extraction,
audusd,3267,2018-12-10,2755,3266,512,-0.640162108185089,linear,52,0,52,52,0,52,0.1,0.1015625,0.1015625,0.33133279810713995,3.3133279810713995e-07,mle,-0.15656057661246064,0.30146147164801873,ok,True,True,extraction,
audusd,3268,2018-12-11,2756,3267,512,-0.6414193463347858,linear,52,0,52,52,0,52,0.1,0.1015625,0.1015625,0.33133279810713995,3.3133279810713995e-07,mle,-0.15214669392436608,0.29888289312470306,ok,True,True,extraction,
audusd,3269,2018-12-12,2757,3268,512,-0.6414193463347858,linear,52,0,52,52,0,52,0.1,0.1015625,0.1015625,0.33133279810713995,3.3133279810713995e-07,mle,-0.15214669392436608,0.29888289312470306,ok,True,True,extraction,
audusd,3270,2018-12-13,2758,3269,512,-0.6414193463347858,linear,52,0,52,52,0,52,0.1,0.1015625,0.1015625,0.329768346463564,3.29768346463564e-07,mle,-0.15214669392436608,0.29888289312470306,ok,True,True,extraction,
audusd,3271,2018-12-14,2759,3270,512,-0.6414193463347858,linear,52,0,52,52,0,52,0.1,0.1015625,0.1015625,0.3316569103681143,3.316569103681143e-07,mle,-0.15214669392436608,0.29888289312470306,ok,True,True,extraction,
audusd,3272,2018-12-17,2760,3271,512,-0.6414193463347858,linear,52,0,52,52,0,52,0.1,0.1015625,0.1015625,0.3299821718885481,3.299821718885481e-07,mle,-0.15214669392436608,0.29888289312470306,ok,True,True,extraction,
audusd,3273,2018-12-18,2761,3272,512,-0.6500920855088582,linear,52,0,52,52,0,52,0.1,0.1015625,0.1015625,0.3316569103681143,3.316569103681143e-07,mle,-0.12461000828222286,0.28289740990695356,ok,True,True,extraction,
audusd,3274,2018-12-19,2762,3273,512,-0.6500920855088582,linear,52,0,52,52,0,52,0.1,0.1015625,0.1015625,0.3316569103681143,3.316569103681143e-07,mle,-0.12461000828222286,0.28289740990695356,ok,True,True,extraction,
audusd,3275,2018-12-20,2763,3274,512,-0.6500920855088582,linear,52,0,52,52,0,52,0.1,0.1015625,0.1015625,0.3309332770185084,3.3093327701850835e-07,mle,-0.12461000828222286,0.28289740990695356,ok,True,True,extraction,
audusd,3276,2018-12-21,2764,3275,512,-0.6572165460473788,linear,52,0,52,52,0,52,0.1,0.1015625,0.1015625,0.3316569103681143,3.316569103681143e-07,mle,-0.13662598390611094,0.2862879431492943,ok,True,True,extraction,
audusd,3277,2018-12-24,2765,3276,512,-0.6572165460473788,linear,52,0,52,52,0,52,0.1,0.1015625,0.1015625,0.3299821718885481,3.299821718885481e-07,mle,-0.13662598390611094,0.2862879431492943,ok,True,True,extraction,
audusd,3278,2018-12-25,2766,3277,512,-0.6590358522985459,linear,52,0,52,52,0,52,0.1,0.1015625,0.1015625,0.3309332770185084,3.3093327701850835e-07,mle,-0.1587979614201223,0.29568353901329564,ok,True,True,extraction,
audusd,3279,2018-12-26,2767,3278,512,-0.6590358522985459,linear,52,0,52,52,0,52,0.1,0.1015625,0.1015625,0.3299821718885481,3.299821718885481e-07,mle,-0.1587979614201223,0.29568353901329564,ok,True,True,extraction,
audusd,3280,2018-12-27,2768,3279,512,-0.6590358522985459,linear,52,0,52,52,0,52,0.1,0.1015625,0.1015625,0.32525672860045524,3.2525672860045523e-07,mle,-0.1587979614201223,0.29568353901329564,ok,True,True,extraction,
audusd,3281,2018-12-28,2769,3280,512,-0.6590358522985459,linear,52,0,52,52,0,52,0.1,0.1015625,0.1015625,0.32525672860045524,3.2525672860045523e-07,mle,-0.1587979614201223,0.29568353901329564,ok,True,True,extraction,
audusd,3282,2018-12-31,2770,3281,512,-0.6590358522985459,linear,52,0,52,52,0,52,0.1,0.1015625,0.1015625,0.32525672860045524,3.2525672860045523e-07,mle,-0.1587979614201223,0.29568353901329564,ok,True,True,extraction,
audusd,3283,2019-01-01,2771,3282,512,-0.6590358522985459,linear,52,0,52,52,0,52,0.1,0.1015625,0.1015625,0.32220104088515067,3.222010408851507e-07,mle,-0.1587979614201223,0.29568353901329564,ok,True,True,extraction,
audusd,3284,2019-01-02,2772,3283,512,-0.6590358522985459,linear,52,0,52,52,0,52,0.1,0.1015625,0.1015625,0.3241255972742517,3.241255972742517e-07,mle,-0.1587979614201223,0.29568353901329564,ok,True,True,extraction,
audusd,3285,2019-01-03,2773,3284,512,-0.6590358522985459,linear,52,0,52,52,0,52,0.1,0.1015625,0.1015625,0.3228375006844463,3.228375006844463e-07,mle,-0.1587979614201223,0.29568353901329564,ok,True,True,extraction,
audusd,3286,2019-01-04,2774,3285,512,-0.6704398021605302,linear,52,0,52,52,0,52,0.1,0.1015625,0.1015625,0.3235812627730874,3.235812627730874e-07,mle,-0.05407068270837474,0.28082906023686793,ok,True,True,extraction,
audusd,3287,2019-01-07,2775,3286,512,-0.6704398021605302,linear,52,0,52,52,0,52,0.1,0.1015625,0.1015625,0.3246914267772643,3.246914267772643e-07,mle,-0.05407068270837474,0.28082906023686793,ok,True,True,extraction,
audusd,3288,2019-01-08,2776,3287,512,-0.6704398021605302,linear,52,0,52,52,0,52,0.1,0.1015625,0.1015625,0.3241255972742517,3.241255972742517e-07,mle,-0.05407068270837474,0.28082906023686793,ok,True,True,extraction,
audusd,3289,2019-01-09,2777,3288,512,-0.6704398021605302,linear,52,0,52,52,0,52,0.1,0.1015625,0.1015625,0.3228375006844463,3.228375006844463e-07,mle,-0.05407068270837474,0.28082906023686793,ok,True,True,extraction,
audusd,3290,2019-01-10,2778,3289,512,-0.6704398021605302,linear,52,0,52,52,0,52,0.1,0.1015625,0.1015625,0.31972080452039564,3.197208045203956e-07,mle,-0.05407068270837474,0.28082906023686793,ok,True,True,extraction,
audusd,3291,2019-01-11,2779,3290,512,-0.6704398021605302,linear,52,0,52,52,0,52,0.1,0.1015625,0.1015625,0.31861189554384206,3.1861189554384207e-07,mle,-0.05407068270837474,0.28082906023686793,ok,True,True,extraction,
audusd,3292,2019-01-14,2780,3291,512,-0.6704398021605302,linear,52,0,52,52,0,52,0.1,0.1015625,0.1015625,0.31861189554384206,3.1861189554384207e-07,mle,-0.05407068270837474,0.28082906023686793,ok,True,True,extraction,
audusd,3293,2019-01-15,2781,3292,512,-0.6704398021605302,linear,52,0,52,52,0,52,0.1,0.1015625,0.1015625,0.31861189554384206,3.1861189554384207e-07,mle,-0.05407068270837474,0.28082906023686793,ok,True,True,extraction,
audusd,3294,2019-01-16,2782,3293,512,-0.6704398021605302,linear,52,0,52,52,0,52,0.1,0.1015625,0.1015625,0.3200210811019384,3.200210811019384e-07,mle,-0.05407068270837474,0.28082906023686793,ok,True,True,extraction,
audusd,3295,2019-01-17,2783,3294,512,-0.6704398021605302,linear,52,0,52,52,0,52,0.1,0.1015625,0.1015625,0.31861189554384206,3.1861189554384207e-07,mle,-0.05407068270837474,0.28082906023686793,ok,True,True,extraction,
audusd,3296,2019-01-18,2784,3295,512,-0.6704398021605302,linear,52,0,52,52,0,52,0.1,0.1015625,0.1015625,0.31861189554384206,3.1861189554384207e-07,mle,-0.05407068270837474,0.28082906023686793,ok,True,True,extraction,
audusd,3297,2019-01-21,2785,3296,512,-0.6704398021605302,linear,52,0,52,52,0,52,0.1,0.1015625,0.1015625,0.31861189554384206,3.1861189554384207e-07,mle,-0.05407068270837474,0.28082906023686793,ok,True,True,extraction,
audusd,3298,2019-01-22,2786,3297,512,-0.6704398021605302,linear,52,0,52,52,0,52,0.1,0.1015625,0.1015625,0.32127479318095165,3.2127479318095164e-07,mle,-0.05407068270837474,0.28082906023686793,ok,True,True,extraction,
audusd,3299,2019-01-23,2787,3298,512,-0.6704398021605302,linear,52,0,52,52,0,52,0.1,0.1015625,0.1015625,0.32256288977075714,3.2256288977075715e-07,mle,-0.05407068270837474,0.28082906023686793,ok,True,True,extraction,
audusd,3300,2019-01-24,2788,3299,512,-0.6704398021605302,linear,52,0,52,52,0,52,0.1,0.1015625,0.1015625,0.3242376282503233,3.242376282503233e-07,mle,-0.05407068270837474,0.28082906023686793,ok,True,True,extraction,
audusd,3301,2019-01-25,2789,3300,512,-0.6704398021605302,linear,52,0,52,52,0,52,0.1,0.1015625,0.1015625,0.3242376282503233,3.242376282503233e-07,mle,-0.05407068270837474,0.28082906023686793,ok,True,True,extraction,
audusd,3302,2019-01-28,2790,3301,512,-0.6722624186131935,linear,52,0,52,52,0,52,0.1,0.1015625,0.1015625,0.32635171286725134,3.2635171286725133e-07,mle,-0.06343909594593501,0.2839510197028763,ok,True,True,extraction,
audusd,3303,2019-01-29,2791,3302,512,-0.6722624186131935,linear,52,0,52,52,0,52,0.1,0.1015625,0.1015625,0.3246914267772643,3.246914267772643e-07,mle,-0.06343909594593501,0.2839510197028763,ok,True,True,extraction,
audusd,3304,2019-01-30,2792,3303,512,-0.6722624186131935,linear,52,0,52,52,0,52,0.1,0.1015625,0.1015625,0.3246914267772643,3.246914267772643e-07,mle,-0.06343909594593501,0.2839510197028763,ok,True,True,extraction,
audusd,3305,2019-01-31,2793,3304,512,-0.6722624186131935,linear,52,0,52,52,0,52,0.1,0.1015625,0.1015625,0.32635171286725134,3.2635171286725133e-07,mle,-0.06343909594593501,0.2839510197028763,ok,True,True,extraction,
audusd,3306,2019-02-01,2794,3305,512,-0.6722624186131935,linear,52,0,52,52,0,52,0.1,0.1015625,0.1015625,0.32580287074960823,3.258028707496082e-07,mle,-0.06343909594593501,0.2839510197028763,ok,True,True,extraction,
audusd,3307,2019-02-04,2795,3306,512,-0.6722624186131935,linear,52,0,52,52,0,52,0.1,0.1015625,0.1015625,0.3246914267772643,3.246914267772643e-07,mle,-0.06343909594593501,0.2839510197028763,ok,True,True,extraction,
audusd,3308,2019-02-05,2796,3307,512,-0.6722624186131935,linear,52,0,52,52,0,52,0.1,0.1015625,0.1015625,0.3242376282503233,3.242376282503233e-07,mle,-0.06343909594593501,0.2839510197028763,ok,True,True,extraction,
audusd,3309,2019-02-06,2797,3308,512,-0.6722624186131935,linear,52,0,52,52,0,52,0.1,0.1015625,0.1015625,0.3230653846925383,3.230653846925383e-07,mle,-0.06343909594593501,0.2839510197028763,ok,True,True,extraction,
audusd,3310,2019-02-07,2798,3309,512,-0.6722624186131935,linear,52,0,52,52,0,52,0.1,0.1015625,0.1015625,0.3230653846925383,3.230653846925383e-07,mle,-0.06343909594593501,0.2839510197028763,ok,True,True,extraction,
audusd,3311,2019-02-08,2799,3310,512,-0.682852008821598,linear,52,0,52,52,0,52,0.1,0.1015625,0.1015625,0.32635171286725134,3.2635171286725133e-07,mle,0.004483745288298569,0.27805268854980486,ok,True,True,extraction,
audusd,3312,2019-02-11,2800,3311,512,-0.682852008821598,linear,52,0,52,52,0,52,0.1,0.1015625,0.1015625,0.3230653846925383,3.230653846925383e-07,mle,0.004483745288298569,0.27805268854980486,ok,True,True,extraction,
audusd,3313,2019-02-12,2801,3312,512,-0.682852008821598,linear,52,0,52,52,0,52,0.1,0.1015625,0.1015625,0.3230653846925383,3.230653846925383e-07,mle,0.004483745288298569,0.27805268854980486,ok,True,True,extraction,
audusd,3314,2019-02-13,2802,3313,512,-0.682852008821598,linear,52,0,52,52,0,52,0.1,0.1015625,0.1015625,0.32635171286725134,3.2635171286725133e-07,mle,0.004483745288298569,0.27805268854980486,ok,True,True,extraction,
audusd,3315,2019-02-14,2803,3314,512,-0.682852008821598,linear,52,0,52,52,0,52,0.1,0.1015625,0.1015625,0.32797775495197734,3.279777549519773e-07,mle,0.004483745288298569,0.27805268854980486,ok,True,True,extraction,
audusd,3316,2019-02-15,2804,3315,512,-0.682852008821598,linear,52,0,52,52,0,52,0.1,0.1015625,0.1015625,0.3271579023281553,3.2715790232815527e-07,mle,0.004483745288298569,0.27805268854980486,ok,True,True,extraction,
audusd,3317,2019-02-18,2805,3316,512,-0.682852008821598,linear,52,0,52,52,0,52,0.1,0.1015625,0.1015625,0.32635171286725134,3.2635171286725133e-07,mle,0.004483745288298569,0.27805268854980486,ok,True,True,extraction,
audusd,3318,2019-02-19,2806,3317,512,-0.682852008821598,linear,52,0,52,52,0,52,0.1,0.1015625,0.1015625,0.32797775495197734,3.279777549519773e-07,mle,0.004483745288298569,0.27805268854980486,ok,True,True,extraction,
audusd,3319,2019-02-20,2807,3318,512,-0.682852008821598,linear,52,0,52,52,0,52,0.1,0.1015625,0.1015625,0.32635171286725134,3.2635171286725133e-07,mle,0.004483745288298569,0.27805268854980486,ok,True,True,extraction,
audusd,3320,2019-02-21,2808,3319,512,-0.682852008821598,linear,52,0,52,52,0,52,0.1,0.1015625,0.1015625,0.32797775495197734,3.279777549519773e-07,mle,0.004483745288298569,0.27805268854980486,ok,True,True,extraction,
audusd,3321,2019-02-22,2809,3320,512,-0.6722624186131935,linear,52,0,52,52,0,52,0.1,0.1015625,0.1015625,0.3246914267772643,3.246914267772643e-07,mle,0.003885622010891633,0.28019937461995437,ok,True,True,extraction,
audusd,3322,2019-02-25,2810,3321,512,-0.682852008821598,linear,52,0,52,52,0,52,0.1,0.1015625,0.1015625,0.32797775495197734,3.279777549519773e-07,mle,0.025484540305793404,0.267288538323645,ok,True,True,extraction,
audusd,3323,2019-02-26,2811,3322,512,-0.682852008821598,linear,52,0,52,52,0,52,0.1,0.1015625,0.1015625,0.3275290320058795,3.275290320058795e-07,mle,0.025484540305793404,0.267288538323645,ok,True,True,extraction,
audusd,3324,2019-02-27,2812,3323,512,-0.682852008821598,linear,52,0,52,52,0,52,0.1,0.1015625,0.1015625,0.3275290320058795,3.275290320058795e-07,mle,0.025484540305793404,0.267288538323645,ok,True,True,extraction,
audusd,3325,2019-02-28,2813,3324,512,-0.6722624186131935,linear,52,0,52,52,0,52,0.1,0.1015625,0.1015625,0.32580033575381795,3.2580033575381794e-07,mle,0.005637430492222497,0.2794037896244611,ok,True,True,extraction,
audusd,3326,2019-03-01,2814,3325,512,-0.6722624186131935,linear,52,0,52,52,0,52,0.1,0.1015625,0.1015625,0.3268701315328533,3.268701315328533e-07,mle,0.005637430492222497,0.2794037896244611,ok,True,True,extraction,
audusd,3327,2019-03-04,2815,3326,512,-0.6722624186131935,linear,52,0,52,52,0,52,0.1,0.1015625,0.1015625,0.3275290320058795,3.275290320058795e-07,mle,0.005637430492222497,0.2794037896244611,ok,True,True,extraction,
audusd,3328,2019-03-05,2816,3327,512,-0.6722624186131935,linear,52,0,52,52,0,52,0.1,0.1015625,0.1015625,0.328562348012976,3.28562348012976e-07,mle,0.005637430492222497,0.2794037896244611,ok,True,True,extraction,
audusd,3329,2019-03-06,2817,3328,512,-0.6722624186131935,linear,52,0,52,52,0,52,0.1,0.1015625,0.1015625,0.328562348012976,3.28562348012976e-07,mle,0.005637430492222497,0.2794037896244611,ok,True,True,extraction,
audusd,3330,2019-03-07,2818,3329,512,-0.6722624186131935,linear,52,0,52,52,0,52,0.1,0.1015625,0.1015625,0.3271579023281553,3.2715790232815527e-07,mle,0.005637430492222497,0.2794037896244611,ok,True,True,extraction,
audusd,3331,2019-03-08,2819,3330,512,-0.682852008821598,linear,52,0,52,52,0,52,0.1,0.1015625,0.1015625,0.3271579023281553,3.2715790232815527e-07,mle,0.04451954776629586,0.2597533846191474,ok,True,True,extraction,
audusd,3332,2019-03-11,2820,3331,512,-0.682852008821598,linear,52,0,52,52,0,52,0.1,0.1015625,0.1015625,0.32417880132979626,3.241788013297962e-07,mle,0.04451954776629586,0.2597533846191474,ok,True,True,extraction,
audusd,3333,2019-03-12,2821,3332,512,-0.682852008821598,linear,52,0,52,52,0,52,0.1,0.1015625,0.1015625,0.32236663150851885,3.223666315085188e-07,mle,0.04451954776629586,0.2597533846191474,ok,True,True,extraction,
audusd,3334,2019-03-13,2822,3333,512,-0.6722624186131935,linear,52,0,52,52,0,52,0.1,0.1015625,0.1015625,0.3216371638319333,3.216371638319333e-07,mle,0.003345307873218446,0.28032400630616794,ok,True,True,extraction,
audusd,3335,2019-03-14,2823,3334,512,-0.6722624186131935,linear,52,0,52,52,0,52,0.1,0.1015625,0.1015625,0.3216371638319333,3.216371638319333e-07,mle,0.003345307873218446,0.28032400630616794,ok,True,True,extraction,
audusd,3336,2019-03-15,2824,3335,512,-0.6722624186131935,linear,52,0,52,52,0,52,0.1,0.1015625,0.1015625,0.32150225040608965,3.2150225040608964e-07,mle,0.003345307873218446,0.28032400630616794,ok,True,True,extraction,
audusd,3337,2019-03-18,2825,3336,512,-0.6722624186131935,linear,52,0,52,52,0,52,0.1,0.1015625,0.1015625,0.32150225040608965,3.2150225040608964e-07,mle,0.003345307873218446,0.28032400630616794,ok,True,True,extraction,
audusd,3338,2019-03-19,2826,3337,512,-0.6722624186131935,linear,52,0,52,52,0,52,0.1,0.1015625,0.1015625,0.32256288977075714,3.2256288977075715e-07,mle,0.003345307873218446,0.28032400630616794,ok,True,True,extraction,
audusd,3339,2019-03-20,2827,3338,512,-0.6722624186131935,linear,52,0,52,52,0,52,0.1,0.1015625,0.1015625,0.32256288977075714,3.2256288977075715e-07,mle,0.003345307873218446,0.28032400630616794,ok,True,True,extraction,
audusd,3340,2019-03-21,2828,3339,512,-0.6722624186131935,linear,52,0,52,52,0,52,0.1,0.1015625,0.1015625,0.32150225040608965,3.2150225040608964e-07,mle,0.003345307873218446,0.28032400630616794,ok,True,True,extraction,
audusd,3341,2019-03-22,2829,3340,512,-0.6722624186131935,linear,52,0,52,52,0,52,0.1,0.1015625,0.1015625,0.3242376282503233,3.242376282503233e-07,mle,0.003345307873218446,0.28032400630616794,ok,True,True,extraction,
audusd,3342,2019-03-25,2830,3341,512,-0.6722624186131935,linear,52,0,52,52,0,52,0.1,0.1015625,0.1015625,0.3242376282503233,3.242376282503233e-07,mle,0.003345307873218446,0.28032400630616794,ok,True,True,extraction,
audusd,3343,2019-03-26,2831,3342,512,-0.6722624186131935,linear,52,0,52,52,0,52,0.1,0.1015625,0.1015625,0.3242376282503233,3.242376282503233e-07,mle,0.003345307873218446,0.28032400630616794,ok,True,True,extraction,
audusd,3344,2019-03-27,2832,3343,512,-0.6722624186131935,linear,52,0,52,52,0,52,0.1,0.1015625,0.1015625,0.3242376282503233,3.242376282503233e-07,mle,0.003345307873218446,0.28032400630616794,ok,True,True,extraction,
audusd,3345,2019-03-28,2833,3344,512,-0.6722624186131935,linear,52,0,52,52,0,52,0.1,0.1015625,0.1015625,0.3241255972742517,3.241255972742517e-07,mle,0.003345307873218446,0.28032400630616794,ok,True,True,extraction,
audusd,3346,2019-03-29,2834,3345,512,-0.682852008821598,linear,52,0,52,52,0,52,0.1,0.1015625,0.1015625,0.3241255972742517,3.241255972742517e-07,mle,0.04300485295472127,0.2603187522686443,ok,True,True,extraction,
audusd,3347,2019-04-01,2835,3346,512,-0.682852008821598,linear,52,0,52,52,0,52,0.1,0.1015625,0.1015625,0.3231333307876566,3.231333307876566e-07,mle,0.04300485295472127,0.2603187522686443,ok,True,True,extraction,
audusd,3348,2019-04-02,2836,3347,512,-0.682852008821598,linear,52,0,52,52,0,52,0.1,0.1015625,0.1015625,0.32426446211386006,3.2426446211386003e-07,mle,0.04300485295472127,0.2603187522686443,ok,True,True,extraction,
audusd,3349,2019-04-03,2837,3348,512,-0.682852008821598,linear,52,0,52,52,0,52,0.1,0.1015625,0.1015625,0.32426446211386006,3.2426446211386003e-07,mle,0.04300485295472127,0.2603187522686443,ok,True,True,extraction,
audusd,3350,2019-04-04,2838,3349,512,-0.6894504407671537,linear,52,0,52,52,0,52,0.1,0.1015625,0.1015625,0.3241255972742517,3.241255972742517e-07,mle,0.07034675370565975,0.24763478009569018,ok,True,True,extraction,
audusd,3351,2019-04-05,2839,3350,512,-0.6894504407671537,linear,52,0,52,52,0,52,0.1,0.1015625,0.1015625,0.3241255972742517,3.241255972742517e-07,mle,0.07034675370565975,0.24763478009569018,ok,True,True,extraction,
audusd,3352,2019-04-08,2840,3351,512,-0.6894504407671537,linear,52,0,52,52,0,52,0.1,0.1015625,0.1015625,0.3242376282503233,3.242376282503233e-07,mle,0.07034675370565975,0.24763478009569018,ok,True,True,extraction,
audusd,3353,2019-04-09,2841,3352,512,-0.6894504407671537,linear,52,0,52,52,0,52,0.1,0.1015625,0.1015625,0.3242376282503233,3.242376282503233e-07,mle,0.07034675370565975,0.24763478009569018,ok,True,True,extraction,
audusd,3354,2019-04-10,2842,3353,512,-0.6894504407671537,linear,52,0,52,52,0,52,0.1,0.1015625,0.1015625,0.32256288977075714,3.2256288977075715e-07,mle,0.07034675370565975,0.24763478009569018,ok,True,True,extraction,
audusd,3355,2019-04-11,2843,3354,512,-0.682852008821598,linear,52,0,52,52,0,52,0.1,0.1015625,0.1015625,0.32157062328416197,3.2157062328416195e-07,mle,0.06155956620828939,0.2533869060255158,ok,True,True,extraction,
audusd,3356,2019-04-12,2844,3355,512,-0.682852008821598,linear,52,0,52,52,0,52,0.1,0.1015625,0.1015625,0.3231333307876566,3.231333307876566e-07,mle,0.06155956620828939,0.2533869060255158,ok,True,True,extraction,
audusd,3357,2019-04-15,2845,3356,512,-0.682852008821598,linear,52,0,52,52,0,52,0.1,0.1015625,0.1015625,0.32256288977075714,3.2256288977075715e-07,mle,0.06155956620828939,0.2533869060255158,ok,True,True,extraction,
audusd,3358,2019-04-16,2846,3357,512,-0.682852008821598,linear,52,0,52,52,0,52,0.1,0.1015625,0.1015625,0.3242376282503233,3.242376282503233e-07,mle,0.06155956620828939,0.2533869060255158,ok,True,True,extraction,
audusd,3359,2019-04-17,2847,3358,512,-0.682852008821598,linear,52,0,52,52,0,52,0.1,0.1015625,0.1015625,0.3241255972742517,3.241255972742517e-07,mle,0.06155956620828939,0.2533869060255158,ok,True,True,extraction,
audusd,3360,2019-04-18,2848,3359,512,-0.6722624186131935,linear,52,0,52,52,0,52,0.1,0.1015625,0.1015625,0.3231333307876566,3.231333307876566e-07,mle,0.021658264967805253,0.27284053490701243,ok,True,True,extraction,
audusd,3361,2019-04-19,2849,3360,512,-0.6722624186131935,linear,52,0,52,52,0,52,0.1,0.1015625,0.1015625,0.32220104088515067,3.222010408851507e-07,mle,0.021658264967805253,0.27284053490701243,ok,True,True,extraction,
audusd,3362,2019-04-22,2850,3361,512,-0.6722624186131935,linear,52,0,52,52,0,52,0.1,0.1015625,0.1015625,0.3241255972742517,3.241255972742517e-07,mle,0.021658264967805253,0.27284053490701243,ok,True,True,extraction,
audusd,3363,2019-04-23,2851,3362,512,-0.6722624186131935,linear,52,0,52,52,0,52,0.1,0.1015625,0.1015625,0.3231333307876566,3.231333307876566e-07,mle,0.021658264967805253,0.27284053490701243,ok,True,True,extraction,
audusd,3364,2019-04-24,2852,3363,512,-0.6722624186131935,linear,52,0,52,52,0,52,0.1,0.1015625,0.1015625,0.32256288977075714,3.2256288977075715e-07,mle,0.021658264967805253,0.27284053490701243,ok,True,True,extraction,
audusd,3365,2019-04-25,2853,3364,512,-0.6704398021605302,linear,52,0,52,52,0,52,0.1,0.1015625,0.1015625,0.32256288977075714,3.2256288977075715e-07,mle,0.04510423928458085,0.25236573549829855,ok,True,True,extraction,
audusd,3366,2019-04-26,2854,3365,512,-0.6722624186131935,linear,52,0,52,52,0,52,0.1,0.1015625,0.1015625,0.3242376282503233,3.242376282503233e-07,mle,0.007204579065168934,0.26992547291889624,ok,True,True,extraction,
audusd,3367,2019-04-29,2855,3366,512,-0.6722624186131935,linear,52,0,52,52,0,52,0.1,0.1015625,0.1015625,0.3242376282503233,3.242376282503233e-07,mle,0.007204579065168934,0.26992547291889624,ok,True,True,extraction,
audusd,3368,2019-04-30,2856,3367,512,-0.6722624186131935,linear,52,0,52,52,0,52,0.1,0.1015625,0.1015625,0.3241255972742517,3.241255972742517e-07,mle,0.007204579065168934,0.26992547291889624,ok,True,True,extraction,
audusd,3369,2019-05-01,2857,3368,512,-0.6722624186131935,linear,52,0,52,52,0,52,0.1,0.1015625,0.1015625,0.32220104088515067,3.222010408851507e-07,mle,0.007204579065168934,0.26992547291889624,ok,True,True,extraction,
audusd,3370,2019-05-02,2858,3369,512,-0.6722624186131935,linear,52,0,52,52,0,52,0.1,0.1015625,0.1015625,0.3231333307876566,3.231333307876566e-07,mle,0.007204579065168934,0.26992547291889624,ok,True,True,extraction,
audusd,3371,2019-05-03,2859,3370,512,-0.6722624186131935,linear,52,0,52,52,0,52,0.1,0.1015625,0.1015625,0.3242376282503233,3.242376282503233e-07,mle,0.007204579065168934,0.26992547291889624,ok,True,True,extraction,
audusd,3372,2019-05-06,2860,3371,512,-0.6722624186131935,linear,52,0,52,52,0,52,0.1,0.1015625,0.1015625,0.3242376282503233,3.242376282503233e-07,mle,0.007204579065168934,0.26992547291889624,ok,True,True,extraction,
audusd,3373,2019-05-07,2861,3372,512,-0.6722624186131935,linear,52,0,52,52,0,52,0.1,0.1015625,0.1015625,0.32150225040608965,3.2150225040608964e-07,mle,0.007204579065168934,0.26992547291889624,ok,True,True,extraction,
audusd,3374,2019-05-08,2862,3373,512,-0.6722624186131935,linear,52,0,52,52,0,52,0.1,0.1015625,0.1015625,0.32150225040608965,3.2150225040608964e-07,mle,0.007204579065168934,0.26992547291889624,ok,True,True,extraction,
audusd,3375,2019-05-09,2863,3374,512,-0.6722624186131935,linear,52,0,52,52,0,52,0.1,0.1015625,0.1015625,0.32150225040608965,3.2150225040608964e-07,mle,0.007204579065168934,0.26992547291889624,ok,True,True,extraction,
audusd,3376,2019-05-10,2864,3375,512,-0.6722624186131935,linear,52,0,52,52,0,52,0.1,0.1015625,0.1015625,0.32150225040608965,3.2150225040608964e-07,mle,0.007204579065168934,0.26992547291889624,ok,True,True,extraction,
audusd,3377,2019-05-13,2865,3376,512,-0.6722624186131935,linear,52,0,52,52,0,52,0.1,0.1015625,0.1015625,0.32048887220948763,3.204888722094876e-07,mle,0.007204579065168934,0.26992547291889624,ok,True,True,extraction,
audusd,3378,2019-05-14,2866,3377,512,-0.6722624186131935,linear,52,0,52,52,0,52,0.1,0.1015625,0.1015625,0.32284642907506167,3.2284642907506165e-07,mle,0.007204579065168934,0.26992547291889624,ok,True,True,extraction,
audusd,3379,2019-05-15,2867,3378,512,-0.6722624186131935,linear,52,0,52,52,0,52,0.1,0.1015625,0.1015625,0.32195697197877765,3.219569719787776e-07,mle,0.007204579065168934,0.26992547291889624,ok,True,True,extraction,
audusd,3380,2019-05-16,2868,3379,512,-0.6722624186131935,linear,52,0,52,52,0,52,0.1,0.1015625,0.1015625,0.3208785930422587,3.2087859304225866e-07,mle,0.007204579065168934,0.26992547291889624,ok,True,True,extraction,
audusd,3381,2019-05-17,2869,3380,512,-0.6722624186131935,linear,52,0,52,52,0,52,0.1,0.1015625,0.1015625,0.3193757690381347,3.193757690381347e-07,mle,0.007204579065168934,0.26992547291889624,ok,True,True,extraction,
audusd,3382,2019-05-20,2870,3381,512,-0.6722624186131935,linear,52,0,52,52,0,52,0.1,0.1015625,0.1015625,0.3208785930422587,3.2087859304225866e-07,mle,0.007204579065168934,0.26992547291889624,ok,True,True,extraction,
audusd,3383,2019-05-21,2871,3382,512,-0.6722624186131935,linear,52,0,52,52,0,52,0.1,0.1015625,0.1015625,0.3208785930422587,3.2087859304225866e-07,mle,0.007204579065168934,0.26992547291889624,ok,True,True,extraction,
audusd,3384,2019-05-23,2872,3383,512,-0.6722624186131935,linear,52,0,52,52,0,52,0.1,0.1015625,0.1015625,0.3208785930422587,3.2087859304225866e-07,mle,0.007204579065168934,0.26992547291889624,ok,True,True,extraction,
audusd,3385,2019-05-24,2873,3384,512,-0.6722624186131935,linear,52,0,52,52,0,52,0.1,0.1015625,0.1015625,0.3208785930422587,3.2087859304225866e-07,mle,0.007204579065168934,0.26992547291889624,ok,True,True,extraction,
audusd,3386,2019-05-27,2874,3385,512,-0.6722624186131935,linear,52,0,52,52,0,52,0.1,0.1015625,0.1015625,0.32284642907506167,3.2284642907506165e-07,mle,0.007204579065168934,0.26992547291889624,ok,True,True,extraction,
audusd,3387,2019-05-28,2875,3386,512,-0.6722624186131935,linear,52,0,52,52,0,52,0.1,0.1015625,0.1015625,0.32284642907506167,3.2284642907506165e-07,mle,0.007204579065168934,0.26992547291889624,ok,True,True,extraction,
audusd,3388,2019-05-29,2876,3387,512,-0.6722624186131935,linear,52,0,52,52,0,52,0.1,0.1015625,0.1015625,0.3207069933485587,3.207069933485587e-07,mle,0.007204579065168934,0.26992547291889624,ok,True,True,extraction,
audusd,3389,2019-05-30,2877,3388,512,-0.6722624186131935,linear,52,0,52,52,0,52,0.1,0.1015625,0.1015625,0.3207069933485587,3.207069933485587e-07,mle,0.007204579065168934,0.26992547291889624,ok,True,True,extraction,
audusd,3390,2019-05-31,2878,3389,512,-0.6722624186131935,linear,52,0,52,52,0,52,0.1,0.1015625,0.1015625,0.31892831939548716,3.1892831939548715e-07,mle,0.007204579065168934,0.26992547291889624,ok,True,True,extraction,
audusd,3391,2019-06-03,2879,3390,512,-0.6722624186131935,linear,52,0,52,52,0,52,0.1,0.1015625,0.1015625,0.31892831939548716,3.1892831939548715e-07,mle,0.007204579065168934,0.26992547291889624,ok,True,True,extraction,
audusd,3392,2019-06-04,2880,3391,512,-0.6722624186131935,linear,52,0,52,52,0,52,0.1,0.1015625,0.1015625,0.3193757690381347,3.193757690381347e-07,mle,0.007204579065168934,0.26992547291889624,ok,True,True,extraction,
audusd,3393,2019-06-05,2881,3392,512,-0.6722624186131935,linear,52,0,52,52,0,52,0.1,0.1015625,0.1015625,0.3208785930422587,3.2087859304225866e-07,mle,0.007204579065168934,0.26992547291889624,ok,True,True,extraction,
audusd,3394,2019-06-06,2882,3393,512,-0.6722624186131935,linear,52,0,52,52,0,52,0.1,0.1015625,0.1015625,0.3208785930422587,3.2087859304225866e-07,mle,0.007204579065168934,0.26992547291889624,ok,True,True,extraction,
audusd,3395,2019-06-07,2883,3394,512,-0.6722624186131935,linear,52,0,52,52,0,52,0.1,0.1015625,0.1015625,0.3193757690381347,3.193757690381347e-07,mle,0.007204579065168934,0.26992547291889624,ok,True,True,extraction,
audusd,3396,2019-06-10,2884,3395,512,-0.6722624186131935,linear,52,0,52,52,0,52,0.1,0.1015625,0.1015625,0.3207069933485587,3.207069933485587e-07,mle,0.007204579065168934,0.26992547291889624,ok,True,True,extraction,
audusd,3397,2019-06-11,2885,3396,512,-0.6722624186131935,linear,52,0,52,52,0,52,0.1,0.1015625,0.1015625,0.3201764549829236,3.2017645498292355e-07,mle,0.007204579065168934,0.26992547291889624,ok,True,True,extraction,
audusd,3398,2019-06-12,2886,3397,512,-0.6722624186131935,linear,52,0,52,52,0,52,0.1,0.1015625,0.1015625,0.3201764549829236,3.2017645498292355e-07,mle,0.007204579065168934,0.26992547291889624,ok,True,True,extraction,
audusd,3399,2019-06-13,2887,3398,512,-0.6722624186131935,linear,52,0,52,52,0,52,0.1,0.1015625,0.1015625,0.31917114461538904,3.19171144615389e-07,mle,0.007204579065168934,0.26992547291889624,ok,True,True,extraction,
audusd,3400,2019-06-14,2888,3399,512,-0.6722624186131935,linear,52,0,52,52,0,52,0.1,0.1015625,0.1015625,0.31917114461538904,3.19171144615389e-07,mle,0.007204579065168934,0.26992547291889624,ok,True,True,extraction,
audusd,3401,2019-06-17,2889,3400,512,-0.6722624186131935,linear,52,0,52,52,0,52,0.1,0.1015625,0.1015625,0.31917114461538904,3.19171144615389e-07,mle,0.007204579065168934,0.26992547291889624,ok,True,True,extraction,
audusd,3402,2019-06-18,2890,3401,512,-0.6722624186131935,linear,52,0,52,52,0,52,0.1,0.1015625,0.1015625,0.3201764549829236,3.2017645498292355e-07,mle,0.007204579065168934,0.26992547291889624,ok,True,True,extraction,
audusd,3403,2019-06-19,2891,3402,512,-0.6722624186131935,linear,52,0,52,52,0,52,0.1,0.1015625,0.1015625,0.3207069933485587,3.207069933485587e-07,mle,0.007204579065168934,0.26992547291889624,ok,True,True,extraction,
audusd,3404,2019-06-20,2892,3403,512,-0.6722624186131935,linear,52,0,52,52,0,52,0.1,0.1015625,0.1015625,0.3232881962892016,3.2328819628920156e-07,mle,0.007204579065168934,0.26992547291889624,ok,True,True,extraction,
audusd,3405,2019-06-21,2893,3404,512,-0.6722624186131935,linear,52,0,52,52,0,52,0.1,0.1015625,0.1015625,0.3207069933485587,3.207069933485587e-07,mle,0.007204579065168934,0.26992547291889624,ok,True,True,extraction,
audusd,3406,2019-06-24,2894,3405,512,-0.6722624186131935,linear,52,0,52,52,0,52,0.1,0.1015625,0.1015625,0.3207069933485587,3.207069933485587e-07,mle,0.007204579065168934,0.26992547291889624,ok,True,True,extraction,
audusd,3407,2019-06-25,2895,3406,512,-0.6722624186131935,linear,52,0,52,52,0,52,0.1,0.1015625,0.1015625,0.3232881962892016,3.2328819628920156e-07,mle,0.007204579065168934,0.26992547291889624,ok,True,True,extraction,
audusd,3408,2019-06-26,2896,3407,512,-0.6722624186131935,linear,52,0,52,52,0,52,0.1,0.1015625,0.1015625,0.3218411187075271,3.2184111870752705e-07,mle,0.007204579065168934,0.26992547291889624,ok,True,True,extraction,
audusd,3409,2019-06-27,2897,3408,512,-0.6704398021605302,linear,52,0,52,52,0,52,0.1,0.1015625,0.1015625,0.3207069933485587,3.207069933485587e-07,mle,0.005128531359968388,0.27159689060017833,ok,True,True,extraction,
audusd,3410,2019-06-28,2898,3409,512,-0.6704398021605302,linear,52,0,52,52,0,52,0.1,0.1015625,0.1015625,0.32284642907506167,3.2284642907506165e-07,mle,0.005128531359968388,0.27159689060017833,ok,True,True,extraction,
audusd,3411,2019-07-01,2899,3410,512,-0.6704398021605302,linear,52,0,52,52,0,52,0.1,0.1015625,0.1015625,0.3215873064794127,3.215873064794127e-07,mle,0.005128531359968388,0.27159689060017833,ok,True,True,extraction,
audusd,3412,2019-07-02,2900,3411,512,-0.6704398021605302,linear,52,0,52,52,0,52,0.1,0.1015625,0.1015625,0.3186891048621431,3.1868910486214304e-07,mle,0.005128531359968388,0.27159689060017833,ok,True,True,extraction,
audusd,3413,2019-07-03,2901,3412,512,-0.6722624186131935,linear,52,0,52,52,0,52,0.1,0.1015625,0.1015625,0.321310580341892,3.2131058034189203e-07,mle,-0.009999287751381258,0.27711620681080895,ok,True,True,extraction,
audusd,3414,2019-07-04,2902,3413,512,-0.6722624186131935,linear,52,0,52,52,0,52,0.1,0.1015625,0.1015625,0.321310580341892,3.2131058034189203e-07,mle,-0.009999287751381258,0.27711620681080895,ok,True,True,extraction,
audusd,3415,2019-07-05,2903,3414,512,-0.6722624186131935,linear,52,0,52,52,0,52,0.1,0.1015625,0.1015625,0.321310580341892,3.2131058034189203e-07,mle,-0.009999287751381258,0.27711620681080895,ok,True,True,extraction,
audusd,3416,2019-07-08,2904,3415,512,-0.6722624186131935,linear,52,0,52,52,0,52,0.1,0.1015625,0.1015625,0.32030496812758674,3.203049681275867e-07,mle,-0.009999287751381258,0.27711620681080895,ok,True,True,extraction,
audusd,3417,2019-07-09,2905,3416,512,-0.6722624186131935,linear,52,0,52,52,0,52,0.1,0.1015625,0.1015625,0.32030496812758674,3.203049681275867e-07,mle,-0.009999287751381258,0.27711620681080895,ok,True,True,extraction,
audusd,3418,2019-07-10,2906,3417,512,-0.6722624186131935,linear,52,0,52,52,0,52,0.1,0.1015625,0.1015625,0.31892831939548716,3.1892831939548715e-07,mle,-0.009999287751381258,0.27711620681080895,ok,True,True,extraction,
audusd,3419,2019-07-11,2907,3418,512,-0.6740215870208538,linear,52,0,52,52,0,52,0.1,0.1015625,0.1015625,0.31892831939548716,3.1892831939548715e-07,mle,-0.003071682115035958,0.2734639573297851,ok,True,True,extraction,
audusd,3420,2019-07-12,2908,3419,512,-0.6740215870208538,linear,52,0,52,52,0,52,0.1,0.1015625,0.1015625,0.32030496812758674,3.203049681275867e-07,mle,-0.003071682115035958,0.2734639573297851,ok,True,True,extraction,
audusd,3421,2019-07-15,2909,3420,512,-0.6740215870208538,linear,52,0,52,52,0,52,0.1,0.1015625,0.1015625,0.32030496812758674,3.203049681275867e-07,mle,-0.003071682115035958,0.2734639573297851,ok,True,True,extraction,
audusd,3422,2019-07-16,2910,3421,512,-0.6740215870208538,linear,52,0,52,52,0,52,0.1,0.1015625,0.1015625,0.3207069933485587,3.207069933485587e-07,mle,-0.003071682115035958,0.2734639573297851,ok,True,True,extraction,
audusd,3423,2019-07-17,2911,3422,512,-0.6740215870208538,linear,52,0,52,52,0,52,0.1,0.1015625,0.1015625,0.3218411187075271,3.2184111870752705e-07,mle,-0.003071682115035958,0.2734639573297851,ok,True,True,extraction,
audusd,3424,2019-07-18,2912,3423,512,-0.6740215870208538,linear,52,0,52,52,0,52,0.1,0.1015625,0.1015625,0.32180779213171073,3.2180779213171074e-07,mle,-0.003071682115035958,0.2734639573297851,ok,True,True,extraction,
audusd,3425,2019-07-19,2913,3424,512,-0.6740215870208538,linear,52,0,52,52,0,52,0.1,0.1015625,0.1015625,0.32180779213171073,3.2180779213171074e-07,mle,-0.003071682115035958,0.2734639573297851,ok,True,True,extraction,
audusd,3426,2019-07-22,2914,3425,512,-0.6740215870208538,linear,52,0,52,52,0,52,0.1,0.1015625,0.1015625,0.3232881962892016,3.2328819628920156e-07,mle,-0.003071682115035958,0.2734639573297851,ok,True,True,extraction,
audusd,3427,2019-07-23,2915,3426,512,-0.6740215870208538,linear,52,0,52,52,0,52,0.1,0.1015625,0.1015625,0.3259139977062869,3.2591399770628686e-07,mle,-0.003071682115035958,0.2734639573297851,ok,True,True,extraction,
audusd,3428,2019-07-24,2916,3427,512,-0.6740215870208538,linear,52,0,52,52,0,52,0.1,0.1015625,0.1015625,0.32335937681301935,3.2335937681301935e-07,mle,-0.003071682115035958,0.2734639573297851,ok,True,True,extraction,
audusd,3429,2019-07-25,2917,3428,512,-0.6740215870208538,linear,52,0,52,52,0,52,0.1,0.1015625,0.1015625,0.32516037306995216,3.251603730699521e-07,mle,-0.003071682115035958,0.2734639573297851,ok,True,True,extraction,
audusd,3430,2019-07-26,2918,3429,512,-0.6740215870208538,linear,52,0,52,52,0,52,0.1,0.1015625,0.1015625,0.3250204185493215,3.250204185493215e-07,mle,-0.003071682115035958,0.2734639573297851,ok,True,True,extraction,
audusd,3431,2019-07-29,2919,3430,512,-0.6740215870208538,linear,52,0,52,52,0,52,0.1,0.1015625,0.1015625,0.3250204185493215,3.250204185493215e-07,mle,-0.003071682115035958,0.2734639573297851,ok,True,True,extraction,
audusd,3432,2019-07-30,2920,3431,512,-0.6740215870208538,linear,52,0,52,52,0,52,0.1,0.1015625,0.1015625,0.3258443675144329,3.258443675144329e-07,mle,-0.003071682115035958,0.2734639573297851,ok,True,True,extraction,
audusd,3433,2019-07-31,2921,3432,512,-0.6740215870208538,linear,52,0,52,52,0,52,0.1,0.1015625,0.1015625,0.3258443675144329,3.258443675144329e-07,mle,-0.003071682115035958,0.2734639573297851,ok,True,True,extraction,
audusd,3434,2019-08-01,2922,3433,512,-0.6740215870208538,linear,52,0,52,52,0,52,0.1,0.1015625,0.1015625,0.32651146849870144,3.265114684987014e-07,mle,-0.003071682115035958,0.2734639573297851,ok,True,True,extraction,
audusd,3435,2019-08-02,2923,3434,512,-0.6740215870208538,linear,52,0,52,52,0,52,0.1,0.1015625,0.1015625,0.3274661934866615,3.2746619348666147e-07,mle,-0.003071682115035958,0.2734639573297851,ok,True,True,extraction,
audusd,3436,2019-08-05,2924,3435,512,-0.6740215870208538,linear,52,0,52,52,0,52,0.1,0.1015625,0.1015625,0.32708875960137174,3.2708875960137174e-07,mle,-0.003071682115035958,0.2734639573297851,ok,True,True,extraction,
audusd,3437,2019-08-06,2925,3436,512,-0.6740215870208538,linear,52,0,52,52,0,52,0.1,0.1015625,0.1015625,0.3261602576294865,3.261602576294865e-07,mle,-0.003071682115035958,0.2734639573297851,ok,True,True,extraction,
audusd,3438,2019-08-07,2926,3437,512,-0.6740215870208538,linear,52,0,52,52,0,52,0.1,0.1015625,0.1015625,0.3261602576294865,3.261602576294865e-07,mle,-0.003071682115035958,0.2734639573297851,ok,True,True,extraction,
audusd,3439,2019-08-08,2927,3438,512,-0.6740215870208538,linear,52,0,52,52,0,52,0.1,0.1015625,0.1015625,0.32513481976660186,3.2513481976660183e-07,mle,-0.003071682115035958,0.2734639573297851,ok,True,True,extraction,
audusd,3440,2019-08-09,2928,3439,512,-0.6722624186131935,linear,52,0,52,52,0,52,0.1,0.1015625,0.1015625,0.3243815588419606,3.2438155884196063e-07,mle,-0.0031589862473877144,0.2743629326096743,ok,True,True,extraction,
audusd,3441,2019-08-12,2929,3440,512,-0.6722624186131935,linear,52,0,52,52,0,52,0.1,0.1015625,0.1015625,0.3243815588419606,3.2438155884196063e-07,mle,-0.0031589862473877144,0.2743629326096743,ok,True,True,extraction,
audusd,3442,2019-08-13,2930,3441,512,-0.6722624186131935,linear,52,0,52,52,0,52,0.1,0.1015625,0.1015625,0.3223420973383582,3.223420973383582e-07,mle,-0.0031589862473877144,0.2743629326096743,ok,True,True,extraction,
audusd,3443,2019-08-14,2931,3442,512,-0.6722624186131935,linear,52,0,52,52,0,52,0.1,0.1015625,0.1015625,0.3223420973383582,3.223420973383582e-07,mle,-0.0031589862473877144,0.2743629326096743,ok,True,True,extraction,
audusd,3444,2019-08-15,2932,3443,512,-0.6722624186131935,linear,52,0,52,52,0,52,0.1,0.1015625,0.1015625,0.3261602576294865,3.261602576294865e-07,mle,-0.0031589862473877144,0.2743629326096743,ok,True,True,extraction,
audusd,3445,2019-08-16,2933,3444,512,-0.6722624186131935,linear,52,0,52,52,0,52,0.1,0.1015625,0.1015625,0.32708875960137174,3.2708875960137174e-07,mle,-0.0031589862473877144,0.2743629326096743,ok,True,True,extraction,
audusd,3446,2019-08-19,2934,3445,512,-0.6722624186131935,linear,52,0,52,52,0,52,0.1,0.1015625,0.1015625,0.3261602576294865,3.261602576294865e-07,mle,-0.0031589862473877144,0.2743629326096743,ok,True,True,extraction,
audusd,3447,2019-08-20,2935,3446,512,-0.6722624186131935,linear,52,0,52,52,0,52,0.1,0.1015625,0.1015625,0.32651146849870144,3.265114684987014e-07,mle,-0.0031589862473877144,0.2743629326096743,ok,True,True,extraction,
audusd,3448,2019-08-21,2936,3447,512,-0.6722624186131935,linear,52,0,52,52,0,52,0.1,0.1015625,0.1015625,0.3261602576294865,3.261602576294865e-07,mle,-0.0031589862473877144,0.2743629326096743,ok,True,True,extraction,
audusd,3449,2019-08-22,2937,3448,512,-0.6722624186131935,linear,52,0,52,52,0,52,0.1,0.1015625,0.1015625,0.3258443675144329,3.258443675144329e-07,mle,-0.0031589862473877144,0.2743629326096743,ok,True,True,extraction,
audusd,3450,2019-08-23,2938,3449,512,-0.6722624186131935,linear,52,0,52,52,0,52,0.1,0.1015625,0.1015625,0.3250204185493215,3.250204185493215e-07,mle,-0.0031589862473877144,0.2743629326096743,ok,True,True,extraction,
audusd,3451,2019-08-26,2939,3450,512,-0.6722624186131935,linear,52,0,52,52,0,52,0.1,0.1015625,0.1015625,0.3243815588419606,3.2438155884196063e-07,mle,-0.0031589862473877144,0.2743629326096743,ok,True,True,extraction,
audusd,3452,2019-08-27,2940,3451,512,-0.6740215870208538,linear,52,0,52,52,0,52,0.1,0.1015625,0.1015625,0.32513481976660186,3.2513481976660183e-07,mle,-0.0016280790342715684,0.2728910148751682,ok,True,True,extraction,
audusd,3453,2019-08-28,2941,3452,512,-0.6740215870208538,linear,52,0,52,52,0,52,0.1,0.1015625,0.1015625,0.32513481976660186,3.2513481976660183e-07,mle,-0.0016280790342715684,0.2728910148751682,ok,True,True,extraction,
audusd,3454,2019-08-29,2942,3453,512,-0.6740215870208538,linear,52,0,52,52,0,52,0.1,0.1015625,0.1015625,0.3223420973383582,3.223420973383582e-07,mle,-0.0016280790342715684,0.2728910148751682,ok,True,True,extraction,
audusd,3455,2019-08-30,2943,3454,512,-0.6740215870208538,linear,52,0,52,52,0,52,0.1,0.1015625,0.1015625,0.3219736978834973,3.2197369788349727e-07,mle,-0.0016280790342715684,0.2728910148751682,ok,True,True,extraction,
audusd,3456,2019-09-02,2944,3455,512,-0.6740215870208538,linear,52,0,52,52,0,52,0.1,0.1015625,0.1015625,0.3219736978834973,3.2197369788349727e-07,mle,-0.0016280790342715684,0.2728910148751682,ok,True,True,extraction,
audusd,3457,2019-09-03,2945,3456,512,-0.6740215870208538,linear,52,0,52,52,0,52,0.1,0.1015625,0.1015625,0.3219736978834973,3.2197369788349727e-07,mle,-0.0016280790342715684,0.2728910148751682,ok,True,True,extraction,
audusd,3458,2019-09-04,2946,3457,512,-0.6740215870208538,linear,52,0,52,52,0,52,0.1,0.1015625,0.1015625,0.3219736978834973,3.2197369788349727e-07,mle,-0.0016280790342715684,0.2728910148751682,ok,True,True,extraction,
audusd,3459,2019-09-05,2947,3458,512,-0.6740215870208538,linear,52,0,52,52,0,52,0.1,0.1015625,0.1015625,0.3211881132460537,3.2118811324605366e-07,mle,-0.0016280790342715684,0.2728910148751682,ok,True,True,extraction,
audusd,3460,2019-09-06,2948,3459,512,-0.6740215870208538,linear,52,0,52,52,0,52,0.1,0.1015625,0.1015625,0.3223420973383582,3.223420973383582e-07,mle,-0.0016280790342715684,0.2728910148751682,ok,True,True,extraction,
audusd,3461,2019-09-09,2949,3460,512,-0.6740215870208538,linear,52,0,52,52,0,52,0.1,0.1015625,0.1015625,0.3250204185493215,3.250204185493215e-07,mle,-0.0016280790342715684,0.2728910148751682,ok,True,True,extraction,
audusd,3462,2019-09-10,2950,3461,512,-0.6740215870208538,linear,52,0,52,52,0,52,0.1,0.1015625,0.1015625,0.3263970672814211,3.263970672814211e-07,mle,-0.0016280790342715684,0.2728910148751682,ok,True,True,extraction,
audusd,3463,2019-09-11,2951,3462,512,-0.6740215870208538,linear,52,0,52,52,0,52,0.1,0.1015625,0.1015625,0.3250204185493215,3.250204185493215e-07,mle,-0.0016280790342715684,0.2728910148751682,ok,True,True,extraction,
audusd,3464,2019-09-12,2952,3463,512,-0.6740215870208538,linear,52,0,52,52,0,52,0.1,0.1015625,0.1015625,0.3250204185493215,3.250204185493215e-07,mle,-0.0016280790342715684,0.2728910148751682,ok,True,True,extraction,
audusd,3465,2019-09-13,2953,3464,512,-0.6722624186131935,linear,52,0,52,52,0,52,0.1,0.1015625,0.1015625,0.3237345908521742,3.237345908521742e-07,mle,0.03392135971612692,0.25737885484652867,ok,True,True,extraction,
audusd,3466,2019-09-16,2954,3465,512,-0.6722624186131935,linear,52,0,52,52,0,52,0.1,0.1015625,0.1015625,0.32132948570830644,3.2132948570830644e-07,mle,0.03392135971612692,0.25737885484652867,ok,True,True,extraction,
audusd,3467,2019-09-17,2955,3466,512,-0.6722624186131935,linear,52,0,52,52,0,52,0.1,0.1015625,0.1015625,0.3221146483453009,3.221146483453009e-07,mle,0.03392135971612692,0.25737885484652867,ok,True,True,extraction,
audusd,3468,2019-09-18,2956,3467,512,-0.6708355026261315,linear,52,0,52,52,0,52,0.1,0.1015625,0.1015625,0.3192387845255682,3.192387845255682e-07,mle,0.04071876674254346,0.2555132507948399,ok,True,True,extraction,
audusd,3469,2019-09-19,2957,3468,512,-0.6708355026261315,linear,52,0,52,52,0,52,0.1,0.1015625,0.1015625,0.31690732050318327,3.169073205031833e-07,mle,0.04071876674254346,0.2555132507948399,ok,True,True,extraction,
audusd,3470,2019-09-20,2958,3469,512,-0.6708355026261315,linear,52,0,52,52,0,52,0.1,0.1015625,0.1015625,0.3192441471845353,3.192441471845353e-07,mle,0.04071876674254346,0.2555132507948399,ok,True,True,extraction,
audusd,3471,2019-09-23,2959,3470,512,-0.6708355026261315,linear,52,0,52,52,0,52,0.1,0.1015625,0.1015625,0.32248066486738014,3.2248066486738015e-07,mle,0.04071876674254346,0.2555132507948399,ok,True,True,extraction,
audusd,3472,2019-09-24,2960,3471,512,-0.6708355026261315,linear,52,0,52,52,0,52,0.1,0.1015625,0.1015625,0.3237345908521742,3.237345908521742e-07,mle,0.04071876674254346,0.2555132507948399,ok,True,True,extraction,
audusd,3473,2019-09-25,2961,3472,512,-0.6708355026261315,linear,52,0,52,52,0,52,0.1,0.1015625,0.1015625,0.3237345908521742,3.237345908521742e-07,mle,0.04071876674254346,0.2555132507948399,ok,True,True,extraction,
audusd,3474,2019-09-26,2962,3473,512,-0.6708355026261315,linear,52,0,52,52,0,52,0.1,0.1015625,0.1015625,0.3237345908521742,3.237345908521742e-07,mle,0.04071876674254346,0.2555132507948399,ok,True,True,extraction,
audusd,3475,2019-09-27,2963,3474,512,-0.6627231097751224,linear,52,0,52,52,0,52,0.1,0.1015625,0.1015625,0.3237345908521742,3.237345908521742e-07,mle,0.036582620791625414,0.2598844325897851,ok,True,True,extraction,
audusd,3476,2019-09-30,2964,3475,512,-0.6627231097751224,linear,52,0,52,52,0,52,0.1,0.1015625,0.1015625,0.3237345908521742,3.237345908521742e-07,mle,0.036582620791625414,0.2598844325897851,ok,True,True,extraction,
audusd,3477,2019-10-01,2965,3476,512,-0.6627231097751224,linear,52,0,52,52,0,52,0.1,0.1015625,0.1015625,0.32442046876201025,3.2442046876201026e-07,mle,0.036582620791625414,0.2598844325897851,ok,True,True,extraction,
audusd,3478,2019-10-02,2966,3477,512,-0.6627231097751224,linear,52,0,52,52,0,52,0.1,0.1015625,0.1015625,0.32248066486738014,3.2248066486738015e-07,mle,0.036582620791625414,0.2598844325897851,ok,True,True,extraction,
audusd,3479,2019-10-03,2967,3478,512,-0.6627690187577797,linear,52,0,52,52,0,52,0.1,0.1015625,0.1015625,0.3237345908521742,3.237345908521742e-07,mle,0.036868034564493786,0.25976504317632654,ok,True,True,extraction,
audusd,3480,2019-10-04,2968,3479,512,-0.6627690187577797,linear,52,0,52,52,0,52,0.1,0.1015625,0.1015625,0.3237345908521742,3.237345908521742e-07,mle,0.036868034564493786,0.25976504317632654,ok,True,True,extraction,
audusd,3481,2019-10-07,2969,3480,512,-0.6627690187577797,linear,52,0,52,52,0,52,0.1,0.1015625,0.1015625,0.3237345908521742,3.237345908521742e-07,mle,0.036868034564493786,0.25976504317632654,ok,True,True,extraction,
audusd,3482,2019-10-08,2970,3481,512,-0.6627690187577797,linear,52,0,52,52,0,52,0.1,0.1015625,0.1015625,0.32248066486738014,3.2248066486738015e-07,mle,0.036868034564493786,0.25976504317632654,ok,True,True,extraction,
audusd,3483,2019-10-09,2971,3482,512,-0.6627690187577797,linear,52,0,52,52,0,52,0.1,0.1015625,0.1015625,0.3237345908521742,3.237345908521742e-07,mle,0.036868034564493786,0.25976504317632654,ok,True,True,extraction,
audusd,3484,2019-10-10,2972,3483,512,-0.6627690187577797,linear,52,0,52,52,0,52,0.1,0.1015625,0.1015625,0.3237345908521742,3.237345908521742e-07,mle,0.036868034564493786,0.25976504317632654,ok,True,True,extraction,
audusd,3485,2019-10-11,2973,3484,512,-0.6627690187577797,linear,52,0,52,52,0,52,0.1,0.1015625,0.1015625,0.32098520511192336,3.209852051119233e-07,mle,0.036868034564493786,0.25976504317632654,ok,True,True,extraction,
audusd,3486,2019-10-14,2974,3485,512,-0.6595749864286261,linear,52,0,52,52,0,52,0.1,0.1015625,0.1015625,0.32190882111304736,3.2190882111304736e-07,mle,0.05371898188429872,0.2545179350598319,ok,True,True,extraction,
audusd,3487,2019-10-15,2975,3486,512,-0.6595749864286261,linear,52,0,52,52,0,52,0.1,0.1015625,0.1015625,0.3237345908521742,3.237345908521742e-07,mle,0.05371898188429872,0.2545179350598319,ok,True,True,extraction,
audusd,3488,2019-10-16,2976,3487,512,-0.6595749864286261,linear,52,0,52,52,0,52,0.1,0.1015625,0.1015625,0.32190882111304736,3.2190882111304736e-07,mle,0.05371898188429872,0.2545179350598319,ok,True,True,extraction,
audusd,3489,2019-10-17,2977,3488,512,-0.6590358522985459,linear,52,0,52,52,0,52,0.1,0.1015625,0.1015625,0.31765148854226255,3.1765148854226254e-07,mle,0.08831908073224702,0.24219113984146917,ok,True,True,extraction,
audusd,3490,2019-10-18,2978,3489,512,-0.6590358522985459,linear,52,0,52,52,0,52,0.1,0.1015625,0.1015625,0.313861595778532,3.13861595778532e-07,mle,0.08831908073224702,0.24219113984146917,ok,True,True,extraction,
audusd,3491,2019-10-21,2979,3490,512,-0.6590358522985459,linear,52,0,52,52,0,52,0.1,0.1015625,0.1015625,0.3179902211997413,3.179902211997413e-07,mle,0.08831908073224702,0.24219113984146917,ok,True,True,extraction,
audusd,3492,2019-10-22,2980,3491,512,-0.6590358522985459,linear,52,0,52,52,0,52,0.1,0.1015625,0.1015625,0.3179902211997413,3.179902211997413e-07,mle,0.08831908073224702,0.24219113984146917,ok,True,True,extraction,
audusd,3493,2019-10-23,2981,3492,512,-0.6590358522985459,linear,52,0,52,52,0,52,0.1,0.1015625,0.1015625,0.3192441471845353,3.192441471845353e-07,mle,0.08831908073224702,0.24219113984146917,ok,True,True,extraction,
audusd,3494,2019-10-24,2982,3493,512,-0.6590358522985459,linear,52,0,52,52,0,52,0.1,0.1015625,0.1015625,0.3179902211997413,3.179902211997413e-07,mle,0.08831908073224702,0.24219113984146917,ok,True,True,extraction,
audusd,3495,2019-10-25,2983,3494,512,-0.6590358522985459,linear,52,0,52,52,0,52,0.1,0.1015625,0.1015625,0.31383869091010147,3.1383869091010145e-07,mle,0.08831908073224702,0.24219113984146917,ok,True,True,extraction,
audusd,3496,2019-10-28,2984,3495,512,-0.6572165460473788,linear,52,0,52,52,0,52,0.1,0.1015625,0.1015625,0.31383869091010147,3.1383869091010145e-07,mle,0.109826155849022,0.23576543322764903,ok,True,True,extraction,
audusd,3497,2019-10-29,2985,3496,512,-0.6572165460473788,linear,52,0,52,52,0,52,0.1,0.1015625,0.1015625,0.3133701363455277,3.133701363455277e-07,mle,0.109826155849022,0.23576543322764903,ok,True,True,extraction,
audusd,3498,2019-10-30,2986,3497,512,-0.6572165460473788,linear,52,0,52,52,0,52,0.1,0.1015625,0.1015625,0.313031403688049,3.13031403688049e-07,mle,0.109826155849022,0.23576543322764903,ok,True,True,extraction,
audusd,3499,2019-10-31,2987,3498,512,-0.6572165460473788,linear,52,0,52,52,0,52,0.1,0.1015625,0.1015625,0.31246183808986794,3.1246183808986795e-07,mle,0.109826155849022,0.23576543322764903,ok,True,True,extraction,
audusd,3500,2019-11-01,2988,3499,512,-0.6572165460473788,linear,52,0,52,52,0,52,0.1,0.1015625,0.1015625,0.313031403688049,3.13031403688049e-07,mle,0.109826155849022,0.23576543322764903,ok,True,True,extraction,
audusd,3501,2019-11-04,2989,3500,512,-0.6572165460473788,linear,52,0,52,52,0,52,0.1,0.1015625,0.1015625,0.31246183808986794,3.1246183808986795e-07,mle,0.109826155849022,0.23576543322764903,ok,True,True,extraction,
audusd,3502,2019-11-05,2990,3501,512,-0.6572165460473788,linear,52,0,52,52,0,52,0.1,0.1015625,0.1015625,0.30998567896339774,3.0998567896339773e-07,mle,0.109826155849022,0.23576543322764903,ok,True,True,extraction,
audusd,3503,2019-11-06,2991,3502,512,-0.6572165460473788,linear,52,0,52,52,0,52,0.1,0.1015625,0.1015625,0.313031403688049,3.13031403688049e-07,mle,0.109826155849022,0.23576543322764903,ok,True,True,extraction,
audusd,3504,2019-11-07,2992,3503,512,-0.6572165460473788,linear,52,0,52,52,0,52,0.1,0.1015625,0.1015625,0.30998567896339774,3.0998567896339773e-07,mle,0.109826155849022,0.23576543322764903,ok,True,True,extraction,
audusd,3505,2019-11-08,2993,3504,512,-0.6572165460473788,linear,52,0,52,52,0,52,0.1,0.1015625,0.1015625,0.3094161133652167,3.094161133652167e-07,mle,0.109826155849022,0.23576543322764903,ok,True,True,extraction,
audusd,3506,2019-11-11,2994,3505,512,-0.6572165460473788,linear,52,0,52,52,0,52,0.1,0.1015625,0.1015625,0.31211582654548364,3.121158265454836e-07,mle,0.109826155849022,0.23576543322764903,ok,True,True,extraction,
audusd,3507,2019-11-12,2995,3506,512,-0.6572165460473788,linear,52,0,52,52,0,52,0.1,0.1015625,0.1015625,0.3118830387495294,3.1188303874952936e-07,mle,0.109826155849022,0.23576543322764903,ok,True,True,extraction,
audusd,3508,2019-11-13,2996,3507,512,-0.6572165460473788,linear,52,0,52,52,0,52,0.1,0.1015625,0.1015625,0.30969380648855327,3.0969380648855326e-07,mle,0.109826155849022,0.23576543322764903,ok,True,True,extraction,
audusd,3509,2019-11-14,2997,3508,512,-0.6572165460473788,linear,52,0,52,52,0,52,0.1,0.1015625,0.1015625,0.31002266493796843,3.1002266493796844e-07,mle,0.109826155849022,0.23576543322764903,ok,True,True,extraction,
audusd,3510,2019-11-15,2998,3509,512,-0.6572165460473788,linear,52,0,52,52,0,52,0.1,0.1015625,0.1015625,0.31002266493796843,3.1002266493796844e-07,mle,0.109826155849022,0.23576543322764903,ok,True,True,extraction,
audusd,3511,2019-11-18,2999,3510,512,-0.6590358522985459,linear,52,0,52,52,0,52,0.1,0.1015625,0.1015625,0.3109187093258029,3.1091870932580287e-07,mle,0.0991117080983742,0.23841091046978366,ok,True,True,extraction,
audusd,3512,2019-11-19,3000,3511,512,-0.6590358522985459,linear,52,0,52,52,0,52,0.1,0.1015625,0.1015625,0.313087431684779,3.1308743168477897e-07,mle,0.0991117080983742,0.23841091046978366,ok,True,True,extraction,
audusd,3513,2019-11-20,3001,3512,512,-0.6590358522985459,linear,52,0,52,52,0,52,0.1,0.1015625,0.1015625,0.3100277444076634,3.100277444076634e-07,mle,0.0991117080983742,0.23841091046978366,ok,True,True,extraction,
audusd,3514,2019-11-21,3002,3513,512,-0.6590358522985459,linear,52,0,52,52,0,52,0.1,0.1015625,0.1015625,0.3118830387495294,3.1188303874952936e-07,mle,0.0991117080983742,0.23841091046978366,ok,True,True,extraction,
audusd,3515,2019-11-22,3003,3514,512,-0.6590358522985459,linear,52,0,52,52,0,52,0.1,0.1015625,0.1015625,0.31192333602294164,3.119233360229416e-07,mle,0.0991117080983742,0.23841091046978366,ok,True,True,extraction,
audusd,3516,2019-11-25,3004,3515,512,-0.6590358522985459,linear,52,0,52,52,0,52,0.1,0.1015625,0.1015625,0.31418914461089964,3.1418914461089964e-07,mle,0.0991117080983742,0.23841091046978366,ok,True,True,extraction,
audusd,3517,2019-11-26,3005,3516,512,-0.6590358522985459,linear,52,0,52,52,0,52,0.1,0.1015625,0.1015625,0.31418914461089964,3.1418914461089964e-07,mle,0.0991117080983742,0.23841091046978366,ok,True,True,extraction,
audusd,3518,2019-11-27,3006,3517,512,-0.6590358522985459,linear,52,0,52,52,0,52,0.1,0.1015625,0.1015625,0.31360403355740585,3.1360403355740583e-07,mle,0.0991117080983742,0.23841091046978366,ok,True,True,extraction,
audusd,3519,2019-11-28,3007,3518,512,-0.6572165460473788,linear,52,0,52,52,0,52,0.1,0.1015625,0.1015625,0.30940480648451774,3.0940480648451774e-07,mle,0.1045058347459526,0.23750116449934655,ok,True,True,extraction,
audusd,3520,2019-11-29,3008,3519,512,-0.6572165460473788,linear,52,0,52,52,0,52,0.1,0.1015625,0.1015625,0.30940480648451774,3.0940480648451774e-07,mle,0.1045058347459526,0.23750116449934655,ok,True,True,extraction,
audusd,3521,2019-12-02,3009,3520,512,-0.6572165460473788,linear,52,0,52,52,0,52,0.1,0.1015625,0.1015625,0.309113589889767,3.0911358988976697e-07,mle,0.1045058347459526,0.23750116449934655,ok,True,True,extraction,
audusd,3522,2019-12-03,3010,3521,512,-0.6572165460473788,linear,52,0,52,52,0,52,0.1,0.1015625,0.1015625,0.31071661742510304,3.1071661742510305e-07,mle,0.1045058347459526,0.23750116449934655,ok,True,True,extraction,
audusd,3523,2019-12-04,3011,3522,512,-0.6572165460473788,linear,52,0,52,52,0,52,0.1,0.1015625,0.1015625,0.31071661742510304,3.1071661742510305e-07,mle,0.1045058347459526,0.23750116449934655,ok,True,True,extraction,
audusd,3524,2019-12-05,3012,3523,512,-0.6572165460473788,linear,52,0,52,52,0,52,0.1,0.1015625,0.1015625,0.31071661742510304,3.1071661742510305e-07,mle,0.1045058347459526,0.23750116449934655,ok,True,True,extraction,
audusd,3525,2019-12-06,3013,3524,512,-0.6572165460473788,linear,52,0,52,52,0,52,0.1,0.1015625,0.1015625,0.30879776210071885,3.0879776210071883e-07,mle,0.1045058347459526,0.23750116449934655,ok,True,True,extraction,
audusd,3526,2019-12-09,3014,3525,512,-0.6572165460473788,linear,52,0,52,52,0,52,0.1,0.1015625,0.1015625,0.31071661742510304,3.1071661742510305e-07,mle,0.1045058347459526,0.23750116449934655,ok,True,True,extraction,
audusd,3527,2019-12-10,3015,3526,512,-0.6572165460473788,linear,52,0,52,52,0,52,0.1,0.1015625,0.1015625,0.30879776210071885,3.0879776210071883e-07,mle,0.1045058347459526,0.23750116449934655,ok,True,True,extraction,
audusd,3528,2019-12-11,3016,3527,512,-0.6572165460473788,linear,52,0,52,52,0,52,0.1,0.1015625,0.1015625,0.31071661742510304,3.1071661742510305e-07,mle,0.1045058347459526,0.23750116449934655,ok,True,True,extraction,
audusd,3529,2019-12-12,3017,3528,512,-0.6572165460473788,linear,52,0,52,52,0,52,0.1,0.1015625,0.1015625,0.31062979185342804,3.10629791853428e-07,mle,0.1045058347459526,0.23750116449934655,ok,True,True,extraction,
audusd,3530,2019-12-13,3018,3529,512,-0.6572165460473788,linear,52,0,52,52,0,52,0.1,0.1015625,0.1015625,0.3112019742147081,3.112019742147081e-07,mle,0.1045058347459526,0.23750116449934655,ok,True,True,extraction,
audusd,3531,2019-12-16,3019,3530,512,-0.6572165460473788,linear,52,0,52,52,0,52,0.1,0.1015625,0.1015625,0.3120856434224306,3.120856434224306e-07,mle,0.1045058347459526,0.23750116449934655,ok,True,True,extraction,
audusd,3532,2019-12-17,3020,3531,512,-0.6590358522985459,linear,52,0,52,52,0,52,0.1,0.1015625,0.1015625,0.3135973824471019,3.135973824471019e-07,mle,0.09263938624835402,0.24060460969365388,ok,True,True,extraction,
audusd,3533,2019-12-18,3021,3532,512,-0.6590358522985459,linear,52,0,52,52,0,52,0.1,0.1015625,0.1015625,0.31305545863074036,3.1305545863074034e-07,mle,0.09263938624835402,0.24060460969365388,ok,True,True,extraction,
audusd,3534,2019-12-19,3022,3533,512,-0.6590358522985459,linear,52,0,52,52,0,52,0.1,0.1015625,0.1015625,0.31302696114229955,3.1302696114229956e-07,mle,0.09263938624835402,0.24060460969365388,ok,True,True,extraction,
audusd,3535,2019-12-20,3023,3534,512,-0.6590358522985459,linear,52,0,52,52,0,52,0.1,0.1015625,0.1015625,0.31302696114229955,3.1302696114229956e-07,mle,0.09263938624835402,0.24060460969365388,ok,True,True,extraction,
audusd,3536,2019-12-23,3024,3535,512,-0.6590358522985459,linear,52,0,52,52,0,52,0.1,0.1015625,0.1015625,0.3136175642158634,3.1361756421586336e-07,mle,0.09263938624835402,0.24060460969365388,ok,True,True,extraction,
audusd,3537,2019-12-24,3025,3536,512,-0.6590358522985459,linear,52,0,52,52,0,52,0.1,0.1015625,0.1015625,0.31302696114229955,3.1302696114229956e-07,mle,0.09263938624835402,0.24060460969365388,ok,True,True,extraction,
audusd,3538,2019-12-25,3026,3537,512,-0.6590358522985459,linear,52,0,52,52,0,52,0.1,0.1015625,0.1015625,0.3135973824471019,3.135973824471019e-07,mle,0.09263938624835402,0.24060460969365388,ok,True,True,extraction,
audusd,3539,2019-12-26,3027,3538,512,-0.6590358522985459,linear,52,0,52,52,0,52,0.1,0.1015625,0.1015625,0.31302696114229955,3.1302696114229956e-07,mle,0.09263938624835402,0.24060460969365388,ok,True,True,extraction,
audusd,3540,2019-12-27,3028,3539,512,-0.6590358522985459,linear,52,0,52,52,0,52,0.1,0.1015625,0.1015625,0.31302696114229955,3.1302696114229956e-07,mle,0.09263938624835402,0.24060460969365388,ok,True,True,extraction,
audusd,3541,2019-12-30,3029,3540,512,-0.6590358522985459,linear,52,0,52,52,0,52,0.1,0.1015625,0.1015625,0.31311864219549024,3.131186421954902e-07,mle,0.09263938624835402,0.24060460969365388,ok,True,True,extraction,
audusd,3542,2019-12-31,3030,3541,512,-0.6590358522985459,linear,52,0,52,52,0,52,0.1,0.1015625,0.1015625,0.3126324930631851,3.1263249306318506e-07,mle,0.09263938624835402,0.24060460969365388,ok,True,True,extraction,
audusd,3543,2020-01-01,3031,3542,512,-0.6590358522985459,linear,52,0,52,52,0,52,0.1,0.1015625,0.1015625,0.31151629598994524,3.115162959899452e-07,mle,0.09263938624835402,0.24060460969365388,ok,True,True,extraction,
audusd,3544,2020-01-02,3032,3543,512,-0.6590358522985459,linear,52,0,52,52,0,52,0.1,0.1015625,0.1015625,0.31071661742510304,3.1071661742510305e-07,mle,0.09263938624835402,0.24060460969365388,ok,True,True,extraction,
audusd,3545,2020-01-03,3033,3544,512,-0.6590358522985459,linear,52,0,52,52,0,52,0.1,0.1015625,0.1015625,0.30932249112496335,3.0932249112496336e-07,mle,0.09263938624835402,0.24060460969365388,ok,True,True,extraction,
audusd,3546,2020-01-06,3034,3545,512,-0.6590358522985459,linear,52,0,52,52,0,52,0.1,0.1015625,0.1015625,0.31062979185342804,3.10629791853428e-07,mle,0.09263938624835402,0.24060460969365388,ok,True,True,extraction,
audusd,3547,2020-01-07,3035,3546,512,-0.6590358522985459,linear,52,0,52,52,0,52,0.1,0.1015625,0.1015625,0.3126975587978228,3.126975587978228e-07,mle,0.09263938624835402,0.24060460969365388,ok,True,True,extraction,
audusd,3548,2020-01-08,3036,3547,512,-0.6590358522985459,linear,52,0,52,52,0,52,0.1,0.1015625,0.1015625,0.3139167763575381,3.139167763575381e-07,mle,0.09263938624835402,0.24060460969365388,ok,True,True,extraction,
audusd,3549,2020-01-09,3037,3548,512,-0.6595749864286261,linear,52,0,52,52,0,52,0.1,0.1015625,0.1015625,0.31480514672239845,3.148051467223984e-07,mle,0.04095074373677145,0.26187173434990046,ok,True,True,extraction,
audusd,3550,2020-01-10,3038,3549,512,-0.6595749864286261,linear,52,0,52,52,0,52,0.1,0.1015625,0.1015625,0.3139167763575381,3.139167763575381e-07,mle,0.04095074373677145,0.26187173434990046,ok,True,True,extraction,
audusd,3551,2020-01-13,3039,3550,512,-0.6595749864286261,linear,52,0,52,52,0,52,0.1,0.1015625,0.1015625,0.31480514672239845,3.148051467223984e-07,mle,0.04095074373677145,0.26187173434990046,ok,True,True,extraction,
audusd,3552,2020-01-14,3040,3551,512,-0.6595749864286261,linear,52,0,52,52,0,52,0.1,0.1015625,0.1015625,0.3146202635476722,3.146202635476722e-07,mle,0.04095074373677145,0.26187173434990046,ok,True,True,extraction,
audusd,3553,2020-01-15,3041,3552,512,-0.6595749864286261,linear,52,0,52,52,0,52,0.1,0.1015625,0.1015625,0.3139167763575381,3.139167763575381e-07,mle,0.04095074373677145,0.26187173434990046,ok,True,True,extraction,
audusd,3554,2020-01-16,3042,3553,512,-0.6595749864286261,linear,52,0,52,52,0,52,0.1,0.1015625,0.1015625,0.3126975587978228,3.126975587978228e-07,mle,0.04095074373677145,0.26187173434990046,ok,True,True,extraction,
audusd,3555,2020-01-17,3043,3554,512,-0.6595749864286261,linear,52,0,52,52,0,52,0.1,0.1015625,0.1015625,0.3125421848761986,3.125421848761986e-07,mle,0.04095074373677145,0.26187173434990046,ok,True,True,extraction,
audusd,3556,2020-01-20,3044,3555,512,-0.6595749864286261,linear,52,0,52,52,0,52,0.1,0.1015625,0.1015625,0.3125421848761986,3.125421848761986e-07,mle,0.04095074373677145,0.26187173434990046,ok,True,True,extraction,
audusd,3557,2020-01-21,3045,3556,512,-0.6595749864286261,linear,52,0,52,52,0,52,0.1,0.1015625,0.1015625,0.3131884063328023,3.131884063328023e-07,mle,0.04095074373677145,0.26187173434990046,ok,True,True,extraction,
audusd,3558,2020-01-22,3046,3557,512,-0.6595749864286261,linear,52,0,52,52,0,52,0.1,0.1015625,0.1015625,0.3128459408629678,3.128459408629678e-07,mle,0.04095074373677145,0.26187173434990046,ok,True,True,extraction,
audusd,3559,2020-01-23,3047,3558,512,-0.6595749864286261,linear,52,0,52,52,0,52,0.1,0.1015625,0.1015625,0.3131884063328023,3.131884063328023e-07,mle,0.04095074373677145,0.26187173434990046,ok,True,True,extraction,
audusd,3560,2020-01-24,3048,3559,512,-0.6590358522985459,linear,52,0,52,52,0,52,0.1,0.1015625,0.1015625,0.3128459408629678,3.128459408629678e-07,mle,0.046447909496752426,0.242115026458695,ok,True,True,extraction,
audusd,3561,2020-01-27,3049,3560,512,-0.6590358522985459,linear,52,0,52,52,0,52,0.1,0.1015625,0.1015625,0.3118256345607068,3.1182563456070675e-07,mle,0.046447909496752426,0.242115026458695,ok,True,True,extraction,
audusd,3562,2020-01-28,3050,3561,512,-0.6590358522985459,linear,52,0,52,52,0,52,0.1,0.1015625,0.1015625,0.3113749896446414,3.1137498964464137e-07,mle,0.046447909496752426,0.242115026458695,ok,True,True,extraction,
audusd,3563,2020-01-29,3051,3562,512,-0.6572165460473788,linear,52,0,52,52,0,52,0.1,0.1015625,0.1015625,0.3113749896446414,3.1137498964464137e-07,mle,0.08313244775686535,0.22909848782999925,ok,True,True,extraction,
audusd,3564,2020-01-30,3052,3563,512,-0.6572165460473788,linear,52,0,52,52,0,52,0.1,0.1015625,0.1015625,0.3118256345607068,3.1182563456070675e-07,mle,0.08313244775686535,0.22909848782999925,ok,True,True,extraction,
audusd,3565,2020-01-31,3053,3564,512,-0.6572165460473788,linear,52,0,52,52,0,52,0.1,0.1015625,0.1015625,0.3087555074754653,3.087555074754653e-07,mle,0.08313244775686535,0.22909848782999925,ok,True,True,extraction,
audusd,3566,2020-02-03,3054,3565,512,-0.6573953243165701,linear,52,0,52,52,0,52,0.1,0.1015625,0.1015625,0.30763337871224194,3.0763337871224193e-07,mle,0.08430196980084281,0.2286436165306749,ok,True,True,extraction,
audusd,3567,2020-02-04,3055,3566,512,-0.6573953243165701,linear,52,0,52,52,0,52,0.1,0.1015625,0.1015625,0.3073252230852691,3.073252230852691e-07,mle,0.08430196980084281,0.2286436165306749,ok,True,True,extraction,
audusd,3568,2020-02-05,3056,3567,512,-0.6573953243165701,linear,52,0,52,52,0,52,0.1,0.1015625,0.1015625,0.3074683366266552,3.074683366266552e-07,mle,0.08430196980084281,0.2286436165306749,ok,True,True,extraction,
audusd,3569,2020-02-06,3057,3568,512,-0.6573953243165701,linear,52,0,52,52,0,52,0.1,0.1015625,0.1015625,0.3079032745308636,3.0790327453086357e-07,mle,0.08430196980084281,0.2286436165306749,ok,True,True,extraction,
audusd,3570,2020-02-07,3058,3569,512,-0.6573953243165701,linear,52,0,52,52,0,52,0.1,0.1015625,0.1015625,0.3073252230852691,3.073252230852691e-07,mle,0.08430196980084281,0.2286436165306749,ok,True,True,extraction,
audusd,3571,2020-02-10,3059,3570,512,-0.6573953243165701,linear,52,0,52,52,0,52,0.1,0.1015625,0.1015625,0.3079032745308636,3.0790327453086357e-07,mle,0.08430196980084281,0.2286436165306749,ok,True,True,extraction,
audusd,3572,2020-02-11,3060,3571,512,-0.6590358522985459,linear,52,0,52,52,0,52,0.1,0.1015625,0.1015625,0.3088373239190775,3.088373239190775e-07,mle,0.0507297025903386,0.24006501183485043,ok,True,True,extraction,
audusd,3573,2020-02-12,3061,3572,512,-0.6573953243165701,linear,52,0,52,52,0,52,0.1,0.1015625,0.1015625,0.3073252230852691,3.073252230852691e-07,mle,0.09226383227148321,0.22438843448510332,ok,True,True,extraction,
audusd,3574,2020-02-13,3062,3573,512,-0.6573953243165701,linear,52,0,52,52,0,52,0.1,0.1015625,0.1015625,0.3073252230852691,3.073252230852691e-07,mle,0.09226383227148321,0.22438843448510332,ok,True,True,extraction,
audusd,3575,2020-02-14,3063,3574,512,-0.6573953243165701,linear,52,0,52,52,0,52,0.1,0.1015625,0.1015625,0.3088373239190775,3.088373239190775e-07,mle,0.09226383227148321,0.22438843448510332,ok,True,True,extraction,
audusd,3576,2020-02-17,3064,3575,512,-0.6573953243165701,linear,52,0,52,52,0,52,0.1,0.1015625,0.1015625,0.3088373239190775,3.088373239190775e-07,mle,0.09226383227148321,0.22438843448510332,ok,True,True,extraction,
audusd,3577,2020-02-18,3065,3576,512,-0.6526540103889444,linear,52,0,52,52,0,52,0.1,0.1015625,0.1015625,0.3062865341412675,3.0628653414126747e-07,mle,0.07809599200437997,0.23097905050051803,ok,True,True,extraction,
audusd,3578,2020-02-19,3066,3577,512,-0.6526540103889444,linear,52,0,52,52,0,52,0.1,0.1015625,0.1015625,0.30585159623705915,3.0585159623705913e-07,mle,0.07809599200437997,0.23097905050051803,ok,True,True,extraction,
audusd,3579,2020-02-20,3067,3578,512,-0.6526540103889444,linear,52,0,52,52,0,52,0.1,0.1015625,0.1015625,0.30585159623705915,3.0585159623705913e-07,mle,0.07809599200437997,0.23097905050051803,ok,True,True,extraction,
audusd,3580,2020-02-21,3068,3579,512,-0.6526540103889444,linear,52,0,52,52,0,52,0.1,0.1015625,0.1015625,0.30585159623705915,3.0585159623705913e-07,mle,0.07809599200437997,0.23097905050051803,ok,True,True,extraction,
audusd,3581,2020-02-24,3069,3580,512,-0.6573953243165701,linear,52,0,52,52,0,52,0.1,0.1015625,0.1015625,0.30837048994659033,3.083704899465903e-07,mle,0.054291035519719394,0.23967332785244688,ok,True,True,extraction,
audusd,3582,2020-02-25,3070,3581,512,-0.6573953243165701,linear,52,0,52,52,0,52,0.1,0.1015625,0.1015625,0.3094092239197621,3.094092239197621e-07,mle,0.054291035519719394,0.23967332785244688,ok,True,True,extraction,
audusd,3583,2020-02-26,3071,3582,512,-0.6573953243165701,linear,52,0,52,52,0,52,0.1,0.1015625,0.1015625,0.3073815382584736,3.073815382584736e-07,mle,0.054291035519719394,0.23967332785244688,ok,True,True,extraction,
audusd,3584,2020-02-27,3072,3583,512,-0.6573953243165701,linear,52,0,52,52,0,52,0.1,0.1015625,0.1015625,0.30398251741307236,3.0398251741307237e-07,mle,0.054291035519719394,0.23967332785244688,ok,True,True,extraction,
audusd,3585,2020-02-28,3073,3584,512,-0.6590358522985459,linear,52,0,52,52,0,52,0.1,0.1015625,0.1015625,0.3051130659248016,3.051130659248016e-07,mle,0.026600837475886242,0.24939193403811538,ok,True,True,extraction,
audusd,3586,2020-03-02,3074,3585,512,-0.6590358522985459,linear,52,0,52,52,0,52,0.1,0.1015625,0.1015625,0.3075401450957753,3.075401450957753e-07,mle,0.026600837475886242,0.24939193403811538,ok,True,True,extraction,
audusd,3587,2020-03-03,3075,3586,512,-0.6595749864286261,linear,52,0,52,52,0,52,0.1,0.1015625,0.1015625,0.3096331150310974,3.096331150310974e-07,mle,-0.008681234308121157,0.26403493777987674,ok,True,True,extraction,
audusd,3588,2020-03-04,3076,3587,512,-0.6595749864286261,linear,52,0,52,52,0,52,0.1,0.1015625,0.1015625,0.3096331150310974,3.096331150310974e-07,mle,-0.008681234308121157,0.26403493777987674,ok,True,True,extraction,
audusd,3589,2020-03-05,3077,3588,512,-0.6590358522985459,linear,52,0,52,52,0,52,0.1,0.1015625,0.1015625,0.3094092239197621,3.094092239197621e-07,mle,0.03226932731561706,0.24462419519056933,ok,True,True,extraction,
audusd,3590,2020-03-06,3078,3589,512,-0.6573953243165701,linear,52,0,52,52,0,52,0.1,0.1015625,0.1015625,0.30837048994659033,3.083704899465903e-07,mle,0.06404711438104796,0.23304490047841053,ok,True,True,extraction,
audusd,3591,2020-03-09,3079,3590,512,-0.6573953243165701,linear,52,0,52,52,0,52,0.1,0.1015625,0.1015625,0.30837048994659033,3.083704899465903e-07,mle,0.06404711438104796,0.23304490047841053,ok,True,True,extraction,
audusd,3592,2020-03-10,3080,3591,512,-0.6573953243165701,linear,52,0,52,52,0,52,0.1,0.1015625,0.1015625,0.30747130163800285,3.0747130163800284e-07,mle,0.06404711438104796,0.23304490047841053,ok,True,True,extraction,
audusd,3593,2020-03-11,3081,3592,512,-0.6573953243165701,linear,52,0,52,52,0,52,0.1,0.1015625,0.1015625,0.3060664732183952,3.0606647321839517e-07,mle,0.06404711438104796,0.23304490047841053,ok,True,True,extraction,
audusd,3594,2020-03-12,3082,3593,512,-0.6573953243165701,linear,52,0,52,52,0,52,0.1,0.1015625,0.1015625,0.3060664732183952,3.0606647321839517e-07,mle,0.08768156998842401,0.23542375873611146,ok,True,True,extraction,
audusd,3595,2020-03-13,3083,3594,512,-0.6573953243165701,linear,52,0,52,52,0,52,0.1,0.1015625,0.1015625,0.3073815382584736,3.073815382584736e-07,mle,0.08768156998842401,0.23542375873611146,ok,True,True,extraction,
audusd,3596,2020-03-16,3084,3595,512,-0.6590358522985459,linear,52,0,52,52,0,52,0.1,0.1015625,0.1015625,0.3075401450957753,3.075401450957753e-07,mle,0.27237514954097136,0.22315522012820826,ok,True,True,extraction,
audusd,3597,2020-03-17,3085,3596,512,-0.6590358522985459,linear,52,0,52,52,0,52,0.1,0.1015625,0.1015625,0.3075401450957753,3.075401450957753e-07,mle,0.2800257630002837,0.23125657892365797,ok,True,True,extraction,
audusd,3598,2020-03-18,3086,3597,512,-0.6595749864286261,linear,52,0,52,52,0,52,0.1,0.1015625,0.1015625,0.3096331150310974,3.096331150310974e-07,mle,0.23429080111639775,0.2532326487773503,ok,True,True,extraction,
audusd,3599,2020-03-19,3087,3598,512,-0.6627690187577797,linear,52,0,52,52,0,52,0.1,0.1015625,0.1015625,0.30882490359902587,3.0882490359902586e-07,mle,0.2254575469087213,0.2707690655511779,ok,True,True,extraction,
audusd,3600,2020-03-20,3088,3599,512,-0.6708355026261315,linear,52,0,52,52,0,52,0.1,0.1015625,0.1015625,0.3098136546252886,3.098136546252886e-07,mle,0.33251010257150804,0.2638877093563155,ok,True,True,extraction,
audusd,3601,2020-03-23,3089,3600,512,-0.6722624186131935,linear,52,0,52,52,0,52,0.1,0.1015625,0.1015625,0.3098136546252886,3.098136546252886e-07,mle,0.28665964486836215,0.2848131990148741,ok,True,True,extraction,
audusd,3602,2020-03-24,3090,3601,512,-0.6722624186131935,linear,52,0,52,52,0,52,0.1,0.1015625,0.1015625,0.30849071111071424,3.084907111107142e-07,mle,0.28665964486836215,0.2848131990148741,ok,True,True,extraction,
audusd,3603,2020-03-25,3091,3602,512,-0.6722624186131935,linear,52,0,52,52,0,52,0.1,0.1015625,0.1015625,0.30849071111071424,3.084907111107142e-07,mle,0.28665964486836215,0.2848131990148741,ok,True,True,extraction,
audusd,3604,2020-03-26,3092,3603,512,-0.6714050083481481,linear,52,0,52,52,0,52,0.1,0.1015625,0.1015625,0.30882490359902587,3.0882490359902586e-07,mle,0.2823429902409771,0.28689414932277735,ok,True,True,extraction,
audusd,3605,2020-03-27,3093,3604,512,-0.6740215870208538,linear,52,0,52,52,0,52,0.1,0.1015625,0.1015625,0.3098136546252886,3.098136546252886e-07,mle,0.24665701776194549,0.3042194108637217,ok,True,True,extraction,
audusd,3606,2020-03-30,3094,3605,512,-0.6740215870208538,linear,52,0,52,52,0,52,0.1,0.1015625,0.1015625,0.31096558178757255,3.1096558178757255e-07,mle,0.24665701776194549,0.3042194108637217,ok,True,True,extraction,
audusd,3607,2020-03-31,3095,3606,512,-0.6740215870208538,linear,52,0,52,52,0,52,0.1,0.1015625,0.1015625,0.31096558178757255,3.1096558178757255e-07,mle,0.24665701776194549,0.3042194108637217,ok,True,True,extraction,
audusd,3608,2020-04-01,3096,3607,512,-0.6740215870208538,linear,52,0,52,52,0,52,0.1,0.1015625,0.1015625,0.3109655817875725,3.109655817875725e-07,mle,0.24665701776194549,0.3042194108637217,ok,True,True,extraction,
audusd,3609,2020-04-02,3097,3608,512,-0.6740215870208538,linear,52,0,52,52,0,52,0.1,0.1015625,0.1015625,0.3128081970107074,3.128081970107074e-07,mle,0.24665701776194549,0.3042194108637217,ok,True,True,extraction,
audusd,3610,2020-04-03,3098,3609,512,-0.6830404410431651,linear,52,0,52,52,0,52,0.1,0.1015625,0.1015625,0.3146772758346942,3.146772758346942e-07,mle,0.2736179175261293,0.288900399977236,ok,True,True,extraction,
audusd,3611,2020-04-06,3099,3610,512,-0.6830404410431651,linear,52,0,52,52,0,52,0.1,0.1015625,0.1015625,0.317559097355253,3.17559097355253e-07,mle,0.2736179175261293,0.288900399977236,ok,True,True,extraction,
audusd,3612,2020-04-07,3100,3611,512,-0.6894504407671537,linear,52,0,52,52,0,52,0.1,0.1015625,0.1015625,0.31892511963632764,3.189251196363276e-07,mle,0.25515931868386976,0.29714566535077047,ok,True,True,extraction,
audusd,3613,2020-04-08,3101,3612,512,-0.6894504407671537,linear,52,0,52,52,0,52,0.1,0.1015625,0.1015625,0.31892511963632764,3.189251196363276e-07,mle,0.25515931868386976,0.29714566535077047,ok,True,True,extraction,
audusd,3614,2020-04-09,3102,3613,512,-0.6830404410431651,linear,52,0,52,52,0,52,0.1,0.1015625,0.1015625,0.31830514882920147,3.1830514882920145e-07,mle,0.2530604072052445,0.30054530660547185,ok,True,True,extraction,
audusd,3615,2020-04-10,3103,3614,512,-0.6740215870208538,linear,52,0,52,52,0,52,0.1,0.1015625,0.1015625,0.3180609959856715,3.180609959856715e-07,mle,0.23856095355512347,0.31055488201700326,ok,True,True,extraction,
audusd,3616,2020-04-13,3104,3615,512,-0.6714050083481481,linear,52,0,52,52,0,52,0.1,0.1015625,0.1015625,0.3176088352772285,3.176088352772285e-07,mle,0.2397752454800812,0.3112148699972461,ok,True,True,extraction,
audusd,3617,2020-04-14,3105,3616,512,-0.6714050083481481,linear,52,0,52,52,0,52,0.1,0.1015625,0.1015625,0.3176088352772285,3.176088352772285e-07,mle,0.2397752454800812,0.3112148699972461,ok,True,True,extraction,
audusd,3618,2020-04-15,3106,3617,512,-0.6714050083481481,linear,52,0,52,52,0,52,0.1,0.1015625,0.1015625,0.31726511954701614,3.172651195470161e-07,mle,0.2397752454800812,0.3112148699972461,ok,True,True,extraction,
audusd,3619,2020-04-16,3107,3618,512,-0.6714050083481481,linear,52,0,52,52,0,52,0.1,0.1015625,0.1015625,0.3168015237797116,3.168015237797116e-07,mle,0.2397752454800812,0.3112148699972461,ok,True,True,extraction,
audusd,3620,2020-04-17,3108,3619,512,-0.6740215870208538,linear,52,0,52,52,0,52,0.1,0.1015625,0.1015625,0.32044950895850316,3.204495089585031e-07,mle,0.2211350448513862,0.33636048661100426,ok,True,True,extraction,
audusd,3621,2020-04-20,3109,3620,512,-0.6740215870208538,linear,52,0,52,52,0,52,0.1,0.1015625,0.1015625,0.31757997260522675,3.175799726052267e-07,mle,0.2211350448513862,0.33636048661100426,ok,True,True,extraction,
audusd,3622,2020-04-21,3110,3621,512,-0.6740215870208538,linear,52,0,52,52,0,52,0.1,0.1015625,0.1015625,0.3168015237797116,3.168015237797116e-07,mle,0.2211350448513862,0.33636048661100426,ok,True,True,extraction,
audusd,3623,2020-04-22,3111,3622,512,-0.6740215870208538,linear,52,0,52,52,0,52,0.1,0.1015625,0.1015625,0.3168015237797116,3.168015237797116e-07,mle,0.2211350448513862,0.33636048661100426,ok,True,True,extraction,
audusd,3624,2020-04-23,3112,3623,512,-0.6830404410431651,linear,52,0,52,52,0,52,0.1,0.1015625,0.1015625,0.31895442958782516,3.1895442958782515e-07,mle,0.23585669023847494,0.3257390178804823,ok,True,True,extraction,
audusd,3625,2020-04-24,3113,3624,512,-0.6830404410431651,linear,52,0,52,52,0,52,0.1,0.1015625,0.1015625,0.3168015237797116,3.168015237797116e-07,mle,0.23585669023847494,0.3257390178804823,ok,True,True,extraction,
audusd,3626,2020-04-27,3114,3625,512,-0.6830404410431651,linear,52,0,52,52,0,52,0.1,0.1015625,0.1015625,0.31826131936379315,3.1826131936379315e-07,mle,0.23585669023847494,0.3257390178804823,ok,True,True,extraction,
audusd,3627,2020-04-28,3115,3626,512,-0.6740215870208538,linear,52,0,52,52,0,52,0.1,0.1015625,0.1015625,0.3183580540191415,3.183580540191415e-07,mle,0.23306658040403574,0.3301109170650895,ok,True,True,extraction,
audusd,3628,2020-04-29,3116,3627,512,-0.6740215870208538,linear,52,0,52,52,0,52,0.1,0.1015625,0.1015625,0.3202006692422764,3.202006692422764e-07,mle,0.23306658040403574,0.3301109170650895,ok,True,True,extraction,
audusd,3629,2020-04-30,3117,3628,512,-0.6740215870208538,linear,52,0,52,52,0,52,0.1,0.1015625,0.1015625,0.3202006692422764,3.202006692422764e-07,mle,0.23306658040403574,0.3301109170650895,ok,True,True,extraction,
audusd,3630,2020-05-01,3118,3629,512,-0.6740215870208538,linear,52,0,52,52,0,52,0.1,0.1015625,0.1015625,0.3202006692422764,3.202006692422764e-07,mle,0.23306658040403574,0.3301109170650895,ok,True,True,extraction,
audusd,3631,2020-05-04,3119,3630,512,-0.6830404410431651,linear,52,0,52,52,0,52,0.1,0.1015625,0.1015625,0.32201408593043745,3.2201408593043743e-07,mle,0.23742404566101172,0.3249006986138019,ok,True,True,extraction,
audusd,3632,2020-05-05,3120,3631,512,-0.6830404410431651,linear,52,0,52,52,0,52,0.1,0.1015625,0.1015625,0.32201408593043745,3.2201408593043743e-07,mle,0.2113154167009897,0.3521008580684441,ok,True,True,extraction,
audusd,3633,2020-05-06,3121,3632,512,-0.6830404410431651,linear,52,0,52,52,0,52,0.1,0.1015625,0.1015625,0.32201408593043745,3.2201408593043743e-07,mle,0.2113154167009897,0.3521008580684441,ok,True,True,extraction,
audusd,3634,2020-05-07,3122,3633,512,-0.6830404410431651,linear,52,0,52,52,0,52,0.1,0.1015625,0.1015625,0.32201408593043745,3.2201408593043743e-07,mle,0.2113154167009897,0.3521008580684441,ok,True,True,extraction,
audusd,3635,2020-05-08,3123,3634,512,-0.6894504407671537,linear,52,0,52,52,0,52,0.1,0.1015625,0.1015625,0.3233375422586042,3.233375422586042e-07,mle,0.23533177837213434,0.3378925516288682,ok,True,True,extraction,
audusd,3636,2020-05-11,3124,3635,512,-0.6894504407671537,linear,52,0,52,52,0,52,0.1,0.1015625,0.1015625,0.3233375422586042,3.233375422586042e-07,mle,0.23533177837213434,0.3378925516288682,ok,True,True,extraction,
audusd,3637,2020-05-12,3125,3636,512,-0.6894504407671537,linear,52,0,52,52,0,52,0.1,0.1015625,0.1015625,0.32346074881406073,3.2346074881406073e-07,mle,0.23533177837213434,0.3378925516288682,ok,True,True,extraction,
audusd,3638,2020-05-13,3126,3637,512,-0.7039259035654896,linear,52,0,52,52,0,52,0.1,0.1015625,0.1015625,0.3238174719090864,3.2381747190908635e-07,mle,0.2866665156692773,0.30950932035036177,ok,True,True,extraction,
audusd,3639,2020-05-14,3127,3638,512,-0.7039259035654896,linear,52,0,52,52,0,52,0.1,0.1015625,0.1015625,0.32534977977819357,3.2534977977819355e-07,mle,0.2866665156692773,0.30950932035036177,ok,True,True,extraction,
audusd,3640,2020-05-15,3128,3639,512,-0.7039259035654896,linear,52,0,52,52,0,52,0.1,0.1015625,0.1015625,0.324450591469606,3.2445059146960597e-07,mle,0.2866665156692773,0.30950932035036177,ok,True,True,extraction,
audusd,3641,2020-05-18,3129,3640,512,-0.7039259035654896,linear,52,0,52,52,0,52,0.1,0.1015625,0.1015625,0.32366960035500114,3.236696003550011e-07,mle,0.2866665156692773,0.30950932035036177,ok,True,True,extraction,
audusd,3642,2020-05-19,3130,3641,512,-0.7033368280655032,linear,52,0,52,52,0,52,0.1,0.1015625,0.1015625,0.32366960035500114,3.236696003550011e-07,mle,0.32271999663720896,0.295155918141747,ok,True,True,extraction,
audusd,3643,2020-05-20,3131,3642,512,-0.7033368280655032,linear,52,0,52,52,0,52,0.1,0.1015625,0.1015625,0.32366960035500114,3.236696003550011e-07,mle,0.32271999663720896,0.295155918141747,ok,True,True,extraction,
audusd,3644,2020-05-21,3132,3643,512,-0.7033368280655032,linear,52,0,52,52,0,52,0.1,0.1015625,0.1015625,0.32222796520695207,3.2222796520695204e-07,mle,0.32271999663720896,0.295155918141747,ok,True,True,extraction,
audusd,3645,2020-05-22,3133,3644,512,-0.7033368280655032,linear,52,0,52,52,0,52,0.1,0.1015625,0.1015625,0.3230300077767811,3.2303000777678107e-07,mle,0.32271999663720896,0.295155918141747,ok,True,True,extraction,
audusd,3646,2020-05-25,3134,3645,512,-0.7033368280655032,linear,52,0,52,52,0,52,0.1,0.1015625,0.1015625,0.3238396242268564,3.238396242268564e-07,mle,0.32271999663720896,0.295155918141747,ok,True,True,extraction,
audusd,3647,2020-05-26,3135,3646,512,-0.7033368280655032,linear,52,0,52,52,0,52,0.1,0.1015625,0.1015625,0.32366960035500114,3.236696003550011e-07,mle,0.32271999663720896,0.295155918141747,ok,True,True,extraction,
audusd,3648,2020-05-27,3136,3647,512,-0.7033368280655032,linear,52,0,52,52,0,52,0.1,0.1015625,0.1015625,0.3229384906357976,3.229384906357976e-07,mle,0.32271999663720896,0.295155918141747,ok,True,True,extraction,
audusd,3649,2020-05-28,3137,3648,512,-0.7033368280655032,linear,52,0,52,52,0,52,0.1,0.1015625,0.1015625,0.321949217497837,3.21949217497837e-07,mle,0.32271999663720896,0.295155918141747,ok,True,True,extraction,
audusd,3650,2020-05-29,3138,3649,512,-0.7033368280655032,linear,52,0,52,52,0,52,0.1,0.1015625,0.1015625,0.32222796520695207,3.2222796520695204e-07,mle,0.32271999663720896,0.295155918141747,ok,True,True,extraction,
audusd,3651,2020-06-01,3139,3650,512,-0.7033368280655032,linear,52,0,52,52,0,52,0.1,0.1015625,0.1015625,0.32222796520695207,3.2222796520695204e-07,mle,0.32271999663720896,0.295155918141747,ok,True,True,extraction,
audusd,3652,2020-06-02,3140,3651,512,-0.7033368280655032,linear,52,0,52,52,0,52,0.1,0.1015625,0.1015625,0.323468760079369,3.2346876007936897e-07,mle,0.32271999663720896,0.295155918141747,ok,True,True,extraction,
audusd,3653,2020-06-03,3141,3652,512,-0.7033368280655032,linear,52,0,52,52,0,52,0.1,0.1015625,0.1015625,0.32191173248529265,3.2191173248529264e-07,mle,0.32271999663720896,0.295155918141747,ok,True,True,extraction,
audusd,3654,2020-06-04,3142,3653,512,-0.6894504407671537,linear,52,0,52,52,0,52,0.1,0.1015625,0.1015625,0.3200049706713729,3.200049706713729e-07,mle,0.30316731797182206,0.30142441647626944,ok,True,True,extraction,
audusd,3655,2020-06-05,3143,3654,512,-0.6894504407671537,linear,52,0,52,52,0,52,0.1,0.1015625,0.1015625,0.32082660086337567,3.2082660086337565e-07,mle,0.30316731797182206,0.30142441647626944,ok,True,True,extraction,
audusd,3656,2020-06-08,3144,3655,512,-0.6894504407671537,linear,52,0,52,52,0,52,0.1,0.1015625,0.1015625,0.3199225280229461,3.1992252802294605e-07,mle,0.30316731797182206,0.30142441647626944,ok,True,True,extraction,
audusd,3657,2020-06-09,3145,3656,512,-0.6894504407671537,linear,52,0,52,52,0,52,0.1,0.1015625,0.1015625,0.3200019896710449,3.200019896710449e-07,mle,0.30316731797182206,0.30142441647626944,ok,True,True,extraction,
audusd,3658,2020-06-10,3146,3657,512,-0.6894504407671537,linear,52,0,52,52,0,52,0.1,0.1015625,0.1015625,0.3211168477139916,3.211168477139916e-07,mle,0.30316731797182206,0.30142441647626944,ok,True,True,extraction,
audusd,3659,2020-06-11,3147,3658,512,-0.7033368280655032,linear,52,0,52,52,0,52,0.1,0.1015625,0.1015625,0.3215809822908482,3.215809822908482e-07,mle,0.32459786403763186,0.2910065365251443,ok,True,True,extraction,
audusd,3660,2020-06-12,3148,3659,512,-0.7033368280655032,linear,52,0,52,52,0,52,0.1,0.1015625,0.1015625,0.3215809822908482,3.215809822908482e-07,mle,0.32459786403763186,0.2910065365251443,ok,True,True,extraction,
audusd,3661,2020-06-15,3149,3660,512,-0.7054018127499219,linear,52,0,52,52,0,52,0.1,0.1015625,0.1015625,0.3215809822908482,3.215809822908482e-07,mle,0.29165934475440924,0.31971191208153515,ok,True,True,extraction,
audusd,3662,2020-06-16,3150,3661,512,-0.7054018127499219,linear,52,0,52,52,0,52,0.1,0.1015625,0.1015625,0.3215809822908482,3.215809822908482e-07,mle,0.29165934475440924,0.31971191208153515,ok,True,True,extraction,
audusd,3663,2020-06-17,3151,3662,512,-0.7054018127499219,linear,52,0,52,52,0,52,0.1,0.1015625,0.1015625,0.32408545177012876,3.2408545177012876e-07,mle,0.29165934475440924,0.31971191208153515,ok,True,True,extraction,
audusd,3664,2020-06-18,3152,3663,512,-0.7091276194175574,linear,52,0,52,52,0,52,0.1,0.1015625,0.1015625,0.3227986106105181,3.227986106105181e-07,mle,0.27202547892255696,0.3269428374228155,ok,True,True,extraction,
audusd,3665,2020-06-19,3153,3664,512,-0.7091276194175574,linear,52,0,52,52,0,52,0.1,0.1015625,0.1015625,0.32173224344727,3.2173224344727e-07,mle,0.27202547892255696,0.3269428374228155,ok,True,True,extraction,
audusd,3666,2020-06-22,3154,3665,512,-0.7054018127499219,linear,52,0,52,52,0,52,0.1,0.1015625,0.1015625,0.32163123241366276,3.2163123241366275e-07,mle,0.2750528276305905,0.32719633449871344,ok,True,True,extraction,
audusd,3667,2020-06-23,3155,3666,512,-0.7054018127499219,linear,52,0,52,52,0,52,0.1,0.1015625,0.1015625,0.32116906633321024,3.211690663332102e-07,mle,0.2750528276305905,0.32719633449871344,ok,True,True,extraction,
audusd,3668,2020-06-24,3156,3667,512,-0.7054018127499219,linear,52,0,52,52,0,52,0.1,0.1015625,0.1015625,0.3219736978834973,3.2197369788349727e-07,mle,0.2750528276305905,0.32719633449871344,ok,True,True,extraction,
audusd,3669,2020-06-25,3157,3668,512,-0.7054018127499219,linear,52,0,52,52,0,52,0.1,0.1015625,0.1015625,0.3219736978834973,3.2197369788349727e-07,mle,0.2750528276305905,0.32719633449871344,ok,True,True,extraction,
audusd,3670,2020-06-26,3158,3669,512,-0.7091276194175574,linear,52,0,52,52,0,52,0.1,0.1015625,0.1015625,0.3241240256620529,3.2412402566205287e-07,mle,0.23275282015177007,0.34811603269089547,ok,True,True,extraction,
audusd,3671,2020-06-29,3159,3670,512,-0.7091276194175574,linear,52,0,52,52,0,52,0.1,0.1015625,0.1015625,0.3241240256620529,3.2412402566205287e-07,mle,0.23275282015177007,0.34811603269089547,ok,True,True,extraction,
audusd,3672,2020-06-30,3160,3671,512,-0.7054018127499219,linear,52,0,52,52,0,52,0.1,0.1015625,0.1015625,0.3241240256620529,3.2412402566205287e-07,mle,0.22591421314396096,0.35296731643476853,ok,True,True,extraction,
audusd,3673,2020-07-01,3161,3672,512,-0.7054018127499219,linear,52,0,52,52,0,52,0.1,0.1015625,0.1015625,0.32116906633321024,3.211690663332102e-07,mle,0.22591421314396096,0.35296731643476853,ok,True,True,extraction,
audusd,3674,2020-07-02,3162,3673,512,-0.7054018127499219,linear,52,0,52,52,0,52,0.1,0.1015625,0.1015625,0.32116906633321024,3.211690663332102e-07,mle,0.22591421314396096,0.35296731643476853,ok,True,True,extraction,
audusd,3675,2020-07-03,3163,3674,512,-0.7054018127499219,linear,52,0,52,52,0,52,0.1,0.1015625,0.1015625,0.32116906633321024,3.211690663332102e-07,mle,0.22591421314396096,0.35296731643476853,ok,True,True,extraction,
audusd,3676,2020-07-06,3164,3675,512,-0.7054018127499219,linear,52,0,52,52,0,52,0.1,0.1015625,0.1015625,0.32163123241366276,3.2163123241366275e-07,mle,0.22591421314396096,0.35296731643476853,ok,True,True,extraction,
audusd,3677,2020-07-07,3165,3676,512,-0.7054018127499219,linear,52,0,52,52,0,52,0.1,0.1015625,0.1015625,0.32075480135505263,3.207548013550526e-07,mle,0.22591421314396096,0.35296731643476853,ok,True,True,extraction,
audusd,3678,2020-07-08,3166,3677,512,-0.7054018127499219,linear,52,0,52,52,0,52,0.1,0.1015625,0.1015625,0.3215809822908482,3.215809822908482e-07,mle,0.22591421314396096,0.35296731643476853,ok,True,True,extraction,
audusd,3679,2020-07-09,3167,3678,512,-0.7054018127499219,linear,52,0,52,52,0,52,0.1,0.1015625,0.1015625,0.3215809822908482,3.215809822908482e-07,mle,0.22591421314396096,0.35296731643476853,ok,True,True,extraction,
audusd,3680,2020-07-10,3168,3679,512,-0.7054018127499219,linear,52,0,52,52,0,52,0.1,0.1015625,0.1015625,0.3215809822908482,3.215809822908482e-07,mle,0.22591421314396096,0.35296731643476853,ok,True,True,extraction,
audusd,3681,2020-07-13,3169,3680,512,-0.7033368280655032,linear,52,0,52,52,0,52,0.1,0.1015625,0.1015625,0.3215809822908482,3.215809822908482e-07,mle,0.21820526485782848,0.35755053464433106,ok,True,True,extraction,
audusd,3682,2020-07-14,3170,3681,512,-0.7033368280655032,linear,52,0,52,52,0,52,0.1,0.1015625,0.1015625,0.32163123241366276,3.2163123241366275e-07,mle,0.21820526485782848,0.35755053464433106,ok,True,True,extraction,
audusd,3683,2020-07-15,3171,3682,512,-0.7033368280655032,linear,52,0,52,52,0,52,0.1,0.1015625,0.1015625,0.3199216832266245,3.199216832266245e-07,mle,0.21820526485782848,0.35755053464433106,ok,True,True,extraction,
audusd,3684,2020-07-16,3172,3683,512,-0.6894504407671537,linear,52,0,52,52,0,52,0.1,0.1015625,0.1015625,0.3207271595732331,3.207271595732331e-07,mle,0.2051646979904277,0.3681480215538875,ok,True,True,extraction,
audusd,3685,2020-07-17,3173,3684,512,-0.6894504407671537,linear,52,0,52,52,0,52,0.1,0.1015625,0.1015625,0.3207271595732331,3.207271595732331e-07,mle,0.2051646979904277,0.3681480215538875,ok,True,True,extraction,
audusd,3686,2020-07-20,3174,3685,512,-0.6894504407671537,linear,52,0,52,52,0,52,0.1,0.1015625,0.1015625,0.3211682215368886,3.211682215368886e-07,mle,0.2051646979904277,0.3681480215538875,ok,True,True,extraction,
audusd,3687,2020-07-21,3175,3686,512,-0.6894504407671537,linear,52,0,52,52,0,52,0.1,0.1015625,0.1015625,0.3219736978834973,3.2197369788349727e-07,mle,0.2051646979904277,0.3681480215538875,ok,True,True,extraction,
audusd,3688,2020-07-22,3176,3687,512,-0.6894504407671537,linear,52,0,52,52,0,52,0.1,0.1015625,0.1015625,0.32207470891710455,3.2207470891710455e-07,mle,0.2051646979904277,0.3681480215538875,ok,True,True,extraction,
audusd,3689,2020-07-23,3177,3688,512,-0.6894504407671537,linear,52,0,52,52,0,52,0.1,0.1015625,0.1015625,0.3227986106105181,3.227986106105181e-07,mle,0.2051646979904277,0.3681480215538875,ok,True,True,extraction,
audusd,3690,2020-07-24,3178,3689,512,-0.6894504407671537,linear,52,0,52,52,0,52,0.1,0.1015625,0.1015625,0.3215809822908482,3.215809822908482e-07,mle,0.2051646979904277,0.3681480215538875,ok,True,True,extraction,
audusd,3691,2020-07-27,3179,3690,512,-0.6894504407671537,linear,52,0,52,52,0,52,0.1,0.1015625,0.1015625,0.3227986106105181,3.227986106105181e-07,mle,0.2051646979904277,0.3681480215538875,ok,True,True,extraction,
audusd,3692,2020-07-28,3180,3691,512,-0.6894504407671537,linear,52,0,52,52,0,52,0.1,0.1015625,0.1015625,0.32129672517141417,3.2129672517141414e-07,mle,0.2051646979904277,0.3681480215538875,ok,True,True,extraction,
audusd,3693,2020-07-29,3181,3692,512,-0.6894504407671537,linear,52,0,52,52,0,52,0.1,0.1015625,0.1015625,0.3222007980118438,3.222007980118438e-07,mle,0.2051646979904277,0.3681480215538875,ok,True,True,extraction,
audusd,3694,2020-07-30,3182,3693,512,-0.6830404410431651,linear,52,0,52,52,0,52,0.1,0.1015625,0.1015625,0.32225668679415653,3.222566867941565e-07,mle,0.18954925119026628,0.37897784331370993,ok,True,True,extraction,
audusd,3695,2020-07-31,3183,3694,512,-0.6731008983422511,linear,52,0,52,52,0,52,0.1,0.1015625,0.1015625,0.3200148690902045,3.2001486909020445e-07,mle,0.19972440950319087,0.3752431850090455,ok,True,True,extraction,
audusd,3696,2020-08-03,3184,3695,512,-0.6731008983422511,linear,52,0,52,52,0,52,0.1,0.1015625,0.1015625,0.32305694481669645,3.230569448166964e-07,mle,0.19972440950319087,0.3752431850090455,ok,True,True,extraction,
audusd,3697,2020-08-04,3185,3696,512,-0.6830404410431651,linear,52,0,52,52,0,52,0.1,0.1015625,0.1015625,0.32305694481669645,3.230569448166964e-07,mle,0.22270538868593204,0.3595214032935473,ok,True,True,extraction,
audusd,3698,2020-08-05,3186,3697,512,-0.6830404410431651,linear,52,0,52,52,0,52,0.1,0.1015625,0.1015625,0.3250204185493215,3.250204185493215e-07,mle,0.22270538868593204,0.3595214032935473,ok,True,True,extraction,
audusd,3699,2020-08-06,3187,3698,512,-0.6830404410431651,linear,52,0,52,52,0,52,0.1,0.1015625,0.1015625,0.3250204185493215,3.250204185493215e-07,mle,0.22270538868593204,0.3595214032935473,ok,True,True,extraction,
audusd,3700,2020-08-07,3188,3699,512,-0.6830404410431651,linear,52,0,52,52,0,52,0.1,0.1015625,0.1015625,0.32501442496927824,3.250144249692782e-07,mle,0.22270538868593204,0.3595214032935473,ok,True,True,extraction,
audusd,3701,2020-08-10,3189,3700,512,-0.6830404410431651,linear,52,0,52,52,0,52,0.1,0.1015625,0.1015625,0.32501442496927824,3.250144249692782e-07,mle,0.22270538868593204,0.3595214032935473,ok,True,True,extraction,
audusd,3702,2020-08-11,3190,3701,512,-0.6894504407671537,linear,52,0,52,52,0,52,0.1,0.1015625,0.1015625,0.32408545177012876,3.2408545177012876e-07,mle,0.20569897046646707,0.3665826119028462,ok,True,True,extraction,
audusd,3703,2020-08-12,3191,3702,512,-0.6894504407671537,linear,52,0,52,52,0,52,0.1,0.1015625,0.1015625,0.32305694481669645,3.230569448166964e-07,mle,0.20569897046646707,0.3665826119028462,ok,True,True,extraction,
audusd,3704,2020-08-13,3192,3703,512,-0.6830404410431651,linear,52,0,52,52,0,52,0.1,0.1015625,0.1015625,0.3198801603335516,3.198801603335516e-07,mle,0.2331268193945691,0.3520680031703235,ok,True,True,extraction,
audusd,3705,2020-08-14,3193,3704,512,-0.6830404410431651,linear,52,0,52,52,0,52,0.1,0.1015625,0.1015625,0.3172631665660002,3.1726316656600014e-07,mle,0.2331268193945691,0.3520680031703235,ok,True,True,extraction,
audusd,3706,2020-08-17,3194,3705,512,-0.6830404410431651,linear,52,0,52,52,0,52,0.1,0.1015625,0.1015625,0.3191533739813665,3.191533739813665e-07,mle,0.2331268193945691,0.3520680031703235,ok,True,True,extraction,
audusd,3707,2020-08-18,3195,3706,512,-0.6830404410431651,linear,52,0,52,52,0,52,0.1,0.1015625,0.1015625,0.3198801603335516,3.198801603335516e-07,mle,0.2331268193945691,0.3520680031703235,ok,True,True,extraction,
audusd,3708,2020-08-19,3196,3707,512,-0.6830404410431651,linear,52,0,52,52,0,52,0.1,0.1015625,0.1015625,0.3185989498593568,3.1859894985935675e-07,mle,0.2331268193945691,0.3520680031703235,ok,True,True,extraction,
audusd,3709,2020-08-20,3197,3708,512,-0.6731008983422511,linear,52,0,52,52,0,52,0.1,0.1015625,0.1015625,0.31465862783401105,3.14658627834011e-07,mle,0.19393005657649443,0.3758974723718277,ok,True,True,extraction,
audusd,3710,2020-08-21,3198,3709,512,-0.6731008983422511,linear,52,0,52,52,0,52,0.1,0.1015625,0.1015625,0.31465862783401105,3.14658627834011e-07,mle,0.19211628649519566,0.376980063237635,ok,True,True,extraction,
audusd,3711,2020-08-24,3199,3710,512,-0.6731008983422511,linear,52,0,52,52,0,52,0.1,0.1015625,0.1015625,0.31465862783401105,3.14658627834011e-07,mle,0.19211628649519566,0.376980063237635,ok,True,True,extraction,
audusd,3712,2020-08-25,3200,3711,512,-0.6731008983422511,linear,52,0,52,52,0,52,0.1,0.1015625,0.1015625,0.31465862783401105,3.14658627834011e-07,mle,0.19211628649519566,0.376980063237635,ok,True,True,extraction,
audusd,3713,2020-08-26,3201,3712,512,-0.6731008983422511,linear,52,0,52,52,0,52,0.1,0.1015625,0.1015625,0.31465862783401105,3.14658627834011e-07,mle,0.19211628649519566,0.376980063237635,ok,True,True,extraction,
audusd,3714,2020-08-27,3202,3713,512,-0.6731008983422511,linear,52,0,52,52,0,52,0.1,0.1015625,0.1015625,0.3155847512133601,3.155847512133601e-07,mle,0.19211628649519566,0.376980063237635,ok,True,True,extraction,
audusd,3715,2020-08-28,3203,3714,512,-0.6627690187577797,linear,52,0,52,52,0,52,0.1,0.1015625,0.1015625,0.3157167563250918,3.157167563250918e-07,mle,0.19358329008168135,0.379309968085444,ok,True,True,extraction,
audusd,3716,2020-08-31,3204,3715,512,-0.6627690187577797,linear,52,0,52,52,0,52,0.1,0.1015625,0.1015625,0.31606676533584815,3.1606676533584816e-07,mle,0.19358329008168135,0.379309968085444,ok,True,True,extraction,
audusd,3717,2020-09-01,3205,3716,512,-0.6627690187577797,linear,52,0,52,52,0,52,0.1,0.1015625,0.1015625,0.3173387195943728,3.173387195943728e-07,mle,0.19358329008168135,0.379309968085444,ok,True,True,extraction,
audusd,3718,2020-09-02,3206,3717,512,-0.6627690187577797,linear,52,0,52,52,0,52,0.1,0.1015625,0.1015625,0.31606676533584815,3.1606676533584816e-07,mle,0.19358329008168135,0.379309968085444,ok,True,True,extraction,
audusd,3719,2020-09-03,3207,3718,512,-0.6627690187577797,linear,52,0,52,52,0,52,0.1,0.1015625,0.1015625,0.31686204258469763,3.168620425846976e-07,mle,0.19358329008168135,0.379309968085444,ok,True,True,extraction,
audusd,3720,2020-09-04,3208,3719,512,-0.6627690187577797,linear,52,0,52,52,0,52,0.1,0.1015625,0.1015625,0.31686204258469763,3.168620425846976e-07,mle,0.19358329008168135,0.379309968085444,ok,True,True,extraction,
audusd,3721,2020-09-07,3209,3720,512,-0.6731008983422511,linear,52,0,52,52,0,52,0.1,0.1015625,0.1015625,0.3174163233628394,3.174163233628394e-07,mle,0.1910008266814803,0.37773035464376603,ok,True,True,extraction,
audusd,3722,2020-09-08,3210,3721,512,-0.6731008983422511,linear,52,0,52,52,0,52,0.1,0.1015625,0.1015625,0.3174163233628394,3.174163233628394e-07,mle,0.1910008266814803,0.37773035464376603,ok,True,True,extraction,
audusd,3723,2020-09-09,3211,3722,512,-0.6731008983422511,linear,52,0,52,52,0,52,0.1,0.1015625,0.1015625,0.3163582254902654,3.1635822549026535e-07,mle,0.1910008266814803,0.37773035464376603,ok,True,True,extraction,
audusd,3724,2020-09-10,3212,3723,512,-0.6830404410431651,linear,52,0,52,52,0,52,0.1,0.1015625,0.1015625,0.31974437632942015,3.1974437632942013e-07,mle,0.1910761076505763,0.3744568070840452,ok,True,True,extraction,
audusd,3725,2020-09-11,3213,3724,512,-0.6830404410431651,linear,52,0,52,52,0,52,0.1,0.1015625,0.1015625,0.3183883813914894,3.183883813914894e-07,mle,0.1910761076505763,0.3744568070840452,ok,True,True,extraction,
audusd,3726,2020-09-14,3214,3725,512,-0.6830404410431651,linear,52,0,52,52,0,52,0.1,0.1015625,0.1015625,0.3163582254902654,3.1635822549026535e-07,mle,0.1910761076505763,0.3744568070840452,ok,True,True,extraction,
audusd,3727,2020-09-15,3215,3726,512,-0.6830404410431651,linear,52,0,52,52,0,52,0.1,0.1015625,0.1015625,0.31613903199150195,3.1613903199150194e-07,mle,0.1910761076505763,0.3744568070840452,ok,True,True,extraction,
audusd,3728,2020-09-16,3216,3727,512,-0.6830404410431651,linear,52,0,52,52,0,52,0.1,0.1015625,0.1015625,0.31613903199150195,3.1613903199150194e-07,mle,0.1910761076505763,0.3744568070840452,ok,True,True,extraction,
audusd,3729,2020-09-17,3217,3728,512,-0.6731008983422511,linear,52,0,52,52,0,52,0.1,0.1015625,0.1015625,0.3157167563250918,3.157167563250918e-07,mle,0.1634615619990472,0.3937504462797434,ok,True,True,extraction,
audusd,3730,2020-09-18,3218,3729,512,-0.6731008983422511,linear,52,0,52,52,0,52,0.1,0.1015625,0.1015625,0.3155847512133601,3.155847512133601e-07,mle,0.1634615619990472,0.3937504462797434,ok,True,True,extraction,
audusd,3731,2020-09-21,3219,3730,512,-0.6731008983422511,linear,52,0,52,52,0,52,0.1,0.1015625,0.1015625,0.3155847512133601,3.155847512133601e-07,mle,0.1634615619990472,0.3937504462797434,ok,True,True,extraction,
audusd,3732,2020-09-22,3220,3731,512,-0.6731008983422511,linear,52,0,52,52,0,52,0.1,0.1015625,0.1015625,0.31483188668347356,3.1483188668347356e-07,mle,0.1634615619990472,0.3937504462797434,ok,True,True,extraction,
audusd,3733,2020-09-23,3221,3732,512,-0.6731008983422511,linear,52,0,52,52,0,52,0.1,0.1015625,0.1015625,0.31483188668347356,3.1483188668347356e-07,mle,0.1880338572654489,0.37619996191229194,ok,True,True,extraction,
audusd,3734,2020-09-24,3222,3733,512,-0.6830404410431651,linear,52,0,52,52,0,52,0.1,0.1015625,0.1015625,0.3155847512133601,3.155847512133601e-07,mle,0.20836878402129158,0.36130308650681703,ok,True,True,extraction,
audusd,3735,2020-09-25,3223,3734,512,-0.7027336234270445,linear,52,0,52,52,0,52,0.1,0.1015625,0.1015625,0.3155847512133601,3.155847512133601e-07,mle,0.23618461594431459,0.3470052518752673,ok,True,True,extraction,
audusd,3736,2020-09-28,3224,3735,512,-0.7027336234270445,linear,52,0,52,52,0,52,0.1,0.1015625,0.1015625,0.31498003383168427,3.149800338316843e-07,mle,0.23618461594431459,0.3470052518752673,ok,True,True,extraction,
audusd,3737,2020-09-29,3225,3736,512,-0.7027336234270445,linear,52,0,52,52,0,52,0.1,0.1015625,0.1015625,0.317340575952351,3.17340575952351e-07,mle,0.23618461594431459,0.3470052518752673,ok,True,True,extraction,
audusd,3738,2020-09-30,3226,3737,512,-0.6830404410431651,linear,52,0,52,52,0,52,0.1,0.1015625,0.1015625,0.31465862783401105,3.14658627834011e-07,mle,0.1629113726979017,0.3930418433870657,ok,True,True,extraction,
audusd,3739,2020-10-01,3227,3738,512,-0.6830404410431651,linear,52,0,52,52,0,52,0.1,0.1015625,0.1015625,0.31465862783401105,3.14658627834011e-07,mle,0.1629113726979017,0.3930418433870657,ok,True,True,extraction,
audusd,3740,2020-10-02,3228,3739,512,-0.6830404410431651,linear,52,0,52,52,0,52,0.1,0.1015625,0.1015625,0.3155847512133601,3.155847512133601e-07,mle,0.1629113726979017,0.3930418433870657,ok,True,True,extraction,
audusd,3741,2020-10-05,3229,3740,512,-0.6830404410431651,linear,52,0,52,52,0,52,0.1,0.1015625,0.1015625,0.31483188668347356,3.1483188668347356e-07,mle,0.1629113726979017,0.3930418433870657,ok,True,True,extraction,
audusd,3742,2020-10-06,3230,3741,512,-0.6830404410431651,linear,52,0,52,52,0,52,0.1,0.1015625,0.1015625,0.31465862783401105,3.14658627834011e-07,mle,0.1629113726979017,0.3930418433870657,ok,True,True,extraction,
audusd,3743,2020-10-07,3231,3742,512,-0.6830404410431651,linear,52,0,52,52,0,52,0.1,0.1015625,0.1015625,0.3139057633041245,3.139057633041245e-07,mle,0.1629113726979017,0.3930418433870657,ok,True,True,extraction,
audusd,3744,2020-10-08,3232,3743,512,-0.7027336234270445,linear,52,0,52,52,0,52,0.1,0.1015625,0.1015625,0.31483188668347356,3.1483188668347356e-07,mle,0.18817239757386345,0.3734527221467102,ok,True,True,extraction,
audusd,3745,2020-10-09,3233,3744,512,-0.7027336234270445,linear,52,0,52,52,0,52,0.1,0.1015625,0.1015625,0.3155847512133601,3.155847512133601e-07,mle,0.18817239757386345,0.3734527221467102,ok,True,True,extraction,
audusd,3746,2020-10-12,3234,3745,512,-0.7027336234270445,linear,52,0,52,52,0,52,0.1,0.1015625,0.1015625,0.3157167563250918,3.157167563250918e-07,mle,0.18817239757386345,0.3734527221467102,ok,True,True,extraction,
audusd,3747,2020-10-13,3235,3746,512,-0.7027336234270445,linear,52,0,52,52,0,52,0.1,0.1015625,0.1015625,0.31686204258469763,3.168620425846976e-07,mle,0.18817239757386345,0.3734527221467102,ok,True,True,extraction,
audusd,3748,2020-10-14,3236,3747,512,-0.7027336234270445,linear,52,0,52,52,0,52,0.1,0.1015625,0.1015625,0.3157167563250918,3.157167563250918e-07,mle,0.18817239757386345,0.3734527221467102,ok,True,True,extraction,
audusd,3749,2020-10-15,3237,3748,512,-0.7027336234270445,linear,52,0,52,52,0,52,0.1,0.1015625,0.1015625,0.31613903199150195,3.1613903199150194e-07,mle,0.18817239757386345,0.3734527221467102,ok,True,True,extraction,
audusd,3750,2020-10-16,3238,3749,512,-0.7027336234270445,linear,52,0,52,52,0,52,0.1,0.1015625,0.1015625,0.3163582254902654,3.1635822549026535e-07,mle,0.18817239757386345,0.3734527221467102,ok,True,True,extraction,
audusd,3751,2020-10-19,3239,3750,512,-0.7054018127499219,linear,52,0,52,52,0,52,0.1,0.1015625,0.1015625,0.3163582254902654,3.1635822549026535e-07,mle,0.1917063802356696,0.3704133824123556,ok,True,True,extraction,
audusd,3752,2020-10-20,3240,3751,512,-0.7054018127499219,linear,52,0,52,52,0,52,0.1,0.1015625,0.1015625,0.31498003383168427,3.149800338316843e-07,mle,0.1917063802356696,0.3704133824123556,ok,True,True,extraction,
audusd,3753,2020-10-21,3241,3752,512,-0.7054018127499219,linear,52,0,52,52,0,52,0.1,0.1015625,0.1015625,0.3163582254902654,3.1635822549026535e-07,mle,0.1917063802356696,0.3704133824123556,ok,True,True,extraction,
audusd,3754,2020-10-22,3242,3753,512,-0.7054018127499219,linear,52,0,52,52,0,52,0.1,0.1015625,0.1015625,0.3187172246844506,3.1871722468445056e-07,mle,0.1917063802356696,0.3704133824123556,ok,True,True,extraction,
audusd,3755,2020-10-23,3243,3754,512,-0.7054018127499219,linear,52,0,52,52,0,52,0.1,0.1015625,0.1015625,0.3163582254902654,3.1635822549026535e-07,mle,0.1917063802356696,0.3704133824123556,ok,True,True,extraction,
audusd,3756,2020-10-26,3244,3755,512,-0.7054018127499219,linear,52,0,52,52,0,52,0.1,0.1015625,0.1015625,0.3163582254902654,3.1635822549026535e-07,mle,0.1917063802356696,0.3704133824123556,ok,True,True,extraction,
audusd,3757,2020-10-27,3245,3756,512,-0.7054018127499219,linear,52,0,52,52,0,52,0.1,0.1015625,0.1015625,0.31498003383168427,3.149800338316843e-07,mle,0.1917063802356696,0.3704133824123556,ok,True,True,extraction,
audusd,3758,2020-10-28,3246,3757,512,-0.7054018127499219,linear,52,0,52,52,0,52,0.1,0.1015625,0.1015625,0.317340575952351,3.17340575952351e-07,mle,0.1917063802356696,0.3704133824123556,ok,True,True,extraction,
audusd,3759,2020-10-29,3247,3758,512,-0.7054018127499219,linear,52,0,52,52,0,52,0.1,0.1015625,0.1015625,0.31465862783401105,3.14658627834011e-07,mle,0.1917063802356696,0.3704133824123556,ok,True,True,extraction,
audusd,3760,2020-10-30,3248,3759,512,-0.7091276194175574,linear,52,0,52,52,0,52,0.1,0.1015625,0.1015625,0.31465862783401105,3.14658627834011e-07,mle,0.1737472940676861,0.3788416740384192,ok,True,True,extraction,
audusd,3761,2020-11-02,3249,3760,512,-0.7054018127499219,linear,52,0,52,52,0,52,0.1,0.1015625,0.1015625,0.31451048068580034,3.1451048068580035e-07,mle,0.161862361097545,0.38693393356839934,ok,True,True,extraction,
audusd,3762,2020-11-03,3250,3761,512,-0.7054018127499219,linear,52,0,52,52,0,52,0.1,0.1015625,0.1015625,0.31642267801777635,3.1642267801777636e-07,mle,0.161862361097545,0.38693393356839934,ok,True,True,extraction,
audusd,3763,2020-11-04,3251,3762,512,-0.7054018127499219,linear,52,0,52,52,0,52,0.1,0.1015625,0.1015625,0.317340575952351,3.17340575952351e-07,mle,0.161862361097545,0.38693393356839934,ok,True,True,extraction,
audusd,3764,2020-11-05,3252,3763,512,-0.7054018127499219,linear,52,0,52,52,0,52,0.1,0.1015625,0.1015625,0.317340575952351,3.17340575952351e-07,mle,0.161862361097545,0.38693393356839934,ok,True,True,extraction,
audusd,3765,2020-11-06,3253,3764,512,-0.7054018127499219,linear,52,0,52,52,0,52,0.1,0.1015625,0.1015625,0.31606736270139046,3.1606736270139046e-07,mle,0.161862361097545,0.38693393356839934,ok,True,True,extraction,
audusd,3766,2020-11-09,3254,3765,512,-0.7054018127499219,linear,52,0,52,52,0,52,0.1,0.1015625,0.1015625,0.317340575952351,3.17340575952351e-07,mle,0.161862361097545,0.38693393356839934,ok,True,True,extraction,
audusd,3767,2020-11-10,3255,3766,512,-0.7027336234270445,linear,52,0,52,52,0,52,0.1,0.1015625,0.1015625,0.31465862783401105,3.14658627834011e-07,mle,0.19208470158618424,0.37034896972231446,ok,True,True,extraction,
audusd,3768,2020-11-11,3256,3767,512,-0.7027336234270445,linear,52,0,52,52,0,52,0.1,0.1015625,0.1015625,0.31642267801777635,3.1642267801777636e-07,mle,0.19208470158618424,0.37034896972231446,ok,True,True,extraction,
audusd,3769,2020-11-12,3257,3768,512,-0.7027336234270445,linear,52,0,52,52,0,52,0.1,0.1015625,0.1015625,0.31451048068580034,3.1451048068580035e-07,mle,0.19208470158618424,0.37034896972231446,ok,True,True,extraction,
audusd,3770,2020-11-13,3258,3769,512,-0.7027336234270445,linear,52,0,52,52,0,52,0.1,0.1015625,0.1015625,0.31424606414750494,3.142460641475049e-07,mle,0.19208470158618424,0.37034896972231446,ok,True,True,extraction,
audusd,3771,2020-11-16,3259,3770,512,-0.7027336234270445,linear,52,0,52,52,0,52,0.1,0.1015625,0.1015625,0.3148507815291808,3.148507815291808e-07,mle,0.19208470158618424,0.37034896972231446,ok,True,True,extraction,
audusd,3772,2020-11-17,3260,3771,512,-0.7027336234270445,linear,52,0,52,52,0,52,0.1,0.1015625,0.1015625,0.3155847512133601,3.155847512133601e-07,mle,0.19208470158618424,0.37034896972231446,ok,True,True,extraction,
audusd,3773,2020-11-18,3261,3772,512,-0.7027336234270445,linear,52,0,52,52,0,52,0.1,0.1015625,0.1015625,0.3155847512133601,3.155847512133601e-07,mle,0.19208470158618424,0.37034896972231446,ok,True,True,extraction,
audusd,3774,2020-11-19,3262,3773,512,-0.7027336234270445,linear,52,0,52,52,0,52,0.1,0.1015625,0.1015625,0.3163582254902654,3.1635822549026535e-07,mle,0.19208470158618424,0.37034896972231446,ok,True,True,extraction,
audusd,3775,2020-11-20,3263,3774,512,-0.7027336234270445,linear,52,0,52,52,0,52,0.1,0.1015625,0.1015625,0.31498003383168427,3.149800338316843e-07,mle,0.19208470158618424,0.37034896972231446,ok,True,True,extraction,
audusd,3776,2020-11-23,3264,3775,512,-0.7027336234270445,linear,52,0,52,52,0,52,0.1,0.1015625,0.1015625,0.3163582254902654,3.1635822549026535e-07,mle,0.19208470158618424,0.37034896972231446,ok,True,True,extraction,
audusd,3777,2020-11-24,3265,3776,512,-0.7027336234270445,linear,52,0,52,52,0,52,0.1,0.1015625,0.1015625,0.3174163233628394,3.174163233628394e-07,mle,0.19208470158618424,0.37034896972231446,ok,True,True,extraction,
audusd,3778,2020-11-25,3266,3777,512,-0.6830404410431651,linear,52,0,52,52,0,52,0.1,0.1015625,0.1015625,0.31613903199150195,3.1613903199150194e-07,mle,0.16316662836453294,0.39264794376753853,ok,True,True,extraction,
audusd,3779,2020-11-26,3267,3778,512,-0.6830404410431651,linear,52,0,52,52,0,52,0.1,0.1015625,0.1015625,0.31686204258469763,3.168620425846976e-07,mle,0.16316662836453294,0.39264794376753853,ok,True,True,extraction,
audusd,3780,2020-11-27,3268,3779,512,-0.6830404410431651,linear,52,0,52,52,0,52,0.1,0.1015625,0.1015625,0.31621357549728174,3.162135754972817e-07,mle,0.16316662836453294,0.39264794376753853,ok,True,True,extraction,
audusd,3781,2020-11-30,3269,3780,512,-0.6830404410431651,linear,52,0,52,52,0,52,0.1,0.1015625,0.1015625,0.3155847512133601,3.155847512133601e-07,mle,0.16316662836453294,0.39264794376753853,ok,True,True,extraction,
audusd,3782,2020-12-01,3270,3781,512,-0.6830404410431651,linear,52,0,52,52,0,52,0.1,0.1015625,0.1015625,0.31613903199150195,3.1613903199150194e-07,mle,0.16316662836453294,0.39264794376753853,ok,True,True,extraction,
audusd,3783,2020-12-02,3271,3782,512,-0.6830404410431651,linear,52,0,52,52,0,52,0.1,0.1015625,0.1015625,0.3183883813914894,3.183883813914894e-07,mle,0.16316662836453294,0.39264794376753853,ok,True,True,extraction,
audusd,3784,2020-12-03,3272,3783,512,-0.6830404410431651,linear,52,0,52,52,0,52,0.1,0.1015625,0.1015625,0.3201508886487732,3.201508886487732e-07,mle,0.16316662836453294,0.39264794376753853,ok,True,True,extraction,
audusd,3785,2020-12-04,3273,3784,512,-0.6731008983422511,linear,52,0,52,52,0,52,0.1,0.1015625,0.1015625,0.3197582680863209,3.197582680863209e-07,mle,0.13272289131145074,0.41462620870224876,ok,True,True,extraction,
audusd,3786,2020-12-07,3274,3785,512,-0.6731008983422511,linear,52,0,52,52,0,52,0.1,0.1015625,0.1015625,0.3197582680863209,3.197582680863209e-07,mle,0.13272289131145074,0.41462620870224876,ok,True,True,extraction,
audusd,3787,2020-12-08,3275,3786,512,-0.6731008983422511,linear,52,0,52,52,0,52,0.1,0.1015625,0.1015625,0.3201508886487732,3.201508886487732e-07,mle,0.13272289131145074,0.41462620870224876,ok,True,True,extraction,
audusd,3788,2020-12-09,3276,3787,512,-0.6628651809752537,linear,52,0,52,52,0,52,0.1,0.1015625,0.1015625,0.3183883813914894,3.183883813914894e-07,mle,0.1365484312826924,0.41556089795260276,ok,True,True,extraction,
audusd,3789,2020-12-10,3277,3788,512,-0.6628651809752537,linear,52,0,52,52,0,52,0.1,0.1015625,0.1015625,0.3209422019143081,3.209422019143081e-07,mle,0.1365484312826924,0.41556089795260276,ok,True,True,extraction,
audusd,3790,2020-12-11,3278,3789,512,-0.6604863553685492,linear,52,0,52,52,0,52,0.1,0.1015625,0.1015625,0.3183883813914894,3.183883813914894e-07,mle,0.15784078144995367,0.4036027965983786,ok,True,True,extraction,
audusd,3791,2020-12-14,3279,3790,512,-0.6604863553685492,linear,52,0,52,52,0,52,0.1,0.1015625,0.1015625,0.3201508886487732,3.201508886487732e-07,mle,0.15784078144995367,0.4036027965983786,ok,True,True,extraction,
audusd,3792,2020-12-15,3280,3791,512,-0.6604863553685492,linear,52,0,52,52,0,52,0.1,0.1015625,0.1015625,0.32162167563084826,3.2162167563084825e-07,mle,0.15784078144995367,0.4036027965983786,ok,True,True,extraction,
audusd,3793,2020-12-16,3281,3792,512,-0.6604863553685492,linear,52,0,52,52,0,52,0.1,0.1015625,0.1015625,0.3201508886487732,3.201508886487732e-07,mle,0.15784078144995367,0.4036027965983786,ok,True,True,extraction,
audusd,3794,2020-12-17,3282,3793,512,-0.6604863553685492,linear,52,0,52,52,0,52,0.1,0.1015625,0.1015625,0.3174163233628394,3.174163233628394e-07,mle,0.15784078144995367,0.4036027965983786,ok,True,True,extraction,
audusd,3795,2020-12-18,3283,3794,512,-0.6604863553685492,linear,52,0,52,52,0,52,0.1,0.1015625,0.1015625,0.3174163233628394,3.174163233628394e-07,mle,0.15784078144995367,0.4036027965983786,ok,True,True,extraction,
audusd,3796,2020-12-21,3284,3795,512,-0.6604863553685492,linear,52,0,52,52,0,52,0.1,0.1015625,0.1015625,0.3184809767149834,3.1848097671498334e-07,mle,0.15784078144995367,0.4036027965983786,ok,True,True,extraction,
audusd,3797,2020-12-22,3285,3796,512,-0.6604863553685492,linear,52,0,52,52,0,52,0.1,0.1015625,0.1015625,0.32162167563084826,3.2162167563084825e-07,mle,0.15784078144995367,0.4036027965983786,ok,True,True,extraction,
audusd,3798,2020-12-23,3286,3797,512,-0.6589420847359686,linear,52,0,52,52,0,52,0.1,0.1015625,0.1015625,0.3197582680863209,3.197582680863209e-07,mle,0.19519217188217955,0.369270964280623,ok,True,True,extraction,
audusd,3799,2020-12-24,3287,3798,512,-0.6589420847359686,linear,52,0,52,52,0,52,0.1,0.1015625,0.1015625,0.3183883813914894,3.183883813914894e-07,mle,0.19519217188217955,0.369270964280623,ok,True,True,extraction,
audusd,3800,2020-12-25,3288,3799,512,-0.6589420847359686,linear,52,0,52,52,0,52,0.1,0.1015625,0.1015625,0.3183883813914894,3.183883813914894e-07,mle,0.19519217188217955,0.369270964280623,ok,True,True,extraction,
audusd,3801,2020-12-28,3289,3800,512,-0.6589420847359686,linear,52,0,52,52,0,52,0.1,0.1015625,0.1015625,0.3201508886487732,3.201508886487732e-07,mle,0.19519217188217955,0.369270964280623,ok,True,True,extraction,
audusd,3802,2020-12-29,3290,3801,512,-0.6589420847359686,linear,52,0,52,52,0,52,0.1,0.1015625,0.1015625,0.3201508886487732,3.201508886487732e-07,mle,0.19519217188217955,0.369270964280623,ok,True,True,extraction,
audusd,3803,2020-12-30,3291,3802,512,-0.6589420847359686,linear,52,0,52,52,0,52,0.1,0.1015625,0.1015625,0.3209422019143081,3.209422019143081e-07,mle,0.19519217188217955,0.369270964280623,ok,True,True,extraction,
audusd,3804,2020-12-31,3292,3803,512,-0.6589420847359686,linear,52,0,52,52,0,52,0.1,0.1015625,0.1015625,0.3209422019143081,3.209422019143081e-07,mle,0.19519217188217955,0.369270964280623,ok,True,True,extraction,
audusd,3805,2021-01-01,3293,3804,512,-0.6589420847359686,linear,52,0,52,52,0,52,0.1,0.1015625,0.1015625,0.3229723578155322,3.229723578155322e-07,mle,0.19519217188217955,0.369270964280623,ok,True,True,extraction,
audusd,3806,2021-01-04,3294,3805,512,-0.6589420847359686,linear,52,0,52,52,0,52,0.1,0.1015625,0.1015625,0.32162167563084826,3.2162167563084825e-07,mle,0.19519217188217955,0.369270964280623,ok,True,True,extraction,
audusd,3807,2021-01-05,3295,3806,512,-0.6589420847359686,linear,52,0,52,52,0,52,0.1,0.1015625,0.1015625,0.32162167563084826,3.2162167563084825e-07,mle,0.19519217188217955,0.369270964280623,ok,True,True,extraction,
audusd,3808,2021-01-06,3296,3807,512,-0.6589420847359686,linear,52,0,52,52,0,52,0.1,0.1015625,0.1015625,0.32162167563084826,3.2162167563084825e-07,mle,0.19519217188217955,0.369270964280623,ok,True,True,extraction,
audusd,3809,2021-01-07,3297,3808,512,-0.6589420847359686,linear,52,0,52,52,0,52,0.1,0.1015625,0.1015625,0.3227573699908341,3.227573699908341e-07,mle,0.19519217188217955,0.369270964280623,ok,True,True,extraction,
audusd,3810,2021-01-08,3298,3809,512,-0.6589420847359686,linear,52,0,52,52,0,52,0.1,0.1015625,0.1015625,0.32217793252463645,3.2217793252463644e-07,mle,0.19519217188217955,0.369270964280623,ok,True,True,extraction,
audusd,3811,2021-01-11,3299,3810,512,-0.6589420847359686,linear,52,0,52,52,0,52,0.1,0.1015625,0.1015625,0.32241404551263353,3.224140455126335e-07,mle,0.19519217188217955,0.369270964280623,ok,True,True,extraction,
audusd,3812,2021-01-12,3300,3811,512,-0.6604863553685492,linear,52,0,52,52,0,52,0.1,0.1015625,0.1015625,0.32241404551263353,3.224140455126335e-07,mle,0.19790963721557453,0.3671492201687001,ok,True,True,extraction,
audusd,3813,2021-01-13,3301,3812,512,-0.6604863553685492,linear,52,0,52,52,0,52,0.1,0.1015625,0.1015625,0.3227573699908341,3.227573699908341e-07,mle,0.19790963721557453,0.3671492201687001,ok,True,True,extraction,
audusd,3814,2021-01-14,3302,3813,512,-0.6589420847359686,linear,52,0,52,52,0,52,0.1,0.1015625,0.1015625,0.32217793252463645,3.2217793252463644e-07,mle,0.21272990470148387,0.36022099173151423,ok,True,True,extraction,
audusd,3815,2021-01-15,3303,3814,512,-0.6589420847359686,linear,52,0,52,52,0,52,0.1,0.1015625,0.1015625,0.3227573699908341,3.227573699908341e-07,mle,0.21272990470148387,0.36022099173151423,ok,True,True,extraction,
audusd,3816,2021-01-18,3304,3815,512,-0.6589420847359686,linear,52,0,52,52,0,52,0.1,0.1015625,0.1015625,0.32241404551263353,3.224140455126335e-07,mle,0.21272990470148387,0.36022099173151423,ok,True,True,extraction,
audusd,3817,2021-01-19,3305,3816,512,-0.6604863553685492,linear,52,0,52,52,0,52,0.1,0.1015625,0.1015625,0.32415052493006247,3.2415052493006245e-07,mle,0.1730991575888496,0.3829482443863162,ok,True,True,extraction,
audusd,3818,2021-01-20,3306,3817,512,-0.6604863553685492,linear,52,0,52,52,0,52,0.1,0.1015625,0.1015625,0.3233861035412835,3.2338610354128347e-07,mle,0.1730991575888496,0.3829482443863162,ok,True,True,extraction,
audusd,3819,2021-01-21,3307,3818,512,-0.6604863553685492,linear,52,0,52,52,0,52,0.1,0.1015625,0.1015625,0.3250718783480566,3.250718783480566e-07,mle,0.1730991575888496,0.3829482443863162,ok,True,True,extraction,
audusd,3820,2021-01-22,3308,3819,512,-0.6604863553685492,linear,52,0,52,52,0,52,0.1,0.1015625,0.1015625,0.32605642632677995,3.260564263267799e-07,mle,0.1730991575888496,0.3829482443863162,ok,True,True,extraction,
audusd,3821,2021-01-25,3309,3820,512,-0.6604863553685492,linear,52,0,52,52,0,52,0.1,0.1015625,0.1015625,0.3239144119420654,3.239144119420654e-07,mle,0.1730991575888496,0.3829482443863162,ok,True,True,extraction,
audusd,3822,2021-01-26,3310,3821,512,-0.6604863553685492,linear,52,0,52,52,0,52,0.1,0.1015625,0.1015625,0.32415052493006247,3.2415052493006245e-07,mle,0.1730991575888496,0.3829482443863162,ok,True,True,extraction,
audusd,3823,2021-01-27,3311,3822,512,-0.6589420847359686,linear,52,0,52,52,0,52,0.1,0.1015625,0.1015625,0.32225040918129766,3.2225040918129763e-07,mle,0.20592743952871545,0.35102342632546213,ok,True,True,extraction,
audusd,3824,2021-01-28,3312,3823,512,-0.6589420847359686,linear,52,0,52,52,0,52,0.1,0.1015625,0.1015625,0.3236848258015185,3.236848258015185e-07,mle,0.20592743952871545,0.35102342632546213,ok,True,True,extraction,
audusd,3825,2021-01-29,3313,3824,512,-0.6604863553685492,linear,52,0,52,52,0,52,0.1,0.1015625,0.1015625,0.324693632358679,3.24693632358679e-07,mle,0.16487716663941226,0.37750524994931023,ok,True,True,extraction,
audusd,3826,2021-02-01,3314,3825,512,-0.6604863553685492,linear,52,0,52,52,0,52,0.1,0.1015625,0.1015625,0.3236848258015185,3.236848258015185e-07,mle,0.16487716663941226,0.37750524994931023,ok,True,True,extraction,
audusd,3827,2021-02-02,3315,3826,512,-0.6604863553685492,linear,52,0,52,52,0,52,0.1,0.1015625,0.1015625,0.3239144119420654,3.239144119420654e-07,mle,0.16487716663941226,0.37750524994931023,ok,True,True,extraction,
audusd,3828,2021-02-03,3316,3827,512,-0.6604863553685492,linear,52,0,52,52,0,52,0.1,0.1015625,0.1015625,0.3236848258015185,3.236848258015185e-07,mle,0.16487716663941226,0.37750524994931023,ok,True,True,extraction,
audusd,3829,2021-02-04,3317,3828,512,-0.6604863553685492,linear,52,0,52,52,0,52,0.1,0.1015625,0.1015625,0.324693632358679,3.24693632358679e-07,mle,0.16487716663941226,0.37750524994931023,ok,True,True,extraction,
audusd,3830,2021-02-05,3318,3829,512,-0.6604863553685492,linear,52,0,52,52,0,52,0.1,0.1015625,0.1015625,0.324693632358679,3.24693632358679e-07,mle,0.16487716663941226,0.37750524994931023,ok,True,True,extraction,
audusd,3831,2021-02-08,3319,3830,512,-0.6604863553685492,linear,52,0,52,52,0,52,0.1,0.1015625,0.1015625,0.326025407084877,3.2602540708487697e-07,mle,0.16487716663941226,0.37750524994931023,ok,True,True,extraction,
audusd,3832,2021-02-09,3320,3831,512,-0.6604863553685492,linear,52,0,52,52,0,52,0.1,0.1015625,0.1015625,0.326025407084877,3.2602540708487697e-07,mle,0.16487716663941226,0.37750524994931023,ok,True,True,extraction,
audusd,3833,2021-02-10,3321,3832,512,-0.6604863553685492,linear,52,0,52,52,0,52,0.1,0.1015625,0.1015625,0.3276433165998339,3.276433165998339e-07,mle,0.16487716663941226,0.37750524994931023,ok,True,True,extraction,
audusd,3834,2021-02-11,3322,3833,512,-0.6589420847359686,linear,52,0,52,52,0,52,0.1,0.1015625,0.1015625,0.3266345100426735,3.2663451004267353e-07,mle,0.18365838613977475,0.3677692272345945,ok,True,True,extraction,
audusd,3835,2021-02-12,3323,3834,512,-0.6589420847359686,linear,52,0,52,52,0,52,0.1,0.1015625,0.1015625,0.326025407084877,3.2602540708487697e-07,mle,0.18365838613977475,0.3677692272345945,ok,True,True,extraction,
audusd,3836,2021-02-15,3324,3835,512,-0.6589420847359686,linear,52,0,52,52,0,52,0.1,0.1015625,0.1015625,0.3276433165998339,3.276433165998339e-07,mle,0.18365838613977475,0.3677692272345945,ok,True,True,extraction,
audusd,3837,2021-02-16,3325,3836,512,-0.6589420847359686,linear,52,0,52,52,0,52,0.1,0.1015625,0.1015625,0.3276433165998339,3.276433165998339e-07,mle,0.18365838613977475,0.3677692272345945,ok,True,True,extraction,
audusd,3838,2021-02-17,3326,3837,512,-0.6589420847359686,linear,52,0,52,52,0,52,0.1,0.1015625,0.1015625,0.3252461866682633,3.252461866682633e-07,mle,0.18365838613977475,0.3677692272345945,ok,True,True,extraction,
audusd,3839,2021-02-18,3327,3838,512,-0.6589420847359686,linear,52,0,52,52,0,52,0.1,0.1015625,0.1015625,0.3252461866682633,3.252461866682633e-07,mle,0.18365838613977475,0.3677692272345945,ok,True,True,extraction,
audusd,3840,2021-02-19,3328,3839,512,-0.6589420847359686,linear,52,0,52,52,0,52,0.1,0.1015625,0.1015625,0.3229334310883347,3.229334310883347e-07,mle,0.18365838613977475,0.3677692272345945,ok,True,True,extraction,
audusd,3841,2021-02-22,3329,3840,512,-0.6589420847359686,linear,52,0,52,52,0,52,0.1,0.1015625,0.1015625,0.32041912164622854,3.2041912164622853e-07,mle,0.18365838613977475,0.3677692272345945,ok,True,True,extraction,
audusd,3842,2021-02-23,3330,3841,512,-0.6589420847359686,linear,52,0,52,52,0,52,0.1,0.1015625,0.1015625,0.3227406886364871,3.227406886364871e-07,mle,0.18365838613977475,0.3677692272345945,ok,True,True,extraction,
audusd,3843,2021-02-24,3331,3842,512,-0.6526119828892842,linear,52,0,52,52,0,52,0.1,0.1015625,0.1015625,0.3232944130543166,3.2329441305431657e-07,mle,0.1746046030851025,0.37542231069897997,ok,True,True,extraction,
audusd,3844,2021-02-25,3332,3843,512,-0.6526119828892842,linear,52,0,52,52,0,52,0.1,0.1015625,0.1015625,0.3232944130543166,3.2329441305431657e-07,mle,0.1746046030851025,0.37542231069897997,ok,True,True,extraction,
audusd,3845,2021-02-26,3333,3844,512,-0.6526119828892842,linear,52,0,52,52,0,52,0.1,0.1015625,0.1015625,0.3255306881365423,3.255306881365423e-07,mle,0.1746046030851025,0.37542231069897997,ok,True,True,extraction,
audusd,3846,2021-03-01,3334,3845,512,-0.6589420847359686,linear,52,0,52,52,0,52,0.1,0.1015625,0.1015625,0.3255306881365423,3.255306881365423e-07,mle,0.14849649399748344,0.392781335541449,ok,True,True,extraction,
audusd,3847,2021-03-02,3335,3846,512,-0.6604863553685492,linear,52,0,52,52,0,52,0.1,0.1015625,0.1015625,0.3277267408621586,3.277267408621586e-07,mle,0.10846917289611094,0.42388515812314226,ok,True,True,extraction,
audusd,3848,2021-03-03,3336,3847,512,-0.6604863553685492,linear,52,0,52,52,0,52,0.1,0.1015625,0.1015625,0.3277267408621586,3.277267408621586e-07,mle,0.10846917289611094,0.42388515812314226,ok,True,True,extraction,
audusd,3849,2021-03-04,3337,3848,512,-0.6604863553685492,linear,52,0,52,52,0,52,0.1,0.1015625,0.1015625,0.32845342206707373,3.284534220670737e-07,mle,0.10846917289611094,0.42388515812314226,ok,True,True,extraction,
audusd,3850,2021-03-05,3338,3849,512,-0.6628651809752537,linear,52,0,52,52,0,52,0.1,0.1015625,0.1015625,0.3294847633734662,3.294847633734662e-07,mle,0.09588221042693909,0.4310397971537731,ok,True,True,extraction,
audusd,3851,2021-03-08,3339,3850,512,-0.6628651809752537,linear,52,0,52,52,0,52,0.1,0.1015625,0.1015625,0.3305128447529504,3.3051284475295036e-07,mle,0.09588221042693909,0.4310397971537731,ok,True,True,extraction,
audusd,3852,2021-03-09,3340,3851,512,-0.6628651809752537,linear,52,0,52,52,0,52,0.1,0.1015625,0.1015625,0.3305128447529504,3.3051284475295036e-07,mle,0.09588221042693909,0.4310397971537731,ok,True,True,extraction,
audusd,3853,2021-03-10,3341,3852,512,-0.6731008983422511,linear,52,0,52,52,0,52,0.1,0.1015625,0.1015625,0.3291640406540373,3.291640406540373e-07,mle,0.12116057969663971,0.41056027333734363,ok,True,True,extraction,
audusd,3854,2021-03-11,3342,3853,512,-0.6731008983422511,linear,52,0,52,52,0,52,0.1,0.1015625,0.1015625,0.3305128447529504,3.3051284475295036e-07,mle,0.12116057969663971,0.41056027333734363,ok,True,True,extraction,
audusd,3855,2021-03-12,3343,3854,512,-0.6731008983422511,linear,52,0,52,52,0,52,0.1,0.1015625,0.1015625,0.3294847633734662,3.294847633734662e-07,mle,0.12116057969663971,0.41056027333734363,ok,True,True,extraction,
audusd,3856,2021-03-15,3344,3855,512,-0.6731008983422511,linear,52,0,52,52,0,52,0.1,0.1015625,0.1015625,0.3294847633734662,3.294847633734662e-07,mle,0.12116057969663971,0.41056027333734363,ok,True,True,extraction,
audusd,3857,2021-03-16,3345,3856,512,-0.6731008983422511,linear,52,0,52,52,0,52,0.1,0.1015625,0.1015625,0.3301710332091735,3.301710332091735e-07,mle,0.12116057969663971,0.41056027333734363,ok,True,True,extraction,
audusd,3858,2021-03-17,3346,3857,512,-0.6628651809752537,linear,52,0,52,52,0,52,0.1,0.1015625,0.1015625,0.328720696849351,3.28720696849351e-07,mle,0.10145681462850223,0.4274613674277551,ok,True,True,extraction,
audusd,3859,2021-03-18,3347,3858,512,-0.6628651809752537,linear,52,0,52,52,0,52,0.1,0.1015625,0.1015625,0.328720696849351,3.28720696849351e-07,mle,0.10145681462850223,0.4274613674277551,ok,True,True,extraction,
audusd,3860,2021-03-19,3348,3859,512,-0.6628651809752537,linear,52,0,52,52,0,52,0.1,0.1015625,0.1015625,0.328720696849351,3.28720696849351e-07,mle,0.10145681462850223,0.4274613674277551,ok,True,True,extraction,
audusd,3861,2021-03-22,3349,3860,512,-0.6731008983422511,linear,52,0,52,52,0,52,0.1,0.1015625,0.1015625,0.3301710332091735,3.301710332091735e-07,mle,0.11858805301542,0.4121340471267233,ok,True,True,extraction,
audusd,3862,2021-03-23,3350,3861,512,-0.6628651809752537,linear,52,0,52,52,0,52,0.1,0.1015625,0.1015625,0.3301710332091735,3.301710332091735e-07,mle,0.098124947312099,0.42961826899274236,ok,True,True,extraction,
audusd,3863,2021-03-24,3351,3862,512,-0.6628651809752537,linear,52,0,52,52,0,52,0.1,0.1015625,0.1015625,0.328720696849351,3.28720696849351e-07,mle,0.098124947312099,0.42961826899274236,ok,True,True,extraction,
audusd,3864,2021-03-25,3352,3863,512,-0.6731008983422511,linear,52,0,52,52,0,52,0.1,0.1015625,0.1015625,0.3301710332091735,3.301710332091735e-07,mle,0.08511683011010612,0.4470961776292466,ok,True,True,extraction,
audusd,3865,2021-03-26,3353,3864,512,-0.6731008983422511,linear,52,0,52,52,0,52,0.1,0.1015625,0.1015625,0.3301710332091735,3.301710332091735e-07,mle,0.08511683011010612,0.4470961776292466,ok,True,True,extraction,
audusd,3866,2021-03-29,3354,3865,512,-0.6731008983422511,linear,52,0,52,52,0,52,0.1,0.1015625,0.1015625,0.3301710332091735,3.301710332091735e-07,mle,0.08511683011010612,0.4470961776292466,ok,True,True,extraction,
audusd,3867,2021-03-30,3355,3866,512,-0.6731008983422511,linear,52,0,52,52,0,52,0.1,0.1015625,0.1015625,0.3305128447529504,3.3051284475295036e-07,mle,0.08511683011010612,0.4470961776292466,ok,True,True,extraction,
audusd,3868,2021-03-31,3356,3867,512,-0.6731008983422511,linear,52,0,52,52,0,52,0.1,0.1015625,0.1015625,0.3301710332091735,3.301710332091735e-07,mle,0.08511683011010612,0.4470961776292466,ok,True,True,extraction,
audusd,3869,2021-04-01,3357,3868,512,-0.6731008983422511,linear,52,0,52,52,0,52,0.1,0.1015625,0.1015625,0.3301710332091735,3.301710332091735e-07,mle,0.08511683011010612,0.4470961776292466,ok,True,True,extraction,
audusd,3870,2021-04-02,3358,3869,512,-0.6731008983422511,linear,52,0,52,52,0,52,0.1,0.1015625,0.1015625,0.3244364196006817,3.2443641960068167e-07,mle,0.08511683011010612,0.4470961776292466,ok,True,True,extraction,
audusd,3871,2021-04-05,3359,3870,512,-0.6731008983422511,linear,52,0,52,52,0,52,0.1,0.1015625,0.1015625,0.32477441322294404,3.2477441322294403e-07,mle,0.08511683011010612,0.4470961776292466,ok,True,True,extraction,
audusd,3872,2021-04-06,3360,3871,512,-0.6731008983422511,linear,52,0,52,52,0,52,0.1,0.1015625,0.1015625,0.328720696849351,3.28720696849351e-07,mle,0.08511683011010612,0.4470961776292466,ok,True,True,extraction,
audusd,3873,2021-04-07,3361,3872,512,-0.6731008983422511,linear,52,0,52,52,0,52,0.1,0.1015625,0.1015625,0.3301710332091735,3.301710332091735e-07,mle,0.08511683011010612,0.4470961776292466,ok,True,True,extraction,
audusd,3874,2021-04-08,3362,3873,512,-0.6731008983422511,linear,52,0,52,52,0,52,0.1,0.1015625,0.1015625,0.32924086563206667,3.2924086563206664e-07,mle,0.08511683011010612,0.4470961776292466,ok,True,True,extraction,
audusd,3875,2021-04-09,3363,3874,512,-0.6773700421192856,linear,52,0,52,52,0,52,0.1,0.1015625,0.1015625,0.3301710332091735,3.301710332091735e-07,mle,0.09412699928396426,0.4392931455563716,ok,True,True,extraction,
audusd,3876,2021-04-12,3364,3875,512,-0.6773700421192856,linear,52,0,52,52,0,52,0.1,0.1015625,0.1015625,0.33000110247209563,3.300011024720956e-07,mle,0.09412699928396426,0.4392931455563716,ok,True,True,extraction,
audusd,3877,2021-04-13,3365,3876,512,-0.6773700421192856,linear,52,0,52,52,0,52,0.1,0.1015625,0.1015625,0.33000110247209563,3.300011024720956e-07,mle,0.09412699928396426,0.4392931455563716,ok,True,True,extraction,
audusd,3878,2021-04-14,3366,3877,512,-0.6731008983422511,linear,52,0,52,52,0,52,0.1,0.1015625,0.1015625,0.3297945900498962,3.297945900498962e-07,mle,0.12044661081101467,0.42239321463656776,ok,True,True,extraction,
audusd,3879,2021-04-15,3367,3878,512,-0.6731008983422511,linear,52,0,52,52,0,52,0.1,0.1015625,0.1015625,0.3297945900498962,3.297945900498962e-07,mle,0.12044661081101467,0.42239321463656776,ok,True,True,extraction,
audusd,3880,2021-04-16,3368,3879,512,-0.6731008983422511,linear,52,0,52,52,0,52,0.1,0.1015625,0.1015625,0.3297945900498962,3.297945900498962e-07,mle,0.12044661081101467,0.42239321463656776,ok,True,True,extraction,
audusd,3881,2021-04-19,3369,3880,512,-0.6731008983422511,linear,52,0,52,52,0,52,0.1,0.1015625,0.1015625,0.3301363857216168,3.301363857216168e-07,mle,0.12044661081101467,0.42239321463656776,ok,True,True,extraction,
audusd,3882,2021-04-20,3370,3881,512,-0.6731008983422511,linear,52,0,52,52,0,52,0.1,0.1015625,0.1015625,0.3304135044101643,3.304135044101643e-07,mle,0.12044661081101467,0.42239321463656776,ok,True,True,extraction,
audusd,3883,2021-04-21,3371,3882,512,-0.6731008983422511,linear,52,0,52,52,0,52,0.1,0.1015625,0.1015625,0.33191524858295907,3.3191524858295903e-07,mle,0.12044661081101467,0.42239321463656776,ok,True,True,extraction,
audusd,3884,2021-04-22,3372,3883,512,-0.6731008983422511,linear,52,0,52,52,0,52,0.1,0.1015625,0.1015625,0.3322570442546797,3.322570442546797e-07,mle,0.12044661081101467,0.42239321463656776,ok,True,True,extraction,
audusd,3885,2021-04-23,3373,3884,512,-0.6731008983422511,linear,52,0,52,52,0,52,0.1,0.1015625,0.1015625,0.33486266586660185,3.3486266586660184e-07,mle,0.12044661081101467,0.42239321463656776,ok,True,True,extraction,
audusd,3886,2021-04-26,3374,3885,512,-0.6731008983422511,linear,52,0,52,52,0,52,0.1,0.1015625,0.1015625,0.33644724792195974,3.364472479219597e-07,mle,0.12044661081101467,0.42239321463656776,ok,True,True,extraction,
audusd,3887,2021-04-27,3375,3886,512,-0.6731008983422511,linear,52,0,52,52,0,52,0.1,0.1015625,0.1015625,0.33718121760613906,3.3718121760613903e-07,mle,0.12044661081101467,0.42239321463656776,ok,True,True,extraction,
audusd,3888,2021-04-28,3376,3887,512,-0.6731008983422511,linear,52,0,52,52,0,52,0.1,0.1015625,0.1015625,0.3374241464036369,3.374241464036369e-07,mle,0.12044661081101467,0.42239321463656776,ok,True,True,extraction,
audusd,3889,2021-04-29,3377,3888,512,-0.6731008983422511,linear,52,0,52,52,0,52,0.1,0.1015625,0.1015625,0.3393482858399924,3.3934828583999236e-07,mle,0.12044661081101467,0.42239321463656776,ok,True,True,extraction,
audusd,3890,2021-04-30,3378,3889,512,-0.6731008983422511,linear,52,0,52,52,0,52,0.1,0.1015625,0.1015625,0.3399841647216567,3.399841647216567e-07,mle,0.12044661081101467,0.42239321463656776,ok,True,True,extraction,
audusd,3891,2021-05-03,3379,3890,512,-0.6731008983422511,linear,52,0,52,52,0,52,0.1,0.1015625,0.1015625,0.33956652633637174,3.395665263363717e-07,mle,0.12044661081101467,0.42239321463656776,ok,True,True,extraction,
audusd,3892,2021-05-04,3380,3891,512,-0.6773700421192856,linear,52,0,52,52,0,52,0.1,0.1015625,0.1015625,0.3399841647216567,3.399841647216567e-07,mle,0.12967620263591134,0.4148825347144324,ok,True,True,extraction,
audusd,3893,2021-05-05,3381,3892,512,-0.6773700421192856,linear,52,0,52,52,0,52,0.1,0.1015625,0.1015625,0.34052180219665795,3.405218021966579e-07,mle,0.12967620263591134,0.4148825347144324,ok,True,True,extraction,
audusd,3894,2021-05-06,3382,3893,512,-0.6773700421192856,linear,52,0,52,52,0,52,0.1,0.1015625,0.1015625,0.34052180219665795,3.405218021966579e-07,mle,0.12967620263591134,0.4148825347144324,ok,True,True,extraction,
audusd,3895,2021-05-07,3383,3894,512,-0.6773700421192856,linear,52,0,52,52,0,52,0.1,0.1015625,0.1015625,0.3419145515255084,3.419145515255084e-07,mle,0.12967620263591134,0.4148825347144324,ok,True,True,extraction,
audusd,3896,2021-05-10,3384,3895,512,-0.6773700421192856,linear,52,0,52,52,0,52,0.1,0.1015625,0.1015625,0.3426773859513289,3.426773859513289e-07,mle,0.12967620263591134,0.4148825347144324,ok,True,True,extraction,
audusd,3897,2021-05-11,3385,3896,512,-0.6773700421192856,linear,52,0,52,52,0,52,0.1,0.1015625,0.1015625,0.34288491181274156,3.4288491181274154e-07,mle,0.12967620263591134,0.4148825347144324,ok,True,True,extraction,
audusd,3898,2021-05-12,3386,3897,512,-0.6773700421192856,linear,52,0,52,52,0,52,0.1,0.1015625,0.1015625,0.3426773859513289,3.426773859513289e-07,mle,0.12967620263591134,0.4148825347144324,ok,True,True,extraction,
audusd,3899,2021-05-13,3387,3898,512,-0.6773700421192856,linear,52,0,52,52,0,52,0.1,0.1015625,0.1015625,0.34072503119896325,3.4072503119896326e-07,mle,0.12967620263591134,0.4148825347144324,ok,True,True,extraction,
audusd,3900,2021-05-14,3388,3899,512,-0.6819160867883814,linear,52,0,52,52,0,52,0.1,0.1015625,0.1015625,0.34254383956333445,3.4254383956333445e-07,mle,0.09749954478648101,0.4374482883044236,ok,True,True,extraction,
audusd,3901,2021-05-17,3389,3900,512,-0.6819160867883814,linear,52,0,52,52,0,52,0.1,0.1015625,0.1015625,0.3425857129781465,3.4258571297814646e-07,mle,0.09749954478648101,0.4374482883044236,ok,True,True,extraction,
audusd,3902,2021-05-18,3390,3901,512,-0.6819160867883814,linear,52,0,52,52,0,52,0.1,0.1015625,0.1015625,0.3445161640606573,3.445161640606573e-07,mle,0.09749954478648101,0.4374482883044236,ok,True,True,extraction,
audusd,3903,2021-05-19,3391,3902,512,-0.6819160867883814,linear,52,0,52,52,0,52,0.1,0.1015625,0.1015625,0.3445161640606573,3.445161640606573e-07,mle,0.09749954478648101,0.4374482883044236,ok,True,True,extraction,
audusd,3904,2021-05-20,3392,3903,512,-0.6819160867883814,linear,52,0,52,52,0,52,0.1,0.1015625,0.1015625,0.3445161640606573,3.445161640606573e-07,mle,0.09749954478648101,0.4374482883044236,ok,True,True,extraction,
audusd,3905,2021-05-21,3393,3904,512,-0.6932947793244971,linear,52,0,52,52,0,52,0.1,0.1015625,0.1015625,0.34337499269361416,3.4337499269361414e-07,mle,0.10793396595469892,0.42606405707832157,ok,True,True,extraction,
audusd,3906,2021-05-24,3394,3905,512,-0.6932947793244971,linear,52,0,52,52,0,52,0.1,0.1015625,0.1015625,0.34433026855390036,3.4433026855390034e-07,mle,0.10793396595469892,0.42606405707832157,ok,True,True,extraction,
audusd,3907,2021-05-25,3395,3906,512,-0.6932947793244971,linear,52,0,52,52,0,52,0.1,0.1015625,0.1015625,0.3464185081633787,3.464185081633787e-07,mle,0.10793396595469892,0.42606405707832157,ok,True,True,extraction,
audusd,3908,2021-05-26,3396,3907,512,-0.6932947793244971,linear,52,0,52,52,0,52,0.1,0.1015625,0.1015625,0.3464185081633787,3.464185081633787e-07,mle,0.10793396595469892,0.42606405707832157,ok,True,True,extraction,
audusd,3909,2021-05-27,3397,3908,512,-0.6932947793244971,linear,52,0,52,52,0,52,0.1,0.1015625,0.1015625,0.3464185081633787,3.464185081633787e-07,mle,0.10793396595469892,0.42606405707832157,ok,True,True,extraction,
audusd,3910,2021-05-28,3398,3909,512,-0.6932947793244971,linear,52,0,52,52,0,52,0.1,0.1015625,0.1015625,0.34433026855390036,3.4433026855390034e-07,mle,0.10793396595469892,0.42606405707832157,ok,True,True,extraction,
audusd,3911,2021-05-31,3399,3910,512,-0.6932947793244971,linear,52,0,52,52,0,52,0.1,0.1015625,0.1015625,0.345187347923653,3.45187347923653e-07,mle,0.10793396595469892,0.42606405707832157,ok,True,True,extraction,
audusd,3912,2021-06-01,3400,3911,512,-0.6932947793244971,linear,52,0,52,52,0,52,0.1,0.1015625,0.1015625,0.345187347923653,3.45187347923653e-07,mle,0.10793396595469892,0.42606405707832157,ok,True,True,extraction,
audusd,3913,2021-06-02,3401,3912,512,-0.6932947793244971,linear,52,0,52,52,0,52,0.1,0.1015625,0.1015625,0.3453191723589555,3.4531917235895545e-07,mle,0.10793396595469892,0.42606405707832157,ok,True,True,extraction,
audusd,3914,2021-06-03,3402,3913,512,-0.6932947793244971,linear,52,0,52,52,0,52,0.1,0.1015625,0.1015625,0.3433950329226,3.433950329226e-07,mle,0.10793396595469892,0.42606405707832157,ok,True,True,extraction,
audusd,3915,2021-06-04,3403,3914,512,-0.6932947793244971,linear,52,0,52,52,0,52,0.1,0.1015625,0.1015625,0.3429828097430626,3.429828097430626e-07,mle,0.10793396595469892,0.42606405707832157,ok,True,True,extraction,
audusd,3916,2021-06-07,3404,3915,512,-0.7037790657697875,linear,52,0,52,52,0,52,0.1,0.1015625,0.1015625,0.3436477462385621,3.436477462385621e-07,mle,0.1080591454726666,0.4221904240135399,ok,True,True,extraction,
audusd,3917,2021-06-08,3405,3916,512,-0.7037790657697875,linear,52,0,52,52,0,52,0.1,0.1015625,0.1015625,0.34436539320983317,3.4436539320983317e-07,mle,0.1080591454726666,0.4221904240135399,ok,True,True,extraction,
audusd,3918,2021-06-09,3406,3917,512,-0.7037790657697875,linear,52,0,52,52,0,52,0.1,0.1015625,0.1015625,0.3436477462385621,3.436477462385621e-07,mle,0.1080591454726666,0.4221904240135399,ok,True,True,extraction,
audusd,3919,2021-06-10,3407,3918,512,-0.7037790657697875,linear,52,0,52,52,0,52,0.1,0.1015625,0.1015625,0.3445161640606573,3.445161640606573e-07,mle,0.1080591454726666,0.4221904240135399,ok,True,True,extraction,
audusd,3920,2021-06-11,3408,3919,512,-0.7037790657697875,linear,52,0,52,52,0,52,0.1,0.1015625,0.1015625,0.34337499269361416,3.4337499269361414e-07,mle,0.1080591454726666,0.4221904240135399,ok,True,True,extraction,
audusd,3921,2021-06-14,3409,3920,512,-0.7037790657697875,linear,52,0,52,52,0,52,0.1,0.1015625,0.1015625,0.3445161640606573,3.445161640606573e-07,mle,0.1080591454726666,0.4221904240135399,ok,True,True,extraction,
audusd,3922,2021-06-15,3410,3921,512,-0.7037790657697875,linear,52,0,52,52,0,52,0.1,0.1015625,0.1015625,0.34433026855390036,3.4433026855390034e-07,mle,0.1080591454726666,0.4221904240135399,ok,True,True,extraction,
audusd,3923,2021-06-16,3411,3922,512,-0.7037790657697875,linear,52,0,52,52,0,52,0.1,0.1015625,0.1015625,0.34433026855390036,3.4433026855390034e-07,mle,0.1080591454726666,0.4221904240135399,ok,True,True,extraction,
audusd,3924,2021-06-17,3412,3923,512,-0.7037790657697875,linear,52,0,52,52,0,52,0.1,0.1015625,0.1015625,0.3487939473376609,3.4879394733766086e-07,mle,0.1080591454726666,0.4221904240135399,ok,True,True,extraction,
audusd,3925,2021-06-18,3413,3924,512,-0.7037790657697875,linear,52,0,52,52,0,52,0.1,0.1015625,0.1015625,0.3487939473376609,3.4879394733766086e-07,mle,0.10180501011806091,0.42625519544814994,ok,True,True,extraction,
audusd,3926,2021-06-21,3414,3925,512,-0.7048123898413253,linear,52,0,52,52,0,52,0.1,0.1015625,0.1015625,0.34917005029496995,3.491700502949699e-07,mle,0.09568918442376126,0.4296096108183898,ok,True,True,extraction,
audusd,3927,2021-06-22,3415,3926,512,-0.7048123898413253,linear,52,0,52,52,0,52,0.1,0.1015625,0.1015625,0.3497237747127995,3.4972377471279947e-07,mle,0.09568918442376126,0.4296096108183898,ok,True,True,extraction,
audusd,3928,2021-06-23,3416,3927,512,-0.7048123898413253,linear,52,0,52,52,0,52,0.1,0.1015625,0.1015625,0.3499593300104376,3.499593300104376e-07,mle,0.09568918442376126,0.4296096108183898,ok,True,True,extraction,
audusd,3929,2021-06-24,3417,3928,512,-0.7048123898413253,linear,52,0,52,52,0,52,0.1,0.1015625,0.1015625,0.3487939473376609,3.4879394733766086e-07,mle,0.09568918442376126,0.4296096108183898,ok,True,True,extraction,
audusd,3930,2021-06-25,3418,3929,512,-0.7048123898413253,linear,52,0,52,52,0,52,0.1,0.1015625,0.1015625,0.3464185081633787,3.464185081633787e-07,mle,0.09568918442376126,0.4296096108183898,ok,True,True,extraction,
audusd,3931,2021-06-28,3419,3930,512,-0.7048123898413253,linear,52,0,52,52,0,52,0.1,0.1015625,0.1015625,0.345187347923653,3.45187347923653e-07,mle,0.09568918442376126,0.4296096108183898,ok,True,True,extraction,
audusd,3932,2021-06-29,3420,3931,512,-0.7048123898413253,linear,52,0,52,52,0,52,0.1,0.1015625,0.1015625,0.3445161640606573,3.445161640606573e-07,mle,0.09568918442376126,0.4296096108183898,ok,True,True,extraction,
audusd,3933,2021-06-30,3421,3932,512,-0.7048123898413253,linear,52,0,52,52,0,52,0.1,0.1015625,0.1015625,0.34433026855390036,3.4433026855390034e-07,mle,0.09568918442376126,0.4296096108183898,ok,True,True,extraction,
audusd,3934,2021-07-01,3422,3933,512,-0.7054018127499219,linear,52,0,52,52,0,52,0.1,0.1015625,0.1015625,0.3478386714773747,3.4783867147737466e-07,mle,0.09483515354958975,0.429862556092351,ok,True,True,extraction,
audusd,3935,2021-07-02,3423,3934,512,-0.7054018127499219,linear,52,0,52,52,0,52,0.1,0.1015625,0.1015625,0.3485556120969721,3.485556120969721e-07,mle,0.09483515354958975,0.429862556092351,ok,True,True,extraction,
audusd,3936,2021-07-05,3424,3935,512,-0.7054018127499219,linear,52,0,52,52,0,52,0.1,0.1015625,0.1015625,0.34917005029496995,3.491700502949699e-07,mle,0.09483515354958975,0.429862556092351,ok,True,True,extraction,
audusd,3937,2021-07-06,3425,3936,512,-0.7054018127499219,linear,52,0,52,52,0,52,0.1,0.1015625,0.1015625,0.3487939473376609,3.4879394733766086e-07,mle,0.09483515354958975,0.429862556092351,ok,True,True,extraction,
audusd,3938,2021-07-07,3426,3937,512,-0.7054018127499219,linear,52,0,52,52,0,52,0.1,0.1015625,0.1015625,0.3478386714773747,3.4783867147737466e-07,mle,0.09483515354958975,0.429862556092351,ok,True,True,extraction,
audusd,3939,2021-07-08,3427,3938,512,-0.7054018127499219,linear,52,0,52,52,0,52,0.1,0.1015625,0.1015625,0.3478386714773747,3.4783867147737466e-07,mle,0.09483515354958975,0.429862556092351,ok,True,True,extraction,
audusd,3940,2021-07-09,3428,3939,512,-0.7054018127499219,linear,52,0,52,52,0,52,0.1,0.1015625,0.1015625,0.3478386714773747,3.4783867147737466e-07,mle,0.09483515354958975,0.429862556092351,ok,True,True,extraction,
audusd,3941,2021-07-12,3429,3940,512,-0.7054018127499219,linear,52,0,52,52,0,52,0.1,0.1015625,0.1015625,0.3478386714773747,3.4783867147737466e-07,mle,0.09483515354958975,0.429862556092351,ok,True,True,extraction,
audusd,3942,2021-07-13,3430,3941,512,-0.7054018127499219,linear,52,0,52,52,0,52,0.1,0.1015625,0.1015625,0.3464185081633787,3.464185081633787e-07,mle,0.09483515354958975,0.429862556092351,ok,True,True,extraction,
audusd,3943,2021-07-14,3431,3942,512,-0.7054018127499219,linear,52,0,52,52,0,52,0.1,0.1015625,0.1015625,0.34433026855390036,3.4433026855390034e-07,mle,0.09483515354958975,0.429862556092351,ok,True,True,extraction,
audusd,3944,2021-07-15,3432,3943,512,-0.7054018127499219,linear,52,0,52,52,0,52,0.1,0.1015625,0.1015625,0.34433026855390036,3.4433026855390034e-07,mle,0.09483515354958975,0.429862556092351,ok,True,True,extraction,
audusd,3945,2021-07-16,3433,3944,512,-0.7054018127499219,linear,52,0,52,52,0,52,0.1,0.1015625,0.1015625,0.34533549507186373,3.453354950718637e-07,mle,0.09483515354958975,0.429862556092351,ok,True,True,extraction,
audusd,3946,2021-07-19,3434,3945,512,-0.7091276194175574,linear,52,0,52,52,0,52,0.1,0.1015625,0.1015625,0.34533549507186373,3.453354950718637e-07,mle,0.09778635654292701,0.4262182465334704,ok,True,True,extraction,
audusd,3947,2021-07-20,3435,3946,512,-0.7091276194175574,linear,52,0,52,52,0,52,0.1,0.1015625,0.1015625,0.34533549507186373,3.453354950718637e-07,mle,0.09778635654292701,0.4262182465334704,ok,True,True,extraction,
audusd,3948,2021-07-21,3436,3947,512,-0.7091276194175574,linear,52,0,52,52,0,52,0.1,0.1015625,0.1015625,0.34533549507186373,3.453354950718637e-07,mle,0.09778635654292701,0.4262182465334704,ok,True,True,extraction,
audusd,3949,2021-07-22,3437,3948,512,-0.7091276194175574,linear,52,0,52,52,0,52,0.1,0.1015625,0.1015625,0.34533549507186373,3.453354950718637e-07,mle,0.09778635654292701,0.4262182465334704,ok,True,True,extraction,
audusd,3950,2021-07-23,3438,3949,512,-0.7091276194175574,linear,52,0,52,52,0,52,0.1,0.1015625,0.1015625,0.34436539320983317,3.4436539320983317e-07,mle,0.09778635654292701,0.4262182465334704,ok,True,True,extraction,
audusd,3951,2021-07-26,3439,3950,512,-0.7091276194175574,linear,52,0,52,52,0,52,0.1,0.1015625,0.1015625,0.3453191723589555,3.4531917235895545e-07,mle,0.09778635654292701,0.4262182465334704,ok,True,True,extraction,
audusd,3952,2021-07-27,3440,3951,512,-0.7091276194175574,linear,52,0,52,52,0,52,0.1,0.1015625,0.1015625,0.3453191723589555,3.4531917235895545e-07,mle,0.09778635654292701,0.4262182465334704,ok,True,True,extraction,
audusd,3953,2021-07-28,3441,3952,512,-0.7091276194175574,linear,52,0,52,52,0,52,0.1,0.1015625,0.1015625,0.3433950329226,3.433950329226e-07,mle,0.09778635654292701,0.4262182465334704,ok,True,True,extraction,
audusd,3954,2021-07-29,3442,3953,512,-0.7091276194175574,linear,52,0,52,52,0,52,0.1,0.1015625,0.1015625,0.3429828097430626,3.429828097430626e-07,mle,0.09778635654292701,0.4262182465334704,ok,True,True,extraction,
audusd,3955,2021-07-30,3443,3954,512,-0.7091276194175574,linear,52,0,52,52,0,52,0.1,0.1015625,0.1015625,0.343297134992279,3.4329713499227897e-07,mle,0.09778635654292701,0.4262182465334704,ok,True,True,extraction,
audusd,3956,2021-08-02,3444,3955,512,-0.7091276194175574,linear,52,0,52,52,0,52,0.1,0.1015625,0.1015625,0.34140016721116434,3.414001672111643e-07,mle,0.09778635654292701,0.4262182465334704,ok,True,True,extraction,
audusd,3957,2021-08-03,3445,3956,512,-0.7250012219584335,linear,52,0,52,52,0,52,0.1,0.1015625,0.1015625,0.34140016721116434,3.414001672111643e-07,mle,0.14228020724549467,0.3925960175953326,ok,True,True,extraction,
audusd,3958,2021-08-04,3446,3957,512,-0.7250012219584335,linear,52,0,52,52,0,52,0.1,0.1015625,0.1015625,0.34140016721116434,3.414001672111643e-07,mle,0.14228020724549467,0.3925960175953326,ok,True,True,extraction,
audusd,3959,2021-08-05,3447,3958,512,-0.7250012219584335,linear,52,0,52,52,0,52,0.1,0.1015625,0.1015625,0.343297134992279,3.4329713499227897e-07,mle,0.14228020724549467,0.3925960175953326,ok,True,True,extraction,
audusd,3960,2021-08-06,3448,3959,512,-0.7250012219584335,linear,52,0,52,52,0,52,0.1,0.1015625,0.1015625,0.34140016721116434,3.414001672111643e-07,mle,0.14228020724549467,0.3925960175953326,ok,True,True,extraction,
audusd,3961,2021-08-09,3449,3960,512,-0.7250012219584335,linear,52,0,52,52,0,52,0.1,0.1015625,0.1015625,0.34140016721116434,3.414001672111643e-07,mle,0.14228020724549467,0.3925960175953326,ok,True,True,extraction,
audusd,3962,2021-08-10,3450,3961,512,-0.7296578989197939,linear,52,0,52,52,0,52,0.1,0.1015625,0.1015625,0.3429828097430626,3.429828097430626e-07,mle,0.13828745309343254,0.39284945275059785,ok,True,True,extraction,
audusd,3963,2021-08-11,3451,3962,512,-0.7296578989197939,linear,52,0,52,52,0,52,0.1,0.1015625,0.1015625,0.34288491181274156,3.4288491181274154e-07,mle,0.13828745309343254,0.39284945275059785,ok,True,True,extraction,
audusd,3964,2021-08-12,3452,3963,512,-0.7296578989197939,linear,52,0,52,52,0,52,0.1,0.1015625,0.1015625,0.34068252023989326,3.4068252023989327e-07,mle,0.13828745309343254,0.39284945275059785,ok,True,True,extraction,
audusd,3965,2021-08-13,3453,3964,512,-0.7296578989197939,linear,52,0,52,52,0,52,0.1,0.1015625,0.1015625,0.34068252023989326,3.4068252023989327e-07,mle,0.13828745309343254,0.39284945275059785,ok,True,True,extraction,
audusd,3966,2021-08-16,3454,3965,512,-0.7296578989197939,linear,52,0,52,52,0,52,0.1,0.1015625,0.1015625,0.34140016721116434,3.414001672111643e-07,mle,0.13828745309343254,0.39284945275059785,ok,True,True,extraction,
audusd,3967,2021-08-17,3455,3966,512,-0.7296578989197939,linear,52,0,52,52,0,52,0.1,0.1015625,0.1015625,0.3404489219511909,3.404489219511909e-07,mle,0.13828745309343254,0.39284945275059785,ok,True,True,extraction,
audusd,3968,2021-08-18,3456,3967,512,-0.7296578989197939,linear,52,0,52,52,0,52,0.1,0.1015625,0.1015625,0.34395491215020413,3.439549121502041e-07,mle,0.13828745309343254,0.39284945275059785,ok,True,True,extraction,
audusd,3969,2021-08-19,3457,3968,512,-0.744269179385123,linear,52,0,52,52,0,52,0.1,0.1015625,0.1015625,0.3469010231216132,3.469010231216132e-07,mle,0.14576163591322278,0.3843508804505709,ok,True,True,extraction,
audusd,3970,2021-08-20,3458,3969,512,-0.744269179385123,linear,52,0,52,52,0,52,0.1,0.1015625,0.1015625,0.34754716905179317,3.4754716905179317e-07,mle,0.14576163591322278,0.3843508804505709,ok,True,True,extraction,
audusd,3971,2021-08-23,3459,3970,512,-0.7460477634180368,linear,52,0,52,52,0,52,0.1,0.1015625,0.1015625,0.3469018148908537,3.469018148908537e-07,mle,0.11385892294733427,0.40393255666696437,ok,True,True,extraction,
audusd,3972,2021-08-24,3460,3971,512,-0.7460477634180368,linear,52,0,52,52,0,52,0.1,0.1015625,0.1015625,0.3433950329226,3.433950329226e-07,mle,0.11385892294733427,0.40393255666696437,ok,True,True,extraction,
audusd,3973,2021-08-25,3461,3972,512,-0.7460477634180368,linear,52,0,52,52,0,52,0.1,0.1015625,0.1015625,0.3453191723589555,3.4531917235895545e-07,mle,0.11385892294733427,0.40393255666696437,ok,True,True,extraction,
audusd,3974,2021-08-26,3462,3973,512,-0.7460477634180368,linear,52,0,52,52,0,52,0.1,0.1015625,0.1015625,0.3453191723589555,3.4531917235895545e-07,mle,0.11385892294733427,0.40393255666696437,ok,True,True,extraction,
audusd,3975,2021-08-27,3463,3974,512,-0.7460477634180368,linear,52,0,52,52,0,52,0.1,0.1015625,0.1015625,0.34743969546403264,3.474396954640326e-07,mle,0.11385892294733427,0.40393255666696437,ok,True,True,extraction,
audusd,3976,2021-08-30,3464,3975,512,-0.7460477634180368,linear,52,0,52,52,0,52,0.1,0.1015625,0.1015625,0.34817366514821196,3.4817366514821195e-07,mle,0.11385892294733427,0.40393255666696437,ok,True,True,extraction,
audusd,3977,2021-08-31,3465,3976,512,-0.7460477634180368,linear,52,0,52,52,0,52,0.1,0.1015625,0.1015625,0.35020527817232805,3.5020527817232804e-07,mle,0.11385892294733427,0.40393255666696437,ok,True,True,extraction,
audusd,3978,2021-09-01,3466,3977,512,-0.7460477634180368,linear,52,0,52,52,0,52,0.1,0.1015625,0.1015625,0.35334597708819293,3.533459770881929e-07,mle,0.11385892294733427,0.40393255666696437,ok,True,True,extraction,
audusd,3979,2021-09-02,3467,3978,512,-0.7460477634180368,linear,52,0,52,52,0,52,0.1,0.1015625,0.1015625,0.35334597708819293,3.533459770881929e-07,mle,0.11385892294733427,0.40393255666696437,ok,True,True,extraction,
audusd,3980,2021-09-03,3468,3979,512,-0.7460477634180368,linear,52,0,52,52,0,52,0.1,0.1015625,0.1015625,0.3539710779649553,3.539710779649553e-07,mle,0.11385892294733427,0.40393255666696437,ok,True,True,extraction,
audusd,3981,2021-09-06,3469,3980,512,-0.7460477634180368,linear,52,0,52,52,0,52,0.1,0.1015625,0.1015625,0.3555064902418801,3.5550649024188006e-07,mle,0.11385892294733427,0.40393255666696437,ok,True,True,extraction,
audusd,3982,2021-09-07,3470,3981,512,-0.7460477634180368,linear,52,0,52,52,0,52,0.1,0.1015625,0.1015625,0.3540779695832965,3.540779695832965e-07,mle,0.11385892294733427,0.40393255666696437,ok,True,True,extraction,
audusd,3983,2021-09-08,3471,3982,512,-0.7460477634180368,linear,52,0,52,52,0,52,0.1,0.1015625,0.1015625,0.3523657913260152,3.523657913260152e-07,mle,0.11385892294733427,0.40393255666696437,ok,True,True,extraction,
audusd,3984,2021-09-09,3472,3983,512,-0.7460477634180368,linear,52,0,52,52,0,52,0.1,0.1015625,0.1015625,0.3523657913260152,3.523657913260152e-07,mle,0.11385892294733427,0.40393255666696437,ok,True,True,extraction,
audusd,3985,2021-09-10,3473,3984,512,-0.7460477634180368,linear,52,0,52,52,0,52,0.1,0.1015625,0.1015625,0.3539710779649553,3.539710779649553e-07,mle,0.11385892294733427,0.40393255666696437,ok,True,True,extraction,
audusd,3986,2021-09-13,3474,3985,512,-0.7460477634180368,linear,52,0,52,52,0,52,0.1,0.1015625,0.1015625,0.3539710779649553,3.539710779649553e-07,mle,0.11385892294733427,0.40393255666696437,ok,True,True,extraction,
audusd,3987,2021-09-14,3475,3986,512,-0.7460477634180368,linear,52,0,52,52,0,52,0.1,0.1015625,0.1015625,0.35189918033450795,3.5189918033450793e-07,mle,0.11385892294733427,0.40393255666696437,ok,True,True,extraction,
audusd,3988,2021-09-15,3476,3987,512,-0.7460477634180368,linear,52,0,52,52,0,52,0.1,0.1015625,0.1015625,0.35189918033450795,3.5189918033450793e-07,mle,0.11385892294733427,0.40393255666696437,ok,True,True,extraction,
audusd,3989,2021-09-16,3477,3988,512,-0.7460477634180368,linear,52,0,52,52,0,52,0.1,0.1015625,0.1015625,0.35503987925037284,3.550398792503728e-07,mle,0.11385892294733427,0.40393255666696437,ok,True,True,extraction,
audusd,3990,2021-09-17,3478,3989,512,-0.7460477634180368,linear,52,0,52,52,0,52,0.1,0.1015625,0.1015625,0.3539710779649553,3.539710779649553e-07,mle,0.11385892294733427,0.40393255666696437,ok,True,True,extraction,
audusd,3991,2021-09-20,3479,3990,512,-0.7460477634180368,linear,52,0,52,52,0,52,0.1,0.1015625,0.1015625,0.3539710779649553,3.539710779649553e-07,mle,0.11385892294733427,0.40393255666696437,ok,True,True,extraction,
audusd,3992,2021-09-21,3480,3991,512,-0.7460477634180368,linear,52,0,52,52,0,52,0.1,0.1015625,0.1015625,0.3555064902418801,3.5550649024188006e-07,mle,0.11385892294733427,0.40393255666696437,ok,True,True,extraction,
audusd,3993,2021-09-22,3481,3992,512,-0.7460477634180368,linear,52,0,52,52,0,52,0.1,0.1015625,0.1015625,0.35503987925037284,3.550398792503728e-07,mle,0.11385892294733427,0.40393255666696437,ok,True,True,extraction,
audusd,3994,2021-09-23,3482,3993,512,-0.7460477634180368,linear,52,0,52,52,0,52,0.1,0.1015625,0.1015625,0.35693630396362414,3.569363039636241e-07,mle,0.11385892294733427,0.40393255666696437,ok,True,True,extraction,
audusd,3995,2021-09-24,3483,3994,512,-0.7460477634180368,linear,52,0,52,52,0,52,0.1,0.1015625,0.1015625,0.35503987925037284,3.550398792503728e-07,mle,0.11385892294733427,0.40393255666696437,ok,True,True,extraction,
audusd,3996,2021-09-27,3484,3995,512,-0.7460477634180368,linear,52,0,52,52,0,52,0.1,0.1015625,0.1015625,0.3555064902418801,3.5550649024188006e-07,mle,0.11385892294733427,0.40393255666696437,ok,True,True,extraction,
audusd,3997,2021-09-28,3485,3996,512,-0.7460477634180368,linear,52,0,52,52,0,52,0.1,0.1015625,0.1015625,0.3571680164661501,3.571680164661501e-07,mle,0.11385892294733427,0.40393255666696437,ok,True,True,extraction,
audusd,3998,2021-09-29,3486,3997,512,-0.7460477634180368,linear,52,0,52,52,0,52,0.1,0.1015625,0.1015625,0.3555064902418801,3.5550649024188006e-07,mle,0.11385892294733427,0.40393255666696437,ok,True,True,extraction,
audusd,3999,2021-09-30,3487,3998,512,-0.7460477634180368,linear,52,0,52,52,0,52,0.1,0.1015625,0.1015625,0.35594315936410054,3.559431593641005e-07,mle,0.11385892294733427,0.40393255666696437,ok,True,True,extraction,
audusd,4000,2021-10-01,3488,3999,512,-0.750706028048921,linear,52,0,52,52,0,52,0.1,0.1015625,0.1015625,0.3580712965798778,3.5807129657987777e-07,mle,0.11155574924989327,0.4032728430890564,ok,True,True,extraction,
audusd,4001,2021-10-04,3489,4000,512,-0.750706028048921,linear,52,0,52,52,0,52,0.1,0.1015625,0.1015625,0.36052670651822816,3.605267065182281e-07,mle,0.11155574924989327,0.4032728430890564,ok,True,True,extraction,
audusd,4002,2021-10-05,3490,4001,512,-0.750706028048921,linear,52,0,52,52,0,52,0.1,0.1015625,0.1015625,0.3634894957697877,3.634894957697877e-07,mle,0.11155574924989327,0.4032728430890564,ok,True,True,extraction,
audusd,4003,2021-10-06,3491,4002,512,-0.750706028048921,linear,52,0,52,52,0,52,0.1,0.1015625,0.1015625,0.36052670651822816,3.605267065182281e-07,mle,0.11155574924989327,0.4032728430890564,ok,True,True,extraction,
audusd,4004,2021-10-07,3492,4003,512,-0.750706028048921,linear,52,0,52,52,0,52,0.1,0.1015625,0.1015625,0.36052670651822816,3.605267065182281e-07,mle,0.11155574924989327,0.4032728430890564,ok,True,True,extraction,
audusd,4005,2021-10-08,3493,4004,512,-0.750706028048921,linear,52,0,52,52,0,52,0.1,0.1015625,0.1015625,0.3605242697711189,3.6052426977111887e-07,mle,0.11155574924989327,0.4032728430890564,ok,True,True,extraction,
audusd,4006,2021-10-11,3494,4005,512,-0.750706028048921,linear,52,0,52,52,0,52,0.1,0.1015625,0.1015625,0.3615174143706425,3.6151741437064247e-07,mle,0.11155574924989327,0.4032728430890564,ok,True,True,extraction,
audusd,4007,2021-10-12,3495,4006,512,-0.750706028048921,linear,52,0,52,52,0,52,0.1,0.1015625,0.1015625,0.3615174143706425,3.6151741437064247e-07,mle,0.11155574924989327,0.4032728430890564,ok,True,True,extraction,
audusd,4008,2021-10-13,3496,4007,512,-0.750706028048921,linear,52,0,52,52,0,52,0.1,0.1015625,0.1015625,0.3634894957697877,3.634894957697877e-07,mle,0.11155574924989327,0.4032728430890564,ok,True,True,extraction,
audusd,4009,2021-10-14,3497,4008,512,-0.750706028048921,linear,52,0,52,52,0,52,0.1,0.1015625,0.1015625,0.3615174143706425,3.6151741437064247e-07,mle,0.11155574924989327,0.4032728430890564,ok,True,True,extraction,
audusd,4010,2021-10-15,3498,4009,512,-0.750706028048921,linear,52,0,52,52,0,52,0.1,0.1015625,0.1015625,0.36350178858350873,3.6350178858350874e-07,mle,0.11155574924989327,0.4032728430890564,ok,True,True,extraction,
audusd,4011,2021-10-18,3499,4010,512,-0.750706028048921,linear,52,0,52,52,0,52,0.1,0.1015625,0.1015625,0.36350178858350873,3.6350178858350874e-07,mle,0.11155574924989327,0.4032728430890564,ok,True,True,extraction,
audusd,4012,2021-10-19,3500,4011,512,-0.750706028048921,linear,52,0,52,52,0,52,0.1,0.1015625,0.1015625,0.3615174143706425,3.6151741437064247e-07,mle,0.11155574924989327,0.4032728430890564,ok,True,True,extraction,
audusd,4013,2021-10-20,3501,4012,512,-0.750706028048921,linear,52,0,52,52,0,52,0.1,0.1015625,0.1015625,0.3615174143706425,3.6151741437064247e-07,mle,0.11155574924989327,0.4032728430890564,ok,True,True,extraction,
audusd,4014,2021-10-21,3502,4013,512,-0.750706028048921,linear,52,0,52,52,0,52,0.1,0.1015625,0.1015625,0.36350178858350873,3.6350178858350874e-07,mle,0.11155574924989327,0.4032728430890564,ok,True,True,extraction,
audusd,4015,2021-10-22,3503,4014,512,-0.750706028048921,linear,52,0,52,52,0,52,0.1,0.1015625,0.1015625,0.36488863570932256,3.6488863570932255e-07,mle,0.11155574924989327,0.4032728430890564,ok,True,True,extraction,
audusd,4016,2021-10-25,3504,4015,512,-0.750706028048921,linear,52,0,52,52,0,52,0.1,0.1015625,0.1015625,0.36659247844263754,3.6659247844263755e-07,mle,0.11155574924989327,0.4032728430890564,ok,True,True,extraction,
audusd,4017,2021-10-26,3505,4016,512,-0.750706028048921,linear,52,0,52,52,0,52,0.1,0.1015625,0.1015625,0.36519929461774014,3.651992946177401e-07,mle,0.11155574924989327,0.4032728430890564,ok,True,True,extraction,
audusd,4018,2021-10-27,3506,4017,512,-0.750706028048921,linear,52,0,52,52,0,52,0.1,0.1015625,0.1015625,0.36519929461774014,3.651992946177401e-07,mle,0.11155574924989327,0.4032728430890564,ok,True,True,extraction,
audusd,4019,2021-10-28,3507,4018,512,-0.750706028048921,linear,52,0,52,52,0,52,0.1,0.1015625,0.1015625,0.36497605574802794,3.6497605574802794e-07,mle,0.11155574924989327,0.4032728430890564,ok,True,True,extraction,
audusd,4020,2021-10-29,3508,4019,512,-0.750706028048921,linear,52,0,52,52,0,52,0.1,0.1015625,0.1015625,0.36497605574802794,3.6497605574802794e-07,mle,0.11155574924989327,0.4032728430890564,ok,True,True,extraction,
audusd,4021,2021-11-01,3509,4020,512,-0.750706028048921,linear,52,0,52,52,0,52,0.1,0.1015625,0.1015625,0.36843993756925475,3.6843993756925476e-07,mle,0.11155574924989327,0.4032728430890564,ok,True,True,extraction,
audusd,4022,2021-11-02,3510,4021,512,-0.750706028048921,linear,52,0,52,52,0,52,0.1,0.1015625,0.1015625,0.36843993756925475,3.6843993756925476e-07,mle,0.11155574924989327,0.4032728430890564,ok,True,True,extraction,
audusd,4023,2021-11-03,3511,4022,512,-0.7460477634180368,linear,52,0,52,52,0,52,0.1,0.1015625,0.1015625,0.364078616513399,3.64078616513399e-07,mle,0.09953425709148961,0.4127264920668523,ok,True,True,extraction,
audusd,4024,2021-11-04,3512,4023,512,-0.7571648306772568,linear,52,0,52,52,0,52,0.1,0.1015625,0.1015625,0.36497605574802794,3.6497605574802794e-07,mle,0.1003724564838995,0.40826392776497344,ok,True,True,extraction,
audusd,4025,2021-11-05,3513,4024,512,-0.7571648306772568,linear,52,0,52,52,0,52,0.1,0.1015625,0.1015625,0.3675974672326664,3.675974672326664e-07,mle,0.1003724564838995,0.40826392776497344,ok,True,True,extraction,
audusd,4026,2021-11-08,3514,4025,512,-0.7615520820045563,linear,52,0,52,52,0,52,0.1,0.1015625,0.1015625,0.36871814533700753,3.687181453370075e-07,mle,0.10728942920955421,0.4019757406075376,ok,True,True,extraction,
audusd,4027,2021-11-09,3515,4026,512,-0.7615520820045563,linear,52,0,52,52,0,52,0.1,0.1015625,0.1015625,0.36843993756925475,3.6843993756925476e-07,mle,0.10728942920955421,0.4019757406075376,ok,True,True,extraction,
audusd,4028,2021-11-10,3516,4027,512,-0.7615520820045563,linear,52,0,52,52,0,52,0.1,0.1015625,0.1015625,0.3675974672326664,3.675974672326664e-07,mle,0.10728942920955421,0.4019757406075376,ok,True,True,extraction,
audusd,4029,2021-11-11,3517,4028,512,-0.7615520820045563,linear,52,0,52,52,0,52,0.1,0.1015625,0.1015625,0.36871814533700753,3.687181453370075e-07,mle,0.10728942920955421,0.4019757406075376,ok,True,True,extraction,
audusd,4030,2021-11-12,3518,4029,512,-0.7615520820045563,linear,52,0,52,52,0,52,0.1,0.1015625,0.1015625,0.3689149694753414,3.689149694753414e-07,mle,0.10728942920955421,0.4019757406075376,ok,True,True,extraction,
audusd,4031,2021-11-15,3519,4030,512,-0.7615520820045563,linear,52,0,52,52,0,52,0.1,0.1015625,0.1015625,0.37070251954987377,3.7070251954987376e-07,mle,0.10728942920955421,0.4019757406075376,ok,True,True,extraction,
audusd,4032,2021-11-16,3520,4031,512,-0.7615520820045563,linear,52,0,52,52,0,52,0.1,0.1015625,0.1015625,0.37301004150362,3.7301004150362e-07,mle,0.10728942920955421,0.4019757406075376,ok,True,True,extraction,
audusd,4033,2021-11-17,3521,4032,512,-0.7615520820045563,linear,52,0,52,52,0,52,0.1,0.1015625,0.1015625,0.37390748073824887,3.7390748073824883e-07,mle,0.10728942920955421,0.4019757406075376,ok,True,True,extraction,
audusd,4034,2021-11-18,3522,4033,512,-0.7615520820045563,linear,52,0,52,52,0,52,0.1,0.1015625,0.1015625,0.37504622005229216,3.750462200522921e-07,mle,0.10728942920955421,0.4019757406075376,ok,True,True,extraction,
audusd,4035,2021-11-19,3523,4034,512,-0.7615520820045563,linear,52,0,52,52,0,52,0.1,0.1015625,0.1015625,0.3745848692844256,3.7458486928442555e-07,mle,0.10728942920955421,0.4019757406075376,ok,True,True,extraction,
audusd,4036,2021-11-22,3524,4035,512,-0.7615520820045563,linear,52,0,52,52,0,52,0.1,0.1015625,0.1015625,0.37301004150362,3.7301004150362e-07,mle,0.10728942920955421,0.4019757406075376,ok,True,True,extraction,
audusd,4037,2021-11-23,3525,4036,512,-0.7615520820045563,linear,52,0,52,52,0,52,0.1,0.1015625,0.1015625,0.3745848692844256,3.7458486928442555e-07,mle,0.10728942920955421,0.4019757406075376,ok,True,True,extraction,
audusd,4038,2021-11-24,3526,4037,512,-0.7615520820045563,linear,52,0,52,52,0,52,0.1,0.1015625,0.1015625,0.3745848692844256,3.7458486928442555e-07,mle,0.10728942920955421,0.4019757406075376,ok,True,True,extraction,
audusd,4039,2021-11-25,3527,4038,512,-0.7615520820045563,linear,52,0,52,52,0,52,0.1,0.1015625,0.1015625,0.3729582093341285,3.729582093341285e-07,mle,0.10728942920955421,0.4019757406075376,ok,True,True,extraction,
audusd,4040,2021-11-26,3528,4039,512,-0.7615520820045563,linear,52,0,52,52,0,52,0.1,0.1015625,0.1015625,0.3729582093341285,3.729582093341285e-07,mle,0.10728942920955421,0.4019757406075376,ok,True,True,extraction,
audusd,4041,2021-11-29,3529,4040,512,-0.7615520820045563,linear,52,0,52,52,0,52,0.1,0.1015625,0.1015625,0.37624293119417723,3.762429311941772e-07,mle,0.10728942920955421,0.4019757406075376,ok,True,True,extraction,
audusd,4042,2021-11-30,3530,4041,512,-0.7615520820045563,linear,52,0,52,52,0,52,0.1,0.1015625,0.1015625,0.3745729533887931,3.7457295338879306e-07,mle,0.10728942920955421,0.4019757406075376,ok,True,True,extraction,
audusd,4043,2021-12-01,3531,4042,512,-0.7615520820045563,linear,52,0,52,52,0,52,0.1,0.1015625,0.1015625,0.37227734733067935,3.7227734733067934e-07,mle,0.10728942920955421,0.4019757406075376,ok,True,True,extraction,
audusd,4044,2021-12-02,3532,4043,512,-0.7603192150457704,linear,52,0,52,52,0,52,0.1,0.1015625,0.1015625,0.3718441656773725,3.7184416567737245e-07,mle,0.10394238137395076,0.4045696928083081,ok,True,True,extraction,
audusd,4045,2021-12-03,3533,4044,512,-0.7603192150457704,linear,52,0,52,52,0,52,0.1,0.1015625,0.1015625,0.3718441656773725,3.7184416567737245e-07,mle,0.10394238137395076,0.4045696928083081,ok,True,True,extraction,
audusd,4046,2021-12-06,3534,4045,512,-0.7603192150457704,linear,52,0,52,52,0,52,0.1,0.1015625,0.1015625,0.3718441656773725,3.7184416567737245e-07,mle,0.10394238137395076,0.4045696928083081,ok,True,True,extraction,
audusd,4047,2021-12-07,3535,4046,512,-0.7692343353239603,linear,52,0,52,52,0,52,0.1,0.1015625,0.1015625,0.3724633014260634,3.7246330142606334e-07,mle,0.10646864096389036,0.39938356533514896,ok,True,True,extraction,
audusd,4048,2021-12-08,3536,4047,512,-0.7692343353239603,linear,52,0,52,52,0,52,0.1,0.1015625,0.1015625,0.3724633014260634,3.7246330142606334e-07,mle,0.10646864096389036,0.39938356533514896,ok,True,True,extraction,
audusd,4049,2021-12-09,3537,4048,512,-0.7692343353239603,linear,52,0,52,52,0,52,0.1,0.1015625,0.1015625,0.37441797950323896,3.7441797950323896e-07,mle,0.10646864096389036,0.39938356533514896,ok,True,True,extraction,
audusd,4050,2021-12-10,3538,4049,512,-0.7692343353239603,linear,52,0,52,52,0,52,0.1,0.1015625,0.1015625,0.3783377434104366,3.7833774341043654e-07,mle,0.10646864096389036,0.39938356533514896,ok,True,True,extraction,
audusd,4051,2021-12-13,3539,4050,512,-0.7692343353239603,linear,52,0,52,52,0,52,0.1,0.1015625,0.1015625,0.3783377434104366,3.7833774341043654e-07,mle,0.10646864096389036,0.39938356533514896,ok,True,True,extraction,
audusd,4052,2021-12-14,3540,4051,512,-0.7692343353239603,linear,52,0,52,52,0,52,0.1,0.1015625,0.1015625,0.3783377434104366,3.7833774341043654e-07,mle,0.10646864096389036,0.39938356533514896,ok,True,True,extraction,
audusd,4053,2021-12-15,3541,4052,512,-0.7692343353239603,linear,52,0,52,52,0,52,0.1,0.1015625,0.1015625,0.3806268569645116,3.8062685696451156e-07,mle,0.10646864096389036,0.39938356533514896,ok,True,True,extraction,
audusd,4054,2021-12-16,3542,4053,512,-0.7692343353239603,linear,52,0,52,52,0,52,0.1,0.1015625,0.1015625,0.3810744289047279,3.810744289047279e-07,mle,0.10646864096389036,0.39938356533514896,ok,True,True,extraction,
audusd,4055,2021-12-17,3543,4054,512,-0.7692343353239603,linear,52,0,52,52,0,52,0.1,0.1015625,0.1015625,0.38517848054450965,3.8517848054450963e-07,mle,0.10646864096389036,0.39938356533514896,ok,True,True,extraction,
audusd,4056,2021-12-20,3544,4055,512,-0.7692343353239603,linear,52,0,52,52,0,52,0.1,0.1015625,0.1015625,0.38517848054450965,3.8517848054450963e-07,mle,0.10646864096389036,0.39938356533514896,ok,True,True,extraction,
audusd,4057,2021-12-21,3545,4056,512,-0.7861767784295353,linear,52,0,52,52,0,52,0.1,0.1015625,0.1015625,0.38735248170223674,3.873524817022367e-07,mle,0.14976524041437445,0.3669338417818946,ok,True,True,extraction,
audusd,4058,2021-12-22,3546,4057,512,-0.7861767784295353,linear,52,0,52,52,0,52,0.1,0.1015625,0.1015625,0.38710886734836136,3.8710886734836135e-07,mle,0.14976524041437445,0.3669338417818946,ok,True,True,extraction,
audusd,4059,2021-12-23,3547,4058,512,-0.7861767784295353,linear,52,0,52,52,0,52,0.1,0.1015625,0.1015625,0.38517848054450965,3.8517848054450963e-07,mle,0.14976524041437445,0.3669338417818946,ok,True,True,extraction,
audusd,4060,2021-12-24,3548,4059,512,-0.7861767784295353,linear,52,0,52,52,0,52,0.1,0.1015625,0.1015625,0.38302684045011626,3.8302684045011625e-07,mle,0.14976524041437445,0.3669338417818946,ok,True,True,extraction,
audusd,4061,2021-12-27,3549,4060,512,-0.7692343353239603,linear,52,0,52,52,0,52,0.1,0.1015625,0.1015625,0.38081114469709565,3.808111446970956e-07,mle,0.13022429783219058,0.3840623650558706,ok,True,True,extraction,
audusd,4062,2021-12-28,3550,4061,512,-0.7692343353239603,linear,52,0,52,52,0,52,0.1,0.1015625,0.1015625,0.3827832260962408,3.8278322609624083e-07,mle,0.13022429783219058,0.3840623650558706,ok,True,True,extraction,
audusd,4063,2021-12-29,3551,4062,512,-0.7692343353239603,linear,52,0,52,52,0,52,0.1,0.1015625,0.1015625,0.38081114469709565,3.808111446970956e-07,mle,0.13022429783219058,0.3840623650558706,ok,True,True,extraction,
audusd,4064,2021-12-30,3552,4063,512,-0.7692343353239603,linear,52,0,52,52,0,52,0.1,0.1015625,0.1015625,0.3806268569645116,3.8062685696451156e-07,mle,0.13022429783219058,0.3840623650558706,ok,True,True,extraction,
audusd,4065,2021-12-31,3553,4064,512,-0.7692343353239603,linear,52,0,52,52,0,52,0.1,0.1015625,0.1015625,0.3806268569645116,3.8062685696451156e-07,mle,0.13022429783219058,0.3840623650558706,ok,True,True,extraction,
audusd,4066,2022-01-03,3554,4065,512,-0.7692343353239603,linear,52,0,52,52,0,52,0.1,0.1015625,0.1015625,0.3806268569645116,3.8062685696451156e-07,mle,0.13022429783219058,0.3840623650558706,ok,True,True,extraction,
audusd,4067,2022-01-04,3555,4066,512,-0.7692343353239603,linear,52,0,52,52,0,52,0.1,0.1015625,0.1015625,0.3806268569645116,3.8062685696451156e-07,mle,0.13022429783219058,0.3840623650558706,ok,True,True,extraction,
audusd,4068,2022-01-05,3556,4067,512,-0.7861767784295353,linear,52,0,52,52,0,52,0.1,0.1015625,0.1015625,0.38081114469709565,3.808111446970956e-07,mle,0.16096902667211266,0.35994719648698364,ok,True,True,extraction,
audusd,4069,2022-01-06,3557,4068,512,-0.7861767784295353,linear,52,0,52,52,0,52,0.1,0.1015625,0.1015625,0.37938581271997,3.7938581271997e-07,mle,0.16096902667211266,0.35994719648698364,ok,True,True,extraction,
audusd,4070,2022-01-07,3558,4069,512,-0.7861767784295353,linear,52,0,52,52,0,52,0.1,0.1015625,0.1015625,0.37938581271997,3.7938581271997e-07,mle,0.16096902667211266,0.35994719648698364,ok,True,True,extraction,
audusd,4071,2022-01-10,3559,4070,512,-0.7885163422196273,linear,52,0,52,52,0,52,0.1,0.1015625,0.1015625,0.37938581271997,3.7938581271997e-07,mle,0.16586578431344345,0.35634634454623026,ok,True,True,extraction,
audusd,4072,2022-01-11,3560,4071,512,-0.7885163422196273,linear,52,0,52,52,0,52,0.1,0.1015625,0.1015625,0.3779049398121411,3.779049398121411e-07,mle,0.16586578431344345,0.35634634454623026,ok,True,True,extraction,
audusd,4073,2022-01-12,3561,4072,512,-0.7885163422196273,linear,52,0,52,52,0,52,0.1,0.1015625,0.1015625,0.3779049398121411,3.779049398121411e-07,mle,0.16586578431344345,0.35634634454623026,ok,True,True,extraction,
audusd,4074,2022-01-13,3562,4073,512,-0.7885163422196273,linear,52,0,52,52,0,52,0.1,0.1015625,0.1015625,0.3764289999927476,3.7642899999274756e-07,mle,0.16586578431344345,0.35634634454623026,ok,True,True,extraction,
audusd,4075,2022-01-14,3563,4074,512,-0.7885163422196273,linear,52,0,52,52,0,52,0.1,0.1015625,0.1015625,0.37605807502462374,3.760580750246237e-07,mle,0.16586578431344345,0.35634634454623026,ok,True,True,extraction,
audusd,4076,2022-01-17,3564,4075,512,-0.7885163422196273,linear,52,0,52,52,0,52,0.1,0.1015625,0.1015625,0.37605807502462374,3.760580750246237e-07,mle,0.16586578431344345,0.35634634454623026,ok,True,True,extraction,
audusd,4077,2022-01-18,3565,4076,512,-0.7911382952867814,linear,52,0,52,52,0,52,0.1,0.1015625,0.1015625,0.3767014404010459,3.767014404010459e-07,mle,0.1591047077287342,0.3586918074335042,ok,True,True,extraction,
audusd,4078,2022-01-19,3566,4077,512,-0.7911382952867814,linear,52,0,52,52,0,52,0.1,0.1015625,0.1015625,0.37605807502462374,3.760580750246237e-07,mle,0.1591047077287342,0.3586918074335042,ok,True,True,extraction,
audusd,4079,2022-01-20,3567,4078,512,-0.7911382952867814,linear,52,0,52,52,0,52,0.1,0.1015625,0.1015625,0.37605807502462374,3.760580750246237e-07,mle,0.1591047077287342,0.3586918074335042,ok,True,True,extraction,
audusd,4080,2022-01-21,3568,4079,512,-0.7911382952867814,linear,52,0,52,52,0,52,0.1,0.1015625,0.1015625,0.3768825065279583,3.768825065279583e-07,mle,0.1591047077287342,0.3586918074335042,ok,True,True,extraction,
audusd,4081,2022-01-24,3569,4080,512,-0.7911382952867814,linear,52,0,52,52,0,52,0.1,0.1015625,0.1015625,0.3757856346163254,3.757856346163254e-07,mle,0.1591047077287342,0.3586918074335042,ok,True,True,extraction,
audusd,4082,2022-01-25,3570,4081,512,-0.7911382952867814,linear,52,0,52,52,0,52,0.1,0.1015625,0.1015625,0.37681288485803766,3.7681288485803763e-07,mle,0.1591047077287342,0.3586918074335042,ok,True,True,extraction,
audusd,4083,2022-01-26,3571,4082,512,-0.7911382952867814,linear,52,0,52,52,0,52,0.1,0.1015625,0.1015625,0.3779049398121411,3.779049398121411e-07,mle,0.1591047077287342,0.3586918074335042,ok,True,True,extraction,
audusd,4084,2022-01-27,3572,4083,512,-0.7885163422196273,linear,52,0,52,52,0,52,0.1,0.1015625,0.1015625,0.37605807502462374,3.760580750246237e-07,mle,0.16733509861619617,0.35553908521128175,ok,True,True,extraction,
audusd,4085,2022-01-28,3573,4084,512,-0.7885163422196273,linear,52,0,52,52,0,52,0.1,0.1015625,0.1015625,0.3779049398121411,3.779049398121411e-07,mle,0.16733509861619617,0.35553908521128175,ok,True,True,extraction,
audusd,4086,2022-01-31,3574,4085,512,-0.7911382952867814,linear,52,0,52,52,0,52,0.1,0.1015625,0.1015625,0.37938581271997,3.7938581271997e-07,mle,0.13721584940114728,0.373000747224461,ok,True,True,extraction,
audusd,4087,2022-02-01,3575,4086,512,-0.7911382952867814,linear,52,0,52,52,0,52,0.1,0.1015625,0.1015625,0.3805249783065501,3.8052497830655004e-07,mle,0.13721584940114728,0.373000747224461,ok,True,True,extraction,
audusd,4088,2022-02-02,3576,4087,512,-0.7911382952867814,linear,52,0,52,52,0,52,0.1,0.1015625,0.1015625,0.3813449962539418,3.8134499625394176e-07,mle,0.13721584940114728,0.373000747224461,ok,True,True,extraction,
audusd,4089,2022-02-03,3577,4088,512,-0.7911382952867814,linear,52,0,52,52,0,52,0.1,0.1015625,0.1015625,0.3820168285757637,3.8201682857576367e-07,mle,0.13721584940114728,0.373000747224461,ok,True,True,extraction,
audusd,4090,2022-02-04,3578,4089,512,-0.7911382952867814,linear,52,0,52,52,0,52,0.1,0.1015625,0.1015625,0.3820168285757637,3.8201682857576367e-07,mle,0.13721584940114728,0.373000747224461,ok,True,True,extraction,
audusd,4091,2022-02-07,3579,4090,512,-0.7911382952867814,linear,52,0,52,52,0,52,0.1,0.1015625,0.1015625,0.3830582141234231,3.830582141234231e-07,mle,0.13721584940114728,0.373000747224461,ok,True,True,extraction,
audusd,4092,2022-02-08,3580,4091,512,-0.8010874871188169,linear,52,0,52,52,0,52,0.1,0.1015625,0.1015625,0.3859795940953134,3.8597959409531336e-07,mle,0.15394469009899325,0.35945257180218154,ok,True,True,extraction,
audusd,4093,2022-02-09,3581,4092,512,-0.7911382952867814,linear,52,0,52,52,0,52,0.1,0.1015625,0.1015625,0.3848785661842178,3.848785661842178e-07,mle,0.15020104705022702,0.3651982670975573,ok,True,True,extraction,
audusd,4094,2022-02-10,3582,4093,512,-0.7911382952867814,linear,52,0,52,52,0,52,0.1,0.1015625,0.1015625,0.38388393028043954,3.838839302804395e-07,mle,0.15020104705022702,0.3651982670975573,ok,True,True,extraction,
audusd,4095,2022-02-11,3583,4094,512,-0.7911382952867814,linear,52,0,52,52,0,52,0.1,0.1015625,0.1015625,0.3851063406054428,3.851063406054428e-07,mle,0.15020104705022702,0.3651982670975573,ok,True,True,extraction,
audusd,4096,2022-02-14,3584,4095,512,-0.7911382952867814,linear,52,0,52,52,0,52,0.1,0.1015625,0.1015625,0.3851063406054428,3.851063406054428e-07,mle,0.15020104705022702,0.3651982670975573,ok,True,True,extraction,
audusd,4097,2022-02-15,3585,4096,512,-0.7885163422196273,linear,52,0,52,52,0,52,0.1,0.1015625,0.1015625,0.38388393028043954,3.838839302804395e-07,mle,0.15503795267512288,0.3638034444655469,ok,True,True,extraction,
audusd,4098,2022-02-16,3586,4097,512,-0.7885163422196273,linear,52,0,52,52,0,52,0.1,0.1015625,0.1015625,0.3837363004975387,3.837363004975387e-07,mle,0.15503795267512288,0.3638034444655469,ok,True,True,extraction,
audusd,4099,2022-02-17,3587,4098,512,-0.7861767784295353,linear,52,0,52,52,0,52,0.1,0.1015625,0.1015625,0.38159566832497904,3.8159566832497905e-07,mle,0.1703103866441213,0.35663046928010245,ok,True,True,extraction,
audusd,4100,2022-02-18,3588,4099,512,-0.7861767784295353,linear,52,0,52,52,0,52,0.1,0.1015625,0.1015625,0.38159566832497904,3.8159566832497905e-07,mle,0.1703103866441213,0.35663046928010245,ok,True,True,extraction,
audusd,4101,2022-02-21,3589,4100,512,-0.7861767784295353,linear,52,0,52,52,0,52,0.1,0.1015625,0.1015625,0.37827626818185156,3.7827626818185155e-07,mle,0.1703103866441213,0.35663046928010245,ok,True,True,extraction,
audusd,4102,2022-02-22,3590,4101,512,-0.7861767784295353,linear,52,0,52,52,0,52,0.1,0.1015625,0.1015625,0.3779049398121411,3.779049398121411e-07,mle,0.1703103866441213,0.35663046928010245,ok,True,True,extraction,
audusd,4103,2022-02-23,3591,4102,512,-0.7861767784295353,linear,52,0,52,52,0,52,0.1,0.1015625,0.1015625,0.3767014404010459,3.767014404010459e-07,mle,0.1703103866441213,0.35663046928010245,ok,True,True,extraction,
audusd,4104,2022-02-24,3592,4103,512,-0.7861767784295353,linear,52,0,52,52,0,52,0.1,0.1015625,0.1015625,0.38039895718309397,3.8039895718309397e-07,mle,0.1703103866441213,0.35663046928010245,ok,True,True,extraction,
audusd,4105,2022-02-25,3593,4104,512,-0.7861767784295353,linear,52,0,52,52,0,52,0.1,0.1015625,0.1015625,0.38039895718309397,3.8039895718309397e-07,mle,0.1703103866441213,0.35663046928010245,ok,True,True,extraction,
audusd,4106,2022-02-28,3594,4105,512,-0.7861767784295353,linear,52,0,52,52,0,52,0.1,0.1015625,0.1015625,0.38039895718309397,3.8039895718309397e-07,mle,0.19634793292160943,0.33706703060848797,ok,True,True,extraction,
audusd,4107,2022-03-01,3595,4106,512,-0.7861767784295353,linear,52,0,52,52,0,52,0.1,0.1015625,0.1015625,0.38039895718309397,3.8039895718309397e-07,mle,0.19634793292160943,0.33706703060848797,ok,True,True,extraction,
audusd,4108,2022-03-02,3596,4107,512,-0.7692343353239603,linear,52,0,52,52,0,52,0.1,0.1015625,0.1015625,0.38056667797092636,3.8056667797092633e-07,mle,0.07101390469782343,0.3598752363639096,ok,True,True,extraction,
audusd,4109,2022-03-03,3597,4108,512,-0.7603192150457704,linear,52,0,52,52,0,52,0.1,0.1015625,0.1015625,0.38002084054417345,3.800208405441734e-07,mle,0.0841505523989261,0.3490955057531743,ok,True,True,extraction,
audusd,4110,2022-03-04,3598,4109,512,-0.7460477634180368,linear,52,0,52,52,0,52,0.1,0.1015625,0.1015625,0.38002084054417345,3.800208405441734e-07,mle,0.07973425994611157,0.35453990724633466,ok,True,True,extraction,
audusd,4111,2022-03-07,3599,4110,512,-0.744269179385123,linear,52,0,52,52,0,52,0.1,0.1015625,0.1015625,0.38003562333299523,3.8003562333299524e-07,mle,0.10531660431259077,0.3285423066307829,ok,True,True,extraction,
audusd,4112,2022-03-08,3600,4111,512,-0.7296578989197939,linear,52,0,52,52,0,52,0.1,0.1015625,0.1015625,0.3802846783463561,3.802846783463561e-07,mle,-0.10443648757687748,0.3719621636729452,ok,True,True,extraction,
audusd,4113,2022-03-09,3601,4112,512,-0.7296578989197939,linear,52,0,52,52,0,52,0.1,0.1015625,0.1015625,0.3802846783463561,3.802846783463561e-07,mle,-0.0835647930647747,0.3594413972800084,ok,True,True,extraction,
audusd,4114,2022-03-10,3602,4113,512,-0.744269179385123,linear,52,0,52,52,0,52,0.1,0.1015625,0.1015625,0.38091056820320024,3.809105682032002e-07,mle,-0.04255552796776468,0.33245958873870546,ok,True,True,extraction,
audusd,4115,2022-03-11,3603,4114,512,-0.744269179385123,linear,52,0,52,52,0,52,0.1,0.1015625,0.1015625,0.38091056820320024,3.809105682032002e-07,mle,-0.04255552796776468,0.33245958873870546,ok,True,True,extraction,
audusd,4116,2022-03-14,3604,4115,512,-0.744269179385123,linear,52,0,52,52,0,52,0.1,0.1015625,0.1015625,0.38091056820320024,3.809105682032002e-07,mle,-0.04255552796776468,0.33245958873870546,ok,True,True,extraction,
audusd,4117,2022-03-15,3605,4116,512,-0.744269179385123,linear,52,0,52,52,0,52,0.1,0.1015625,0.1015625,0.38091056820320024,3.809105682032002e-07,mle,-0.02647021930271442,0.3236133125415297,ok,True,True,extraction,
audusd,4118,2022-03-16,3606,4117,512,-0.7460477634180368,linear,52,0,52,52,0,52,0.1,0.1015625,0.1015625,0.3809514341935504,3.8095143419355036e-07,mle,-0.0698406334389654,0.34797314725825435,ok,True,True,extraction,
audusd,4119,2022-03-17,3607,4118,512,-0.7460477634180368,linear,52,0,52,52,0,52,0.1,0.1015625,0.1015625,0.38002084054417345,3.800208405441734e-07,mle,-0.0698406334389654,0.34797314725825435,ok,True,True,extraction,
audusd,4120,2022-03-18,3608,4119,512,-0.7460477634180368,linear,52,0,52,52,0,52,0.1,0.1015625,0.1015625,0.3809514341935504,3.8095143419355036e-07,mle,-0.0698406334389654,0.34797314725825435,ok,True,True,extraction,
audusd,4121,2022-03-21,3609,4120,512,-0.7460477634180368,linear,52,0,52,52,0,52,0.1,0.1015625,0.1015625,0.38091056820320024,3.809105682032002e-07,mle,-0.0698406334389654,0.34797314725825435,ok,True,True,extraction,
audusd,4122,2022-03-22,3610,4121,512,-0.7444605610564473,linear,52,0,52,52,0,52,0.1,0.1015625,0.1015625,0.3802846783463561,3.802846783463561e-07,mle,-0.07566020361075604,0.3515893550416042,ok,True,True,extraction,
audusd,4123,2022-03-23,3611,4122,512,-0.7444605610564473,linear,52,0,52,52,0,52,0.1,0.1015625,0.1015625,0.3779203653768073,3.7792036537680725e-07,mle,-0.07566020361075604,0.3515893550416042,ok,True,True,extraction,
audusd,4124,2022-03-24,3612,4123,512,-0.7296578989197939,linear,52,0,52,52,0,52,0.1,0.1015625,0.1015625,0.37881568928464493,3.788156892846449e-07,mle,-0.08772977585160441,0.3631755137018702,ok,True,True,extraction,
audusd,4125,2022-03-25,3613,4124,512,-0.7296578989197939,linear,52,0,52,52,0,52,0.1,0.1015625,0.1015625,0.37881568928464493,3.788156892846449e-07,mle,-0.08772977585160441,0.3631755137018702,ok,True,True,extraction,
audusd,4126,2022-03-28,3614,4125,512,-0.7296578989197939,linear,52,0,52,52,0,52,0.1,0.1015625,0.1015625,0.3780810492695486,3.780810492695486e-07,mle,-0.08772977585160441,0.3631755137018702,ok,True,True,extraction,
audusd,4127,2022-03-29,3615,4126,512,-0.7296578989197939,linear,52,0,52,52,0,52,0.1,0.1015625,0.1015625,0.37634492918103446,3.763449291810344e-07,mle,-0.08772977585160441,0.3631755137018702,ok,True,True,extraction,
audusd,4128,2022-03-30,3616,4127,512,-0.7296578989197939,linear,52,0,52,52,0,52,0.1,0.1015625,0.1015625,0.3725373836452313,3.725373836452313e-07,mle,-0.08772977585160441,0.3631755137018702,ok,True,True,extraction,
audusd,4129,2022-03-31,3617,4128,512,-0.7296578989197939,linear,52,0,52,52,0,52,0.1,0.1015625,0.1015625,0.37442078974467896,3.7442078974467896e-07,mle,-0.08772977585160441,0.3631755137018702,ok,True,True,extraction,
audusd,4130,2022-04-01,3618,4129,512,-0.7296578989197939,linear,52,0,52,52,0,52,0.1,0.1015625,0.1015625,0.3719453733658641,3.7194537336586407e-07,mle,-0.08772977585160441,0.3631755137018702,ok,True,True,extraction,
audusd,4131,2022-04-04,3619,4130,512,-0.7296578989197939,linear,52,0,52,52,0,52,0.1,0.1015625,0.1015625,0.36757431184381456,3.6757431184381456e-07,mle,-0.08772977585160441,0.3631755137018702,ok,True,True,extraction,
audusd,4132,2022-04-05,3620,4131,512,-0.7245945159768442,linear,52,0,52,52,0,52,0.1,0.1015625,0.1015625,0.3674264658878521,3.674264658878521e-07,mle,-0.10531094830720636,0.3481889525501307,ok,True,True,extraction,
audusd,4133,2022-04-06,3621,4132,512,-0.7245945159768442,linear,52,0,52,52,0,52,0.1,0.1015625,0.1015625,0.3674264658878521,3.674264658878521e-07,mle,-0.10531094830720636,0.3481889525501307,ok,True,True,extraction,
audusd,4134,2022-04-07,3622,4133,512,-0.7245945159768442,linear,52,0,52,52,0,52,0.1,0.1015625,0.1015625,0.37080310767918495,3.7080310767918496e-07,mle,-0.10531094830720636,0.3481889525501307,ok,True,True,extraction,
audusd,4135,2022-04-08,3623,4134,512,-0.7296578989197939,linear,52,0,52,52,0,52,0.1,0.1015625,0.1015625,0.3685564326405739,3.685564326405739e-07,mle,-0.12037121915628378,0.35461081908027,ok,True,True,extraction,
audusd,4136,2022-04-11,3624,4135,512,-0.7245945159768442,linear,52,0,52,52,0,52,0.1,0.1015625,0.1015625,0.3685564326405739,3.685564326405739e-07,mle,-0.12654546020432156,0.36031832283380627,ok,True,True,extraction,
audusd,4137,2022-04-12,3625,4136,512,-0.7245945159768442,linear,52,0,52,52,0,52,0.1,0.1015625,0.1015625,0.37339558007988644,3.7339558007988643e-07,mle,-0.12654546020432156,0.36031832283380627,ok,True,True,extraction,
audusd,4138,2022-04-13,3626,4137,512,-0.7245945159768442,linear,52,0,52,52,0,52,0.1,0.1015625,0.1015625,0.37339558007988644,3.7339558007988643e-07,mle,-0.12654546020432156,0.36031832283380627,ok,True,True,extraction,
audusd,4139,2022-04-14,3627,4138,512,-0.7245945159768442,linear,52,0,52,52,0,52,0.1,0.1015625,0.1015625,0.3750012527979919,3.750012527979919e-07,mle,-0.12654546020432156,0.36031832283380627,ok,True,True,extraction,
audusd,4140,2022-04-15,3628,4139,512,-0.7245945159768442,linear,52,0,52,52,0,52,0.1,0.1015625,0.1015625,0.3734389017759603,3.734389017759603e-07,mle,-0.12654546020432156,0.36031832283380627,ok,True,True,extraction,
audusd,4141,2022-04-18,3629,4140,512,-0.7245945159768442,linear,52,0,52,52,0,52,0.1,0.1015625,0.1015625,0.37382645108235363,3.738264510823536e-07,mle,-0.12654546020432156,0.36031832283380627,ok,True,True,extraction,
audusd,4142,2022-04-19,3630,4141,512,-0.7245945159768442,linear,52,0,52,52,0,52,0.1,0.1015625,0.1015625,0.37552081750229216,3.7552081750229214e-07,mle,-0.12654546020432156,0.36031832283380627,ok,True,True,extraction,
audusd,4143,2022-04-20,3631,4142,512,-0.7054018127499219,linear,52,0,52,52,0,52,0.1,0.1015625,0.1015625,0.37552081750229216,3.7552081750229214e-07,mle,-0.16236736759518028,0.3893883503313955,ok,True,True,extraction,
audusd,4144,2022-04-21,3632,4143,512,-0.7048123898413253,linear,52,0,52,52,0,52,0.1,0.1015625,0.1015625,0.37339496519477705,3.73394965194777e-07,mle,-0.1512852468025122,0.3607595640108549,ok,True,True,extraction,
audusd,4145,2022-04-22,3633,4144,512,-0.7048123898413253,linear,52,0,52,52,0,52,0.1,0.1015625,0.1015625,0.37339496519477705,3.73394965194777e-07,mle,-0.1512852468025122,0.3607595640108549,ok,True,True,extraction,
audusd,4146,2022-04-25,3634,4145,512,-0.7054018127499219,linear,52,0,52,52,0,52,0.1,0.1015625,0.1015625,0.3760906739841091,3.760906739841091e-07,mle,-0.17888257690320652,0.37850417899968064,ok,True,True,extraction,
audusd,4147,2022-04-26,3635,4146,512,-0.7245290631435124,linear,52,0,52,52,0,52,0.1,0.1015625,0.1015625,0.3760906739841091,3.760906739841091e-07,mle,-0.16204632891320786,0.37405292830830694,ok,True,True,extraction,
audusd,4148,2022-04-27,3636,4147,512,-0.7296578989197939,linear,52,0,52,52,0,52,0.1,0.1015625,0.1015625,0.3779521746612038,3.779521746612038e-07,mle,-0.15537860479547216,0.36783259907196986,ok,True,True,extraction,
audusd,4149,2022-04-28,3637,4148,512,-0.7296578989197939,linear,52,0,52,52,0,52,0.1,0.1015625,0.1015625,0.3779521746612038,3.779521746612038e-07,mle,-0.15537860479547216,0.36783259907196986,ok,True,True,extraction,
audusd,4150,2022-04-29,3638,4149,512,-0.7245290631435124,linear,52,0,52,52,0,52,0.1,0.1015625,0.1015625,0.37441797950323896,3.7441797950323896e-07,mle,-0.16256882622514518,0.3743359572628727,ok,True,True,extraction,
audusd,4151,2022-05-02,3639,4150,512,-0.7245290631435124,linear,52,0,52,52,0,52,0.1,0.1015625,0.1015625,0.3724633014260634,3.7246330142606334e-07,mle,-0.16256882622514518,0.3743359572628727,ok,True,True,extraction,
audusd,4152,2022-05-03,3640,4151,512,-0.7245290631435124,linear,52,0,52,52,0,52,0.1,0.1015625,0.1015625,0.37441797950323896,3.7441797950323896e-07,mle,-0.16256882622514518,0.3743359572628727,ok,True,True,extraction,
audusd,4153,2022-05-04,3641,4152,512,-0.7245290631435124,linear,52,0,52,52,0,52,0.1,0.1015625,0.1015625,0.37441797950323896,3.7441797950323896e-07,mle,-0.16256882622514518,0.3743359572628727,ok,True,True,extraction,
audusd,4154,2022-05-05,3642,4153,512,-0.7245287157349022,linear,52,0,52,52,0,52,0.1,0.1015625,0.1015625,0.37441797950323896,3.7441797950323896e-07,mle,-0.16256882622514518,0.3743359572628727,ok,True,True,extraction,
audusd,4155,2022-05-06,3643,4154,512,-0.7245287157349022,linear,52,0,52,52,0,52,0.1,0.1015625,0.1015625,0.37441797950323896,3.7441797950323896e-07,mle,-0.16256882622514518,0.3743359572628727,ok,True,True,extraction,
audusd,4156,2022-05-09,3644,4155,512,-0.7296578989197939,linear,52,0,52,52,0,52,0.1,0.1015625,0.1015625,0.3766612731010137,3.766612731010137e-07,mle,-0.169203587862166,0.39595836957867436,ok,True,True,extraction,
audusd,4157,2022-05-10,3645,4156,512,-0.7444605610564473,linear,52,0,52,52,0,52,0.1,0.1015625,0.1015625,0.3766612731010137,3.766612731010137e-07,mle,-0.15292680483908527,0.38026035156487925,ok,True,True,extraction,
audusd,4158,2022-05-11,3646,4157,512,-0.7603192150457704,linear,52,0,52,52,0,52,0.1,0.1015625,0.1015625,0.3766612731010137,3.766612731010137e-07,mle,-0.14669179099258145,0.37181202481534364,ok,True,True,extraction,
audusd,4159,2022-05-12,3647,4158,512,-0.7603192150457704,linear,52,0,52,52,0,52,0.1,0.1015625,0.1015625,0.3766612731010137,3.766612731010137e-07,mle,-0.14669179099258145,0.37181202481534364,ok,True,True,extraction,
audusd,4160,2022-05-13,3648,4159,512,-0.7603192150457704,linear,52,0,52,52,0,52,0.1,0.1015625,0.1015625,0.3766612731010137,3.766612731010137e-07,mle,-0.14669179099258145,0.37181202481534364,ok,True,True,extraction,
audusd,4161,2022-05-16,3649,4160,512,-0.7692343353239603,linear,52,0,52,52,0,52,0.1,0.1015625,0.1015625,0.37796001806940793,3.7796001806940793e-07,mle,-0.12121622219524614,0.35440632123908056,ok,True,True,extraction,
audusd,4162,2022-05-17,3650,4161,512,-0.7692343353239603,linear,52,0,52,52,0,52,0.1,0.1015625,0.1015625,0.3766612731010137,3.766612731010137e-07,mle,-0.12121622219524614,0.35440632123908056,ok,True,True,extraction,
audusd,4163,2022-05-18,3651,4162,512,-0.7692343353239603,linear,52,0,52,52,0,52,0.1,0.1015625,0.1015625,0.3766612731010137,3.766612731010137e-07,mle,-0.12121622219524614,0.35440632123908056,ok,True,True,extraction,
audusd,4164,2022-05-19,3652,4163,512,-0.7692343353239603,linear,52,0,52,52,0,52,0.1,0.1015625,0.1015625,0.37920279842518534,3.7920279842518533e-07,mle,-0.12121622219524614,0.35440632123908056,ok,True,True,extraction,
audusd,4165,2022-05-20,3653,4164,512,-0.7861767784295353,linear,52,0,52,52,0,52,0.1,0.1015625,0.1015625,0.37881419975953967,3.7881419975953966e-07,mle,-0.08970599919028498,0.3317870869960974,ok,True,True,extraction,
audusd,4166,2022-05-23,3654,4165,512,-0.7861767784295353,linear,52,0,52,52,0,52,0.1,0.1015625,0.1015625,0.37881419975953967,3.7881419975953966e-07,mle,-0.08970599919028498,0.3317870869960974,ok,True,True,extraction,
audusd,4167,2022-05-24,3655,4166,512,-0.7861767784295353,linear,52,0,52,52,0,52,0.1,0.1015625,0.1015625,0.37881419975953967,3.7881419975953966e-07,mle,-0.08970599919028498,0.3317870869960974,ok,True,True,extraction,
audusd,4168,2022-05-25,3656,4167,512,-0.7861767784295353,linear,52,0,52,52,0,52,0.1,0.1015625,0.1015625,0.37881419975953967,3.7881419975953966e-07,mle,-0.08970599919028498,0.3317870869960974,ok,True,True,extraction,
audusd,4169,2022-05-26,3657,4168,512,-0.7861767784295353,linear,52,0,52,52,0,52,0.1,0.1015625,0.1015625,0.37796001806940793,3.7796001806940793e-07,mle,-0.08970599919028498,0.3317870869960974,ok,True,True,extraction,
audusd,4170,2022-05-27,3658,4169,512,-0.7861767784295353,linear,52,0,52,52,0,52,0.1,0.1015625,0.1015625,0.38124535443363444,3.812453544336344e-07,mle,-0.08970599919028498,0.3317870869960974,ok,True,True,extraction,
audusd,4171,2022-05-30,3659,4170,512,-0.7692343353239603,linear,52,0,52,52,0,52,0.1,0.1015625,0.1015625,0.3768391110707763,3.7683911107077626e-07,mle,-0.11226454155367309,0.3491177570508272,ok,True,True,extraction,
audusd,4172,2022-05-31,3660,4171,512,-0.7692343353239603,linear,52,0,52,52,0,52,0.1,0.1015625,0.1015625,0.37796001806940793,3.7796001806940793e-07,mle,-0.11226454155367309,0.3491177570508272,ok,True,True,extraction,
audusd,4173,2022-06-01,3661,4172,512,-0.7603192150457704,linear,52,0,52,52,0,52,0.1,0.1015625,0.1015625,0.3766612731010137,3.766612731010137e-07,mle,-0.1719839617094906,0.35089945740825096,ok,True,True,extraction,
audusd,4174,2022-06-02,3662,4173,512,-0.7603192150457704,linear,52,0,52,52,0,52,0.1,0.1015625,0.1015625,0.3766612731010137,3.766612731010137e-07,mle,-0.1719839617094906,0.35089945740825096,ok,True,True,extraction,
audusd,4175,2022-06-03,3663,4174,512,-0.7603192150457704,linear,52,0,52,52,0,52,0.1,0.1015625,0.1015625,0.3768391110707763,3.7683911107077626e-07,mle,-0.1719839617094906,0.35089945740825096,ok,True,True,extraction,
audusd,4176,2022-06-06,3664,4175,512,-0.7444605610564473,linear,52,0,52,52,0,52,0.1,0.1015625,0.1015625,0.3759944666676153,3.759944666676153e-07,mle,-0.2066388897878273,0.37673211922896416,ok,True,True,extraction,
audusd,4177,2022-06-07,3665,4176,512,-0.7603192150457704,linear,52,0,52,52,0,52,0.1,0.1015625,0.1015625,0.3766612731010137,3.766612731010137e-07,mle,-0.1697008412443825,0.34970721615757305,ok,True,True,extraction,
audusd,4178,2022-06-08,3666,4177,512,-0.7603192150457704,linear,52,0,52,52,0,52,0.1,0.1015625,0.1015625,0.3766612731010137,3.766612731010137e-07,mle,-0.1697008412443825,0.34970721615757305,ok,True,True,extraction,
audusd,4179,2022-06-09,3667,4178,512,-0.7603192150457704,linear,52,0,52,52,0,52,0.1,0.1015625,0.1015625,0.3766612731010137,3.766612731010137e-07,mle,-0.1697008412443825,0.34970721615757305,ok,True,True,extraction,
audusd,4180,2022-06-10,3668,4179,512,-0.7603192150457704,linear,52,0,52,52,0,52,0.1,0.1015625,0.1015625,0.3766612731010137,3.766612731010137e-07,mle,-0.1697008412443825,0.34970721615757305,ok,True,True,extraction,
audusd,4181,2022-06-13,3669,4180,512,-0.7692343353239603,linear,52,0,52,52,0,52,0.1,0.1015625,0.1015625,0.37881419975953967,3.7881419975953966e-07,mle,-0.1825060267868106,0.35384749167193125,ok,True,True,extraction,
audusd,4182,2022-06-14,3670,4181,512,-0.7692343353239603,linear,52,0,52,52,0,52,0.1,0.1015625,0.1015625,0.37881419975953967,3.7881419975953966e-07,mle,-0.176883677772445,0.35031976726863245,ok,True,True,extraction,
audusd,4183,2022-06-15,3671,4182,512,-0.7861767784295353,linear,52,0,52,52,0,52,0.1,0.1015625,0.1015625,0.3823662614322661,3.823662614322661e-07,mle,-0.1508671595870021,0.33025318563111133,ok,True,True,extraction,
audusd,4184,2022-06-16,3672,4183,512,-0.7861767784295353,linear,52,0,52,52,0,52,0.1,0.1015625,0.1015625,0.3823662614322661,3.823662614322661e-07,mle,-0.1508671595870021,0.33025318563111133,ok,True,True,extraction,
audusd,4185,2022-06-17,3673,4184,512,-0.7861767784295353,linear,52,0,52,52,0,52,0.1,0.1015625,0.1015625,0.3846056336320127,3.846056336320127e-07,mle,-0.1508671595870021,0.33025318563111133,ok,True,True,extraction,
audusd,4186,2022-06-20,3674,4185,512,-0.7861767784295353,linear,52,0,52,52,0,52,0.1,0.1015625,0.1015625,0.3823662614322661,3.823662614322661e-07,mle,-0.1508671595870021,0.33025318563111133,ok,True,True,extraction,
audusd,4187,2022-06-21,3675,4186,512,-0.7885163422196273,linear,52,0,52,52,0,52,0.1,0.1015625,0.1015625,0.3859175190869748,3.859175190869748e-07,mle,-0.18572516704219164,0.3481365280541452,ok,True,True,extraction,
audusd,4188,2022-06-22,3676,4187,512,-0.7885163422196273,linear,52,0,52,52,0,52,0.1,0.1015625,0.1015625,0.3859175190869748,3.859175190869748e-07,mle,-0.18572516704219164,0.3481365280541452,ok,True,True,extraction,
audusd,4189,2022-06-23,3677,4188,512,-0.7885163422196273,linear,52,0,52,52,0,52,0.1,0.1015625,0.1015625,0.3862442685997934,3.8624426859979337e-07,mle,-0.18572516704219164,0.3481365280541452,ok,True,True,extraction,
audusd,4190,2022-06-24,3678,4189,512,-0.7911382952867814,linear,52,0,52,52,0,52,0.1,0.1015625,0.1015625,0.3864154368320535,3.864154368320535e-07,mle,-0.17990989935814522,0.3439507612544671,ok,True,True,extraction,
audusd,4191,2022-06-27,3679,4190,512,-0.7911382952867814,linear,52,0,52,52,0,52,0.1,0.1015625,0.1015625,0.38401153699678026,3.8401153699678024e-07,mle,-0.17990989935814522,0.3439507612544671,ok,True,True,extraction,
audusd,4192,2022-06-28,3680,4191,512,-0.7911382952867814,linear,52,0,52,52,0,52,0.1,0.1015625,0.1015625,0.38401153699678026,3.8401153699678024e-07,mle,-0.17990989935814522,0.3439507612544671,ok,True,True,extraction,
audusd,4193,2022-06-29,3681,4192,512,-0.7911382952867814,linear,52,0,52,52,0,52,0.1,0.1015625,0.1015625,0.3815583883131354,3.8155838831313533e-07,mle,-0.17990989935814522,0.3439507612544671,ok,True,True,extraction,
audusd,4194,2022-06-30,3682,4193,512,-0.7911382952867814,linear,52,0,52,52,0,52,0.1,0.1015625,0.1015625,0.3815583883131354,3.8155838831313533e-07,mle,-0.17990989935814522,0.3439507612544671,ok,True,True,extraction,
audusd,4195,2022-07-01,3683,4194,512,-0.7911382952867814,linear,52,0,52,52,0,52,0.1,0.1015625,0.1015625,0.3815583883131354,3.8155838831313533e-07,mle,-0.17990989935814522,0.3439507612544671,ok,True,True,extraction,
audusd,4196,2022-07-04,3684,4195,512,-0.7911382952867814,linear,52,0,52,52,0,52,0.1,0.1015625,0.1015625,0.38057929986599387,3.8057929986599387e-07,mle,-0.17990989935814522,0.3439507612544671,ok,True,True,extraction,
audusd,4197,2022-07-05,3685,4196,512,-0.8010874871188169,linear,52,0,52,52,0,52,0.1,0.1015625,0.1015625,0.3848423503944336,3.848423503944336e-07,mle,-0.18426784142371996,0.34260269327487003,ok,True,True,extraction,
audusd,4198,2022-07-06,3686,4197,512,-0.8010874871188169,linear,52,0,52,52,0,52,0.1,0.1015625,0.1015625,0.3815583883131354,3.8155838831313533e-07,mle,-0.18426784142371996,0.34260269327487003,ok,True,True,extraction,
audusd,4199,2022-07-07,3687,4198,512,-0.8053805058114109,linear,52,0,52,52,0,52,0.1,0.1015625,0.1015625,0.38644135388633194,3.8644135388633194e-07,mle,-0.20496873346044783,0.35203748525318446,ok,True,True,extraction,
audusd,4200,2022-07-08,3688,4199,512,-0.8053805058114109,linear,52,0,52,52,0,52,0.1,0.1015625,0.1015625,0.382582930751891,3.8258293075189094e-07,mle,-0.20496873346044783,0.35203748525318446,ok,True,True,extraction,
audusd,4201,2022-07-11,3689,4200,512,-0.8053805058114109,linear,52,0,52,52,0,52,0.1,0.1015625,0.1015625,0.382582930751891,3.8258293075189094e-07,mle,-0.20496873346044783,0.35203748525318446,ok,True,True,extraction,
audusd,4202,2022-07-12,3690,4201,512,-0.8053805058114109,linear,52,0,52,52,0,52,0.1,0.1015625,0.1015625,0.3844153003900683,3.844153003900683e-07,mle,-0.20496873346044783,0.35203748525318446,ok,True,True,extraction,
audusd,4203,2022-07-13,3691,4202,512,-0.8089218705985223,linear,52,0,52,52,0,52,0.1,0.1015625,0.1015625,0.3844153003900683,3.844153003900683e-07,mle,-0.24182653365768914,0.37561047578476275,ok,True,True,extraction,
audusd,4204,2022-07-14,3692,4203,512,-0.8089218705985223,linear,52,0,52,52,0,52,0.1,0.1015625,0.1015625,0.382582930751891,3.8258293075189094e-07,mle,-0.24182653365768914,0.37561047578476275,ok,True,True,extraction,
audusd,4205,2022-07-15,3693,4204,512,-0.8089218705985223,linear,52,0,52,52,0,52,0.1,0.1015625,0.1015625,0.3839486893985611,3.839486893985611e-07,mle,-0.24182653365768914,0.37561047578476275,ok,True,True,extraction,
audusd,4206,2022-07-18,3694,4205,512,-0.8089218705985223,linear,52,0,52,52,0,52,0.1,0.1015625,0.1015625,0.3839486893985611,3.839486893985611e-07,mle,-0.24182653365768914,0.37561047578476275,ok,True,True,extraction,
audusd,4207,2022-07-19,3695,4206,512,-0.8089218705985223,linear,52,0,52,52,0,52,0.1,0.1015625,0.1015625,0.3844153003900683,3.844153003900683e-07,mle,-0.24182653365768914,0.37561047578476275,ok,True,True,extraction,
audusd,4208,2022-07-20,3696,4207,512,-0.8089218705985223,linear,52,0,52,52,0,52,0.1,0.1015625,0.1015625,0.38638381858767024,3.863838185876702e-07,mle,-0.24182653365768914,0.37561047578476275,ok,True,True,extraction,
audusd,4209,2022-07-21,3697,4208,512,-0.8089218705985223,linear,52,0,52,52,0,52,0.1,0.1015625,0.1015625,0.3839486893985611,3.839486893985611e-07,mle,-0.24182653365768914,0.37561047578476275,ok,True,True,extraction,
audusd,4210,2022-07-22,3698,4209,512,-0.8089218705985223,linear,52,0,52,52,0,52,0.1,0.1015625,0.1015625,0.3818082741333776,3.8180827413337755e-07,mle,-0.24182653365768914,0.37561047578476275,ok,True,True,extraction,
audusd,4211,2022-07-25,3699,4210,512,-0.8089218705985223,linear,52,0,52,52,0,52,0.1,0.1015625,0.1015625,0.3818082741333776,3.8180827413337755e-07,mle,-0.24182653365768914,0.37561047578476275,ok,True,True,extraction,
audusd,4212,2022-07-26,3700,4211,512,-0.8089218705985223,linear,52,0,52,52,0,52,0.1,0.1015625,0.1015625,0.38424340332248674,3.8424340332248674e-07,mle,-0.24182653365768914,0.37561047578476275,ok,True,True,extraction,
audusd,4213,2022-07-27,3701,4212,512,-0.8089218705985223,linear,52,0,52,52,0,52,0.1,0.1015625,0.1015625,0.38424340332248674,3.8424340332248674e-07,mle,-0.24182653365768914,0.37561047578476275,ok,True,True,extraction,
audusd,4214,2022-07-28,3702,4213,512,-0.8053805058114109,linear,52,0,52,52,0,52,0.1,0.1015625,0.1015625,0.3806689260998727,3.8066892609987265e-07,mle,-0.2323033154103083,0.3721112149970377,ok,True,True,extraction,
audusd,4215,2022-07-29,3703,4214,512,-0.8053805058114109,linear,52,0,52,52,0,52,0.1,0.1015625,0.1015625,0.38424340332248674,3.8424340332248674e-07,mle,-0.2323033154103083,0.3721112149970377,ok,True,True,extraction,
audusd,4216,2022-08-01,3704,4215,512,-0.8053805058114109,linear,52,0,52,52,0,52,0.1,0.1015625,0.1015625,0.3818082741333776,3.8180827413337755e-07,mle,-0.2323033154103083,0.3721112149970377,ok,True,True,extraction,
audusd,4217,2022-08-02,3705,4216,512,-0.8053805058114109,linear,52,0,52,52,0,52,0.1,0.1015625,0.1015625,0.38638381858767024,3.863838185876702e-07,mle,-0.2323033154103083,0.3721112149970377,ok,True,True,extraction,
audusd,4218,2022-08-03,3706,4217,512,-0.8053805058114109,linear,52,0,52,52,0,52,0.1,0.1015625,0.1015625,0.3844153003900683,3.844153003900683e-07,mle,-0.2323033154103083,0.3721112149970377,ok,True,True,extraction,
audusd,4219,2022-08-04,3707,4218,512,-0.8089218705985223,linear,52,0,52,52,0,52,0.1,0.1015625,0.1015625,0.3868504295791775,3.868504295791775e-07,mle,-0.2126296389329415,0.38801163142551365,ok,True,True,extraction,
audusd,4220,2022-08-05,3708,4219,512,-0.8089218705985223,linear,52,0,52,52,0,52,0.1,0.1015625,0.1015625,0.38824835348291586,3.8824835348291583e-07,mle,-0.2126296389329415,0.38801163142551365,ok,True,True,extraction,
audusd,4221,2022-08-08,3709,4220,512,-0.8089218705985223,linear,52,0,52,52,0,52,0.1,0.1015625,0.1015625,0.3868504295791775,3.868504295791775e-07,mle,-0.2126296389329415,0.38801163142551365,ok,True,True,extraction,
audusd,4222,2022-08-09,3710,4221,512,-0.8089218705985223,linear,52,0,52,52,0,52,0.1,0.1015625,0.1015625,0.3868504295791775,3.868504295791775e-07,mle,-0.1969878032924659,0.37962527950287717,ok,True,True,extraction,
audusd,4223,2022-08-10,3711,4222,512,-0.8089218705985223,linear,52,0,52,52,0,52,0.1,0.1015625,0.1015625,0.38824835348291586,3.8824835348291583e-07,mle,-0.1969878032924659,0.37962527950287717,ok,True,True,extraction,
audusd,4224,2022-08-11,3712,4223,512,-0.8089218705985223,linear,52,0,52,52,0,52,0.1,0.1015625,0.1015625,0.38824835348291586,3.8824835348291583e-07,mle,-0.1969878032924659,0.37962527950287717,ok,True,True,extraction,
audusd,4225,2022-08-12,3713,4224,512,-0.8089218705985223,linear,52,0,52,52,0,52,0.1,0.1015625,0.1015625,0.3928226808775989,3.928226808775989e-07,mle,-0.1969878032924659,0.37962527950287717,ok,True,True,extraction,
audusd,4226,2022-08-15,3714,4225,512,-0.8089218705985223,linear,52,0,52,52,0,52,0.1,0.1015625,0.1015625,0.38824835348291586,3.8824835348291583e-07,mle,-0.1969878032924659,0.37962527950287717,ok,True,True,extraction,
audusd,4227,2022-08-16,3715,4226,512,-0.8089218705985223,linear,52,0,52,52,0,52,0.1,0.1015625,0.1015625,0.3868504295791775,3.868504295791775e-07,mle,-0.1969878032924659,0.37962527950287717,ok,True,True,extraction,
audusd,4228,2022-08-17,3716,4227,512,-0.810634092710277,linear,52,0,52,52,0,52,0.1,0.1015625,0.1015625,0.38882916038235127,3.8882916038235125e-07,mle,-0.24005095188185407,0.4048574270786005,ok,True,True,extraction,
audusd,4229,2022-08-18,3717,4228,512,-0.810634092710277,linear,52,0,52,52,0,52,0.1,0.1015625,0.1015625,0.39057553834076675,3.905755383407667e-07,mle,-0.24005095188185407,0.4048574270786005,ok,True,True,extraction,
audusd,4230,2022-08-19,3718,4229,512,-0.8155429593096172,linear,52,0,52,52,0,52,0.1,0.1015625,0.1015625,0.39284181789007144,3.928418178900714e-07,mle,-0.2650012941883628,0.41805645551658893,ok,True,True,extraction,
audusd,4231,2022-08-22,3719,4230,512,-0.8155429593096172,linear,52,0,52,52,0,52,0.1,0.1015625,0.1015625,0.39284181789007144,3.928418178900714e-07,mle,-0.2650012941883628,0.41805645551658893,ok,True,True,extraction,
audusd,4232,2022-08-23,3720,4231,512,-0.8155429593096172,linear,52,0,52,52,0,52,0.1,0.1015625,0.1015625,0.39284181789007144,3.928418178900714e-07,mle,-0.2650012941883628,0.41805645551658893,ok,True,True,extraction,
audusd,4233,2022-08-24,3721,4232,512,-0.810634092710277,linear,52,0,52,52,0,52,0.1,0.1015625,0.1015625,0.39057553834076675,3.905755383407667e-07,mle,-0.25994750877295747,0.41747179594622286,ok,True,True,extraction,
audusd,4234,2022-08-25,3722,4233,512,-0.810634092710277,linear,52,0,52,52,0,52,0.1,0.1015625,0.1015625,0.391042149332274,3.91042149332274e-07,mle,-0.25994750877295747,0.41747179594622286,ok,True,True,extraction,
audusd,4235,2022-08-26,3723,4234,512,-0.810634092710277,linear,52,0,52,52,0,52,0.1,0.1015625,0.1015625,0.391042149332274,3.91042149332274e-07,mle,-0.25994750877295747,0.41747179594622286,ok,True,True,extraction,
audusd,4236,2022-08-29,3724,4235,512,-0.8089218705985223,linear,52,0,52,52,0,52,0.1,0.1015625,0.1015625,0.38882916038235127,3.8882916038235125e-07,mle,-0.2487493680843644,0.4118394691551951,ok,True,True,extraction,
audusd,4237,2022-08-30,3725,4236,512,-0.810634092710277,linear,52,0,52,52,0,52,0.1,0.1015625,0.1015625,0.391042149332274,3.91042149332274e-07,mle,-0.29159887840136045,0.43880657417786706,ok,True,True,extraction,
audusd,4238,2022-08-31,3726,4237,512,-0.810634092710277,linear,52,0,52,52,0,52,0.1,0.1015625,0.1015625,0.39298427796443713,3.9298427796443713e-07,mle,-0.29159887840136045,0.43880657417786706,ok,True,True,extraction,
audusd,4239,2022-09-01,3727,4238,512,-0.810634092710277,linear,52,0,52,52,0,52,0.1,0.1015625,0.1015625,0.39607642618982675,3.9607642618982674e-07,mle,-0.29159887840136045,0.43880657417786706,ok,True,True,extraction,
audusd,4240,2022-09-02,3728,4239,512,-0.810634092710277,linear,52,0,52,52,0,52,0.1,0.1015625,0.1015625,0.3987287228408504,3.987287228408504e-07,mle,-0.29159887840136045,0.43880657417786706,ok,True,True,extraction,
audusd,4241,2022-09-05,3729,4240,512,-0.810634092710277,linear,52,0,52,52,0,52,0.1,0.1015625,0.1015625,0.4042081633840094,4.0420816338400937e-07,mle,-0.29159887840136045,0.43880657417786706,ok,True,True,extraction,
audusd,4242,2022-09-06,3730,4241,512,-0.810634092710277,linear,52,0,52,52,0,52,0.1,0.1015625,0.1015625,0.4011031047073302,4.0110310470733016e-07,mle,-0.29159887840136045,0.43880657417786706,ok,True,True,extraction,
audusd,4243,2022-09-07,3731,4242,512,-0.810634092710277,linear,52,0,52,52,0,52,0.1,0.1015625,0.1015625,0.4011031047073302,4.0110310470733016e-07,mle,-0.29159887840136045,0.43880657417786706,ok,True,True,extraction,
audusd,4244,2022-09-08,3732,4243,512,-0.8155429593096172,linear,52,0,52,52,0,52,0.1,0.1015625,0.1015625,0.4015581746325848,4.015581746325848e-07,mle,-0.3119918935992798,0.44975051280421685,ok,True,True,extraction,
audusd,4245,2022-09-09,3733,4244,512,-0.810634092710277,linear,52,0,52,52,0,52,0.1,0.1015625,0.1015625,0.40326287445028874,4.032628744502887e-07,mle,-0.3210370349956414,0.4581541819669126,ok,True,True,extraction,
audusd,4246,2022-09-12,3734,4245,512,-0.810634092710277,linear,52,0,52,52,0,52,0.1,0.1015625,0.1015625,0.3987287228408504,3.987287228408504e-07,mle,-0.3210370349956414,0.4581541819669126,ok,True,True,extraction,
audusd,4247,2022-09-13,3735,4246,512,-0.8089218705985223,linear,52,0,52,52,0,52,0.1,0.1015625,0.1015625,0.3987287228408504,3.987287228408504e-07,mle,-0.2773219625065202,0.42843747546222644,ok,True,True,extraction,
audusd,4248,2022-09-14,3736,4247,512,-0.8089218705985223,linear,52,0,52,52,0,52,0.1,0.1015625,0.1015625,0.3993124361735816,3.9931243617358155e-07,mle,-0.2773219625065202,0.42843747546222644,ok,True,True,extraction,
audusd,4249,2022-09-15,3737,4248,512,-0.810634092710277,linear,52,0,52,52,0,52,0.1,0.1015625,0.1015625,0.4004825536553118,4.004825536553118e-07,mle,-0.1855663475240274,0.42597308343627427,ok,True,True,extraction,
audusd,4250,2022-09-16,3738,4249,512,-0.810634092710277,linear,52,0,52,52,0,52,0.1,0.1015625,0.1015625,0.3993124361735816,3.9931243617358155e-07,mle,-0.1855663475240274,0.42597308343627427,ok,True,True,extraction,
audusd,4251,2022-09-19,3739,4250,512,-0.8155429593096172,linear,52,0,52,52,0,52,0.1,0.1015625,0.1015625,0.3999810267231978,3.9998102672319776e-07,mle,-0.18495198489153059,0.4232186775424237,ok,True,True,extraction,
audusd,4252,2022-09-20,3740,4251,512,-0.8155429593096172,linear,52,0,52,52,0,52,0.1,0.1015625,0.1015625,0.4010040477570299,4.010040477570299e-07,mle,-0.18495198489153059,0.4232186775424237,ok,True,True,extraction,
audusd,4253,2022-09-21,3741,4252,512,-0.8155429593096172,linear,52,0,52,52,0,52,0.1,0.1015625,0.1015625,0.4010040477570299,4.010040477570299e-07,mle,-0.18495198489153059,0.4232186775424237,ok,True,True,extraction,
audusd,4254,2022-09-22,3742,4253,512,-0.8155429593096172,linear,52,0,52,52,0,52,0.1,0.1015625,0.1015625,0.40390947452441717,4.039094745244171e-07,mle,-0.18495198489153059,0.4232186775424237,ok,True,True,extraction,
audusd,4255,2022-09-23,3743,4254,512,-0.8178395431849546,linear,52,0,52,52,0,52,0.1,0.1015625,0.1015625,0.40936906254049205,4.0936906254049205e-07,mle,-0.2079918502208797,0.43859627608689655,ok,True,True,extraction,
audusd,4256,2022-09-26,3744,4255,512,-0.8155429593096172,linear,52,0,52,52,0,52,0.1,0.1015625,0.1015625,0.40715607359056927,4.0715607359056926e-07,mle,-0.1907320794560961,0.42761549570434954,ok,True,True,extraction,
audusd,4257,2022-09-27,3745,4256,512,-0.8178395431849546,linear,52,0,52,52,0,52,0.1,0.1015625,0.1015625,0.41029718518032676,4.102971851803267e-07,mle,-0.22708054944586592,0.45991619713761833,ok,True,True,extraction,
audusd,4258,2022-09-28,3746,4257,512,-0.8201541613570148,linear,52,0,52,52,0,52,0.1,0.1015625,0.1015625,0.40956647472681135,4.0956647472681134e-07,mle,-0.2236296469539348,0.4563806397240506,ok,True,True,extraction,
audusd,4259,2022-09-29,3747,4258,512,-0.8201541613570148,linear,52,0,52,52,0,52,0.1,0.1015625,0.1015625,0.4051033152853239,4.051033152853239e-07,mle,-0.2236296469539348,0.4563806397240506,ok,True,True,extraction,
audusd,4260,2022-09-30,3748,4259,512,-0.8201541613570148,linear,52,0,52,52,0,52,0.1,0.1015625,0.1015625,0.41005734384247405,4.1005734384247406e-07,mle,-0.2236296469539348,0.4563806397240506,ok,True,True,extraction,
audusd,4261,2022-10-03,3749,4260,512,-0.8201541613570148,linear,52,0,52,52,0,52,0.1,0.1015625,0.1015625,0.41029718518032676,4.102971851803267e-07,mle,-0.2236296469539348,0.4563806397240506,ok,True,True,extraction,
audusd,4262,2022-10-04,3750,4261,512,-0.8291226824907123,linear,52,0,52,52,0,52,0.1,0.1015625,0.1015625,0.4105753929480795,4.1057539294807945e-07,mle,-0.23955277823764953,0.46532332020345546,ok,True,True,extraction,
audusd,4263,2022-10-05,3751,4262,512,-0.8291226824907123,linear,52,0,52,52,0,52,0.1,0.1015625,0.1015625,0.4105753929480795,4.1057539294807945e-07,mle,-0.23955277823764953,0.46532332020345546,ok,True,True,extraction,
audusd,4264,2022-10-06,3752,4263,512,-0.8291226824907123,linear,52,0,52,52,0,52,0.1,0.1015625,0.1015625,0.4105753929480795,4.1057539294807945e-07,mle,-0.23955277823764953,0.46532332020345546,ok,True,True,extraction,
audusd,4265,2022-10-07,3753,4264,512,-0.8291226824907123,linear,52,0,52,52,0,52,0.1,0.1015625,0.1015625,0.4082769805892009,4.082769805892009e-07,mle,-0.23955277823764953,0.46532332020345546,ok,True,True,extraction,
audusd,4266,2022-10-10,3754,4265,512,-0.8399722663513401,linear,52,0,52,52,0,52,0.1,0.1015625,0.1015625,0.4105753929480795,4.1057539294807945e-07,mle,-0.254564371064507,0.4739031094691589,ok,True,True,extraction,
audusd,4267,2022-10-11,3755,4266,512,-0.8399722663513401,linear,52,0,52,52,0,52,0.1,0.1015625,0.1015625,0.4105753929480795,4.1057539294807945e-07,mle,-0.254564371064507,0.4739031094691589,ok,True,True,extraction,
audusd,4268,2022-10-12,3756,4267,512,-0.8591163662308121,linear,52,0,52,52,0,52,0.1,0.1015625,0.1015625,0.4111687310982895,4.111687310982895e-07,mle,-0.23592217110008887,0.45162434577589655,ok,True,True,extraction,
audusd,4269,2022-10-13,3757,4268,512,-0.8591163662308121,linear,52,0,52,52,0,52,0.1,0.1015625,0.1015625,0.40913374960583,4.0913374960582994e-07,mle,-0.23592217110008887,0.45162434577589655,ok,True,True,extraction,
audusd,4270,2022-10-14,3758,4269,512,-0.8591163662308121,linear,52,0,52,52,0,52,0.1,0.1015625,0.1015625,0.41211707754178095,4.1211707754178096e-07,mle,-0.23592217110008887,0.45162434577589655,ok,True,True,extraction,
audusd,4271,2022-10-17,3759,4270,512,-0.8591163662308121,linear,52,0,52,52,0,52,0.1,0.1015625,0.1015625,0.41211707754178095,4.1211707754178096e-07,mle,-0.23592217110008887,0.45162434577589655,ok,True,True,extraction,
audusd,4272,2022-10-18,3760,4271,512,-0.8591163662308121,linear,52,0,52,52,0,52,0.1,0.1015625,0.1015625,0.41211707754178095,4.1211707754178096e-07,mle,-0.25204108853650375,0.46354834785074633,ok,True,True,extraction,
audusd,4273,2022-10-19,3761,4272,512,-0.8591163662308121,linear,52,0,52,52,0,52,0.1,0.1015625,0.1015625,0.412805358843763,4.12805358843763e-07,mle,-0.25204108853650375,0.46354834785074633,ok,True,True,extraction,
audusd,4274,2022-10-20,3762,4273,512,-0.8591163662308121,linear,52,0,52,52,0,52,0.1,0.1015625,0.1015625,0.41471244599907053,4.147124459990705e-07,mle,-0.25204108853650375,0.46354834785074633,ok,True,True,extraction,
audusd,4275,2022-10-21,3763,4274,512,-0.8591163662308121,linear,52,0,52,52,0,52,0.1,0.1015625,0.1015625,0.412805358843763,4.12805358843763e-07,mle,-0.25204108853650375,0.46354834785074633,ok,True,True,extraction,
audusd,4276,2022-10-24,3764,4275,512,-0.8591163662308121,linear,52,0,52,52,0,52,0.1,0.1015625,0.1015625,0.4113661432846088,4.113661432846088e-07,mle,-0.25204108853650375,0.46354834785074633,ok,True,True,extraction,
audusd,4277,2022-10-25,3765,4276,512,-0.8591163662308121,linear,52,0,52,52,0,52,0.1,0.1015625,0.1015625,0.41471244599907053,4.147124459990705e-07,mle,-0.25204108853650375,0.46354834785074633,ok,True,True,extraction,
audusd,4278,2022-10-26,3766,4277,512,-0.8591163662308121,linear,52,0,52,52,0,52,0.1,0.1015625,0.1015625,0.412805358843763,4.12805358843763e-07,mle,-0.25204108853650375,0.46354834785074633,ok,True,True,extraction,
audusd,4279,2022-10-27,3767,4278,512,-0.8591163662308121,linear,52,0,52,52,0,52,0.1,0.1015625,0.1015625,0.4149112839373479,4.149112839373479e-07,mle,-0.25204108853650375,0.46354834785074633,ok,True,True,extraction,
audusd,4280,2022-10-28,3768,4279,512,-0.8591163662308121,linear,52,0,52,52,0,52,0.1,0.1015625,0.1015625,0.4163608691730316,4.163608691730316e-07,mle,-0.25204108853650375,0.46354834785074633,ok,True,True,extraction,
audusd,4281,2022-10-31,3769,4280,512,-0.8591163662308121,linear,52,0,52,52,0,52,0.1,0.1015625,0.1015625,0.41707337282424306,4.1707337282424307e-07,mle,-0.25204108853650375,0.46354834785074633,ok,True,True,extraction,
audusd,4282,2022-11-01,3770,4281,512,-0.8591163662308121,linear,52,0,52,52,0,52,0.1,0.1015625,0.1015625,0.41728218943452755,4.172821894345275e-07,mle,-0.25204108853650375,0.46354834785074633,ok,True,True,extraction,
audusd,4283,2022-11-02,3771,4282,512,-0.8591163662308121,linear,52,0,52,52,0,52,0.1,0.1015625,0.1015625,0.41707337282424306,4.1707337282424307e-07,mle,-0.25204108853650375,0.46354834785074633,ok,True,True,extraction,
audusd,4284,2022-11-03,3772,4283,512,-0.8591163662308121,linear,52,0,52,52,0,52,0.1,0.1015625,0.1015625,0.414255507736295,4.14255507736295e-07,mle,-0.25204108853650375,0.46354834785074633,ok,True,True,extraction,
audusd,4285,2022-11-04,3773,4284,512,-0.8818477817414437,linear,52,0,52,52,0,52,0.1,0.1015625,0.1015625,0.41355517812007503,4.13555178120075e-07,mle,-0.20569348496707274,0.42110868337596863,ok,True,True,extraction,
audusd,4286,2022-11-07,3774,4285,512,-0.8818477817414437,linear,52,0,52,52,0,52,0.1,0.1015625,0.1015625,0.41518287479557847,4.1518287479557843e-07,mle,-0.20569348496707274,0.42110868337596863,ok,True,True,extraction,
audusd,4287,2022-11-08,3775,4286,512,-0.8818477817414437,linear,52,0,52,52,0,52,0.1,0.1015625,0.1015625,0.4153826776686594,4.153826776686594e-07,mle,-0.20569348496707274,0.42110868337596863,ok,True,True,extraction,
audusd,4288,2022-11-09,3776,4287,512,-0.8818477817414437,linear,52,0,52,52,0,52,0.1,0.1015625,0.1015625,0.41728218943452755,4.172821894345275e-07,mle,-0.20569348496707274,0.42110868337596863,ok,True,True,extraction,
audusd,4289,2022-11-10,3777,4288,512,-0.8818477817414437,linear,52,0,52,52,0,52,0.1,0.1015625,0.1015625,0.41728218943452755,4.172821894345275e-07,mle,-0.20569348496707274,0.42110868337596863,ok,True,True,extraction,
audusd,4290,2022-11-11,3778,4289,512,-0.8853041152325786,linear,52,0,52,52,0,52,0.1,0.1015625,0.1015625,0.41897184320297,4.1897184320296997e-07,mle,-0.21693145486458493,0.426893474807876,ok,True,True,extraction,
audusd,4291,2022-11-14,3779,4290,512,-0.8853041152325786,linear,52,0,52,52,0,52,0.1,0.1015625,0.1015625,0.41897184320297,4.1897184320296997e-07,mle,-0.21693145486458493,0.426893474807876,ok,True,True,extraction,
audusd,4292,2022-11-15,3780,4291,512,-0.8853041152325786,linear,52,0,52,52,0,52,0.1,0.1015625,0.1015625,0.4189429593877476,4.189429593877476e-07,mle,-0.21693145486458493,0.426893474807876,ok,True,True,extraction,
audusd,4293,2022-11-16,3781,4292,512,-0.8853041152325786,linear,52,0,52,52,0,52,0.1,0.1015625,0.1015625,0.4189429593877476,4.189429593877476e-07,mle,-0.21693145486458493,0.426893474807876,ok,True,True,extraction,
audusd,4294,2022-11-17,3782,4293,512,-0.8853041152325786,linear,52,0,52,52,0,52,0.1,0.1015625,0.1015625,0.4189429593877476,4.189429593877476e-07,mle,-0.21693145486458493,0.426893474807876,ok,True,True,extraction,
audusd,4295,2022-11-18,3783,4294,512,-0.8853041152325786,linear,52,0,52,52,0,52,0.1,0.1015625,0.1015625,0.4189429593877476,4.189429593877476e-07,mle,-0.21693145486458493,0.426893474807876,ok,True,True,extraction,
audusd,4296,2022-11-21,3784,4295,512,-0.8853041152325786,linear,52,0,52,52,0,52,0.1,0.1015625,0.1015625,0.42074262794554507,4.2074262794554504e-07,mle,-0.21693145486458493,0.426893474807876,ok,True,True,extraction,
audusd,4297,2022-11-22,3785,4296,512,-0.8853041152325786,linear,52,0,52,52,0,52,0.1,0.1015625,0.1015625,0.416677935228145,4.1667793522814496e-07,mle,-0.21693145486458493,0.426893474807876,ok,True,True,extraction,
audusd,4298,2022-11-23,3786,4297,512,-0.8906892385862046,linear,52,0,52,52,0,52,0.1,0.1015625,0.1015625,0.4178519820613635,4.1785198206136345e-07,mle,-0.22049319205416174,0.42674817598417214,ok,True,True,extraction,
audusd,4299,2022-11-24,3787,4298,512,-0.8906892385862046,linear,52,0,52,52,0,52,0.1,0.1015625,0.1015625,0.418781629512282,4.1878162951228195e-07,mle,-0.22049319205416174,0.42674817598417214,ok,True,True,extraction,
audusd,4300,2022-11-25,3788,4299,512,-0.8906892385862046,linear,52,0,52,52,0,52,0.1,0.1015625,0.1015625,0.42161552248133816,4.216155224813381e-07,mle,-0.22049319205416174,0.42674817598417214,ok,True,True,extraction,
audusd,4301,2022-11-28,3789,4300,512,-0.8906892385862046,linear,52,0,52,52,0,52,0.1,0.1015625,0.1015625,0.42079320351975513,4.207932035197551e-07,mle,-0.22049319205416174,0.42674817598417214,ok,True,True,extraction,
audusd,4302,2022-11-29,3790,4301,512,-0.8906892385862046,linear,52,0,52,52,0,52,0.1,0.1015625,0.1015625,0.42169826464899157,4.2169826464899154e-07,mle,-0.22049319205416174,0.42674817598417214,ok,True,True,extraction,
audusd,4303,2022-11-30,3791,4302,512,-0.8961621860126162,linear,52,0,52,52,0,52,0.1,0.1015625,0.1015625,0.42241322826177774,4.224132282617777e-07,mle,-0.20834320012926977,0.41626902576318137,ok,True,True,extraction,
audusd,4304,2022-12-01,3792,4303,512,-0.8961621860126162,linear,52,0,52,52,0,52,0.1,0.1015625,0.1015625,0.42491098405323313,4.249109840532331e-07,mle,-0.20834320012926977,0.41626902576318137,ok,True,True,extraction,
audusd,4305,2022-12-02,3793,4304,512,-0.8961621860126162,linear,52,0,52,52,0,52,0.1,0.1015625,0.1015625,0.4225107841891636,4.225107841891636e-07,mle,-0.20834320012926977,0.41626902576318137,ok,True,True,extraction,
audusd,4306,2022-12-05,3794,4305,512,-0.8961621860126162,linear,52,0,52,52,0,52,0.1,0.1015625,0.1015625,0.4225107841891636,4.225107841891636e-07,mle,-0.20834320012926977,0.41626902576318137,ok,True,True,extraction,
audusd,4307,2022-12-06,3795,4306,512,-0.8961621860126162,linear,52,0,52,52,0,52,0.1,0.1015625,0.1015625,0.4225107841891636,4.225107841891636e-07,mle,-0.20834320012926977,0.41626902576318137,ok,True,True,extraction,
audusd,4308,2022-12-07,3796,4307,512,-0.8983220989645803,linear,52,0,52,52,0,52,0.1,0.1015625,0.1015625,0.42626461273444716,4.2626461273444714e-07,mle,-0.2412207479709748,0.4402240040160042,ok,True,True,extraction,
audusd,4309,2022-12-08,3797,4308,512,-0.8983220989645803,linear,52,0,52,52,0,52,0.1,0.1015625,0.1015625,0.42626461273444716,4.2626461273444714e-07,mle,-0.2412207479709748,0.4402240040160042,ok,True,True,extraction,
audusd,4310,2022-12-09,3798,4309,512,-0.8983220989645803,linear,52,0,52,52,0,52,0.1,0.1015625,0.1015625,0.4231543977015267,4.2315439770152665e-07,mle,-0.2412207479709748,0.4402240040160042,ok,True,True,extraction,
audusd,4311,2022-12-12,3799,4310,512,-0.8983220989645803,linear,52,0,52,52,0,52,0.1,0.1015625,0.1015625,0.4264146979769389,4.2641469797693885e-07,mle,-0.2412207479709748,0.4402240040160042,ok,True,True,extraction,
audusd,4312,2022-12-13,3800,4311,512,-0.8983220989645803,linear,52,0,52,52,0,52,0.1,0.1015625,0.1015625,0.4264146979769389,4.2641469797693885e-07,mle,-0.2412207479709748,0.4402240040160042,ok,True,True,extraction,
audusd,4313,2022-12-14,3801,4312,512,-0.8983220989645803,linear,52,0,52,52,0,52,0.1,0.1015625,0.1015625,0.4254518321212941,4.254518321212941e-07,mle,-0.2412207479709748,0.4402240040160042,ok,True,True,extraction,
audusd,4314,2022-12-15,3802,4313,512,-0.8983220989645803,linear,52,0,52,52,0,52,0.1,0.1015625,0.1015625,0.42871213239670625,4.287121323967062e-07,mle,-0.2412207479709748,0.4402240040160042,ok,True,True,extraction,
audusd,4315,2022-12-16,3803,4314,512,-0.8983220989645803,linear,52,0,52,52,0,52,0.1,0.1015625,0.1015625,0.42871213239670625,4.287121323967062e-07,mle,-0.2412207479709748,0.4402240040160042,ok,True,True,extraction,
audusd,4316,2022-12-19,3804,4315,512,-0.9005315579009525,linear,52,0,52,52,0,52,0.1,0.1015625,0.1015625,0.4299926446454305,4.299926446454305e-07,mle,-0.22240521858554946,0.4630503017955966,ok,True,True,extraction,
audusd,4317,2022-12-20,3805,4316,512,-0.9005315579009525,linear,52,0,52,52,0,52,0.1,0.1015625,0.1015625,0.4275584676244315,4.2755846762443147e-07,mle,-0.22240521858554946,0.4630503017955966,ok,True,True,extraction,
audusd,4318,2022-12-21,3806,4317,512,-0.9005315579009525,linear,52,0,52,52,0,52,0.1,0.1015625,0.1015625,0.4275584676244315,4.2755846762443147e-07,mle,-0.22240521858554946,0.4630503017955966,ok,True,True,extraction,
audusd,4319,2022-12-22,3807,4318,512,-0.9005315579009525,linear,52,0,52,52,0,52,0.1,0.1015625,0.1015625,0.43035172032362207,4.3035172032362204e-07,mle,-0.22240521858554946,0.4630503017955966,ok,True,True,extraction,
audusd,4320,2022-12-23,3808,4319,512,-0.9005315579009525,linear,52,0,52,52,0,52,0.1,0.1015625,0.1015625,0.4275584676244315,4.2755846762443147e-07,mle,-0.22240521858554946,0.4630503017955966,ok,True,True,extraction,
audusd,4321,2022-12-26,3809,4320,512,-0.9005315579009525,linear,52,0,52,52,0,52,0.1,0.1015625,0.1015625,0.43035172032362207,4.3035172032362204e-07,mle,-0.22240521858554946,0.4630503017955966,ok,True,True,extraction,
audusd,4322,2022-12-27,3810,4321,512,-0.9005315579009525,linear,52,0,52,52,0,52,0.1,0.1015625,0.1015625,0.43035172032362207,4.3035172032362204e-07,mle,-0.22240521858554946,0.4630503017955966,ok,True,True,extraction,
audusd,4323,2022-12-28,3811,4322,512,-0.9005315579009525,linear,52,0,52,52,0,52,0.1,0.1015625,0.1015625,0.4275584676244315,4.2755846762443147e-07,mle,-0.22240521858554946,0.4630503017955966,ok,True,True,extraction,
audusd,4324,2022-12-29,3812,4323,512,-0.9005315579009525,linear,52,0,52,52,0,52,0.1,0.1015625,0.1015625,0.4272346193609059,4.272346193609059e-07,mle,-0.22240521858554946,0.4630503017955966,ok,True,True,extraction,
audusd,4325,2022-12-30,3813,4324,512,-0.9005315579009525,linear,52,0,52,52,0,52,0.1,0.1015625,0.1015625,0.4254518321212941,4.254518321212941e-07,mle,-0.22240521858554946,0.4630503017955966,ok,True,True,extraction,
audusd,4326,2023-01-02,3814,4325,512,-0.9005315579009525,linear,52,0,52,52,0,52,0.1,0.1015625,0.1015625,0.4231543977015267,4.2315439770152665e-07,mle,-0.22240521858554946,0.4630503017955966,ok,True,True,extraction,
audusd,4327,2023-01-03,3815,4326,512,-0.9005315579009525,linear,52,0,52,52,0,52,0.1,0.1015625,0.1015625,0.4264146979769389,4.2641469797693885e-07,mle,-0.22240521858554946,0.4630503017955966,ok,True,True,extraction,
audusd,4328,2023-01-04,3816,4327,512,-0.9005315579009525,linear,52,0,52,52,0,52,0.1,0.1015625,0.1015625,0.4254518321212941,4.254518321212941e-07,mle,-0.22240521858554946,0.4630503017955966,ok,True,True,extraction,
audusd,4329,2023-01-05,3817,4328,512,-0.9005315579009525,linear,52,0,52,52,0,52,0.1,0.1015625,0.1015625,0.4254518321212941,4.254518321212941e-07,mle,-0.22391727554879803,0.4641182807451763,ok,True,True,extraction,
audusd,4330,2023-01-06,3818,4329,512,-0.9005315579009525,linear,52,0,52,52,0,52,0.1,0.1015625,0.1015625,0.42871213239670625,4.287121323967062e-07,mle,-0.22391727554879803,0.4641182807451763,ok,True,True,extraction,
audusd,4331,2023-01-09,3819,4330,512,-0.9062667841401342,linear,52,0,52,52,0,52,0.1,0.1015625,0.1015625,0.4299926446454305,4.299926446454305e-07,mle,-0.22328828110664004,0.4609062917775125,ok,True,True,extraction,
audusd,4332,2023-01-10,3820,4331,512,-0.9062667841401342,linear,52,0,52,52,0,52,0.1,0.1015625,0.1015625,0.4299926446454305,4.299926446454305e-07,mle,-0.22328828110664004,0.4609062917775125,ok,True,True,extraction,
audusd,4333,2023-01-11,3821,4332,512,-0.9062667841401342,linear,52,0,52,52,0,52,0.1,0.1015625,0.1015625,0.4299926446454305,4.299926446454305e-07,mle,-0.22328828110664004,0.4609062917775125,ok,True,True,extraction,
audusd,4334,2023-01-12,3822,4333,512,-0.9062667841401342,linear,52,0,52,52,0,52,0.1,0.1015625,0.1015625,0.42871213239670625,4.287121323967062e-07,mle,-0.22328828110664004,0.4609062917775125,ok,True,True,extraction,
audusd,4335,2023-01-13,3823,4334,512,-0.9062667841401342,linear,52,0,52,52,0,52,0.1,0.1015625,0.1015625,0.42871213239670625,4.287121323967062e-07,mle,-0.22328828110664004,0.4609062917775125,ok,True,True,extraction,
audusd,4336,2023-01-16,3824,4335,512,-0.9062667841401342,linear,52,0,52,52,0,52,0.1,0.1015625,0.1015625,0.42871213239670625,4.287121323967062e-07,mle,-0.22328828110664004,0.4609062917775125,ok,True,True,extraction,
audusd,4337,2023-01-17,3825,4336,512,-0.9005315579009525,linear,52,0,52,52,0,52,0.1,0.1015625,0.1015625,0.4264146979769389,4.2641469797693885e-07,mle,-0.20796823500087566,0.4524711419491791,ok,True,True,extraction,
audusd,4338,2023-01-18,3826,4337,512,-0.9005315579009525,linear,52,0,52,52,0,52,0.1,0.1015625,0.1015625,0.4254518321212941,4.254518321212941e-07,mle,-0.20796823500087566,0.4524711419491791,ok,True,True,extraction,
audusd,4339,2023-01-19,3827,4338,512,-0.9005315579009525,linear,52,0,52,52,0,52,0.1,0.1015625,0.1015625,0.42431045274696105,4.2431045274696105e-07,mle,-0.20796823500087566,0.4524711419491791,ok,True,True,extraction,
audusd,4340,2023-01-20,3828,4339,512,-0.9005315579009525,linear,52,0,52,52,0,52,0.1,0.1015625,0.1015625,0.4254518321212941,4.254518321212941e-07,mle,-0.20796823500087566,0.4524711419491791,ok,True,True,extraction,
audusd,4341,2023-01-23,3829,4340,512,-0.9005315579009525,linear,52,0,52,52,0,52,0.1,0.1015625,0.1015625,0.4254518321212941,4.254518321212941e-07,mle,-0.20796823500087566,0.4524711419491791,ok,True,True,extraction,
audusd,4342,2023-01-24,3830,4341,512,-0.9005315579009525,linear,52,0,52,52,0,52,0.1,0.1015625,0.1015625,0.42871213239670625,4.287121323967062e-07,mle,-0.20796823500087566,0.4524711419491791,ok,True,True,extraction,
audusd,4343,2023-01-25,3831,4342,512,-0.9005315579009525,linear,52,0,52,52,0,52,0.1,0.1015625,0.1015625,0.43010025568527854,4.301002556852785e-07,mle,-0.20796823500087566,0.4524711419491791,ok,True,True,extraction,
audusd,4344,2023-01-26,3832,4343,512,-0.9005315579009525,linear,52,0,52,52,0,52,0.1,0.1015625,0.1015625,0.42871213239670625,4.287121323967062e-07,mle,-0.20796823500087566,0.4524711419491791,ok,True,True,extraction,
audusd,4345,2023-01-27,3833,4344,512,-0.9005315579009525,linear,52,0,52,52,0,52,0.1,0.1015625,0.1015625,0.43010025568527854,4.301002556852785e-07,mle,-0.20796823500087566,0.4524711419491791,ok,True,True,extraction,
audusd,4346,2023-01-30,3834,4345,512,-0.9005315579009525,linear,52,0,52,52,0,52,0.1,0.1015625,0.1015625,0.43010025568527854,4.301002556852785e-07,mle,-0.20796823500087566,0.4524711419491791,ok,True,True,extraction,
audusd,4347,2023-01-31,3835,4346,512,-0.9005315579009525,linear,52,0,52,52,0,52,0.1,0.1015625,0.1015625,0.43010025568527854,4.301002556852785e-07,mle,-0.20796823500087566,0.4524711419491791,ok,True,True,extraction,
audusd,4348,2023-02-01,3836,4347,512,-0.9005315579009525,linear,52,0,52,52,0,52,0.1,0.1015625,0.1015625,0.43138076793400276,4.3138076793400276e-07,mle,-0.20796823500087566,0.4524711419491791,ok,True,True,extraction,
audusd,4349,2023-02-02,3837,4348,512,-0.9005315579009525,linear,52,0,52,52,0,52,0.1,0.1015625,0.1015625,0.42788480693441655,4.278848069344165e-07,mle,-0.20796823500087566,0.4524711419491791,ok,True,True,extraction,
audusd,4350,2023-02-03,3838,4349,512,-0.9005315579009525,linear,52,0,52,52,0,52,0.1,0.1015625,0.1015625,0.43189660125470863,4.3189660125470863e-07,mle,-0.20796823500087566,0.4524711419491791,ok,True,True,extraction,
audusd,4351,2023-02-06,3839,4350,512,-0.9062667841401342,linear,52,0,52,52,0,52,0.1,0.1015625,0.1015625,0.43189660125470863,4.3189660125470863e-07,mle,-0.20077813508942702,0.4448932585339813,ok,True,True,extraction,
audusd,4352,2023-02-07,3840,4351,512,-0.9080735346441018,linear,52,0,52,52,0,52,0.1,0.1015625,0.1015625,0.43390161445527486,4.3390161445527483e-07,mle,-0.2129626019858687,0.4781534508526683,ok,True,True,extraction,
audusd,4353,2023-02-08,3841,4352,512,-0.9080735346441018,linear,52,0,52,52,0,52,0.1,0.1015625,0.1015625,0.4363575169844611,4.363575169844611e-07,mle,-0.2129626019858687,0.4781534508526683,ok,True,True,extraction,
audusd,4354,2023-02-09,3842,4353,512,-0.9080735346441018,linear,52,0,52,52,0,52,0.1,0.1015625,0.1015625,0.4363575169844611,4.363575169844611e-07,mle,-0.2129626019858687,0.4781534508526683,ok,True,True,extraction,
audusd,4355,2023-02-10,3843,4354,512,-0.9080735346441018,linear,52,0,52,52,0,52,0.1,0.1015625,0.1015625,0.4382435812936658,4.382435812936658e-07,mle,-0.2129626019858687,0.4781534508526683,ok,True,True,extraction,
audusd,4356,2023-02-13,3844,4355,512,-0.9080735346441018,linear,52,0,52,52,0,52,0.1,0.1015625,0.1015625,0.43670367006612854,4.367036700661285e-07,mle,-0.2129626019858687,0.4781534508526683,ok,True,True,extraction,
audusd,4357,2023-02-14,3845,4356,512,-0.9080735346441018,linear,52,0,52,52,0,52,0.1,0.1015625,0.1015625,0.4375714085489215,4.375714085489215e-07,mle,-0.2129626019858687,0.4781534508526683,ok,True,True,extraction,
audusd,4358,2023-02-15,3846,4357,512,-0.9062667841401342,linear,52,0,52,52,0,52,0.1,0.1015625,0.1015625,0.4363575169844611,4.363575169844611e-07,mle,-0.1829409411592156,0.4583492560990332,ok,True,True,extraction,
audusd,4359,2023-02-16,3847,4358,512,-0.9005315579009525,linear,52,0,52,52,0,52,0.1,0.1015625,0.1015625,0.43390161445527486,4.3390161445527483e-07,mle,-0.15251562698248156,0.4394325494992518,ok,True,True,extraction,
audusd,4360,2023-02-17,3848,4359,512,-0.9062667841401342,linear,52,0,52,52,0,52,0.1,0.1015625,0.1015625,0.4363575169844611,4.363575169844611e-07,mle,-0.15960149967398737,0.44129376002611037,ok,True,True,extraction,
audusd,4361,2023-02-20,3849,4360,512,-0.9062667841401342,linear,52,0,52,52,0,52,0.1,0.1015625,0.1015625,0.4375714085489215,4.375714085489215e-07,mle,-0.15960149967398737,0.44129376002611037,ok,True,True,extraction,
audusd,4362,2023-02-21,3850,4361,512,-0.9062667841401342,linear,52,0,52,52,0,52,0.1,0.1015625,0.1015625,0.43568251392505264,4.3568251392505263e-07,mle,-0.15960149967398737,0.44129376002611037,ok,True,True,extraction,
audusd,4363,2023-02-22,3851,4362,512,-0.9062667841401342,linear,52,0,52,52,0,52,0.1,0.1015625,0.1015625,0.43390161445527486,4.3390161445527483e-07,mle,-0.15960149967398737,0.44129376002611037,ok,True,True,extraction,
audusd,4364,2023-02-23,3852,4363,512,-0.9062667841401342,linear,52,0,52,52,0,52,0.1,0.1015625,0.1015625,0.4344715681191353,4.3447156811913526e-07,mle,-0.15960149967398737,0.44129376002611037,ok,True,True,extraction,
audusd,4365,2023-02-24,3853,4364,512,-0.9062667841401342,linear,52,0,52,52,0,52,0.1,0.1015625,0.1015625,0.4344715681191353,4.3447156811913526e-07,mle,-0.15960149967398737,0.44129376002611037,ok,True,True,extraction,
audusd,4366,2023-02-27,3854,4365,512,-0.9062667841401342,linear,52,0,52,52,0,52,0.1,0.1015625,0.1015625,0.43568251392505264,4.3568251392505263e-07,mle,-0.15960149967398737,0.44129376002611037,ok,True,True,extraction,
audusd,4367,2023-02-28,3855,4366,512,-0.9080735346441018,linear,52,0,52,52,0,52,0.1,0.1015625,0.1015625,0.4375714085489215,4.375714085489215e-07,mle,-0.1717873727005566,0.448072986652594,ok,True,True,extraction,
audusd,4368,2023-03-01,3856,4367,512,-0.9080735346441018,linear,52,0,52,52,0,52,0.1,0.1015625,0.1015625,0.4357878829675088,4.357878829675088e-07,mle,-0.1717873727005566,0.448072986652594,ok,True,True,extraction,
audusd,4369,2023-03-02,3857,4368,512,-0.9080735346441018,linear,52,0,52,52,0,52,0.1,0.1015625,0.1015625,0.4357878829675088,4.357878829675088e-07,mle,-0.1717873727005566,0.448072986652594,ok,True,True,extraction,
audusd,4370,2023-03-03,3858,4369,512,-0.9080735346441018,linear,52,0,52,52,0,52,0.1,0.1015625,0.1015625,0.4363575169844611,4.363575169844611e-07,mle,-0.1717873727005566,0.448072986652594,ok,True,True,extraction,
audusd,4371,2023-03-06,3859,4370,512,-0.9080735346441018,linear,52,0,52,52,0,52,0.1,0.1015625,0.1015625,0.4363575169844611,4.363575169844611e-07,mle,-0.1717873727005566,0.448072986652594,ok,True,True,extraction,
audusd,4372,2023-03-07,3860,4371,512,-0.9080735346441018,linear,52,0,52,52,0,52,0.1,0.1015625,0.1015625,0.43568251392505264,4.3568251392505263e-07,mle,-0.1717873727005566,0.448072986652594,ok,True,True,extraction,
audusd,4373,2023-03-08,3861,4372,512,-0.9080735346441018,linear,52,0,52,52,0,52,0.1,0.1015625,0.1015625,0.4350135287905039,4.350135287905039e-07,mle,-0.1717873727005566,0.448072986652594,ok,True,True,extraction,
audusd,4374,2023-03-09,3862,4373,512,-0.90954182991593,linear,52,0,52,52,0,52,0.1,0.1015625,0.1015625,0.43568251392505264,4.3568251392505263e-07,mle,-0.2047533305846719,0.4883831515095186,ok,True,True,extraction,
audusd,4375,2023-03-10,3863,4374,512,-0.90954182991593,linear,52,0,52,52,0,52,0.1,0.1015625,0.1015625,0.43568251392505264,4.3568251392505263e-07,mle,-0.2047533305846719,0.4883831515095186,ok,True,True,extraction,
audusd,4376,2023-03-13,3864,4375,512,-0.9080735346441018,linear,52,0,52,52,0,52,0.1,0.1015625,0.1015625,0.4350135287905039,4.350135287905039e-07,mle,-0.1523790612887188,0.4472756647472239,ok,True,True,extraction,
audusd,4377,2023-03-14,3865,4376,512,-0.9080735346441018,linear,52,0,52,52,0,52,0.1,0.1015625,0.1015625,0.43390161445527486,4.3390161445527483e-07,mle,-0.1523790612887188,0.4472756647472239,ok,True,True,extraction,
audusd,4378,2023-03-15,3866,4377,512,-0.9080735346441018,linear,52,0,52,52,0,52,0.1,0.1015625,0.1015625,0.43390161445527486,4.3390161445527483e-07,mle,-0.1523790612887188,0.4472756647472239,ok,True,True,extraction,
audusd,4379,2023-03-16,3867,4378,512,-0.9080735346441018,linear,52,0,52,52,0,52,0.1,0.1015625,0.1015625,0.43390161445527486,4.3390161445527483e-07,mle,-0.1523790612887188,0.4472756647472239,ok,True,True,extraction,
audusd,4380,2023-03-17,3868,4379,512,-0.90954182991593,linear,52,0,52,52,0,52,0.1,0.1015625,0.1015625,0.4363575169844611,4.363575169844611e-07,mle,-0.1627276776055937,0.45308910317606294,ok,True,True,extraction,
audusd,4381,2023-03-20,3869,4380,512,-0.90954182991593,linear,52,0,52,52,0,52,0.1,0.1015625,0.1015625,0.43601487115989734,4.360148711598973e-07,mle,-0.1627276776055937,0.45308910317606294,ok,True,True,extraction,
audusd,4382,2023-03-21,3870,4381,512,-0.90954182991593,linear,52,0,52,52,0,52,0.1,0.1015625,0.1015625,0.4381276749187395,4.381276749187395e-07,mle,-0.1627276776055937,0.45308910317606294,ok,True,True,extraction,
audusd,4383,2023-03-22,3871,4382,512,-0.90954182991593,linear,52,0,52,52,0,52,0.1,0.1015625,0.1015625,0.4381276749187395,4.381276749187395e-07,mle,-0.1627276776055937,0.45308910317606294,ok,True,True,extraction,
audusd,4384,2023-03-23,3872,4383,512,-0.90954182991593,linear,52,0,52,52,0,52,0.1,0.1015625,0.1015625,0.44080485286530824,4.408048528653082e-07,mle,-0.1627276776055937,0.45308910317606294,ok,True,True,extraction,
audusd,4385,2023-03-24,3873,4384,512,-0.90954182991593,linear,52,0,52,52,0,52,0.1,0.1015625,0.1015625,0.43824697310689065,4.382469731068906e-07,mle,-0.1627276776055937,0.45308910317606294,ok,True,True,extraction,
audusd,4386,2023-03-27,3874,4385,512,-0.90954182991593,linear,52,0,52,52,0,52,0.1,0.1015625,0.1015625,0.4370300093761135,4.370300093761135e-07,mle,-0.1627276776055937,0.45308910317606294,ok,True,True,extraction,
audusd,4387,2023-03-28,3875,4386,512,-0.90954182991593,linear,52,0,52,52,0,52,0.1,0.1015625,0.1015625,0.43670367006612854,4.367036700661285e-07,mle,-0.1627276776055937,0.45308910317606294,ok,True,True,extraction,
audusd,4388,2023-03-29,3876,4387,512,-0.90954182991593,linear,52,0,52,52,0,52,0.1,0.1015625,0.1015625,0.4363575169844611,4.363575169844611e-07,mle,-0.1627276776055937,0.45308910317606294,ok,True,True,extraction,
audusd,4389,2023-03-30,3877,4388,512,-0.90954182991593,linear,52,0,52,52,0,52,0.1,0.1015625,0.1015625,0.43601487115989734,4.360148711598973e-07,mle,-0.1627276776055937,0.45308910317606294,ok,True,True,extraction,
audusd,4390,2023-03-31,3878,4389,512,-0.90954182991593,linear,52,0,52,52,0,52,0.1,0.1015625,0.1015625,0.43670367006612854,4.367036700661285e-07,mle,-0.1627276776055937,0.45308910317606294,ok,True,True,extraction,
audusd,4391,2023-04-03,3879,4390,512,-0.90954182991593,linear,52,0,52,52,0,52,0.1,0.1015625,0.1015625,0.4370300093761135,4.370300093761135e-07,mle,-0.1627276776055937,0.45308910317606294,ok,True,True,extraction,
audusd,4392,2023-04-04,3880,4391,512,-0.90954182991593,linear,52,0,52,52,0,52,0.1,0.1015625,0.1015625,0.4389185843530743,4.3891858435307426e-07,mle,-0.1627276776055937,0.45308910317606294,ok,True,True,extraction,
audusd,4393,2023-04-05,3881,4392,512,-0.90954182991593,linear,52,0,52,52,0,52,0.1,0.1015625,0.1015625,0.4394885380169347,4.394885380169347e-07,mle,-0.1627276776055937,0.45308910317606294,ok,True,True,extraction,
audusd,4394,2023-04-06,3882,4393,512,-0.90954182991593,linear,52,0,52,52,0,52,0.1,0.1015625,0.1015625,0.4389185843530743,4.3891858435307426e-07,mle,-0.1627276776055937,0.45308910317606294,ok,True,True,extraction,
audusd,4395,2023-04-07,3883,4394,512,-0.90954182991593,linear,52,0,52,52,0,52,0.1,0.1015625,0.1015625,0.4434363333254675,4.434363333254675e-07,mle,-0.1627276776055937,0.45308910317606294,ok,True,True,extraction,
audusd,4396,2023-04-10,3884,4395,512,-0.90954182991593,linear,52,0,52,52,0,52,0.1,0.1015625,0.1015625,0.4434363333254675,4.434363333254675e-07,mle,-0.1627276776055937,0.45308910317606294,ok,True,True,extraction,
audusd,4397,2023-04-11,3885,4396,512,-0.90954182991593,linear,52,0,52,52,0,52,0.1,0.1015625,0.1015625,0.44375095969162015,4.437509596916201e-07,mle,-0.1627276776055937,0.45308910317606294,ok,True,True,extraction,
audusd,4398,2023-04-12,3886,4397,512,-0.90954182991593,linear,52,0,52,52,0,52,0.1,0.1015625,0.1015625,0.4402167645336554,4.4021676453365534e-07,mle,-0.1627276776055937,0.45308910317606294,ok,True,True,extraction,
audusd,4399,2023-04-13,3887,4398,512,-0.90954182991593,linear,52,0,52,52,0,52,0.1,0.1015625,0.1015625,0.43948990299602453,4.394899029960245e-07,mle,-0.1627276776055937,0.45308910317606294,ok,True,True,extraction,
audusd,4400,2023-04-14,3888,4399,512,-0.90954182991593,linear,52,0,52,52,0,52,0.1,0.1015625,0.1015625,0.43948990299602453,4.394899029960245e-07,mle,-0.1627276776055937,0.45308910317606294,ok,True,True,extraction,
audusd,4401,2023-04-17,3889,4400,512,-0.90954182991593,linear,52,0,52,52,0,52,0.1,0.1015625,0.1015625,0.44157326956387266,4.4157326956387264e-07,mle,-0.1627276776055937,0.45308910317606294,ok,True,True,extraction,
audusd,4402,2023-04-18,3890,4401,512,-0.9135563656444218,linear,52,0,52,52,0,52,0.1,0.1015625,0.1015625,0.44375095969162015,4.437509596916201e-07,mle,-0.1740801220142673,0.45860162076039185,ok,True,True,extraction,
audusd,4403,2023-04-19,3891,4402,512,-0.9135563656444218,linear,52,0,52,52,0,52,0.1,0.1015625,0.1015625,0.44375095969162015,4.437509596916201e-07,mle,-0.1740801220142673,0.45860162076039185,ok,True,True,extraction,
audusd,4404,2023-04-20,3892,4403,512,-0.9135563656444218,linear,52,0,52,52,0,52,0.1,0.1015625,0.1015625,0.4434363333254675,4.434363333254675e-07,mle,-0.1740801220142673,0.45860162076039185,ok,True,True,extraction,
audusd,4405,2023-04-21,3893,4404,512,-0.9135563656444218,linear,52,0,52,52,0,52,0.1,0.1015625,0.1015625,0.4402167645336554,4.4021676453365534e-07,mle,-0.1740801220142673,0.45860162076039185,ok,True,True,extraction,
audusd,4406,2023-04-24,3894,4405,512,-0.9135563656444218,linear,52,0,52,52,0,52,0.1,0.1015625,0.1015625,0.44157326956387266,4.4157326956387264e-07,mle,-0.1740801220142673,0.45860162076039185,ok,True,True,extraction,
audusd,4407,2023-04-25,3895,4406,512,-0.9135563656444218,linear,52,0,52,52,0,52,0.1,0.1015625,0.1015625,0.4402167645336554,4.4021676453365534e-07,mle,-0.1740801220142673,0.45860162076039185,ok,True,True,extraction,
audusd,4408,2023-04-26,3896,4407,512,-0.9135563656444218,linear,52,0,52,52,0,52,0.1,0.1015625,0.1015625,0.4386472037651456,4.3864720376514555e-07,mle,-0.1740801220142673,0.45860162076039185,ok,True,True,extraction,
audusd,4409,2023-04-27,3897,4408,512,-0.9395662848497383,linear,52,0,52,52,0,52,0.1,0.1015625,0.1015625,0.4390958575350237,4.390958575350237e-07,mle,-0.10570411062625551,0.40471275781705784,ok,True,True,extraction,
audusd,4410,2023-04-28,3898,4409,512,-0.9395662848497383,linear,52,0,52,52,0,52,0.1,0.1015625,0.1015625,0.4390958575350237,4.390958575350237e-07,mle,-0.10570411062625551,0.40471275781705784,ok,True,True,extraction,
audusd,4411,2023-05-01,3899,4410,512,-0.9395662848497383,linear,52,0,52,52,0,52,0.1,0.1015625,0.1015625,0.4390958575350237,4.390958575350237e-07,mle,-0.10570411062625551,0.40471275781705784,ok,True,True,extraction,
audusd,4412,2023-05-02,3900,4411,512,-0.9135563656444218,linear,52,0,52,52,0,52,0.1,0.1015625,0.1015625,0.4364838023404579,4.364838023404579e-07,mle,-0.1464592704680461,0.43993006366939946,ok,True,True,extraction,
audusd,4413,2023-05-03,3901,4412,512,-0.9135563656444218,linear,52,0,52,52,0,52,0.1,0.1015625,0.1015625,0.4369181674072762,4.3691816740727614e-07,mle,-0.1464592704680461,0.43993006366939946,ok,True,True,extraction,
audusd,4414,2023-05-04,3902,4413,512,-0.9135563656444218,linear,52,0,52,52,0,52,0.1,0.1015625,0.1015625,0.4369181674072762,4.3691816740727614e-07,mle,-0.1464592704680461,0.43993006366939946,ok,True,True,extraction,
audusd,4415,2023-05-05,3903,4414,512,-0.9135563656444218,linear,52,0,52,52,0,52,0.1,0.1015625,0.1015625,0.4369181674072762,4.3691816740727614e-07,mle,-0.1464592704680461,0.43993006366939946,ok,True,True,extraction,
audusd,4416,2023-05-08,3904,4415,512,-0.9135563656444218,linear,52,0,52,52,0,52,0.1,0.1015625,0.1015625,0.4386472037651456,4.3864720376514555e-07,mle,-0.1464592704680461,0.43993006366939946,ok,True,True,extraction,
audusd,4417,2023-05-09,3905,4416,512,-0.9135563656444218,linear,52,0,52,52,0,52,0.1,0.1015625,0.1015625,0.4398247892772983,4.3982478927729824e-07,mle,-0.1464592704680461,0.43993006366939946,ok,True,True,extraction,
audusd,4418,2023-05-10,3906,4417,512,-0.9135563656444218,linear,52,0,52,52,0,52,0.1,0.1015625,0.1015625,0.4398247892772983,4.3982478927729824e-07,mle,-0.1464592704680461,0.43993006366939946,ok,True,True,extraction,
audusd,4419,2023-05-11,3907,4418,512,-0.9135563656444218,linear,52,0,52,52,0,52,0.1,0.1015625,0.1015625,0.43772226917539525,4.377222691753952e-07,mle,-0.1464592704680461,0.43993006366939946,ok,True,True,extraction,
audusd,4420,2023-05-12,3908,4419,512,-0.9135563656444218,linear,52,0,52,52,0,52,0.1,0.1015625,0.1015625,0.43772226917539525,4.377222691753952e-07,mle,-0.1464592704680461,0.43993006366939946,ok,True,True,extraction,
audusd,4421,2023-05-15,3909,4420,512,-0.9395662848497383,linear,52,0,52,52,0,52,0.1,0.1015625,0.1015625,0.4386472037651456,4.3864720376514555e-07,mle,-0.09468351255213833,0.3975862561948096,ok,True,True,extraction,
audusd,4422,2023-05-16,3910,4421,512,-0.9395662848497383,linear,52,0,52,52,0,52,0.1,0.1015625,0.1015625,0.4402167645336554,4.4021676453365534e-07,mle,-0.09468351255213833,0.3975862561948096,ok,True,True,extraction,
audusd,4423,2023-05-17,3911,4422,512,-0.9395662848497383,linear,52,0,52,52,0,52,0.1,0.1015625,0.1015625,0.44375095969162015,4.437509596916201e-07,mle,-0.09468351255213833,0.3975862561948096,ok,True,True,extraction,
audusd,4424,2023-05-18,3912,4423,512,-0.9395662848497383,linear,52,0,52,52,0,52,0.1,0.1015625,0.1015625,0.4472678897852399,4.472678897852399e-07,mle,-0.09468351255213833,0.3975862561948096,ok,True,True,extraction,
audusd,4425,2023-05-19,3913,4424,512,-0.9395662848497383,linear,52,0,52,52,0,52,0.1,0.1015625,0.1015625,0.44375095969162015,4.437509596916201e-07,mle,-0.09468351255213833,0.3975862561948096,ok,True,True,extraction,
audusd,4426,2023-05-22,3914,4425,512,-0.9395662848497383,linear,52,0,52,52,0,52,0.1,0.1015625,0.1015625,0.4449543045316269,4.4495430453162685e-07,mle,-0.09468351255213833,0.3975862561948096,ok,True,True,extraction,
audusd,4427,2023-05-23,3915,4426,512,-0.9395662848497383,linear,52,0,52,52,0,52,0.1,0.1015625,0.1015625,0.4472678897852399,4.472678897852399e-07,mle,-0.09468351255213833,0.3975862561948096,ok,True,True,extraction,
audusd,4428,2023-05-24,3916,4427,512,-0.9135563656444218,linear,52,0,52,52,0,52,0.1,0.1015625,0.1015625,0.44375095969162015,4.437509596916201e-07,mle,-0.1632021865730497,0.4508467733380095,ok,True,True,extraction,
audusd,4429,2023-05-25,3917,4428,512,-0.9135563656444218,linear,52,0,52,52,0,52,0.1,0.1015625,0.1015625,0.4449543045316269,4.4495430453162685e-07,mle,-0.1632021865730497,0.4508467733380095,ok,True,True,extraction,
audusd,4430,2023-05-26,3918,4429,512,-0.9395662848497383,linear,52,0,52,52,0,52,0.1,0.1015625,0.1015625,0.4481400408376715,4.4814004083767146e-07,mle,-0.09699388574843468,0.3989102117047043,ok,True,True,extraction,
audusd,4431,2023-05-29,3919,4430,512,-0.9395662848497383,linear,52,0,52,52,0,52,0.1,0.1015625,0.1015625,0.45040272644660295,4.5040272644660294e-07,mle,-0.09699388574843468,0.3989102117047043,ok,True,True,extraction,
audusd,4432,2023-05-30,3920,4431,512,-0.9395662848497383,linear,52,0,52,52,0,52,0.1,0.1015625,0.1015625,0.44994681867997655,4.4994681867997653e-07,mle,-0.09699388574843468,0.3989102117047043,ok,True,True,extraction,
audusd,4433,2023-05-31,3921,4432,512,-0.9395662848497383,linear,52,0,52,52,0,52,0.1,0.1015625,0.1015625,0.44994681867997655,4.4994681867997653e-07,mle,-0.09699388574843468,0.3989102117047043,ok,True,True,extraction,
audusd,4434,2023-06-01,3922,4433,512,-0.9395662848497383,linear,52,0,52,52,0,52,0.1,0.1015625,0.1015625,0.44927181562056806,4.4927181562056807e-07,mle,-0.09699388574843468,0.3989102117047043,ok,True,True,extraction,
audusd,4435,2023-06-02,3923,4434,512,-0.9395662848497383,linear,52,0,52,52,0,52,0.1,0.1015625,0.1015625,0.45040272644660295,4.5040272644660294e-07,mle,-0.09699388574843468,0.3989102117047043,ok,True,True,extraction,
audusd,4436,2023-06-05,3924,4435,512,-0.9395662848497383,linear,52,0,52,52,0,52,0.1,0.1015625,0.1015625,0.44994681867997655,4.4994681867997653e-07,mle,-0.09699388574843468,0.3989102117047043,ok,True,True,extraction,
audusd,4437,2023-06-06,3925,4436,512,-0.9395662848497383,linear,52,0,52,52,0,52,0.1,0.1015625,0.1015625,0.4479428928446484,4.4794289284464837e-07,mle,-0.09699388574843468,0.3989102117047043,ok,True,True,extraction,
audusd,4438,2023-06-07,3926,4437,512,-0.9395662848497383,linear,52,0,52,52,0,52,0.1,0.1015625,0.1015625,0.4447625388471149,4.447625388471149e-07,mle,-0.09699388574843468,0.3989102117047043,ok,True,True,extraction,
audusd,4439,2023-06-08,3927,4438,512,-0.9395662848497383,linear,52,0,52,52,0,52,0.1,0.1015625,0.1015625,0.44224827262328115,4.422482726232811e-07,mle,-0.09699388574843468,0.3989102117047043,ok,True,True,extraction,
audusd,4440,2023-06-09,3928,4439,512,-0.9395662848497383,linear,52,0,52,52,0,52,0.1,0.1015625,0.1015625,0.4437509596916202,4.4375095969162016e-07,mle,-0.09699388574843468,0.3989102117047043,ok,True,True,extraction,
audusd,4441,2023-06-12,3929,4440,512,-0.9395662848497383,linear,52,0,52,52,0,52,0.1,0.1015625,0.1015625,0.4447625388471149,4.447625388471149e-07,mle,-0.09699388574843468,0.3989102117047043,ok,True,True,extraction,
audusd,4442,2023-06-13,3930,4441,512,-0.9395662848497383,linear,52,0,52,52,0,52,0.1,0.1015625,0.1015625,0.4457638812165084,4.457638812165084e-07,mle,-0.09699388574843468,0.3989102117047043,ok,True,True,extraction,
audusd,4443,2023-06-14,3931,4442,512,-0.9395662848497383,linear,52,0,52,52,0,52,0.1,0.1015625,0.1015625,0.4457638812165084,4.457638812165084e-07,mle,-0.09699388574843468,0.3989102117047043,ok,True,True,extraction,
audusd,4444,2023-06-15,3932,4443,512,-0.9395662848497383,linear,52,0,52,52,0,52,0.1,0.1015625,0.1015625,0.4457638812165084,4.457638812165084e-07,mle,-0.09699388574843468,0.3989102117047043,ok,True,True,extraction,
audusd,4445,2023-06-16,3933,4444,512,-0.9395662848497383,linear,52,0,52,52,0,52,0.1,0.1015625,0.1015625,0.4447523020610137,4.447523020610137e-07,mle,-0.09699388574843468,0.3989102117047043,ok,True,True,extraction,
audusd,4446,2023-06-19,3934,4445,512,-0.9395662848497383,linear,52,0,52,52,0,52,0.1,0.1015625,0.1015625,0.44665493015607005,4.4665493015607004e-07,mle,-0.09699388574843468,0.3989102117047043,ok,True,True,extraction,
audusd,4447,2023-06-20,3935,4446,512,-0.9395662848497383,linear,52,0,52,52,0,52,0.1,0.1015625,0.1015625,0.44665493015607005,4.4665493015607004e-07,mle,-0.09699388574843468,0.3989102117047043,ok,True,True,extraction,
audusd,4448,2023-06-21,3936,4447,512,-0.9395662848497383,linear,52,0,52,52,0,52,0.1,0.1015625,0.1015625,0.44665493015607005,4.4665493015607004e-07,mle,-0.09699388574843468,0.3989102117047043,ok,True,True,extraction,
audusd,4449,2023-06-22,3937,4448,512,-0.9398960872332633,linear,52,0,52,52,0,52,0.1,0.1015625,0.1015625,0.4447523020610137,4.447523020610137e-07,mle,-0.09591450376547672,0.3981566875123508,ok,True,True,extraction,
audusd,4450,2023-06-23,3938,4449,512,-0.9398960872332633,linear,52,0,52,52,0,52,0.1,0.1015625,0.1015625,0.4447523020610137,4.447523020610137e-07,mle,-0.09591450376547672,0.3981566875123508,ok,True,True,extraction,
audusd,4451,2023-06-26,3939,4450,512,-0.9398960872332633,linear,52,0,52,52,0,52,0.1,0.1015625,0.1015625,0.4447523020610137,4.447523020610137e-07,mle,-0.09591450376547672,0.3981566875123508,ok,True,True,extraction,
audusd,4452,2023-06-27,3940,4451,512,-0.9474320568308483,linear,52,0,52,52,0,52,0.1,0.1015625,0.1015625,0.44883262028381754,4.488326202838175e-07,mle,-0.09710237427426857,0.39557451805950294,ok,True,True,extraction,
audusd,4453,2023-06-28,3941,4452,512,-0.9474320568308483,linear,52,0,52,52,0,52,0.1,0.1015625,0.1015625,0.4447523020610137,4.447523020610137e-07,mle,-0.09710237427426857,0.39557451805950294,ok,True,True,extraction,
audusd,4454,2023-06-29,3942,4453,512,-0.9474320568308483,linear,52,0,52,52,0,52,0.1,0.1015625,0.1015625,0.44257461193326614,4.425746119332661e-07,mle,-0.09710237427426857,0.39557451805950294,ok,True,True,extraction,
audusd,4455,2023-06-30,3943,4454,512,-0.9586866849927385,linear,52,0,52,52,0,52,0.1,0.1015625,0.1015625,0.4447523020610137,4.447523020610137e-07,mle,-0.08772565429332603,0.38548945978152965,ok,True,True,extraction,
audusd,4456,2023-07-03,3944,4455,512,-0.9586866849927385,linear,52,0,52,52,0,52,0.1,0.1015625,0.1015625,0.44501754130909993,4.450175413090999e-07,mle,-0.08772565429332603,0.38548945978152965,ok,True,True,extraction,
audusd,4457,2023-07-04,3945,4456,512,-0.9586866849927385,linear,52,0,52,52,0,52,0.1,0.1015625,0.1015625,0.44501754130909993,4.450175413090999e-07,mle,-0.08772565429332603,0.38548945978152965,ok,True,True,extraction,
audusd,4458,2023-07-05,3946,4457,512,-0.9586866849927385,linear,52,0,52,52,0,52,0.1,0.1015625,0.1015625,0.4426530691411189,4.426530691411189e-07,mle,-0.08772565429332603,0.38548945978152965,ok,True,True,extraction,
audusd,4459,2023-07-06,3947,4458,512,-0.9586866849927385,linear,52,0,52,52,0,52,0.1,0.1015625,0.1015625,0.4426530691411189,4.426530691411189e-07,mle,-0.08772565429332603,0.38548945978152965,ok,True,True,extraction,
audusd,4460,2023-07-07,3948,4459,512,-0.9586866849927385,linear,52,0,52,52,0,52,0.1,0.1015625,0.1015625,0.4426530691411189,4.426530691411189e-07,mle,-0.08772565429332603,0.38548945978152965,ok,True,True,extraction,
audusd,4461,2023-07-10,3949,4460,512,-0.9586866849927385,linear,52,0,52,52,0,52,0.1,0.1015625,0.1015625,0.4426530691411189,4.426530691411189e-07,mle,-0.08772565429332603,0.38548945978152965,ok,True,True,extraction,
audusd,4462,2023-07-11,3950,4461,512,-0.9586866849927385,linear,52,0,52,52,0,52,0.1,0.1015625,0.1015625,0.44633812492555736,4.4633812492555733e-07,mle,-0.08772565429332603,0.38548945978152965,ok,True,True,extraction,
audusd,4463,2023-07-12,3951,4462,512,-0.9586866849927385,linear,52,0,52,52,0,52,0.1,0.1015625,0.1015625,0.44501754130909993,4.450175413090999e-07,mle,-0.08772565429332603,0.38548945978152965,ok,True,True,extraction,
audusd,4464,2023-07-13,3952,4463,512,-0.9586866849927385,linear,52,0,52,52,0,52,0.1,0.1015625,0.1015625,0.44633812492555736,4.4633812492555733e-07,mle,-0.08772565429332603,0.38548945978152965,ok,True,True,extraction,
audusd,4465,2023-07-14,3953,4464,512,-0.9586866849927385,linear,52,0,52,52,0,52,0.1,0.1015625,0.1015625,0.44757860867771315,4.4757860867771315e-07,mle,-0.08772565429332603,0.38548945978152965,ok,True,True,extraction,
audusd,4466,2023-07-17,3954,4465,512,-0.9586866849927385,linear,52,0,52,52,0,52,0.1,0.1015625,0.1015625,0.4484106302775991,4.4841063027759905e-07,mle,-0.08772565429332603,0.38548945978152965,ok,True,True,extraction,
audusd,4467,2023-07-18,3955,4466,512,-0.9586866849927385,linear,52,0,52,52,0,52,0.1,0.1015625,0.1015625,0.44887507504452817,4.4887507504452816e-07,mle,-0.08772565429332603,0.38548945978152965,ok,True,True,extraction,
audusd,4468,2023-07-19,3956,4467,512,-0.9586866849927385,linear,52,0,52,52,0,52,0.1,0.1015625,0.1015625,0.45022074357238984,4.5022074357238983e-07,mle,-0.08772565429332603,0.38548945978152965,ok,True,True,extraction,
audusd,4469,2023-07-20,3957,4468,512,-0.9586866849927385,linear,52,0,52,52,0,52,0.1,0.1015625,0.1015625,0.4480430534446423,4.4804305344464226e-07,mle,-0.08772565429332603,0.38548945978152965,ok,True,True,extraction,
audusd,4470,2023-07-21,3958,4469,512,-0.9586866849927385,linear,52,0,52,52,0,52,0.1,0.1015625,0.1015625,0.45022074357238984,4.5022074357238983e-07,mle,-0.08772565429332603,0.38548945978152965,ok,True,True,extraction,
audusd,4471,2023-07-24,3959,4470,512,-0.9586866849927385,linear,52,0,52,52,0,52,0.1,0.1015625,0.1015625,0.44883262028381754,4.488326202838175e-07,mle,-0.08772565429332603,0.38548945978152965,ok,True,True,extraction,
audusd,4472,2023-07-25,3960,4471,512,-0.9586866849927385,linear,52,0,52,52,0,52,0.1,0.1015625,0.1015625,0.45022074357238984,4.5022074357238983e-07,mle,-0.08772565429332603,0.38548945978152965,ok,True,True,extraction,
audusd,4473,2023-07-26,3961,4472,512,-0.9586866849927385,linear,52,0,52,52,0,52,0.1,0.1015625,0.1015625,0.45022074357238984,4.5022074357238983e-07,mle,-0.08772565429332603,0.38548945978152965,ok,True,True,extraction,
audusd,4474,2023-07-27,3962,4473,512,-0.9586866849927385,linear,52,0,52,52,0,52,0.1,0.1015625,0.1015625,0.44887507504452817,4.4887507504452816e-07,mle,-0.08772565429332603,0.38548945978152965,ok,True,True,extraction,
audusd,4475,2023-07-28,3963,4474,512,-0.9586866849927385,linear,52,0,52,52,0,52,0.1,0.1015625,0.1015625,0.44887507504452817,4.4887507504452816e-07,mle,-0.08772565429332603,0.38548945978152965,ok,True,True,extraction,
audusd,4476,2023-07-31,3964,4475,512,-0.9586866849927385,linear,52,0,52,52,0,52,0.1,0.1015625,0.1015625,0.45143614241314145,4.5143614241314144e-07,mle,-0.08772565429332603,0.38548945978152965,ok,True,True,extraction,
audusd,4477,2023-08-01,3965,4476,512,-0.9586866849927385,linear,52,0,52,52,0,52,0.1,0.1015625,0.1015625,0.4556426656338307,4.556426656338307e-07,mle,-0.08772565429332603,0.38548945978152965,ok,True,True,extraction,
audusd,4478,2023-08-02,3966,4477,512,-0.9586866849927385,linear,52,0,52,52,0,52,0.1,0.1015625,0.1015625,0.4587348725394854,4.587348725394854e-07,mle,-0.08772565429332603,0.38548945978152965,ok,True,True,extraction,
audusd,4479,2023-08-03,3967,4478,512,-0.9692570141766498,linear,52,0,52,52,0,52,0.1,0.1015625,0.1015625,0.46064909929649667,4.6064909929649663e-07,mle,-0.0982817401719624,0.3888559926640465,ok,True,True,extraction,
audusd,4480,2023-08-04,3968,4479,512,-0.9870974154608558,linear,52,0,52,52,0,52,0.1,0.1015625,0.1015625,0.46230313484323526,4.6230313484323527e-07,mle,-0.05171541326626924,0.3560806074471832,ok,True,True,extraction,
audusd,4481,2023-08-07,3969,4480,512,-0.9692570141766498,linear,52,0,52,52,0,52,0.1,0.1015625,0.1015625,0.4610790335480619,4.610790335480619e-07,mle,-0.09147575385675069,0.3850096443798712,ok,True,True,extraction,
audusd,4482,2023-08-08,3970,4481,512,-0.9692570141766498,linear,52,0,52,52,0,52,0.1,0.1015625,0.1015625,0.4625239070949023,4.625239070949023e-07,mle,-0.09147575385675069,0.3850096443798712,ok,True,True,extraction,
audusd,4483,2023-08-09,3971,4482,512,-0.9586866849927385,linear,52,0,52,52,0,52,0.1,0.1015625,0.1015625,0.4577863670969309,4.577863670969309e-07,mle,-0.10323806581584338,0.3962454492600702,ok,True,True,extraction,
audusd,4484,2023-08-10,3972,4483,512,-0.9586866849927385,linear,52,0,52,52,0,52,0.1,0.1015625,0.1015625,0.4618168369586981,4.6181683695869804e-07,mle,-0.10323806581584338,0.3962454492600702,ok,True,True,extraction,
audusd,4485,2023-08-11,3973,4484,512,-0.9586866849927385,linear,52,0,52,52,0,52,0.1,0.1015625,0.1015625,0.4577863670969309,4.577863670969309e-07,mle,-0.10323806581584338,0.3962454492600702,ok,True,True,extraction,
audusd,4486,2023-08-14,3974,4485,512,-0.9586866849927385,linear,52,0,52,52,0,52,0.1,0.1015625,0.1015625,0.45399733254151386,4.5399733254151385e-07,mle,-0.10323806581584338,0.3962454492600702,ok,True,True,extraction,
audusd,4487,2023-08-15,3975,4486,512,-0.9586866849927385,linear,52,0,52,52,0,52,0.1,0.1015625,0.1015625,0.4552127313822655,4.5521273138226546e-07,mle,-0.10323806581584338,0.3962454492600702,ok,True,True,extraction,
audusd,4488,2023-08-16,3976,4487,512,-0.9586866849927385,linear,52,0,52,52,0,52,0.1,0.1015625,0.1015625,0.45143614241314145,4.5143614241314144e-07,mle,-0.10323806581584338,0.3962454492600702,ok,True,True,extraction,
audusd,4489,2023-08-17,3977,4488,512,-0.9586866849927385,linear,52,0,52,52,0,52,0.1,0.1015625,0.1015625,0.45244209214506703,4.52442092145067e-07,mle,-0.10323806581584338,0.3962454492600702,ok,True,True,extraction,
audusd,4490,2023-08-18,3978,4489,512,-0.9586866849927385,linear,52,0,52,52,0,52,0.1,0.1015625,0.1015625,0.45451459749710876,4.545145974971087e-07,mle,-0.10323806581584338,0.3962454492600702,ok,True,True,extraction,
audusd,4491,2023-08-21,3979,4490,512,-0.9586866849927385,linear,52,0,52,52,0,52,0.1,0.1015625,0.1015625,0.45548438703880034,4.5548438703880033e-07,mle,-0.10323806581584338,0.3962454492600702,ok,True,True,extraction,
audusd,4492,2023-08-22,3980,4491,512,-0.9586866849927385,linear,52,0,52,52,0,52,0.1,0.1015625,0.1015625,0.45357016028178904,4.53570160281789e-07,mle,-0.10323806581584338,0.3962454492600702,ok,True,True,extraction,
audusd,4493,2023-08-23,3981,4492,512,-0.9586866849927385,linear,52,0,52,52,0,52,0.1,0.1015625,0.1015625,0.44891988839512476,4.489198883951247e-07,mle,-0.10323806581584338,0.3962454492600702,ok,True,True,extraction,
audusd,4494,2023-08-24,3982,4493,512,-0.9586866849927385,linear,52,0,52,52,0,52,0.1,0.1015625,0.1015625,0.4447625388471149,4.447625388471149e-07,mle,-0.10323806581584338,0.3962454492600702,ok,True,True,extraction,
audusd,4495,2023-08-25,3983,4494,512,-0.9586866849927385,linear,52,0,52,52,0,52,0.1,0.1015625,0.1015625,0.44883262028381754,4.488326202838175e-07,mle,-0.10323806581584338,0.3962454492600702,ok,True,True,extraction,
audusd,4496,2023-08-28,3984,4495,512,-0.9692570141766498,linear,52,0,52,52,0,52,0.1,0.1015625,0.1015625,0.44883262028381754,4.488326202838175e-07,mle,-0.07588437433085843,0.3763812471746255,ok,True,True,extraction,
audusd,4497,2023-08-29,3985,4496,512,-0.9692570141766498,linear,52,0,52,52,0,52,0.1,0.1015625,0.1015625,0.44883262028381754,4.488326202838175e-07,mle,-0.07588437433085843,0.3763812471746255,ok,True,True,extraction,
audusd,4498,2023-08-30,3986,4497,512,-0.9692570141766498,linear,52,0,52,52,0,52,0.1,0.1015625,0.1015625,0.44883262028381754,4.488326202838175e-07,mle,-0.07588437433085843,0.3763812471746255,ok,True,True,extraction,
audusd,4499,2023-08-31,3987,4498,512,-0.9692570141766498,linear,52,0,52,52,0,52,0.1,0.1015625,0.1015625,0.45022074357238984,4.5022074357238983e-07,mle,-0.07588437433085843,0.3763812471746255,ok,True,True,extraction,
audusd,4500,2023-09-01,3988,4499,512,-0.9692570141766498,linear,52,0,52,52,0,52,0.1,0.1015625,0.1015625,0.4518196424137664,4.5181964241376633e-07,mle,-0.07588437433085843,0.3763812471746255,ok,True,True,extraction,
audusd,4501,2023-09-04,3989,4500,512,-0.9692570141766498,linear,52,0,52,52,0,52,0.1,0.1015625,0.1015625,0.4526948479226559,4.526948479226559e-07,mle,-0.07588437433085843,0.3763812471746255,ok,True,True,extraction,
audusd,4502,2023-09-05,3990,4501,512,-0.9692570141766498,linear,52,0,52,52,0,52,0.1,0.1015625,0.1015625,0.4518196424137664,4.5181964241376633e-07,mle,-0.07588437433085843,0.3763812471746255,ok,True,True,extraction,
audusd,4503,2023-09-06,3991,4502,512,-0.9692570141766498,linear,52,0,52,52,0,52,0.1,0.1015625,0.1015625,0.4526948479226559,4.526948479226559e-07,mle,-0.07588437433085843,0.3763812471746255,ok,True,True,extraction,
audusd,4504,2023-09-07,3992,4503,512,-0.9870974154608558,linear,52,0,52,52,0,52,0.1,0.1015625,0.1015625,0.45391507922981167,4.5391507922981165e-07,mle,-0.045744741907307276,0.3534628713788337,ok,True,True,extraction,
audusd,4505,2023-09-08,3993,4504,512,-0.9870974154608558,linear,52,0,52,52,0,52,0.1,0.1015625,0.1015625,0.4529976209807721,4.529976209807721e-07,mle,-0.045744741907307276,0.3534628713788337,ok,True,True,extraction,
audusd,4506,2023-09-11,3994,4505,512,-0.9870974154608558,linear,52,0,52,52,0,52,0.1,0.1015625,0.1015625,0.4529976209807721,4.529976209807721e-07,mle,-0.045744741907307276,0.3534628713788337,ok,True,True,extraction,
audusd,4507,2023-09-12,3995,4506,512,-0.9870974154608558,linear,52,0,52,52,0,52,0.1,0.1015625,0.1015625,0.4529976209807721,4.529976209807721e-07,mle,-0.045744741907307276,0.3534628713788337,ok,True,True,extraction,
audusd,4508,2023-09-13,3996,4507,512,-0.9870974154608558,linear,52,0,52,52,0,52,0.1,0.1015625,0.1015625,0.4529976209807721,4.529976209807721e-07,mle,-0.045744741907307276,0.3534628713788337,ok,True,True,extraction,
audusd,4509,2023-09-14,3997,4508,512,-0.9870974154608558,linear,52,0,52,52,0,52,0.1,0.1015625,0.1015625,0.4529976209807721,4.529976209807721e-07,mle,-0.045744741907307276,0.3534628713788337,ok,True,True,extraction,
audusd,4510,2023-09-15,3998,4509,512,-0.9870974154608558,linear,52,0,52,52,0,52,0.1,0.1015625,0.1015625,0.45391507922981167,4.5391507922981165e-07,mle,-0.045744741907307276,0.3534628713788337,ok,True,True,extraction,
audusd,4511,2023-09-18,3999,4510,512,-0.9870974154608558,linear,52,0,52,52,0,52,0.1,0.1015625,0.1015625,0.4525576154119756,4.5255761541197555e-07,mle,-0.045744741907307276,0.3534628713788337,ok,True,True,extraction,
audusd,4512,2023-09-19,4000,4511,512,-0.9870974154608558,linear,52,0,52,52,0,52,0.1,0.1015625,0.1015625,0.4487391128654308,4.4873911286543076e-07,mle,-0.045744741907307276,0.3534628713788337,ok,True,True,extraction,
audusd,4513,2023-09-20,4001,4512,512,-0.9870974154608558,linear,52,0,52,52,0,52,0.1,0.1015625,0.1015625,0.44904893619581454,4.490489361958145e-07,mle,-0.045744741907307276,0.3534628713788337,ok,True,True,extraction,
audusd,4514,2023-09-21,4002,4513,512,-0.9870974154608558,linear,52,0,52,52,0,52,0.1,0.1015625,0.1015625,0.445286687805162,4.45286687805162e-07,mle,-0.045744741907307276,0.3534628713788337,ok,True,True,extraction,
audusd,4515,2023-09-22,4003,4514,512,-0.9870974154608558,linear,52,0,52,52,0,52,0.1,0.1015625,0.1015625,0.4467912853924183,4.467912853924183e-07,mle,-0.045744741907307276,0.3534628713788337,ok,True,True,extraction,
audusd,4516,2023-09-25,4004,4515,512,-0.9870974154608558,linear,52,0,52,52,0,52,0.1,0.1015625,0.1015625,0.44520166642402503,4.45201666424025e-07,mle,-0.045744741907307276,0.3534628713788337,ok,True,True,extraction,
audusd,4517,2023-09-26,4005,4516,512,-0.9870974154608558,linear,52,0,52,52,0,52,0.1,0.1015625,0.1015625,0.44899388320414013,4.4899388320414013e-07,mle,-0.045744741907307276,0.3534628713788337,ok,True,True,extraction,
audusd,4518,2023-09-27,4006,4517,512,-0.9870974154608558,linear,52,0,52,52,0,52,0.1,0.1015625,0.1015625,0.44520166642402503,4.45201666424025e-07,mle,-0.045744741907307276,0.3534628713788337,ok,True,True,extraction,
audusd,4519,2023-09-28,4007,4518,512,-0.9870974154608558,linear,52,0,52,52,0,52,0.1,0.1015625,0.1015625,0.44520166642402503,4.45201666424025e-07,mle,-0.045744741907307276,0.3534628713788337,ok,True,True,extraction,
audusd,4520,2023-09-29,4008,4519,512,-0.9870974154608558,linear,52,0,52,52,0,52,0.1,0.1015625,0.1015625,0.4443466671633003,4.443466671633003e-07,mle,-0.045744741907307276,0.3534628713788337,ok,True,True,extraction,
audusd,4521,2023-10-02,4009,4520,512,-0.9870974154608558,linear,52,0,52,52,0,52,0.1,0.1015625,0.1015625,0.44781778139881523,4.478177813988152e-07,mle,-0.045744741907307276,0.3534628713788337,ok,True,True,extraction,
audusd,4522,2023-10-03,4010,4521,512,-0.9870974154608558,linear,52,0,52,52,0,52,0.1,0.1015625,0.1015625,0.44520166642402503,4.45201666424025e-07,mle,-0.045744741907307276,0.3534628713788337,ok,True,True,extraction,
audusd,4523,2023-10-04,4011,4522,512,-0.990908381815033,linear,52,0,52,52,0,52,0.1,0.1015625,0.1015625,0.4468228221374865,4.4682282213748646e-07,mle,-0.05319014507700118,0.35552789150675657,ok,True,True,extraction,
audusd,4524,2023-10-05,4012,4523,512,-0.990908381815033,linear,52,0,52,52,0,52,0.1,0.1015625,0.1015625,0.44757860867771315,4.4757860867771315e-07,mle,-0.05319014507700118,0.35552789150675657,ok,True,True,extraction,
audusd,4525,2023-10-06,4013,4524,512,-0.990908381815033,linear,52,0,52,52,0,52,0.1,0.1015625,0.1015625,0.44881427989974354,4.488142798997435e-07,mle,-0.05319014507700118,0.35552789150675657,ok,True,True,extraction,
audusd,4526,2023-10-09,4014,4525,512,-0.990908381815033,linear,52,0,52,52,0,52,0.1,0.1015625,0.1015625,0.44881427989974354,4.488142798997435e-07,mle,-0.05319014507700118,0.35552789150675657,ok,True,True,extraction,
audusd,4527,2023-10-10,4015,4526,512,-0.990908381815033,linear,52,0,52,52,0,52,0.1,0.1015625,0.1015625,0.4468228221374865,4.4682282213748646e-07,mle,-0.05319014507700118,0.35552789150675657,ok,True,True,extraction,
audusd,4528,2023-10-11,4016,4527,512,-0.990908381815033,linear,52,0,52,52,0,52,0.1,0.1015625,0.1015625,0.44781778139881523,4.478177813988152e-07,mle,-0.05319014507700118,0.35552789150675657,ok,True,True,extraction,
audusd,4529,2023-10-12,4017,4528,512,-0.990908381815033,linear,52,0,52,52,0,52,0.1,0.1015625,0.1015625,0.44781778139881523,4.478177813988152e-07,mle,-0.05319014507700118,0.35552789150675657,ok,True,True,extraction,
audusd,4530,2023-10-13,4018,4529,512,-0.990908381815033,linear,52,0,52,52,0,52,0.1,0.1015625,0.1015625,0.4468228221374865,4.4682282213748646e-07,mle,-0.05319014507700118,0.35552789150675657,ok,True,True,extraction,
audusd,4531,2023-10-16,4019,4530,512,-1.00862032558488,linear,52,0,52,52,0,52,0.1,0.1015625,0.1015625,0.44757860867771315,4.4757860867771315e-07,mle,-0.0374416100746625,0.34378544417969165,ok,True,True,extraction,
audusd,4532,2023-10-17,4020,4531,512,-1.00862032558488,linear,52,0,52,52,0,52,0.1,0.1015625,0.1015625,0.44757860867771315,4.4757860867771315e-07,mle,-0.0374416100746625,0.34378544417969165,ok,True,True,extraction,
audusd,4533,2023-10-18,4021,4532,512,-1.00862032558488,linear,52,0,52,52,0,52,0.1,0.1015625,0.1015625,0.44757860867771315,4.4757860867771315e-07,mle,-0.0374416100746625,0.34378544417969165,ok,True,True,extraction,
audusd,4534,2023-10-19,4022,4533,512,-1.00862032558488,linear,52,0,52,52,0,52,0.1,0.1015625,0.1015625,0.44881427989974354,4.488142798997435e-07,mle,-0.0374416100746625,0.34378544417969165,ok,True,True,extraction,
audusd,4535,2023-10-20,4023,4534,512,-1.00862032558488,linear,52,0,52,52,0,52,0.1,0.1015625,0.1015625,0.4480430534446423,4.4804305344464226e-07,mle,-0.0374416100746625,0.34378544417969165,ok,True,True,extraction,
audusd,4536,2023-10-23,4024,4535,512,-0.990908381815033,linear,52,0,52,52,0,52,0.1,0.1015625,0.1015625,0.44757860867771315,4.4757860867771315e-07,mle,-0.0914448477991473,0.37920475791300556,ok,True,True,extraction,
audusd,4537,2023-10-24,4025,4536,512,-0.990908381815033,linear,52,0,52,52,0,52,0.1,0.1015625,0.1015625,0.4458949676805543,4.458949676805543e-07,mle,-0.0914448477991473,0.37920475791300556,ok,True,True,extraction,
audusd,4538,2023-10-25,4026,4537,512,-0.990908381815033,linear,52,0,52,52,0,52,0.1,0.1015625,0.1015625,0.4463583773705574,4.4635837737055735e-07,mle,-0.0914448477991473,0.37920475791300556,ok,True,True,extraction,
audusd,4539,2023-10-26,4027,4538,512,-0.990908381815033,linear,52,0,52,52,0,52,0.1,0.1015625,0.1015625,0.4468228221374865,4.4682282213748646e-07,mle,-0.0914448477991473,0.37920475791300556,ok,True,True,extraction,
audusd,4540,2023-10-27,4028,4539,512,-1.00862032558488,linear,52,0,52,52,0,52,0.1,0.1015625,0.1015625,0.44757860867771315,4.4757860867771315e-07,mle,-0.025973607709817076,0.3384060866034706,ok,True,True,extraction,
audusd,4541,2023-10-30,4029,4540,512,-1.00862032558488,linear,52,0,52,52,0,52,0.1,0.1015625,0.1015625,0.44881427989974354,4.488142798997435e-07,mle,-0.025973607709817076,0.3384060866034706,ok,True,True,extraction,
audusd,4542,2023-10-31,4030,4541,512,-1.00862032558488,linear,52,0,52,52,0,52,0.1,0.1015625,0.1015625,0.44781778139881523,4.478177813988152e-07,mle,-0.025973607709817076,0.3384060866034706,ok,True,True,extraction,
audusd,4543,2023-11-01,4031,4542,512,-1.00862032558488,linear,52,0,52,52,0,52,0.1,0.1015625,0.1015625,0.44899388320414013,4.4899388320414013e-07,mle,-0.025973607709817076,0.3384060866034706,ok,True,True,extraction,
audusd,4544,2023-11-02,4032,4543,512,-1.00862032558488,linear,52,0,52,52,0,52,0.1,0.1015625,0.1015625,0.44781778139881523,4.478177813988152e-07,mle,-0.025973607709817076,0.3384060866034706,ok,True,True,extraction,
audusd,4545,2023-11-03,4033,4544,512,-1.00862032558488,linear,52,0,52,52,0,52,0.1,0.1015625,0.1015625,0.4505994111066106,4.505994111066106e-07,mle,-0.025973607709817076,0.3384060866034706,ok,True,True,extraction,
audusd,4546,2023-11-06,4034,4545,512,-1.00862032558488,linear,52,0,52,52,0,52,0.1,0.1015625,0.1015625,0.44899388320414013,4.4899388320414013e-07,mle,-0.025973607709817076,0.3384060866034706,ok,True,True,extraction,
audusd,4547,2023-11-07,4035,4546,512,-1.00862032558488,linear,52,0,52,52,0,52,0.1,0.1015625,0.1015625,0.45143888750067657,4.5143888750067653e-07,mle,-0.025973607709817076,0.3384060866034706,ok,True,True,extraction,
audusd,4548,2023-11-08,4036,4547,512,-1.00862032558488,linear,52,0,52,52,0,52,0.1,0.1015625,0.1015625,0.4516068159542322,4.5160681595423216e-07,mle,-0.025973607709817076,0.3384060866034706,ok,True,True,extraction,
audusd,4549,2023-11-09,4037,4548,512,-1.00862032558488,linear,52,0,52,52,0,52,0.1,0.1015625,0.1015625,0.4516068159542322,4.5160681595423216e-07,mle,-0.025973607709817076,0.3384060866034706,ok,True,True,extraction,
audusd,4550,2023-11-10,4038,4549,512,-1.00862032558488,linear,52,0,52,52,0,52,0.1,0.1015625,0.1015625,0.4516068159542322,4.5160681595423216e-07,mle,-0.025973607709817076,0.3384060866034706,ok,True,True,extraction,
audusd,4551,2023-11-13,4039,4550,512,-1.00862032558488,linear,52,0,52,52,0,52,0.1,0.1015625,0.1015625,0.4541440521556707,4.541440521556707e-07,mle,-0.025973607709817076,0.3384060866034706,ok,True,True,extraction,
audusd,4552,2023-11-14,4040,4551,512,-1.00862032558488,linear,52,0,52,52,0,52,0.1,0.1015625,0.1015625,0.4516128611568353,4.516128611568353e-07,mle,-0.025973607709817076,0.3384060866034706,ok,True,True,extraction,
audusd,4553,2023-11-15,4041,4552,512,-1.00862032558488,linear,52,0,52,52,0,52,0.1,0.1015625,0.1015625,0.4522665092816418,4.522665092816418e-07,mle,-0.025973607709817076,0.3384060866034706,ok,True,True,extraction,
audusd,4554,2023-11-16,4042,4553,512,-1.00862032558488,linear,52,0,52,52,0,52,0.1,0.1015625,0.1015625,0.45283600727439444,4.528360072743944e-07,mle,-0.025973607709817076,0.3384060866034706,ok,True,True,extraction,
audusd,4555,2023-11-17,4043,4554,512,-1.00862032558488,linear,52,0,52,52,0,52,0.1,0.1015625,0.1015625,0.45283600727439444,4.528360072743944e-07,mle,-0.025973607709817076,0.3384060866034706,ok,True,True,extraction,
audusd,4556,2023-11-20,4044,4555,512,-1.00862032558488,linear,52,0,52,52,0,52,0.1,0.1015625,0.1015625,0.45429137170297507,4.5429137170297506e-07,mle,-0.025973607709817076,0.3384060866034706,ok,True,True,extraction,
audusd,4557,2023-11-21,4045,4556,512,-1.00862032558488,linear,52,0,52,52,0,52,0.1,0.1015625,0.1015625,0.45581892018560444,4.558189201856044e-07,mle,-0.025973607709817076,0.3384060866034706,ok,True,True,extraction,
audusd,4558,2023-11-22,4046,4557,512,-1.00862032558488,linear,52,0,52,52,0,52,0.1,0.1015625,0.1015625,0.46294567096711536,4.6294567096711534e-07,mle,-0.025973607709817076,0.3384060866034706,ok,True,True,extraction,
audusd,4559,2023-11-23,4047,4558,512,-1.0084042672903266,linear,52,0,52,52,0,52,0.1,0.1015625,0.1015625,0.4580586494625607,4.5805864946256065e-07,mle,-0.026888370714183547,0.33893943628713297,ok,True,True,extraction,
audusd,4560,2023-11-24,4048,4559,512,-1.0084042672903266,linear,52,0,52,52,0,52,0.1,0.1015625,0.1015625,0.45581892018560444,4.558189201856044e-07,mle,-0.026888370714183547,0.33893943628713297,ok,True,True,extraction,
audusd,4561,2023-11-27,4049,4560,512,-1.0084042672903266,linear,52,0,52,52,0,52,0.1,0.1015625,0.1015625,0.4531903564041051,4.531903564041051e-07,mle,-0.026888370714183547,0.33893943628713297,ok,True,True,extraction,
audusd,4562,2023-11-28,4050,4561,512,-1.0084042672903266,linear,52,0,52,52,0,52,0.1,0.1015625,0.1015625,0.4508544065632003,4.508544065632003e-07,mle,-0.026888370714183547,0.33893943628713297,ok,True,True,extraction,
audusd,4563,2023-11-29,4051,4562,512,-1.0084042672903266,linear,52,0,52,52,0,52,0.1,0.1015625,0.1015625,0.453940379557372,4.53940379557372e-07,mle,-0.026888370714183547,0.33893943628713297,ok,True,True,extraction,
audusd,4564,2023-11-30,4052,4563,512,-1.0084042672903266,linear,52,0,52,52,0,52,0.1,0.1015625,0.1015625,0.4580586494625607,4.5805864946256065e-07,mle,-0.026888370714183547,0.33893943628713297,ok,True,True,extraction,
audusd,4565,2023-12-01,4053,4564,512,-1.0084042672903266,linear,52,0,52,52,0,52,0.1,0.1015625,0.1015625,0.45959003321458136,4.5959003321458136e-07,mle,-0.026888370714183547,0.33893943628713297,ok,True,True,extraction,
audusd,4566,2023-12-04,4054,4565,512,-1.0084042672903266,linear,52,0,52,52,0,52,0.1,0.1015625,0.1015625,0.45959003321458136,4.5959003321458136e-07,mle,-0.026888370714183547,0.33893943628713297,ok,True,True,extraction,
audusd,4567,2023-12-05,4055,4566,512,-1.0084042672903266,linear,52,0,52,52,0,52,0.1,0.1015625,0.1015625,0.45959003321458136,4.5959003321458136e-07,mle,-0.026888370714183547,0.33893943628713297,ok,True,True,extraction,
audusd,4568,2023-12-06,4056,4567,512,-1.00843189998207,linear,52,0,52,52,0,52,0.1,0.1015625,0.1015625,0.460927871607672,4.60927871607672e-07,mle,-0.026803996549912414,0.3388770613876844,ok,True,True,extraction,
audusd,4569,2023-12-07,4057,4568,512,-1.00843189998207,linear,52,0,52,52,0,52,0.1,0.1015625,0.1015625,0.460927871607672,4.60927871607672e-07,mle,-0.026803996549912414,0.3388770613876844,ok,True,True,extraction,
audusd,4570,2023-12-08,4058,4569,512,-1.00843189998207,linear,52,0,52,52,0,52,0.1,0.1015625,0.1015625,0.460927871607672,4.60927871607672e-07,mle,-0.026803996549912414,0.3388770613876844,ok,True,True,extraction,
audusd,4571,2023-12-11,4059,4570,512,-1.00843189998207,linear,52,0,52,52,0,52,0.1,0.1015625,0.1015625,0.460927871607672,4.60927871607672e-07,mle,-0.026803996549912414,0.3388770613876844,ok,True,True,extraction,
audusd,4572,2023-12-12,4060,4571,512,-1.00843189998207,linear,52,0,52,52,0,52,0.1,0.1015625,0.1015625,0.4567679240741519,4.567679240741519e-07,mle,-0.026803996549912414,0.3388770613876844,ok,True,True,extraction,
audusd,4573,2023-12-13,4061,4572,512,-1.00843189998207,linear,52,0,52,52,0,52,0.1,0.1015625,0.1015625,0.4567679240741519,4.567679240741519e-07,mle,-0.026803996549912414,0.3388770613876844,ok,True,True,extraction,
audusd,4574,2023-12-14,4062,4573,512,-1.00843189998207,linear,52,0,52,52,0,52,0.1,0.1015625,0.1015625,0.4567679240741519,4.567679240741519e-07,mle,-0.026803996549912414,0.3388770613876844,ok,True,True,extraction,
audusd,4575,2023-12-15,4063,4574,512,-1.00843189998207,linear,52,0,52,52,0,52,0.1,0.1015625,0.1015625,0.4583767999440221,4.5837679994402207e-07,mle,-0.026803996549912414,0.3388770613876844,ok,True,True,extraction,
audusd,4576,2023-12-18,4064,4575,512,-1.00843189998207,linear,52,0,52,52,0,52,0.1,0.1015625,0.1015625,0.46132517169913445,4.6132517169913445e-07,mle,-0.026803996549912414,0.3388770613876844,ok,True,True,extraction,
audusd,4577,2023-12-19,4065,4576,512,-1.00843189998207,linear,52,0,52,52,0,52,0.1,0.1015625,0.1015625,0.4611584296518174,4.6115842965181737e-07,mle,-0.026803996549912414,0.3388770613876844,ok,True,True,extraction,
audusd,4578,2023-12-20,4066,4577,512,-1.00843189998207,linear,52,0,52,52,0,52,0.1,0.1015625,0.1015625,0.46132517169913445,4.6132517169913445e-07,mle,-0.026803996549912414,0.3388770613876844,ok,True,True,extraction,
audusd,4579,2023-12-21,4067,4578,512,-1.00843189998207,linear,52,0,52,52,0,52,0.1,0.1015625,0.1015625,0.465010227483573,4.65010227483573e-07,mle,-0.026803996549912414,0.3388770613876844,ok,True,True,extraction,
audusd,4580,2023-12-22,4068,4579,512,-1.00843189998207,linear,52,0,52,52,0,52,0.1,0.1015625,0.1015625,0.46132517169913445,4.6132517169913445e-07,mle,-0.026803996549912414,0.3388770613876844,ok,True,True,extraction,
audusd,4581,2023-12-25,4069,4580,512,-1.00843189998207,linear,52,0,52,52,0,52,0.1,0.1015625,0.1015625,0.46132517169913445,4.6132517169913445e-07,mle,-0.026803996549912414,0.3388770613876844,ok,True,True,extraction,
audusd,4582,2023-12-26,4070,4581,512,-1.00843189998207,linear,52,0,52,52,0,52,0.1,0.1015625,0.1015625,0.4656457023242536,4.656457023242536e-07,mle,-0.026803996549912414,0.3388770613876844,ok,True,True,extraction,
audusd,4583,2023-12-27,4071,4582,512,-1.00843189998207,linear,52,0,52,52,0,52,0.1,0.1015625,0.1015625,0.4618375766100613,4.618375766100613e-07,mle,-0.026803996549912414,0.3388770613876844,ok,True,True,extraction,
audusd,4584,2023-12-28,4072,4583,512,-1.00843189998207,linear,52,0,52,52,0,52,0.1,0.1015625,0.1015625,0.4618375766100613,4.618375766100613e-07,mle,-0.026803996549912414,0.3388770613876844,ok,True,True,extraction,
audusd,4585,2023-12-29,4073,4584,512,-1.00843189998207,linear,52,0,52,52,0,52,0.1,0.1015625,0.1015625,0.4618375766100613,4.618375766100613e-07,mle,-0.026803996549912414,0.3388770613876844,ok,True,True,extraction,
audusd,4586,2024-01-01,4074,4585,512,-1.00843189998207,linear,52,0,52,52,0,52,0.1,0.1015625,0.1015625,0.45867703498063206,4.5867703498063203e-07,mle,-0.026803996549912414,0.3388770613876844,ok,True,True,extraction,
audusd,4587,2024-01-02,4075,4586,512,-1.00843189998207,linear,52,0,52,52,0,52,0.1,0.1015625,0.1015625,0.4583767999440221,4.5837679994402207e-07,mle,-0.026803996549912414,0.3388770613876844,ok,True,True,extraction,
audusd,4588,2024-01-03,4076,4587,512,-1.00843189998207,linear,52,0,52,52,0,52,0.1,0.1015625,0.1015625,0.4586868643083969,4.5868686430839685e-07,mle,-0.026803996549912414,0.3388770613876844,ok,True,True,extraction,
audusd,4589,2024-01-04,4077,4588,512,-1.00843189998207,linear,52,0,52,52,0,52,0.1,0.1015625,0.1015625,0.4586868643083969,4.5868686430839685e-07,mle,-0.026803996549912414,0.3388770613876844,ok,True,True,extraction,
audusd,4590,2024-01-05,4078,4589,512,-1.00843189998207,linear,52,0,52,52,0,52,0.1,0.1015625,0.1015625,0.4586868643083969,4.5868686430839685e-07,mle,-0.026803996549912414,0.3388770613876844,ok,True,True,extraction,
audusd,4591,2024-01-08,4079,4590,512,-1.00843189998207,linear,52,0,52,52,0,52,0.1,0.1015625,0.1015625,0.4586868643083969,4.5868686430839685e-07,mle,-0.026803996549912414,0.3388770613876844,ok,True,True,extraction,
audusd,4592,2024-01-09,4080,4591,512,-1.00843189998207,linear,52,0,52,52,0,52,0.1,0.1015625,0.1015625,0.4586868643083969,4.5868686430839685e-07,mle,-0.026803996549912414,0.3388770613876844,ok,True,True,extraction,
audusd,4593,2024-01-10,4081,4592,512,-1.00843189998207,linear,52,0,52,52,0,52,0.1,0.1015625,0.1015625,0.4586868643083969,4.5868686430839685e-07,mle,-0.026803996549912414,0.3388770613876844,ok,True,True,extraction,
audusd,4594,2024-01-11,4082,4593,512,-1.00843189998207,linear,52,0,52,52,0,52,0.1,0.1015625,0.1015625,0.46059597521487705,4.60595975214877e-07,mle,-0.026803996549912414,0.3388770613876844,ok,True,True,extraction,
audusd,4595,2024-01-12,4083,4594,512,-1.00843189998207,linear,52,0,52,52,0,52,0.1,0.1015625,0.1015625,0.45974758544961714,4.597475854496171e-07,mle,-0.026803996549912414,0.3388770613876844,ok,True,True,extraction,
audusd,4596,2024-01-15,4084,4595,512,-1.00843189998207,linear,52,0,52,52,0,52,0.1,0.1015625,0.1015625,0.46059597521487705,4.60595975214877e-07,mle,-0.026803996549912414,0.3388770613876844,ok,True,True,extraction,
audusd,4597,2024-01-16,4085,4596,512,-1.00843189998207,linear,52,0,52,52,0,52,0.1,0.1015625,0.1015625,0.4586868643083969,4.5868686430839685e-07,mle,-0.026803996549912414,0.3388770613876844,ok,True,True,extraction,
audusd,4598,2024-01-17,4086,4597,512,-0.9892125513897433,linear,52,0,52,52,0,52,0.1,0.1015625,0.1015625,0.4586868643083969,4.5868686430839685e-07,mle,-0.07196567197890805,0.3694717373391699,ok,True,True,extraction,
audusd,4599,2024-01-18,4087,4598,512,-0.9892125513897433,linear,52,0,52,52,0,52,0.1,0.1015625,0.1015625,0.4586868643083969,4.5868686430839685e-07,mle,-0.07196567197890805,0.3694717373391699,ok,True,True,extraction,
audusd,4600,2024-01-19,4088,4599,512,-0.9892125513897433,linear,52,0,52,52,0,52,0.1,0.1015625,0.1015625,0.4595495537819473,4.595495537819473e-07,mle,-0.07196567197890805,0.3694717373391699,ok,True,True,extraction,
audusd,4601,2024-01-22,4089,4600,512,-0.9892125513897433,linear,52,0,52,52,0,52,0.1,0.1015625,0.1015625,0.4595495537819473,4.595495537819473e-07,mle,-0.07196567197890805,0.3694717373391699,ok,True,True,extraction,
audusd,4602,2024-01-23,4090,4601,512,-0.9892125513897433,linear,52,0,52,52,0,52,0.1,0.1015625,0.1015625,0.4586868643083969,4.5868686430839685e-07,mle,-0.07196567197890805,0.3694717373391699,ok,True,True,extraction,
audusd,4603,2024-01-24,4091,4602,512,-0.9892125513897433,linear,52,0,52,52,0,52,0.1,0.1015625,0.1015625,0.4595495537819473,4.595495537819473e-07,mle,-0.07196567197890805,0.3694717373391699,ok,True,True,extraction,
audusd,4604,2024-01-25,4092,4603,512,-0.9892125513897433,linear,52,0,52,52,0,52,0.1,0.1015625,0.1015625,0.455741428067755,4.5574142806775493e-07,mle,-0.07196567197890805,0.3694717373391699,ok,True,True,extraction,
audusd,4605,2024-01-26,4093,4604,512,-0.9892125513897433,linear,52,0,52,52,0,52,0.1,0.1015625,0.1015625,0.45379789303366247,4.5379789303366245e-07,mle,-0.07196567197890805,0.3694717373391699,ok,True,True,extraction,
audusd,4606,2024-01-29,4094,4605,512,-0.9892125513897433,linear,52,0,52,52,0,52,0.1,0.1015625,0.1015625,0.45379789303366247,4.5379789303366245e-07,mle,-0.07196567197890805,0.3694717373391699,ok,True,True,extraction,
audusd,4607,2024-01-30,4095,4606,512,-0.9892125513897433,linear,52,0,52,52,0,52,0.1,0.1015625,0.1015625,0.455339245119771,4.5533924511977095e-07,mle,-0.07196567197890805,0.3694717373391699,ok,True,True,extraction,
audusd,4608,2024-01-31,4096,4607,512,-0.9892125513897433,linear,52,0,52,52,0,52,0.1,0.1015625,0.1015625,0.4576060187478548,4.5760601874785475e-07,mle,-0.07196567197890805,0.3694717373391699,ok,True,True,extraction,
audusd,4609,2024-02-01,4097,4608,512,-0.9892125513897433,linear,52,0,52,52,0,52,0.1,0.1015625,0.1015625,0.4576060187478548,4.5760601874785475e-07,mle,-0.07196567197890805,0.3694717373391699,ok,True,True,extraction,
audusd,4610,2024-02-02,4098,4609,512,-0.9892125513897433,linear,52,0,52,52,0,52,0.1,0.1015625,0.1015625,0.4595495537819473,4.595495537819473e-07,mle,-0.07196567197890805,0.3694717373391699,ok,True,True,extraction,
audusd,4611,2024-02-05,4099,4610,512,-0.9892125513897433,linear,52,0,52,52,0,52,0.1,0.1015625,0.1015625,0.4595495537819473,4.595495537819473e-07,mle,-0.07196567197890805,0.3694717373391699,ok,True,True,extraction,
audusd,4612,2024-02-06,4100,4611,512,-1.00843189998207,linear,52,0,52,52,0,52,0.1,0.1015625,0.1015625,0.4577072960099267,4.5770729600992667e-07,mle,-0.004578009147749423,0.32823803507086036,ok,True,True,extraction,
audusd,4613,2024-02-07,4101,4612,512,-1.00843189998207,linear,52,0,52,52,0,52,0.1,0.1015625,0.1015625,0.4577072960099267,4.5770729600992667e-07,mle,-0.004578009147749423,0.32823803507086036,ok,True,True,extraction,
audusd,4614,2024-02-08,4102,4613,512,-1.00843189998207,linear,52,0,52,52,0,52,0.1,0.1015625,0.1015625,0.46045297985859046,4.604529798585904e-07,mle,-0.004578009147749423,0.32823803507086036,ok,True,True,extraction,
audusd,4615,2024-02-09,4103,4614,512,-1.00843189998207,linear,52,0,52,52,0,52,0.1,0.1015625,0.1015625,0.45882625005501054,4.5882625005501054e-07,mle,-0.004578009147749423,0.32823803507086036,ok,True,True,extraction,
audusd,4616,2024-02-12,4104,4615,512,-1.00843189998207,linear,52,0,52,52,0,52,0.1,0.1015625,0.1015625,0.4574955036317725,4.5749550363177245e-07,mle,-0.004578009147749423,0.32823803507086036,ok,True,True,extraction,
audusd,4617,2024-02-13,4105,4616,512,-1.00843189998207,linear,52,0,52,52,0,52,0.1,0.1015625,0.1015625,0.4574955036317725,4.5749550363177245e-07,mle,-0.004578009147749423,0.32823803507086036,ok,True,True,extraction,
audusd,4618,2024-02-14,4106,4617,512,-1.00843189998207,linear,52,0,52,52,0,52,0.1,0.1015625,0.1015625,0.4564870647027709,4.5648706470277087e-07,mle,-0.004578009147749423,0.32823803507086036,ok,True,True,extraction,
audusd,4619,2024-02-15,4107,4618,512,-1.0111591086026037,linear,52,0,52,52,0,52,0.1,0.1015625,0.1015625,0.4574955036317725,4.5749550363177245e-07,mle,-0.015339024807141437,0.3319567699133089,ok,True,True,extraction,
audusd,4620,2024-02-16,4108,4619,512,-1.0111591086026037,linear,52,0,52,52,0,52,0.1,0.1015625,0.1015625,0.4574955036317725,4.5749550363177245e-07,mle,-0.015339024807141437,0.3319567699133089,ok,True,True,extraction,
audusd,4621,2024-02-19,4109,4620,512,-1.0111591086026037,linear,52,0,52,52,0,52,0.1,0.1015625,0.1015625,0.4574955036317725,4.5749550363177245e-07,mle,-0.015339024807141437,0.3319567699133089,ok,True,True,extraction,
audusd,4622,2024-02-20,4110,4621,512,-1.0111591086026037,linear,52,0,52,52,0,52,0.1,0.1015625,0.1015625,0.45560867696918333,4.556086769691833e-07,mle,-0.015339024807141437,0.3319567699133089,ok,True,True,extraction,
audusd,4623,2024-02-21,4111,4622,512,-1.0111591086026037,linear,52,0,52,52,0,52,0.1,0.1015625,0.1015625,0.4531245244680795,4.531245244680795e-07,mle,-0.015339024807141437,0.3319567699133089,ok,True,True,extraction,
audusd,4624,2024-02-22,4112,4623,512,-1.0111591086026037,linear,52,0,52,52,0,52,0.1,0.1015625,0.1015625,0.4516561984917251,4.516561984917251e-07,mle,-0.015339024807141437,0.3319567699133089,ok,True,True,extraction,
audusd,4625,2024-02-23,4113,4624,512,-1.0111591086026037,linear,52,0,52,52,0,52,0.1,0.1015625,0.1015625,0.4505994111066106,4.505994111066106e-07,mle,-0.015339024807141437,0.3319567699133089,ok,True,True,extraction,
audusd,4626,2024-02-26,4114,4625,512,-1.0111591086026037,linear,52,0,52,52,0,52,0.1,0.1015625,0.1015625,0.4467912853924183,4.467912853924183e-07,mle,-0.015339024807141437,0.3319567699133089,ok,True,True,extraction,
audusd,4627,2024-02-27,4115,4626,512,-1.0111591086026037,linear,52,0,52,52,0,52,0.1,0.1015625,0.1015625,0.44545173966505214,4.454517396650521e-07,mle,-0.015339024807141437,0.3319567699133089,ok,True,True,extraction,
audusd,4628,2024-02-28,4116,4627,512,-1.0111591086026037,linear,52,0,52,52,0,52,0.1,0.1015625,0.1015625,0.44301469642329416,4.4301469642329416e-07,mle,-0.015339024807141437,0.3319567699133089,ok,True,True,extraction,
audusd,4629,2024-02-29,4117,4628,512,-1.0111591086026037,linear,52,0,52,52,0,52,0.1,0.1015625,0.1015625,0.4381276749187395,4.381276749187395e-07,mle,-0.015339024807141437,0.3319567699133089,ok,True,True,extraction,
audusd,4630,2024-03-01,4118,4629,512,-1.00843189998207,linear,52,0,52,52,0,52,0.1,0.1015625,0.1015625,0.4381276749187395,4.381276749187395e-07,mle,0.015771979783849154,0.3180693348907847,ok,True,True,extraction,
audusd,4631,2024-03-04,4119,4630,512,-1.00843189998207,linear,52,0,52,52,0,52,0.1,0.1015625,0.1015625,0.44097818781316767,4.4097818781316763e-07,mle,0.015771979783849154,0.3180693348907847,ok,True,True,extraction,
audusd,4632,2024-03-05,4120,4631,512,-1.00843189998207,linear,52,0,52,52,0,52,0.1,0.1015625,0.1015625,0.44097818781316767,4.4097818781316763e-07,mle,0.015771979783849154,0.3180693348907847,ok,True,True,extraction,
audusd,4633,2024-03-06,4121,4632,512,-1.00843189998207,linear,52,0,52,52,0,52,0.1,0.1015625,0.1015625,0.4373650427660848,4.373650427660848e-07,mle,0.015771979783849154,0.3180693348907847,ok,True,True,extraction,
audusd,4634,2024-03-07,4122,4633,512,-1.00843189998207,linear,52,0,52,52,0,52,0.1,0.1015625,0.1015625,0.43673955163016726,4.3673955163016725e-07,mle,0.015771979783849154,0.3180693348907847,ok,True,True,extraction,
audusd,4635,2024-03-08,4123,4634,512,-1.00843189998207,linear,52,0,52,52,0,52,0.1,0.1015625,0.1015625,0.4381276749187395,4.381276749187395e-07,mle,0.015771979783849154,0.3180693348907847,ok,True,True,extraction,
audusd,4636,2024-03-11,4124,4635,512,-1.00843189998207,linear,52,0,52,52,0,52,0.1,0.1015625,0.1015625,0.4381276749187395,4.381276749187395e-07,mle,0.015771979783849154,0.3180693348907847,ok,True,True,extraction,
audusd,4637,2024-03-12,4125,4636,512,-1.00843189998207,linear,52,0,52,52,0,52,0.1,0.1015625,0.1015625,0.4373650427660848,4.373650427660848e-07,mle,0.015771979783849154,0.3180693348907847,ok,True,True,extraction,
audusd,4638,2024-03-13,4126,4637,512,-1.00843189998207,linear,52,0,52,52,0,52,0.1,0.1015625,0.1015625,0.43673955163016726,4.3673955163016725e-07,mle,0.015771979783849154,0.3180693348907847,ok,True,True,extraction,
audusd,4639,2024-03-14,4127,4638,512,-1.00843189998207,linear,52,0,52,52,0,52,0.1,0.1015625,0.1015625,0.4367563878095644,4.3675638780956436e-07,mle,0.015771979783849154,0.3180693348907847,ok,True,True,extraction,
audusd,4640,2024-03-15,4128,4639,512,-1.00843189998207,linear,52,0,52,52,0,52,0.1,0.1015625,0.1015625,0.43673955163016726,4.3673955163016725e-07,mle,0.015771979783849154,0.3180693348907847,ok,True,True,extraction,
audusd,4641,2024-03-18,4129,4640,512,-1.00843189998207,linear,52,0,52,52,0,52,0.1,0.1015625,0.1015625,0.4416265731347219,4.416265731347219e-07,mle,0.015771979783849154,0.3180693348907847,ok,True,True,extraction,
audusd,4642,2024-03-19,4130,4641,512,-1.00843189998207,linear,52,0,52,52,0,52,0.1,0.1015625,0.1015625,0.4416265731347219,4.416265731347219e-07,mle,0.015771979783849154,0.3180693348907847,ok,True,True,extraction,
audusd,4643,2024-03-20,4131,4642,512,-1.00843189998207,linear,52,0,52,52,0,52,0.1,0.1015625,0.1015625,0.44046609914038803,4.40466099140388e-07,mle,0.015771979783849154,0.3180693348907847,ok,True,True,extraction,
audusd,4644,2024-03-21,4132,4643,512,-1.00843189998207,linear,52,0,52,52,0,52,0.1,0.1015625,0.1015625,0.44301469642329416,4.4301469642329416e-07,mle,0.015771979783849154,0.3180693348907847,ok,True,True,extraction,
audusd,4645,2024-03-22,4133,4644,512,-1.00843189998207,linear,52,0,52,52,0,52,0.1,0.1015625,0.1015625,0.44301469642329416,4.4301469642329416e-07,mle,0.015771979783849154,0.3180693348907847,ok,True,True,extraction,
audusd,4646,2024-03-25,4134,4645,512,-1.00843189998207,linear,52,0,52,52,0,52,0.1,0.1015625,0.1015625,0.4416265731347219,4.416265731347219e-07,mle,0.015771979783849154,0.3180693348907847,ok,True,True,extraction,
audusd,4647,2024-03-26,4135,4646,512,-0.9892125513897433,linear,52,0,52,52,0,52,0.1,0.1015625,0.1015625,0.4416265731347219,4.416265731347219e-07,mle,-0.053955780048162455,0.35937335407739646,ok,True,True,extraction,
audusd,4648,2024-03-27,4136,4647,512,-0.9892125513897433,linear,52,0,52,52,0,52,0.1,0.1015625,0.1015625,0.44046609914038803,4.40466099140388e-07,mle,-0.053955780048162455,0.35937335407739646,ok,True,True,extraction,
audusd,4649,2024-03-28,4137,4648,512,-0.9892125513897433,linear,52,0,52,52,0,52,0.1,0.1015625,0.1015625,0.4381276749187395,4.381276749187395e-07,mle,-0.053955780048162455,0.35937335407739646,ok,True,True,extraction,
audusd,4650,2024-03-29,4138,4649,512,-0.9892125513897433,linear,52,0,52,52,0,52,0.1,0.1015625,0.1015625,0.4381276749187395,4.381276749187395e-07,mle,-0.053955780048162455,0.35937335407739646,ok,True,True,extraction,
audusd,4651,2024-04-01,4139,4650,512,-0.9892125513897433,linear,52,0,52,52,0,52,0.1,0.1015625,0.1015625,0.43673955163016726,4.3673955163016725e-07,mle,-0.053955780048162455,0.35937335407739646,ok,True,True,extraction,
audusd,4652,2024-04-02,4140,4651,512,-0.9892125513897433,linear,52,0,52,52,0,52,0.1,0.1015625,0.1015625,0.4373650427660848,4.373650427660848e-07,mle,-0.053955780048162455,0.35937335407739646,ok,True,True,extraction,
audusd,4653,2024-04-03,4141,4652,512,-0.9892125513897433,linear,52,0,52,52,0,52,0.1,0.1015625,0.1015625,0.4373650427660848,4.373650427660848e-07,mle,-0.053955780048162455,0.35937335407739646,ok,True,True,extraction,
audusd,4654,2024-04-04,4142,4653,512,-0.9892125513897433,linear,52,0,52,52,0,52,0.1,0.1015625,0.1015625,0.43887098308766476,4.388709830876647e-07,mle,-0.053955780048162455,0.35937335407739646,ok,True,True,extraction,
audusd,4655,2024-04-05,4143,4654,512,-0.9892125513897433,linear,52,0,52,52,0,52,0.1,0.1015625,0.1015625,0.4396068045966187,4.3960680459661867e-07,mle,-0.053955780048162455,0.35937335407739646,ok,True,True,extraction,
audusd,4656,2024-04-08,4144,4655,512,-0.9892125513897433,linear,52,0,52,52,0,52,0.1,0.1015625,0.1015625,0.43901425916581216,4.3901425916581215e-07,mle,-0.053955780048162455,0.35937335407739646,ok,True,True,extraction,
audusd,4657,2024-04-09,4145,4656,512,-0.9892125513897433,linear,52,0,52,52,0,52,0.1,0.1015625,0.1015625,0.43583021562749463,4.358302156274946e-07,mle,-0.053955780048162455,0.35937335407739646,ok,True,True,extraction,
audusd,4658,2024-04-10,4146,4657,512,-0.9860549895054164,linear,52,0,52,52,0,52,0.1,0.1015625,0.1015625,0.4369663934928755,4.369663934928755e-07,mle,-0.04400445814082467,0.3558096902982044,ok,True,True,extraction,
audusd,4659,2024-04-11,4147,4658,512,-0.9586373042444095,linear,52,0,52,52,0,52,0.1,0.1015625,0.1015625,0.43430986108895875,4.3430986108895874e-07,mle,-0.0890643248745,0.3856899031496079,ok,True,True,extraction,
audusd,4660,2024-04-12,4148,4659,512,-0.9860549895054164,linear,52,0,52,52,0,52,0.1,0.1015625,0.1015625,0.43430986108895875,4.3430986108895874e-07,mle,-0.04093292334960058,0.35769735310573575,ok,True,True,extraction,
audusd,4661,2024-04-15,4149,4660,512,-0.9860549895054164,linear,52,0,52,52,0,52,0.1,0.1015625,0.1015625,0.4349939129810856,4.3499391298108556e-07,mle,-0.04093292334960058,0.35769735310573575,ok,True,True,extraction,
audusd,4662,2024-04-16,4150,4661,512,-0.9892125513897433,linear,52,0,52,52,0,52,0.1,0.1015625,0.1015625,0.43657659679074146,4.365765967907414e-07,mle,-0.02857915847481785,0.35029573377523504,ok,True,True,extraction,
audusd,4663,2024-04-17,4151,4662,512,-0.9892125513897433,linear,52,0,52,52,0,52,0.1,0.1015625,0.1015625,0.43712983741491673,4.371298374149167e-07,mle,-0.02857915847481785,0.35029573377523504,ok,True,True,extraction,
audusd,4664,2024-04-18,4152,4663,512,-0.9892125513897433,linear,52,0,52,52,0,52,0.1,0.1015625,0.1015625,0.43712983741491673,4.371298374149167e-07,mle,-0.02857915847481785,0.35029573377523504,ok,True,True,extraction,
audusd,4665,2024-04-19,4153,4664,512,-0.9892125513897433,linear,52,0,52,52,0,52,0.1,0.1015625,0.1015625,0.43712983741491673,4.371298374149167e-07,mle,-0.02857915847481785,0.35029573377523504,ok,True,True,extraction,
audusd,4666,2024-04-22,4154,4665,512,-0.9892125513897433,linear,52,0,52,52,0,52,0.1,0.1015625,0.1015625,0.43657659679074146,4.365765967907414e-07,mle,-0.02857915847481785,0.35029573377523504,ok,True,True,extraction,
audusd,4667,2024-04-23,4155,4666,512,-0.9892125513897433,linear,52,0,52,52,0,52,0.1,0.1015625,0.1015625,0.4349939129810856,4.3499391298108556e-07,mle,-0.02857915847481785,0.35029573377523504,ok,True,True,extraction,
audusd,4668,2024-04-24,4156,4667,512,-0.9860549895054164,linear,52,0,52,52,0,52,0.1,0.1015625,0.1015625,0.4347099137236105,4.347099137236105e-07,mle,0.0100067578300637,0.3241108857730175,ok,True,True,extraction,
audusd,4669,2024-04-25,4157,4668,512,-0.9586373042444095,linear,52,0,52,52,0,52,0.1,0.1015625,0.1015625,0.4367056715910792,4.367056715910792e-07,mle,-0.08320842671320963,0.3828377123592198,ok,True,True,extraction,
audusd,4670,2024-04-26,4158,4669,512,-0.94565186927639,linear,52,0,52,52,0,52,0.1,0.1015625,0.1015625,0.436601305136673,4.36601305136673e-07,mle,-0.09322828913518902,0.3936516978504696,ok,True,True,extraction,
audusd,4671,2024-04-29,4159,4670,512,-0.94565186927639,linear,52,0,52,52,0,52,0.1,0.1015625,0.1015625,0.4373518092472133,4.3735180924721327e-07,mle,-0.09322828913518902,0.3936516978504696,ok,True,True,extraction,
audusd,4672,2024-04-30,4160,4671,512,-0.94565186927639,linear,52,0,52,52,0,52,0.1,0.1015625,0.1015625,0.44023851597118613,4.402385159711861e-07,mle,-0.09322828913518902,0.3936516978504696,ok,True,True,extraction,
audusd,4673,2024-05-01,4161,4672,512,-0.94565186927639,linear,52,0,52,52,0,52,0.1,0.1015625,0.1015625,0.43705724989997974,4.370572498999797e-07,mle,-0.09322828913518902,0.3936516978504696,ok,True,True,extraction,
audusd,4674,2024-05-02,4162,4673,512,-0.9586373042444095,linear,52,0,52,52,0,52,0.1,0.1015625,0.1015625,0.4355220452266111,4.3552204522661104e-07,mle,-0.08379949163578787,0.3831588895680307,ok,True,True,extraction,
audusd,4675,2024-05-03,4163,4674,512,-0.9586373042444095,linear,52,0,52,52,0,52,0.1,0.1015625,0.1015625,0.44023851597118613,4.402385159711861e-07,mle,-0.08379949163578787,0.3831588895680307,ok,True,True,extraction,
audusd,4676,2024-05-06,4164,4675,512,-0.9586373042444095,linear,52,0,52,52,0,52,0.1,0.1015625,0.1015625,0.44023851597118613,4.402385159711861e-07,mle,-0.08379949163578787,0.3831588895680307,ok,True,True,extraction,
audusd,4677,2024-05-07,4165,4676,512,-0.94565186927639,linear,52,0,52,52,0,52,0.1,0.1015625,0.1015625,0.44096069980658237,4.4096069980658235e-07,mle,-0.11415333153827589,0.4062348892297247,ok,True,True,extraction,
audusd,4678,2024-05-08,4166,4677,512,-0.94565186927639,linear,52,0,52,52,0,52,0.1,0.1015625,0.1015625,0.43705724989997974,4.370572498999797e-07,mle,-0.11415333153827589,0.4062348892297247,ok,True,True,extraction,
audusd,4679,2024-05-09,4167,4678,512,-0.94565186927639,linear,52,0,52,52,0,52,0.1,0.1015625,0.1015625,0.44023851597118613,4.402385159711861e-07,mle,-0.11415333153827589,0.4062348892297247,ok,True,True,extraction,
audusd,4680,2024-05-10,4168,4679,512,-0.94565186927639,linear,52,0,52,52,0,52,0.1,0.1015625,0.1015625,0.4373518092472133,4.3735180924721327e-07,mle,-0.11415333153827589,0.4062348892297247,ok,True,True,extraction,
audusd,4681,2024-05-13,4169,4680,512,-0.94565186927639,linear,52,0,52,52,0,52,0.1,0.1015625,0.1015625,0.4396694425321077,4.396694425321077e-07,mle,-0.11415333153827589,0.4062348892297247,ok,True,True,extraction,
audusd,4682,2024-05-14,4170,4681,512,-0.94565186927639,linear,52,0,52,52,0,52,0.1,0.1015625,0.1015625,0.4396694425321077,4.396694425321077e-07,mle,-0.11415333153827589,0.4062348892297247,ok,True,True,extraction,
audusd,4683,2024-05-15,4171,4682,512,-0.94565186927639,linear,52,0,52,52,0,52,0.1,0.1015625,0.1015625,0.4396694425321077,4.396694425321077e-07,mle,-0.11415333153827589,0.4062348892297247,ok,True,True,extraction,
audusd,4684,2024-05-16,4172,4683,512,-0.94565186927639,linear,52,0,52,52,0,52,0.1,0.1015625,0.1015625,0.4373518092472133,4.3735180924721327e-07,mle,-0.11415333153827589,0.4062348892297247,ok,True,True,extraction,
audusd,4685,2024-05-17,4173,4684,512,-0.94565186927639,linear,52,0,52,52,0,52,0.1,0.1015625,0.1015625,0.4396694425321077,4.396694425321077e-07,mle,-0.11415333153827589,0.4062348892297247,ok,True,True,extraction,
audusd,4686,2024-05-20,4174,4685,512,-0.94565186927639,linear,52,0,52,52,0,52,0.1,0.1015625,0.1015625,0.4396694425321077,4.396694425321077e-07,mle,-0.11415333153827589,0.4062348892297247,ok,True,True,extraction,
audusd,4687,2024-05-21,4175,4686,512,-0.94565186927639,linear,52,0,52,52,0,52,0.1,0.1015625,0.1015625,0.4438008288657135,4.4380082886571344e-07,mle,-0.11415333153827589,0.4062348892297247,ok,True,True,extraction,
audusd,4688,2024-05-22,4176,4687,512,-0.94565186927639,linear,52,0,52,52,0,52,0.1,0.1015625,0.1015625,0.4396694425321077,4.396694425321077e-07,mle,-0.11415333153827589,0.4062348892297247,ok,True,True,extraction,
audusd,4689,2024-05-23,4177,4688,512,-0.94565186927639,linear,52,0,52,52,0,52,0.1,0.1015625,0.1015625,0.4373518092472133,4.3735180924721327e-07,mle,-0.11415333153827589,0.4062348892297247,ok,True,True,extraction,
audusd,4690,2024-05-24,4178,4689,512,-0.94565186927639,linear,52,0,52,52,0,52,0.1,0.1015625,0.1015625,0.4396694425321077,4.396694425321077e-07,mle,-0.11415333153827589,0.4062348892297247,ok,True,True,extraction,
audusd,4691,2024-05-27,4179,4690,512,-0.94565186927639,linear,52,0,52,52,0,52,0.1,0.1015625,0.1015625,0.43409800940379484,4.3409800940379483e-07,mle,-0.11415333153827589,0.4062348892297247,ok,True,True,extraction,
audusd,4692,2024-05-28,4180,4691,512,-0.94565186927639,linear,52,0,52,52,0,52,0.1,0.1015625,0.1015625,0.4373518092472133,4.3735180924721327e-07,mle,-0.11415333153827589,0.4062348892297247,ok,True,True,extraction,
audusd,4693,2024-05-29,4181,4692,512,-0.9279770497009815,linear,52,0,52,52,0,52,0.1,0.1015625,0.1015625,0.44023851597118613,4.402385159711861e-07,mle,-0.1392741373718524,0.42899217886996394,ok,True,True,extraction,
audusd,4694,2024-05-30,4182,4693,512,-0.9182092491237039,linear,52,0,52,52,0,52,0.1,0.1015625,0.1015625,0.4355220452266111,4.3552204522661104e-07,mle,-0.14808088171729927,0.4389409947780384,ok,True,True,extraction,
audusd,4695,2024-05-31,4183,4694,512,-0.9169541581513866,linear,52,0,52,52,0,52,0.1,0.1015625,0.1015625,0.4355220452266111,4.3552204522661104e-07,mle,-0.13433831685201664,0.43111450602923784,ok,True,True,extraction,
audusd,4696,2024-06-03,4184,4695,512,-0.9169541581513866,linear,52,0,52,52,0,52,0.1,0.1015625,0.1015625,0.43321009037543595,4.3321009037543593e-07,mle,-0.13433831685201664,0.43111450602923784,ok,True,True,extraction,
audusd,4697,2024-06-04,4185,4696,512,-0.9169541581513866,linear,52,0,52,52,0,52,0.1,0.1015625,0.1015625,0.43005518893661765,4.3005518893661763e-07,mle,-0.13433831685201664,0.43111450602923784,ok,True,True,extraction,
audusd,4698,2024-06-05,4186,4697,512,-0.9169541581513866,linear,52,0,52,52,0,52,0.1,0.1015625,0.1015625,0.43321009037543595,4.3321009037543593e-07,mle,-0.13433831685201664,0.43111450602923784,ok,True,True,extraction,
audusd,4699,2024-06-06,4187,4698,512,-0.9122578820763838,linear,52,0,52,52,0,52,0.1,0.1015625,0.1015625,0.43321009037543595,4.3321009037543593e-07,mle,-0.11689612266755159,0.4224310058955104,ok,True,True,extraction,
audusd,4700,2024-06-07,4188,4699,512,-0.9122578820763838,linear,52,0,52,52,0,52,0.1,0.1015625,0.1015625,0.43321009037543595,4.3321009037543593e-07,mle,-0.11689612266755159,0.4224310058955104,ok,True,True,extraction,
audusd,4701,2024-06-10,4189,4700,512,-0.9122578820763838,linear,52,0,52,52,0,52,0.1,0.1015625,0.1015625,0.4362659014620528,4.362659014620528e-07,mle,-0.11689612266755159,0.4224310058955104,ok,True,True,extraction,
audusd,4702,2024-06-11,4190,4701,512,-0.9169541581513866,linear,52,0,52,52,0,52,0.1,0.1015625,0.1015625,0.4362659014620528,4.362659014620528e-07,mle,-0.1389429131789031,0.43425065168792215,ok,True,True,extraction,
audusd,4703,2024-06-12,4191,4702,512,-0.9169541581513866,linear,52,0,52,52,0,52,0.1,0.1015625,0.1015625,0.43734649160929484,4.3734649160929485e-07,mle,-0.1389429131789031,0.43425065168792215,ok,True,True,extraction,
audusd,4704,2024-06-13,4192,4703,512,-0.9169541581513866,linear,52,0,52,52,0,52,0.1,0.1015625,0.1015625,0.4324512653555477,4.3245126535554766e-07,mle,-0.1389429131789031,0.43425065168792215,ok,True,True,extraction,
audusd,4705,2024-06-14,4193,4704,512,-0.9169541581513866,linear,52,0,52,52,0,52,0.1,0.1015625,0.1015625,0.43734649160929484,4.3734649160929485e-07,mle,-0.1389429131789031,0.43425065168792215,ok,True,True,extraction,
audusd,4706,2024-06-17,4194,4705,512,-0.9169541581513866,linear,52,0,52,52,0,52,0.1,0.1015625,0.1015625,0.43858097814977925,4.3858097814977925e-07,mle,-0.1389429131789031,0.43425065168792215,ok,True,True,extraction,
audusd,4707,2024-06-18,4195,4706,512,-0.9169541581513866,linear,52,0,52,52,0,52,0.1,0.1015625,0.1015625,0.43858097814977925,4.3858097814977925e-07,mle,-0.1389429131789031,0.43425065168792215,ok,True,True,extraction,
audusd,4708,2024-06-19,4196,4707,512,-0.9169541581513866,linear,52,0,52,52,0,52,0.1,0.1015625,0.1015625,0.43858097814977925,4.3858097814977925e-07,mle,-0.1389429131789031,0.43425065168792215,ok,True,True,extraction,
audusd,4709,2024-06-20,4197,4708,512,-0.9122578820763838,linear,52,0,52,52,0,52,0.1,0.1015625,0.1015625,0.43801336166599303,4.38013361665993e-07,mle,-0.1264698713199436,0.42872369981702063,ok,True,True,extraction,
audusd,4710,2024-06-21,4198,4709,512,-0.9122578820763838,linear,52,0,52,52,0,52,0.1,0.1015625,0.1015625,0.43619087210465446,4.3619087210465444e-07,mle,-0.1264698713199436,0.42872369981702063,ok,True,True,extraction,
audusd,4711,2024-06-24,4199,4710,512,-0.8962411872908125,linear,52,0,52,52,0,52,0.1,0.1015625,0.1015625,0.4336147049495296,4.3361470494952954e-07,mle,-0.14880251510540443,0.4496577757902829,ok,True,True,extraction,
audusd,4712,2024-06-25,4200,4711,512,-0.8962411872908125,linear,52,0,52,52,0,52,0.1,0.1015625,0.1015625,0.4336147049495296,4.3361470494952954e-07,mle,-0.14880251510540443,0.4496577757902829,ok,True,True,extraction,
audusd,4713,2024-06-26,4201,4712,512,-0.8962411872908125,linear,52,0,52,52,0,52,0.1,0.1015625,0.1015625,0.4322299703340491,4.322299703340491e-07,mle,-0.14880251510540443,0.4496577757902829,ok,True,True,extraction,
audusd,4714,2024-06-27,4202,4713,512,-0.8962411872908125,linear,52,0,52,52,0,52,0.1,0.1015625,0.1015625,0.4322299703340491,4.322299703340491e-07,mle,-0.14880251510540443,0.4496577757902829,ok,True,True,extraction,
audusd,4715,2024-06-28,4203,4714,512,-0.8894634850391004,linear,52,0,52,52,0,52,0.1,0.1015625,0.1015625,0.4316259501743705,4.316259501743705e-07,mle,-0.12017451088506301,0.4324499038980053,ok,True,True,extraction,
audusd,4716,2024-07-01,4204,4715,512,-0.8894634850391004,linear,52,0,52,52,0,52,0.1,0.1015625,0.1015625,0.4316259501743705,4.316259501743705e-07,mle,-0.12017451088506301,0.4324499038980053,ok,True,True,extraction,
audusd,4717,2024-07-02,4205,4716,512,-0.8894634850391004,linear,52,0,52,52,0,52,0.1,0.1015625,0.1015625,0.43048792230850386,4.304879223085038e-07,mle,-0.12017451088506301,0.4324499038980053,ok,True,True,extraction,
audusd,4718,2024-07-03,4206,4717,512,-0.8894634850391004,linear,52,0,52,52,0,52,0.1,0.1015625,0.1015625,0.4316259501743705,4.316259501743705e-07,mle,-0.12017451088506301,0.4324499038980053,ok,True,True,extraction,
audusd,4719,2024-07-04,4207,4718,512,-0.8894634850391004,linear,52,0,52,52,0,52,0.1,0.1015625,0.1015625,0.4299047030786892,4.299047030786892e-07,mle,-0.12017451088506301,0.4324499038980053,ok,True,True,extraction,
audusd,4720,2024-07-05,4208,4719,512,-0.8894634850391004,linear,52,0,52,52,0,52,0.1,0.1015625,0.1015625,0.43048792230850386,4.304879223085038e-07,mle,-0.12017451088506301,0.4324499038980053,ok,True,True,extraction,
audusd,4721,2024-07-08,4209,4720,512,-0.8894634850391004,linear,52,0,52,52,0,52,0.1,0.1015625,0.1015625,0.4294633225547624,4.2946332255476234e-07,mle,-0.12017451088506301,0.4324499038980053,ok,True,True,extraction,
audusd,4722,2024-07-09,4210,4721,512,-0.8894634850391004,linear,52,0,52,52,0,52,0.1,0.1015625,0.1015625,0.4290382659886058,4.2903826598860576e-07,mle,-0.12017451088506301,0.4324499038980053,ok,True,True,extraction,
audusd,4723,2024-07-10,4211,4722,512,-0.8894634850391004,linear,52,0,52,52,0,52,0.1,0.1015625,0.1015625,0.4273792809161348,4.273792809161348e-07,mle,-0.12017451088506301,0.4324499038980053,ok,True,True,extraction,
audusd,4724,2024-07-11,4212,4723,512,-0.8894634850391004,linear,52,0,52,52,0,52,0.1,0.1015625,0.1015625,0.4273792809161348,4.273792809161348e-07,mle,-0.12017451088506301,0.4324499038980053,ok,True,True,extraction,
audusd,4725,2024-07-12,4213,4724,512,-0.8894634850391004,linear,52,0,52,52,0,52,0.1,0.1015625,0.1015625,0.42574073707271376,4.2574073707271373e-07,mle,-0.12017451088506301,0.4324499038980053,ok,True,True,extraction,
audusd,4726,2024-07-15,4214,4725,512,-0.8894634850391004,linear,52,0,52,52,0,52,0.1,0.1015625,0.1015625,0.4264726188385667,4.2647261883856664e-07,mle,-0.12017451088506301,0.4324499038980053,ok,True,True,extraction,
audusd,4727,2024-07-16,4215,4726,512,-0.8894634850391004,linear,52,0,52,52,0,52,0.1,0.1015625,0.1015625,0.4249514165962342,4.2495141659623417e-07,mle,-0.12017451088506301,0.4324499038980053,ok,True,True,extraction,
audusd,4728,2024-07-17,4216,4727,512,-0.8894634850391004,linear,52,0,52,52,0,52,0.1,0.1015625,0.1015625,0.4249514165962342,4.2495141659623417e-07,mle,-0.12017451088506301,0.4324499038980053,ok,True,True,extraction,
audusd,4729,2024-07-18,4217,4728,512,-0.8894634850391004,linear,52,0,52,52,0,52,0.1,0.1015625,0.1015625,0.4249514165962342,4.2495141659623417e-07,mle,-0.12017451088506301,0.4324499038980053,ok,True,True,extraction,
audusd,4730,2024-07-19,4218,4729,512,-0.8894634850391004,linear,52,0,52,52,0,52,0.1,0.1015625,0.1015625,0.41932001272251807,4.1932001272251806e-07,mle,-0.12017451088506301,0.4324499038980053,ok,True,True,extraction,
audusd,4731,2024-07-22,4219,4730,512,-0.864369743298969,linear,52,0,52,52,0,52,0.1,0.1015625,0.1015625,0.4176045254826937,4.176045254826937e-07,mle,-0.1440238258287388,0.44694335885207515,ok,True,True,extraction,
audusd,4732,2024-07-23,4220,4731,512,-0.864369743298969,linear,52,0,52,52,0,52,0.1,0.1015625,0.1015625,0.41487628249659225,4.148762824965922e-07,mle,-0.1440238258287388,0.44694335885207515,ok,True,True,extraction,
audusd,4733,2024-07-24,4221,4732,512,-0.864369743298969,linear,52,0,52,52,0,52,0.1,0.1015625,0.1015625,0.412488515169244,4.12488515169244e-07,mle,-0.1440238258287388,0.44694335885207515,ok,True,True,extraction,
audusd,4734,2024-07-25,4222,4733,512,-0.864369743298969,linear,52,0,52,52,0,52,0.1,0.1015625,0.1015625,0.412488515169244,4.12488515169244e-07,mle,-0.1440238258287388,0.44694335885207515,ok,True,True,extraction,
audusd,4735,2024-07-26,4223,4734,512,-0.864369743298969,linear,52,0,52,52,0,52,0.1,0.1015625,0.1015625,0.4121143781653879,4.1211437816538784e-07,mle,-0.1440238258287388,0.44694335885207515,ok,True,True,extraction,
audusd,4736,2024-07-29,4224,4735,512,-0.864369743298969,linear,52,0,52,52,0,52,0.1,0.1015625,0.1015625,0.4121143781653879,4.1211437816538784e-07,mle,-0.1440238258287388,0.44694335885207515,ok,True,True,extraction,
audusd,4737,2024-07-30,4225,4736,512,-0.864369743298969,linear,52,0,52,52,0,52,0.1,0.1015625,0.1015625,0.4094327040826271,4.094327040826271e-07,mle,-0.1440238258287388,0.44694335885207515,ok,True,True,extraction,
audusd,4738,2024-07-31,4226,4737,512,-0.864369743298969,linear,52,0,52,52,0,52,0.1,0.1015625,0.1015625,0.40832534360997086,4.083253436099708e-07,mle,-0.1440238258287388,0.44694335885207515,ok,True,True,extraction,
audusd,4739,2024-08-01,4227,4738,512,-0.864369743298969,linear,52,0,52,52,0,52,0.1,0.1015625,0.1015625,0.4114035047833614,4.1140350478336137e-07,mle,-0.1440238258287388,0.44694335885207515,ok,True,True,extraction,
audusd,4740,2024-08-02,4228,4739,512,-0.8484897832667102,linear,52,0,52,52,0,52,0.1,0.1015625,0.1015625,0.40816189968792965,4.0816189968792964e-07,mle,-0.14764010029148658,0.45515710061837655,ok,True,True,extraction,
audusd,4741,2024-08-05,4229,4740,512,-0.8484897832667102,linear,52,0,52,52,0,52,0.1,0.1015625,0.1015625,0.40832534360997086,4.083253436099708e-07,mle,-0.14764010029148658,0.45515710061837655,ok,True,True,extraction,
audusd,4742,2024-08-06,4230,4741,512,-0.8426767844956589,linear,52,0,52,52,0,52,0.1,0.1015625,0.1015625,0.4080101814598831,4.0801018145988307e-07,mle,-0.12950548442961118,0.4451137864547106,ok,True,True,extraction,
audusd,4743,2024-08-07,4231,4742,512,-0.8426767844956589,linear,52,0,52,52,0,52,0.1,0.1015625,0.1015625,0.4097151743766725,4.097151743766725e-07,mle,-0.12950548442961118,0.4451137864547106,ok,True,True,extraction,
audusd,4744,2024-08-08,4232,4743,512,-0.8426767844956589,linear,52,0,52,52,0,52,0.1,0.1015625,0.1015625,0.4072159492654215,4.0721594926542147e-07,mle,-0.12950548442961118,0.4451137864547106,ok,True,True,extraction,
audusd,4745,2024-08-09,4233,4744,512,-0.8426767844956589,linear,52,0,52,52,0,52,0.1,0.1015625,0.1015625,0.4072122307892456,4.072122307892456e-07,mle,-0.12950548442961118,0.4451137864547106,ok,True,True,extraction,
audusd,4746,2024-08-12,4234,4745,512,-0.8426767844956589,linear,52,0,52,52,0,52,0.1,0.1015625,0.1015625,0.4072122307892456,4.072122307892456e-07,mle,-0.12950548442961118,0.4451137864547106,ok,True,True,extraction,
audusd,4747,2024-08-13,4235,4746,512,-0.8426767844956589,linear,52,0,52,52,0,52,0.1,0.1015625,0.1015625,0.4072122307892456,4.072122307892456e-07,mle,-0.12950548442961118,0.4451137864547106,ok,True,True,extraction,
audusd,4748,2024-08-14,4236,4747,512,-0.8426767844956589,linear,52,0,52,52,0,52,0.1,0.1015625,0.1015625,0.4054967435494213,4.0549674354942127e-07,mle,-0.12950548442961118,0.4451137864547106,ok,True,True,extraction,
audusd,4749,2024-08-15,4237,4748,512,-0.840745669271427,linear,52,0,52,52,0,52,0.1,0.1015625,0.1015625,0.4096286450334337,4.096286450334337e-07,mle,-0.09240042932009171,0.4205993862789439,ok,True,True,extraction,
audusd,4750,2024-08-16,4238,4749,512,-0.840745669271427,linear,52,0,52,52,0,52,0.1,0.1015625,0.1015625,0.4054967435494213,4.0549674354942127e-07,mle,-0.09240042932009171,0.4205993862789439,ok,True,True,extraction,
audusd,4751,2024-08-19,4239,4750,512,-0.840745669271427,linear,52,0,52,52,0,52,0.1,0.1015625,0.1015625,0.4079913983361715,4.0799139833617147e-07,mle,-0.09240042932009171,0.4205993862789439,ok,True,True,extraction,
audusd,4752,2024-08-20,4240,4751,512,-0.840745669271427,linear,52,0,52,52,0,52,0.1,0.1015625,0.1015625,0.4112131034745181,4.112131034745181e-07,mle,-0.09240042932009171,0.4205993862789439,ok,True,True,extraction,
audusd,4753,2024-08-21,4241,4752,512,-0.840745669271427,linear,52,0,52,52,0,52,0.1,0.1015625,0.1015625,0.4128742871189765,4.128742871189765e-07,mle,-0.09240042932009171,0.4205993862789439,ok,True,True,extraction,
audusd,4754,2024-08-22,4242,4753,512,-0.840745669271427,linear,52,0,52,52,0,52,0.1,0.1015625,0.1015625,0.4169782918004932,4.1697829180049316e-07,mle,-0.09240042932009171,0.4205993862789439,ok,True,True,extraction,
audusd,4755,2024-08-23,4243,4754,512,-0.840745669271427,linear,52,0,52,52,0,52,0.1,0.1015625,0.1015625,0.41282806325193855,4.1282806325193855e-07,mle,-0.09240042932009171,0.4205993862789439,ok,True,True,extraction,
audusd,4756,2024-08-26,4244,4755,512,-0.8339454216305235,linear,52,0,52,52,0,52,0.1,0.1015625,0.1015625,0.41282806325193855,4.1282806325193855e-07,mle,-0.07746917966388667,0.4138054320396387,ok,True,True,extraction,
audusd,4757,2024-08-27,4245,4756,512,-0.8339454216305235,linear,52,0,52,52,0,52,0.1,0.1015625,0.1015625,0.4133418443306174,4.133418443306174e-07,mle,-0.07746917966388667,0.4138054320396387,ok,True,True,extraction,
audusd,4758,2024-08-28,4246,4757,512,-0.8339454216305235,linear,52,0,52,52,0,52,0.1,0.1015625,0.1015625,0.41295806822381204,4.1295806822381204e-07,mle,-0.07746917966388667,0.4138054320396387,ok,True,True,extraction,
audusd,4759,2024-08-29,4247,4758,512,-0.8339454216305235,linear,52,0,52,52,0,52,0.1,0.1015625,0.1015625,0.4115235485595057,4.115235485595057e-07,mle,-0.07746917966388667,0.4138054320396387,ok,True,True,extraction,
audusd,4760,2024-08-30,4248,4759,512,-0.8339454216305235,linear,52,0,52,52,0,52,0.1,0.1015625,0.1015625,0.4092582142183635,4.092582142183635e-07,mle,-0.07746917966388667,0.4138054320396387,ok,True,True,extraction,
audusd,4761,2024-09-02,4249,4760,512,-0.7987880476750188,linear,52,0,52,52,0,52,0.1,0.1015625,0.1015625,0.40935862372232157,4.093586237223216e-07,mle,-0.15958406036100403,0.4543454291681272,ok,True,True,extraction,
audusd,4762,2024-09-03,4250,4761,512,-0.7987880476750188,linear,52,0,52,52,0,52,0.1,0.1015625,0.1015625,0.4092582142183635,4.092582142183635e-07,mle,-0.15958406036100403,0.4543454291681272,ok,True,True,extraction,
audusd,4763,2024-09-04,4251,4762,512,-0.7965190477434655,linear,52,0,52,52,0,52,0.1,0.1015625,0.1015625,0.40935862372232157,4.093586237223216e-07,mle,-0.15282153396171894,0.45085278167695253,ok,True,True,extraction,
audusd,4764,2024-09-05,4252,4763,512,-0.7987880476750188,linear,52,0,52,52,0,52,0.1,0.1015625,0.1015625,0.4082240635478366,4.0822406354783656e-07,mle,-0.16792726308178552,0.46037737566844783,ok,True,True,extraction,
audusd,4765,2024-09-06,4253,4764,512,-0.7987880476750188,linear,52,0,52,52,0,52,0.1,0.1015625,0.1015625,0.40664277091904516,4.0664277091904513e-07,mle,-0.16792726308178552,0.46037737566844783,ok,True,True,extraction,
audusd,4766,2024-09-09,4254,4765,512,-0.7987880476750188,linear,52,0,52,52,0,52,0.1,0.1015625,0.1015625,0.4074576666037171,4.0745766660371704e-07,mle,-0.16792726308178552,0.46037737566844783,ok,True,True,extraction,
audusd,4767,2024-09-10,4255,4766,512,-0.7987880476750188,linear,52,0,52,52,0,52,0.1,0.1015625,0.1015625,0.4074576666037171,4.0745766660371704e-07,mle,-0.15464159713551112,0.45017161953811213,ok,True,True,extraction,
audusd,4768,2024-09-11,4256,4767,512,-0.7987880476750188,linear,52,0,52,52,0,52,0.1,0.1015625,0.1015625,0.4050756739036182,4.050756739036182e-07,mle,-0.15464159713551112,0.45017161953811213,ok,True,True,extraction,
audusd,4769,2024-09-12,4257,4768,512,-0.7965190477434655,linear,52,0,52,52,0,52,0.1,0.1015625,0.1015625,0.4025931987442235,4.025931987442235e-07,mle,-0.11922074627003798,0.41844709607392294,ok,True,True,extraction,
audusd,4770,2024-09-13,4258,4769,512,-0.7938865289891535,linear,52,0,52,52,0,52,0.1,0.1015625,0.1015625,0.400900058275665,4.0090005827566496e-07,mle,-0.12169037338949865,0.4213243812963876,ok,True,True,extraction,
audusd,4771,2024-09-16,4259,4770,512,-0.7938865289891535,linear,52,0,52,52,0,52,0.1,0.1015625,0.1015625,0.4012531566004016,4.012531566004016e-07,mle,-0.12169037338949865,0.4213243812963876,ok,True,True,extraction,
audusd,4772,2024-09-17,4260,4771,512,-0.7938865289891535,linear,52,0,52,52,0,52,0.1,0.1015625,0.1015625,0.3974641220449846,3.974641220449846e-07,mle,-0.12169037338949865,0.4213243812963876,ok,True,True,extraction,
audusd,4773,2024-09-18,4261,4772,512,-0.7938865289891535,linear,52,0,52,52,0,52,0.1,0.1015625,0.1015625,0.400900058275665,4.0090005827566496e-07,mle,-0.12169037338949865,0.4213243812963876,ok,True,True,extraction,
audusd,4774,2024-09-19,4262,4773,512,-0.7901327427931663,linear,52,0,52,52,0,52,0.1,0.1015625,0.1015625,0.3976185191560958,3.976185191560958e-07,mle,-0.09326075157654755,0.40154624898179125,ok,True,True,extraction,
audusd,4775,2024-09-20,4263,4774,512,-0.7901327427931663,linear,52,0,52,52,0,52,0.1,0.1015625,0.1015625,0.39520478403608494,3.952047840360849e-07,mle,-0.09326075157654755,0.40154624898179125,ok,True,True,extraction,
audusd,4776,2024-09-23,4264,4775,512,-0.7901327427931663,linear,52,0,52,52,0,52,0.1,0.1015625,0.1015625,0.3974641220449846,3.974641220449846e-07,mle,-0.09326075157654755,0.40154624898179125,ok,True,True,extraction,
audusd,4777,2024-09-24,4265,4776,512,-0.7901327427931663,linear,52,0,52,52,0,52,0.1,0.1015625,0.1015625,0.3974641220449846,3.974641220449846e-07,mle,-0.09326075157654755,0.40154624898179125,ok,True,True,extraction,
audusd,4778,2024-09-25,4266,4777,512,-0.7755177632246172,linear,52,0,52,52,0,52,0.1,0.1015625,0.1015625,0.39443450602322705,3.94434506023227e-07,mle,-0.08957643965473291,0.4004373311874235,ok,True,True,extraction,
audusd,4779,2024-09-26,4267,4778,512,-0.7755177632246172,linear,52,0,52,52,0,52,0.1,0.1015625,0.1015625,0.39805978753783977,3.9805978753783974e-07,mle,-0.08957643965473291,0.4004373311874235,ok,True,True,extraction,
audusd,4780,2024-09-27,4268,4779,512,-0.7755177632246172,linear,52,0,52,52,0,52,0.1,0.1015625,0.1015625,0.39805978753783977,3.9805978753783974e-07,mle,-0.09133244765378973,0.4018487468624594,ok,True,True,extraction,
audusd,4781,2024-09-30,4269,4780,512,-0.7755177632246172,linear,52,0,52,52,0,52,0.1,0.1015625,0.1015625,0.39806914346753286,3.9806914346753284e-07,mle,-0.09133244765378973,0.4018487468624594,ok,True,True,extraction,
audusd,4782,2024-10-01,4270,4781,512,-0.7755177632246172,linear,52,0,52,52,0,52,0.1,0.1015625,0.1015625,0.39806914346753286,3.9806914346753284e-07,mle,-0.09133244765378973,0.4018487468624594,ok,True,True,extraction,
audusd,4783,2024-10-02,4271,4782,512,-0.7755177632246172,linear,52,0,52,52,0,52,0.1,0.1015625,0.1015625,0.39805978753783977,3.9805978753783974e-07,mle,-0.09133244765378973,0.4018487468624594,ok,True,True,extraction,
audusd,4784,2024-10-03,4272,4783,512,-0.7709595805016514,linear,52,0,52,52,0,52,0.1,0.1015625,0.1015625,0.39805978753783977,3.9805978753783974e-07,mle,-0.07138007505145069,0.39000430413627496,ok,True,True,extraction,
audusd,4785,2024-10-04,4273,4784,512,-0.7709595805016514,linear,52,0,52,52,0,52,0.1,0.1015625,0.1015625,0.39428010891211596,3.942801089121159e-07,mle,-0.07138007505145069,0.39000430413627496,ok,True,True,extraction,
audusd,4786,2024-10-07,4274,4785,512,-0.7709595805016514,linear,52,0,52,52,0,52,0.1,0.1015625,0.1015625,0.39443450602322705,3.94434506023227e-07,mle,-0.07138007505145069,0.39000430413627496,ok,True,True,extraction,
audusd,4787,2024-10-08,4275,4786,512,-0.7626759379376148,linear,52,0,52,52,0,52,0.1,0.1015625,0.1015625,0.39443450602322705,3.94434506023227e-07,mle,-0.08578375315149916,0.40266637089944673,ok,True,True,extraction,
audusd,4788,2024-10-09,4276,4787,512,-0.7626759379376148,linear,52,0,52,52,0,52,0.1,0.1015625,0.1015625,0.3974641220449846,3.974641220449846e-07,mle,-0.08578375315149916,0.40266637089944673,ok,True,True,extraction,
audusd,4789,2024-10-10,4277,4788,512,-0.7626759379376148,linear,52,0,52,52,0,52,0.1,0.1015625,0.1015625,0.39678607666487636,3.9678607666487634e-07,mle,-0.08578375315149916,0.40266637089944673,ok,True,True,extraction,
audusd,4790,2024-10-11,4278,4789,512,-0.7626759379376148,linear,52,0,52,52,0,52,0.1,0.1015625,0.1015625,0.39422462097271116,3.9422462097271117e-07,mle,-0.08578375315149916,0.40266637089944673,ok,True,True,extraction,
audusd,4791,2024-10-14,4279,4790,512,-0.7626759379376148,linear,52,0,52,52,0,52,0.1,0.1015625,0.1015625,0.3917186532199507,3.917186532199507e-07,mle,-0.08578375315149916,0.40266637089944673,ok,True,True,extraction,
audusd,4792,2024-10-15,4280,4791,512,-0.7626759379376148,linear,52,0,52,52,0,52,0.1,0.1015625,0.1015625,0.3895170412726105,3.895170412726105e-07,mle,-0.08578375315149916,0.40266637089944673,ok,True,True,extraction,
audusd,4793,2024-10-16,4281,4792,512,-0.7626759379376148,linear,52,0,52,52,0,52,0.1,0.1015625,0.1015625,0.3894090852899741,3.8940908528997406e-07,mle,-0.08578375315149916,0.40266637089944673,ok,True,True,extraction,
audusd,4794,2024-10-17,4282,4793,512,-0.7541040558538947,linear,52,0,52,52,0,52,0.1,0.1015625,0.1015625,0.3894090852899741,3.8940908528997406e-07,mle,-0.10485376918066325,0.4187886634047153,ok,True,True,extraction,
audusd,4795,2024-10-18,4283,4794,512,-0.7541040558538947,linear,52,0,52,52,0,52,0.1,0.1015625,0.1015625,0.391063408494799,3.9106340849479894e-07,mle,-0.10485376918066325,0.4187886634047153,ok,True,True,extraction,
audusd,4796,2024-10-21,4284,4795,512,-0.7541040558538947,linear,52,0,52,52,0,52,0.1,0.1015625,0.1015625,0.3895170412726105,3.895170412726105e-07,mle,-0.10485376918066325,0.4187886634047153,ok,True,True,extraction,
audusd,4797,2024-10-22,4285,4796,512,-0.7482493167111931,linear,52,0,52,52,0,52,0.1,0.1015625,0.1015625,0.3883019079956517,3.8830190799565164e-07,mle,-0.10595086716425148,0.4221947482988688,ok,True,True,extraction,
audusd,4798,2024-10-23,4286,4797,512,-0.7482493167111931,linear,52,0,52,52,0,52,0.1,0.1015625,0.1015625,0.3883019079956517,3.8830190799565164e-07,mle,-0.11751260518666304,0.4299690964297499,ok,True,True,extraction,
audusd,4799,2024-10-24,4287,4798,512,-0.7482493167111931,linear,52,0,52,52,0,52,0.1,0.1015625,0.1015625,0.3883019079956517,3.8830190799565164e-07,mle,-0.11751260518666304,0.4299690964297499,ok,True,True,extraction,
audusd,4800,2024-10-25,4288,4799,512,-0.7504633647777568,linear,52,0,52,52,0,52,0.1,0.1015625,0.1015625,0.3894090852899741,3.8940908528997406e-07,mle,-0.11264702997810191,0.42570970535849506,ok,True,True,extraction,
audusd,4801,2024-10-28,4289,4800,512,-0.7504633647777568,linear,52,0,52,52,0,52,0.1,0.1015625,0.1015625,0.38798735134456674,3.8798735134456675e-07,mle,-0.11264702997810191,0.42570970535849506,ok,True,True,extraction,
audusd,4802,2024-10-29,4290,4801,512,-0.7482493167111931,linear,52,0,52,52,0,52,0.1,0.1015625,0.1015625,0.38798735134456674,3.8798735134456675e-07,mle,-0.09006458931641115,0.4109968030999245,ok,True,True,extraction,
audusd,4803,2024-10-30,4291,4802,512,-0.7482493167111931,linear,52,0,52,52,0,52,0.1,0.1015625,0.1015625,0.38697771397903896,3.8697771397903896e-07,mle,-0.09006458931641115,0.4109968030999245,ok,True,True,extraction,
audusd,4804,2024-10-31,4292,4803,512,-0.7482493167111931,linear,52,0,52,52,0,52,0.1,0.1015625,0.1015625,0.38725443322207936,3.8725443322207935e-07,mle,-0.09006458931641115,0.4109968030999245,ok,True,True,extraction,
audusd,4805,2024-11-01,4293,4804,512,-0.7482493167111931,linear,52,0,52,52,0,52,0.1,0.1015625,0.1015625,0.38619904581851794,3.8619904581851793e-07,mle,-0.09006458931641115,0.4109968030999245,ok,True,True,extraction,
audusd,4806,2024-11-04,4294,4805,512,-0.7482493167111931,linear,52,0,52,52,0,52,0.1,0.1015625,0.1015625,0.38562321846740155,3.856232184674015e-07,mle,-0.09006458931641115,0.4109968030999245,ok,True,True,extraction,
audusd,4807,2024-11-05,4295,4806,512,-0.7482493167111931,linear,52,0,52,52,0,52,0.1,0.1015625,0.1015625,0.38209924408437357,3.8209924408437356e-07,mle,-0.09006458931641115,0.4109968030999245,ok,True,True,extraction,
audusd,4808,2024-11-06,4296,4807,512,-0.7404499814317131,linear,52,0,52,52,0,52,0.1,0.1015625,0.1015625,0.38103592118359203,3.81035921183592e-07,mle,-0.1079538924941883,0.42613358559076403,ok,True,True,extraction,
audusd,4809,2024-11-07,4297,4808,512,-0.7404499814317131,linear,52,0,52,52,0,52,0.1,0.1015625,0.1015625,0.37740302048820146,3.7740302048820144e-07,mle,-0.1079538924941883,0.42613358559076403,ok,True,True,extraction,
audusd,4810,2024-11-08,4298,4809,512,-0.7404499814317131,linear,52,0,52,52,0,52,0.1,0.1015625,0.1015625,0.37740302048820146,3.7740302048820144e-07,mle,-0.10855296359103911,0.42659863405684284,ok,True,True,extraction,
audusd,4811,2024-11-11,4299,4810,512,-0.7404499814317131,linear,52,0,52,52,0,52,0.1,0.1015625,0.1015625,0.37740302048820146,3.7740302048820144e-07,mle,-0.10855296359103911,0.42659863405684284,ok,True,True,extraction,
audusd,4812,2024-11-12,4300,4811,512,-0.7496063419338993,linear,52,0,52,52,0,52,0.1,0.1015625,0.1015625,0.38209924408437357,3.8209924408437356e-07,mle,-0.12453758056548413,0.4364875668374879,ok,True,True,extraction,
audusd,4813,2024-11-13,4301,4812,512,-0.7496063419338993,linear,52,0,52,52,0,52,0.1,0.1015625,0.1015625,0.38307707806798774,3.8307707806798774e-07,mle,-0.12453758056548413,0.4364875668374879,ok,True,True,extraction,
audusd,4814,2024-11-14,4302,4813,512,-0.7404499814317131,linear,52,0,52,52,0,52,0.1,0.1015625,0.1015625,0.38307707806798774,3.8307707806798774e-07,mle,-0.1406551966312973,0.45183924853163127,ok,True,True,extraction,
audusd,4815,2024-11-15,4303,4814,512,-0.7392623117413185,linear,52,0,52,52,0,52,0.1,0.1015625,0.1015625,0.38307707806798774,3.8307707806798774e-07,mle,-0.13214589681341932,0.4465365243916132,ok,True,True,extraction,
audusd,4816,2024-11-18,4304,4815,512,-0.7392623117413185,linear,52,0,52,52,0,52,0.1,0.1015625,0.1015625,0.3836810993290326,3.8368109932903256e-07,mle,-0.13214589681341932,0.4465365243916132,ok,True,True,extraction,
audusd,4817,2024-11-19,4305,4816,512,-0.7392623117413185,linear,52,0,52,52,0,52,0.1,0.1015625,0.1015625,0.38262820633075706,3.8262820633075703e-07,mle,-0.13214589681341932,0.4465365243916132,ok,True,True,extraction,
audusd,4818,2024-11-20,4306,4817,512,-0.7392623117413185,linear,52,0,52,52,0,52,0.1,0.1015625,0.1015625,0.3836810993290326,3.8368109932903256e-07,mle,-0.13214589681341932,0.4465365243916132,ok,True,True,extraction,
audusd,4819,2024-11-21,4307,4818,512,-0.7392623117413185,linear,52,0,52,52,0,52,0.1,0.1015625,0.1015625,0.3849929475629261,3.849929475629261e-07,mle,-0.13214589681341932,0.4465365243916132,ok,True,True,extraction,
audusd,4820,2024-11-22,4308,4819,512,-0.7351405855064728,linear,52,0,52,52,0,52,0.1,0.1015625,0.1015625,0.3849929475629261,3.849929475629261e-07,mle,-0.10160509986300417,0.42165676057511603,ok,True,True,extraction,
audusd,4821,2024-11-25,4309,4820,512,-0.7351405855064728,linear,52,0,52,52,0,52,0.1,0.1015625,0.1015625,0.3849929475629261,3.849929475629261e-07,mle,-0.10160509986300417,0.42165676057511603,ok,True,True,extraction,
audusd,4822,2024-11-26,4310,4821,512,-0.7351405855064728,linear,52,0,52,52,0,52,0.1,0.1015625,0.1015625,0.3849929475629261,3.849929475629261e-07,mle,-0.10160509986300417,0.42165676057511603,ok,True,True,extraction,
audusd,4823,2024-11-27,4311,4822,512,-0.7392623117413185,linear,52,0,52,52,0,52,0.1,0.1015625,0.1015625,0.3862764984777122,3.862764984777122e-07,mle,-0.12033230762245688,0.43343847215601106,ok,True,True,extraction,
audusd,4824,2024-11-28,4312,4823,512,-0.7392623117413185,linear,52,0,52,52,0,52,0.1,0.1015625,0.1015625,0.3862764984777122,3.862764984777122e-07,mle,-0.12033230762245688,0.43343847215601106,ok,True,True,extraction,
audusd,4825,2024-11-29,4313,4824,512,-0.7392623117413185,linear,52,0,52,52,0,52,0.1,0.1015625,0.1015625,0.3836810993290326,3.8368109932903256e-07,mle,-0.12033230762245688,0.43343847215601106,ok,True,True,extraction,
audusd,4826,2024-12-02,4314,4825,512,-0.7392623117413185,linear,52,0,52,52,0,52,0.1,0.1015625,0.1015625,0.38262820633075706,3.8262820633075703e-07,mle,-0.12033230762245688,0.43343847215601106,ok,True,True,extraction,
audusd,4827,2024-12-03,4315,4826,512,-0.7392623117413185,linear,52,0,52,52,0,52,0.1,0.1015625,0.1015625,0.3826258909818735,3.826258909818735e-07,mle,-0.12033230762245688,0.43343847215601106,ok,True,True,extraction,
audusd,4828,2024-12-04,4316,4827,512,-0.7351405855064728,linear,52,0,52,52,0,52,0.1,0.1015625,0.1015625,0.3826258909818735,3.826258909818735e-07,mle,-0.14322006123072695,0.4134021119416068,ok,True,True,extraction,
audusd,4829,2024-12-05,4317,4828,512,-0.7351405855064728,linear,52,0,52,52,0,52,0.1,0.1015625,0.1015625,0.38262820633075706,3.8262820633075703e-07,mle,-0.14322006123072695,0.4134021119416068,ok,True,True,extraction,
audusd,4830,2024-12-06,4318,4829,512,-0.7392623117413185,linear,52,0,52,52,0,52,0.1,0.1015625,0.1015625,0.383968248474579,3.8396824847457897e-07,mle,-0.13999769961845623,0.40927560576861094,ok,True,True,extraction,
audusd,4831,2024-12-09,4319,4830,512,-0.7392623117413185,linear,52,0,52,52,0,52,0.1,0.1015625,0.1015625,0.3836810993290326,3.8368109932903256e-07,mle,-0.13999769961845623,0.40927560576861094,ok,True,True,extraction,
audusd,4832,2024-12-10,4320,4831,512,-0.7404499814317131,linear,52,0,52,52,0,52,0.1,0.1015625,0.1015625,0.383968248474579,3.8396824847457897e-07,mle,-0.1400833850367647,0.40874726578420373,ok,True,True,extraction,
audusd,4833,2024-12-11,4321,4832,512,-0.7404499814317131,linear,52,0,52,52,0,52,0.1,0.1015625,0.1015625,0.3836810993290326,3.8368109932903256e-07,mle,-0.1400833850367647,0.40874726578420373,ok,True,True,extraction,
audusd,4834,2024-12-12,4322,4833,512,-0.7496063419338993,linear,52,0,52,52,0,52,0.1,0.1015625,0.1015625,0.383968248474579,3.8396824847457897e-07,mle,-0.13561783076352465,0.40169765061357265,ok,True,True,extraction,
audusd,4835,2024-12-13,4323,4834,512,-0.7496063419338993,linear,52,0,52,52,0,52,0.1,0.1015625,0.1015625,0.3826258909818735,3.826258909818735e-07,mle,-0.13561783076352465,0.40169765061357265,ok,True,True,extraction,
audusd,4836,2024-12-16,4324,4835,512,-0.7496063419338993,linear,52,0,52,52,0,52,0.1,0.1015625,0.1015625,0.3826258909818735,3.826258909818735e-07,mle,-0.13561783076352465,0.40169765061357265,ok,True,True,extraction,
audusd,4837,2024-12-17,4325,4836,512,-0.7496063419338993,linear,52,0,52,52,0,52,0.1,0.1015625,0.1015625,0.3826258909818735,3.826258909818735e-07,mle,-0.13561783076352465,0.40169765061357265,ok,True,True,extraction,
audusd,4838,2024-12-18,4326,4837,512,-0.7496063419338993,linear,52,0,52,52,0,52,0.1,0.1015625,0.1015625,0.3826258909818735,3.826258909818735e-07,mle,-0.13561783076352465,0.40169765061357265,ok,True,True,extraction,
audusd,4839,2024-12-19,4327,4838,512,-0.7496063419338993,linear,52,0,52,52,0,52,0.1,0.1015625,0.1015625,0.3826258909818735,3.826258909818735e-07,mle,-0.13561783076352465,0.40169765061357265,ok,True,True,extraction,
audusd,4840,2024-12-20,4328,4839,512,-0.7542548364341954,linear,52,0,52,52,0,52,0.1,0.1015625,0.1015625,0.3842035375092332,3.8420353750923317e-07,mle,-0.12384840470402636,0.4230387420089666,ok,True,True,extraction,
audusd,4841,2024-12-23,4329,4840,512,-0.7496063419338993,linear,52,0,52,52,0,52,0.1,0.1015625,0.1015625,0.38415062222172014,3.8415062222172013e-07,mle,-0.10818528328615853,0.4140579149303953,ok,True,True,extraction,
audusd,4842,2024-12-24,4330,4841,512,-0.7496063419338993,linear,52,0,52,52,0,52,0.1,0.1015625,0.1015625,0.3826258909818735,3.826258909818735e-07,mle,-0.10818528328615853,0.4140579149303953,ok,True,True,extraction,
audusd,4843,2024-12-25,4331,4842,512,-0.7404499814317131,linear,52,0,52,52,0,52,0.1,0.1015625,0.1015625,0.38110347509091036,3.8110347509091035e-07,mle,-0.10571851052380016,0.4160309670163721,ok,True,True,extraction,
audusd,4844,2024-12-26,4332,4843,512,-0.7404499814317131,linear,52,0,52,52,0,52,0.1,0.1015625,0.1015625,0.3784873447222352,3.784873447222352e-07,mle,-0.10571851052380016,0.4160309670163721,ok,True,True,extraction,
audusd,4845,2024-12-27,4333,4844,512,-0.7404499814317131,linear,52,0,52,52,0,52,0.1,0.1015625,0.1015625,0.3784873447222352,3.784873447222352e-07,mle,-0.10571851052380016,0.4160309670163721,ok,True,True,extraction,
audusd,4846,2024-12-30,4334,4845,512,-0.7404499814317131,linear,52,0,52,52,0,52,0.1,0.1015625,0.1015625,0.3784873447222352,3.784873447222352e-07,mle,-0.10571851052380016,0.4160309670163721,ok,True,True,extraction,
audusd,4847,2024-12-31,4335,4846,512,-0.7404499814317131,linear,52,0,52,52,0,52,0.1,0.1015625,0.1015625,0.3784873447222352,3.784873447222352e-07,mle,-0.10571851052380016,0.4160309670163721,ok,True,True,extraction,
audusd,4848,2025-01-02,4336,4847,512,-0.7404499814317131,linear,52,0,52,52,0,52,0.1,0.1015625,0.1015625,0.3766582239527968,3.7665822395279676e-07,mle,-0.10571851052380016,0.4160309670163721,ok,True,True,extraction,
audusd,4849,2025-01-03,4337,4848,512,-0.7404499814317131,linear,52,0,52,52,0,52,0.1,0.1015625,0.1015625,0.3764647373703696,3.764647373703696e-07,mle,-0.10571851052380016,0.4160309670163721,ok,True,True,extraction,
audusd,4850,2025-01-06,4338,4849,512,-0.7404499814317131,linear,52,0,52,52,0,52,0.1,0.1015625,0.1015625,0.37978725208088876,3.7978725208088876e-07,mle,-0.10571851052380016,0.4160309670163721,ok,True,True,extraction,
audusd,4851,2025-01-07,4339,4850,512,-0.7404499814317131,linear,52,0,52,52,0,52,0.1,0.1015625,0.1015625,0.37978725208088876,3.7978725208088876e-07,mle,-0.10571851052380016,0.4160309670163721,ok,True,True,extraction,
audusd,4852,2025-01-08,4340,4851,512,-0.7404499814317131,linear,52,0,52,52,0,52,0.1,0.1015625,0.1015625,0.37722403699972673,3.772240369997267e-07,mle,-0.10571851052380016,0.4160309670163721,ok,True,True,extraction,
audusd,4853,2025-01-09,4341,4852,512,-0.7404499814317131,linear,52,0,52,52,0,52,0.1,0.1015625,0.1015625,0.3753711527868345,3.7537115278683453e-07,mle,-0.10571851052380016,0.4160309670163721,ok,True,True,extraction,
audusd,4854,2025-01-10,4342,4853,512,-0.7404499814317131,linear,52,0,52,52,0,52,0.1,0.1015625,0.1015625,0.3737753481501461,3.7377534815014613e-07,mle,-0.10571851052380016,0.4160309670163721,ok,True,True,extraction,
audusd,4855,2025-01-13,4343,4854,512,-0.7404499814317131,linear,52,0,52,52,0,52,0.1,0.1015625,0.1015625,0.37179107653401416,3.7179107653401415e-07,mle,-0.10571851052380016,0.4160309670163721,ok,True,True,extraction,
audusd,4856,2025-01-14,4344,4855,512,-0.7404499814317131,linear,52,0,52,52,0,52,0.1,0.1015625,0.1015625,0.37326670771712284,3.7326670771712284e-07,mle,-0.10571851052380016,0.4160309670163721,ok,True,True,extraction,
audusd,4857,2025-01-15,4345,4856,512,-0.7404499814317131,linear,52,0,52,52,0,52,0.1,0.1015625,0.1015625,0.37326670771712284,3.7326670771712284e-07,mle,-0.10571851052380016,0.4160309670163721,ok,True,True,extraction,
audusd,4858,2025-01-16,4346,4857,512,-0.7404499814317131,linear,52,0,52,52,0,52,0.1,0.1015625,0.1015625,0.3703138417739743,3.703138417739743e-07,mle,-0.10571851052380016,0.4160309670163721,ok,True,True,extraction,
audusd,4859,2025-01-17,4347,4858,512,-0.7404499814317131,linear,52,0,52,52,0,52,0.1,0.1015625,0.1015625,0.37403310466124234,3.740331046612423e-07,mle,-0.10571851052380016,0.4160309670163721,ok,True,True,extraction,
audusd,4860,2025-01-20,4348,4859,512,-0.7404499814317131,linear,52,0,52,52,0,52,0.1,0.1015625,0.1015625,0.37403310466124234,3.740331046612423e-07,mle,-0.10571851052380016,0.4160309670163721,ok,True,True,extraction,
audusd,4861,2025-01-21,4349,4860,512,-0.7404499814317131,linear,52,0,52,52,0,52,0.1,0.1015625,0.1015625,0.37403310466124234,3.740331046612423e-07,mle,-0.10571851052380016,0.4160309670163721,ok,True,True,extraction,
audusd,4862,2025-01-22,4350,4861,512,-0.7404499814317131,linear,52,0,52,52,0,52,0.1,0.1015625,0.1015625,0.37403310466124234,3.740331046612423e-07,mle,-0.10571851052380016,0.4160309670163721,ok,True,True,extraction,
audusd,4863,2025-01-23,4351,4862,512,-0.7392623117413185,linear,52,0,52,52,0,52,0.1,0.1015625,0.1015625,0.37326670771712284,3.7326670771712284e-07,mle,-0.08932944683398349,0.406027872379179,ok,True,True,extraction,
audusd,4864,2025-01-24,4352,4863,512,-0.7351405855064728,linear,52,0,52,52,0,52,0.1,0.1015625,0.1015625,0.37179107653401416,3.7179107653401415e-07,mle,-0.11274800493659726,0.38780488613395836,ok,True,True,extraction,
audusd,4865,2025-01-27,4353,4864,512,-0.7351405855064728,linear,52,0,52,52,0,52,0.1,0.1015625,0.1015625,0.36905811152587387,3.6905811152587387e-07,mle,-0.11274800493659726,0.38780488613395836,ok,True,True,extraction,
audusd,4866,2025-01-28,4354,4865,512,-0.7351405855064728,linear,52,0,52,52,0,52,0.1,0.1015625,0.1015625,0.3673893520693651,3.673893520693651e-07,mle,-0.11274800493659726,0.38780488613395836,ok,True,True,extraction,
audusd,4867,2025-01-29,4355,4866,512,-0.7351405855064728,linear,52,0,52,52,0,52,0.1,0.1015625,0.1015625,0.3673893520693651,3.673893520693651e-07,mle,-0.11274800493659726,0.38780488613395836,ok,True,True,extraction,
audusd,4868,2025-01-30,4356,4867,512,-0.7351405855064728,linear,52,0,52,52,0,52,0.1,0.1015625,0.1015625,0.3654910297482633,3.654910297482633e-07,mle,-0.11274800493659726,0.38780488613395836,ok,True,True,extraction,
audusd,4869,2025-01-31,4357,4868,512,-0.7351405855064728,linear,52,0,52,52,0,52,0.1,0.1015625,0.1015625,0.36230701661539466,3.6230701661539463e-07,mle,-0.11274800493659726,0.38780488613395836,ok,True,True,extraction,
audusd,4870,2025-02-03,4358,4869,512,-0.7351405855064728,linear,52,0,52,52,0,52,0.1,0.1015625,0.1015625,0.3600350430598383,3.600350430598383e-07,mle,-0.11274800493659726,0.38780488613395836,ok,True,True,extraction,
audusd,4871,2025-02-04,4359,4870,512,-0.7392623117413185,linear,52,0,52,52,0,52,0.1,0.1015625,0.1015625,0.36311110021007054,3.631111002100705e-07,mle,-0.129835326256596,0.39780921084519866,ok,True,True,extraction,
audusd,4872,2025-02-05,4360,4871,512,-0.7351405855064728,linear,52,0,52,52,0,52,0.1,0.1015625,0.1015625,0.36311110021007054,3.631111002100705e-07,mle,-0.11202501758059866,0.3872310228592607,ok,True,True,extraction,
audusd,4873,2025-02-06,4361,4872,512,-0.7351405855064728,linear,52,0,52,52,0,52,0.1,0.1015625,0.1015625,0.3654910297482633,3.654910297482633e-07,mle,-0.11202501758059866,0.3872310228592607,ok,True,True,extraction,
audusd,4874,2025-02-07,4362,4873,512,-0.7351405855064728,linear,52,0,52,52,0,52,0.1,0.1015625,0.1015625,0.36990712904231754,3.699071290423175e-07,mle,-0.11202501758059866,0.3872310228592607,ok,True,True,extraction,
audusd,4875,2025-02-10,4363,4874,512,-0.7351405855064728,linear,52,0,52,52,0,52,0.1,0.1015625,0.1015625,0.36311110021007054,3.631111002100705e-07,mle,-0.11202501758059866,0.3872310228592607,ok,True,True,extraction,
audusd,4876,2025-02-11,4364,4875,512,-0.7351405855064728,linear,52,0,52,52,0,52,0.1,0.1015625,0.1015625,0.36311110021007054,3.631111002100705e-07,mle,-0.11202501758059866,0.3872310228592607,ok,True,True,extraction,
audusd,4877,2025-02-12,4365,4876,512,-0.7351405855064728,linear,52,0,52,52,0,52,0.1,0.1015625,0.1015625,0.36230701661539466,3.6230701661539463e-07,mle,-0.11202501758059866,0.3872310228592607,ok,True,True,extraction,
audusd,4878,2025-02-13,4366,4877,512,-0.7351405855064728,linear,52,0,52,52,0,52,0.1,0.1015625,0.1015625,0.3673893520693651,3.673893520693651e-07,mle,-0.11202501758059866,0.3872310228592607,ok,True,True,extraction,
audusd,4879,2025-02-14,4367,4878,512,-0.7311396089007277,linear,52,0,52,52,0,52,0.1,0.1015625,0.1015625,0.3657062177834512,3.6570621778345116e-07,mle,-0.09569786551809924,0.37828995278698174,ok,True,True,extraction,
audusd,4880,2025-02-17,4368,4879,512,-0.7311396089007277,linear,52,0,52,52,0,52,0.1,0.1015625,0.1015625,0.3673893520693651,3.673893520693651e-07,mle,-0.09569786551809924,0.37828995278698174,ok,True,True,extraction,
audusd,4881,2025-02-18,4369,4880,512,-0.7311396089007277,linear,52,0,52,52,0,52,0.1,0.1015625,0.1015625,0.37072569032107044,3.7072569032107045e-07,mle,-0.09569786551809924,0.37828995278698174,ok,True,True,extraction,
audusd,4882,2025-02-19,4370,4881,512,-0.7311396089007277,linear,52,0,52,52,0,52,0.1,0.1015625,0.1015625,0.3673893520693651,3.673893520693651e-07,mle,-0.09569786551809924,0.37828995278698174,ok,True,True,extraction,
audusd,4883,2025-02-20,4371,4882,512,-0.7311396089007277,linear,52,0,52,52,0,52,0.1,0.1015625,0.1015625,0.3657062177834512,3.6570621778345116e-07,mle,-0.09569786551809924,0.37828995278698174,ok,True,True,extraction,
audusd,4884,2025-02-21,4372,4883,512,-0.7311396089007277,linear,52,0,52,52,0,52,0.1,0.1015625,0.1015625,0.36230701661539466,3.6230701661539463e-07,mle,-0.09569786551809924,0.37828995278698174,ok,True,True,extraction,
audusd,4885,2025-02-24,4373,4884,512,-0.7311396089007277,linear,52,0,52,52,0,52,0.1,0.1015625,0.1015625,0.3673893520693651,3.673893520693651e-07,mle,-0.09569786551809924,0.37828995278698174,ok,True,True,extraction,
audusd,4886,2025-02-25,4374,4885,512,-0.7280685095015231,linear,52,0,52,52,0,52,0.1,0.1015625,0.1015625,0.3673893520693651,3.673893520693651e-07,mle,-0.1269545571929313,0.3617746764043217,ok,True,True,extraction,
audusd,4887,2025-02-26,4375,4886,512,-0.7280685095015231,linear,52,0,52,52,0,52,0.1,0.1015625,0.1015625,0.3687689129168098,3.687689129168098e-07,mle,-0.1269545571929313,0.3617746764043217,ok,True,True,extraction,
audusd,4888,2025-02-27,4376,4887,512,-0.7280685095015231,linear,52,0,52,52,0,52,0.1,0.1015625,0.1015625,0.36905811152587387,3.6905811152587387e-07,mle,-0.1269545571929313,0.3617746764043217,ok,True,True,extraction,
audusd,4889,2025-02-28,4377,4888,512,-0.7280685095015231,linear,52,0,52,52,0,52,0.1,0.1015625,0.1015625,0.3687689129168098,3.687689129168098e-07,mle,-0.1269545571929313,0.3617746764043217,ok,True,True,extraction,
audusd,4890,2025-03-03,4378,4889,512,-0.7311396089007277,linear,52,0,52,52,0,52,0.1,0.1015625,0.1015625,0.365570883263563,3.65570883263563e-07,mle,-0.14922948650200485,0.37661724736535257,ok,True,True,extraction,
audusd,4891,2025-03-04,4379,4890,512,-0.7311396089007277,linear,52,0,52,52,0,52,0.1,0.1015625,0.1015625,0.36261801732041454,3.626180173204145e-07,mle,-0.14922948650200485,0.37661724736535257,ok,True,True,extraction,
audusd,4892,2025-03-05,4380,4891,512,-0.7280685095015231,linear,52,0,52,52,0,52,0.1,0.1015625,0.1015625,0.3602143281315121,3.602143281315121e-07,mle,-0.13512344410036825,0.36849750160339123,ok,True,True,extraction,
audusd,4893,2025-03-06,4381,4892,512,-0.7280685095015231,linear,52,0,52,52,0,52,0.1,0.1015625,0.1015625,0.3602143281315121,3.602143281315121e-07,mle,-0.13512344410036825,0.36849750160339123,ok,True,True,extraction,
audusd,4894,2025-03-07,4382,4893,512,-0.7280685095015231,linear,52,0,52,52,0,52,0.1,0.1015625,0.1015625,0.3602143281315121,3.602143281315121e-07,mle,-0.13512344410036825,0.36849750160339123,ok,True,True,extraction,
audusd,4895,2025-03-10,4383,4894,512,-0.7280685095015231,linear,52,0,52,52,0,52,0.1,0.1015625,0.1015625,0.3602212701847261,3.602212701847261e-07,mle,-0.13512344410036825,0.36849750160339123,ok,True,True,extraction,
audusd,4896,2025-03-11,4384,4895,512,-0.7280685095015231,linear,52,0,52,52,0,52,0.1,0.1015625,0.1015625,0.3602212701847261,3.602212701847261e-07,mle,-0.13512344410036825,0.36849750160339123,ok,True,True,extraction,
audusd,4897,2025-03-12,4385,4896,512,-0.7280685095015231,linear,52,0,52,52,0,52,0.1,0.1015625,0.1015625,0.36161135182002174,3.6161135182002175e-07,mle,-0.13512344410036825,0.36849750160339123,ok,True,True,extraction,
audusd,4898,2025-03-13,4386,4897,512,-0.7280685095015231,linear,52,0,52,52,0,52,0.1,0.1015625,0.1015625,0.36073371732862036,3.6073371732862037e-07,mle,-0.13512344410036825,0.36849750160339123,ok,True,True,extraction,
audusd,4899,2025-03-14,4387,4898,512,-0.7280685095015231,linear,52,0,52,52,0,52,0.1,0.1015625,0.1015625,0.36261801732041454,3.626180173204145e-07,mle,-0.13512344410036825,0.36849750160339123,ok,True,True,extraction,
audusd,4900,2025-03-17,4388,4899,512,-0.7280685095015231,linear,52,0,52,52,0,52,0.1,0.1015625,0.1015625,0.36382537337227905,3.63825373372279e-07,mle,-0.13512344410036825,0.36849750160339123,ok,True,True,extraction,
audusd,4901,2025-03-18,4389,4900,512,-0.7280685095015231,linear,52,0,52,52,0,52,0.1,0.1015625,0.1015625,0.36382537337227905,3.63825373372279e-07,mle,-0.13512344410036825,0.36849750160339123,ok,True,True,extraction,
audusd,4902,2025-03-19,4390,4901,512,-0.7280685095015231,linear,52,0,52,52,0,52,0.1,0.1015625,0.1015625,0.36693361751328724,3.669336175132872e-07,mle,-0.13512344410036825,0.36849750160339123,ok,True,True,extraction,
audusd,4903,2025-03-20,4391,4902,512,-0.7280685095015231,linear,52,0,52,52,0,52,0.1,0.1015625,0.1015625,0.36382537337227905,3.63825373372279e-07,mle,-0.13512344410036825,0.36849750160339123,ok,True,True,extraction,
audusd,4904,2025-03-21,4392,4903,512,-0.7257022564206252,linear,52,0,52,52,0,52,0.1,0.1015625,0.1015625,0.36041615414982636,3.6041615414982633e-07,mle,-0.13044103960239034,0.36673165547294945,ok,True,True,extraction,
audusd,4905,2025-03-24,4393,4904,512,-0.7280685095015231,linear,52,0,52,52,0,52,0.1,0.1015625,0.1015625,0.36073371732862036,3.6073371732862037e-07,mle,-0.1404809822861885,0.37195712285348886,ok,True,True,extraction,
audusd,4906,2025-03-25,4394,4905,512,-0.7280685095015231,linear,52,0,52,52,0,52,0.1,0.1015625,0.1015625,0.3602212701847261,3.602212701847261e-07,mle,-0.1404809822861885,0.37195712285348886,ok,True,True,extraction,
audusd,4907,2025-03-26,4395,4906,512,-0.7280685095015231,linear,52,0,52,52,0,52,0.1,0.1015625,0.1015625,0.3595123746148216,3.5951237461482157e-07,mle,-0.1404809822861885,0.37195712285348886,ok,True,True,extraction,
audusd,4908,2025-03-27,4396,4907,512,-0.7280685095015231,linear,52,0,52,52,0,52,0.1,0.1015625,0.1015625,0.3569433870161796,3.569433870161796e-07,mle,-0.1404809822861885,0.37195712285348886,ok,True,True,extraction,
audusd,4909,2025-03-28,4397,4908,512,-0.7280685095015231,linear,52,0,52,52,0,52,0.1,0.1015625,0.1015625,0.3569433870161796,3.569433870161796e-07,mle,-0.1404809822861885,0.37195712285348886,ok,True,True,extraction,
audusd,4910,2025-03-31,4398,4909,512,-0.7280685095015231,linear,52,0,52,52,0,52,0.1,0.1015625,0.1015625,0.3548647150526752,3.5486471505267517e-07,mle,-0.1404809822861885,0.37195712285348886,ok,True,True,extraction,
audusd,4911,2025-04-01,4399,4910,512,-0.7280685095015231,linear,52,0,52,52,0,52,0.1,0.1015625,0.1015625,0.3562344914462751,3.562344914462751e-07,mle,-0.1404809822861885,0.37195712285348886,ok,True,True,extraction,
audusd,4912,2025-04-02,4400,4911,512,-0.7280685095015231,linear,52,0,52,52,0,52,0.1,0.1015625,0.1015625,0.3589282656900918,3.589282656900918e-07,mle,-0.1404809822861885,0.37195712285348886,ok,True,True,extraction,
audusd,4913,2025-04-03,4401,4912,512,-0.7280685095015231,linear,52,0,52,52,0,52,0.1,0.1015625,0.1015625,0.3589282656900918,3.589282656900918e-07,mle,-0.1404809822861885,0.37195712285348886,ok,True,True,extraction,
audusd,4914,2025-04-04,4402,4913,512,-0.7257022564206252,linear,52,0,52,52,0,52,0.1,0.1015625,0.1015625,0.3589282656900918,3.589282656900918e-07,mle,-0.11859111931610442,0.3582988490830253,ok,True,True,extraction,
audusd,4915,2025-04-07,4403,4914,512,-0.7257022564206252,linear,52,0,52,52,0,52,0.1,0.1015625,0.1015625,0.3569433870161796,3.569433870161796e-07,mle,-0.11859111931610442,0.3582988490830253,ok,True,True,extraction,
audusd,4916,2025-04-08,4404,4915,512,-0.7280685095015231,linear,52,0,52,52,0,52,0.1,0.1015625,0.1015625,0.3595123746148216,3.5951237461482157e-07,mle,0.22674043072171135,0.30745701966706573,ok,True,True,extraction,
audusd,4917,2025-04-09,4405,4916,512,-0.7280685095015231,linear,52,0,52,52,0,52,0.1,0.1015625,0.1015625,0.3562344914462751,3.562344914462751e-07,mle,0.22674043072171135,0.30745701966706573,ok,True,True,extraction,
audusd,4918,2025-04-10,4406,4917,512,-0.7280685095015231,linear,52,0,52,52,0,52,0.1,0.1015625,0.1015625,0.3589282656900918,3.589282656900918e-07,mle,0.22674043072171135,0.30745701966706573,ok,True,True,extraction,
audusd,4919,2025-04-11,4407,4918,512,-0.7257022564206252,linear,52,0,52,52,0,52,0.1,0.1015625,0.1015625,0.3562344914462751,3.562344914462751e-07,mle,0.22291809617935282,0.31067668464415465,ok,True,True,extraction,
audusd,4920,2025-04-14,4408,4919,512,-0.7257022564206252,linear,52,0,52,52,0,52,0.1,0.1015625,0.1015625,0.3569433870161796,3.569433870161796e-07,mle,0.22291809617935282,0.31067668464415465,ok,True,True,extraction,
audusd,4921,2025-04-15,4409,4920,512,-0.7205913189452955,linear,52,0,52,52,0,52,0.1,0.1015625,0.1015625,0.35703031499864346,3.5703031499864347e-07,mle,0.23252814484124298,0.3066270391478353,ok,True,True,extraction,
audusd,4922,2025-04-16,4410,4921,512,-0.7205913189452955,linear,52,0,52,52,0,52,0.1,0.1015625,0.1015625,0.35488822041519885,3.5488822041519885e-07,mle,0.23252814484124298,0.3066270391478353,ok,True,True,extraction,
audusd,4923,2025-04-17,4411,4922,512,-0.7205913189452955,linear,52,0,52,52,0,52,0.1,0.1015625,0.1015625,0.35488822041519885,3.5488822041519885e-07,mle,0.23252814484124298,0.3066270391478353,ok,True,True,extraction,
audusd,4924,2025-04-22,4412,4923,512,-0.7205913189452955,linear,52,0,52,52,0,52,0.1,0.1015625,0.1015625,0.3580040362725428,3.580040362725428e-07,mle,0.23252814484124298,0.3066270391478353,ok,True,True,extraction,
audusd,4925,2025-04-23,4413,4924,512,-0.7205913189452955,linear,52,0,52,52,0,52,0.1,0.1015625,0.1015625,0.3616393153256781,3.616393153256781e-07,mle,0.23252814484124298,0.3066270391478353,ok,True,True,extraction,
audusd,4926,2025-04-24,4414,4925,512,-0.7206671416692494,linear,52,0,52,52,0,52,0.1,0.1015625,0.1015625,0.3599270870772019,3.5992708707720185e-07,mle,0.23279539867946616,0.30649643528022,ok,True,True,extraction,
audusd,4927,2025-04-25,4415,4926,512,-0.7206671416692494,linear,52,0,52,52,0,52,0.1,0.1015625,0.1015625,0.3573102860044344,3.5731028600443437e-07,mle,0.23279539867946616,0.30649643528022,ok,True,True,extraction,
audusd,4928,2025-04-28,4416,4927,512,-0.7206671416692494,linear,52,0,52,52,0,52,0.1,0.1015625,0.1015625,0.3573102860044344,3.5731028600443437e-07,mle,0.23279539867946616,0.30649643528022,ok,True,True,extraction,
audusd,4929,2025-04-29,4417,4928,512,-0.7206671416692494,linear,52,0,52,52,0,52,0.1,0.1015625,0.1015625,0.3548647150526752,3.5486471505267517e-07,mle,0.23279539867946616,0.30649643528022,ok,True,True,extraction,
audusd,4930,2025-04-30,4418,4929,512,-0.7206671416692494,linear,52,0,52,52,0,52,0.1,0.1015625,0.1015625,0.3548647150526752,3.5486471505267517e-07,mle,0.23279539867946616,0.30649643528022,ok,True,True,extraction,
audusd,4931,2025-05-01,4419,4930,512,-0.7206671416692494,linear,52,0,52,52,0,52,0.1,0.1015625,0.1015625,0.35703031499864346,3.5703031499864347e-07,mle,0.23279539867946616,0.30649643528022,ok,True,True,extraction,
audusd,4932,2025-05-02,4420,4931,512,-0.7206671416692494,linear,52,0,52,52,0,52,0.1,0.1015625,0.1015625,0.3591089869621479,3.5910898696214787e-07,mle,0.23279539867946616,0.30649643528022,ok,True,True,extraction,
audusd,4933,2025-05-05,4421,4932,512,-0.7154611265217606,linear,52,0,52,52,0,52,0.1,0.1015625,0.1015625,0.3591089869621479,3.5910898696214787e-07,mle,0.24803904349596897,0.2969810486645392,ok,True,True,extraction,
audusd,4934,2025-05-06,4422,4933,512,-0.7147681890972326,linear,52,0,52,52,0,52,0.1,0.1015625,0.1015625,0.3599270870772019,3.5992708707720185e-07,mle,0.2559176446401862,0.2934822558561968,ok,True,True,extraction,
audusd,4935,2025-05-07,4423,4934,512,-0.7147681890972326,linear,52,0,52,52,0,52,0.1,0.1015625,0.1015625,0.3573102860044344,3.5731028600443437e-07,mle,0.2559176446401862,0.2934822558561968,ok,True,True,extraction,
audusd,4936,2025-05-08,4424,4935,512,-0.7147681890972326,linear,52,0,52,52,0,52,0.1,0.1015625,0.1015625,0.3580040362725428,3.580040362725428e-07,mle,0.2559176446401862,0.2934822558561968,ok,True,True,extraction,
audusd,4937,2025-05-09,4425,4936,512,-0.7154611265217606,linear,52,0,52,52,0,52,0.1,0.1015625,0.1015625,0.3616393153256781,3.616393153256781e-07,mle,0.23032523608264838,0.3087281467574673,ok,True,True,extraction,
audusd,4938,2025-05-12,4426,4937,512,-0.7154611265217606,linear,52,0,52,52,0,52,0.1,0.1015625,0.1015625,0.3616393153256781,3.616393153256781e-07,mle,0.23032523608264838,0.3087281467574673,ok,True,True,extraction,
audusd,4939,2025-05-13,4427,4938,512,-0.7154611265217606,linear,52,0,52,52,0,52,0.1,0.1015625,0.1015625,0.3616393153256781,3.616393153256781e-07,mle,0.23032523608264838,0.3087281467574673,ok,True,True,extraction,
audusd,4940,2025-05-14,4428,4939,512,-0.7206671416692494,linear,52,0,52,52,0,52,0.1,0.1015625,0.1015625,0.3647725509965976,3.647725509965976e-07,mle,0.2370794511223927,0.3026736537233285,ok,True,True,extraction,
audusd,4941,2025-05-15,4429,4940,512,-0.7206671416692494,linear,52,0,52,52,0,52,0.1,0.1015625,0.1015625,0.3658972958724856,3.658972958724856e-07,mle,0.2370794511223927,0.3026736537233285,ok,True,True,extraction,
audusd,4942,2025-05-16,4430,4941,512,-0.7154611265217606,linear,52,0,52,52,0,52,0.1,0.1015625,0.1015625,0.3658972958724856,3.658972958724856e-07,mle,0.24880929941994712,0.29745780174517233,ok,True,True,extraction,
audusd,4943,2025-05-19,4431,4942,512,-0.7154505936128169,linear,52,0,52,52,0,52,0.1,0.1015625,0.1015625,0.3658972958724856,3.658972958724856e-07,mle,0.24877264351921535,0.2974968818690311,ok,True,True,extraction,
audusd,4944,2025-05-20,4432,4943,512,-0.7154505936128169,linear,52,0,52,52,0,52,0.1,0.1015625,0.1015625,0.3626953129245733,3.626953129245733e-07,mle,0.24877264351921535,0.2974968818690311,ok,True,True,extraction,
audusd,4945,2025-05-21,4433,4944,512,-0.7154505936128169,linear,52,0,52,52,0,52,0.1,0.1015625,0.1015625,0.3658972958724856,3.658972958724856e-07,mle,0.24877264351921535,0.2974968818690311,ok,True,True,extraction,
audusd,4946,2025-05-22,4434,4945,512,-0.7154505936128169,linear,52,0,52,52,0,52,0.1,0.1015625,0.1015625,0.3679745339445099,3.679745339445099e-07,mle,0.24877264351921535,0.2974968818690311,ok,True,True,extraction,
audusd,4947,2025-05-23,4435,4946,512,-0.7154505936128169,linear,52,0,52,52,0,52,0.1,0.1015625,0.1015625,0.3679745339445099,3.679745339445099e-07,mle,0.24877264351921535,0.2974968818690311,ok,True,True,extraction,
audusd,4948,2025-05-26,4436,4947,512,-0.7154505936128169,linear,52,0,52,52,0,52,0.1,0.1015625,0.1015625,0.3679745339445099,3.679745339445099e-07,mle,0.24877264351921535,0.2974968818690311,ok,True,True,extraction,
audusd,4949,2025-05-27,4437,4948,512,-0.7154505936128169,linear,52,0,52,52,0,52,0.1,0.1015625,0.1015625,0.37072569032107044,3.7072569032107045e-07,mle,0.24877264351921535,0.2974968818690311,ok,True,True,extraction,
audusd,4950,2025-05-28,4438,4949,512,-0.7154505936128169,linear,52,0,52,52,0,52,0.1,0.1015625,0.1015625,0.36905811152587387,3.6905811152587387e-07,mle,0.24877264351921535,0.2974968818690311,ok,True,True,extraction,
audusd,4951,2025-05-29,4439,4950,512,-0.7154505936128169,linear,52,0,52,52,0,52,0.1,0.1015625,0.1015625,0.36271242582983976,3.627124258298397e-07,mle,0.24877264351921535,0.2974968818690311,ok,True,True,extraction,
audusd,4952,2025-05-30,4440,4951,512,-0.7154505936128169,linear,52,0,52,52,0,52,0.1,0.1015625,0.1015625,0.36271242582983976,3.627124258298397e-07,mle,0.24877264351921535,0.2974968818690311,ok,True,True,extraction,
audusd,4953,2025-06-02,4441,4952,512,-0.7154505936128169,linear,52,0,52,52,0,52,0.1,0.1015625,0.1015625,0.36243069543447115,3.6243069543447113e-07,mle,0.24877264351921535,0.2974968818690311,ok,True,True,extraction,
audusd,4954,2025-06-03,4442,4953,512,-0.7154505936128169,linear,52,0,52,52,0,52,0.1,0.1015625,0.1015625,0.35923266578122437,3.5923266578122436e-07,mle,0.24877264351921535,0.2974968818690311,ok,True,True,extraction,
audusd,4955,2025-06-04,4443,4954,512,-0.7154505936128169,linear,52,0,52,52,0,52,0.1,0.1015625,0.1015625,0.3600507658962784,3.6005076589627835e-07,mle,0.24877264351921535,0.2974968818690311,ok,True,True,extraction,
audusd,4956,2025-06-05,4444,4955,512,-0.7154505936128169,linear,52,0,52,52,0,52,0.1,0.1015625,0.1015625,0.3615948650413495,3.615948650413495e-07,mle,0.24877264351921535,0.2974968818690311,ok,True,True,extraction,
audusd,4957,2025-06-06,4445,4956,512,-0.7154505936128169,linear,52,0,52,52,0,52,0.1,0.1015625,0.1015625,0.3615948650413495,3.615948650413495e-07,mle,0.24877264351921535,0.2974968818690311,ok,True,True,extraction,
audusd,4958,2025-06-09,4446,4957,512,-0.7154505936128169,linear,52,0,52,52,0,52,0.1,0.1015625,0.1015625,0.3591911758524472,3.591911758524472e-07,mle,0.24877264351921535,0.2974968818690311,ok,True,True,extraction,
audusd,4959,2025-06-10,4447,4958,512,-0.7154505936128169,linear,52,0,52,52,0,52,0.1,0.1015625,0.1015625,0.3591911758524472,3.591911758524472e-07,mle,0.24877264351921535,0.2974968818690311,ok,True,True,extraction,
audusd,4960,2025-06-11,4448,4959,512,-0.7154505936128169,linear,52,0,52,52,0,52,0.1,0.1015625,0.1015625,0.3600507658962784,3.6005076589627835e-07,mle,0.24877264351921535,0.2974968818690311,ok,True,True,extraction,
audusd,4961,2025-06-12,4449,4960,512,-0.7140264102219929,linear,52,0,52,52,0,52,0.1,0.1015625,0.1015625,0.3599270870772019,3.5992708707720185e-07,mle,0.2658103239465671,0.2893962085886311,ok,True,True,extraction,
audusd,4962,2025-06-13,4450,4961,512,-0.7140264102219929,linear,52,0,52,52,0,52,0.1,0.1015625,0.1015625,0.35912470979858796,3.5912470979858794e-07,mle,0.2658103239465671,0.2893962085886311,ok,True,True,extraction,
audusd,4963,2025-06-16,4451,4962,512,-0.7140264102219929,linear,52,0,52,52,0,52,0.1,0.1015625,0.1015625,0.3573102860044344,3.5731028600443437e-07,mle,0.2658103239465671,0.2893962085886311,ok,True,True,extraction,
audusd,4964,2025-06-17,4452,4963,512,-0.7066537336170874,linear,52,0,52,52,0,52,0.1,0.1015625,0.1015625,0.3573102860044344,3.5731028600443437e-07,mle,0.2760613041108596,0.28407223214115906,ok,True,True,extraction,
audusd,4965,2025-06-18,4453,4964,512,-0.7066537336170874,linear,52,0,52,52,0,52,0.1,0.1015625,0.1015625,0.3580040362725428,3.580040362725428e-07,mle,0.2760613041108596,0.28407223214115906,ok,True,True,extraction,
audusd,4966,2025-06-19,4454,4965,512,-0.7066537336170874,linear,52,0,52,52,0,52,0.1,0.1015625,0.1015625,0.3599270870772019,3.5992708707720185e-07,mle,0.2760613041108596,0.28407223214115906,ok,True,True,extraction,
audusd,4967,2025-06-20,4455,4966,512,-0.692359847251968,linear,52,0,52,52,0,52,0.1,0.1015625,0.1015625,0.3616393153256781,3.616393153256781e-07,mle,0.26514528306346496,0.29103547750520065,ok,True,True,extraction,
audusd,4968,2025-06-23,4456,4967,512,-0.692359847251968,linear,52,0,52,52,0,52,0.1,0.1015625,0.1015625,0.3599270870772019,3.5992708707720185e-07,mle,0.26514528306346496,0.29103547750520065,ok,True,True,extraction,
audusd,4969,2025-06-24,4457,4968,512,-0.692359847251968,linear,52,0,52,52,0,52,0.1,0.1015625,0.1015625,0.35912470979858796,3.5912470979858794e-07,mle,0.26514528306346496,0.29103547750520065,ok,True,True,extraction,
audusd,4970,2025-06-25,4458,4969,512,-0.692359847251968,linear,52,0,52,52,0,52,0.1,0.1015625,0.1015625,0.3600507658962784,3.6005076589627835e-07,mle,0.26514528306346496,0.29103547750520065,ok,True,True,extraction,
audusd,4971,2025-06-26,4459,4970,512,-0.692359847251968,linear,52,0,52,52,0,52,0.1,0.1015625,0.1015625,0.3600507658962784,3.6005076589627835e-07,mle,0.26514528306346496,0.29103547750520065,ok,True,True,extraction,
audusd,4972,2025-06-27,4460,4971,512,-0.692359847251968,linear,52,0,52,52,0,52,0.1,0.1015625,0.1015625,0.36232273945183474,3.623227394518347e-07,mle,0.26514528306346496,0.29103547750520065,ok,True,True,extraction,
audusd,4973,2025-06-30,4461,4972,512,-0.692359847251968,linear,52,0,52,52,0,52,0.1,0.1015625,0.1015625,0.3616393153256781,3.616393153256781e-07,mle,0.26514528306346496,0.29103547750520065,ok,True,True,extraction,
audusd,4974,2025-07-01,4462,4973,512,-0.692359847251968,linear,52,0,52,52,0,52,0.1,0.1015625,0.1015625,0.3573102860044344,3.5731028600443437e-07,mle,0.26514528306346496,0.29103547750520065,ok,True,True,extraction,
audusd,4975,2025-07-02,4463,4974,512,-0.692359847251968,linear,52,0,52,52,0,52,0.1,0.1015625,0.1015625,0.3616393153256781,3.616393153256781e-07,mle,0.26514528306346496,0.29103547750520065,ok,True,True,extraction,
audusd,4976,2025-07-03,4464,4975,512,-0.692359847251968,linear,52,0,52,52,0,52,0.1,0.1015625,0.1015625,0.3616393153256781,3.616393153256781e-07,mle,0.26514528306346496,0.29103547750520065,ok,True,True,extraction,
audusd,4977,2025-07-04,4465,4976,512,-0.692359847251968,linear,52,0,52,52,0,52,0.1,0.1015625,0.1015625,0.3573102860044344,3.5731028600443437e-07,mle,0.26514528306346496,0.29103547750520065,ok,True,True,extraction,
audusd,4978,2025-07-07,4466,4977,512,-0.692359847251968,linear,52,0,52,52,0,52,0.1,0.1015625,0.1015625,0.3548647150526752,3.5486471505267517e-07,mle,0.26514528306346496,0.29103547750520065,ok,True,True,extraction,
audusd,4979,2025-07-08,4467,4978,512,-0.6882516161909117,linear,52,0,52,52,0,52,0.1,0.1015625,0.1015625,0.3548647150526752,3.5486471505267517e-07,mle,0.2601320407605882,0.2953777481766014,ok,True,True,extraction,
audusd,4980,2025-07-09,4468,4979,512,-0.692359847251968,linear,52,0,52,52,0,52,0.1,0.1015625,0.1015625,0.3548647150526752,3.5486471505267517e-07,mle,0.2709411973378788,0.2883994565491279,ok,True,True,extraction,
audusd,4981,2025-07-10,4469,4980,512,-0.692359847251968,linear,52,0,52,52,0,52,0.1,0.1015625,0.1015625,0.3548647150526752,3.5486471505267517e-07,mle,0.2709411973378788,0.2883994565491279,ok,True,True,extraction,
audusd,4982,2025-07-11,4470,4981,512,-0.692359847251968,linear,52,0,52,52,0,52,0.1,0.1015625,0.1015625,0.35233627585385163,3.523362758538516e-07,mle,0.2709411973378788,0.2883994565491279,ok,True,True,extraction,
audusd,4983,2025-07-14,4471,4982,512,-0.692359847251968,linear,52,0,52,52,0,52,0.1,0.1015625,0.1015625,0.35488822041519885,3.5488822041519885e-07,mle,0.2709411973378788,0.2883994565491279,ok,True,True,extraction,
audusd,4984,2025-07-15,4472,4983,512,-0.6882516161909117,linear,52,0,52,52,0,52,0.1,0.1015625,0.1015625,0.35233627585385163,3.523362758538516e-07,mle,0.2699638736216467,0.2907412460382208,ok,True,True,extraction,
audusd,4985,2025-07-16,4473,4984,512,-0.6882516161909117,linear,52,0,52,52,0,52,0.1,0.1015625,0.1015625,0.3548647150526752,3.5486471505267517e-07,mle,0.2699638736216467,0.2907412460382208,ok,True,True,extraction,
audusd,4986,2025-07-17,4474,4985,512,-0.6882516161909117,linear,52,0,52,52,0,52,0.1,0.1015625,0.1015625,0.3568354310335432,3.568354310335432e-07,mle,0.2699638736216467,0.2907412460382208,ok,True,True,extraction,
audusd,4987,2025-07-18,4475,4986,512,-0.6882516161909117,linear,52,0,52,52,0,52,0.1,0.1015625,0.1015625,0.35449147508965617,3.5449147508965616e-07,mle,0.2699638736216467,0.2907412460382208,ok,True,True,extraction,
audusd,4988,2025-07-21,4476,4987,512,-0.6784592285891791,linear,52,0,52,52,0,52,0.1,0.1015625,0.1015625,0.35449147508965617,3.5449147508965616e-07,mle,0.24650689371336998,0.3067021594951568,ok,True,True,extraction,
audusd,4989,2025-07-22,4477,4988,512,-0.6706552238023974,linear,52,0,52,52,0,52,0.1,0.1015625,0.1015625,0.3516666853994284,3.516666853994284e-07,mle,0.2367759440172031,0.3153998877222952,ok,True,True,extraction,
audusd,4990,2025-07-23,4478,4989,512,-0.6706552238023974,linear,52,0,52,52,0,52,0.1,0.1015625,0.1015625,0.3512934454364094,3.512934454364094e-07,mle,0.2367759440172031,0.3153998877222952,ok,True,True,extraction,
audusd,4991,2025-07-24,4479,4990,512,-0.6643629309430422,linear,52,0,52,52,0,52,0.1,0.1015625,0.1015625,0.3509260289161613,3.509260289161613e-07,mle,0.24787548306920798,0.30307377626438,ok,True,True,extraction,
audusd,4992,2025-07-25,4480,4991,512,-0.6598693818546084,linear,52,0,52,52,0,52,0.1,0.1015625,0.1015625,0.35214882127159014,3.521488212715901e-07,mle,0.2653611634222122,0.29326105138243763,ok,True,True,extraction,
audusd,4993,2025-07-28,4481,4992,512,-0.6598693818546084,linear,52,0,52,52,0,52,0.1,0.1015625,0.1015625,0.3509260289161613,3.509260289161613e-07,mle,0.2653611634222122,0.29326105138243763,ok,True,True,extraction,
audusd,4994,2025-07-29,4482,4993,512,-0.6598693818546084,linear,52,0,52,52,0,52,0.1,0.1015625,0.1015625,0.3516666853994284,3.516666853994284e-07,mle,0.2653611634222122,0.29326105138243763,ok,True,True,extraction,
audusd,4995,2025-07-30,4483,4994,512,-0.6643629309430422,linear,52,0,52,52,0,52,0.1,0.1015625,0.1015625,0.35233627585385163,3.523362758538516e-07,mle,0.26723020195121877,0.2902591466605325,ok,True,True,extraction,
audusd,4996,2025-07-31,4484,4995,512,-0.6643629309430422,linear,52,0,52,52,0,52,0.1,0.1015625,0.1015625,0.3516666853994284,3.516666853994284e-07,mle,0.26723020195121877,0.2902591466605325,ok,True,True,extraction,
audusd,4997,2025-08-01,4485,4996,512,-0.6706552238023974,linear,52,0,52,52,0,52,0.1,0.1015625,0.1015625,0.35449147508965617,3.5449147508965616e-07,mle,0.25684848488090734,0.2945103399314975,ok,True,True,extraction,
audusd,4998,2025-08-04,4486,4997,512,-0.6706552238023974,linear,52,0,52,52,0,52,0.1,0.1015625,0.1015625,0.35404027396285687,3.5404027396285686e-07,mle,0.25684848488090734,0.2945103399314975,ok,True,True,extraction,
audusd,4999,2025-08-05,4487,4998,512,-0.6706552238023974,linear,52,0,52,52,0,52,0.1,0.1015625,0.1015625,0.35233627585385163,3.523362758538516e-07,mle,0.25684848488090734,0.2945103399314975,ok,True,True,extraction,
audusd,5000,2025-08-06,4488,4999,512,-0.6706552238023974,linear,52,0,52,52,0,52,0.1,0.1015625,0.1015625,0.3550322466914687,3.550322466914687e-07,mle,0.25684848488090734,0.2945103399314975,ok,True,True,extraction,
audusd,5001,2025-08-07,4489,5000,512,-0.6706552238023974,linear,52,0,52,52,0,52,0.1,0.1015625,0.1015625,0.3523925970629024,3.5239259706290235e-07,mle,0.25684848488090734,0.2945103399314975,ok,True,True,extraction,
audusd,5002,2025-08-08,4490,5001,512,-0.6643629309430422,linear,52,0,52,52,0,52,0.1,0.1015625,0.1015625,0.3539015074936243,3.539015074936243e-07,mle,0.24128335458797576,0.3053248897741486,ok,True,True,extraction,
audusd,5003,2025-08-11,4491,5002,512,-0.6643629309430422,linear,52,0,52,52,0,52,0.1,0.1015625,0.1015625,0.35683784820101594,3.5683784820101594e-07,mle,0.24128335458797576,0.3053248897741486,ok,True,True,extraction,
audusd,5004,2025-08-12,4492,5003,512,-0.6643629309430422,linear,52,0,52,52,0,52,0.1,0.1015625,0.1015625,0.3567849329135029,3.5678493291350285e-07,mle,0.24128335458797576,0.3053248897741486,ok,True,True,extraction,
audusd,5005,2025-08-13,4493,5004,512,-0.6643629309430422,linear,52,0,52,52,0,52,0.1,0.1015625,0.1015625,0.3567849329135029,3.5678493291350285e-07,mle,0.24128335458797576,0.3053248897741486,ok,True,True,extraction,
audusd,5006,2025-08-14,4494,5005,512,-0.6643629309430422,linear,52,0,52,52,0,52,0.1,0.1015625,0.1015625,0.3567849329135029,3.5678493291350285e-07,mle,0.24128335458797576,0.3053248897741486,ok,True,True,extraction,
audusd,5007,2025-08-15,4495,5006,512,-0.6643629309430422,linear,52,0,52,52,0,52,0.1,0.1015625,0.1015625,0.3539015074936243,3.539015074936243e-07,mle,0.24128335458797576,0.3053248897741486,ok,True,True,extraction,
audusd,5008,2025-08-18,4496,5007,512,-0.6643629309430422,linear,52,0,52,52,0,52,0.1,0.1015625,0.1015625,0.3539015074936243,3.539015074936243e-07,mle,0.25085196848572755,0.2984441165856204,ok,True,True,extraction,
audusd,5009,2025-08-19,4497,5008,512,-0.6643629309430422,linear,52,0,52,52,0,52,0.1,0.1015625,0.1015625,0.3539015074936243,3.539015074936243e-07,mle,0.25085196848572755,0.2984441165856204,ok,True,True,extraction,
audusd,5010,2025-08-20,4498,5009,512,-0.6643629309430422,linear,52,0,52,52,0,52,0.1,0.1015625,0.1015625,0.3523925970629024,3.5239259706290235e-07,mle,0.25085196848572755,0.2984441165856204,ok,True,True,extraction,
audusd,5011,2025-08-21,4499,5010,512,-0.6643629309430422,linear,52,0,52,52,0,52,0.1,0.1015625,0.1015625,0.3516666853994284,3.516666853994284e-07,mle,0.25085196848572755,0.2984441165856204,ok,True,True,extraction,
audusd,5012,2025-08-22,4500,5011,512,-0.6643629309430422,linear,52,0,52,52,0,52,0.1,0.1015625,0.1015625,0.35404027396285687,3.5404027396285686e-07,mle,0.25085196848572755,0.2984441165856204,ok,True,True,extraction,
audusd,5013,2025-08-25,4501,5012,512,-0.6643629309430422,linear,52,0,52,52,0,52,0.1,0.1015625,0.1015625,0.3559871732502651,3.5598717325026506e-07,mle,0.25085196848572755,0.2984441165856204,ok,True,True,extraction,
audusd,5014,2025-08-26,4502,5013,512,-0.6643629309430422,linear,52,0,52,52,0,52,0.1,0.1015625,0.1015625,0.35404027396285687,3.5404027396285686e-07,mle,0.25085196848572755,0.2984441165856204,ok,True,True,extraction,
audusd,5015,2025-08-27,4503,5014,512,-0.6643629309430422,linear,52,0,52,52,0,52,0.1,0.1015625,0.1015625,0.3559871732502651,3.5598717325026506e-07,mle,0.25085196848572755,0.2984441165856204,ok,True,True,extraction,
audusd,5016,2025-08-28,4504,5015,512,-0.6598693818546084,linear,52,0,52,52,0,52,0.1,0.1015625,0.1015625,0.3535097343908712,3.5350973439087117e-07,mle,0.268106795873997,0.285746628003782,ok,True,True,extraction,
audusd,5017,2025-08-29,4505,5016,512,-0.6598693818546084,linear,52,0,52,52,0,52,0.1,0.1015625,0.1015625,0.3535097343908712,3.5350973439087117e-07,mle,0.268106795873997,0.285746628003782,ok,True,True,extraction,
audusd,5018,2025-09-01,4506,5017,512,-0.6598693818546084,linear,52,0,52,52,0,52,0.1,0.1015625,0.1015625,0.3512934454364094,3.512934454364094e-07,mle,0.268106795873997,0.285746628003782,ok,True,True,extraction,
audusd,5019,2025-09-02,4507,5018,512,-0.6598693818546084,linear,52,0,52,52,0,52,0.1,0.1015625,0.1015625,0.3512934454364094,3.512934454364094e-07,mle,0.268106795873997,0.285746628003782,ok,True,True,extraction,
audusd,5020,2025-09-03,4508,5019,512,-0.6598693818546084,linear,52,0,52,52,0,52,0.1,0.1015625,0.1015625,0.3505845498665049,3.5058454986650485e-07,mle,0.268106795873997,0.285746628003782,ok,True,True,extraction,
audusd,5021,2025-09-04,4509,5020,512,-0.6598693818546084,linear,52,0,52,52,0,52,0.1,0.1015625,0.1015625,0.3512934454364094,3.512934454364094e-07,mle,0.268106795873997,0.285746628003782,ok,True,True,extraction,
audusd,5022,2025-09-05,4510,5021,512,-0.6598693818546084,linear,52,0,52,52,0,52,0.1,0.1015625,0.1015625,0.3523925970629024,3.5239259706290235e-07,mle,0.268106795873997,0.285746628003782,ok,True,True,extraction,
audusd,5023,2025-09-08,4511,5022,512,-0.6598693818546084,linear,52,0,52,52,0,52,0.1,0.1015625,0.1015625,0.3516666853994284,3.516666853994284e-07,mle,0.268106795873997,0.285746628003782,ok,True,True,extraction,
audusd,5024,2025-09-09,4512,5023,512,-0.6598693818546084,linear,52,0,52,52,0,52,0.1,0.1015625,0.1015625,0.35233627585385163,3.523362758538516e-07,mle,0.268106795873997,0.285746628003782,ok,True,True,extraction,
audusd,5025,2025-09-10,4513,5024,512,-0.6598693818546084,linear,52,0,52,52,0,52,0.1,0.1015625,0.1015625,0.3563366668848604,3.563366668848604e-07,mle,0.268106795873997,0.285746628003782,ok,True,True,extraction,
audusd,5026,2025-09-11,4514,5025,512,-0.6598693818546084,linear,52,0,52,52,0,52,0.1,0.1015625,0.1015625,0.35233627585385163,3.523362758538516e-07,mle,0.268106795873997,0.285746628003782,ok,True,True,extraction,
audusd,5027,2025-09-12,4515,5026,512,-0.6598693818546084,linear,52,0,52,52,0,52,0.1,0.1015625,0.1015625,0.3550322466914687,3.550322466914687e-07,mle,0.268106795873997,0.285746628003782,ok,True,True,extraction,
audusd,5028,2025-09-15,4516,5027,512,-0.6598693818546084,linear,52,0,52,52,0,52,0.1,0.1015625,0.1015625,0.3579787587431036,3.5797875874310357e-07,mle,0.268106795873997,0.285746628003782,ok,True,True,extraction,
audusd,5029,2025-09-16,4517,5028,512,-0.6598693818546084,linear,52,0,52,52,0,52,0.1,0.1015625,0.1015625,0.3535864228925031,3.535864228925031e-07,mle,0.268106795873997,0.285746628003782,ok,True,True,extraction,
audusd,5030,2025-09-17,4518,5029,512,-0.6598693818546084,linear,52,0,52,52,0,52,0.1,0.1015625,0.1015625,0.35653420090135757,3.5653420090135753e-07,mle,0.268106795873997,0.285746628003782,ok,True,True,extraction,
audusd,5031,2025-09-18,4519,5030,512,-0.6598693818546084,linear,52,0,52,52,0,52,0.1,0.1015625,0.1015625,0.35395442278113737,3.5395442278113735e-07,mle,0.268106795873997,0.285746628003782,ok,True,True,extraction,
audusd,5032,2025-09-19,4520,5031,512,-0.6580673611811261,linear,52,0,52,52,0,52,0.1,0.1015625,0.1015625,0.35395442278113737,3.5395442278113735e-07,mle,0.2718942110276725,0.28486642271236945,ok,True,True,extraction,
audusd,5033,2025-09-22,4521,5032,512,-0.6580673611811261,linear,52,0,52,52,0,52,0.1,0.1015625,0.1015625,0.3539015074936243,3.539015074936243e-07,mle,0.2718942110276725,0.28486642271236945,ok,True,True,extraction,
audusd,5034,2025-09-23,4522,5033,512,-0.6580673611811261,linear,52,0,52,52,0,52,0.1,0.1015625,0.1015625,0.3535864228925031,3.535864228925031e-07,mle,0.2718942110276725,0.28486642271236945,ok,True,True,extraction,
audusd,5035,2025-09-24,4523,5034,512,-0.6580205381624371,linear,52,0,52,52,0,52,0.1,0.1015625,0.1015625,0.3539015074936243,3.539015074936243e-07,mle,0.30543401251045865,0.26563421659483294,ok,True,True,extraction,
audusd,5036,2025-09-25,4524,5035,512,-0.6576078938964351,linear,52,0,52,52,0,52,0.1,0.1015625,0.1015625,0.35214882127159014,3.521488212715901e-07,mle,0.33088535196059926,0.2550550622883091,ok,True,True,extraction,
audusd,5037,2025-09-26,4525,5036,512,-0.6576078938964351,linear,52,0,52,52,0,52,0.1,0.1015625,0.1015625,0.3509260289161613,3.509260289161613e-07,mle,0.33088535196059926,0.2550550622883091,ok,True,True,extraction,
audusd,5038,2025-09-29,4526,5037,512,-0.6580205381624371,linear,52,0,52,52,0,52,0.1,0.1015625,0.1015625,0.3512934454364094,3.512934454364094e-07,mle,0.3152568683627762,0.26102773133586854,ok,True,True,extraction,
audusd,5039,2025-09-30,4527,5038,512,-0.6580205381624371,linear,52,0,52,52,0,52,0.1,0.1015625,0.1015625,0.3512934454364094,3.512934454364094e-07,mle,0.3152568683627762,0.26102773133586854,ok,True,True,extraction,
audusd,5040,2025-10-01,4528,5039,512,-0.6580205381624371,linear,52,0,52,52,0,52,0.1,0.1015625,0.1015625,0.3512934454364094,3.512934454364094e-07,mle,0.3152568683627762,0.26102773133586854,ok,True,True,extraction,
audusd,5041,2025-10-02,4529,5040,512,-0.6580205381624371,linear,52,0,52,52,0,52,0.1,0.1015625,0.1015625,0.3516666853994284,3.516666853994284e-07,mle,0.3152568683627762,0.26102773133586854,ok,True,True,extraction,
audusd,5042,2025-10-03,4530,5041,512,-0.6580205381624371,linear,52,0,52,52,0,52,0.1,0.1015625,0.1015625,0.35214186505075706,3.5214186505075704e-07,mle,0.3152568683627762,0.26102773133586854,ok,True,True,extraction,
audusd,5043,2025-10-06,4531,5042,512,-0.6576078938964351,linear,52,0,52,52,0,52,0.1,0.1015625,0.1015625,0.3509260289161613,3.509260289161613e-07,mle,0.34093677864145966,0.23947889194645317,ok,True,True,extraction,
audusd,5044,2025-10-07,4532,5043,512,-0.6576078938964351,linear,52,0,52,52,0,52,0.1,0.1015625,0.1015625,0.3509260289161613,3.509260289161613e-07,mle,0.34093677864145966,0.23947889194645317,ok,True,True,extraction,
audusd,5045,2025-10-08,4533,5044,512,-0.6576078938964351,linear,52,0,52,52,0,52,0.1,0.1015625,0.1015625,0.3503953175500585,3.5039531755005845e-07,mle,0.34093677864145966,0.23947889194645317,ok,True,True,extraction,
audusd,5046,2025-10-09,4534,5045,512,-0.6576078938964351,linear,52,0,52,52,0,52,0.1,0.1015625,0.1015625,0.35083411521921604,3.50834115219216e-07,mle,0.34093677864145966,0.23947889194645317,ok,True,True,extraction,
audusd,5047,2025-10-10,4535,5046,512,-0.6576078938964351,linear,52,0,52,52,0,52,0.1,0.1015625,0.1015625,0.34897846027692103,3.4897846027692103e-07,mle,0.34093677864145966,0.23947889194645317,ok,True,True,extraction,
audusd,5048,2025-10-13,4536,5047,512,-0.6576078938964351,linear,52,0,52,52,0,52,0.1,0.1015625,0.1015625,0.3503953175500585,3.5039531755005845e-07,mle,0.34093677864145966,0.23947889194645317,ok,True,True,extraction,
audusd,5049,2025-10-14,4537,5048,512,-0.6580205381624371,linear,52,0,52,52,0,52,0.1,0.1015625,0.1015625,0.3509260289161613,3.509260289161613e-07,mle,0.30847027357979817,0.25358531489004155,ok,True,True,extraction,
audusd,5050,2025-10-15,4538,5049,512,-0.6580205381624371,linear,52,0,52,52,0,52,0.1,0.1015625,0.1015625,0.3509260289161613,3.509260289161613e-07,mle,0.30847027357979817,0.25358531489004155,ok,True,True,extraction,
audusd,5051,2025-10-16,4539,5050,512,-0.6580205381624371,linear,52,0,52,52,0,52,0.1,0.1015625,0.1015625,0.35083411521921604,3.50834115219216e-07,mle,0.30847027357979817,0.25358531489004155,ok,True,True,extraction,
audusd,5052,2025-10-17,4540,5051,512,-0.6576078938964351,linear,52,0,52,52,0,52,0.1,0.1015625,0.1015625,0.34897846027692103,3.4897846027692103e-07,mle,0.34258253652814097,0.23823952060380355,ok,True,True,extraction,
audusd,5053,2025-10-20,4541,5052,512,-0.6576078938964351,linear,52,0,52,52,0,52,0.1,0.1015625,0.1015625,0.35030357564723025,3.503035756472302e-07,mle,0.34258253652814097,0.23823952060380355,ok,True,True,extraction,
audusd,5054,2025-10-21,4542,5053,512,-0.6576078938964351,linear,52,0,52,52,0,52,0.1,0.1015625,0.1015625,0.35030357564723025,3.503035756472302e-07,mle,0.34258253652814097,0.23823952060380355,ok,True,True,extraction,
audusd,5055,2025-10-22,4543,5054,512,-0.6576078938964351,linear,52,0,52,52,0,52,0.1,0.1015625,0.1015625,0.34987445533773587,3.4987445533773587e-07,mle,0.34258253652814097,0.23823952060380355,ok,True,True,extraction,
audusd,5056,2025-10-23,4544,5055,512,-0.6576078938964351,linear,52,0,52,52,0,52,0.1,0.1015625,0.1015625,0.34987445533773587,3.4987445533773587e-07,mle,0.34258253652814097,0.23823952060380355,ok,True,True,extraction,
audusd,5057,2025-10-24,4545,5056,512,-0.6576078938964351,linear,52,0,52,52,0,52,0.1,0.1015625,0.1015625,0.35048517295910303,3.50485172959103e-07,mle,0.34258253652814097,0.23823952060380355,ok,True,True,extraction,
audusd,5058,2025-10-27,4546,5057,512,-0.6576078938964351,linear,52,0,52,52,0,52,0.1,0.1015625,0.1015625,0.3518515163399361,3.518515163399361e-07,mle,0.34258253652814097,0.23823952060380355,ok,True,True,extraction,
audusd,5059,2025-10-28,4547,5058,512,-0.6576078938964351,linear,52,0,52,52,0,52,0.1,0.1015625,0.1015625,0.35048517295910303,3.50485172959103e-07,mle,0.34258253652814097,0.23823952060380355,ok,True,True,extraction,
audusd,5060,2025-10-29,4548,5059,512,-0.6576078938964351,linear,52,0,52,52,0,52,0.1,0.1015625,0.1015625,0.3496816788041165,3.496816788041165e-07,mle,0.34258253652814097,0.23823952060380355,ok,True,True,extraction,
audusd,5061,2025-10-30,4549,5060,512,-0.6551095417468502,linear,52,0,52,52,0,52,0.1,0.1015625,0.1015625,0.34491559048894915,3.449155904889491e-07,mle,0.367782197258676,0.22906359416024386,ok,True,True,extraction,
audusd,5062,2025-10-31,4550,5061,512,-0.6551095417468502,linear,52,0,52,52,0,52,0.1,0.1015625,0.1015625,0.34454235052593013,3.445423505259301e-07,mle,0.367782197258676,0.22906359416024386,ok,True,True,extraction,
audusd,5063,2025-11-03,4551,5062,512,-0.6549046948186533,linear,52,0,52,52,0,52,0.1,0.1015625,0.1015625,0.3440830203087367,3.440830203087367e-07,mle,0.37600840723234824,0.22652553739789516,ok,True,True,extraction,
audusd,5064,2025-11-04,4552,5063,512,-0.6549046948186533,linear,52,0,52,52,0,52,0.1,0.1015625,0.1015625,0.34736228807013364,3.4736228807013364e-07,mle,0.37600840723234824,0.22652553739789516,ok,True,True,extraction,
audusd,5065,2025-11-05,4553,5064,512,-0.6549046948186533,linear,52,0,52,52,0,52,0.1,0.1015625,0.1015625,0.3481717383497305,3.4817173834973046e-07,mle,0.37600840723234824,0.22652553739789516,ok,True,True,extraction,
audusd,5066,2025-11-06,4554,5065,512,-0.6551095417468502,linear,52,0,52,52,0,52,0.1,0.1015625,0.1015625,0.3481717383497305,3.4817173834973046e-07,mle,0.3434801064480406,0.23836105453648482,ok,True,True,extraction,
audusd,5067,2025-11-07,4555,5066,512,-0.6551095417468502,linear,52,0,52,52,0,52,0.1,0.1015625,0.1015625,0.35017601699470724,3.5017601699470724e-07,mle,0.3434801064480406,0.23836105453648482,ok,True,True,extraction,
audusd,5068,2025-11-10,4556,5067,512,-0.6551095417468502,linear,52,0,52,52,0,52,0.1,0.1015625,0.1015625,0.35017601699470724,3.5017601699470724e-07,mle,0.3434801064480406,0.23836105453648482,ok,True,True,extraction,
audusd,5069,2025-11-11,4557,5068,512,-0.6551095417468502,linear,52,0,52,52,0,52,0.1,0.1015625,0.1015625,0.3481717383497305,3.4817173834973046e-07,mle,0.3434801064480406,0.23836105453648482,ok,True,True,extraction,
audusd,5070,2025-11-12,4558,5069,512,-0.6551095417468502,linear,52,0,52,52,0,52,0.1,0.1015625,0.1015625,0.3481717383497305,3.4817173834973046e-07,mle,0.3434801064480406,0.23836105453648482,ok,True,True,extraction,
audusd,5071,2025-11-13,4559,5070,512,-0.6551095417468502,linear,52,0,52,52,0,52,0.1,0.1015625,0.1015625,0.3481717383497305,3.4817173834973046e-07,mle,0.3434801064480406,0.23836105453648482,ok,True,True,extraction,
audusd,5072,2025-11-14,4560,5071,512,-0.6551095417468502,linear,52,0,52,52,0,52,0.1,0.1015625,0.1015625,0.3481717383497305,3.4817173834973046e-07,mle,0.3434801064480406,0.23836105453648482,ok,True,True,extraction,
audusd,5073,2025-11-17,4561,5072,512,-0.6551095417468502,linear,52,0,52,52,0,52,0.1,0.1015625,0.1015625,0.3481717383497305,3.4817173834973046e-07,mle,0.3434801064480406,0.23836105453648482,ok,True,True,extraction,
audusd,5074,2025-11-18,4562,5073,512,-0.6551095417468502,linear,52,0,52,52,0,52,0.1,0.1015625,0.1015625,0.3481717383497305,3.4817173834973046e-07,mle,0.3434801064480406,0.23836105453648482,ok,True,True,extraction,
audusd,5075,2025-11-19,4563,5074,512,-0.6551095417468502,linear,52,0,52,52,0,52,0.1,0.1015625,0.1015625,0.34725062795483097,3.4725062795483095e-07,mle,0.3434801064480406,0.23836105453648482,ok,True,True,extraction,
audusd,5076,2025-11-20,4564,5075,512,-0.6551095417468502,linear,52,0,52,52,0,52,0.1,0.1015625,0.1015625,0.3448216258435558,3.448216258435558e-07,mle,0.3434801064480406,0.23836105453648482,ok,True,True,extraction,
audusd,5077,2025-11-21,4565,5076,512,-0.6551095417468502,linear,52,0,52,52,0,52,0.1,0.1015625,0.1015625,0.3440617278189072,3.440617278189072e-07,mle,0.3434801064480406,0.23836105453648482,ok,True,True,extraction,
audusd,5078,2025-11-24,4566,5077,512,-0.6551095417468502,linear,52,0,52,52,0,52,0.1,0.1015625,0.1015625,0.3448216258435558,3.448216258435558e-07,mle,0.3434801064480406,0.23836105453648482,ok,True,True,extraction,
audusd,5079,2025-11-25,4567,5078,512,-0.6551095417468502,linear,52,0,52,52,0,52,0.1,0.1015625,0.1015625,0.3440617278189072,3.440617278189072e-07,mle,0.3434801064480406,0.23836105453648482,ok,True,True,extraction,
audusd,5080,2025-11-26,4568,5079,512,-0.6549046948186533,linear,52,0,52,52,0,52,0.1,0.1015625,0.1015625,0.3419591646690531,3.4195916466905307e-07,mle,0.3845244217093271,0.22208325199690687,ok,True,True,extraction,
audusd,5081,2025-11-27,4569,5080,512,-0.6532988166008102,linear,52,0,52,52,0,52,0.1,0.1015625,0.1015625,0.34219274048703097,3.4219274048703093e-07,mle,0.42240268610724274,0.2091885519572817,ok,True,True,extraction,
audusd,5082,2025-11-28,4570,5081,512,-0.6532988166008102,linear,52,0,52,52,0,52,0.1,0.1015625,0.1015625,0.34539077014027775,3.4539077014027775e-07,mle,0.42240268610724274,0.2091885519572817,ok,True,True,extraction,
audusd,5083,2025-12-01,4571,5082,512,-0.6532988166008102,linear,52,0,52,52,0,52,0.1,0.1015625,0.1015625,0.3438647193334817,3.438647193334817e-07,mle,0.42240268610724274,0.2091885519572817,ok,True,True,extraction,
audusd,5084,2025-12-02,4572,5083,512,-0.6532988166008102,linear,52,0,52,52,0,52,0.1,0.1015625,0.1015625,0.3406252098111673,3.406252098111673e-07,mle,0.42240268610724274,0.2091885519572817,ok,True,True,extraction,
audusd,5085,2025-12-03,4573,5084,512,-0.6532988166008102,linear,52,0,52,52,0,52,0.1,0.1015625,0.1015625,0.3406252098111673,3.406252098111673e-07,mle,0.42240268610724274,0.2091885519572817,ok,True,True,extraction,
audusd,5086,2025-12-04,4574,5085,512,-0.6532988166008102,linear,52,0,52,52,0,52,0.1,0.1015625,0.1015625,0.33941371568058226,3.3941371568058226e-07,mle,0.42240268610724274,0.2091885519572817,ok,True,True,extraction,
audusd,5087,2025-12-05,4575,5086,512,-0.6532988166008102,linear,52,0,52,52,0,52,0.1,0.1015625,0.1015625,0.33941371568058226,3.3941371568058226e-07,mle,0.42240268610724274,0.2091885519572817,ok,True,True,extraction,
audusd,5088,2025-12-08,4576,5087,512,-0.6532988166008102,linear,52,0,52,52,0,52,0.1,0.1015625,0.1015625,0.3391556438984171,3.391556438984171e-07,mle,0.42240268610724274,0.2091885519572817,ok,True,True,extraction,
audusd,5089,2025-12-09,4577,5088,512,-0.6532988166008102,linear,52,0,52,52,0,52,0.1,0.1015625,0.1015625,0.3393965888455627,3.3939658884556265e-07,mle,0.42240268610724274,0.2091885519572817,ok,True,True,extraction,
audusd,5090,2025-12-10,4578,5089,512,-0.6532988166008102,linear,52,0,52,52,0,52,0.1,0.1015625,0.1015625,0.33941371568058226,3.3941371568058226e-07,mle,0.42240268610724274,0.2091885519572817,ok,True,True,extraction,
audusd,5091,2025-12-11,4579,5090,512,-0.6532988166008102,linear,52,0,52,52,0,52,0.1,0.1015625,0.1015625,0.3391556438984171,3.391556438984171e-07,mle,0.42240268610724274,0.2091885519572817,ok,True,True,extraction,
audusd,5092,2025-12-12,4580,5091,512,-0.6532988166008102,linear,52,0,52,52,0,52,0.1,0.1015625,0.1015625,0.3388660492735769,3.3886604927357685e-07,mle,0.42240268610724274,0.2091885519572817,ok,True,True,extraction,
audusd,5093,2025-12-15,4581,5092,512,-0.6532988166008102,linear,52,0,52,52,0,52,0.1,0.1015625,0.1015625,0.33871330201208666,3.3871330201208664e-07,mle,0.42240268610724274,0.2091885519572817,ok,True,True,extraction,
audusd,5094,2025-12-16,4582,5093,512,-0.6532988166008102,linear,52,0,52,52,0,52,0.1,0.1015625,0.1015625,0.3402738369709254,3.402738369709254e-07,mle,0.42240268610724274,0.2091885519572817,ok,True,True,extraction,
audusd,5095,2025-12-17,4583,5094,512,-0.6532988166008102,linear,52,0,52,52,0,52,0.1,0.1015625,0.1015625,0.3402738369709254,3.402738369709254e-07,mle,0.42240268610724274,0.2091885519572817,ok,True,True,extraction,
audusd,5096,2025-12-18,4584,5095,512,-0.6532988166008102,linear,52,0,52,52,0,52,0.1,0.1015625,0.1015625,0.34242585175534923,3.424258517553492e-07,mle,0.42240268610724274,0.2091885519572817,ok,True,True,extraction,
audusd,5097,2025-12-19,4585,5096,512,-0.6532988166008102,linear,52,0,52,52,0,52,0.1,0.1015625,0.1015625,0.34051460682730705,3.4051460682730703e-07,mle,0.42240268610724274,0.2091885519572817,ok,True,True,extraction,
audusd,5098,2025-12-22,4586,5097,512,-0.6532988166008102,linear,52,0,52,52,0,52,0.1,0.1015625,0.1015625,0.33907573924917456,3.3907573924917453e-07,mle,0.42240268610724274,0.2091885519572817,ok,True,True,extraction,
audusd,5099,2025-12-23,4587,5098,512,-0.6532988166008102,linear,52,0,52,52,0,52,0.1,0.1015625,0.1015625,0.33907573924917456,3.3907573924917453e-07,mle,0.42240268610724274,0.2091885519572817,ok,True,True,extraction,
audusd,5100,2025-12-24,4588,5099,512,-0.6532988166008102,linear,52,0,52,52,0,52,0.1,0.1015625,0.1015625,0.3402738369709254,3.402738369709254e-07,mle,0.42240268610724274,0.2091885519572817,ok,True,True,extraction,
audusd,5101,2025-12-26,4589,5100,512,-0.6492877677281668,linear,52,0,52,52,0,52,0.1,0.1015625,0.1015625,0.33871330201208666,3.3871330201208664e-07,mle,0.39808542619642506,0.2181431230988015,ok,True,True,extraction,
audusd,5102,2025-12-29,4590,5101,512,-0.6492877677281668,linear,52,0,52,52,0,52,0.1,0.1015625,0.1015625,0.33721596031303597,3.3721596031303596e-07,mle,0.39808542619642506,0.2181431230988015,ok,True,True,extraction,
audusd,5103,2025-12-30,4591,5102,512,-0.6492877677281668,linear,52,0,52,52,0,52,0.1,0.1015625,0.1015625,0.33325421778352327,3.3325421778352326e-07,mle,0.39808542619642506,0.2181431230988015,ok,True,True,extraction,
audusd,5104,2025-12-31,4592,5103,512,-0.6492877677281668,linear,52,0,52,52,0,52,0.1,0.1015625,0.1015625,0.3358496169322029,3.3584961693220287e-07,mle,0.39808542619642506,0.2181431230988015,ok,True,True,extraction,
audusd,5105,2026-01-02,4593,5104,512,-0.6492877677281668,linear,52,0,52,52,0,52,0.1,0.1015625,0.1015625,0.3358496169322029,3.3584961693220287e-07,mle,0.39808542619642506,0.2181431230988015,ok,True,True,extraction,
audusd,5106,2026-01-05,4594,5105,512,-0.6492877677281668,linear,52,0,52,52,0,52,0.1,0.1015625,0.1015625,0.33379660603729705,3.3379660603729704e-07,mle,0.39808542619642506,0.2181431230988015,ok,True,True,extraction,
audusd,5107,2026-01-06,4595,5106,512,-0.6492877677281668,linear,52,0,52,52,0,52,0.1,0.1015625,0.1015625,0.33379660603729705,3.3379660603729704e-07,mle,0.39808542619642506,0.2181431230988015,ok,True,True,extraction,
audusd,5108,2026-01-07,4596,5107,512,-0.6492877677281668,linear,52,0,52,52,0,52,0.1,0.1015625,0.1015625,0.33325421778352327,3.3325421778352326e-07,mle,0.39808542619642506,0.2181431230988015,ok,True,True,extraction,
audusd,5109,2026-01-08,4597,5108,512,-0.6492877677281668,linear,52,0,52,52,0,52,0.1,0.1015625,0.1015625,0.3327960702642708,3.327960702642708e-07,mle,0.39808542619642506,0.2181431230988015,ok,True,True,extraction,
audusd,5110,2026-01-09,4598,5109,512,-0.6492877677281668,linear,52,0,52,52,0,52,0.1,0.1015625,0.1015625,0.3321497201387184,3.321497201387184e-07,mle,0.39808542619642506,0.2181431230988015,ok,True,True,extraction,
audusd,5111,2026-01-12,4599,5110,512,-0.6359602451503906,linear,52,0,52,52,0,52,0.1,0.1015625,0.1015625,0.3321497201387184,3.321497201387184e-07,mle,0.36626814915083383,0.23228890661975102,ok,True,True,extraction,
audusd,5112,2026-01-13,4600,5111,512,-0.6359602451503906,linear,52,0,52,52,0,52,0.1,0.1015625,0.1015625,0.33152372650263506,3.31523726502635e-07,mle,0.36626814915083383,0.23228890661975102,ok,True,True,extraction,
audusd,5113,2026-01-14,4601,5112,512,-0.6359602451503906,linear,52,0,52,52,0,52,0.1,0.1015625,0.1015625,0.3311208947082493,3.311208947082493e-07,mle,0.36626814915083383,0.23228890661975102,ok,True,True,extraction,
audusd,5114,2026-01-15,4602,5113,512,-0.6359602451503906,linear,52,0,52,52,0,52,0.1,0.1015625,0.1015625,0.331711235724739,3.3171123572473894e-07,mle,0.36626814915083383,0.23228890661975102,ok,True,True,extraction,
audusd,5115,2026-01-16,4603,5114,512,-0.6359602451503906,linear,52,0,52,52,0,52,0.1,0.1015625,0.1015625,0.33057091379536285,3.3057091379536283e-07,mle,0.36626814915083383,0.23228890661975102,ok,True,True,extraction,
audusd,5116,2026-01-19,4604,5115,512,-0.6359602451503906,linear,52,0,52,52,0,52,0.1,0.1015625,0.1015625,0.33057091379536285,3.3057091379536283e-07,mle,0.36626814915083383,0.23228890661975102,ok,True,True,extraction,
audusd,5117,2026-01-20,4605,5116,512,-0.6359602451503906,linear,52,0,52,52,0,52,0.1,0.1015625,0.1015625,0.33057091379536285,3.3057091379536283e-07,mle,0.36626814915083383,0.23228890661975102,ok,True,True,extraction,
audusd,5118,2026-01-21,4606,5117,512,-0.6359602451503906,linear,52,0,52,52,0,52,0.1,0.1015625,0.1015625,0.33057091379536285,3.3057091379536283e-07,mle,0.36626814915083383,0.23228890661975102,ok,True,True,extraction,
audusd,5119,2026-01-22,4607,5118,512,-0.6359602451503906,linear,52,0,52,52,0,52,0.1,0.1015625,0.1015625,0.3311208947082493,3.311208947082493e-07,mle,0.36626814915083383,0.23228890661975102,ok,True,True,extraction,
audusd,5120,2026-01-23,4608,5119,512,-0.6359602451503906,linear,52,0,52,52,0,52,0.1,0.1015625,0.1015625,0.3305113701072109,3.3051137010721087e-07,mle,0.36626814915083383,0.23228890661975102,ok,True,True,extraction,
audusd,5121,2026-01-26,4609,5120,512,-0.6359602451503906,linear,52,0,52,52,0,52,0.1,0.1015625,0.1015625,0.3281591373006879,3.281591373006879e-07,mle,0.36626814915083383,0.23228890661975102,ok,True,True,extraction,
audusd,5122,2026-01-27,4610,5121,512,-0.6359602451503906,linear,52,0,52,52,0,52,0.1,0.1015625,0.1015625,0.32745374633556934,3.2745374633556933e-07,mle,0.36626814915083383,0.23228890661975102,ok,True,True,extraction,
audusd,5123,2026-01-28,4611,5122,512,-0.6359602451503906,linear,52,0,52,52,0,52,0.1,0.1015625,0.1015625,0.3281591373006879,3.281591373006879e-07,mle,0.36626814915083383,0.23228890661975102,ok,True,True,extraction,
audusd,5124,2026-01-29,4612,5123,512,-0.6256198557485437,linear,52,0,52,52,0,52,0.1,0.1015625,0.1015625,0.32745374633556934,3.2745374633556933e-07,mle,0.35810874907641044,0.23565603293456855,ok,True,True,extraction,
audusd,5125,2026-01-30,4613,5124,512,-0.6256198557485437,linear,52,0,52,52,0,52,0.1,0.1015625,0.1015625,0.32692702684910835,3.269270268491083e-07,mle,0.35810874907641044,0.23565603293456855,ok,True,True,extraction,
audusd,5126,2026-02-02,4614,5125,512,-0.6256198557485437,linear,52,0,52,52,0,52,0.1,0.1015625,0.1015625,0.3262981715069331,3.2629817150693306e-07,mle,0.35810874907641044,0.23565603293456855,ok,True,True,extraction,
audusd,5127,2026-02-03,4615,5126,512,-0.6359602451503906,linear,52,0,52,52,0,52,0.1,0.1015625,0.1015625,0.32692702684910835,3.269270268491083e-07,mle,0.37466897517174597,0.23536678221110524,ok,True,True,extraction,
audusd,5128,2026-02-04,4616,5127,512,-0.6359602451503906,linear,52,0,52,52,0,52,0.1,0.1015625,0.1015625,0.3262981715069331,3.2629817150693306e-07,mle,0.37466897517174597,0.23536678221110524,ok,True,True,extraction,
audusd,5129,2026-02-05,4617,5128,512,-0.6359602451503906,linear,52,0,52,52,0,52,0.1,0.1015625,0.1015625,0.3262981715069331,3.2629817150693306e-07,mle,0.37466897517174597,0.23536678221110524,ok,True,True,extraction,
audusd,5130,2026-02-06,4618,5129,512,-0.6359602451503906,linear,52,0,52,52,0,52,0.1,0.1015625,0.1015625,0.32692702684910835,3.269270268491083e-07,mle,0.37466897517174597,0.23536678221110524,ok,True,True,extraction,
audusd,5131,2026-02-09,4619,5130,512,-0.6359602451503906,linear,52,0,52,52,0,52,0.1,0.1015625,0.1015625,0.32692702684910835,3.269270268491083e-07,mle,0.3743056796096971,0.23484641625575314,ok,True,True,extraction,
audusd,5132,2026-02-10,4620,5131,512,-0.6359602451503906,linear,52,0,52,52,0,52,0.1,0.1015625,0.1015625,0.32692702684910835,3.269270268491083e-07,mle,0.3743056796096971,0.23484641625575314,ok,True,True,extraction,
audusd,5133,2026-02-11,4621,5132,512,-0.6359602451503906,linear,52,0,52,52,0,52,0.1,0.1015625,0.1015625,0.32692702684910835,3.269270268491083e-07,mle,0.3743056796096971,0.23484641625575314,ok,True,True,extraction,
audusd,5134,2026-02-12,4622,5133,512,-0.6359602451503906,linear,52,0,52,52,0,52,0.1,0.1015625,0.1015625,0.32745374633556934,3.2745374633556933e-07,mle,0.3743056796096971,0.23484641625575314,ok,True,True,extraction,
audusd,5135,2026-02-13,4623,5134,512,-0.6359602451503906,linear,52,0,52,52,0,52,0.1,0.1015625,0.1015625,0.32818605142982493,3.281860514298249e-07,mle,0.3743056796096971,0.23484641625575314,ok,True,True,extraction,
audusd,5136,2026-02-16,4624,5135,512,-0.6359602451503906,linear,52,0,52,52,0,52,0.1,0.1015625,0.1015625,0.3291817044618298,3.291817044618298e-07,mle,0.3743056796096971,0.23484641625575314,ok,True,True,extraction,
audusd,5137,2026-02-17,4625,5136,512,-0.6359602451503906,linear,52,0,52,52,0,52,0.1,0.1015625,0.1015625,0.3291817044618298,3.291817044618298e-07,mle,0.3743056796096971,0.23484641625575314,ok,True,True,extraction,
audusd,5138,2026-02-18,4626,5137,512,-0.6359602451503906,linear,52,0,52,52,0,52,0.1,0.1015625,0.1015625,0.3291817044618298,3.291817044618298e-07,mle,0.3743056796096971,0.23484641625575314,ok,True,True,extraction,
audusd,5139,2026-02-19,4627,5138,512,-0.6359602451503906,linear,52,0,52,52,0,52,0.1,0.1015625,0.1015625,0.3291817044618298,3.291817044618298e-07,mle,0.3743056796096971,0.23484641625575314,ok,True,True,extraction,
audusd,5140,2026-02-20,4628,5139,512,-0.6359602451503906,linear,52,0,52,52,0,52,0.1,0.1015625,0.1015625,0.3291817044618298,3.291817044618298e-07,mle,0.3743056796096971,0.23484641625575314,ok,True,True,extraction,
audusd,5141,2026-02-23,4629,5140,512,-0.6359602451503906,linear,52,0,52,52,0,52,0.1,0.1015625,0.1015625,0.3291817044618298,3.291817044618298e-07,mle,0.3743056796096971,0.23484641625575314,ok,True,True,extraction,
audusd,5142,2026-02-24,4630,5141,512,-0.6256198557485437,linear,52,0,52,52,0,52,0.1,0.1015625,0.1015625,0.33044072904254634,3.3044072904254634e-07,mle,0.3482663049142333,0.2483761394318369,ok,True,True,extraction,
audusd,5143,2026-02-25,4631,5142,512,-0.6359602451503906,linear,52,0,52,52,0,52,0.1,0.1015625,0.1015625,0.331216503566953,3.3121650356695297e-07,mle,0.38107489091232793,0.23234736440943524,ok,True,True,extraction,
audusd,5144,2026-02-26,4632,5143,512,-0.6359602451503906,linear,52,0,52,52,0,52,0.1,0.1015625,0.1015625,0.32897967341829515,3.2897967341829515e-07,mle,0.38107489091232793,0.23234736440943524,ok,True,True,extraction,
audusd,5145,2026-02-27,4633,5144,512,-0.6359602451503906,linear,52,0,52,52,0,52,0.1,0.1015625,0.1015625,0.3291817044618298,3.291817044618298e-07,mle,0.38107489091232793,0.23234736440943524,ok,True,True,extraction,
audusd,5146,2026-03-02,4634,5145,512,-0.6359602451503906,linear,52,0,52,52,0,52,0.1,0.1015625,0.1015625,0.3291817044618298,3.291817044618298e-07,mle,0.38107489091232793,0.23234736440943524,ok,True,True,extraction,
audusd,5147,2026-03-03,4635,5146,512,-0.6359602451503906,linear,52,0,52,52,0,52,0.1,0.1015625,0.1015625,0.32897967341829515,3.2897967341829515e-07,mle,0.38107489091232793,0.23234736440943524,ok,True,True,extraction,
audusd,5148,2026-03-04,4636,5147,512,-0.6359602451503906,linear,52,0,52,52,0,52,0.1,0.1015625,0.1015625,0.32897967341829515,3.2897967341829515e-07,mle,0.38107489091232793,0.23234736440943524,ok,True,True,extraction,
audusd,5149,2026-03-05,4637,5148,512,-0.6492877677281668,linear,52,0,52,52,0,52,0.1,0.1015625,0.1015625,0.33298884679789015,3.329888467978901e-07,mle,0.41698907971483296,0.2171889660241717,ok,True,True,extraction,
audusd,5150,2026-03-06,4638,5149,512,-0.6492877677281668,linear,52,0,52,52,0,52,0.1,0.1015625,0.1015625,0.3300664767962486,3.3006647679624863e-07,mle,0.41698907971483296,0.2171889660241717,ok,True,True,extraction,
audusd,5151,2026-03-09,4639,5150,512,-0.6532988166008102,linear,52,0,52,52,0,52,0.1,0.1015625,0.1015625,0.3313618202827313,3.313618202827313e-07,mle,0.3959067546771146,0.22372238711931375,ok,True,True,extraction,
audusd,5152,2026-03-10,4640,5151,512,-0.6532988166008102,linear,52,0,52,52,0,52,0.1,0.1015625,0.1015625,0.33413369134164456,3.3413369134164453e-07,mle,0.3959067546771146,0.22372238711931375,ok,True,True,extraction,
audusd,5153,2026-03-11,4641,5152,512,-0.6501158064172123,linear,52,0,52,52,0,52,0.1,0.1015625,0.1015625,0.3328355071152288,3.328355071152288e-07,mle,0.39783567282760945,0.22444042082168253,ok,True,True,extraction,
audusd,5154,2026-03-12,4642,5153,512,-0.6501158064172123,linear,52,0,52,52,0,52,0.1,0.1015625,0.1015625,0.3356405947419555,3.356405947419555e-07,mle,0.39783567282760945,0.22444042082168253,ok,True,True,extraction,
audusd,5155,2026-03-13,4643,5154,512,-0.6501158064172123,linear,52,0,52,52,0,52,0.1,0.1015625,0.1015625,0.3372218873707469,3.3722188737074686e-07,mle,0.39783567282760945,0.22444042082168253,ok,True,True,extraction,
audusd,5156,2026-03-16,4644,5155,512,-0.6532988166008102,linear,52,0,52,52,0,52,0.1,0.1015625,0.1015625,0.3372218873707469,3.3722188737074686e-07,mle,0.3904469191202847,0.22557772105137233,ok,True,True,extraction,
audusd,5157,2026-03-17,4645,5156,512,-0.6549046948186533,linear,52,0,52,52,0,52,0.1,0.1015625,0.1015625,0.3356405947419555,3.356405947419555e-07,mle,0.3547382009231179,0.23936682568196016,ok,True,True,extraction,
audusd,5158,2026-03-18,4646,5157,512,-0.6549046948186533,linear,52,0,52,52,0,52,0.1,0.1015625,0.1015625,0.3372218873707469,3.3722188737074686e-07,mle,0.3547382009231179,0.23936682568196016,ok,True,True,extraction,
audusd,5159,2026-03-19,4647,5158,512,-0.6532988166008102,linear,52,0,52,52,0,52,0.1,0.1015625,0.1015625,0.3382244227188871,3.3822442271888705e-07,mle,0.38512670967217055,0.2285220646851142,ok,True,True,extraction,
audusd,5160,2026-03-20,4648,5159,512,-0.6549046948186533,linear,52,0,52,52,0,52,0.1,0.1015625,0.1015625,0.33788385936621207,3.378838593662121e-07,mle,0.3471266533796657,0.2452357492082931,ok,True,True,extraction,
audusd,5161,2026-03-23,4649,5160,512,-0.6549046948186533,linear,52,0,52,52,0,52,0.1,0.1015625,0.1015625,0.3390596580683596,3.390596580683596e-07,mle,0.3471266533796657,0.2452357492082931,ok,True,True,extraction,
audusd,5162,2026-03-24,4650,5161,512,-0.6551095417468502,linear,52,0,52,52,0,52,0.1,0.1015625,0.1015625,0.3398578872886824,3.3985788728868237e-07,mle,0.3090066039451984,0.2627046518972193,ok,True,True,extraction,
audusd,5163,2026-03-25,4651,5162,512,-0.6551095417468502,linear,52,0,52,52,0,52,0.1,0.1015625,0.1015625,0.3398578872886824,3.3985788728868237e-07,mle,0.3090066039451984,0.2627046518972193,ok,True,True,extraction,
audusd,5164,2026-03-26,4652,5163,512,-0.6551095417468502,linear,52,0,52,52,0,52,0.1,0.1015625,0.1015625,0.3396921853983701,3.3969218539837006e-07,mle,0.3090066039451984,0.2627046518972193,ok,True,True,extraction,
audusd,5165,2026-03-27,4653,5164,512,-0.6551095417468502,linear,52,0,52,52,0,52,0.1,0.1015625,0.1015625,0.3396921853983701,3.3969218539837006e-07,mle,0.29764073296843896,0.2676044106494954,ok,True,True,extraction,
audusd,5166,2026-03-30,4654,5165,512,-0.6576078938964351,linear,52,0,52,52,0,52,0.1,0.1015625,0.1015625,0.3396921853983701,3.3969218539837006e-07,mle,0.28660293372257,0.27146593073555425,ok,True,True,extraction,
audusd,5167,2026-03-31,4655,5166,512,-0.6576078938964351,linear,52,0,52,52,0,52,0.1,0.1015625,0.1015625,0.3384116413114302,3.384116413114302e-07,mle,0.28660293372257,0.27146593073555425,ok,True,True,extraction,
audusd,5168,2026-04-01,4656,5167,512,-0.6576078938964351,linear,52,0,52,52,0,52,0.1,0.1015625,0.1015625,0.335032948262271,3.3503294826227094e-07,mle,0.28660293372257,0.27146593073555425,ok,True,True,extraction,
audusd,5169,2026-04-02,4657,5168,512,-0.6576078938964351,linear,52,0,52,52,0,52,0.1,0.1015625,0.1015625,0.33945105834501466,3.3945105834501464e-07,mle,0.28660293372257,0.27146593073555425,ok,True,True,extraction,
audusd,5170,2026-04-03,4658,5169,512,-0.6576078938964351,linear,52,0,52,52,0,52,0.1,0.1015625,0.1015625,0.3384116413114302,3.384116413114302e-07,mle,0.28660293372257,0.27146593073555425,ok,True,True,extraction,
audusd,5171,2026-04-06,4659,5170,512,-0.6576078938964351,linear,52,0,52,52,0,52,0.1,0.1015625,0.1015625,0.335032948262271,3.3503294826227094e-07,mle,0.28660293372257,0.27146593073555425,ok,True,True,extraction,
audusd,5172,2026-04-07,4660,5171,512,-0.6551095417468502,linear,52,0,52,52,0,52,0.1,0.1015625,0.1015625,0.335032948262271,3.3503294826227094e-07,mle,0.29051161007623694,0.25404687086813726,ok,True,True,extraction,
audusd,5173,2026-04-08,4661,5172,512,-0.6551095417468502,linear,52,0,52,52,0,52,0.1,0.1015625,0.1015625,0.335032948262271,3.3503294826227094e-07,mle,0.29051161007623694,0.25404687086813726,ok,True,True,extraction,
audusd,5174,2026-04-09,4662,5173,512,-0.6549046948186533,linear,52,0,52,52,0,52,0.1,0.1015625,0.1015625,0.3384116413114302,3.384116413114302e-07,mle,0.3221356035154024,0.23932361636486216,ok,True,True,extraction,
audusd,5175,2026-04-10,4663,5174,512,-0.6549046948186533,linear,52,0,52,52,0,52,0.1,0.1015625,0.1015625,0.3384116413114302,3.384116413114302e-07,mle,0.3221356035154024,0.23932361636486216,ok,True,True,extraction,
audusd,5176,2026-04-13,4664,5175,512,-0.6549046948186533,linear,52,0,52,52,0,52,0.1,0.1015625,0.1015625,0.3396921853983701,3.3969218539837006e-07,mle,0.3221356035154024,0.23932361636486216,ok,True,True,extraction,
audusd,5177,2026-04-14,4665,5176,512,-0.6551095417468502,linear,52,0,52,52,0,52,0.1,0.1015625,0.1015625,0.3384116413114302,3.384116413114302e-07,mle,0.30228595783279555,0.24714063751800933,ok,True,True,extraction,
audusd,5178,2026-04-15,4666,5177,512,-0.6551095417468502,linear,52,0,52,52,0,52,0.1,0.1015625,0.1015625,0.3419521624631491,3.4195216246314906e-07,mle,0.30228595783279555,0.24714063751800933,ok,True,True,extraction,
audusd,5179,2026-04-16,4667,5178,512,-0.6551095417468502,linear,52,0,52,52,0,52,0.1,0.1015625,0.1015625,0.3414851576044875,3.414851576044875e-07,mle,0.30228595783279555,0.24714063751800933,ok,True,True,extraction,
audusd,5180,2026-04-17,4668,5179,512,-0.6551095417468502,linear,52,0,52,52,0,52,0.1,0.1015625,0.1015625,0.3414851576044875,3.414851576044875e-07,mle,0.30228595783279555,0.24714063751800933,ok,True,True,extraction,
audusd,5181,2026-04-20,4669,5180,512,-0.6551095417468502,linear,52,0,52,52,0,52,0.1,0.1015625,0.1015625,0.3419521624631491,3.4195216246314906e-07,mle,0.30228595783279555,0.24714063751800933,ok,True,True,extraction,
audusd,5182,2026-04-21,4670,5181,512,-0.6551095417468502,linear,52,0,52,52,0,52,0.1,0.1015625,0.1015625,0.3400653633167834,3.4006536331678335e-07,mle,0.30228595783279555,0.24714063751800933,ok,True,True,extraction,
audusd,5183,2026-04-22,4671,5182,512,-0.6551095417468502,linear,52,0,52,52,0,52,0.1,0.1015625,0.1015625,0.3400653633167834,3.4006536331678335e-07,mle,0.30228595783279555,0.24714063751800933,ok,True,True,extraction,
audusd,5184,2026-04-23,4672,5183,512,-0.6551095417468502,linear,52,0,52,52,0,52,0.1,0.1015625,0.1015625,0.34259853392953354,3.425985339295335e-07,mle,0.30228595783279555,0.24714063751800933,ok,True,True,extraction,
audusd,5185,2026-04-24,4673,5184,512,-0.6551095417468502,linear,52,0,52,52,0,52,0.1,0.1015625,0.1015625,0.34259853392953354,3.425985339295335e-07,mle,0.30228595783279555,0.24714063751800933,ok,True,True,extraction,
audusd,5186,2026-04-27,4674,5185,512,-0.6549046948186533,linear,52,0,52,52,0,52,0.1,0.1015625,0.1015625,0.34259853392953354,3.425985339295335e-07,mle,0.33369085527168785,0.22826560687823846,ok,True,True,extraction,
audusd,5187,2026-04-28,4675,5186,512,-0.6549046948186533,linear,52,0,52,52,0,52,0.1,0.1015625,0.1015625,0.3397017618509751,3.397017618509751e-07,mle,0.33369085527168785,0.22826560687823846,ok,True,True,extraction,
audusd,5188,2026-04-29,4676,5187,512,-0.6549046948186533,linear,52,0,52,52,0,52,0.1,0.1015625,0.1015625,0.3397017618509751,3.397017618509751e-07,mle,0.33369085527168785,0.22826560687823846,ok,True,True,extraction,
audusd,5189,2026-04-30,4677,5188,512,-0.6549046948186533,linear,52,0,52,52,0,52,0.1,0.1015625,0.1015625,0.3400508030278563,3.4005080302785625e-07,mle,0.33369085527168785,0.22826560687823846,ok,True,True,extraction,
audusd,5190,2026-05-01,4678,5189,512,-0.6551095417468502,linear,52,0,52,52,0,52,0.1,0.1015625,0.1015625,0.3409001580623424,3.409001580623424e-07,mle,0.314166696696657,0.23558653802255625,ok,True,True,extraction,
audusd,5191,2026-05-04,4679,5190,512,-0.6551095417468502,linear,52,0,52,52,0,52,0.1,0.1015625,0.1015625,0.3409001580623424,3.409001580623424e-07,mle,0.314166696696657,0.23558653802255625,ok,True,True,extraction,
audusd,5192,2026-05-05,4680,5191,512,-0.6551095417468502,linear,52,0,52,52,0,52,0.1,0.1015625,0.1015625,0.3397017618509751,3.397017618509751e-07,mle,0.314166696696657,0.23558653802255625,ok,True,True,extraction,
audusd,5193,2026-05-06,4681,5192,512,-0.6551095417468502,linear,52,0,52,52,0,52,0.1,0.1015625,0.1015625,0.3409001580623424,3.409001580623424e-07,mle,0.314166696696657,0.23558653802255625,ok,True,True,extraction,
audusd,5194,2026-05-07,4682,5193,512,-0.6551095417468502,linear,52,0,52,52,0,52,0.1,0.1015625,0.1015625,0.34259853392953354,3.425985339295335e-07,mle,0.314166696696657,0.23558653802255625,ok,True,True,extraction,
audusd,5195,2026-05-08,4683,5194,512,-0.6551095417468502,linear,52,0,52,52,0,52,0.1,0.1015625,0.1015625,0.34379693014090085,3.4379693014090084e-07,mle,0.314166696696657,0.23558653802255625,ok,True,True,extraction,
audusd,5196,2026-05-11,4684,5195,512,-0.6551095417468502,linear,52,0,52,52,0,52,0.1,0.1015625,0.1015625,0.3457088860868844,3.457088860868844e-07,mle,0.314166696696657,0.23558653802255625,ok,True,True,extraction,
audusd,5197,2026-05-12,4685,5196,512,-0.6551095417468502,linear,52,0,52,52,0,52,0.1,0.1015625,0.1015625,0.3457088860868844,3.457088860868844e-07,mle,0.314166696696657,0.23558653802255625,ok,True,True,extraction,
audusd,5198,2026-05-13,4686,5197,512,-0.6551095417468502,linear,52,0,52,52,0,52,0.1,0.1015625,0.1015625,0.34632320364920055,3.4632320364920053e-07,mle,0.314166696696657,0.23558653802255625,ok,True,True,extraction,
audusd,5199,2026-05-14,4687,5198,512,-0.6551095417468502,linear,52,0,52,52,0,52,0.1,0.1015625,0.1015625,0.3457088860868844,3.457088860868844e-07,mle,0.314166696696657,0.23558653802255625,ok,True,True,extraction,
audusd,5200,2026-05-15,4688,5199,512,-0.6551095417468502,linear,52,0,52,52,0,52,0.1,0.1015625,0.1015625,0.34379693014090085,3.4379693014090084e-07,mle,0.314166696696657,0.23558653802255625,ok,True,True,extraction,
audusd,5201,2026-05-18,4689,5200,512,-0.6551095417468502,linear,52,0,52,52,0,52,0.1,0.1015625,0.1015625,0.34632320364920055,3.4632320364920053e-07,mle,0.314166696696657,0.23558653802255625,ok,True,True,extraction,
audusd,5202,2026-05-19,4690,5201,512,-0.6551095417468502,linear,52,0,52,52,0,52,0.1,0.1015625,0.1015625,0.34632320364920055,3.4632320364920053e-07,mle,0.29340807587516804,0.2490163858969908,ok,True,True,extraction,
audusd,5203,2026-05-20,4691,5202,512,-0.6551095417468502,linear,52,0,52,52,0,52,0.1,0.1015625,0.1015625,0.35014490736293435,3.5014490736293434e-07,mle,0.29340807587516804,0.2490163858969908,ok,True,True,extraction,
audusd,5204,2026-05-21,4692,5203,512,-0.6576078938964351,linear,52,0,52,52,0,52,0.1,0.1015625,0.1015625,0.35126724481418226,3.5126724481418226e-07,mle,0.27545580866718,0.2569610375171074,ok,True,True,extraction,
audusd,5205,2026-05-22,4693,5204,512,-0.6576078938964351,linear,52,0,52,52,0,52,0.1,0.1015625,0.1015625,0.35126724481418226,3.5126724481418226e-07,mle,0.27545580866718,0.2569610375171074,ok,True,True,extraction,
audusd,5206,2026-05-25,4694,5205,512,-0.6576078938964351,linear,52,0,52,52,0,52,0.1,0.1015625,0.1015625,0.35126724481418226,3.5126724481418226e-07,mle,0.27545580866718,0.2569610375171074,ok,True,True,extraction,
audusd,5207,2026-05-26,4695,5206,512,-0.6576078938964351,linear,52,0,52,52,0,52,0.1,0.1015625,0.1015625,0.35014490736293435,3.5014490736293434e-07,mle,0.27545580866718,0.2569610375171074,ok,True,True,extraction,
audusd,5208,2026-05-27,4696,5207,512,-0.6576078938964351,linear,52,0,52,52,0,52,0.1,0.1015625,0.1015625,0.35014490736293435,3.5014490736293434e-07,mle,0.27545580866718,0.2569610375171074,ok,True,True,extraction,
audusd,5209,2026-05-28,4697,5208,512,-0.6576078938964351,linear,52,0,52,52,0,52,0.1,0.1015625,0.1015625,0.34632320364920055,3.4632320364920053e-07,mle,0.27545580866718,0.2569610375171074,ok,True,True,extraction,
audusd,5210,2026-05-29,4698,5209,512,-0.6576078938964351,linear,52,0,52,52,0,52,0.1,0.1015625,0.1015625,0.3457088860868844,3.457088860868844e-07,mle,0.27545580866718,0.2569610375171074,ok,True,True,extraction,
audusd,5211,2026-06-01,4699,5210,512,-0.6551095417468502,linear,52,0,52,52,0,52,0.1,0.1015625,0.1015625,0.34632320364920055,3.4632320364920053e-07,mle,0.26875833635364244,0.2611484931164082,ok,True,True,extraction,
audusd,5212,2026-06-02,4700,5211,512,-0.6551095417468502,linear,52,0,52,52,0,52,0.1,0.1015625,0.1015625,0.34632320364920055,3.4632320364920053e-07,mle,0.26875833635364244,0.2611484931164082,ok,True,True,extraction,
audusd,5213,2026-06-03,4701,5212,512,-0.6551095417468502,linear,52,0,52,52,0,52,0.1,0.1015625,0.1015625,0.3457088860868844,3.457088860868844e-07,mle,0.26875833635364244,0.2611484931164082,ok,True,True,extraction,
audusd,5214,2026-06-04,4702,5213,512,-0.6549046948186533,linear,52,0,52,52,0,52,0.1,0.1015625,0.1015625,0.34379693014090085,3.4379693014090084e-07,mle,0.2943226559604244,0.24277858661950902,ok,True,True,extraction,
audusd,5215,2026-06-05,4703,5214,512,-0.6549046948186533,linear,52,0,52,52,0,52,0.1,0.1015625,0.1015625,0.34512480743783325,3.451248074378332e-07,mle,0.2943226559604244,0.24277858661950902,ok,True,True,extraction,
audusd,5216,2026-06-08,4704,5215,512,-0.6549046948186533,linear,52,0,52,52,0,52,0.1,0.1015625,0.1015625,0.34512480743783325,3.451248074378332e-07,mle,0.2943226559604244,0.24277858661950902,ok,True,True,extraction,
audusd,5217,2026-06-09,4705,5216,512,-0.6551095417468502,linear,52,0,52,52,0,52,0.1,0.1015625,0.1015625,0.34512480743783325,3.451248074378332e-07,mle,0.2677955716230573,0.2604929962766088,ok,True,True,extraction,
audusd,5218,2026-06-10,4706,5217,512,-0.6551095417468502,linear,52,0,52,52,0,52,0.1,0.1015625,0.1015625,0.3429232568670095,3.4292325686700943e-07,mle,0.2677955716230573,0.2604929962766088,ok,True,True,extraction,
audusd,5219,2026-06-11,4707,5218,512,-0.6551095417468502,linear,52,0,52,52,0,52,0.1,0.1015625,0.1015625,0.3429232568670095,3.4292325686700943e-07,mle,0.2677955716230573,0.2604929962766088,ok,True,True,extraction,
audusd,5220,2026-06-12,4708,5219,512,-0.6551095417468502,linear,52,0,52,52,0,52,0.1,0.1015625,0.1015625,0.3453423623045958,3.453423623045958e-07,mle,0.2677955716230573,0.2604929962766088,ok,True,True,extraction,
audusd,5221,2026-06-15,4709,5220,512,-0.6551095417468502,linear,52,0,52,52,0,52,0.1,0.1015625,0.1015625,0.3453423623045958,3.453423623045958e-07,mle,0.2677955716230573,0.2604929962766088,ok,True,True,extraction,
audusd,5222,2026-06-16,4710,5221,512,-0.6551095417468502,linear,52,0,52,52,0,52,0.1,0.1015625,0.1015625,0.34809688381951315,3.4809688381951313e-07,mle,0.2677955716230573,0.2604929962766088,ok,True,True,extraction,
audusd,5223,2026-06-17,4711,5222,512,-0.6551095417468502,linear,52,0,52,52,0,52,0.1,0.1015625,0.1015625,0.34809688381951315,3.4809688381951313e-07,mle,0.2677955716230573,0.2604929962766088,ok,True,True,extraction,
audusd,5224,2026-06-18,4712,5223,512,-0.6551095417468502,linear,52,0,52,52,0,52,0.1,0.1015625,0.1015625,0.3453423623045958,3.453423623045958e-07,mle,0.2677955716230573,0.2604929962766088,ok,True,True,extraction,
audusd,5225,2026-06-19,4713,5224,512,-0.6576078938964351,linear,52,0,52,52,0,52,0.1,0.1015625,0.1015625,0.3465903892594704,3.4659038925947035e-07,mle,0.2730316807439832,0.2569264568483004,ok,True,True,extraction,
audusd,5226,2026-06-22,4714,5225,512,-0.6576078938964351,linear,52,0,52,52,0,52,0.1,0.1015625,0.1015625,0.3465903892594704,3.4659038925947035e-07,mle,0.2730316807439832,0.2569264568483004,ok,True,True,extraction,
audusd,5227,2026-06-23,4715,5226,512,-0.6576078938964351,linear,52,0,52,52,0,52,0.1,0.1015625,0.1015625,0.3465903892594704,3.4659038925947035e-07,mle,0.2730316807439832,0.2569264568483004,ok,True,True,extraction,
audusd,5228,2026-06-24,4716,5227,512,-0.6576078938964351,linear,52,0,52,52,0,52,0.1,0.1015625,0.1015625,0.348011669638735,3.4801166963873497e-07,mle,0.2730316807439832,0.2569264568483004,ok,True,True,extraction,
audusd,5229,2026-06-25,4717,5228,512,-0.6580205381624371,linear,52,0,52,52,0,52,0.1,0.1015625,0.1015625,0.3493715861025831,3.493715861025831e-07,mle,0.24833881079257714,0.2725661239725454,ok,True,True,extraction,
audusd,5230,2026-06-26,4718,5229,512,-0.6580205381624371,linear,52,0,52,52,0,52,0.1,0.1015625,0.1015625,0.3493715861025831,3.493715861025831e-07,mle,0.24833881079257714,0.2725661239725454,ok,True,True,extraction,
audusd,5231,2026-06-29,4719,5230,512,-0.6580205381624371,linear,52,0,52,52,0,52,0.1,0.1015625,0.1015625,0.3493715861025831,3.493715861025831e-07,mle,0.24833881079257714,0.2725661239725454,ok,True,True,extraction,
audusd,5232,2026-06-30,4720,5231,512,-0.6580205381624371,linear,52,0,52,52,0,52,0.1,0.1015625,0.1015625,0.35021583358286457,3.5021583358286454e-07,mle,0.24833881079257714,0.2725661239725454,ok,True,True,extraction,
audusd,5233,2026-07-01,4721,5232,512,-0.6580205381624371,linear,52,0,52,52,0,52,0.1,0.1015625,0.1015625,0.3484502315354539,3.484502315354539e-07,mle,0.24833881079257714,0.2725661239725454,ok,True,True,extraction,
audusd,5234,2026-07-02,4722,5233,512,-0.6580205381624371,linear,52,0,52,52,0,52,0.1,0.1015625,0.1015625,0.3512636708543455,3.512636708543455e-07,mle,0.24833881079257714,0.2725661239725454,ok,True,True,extraction,
audusd,5235,2026-07-03,4723,5234,512,-0.6580205381624371,linear,52,0,52,52,0,52,0.1,0.1015625,0.1015625,0.3512636708543455,3.512636708543455e-07,mle,0.24833881079257714,0.2725661239725454,ok,True,True,extraction,
audusd,5236,2026-07-04,4724,5235,512,-0.6580205381624371,linear,52,0,52,52,0,52,0.1,0.1015625,0.1015625,0.35158217696369765,3.5158217696369764e-07,mle,0.24833881079257714,0.2725661239725454,ok,True,True,extraction,
