asset,t,date,ctx_start,ctx_end,W,u,quantile_method,n_lt_u,n_eq_u,n_le_u,n_raw_exc,tie_count,n_kept,tau_nominal,tau_strict,tau_fit,scale_ref,beta_floor,fit_branch,xi,beta,status,var_defined,es_defined,layer,exclusion_reason
csi300,541,2016-01-04,29,540,512,-2.473909268068443,linear,52,0,52,52,0,52,0.1,0.1015625,0.1015625,1.0301472866152301,1.03014728661523e-06,mle,0.25277665773169056,1.5999087461747763,ok,True,True,extraction,
csi300,542,2016-01-05,30,541,512,-2.5000824783647118,linear,52,0,52,52,0,52,0.1,0.1015625,0.1015625,1.0301472866152301,1.03014728661523e-06,mle,0.2373957189432964,1.707262105682094,ok,True,True,extraction,
csi300,543,2016-01-06,31,542,512,-2.5000824783647118,linear,52,0,52,52,0,52,0.1,0.1015625,0.1015625,1.0300309820638072,1.030030982063807e-06,mle,0.2373957189432964,1.707262105682094,ok,True,True,extraction,
csi300,544,2016-01-07,32,543,512,-2.5000824783647118,linear,52,0,52,52,0,52,0.1,0.1015625,0.1015625,1.0300309820638072,1.030030982063807e-06,mle,0.2373957189432964,1.707262105682094,ok,True,True,extraction,
csi300,545,2016-01-08,33,544,512,-2.5202717468465448,linear,52,0,52,52,0,52,0.1,0.1015625,0.1015625,1.0319213568255088,1.0319213568255088e-06,mle,0.19396265774862834,1.8402610327562792,ok,True,True,extraction,
csi300,546,2016-01-11,34,545,512,-2.5202717468465448,linear,52,0,52,52,0,52,0.1,0.1015625,0.1015625,1.0300309820638072,1.030030982063807e-06,mle,0.19396265774862834,1.8402610327562792,ok,True,True,extraction,
csi300,547,2016-01-12,35,546,512,-2.5202717468465448,linear,52,0,52,52,0,52,0.1,0.1015625,0.1015625,1.0301472866152301,1.03014728661523e-06,mle,0.19396265774862834,1.8402610327562792,ok,True,True,extraction,
csi300,548,2016-01-13,36,547,512,-2.5202717468465448,linear,52,0,52,52,0,52,0.1,0.1015625,0.1015625,1.0319213568255088,1.0319213568255088e-06,mle,0.19396265774862834,1.8402610327562792,ok,True,True,extraction,
csi300,549,2016-01-14,37,548,512,-2.537890862596048,linear,52,0,52,52,0,52,0.1,0.1015625,0.1015625,1.0319213568255088,1.0319213568255088e-06,mle,0.15229469625553824,1.9568779972510817,ok,True,True,extraction,
csi300,550,2016-01-15,38,549,512,-2.537890862596048,linear,52,0,52,52,0,52,0.1,0.1015625,0.1015625,1.0319213568255088,1.0319213568255088e-06,mle,0.15229469625553824,1.9568779972510817,ok,True,True,extraction,
csi300,551,2016-01-19,39,550,512,-2.5749973243911786,linear,52,0,52,52,0,52,0.1,0.1015625,0.1015625,1.0335777458369722,1.033577745836972e-06,mle,0.12647772996954643,2.0301245228604845,ok,True,True,extraction,
csi300,552,2016-01-20,40,551,512,-2.5749973243911786,linear,52,0,52,52,0,52,0.1,0.1015625,0.1015625,1.0337441780671148,1.0337441780671148e-06,mle,0.12647772996954643,2.0301245228604845,ok,True,True,extraction,
csi300,553,2016-01-21,41,552,512,-2.5749973243911786,linear,52,0,52,52,0,52,0.1,0.1015625,0.1015625,1.0367644668877276,1.0367644668877276e-06,mle,0.12647772996954643,2.0301245228604845,ok,True,True,extraction,
csi300,554,2016-01-22,42,553,512,-2.5749973243911786,linear,52,0,52,52,0,52,0.1,0.1015625,0.1015625,1.0367644668877276,1.0367644668877276e-06,mle,0.12647772996954643,2.0301245228604845,ok,True,True,extraction,
csi300,555,2016-01-25,43,554,512,-2.5749973243911786,linear,52,0,52,52,0,52,0.1,0.1015625,0.1015625,1.0367644668877276,1.0367644668877276e-06,mle,0.12647772996954643,2.0301245228604845,ok,True,True,extraction,
csi300,556,2016-01-26,44,555,512,-2.633091922876983,linear,52,0,52,52,0,52,0.1,0.1015625,0.1015625,1.0475458715730317,1.0475458715730317e-06,mle,0.16923309240448567,1.8914855639140131,ok,True,True,extraction,
csi300,557,2016-01-27,45,556,512,-2.6864758600538496,linear,52,0,52,52,0,52,0.1,0.1015625,0.1015625,1.0475458715730317,1.0475458715730317e-06,mle,0.1876411296079344,1.8240948451254222,ok,True,True,extraction,
csi300,558,2016-01-28,46,557,512,-2.6864758600538496,linear,52,0,52,52,0,52,0.1,0.1015625,0.1015625,1.0477006099810533,1.0477006099810532e-06,mle,0.1876411296079344,1.8240948451254222,ok,True,True,extraction,
csi300,559,2016-01-29,47,558,512,-2.6864758600538496,linear,52,0,52,52,0,52,0.1,0.1015625,0.1015625,1.0569090382611046,1.0569090382611046e-06,mle,0.1876411296079344,1.8240948451254222,ok,True,True,extraction,
csi300,560,2016-02-01,48,559,512,-2.6864758600538496,linear,52,0,52,52,0,52,0.1,0.1015625,0.1015625,1.0593296106520094,1.0593296106520093e-06,mle,0.1876411296079344,1.8240948451254222,ok,True,True,extraction,
csi300,561,2016-02-02,49,560,512,-2.7031044453666455,linear,52,0,52,52,0,52,0.1,0.1015625,0.1015625,1.0593296106520094,1.0593296106520093e-06,mle,0.1783300731708013,1.8400426781390737,ok,True,True,extraction,
csi300,562,2016-02-03,50,561,512,-2.7031044453666455,linear,52,0,52,52,0,52,0.1,0.1015625,0.1015625,1.0637668791416464,1.0637668791416463e-06,mle,0.1783300731708013,1.8400426781390737,ok,True,True,extraction,
csi300,563,2016-02-04,51,562,512,-2.7031044453666455,linear,52,0,52,52,0,52,0.1,0.1015625,0.1015625,1.0637668791416464,1.0637668791416463e-06,mle,0.1783300731708013,1.8400426781390737,ok,True,True,extraction,
csi300,564,2016-02-05,52,563,512,-2.7031044453666455,linear,52,0,52,52,0,52,0.1,0.1015625,0.1015625,1.0593296106520094,1.0593296106520093e-06,mle,0.1783300731708013,1.8400426781390737,ok,True,True,extraction,
csi300,565,2016-02-08,53,564,512,-2.721112292564297,linear,52,0,52,52,0,52,0.1,0.1015625,0.1015625,1.0637668791416464,1.0637668791416463e-06,mle,0.177372748060316,1.8344266476839448,ok,True,True,extraction,
csi300,566,2016-02-09,54,565,512,-2.721112292564297,linear,52,0,52,52,0,52,0.1,0.1015625,0.1015625,1.0637668791416464,1.0637668791416463e-06,mle,0.177372748060316,1.8344266476839448,ok,True,True,extraction,
csi300,567,2016-02-10,55,566,512,-2.721112292564297,linear,52,0,52,52,0,52,0.1,0.1015625,0.1015625,1.0637668791416464,1.0637668791416463e-06,mle,0.177372748060316,1.8344266476839448,ok,True,True,extraction,
csi300,568,2016-02-11,56,567,512,-2.721112292564297,linear,52,0,52,52,0,52,0.1,0.1015625,0.1015625,1.069639751294143,1.0696397512941428e-06,mle,0.177372748060316,1.8344266476839448,ok,True,True,extraction,
csi300,569,2016-02-12,57,568,512,-2.721112292564297,linear,52,0,52,52,0,52,0.1,0.1015625,0.1015625,1.0736380453629621,1.0736380453629621e-06,mle,0.177372748060316,1.8344266476839448,ok,True,True,extraction,
csi300,570,2016-02-16,58,569,512,-2.721112292564297,linear,52,0,52,52,0,52,0.1,0.1015625,0.1015625,1.0804351966934336,1.0804351966934335e-06,mle,0.177372748060316,1.8344266476839448,ok,True,True,extraction,
csi300,571,2016-02-17,59,570,512,-2.721112292564297,linear,52,0,52,52,0,52,0.1,0.1015625,0.1015625,1.079056954479963,1.079056954479963e-06,mle,0.177372748060316,1.8344266476839448,ok,True,True,extraction,
csi300,572,2016-02-18,60,571,512,-2.721112292564297,linear,52,0,52,52,0,52,0.1,0.1015625,0.1015625,1.079056954479963,1.079056954479963e-06,mle,0.177372748060316,1.8344266476839448,ok,True,True,extraction,
csi300,573,2016-02-19,61,572,512,-2.721112292564297,linear,52,0,52,52,0,52,0.1,0.1015625,0.1015625,1.0848722889891467,1.0848722889891467e-06,mle,0.177372748060316,1.8344266476839448,ok,True,True,extraction,
csi300,574,2016-02-22,62,573,512,-2.721112292564297,linear,52,0,52,52,0,52,0.1,0.1015625,0.1015625,1.0848722889891467,1.0848722889891467e-06,mle,0.177372748060316,1.8344266476839448,ok,True,True,extraction,
csi300,575,2016-02-23,63,574,512,-2.721112292564297,linear,52,0,52,52,0,52,0.1,0.1015625,0.1015625,1.0848722889891467,1.0848722889891467e-06,mle,0.177372748060316,1.8344266476839448,ok,True,True,extraction,
csi300,576,2016-02-24,64,575,512,-2.7243417263651137,linear,52,0,52,52,0,52,0.1,0.1015625,0.1015625,1.0848708876157223,1.0848708876157222e-06,mle,0.17365095919819887,1.8419596326182734,ok,True,True,extraction,
csi300,577,2016-02-25,65,576,512,-2.7243417263651137,linear,52,0,52,52,0,52,0.1,0.1015625,0.1015625,1.0848708876157223,1.0848708876157222e-06,mle,0.17365095919819887,1.8419596326182734,ok,True,True,extraction,
csi300,578,2016-02-26,66,577,512,-2.776421840128147,linear,52,0,52,52,0,52,0.1,0.1015625,0.1015625,1.0924227674938525,1.0924227674938524e-06,mle,0.15944577574117486,1.880067549552599,ok,True,True,extraction,
csi300,579,2016-02-29,67,578,512,-2.776421840128147,linear,52,0,52,52,0,52,0.1,0.1015625,0.1015625,1.089429386803614,1.089429386803614e-06,mle,0.15944577574117486,1.880067549552599,ok,True,True,extraction,
csi300,580,2016-03-01,68,579,512,-2.776421840128147,linear,52,0,52,52,0,52,0.1,0.1015625,0.1015625,1.0924227674938525,1.0924227674938524e-06,mle,0.15944577574117486,1.880067549552599,ok,True,True,extraction,
csi300,581,2016-03-02,69,580,512,-2.776421840128147,linear,52,0,52,52,0,52,0.1,0.1015625,0.1015625,1.089429386803614,1.089429386803614e-06,mle,0.15944577574117486,1.880067549552599,ok,True,True,extraction,
csi300,582,2016-03-03,70,581,512,-2.776421840128147,linear,52,0,52,52,0,52,0.1,0.1015625,0.1015625,1.0984110350545986,1.0984110350545985e-06,mle,0.15944577574117486,1.880067549552599,ok,True,True,extraction,
csi300,583,2016-03-04,71,582,512,-2.776421840128147,linear,52,0,52,52,0,52,0.1,0.1015625,0.1015625,1.0978522313089503,1.0978522313089501e-06,mle,0.15944577574117486,1.880067549552599,ok,True,True,extraction,
csi300,584,2016-03-07,72,583,512,-2.776421840128147,linear,52,0,52,52,0,52,0.1,0.1015625,0.1015625,1.0989155890594189,1.0989155890594188e-06,mle,0.15944577574117486,1.880067549552599,ok,True,True,extraction,
csi300,585,2016-03-08,73,584,512,-2.776421840128147,linear,52,0,52,52,0,52,0.1,0.1015625,0.1015625,1.0989155890594189,1.0989155890594188e-06,mle,0.15944577574117486,1.880067549552599,ok,True,True,extraction,
csi300,586,2016-03-09,74,585,512,-2.7243417263651137,linear,52,0,52,52,0,52,0.1,0.1015625,0.1015625,1.0989155890594189,1.0989155890594188e-06,mle,0.15115855572864262,1.9212544956776818,ok,True,True,extraction,
csi300,587,2016-03-10,75,586,512,-2.7243417263651137,linear,52,0,52,52,0,52,0.1,0.1015625,0.1015625,1.0978522313089503,1.0978522313089501e-06,mle,0.15115855572864262,1.9212544956776818,ok,True,True,extraction,
csi300,588,2016-03-11,76,587,512,-2.7243417263651137,linear,52,0,52,52,0,52,0.1,0.1015625,0.1015625,1.1072197502540206,1.1072197502540206e-06,mle,0.15115855572864262,1.9212544956776818,ok,True,True,extraction,
csi300,589,2016-03-14,77,588,512,-2.7243417263651137,linear,52,0,52,52,0,52,0.1,0.1015625,0.1015625,1.113130464314993,1.113130464314993e-06,mle,0.15115855572864262,1.9212544956776818,ok,True,True,extraction,
csi300,590,2016-03-15,78,589,512,-2.7243417263651137,linear,52,0,52,52,0,52,0.1,0.1015625,0.1015625,1.113130464314993,1.113130464314993e-06,mle,0.15115855572864262,1.9212544956776818,ok,True,True,extraction,
csi300,591,2016-03-16,79,590,512,-2.7243417263651137,linear,52,0,52,52,0,52,0.1,0.1015625,0.1015625,1.110222774732161,1.1102227747321609e-06,mle,0.15115855572864262,1.9212544956776818,ok,True,True,extraction,
csi300,592,2016-03-17,80,591,512,-2.7243417263651137,linear,52,0,52,52,0,52,0.1,0.1015625,0.1015625,1.119371020994424,1.119371020994424e-06,mle,0.15115855572864262,1.9212544956776818,ok,True,True,extraction,
csi300,593,2016-03-18,81,592,512,-2.7243417263651137,linear,52,0,52,52,0,52,0.1,0.1015625,0.1015625,1.1204738001636332,1.1204738001636332e-06,mle,0.15115855572864262,1.9212544956776818,ok,True,True,extraction,
csi300,594,2016-03-21,82,593,512,-2.7243417263651137,linear,52,0,52,52,0,52,0.1,0.1015625,0.1015625,1.1319509153335798,1.1319509153335798e-06,mle,0.15115855572864262,1.9212544956776818,ok,True,True,extraction,
csi300,595,2016-03-22,83,594,512,-2.721112292564297,linear,52,0,52,52,0,52,0.1,0.1015625,0.1015625,1.1345171002339054,1.1345171002339053e-06,mle,0.1732732352919047,1.8663389795591014,ok,True,True,extraction,
csi300,596,2016-03-23,84,595,512,-2.721112292564297,linear,52,0,52,52,0,52,0.1,0.1015625,0.1015625,1.1409543556078554,1.1409543556078553e-06,mle,0.1732732352919047,1.8663389795591014,ok,True,True,extraction,
csi300,597,2016-03-24,85,596,512,-2.721112292564297,linear,52,0,52,52,0,52,0.1,0.1015625,0.1015625,1.1429605046870512,1.1429605046870513e-06,mle,0.1732732352919047,1.8663389795591014,ok,True,True,extraction,
csi300,598,2016-03-28,86,597,512,-2.721112292564297,linear,52,0,52,52,0,52,0.1,0.1015625,0.1015625,1.1520444049211371,1.1520444049211372e-06,mle,0.1732732352919047,1.8663389795591014,ok,True,True,extraction,
csi300,599,2016-03-29,87,598,512,-2.721112292564297,linear,52,0,52,52,0,52,0.1,0.1015625,0.1015625,1.1519639449613268,1.1519639449613267e-06,mle,0.1732732352919047,1.8663389795591014,ok,True,True,extraction,
csi300,600,2016-03-30,88,599,512,-2.721112292564297,linear,52,0,52,52,0,52,0.1,0.1015625,0.1015625,1.1520444049211371,1.1520444049211372e-06,mle,0.1732732352919047,1.8663389795591014,ok,True,True,extraction,
csi300,601,2016-03-31,89,600,512,-2.721112292564297,linear,52,0,52,52,0,52,0.1,0.1015625,0.1015625,1.1578782832262955,1.1578782832262955e-06,mle,0.1732732352919047,1.8663389795591014,ok,True,True,extraction,
csi300,602,2016-04-01,90,601,512,-2.721112292564297,linear,52,0,52,52,0,52,0.1,0.1015625,0.1015625,1.1653595369355412,1.1653595369355412e-06,mle,0.1732732352919047,1.8663389795591014,ok,True,True,extraction,
csi300,603,2016-04-04,91,602,512,-2.721112292564297,linear,52,0,52,52,0,52,0.1,0.1015625,0.1015625,1.156380948626929,1.1563809486269289e-06,mle,0.1732732352919047,1.8663389795591014,ok,True,True,extraction,
csi300,604,2016-04-05,92,603,512,-2.721112292564297,linear,52,0,52,52,0,52,0.1,0.1015625,0.1015625,1.1519639449613268,1.1519639449613267e-06,mle,0.1732732352919047,1.8663389795591014,ok,True,True,extraction,
csi300,605,2016-04-06,93,604,512,-2.721112292564297,linear,52,0,52,52,0,52,0.1,0.1015625,0.1015625,1.1519639449613268,1.1519639449613267e-06,mle,0.1732732352919047,1.8663389795591014,ok,True,True,extraction,
csi300,606,2016-04-07,94,605,512,-2.721112292564297,linear,52,0,52,52,0,52,0.1,0.1015625,0.1015625,1.1519639449613268,1.1519639449613267e-06,mle,0.1732732352919047,1.8663389795591014,ok,True,True,extraction,
csi300,607,2016-04-08,95,606,512,-2.7243417263651137,linear,52,0,52,52,0,52,0.1,0.1015625,0.1015625,1.1578782832262955,1.1578782832262955e-06,mle,0.15268901714024152,1.917119225049537,ok,True,True,extraction,
csi300,608,2016-04-11,96,607,512,-2.7243417263651137,linear,52,0,52,52,0,52,0.1,0.1015625,0.1015625,1.156380948626929,1.1563809486269289e-06,mle,0.15268901714024152,1.917119225049537,ok,True,True,extraction,
csi300,609,2016-04-12,97,608,512,-2.7243417263651137,linear,52,0,52,52,0,52,0.1,0.1015625,0.1015625,1.156380948626929,1.1563809486269289e-06,mle,0.15268901714024152,1.917119225049537,ok,True,True,extraction,
csi300,610,2016-04-13,98,609,512,-2.7243417263651137,linear,52,0,52,52,0,52,0.1,0.1015625,0.1015625,1.1531050254068056,1.1531050254068055e-06,mle,0.15268901714024152,1.917119225049537,ok,True,True,extraction,
csi300,611,2016-04-14,99,610,512,-2.7243417263651137,linear,52,0,52,52,0,52,0.1,0.1015625,0.1015625,1.1570742981436504,1.1570742981436503e-06,mle,0.15268901714024152,1.917119225049537,ok,True,True,extraction,
csi300,612,2016-04-15,100,611,512,-2.7243417263651137,linear,52,0,52,52,0,52,0.1,0.1015625,0.1015625,1.1594451986705727,1.1594451986705726e-06,mle,0.15268901714024152,1.917119225049537,ok,True,True,extraction,
csi300,613,2016-04-18,101,612,512,-2.7243417263651137,linear,52,0,52,52,0,52,0.1,0.1015625,0.1015625,1.1519639449613268,1.1519639449613267e-06,mle,0.15268901714024152,1.917119225049537,ok,True,True,extraction,
csi300,614,2016-04-19,102,613,512,-2.7243417263651137,linear,52,0,52,52,0,52,0.1,0.1015625,0.1015625,1.1519639449613268,1.1519639449613267e-06,mle,0.15268901714024152,1.917119225049537,ok,True,True,extraction,
csi300,615,2016-04-20,103,614,512,-2.7243417263651137,linear,52,0,52,52,0,52,0.1,0.1015625,0.1015625,1.1519639449613268,1.1519639449613267e-06,mle,0.15268901714024152,1.917119225049537,ok,True,True,extraction,
csi300,616,2016-04-21,104,615,512,-2.776421840128147,linear,52,0,52,52,0,52,0.1,0.1015625,0.1015625,1.1520444049211371,1.1520444049211372e-06,mle,0.19786105162147355,1.783480006529726,ok,True,True,extraction,
csi300,617,2016-04-22,105,616,512,-2.776421840128147,linear,52,0,52,52,0,52,0.1,0.1015625,0.1015625,1.170563283290365,1.170563283290365e-06,mle,0.19786105162147355,1.783480006529726,ok,True,True,extraction,
csi300,618,2016-04-25,106,617,512,-2.776421840128147,linear,52,0,52,52,0,52,0.1,0.1015625,0.1015625,1.170563283290365,1.170563283290365e-06,mle,0.19786105162147355,1.783480006529726,ok,True,True,extraction,
csi300,619,2016-04-26,107,618,512,-2.776421840128147,linear,52,0,52,52,0,52,0.1,0.1015625,0.1015625,1.170563283290365,1.170563283290365e-06,mle,0.19786105162147355,1.783480006529726,ok,True,True,extraction,
csi300,620,2016-04-27,108,619,512,-2.776421840128147,linear,52,0,52,52,0,52,0.1,0.1015625,0.1015625,1.178875205456504,1.178875205456504e-06,mle,0.19786105162147355,1.783480006529726,ok,True,True,extraction,
csi300,621,2016-04-28,109,620,512,-2.776421840128147,linear,52,0,52,52,0,52,0.1,0.1015625,0.1015625,1.170563283290365,1.170563283290365e-06,mle,0.19786105162147355,1.783480006529726,ok,True,True,extraction,
csi300,622,2016-04-29,110,621,512,-2.776421840128147,linear,52,0,52,52,0,52,0.1,0.1015625,0.1015625,1.170563283290365,1.170563283290365e-06,mle,0.19786105162147355,1.783480006529726,ok,True,True,extraction,
csi300,623,2016-05-02,111,622,512,-2.776421840128147,linear,52,0,52,52,0,52,0.1,0.1015625,0.1015625,1.170563283290365,1.170563283290365e-06,mle,0.19786105162147355,1.783480006529726,ok,True,True,extraction,
csi300,624,2016-05-03,112,623,512,-2.776421840128147,linear,52,0,52,52,0,52,0.1,0.1015625,0.1015625,1.1520444049211371,1.1520444049211372e-06,mle,0.19786105162147355,1.783480006529726,ok,True,True,extraction,
csi300,625,2016-05-04,113,624,512,-2.776421840128147,linear,52,0,52,52,0,52,0.1,0.1015625,0.1015625,1.1520444049211371,1.1520444049211372e-06,mle,0.19786105162147355,1.783480006529726,ok,True,True,extraction,
csi300,626,2016-05-05,114,625,512,-2.776421840128147,linear,52,0,52,52,0,52,0.1,0.1015625,0.1015625,1.1520444049211371,1.1520444049211372e-06,mle,0.19786105162147355,1.783480006529726,ok,True,True,extraction,
csi300,627,2016-05-06,115,626,512,-2.776421840128147,linear,52,0,52,52,0,52,0.1,0.1015625,0.1015625,1.1520444049211371,1.1520444049211372e-06,mle,0.19786105162147355,1.783480006529726,ok,True,True,extraction,
csi300,628,2016-05-09,116,627,512,-2.8094661919834403,linear,52,0,52,52,0,52,0.1,0.1015625,0.1015625,1.1685290989046586,1.1685290989046585e-06,mle,0.22430317643017816,1.708995759039016,ok,True,True,extraction,
csi300,629,2016-05-10,117,628,512,-2.8255653951540345,linear,52,0,52,52,0,52,0.1,0.1015625,0.1015625,1.1685290989046586,1.1685290989046585e-06,mle,0.22990457756277244,1.6895263571004764,ok,True,True,extraction,
csi300,630,2016-05-11,118,629,512,-2.8255653951540345,linear,52,0,52,52,0,52,0.1,0.1015625,0.1015625,1.1685290989046586,1.1685290989046585e-06,mle,0.22990457756277244,1.6895263571004764,ok,True,True,extraction,
csi300,631,2016-05-12,119,630,512,-2.8255653951540345,linear,52,0,52,52,0,52,0.1,0.1015625,0.1015625,1.1780445369996104,1.1780445369996104e-06,mle,0.22990457756277244,1.6895263571004764,ok,True,True,extraction,
csi300,632,2016-05-13,120,631,512,-2.8255653951540345,linear,52,0,52,52,0,52,0.1,0.1015625,0.1015625,1.1780445369996104,1.1780445369996104e-06,mle,0.22990457756277244,1.6895263571004764,ok,True,True,extraction,
csi300,633,2016-05-16,121,632,512,-2.8255653951540345,linear,52,0,52,52,0,52,0.1,0.1015625,0.1015625,1.1851971448623795,1.1851971448623794e-06,mle,0.22990457756277244,1.6895263571004764,ok,True,True,extraction,
csi300,634,2016-05-17,122,633,512,-2.8255653951540345,linear,52,0,52,52,0,52,0.1,0.1015625,0.1015625,1.1920376501255325,1.1920376501255326e-06,mle,0.22990457756277244,1.6895263571004764,ok,True,True,extraction,
csi300,635,2016-05-18,123,634,512,-2.8255653951540345,linear,52,0,52,52,0,52,0.1,0.1015625,0.1015625,1.193923335757043,1.1939233357570429e-06,mle,0.22990457756277244,1.6895263571004764,ok,True,True,extraction,
csi300,636,2016-05-19,124,635,512,-2.8255653951540345,linear,52,0,52,52,0,52,0.1,0.1015625,0.1015625,1.193923335757043,1.1939233357570429e-06,mle,0.22990457756277244,1.6895263571004764,ok,True,True,extraction,
csi300,637,2016-05-20,125,636,512,-2.8255653951540345,linear,52,0,52,52,0,52,0.1,0.1015625,0.1015625,1.193923335757043,1.1939233357570429e-06,mle,0.22990457756277244,1.6895263571004764,ok,True,True,extraction,
csi300,638,2016-05-23,126,637,512,-2.8255653951540345,linear,52,0,52,52,0,52,0.1,0.1015625,0.1015625,1.1960223166007995,1.1960223166007995e-06,mle,0.22990457756277244,1.6895263571004764,ok,True,True,extraction,
csi300,639,2016-05-24,127,638,512,-2.8255653951540345,linear,52,0,52,52,0,52,0.1,0.1015625,0.1015625,1.1878156852122472,1.187815685212247e-06,mle,0.22990457756277244,1.6895263571004764,ok,True,True,extraction,
csi300,640,2016-05-25,128,639,512,-2.8255653951540345,linear,52,0,52,52,0,52,0.1,0.1015625,0.1015625,1.193923335757043,1.1939233357570429e-06,mle,0.22990457756277244,1.6895263571004764,ok,True,True,extraction,
csi300,641,2016-05-26,129,640,512,-2.8255653951540345,linear,52,0,52,52,0,52,0.1,0.1015625,0.1015625,1.1878156852122472,1.187815685212247e-06,mle,0.22990457756277244,1.6895263571004764,ok,True,True,extraction,
csi300,642,2016-05-27,130,641,512,-2.8255653951540345,linear,52,0,52,52,0,52,0.1,0.1015625,0.1015625,1.1868355243523245,1.1868355243523245e-06,mle,0.22990457756277244,1.6895263571004764,ok,True,True,extraction,
csi300,643,2016-05-31,131,642,512,-2.8255653951540345,linear,52,0,52,52,0,52,0.1,0.1015625,0.1015625,1.1868355243523245,1.1868355243523245e-06,mle,0.22990457756277244,1.6895263571004764,ok,True,True,extraction,
csi300,644,2016-06-01,132,643,512,-2.8255653951540345,linear,52,0,52,52,0,52,0.1,0.1015625,0.1015625,1.1920376501255325,1.1920376501255326e-06,mle,0.22990457756277244,1.6895263571004764,ok,True,True,extraction,
csi300,645,2016-06-02,133,644,512,-2.8255653951540345,linear,52,0,52,52,0,52,0.1,0.1015625,0.1015625,1.193923335757043,1.1939233357570429e-06,mle,0.22990457756277244,1.6895263571004764,ok,True,True,extraction,
csi300,646,2016-06-03,134,645,512,-2.8255653951540345,linear,52,0,52,52,0,52,0.1,0.1015625,0.1015625,1.193923335757043,1.1939233357570429e-06,mle,0.22990457756277244,1.6895263571004764,ok,True,True,extraction,
csi300,647,2016-06-06,135,646,512,-2.8255653951540345,linear,52,0,52,52,0,52,0.1,0.1015625,0.1015625,1.1948178948828052,1.1948178948828051e-06,mle,0.22990457756277244,1.6895263571004764,ok,True,True,extraction,
csi300,648,2016-06-07,136,647,512,-2.8255653951540345,linear,52,0,52,52,0,52,0.1,0.1015625,0.1015625,1.193923335757043,1.1939233357570429e-06,mle,0.22990457756277244,1.6895263571004764,ok,True,True,extraction,
csi300,649,2016-06-08,137,648,512,-2.8255653951540345,linear,52,0,52,52,0,52,0.1,0.1015625,0.1015625,1.193923335757043,1.1939233357570429e-06,mle,0.22990457756277244,1.6895263571004764,ok,True,True,extraction,
csi300,650,2016-06-09,138,649,512,-2.8255653951540345,linear,52,0,52,52,0,52,0.1,0.1015625,0.1015625,1.1876609468042256,1.1876609468042257e-06,mle,0.22990457756277244,1.6895263571004764,ok,True,True,extraction,
csi300,651,2016-06-10,139,650,512,-2.8255653951540345,linear,52,0,52,52,0,52,0.1,0.1015625,0.1015625,1.1876609468042256,1.1876609468042257e-06,mle,0.22990457756277244,1.6895263571004764,ok,True,True,extraction,
csi300,652,2016-06-13,140,651,512,-2.8255653951540345,linear,52,0,52,52,0,52,0.1,0.1015625,0.1015625,1.1967944521095433,1.1967944521095433e-06,mle,0.22990457756277244,1.6895263571004764,ok,True,True,extraction,
csi300,653,2016-06-14,141,652,512,-2.8255653951540345,linear,52,0,52,52,0,52,0.1,0.1015625,0.1015625,1.2007266272099066,1.2007266272099065e-06,mle,0.22990457756277244,1.6895263571004764,ok,True,True,extraction,
csi300,654,2016-06-15,142,653,512,-2.8255653951540345,linear,52,0,52,52,0,52,0.1,0.1015625,0.1015625,1.2051663380908337,1.2051663380908337e-06,mle,0.22990457756277244,1.6895263571004764,ok,True,True,extraction,
csi300,655,2016-06-16,143,654,512,-2.8255653951540345,linear,52,0,52,52,0,52,0.1,0.1015625,0.1015625,1.2055206430042067,1.2055206430042065e-06,mle,0.22990457756277244,1.6895263571004764,ok,True,True,extraction,
csi300,656,2016-06-17,144,655,512,-2.8255653951540345,linear,52,0,52,52,0,52,0.1,0.1015625,0.1015625,1.2055206430042067,1.2055206430042065e-06,mle,0.22990457756277244,1.6895263571004764,ok,True,True,extraction,
csi300,657,2016-06-20,145,656,512,-2.8255653951540345,linear,52,0,52,52,0,52,0.1,0.1015625,0.1015625,1.2076196238479633,1.2076196238479632e-06,mle,0.22990457756277244,1.6895263571004764,ok,True,True,extraction,
csi300,658,2016-06-21,146,657,512,-2.8255653951540345,linear,52,0,52,52,0,52,0.1,0.1015625,0.1015625,1.2076196238479633,1.2076196238479632e-06,mle,0.22990457756277244,1.6895263571004764,ok,True,True,extraction,
csi300,659,2016-06-22,147,658,512,-2.8255653951540345,linear,52,0,52,52,0,52,0.1,0.1015625,0.1015625,1.2055206430042067,1.2055206430042065e-06,mle,0.22990457756277244,1.6895263571004764,ok,True,True,extraction,
csi300,660,2016-06-23,148,659,512,-2.8255653951540345,linear,52,0,52,52,0,52,0.1,0.1015625,0.1015625,1.2076196238479633,1.2076196238479632e-06,mle,0.22990457756277244,1.6895263571004764,ok,True,True,extraction,
csi300,661,2016-06-24,149,660,512,-2.8255653951540345,linear,52,0,52,52,0,52,0.1,0.1015625,0.1015625,1.2082616405408326,1.2082616405408326e-06,mle,0.22990457756277244,1.6895263571004764,ok,True,True,extraction,
csi300,662,2016-06-27,150,661,512,-2.886559111390236,linear,52,0,52,52,0,52,0.1,0.1015625,0.1015625,1.2076196238479633,1.2076196238479632e-06,mle,0.2669810096861562,1.5872366949965706,ok,True,True,extraction,
csi300,663,2016-06-28,151,662,512,-2.886559111390236,linear,52,0,52,52,0,52,0.1,0.1015625,0.1015625,1.2076196238479633,1.2076196238479632e-06,mle,0.2669810096861562,1.5872366949965706,ok,True,True,extraction,
csi300,664,2016-06-29,152,663,512,-2.886559111390236,linear,52,0,52,52,0,52,0.1,0.1015625,0.1015625,1.2082616405408326,1.2082616405408326e-06,mle,0.2669810096861562,1.5872366949965706,ok,True,True,extraction,
csi300,665,2016-06-30,153,664,512,-2.886559111390236,linear,52,0,52,52,0,52,0.1,0.1015625,0.1015625,1.217768021640202,1.217768021640202e-06,mle,0.2669810096861562,1.5872366949965706,ok,True,True,extraction,
csi300,666,2016-07-01,154,665,512,-2.886559111390236,linear,52,0,52,52,0,52,0.1,0.1015625,0.1015625,1.2100656166710717,1.2100656166710717e-06,mle,0.2669810096861562,1.5872366949965706,ok,True,True,extraction,
csi300,667,2016-07-05,155,666,512,-2.886559111390236,linear,52,0,52,52,0,52,0.1,0.1015625,0.1015625,1.2100656166710717,1.2100656166710717e-06,mle,0.2669810096861562,1.5872366949965706,ok,True,True,extraction,
csi300,668,2016-07-06,156,667,512,-2.886559111390236,linear,52,0,52,52,0,52,0.1,0.1015625,0.1015625,1.2158633937642547,1.2158633937642547e-06,mle,0.2669810096861562,1.5872366949965706,ok,True,True,extraction,
csi300,669,2016-07-07,157,668,512,-2.886559111390236,linear,52,0,52,52,0,52,0.1,0.1015625,0.1015625,1.2158633937642547,1.2158633937642547e-06,mle,0.2669810096861562,1.5872366949965706,ok,True,True,extraction,
csi300,670,2016-07-08,158,669,512,-2.886559111390236,linear,52,0,52,52,0,52,0.1,0.1015625,0.1015625,1.2158633937642547,1.2158633937642547e-06,mle,0.2669810096861562,1.5872366949965706,ok,True,True,extraction,
csi300,671,2016-07-11,159,670,512,-2.886559111390236,linear,52,0,52,52,0,52,0.1,0.1015625,0.1015625,1.2158633937642547,1.2158633937642547e-06,mle,0.2669810096861562,1.5872366949965706,ok,True,True,extraction,
csi300,672,2016-07-12,160,671,512,-2.886559111390236,linear,52,0,52,52,0,52,0.1,0.1015625,0.1015625,1.2100656166710717,1.2100656166710717e-06,mle,0.2669810096861562,1.5872366949965706,ok,True,True,extraction,
csi300,673,2016-07-13,161,672,512,-2.886559111390236,linear,52,0,52,52,0,52,0.1,0.1015625,0.1015625,1.217768021640202,1.217768021640202e-06,mle,0.2669810096861562,1.5872366949965706,ok,True,True,extraction,
csi300,674,2016-07-14,162,673,512,-2.886559111390236,linear,52,0,52,52,0,52,0.1,0.1015625,0.1015625,1.217768021640202,1.217768021640202e-06,mle,0.2669810096861562,1.5872366949965706,ok,True,True,extraction,
csi300,675,2016-07-15,163,674,512,-2.886559111390236,linear,52,0,52,52,0,52,0.1,0.1015625,0.1015625,1.2182205682980514,1.2182205682980513e-06,mle,0.2669810096861562,1.5872366949965706,ok,True,True,extraction,
csi300,676,2016-07-18,164,675,512,-2.886559111390236,linear,52,0,52,52,0,52,0.1,0.1015625,0.1015625,1.2182205682980514,1.2182205682980513e-06,mle,0.2669810096861562,1.5872366949965706,ok,True,True,extraction,
csi300,677,2016-07-19,165,676,512,-2.886559111390236,linear,52,0,52,52,0,52,0.1,0.1015625,0.1015625,1.2182205682980514,1.2182205682980513e-06,mle,0.2669810096861562,1.5872366949965706,ok,True,True,extraction,
csi300,678,2016-07-20,166,677,512,-2.886559111390236,linear,52,0,52,52,0,52,0.1,0.1015625,0.1015625,1.2182205682980514,1.2182205682980513e-06,mle,0.2669810096861562,1.5872366949965706,ok,True,True,extraction,
csi300,679,2016-07-21,167,678,512,-2.886559111390236,linear,52,0,52,52,0,52,0.1,0.1015625,0.1015625,1.2082616405408326,1.2082616405408326e-06,mle,0.2669810096861562,1.5872366949965706,ok,True,True,extraction,
csi300,680,2016-07-22,168,679,512,-2.886559111390236,linear,52,0,52,52,0,52,0.1,0.1015625,0.1015625,1.2082616405408326,1.2082616405408326e-06,mle,0.2669810096861562,1.5872366949965706,ok,True,True,extraction,
csi300,681,2016-07-25,169,680,512,-2.886559111390236,linear,52,0,52,52,0,52,0.1,0.1015625,0.1015625,1.2082616405408326,1.2082616405408326e-06,mle,0.2669810096861562,1.5872366949965706,ok,True,True,extraction,
csi300,682,2016-07-26,170,681,512,-2.886559111390236,linear,52,0,52,52,0,52,0.1,0.1015625,0.1015625,1.2051663380908337,1.2051663380908337e-06,mle,0.2669810096861562,1.5872366949965706,ok,True,True,extraction,
csi300,683,2016-07-27,171,682,512,-2.886559111390236,linear,52,0,52,52,0,52,0.1,0.1015625,0.1015625,1.2192913476623772,1.2192913476623772e-06,mle,0.2669810096861562,1.5872366949965706,ok,True,True,extraction,
csi300,684,2016-07-28,172,683,512,-2.886559111390236,linear,52,0,52,52,0,52,0.1,0.1015625,0.1015625,1.2172198007964656,1.2172198007964655e-06,mle,0.2669810096861562,1.5872366949965706,ok,True,True,extraction,
csi300,685,2016-07-29,173,684,512,-2.886559111390236,linear,52,0,52,52,0,52,0.1,0.1015625,0.1015625,1.2192913476623772,1.2192913476623772e-06,mle,0.2669810096861562,1.5872366949965706,ok,True,True,extraction,
csi300,686,2016-08-01,174,685,512,-2.886559111390236,linear,52,0,52,52,0,52,0.1,0.1015625,0.1015625,1.2120496691280986,1.2120496691280986e-06,mle,0.2669810096861562,1.5872366949965706,ok,True,True,extraction,
csi300,687,2016-08-02,175,686,512,-2.886559111390236,linear,52,0,52,52,0,52,0.1,0.1015625,0.1015625,1.210336469759201,1.2103364697592008e-06,mle,0.2669810096861562,1.5872366949965706,ok,True,True,extraction,
csi300,688,2016-08-03,176,687,512,-2.886559111390236,linear,52,0,52,52,0,52,0.1,0.1015625,0.1015625,1.2084748196161255,1.2084748196161254e-06,mle,0.2669810096861562,1.5872366949965706,ok,True,True,extraction,
csi300,689,2016-08-04,177,688,512,-2.886559111390236,linear,52,0,52,52,0,52,0.1,0.1015625,0.1015625,1.2120496691280986,1.2120496691280986e-06,mle,0.2669810096861562,1.5872366949965706,ok,True,True,extraction,
csi300,690,2016-08-05,178,689,512,-2.886559111390236,linear,52,0,52,52,0,52,0.1,0.1015625,0.1015625,1.2051663380908337,1.2051663380908337e-06,mle,0.2669810096861562,1.5872366949965706,ok,True,True,extraction,
csi300,691,2016-08-08,179,690,512,-2.886559111390236,linear,52,0,52,52,0,52,0.1,0.1015625,0.1015625,1.2051663380908337,1.2051663380908337e-06,mle,0.2669810096861562,1.5872366949965706,ok,True,True,extraction,
csi300,692,2016-08-09,180,691,512,-2.886559111390236,linear,52,0,52,52,0,52,0.1,0.1015625,0.1015625,1.1995733784889326,1.1995733784889325e-06,mle,0.2669810096861562,1.5872366949965706,ok,True,True,extraction,
csi300,693,2016-08-10,181,692,512,-2.886559111390236,linear,52,0,52,52,0,52,0.1,0.1015625,0.1015625,1.1995733784889326,1.1995733784889325e-06,mle,0.2669810096861562,1.5872366949965706,ok,True,True,extraction,
csi300,694,2016-08-11,182,693,512,-2.886559111390236,linear,52,0,52,52,0,52,0.1,0.1015625,0.1015625,1.1995733784889326,1.1995733784889325e-06,mle,0.2669810096861562,1.5872366949965706,ok,True,True,extraction,
csi300,695,2016-08-12,183,694,512,-2.886559111390236,linear,52,0,52,52,0,52,0.1,0.1015625,0.1015625,1.1995733784889326,1.1995733784889325e-06,mle,0.2669810096861562,1.5872366949965706,ok,True,True,extraction,
csi300,696,2016-08-15,184,695,512,-2.886559111390236,linear,52,0,52,52,0,52,0.1,0.1015625,0.1015625,1.2082616405408326,1.2082616405408326e-06,mle,0.2669810096861562,1.5872366949965706,ok,True,True,extraction,
csi300,697,2016-08-16,185,696,512,-2.886559111390236,linear,52,0,52,52,0,52,0.1,0.1015625,0.1015625,1.2082616405408326,1.2082616405408326e-06,mle,0.2669810096861562,1.5872366949965706,ok,True,True,extraction,
csi300,698,2016-08-17,186,697,512,-2.886559111390236,linear,52,0,52,52,0,52,0.1,0.1015625,0.1015625,1.2082616405408326,1.2082616405408326e-06,mle,0.2669810096861562,1.5872366949965706,ok,True,True,extraction,
csi300,699,2016-08-18,187,698,512,-2.886559111390236,linear,52,0,52,52,0,52,0.1,0.1015625,0.1015625,1.2082616405408326,1.2082616405408326e-06,mle,0.2669810096861562,1.5872366949965706,ok,True,True,extraction,
csi300,700,2016-08-19,188,699,512,-2.886559111390236,linear,52,0,52,52,0,52,0.1,0.1015625,0.1015625,1.2036088822355193,1.2036088822355192e-06,mle,0.2669810096861562,1.5872366949965706,ok,True,True,extraction,
csi300,701,2016-08-22,189,700,512,-2.886559111390236,linear,52,0,52,52,0,52,0.1,0.1015625,0.1015625,1.1960223166007995,1.1960223166007995e-06,mle,0.2669810096861562,1.5872366949965706,ok,True,True,extraction,
csi300,702,2016-08-23,190,701,512,-2.886559111390236,linear,52,0,52,52,0,52,0.1,0.1015625,0.1015625,1.1922722718719676,1.1922722718719676e-06,mle,0.2669810096861562,1.5872366949965706,ok,True,True,extraction,
csi300,703,2016-08-24,191,702,512,-2.886559111390236,linear,52,0,52,52,0,52,0.1,0.1015625,0.1015625,1.1922722718719676,1.1922722718719676e-06,mle,0.2669810096861562,1.5872366949965706,ok,True,True,extraction,
csi300,704,2016-08-25,192,703,512,-2.886559111390236,linear,52,0,52,52,0,52,0.1,0.1015625,0.1015625,1.1922722718719676,1.1922722718719676e-06,mle,0.2669810096861562,1.5872366949965706,ok,True,True,extraction,
csi300,705,2016-08-26,193,704,512,-2.886559111390236,linear,52,0,52,52,0,52,0.1,0.1015625,0.1015625,1.1868355243523245,1.1868355243523245e-06,mle,0.2669810096861562,1.5872366949965706,ok,True,True,extraction,
csi300,706,2016-08-29,194,705,512,-2.886559111390236,linear,52,0,52,52,0,52,0.1,0.1015625,0.1015625,1.192851217209536,1.192851217209536e-06,mle,0.2669810096861562,1.5872366949965706,ok,True,True,extraction,
csi300,707,2016-08-30,195,706,512,-2.886559111390236,linear,52,0,52,52,0,52,0.1,0.1015625,0.1015625,1.192851217209536,1.192851217209536e-06,mle,0.2669810096861562,1.5872366949965706,ok,True,True,extraction,
csi300,708,2016-08-31,196,707,512,-2.886559111390236,linear,52,0,52,52,0,52,0.1,0.1015625,0.1015625,1.192851217209536,1.192851217209536e-06,mle,0.2669810096861562,1.5872366949965706,ok,True,True,extraction,
csi300,709,2016-09-01,197,708,512,-2.886559111390236,linear,52,0,52,52,0,52,0.1,0.1015625,0.1015625,1.1868355243523245,1.1868355243523245e-06,mle,0.2669810096861562,1.5872366949965706,ok,True,True,extraction,
csi300,710,2016-09-02,198,709,512,-2.886559111390236,linear,52,0,52,52,0,52,0.1,0.1015625,0.1015625,1.1868355243523245,1.1868355243523245e-06,mle,0.2669810096861562,1.5872366949965706,ok,True,True,extraction,
csi300,711,2016-09-06,199,710,512,-2.886559111390236,linear,52,0,52,52,0,52,0.1,0.1015625,0.1015625,1.1868355243523245,1.1868355243523245e-06,mle,0.2669810096861562,1.5872366949965706,ok,True,True,extraction,
csi300,712,2016-09-07,200,711,512,-2.886559111390236,linear,52,0,52,52,0,52,0.1,0.1015625,0.1015625,1.188594455757906,1.1885944557579059e-06,mle,0.2669810096861562,1.5872366949965706,ok,True,True,extraction,
csi300,713,2016-09-08,201,712,512,-2.886559111390236,linear,52,0,52,52,0,52,0.1,0.1015625,0.1015625,1.188594455757906,1.1885944557579059e-06,mle,0.2669810096861562,1.5872366949965706,ok,True,True,extraction,
csi300,714,2016-09-09,202,713,512,-2.886559111390236,linear,52,0,52,52,0,52,0.1,0.1015625,0.1015625,1.1853456436165755,1.1853456436165754e-06,mle,0.2669810096861562,1.5872366949965706,ok,True,True,extraction,
csi300,715,2016-09-12,203,714,512,-2.886559111390236,linear,52,0,52,52,0,52,0.1,0.1015625,0.1015625,1.1948178948828052,1.1948178948828051e-06,mle,0.2669810096861562,1.5872366949965706,ok,True,True,extraction,
csi300,716,2016-09-13,204,715,512,-2.886559111390236,linear,52,0,52,52,0,52,0.1,0.1015625,0.1015625,1.1924982514793445,1.1924982514793445e-06,mle,0.2669810096861562,1.5872366949965706,ok,True,True,extraction,
csi300,717,2016-09-14,205,716,512,-2.886559111390236,linear,52,0,52,52,0,52,0.1,0.1015625,0.1015625,1.1889823880692403,1.1889823880692403e-06,mle,0.2669810096861562,1.5872366949965706,ok,True,True,extraction,
csi300,718,2016-09-15,206,717,512,-2.886559111390236,linear,52,0,52,52,0,52,0.1,0.1015625,0.1015625,1.1879005489052707,1.1879005489052707e-06,mle,0.2669810096861562,1.5872366949965706,ok,True,True,extraction,
csi300,719,2016-09-16,207,718,512,-2.886559111390236,linear,52,0,52,52,0,52,0.1,0.1015625,0.1015625,1.1879005489052707,1.1879005489052707e-06,mle,0.2669810096861562,1.5872366949965706,ok,True,True,extraction,
csi300,720,2016-09-19,208,719,512,-2.886559111390236,linear,52,0,52,52,0,52,0.1,0.1015625,0.1015625,1.1812543204928243,1.1812543204928242e-06,mle,0.2669810096861562,1.5872366949965706,ok,True,True,extraction,
csi300,721,2016-09-20,209,720,512,-2.886559111390236,linear,52,0,52,52,0,52,0.1,0.1015625,0.1015625,1.185753685188355,1.1857536851883549e-06,mle,0.2669810096861562,1.5872366949965706,ok,True,True,extraction,
csi300,722,2016-09-21,210,721,512,-2.886559111390236,linear,52,0,52,52,0,52,0.1,0.1015625,0.1015625,1.185753685188355,1.1857536851883549e-06,mle,0.2669810096861562,1.5872366949965706,ok,True,True,extraction,
csi300,723,2016-09-22,211,722,512,-2.886559111390236,linear,52,0,52,52,0,52,0.1,0.1015625,0.1015625,1.188594455757906,1.1885944557579059e-06,mle,0.2669810096861562,1.5872366949965706,ok,True,True,extraction,
csi300,724,2016-09-23,212,723,512,-2.886559111390236,linear,52,0,52,52,0,52,0.1,0.1015625,0.1015625,1.1853456436165755,1.1853456436165754e-06,mle,0.2669810096861562,1.5872366949965706,ok,True,True,extraction,
csi300,725,2016-09-26,213,724,512,-2.886559111390236,linear,52,0,52,52,0,52,0.1,0.1015625,0.1015625,1.1924982514793445,1.1924982514793445e-06,mle,0.2669810096861562,1.5872366949965706,ok,True,True,extraction,
csi300,726,2016-09-27,214,725,512,-2.886559111390236,linear,52,0,52,52,0,52,0.1,0.1015625,0.1015625,1.1960223166007995,1.1960223166007995e-06,mle,0.2669810096861562,1.5872366949965706,ok,True,True,extraction,
csi300,727,2016-09-28,215,726,512,-2.886559111390236,linear,52,0,52,52,0,52,0.1,0.1015625,0.1015625,1.2036088822355193,1.2036088822355192e-06,mle,0.2669810096861562,1.5872366949965706,ok,True,True,extraction,
csi300,728,2016-09-29,216,727,512,-2.886559111390236,linear,52,0,52,52,0,52,0.1,0.1015625,0.1015625,1.2066232610508876,1.2066232610508874e-06,mle,0.2669810096861562,1.5872366949965706,ok,True,True,extraction,
csi300,729,2016-09-30,217,728,512,-2.886559111390236,linear,52,0,52,52,0,52,0.1,0.1015625,0.1015625,1.2036088822355193,1.2036088822355192e-06,mle,0.2669810096861562,1.5872366949965706,ok,True,True,extraction,
csi300,730,2016-10-03,218,729,512,-2.886559111390236,linear,52,0,52,52,0,52,0.1,0.1015625,0.1015625,1.2066232610508876,1.2066232610508874e-06,mle,0.2669810096861562,1.5872366949965706,ok,True,True,extraction,
csi300,731,2016-10-04,219,730,512,-2.886559111390236,linear,52,0,52,52,0,52,0.1,0.1015625,0.1015625,1.1994706531881187,1.1994706531881187e-06,mle,0.2669810096861562,1.5872366949965706,ok,True,True,extraction,
csi300,732,2016-10-05,220,731,512,-2.886559111390236,linear,52,0,52,52,0,52,0.1,0.1015625,0.1015625,1.1948178948828052,1.1948178948828051e-06,mle,0.2669810096861562,1.5872366949965706,ok,True,True,extraction,
csi300,733,2016-10-06,221,732,512,-2.886559111390236,linear,52,0,52,52,0,52,0.1,0.1015625,0.1015625,1.1853456436165755,1.1853456436165754e-06,mle,0.2669810096861562,1.5872366949965706,ok,True,True,extraction,
csi300,734,2016-10-07,222,733,512,-2.886559111390236,linear,52,0,52,52,0,52,0.1,0.1015625,0.1015625,1.1752253743153092,1.1752253743153092e-06,mle,0.2669810096861562,1.5872366949965706,ok,True,True,extraction,
csi300,735,2016-10-10,223,734,512,-2.886559111390236,linear,52,0,52,52,0,52,0.1,0.1015625,0.1015625,1.1752253743153092,1.1752253743153092e-06,mle,0.2669810096861562,1.5872366949965706,ok,True,True,extraction,
csi300,736,2016-10-11,224,735,512,-2.886559111390236,linear,52,0,52,52,0,52,0.1,0.1015625,0.1015625,1.1705065023785979,1.1705065023785978e-06,mle,0.2669810096861562,1.5872366949965706,ok,True,True,extraction,
csi300,737,2016-10-12,225,736,512,-2.886559111390236,linear,52,0,52,52,0,52,0.1,0.1015625,0.1015625,1.1668424285343746,1.1668424285343746e-06,mle,0.2669810096861562,1.5872366949965706,ok,True,True,extraction,
csi300,738,2016-10-13,226,737,512,-2.886559111390236,linear,52,0,52,52,0,52,0.1,0.1015625,0.1015625,1.1621235565976633,1.1621235565976632e-06,mle,0.2669810096861562,1.5872366949965706,ok,True,True,extraction,
csi300,739,2016-10-14,227,738,512,-2.886559111390236,linear,52,0,52,52,0,52,0.1,0.1015625,0.1015625,1.1621235565976633,1.1621235565976632e-06,mle,0.2669810096861562,1.5872366949965706,ok,True,True,extraction,
csi300,740,2016-10-17,228,739,512,-2.886559111390236,linear,52,0,52,52,0,52,0.1,0.1015625,0.1015625,1.1621235565976633,1.1621235565976632e-06,mle,0.2669810096861562,1.5872366949965706,ok,True,True,extraction,
csi300,741,2016-10-18,229,740,512,-2.886559111390236,linear,52,0,52,52,0,52,0.1,0.1015625,0.1015625,1.1752253743153092,1.1752253743153092e-06,mle,0.2669810096861562,1.5872366949965706,ok,True,True,extraction,
csi300,742,2016-10-19,230,741,512,-2.886559111390236,linear,52,0,52,52,0,52,0.1,0.1015625,0.1015625,1.1853456436165755,1.1853456436165754e-06,mle,0.2669810096861562,1.5872366949965706,ok,True,True,extraction,
csi300,743,2016-10-20,231,742,512,-2.886559111390236,linear,52,0,52,52,0,52,0.1,0.1015625,0.1015625,1.1752253743153092,1.1752253743153092e-06,mle,0.2669810096861562,1.5872366949965706,ok,True,True,extraction,
csi300,744,2016-10-21,232,743,512,-2.886559111390236,linear,52,0,52,52,0,52,0.1,0.1015625,0.1015625,1.1668424285343746,1.1668424285343746e-06,mle,0.2669810096861562,1.5872366949965706,ok,True,True,extraction,
csi300,745,2016-10-24,233,744,512,-2.886559111390236,linear,52,0,52,52,0,52,0.1,0.1015625,0.1015625,1.1668424285343746,1.1668424285343746e-06,mle,0.2669810096861562,1.5872366949965706,ok,True,True,extraction,
csi300,746,2016-10-25,234,745,512,-2.886559111390236,linear,52,0,52,52,0,52,0.1,0.1015625,0.1015625,1.1705065023785979,1.1705065023785978e-06,mle,0.2669810096861562,1.5872366949965706,ok,True,True,extraction,
csi300,747,2016-10-26,235,746,512,-2.886559111390236,linear,52,0,52,52,0,52,0.1,0.1015625,0.1015625,1.1705065023785979,1.1705065023785978e-06,mle,0.2669810096861562,1.5872366949965706,ok,True,True,extraction,
csi300,748,2016-10-27,236,747,512,-2.886559111390236,linear,52,0,52,52,0,52,0.1,0.1015625,0.1015625,1.1752253743153092,1.1752253743153092e-06,mle,0.2669810096861562,1.5872366949965706,ok,True,True,extraction,
csi300,749,2016-10-28,237,748,512,-2.886559111390236,linear,52,0,52,52,0,52,0.1,0.1015625,0.1015625,1.1752253743153092,1.1752253743153092e-06,mle,0.2669810096861562,1.5872366949965706,ok,True,True,extraction,
csi300,750,2016-10-31,238,749,512,-2.886559111390236,linear,52,0,52,52,0,52,0.1,0.1015625,0.1015625,1.1810078901231864,1.1810078901231864e-06,mle,0.2669810096861562,1.5872366949965706,ok,True,True,extraction,
csi300,751,2016-11-01,239,750,512,-2.886559111390236,linear,52,0,52,52,0,52,0.1,0.1015625,0.1015625,1.1833275335266473,1.1833275335266472e-06,mle,0.2669810096861562,1.5872366949965706,ok,True,True,extraction,
csi300,752,2016-11-02,240,751,512,-2.886559111390236,linear,52,0,52,52,0,52,0.1,0.1015625,0.1015625,1.1810078901231864,1.1810078901231864e-06,mle,0.2669810096861562,1.5872366949965706,ok,True,True,extraction,
csi300,753,2016-11-03,241,752,512,-2.886559111390236,linear,52,0,52,52,0,52,0.1,0.1015625,0.1015625,1.1726249443422518,1.1726249443422518e-06,mle,0.2669810096861562,1.5872366949965706,ok,True,True,extraction,
csi300,754,2016-11-04,242,753,512,-2.886559111390236,linear,52,0,52,52,0,52,0.1,0.1015625,0.1015625,1.1668424285343746,1.1668424285343746e-06,mle,0.2669810096861562,1.5872366949965706,ok,True,True,extraction,
csi300,755,2016-11-07,243,754,512,-2.886559111390236,linear,52,0,52,52,0,52,0.1,0.1015625,0.1015625,1.1726249443422518,1.1726249443422518e-06,mle,0.2669810096861562,1.5872366949965706,ok,True,True,extraction,
csi300,756,2016-11-08,244,755,512,-2.886559111390236,linear,52,0,52,52,0,52,0.1,0.1015625,0.1015625,1.1473537701531318,1.1473537701531317e-06,mle,0.2669810096861562,1.5872366949965706,ok,True,True,extraction,
csi300,757,2016-11-09,245,756,512,-2.886559111390236,linear,52,0,52,52,0,52,0.1,0.1015625,0.1015625,1.1338428816062303,1.1338428816062302e-06,mle,0.2669810096861562,1.5872366949965706,ok,True,True,extraction,
csi300,758,2016-11-10,246,757,512,-2.886559111390236,linear,52,0,52,52,0,52,0.1,0.1015625,0.1015625,1.1319509153335798,1.1319509153335798e-06,mle,0.2669810096861562,1.5872366949965706,ok,True,True,extraction,
csi300,759,2016-11-11,247,758,512,-2.886559111390236,linear,52,0,52,52,0,52,0.1,0.1015625,0.1015625,1.1319509153335798,1.1319509153335798e-06,mle,0.2669810096861562,1.5872366949965706,ok,True,True,extraction,
csi300,760,2016-11-14,248,759,512,-2.886559111390236,linear,52,0,52,52,0,52,0.1,0.1015625,0.1015625,1.1319509153335798,1.1319509153335798e-06,mle,0.2669810096861562,1.5872366949965706,ok,True,True,extraction,
csi300,761,2016-11-15,249,760,512,-2.886559111390236,linear,52,0,52,52,0,52,0.1,0.1015625,0.1015625,1.1319509153335798,1.1319509153335798e-06,mle,0.2669810096861562,1.5872366949965706,ok,True,True,extraction,
csi300,762,2016-11-16,250,761,512,-2.886559111390236,linear,52,0,52,52,0,52,0.1,0.1015625,0.1015625,1.1319509153335798,1.1319509153335798e-06,mle,0.2669810096861562,1.5872366949965706,ok,True,True,extraction,
csi300,763,2016-11-17,251,762,512,-2.886559111390236,linear,52,0,52,52,0,52,0.1,0.1015625,0.1015625,1.1319509153335798,1.1319509153335798e-06,mle,0.2669810096861562,1.5872366949965706,ok,True,True,extraction,
csi300,764,2016-11-18,252,763,512,-2.886559111390236,linear,52,0,52,52,0,52,0.1,0.1015625,0.1015625,1.1338428816062303,1.1338428816062302e-06,mle,0.2669810096861562,1.5872366949965706,ok,True,True,extraction,
csi300,765,2016-11-21,253,764,512,-2.886559111390236,linear,52,0,52,52,0,52,0.1,0.1015625,0.1015625,1.1338428816062303,1.1338428816062302e-06,mle,0.2669810096861562,1.5872366949965706,ok,True,True,extraction,
csi300,766,2016-11-22,254,765,512,-2.886559111390236,linear,52,0,52,52,0,52,0.1,0.1015625,0.1015625,1.1338428816062303,1.1338428816062302e-06,mle,0.2669810096861562,1.5872366949965706,ok,True,True,extraction,
csi300,767,2016-11-23,255,766,512,-2.886559111390236,linear,52,0,52,52,0,52,0.1,0.1015625,0.1015625,1.1338428816062303,1.1338428816062302e-06,mle,0.2669810096861562,1.5872366949965706,ok,True,True,extraction,
csi300,768,2016-11-25,256,767,512,-2.886559111390236,linear,52,0,52,52,0,52,0.1,0.1015625,0.1015625,1.1319509153335798,1.1319509153335798e-06,mle,0.2669810096861562,1.5872366949965706,ok,True,True,extraction,
csi300,769,2016-11-28,257,768,512,-2.886559111390236,linear,52,0,52,52,0,52,0.1,0.1015625,0.1015625,1.1473537701531318,1.1473537701531317e-06,mle,0.2669810096861562,1.5872366949965706,ok,True,True,extraction,
csi300,770,2016-11-29,258,769,512,-2.886559111390236,linear,52,0,52,52,0,52,0.1,0.1015625,0.1015625,1.1338428816062303,1.1338428816062302e-06,mle,0.2669810096861562,1.5872366949965706,ok,True,True,extraction,
csi300,771,2016-11-30,259,770,512,-2.8255653951540345,linear,52,0,52,52,0,52,0.1,0.1015625,0.1015625,1.1385617535429415,1.1385617535429414e-06,mle,0.20180803150651394,1.7541887220642827,ok,True,True,extraction,
csi300,772,2016-12-01,260,771,512,-2.8255653951540345,linear,52,0,52,52,0,52,0.1,0.1015625,0.1015625,1.1385617535429415,1.1385617535429414e-06,mle,0.20180803150651394,1.7541887220642827,ok,True,True,extraction,
csi300,773,2016-12-02,261,772,512,-2.8255653951540345,linear,52,0,52,52,0,52,0.1,0.1015625,0.1015625,1.1385617535429415,1.1385617535429414e-06,mle,0.20180803150651394,1.7541887220642827,ok,True,True,extraction,
csi300,774,2016-12-05,262,773,512,-2.8255653951540345,linear,52,0,52,52,0,52,0.1,0.1015625,0.1015625,1.1385617535429415,1.1385617535429414e-06,mle,0.20180803150651394,1.7541887220642827,ok,True,True,extraction,
csi300,775,2016-12-06,263,774,512,-2.8255653951540345,linear,52,0,52,52,0,52,0.1,0.1015625,0.1015625,1.1338428816062303,1.1338428816062302e-06,mle,0.20180803150651394,1.7541887220642827,ok,True,True,extraction,
csi300,776,2016-12-07,264,775,512,-2.8255653951540345,linear,52,0,52,52,0,52,0.1,0.1015625,0.1015625,1.128060365798353,1.1280603657983529e-06,mle,0.20180803150651394,1.7541887220642827,ok,True,True,extraction,
csi300,777,2016-12-08,265,776,512,-2.8255653951540345,linear,52,0,52,52,0,52,0.1,0.1015625,0.1015625,1.121432743262257,1.121432743262257e-06,mle,0.20180803150651394,1.7541887220642827,ok,True,True,extraction,
csi300,778,2016-12-09,266,777,512,-2.8255653951540345,linear,52,0,52,52,0,52,0.1,0.1015625,0.1015625,1.128060365798353,1.1280603657983529e-06,mle,0.20180803150651394,1.7541887220642827,ok,True,True,extraction,
csi300,779,2016-12-12,267,778,512,-2.8255653951540345,linear,52,0,52,52,0,52,0.1,0.1015625,0.1015625,1.121432743262257,1.121432743262257e-06,mle,0.20180803150651394,1.7541887220642827,ok,True,True,extraction,
csi300,780,2016-12-13,268,779,512,-2.8255653951540345,linear,52,0,52,52,0,52,0.1,0.1015625,0.1015625,1.121432743262257,1.121432743262257e-06,mle,0.2107397009345709,1.732735924677582,ok,True,True,extraction,
csi300,781,2016-12-14,269,780,512,-2.8255653951540345,linear,52,0,52,52,0,52,0.1,0.1015625,0.1015625,1.1140837014543477,1.1140837014543475e-06,mle,0.2107397009345709,1.732735924677582,ok,True,True,extraction,
csi300,782,2016-12-15,270,781,512,-2.8255653951540345,linear,52,0,52,52,0,52,0.1,0.1015625,0.1015625,1.119371020994424,1.119371020994424e-06,mle,0.2107397009345709,1.732735924677582,ok,True,True,extraction,
csi300,783,2016-12-16,271,782,512,-2.8255653951540345,linear,52,0,52,52,0,52,0.1,0.1015625,0.1015625,1.1094948774326068,1.1094948774326067e-06,mle,0.2107397009345709,1.732735924677582,ok,True,True,extraction,
csi300,784,2016-12-19,272,783,512,-2.8255653951540345,linear,52,0,52,52,0,52,0.1,0.1015625,0.1015625,1.1094948774326068,1.1094948774326067e-06,mle,0.2107397009345709,1.732735924677582,ok,True,True,extraction,
csi300,785,2016-12-20,273,784,512,-2.8255653951540345,linear,52,0,52,52,0,52,0.1,0.1015625,0.1015625,1.1024019159563676,1.1024019159563676e-06,mle,0.2107397009345709,1.732735924677582,ok,True,True,extraction,
csi300,786,2016-12-21,274,785,512,-2.8094661919834403,linear,52,0,52,52,0,52,0.1,0.1015625,0.1015625,1.0986633241732835,1.0986633241732834e-06,mle,0.25475061986617165,1.5885942081644324,ok,True,True,extraction,
csi300,787,2016-12-22,275,786,512,-2.8094661919834403,linear,52,0,52,52,0,52,0.1,0.1015625,0.1015625,1.0926917463915156,1.0926917463915154e-06,mle,0.25475061986617165,1.5885942081644324,ok,True,True,extraction,
csi300,788,2016-12-23,276,787,512,-2.8094661919834403,linear,52,0,52,52,0,52,0.1,0.1015625,0.1015625,1.089802715638504,1.089802715638504e-06,mle,0.25475061986617165,1.5885942081644324,ok,True,True,extraction,
csi300,789,2016-12-27,277,788,512,-2.8094661919834403,linear,52,0,52,52,0,52,0.1,0.1015625,0.1015625,1.089802715638504,1.089802715638504e-06,mle,0.25475061986617165,1.5885942081644324,ok,True,True,extraction,
csi300,790,2016-12-28,278,789,512,-2.8094661919834403,linear,52,0,52,52,0,52,0.1,0.1015625,0.1015625,1.089802715638504,1.089802715638504e-06,mle,0.25475061986617165,1.5885942081644324,ok,True,True,extraction,
csi300,791,2016-12-29,279,790,512,-2.8094661919834403,linear,52,0,52,52,0,52,0.1,0.1015625,0.1015625,1.0904539893984966,1.0904539893984964e-06,mle,0.25475061986617165,1.5885942081644324,ok,True,True,extraction,
csi300,792,2016-12-30,280,791,512,-2.8094661919834403,linear,52,0,52,52,0,52,0.1,0.1015625,0.1015625,1.0881041950741805,1.0881041950741805e-06,mle,0.25475061986617165,1.5885942081644324,ok,True,True,extraction,
csi300,793,2017-01-03,281,792,512,-2.8094661919834403,linear,52,0,52,52,0,52,0.1,0.1015625,0.1015625,1.0881041950741805,1.0881041950741805e-06,mle,0.25475061986617165,1.5885942081644324,ok,True,True,extraction,
csi300,794,2017-01-04,282,793,512,-2.8094661919834403,linear,52,0,52,52,0,52,0.1,0.1015625,0.1015625,1.0904539893984966,1.0904539893984964e-06,mle,0.25475061986617165,1.5885942081644324,ok,True,True,extraction,
csi300,795,2017-01-05,283,794,512,-2.8094661919834403,linear,52,0,52,52,0,52,0.1,0.1015625,0.1015625,1.094901346404652,1.0949013464046519e-06,mle,0.25475061986617165,1.5885942081644324,ok,True,True,extraction,
csi300,796,2017-01-06,284,795,512,-2.776421840128147,linear,52,0,52,52,0,52,0.1,0.1015625,0.1015625,1.089802715638504,1.089802715638504e-06,mle,0.2579825840620509,1.5930720816583754,ok,True,True,extraction,
csi300,797,2017-01-09,285,796,512,-2.776421840128147,linear,52,0,52,52,0,52,0.1,0.1015625,0.1015625,1.0926917463915156,1.0926917463915154e-06,mle,0.2579825840620509,1.5930720816583754,ok,True,True,extraction,
csi300,798,2017-01-10,286,797,512,-2.776421840128147,linear,52,0,52,52,0,52,0.1,0.1015625,0.1015625,1.089802715638504,1.089802715638504e-06,mle,0.2579825840620509,1.5930720816583754,ok,True,True,extraction,
csi300,799,2017-01-11,287,798,512,-2.776421840128147,linear,52,0,52,52,0,52,0.1,0.1015625,0.1015625,1.0902444366148232,1.090244436614823e-06,mle,0.2579825840620509,1.5930720816583754,ok,True,True,extraction,
csi300,800,2017-01-12,288,799,512,-2.776421840128147,linear,52,0,52,52,0,52,0.1,0.1015625,0.1015625,1.089802715638504,1.089802715638504e-06,mle,0.2579825840620509,1.5930720816583754,ok,True,True,extraction,
csi300,801,2017-01-13,289,800,512,-2.776421840128147,linear,52,0,52,52,0,52,0.1,0.1015625,0.1015625,1.0873554058618113,1.0873554058618112e-06,mle,0.2579825840620509,1.5930720816583754,ok,True,True,extraction,
csi300,802,2017-01-17,290,801,512,-2.776421840128147,linear,52,0,52,52,0,52,0.1,0.1015625,0.1015625,1.0873554058618113,1.0873554058618112e-06,mle,0.2579825840620509,1.5930720816583754,ok,True,True,extraction,
csi300,803,2017-01-18,291,802,512,-2.776421840128147,linear,52,0,52,52,0,52,0.1,0.1015625,0.1015625,1.0873554058618113,1.0873554058618112e-06,mle,0.2579825840620509,1.5930720816583754,ok,True,True,extraction,
csi300,804,2017-01-19,292,803,512,-2.776421840128147,linear,52,0,52,52,0,52,0.1,0.1015625,0.1015625,1.0869482317764327,1.0869482317764326e-06,mle,0.2579825840620509,1.5930720816583754,ok,True,True,extraction,
csi300,805,2017-01-20,293,804,512,-2.776421840128147,linear,52,0,52,52,0,52,0.1,0.1015625,0.1015625,1.0868446333717228,1.0868446333717227e-06,mle,0.2579825840620509,1.5930720816583754,ok,True,True,extraction,
csi300,806,2017-01-23,294,805,512,-2.776421840128147,linear,52,0,52,52,0,52,0.1,0.1015625,0.1015625,1.0847699008974034,1.0847699008974033e-06,mle,0.2579825840620509,1.5930720816583754,ok,True,True,extraction,
csi300,807,2017-01-24,295,806,512,-2.776421840128147,linear,52,0,52,52,0,52,0.1,0.1015625,0.1015625,1.0847699008974034,1.0847699008974033e-06,mle,0.2579825840620509,1.5930720816583754,ok,True,True,extraction,
csi300,808,2017-01-25,296,807,512,-2.776421840128147,linear,52,0,52,52,0,52,0.1,0.1015625,0.1015625,1.0804200593436244,1.0804200593436244e-06,mle,0.2579825840620509,1.5930720816583754,ok,True,True,extraction,
csi300,809,2017-01-26,297,808,512,-2.776421840128147,linear,52,0,52,52,0,52,0.1,0.1015625,0.1015625,1.079597889991762,1.079597889991762e-06,mle,0.2579825840620509,1.5930720816583754,ok,True,True,extraction,
csi300,810,2017-01-27,298,809,512,-2.776421840128147,linear,52,0,52,52,0,52,0.1,0.1015625,0.1015625,1.079597889991762,1.079597889991762e-06,mle,0.2579825840620509,1.5930720816583754,ok,True,True,extraction,
csi300,811,2017-01-30,299,810,512,-2.776421840128147,linear,52,0,52,52,0,52,0.1,0.1015625,0.1015625,1.0733270978673852,1.0733270978673851e-06,mle,0.2579825840620509,1.5930720816583754,ok,True,True,extraction,
csi300,812,2017-01-31,300,811,512,-2.7243417263651137,linear,52,0,52,52,0,52,0.1,0.1015625,0.1015625,1.06933273710756,1.06933273710756e-06,mle,0.20685660783874255,1.7275127727642032,ok,True,True,extraction,
csi300,813,2017-02-01,301,812,512,-2.721112292564297,linear,52,0,52,52,0,52,0.1,0.1015625,0.1015625,1.0642899761626934,1.0642899761626934e-06,mle,0.24338566680380408,1.6444320745285954,ok,True,True,extraction,
csi300,814,2017-02-02,302,813,512,-2.721112292564297,linear,52,0,52,52,0,52,0.1,0.1015625,0.1015625,1.0646602000453642,1.0646602000453641e-06,mle,0.24338566680380408,1.6444320745285954,ok,True,True,extraction,
csi300,815,2017-02-03,303,814,512,-2.721112292564297,linear,52,0,52,52,0,52,0.1,0.1015625,0.1015625,1.0646602000453642,1.0646602000453641e-06,mle,0.24338566680380408,1.6444320745285954,ok,True,True,extraction,
csi300,816,2017-02-06,304,815,512,-2.721112292564297,linear,52,0,52,52,0,52,0.1,0.1015625,0.1015625,1.0646602000453642,1.0646602000453641e-06,mle,0.24338566680380408,1.6444320745285954,ok,True,True,extraction,
csi300,817,2017-02-07,305,816,512,-2.721112292564297,linear,52,0,52,52,0,52,0.1,0.1015625,0.1015625,1.0697823503708652,1.0697823503708652e-06,mle,0.24338566680380408,1.6444320745285954,ok,True,True,extraction,
csi300,818,2017-02-08,306,817,512,-2.721112292564297,linear,52,0,52,52,0,52,0.1,0.1015625,0.1015625,1.0622955817414452,1.0622955817414451e-06,mle,0.24338566680380408,1.6444320745285954,ok,True,True,extraction,
csi300,819,2017-02-09,307,818,512,-2.7031044453666455,linear,52,0,52,52,0,52,0.1,0.1015625,0.1015625,1.057839141805047,1.057839141805047e-06,mle,0.2431346368552092,1.6527462751811077,ok,True,True,extraction,
csi300,820,2017-02-10,308,819,512,-2.7031044453666455,linear,52,0,52,52,0,52,0.1,0.1015625,0.1015625,1.057839141805047,1.057839141805047e-06,mle,0.2431346368552092,1.6527462751811077,ok,True,True,extraction,
csi300,821,2017-02-13,309,820,512,-2.680457484851986,linear,52,0,52,52,0,52,0.1,0.1015625,0.1015625,1.05199035275632,1.05199035275632e-06,mle,0.2839762131283685,1.5573995208535507,ok,True,True,extraction,
csi300,822,2017-02-14,310,821,512,-2.680457484851986,linear,52,0,52,52,0,52,0.1,0.1015625,0.1015625,1.0442236975341794,1.0442236975341794e-06,mle,0.2839762131283685,1.5573995208535507,ok,True,True,extraction,
csi300,823,2017-02-15,311,822,512,-2.680457484851986,linear,52,0,52,52,0,52,0.1,0.1015625,0.1015625,1.0318129630316628,1.0318129630316629e-06,mle,0.2839762131283685,1.5573995208535507,ok,True,True,extraction,
csi300,824,2017-02-16,312,823,512,-2.680457484851986,linear,52,0,52,52,0,52,0.1,0.1015625,0.1015625,1.0261478837083682,1.026147883708368e-06,mle,0.2839762131283685,1.5573995208535507,ok,True,True,extraction,
csi300,825,2017-02-17,313,824,512,-2.5749973243911786,linear,52,0,52,52,0,52,0.1,0.1015625,0.1015625,1.0184723688573034,1.0184723688573034e-06,mle,0.2156507502393628,1.7446109498922877,ok,True,True,extraction,
csi300,826,2017-02-21,314,825,512,-2.5368758924119765,linear,52,0,52,52,0,52,0.1,0.1015625,0.1015625,1.0151689609773418,1.0151689609773417e-06,mle,0.2149340520041204,1.760263051882362,ok,True,True,extraction,
csi300,827,2017-02-22,315,826,512,-2.5368758924119765,linear,52,0,52,52,0,52,0.1,0.1015625,0.1015625,1.0151689609773418,1.0151689609773417e-06,mle,0.2149340520041204,1.760263051882362,ok,True,True,extraction,
csi300,828,2017-02-23,316,827,512,-2.5368758924119765,linear,52,0,52,52,0,52,0.1,0.1015625,0.1015625,1.0106621089667618,1.0106621089667618e-06,mle,0.2149340520041204,1.760263051882362,ok,True,True,extraction,
csi300,829,2017-02-24,317,828,512,-2.5368758924119765,linear,52,0,52,52,0,52,0.1,0.1015625,0.1015625,1.0106621089667618,1.0106621089667618e-06,mle,0.2149340520041204,1.760263051882362,ok,True,True,extraction,
csi300,830,2017-02-27,318,829,512,-2.5368758924119765,linear,52,0,52,52,0,52,0.1,0.1015625,0.1015625,1.0099410777114328,1.0099410777114328e-06,mle,0.2149340520041204,1.760263051882362,ok,True,True,extraction,
csi300,831,2017-02-28,319,830,512,-2.5368758924119765,linear,52,0,52,52,0,52,0.1,0.1015625,0.1015625,1.0119429171601553,1.0119429171601552e-06,mle,0.2149340520041204,1.760263051882362,ok,True,True,extraction,
csi300,832,2017-03-01,320,831,512,-2.5368758924119765,linear,52,0,52,52,0,52,0.1,0.1015625,0.1015625,1.0095328826012135,1.0095328826012135e-06,mle,0.2149340520041204,1.760263051882362,ok,True,True,extraction,
csi300,833,2017-03-02,321,832,512,-2.5368758924119765,linear,52,0,52,52,0,52,0.1,0.1015625,0.1015625,1.007008953459573,1.007008953459573e-06,mle,0.2149340520041204,1.760263051882362,ok,True,True,extraction,
csi300,834,2017-03-03,322,833,512,-2.5368758924119765,linear,52,0,52,52,0,52,0.1,0.1015625,0.1015625,1.0099410777114328,1.0099410777114328e-06,mle,0.2149340520041204,1.760263051882362,ok,True,True,extraction,
csi300,835,2017-03-06,323,834,512,-2.5368758924119765,linear,52,0,52,52,0,52,0.1,0.1015625,0.1015625,1.0099410777114328,1.0099410777114328e-06,mle,0.2149340520041204,1.760263051882362,ok,True,True,extraction,
csi300,836,2017-03-07,324,835,512,-2.5368758924119765,linear,52,0,52,52,0,52,0.1,0.1015625,0.1015625,1.0078628257926097,1.0078628257926097e-06,mle,0.2149340520041204,1.760263051882362,ok,True,True,extraction,
csi300,837,2017-03-08,325,836,512,-2.5368758924119765,linear,52,0,52,52,0,52,0.1,0.1015625,0.1015625,1.004704817689586,1.0047048176895861e-06,mle,0.2149340520041204,1.760263051882362,ok,True,True,extraction,
csi300,838,2017-03-09,326,837,512,-2.5368758924119765,linear,52,0,52,52,0,52,0.1,0.1015625,0.1015625,0.9978147556762864,9.978147556762864e-07,mle,0.2149340520041204,1.760263051882362,ok,True,True,extraction,
csi300,839,2017-03-10,327,838,512,-2.5368758924119765,linear,52,0,52,52,0,52,0.1,0.1015625,0.1015625,1.0024399211249744,1.0024399211249744e-06,mle,0.2149340520041204,1.760263051882362,ok,True,True,extraction,
csi300,840,2017-03-13,328,839,512,-2.5368758924119765,linear,52,0,52,52,0,52,0.1,0.1015625,0.1015625,0.9938710329528895,9.938710329528895e-07,mle,0.2149340520041204,1.760263051882362,ok,True,True,extraction,
csi300,841,2017-03-14,329,840,512,-2.5368758924119765,linear,52,0,52,52,0,52,0.1,0.1015625,0.1015625,0.9938710329528895,9.938710329528895e-07,mle,0.2149340520041204,1.760263051882362,ok,True,True,extraction,
csi300,842,2017-03-15,330,841,512,-2.5082989797747572,linear,52,0,52,52,0,52,0.1,0.1015625,0.1015625,0.9914609983939476,9.914609983939475e-07,mle,0.1954628063078391,1.8192776603778849,ok,True,True,extraction,
csi300,843,2017-03-16,331,842,512,-2.5082989797747572,linear,52,0,52,52,0,52,0.1,0.1015625,0.1015625,0.9902281900415668,9.902281900415667e-07,mle,0.1954628063078391,1.8192776603778849,ok,True,True,extraction,
csi300,844,2017-03-17,332,843,512,-2.5082989797747572,linear,52,0,52,52,0,52,0.1,0.1015625,0.1015625,0.990214671127861,9.90214671127861e-07,mle,0.1954628063078391,1.8192776603778849,ok,True,True,extraction,
csi300,845,2017-03-20,333,844,512,-2.5082989797747572,linear,52,0,52,52,0,52,0.1,0.1015625,0.1015625,0.990214671127861,9.90214671127861e-07,mle,0.1954628063078391,1.8192776603778849,ok,True,True,extraction,
csi300,846,2017-03-21,334,845,512,-2.5082989797747572,linear,52,0,52,52,0,52,0.1,0.1015625,0.1015625,0.9844456742336897,9.844456742336895e-07,mle,0.1954628063078391,1.8192776603778849,ok,True,True,extraction,
csi300,847,2017-03-22,335,846,512,-2.5082989797747572,linear,52,0,52,52,0,52,0.1,0.1015625,0.1015625,0.9839636353253239,9.83963635325324e-07,mle,0.1954628063078391,1.8192776603778849,ok,True,True,extraction,
csi300,848,2017-03-23,336,847,512,-2.5082989797747572,linear,52,0,52,52,0,52,0.1,0.1015625,0.1015625,0.9797268022969785,9.797268022969784e-07,mle,0.1954628063078391,1.8192776603778849,ok,True,True,extraction,
csi300,849,2017-03-24,337,848,512,-2.5082989797747572,linear,52,0,52,52,0,52,0.1,0.1015625,0.1015625,0.980019912601927,9.80019912601927e-07,mle,0.1954628063078391,1.8192776603778849,ok,True,True,extraction,
csi300,850,2017-03-27,338,849,512,-2.5082989797747572,linear,52,0,52,52,0,52,0.1,0.1015625,0.1015625,0.9757830795735816,9.757830795735815e-07,mle,0.1954628063078391,1.8192776603778849,ok,True,True,extraction,
csi300,851,2017-03-28,339,850,512,-2.5082989797747572,linear,52,0,52,52,0,52,0.1,0.1015625,0.1015625,0.9777550454822551,9.77755045482255e-07,mle,0.1954628063078391,1.8192776603778849,ok,True,True,extraction,
csi300,852,2017-03-29,340,851,512,-2.5082989797747572,linear,52,0,52,52,0,52,0.1,0.1015625,0.1015625,0.9742581934949335,9.742581934949334e-07,mle,0.1954628063078391,1.8192776603778849,ok,True,True,extraction,
csi300,853,2017-03-30,341,852,512,-2.5082989797747572,linear,52,0,52,52,0,52,0.1,0.1015625,0.1015625,0.9742271912197825,9.742271912197824e-07,mle,0.1954628063078391,1.8192776603778849,ok,True,True,extraction,
csi300,854,2017-03-31,342,853,512,-2.5082989797747572,linear,52,0,52,52,0,52,0.1,0.1015625,0.1015625,0.9752367655846962,9.75236765584696e-07,mle,0.1954628063078391,1.8192776603778849,ok,True,True,extraction,
csi300,855,2017-04-03,343,854,512,-2.5082989797747572,linear,52,0,52,52,0,52,0.1,0.1015625,0.1015625,0.9742271912197825,9.742271912197824e-07,mle,0.1954628063078391,1.8192776603778849,ok,True,True,extraction,
csi300,856,2017-04-04,344,855,512,-2.5082989797747572,linear,52,0,52,52,0,52,0.1,0.1015625,0.1015625,0.9742271912197825,9.742271912197824e-07,mle,0.1954628063078391,1.8192776603778849,ok,True,True,extraction,
csi300,857,2017-04-05,345,856,512,-2.5082989797747572,linear,52,0,52,52,0,52,0.1,0.1015625,0.1015625,0.9712816174894154,9.712816174894155e-07,mle,0.1954628063078391,1.8192776603778849,ok,True,True,extraction,
csi300,858,2017-04-06,346,857,512,-2.5082989797747572,linear,52,0,52,52,0,52,0.1,0.1015625,0.1015625,0.96614535273048,9.661453527304799e-07,mle,0.1954628063078391,1.8192776603778849,ok,True,True,extraction,
csi300,859,2017-04-07,347,858,512,-2.5082989797747572,linear,52,0,52,52,0,52,0.1,0.1015625,0.1015625,0.9658782824181149,9.658782824181149e-07,mle,0.1954628063078391,1.8192776603778849,ok,True,True,extraction,
csi300,860,2017-04-10,348,859,512,-2.5082989797747572,linear,52,0,52,52,0,52,0.1,0.1015625,0.1015625,0.9615942482561823,9.615942482561823e-07,mle,0.1954628063078391,1.8192776603778849,ok,True,True,extraction,
csi300,861,2017-04-11,349,860,512,-2.5082989797747572,linear,52,0,52,52,0,52,0.1,0.1015625,0.1015625,0.960277322667814,9.60277322667814e-07,mle,0.1954628063078391,1.8192776603778849,ok,True,True,extraction,
csi300,862,2017-04-12,350,861,512,-2.4732906535839776,linear,52,0,52,52,0,52,0.1,0.1015625,0.1015625,0.9579794271553034,9.579794271553033e-07,mle,0.18135457312303804,1.86949690477705,ok,True,True,extraction,
csi300,863,2017-04-13,351,862,512,-2.4732906535839776,linear,52,0,52,52,0,52,0.1,0.1015625,0.1015625,0.9527349877518783,9.527349877518782e-07,mle,0.18135457312303804,1.86949690477705,ok,True,True,extraction,
csi300,864,2017-04-17,352,863,512,-2.4732906535839776,linear,52,0,52,52,0,52,0.1,0.1015625,0.1015625,0.9514820934411706,9.514820934411706e-07,mle,0.18135457312303804,1.86949690477705,ok,True,True,extraction,
csi300,865,2017-04-18,353,864,512,-2.4732906535839776,linear,52,0,52,52,0,52,0.1,0.1015625,0.1015625,0.9485997436529481,9.485997436529481e-07,mle,0.18135457312303804,1.86949690477705,ok,True,True,extraction,
csi300,866,2017-04-19,354,865,512,-2.4732906535839776,linear,52,0,52,52,0,52,0.1,0.1015625,0.1015625,0.9438153789284536,9.438153789284535e-07,mle,0.18135457312303804,1.86949690477705,ok,True,True,extraction,
csi300,867,2017-04-20,355,866,512,-2.4732906535839776,linear,52,0,52,52,0,52,0.1,0.1015625,0.1015625,0.9381808088650248,9.381808088650247e-07,mle,0.18135457312303804,1.86949690477705,ok,True,True,extraction,
csi300,868,2017-04-21,356,867,512,-2.4732906535839776,linear,52,0,52,52,0,52,0.1,0.1015625,0.1015625,0.9438153789284536,9.438153789284535e-07,mle,0.18135457312303804,1.86949690477705,ok,True,True,extraction,
csi300,869,2017-04-24,357,868,512,-2.4732906535839776,linear,52,0,52,52,0,52,0.1,0.1015625,0.1015625,0.9327283789594476,9.327283789594476e-07,mle,0.18135457312303804,1.86949690477705,ok,True,True,extraction,
csi300,870,2017-04-25,358,869,512,-2.4732906535839776,linear,52,0,52,52,0,52,0.1,0.1015625,0.1015625,0.9352718374391462,9.352718374391462e-07,mle,0.18135457312303804,1.86949690477705,ok,True,True,extraction,
csi300,871,2017-04-26,359,870,512,-2.4732906535839776,linear,52,0,52,52,0,52,0.1,0.1015625,0.1015625,0.9352718374391462,9.352718374391462e-07,mle,0.18135457312303804,1.86949690477705,ok,True,True,extraction,
csi300,872,2017-04-27,360,871,512,-2.4732906535839776,linear,52,0,52,52,0,52,0.1,0.1015625,0.1015625,0.9305818104653356,9.305818104653356e-07,mle,0.18135457312303804,1.86949690477705,ok,True,True,extraction,
csi300,873,2017-04-28,361,872,512,-2.4732906535839776,linear,52,0,52,52,0,52,0.1,0.1015625,0.1015625,0.9192371906558469,9.192371906558469e-07,mle,0.18135457312303804,1.86949690477705,ok,True,True,extraction,
csi300,874,2017-05-01,362,873,512,-2.4609715844288917,linear,52,0,52,52,0,52,0.1,0.1015625,0.1015625,0.9183426507460428,9.183426507460428e-07,mle,0.22899115187010802,1.7426061853412431,ok,True,True,extraction,
csi300,875,2017-05-02,363,874,512,-2.4609715844288917,linear,52,0,52,52,0,52,0.1,0.1015625,0.1015625,0.9124492831134852,9.124492831134851e-07,mle,0.22899115187010802,1.7426061853412431,ok,True,True,extraction,
csi300,876,2017-05-03,364,875,512,-2.4609715844288917,linear,52,0,52,52,0,52,0.1,0.1015625,0.1015625,0.9061982473109542,9.061982473109542e-07,mle,0.22899115187010802,1.7426061853412431,ok,True,True,extraction,
csi300,877,2017-05-04,365,876,512,-2.4609715844288917,linear,52,0,52,52,0,52,0.1,0.1015625,0.1015625,0.9045225847532538,9.045225847532538e-07,mle,0.22899115187010802,1.7426061853412431,ok,True,True,extraction,
csi300,878,2017-05-05,366,877,512,-2.4609715844288917,linear,52,0,52,52,0,52,0.1,0.1015625,0.1015625,0.902771135527769,9.027711355277689e-07,mle,0.22899115187010802,1.7426061853412431,ok,True,True,extraction,
csi300,879,2017-05-08,367,878,512,-2.4609715844288917,linear,52,0,52,52,0,52,0.1,0.1015625,0.1015625,0.902771135527769,9.027711355277689e-07,mle,0.22899115187010802,1.7426061853412431,ok,True,True,extraction,
csi300,880,2017-05-09,368,879,512,-2.4609715844288917,linear,52,0,52,52,0,52,0.1,0.1015625,0.1015625,0.902771135527769,9.027711355277689e-07,mle,0.22899115187010802,1.7426061853412431,ok,True,True,extraction,
csi300,881,2017-05-10,369,880,512,-2.4609715844288917,linear,52,0,52,52,0,52,0.1,0.1015625,0.1015625,0.8983302338611376,8.983302338611376e-07,mle,0.22899115187010802,1.7426061853412431,ok,True,True,extraction,
csi300,882,2017-05-11,370,881,512,-2.4609715844288917,linear,52,0,52,52,0,52,0.1,0.1015625,0.1015625,0.8983302338611376,8.983302338611376e-07,mle,0.22899115187010802,1.7426061853412431,ok,True,True,extraction,
csi300,883,2017-05-12,371,882,512,-2.4609715844288917,linear,52,0,52,52,0,52,0.1,0.1015625,0.1015625,0.8983302338611376,8.983302338611376e-07,mle,0.22899115187010802,1.7426061853412431,ok,True,True,extraction,
csi300,884,2017-05-15,372,883,512,-2.4609715844288917,linear,52,0,52,52,0,52,0.1,0.1015625,0.1015625,0.902771135527769,9.027711355277689e-07,mle,0.22899115187010802,1.7426061853412431,ok,True,True,extraction,
csi300,885,2017-05-16,373,884,512,-2.4609715844288917,linear,52,0,52,52,0,52,0.1,0.1015625,0.1015625,0.8983302338611376,8.983302338611376e-07,mle,0.22899115187010802,1.7426061853412431,ok,True,True,extraction,
csi300,886,2017-05-17,374,885,512,-2.4473651135220935,linear,52,0,52,52,0,52,0.1,0.1015625,0.1015625,0.8930191184376757,8.930191184376757e-07,mle,0.27965060114336016,1.6158974391400371,ok,True,True,extraction,
csi300,887,2017-05-18,375,886,512,-2.4473651135220935,linear,52,0,52,52,0,52,0.1,0.1015625,0.1015625,0.8930191184376757,8.930191184376757e-07,mle,0.27965060114336016,1.6158974391400371,ok,True,True,extraction,
csi300,888,2017-05-19,376,887,512,-2.4473651135220935,linear,52,0,52,52,0,52,0.1,0.1015625,0.1015625,0.8930191184376757,8.930191184376757e-07,mle,0.27965060114336016,1.6158974391400371,ok,True,True,extraction,
csi300,889,2017-05-22,377,888,512,-2.4473651135220935,linear,52,0,52,52,0,52,0.1,0.1015625,0.1015625,0.8911977249998952,8.911977249998952e-07,mle,0.27965060114336016,1.6158974391400371,ok,True,True,extraction,
csi300,890,2017-05-23,378,889,512,-2.4473651135220935,linear,52,0,52,52,0,52,0.1,0.1015625,0.1015625,0.889791854399617,8.89791854399617e-07,mle,0.27965060114336016,1.6158974391400371,ok,True,True,extraction,
csi300,891,2017-05-24,379,890,512,-2.4473651135220935,linear,52,0,52,52,0,52,0.1,0.1015625,0.1015625,0.8842408988586137,8.842408988586136e-07,mle,0.27965060114336016,1.6158974391400371,ok,True,True,extraction,
csi300,892,2017-05-25,380,891,512,-2.4473651135220935,linear,52,0,52,52,0,52,0.1,0.1015625,0.1015625,0.8757802811186378,8.757802811186377e-07,mle,0.27965060114336016,1.6158974391400371,ok,True,True,extraction,
csi300,893,2017-05-26,381,892,512,-2.4473651135220935,linear,52,0,52,52,0,52,0.1,0.1015625,0.1015625,0.8757802811186378,8.757802811186377e-07,mle,0.27965060114336016,1.6158974391400371,ok,True,True,extraction,
csi300,894,2017-05-30,382,893,512,-2.4473651135220935,linear,52,0,52,52,0,52,0.1,0.1015625,0.1015625,0.870691258674503,8.70691258674503e-07,mle,0.27965060114336016,1.6158974391400371,ok,True,True,extraction,
csi300,895,2017-05-31,383,894,512,-2.4473651135220935,linear,52,0,52,52,0,52,0.1,0.1015625,0.1015625,0.8676122683565917,8.676122683565917e-07,mle,0.27965060114336016,1.6158974391400371,ok,True,True,extraction,
csi300,896,2017-06-01,384,895,512,-2.4473651135220935,linear,52,0,52,52,0,52,0.1,0.1015625,0.1015625,0.8598310620841358,8.598310620841358e-07,mle,0.27965060114336016,1.6158974391400371,ok,True,True,extraction,
csi300,897,2017-06-02,385,896,512,-2.4473651135220935,linear,52,0,52,52,0,52,0.1,0.1015625,0.1015625,0.8598310620841358,8.598310620841358e-07,mle,0.27965060114336016,1.6158974391400371,ok,True,True,extraction,
csi300,898,2017-06-05,386,897,512,-2.4473651135220935,linear,52,0,52,52,0,52,0.1,0.1015625,0.1015625,0.8531485719951608,8.531485719951607e-07,mle,0.27965060114336016,1.6158974391400371,ok,True,True,extraction,
csi300,899,2017-06-06,387,898,512,-2.4473651135220935,linear,52,0,52,52,0,52,0.1,0.1015625,0.1015625,0.8507319922880849,8.507319922880849e-07,mle,0.27965060114336016,1.6158974391400371,ok,True,True,extraction,
csi300,900,2017-06-07,388,899,512,-2.4473651135220935,linear,52,0,52,52,0,52,0.1,0.1015625,0.1015625,0.8507319922880849,8.507319922880849e-07,mle,0.27965060114336016,1.6158974391400371,ok,True,True,extraction,
csi300,901,2017-06-08,389,900,512,-2.4473651135220935,linear,52,0,52,52,0,52,0.1,0.1015625,0.1015625,0.8531485719951608,8.531485719951607e-07,mle,0.27965060114336016,1.6158974391400371,ok,True,True,extraction,
csi300,902,2017-06-09,390,901,512,-2.4031219073970695,linear,52,0,52,52,0,52,0.1,0.1015625,0.1015625,0.8531485719951608,8.531485719951607e-07,mle,0.29556318705927354,1.5668936036035441,ok,True,True,extraction,
csi300,903,2017-06-12,391,902,512,-2.4031219073970695,linear,52,0,52,52,0,52,0.1,0.1015625,0.1015625,0.856632523417914,8.566325234179139e-07,mle,0.29556318705927354,1.5668936036035441,ok,True,True,extraction,
csi300,904,2017-06-13,392,903,512,-2.4031219073970695,linear,52,0,52,52,0,52,0.1,0.1015625,0.1015625,0.8507319922880849,8.507319922880849e-07,mle,0.29556318705927354,1.5668936036035441,ok,True,True,extraction,
csi300,905,2017-06-14,393,904,512,-2.4031219073970695,linear,52,0,52,52,0,52,0.1,0.1015625,0.1015625,0.8486852858824958,8.486852858824958e-07,mle,0.29556318705927354,1.5668936036035441,ok,True,True,extraction,
csi300,906,2017-06-15,394,905,512,-2.4031219073970695,linear,52,0,52,52,0,52,0.1,0.1015625,0.1015625,0.8486852858824958,8.486852858824958e-07,mle,0.29556318705927354,1.5668936036035441,ok,True,True,extraction,
csi300,907,2017-06-16,395,906,512,-2.4031219073970695,linear,52,0,52,52,0,52,0.1,0.1015625,0.1015625,0.8486852858824958,8.486852858824958e-07,mle,0.29556318705927354,1.5668936036035441,ok,True,True,extraction,
csi300,908,2017-06-19,396,907,512,-2.4031219073970695,linear,52,0,52,52,0,52,0.1,0.1015625,0.1015625,0.8486852858824958,8.486852858824958e-07,mle,0.29556318705927354,1.5668936036035441,ok,True,True,extraction,
csi300,909,2017-06-20,397,908,512,-2.4031219073970695,linear,52,0,52,52,0,52,0.1,0.1015625,0.1015625,0.8486852858824958,8.486852858824958e-07,mle,0.29556318705927354,1.5668936036035441,ok,True,True,extraction,
csi300,910,2017-06-21,398,909,512,-2.4031219073970695,linear,52,0,52,52,0,52,0.1,0.1015625,0.1015625,0.8417183346854549,8.417183346854548e-07,mle,0.29556318705927354,1.5668936036035441,ok,True,True,extraction,
csi300,911,2017-06-22,399,910,512,-2.4031219073970695,linear,52,0,52,52,0,52,0.1,0.1015625,0.1015625,0.8486852858824958,8.486852858824958e-07,mle,0.29556318705927354,1.5668936036035441,ok,True,True,extraction,
csi300,912,2017-06-23,400,911,512,-2.4031219073970695,linear,52,0,52,52,0,52,0.1,0.1015625,0.1015625,0.8486852858824958,8.486852858824958e-07,mle,0.29556318705927354,1.5668936036035441,ok,True,True,extraction,
csi300,913,2017-06-26,401,912,512,-2.4031219073970695,linear,52,0,52,52,0,52,0.1,0.1015625,0.1015625,0.8486852858824958,8.486852858824958e-07,mle,0.29556318705927354,1.5668936036035441,ok,True,True,extraction,
csi300,914,2017-06-27,402,913,512,-2.321804906502941,linear,52,0,52,52,0,52,0.1,0.1015625,0.1015625,0.8486852858824958,8.486852858824958e-07,mle,0.25288119658442615,1.688789823987557,ok,True,True,extraction,
csi300,915,2017-06-28,403,914,512,-2.2964637206400424,linear,52,0,52,52,0,52,0.1,0.1015625,0.1015625,0.8425832551770339,8.425832551770339e-07,mle,0.24724291986731034,1.7124019496373428,ok,True,True,extraction,
csi300,916,2017-06-29,404,915,512,-2.2964637206400424,linear,52,0,52,52,0,52,0.1,0.1015625,0.1015625,0.8335246141616375,8.335246141616375e-07,mle,0.24724291986731034,1.7124019496373428,ok,True,True,extraction,
csi300,917,2017-06-30,405,916,512,-2.2786184219951604,linear,52,0,52,52,0,52,0.1,0.1015625,0.1015625,0.836414326455748,8.364143264557479e-07,mle,0.2535919940186637,1.7054001183523217,ok,True,True,extraction,
csi300,918,2017-07-03,406,917,512,-2.226257845694749,linear,52,0,52,52,0,52,0.1,0.1015625,0.1015625,0.8343708424069147,8.343708424069146e-07,mle,0.26354739078489975,1.6724835507615756,ok,True,True,extraction,
csi300,919,2017-07-05,407,918,512,-2.226257845694749,linear,52,0,52,52,0,52,0.1,0.1015625,0.1015625,0.8302922858811248,8.302922858811247e-07,mle,0.26354739078489975,1.6724835507615756,ok,True,True,extraction,
csi300,920,2017-07-06,408,919,512,-2.226257845694749,linear,52,0,52,52,0,52,0.1,0.1015625,0.1015625,0.8236445210289571,8.236445210289571e-07,mle,0.26354739078489975,1.6724835507615756,ok,True,True,extraction,
csi300,921,2017-07-07,409,920,512,-2.226257845694749,linear,52,0,52,52,0,52,0.1,0.1015625,0.1015625,0.8262556016039246,8.262556016039246e-07,mle,0.26354739078489975,1.6724835507615756,ok,True,True,extraction,
csi300,922,2017-07-10,410,921,512,-2.1773181274274522,linear,52,0,52,52,0,52,0.1,0.1015625,0.1015625,0.815650678933521,8.156506789335209e-07,mle,0.27523315391024783,1.6409750697589447,ok,True,True,extraction,
csi300,923,2017-07-11,411,922,512,-2.1561393110268865,linear,52,0,52,52,0,52,0.1,0.1015625,0.1015625,0.8149407848130101,8.149407848130101e-07,mle,0.26767075417613556,1.5462035612133123,ok,True,True,extraction,
csi300,924,2017-07-12,412,923,512,-2.1561393110268865,linear,52,0,52,52,0,52,0.1,0.1015625,0.1015625,0.815650678933521,8.156506789335209e-07,mle,0.26767075417613556,1.5462035612133123,ok,True,True,extraction,
csi300,925,2017-07-13,413,924,512,-2.1561393110268865,linear,52,0,52,52,0,52,0.1,0.1015625,0.1015625,0.8149407848130101,8.149407848130101e-07,mle,0.26767075417613556,1.5462035612133123,ok,True,True,extraction,
csi300,926,2017-07-14,414,925,512,-2.1154995683825675,linear,52,0,52,52,0,52,0.1,0.1015625,0.1015625,0.8107904528187269,8.107904528187268e-07,mle,0.2772143030250839,1.5321570168369365,ok,True,True,extraction,
csi300,927,2017-07-17,415,926,512,-2.0701203769993652,linear,52,0,52,52,0,52,0.1,0.1015625,0.1015625,0.8100516263115716,8.100516263115715e-07,mle,0.28358142880654147,1.524959985985243,ok,True,True,extraction,
csi300,928,2017-07-18,416,927,512,-2.0678187812163986,linear,52,0,52,52,0,52,0.1,0.1015625,0.1015625,0.8100516263115716,8.100516263115715e-07,mle,0.30336329561176223,1.4853864899799358,ok,True,True,extraction,
csi300,929,2017-07-19,417,928,512,-2.054861394128576,linear,52,0,52,52,0,52,0.1,0.1015625,0.1015625,0.80878072652028,8.0878072652028e-07,mle,0.32821787039058403,1.3682223614064752,ok,True,True,extraction,
csi300,930,2017-07-20,418,929,512,-2.0432299569628323,linear,52,0,52,52,0,52,0.1,0.1015625,0.1015625,0.8036755983897208,8.036755983897207e-07,mle,0.29190314372552095,1.2983453422047662,ok,True,True,extraction,
csi300,931,2017-07-21,419,930,512,-2.0432299569628323,linear,52,0,52,52,0,52,0.1,0.1015625,0.1015625,0.7953048668094753,7.953048668094753e-07,mle,0.29190314372552095,1.2983453422047662,ok,True,True,extraction,
csi300,932,2017-07-24,420,931,512,-2.0432299569628323,linear,52,0,52,52,0,52,0.1,0.1015625,0.1015625,0.7967086471926798,7.967086471926797e-07,mle,0.29190314372552095,1.2983453422047662,ok,True,True,extraction,
csi300,933,2017-07-25,421,932,512,-2.0432299569628323,linear,52,0,52,52,0,52,0.1,0.1015625,0.1015625,0.7840481217575646,7.840481217575646e-07,mle,0.29190314372552095,1.2983453422047662,ok,True,True,extraction,
csi300,934,2017-07-26,422,933,512,-2.0432299569628323,linear,52,0,52,52,0,52,0.1,0.1015625,0.1015625,0.7825815728672663,7.825815728672662e-07,mle,0.29190314372552095,1.2983453422047662,ok,True,True,extraction,
csi300,935,2017-07-27,423,934,512,-2.0345253418275235,linear,52,0,52,52,0,52,0.1,0.1015625,0.1015625,0.7814693984932276,7.814693984932276e-07,mle,0.33783827480292355,1.2020911144174518,ok,True,True,extraction,
csi300,936,2017-07-28,424,935,512,-2.0345253418275235,linear,52,0,52,52,0,52,0.1,0.1015625,0.1015625,0.7780352020945291,7.780352020945291e-07,mle,0.33783827480292355,1.2020911144174518,ok,True,True,extraction,
csi300,937,2017-07-31,425,936,512,-2.0345253418275235,linear,52,0,52,52,0,52,0.1,0.1015625,0.1015625,0.7742028581143954,7.742028581143953e-07,mle,0.33783827480292355,1.2020911144174518,ok,True,True,extraction,
csi300,938,2017-08-01,426,937,512,-1.9598874205186754,linear,52,0,52,52,0,52,0.1,0.1015625,0.1015625,0.7780277042335635,7.780277042335634e-07,mle,0.25677224630335443,1.3786015863796726,ok,True,True,extraction,
csi300,939,2017-08-02,427,938,512,-1.9598874205186754,linear,52,0,52,52,0,52,0.1,0.1015625,0.1015625,0.7765312416313539,7.765312416313538e-07,mle,0.25677224630335443,1.3786015863796726,ok,True,True,extraction,
csi300,940,2017-08-03,428,939,512,-1.9598874205186754,linear,52,0,52,52,0,52,0.1,0.1015625,0.1015625,0.7718016802903646,7.718016802903645e-07,mle,0.25677224630335443,1.3786015863796726,ok,True,True,extraction,
csi300,941,2017-08-04,429,940,512,-1.9598874205186754,linear,52,0,52,52,0,52,0.1,0.1015625,0.1015625,0.7695451301104754,7.695451301104754e-07,mle,0.25677224630335443,1.3786015863796726,ok,True,True,extraction,
csi300,942,2017-08-07,430,941,512,-1.8627589143788508,linear,52,0,52,52,0,52,0.1,0.1015625,0.1015625,0.7695451301104754,7.695451301104754e-07,mle,0.19944532641950535,1.5401641765435032,ok,True,True,extraction,
csi300,943,2017-08-08,431,942,512,-1.846348801626152,linear,52,0,52,52,0,52,0.1,0.1015625,0.1015625,0.7692036841030709,7.692036841030709e-07,mle,0.1864940160593716,1.4524866186809653,ok,True,True,extraction,
csi300,944,2017-08-09,432,943,512,-1.846348801626152,linear,52,0,52,52,0,52,0.1,0.1015625,0.1015625,0.7659075270730573,7.659075270730573e-07,mle,0.1864940160593716,1.4524866186809653,ok,True,True,extraction,
csi300,945,2017-08-10,433,944,512,-1.846348801626152,linear,52,0,52,52,0,52,0.1,0.1015625,0.1015625,0.7596534961630511,7.596534961630511e-07,mle,0.1864940160593716,1.4524866186809653,ok,True,True,extraction,
csi300,946,2017-08-11,434,945,512,-1.8348759260694207,linear,52,0,52,52,0,52,0.1,0.1015625,0.1015625,0.7596534961630511,7.596534961630511e-07,mle,0.20758009406549544,1.4085710031357004,ok,True,True,extraction,
csi300,947,2017-08-14,435,946,512,-1.8348759260694207,linear,52,0,52,52,0,52,0.1,0.1015625,0.1015625,0.7596534961630511,7.596534961630511e-07,mle,0.20758009406549544,1.4085710031357004,ok,True,True,extraction,
csi300,948,2017-08-15,436,947,512,-1.8348759260694207,linear,52,0,52,52,0,52,0.1,0.1015625,0.1015625,0.7659075270730573,7.659075270730573e-07,mle,0.20758009406549544,1.4085710031357004,ok,True,True,extraction,
csi300,949,2017-08-16,437,948,512,-1.8348759260694207,linear,52,0,52,52,0,52,0.1,0.1015625,0.1015625,0.7596534961630511,7.596534961630511e-07,mle,0.20758009406549544,1.4085710031357004,ok,True,True,extraction,
csi300,950,2017-08-17,438,949,512,-1.827870522982759,linear,52,0,52,52,0,52,0.1,0.1015625,0.1015625,0.761851714520395,7.618517145203949e-07,mle,0.20957442716782954,1.4078876776715346,ok,True,True,extraction,
csi300,951,2017-08-18,439,950,512,-1.827870522982759,linear,52,0,52,52,0,52,0.1,0.1015625,0.1015625,0.7602386629876856,7.602386629876856e-07,mle,0.20957442716782954,1.4078876776715346,ok,True,True,extraction,
csi300,952,2017-08-21,440,951,512,-1.827870522982759,linear,52,0,52,52,0,52,0.1,0.1015625,0.1015625,0.7571214383508307,7.571214383508306e-07,mle,0.20957442716782954,1.4078876776715346,ok,True,True,extraction,
csi300,953,2017-08-22,441,952,512,-1.827870522982759,linear,52,0,52,52,0,52,0.1,0.1015625,0.1015625,0.7533728819404382,7.533728819404382e-07,mle,0.20957442716782954,1.4078876776715346,ok,True,True,extraction,
csi300,954,2017-08-23,442,953,512,-1.8252182855385344,linear,52,0,52,52,0,52,0.1,0.1015625,0.1015625,0.7503834845908699,7.503834845908698e-07,mle,0.2514993179638606,1.3130216556767182,ok,True,True,extraction,
csi300,955,2017-08-24,443,954,512,-1.8137867818489286,linear,52,0,52,52,0,52,0.1,0.1015625,0.1015625,0.7495549841528335,7.495549841528335e-07,mle,0.2789681112993247,1.2632243094093887,ok,True,True,extraction,
csi300,956,2017-08-25,444,955,512,-1.8137867818489286,linear,52,0,52,52,0,52,0.1,0.1015625,0.1015625,0.7391016637840107,7.391016637840107e-07,mle,0.2789681112993247,1.2632243094093887,ok,True,True,extraction,
csi300,957,2017-08-28,445,956,512,-1.8137867818489286,linear,52,0,52,52,0,52,0.1,0.1015625,0.1015625,0.7495549841528335,7.495549841528335e-07,mle,0.2789681112993247,1.2632243094093887,ok,True,True,extraction,
csi300,958,2017-08-29,446,957,512,-1.8137867818489286,linear,52,0,52,52,0,52,0.1,0.1015625,0.1015625,0.7504868328374971,7.50486832837497e-07,mle,0.2789681112993247,1.2632243094093887,ok,True,True,extraction,
csi300,959,2017-08-30,447,958,512,-1.7841905017833009,linear,52,0,52,52,0,52,0.1,0.1015625,0.1015625,0.747926731974634,7.47926731974634e-07,mle,0.2711971145865031,1.2137527984692054,ok,True,True,extraction,
csi300,960,2017-08-31,448,959,512,-1.7841905017833009,linear,52,0,52,52,0,52,0.1,0.1015625,0.1015625,0.7474065438674422,7.474065438674422e-07,mle,0.2711971145865031,1.2137527984692054,ok,True,True,extraction,
csi300,961,2017-09-01,449,960,512,-1.7512780075624625,linear,52,0,52,52,0,52,0.1,0.1015625,0.1015625,0.7439118878045775,7.439118878045774e-07,mle,0.27529226027855697,1.21491761607473,ok,True,True,extraction,
csi300,962,2017-09-05,450,961,512,-1.742238583554817,linear,52,0,52,52,0,52,0.1,0.1015625,0.1015625,0.7453287357873404,7.453287357873403e-07,mle,0.311300309569267,1.1227517585736888,ok,True,True,extraction,
csi300,963,2017-09-06,451,962,512,-1.678343553965864,linear,52,0,52,52,0,52,0.1,0.1015625,0.1015625,0.7384191855395461,7.38419185539546e-07,mle,0.09958306936905267,1.2821838117576798,ok,True,True,extraction,
csi300,964,2017-09-07,452,963,512,-1.678343553965864,linear,52,0,52,52,0,52,0.1,0.1015625,0.1015625,0.7384191855395461,7.38419185539546e-07,mle,0.09958306936905267,1.2821838117576798,ok,True,True,extraction,
csi300,965,2017-09-08,453,964,512,-1.678343553965864,linear,52,0,52,52,0,52,0.1,0.1015625,0.1015625,0.7384191855395461,7.38419185539546e-07,mle,0.09958306936905267,1.2821838117576798,ok,True,True,extraction,
csi300,966,2017-09-11,454,965,512,-1.678343553965864,linear,52,0,52,52,0,52,0.1,0.1015625,0.1015625,0.7347330886574235,7.347330886574235e-07,mle,0.09958306936905267,1.2821838117576798,ok,True,True,extraction,
csi300,967,2017-09-12,455,966,512,-1.678343553965864,linear,52,0,52,52,0,52,0.1,0.1015625,0.1015625,0.7327426109522385,7.327426109522384e-07,mle,0.09958306936905267,1.2821838117576798,ok,True,True,extraction,
csi300,968,2017-09-13,456,967,512,-1.6761234500675615,linear,52,0,52,52,0,52,0.1,0.1015625,0.1015625,0.732096312890655,7.320963128906549e-07,mle,0.11368132002037094,1.258276134948896,ok,True,True,extraction,
csi300,969,2017-09-14,457,968,512,-1.6631432261436871,linear,52,0,52,52,0,52,0.1,0.1015625,0.1015625,0.7268108380552487,7.268108380552487e-07,mle,0.14282134232662194,1.2087178259043625,ok,True,True,extraction,
csi300,970,2017-09-15,458,969,512,-1.6631432261436871,linear,52,0,52,52,0,52,0.1,0.1015625,0.1015625,0.725678235392626,7.25678235392626e-07,mle,0.14282134232662194,1.2087178259043625,ok,True,True,extraction,
csi300,971,2017-09-18,459,970,512,-1.6631432261436871,linear,52,0,52,52,0,52,0.1,0.1015625,0.1015625,0.7168398057437787,7.168398057437787e-07,mle,0.14282134232662194,1.2087178259043625,ok,True,True,extraction,
csi300,972,2017-09-19,460,971,512,-1.5849922509209733,linear,52,0,52,52,0,52,0.1,0.1015625,0.1015625,0.7103588016906249,7.103588016906249e-07,mle,0.10629549882330361,1.2743447816443143,ok,True,True,extraction,
csi300,973,2017-09-20,461,972,512,-1.5849922509209733,linear,52,0,52,52,0,52,0.1,0.1015625,0.1015625,0.7149757791201612,7.149757791201612e-07,mle,0.10629549882330361,1.2743447816443143,ok,True,True,extraction,
csi300,974,2017-09-21,462,973,512,-1.581801231041719,linear,52,0,52,52,0,52,0.1,0.1015625,0.1015625,0.7050808882265531,7.050808882265531e-07,mle,0.14969750862182762,1.1899162841999877,ok,True,True,extraction,
csi300,975,2017-09-22,463,974,512,-1.581801231041719,linear,52,0,52,52,0,52,0.1,0.1015625,0.1015625,0.7018719727731382,7.018719727731382e-07,mle,0.14969750862182762,1.1899162841999877,ok,True,True,extraction,
csi300,976,2017-09-25,464,975,512,-1.581801231041719,linear,52,0,52,52,0,52,0.1,0.1015625,0.1015625,0.7126383021169771,7.12638302116977e-07,mle,0.14969750862182762,1.1899162841999877,ok,True,True,extraction,
csi300,977,2017-09-26,465,976,512,-1.581801231041719,linear,52,0,52,52,0,52,0.1,0.1015625,0.1015625,0.7126383021169771,7.12638302116977e-07,mle,0.17594304796733173,1.104326656382015,ok,True,True,extraction,
csi300,978,2017-09-27,466,977,512,-1.581801231041719,linear,52,0,52,52,0,52,0.1,0.1015625,0.1015625,0.7006422855806266,7.006422855806266e-07,mle,0.17594304796733173,1.104326656382015,ok,True,True,extraction,
csi300,979,2017-09-28,467,978,512,-1.581801231041719,linear,52,0,52,52,0,52,0.1,0.1015625,0.1015625,0.6977346312836386,6.977346312836386e-07,mle,0.17594304796733173,1.104326656382015,ok,True,True,extraction,
csi300,980,2017-09-29,468,979,512,-1.5573980983568247,linear,52,0,52,52,0,52,0.1,0.1015625,0.1015625,0.6912536272304848,6.912536272304847e-07,mle,0.18149501890995667,1.103304380829154,ok,True,True,extraction,
csi300,981,2017-10-02,469,980,512,-1.5194663713180014,linear,52,0,52,52,0,52,0.1,0.1015625,0.1015625,0.6982556691055357,6.982556691055357e-07,mle,0.16679754047954465,1.1413399721351407,ok,True,True,extraction,
csi300,982,2017-10-03,470,981,512,-1.5194663713180014,linear,52,0,52,52,0,52,0.1,0.1015625,0.1015625,0.6960040729475226,6.960040729475226e-07,mle,0.16679754047954465,1.1413399721351407,ok,True,True,extraction,
csi300,983,2017-10-04,471,982,512,-1.5194663713180014,linear,52,0,52,52,0,52,0.1,0.1015625,0.1015625,0.6939647373845808,6.939647373845807e-07,mle,0.16679754047954465,1.1413399721351407,ok,True,True,extraction,
csi300,984,2017-10-05,472,983,512,-1.5194663713180014,linear,52,0,52,52,0,52,0.1,0.1015625,0.1015625,0.6934182862998561,6.934182862998561e-07,mle,0.16679754047954465,1.1413399721351407,ok,True,True,extraction,
csi300,985,2017-10-06,473,984,512,-1.5194663713180014,linear,52,0,52,52,0,52,0.1,0.1015625,0.1015625,0.6934182862998561,6.934182862998561e-07,mle,0.16679754047954465,1.1413399721351407,ok,True,True,extraction,
csi300,986,2017-10-09,474,985,512,-1.5132931980804598,linear,52,0,52,52,0,52,0.1,0.1015625,0.1015625,0.6915514348515559,6.915514348515559e-07,mle,0.1986063447172432,1.090495963747138,ok,True,True,extraction,
csi300,987,2017-10-10,475,986,512,-1.5132931980804598,linear,52,0,52,52,0,52,0.1,0.1015625,0.1015625,0.6934182862998561,6.934182862998561e-07,mle,0.1986063447172432,1.090495963747138,ok,True,True,extraction,
csi300,988,2017-10-11,476,987,512,-1.5132931980804598,linear,52,0,52,52,0,52,0.1,0.1015625,0.1015625,0.6934182862998561,6.934182862998561e-07,mle,0.1986063447172432,1.090495963747138,ok,True,True,extraction,
csi300,989,2017-10-12,477,988,512,-1.5132931980804598,linear,52,0,52,52,0,52,0.1,0.1015625,0.1015625,0.6915514348515559,6.915514348515559e-07,mle,0.1986063447172432,1.090495963747138,ok,True,True,extraction,
csi300,990,2017-10-13,478,989,512,-1.5132931980804598,linear,52,0,52,52,0,52,0.1,0.1015625,0.1015625,0.6894429380793704,6.894429380793704e-07,mle,0.1986063447172432,1.090495963747138,ok,True,True,extraction,
csi300,991,2017-10-16,479,990,512,-1.5132931980804598,linear,52,0,52,52,0,52,0.1,0.1015625,0.1015625,0.6843269937818076,6.843269937818075e-07,mle,0.1986063447172432,1.090495963747138,ok,True,True,extraction,
csi300,992,2017-10-17,480,991,512,-1.5132931980804598,linear,52,0,52,52,0,52,0.1,0.1015625,0.1015625,0.683780542697083,6.83780542697083e-07,mle,0.1986063447172432,1.090495963747138,ok,True,True,extraction,
csi300,993,2017-10-18,481,992,512,-1.5132931980804598,linear,52,0,52,52,0,52,0.1,0.1015625,0.1015625,0.6792675287142098,6.792675287142098e-07,mle,0.1986063447172432,1.090495963747138,ok,True,True,extraction,
csi300,994,2017-10-19,482,993,512,-1.5132931980804598,linear,52,0,52,52,0,52,0.1,0.1015625,0.1015625,0.6792675287142098,6.792675287142098e-07,mle,0.1986063447172432,1.090495963747138,ok,True,True,extraction,
csi300,995,2017-10-20,483,994,512,-1.5132931980804598,linear,52,0,52,52,0,52,0.1,0.1015625,0.1015625,0.6792675287142098,6.792675287142098e-07,mle,0.1986063447172432,1.090495963747138,ok,True,True,extraction,
csi300,996,2017-10-23,484,995,512,-1.5132931980804598,linear,52,0,52,52,0,52,0.1,0.1015625,0.1015625,0.6770460352698219,6.770460352698219e-07,mle,0.1986063447172432,1.090495963747138,ok,True,True,extraction,
csi300,997,2017-10-24,485,996,512,-1.5132931980804598,linear,52,0,52,52,0,52,0.1,0.1015625,0.1015625,0.6764995841850973,6.764995841850972e-07,mle,0.1986063447172432,1.090495963747138,ok,True,True,extraction,
csi300,998,2017-10-25,486,997,512,-1.5132931980804598,linear,52,0,52,52,0,52,0.1,0.1015625,0.1015625,0.678619831522838,6.78619831522838e-07,mle,0.1986063447172432,1.090495963747138,ok,True,True,extraction,
csi300,999,2017-10-26,487,998,512,-1.512757399024385,linear,52,0,52,52,0,52,0.1,0.1015625,0.1015625,0.6776674139063806,6.776674139063806e-07,mle,0.1978439934997117,1.0918197691373435,ok,True,True,extraction,
csi300,1000,2017-10-27,488,999,512,-1.512757399024385,linear,52,0,52,52,0,52,0.1,0.1015625,0.1015625,0.6740493500269485,6.740493500269486e-07,mle,0.1978439934997117,1.0918197691373435,ok,True,True,extraction,
csi300,1001,2017-10-30,489,1000,512,-1.512757399024385,linear,52,0,52,52,0,52,0.1,0.1015625,0.1015625,0.6740493500269485,6.740493500269486e-07,mle,0.1978439934997117,1.0918197691373435,ok,True,True,extraction,
csi300,1002,2017-10-31,490,1001,512,-1.504486178675702,linear,52,0,52,52,0,52,0.1,0.1015625,0.1015625,0.6740493500269485,6.740493500269486e-07,mle,0.19624942563716322,1.09811422207561,ok,True,True,extraction,
csi300,1003,2017-11-01,491,1002,512,-1.504486178675702,linear,52,0,52,52,0,52,0.1,0.1015625,0.1015625,0.6702922916180328,6.702922916180328e-07,mle,0.19624942563716322,1.09811422207561,ok,True,True,extraction,
csi300,1004,2017-11-02,492,1003,512,-1.4975694597496816,linear,52,0,52,52,0,52,0.1,0.1015625,0.1015625,0.6595339425735156,6.595339425735156e-07,mle,0.23464206939185928,1.0076580942464877,ok,True,True,extraction,
csi300,1005,2017-11-03,493,1004,512,-1.4975694597496816,linear,52,0,52,52,0,52,0.1,0.1015625,0.1015625,0.6492380915852973,6.492380915852973e-07,mle,0.23464206939185928,1.0076580942464877,ok,True,True,extraction,
csi300,1006,2017-11-06,494,1005,512,-1.4975694597496816,linear,52,0,52,52,0,52,0.1,0.1015625,0.1015625,0.6485566514424151,6.485566514424152e-07,mle,0.23464206939185928,1.0076580942464877,ok,True,True,extraction,
csi300,1007,2017-11-07,495,1006,512,-1.4590859295072607,linear,52,0,52,52,0,52,0.1,0.1015625,0.1015625,0.6488322315962034,6.488322315962034e-07,mle,0.2259971842097433,1.0295017927725545,ok,True,True,extraction,
csi300,1008,2017-11-08,496,1007,512,-1.4590859295072607,linear,52,0,52,52,0,52,0.1,0.1015625,0.1015625,0.6488322315962034,6.488322315962034e-07,mle,0.2259971842097433,1.0295017927725545,ok,True,True,extraction,
csi300,1009,2017-11-09,497,1008,512,-1.3020886559245484,linear,52,0,52,52,0,52,0.1,0.1015625,0.1015625,0.6475654577773913,6.475654577773913e-07,mle,0.09001085779490886,1.3269578380016984,ok,True,True,extraction,
csi300,1010,2017-11-10,498,1009,512,-1.3020886559245484,linear,52,0,52,52,0,52,0.1,0.1015625,0.1015625,0.6453427648473169,6.453427648473169e-07,mle,0.09001085779490886,1.3269578380016984,ok,True,True,extraction,
csi300,1011,2017-11-13,499,1010,512,-1.3020886559245484,linear,52,0,52,52,0,52,0.1,0.1015625,0.1015625,0.6475654577773913,6.475654577773913e-07,mle,0.09001085779490886,1.3269578380016984,ok,True,True,extraction,
csi300,1012,2017-11-14,500,1011,512,-1.3020886559245484,linear,52,0,52,52,0,52,0.1,0.1015625,0.1015625,0.6460242422057036,6.460242422057036e-07,mle,0.09001085779490886,1.3269578380016984,ok,True,True,extraction,
csi300,1013,2017-11-15,501,1012,512,-1.3020886559245484,linear,52,0,52,52,0,52,0.1,0.1015625,0.1015625,0.6460242422057036,6.460242422057036e-07,mle,0.09001085779490886,1.3269578380016984,ok,True,True,extraction,
csi300,1014,2017-11-16,502,1013,512,-1.3020886559245484,linear,52,0,52,52,0,52,0.1,0.1015625,0.1015625,0.6453427648473169,6.453427648473169e-07,mle,0.09001085779490886,1.3269578380016984,ok,True,True,extraction,
csi300,1015,2017-11-17,503,1014,512,-1.3020886559245484,linear,52,0,52,52,0,52,0.1,0.1015625,0.1015625,0.6453427648473169,6.453427648473169e-07,mle,0.09001085779490886,1.3269578380016984,ok,True,True,extraction,
csi300,1016,2017-11-20,504,1015,512,-1.3020886559245484,linear,52,0,52,52,0,52,0.1,0.1015625,0.1015625,0.6399616803732522,6.399616803732522e-07,mle,0.09001085779490886,1.3269578380016984,ok,True,True,extraction,
csi300,1017,2017-11-21,505,1016,512,-1.3020886559245484,linear,52,0,52,52,0,52,0.1,0.1015625,0.1015625,0.6403460546576173,6.403460546576172e-07,mle,0.09001085779490886,1.3269578380016984,ok,True,True,extraction,
csi300,1018,2017-11-22,506,1017,512,-1.3020886559245484,linear,52,0,52,52,0,52,0.1,0.1015625,0.1015625,0.6403460546576173,6.403460546576172e-07,mle,0.09001085779490886,1.3269578380016984,ok,True,True,extraction,
csi300,1019,2017-11-24,507,1018,512,-1.3020886559245484,linear,52,0,52,52,0,52,0.1,0.1015625,0.1015625,0.6399616803732522,6.399616803732522e-07,mle,0.09001085779490886,1.3269578380016984,ok,True,True,extraction,
csi300,1020,2017-11-27,508,1019,512,-1.3020886559245484,linear,52,0,52,52,0,52,0.1,0.1015625,0.1015625,0.6399616803732522,6.399616803732522e-07,mle,0.08271945768446815,1.3454935966358308,ok,True,True,extraction,
csi300,1021,2017-11-28,509,1020,512,-1.3020886559245484,linear,52,0,52,52,0,52,0.1,0.1015625,0.1015625,0.6399616803732522,6.399616803732522e-07,mle,0.11226055487622713,1.273132966691399,ok,True,True,extraction,
csi300,1022,2017-11-29,510,1021,512,-1.3020886559245484,linear,52,0,52,52,0,52,0.1,0.1015625,0.1015625,0.6322807299403765,6.322807299403766e-07,mle,0.11226055487622713,1.273132966691399,ok,True,True,extraction,
csi300,1023,2017-11-30,511,1022,512,-1.3020886559245484,linear,52,0,52,52,0,52,0.1,0.1015625,0.1015625,0.6322807299403765,6.322807299403766e-07,mle,0.11226055487622713,1.273132966691399,ok,True,True,extraction,
csi300,1024,2017-12-01,512,1023,512,-1.3020886559245484,linear,52,0,52,52,0,52,0.1,0.1015625,0.1015625,0.6399616803732522,6.399616803732522e-07,mle,0.11226055487622713,1.273132966691399,ok,True,True,extraction,
csi300,1025,2017-12-04,513,1024,512,-1.3020886559245484,linear,52,0,52,52,0,52,0.1,0.1015625,0.1015625,0.6393403017366934,6.393403017366934e-07,mle,0.11226055487622713,1.273132966691399,ok,True,True,extraction,
csi300,1026,2017-12-05,514,1025,512,-1.3020886559245484,linear,52,0,52,52,0,52,0.1,0.1015625,0.1015625,0.6449583905629518,6.449583905629518e-07,mle,0.11226055487622713,1.273132966691399,ok,True,True,extraction,
csi300,1027,2017-12-06,515,1026,512,-1.3020886559245484,linear,52,0,52,52,0,52,0.1,0.1015625,0.1015625,0.6453427648473169,6.453427648473169e-07,mle,0.11226055487622713,1.273132966691399,ok,True,True,extraction,
csi300,1028,2017-12-07,516,1027,512,-1.3020886559245484,linear,52,0,52,52,0,52,0.1,0.1015625,0.1015625,0.6475053962710677,6.475053962710677e-07,mle,0.11226055487622713,1.273132966691399,ok,True,True,extraction,
csi300,1029,2017-12-08,517,1028,512,-1.3020886559245484,linear,52,0,52,52,0,52,0.1,0.1015625,0.1015625,0.646884017634509,6.468840176345089e-07,mle,0.11226055487622713,1.273132966691399,ok,True,True,extraction,
csi300,1030,2017-12-11,518,1029,512,-1.28196090878595,linear,52,0,52,52,0,52,0.1,0.1015625,0.1015625,0.6475053962710677,6.475053962710677e-07,mle,0.08178927916136305,1.2237075087162823,ok,True,True,extraction,
csi300,1031,2017-12-12,519,1030,512,-1.28196090878595,linear,52,0,52,52,0,52,0.1,0.1015625,0.1015625,0.6475053962710677,6.475053962710677e-07,mle,0.08178927916136305,1.2237075087162823,ok,True,True,extraction,
csi300,1032,2017-12-13,520,1031,512,-1.3020886559245484,linear,52,0,52,52,0,52,0.1,0.1015625,0.1015625,0.6488322315962034,6.488322315962034e-07,mle,0.08425099406926256,1.210131562497057,ok,True,True,extraction,
csi300,1033,2017-12-14,521,1032,512,-1.3020886559245484,linear,52,0,52,52,0,52,0.1,0.1015625,0.1015625,0.6488322315962034,6.488322315962034e-07,mle,0.08425099406926256,1.210131562497057,ok,True,True,extraction,
csi300,1034,2017-12-15,522,1033,512,-1.3020886559245484,linear,52,0,52,52,0,52,0.1,0.1015625,0.1015625,0.6492380915852973,6.492380915852973e-07,mle,0.08425099406926256,1.210131562497057,ok,True,True,extraction,
csi300,1035,2017-12-18,523,1034,512,-1.3020886559245484,linear,52,0,52,52,0,52,0.1,0.1015625,0.1015625,0.6588037698063801,6.588037698063801e-07,mle,0.08425099406926256,1.210131562497057,ok,True,True,extraction,
csi300,1036,2017-12-19,524,1035,512,-1.28196090878595,linear,52,0,52,52,0,52,0.1,0.1015625,0.1015625,0.6492380915852973,6.492380915852973e-07,mle,0.07492989496234412,1.2370842809153748,ok,True,True,extraction,
csi300,1037,2017-12-20,525,1036,512,-1.255718570005692,linear,52,0,52,52,0,52,0.1,0.1015625,0.1015625,0.6492380915852973,6.492380915852973e-07,mle,0.06420092485355763,1.2701605849800002,ok,True,True,extraction,
csi300,1038,2017-12-21,526,1037,512,-1.255718570005692,linear,52,0,52,52,0,52,0.1,0.1015625,0.1015625,0.649562404363339,6.49562404363339e-07,mle,0.06420092485355763,1.2701605849800002,ok,True,True,extraction,
csi300,1039,2017-12-22,527,1038,512,-1.255718570005692,linear,52,0,52,52,0,52,0.1,0.1015625,0.1015625,0.6595339425735156,6.595339425735156e-07,mle,0.06420092485355763,1.2701605849800002,ok,True,True,extraction,
csi300,1040,2017-12-26,528,1039,512,-1.249997488802919,linear,52,0,52,52,0,52,0.1,0.1015625,0.1015625,0.649562404363339,6.49562404363339e-07,mle,0.07564970069224768,1.2499458624737008,ok,True,True,extraction,
csi300,1041,2017-12-27,529,1040,512,-1.249997488802919,linear,52,0,52,52,0,52,0.1,0.1015625,0.1015625,0.6488322315962034,6.488322315962034e-07,mle,0.07564970069224768,1.2499458624737008,ok,True,True,extraction,
csi300,1042,2017-12-28,530,1041,512,-1.255718570005692,linear,52,0,52,52,0,52,0.1,0.1015625,0.1015625,0.6492380915852973,6.492380915852973e-07,mle,0.06196048341292648,1.274948365616522,ok,True,True,extraction,
csi300,1043,2017-12-29,531,1042,512,-1.255718570005692,linear,52,0,52,52,0,52,0.1,0.1015625,0.1015625,0.6492380915852973,6.492380915852973e-07,mle,0.06196048341292648,1.274948365616522,ok,True,True,extraction,
csi300,1044,2018-01-02,532,1043,512,-1.255718570005692,linear,52,0,52,52,0,52,0.1,0.1015625,0.1015625,0.649562404363339,6.49562404363339e-07,mle,0.06196048341292648,1.274948365616522,ok,True,True,extraction,
csi300,1045,2018-01-03,533,1044,512,-1.255718570005692,linear,52,0,52,52,0,52,0.1,0.1015625,0.1015625,0.649562404363339,6.49562404363339e-07,mle,0.06196048341292648,1.274948365616522,ok,True,True,extraction,
csi300,1046,2018-01-04,534,1045,512,-1.255718570005692,linear,52,0,52,52,0,52,0.1,0.1015625,0.1015625,0.649562404363339,6.49562404363339e-07,mle,0.06196048341292648,1.274948365616522,ok,True,True,extraction,
csi300,1047,2018-01-05,535,1046,512,-1.255718570005692,linear,52,0,52,52,0,52,0.1,0.1015625,0.1015625,0.6488322315962034,6.488322315962034e-07,mle,0.06196048341292648,1.274948365616522,ok,True,True,extraction,
csi300,1048,2018-01-08,536,1047,512,-1.2546301124115076,linear,52,0,52,52,0,52,0.1,0.1015625,0.1015625,0.6475654577773913,6.475654577773913e-07,mle,0.061145002494316064,1.2771113539272725,ok,True,True,extraction,
csi300,1049,2018-01-09,537,1048,512,-1.2546301124115076,linear,52,0,52,52,0,52,0.1,0.1015625,0.1015625,0.6460242422057036,6.460242422057036e-07,mle,0.061145002494316064,1.2771113539272725,ok,True,True,extraction,
csi300,1050,2018-01-10,538,1049,512,-1.2373955271780137,linear,52,0,52,52,0,52,0.1,0.1015625,0.1015625,0.641027532016004,6.410275320160041e-07,mle,0.08322569504379979,1.2287555310875158,ok,True,True,extraction,
csi300,1051,2018-01-11,539,1050,512,-1.2373955271780137,linear,52,0,52,52,0,52,0.1,0.1015625,0.1015625,0.6322807299403765,6.322807299403766e-07,mle,0.08322569504379979,1.2287555310875158,ok,True,True,extraction,
csi300,1052,2018-01-12,540,1051,512,-1.2373955271780137,linear,52,0,52,52,0,52,0.1,0.1015625,0.1015625,0.6322807299403765,6.322807299403766e-07,mle,0.08322569504379979,1.2287555310875158,ok,True,True,extraction,
csi300,1053,2018-01-16,541,1052,512,-1.2373955271780137,linear,52,0,52,52,0,52,0.1,0.1015625,0.1015625,0.6322807299403765,6.322807299403766e-07,mle,0.08322569504379979,1.2287555310875158,ok,True,True,extraction,
csi300,1054,2018-01-17,542,1053,512,-1.208899867240226,linear,52,0,52,52,0,52,0.1,0.1015625,0.1015625,0.6306871309258404,6.306871309258403e-07,mle,-0.03888971121796023,1.268742819359043,ok,True,True,extraction,
csi300,1055,2018-01-18,543,1054,512,-1.208899867240226,linear,52,0,52,52,0,52,0.1,0.1015625,0.1015625,0.6253845213217862,6.253845213217862e-07,mle,-0.03888971121796023,1.268742819359043,ok,True,True,extraction,
csi300,1056,2018-01-19,544,1055,512,-1.208899867240226,linear,52,0,52,52,0,52,0.1,0.1015625,0.1015625,0.626716586683443,6.267165866834429e-07,mle,-0.03888971121796023,1.268742819359043,ok,True,True,extraction,
csi300,1057,2018-01-22,545,1056,512,-1.1794661554393928,linear,52,0,52,52,0,52,0.1,0.1015625,0.1015625,0.6323529677130595,6.323529677130595e-07,mle,-0.09873612730824563,1.2615930843861534,ok,True,True,extraction,
csi300,1058,2018-01-23,546,1057,512,-1.1794661554393928,linear,52,0,52,52,0,52,0.1,0.1015625,0.1015625,0.6372242752574068,6.372242752574067e-07,mle,-0.09873612730824563,1.2615930843861534,ok,True,True,extraction,
csi300,1059,2018-01-24,547,1058,512,-1.1772415704183055,linear,52,0,52,52,0,52,0.1,0.1015625,0.1015625,0.6356404943086895,6.356404943086894e-07,mle,-0.07070887618645616,1.2055917845107924,ok,True,True,extraction,
csi300,1060,2018-01-25,548,1059,512,-1.1772415704183055,linear,52,0,52,52,0,52,0.1,0.1015625,0.1015625,0.6356404943086895,6.356404943086894e-07,mle,-0.07070887618645616,1.2055917845107924,ok,True,True,extraction,
csi300,1061,2018-01-26,549,1060,512,-1.1768739323202166,linear,52,0,52,52,0,52,0.1,0.1015625,0.1015625,0.6356404943086895,6.356404943086894e-07,mle,-0.06472315996135439,1.1154098667134302,ok,True,True,extraction,
csi300,1062,2018-01-29,550,1061,512,-1.1768739323202166,linear,52,0,52,52,0,52,0.1,0.1015625,0.1015625,0.6356404943086895,6.356404943086894e-07,mle,-0.06472315996135439,1.1154098667134302,ok,True,True,extraction,
csi300,1063,2018-01-30,551,1062,512,-1.1768739323202166,linear,52,0,52,52,0,52,0.1,0.1015625,0.1015625,0.6356404943086895,6.356404943086894e-07,mle,-0.11173206825532764,1.1057871662549454,ok,True,True,extraction,
csi300,1064,2018-01-31,552,1063,512,-1.1768739323202166,linear,52,0,52,52,0,52,0.1,0.1015625,0.1015625,0.6323529677130595,6.323529677130595e-07,mle,-0.11173206825532764,1.1057871662549454,ok,True,True,extraction,
csi300,1065,2018-02-01,553,1064,512,-1.1738879617798583,linear,52,0,52,52,0,52,0.1,0.1015625,0.1015625,0.6356404943086895,6.356404943086894e-07,mle,-0.0950583104168732,1.0735268402668545,ok,True,True,extraction,
csi300,1066,2018-02-02,554,1065,512,-1.1768739323202166,linear,52,0,52,52,0,52,0.1,0.1015625,0.1015625,0.6356404943086895,6.356404943086894e-07,mle,-0.09944076273428172,1.0800953301653748,ok,True,True,extraction,
csi300,1067,2018-02-05,555,1066,512,-1.1768739323202166,linear,52,0,52,52,0,52,0.1,0.1015625,0.1015625,0.626757895295033,6.267578952950329e-07,mle,-0.09944076273428172,1.0800953301653748,ok,True,True,extraction,
csi300,1068,2018-02-06,556,1067,512,-1.1738879617798583,linear,52,0,52,52,0,52,0.1,0.1015625,0.1015625,0.626757895295033,6.267578952950329e-07,mle,-0.07298441039961645,1.0261129042080288,ok,True,True,extraction,
csi300,1069,2018-02-07,557,1068,512,-1.1670617218706345,linear,52,0,52,52,0,52,0.1,0.1015625,0.1015625,0.6232466548175386,6.232466548175386e-07,mle,-0.04727837615600553,0.9605766168959666,ok,True,True,extraction,
csi300,1070,2018-02-08,558,1069,512,-1.1670617218706345,linear,52,0,52,52,0,52,0.1,0.1015625,0.1015625,0.6232466548175386,6.232466548175386e-07,mle,-0.03615634969533775,1.0086737705470745,ok,True,True,extraction,
csi300,1071,2018-02-09,559,1070,512,-1.1670617218706345,linear,52,0,52,52,0,52,0.1,0.1015625,0.1015625,0.6232466548175386,6.232466548175386e-07,mle,-0.062603544551628,1.0672540153646306,ok,True,True,extraction,
csi300,1072,2018-02-12,560,1071,512,-1.1738879617798583,linear,52,0,52,52,0,52,0.1,0.1015625,0.1015625,0.6208969766116423,6.208969766116423e-07,mle,-0.08976428947368273,1.117194651110836,ok,True,True,extraction,
csi300,1073,2018-02-13,561,1072,512,-1.1670617218706345,linear,52,0,52,52,0,52,0.1,0.1015625,0.1015625,0.6232466548175386,6.232466548175386e-07,mle,-0.0584298955079397,1.0471504109871033,ok,True,True,extraction,
csi300,1074,2018-02-14,562,1073,512,-1.1670617218706345,linear,52,0,52,52,0,52,0.1,0.1015625,0.1015625,0.6232466548175386,6.232466548175386e-07,mle,-0.0584298955079397,1.0471504109871033,ok,True,True,extraction,
csi300,1075,2018-02-15,563,1074,512,-1.1670617218706345,linear,52,0,52,52,0,52,0.1,0.1015625,0.1015625,0.6232466548175386,6.232466548175386e-07,mle,-0.0584298955079397,1.0471504109871033,ok,True,True,extraction,
csi300,1076,2018-02-16,564,1075,512,-1.1670617218706345,linear,52,0,52,52,0,52,0.1,0.1015625,0.1015625,0.6232466548175386,6.232466548175386e-07,mle,-0.0584298955079397,1.0471504109871033,ok,True,True,extraction,
csi300,1077,2018-02-20,565,1076,512,-1.1440489568506462,linear,52,0,52,52,0,52,0.1,0.1015625,0.1015625,0.6223573589938026,6.223573589938025e-07,mle,-0.041627388056416234,1.0136646958807312,ok,True,True,extraction,
csi300,1078,2018-02-21,566,1077,512,-1.1670617218706345,linear,52,0,52,52,0,52,0.1,0.1015625,0.1015625,0.6223573589938026,6.223573589938025e-07,mle,-0.044437711153452394,1.0096312236574834,ok,True,True,extraction,
csi300,1079,2018-02-22,567,1078,512,-1.1670617218706345,linear,52,0,52,52,0,52,0.1,0.1015625,0.1015625,0.6208675010734432,6.208675010734432e-07,mle,-0.044437711153452394,1.0096312236574834,ok,True,True,extraction,
csi300,1080,2018-02-23,568,1079,512,-1.1670617218706345,linear,52,0,52,52,0,52,0.1,0.1015625,0.1015625,0.6147585631911066,6.147585631911066e-07,mle,-0.044437711153452394,1.0096312236574834,ok,True,True,extraction,
csi300,1081,2018-02-26,569,1080,512,-1.1440489568506462,linear,52,0,52,52,0,52,0.1,0.1015625,0.1015625,0.6124861376112449,6.124861376112449e-07,mle,-0.03582866244010927,1.002170244554142,ok,True,True,extraction,
csi300,1082,2018-02-27,570,1081,512,-1.1440489568506462,linear,52,0,52,52,0,52,0.1,0.1015625,0.1015625,0.6124861376112449,6.124861376112449e-07,mle,-0.03582866244010927,1.002170244554142,ok,True,True,extraction,
csi300,1083,2018-02-28,571,1082,512,-1.1670617218706345,linear,52,0,52,52,0,52,0.1,0.1015625,0.1015625,0.6124861376112449,6.124861376112449e-07,mle,-0.04904152416205413,1.0447523130243352,ok,True,True,extraction,
csi300,1084,2018-03-01,572,1083,512,-1.1670617218706345,linear,52,0,52,52,0,52,0.1,0.1015625,0.1015625,0.608572483702561,6.08572483702561e-07,mle,-0.04904152416205413,1.0447523130243352,ok,True,True,extraction,
csi300,1085,2018-03-02,573,1084,512,-1.1440489568506462,linear,52,0,52,52,0,52,0.1,0.1015625,0.1015625,0.6021981199639299,6.021981199639298e-07,mle,-0.054477165641834496,1.0636196700943923,ok,True,True,extraction,
csi300,1086,2018-03-05,574,1085,512,-1.1440489568506462,linear,52,0,52,52,0,52,0.1,0.1015625,0.1015625,0.608572483702561,6.08572483702561e-07,mle,-0.054477165641834496,1.0636196700943923,ok,True,True,extraction,
csi300,1087,2018-03-06,575,1086,512,-1.1440489568506462,linear,52,0,52,52,0,52,0.1,0.1015625,0.1015625,0.6021981199639299,6.021981199639298e-07,mle,-0.054477165641834496,1.0636196700943923,ok,True,True,extraction,
csi300,1088,2018-03-07,576,1087,512,-1.1407239943339444,linear,52,0,52,52,0,52,0.1,0.1015625,0.1015625,0.6023830068434795,6.023830068434795e-07,mle,-0.015641254301505873,0.9934464566626351,ok,True,True,extraction,
csi300,1089,2018-03-08,577,1088,512,-1.1407239943339444,linear,52,0,52,52,0,52,0.1,0.1015625,0.1015625,0.6021981199639299,6.021981199639298e-07,mle,-0.015641254301505873,0.9934464566626351,ok,True,True,extraction,
csi300,1090,2018-03-09,578,1089,512,-1.1335868995181149,linear,52,0,52,52,0,52,0.1,0.1015625,0.1015625,0.5937321321442632,5.937321321442632e-07,mle,-0.15004323962653549,1.0294083409081574,ok,True,True,extraction,
csi300,1091,2018-03-12,579,1090,512,-1.1335868995181149,linear,52,0,52,52,0,52,0.1,0.1015625,0.1015625,0.6023830068434795,6.023830068434795e-07,mle,-0.15004323962653549,1.0294083409081574,ok,True,True,extraction,
csi300,1092,2018-03-13,580,1091,512,-1.1294749350425075,linear,52,0,52,52,0,52,0.1,0.1015625,0.1015625,0.5937321321442632,5.937321321442632e-07,mle,-0.10677650042880021,0.9660857196908041,ok,True,True,extraction,
csi300,1093,2018-03-14,581,1092,512,-1.1335868995181149,linear,52,0,52,52,0,52,0.1,0.1015625,0.1015625,0.5937321321442632,5.937321321442632e-07,mle,-0.13726245982231183,1.0072592897777173,ok,True,True,extraction,
csi300,1094,2018-03-15,582,1093,512,-1.1335868995181149,linear,52,0,52,52,0,52,0.1,0.1015625,0.1015625,0.5848981916364555,5.848981916364555e-07,mle,-0.13726245982231183,1.0072592897777173,ok,True,True,extraction,
csi300,1095,2018-03-16,583,1094,512,-1.1335868995181149,linear,52,0,52,52,0,52,0.1,0.1015625,0.1015625,0.5848981916364555,5.848981916364555e-07,mle,-0.13726245982231183,1.0072592897777173,ok,True,True,extraction,
csi300,1096,2018-03-19,584,1095,512,-1.1335868995181149,linear,52,0,52,52,0,52,0.1,0.1015625,0.1015625,0.5802941040587046,5.802941040587047e-07,mle,-0.13726245982231183,1.0072592897777173,ok,True,True,extraction,
csi300,1097,2018-03-20,585,1096,512,-1.1294749350425075,linear,52,0,52,52,0,52,0.1,0.1015625,0.1015625,0.5758242132117941,5.75824213211794e-07,mle,-0.1237596421836925,0.9905019530389714,ok,True,True,extraction,
csi300,1098,2018-03-21,586,1097,512,-1.11801645466564,linear,52,0,52,52,0,52,0.1,0.1015625,0.1015625,0.5797447709575856,5.797447709575856e-07,mle,-0.12226857771957406,0.9939212830499058,ok,True,True,extraction,
csi300,1099,2018-03-22,587,1098,512,-1.11801645466564,linear,52,0,52,52,0,52,0.1,0.1015625,0.1015625,0.5848981916364555,5.848981916364555e-07,mle,-0.12226857771957406,0.9939212830499058,ok,True,True,extraction,
csi300,1100,2018-03-23,588,1099,512,-1.11801645466564,linear,52,0,52,52,0,52,0.1,0.1015625,0.1015625,0.5848981916364555,5.848981916364555e-07,mle,-0.12740262069061137,1.004292995091173,ok,True,True,extraction,
csi300,1101,2018-03-26,589,1100,512,-1.1294749350425075,linear,52,0,52,52,0,52,0.1,0.1015625,0.1015625,0.5802941040587046,5.802941040587047e-07,mle,-0.1672466370028181,1.066381322406219,ok,True,True,extraction,
csi300,1102,2018-03-27,590,1101,512,-1.1294749350425075,linear,52,0,52,52,0,52,0.1,0.1015625,0.1015625,0.5802941040587046,5.802941040587047e-07,mle,-0.1672466370028181,1.066381322406219,ok,True,True,extraction,
csi300,1103,2018-03-28,591,1102,512,-1.1294749350425075,linear,52,0,52,52,0,52,0.1,0.1015625,0.1015625,0.5802941040587046,5.802941040587047e-07,mle,-0.1672466370028181,1.066381322406219,ok,True,True,extraction,
csi300,1104,2018-03-29,592,1103,512,-1.1335868995181149,linear,52,0,52,52,0,52,0.1,0.1015625,0.1015625,0.5871709239584857,5.871709239584857e-07,mle,-0.17908362202652525,1.0823617610518599,ok,True,True,extraction,
csi300,1105,2018-04-02,593,1104,512,-1.1335868995181149,linear,52,0,52,52,0,52,0.1,0.1015625,0.1015625,0.5871709239584857,5.871709239584857e-07,mle,-0.17908362202652525,1.0823617610518599,ok,True,True,extraction,
csi300,1106,2018-04-03,594,1105,512,-1.1407239943339444,linear,52,0,52,52,0,52,0.1,0.1015625,0.1015625,0.5880765104602992,5.880765104602991e-07,mle,-0.20791351514592604,1.1285002351850468,ok,True,True,extraction,
csi300,1107,2018-04-04,595,1106,512,-1.1407239943339444,linear,52,0,52,52,0,52,0.1,0.1015625,0.1015625,0.5880765104602992,5.880765104602991e-07,mle,-0.20791351514592604,1.1285002351850468,ok,True,True,extraction,
csi300,1108,2018-04-05,596,1107,512,-1.1335868995181149,linear,52,0,52,52,0,52,0.1,0.1015625,0.1015625,0.5843143715819897,5.843143715819897e-07,mle,-0.18717026659537328,1.0970188802740055,ok,True,True,extraction,
csi300,1109,2018-04-06,597,1108,512,-1.1335868995181149,linear,52,0,52,52,0,52,0.1,0.1015625,0.1015625,0.5839769589228722,5.839769589228721e-07,mle,-0.18717026659537328,1.0970188802740055,ok,True,True,extraction,
csi300,1110,2018-04-09,598,1109,512,-1.1335868995181149,linear,52,0,52,52,0,52,0.1,0.1015625,0.1015625,0.5839769589228722,5.839769589228721e-07,mle,-0.19516699278647948,1.112697306727356,ok,True,True,extraction,
csi300,1111,2018-04-10,599,1110,512,-1.1335868995181149,linear,52,0,52,52,0,52,0.1,0.1015625,0.1015625,0.5839769589228722,5.839769589228721e-07,mle,-0.19516699278647948,1.112697306727356,ok,True,True,extraction,
csi300,1112,2018-04-11,600,1111,512,-1.1335868995181149,linear,52,0,52,52,0,52,0.1,0.1015625,0.1015625,0.5758242132117941,5.75824213211794e-07,mle,-0.19516699278647948,1.112697306727356,ok,True,True,extraction,
csi300,1113,2018-04-12,601,1112,512,-1.1335868995181149,linear,52,0,52,52,0,52,0.1,0.1015625,0.1015625,0.5742350452919085,5.742350452919084e-07,mle,-0.19516699278647948,1.112697306727356,ok,True,True,extraction,
csi300,1114,2018-04-13,602,1113,512,-1.1294749350425075,linear,52,0,52,52,0,52,0.1,0.1015625,0.1015625,0.5735515154599492,5.735515154599491e-07,mle,-0.19802002799876747,1.1193412456407232,ok,True,True,extraction,
csi300,1115,2018-04-16,603,1114,512,-1.1335868995181149,linear,52,0,52,52,0,52,0.1,0.1015625,0.1015625,0.5788479809665146,5.788479809665145e-07,mle,-0.21529388487593817,1.1463899584560493,ok,True,True,extraction,
csi300,1116,2018-04-17,604,1115,512,-1.1407239943339444,linear,52,0,52,52,0,52,0.1,0.1015625,0.1015625,0.5788479809665146,5.788479809665145e-07,mle,-0.2108665736130312,1.1354176036698045,ok,True,True,extraction,
csi300,1117,2018-04-18,605,1116,512,-1.1407239943339444,linear,52,0,52,52,0,52,0.1,0.1015625,0.1015625,0.5804132071541979,5.804132071541978e-07,mle,-0.2108665736130312,1.1354176036698045,ok,True,True,extraction,
csi300,1118,2018-04-19,606,1117,512,-1.1407239943339444,linear,52,0,52,52,0,52,0.1,0.1015625,0.1015625,0.5708640199300488,5.708640199300488e-07,mle,-0.2108665736130312,1.1354176036698045,ok,True,True,extraction,
csi300,1119,2018-04-20,607,1118,512,-1.1335868995181149,linear,52,0,52,52,0,52,0.1,0.1015625,0.1015625,0.565967444581877,5.659674445818769e-07,mle,-0.17174997426892213,1.0544037628051888,ok,True,True,extraction,
csi300,1120,2018-04-23,608,1119,512,-1.1407239943339444,linear,52,0,52,52,0,52,0.1,0.1015625,0.1015625,0.5631788586812133,5.631788586812133e-07,mle,-0.1890436900600543,1.079327185749108,ok,True,True,extraction,
csi300,1121,2018-04-24,609,1120,512,-1.1407239943339444,linear,52,0,52,52,0,52,0.1,0.1015625,0.1015625,0.5619978222647485,5.619978222647484e-07,mle,-0.1890436900600543,1.079327185749108,ok,True,True,extraction,
csi300,1122,2018-04-25,610,1121,512,-1.1407239943339444,linear,52,0,52,52,0,52,0.1,0.1015625,0.1015625,0.5631788586812133,5.631788586812133e-07,mle,-0.1890436900600543,1.079327185749108,ok,True,True,extraction,
csi300,1123,2018-04-26,611,1122,512,-1.1407239943339444,linear,52,0,52,52,0,52,0.1,0.1015625,0.1015625,0.5636214063622663,5.636214063622663e-07,mle,-0.1890436900600543,1.079327185749108,ok,True,True,extraction,
csi300,1124,2018-04-27,612,1123,512,-1.1440489568506462,linear,52,0,52,52,0,52,0.1,0.1015625,0.1015625,0.5636214063622663,5.636214063622663e-07,mle,-0.18972774800771725,1.0787036286490297,ok,True,True,extraction,
csi300,1125,2018-04-30,613,1124,512,-1.1440489568506462,linear,52,0,52,52,0,52,0.1,0.1015625,0.1015625,0.5624403699458015,5.624403699458015e-07,mle,-0.18972774800771725,1.0787036286490297,ok,True,True,extraction,
csi300,1126,2018-05-01,614,1125,512,-1.1440489568506462,linear,52,0,52,52,0,52,0.1,0.1015625,0.1015625,0.5619978222647485,5.619978222647484e-07,mle,-0.18972774800771725,1.0787036286490297,ok,True,True,extraction,
csi300,1127,2018-05-02,615,1126,512,-1.1440489568506462,linear,52,0,52,52,0,52,0.1,0.1015625,0.1015625,0.5624403699458015,5.624403699458015e-07,mle,-0.18972774800771725,1.0787036286490297,ok,True,True,extraction,
csi300,1128,2018-05-03,616,1127,512,-1.1407239943339444,linear,52,0,52,52,0,52,0.1,0.1015625,0.1015625,0.5624403699458015,5.624403699458015e-07,mle,-0.14992040334159565,1.0093705987977732,ok,True,True,extraction,
csi300,1129,2018-05-04,617,1128,512,-1.1335868995181149,linear,52,0,52,52,0,52,0.1,0.1015625,0.1015625,0.5619978222647485,5.619978222647484e-07,mle,-0.1354376834078301,0.9913281188858518,ok,True,True,extraction,
csi300,1130,2018-05-07,618,1129,512,-1.1335868995181149,linear,52,0,52,52,0,52,0.1,0.1015625,0.1015625,0.561621850001881,5.61621850001881e-07,mle,-0.1354376834078301,0.9913281188858518,ok,True,True,extraction,
csi300,1131,2018-05-08,619,1130,512,-1.1335868995181149,linear,52,0,52,52,0,52,0.1,0.1015625,0.1015625,0.5612169956939173,5.612169956939172e-07,mle,-0.1354376834078301,0.9913281188858518,ok,True,True,extraction,
csi300,1132,2018-05-09,620,1131,512,-1.1335868995181149,linear,52,0,52,52,0,52,0.1,0.1015625,0.1015625,0.5612169956939173,5.612169956939172e-07,mle,-0.1354376834078301,0.9913281188858518,ok,True,True,extraction,
csi300,1133,2018-05-10,621,1132,512,-1.1335868995181149,linear,52,0,52,52,0,52,0.1,0.1015625,0.1015625,0.5572994990962385,5.572994990962385e-07,mle,-0.1354376834078301,0.9913281188858518,ok,True,True,extraction,
csi300,1134,2018-05-11,622,1133,512,-1.1335868995181149,linear,52,0,52,52,0,52,0.1,0.1015625,0.1015625,0.5655915425287822,5.655915425287822e-07,mle,-0.1354376834078301,0.9913281188858518,ok,True,True,extraction,
csi300,1135,2018-05-14,623,1134,512,-1.1335868995181149,linear,52,0,52,52,0,52,0.1,0.1015625,0.1015625,0.5608140239030072,5.608140239030071e-07,mle,-0.1354376834078301,0.9913281188858518,ok,True,True,extraction,
csi300,1136,2018-05-15,624,1135,512,-1.1335868995181149,linear,52,0,52,52,0,52,0.1,0.1015625,0.1015625,0.565967444581877,5.659674445818769e-07,mle,-0.1354376834078301,0.9913281188858518,ok,True,True,extraction,
csi300,1137,2018-05-16,625,1136,512,-1.1407239943339444,linear,52,0,52,52,0,52,0.1,0.1015625,0.1015625,0.5631788586812133,5.631788586812133e-07,mle,-0.13862745254644582,0.9923839160201177,ok,True,True,extraction,
csi300,1138,2018-05-17,626,1137,512,-1.1407239943339444,linear,52,0,52,52,0,52,0.1,0.1015625,0.1015625,0.5735759581824614,5.735759581824614e-07,mle,-0.13862745254644582,0.9923839160201177,ok,True,True,extraction,
csi300,1139,2018-05-18,627,1138,512,-1.1440489568506462,linear,52,0,52,52,0,52,0.1,0.1015625,0.1015625,0.5820419460021281,5.820419460021281e-07,mle,-0.150920947102939,1.008688211151498,ok,True,True,extraction,
csi300,1140,2018-05-21,628,1139,512,-1.1407239943339444,linear,52,0,52,52,0,52,0.1,0.1015625,0.1015625,0.5788479809665146,5.788479809665145e-07,mle,-0.10663404660246119,0.9336191384816217,ok,True,True,extraction,
csi300,1141,2018-05-22,629,1140,512,-1.1335868995181149,linear,52,0,52,52,0,52,0.1,0.1015625,0.1015625,0.5742350452919085,5.742350452919084e-07,mle,-0.06654618103551174,0.866919383919098,ok,True,True,extraction,
csi300,1142,2018-05-23,630,1141,512,-1.1335868995181149,linear,52,0,52,52,0,52,0.1,0.1015625,0.1015625,0.5788479809665146,5.788479809665145e-07,mle,-0.06654618103551174,0.866919383919098,ok,True,True,extraction,
csi300,1143,2018-05-24,631,1142,512,-1.1335868995181149,linear,52,0,52,52,0,52,0.1,0.1015625,0.1015625,0.5788479809665146,5.788479809665145e-07,mle,-0.09664666681004794,0.9070875899376352,ok,True,True,extraction,
csi300,1144,2018-05-25,632,1143,512,-1.1335868995181149,linear,52,0,52,52,0,52,0.1,0.1015625,0.1015625,0.5820419460021281,5.820419460021281e-07,mle,-0.09664666681004794,0.9070875899376352,ok,True,True,extraction,
csi300,1145,2018-05-29,633,1144,512,-1.1294749350425075,linear,52,0,52,52,0,52,0.1,0.1015625,0.1015625,0.5820419460021281,5.820419460021281e-07,mle,-0.10168586002958763,0.9157707346520074,ok,True,True,extraction,
csi300,1146,2018-05-30,634,1145,512,-1.1404003372904643,linear,52,0,52,52,0,52,0.1,0.1015625,0.1015625,0.5820419460021281,5.820419460021281e-07,mle,-0.109747887110468,0.9221703095788849,ok,True,True,extraction,
csi300,1147,2018-05-31,635,1146,512,-1.1294749350425075,linear,52,0,52,52,0,52,0.1,0.1015625,0.1015625,0.5708640199300488,5.708640199300488e-07,mle,-0.11756160101018835,0.938207291323796,ok,True,True,extraction,
csi300,1148,2018-06-01,636,1147,512,-1.1294749350425075,linear,52,0,52,52,0,52,0.1,0.1015625,0.1015625,0.5708640199300488,5.708640199300488e-07,mle,-0.11756160101018835,0.938207291323796,ok,True,True,extraction,
csi300,1149,2018-06-04,637,1148,512,-1.1294749350425075,linear,52,0,52,52,0,52,0.1,0.1015625,0.1015625,0.5708640199300488,5.708640199300488e-07,mle,-0.11756160101018835,0.938207291323796,ok,True,True,extraction,
csi300,1150,2018-06-05,638,1149,512,-1.1294749350425075,linear,52,0,52,52,0,52,0.1,0.1015625,0.1015625,0.5708640199300488,5.708640199300488e-07,mle,-0.11756160101018835,0.938207291323796,ok,True,True,extraction,
csi300,1151,2018-06-06,639,1150,512,-1.1294749350425075,linear,52,0,52,52,0,52,0.1,0.1015625,0.1015625,0.5788479809665146,5.788479809665145e-07,mle,-0.11756160101018835,0.938207291323796,ok,True,True,extraction,
csi300,1152,2018-06-07,640,1151,512,-1.1294749350425075,linear,52,0,52,52,0,52,0.1,0.1015625,0.1015625,0.5735759581824614,5.735759581824614e-07,mle,-0.11756160101018835,0.938207291323796,ok,True,True,extraction,
csi300,1153,2018-06-08,641,1152,512,-1.131722412792141,linear,52,0,52,52,0,52,0.1,0.1015625,0.1015625,0.5735759581824614,5.735759581824614e-07,mle,-0.11497082851089307,0.9335977127698472,ok,True,True,extraction,
csi300,1154,2018-06-11,642,1153,512,-1.131722412792141,linear,52,0,52,52,0,52,0.1,0.1015625,0.1015625,0.5788479809665146,5.788479809665145e-07,mle,-0.11497082851089307,0.9335977127698472,ok,True,True,extraction,
csi300,1155,2018-06-12,643,1154,512,-1.131722412792141,linear,52,0,52,52,0,52,0.1,0.1015625,0.1015625,0.5788479809665146,5.788479809665145e-07,mle,-0.11497082851089307,0.9335977127698472,ok,True,True,extraction,
csi300,1156,2018-06-13,644,1155,512,-1.131722412792141,linear,52,0,52,52,0,52,0.1,0.1015625,0.1015625,0.5735759581824614,5.735759581824614e-07,mle,-0.11497082851089307,0.9335977127698472,ok,True,True,extraction,
csi300,1157,2018-06-14,645,1156,512,-1.131722412792141,linear,52,0,52,52,0,52,0.1,0.1015625,0.1015625,0.5735759581824614,5.735759581824614e-07,mle,-0.09193690238658765,0.9016357261430927,ok,True,True,extraction,
csi300,1158,2018-06-15,646,1157,512,-1.131722412792141,linear,52,0,52,52,0,52,0.1,0.1015625,0.1015625,0.5631788586812133,5.631788586812133e-07,mle,-0.09193690238658765,0.9016357261430927,ok,True,True,extraction,
csi300,1159,2018-06-18,647,1158,512,-1.1405168291421695,linear,52,0,52,52,0,52,0.1,0.1015625,0.1015625,0.5636214063622663,5.636214063622663e-07,mle,-0.08323158706832154,0.8862213789132022,ok,True,True,extraction,
csi300,1160,2018-06-19,648,1159,512,-1.1440489568506462,linear,52,0,52,52,0,52,0.1,0.1015625,0.1015625,0.5708640199300488,5.708640199300488e-07,mle,-0.08004646482611942,0.8805113918384122,ok,True,True,extraction,
csi300,1161,2018-06-20,649,1160,512,-1.145785294046089,linear,52,0,52,52,0,52,0.1,0.1015625,0.1015625,0.5752077320388936,5.752077320388936e-07,mle,-0.11939614081374084,0.9631049666657452,ok,True,True,extraction,
csi300,1162,2018-06-21,650,1161,512,-1.145785294046089,linear,52,0,52,52,0,52,0.1,0.1015625,0.1015625,0.5631788586812133,5.631788586812133e-07,mle,-0.11939614081374084,0.9631049666657452,ok,True,True,extraction,
csi300,1163,2018-06-22,651,1162,512,-1.1737991990616434,linear,52,0,52,52,0,52,0.1,0.1015625,0.1015625,0.5747651843578406,5.747651843578406e-07,mle,-0.11465429434746069,0.9450295184903549,ok,True,True,extraction,
csi300,1164,2018-06-25,652,1163,512,-1.145785294046089,linear,52,0,52,52,0,52,0.1,0.1015625,0.1015625,0.5735759581824614,5.735759581824614e-07,mle,-0.12232347877775257,0.967666604942742,ok,True,True,extraction,
csi300,1165,2018-06-26,653,1164,512,-1.145785294046089,linear,52,0,52,52,0,52,0.1,0.1015625,0.1015625,0.5735759581824614,5.735759581824614e-07,mle,-0.11895192350065295,0.9610206438873641,ok,True,True,extraction,
csi300,1166,2018-06-27,654,1165,512,-1.145785294046089,linear,52,0,52,52,0,52,0.1,0.1015625,0.1015625,0.5747651843578406,5.747651843578406e-07,mle,-0.11895192350065295,0.9610206438873641,ok,True,True,extraction,
csi300,1167,2018-06-28,655,1166,512,-1.1737991990616434,linear,52,0,52,52,0,52,0.1,0.1015625,0.1015625,0.5885190581413522,5.885190581413522e-07,mle,-0.13400537589735537,0.9841546897709632,ok,True,True,extraction,
csi300,1168,2018-06-29,656,1167,512,-1.1737991990616434,linear,52,0,52,52,0,52,0.1,0.1015625,0.1015625,0.5885190581413522,5.885190581413522e-07,mle,-0.13400537589735537,0.9841546897709632,ok,True,True,extraction,
csi300,1169,2018-07-02,657,1168,512,-1.1737991990616434,linear,52,0,52,52,0,52,0.1,0.1015625,0.1015625,0.5919214268629429,5.919214268629429e-07,mle,-0.13400537589735537,0.9841546897709632,ok,True,True,extraction,
csi300,1170,2018-07-03,658,1169,512,-1.1771267417444218,linear,52,0,52,52,0,52,0.1,0.1015625,0.1015625,0.5932031346338181,5.932031346338181e-07,mle,-0.1559230725844592,1.0669441470243757,ok,True,True,extraction,
csi300,1171,2018-07-05,659,1170,512,-1.1771267417444218,linear,52,0,52,52,0,52,0.1,0.1015625,0.1015625,0.5924865660731751,5.924865660731751e-07,mle,-0.1559230725844592,1.0669441470243757,ok,True,True,extraction,
csi300,1172,2018-07-06,660,1171,512,-1.1771267417444218,linear,52,0,52,52,0,52,0.1,0.1015625,0.1015625,0.5924865660731751,5.924865660731751e-07,mle,-0.1559230725844592,1.0669441470243757,ok,True,True,extraction,
csi300,1173,2018-07-09,661,1172,512,-1.1771267417444218,linear,52,0,52,52,0,52,0.1,0.1015625,0.1015625,0.5940234919381641,5.94023491938164e-07,mle,-0.1559230725844592,1.0669441470243757,ok,True,True,extraction,
csi300,1174,2018-07-10,662,1173,512,-1.1737991990616434,linear,52,0,52,52,0,52,0.1,0.1015625,0.1015625,0.5940234919381641,5.94023491938164e-07,mle,-0.11194637902094004,0.9747469437407381,ok,True,True,extraction,
csi300,1175,2018-07-11,663,1174,512,-1.1737991990616434,linear,52,0,52,52,0,52,0.1,0.1015625,0.1015625,0.5924865660731751,5.924865660731751e-07,mle,-0.11194637902094004,0.9747469437407381,ok,True,True,extraction,
csi300,1176,2018-07-12,664,1175,512,-1.1771267417444218,linear,52,0,52,52,0,52,0.1,0.1015625,0.1015625,0.5924865660731751,5.924865660731751e-07,mle,-0.1588629126250583,1.0660386043585546,ok,True,True,extraction,
csi300,1177,2018-07-13,665,1176,512,-1.1771267417444218,linear,52,0,52,52,0,52,0.1,0.1015625,0.1015625,0.5924865660731751,5.924865660731751e-07,mle,-0.1588629126250583,1.0660386043585546,ok,True,True,extraction,
csi300,1178,2018-07-16,666,1177,512,-1.1771267417444218,linear,52,0,52,52,0,52,0.1,0.1015625,0.1015625,0.5924865660731751,5.924865660731751e-07,mle,-0.1588629126250583,1.0660386043585546,ok,True,True,extraction,
csi300,1179,2018-07-17,667,1178,512,-1.1771267417444218,linear,52,0,52,52,0,52,0.1,0.1015625,0.1015625,0.5901373099146725,5.901373099146724e-07,mle,-0.1588629126250583,1.0660386043585546,ok,True,True,extraction,
csi300,1180,2018-07-18,668,1179,512,-1.1771267417444218,linear,52,0,52,52,0,52,0.1,0.1015625,0.1015625,0.5822911101741797,5.822911101741797e-07,mle,-0.1588629126250583,1.0660386043585546,ok,True,True,extraction,
csi300,1181,2018-07-19,669,1180,512,-1.1771267417444218,linear,52,0,52,52,0,52,0.1,0.1015625,0.1015625,0.5822911101741797,5.822911101741797e-07,mle,-0.1588629126250583,1.0660386043585546,ok,True,True,extraction,
csi300,1182,2018-07-20,670,1181,512,-1.1772415704183055,linear,52,0,52,52,0,52,0.1,0.1015625,0.1015625,0.5822911101741797,5.822911101741797e-07,mle,-0.1840079261211468,1.105078004663822,ok,True,True,extraction,
csi300,1183,2018-07-23,671,1182,512,-1.1772415704183055,linear,52,0,52,52,0,52,0.1,0.1015625,0.1015625,0.5903531660427959,5.903531660427958e-07,mle,-0.1840079261211468,1.105078004663822,ok,True,True,extraction,
csi300,1184,2018-07-24,672,1183,512,-1.1772415704183055,linear,52,0,52,52,0,52,0.1,0.1015625,0.1015625,0.5903531660427959,5.903531660427958e-07,mle,-0.1840079261211468,1.105078004663822,ok,True,True,extraction,
csi300,1185,2018-07-25,673,1184,512,-1.1772415704183055,linear,52,0,52,52,0,52,0.1,0.1015625,0.1015625,0.5903531660427959,5.903531660427958e-07,mle,-0.1840079261211468,1.105078004663822,ok,True,True,extraction,
csi300,1186,2018-07-26,674,1185,512,-1.1772415704183055,linear,52,0,52,52,0,52,0.1,0.1015625,0.1015625,0.5903531660427959,5.903531660427958e-07,mle,-0.1840079261211468,1.105078004663822,ok,True,True,extraction,
csi300,1187,2018-07-27,675,1186,512,-1.1794661554393928,linear,52,0,52,52,0,52,0.1,0.1015625,0.1015625,0.5924865660731751,5.924865660731751e-07,mle,-0.2220597111772712,1.1718323884357136,ok,True,True,extraction,
csi300,1188,2018-07-30,676,1187,512,-1.1794661554393928,linear,52,0,52,52,0,52,0.1,0.1015625,0.1015625,0.5949754655313241,5.94975465531324e-07,mle,-0.2220597111772712,1.1718323884357136,ok,True,True,extraction,
csi300,1189,2018-07-31,677,1188,512,-1.1794661554393928,linear,52,0,52,52,0,52,0.1,0.1015625,0.1015625,0.5924865660731751,5.924865660731751e-07,mle,-0.2220597111772712,1.1718323884357136,ok,True,True,extraction,
csi300,1190,2018-08-01,678,1189,512,-1.1794661554393928,linear,52,0,52,52,0,52,0.1,0.1015625,0.1015625,0.5924865660731751,5.924865660731751e-07,mle,-0.2220597111772712,1.1718323884357136,ok,True,True,extraction,
csi300,1191,2018-08-02,679,1190,512,-1.1954480391033082,linear,52,0,52,52,0,52,0.1,0.1015625,0.1015625,0.5924865660731751,5.924865660731751e-07,mle,-0.24697493538622228,1.2486331310853367,ok,True,True,extraction,
csi300,1192,2018-08-03,680,1191,512,-1.2106482901120497,linear,52,0,52,52,0,52,0.1,0.1015625,0.1015625,0.5949754655313241,5.94975465531324e-07,mle,-0.2593898189916131,1.2641265338259133,ok,True,True,extraction,
csi300,1193,2018-08-06,681,1192,512,-1.2106482901120497,linear,52,0,52,52,0,52,0.1,0.1015625,0.1015625,0.5975347324156586,5.975347324156585e-07,mle,-0.2593898189916131,1.2641265338259133,ok,True,True,extraction,
csi300,1194,2018-08-07,682,1193,512,-1.2128453575510518,linear,52,0,52,52,0,52,0.1,0.1015625,0.1015625,0.598993384476648,5.989933844766479e-07,mle,-0.2772712737393873,1.296380396594887,ok,True,True,extraction,
csi300,1195,2018-08-08,683,1194,512,-1.2128453575510518,linear,52,0,52,52,0,52,0.1,0.1015625,0.1015625,0.598993384476648,5.989933844766479e-07,mle,-0.2772712737393873,1.296380396594887,ok,True,True,extraction,
csi300,1196,2018-08-09,684,1195,512,-1.2128453575510518,linear,52,0,52,52,0,52,0.1,0.1015625,0.1015625,0.598993384476648,5.989933844766479e-07,mle,-0.2859655000677784,1.314216099930332,ok,True,True,extraction,
csi300,1197,2018-08-10,685,1196,512,-1.2128453575510518,linear,52,0,52,52,0,52,0.1,0.1015625,0.1015625,0.6010188634381775,6.010188634381774e-07,mle,-0.2859655000677784,1.314216099930332,ok,True,True,extraction,
csi300,1198,2018-08-13,686,1197,512,-1.2374735738300398,linear,52,0,52,52,0,52,0.1,0.1015625,0.1015625,0.6029905409505694,6.029905409505694e-07,mle,-0.27150499817380686,1.2744648321500098,ok,True,True,extraction,
csi300,1199,2018-08-14,687,1198,512,-1.2128453575510518,linear,52,0,52,52,0,52,0.1,0.1015625,0.1015625,0.6029905409505694,6.029905409505694e-07,mle,-0.2770299157074865,1.2970525763114353,ok,True,True,extraction,
csi300,1200,2018-08-15,688,1199,512,-1.2128453575510518,linear,52,0,52,52,0,52,0.1,0.1015625,0.1015625,0.6010188634381775,6.010188634381774e-07,mle,-0.2770299157074865,1.2970525763114353,ok,True,True,extraction,
csi300,1201,2018-08-16,689,1200,512,-1.2374735738300398,linear,52,0,52,52,0,52,0.1,0.1015625,0.1015625,0.6030581990011192,6.030581990011192e-07,mle,-0.28292724965449173,1.356495725788266,ok,True,True,extraction,
csi300,1202,2018-08-17,690,1201,512,-1.2374735738300398,linear,52,0,52,52,0,52,0.1,0.1015625,0.1015625,0.6054538599408807,6.054538599408807e-07,mle,-0.28292724965449173,1.356495725788266,ok,True,True,extraction,
csi300,1203,2018-08-20,691,1202,512,-1.2374735738300398,linear,52,0,52,52,0,52,0.1,0.1015625,0.1015625,0.6108880270894032,6.108880270894031e-07,mle,-0.28292724965449173,1.356495725788266,ok,True,True,extraction,
csi300,1204,2018-08-21,692,1203,512,-1.2374735738300398,linear,52,0,52,52,0,52,0.1,0.1015625,0.1015625,0.6209700122353283,6.209700122353283e-07,mle,-0.28292724965449173,1.356495725788266,ok,True,True,extraction,
csi300,1205,2018-08-22,693,1204,512,-1.2374735738300398,linear,52,0,52,52,0,52,0.1,0.1015625,0.1015625,0.6209700122353283,6.209700122353283e-07,mle,-0.28292724965449173,1.356495725788266,ok,True,True,extraction,
csi300,1206,2018-08-23,694,1205,512,-1.2640533023523621,linear,52,0,52,52,0,52,0.1,0.1015625,0.1015625,0.6209700122353283,6.209700122353283e-07,mle,-0.2602211351456327,1.301644011421382,ok,True,True,extraction,
csi300,1207,2018-08-24,695,1206,512,-1.2640533023523621,linear,52,0,52,52,0,52,0.1,0.1015625,0.1015625,0.6110827252929106,6.110827252929106e-07,mle,-0.2602211351456327,1.301644011421382,ok,True,True,extraction,
csi300,1208,2018-08-27,696,1207,512,-1.2640533023523621,linear,52,0,52,52,0,52,0.1,0.1015625,0.1015625,0.6110827252929106,6.110827252929106e-07,mle,-0.2602211351456327,1.301644011421382,ok,True,True,extraction,
csi300,1209,2018-08-28,697,1208,512,-1.2640533023523621,linear,52,0,52,52,0,52,0.1,0.1015625,0.1015625,0.6110827252929106,6.110827252929106e-07,mle,-0.2602211351456327,1.301644011421382,ok,True,True,extraction,
csi300,1210,2018-08-29,698,1209,512,-1.2640533023523621,linear,52,0,52,52,0,52,0.1,0.1015625,0.1015625,0.6193641098894603,6.193641098894603e-07,mle,-0.2602211351456327,1.301644011421382,ok,True,True,extraction,
csi300,1211,2018-08-30,699,1210,512,-1.2640533023523621,linear,52,0,52,52,0,52,0.1,0.1015625,0.1015625,0.6110827252929106,6.110827252929106e-07,mle,-0.2602211351456327,1.301644011421382,ok,True,True,extraction,
csi300,1212,2018-08-31,700,1211,512,-1.2830079298904895,linear,52,0,52,52,0,52,0.1,0.1015625,0.1015625,0.6193641098894603,6.193641098894603e-07,mle,-0.2897045331082665,1.3510435253606232,ok,True,True,extraction,
csi300,1213,2018-09-04,701,1212,512,-1.2830079298904895,linear,52,0,52,52,0,52,0.1,0.1015625,0.1015625,0.6193641098894603,6.193641098894603e-07,mle,-0.2897045331082665,1.3510435253606232,ok,True,True,extraction,
csi300,1214,2018-09-05,702,1213,512,-1.2830079298904895,linear,52,0,52,52,0,52,0.1,0.1015625,0.1015625,0.6225591801552139,6.225591801552139e-07,mle,-0.2897045331082665,1.3510435253606232,ok,True,True,extraction,
csi300,1215,2018-09-06,703,1214,512,-1.3020886559245484,linear,52,0,52,52,0,52,0.1,0.1015625,0.1015625,0.6238394120445176,6.238394120445176e-07,mle,-0.28939810126157567,1.340698932691768,ok,True,True,extraction,
csi300,1216,2018-09-07,704,1215,512,-1.3020886559245484,linear,52,0,52,52,0,52,0.1,0.1015625,0.1015625,0.6238394120445176,6.238394120445176e-07,mle,-0.28939810126157567,1.340698932691768,ok,True,True,extraction,
csi300,1217,2018-09-10,705,1216,512,-1.3020886559245484,linear,52,0,52,52,0,52,0.1,0.1015625,0.1015625,0.6238394120445176,6.238394120445176e-07,mle,-0.28939810126157567,1.340698932691768,ok,True,True,extraction,
csi300,1218,2018-09-11,706,1217,512,-1.3020886559245484,linear,52,0,52,52,0,52,0.1,0.1015625,0.1015625,0.6238394120445176,6.238394120445176e-07,mle,-0.28939810126157567,1.340698932691768,ok,True,True,extraction,
csi300,1219,2018-09-12,707,1218,512,-1.3020886559245484,linear,52,0,52,52,0,52,0.1,0.1015625,0.1015625,0.6193641098894603,6.193641098894603e-07,mle,-0.28939810126157567,1.340698932691768,ok,True,True,extraction,
csi300,1220,2018-09-13,708,1219,512,-1.3020886559245484,linear,52,0,52,52,0,52,0.1,0.1015625,0.1015625,0.6260647727573874,6.260647727573874e-07,mle,-0.28939810126157567,1.340698932691768,ok,True,True,extraction,
csi300,1221,2018-09-14,709,1220,512,-1.3020886559245484,linear,52,0,52,52,0,52,0.1,0.1015625,0.1015625,0.6260647727573874,6.260647727573874e-07,mle,-0.28939810126157567,1.340698932691768,ok,True,True,extraction,
csi300,1222,2018-09-17,710,1221,512,-1.3662871842050295,linear,52,0,52,52,0,52,0.1,0.1015625,0.1015625,0.6260647727573874,6.260647727573874e-07,mle,-0.2461886027142136,1.2321823363898576,ok,True,True,extraction,
csi300,1223,2018-09-18,711,1222,512,-1.3662871842050295,linear,52,0,52,52,0,52,0.1,0.1015625,0.1015625,0.6299982292868307,6.299982292868307e-07,mle,-0.2461886027142136,1.2321823363898576,ok,True,True,extraction,
csi300,1224,2018-09-19,712,1223,512,-1.3662871842050295,linear,52,0,52,52,0,52,0.1,0.1015625,0.1015625,0.6299982292868307,6.299982292868307e-07,mle,-0.2461886027142136,1.2321823363898576,ok,True,True,extraction,
csi300,1225,2018-09-20,713,1224,512,-1.3662871842050295,linear,52,0,52,52,0,52,0.1,0.1015625,0.1015625,0.6273256953462769,6.273256953462769e-07,mle,-0.2461886027142136,1.2321823363898576,ok,True,True,extraction,
csi300,1226,2018-09-21,714,1225,512,-1.3662871842050295,linear,52,0,52,52,0,52,0.1,0.1015625,0.1015625,0.6273256953462769,6.273256953462769e-07,mle,-0.2461886027142136,1.2321823363898576,ok,True,True,extraction,
csi300,1227,2018-09-24,715,1226,512,-1.3020886559245484,linear,52,0,52,52,0,52,0.1,0.1015625,0.1015625,0.6459708647947486,6.459708647947486e-07,mle,-0.2860498388561705,1.3343278866605226,ok,True,True,extraction,
csi300,1228,2018-09-25,716,1227,512,-1.3020886559245484,linear,52,0,52,52,0,52,0.1,0.1015625,0.1015625,0.6469469346971224,6.469469346971224e-07,mle,-0.2860498388561705,1.3343278866605226,ok,True,True,extraction,
csi300,1229,2018-09-26,717,1228,512,-1.3020886559245484,linear,52,0,52,52,0,52,0.1,0.1015625,0.1015625,0.6484248004797757,6.484248004797756e-07,mle,-0.2860498388561705,1.3343278866605226,ok,True,True,extraction,
csi300,1230,2018-09-27,718,1229,512,-1.3020886559245484,linear,52,0,52,52,0,52,0.1,0.1015625,0.1015625,0.6493556258488654,6.493556258488653e-07,mle,-0.2860498388561705,1.3343278866605226,ok,True,True,extraction,
csi300,1231,2018-09-28,719,1230,512,-1.3020886559245484,linear,52,0,52,52,0,52,0.1,0.1015625,0.1015625,0.6492380915852973,6.492380915852973e-07,mle,-0.2860498388561705,1.3343278866605226,ok,True,True,extraction,
csi300,1232,2018-10-01,720,1231,512,-1.3020886559245484,linear,52,0,52,52,0,52,0.1,0.1015625,0.1015625,0.6498083014985772,6.498083014985771e-07,mle,-0.2860498388561705,1.3343278866605226,ok,True,True,extraction,
csi300,1233,2018-10-02,721,1232,512,-1.3020886559245484,linear,52,0,52,52,0,52,0.1,0.1015625,0.1015625,0.6498083014985772,6.498083014985771e-07,mle,-0.2860498388561705,1.3343278866605226,ok,True,True,extraction,
csi300,1234,2018-10-03,722,1233,512,-1.3662871842050295,linear,52,0,52,52,0,52,0.1,0.1015625,0.1015625,0.6551804165187092,6.551804165187091e-07,mle,-0.2432277047989409,1.2269873337098687,ok,True,True,extraction,
csi300,1235,2018-10-04,723,1234,512,-1.3662871842050295,linear,52,0,52,52,0,52,0.1,0.1015625,0.1015625,0.6498083014985772,6.498083014985771e-07,mle,-0.2432277047989409,1.2269873337098687,ok,True,True,extraction,
csi300,1236,2018-10-05,724,1235,512,-1.4255789142077224,linear,52,0,52,52,0,52,0.1,0.1015625,0.1015625,0.6510866723384584,6.510866723384584e-07,mle,-0.2109713884361591,1.1473008700224436,ok,True,True,extraction,
csi300,1237,2018-10-08,725,1236,512,-1.4255789142077224,linear,52,0,52,52,0,52,0.1,0.1015625,0.1015625,0.6574715734068841,6.574715734068841e-07,mle,-0.2109713884361591,1.1473008700224436,ok,True,True,extraction,
csi300,1238,2018-10-09,726,1237,512,-1.4255789142077224,linear,52,0,52,52,0,52,0.1,0.1015625,0.1015625,0.6574715734068841,6.574715734068841e-07,mle,-0.21113943716664296,1.1475557373217251,ok,True,True,extraction,
csi300,1239,2018-10-10,727,1238,512,-1.4255789142077224,linear,52,0,52,52,0,52,0.1,0.1015625,0.1015625,0.6397392388929241,6.39739238892924e-07,mle,-0.21113943716664296,1.1475557373217251,ok,True,True,extraction,
csi300,1240,2018-10-11,728,1239,512,-1.4504121342960785,linear,52,0,52,52,0,52,0.1,0.1015625,0.1015625,0.6366641331081773,6.366641331081772e-07,mle,-0.20912111551259988,1.1328705221447741,ok,True,True,extraction,
csi300,1241,2018-10-12,729,1240,512,-1.4504121342960785,linear,52,0,52,52,0,52,0.1,0.1015625,0.1015625,0.6386836651408525,6.386836651408524e-07,mle,-0.20912111551259988,1.1328705221447741,ok,True,True,extraction,
csi300,1242,2018-10-15,730,1241,512,-1.4504121342960785,linear,52,0,52,52,0,52,0.1,0.1015625,0.1015625,0.6393802907872386,6.393802907872385e-07,mle,-0.20912111551259988,1.1328705221447741,ok,True,True,extraction,
csi300,1243,2018-10-16,731,1242,512,-1.4674990659529261,linear,52,0,52,52,0,52,0.1,0.1015625,0.1015625,0.6407101847380351,6.407101847380351e-07,mle,-0.20178318706711756,1.1131629627685684,ok,True,True,extraction,
csi300,1244,2018-10-17,732,1243,512,-1.4674990659529261,linear,52,0,52,52,0,52,0.1,0.1015625,0.1015625,0.6587187693774963,6.587187693774963e-07,mle,-0.20178318706711756,1.1131629627685684,ok,True,True,extraction,
csi300,1245,2018-10-18,733,1244,512,-1.4756014719023978,linear,52,0,52,52,0,52,0.1,0.1015625,0.1015625,0.6441077683237724,6.441077683237723e-07,mle,-0.2108992247888025,1.123202947351796,ok,True,True,extraction,
csi300,1246,2018-10-19,734,1245,512,-1.5098898536817509,linear,52,0,52,52,0,52,0.1,0.1015625,0.1015625,0.6451966482046654,6.451966482046654e-07,mle,-0.21968713144812596,1.125811095812955,ok,True,True,extraction,
csi300,1247,2018-10-22,735,1246,512,-1.5098898536817509,linear,52,0,52,52,0,52,0.1,0.1015625,0.1015625,0.6498992609734501,6.4989926097345e-07,mle,-0.21968713144812596,1.125811095812955,ok,True,True,extraction,
csi300,1248,2018-10-23,736,1247,512,-1.5098898536817509,linear,52,0,52,52,0,52,0.1,0.1015625,0.1015625,0.654912316285829,6.54912316285829e-07,mle,-0.21968713144812596,1.125811095812955,ok,True,True,extraction,
csi300,1249,2018-10-24,737,1248,512,-1.5194663713180014,linear,52,0,52,52,0,52,0.1,0.1015625,0.1015625,0.6624426008818272,6.624426008818271e-07,mle,-0.22870138908579707,1.135206097142333,ok,True,True,extraction,
csi300,1250,2018-10-25,738,1249,512,-1.5665880959170244,linear,52,0,52,52,0,52,0.1,0.1015625,0.1015625,0.6660577532594762,6.660577532594762e-07,mle,-0.18635123855516134,1.0485158535348478,ok,True,True,extraction,
csi300,1251,2018-10-26,739,1250,512,-1.5665880959170244,linear,52,0,52,52,0,52,0.1,0.1015625,0.1015625,0.6754927890194508,6.754927890194508e-07,mle,-0.18635123855516134,1.0485158535348478,ok,True,True,extraction,
csi300,1252,2018-10-29,740,1251,512,-1.5665880959170244,linear,52,0,52,52,0,52,0.1,0.1015625,0.1015625,0.6820433851812022,6.820433851812022e-07,mle,-0.18635123855516134,1.0485158535348478,ok,True,True,extraction,
csi300,1253,2018-10-30,741,1252,512,-1.5763926775651622,linear,52,0,52,52,0,52,0.1,0.1015625,0.1015625,0.6820433851812022,6.820433851812022e-07,mle,-0.20301283233306722,1.1218997719174295,ok,True,True,extraction,
csi300,1254,2018-10-31,742,1253,512,-1.5763926775651622,linear,52,0,52,52,0,52,0.1,0.1015625,0.1015625,0.6820433851812022,6.820433851812022e-07,mle,-0.20301283233306722,1.1218997719174295,ok,True,True,extraction,
csi300,1255,2018-11-01,743,1254,512,-1.5763926775651622,linear,52,0,52,52,0,52,0.1,0.1015625,0.1015625,0.6915315843073923,6.915315843073923e-07,mle,-0.20301283233306722,1.1218997719174295,ok,True,True,extraction,
csi300,1256,2018-11-02,744,1255,512,-1.5763926775651622,linear,52,0,52,52,0,52,0.1,0.1015625,0.1015625,0.6940723469056811,6.940723469056811e-07,mle,-0.20301283233306722,1.1218997719174295,ok,True,True,extraction,
csi300,1257,2018-11-05,745,1256,512,-1.5763926775651622,linear,52,0,52,52,0,52,0.1,0.1015625,0.1015625,0.6940723469056811,6.940723469056811e-07,mle,-0.20301283233306722,1.1218997719174295,ok,True,True,extraction,
csi300,1258,2018-11-06,746,1257,512,-1.5763926775651622,linear,52,0,52,52,0,52,0.1,0.1015625,0.1015625,0.6940723469056811,6.940723469056811e-07,mle,-0.20301283233306722,1.1218997719174295,ok,True,True,extraction,
csi300,1259,2018-11-07,747,1258,512,-1.5763926775651622,linear,52,0,52,52,0,52,0.1,0.1015625,0.1015625,0.6940723469056811,6.940723469056811e-07,mle,-0.20301283233306722,1.1218997719174295,ok,True,True,extraction,
csi300,1260,2018-11-08,748,1259,512,-1.5763926775651622,linear,52,0,52,52,0,52,0.1,0.1015625,0.1015625,0.6994444619258131,6.994444619258131e-07,mle,-0.20301283233306722,1.1218997719174295,ok,True,True,extraction,
csi300,1261,2018-11-09,749,1260,512,-1.625370298106634,linear,52,0,52,52,0,52,0.1,0.1015625,0.1015625,0.7037542636314549,7.037542636314548e-07,mle,-0.1826459662473432,1.071623407434266,ok,True,True,extraction,
csi300,1262,2018-11-12,750,1261,512,-1.6720174395260994,linear,52,0,52,52,0,52,0.1,0.1015625,0.1015625,0.7046893043367377,7.046893043367377e-07,mle,-0.13042440413989437,0.9790003609361391,ok,True,True,extraction,
csi300,1263,2018-11-13,751,1262,512,-1.6720174395260994,linear,52,0,52,52,0,52,0.1,0.1015625,0.1015625,0.7057621661528625,7.057621661528624e-07,mle,-0.13042440413989437,0.9790003609361391,ok,True,True,extraction,
csi300,1264,2018-11-14,752,1263,512,-1.6720174395260994,linear,52,0,52,52,0,52,0.1,0.1015625,0.1015625,0.7135884035865576,7.135884035865576e-07,mle,-0.13042440413989437,0.9790003609361391,ok,True,True,extraction,
csi300,1265,2018-11-15,753,1264,512,-1.6720174395260994,linear,52,0,52,52,0,52,0.1,0.1015625,0.1015625,0.7135884035865576,7.135884035865576e-07,mle,-0.13042440413989437,0.9790003609361391,ok,True,True,extraction,
csi300,1266,2018-11-16,754,1265,512,-1.6720174395260994,linear,52,0,52,52,0,52,0.1,0.1015625,0.1015625,0.7135884035865576,7.135884035865576e-07,mle,-0.13042440413989437,0.9790003609361391,ok,True,True,extraction,
csi300,1267,2018-11-19,755,1266,512,-1.6720174395260994,linear,52,0,52,52,0,52,0.1,0.1015625,0.1015625,0.7096926034708999,7.096926034708998e-07,mle,-0.13042440413989437,0.9790003609361391,ok,True,True,extraction,
csi300,1268,2018-11-20,756,1267,512,-1.6720174395260994,linear,52,0,52,52,0,52,0.1,0.1015625,0.1015625,0.7168702436568667,7.168702436568667e-07,mle,-0.13042440413989437,0.9790003609361391,ok,True,True,extraction,
csi300,1269,2018-11-21,757,1268,512,-1.6884749904364909,linear,52,0,52,52,0,52,0.1,0.1015625,0.1015625,0.7164970857792698,7.164970857792698e-07,mle,-0.15770392686831353,1.0106316707497138,ok,True,True,extraction,
csi300,1270,2018-11-23,758,1269,512,-1.6884749904364909,linear,52,0,52,52,0,52,0.1,0.1015625,0.1015625,0.7236979314190439,7.236979314190439e-07,mle,-0.15770392686831353,1.0106316707497138,ok,True,True,extraction,
csi300,1271,2018-11-26,759,1270,512,-1.7454035656870603,linear,52,0,52,52,0,52,0.1,0.1015625,0.1015625,0.7254540536015772,7.254540536015772e-07,mle,-0.12049172900935624,0.9421841454911096,ok,True,True,extraction,
csi300,1272,2018-11-27,760,1271,512,-1.7454035656870603,linear,52,0,52,52,0,52,0.1,0.1015625,0.1015625,0.7236979314190439,7.236979314190439e-07,mle,-0.12049172900935624,0.9421841454911096,ok,True,True,extraction,
csi300,1273,2018-11-28,761,1272,512,-1.7454035656870603,linear,52,0,52,52,0,52,0.1,0.1015625,0.1015625,0.7236979314190439,7.236979314190439e-07,mle,-0.12049172900935624,0.9421841454911096,ok,True,True,extraction,
csi300,1274,2018-11-29,762,1273,512,-1.7454035656870603,linear,52,0,52,52,0,52,0.1,0.1015625,0.1015625,0.7254540536015772,7.254540536015772e-07,mle,-0.12049172900935624,0.9421841454911096,ok,True,True,extraction,
csi300,1275,2018-11-30,763,1274,512,-1.8031116476786588,linear,52,0,52,52,0,52,0.1,0.1015625,0.1015625,0.7303855859725173,7.303855859725173e-07,mle,0.001852316743120649,0.7826586404581067,ok,True,True,extraction,
csi300,1276,2018-12-03,764,1275,512,-1.8031116476786588,linear,52,0,52,52,0,52,0.1,0.1015625,0.1015625,0.7363921679130726,7.363921679130725e-07,mle,0.001852316743120649,0.7826586404581067,ok,True,True,extraction,
csi300,1277,2018-12-04,765,1276,512,-1.8031116476786588,linear,52,0,52,52,0,52,0.1,0.1015625,0.1015625,0.7404510502987314,7.404510502987313e-07,mle,0.001852316743120649,0.7826586404581067,ok,True,True,extraction,
csi300,1278,2018-12-06,766,1277,512,-1.8031116476786588,linear,52,0,52,52,0,52,0.1,0.1015625,0.1015625,0.7363921679130726,7.363921679130725e-07,mle,0.001852316743120649,0.7826586404581067,ok,True,True,extraction,
csi300,1279,2018-12-07,767,1278,512,-1.8031116476786588,linear,52,0,52,52,0,52,0.1,0.1015625,0.1015625,0.7354499950903648,7.354499950903647e-07,mle,0.001852316743120649,0.7826586404581067,ok,True,True,extraction,
csi300,1280,2018-12-10,768,1279,512,-1.8031116476786588,linear,52,0,52,52,0,52,0.1,0.1015625,0.1015625,0.7408939564502617,7.408939564502616e-07,mle,0.001852316743120649,0.7826586404581067,ok,True,True,extraction,
csi300,1281,2018-12-11,769,1280,512,-1.8031116476786588,linear,52,0,52,52,0,52,0.1,0.1015625,0.1015625,0.7359217601185459,7.359217601185459e-07,mle,0.001852316743120649,0.7826586404581067,ok,True,True,extraction,
csi300,1282,2018-12-12,770,1281,512,-1.8031116476786588,linear,52,0,52,52,0,52,0.1,0.1015625,0.1015625,0.7424641206536724,7.424641206536723e-07,mle,0.001852316743120649,0.7826586404581067,ok,True,True,extraction,
csi300,1283,2018-12-13,771,1282,512,-1.8031116476786588,linear,52,0,52,52,0,52,0.1,0.1015625,0.1015625,0.7359217601185459,7.359217601185459e-07,mle,0.001852316743120649,0.7826586404581067,ok,True,True,extraction,
csi300,1284,2018-12-14,772,1283,512,-1.8031116476786588,linear,52,0,52,52,0,52,0.1,0.1015625,0.1015625,0.7359217601185459,7.359217601185459e-07,mle,0.001852316743120649,0.7826586404581067,ok,True,True,extraction,
csi300,1285,2018-12-17,773,1284,512,-1.808757988486271,linear,52,0,52,52,0,52,0.1,0.1015625,0.1015625,0.7359217601185459,7.359217601185459e-07,mle,0.019386898504482136,0.7634438732715279,ok,True,True,extraction,
csi300,1286,2018-12-18,774,1285,512,-1.808757988486271,linear,52,0,52,52,0,52,0.1,0.1015625,0.1015625,0.7359217601185459,7.359217601185459e-07,mle,0.019386898504482136,0.7634438732715279,ok,True,True,extraction,
csi300,1287,2018-12-19,775,1286,512,-1.808757988486271,linear,52,0,52,52,0,52,0.1,0.1015625,0.1015625,0.7329956848151844,7.329956848151843e-07,mle,0.019386898504482136,0.7634438732715279,ok,True,True,extraction,
csi300,1288,2018-12-20,776,1287,512,-1.824434835575921,linear,52,0,52,52,0,52,0.1,0.1015625,0.1015625,0.7329956848151844,7.329956848151843e-07,mle,0.007491998823015366,0.7691623859914833,ok,True,True,extraction,
csi300,1289,2018-12-21,777,1288,512,-1.824434835575921,linear,52,0,52,52,0,52,0.1,0.1015625,0.1015625,0.7268257117151595,7.268257117151595e-07,mle,0.007491998823015366,0.7691623859914833,ok,True,True,extraction,
csi300,1290,2018-12-24,778,1289,512,-1.8346867473975697,linear,52,0,52,52,0,52,0.1,0.1015625,0.1015625,0.7268257117151595,7.268257117151595e-07,mle,-0.022359491136159232,0.7952659986006407,ok,True,True,extraction,
csi300,1291,2018-12-26,779,1290,512,-1.8346867473975697,linear,52,0,52,52,0,52,0.1,0.1015625,0.1015625,0.7268257117151595,7.268257117151595e-07,mle,-0.022359491136159232,0.7952659986006407,ok,True,True,extraction,
csi300,1292,2018-12-27,780,1291,512,-1.824434835575921,linear,52,0,52,52,0,52,0.1,0.1015625,0.1015625,0.7268257117151595,7.268257117151595e-07,mle,0.033377272858978325,0.73347233746462,ok,True,True,extraction,
csi300,1293,2018-12-28,781,1292,512,-1.824434835575921,linear,52,0,52,52,0,52,0.1,0.1015625,0.1015625,0.7300416531083636,7.300416531083635e-07,mle,0.033377272858978325,0.73347233746462,ok,True,True,extraction,
csi300,1294,2018-12-31,782,1293,512,-1.824434835575921,linear,52,0,52,52,0,52,0.1,0.1015625,0.1015625,0.7329956848151844,7.329956848151843e-07,mle,0.033377272858978325,0.73347233746462,ok,True,True,extraction,
csi300,1295,2019-01-02,783,1294,512,-1.824434835575921,linear,52,0,52,52,0,52,0.1,0.1015625,0.1015625,0.7268257117151595,7.268257117151595e-07,mle,0.033377272858978325,0.73347233746462,ok,True,True,extraction,
csi300,1296,2019-01-03,784,1295,512,-1.824434835575921,linear,52,0,52,52,0,52,0.1,0.1015625,0.1015625,0.7329956848151844,7.329956848151843e-07,mle,0.033377272858978325,0.73347233746462,ok,True,True,extraction,
csi300,1297,2019-01-04,785,1296,512,-1.824434835575921,linear,52,0,52,52,0,52,0.1,0.1015625,0.1015625,0.7359217601185459,7.359217601185459e-07,mle,0.033377272858978325,0.73347233746462,ok,True,True,extraction,
csi300,1298,2019-01-07,786,1297,512,-1.824434835575921,linear,52,0,52,52,0,52,0.1,0.1015625,0.1015625,0.7537604340800238,7.537604340800238e-07,mle,0.033377272858978325,0.73347233746462,ok,True,True,extraction,
csi300,1299,2019-01-08,787,1298,512,-1.824434835575921,linear,52,0,52,52,0,52,0.1,0.1015625,0.1015625,0.7359217601185459,7.359217601185459e-07,mle,0.033377272858978325,0.73347233746462,ok,True,True,extraction,
csi300,1300,2019-01-09,788,1299,512,-1.824434835575921,linear,52,0,52,52,0,52,0.1,0.1015625,0.1015625,0.7457305852699887,7.457305852699887e-07,mle,0.033377272858978325,0.73347233746462,ok,True,True,extraction,
csi300,1301,2019-01-10,789,1300,512,-1.824434835575921,linear,52,0,52,52,0,52,0.1,0.1015625,0.1015625,0.7404510502987314,7.404510502987313e-07,mle,0.033377272858978325,0.73347233746462,ok,True,True,extraction,
csi300,1302,2019-01-11,790,1301,512,-1.824434835575921,linear,52,0,52,52,0,52,0.1,0.1015625,0.1015625,0.7393260474753294,7.393260474753294e-07,mle,0.033377272858978325,0.73347233746462,ok,True,True,extraction,
csi300,1303,2019-01-14,791,1302,512,-1.824434835575921,linear,52,0,52,52,0,52,0.1,0.1015625,0.1015625,0.7359857778623742,7.359857778623742e-07,mle,0.033377272858978325,0.73347233746462,ok,True,True,extraction,
csi300,1304,2019-01-15,792,1303,512,-1.824434835575921,linear,52,0,52,52,0,52,0.1,0.1015625,0.1015625,0.7393260474753294,7.393260474753294e-07,mle,0.033377272858978325,0.73347233746462,ok,True,True,extraction,
csi300,1305,2019-01-16,793,1304,512,-1.824434835575921,linear,52,0,52,52,0,52,0.1,0.1015625,0.1015625,0.7404510502987314,7.404510502987313e-07,mle,0.033377272858978325,0.73347233746462,ok,True,True,extraction,
csi300,1306,2019-01-17,794,1305,512,-1.824434835575921,linear,52,0,52,52,0,52,0.1,0.1015625,0.1015625,0.7361412485930895,7.361412485930895e-07,mle,0.033377272858978325,0.73347233746462,ok,True,True,extraction,
csi300,1307,2019-01-18,795,1306,512,-1.824434835575921,linear,52,0,52,52,0,52,0.1,0.1015625,0.1015625,0.732614181529327,7.32614181529327e-07,mle,0.033377272858978325,0.73347233746462,ok,True,True,extraction,
csi300,1308,2019-01-22,796,1307,512,-1.824434835575921,linear,52,0,52,52,0,52,0.1,0.1015625,0.1015625,0.732614181529327,7.32614181529327e-07,mle,0.033377272858978325,0.73347233746462,ok,True,True,extraction,
csi300,1309,2019-01-23,797,1308,512,-1.8346867473975697,linear,52,0,52,52,0,52,0.1,0.1015625,0.1015625,0.732614181529327,7.32614181529327e-07,mle,0.048146395679142445,0.7154969627091703,ok,True,True,extraction,
csi300,1310,2019-01-24,798,1309,512,-1.8346867473975697,linear,52,0,52,52,0,52,0.1,0.1015625,0.1015625,0.7393260474753294,7.393260474753294e-07,mle,0.048146395679142445,0.7154969627091703,ok,True,True,extraction,
csi300,1311,2019-01-25,799,1310,512,-1.8346867473975697,linear,52,0,52,52,0,52,0.1,0.1015625,0.1015625,0.7467831679081545,7.467831679081544e-07,mle,0.048146395679142445,0.7154969627091703,ok,True,True,extraction,
csi300,1312,2019-01-28,800,1311,512,-1.8346867473975697,linear,52,0,52,52,0,52,0.1,0.1015625,0.1015625,0.7404510502987314,7.404510502987313e-07,mle,0.048146395679142445,0.7154969627091703,ok,True,True,extraction,
csi300,1313,2019-01-29,801,1312,512,-1.8346867473975697,linear,52,0,52,52,0,52,0.1,0.1015625,0.1015625,0.7526842323717813,7.526842323717813e-07,mle,0.048146395679142445,0.7154969627091703,ok,True,True,extraction,
csi300,1314,2019-01-30,802,1313,512,-1.8346867473975697,linear,52,0,52,52,0,52,0.1,0.1015625,0.1015625,0.7526842323717813,7.526842323717813e-07,mle,0.048146395679142445,0.7154969627091703,ok,True,True,extraction,
csi300,1315,2019-01-31,803,1314,512,-1.8346867473975697,linear,52,0,52,52,0,52,0.1,0.1015625,0.1015625,0.7526842323717813,7.526842323717813e-07,mle,0.048146395679142445,0.7154969627091703,ok,True,True,extraction,
csi300,1316,2019-02-01,804,1315,512,-1.8346867473975697,linear,52,0,52,52,0,52,0.1,0.1015625,0.1015625,0.7483007407689815,7.483007407689814e-07,mle,0.048146395679142445,0.7154969627091703,ok,True,True,extraction,
csi300,1317,2019-02-04,805,1316,512,-1.8346867473975697,linear,52,0,52,52,0,52,0.1,0.1015625,0.1015625,0.7483007407689815,7.483007407689814e-07,mle,0.048146395679142445,0.7154969627091703,ok,True,True,extraction,
csi300,1318,2019-02-05,806,1317,512,-1.8346867473975697,linear,52,0,52,52,0,52,0.1,0.1015625,0.1015625,0.7526842323717813,7.526842323717813e-07,mle,0.048146395679142445,0.7154969627091703,ok,True,True,extraction,
csi300,1319,2019-02-06,807,1318,512,-1.8346867473975697,linear,52,0,52,52,0,52,0.1,0.1015625,0.1015625,0.7530639807083606,7.530639807083606e-07,mle,0.048146395679142445,0.7154969627091703,ok,True,True,extraction,
csi300,1320,2019-02-07,808,1319,512,-1.8346867473975697,linear,52,0,52,52,0,52,0.1,0.1015625,0.1015625,0.7547210000265876,7.547210000265875e-07,mle,0.048146395679142445,0.7154969627091703,ok,True,True,extraction,
csi300,1321,2019-02-08,809,1320,512,-1.8346867473975697,linear,52,0,52,52,0,52,0.1,0.1015625,0.1015625,0.7580850534946851,7.580850534946851e-07,mle,0.048146395679142445,0.7154969627091703,ok,True,True,extraction,
csi300,1322,2019-02-11,810,1321,512,-1.8346867473975697,linear,52,0,52,52,0,52,0.1,0.1015625,0.1015625,0.7580850534946851,7.580850534946851e-07,mle,0.048146395679142445,0.7154969627091703,ok,True,True,extraction,
csi300,1323,2019-02-12,811,1322,512,-1.8346867473975697,linear,52,0,52,52,0,52,0.1,0.1015625,0.1015625,0.7635639815809434,7.635639815809433e-07,mle,0.048146395679142445,0.7154969627091703,ok,True,True,extraction,
csi300,1324,2019-02-13,812,1323,512,-1.8346867473975697,linear,52,0,52,52,0,52,0.1,0.1015625,0.1015625,0.7652829304464881,7.65282930446488e-07,mle,0.048146395679142445,0.7154969627091703,ok,True,True,extraction,
csi300,1325,2019-02-14,813,1324,512,-1.8346867473975697,linear,52,0,52,52,0,52,0.1,0.1015625,0.1015625,0.7683635640500888,7.683635640500888e-07,mle,0.048146395679142445,0.7154969627091703,ok,True,True,extraction,
csi300,1326,2019-02-15,814,1325,512,-1.8346867473975697,linear,52,0,52,52,0,52,0.1,0.1015625,0.1015625,0.7728691190899608,7.728691190899608e-07,mle,0.048146395679142445,0.7154969627091703,ok,True,True,extraction,
csi300,1327,2019-02-19,815,1326,512,-1.8346867473975697,linear,52,0,52,52,0,52,0.1,0.1015625,0.1015625,0.7683635640500888,7.683635640500888e-07,mle,0.048146395679142445,0.7154969627091703,ok,True,True,extraction,
csi300,1328,2019-02-20,816,1327,512,-1.8346867473975697,linear,52,0,52,52,0,52,0.1,0.1015625,0.1015625,0.7728691190899608,7.728691190899608e-07,mle,0.048146395679142445,0.7154969627091703,ok,True,True,extraction,
csi300,1329,2019-02-21,817,1328,512,-1.8346867473975697,linear,52,0,52,52,0,52,0.1,0.1015625,0.1015625,0.7704306659896016,7.704306659896016e-07,mle,0.048146395679142445,0.7154969627091703,ok,True,True,extraction,
csi300,1330,2019-02-22,818,1329,512,-1.8346867473975697,linear,52,0,52,52,0,52,0.1,0.1015625,0.1015625,0.7704306659896016,7.704306659896016e-07,mle,0.048146395679142445,0.7154969627091703,ok,True,True,extraction,
csi300,1331,2019-02-25,819,1330,512,-1.8346867473975697,linear,52,0,52,52,0,52,0.1,0.1015625,0.1015625,0.773220220876274,7.732202208762739e-07,mle,0.048146395679142445,0.7154969627091703,ok,True,True,extraction,
csi300,1332,2019-02-26,820,1331,512,-1.8346867473975697,linear,52,0,52,52,0,52,0.1,0.1015625,0.1015625,0.7761304390048143,7.761304390048143e-07,mle,0.048146395679142445,0.7154969627091703,ok,True,True,extraction,
csi300,1333,2019-02-27,821,1332,512,-1.8346867473975697,linear,52,0,52,52,0,52,0.1,0.1015625,0.1015625,0.7768035058086449,7.768035058086448e-07,mle,0.048146395679142445,0.7154969627091703,ok,True,True,extraction,
csi300,1334,2019-02-28,822,1333,512,-1.8346867473975697,linear,52,0,52,52,0,52,0.1,0.1015625,0.1015625,0.7760936381341463,7.760936381341463e-07,mle,0.048146395679142445,0.7154969627091703,ok,True,True,extraction,
csi300,1335,2019-03-01,823,1334,512,-1.8346867473975697,linear,52,0,52,52,0,52,0.1,0.1015625,0.1015625,0.7832915150859492,7.832915150859492e-07,mle,0.048146395679142445,0.7154969627091703,ok,True,True,extraction,
csi300,1336,2019-03-04,824,1335,512,-1.8346867473975697,linear,52,0,52,52,0,52,0.1,0.1015625,0.1015625,0.7815725662204045,7.815725662204045e-07,mle,0.048146395679142445,0.7154969627091703,ok,True,True,extraction,
csi300,1337,2019-03-05,825,1336,512,-1.8346867473975697,linear,52,0,52,52,0,52,0.1,0.1015625,0.1015625,0.7815725662204045,7.815725662204045e-07,mle,0.048146395679142445,0.7154969627091703,ok,True,True,extraction,
csi300,1338,2019-03-06,826,1337,512,-1.8346867473975697,linear,52,0,52,52,0,52,0.1,0.1015625,0.1015625,0.773691985904455,7.736919859044549e-07,mle,0.048146395679142445,0.7154969627091703,ok,True,True,extraction,
csi300,1339,2019-03-07,827,1338,512,-1.8346867473975697,linear,52,0,52,52,0,52,0.1,0.1015625,0.1015625,0.7732202208762738,7.732202208762738e-07,mle,0.048146395679142445,0.7154969627091703,ok,True,True,extraction,
csi300,1340,2019-03-08,828,1339,512,-1.8397857368337498,linear,52,0,52,52,0,52,0.1,0.1015625,0.1015625,0.7789721436547251,7.789721436547251e-07,mle,-0.004641749207022934,0.7658422741104127,ok,True,True,extraction,
csi300,1341,2019-03-11,829,1340,512,-1.8468101852368204,linear,52,0,52,52,0,52,0.1,0.1015625,0.1015625,0.7844391220404728,7.844391220404728e-07,mle,-0.05770699110427118,0.8429413571184855,ok,True,True,extraction,
csi300,1342,2019-03-12,830,1341,512,-1.8468101852368204,linear,52,0,52,52,0,52,0.1,0.1015625,0.1015625,0.7819200498822917,7.819200498822916e-07,mle,-0.05770699110427118,0.8429413571184855,ok,True,True,extraction,
csi300,1343,2019-03-13,831,1342,512,-1.8468101852368204,linear,52,0,52,52,0,52,0.1,0.1015625,0.1015625,0.7768035058086449,7.768035058086448e-07,mle,-0.05770699110427118,0.8429413571184855,ok,True,True,extraction,
csi300,1344,2019-03-14,832,1343,512,-1.8468101852368204,linear,52,0,52,52,0,52,0.1,0.1015625,0.1015625,0.7819200498822917,7.819200498822916e-07,mle,-0.05770699110427118,0.8429413571184855,ok,True,True,extraction,
csi300,1345,2019-03-15,833,1344,512,-1.8468101852368204,linear,52,0,52,52,0,52,0.1,0.1015625,0.1015625,0.7892478813987156,7.892478813987156e-07,mle,-0.05770699110427118,0.8429413571184855,ok,True,True,extraction,
csi300,1346,2019-03-18,834,1345,512,-1.8468101852368204,linear,52,0,52,52,0,52,0.1,0.1015625,0.1015625,0.7858071729567416,7.858071729567416e-07,mle,-0.05770699110427118,0.8429413571184855,ok,True,True,extraction,
csi300,1347,2019-03-19,835,1346,512,-1.8468101852368204,linear,52,0,52,52,0,52,0.1,0.1015625,0.1015625,0.7873290174686662,7.873290174686662e-07,mle,-0.05770699110427118,0.8429413571184855,ok,True,True,extraction,
csi300,1348,2019-03-20,836,1347,512,-1.8468101852368204,linear,52,0,52,52,0,52,0.1,0.1015625,0.1015625,0.7898667913521353,7.898667913521353e-07,mle,-0.05770699110427118,0.8429413571184855,ok,True,True,extraction,
csi300,1349,2019-03-21,837,1348,512,-1.8468101852368204,linear,52,0,52,52,0,52,0.1,0.1015625,0.1015625,0.7898667913521353,7.898667913521353e-07,mle,-0.05770699110427118,0.8429413571184855,ok,True,True,extraction,
csi300,1350,2019-03-22,838,1349,512,-1.8468101852368204,linear,52,0,52,52,0,52,0.1,0.1015625,0.1015625,0.7858071729567416,7.858071729567416e-07,mle,-0.05770699110427118,0.8429413571184855,ok,True,True,extraction,
csi300,1351,2019-03-25,839,1350,512,-1.8769264848314913,linear,52,0,52,52,0,52,0.1,0.1015625,0.1015625,0.7858071729567416,7.858071729567416e-07,mle,-0.029021140298141103,0.8007566631219141,ok,True,True,extraction,
csi300,1352,2019-03-26,840,1351,512,-1.8769264848314913,linear,52,0,52,52,0,52,0.1,0.1015625,0.1015625,0.7898667913521353,7.898667913521353e-07,mle,-0.029021140298141103,0.8007566631219141,ok,True,True,extraction,
csi300,1353,2019-03-27,841,1352,512,-1.8769264848314913,linear,52,0,52,52,0,52,0.1,0.1015625,0.1015625,0.8034179709926624,8.034179709926624e-07,mle,-0.029021140298141103,0.8007566631219141,ok,True,True,extraction,
csi300,1354,2019-03-28,842,1353,512,-1.8769264848314913,linear,52,0,52,52,0,52,0.1,0.1015625,0.1015625,0.7907088622561895,7.907088622561895e-07,mle,-0.029021140298141103,0.8007566631219141,ok,True,True,extraction,
csi300,1355,2019-03-29,843,1354,512,-1.8769264848314913,linear,52,0,52,52,0,52,0.1,0.1015625,0.1015625,0.7900899523027698,7.900899523027697e-07,mle,-0.029021140298141103,0.8007566631219141,ok,True,True,extraction,
csi300,1356,2019-04-01,844,1355,512,-1.8769264848314913,linear,52,0,52,52,0,52,0.1,0.1015625,0.1015625,0.7907088622561895,7.907088622561895e-07,mle,-0.029021140298141103,0.8007566631219141,ok,True,True,extraction,
csi300,1357,2019-04-02,845,1356,512,-1.8769264848314913,linear,52,0,52,52,0,52,0.1,0.1015625,0.1015625,0.7886527565115431,7.886527565115431e-07,mle,-0.029021140298141103,0.8007566631219141,ok,True,True,extraction,
csi300,1358,2019-04-03,846,1357,512,-1.8769264848314913,linear,52,0,52,52,0,52,0.1,0.1015625,0.1015625,0.7907088622561895,7.907088622561895e-07,mle,-0.029021140298141103,0.8007566631219141,ok,True,True,extraction,
csi300,1359,2019-04-04,847,1358,512,-1.8769264848314913,linear,52,0,52,52,0,52,0.1,0.1015625,0.1015625,0.7941714839466925,7.941714839466925e-07,mle,-0.029021140298141103,0.8007566631219141,ok,True,True,extraction,
csi300,1360,2019-04-05,848,1359,512,-1.8769264848314913,linear,52,0,52,52,0,52,0.1,0.1015625,0.1015625,0.7997443104638526,7.997443104638526e-07,mle,-0.029021140298141103,0.8007566631219141,ok,True,True,extraction,
csi300,1361,2019-04-08,849,1360,512,-1.8769264848314913,linear,52,0,52,52,0,52,0.1,0.1015625,0.1015625,0.7903262723072966,7.903262723072966e-07,mle,-0.029021140298141103,0.8007566631219141,ok,True,True,extraction,
csi300,1362,2019-04-09,850,1361,512,-1.8769264848314913,linear,52,0,52,52,0,52,0.1,0.1015625,0.1015625,0.8037274615887475,8.037274615887475e-07,mle,-0.029021140298141103,0.8007566631219141,ok,True,True,extraction,
csi300,1363,2019-04-10,851,1362,512,-1.8769264848314913,linear,52,0,52,52,0,52,0.1,0.1015625,0.1015625,0.8062603035079173,8.062603035079173e-07,mle,-0.029021140298141103,0.8007566631219141,ok,True,True,extraction,
csi300,1364,2019-04-11,852,1363,512,-1.8769264848314913,linear,52,0,52,52,0,52,0.1,0.1015625,0.1015625,0.8118090923858348,8.118090923858347e-07,mle,-0.029021140298141103,0.8007566631219141,ok,True,True,extraction,
csi300,1365,2019-04-12,853,1364,512,-1.9034778598310722,linear,52,0,52,52,0,52,0.1,0.1015625,0.1015625,0.8230191946149352,8.230191946149352e-07,mle,-0.027882368935317467,0.7915429392137348,ok,True,True,extraction,
csi300,1366,2019-04-15,854,1365,512,-1.9034778598310722,linear,52,0,52,52,0,52,0.1,0.1015625,0.1015625,0.8222493412805298,8.222493412805298e-07,mle,-0.027882368935317467,0.7915429392137348,ok,True,True,extraction,
csi300,1367,2019-04-16,855,1366,512,-1.910517344024721,linear,52,0,52,52,0,52,0.1,0.1015625,0.1015625,0.8230191946149352,8.230191946149352e-07,mle,-0.05088334606139747,0.8117411057749727,ok,True,True,extraction,
csi300,1368,2019-04-17,856,1367,512,-1.910517344024721,linear,52,0,52,52,0,52,0.1,0.1015625,0.1015625,0.8241496473938649,8.241496473938648e-07,mle,-0.05088334606139747,0.8117411057749727,ok,True,True,extraction,
csi300,1369,2019-04-18,857,1368,512,-1.910517344024721,linear,52,0,52,52,0,52,0.1,0.1015625,0.1015625,0.8241496473938649,8.241496473938648e-07,mle,-0.05088334606139747,0.8117411057749727,ok,True,True,extraction,
csi300,1370,2019-04-22,858,1369,512,-1.910517344024721,linear,52,0,52,52,0,52,0.1,0.1015625,0.1015625,0.8195081313588176,8.195081313588176e-07,mle,-0.05088334606139747,0.8117411057749727,ok,True,True,extraction,
csi300,1371,2019-04-23,859,1370,512,-1.910517344024721,linear,52,0,52,52,0,52,0.1,0.1015625,0.1015625,0.8308346433820939,8.308346433820939e-07,mle,-0.05088334606139747,0.8117411057749727,ok,True,True,extraction,
csi300,1372,2019-04-24,860,1371,512,-1.910517344024721,linear,52,0,52,52,0,52,0.1,0.1015625,0.1015625,0.8308346433820939,8.308346433820939e-07,mle,-0.05088334606139747,0.8117411057749727,ok,True,True,extraction,
csi300,1373,2019-04-25,861,1372,512,-1.910517344024721,linear,52,0,52,52,0,52,0.1,0.1015625,0.1015625,0.8308346433820939,8.308346433820939e-07,mle,-0.05088334606139747,0.8117411057749727,ok,True,True,extraction,
csi300,1374,2019-04-26,862,1373,512,-1.9165800923512826,linear,52,0,52,52,0,52,0.1,0.1015625,0.1015625,0.8191803995291674,8.191803995291674e-07,mle,-0.07246503523446554,0.8316259646781357,ok,True,True,extraction,
csi300,1375,2019-04-29,863,1374,512,-1.9165800923512826,linear,52,0,52,52,0,52,0.1,0.1015625,0.1015625,0.8191803995291674,8.191803995291674e-07,mle,-0.07246503523446554,0.8316259646781357,ok,True,True,extraction,
csi300,1376,2019-04-30,864,1375,512,-1.9165800923512826,linear,52,0,52,52,0,52,0.1,0.1015625,0.1015625,0.8208939753241544,8.208939753241544e-07,mle,-0.07246503523446554,0.8316259646781357,ok,True,True,extraction,
csi300,1377,2019-05-01,865,1376,512,-1.9165800923512826,linear,52,0,52,52,0,52,0.1,0.1015625,0.1015625,0.8333264359760721,8.333264359760721e-07,mle,-0.07246503523446554,0.8316259646781357,ok,True,True,extraction,
csi300,1378,2019-05-02,866,1377,512,-1.9165800923512826,linear,52,0,52,52,0,52,0.1,0.1015625,0.1015625,0.8333264359760721,8.333264359760721e-07,mle,-0.07246503523446554,0.8316259646781357,ok,True,True,extraction,
csi300,1379,2019-05-03,867,1378,512,-1.9165800923512826,linear,52,0,52,52,0,52,0.1,0.1015625,0.1015625,0.8333264359760721,8.333264359760721e-07,mle,-0.07246503523446554,0.8316259646781357,ok,True,True,extraction,
csi300,1380,2019-05-06,868,1379,512,-1.9165800923512826,linear,52,0,52,52,0,52,0.1,0.1015625,0.1015625,0.8333264359760721,8.333264359760721e-07,mle,-0.07246503523446554,0.8316259646781357,ok,True,True,extraction,
csi300,1381,2019-05-07,869,1380,512,-1.9311064282861916,linear,52,0,52,52,0,52,0.1,0.1015625,0.1015625,0.8357686758634023,8.357686758634023e-07,mle,-0.018815482817787423,0.8386298552217323,ok,True,True,extraction,
csi300,1382,2019-05-08,870,1381,512,-1.936807165257752,linear,52,0,52,52,0,52,0.1,0.1015625,0.1015625,0.8357686758634023,8.357686758634023e-07,mle,-0.08249140983581438,0.9223477464006233,ok,True,True,extraction,
csi300,1383,2019-05-09,871,1382,512,-1.936807165257752,linear,52,0,52,52,0,52,0.1,0.1015625,0.1015625,0.8208939753241544,8.208939753241544e-07,mle,-0.08249140983581438,0.9223477464006233,ok,True,True,extraction,
csi300,1384,2019-05-10,872,1383,512,-1.936807165257752,linear,52,0,52,52,0,52,0.1,0.1015625,0.1015625,0.8355021671057664,8.355021671057664e-07,mle,-0.08249140983581438,0.9223477464006233,ok,True,True,extraction,
csi300,1385,2019-05-13,873,1384,512,-1.936807165257752,linear,52,0,52,52,0,52,0.1,0.1015625,0.1015625,0.8400736018620908,8.400736018620907e-07,mle,-0.08249140983581438,0.9223477464006233,ok,True,True,extraction,
csi300,1386,2019-05-14,874,1385,512,-1.9391020562784869,linear,52,0,52,52,0,52,0.1,0.1015625,0.1015625,0.8462497440189254,8.462497440189253e-07,mle,-0.08058346841120195,0.9876501980346997,ok,True,True,extraction,
csi300,1387,2019-05-15,875,1386,512,-1.9391020562784869,linear,52,0,52,52,0,52,0.1,0.1015625,0.1015625,0.8569948519086242,8.569948519086242e-07,mle,-0.08058346841120195,0.9876501980346997,ok,True,True,extraction,
csi300,1388,2019-05-16,876,1387,512,-1.9391020562784869,linear,52,0,52,52,0,52,0.1,0.1015625,0.1015625,0.8533019938997786,8.533019938997785e-07,mle,-0.08058346841120195,0.9876501980346997,ok,True,True,extraction,
csi300,1389,2019-05-17,877,1388,512,-1.9391020562784869,linear,52,0,52,52,0,52,0.1,0.1015625,0.1015625,0.8573367881995241,8.573367881995241e-07,mle,-0.08058346841120195,0.9876501980346997,ok,True,True,extraction,
csi300,1390,2019-05-20,878,1389,512,-1.9481366302151244,linear,52,0,52,52,0,52,0.1,0.1015625,0.1015625,0.8630029852357611,8.630029852357611e-07,mle,-0.1342695592638477,1.0639069628155582,ok,True,True,extraction,
csi300,1391,2019-05-21,879,1390,512,-1.9481366302151244,linear,52,0,52,52,0,52,0.1,0.1015625,0.1015625,0.8719879556724223,8.719879556724222e-07,mle,-0.1342695592638477,1.0639069628155582,ok,True,True,extraction,
csi300,1392,2019-05-22,880,1391,512,-1.9481366302151244,linear,52,0,52,52,0,52,0.1,0.1015625,0.1015625,0.8691840163062727,8.691840163062727e-07,mle,-0.1342695592638477,1.0639069628155582,ok,True,True,extraction,
csi300,1393,2019-05-23,881,1392,512,-1.9481366302151244,linear,52,0,52,52,0,52,0.1,0.1015625,0.1015625,0.8719879556724223,8.719879556724222e-07,mle,-0.1342695592638477,1.0639069628155582,ok,True,True,extraction,
csi300,1394,2019-05-24,882,1393,512,-1.9481366302151244,linear,52,0,52,52,0,52,0.1,0.1015625,0.1015625,0.8811216817008597,8.811216817008596e-07,mle,-0.1342695592638477,1.0639069628155582,ok,True,True,extraction,
csi300,1395,2019-05-28,883,1394,512,-1.9481366302151244,linear,52,0,52,52,0,52,0.1,0.1015625,0.1015625,0.8811216817008598,8.811216817008597e-07,mle,-0.1342695592638477,1.0639069628155582,ok,True,True,extraction,
csi300,1396,2019-05-29,884,1395,512,-1.9481366302151244,linear,52,0,52,52,0,52,0.1,0.1015625,0.1015625,0.8811216817008598,8.811216817008597e-07,mle,-0.1342695592638477,1.0639069628155582,ok,True,True,extraction,
csi300,1397,2019-05-30,885,1396,512,-1.9481366302151244,linear,52,0,52,52,0,52,0.1,0.1015625,0.1015625,0.8818131891507635,8.818131891507635e-07,mle,-0.1342695592638477,1.0639069628155582,ok,True,True,extraction,
csi300,1398,2019-05-31,886,1397,512,-1.9481366302151244,linear,52,0,52,52,0,52,0.1,0.1015625,0.1015625,0.8868680639171906,8.868680639171906e-07,mle,-0.1342695592638477,1.0639069628155582,ok,True,True,extraction,
csi300,1399,2019-06-03,887,1398,512,-1.9481366302151244,linear,52,0,52,52,0,52,0.1,0.1015625,0.1015625,0.8808272458173221,8.80827245817322e-07,mle,-0.1342695592638477,1.0639069628155582,ok,True,True,extraction,
csi300,1400,2019-06-04,888,1399,512,-1.9481366302151244,linear,52,0,52,52,0,52,0.1,0.1015625,0.1015625,0.8818131891507635,8.818131891507635e-07,mle,-0.1342695592638477,1.0639069628155582,ok,True,True,extraction,
csi300,1401,2019-06-05,889,1400,512,-1.9481366302151244,linear,52,0,52,52,0,52,0.1,0.1015625,0.1015625,0.8868680639171906,8.868680639171906e-07,mle,-0.1342695592638477,1.0639069628155582,ok,True,True,extraction,
csi300,1402,2019-06-06,890,1401,512,-1.9481366302151244,linear,52,0,52,52,0,52,0.1,0.1015625,0.1015625,0.893544182954066,8.93544182954066e-07,mle,-0.1342695592638477,1.0639069628155582,ok,True,True,extraction,
csi300,1403,2019-06-07,891,1402,512,-1.9481366302151244,linear,52,0,52,52,0,52,0.1,0.1015625,0.1015625,0.893544182954066,8.93544182954066e-07,mle,-0.1342695592638477,1.0639069628155582,ok,True,True,extraction,
csi300,1404,2019-06-10,892,1403,512,-1.9481366302151244,linear,52,0,52,52,0,52,0.1,0.1015625,0.1015625,0.893544182954066,8.93544182954066e-07,mle,-0.1342695592638477,1.0639069628155582,ok,True,True,extraction,
csi300,1405,2019-06-11,893,1404,512,-1.9481366302151244,linear,52,0,52,52,0,52,0.1,0.1015625,0.1015625,0.8868680639171906,8.868680639171906e-07,mle,-0.1342695592638477,1.0639069628155582,ok,True,True,extraction,
csi300,1406,2019-06-12,894,1405,512,-1.9481366302151244,linear,52,0,52,52,0,52,0.1,0.1015625,0.1015625,0.8925549620283744,8.925549620283744e-07,mle,-0.1342695592638477,1.0639069628155582,ok,True,True,extraction,
csi300,1407,2019-06-13,895,1406,512,-1.9481366302151244,linear,52,0,52,52,0,52,0.1,0.1015625,0.1015625,0.8982688933060434,8.982688933060433e-07,mle,-0.1342695592638477,1.0639069628155582,ok,True,True,extraction,
csi300,1408,2019-06-14,896,1407,512,-1.9481366302151244,linear,52,0,52,52,0,52,0.1,0.1015625,0.1015625,0.8982688933060434,8.982688933060433e-07,mle,-0.1342695592638477,1.0639069628155582,ok,True,True,extraction,
csi300,1409,2019-06-17,897,1408,512,-1.9481366302151244,linear,52,0,52,52,0,52,0.1,0.1015625,0.1015625,0.8979937595527291,8.979937595527291e-07,mle,-0.1342695592638477,1.0639069628155582,ok,True,True,extraction,
csi300,1410,2019-06-18,898,1409,512,-1.9481366302151244,linear,52,0,52,52,0,52,0.1,0.1015625,0.1015625,0.900283071575823,9.002830715758229e-07,mle,-0.1342695592638477,1.0639069628155582,ok,True,True,extraction,
csi300,1411,2019-06-19,899,1410,512,-1.9481366302151244,linear,52,0,52,52,0,52,0.1,0.1015625,0.1015625,0.9153577766530274,9.153577766530273e-07,mle,-0.1342695592638477,1.0639069628155582,ok,True,True,extraction,
csi300,1412,2019-06-20,900,1411,512,-1.9481366302151244,linear,52,0,52,52,0,52,0.1,0.1015625,0.1015625,0.9103994460464552,9.103994460464551e-07,mle,-0.1342695592638477,1.0639069628155582,ok,True,True,extraction,
csi300,1413,2019-06-21,901,1412,512,-1.9481366302151244,linear,52,0,52,52,0,52,0.1,0.1015625,0.1015625,0.9103994460464552,9.103994460464551e-07,mle,-0.1342695592638477,1.0639069628155582,ok,True,True,extraction,
csi300,1414,2019-06-24,902,1413,512,-1.9481366302151244,linear,52,0,52,52,0,52,0.1,0.1015625,0.1015625,0.900283071575823,9.002830715758229e-07,mle,-0.1342695592638477,1.0639069628155582,ok,True,True,extraction,
csi300,1415,2019-06-25,903,1414,512,-1.9481366302151244,linear,52,0,52,52,0,52,0.1,0.1015625,0.1015625,0.9042717788069106,9.042717788069106e-07,mle,-0.1342695592638477,1.0639069628155582,ok,True,True,extraction,
csi300,1416,2019-06-26,904,1415,512,-1.9552110522836907,linear,52,0,52,52,0,52,0.1,0.1015625,0.1015625,0.9100331990500774,9.100331990500773e-07,mle,-0.12310804146789842,1.0452878844230962,ok,True,True,extraction,
csi300,1417,2019-06-27,905,1416,512,-1.9552110522836907,linear,52,0,52,52,0,52,0.1,0.1015625,0.1015625,0.9100331990500774,9.100331990500773e-07,mle,-0.12310804146789842,1.0452878844230962,ok,True,True,extraction,
csi300,1418,2019-06-28,906,1417,512,-1.9552110522836907,linear,52,0,52,52,0,52,0.1,0.1015625,0.1015625,0.9153577766530274,9.153577766530273e-07,mle,-0.12310804146789842,1.0452878844230962,ok,True,True,extraction,
csi300,1419,2019-07-01,907,1418,512,-1.9552110522836907,linear,52,0,52,52,0,52,0.1,0.1015625,0.1015625,0.9161979067087284,9.161979067087283e-07,mle,-0.12310804146789842,1.0452878844230962,ok,True,True,extraction,
csi300,1420,2019-07-02,908,1419,512,-1.9552110522836907,linear,52,0,52,52,0,52,0.1,0.1015625,0.1015625,0.920431960460409,9.204319604604089e-07,mle,-0.12310804146789842,1.0452878844230962,ok,True,True,extraction,
csi300,1421,2019-07-03,909,1420,512,-1.9552110522836907,linear,52,0,52,52,0,52,0.1,0.1015625,0.1015625,0.9216167283253469,9.216167283253468e-07,mle,-0.12310804146789842,1.0452878844230962,ok,True,True,extraction,
csi300,1422,2019-07-05,910,1421,512,-1.9552110522836907,linear,52,0,52,52,0,52,0.1,0.1015625,0.1015625,0.9216167283253469,9.216167283253468e-07,mle,-0.12310804146789842,1.0452878844230962,ok,True,True,extraction,
csi300,1423,2019-07-08,911,1422,512,-1.9552110522836907,linear,52,0,52,52,0,52,0.1,0.1015625,0.1015625,0.9201866139398159,9.201866139398159e-07,mle,-0.12310804146789842,1.0452878844230962,ok,True,True,extraction,
csi300,1424,2019-07-09,912,1423,512,-1.9552110522836907,linear,52,0,52,52,0,52,0.1,0.1015625,0.1015625,0.9251079041272818,9.251079041272818e-07,mle,-0.12310804146789842,1.0452878844230962,ok,True,True,extraction,
csi300,1425,2019-07-10,913,1424,512,-1.9552110522836907,linear,52,0,52,52,0,52,0.1,0.1015625,0.1015625,0.9150057066814159,9.150057066814159e-07,mle,-0.12310804146789842,1.0452878844230962,ok,True,True,extraction,
csi300,1426,2019-07-11,914,1425,512,-1.9552110522836907,linear,52,0,52,52,0,52,0.1,0.1015625,0.1015625,0.9100331990500774,9.100331990500773e-07,mle,-0.12310804146789842,1.0452878844230962,ok,True,True,extraction,
csi300,1427,2019-07-12,915,1426,512,-1.9552110522836907,linear,52,0,52,52,0,52,0.1,0.1015625,0.1015625,0.9032808279521372,9.032808279521371e-07,mle,-0.12310804146789842,1.0452878844230962,ok,True,True,extraction,
csi300,1428,2019-07-15,916,1427,512,-1.9552110522836907,linear,52,0,52,52,0,52,0.1,0.1015625,0.1015625,0.9150057066814159,9.150057066814159e-07,mle,-0.12310804146789842,1.0452878844230962,ok,True,True,extraction,
csi300,1429,2019-07-16,917,1428,512,-1.9552110522836907,linear,52,0,52,52,0,52,0.1,0.1015625,0.1015625,0.9150057066814159,9.150057066814159e-07,mle,-0.12310804146789842,1.0452878844230962,ok,True,True,extraction,
csi300,1430,2019-07-17,918,1429,512,-1.9552110522836907,linear,52,0,52,52,0,52,0.1,0.1015625,0.1015625,0.9032808279521372,9.032808279521371e-07,mle,-0.12310804146789842,1.0452878844230962,ok,True,True,extraction,
csi300,1431,2019-07-18,919,1430,512,-1.9552110522836907,linear,52,0,52,52,0,52,0.1,0.1015625,0.1015625,0.9032808279521372,9.032808279521371e-07,mle,-0.12310804146789842,1.0452878844230962,ok,True,True,extraction,
csi300,1432,2019-07-19,920,1431,512,-1.9552110522836907,linear,52,0,52,52,0,52,0.1,0.1015625,0.1015625,0.9066378354471849,9.066378354471849e-07,mle,-0.12310804146789842,1.0452878844230962,ok,True,True,extraction,
csi300,1433,2019-07-22,921,1432,512,-1.9552110522836907,linear,52,0,52,52,0,52,0.1,0.1015625,0.1015625,0.9032808279521372,9.032808279521371e-07,mle,-0.12310804146789842,1.0452878844230962,ok,True,True,extraction,
csi300,1434,2019-07-23,922,1433,512,-1.9552110522836907,linear,52,0,52,52,0,52,0.1,0.1015625,0.1015625,0.9066378354471849,9.066378354471849e-07,mle,-0.12310804146789842,1.0452878844230962,ok,True,True,extraction,
csi300,1435,2019-07-24,923,1434,512,-1.9552110522836907,linear,52,0,52,52,0,52,0.1,0.1015625,0.1015625,0.9032808279521372,9.032808279521371e-07,mle,-0.12310804146789842,1.0452878844230962,ok,True,True,extraction,
csi300,1436,2019-07-25,924,1435,512,-1.9552110522836907,linear,52,0,52,52,0,52,0.1,0.1015625,0.1015625,0.9022444131457283,9.022444131457283e-07,mle,-0.12310804146789842,1.0452878844230962,ok,True,True,extraction,
csi300,1437,2019-07-26,925,1436,512,-1.9552110522836907,linear,52,0,52,52,0,52,0.1,0.1015625,0.1015625,0.9009719765523515,9.009719765523515e-07,mle,-0.12310804146789842,1.0452878844230962,ok,True,True,extraction,
csi300,1438,2019-07-29,926,1437,512,-1.9552110522836907,linear,52,0,52,52,0,52,0.1,0.1015625,0.1015625,0.9009719765523515,9.009719765523515e-07,mle,-0.12310804146789842,1.0452878844230962,ok,True,True,extraction,
csi300,1439,2019-07-30,927,1438,512,-1.9552110522836907,linear,52,0,52,52,0,52,0.1,0.1015625,0.1015625,0.8969371822526059,8.969371822526058e-07,mle,-0.12310804146789842,1.0452878844230962,ok,True,True,extraction,
csi300,1440,2019-07-31,928,1439,512,-1.9552110522836907,linear,52,0,52,52,0,52,0.1,0.1015625,0.1015625,0.8959007674461972,8.959007674461972e-07,mle,-0.12310804146789842,1.0452878844230962,ok,True,True,extraction,
csi300,1441,2019-08-01,929,1440,512,-1.9552110522836907,linear,52,0,52,52,0,52,0.1,0.1015625,0.1015625,0.8969371822526059,8.969371822526058e-07,mle,-0.12310804146789842,1.0452878844230962,ok,True,True,extraction,
csi300,1442,2019-08-02,930,1441,512,-1.9625713096368285,linear,52,0,52,52,0,52,0.1,0.1015625,0.1015625,0.8973974428807834,8.973974428807833e-07,mle,-0.17900928458557175,1.1303021313329737,ok,True,True,extraction,
csi300,1443,2019-08-05,931,1442,512,-1.9625713096368285,linear,52,0,52,52,0,52,0.1,0.1015625,0.1015625,0.8980181100469575,8.980181100469575e-07,mle,-0.17900928458557175,1.1303021313329737,ok,True,True,extraction,
csi300,1444,2019-08-06,932,1443,512,-1.9637715095923796,linear,52,0,52,52,0,52,0.1,0.1015625,0.1015625,0.904194252203789,9.04194252203789e-07,mle,-0.24626958172684182,1.254515167986582,ok,True,True,extraction,
csi300,1445,2019-08-07,933,1444,512,-1.9637715095923796,linear,52,0,52,52,0,52,0.1,0.1015625,0.1015625,0.9099784091259635,9.099784091259634e-07,mle,-0.24626958172684182,1.254515167986582,ok,True,True,extraction,
csi300,1446,2019-08-08,934,1445,512,-1.9637715095923796,linear,52,0,52,52,0,52,0.1,0.1015625,0.1015625,0.9102639351026882,9.102639351026882e-07,mle,-0.24626958172684182,1.254515167986582,ok,True,True,extraction,
csi300,1447,2019-08-09,935,1446,512,-1.9637715095923796,linear,52,0,52,52,0,52,0.1,0.1015625,0.1015625,0.9129485410187872,9.129485410187872e-07,mle,-0.24626958172684182,1.254515167986582,ok,True,True,extraction,
csi300,1448,2019-08-12,936,1447,512,-1.965468763308483,linear,52,0,52,52,0,52,0.1,0.1015625,0.1015625,0.9232206558641818,9.232206558641817e-07,mle,-0.24656819153424653,1.2540621681525381,ok,True,True,extraction,
csi300,1449,2019-08-13,937,1448,512,-1.965468763308483,linear,52,0,52,52,0,52,0.1,0.1015625,0.1015625,0.9232206558641818,9.232206558641817e-07,mle,-0.24656819153424653,1.2540621681525381,ok,True,True,extraction,
csi300,1450,2019-08-14,938,1449,512,-1.965468763308483,linear,52,0,52,52,0,52,0.1,0.1015625,0.1015625,0.9255295072639674,9.255295072639674e-07,mle,-0.24656819153424653,1.2540621681525381,ok,True,True,extraction,
csi300,1451,2019-08-15,939,1450,512,-1.9734480489404893,linear,52,0,52,52,0,52,0.1,0.1015625,0.1015625,0.922229026283556,9.222290262835559e-07,mle,-0.27118149172370426,1.2922545881910397,ok,True,True,extraction,
csi300,1452,2019-08-16,940,1451,512,-1.9734480489404893,linear,52,0,52,52,0,52,0.1,0.1015625,0.1015625,0.9295124831360608,9.295124831360608e-07,mle,-0.27118149172370426,1.2922545881910397,ok,True,True,extraction,
csi300,1453,2019-08-19,941,1452,512,-1.9734480489404893,linear,52,0,52,52,0,52,0.1,0.1015625,0.1015625,0.9447301516832791,9.447301516832791e-07,mle,-0.27118149172370426,1.2922545881910397,ok,True,True,extraction,
csi300,1454,2019-08-20,942,1453,512,-1.9734480489404893,linear,52,0,52,52,0,52,0.1,0.1015625,0.1015625,0.9460971722025004,9.460971722025004e-07,mle,-0.27118149172370426,1.2922545881910397,ok,True,True,extraction,
csi300,1455,2019-08-21,943,1454,512,-1.9734480489404893,linear,52,0,52,52,0,52,0.1,0.1015625,0.1015625,0.9454805088728416,9.454805088728416e-07,mle,-0.27118149172370426,1.2922545881910397,ok,True,True,extraction,
csi300,1456,2019-08-22,944,1455,512,-1.9734480489404893,linear,52,0,52,52,0,52,0.1,0.1015625,0.1015625,0.9481893968405213,9.481893968405212e-07,mle,-0.27118149172370426,1.2922545881910397,ok,True,True,extraction,
csi300,1457,2019-08-23,945,1456,512,-1.9734480489404893,linear,52,0,52,52,0,52,0.1,0.1015625,0.1015625,0.9537462815089011,9.53746281508901e-07,mle,-0.27118149172370426,1.2922545881910397,ok,True,True,extraction,
csi300,1458,2019-08-26,946,1457,512,-1.9734480489404893,linear,52,0,52,52,0,52,0.1,0.1015625,0.1015625,0.9537462815089011,9.53746281508901e-07,mle,-0.27118149172370426,1.2922545881910397,ok,True,True,extraction,
csi300,1459,2019-08-27,947,1458,512,-1.9734480489404893,linear,52,0,52,52,0,52,0.1,0.1015625,0.1015625,0.9488060601701802,9.488060601701801e-07,mle,-0.27118149172370426,1.2922545881910397,ok,True,True,extraction,
csi300,1460,2019-08-28,948,1459,512,-1.9734480489404893,linear,52,0,52,52,0,52,0.1,0.1015625,0.1015625,0.9460971722025004,9.460971722025004e-07,mle,-0.27118149172370426,1.2922545881910397,ok,True,True,extraction,
csi300,1461,2019-08-29,949,1460,512,-1.9734480489404893,linear,52,0,52,52,0,52,0.1,0.1015625,0.1015625,0.9477909279537629,9.477909279537628e-07,mle,-0.27118149172370426,1.2922545881910397,ok,True,True,extraction,
csi300,1462,2019-08-30,950,1461,512,-1.9734480489404893,linear,52,0,52,52,0,52,0.1,0.1015625,0.1015625,0.9504998159214426,9.504998159214426e-07,mle,-0.27118149172370426,1.2922545881910397,ok,True,True,extraction,
csi300,1463,2019-09-03,951,1462,512,-1.9734480489404893,linear,52,0,52,52,0,52,0.1,0.1015625,0.1015625,0.9504998159214426,9.504998159214426e-07,mle,-0.27118149172370426,1.2922545881910397,ok,True,True,extraction,
csi300,1464,2019-09-04,952,1463,512,-1.9734480489404893,linear,52,0,52,52,0,52,0.1,0.1015625,0.1015625,0.9504998159214426,9.504998159214426e-07,mle,-0.27118149172370426,1.2922545881910397,ok,True,True,extraction,
csi300,1465,2019-09-05,953,1464,512,-1.9734480489404893,linear,52,0,52,52,0,52,0.1,0.1015625,0.1015625,0.9560567005898222,9.560567005898222e-07,mle,-0.27118149172370426,1.2922545881910397,ok,True,True,extraction,
csi300,1466,2019-09-06,954,1465,512,-1.9734480489404893,linear,52,0,52,52,0,52,0.1,0.1015625,0.1015625,0.9593495422605942,9.593495422605941e-07,mle,-0.27118149172370426,1.2922545881910397,ok,True,True,extraction,
csi300,1467,2019-09-09,955,1466,512,-1.9734480489404893,linear,52,0,52,52,0,52,0.1,0.1015625,0.1015625,0.961755058754806,9.61755058754806e-07,mle,-0.27118149172370426,1.2922545881910397,ok,True,True,extraction,
csi300,1468,2019-09-10,956,1467,512,-1.9734480489404893,linear,52,0,52,52,0,52,0.1,0.1015625,0.1015625,0.961747993776924,9.61747993776924e-07,mle,-0.27118149172370426,1.2922545881910397,ok,True,True,extraction,
csi300,1469,2019-09-11,957,1468,512,-1.9734480489404893,linear,52,0,52,52,0,52,0.1,0.1015625,0.1015625,0.958462217084034,9.58462217084034e-07,mle,-0.27118149172370426,1.2922545881910397,ok,True,True,extraction,
csi300,1470,2019-09-12,958,1469,512,-1.9734480489404893,linear,52,0,52,52,0,52,0.1,0.1015625,0.1015625,0.9504998159214426,9.504998159214426e-07,mle,-0.27118149172370426,1.2922545881910397,ok,True,True,extraction,
csi300,1471,2019-09-13,959,1470,512,-1.9734480489404893,linear,52,0,52,52,0,52,0.1,0.1015625,0.1015625,0.958462217084034,9.58462217084034e-07,mle,-0.27118149172370426,1.2922545881910397,ok,True,True,extraction,
csi300,1472,2019-09-16,960,1471,512,-1.9734480489404893,linear,52,0,52,52,0,52,0.1,0.1015625,0.1015625,0.9603171659160736,9.603171659160736e-07,mle,-0.27118149172370426,1.2922545881910397,ok,True,True,extraction,
csi300,1473,2019-09-17,961,1472,512,-1.9734480489404893,linear,52,0,52,52,0,52,0.1,0.1015625,0.1015625,0.961747993776924,9.61747993776924e-07,mle,-0.27118149172370426,1.2922545881910397,ok,True,True,extraction,
csi300,1474,2019-09-18,962,1473,512,-1.9734480489404893,linear,52,0,52,52,0,52,0.1,0.1015625,0.1015625,0.961755058754806,9.61755058754806e-07,mle,-0.27118149172370426,1.2922545881910397,ok,True,True,extraction,
csi300,1475,2019-09-19,963,1474,512,-1.9734480489404893,linear,52,0,52,52,0,52,0.1,0.1015625,0.1015625,0.9593495422605942,9.593495422605941e-07,mle,-0.27118149172370426,1.2922545881910397,ok,True,True,extraction,
csi300,1476,2019-09-20,964,1475,512,-1.9734480489404893,linear,52,0,52,52,0,52,0.1,0.1015625,0.1015625,0.9593495422605942,9.593495422605941e-07,mle,-0.27118149172370426,1.2922545881910397,ok,True,True,extraction,
csi300,1477,2019-09-23,965,1476,512,-1.9734480489404893,linear,52,0,52,52,0,52,0.1,0.1015625,0.1015625,0.9599236039142041,9.59923603914204e-07,mle,-0.27118149172370426,1.2922545881910397,ok,True,True,extraction,
csi300,1478,2019-09-24,966,1477,512,-1.9734480489404893,linear,52,0,52,52,0,52,0.1,0.1015625,0.1015625,0.9599236039142041,9.59923603914204e-07,mle,-0.27118149172370426,1.2922545881910397,ok,True,True,extraction,
csi300,1479,2019-09-25,967,1478,512,-1.9734480489404893,linear,52,0,52,52,0,52,0.1,0.1015625,0.1015625,0.9599236039142041,9.59923603914204e-07,mle,-0.27118149172370426,1.2922545881910397,ok,True,True,extraction,
csi300,1480,2019-09-26,968,1479,512,-1.9734480489404893,linear,52,0,52,52,0,52,0.1,0.1015625,0.1015625,0.9599236039142041,9.59923603914204e-07,mle,-0.27118149172370426,1.2922545881910397,ok,True,True,extraction,
csi300,1481,2019-09-27,969,1480,512,-1.9734480489404893,linear,52,0,52,52,0,52,0.1,0.1015625,0.1015625,0.9641585637822687,9.641585637822688e-07,mle,-0.27118149172370426,1.2922545881910397,ok,True,True,extraction,
csi300,1482,2019-09-30,970,1481,512,-1.9734480489404893,linear,52,0,52,52,0,52,0.1,0.1015625,0.1015625,0.9683476657889509,9.68347665788951e-07,mle,-0.27118149172370426,1.2922545881910397,ok,True,True,extraction,
csi300,1483,2019-10-01,971,1482,512,-1.9734480489404893,linear,52,0,52,52,0,52,0.1,0.1015625,0.1015625,0.9683476657889509,9.68347665788951e-07,mle,-0.27118149172370426,1.2922545881910397,ok,True,True,extraction,
csi300,1484,2019-10-02,972,1483,512,-1.9734480489404893,linear,52,0,52,52,0,52,0.1,0.1015625,0.1015625,0.9683476657889509,9.68347665788951e-07,mle,-0.27118149172370426,1.2922545881910397,ok,True,True,extraction,
csi300,1485,2019-10-03,973,1484,512,-1.9734480489404893,linear,52,0,52,52,0,52,0.1,0.1015625,0.1015625,0.9683476657889509,9.68347665788951e-07,mle,-0.27118149172370426,1.2922545881910397,ok,True,True,extraction,
csi300,1486,2019-10-04,974,1485,512,-1.9734480489404893,linear,52,0,52,52,0,52,0.1,0.1015625,0.1015625,0.9683476657889509,9.68347665788951e-07,mle,-0.27118149172370426,1.2922545881910397,ok,True,True,extraction,
csi300,1487,2019-10-07,975,1486,512,-1.9734480489404893,linear,52,0,52,52,0,52,0.1,0.1015625,0.1015625,0.9683476657889509,9.68347665788951e-07,mle,-0.27118149172370426,1.2922545881910397,ok,True,True,extraction,
csi300,1488,2019-10-08,976,1487,512,-1.9734480489404893,linear,52,0,52,52,0,52,0.1,0.1015625,0.1015625,0.9683476657889509,9.68347665788951e-07,mle,-0.27118149172370426,1.2922545881910397,ok,True,True,extraction,
csi300,1489,2019-10-09,977,1488,512,-1.9734480489404893,linear,52,0,52,52,0,52,0.1,0.1015625,0.1015625,0.9641585637822687,9.641585637822688e-07,mle,-0.27118149172370426,1.2922545881910397,ok,True,True,extraction,
csi300,1490,2019-10-10,978,1489,512,-1.9734480489404893,linear,52,0,52,52,0,52,0.1,0.1015625,0.1015625,0.9683476657889509,9.68347665788951e-07,mle,-0.27118149172370426,1.2922545881910397,ok,True,True,extraction,
csi300,1491,2019-10-11,979,1490,512,-1.9734480489404893,linear,52,0,52,52,0,52,0.1,0.1015625,0.1015625,0.9674154564775824,9.674154564775824e-07,mle,-0.27118149172370426,1.2922545881910397,ok,True,True,extraction,
csi300,1492,2019-10-14,980,1491,512,-1.9734480489404893,linear,52,0,52,52,0,52,0.1,0.1015625,0.1015625,0.9665936232963133,9.665936232963131e-07,mle,-0.27118149172370426,1.2922545881910397,ok,True,True,extraction,
csi300,1493,2019-10-15,981,1492,512,-1.9734480489404893,linear,52,0,52,52,0,52,0.1,0.1015625,0.1015625,0.9665936232963133,9.665936232963131e-07,mle,-0.27118149172370426,1.2922545881910397,ok,True,True,extraction,
csi300,1494,2019-10-16,982,1493,512,-1.9734480489404893,linear,52,0,52,52,0,52,0.1,0.1015625,0.1015625,0.9693478176575862,9.69347817657586e-07,mle,-0.27118149172370426,1.2922545881910397,ok,True,True,extraction,
csi300,1495,2019-10-17,983,1494,512,-1.9734480489404893,linear,52,0,52,52,0,52,0.1,0.1015625,0.1015625,0.9698209729717943,9.698209729717942e-07,mle,-0.27118149172370426,1.2922545881910397,ok,True,True,extraction,
csi300,1496,2019-10-18,984,1495,512,-1.9734480489404893,linear,52,0,52,52,0,52,0.1,0.1015625,0.1015625,0.9698209729717943,9.698209729717942e-07,mle,-0.27118149172370426,1.2922545881910397,ok,True,True,extraction,
csi300,1497,2019-10-21,985,1496,512,-1.9734480489404893,linear,52,0,52,52,0,52,0.1,0.1015625,0.1015625,0.9732113902038324,9.732113902038324e-07,mle,-0.27118149172370426,1.2922545881910397,ok,True,True,extraction,
csi300,1498,2019-10-22,986,1497,512,-1.9734480489404893,linear,52,0,52,52,0,52,0.1,0.1015625,0.1015625,0.971753334151798,9.71753334151798e-07,mle,-0.27118149172370426,1.2922545881910397,ok,True,True,extraction,
csi300,1499,2019-10-23,987,1498,512,-1.9734480489404893,linear,52,0,52,52,0,52,0.1,0.1015625,0.1015625,0.971753334151798,9.71753334151798e-07,mle,-0.27118149172370426,1.2922545881910397,ok,True,True,extraction,
csi300,1500,2019-10-24,988,1499,512,-1.9734480489404893,linear,52,0,52,52,0,52,0.1,0.1015625,0.1015625,0.971753334151798,9.71753334151798e-07,mle,-0.27118149172370426,1.2922545881910397,ok,True,True,extraction,
csi300,1501,2019-10-25,989,1500,512,-1.9734480489404893,linear,52,0,52,52,0,52,0.1,0.1015625,0.1015625,0.9732113902038324,9.732113902038324e-07,mle,-0.27118149172370426,1.2922545881910397,ok,True,True,extraction,
csi300,1502,2019-10-28,990,1501,512,-1.9734480489404893,linear,52,0,52,52,0,52,0.1,0.1015625,0.1015625,0.9741731425350335,9.741731425350336e-07,mle,-0.27118149172370426,1.2922545881910397,ok,True,True,extraction,
csi300,1503,2019-10-29,991,1502,512,-1.9734480489404893,linear,52,0,52,52,0,52,0.1,0.1015625,0.1015625,0.9741731425350335,9.741731425350336e-07,mle,-0.27118149172370426,1.2922545881910397,ok,True,True,extraction,
csi300,1504,2019-10-30,992,1503,512,-1.9734480489404893,linear,52,0,52,52,0,52,0.1,0.1015625,0.1015625,0.976430066783539,9.76430066783539e-07,mle,-0.27118149172370426,1.2922545881910397,ok,True,True,extraction,
csi300,1505,2019-10-31,993,1504,512,-1.9734480489404893,linear,52,0,52,52,0,52,0.1,0.1015625,0.1015625,0.976430066783539,9.76430066783539e-07,mle,-0.27118149172370426,1.2922545881910397,ok,True,True,extraction,
csi300,1506,2019-11-01,994,1505,512,-1.9734480489404893,linear,52,0,52,52,0,52,0.1,0.1015625,0.1015625,0.976430066783539,9.76430066783539e-07,mle,-0.27118149172370426,1.2922545881910397,ok,True,True,extraction,
csi300,1507,2019-11-04,995,1506,512,-1.9734480489404893,linear,52,0,52,52,0,52,0.1,0.1015625,0.1015625,0.976430066783539,9.76430066783539e-07,mle,-0.27118149172370426,1.2922545881910397,ok,True,True,extraction,
csi300,1508,2019-11-05,996,1507,512,-1.9734480489404893,linear,52,0,52,52,0,52,0.1,0.1015625,0.1015625,0.976430066783539,9.76430066783539e-07,mle,-0.27118149172370426,1.2922545881910397,ok,True,True,extraction,
csi300,1509,2019-11-06,997,1508,512,-1.9734480489404893,linear,52,0,52,52,0,52,0.1,0.1015625,0.1015625,0.9778881228355736,9.778881228355735e-07,mle,-0.27118149172370426,1.2922545881910397,ok,True,True,extraction,
csi300,1510,2019-11-07,998,1509,512,-1.9734480489404893,linear,52,0,52,52,0,52,0.1,0.1015625,0.1015625,0.9741731425350335,9.741731425350336e-07,mle,-0.27118149172370426,1.2922545881910397,ok,True,True,extraction,
csi300,1511,2019-11-08,999,1510,512,-1.9734480489404893,linear,52,0,52,52,0,52,0.1,0.1015625,0.1015625,0.976430066783539,9.76430066783539e-07,mle,-0.27118149172370426,1.2922545881910397,ok,True,True,extraction,
csi300,1512,2019-11-11,1000,1511,512,-1.9734480489404893,linear,52,0,52,52,0,52,0.1,0.1015625,0.1015625,0.976430066783539,9.76430066783539e-07,mle,-0.27118149172370426,1.2922545881910397,ok,True,True,extraction,
csi300,1513,2019-11-12,1001,1512,512,-1.9734480489404893,linear,52,0,52,52,0,52,0.1,0.1015625,0.1015625,0.9745036506906605,9.745036506906603e-07,mle,-0.27118149172370426,1.2922545881910397,ok,True,True,extraction,
csi300,1514,2019-11-13,1002,1513,512,-1.9734480489404893,linear,52,0,52,52,0,52,0.1,0.1015625,0.1015625,0.9745036506906605,9.745036506906603e-07,mle,-0.27118149172370426,1.2922545881910397,ok,True,True,extraction,
csi300,1515,2019-11-14,1003,1514,512,-1.9734480489404893,linear,52,0,52,52,0,52,0.1,0.1015625,0.1015625,0.9686795032278785,9.686795032278786e-07,mle,-0.27118149172370426,1.2922545881910397,ok,True,True,extraction,
csi300,1516,2019-11-15,1004,1515,512,-1.9734480489404893,linear,52,0,52,52,0,52,0.1,0.1015625,0.1015625,0.9686795032278785,9.686795032278786e-07,mle,-0.27118149172370426,1.2922545881910397,ok,True,True,extraction,
csi300,1517,2019-11-18,1005,1516,512,-1.9734480489404893,linear,52,0,52,52,0,52,0.1,0.1015625,0.1015625,0.9686795032278785,9.686795032278786e-07,mle,-0.27118149172370426,1.2922545881910397,ok,True,True,extraction,
csi300,1518,2019-11-19,1006,1517,512,-1.9734480489404893,linear,52,0,52,52,0,52,0.1,0.1015625,0.1015625,0.9745036506906605,9.745036506906603e-07,mle,-0.27118149172370426,1.2922545881910397,ok,True,True,extraction,
csi300,1519,2019-11-20,1007,1518,512,-1.9734480489404893,linear,52,0,52,52,0,52,0.1,0.1015625,0.1015625,0.9647354786877879,9.647354786877878e-07,mle,-0.27118149172370426,1.2922545881910397,ok,True,True,extraction,
csi300,1520,2019-11-21,1008,1519,512,-1.9734480489404893,linear,52,0,52,52,0,52,0.1,0.1015625,0.1015625,0.9686795032278785,9.686795032278786e-07,mle,-0.27118149172370426,1.2922545881910397,ok,True,True,extraction,
csi300,1521,2019-11-22,1009,1520,512,-1.9734480489404893,linear,52,0,52,52,0,52,0.1,0.1015625,0.1015625,0.9686795032278785,9.686795032278786e-07,mle,-0.27118149172370426,1.2922545881910397,ok,True,True,extraction,
csi300,1522,2019-11-25,1010,1521,512,-1.9734480489404893,linear,52,0,52,52,0,52,0.1,0.1015625,0.1015625,0.9723650172333889,9.723650172333888e-07,mle,-0.27118149172370426,1.2922545881910397,ok,True,True,extraction,
csi300,1523,2019-11-26,1011,1522,512,-1.9734480489404893,linear,52,0,52,52,0,52,0.1,0.1015625,0.1015625,0.9686795032278785,9.686795032278786e-07,mle,-0.27118149172370426,1.2922545881910397,ok,True,True,extraction,
csi300,1524,2019-11-27,1012,1523,512,-1.9734480489404893,linear,52,0,52,52,0,52,0.1,0.1015625,0.1015625,0.9686795032278785,9.686795032278786e-07,mle,-0.27118149172370426,1.2922545881910397,ok,True,True,extraction,
csi300,1525,2019-11-29,1013,1524,512,-1.9734480489404893,linear,52,0,52,52,0,52,0.1,0.1015625,0.1015625,0.9686795032278785,9.686795032278786e-07,mle,-0.27118149172370426,1.2922545881910397,ok,True,True,extraction,
csi300,1526,2019-12-02,1014,1525,512,-1.9745506188534552,linear,52,0,52,52,0,52,0.1,0.1015625,0.1015625,0.9723650172333889,9.723650172333888e-07,mle,-0.26993045789554704,1.289538870818737,ok,True,True,extraction,
csi300,1527,2019-12-03,1015,1526,512,-1.9745506188534552,linear,52,0,52,52,0,52,0.1,0.1015625,0.1015625,0.9686795032278785,9.686795032278786e-07,mle,-0.26993045789554704,1.289538870818737,ok,True,True,extraction,
csi300,1528,2019-12-04,1016,1527,512,-1.9745506188534552,linear,52,0,52,52,0,52,0.1,0.1015625,0.1015625,0.9686795032278785,9.686795032278786e-07,mle,-0.26993045789554704,1.289538870818737,ok,True,True,extraction,
csi300,1529,2019-12-05,1017,1528,512,-1.9745506188534552,linear,52,0,52,52,0,52,0.1,0.1015625,0.1015625,0.9723650172333889,9.723650172333888e-07,mle,-0.26993045789554704,1.289538870818737,ok,True,True,extraction,
csi300,1530,2019-12-06,1018,1529,512,-1.9745506188534552,linear,52,0,52,52,0,52,0.1,0.1015625,0.1015625,0.9686795032278785,9.686795032278786e-07,mle,-0.26993045789554704,1.289538870818737,ok,True,True,extraction,
csi300,1531,2019-12-09,1019,1530,512,-1.9745506188534552,linear,52,0,52,52,0,52,0.1,0.1015625,0.1015625,0.9723650172333889,9.723650172333888e-07,mle,-0.26993045789554704,1.289538870818737,ok,True,True,extraction,
csi300,1532,2019-12-10,1020,1531,512,-1.9734480489404893,linear,52,0,52,52,0,52,0.1,0.1015625,0.1015625,0.9723650172333889,9.723650172333888e-07,mle,-0.2410818603025781,1.2414901696932792,ok,True,True,extraction,
csi300,1533,2019-12-11,1021,1532,512,-1.9734480489404893,linear,52,0,52,52,0,52,0.1,0.1015625,0.1015625,0.9745036506906605,9.745036506906603e-07,mle,-0.2410818603025781,1.2414901696932792,ok,True,True,extraction,
csi300,1534,2019-12-12,1022,1533,512,-1.9734480489404893,linear,52,0,52,52,0,52,0.1,0.1015625,0.1015625,0.9745036506906605,9.745036506906603e-07,mle,-0.2410818603025781,1.2414901696932792,ok,True,True,extraction,
csi300,1535,2019-12-13,1023,1534,512,-1.9734480489404893,linear,52,0,52,52,0,52,0.1,0.1015625,0.1015625,0.976430066783539,9.76430066783539e-07,mle,-0.2410818603025781,1.2414901696932792,ok,True,True,extraction,
csi300,1536,2019-12-16,1024,1535,512,-1.9734480489404893,linear,52,0,52,52,0,52,0.1,0.1015625,0.1015625,0.976430066783539,9.76430066783539e-07,mle,-0.2410818603025781,1.2414901696932792,ok,True,True,extraction,
csi300,1537,2019-12-17,1025,1536,512,-1.9734480489404893,linear,52,0,52,52,0,52,0.1,0.1015625,0.1015625,0.9778881228355736,9.778881228355735e-07,mle,-0.2410818603025781,1.2414901696932792,ok,True,True,extraction,
csi300,1538,2019-12-18,1026,1537,512,-1.9734480489404893,linear,52,0,52,52,0,52,0.1,0.1015625,0.1015625,0.9814908693022634,9.814908693022633e-07,mle,-0.2410818603025781,1.2414901696932792,ok,True,True,extraction,
csi300,1539,2019-12-19,1027,1538,512,-1.9734480489404893,linear,52,0,52,52,0,52,0.1,0.1015625,0.1015625,0.979797113551001,9.79797113551001e-07,mle,-0.2410818603025781,1.2414901696932792,ok,True,True,extraction,
csi300,1540,2019-12-20,1028,1539,512,-1.9734480489404893,linear,52,0,52,52,0,52,0.1,0.1015625,0.1015625,0.976430066783539,9.76430066783539e-07,mle,-0.2410818603025781,1.2414901696932792,ok,True,True,extraction,
csi300,1541,2019-12-23,1029,1540,512,-1.9734480489404893,linear,52,0,52,52,0,52,0.1,0.1015625,0.1015625,0.9778881228355736,9.778881228355735e-07,mle,-0.2410818603025781,1.2414901696932792,ok,True,True,extraction,
csi300,1542,2019-12-24,1030,1541,512,-1.9734480489404893,linear,52,0,52,52,0,52,0.1,0.1015625,0.1015625,0.976430066783539,9.76430066783539e-07,mle,-0.2410818603025781,1.2414901696932792,ok,True,True,extraction,
csi300,1543,2019-12-26,1031,1542,512,-1.9734480489404893,linear,52,0,52,52,0,52,0.1,0.1015625,0.1015625,0.9741731425350335,9.741731425350336e-07,mle,-0.2410818603025781,1.2414901696932792,ok,True,True,extraction,
csi300,1544,2019-12-27,1032,1543,512,-1.9734480489404893,linear,52,0,52,52,0,52,0.1,0.1015625,0.1015625,0.9741731425350335,9.741731425350336e-07,mle,-0.2410818603025781,1.2414901696932792,ok,True,True,extraction,
csi300,1545,2019-12-30,1033,1544,512,-1.9734480489404893,linear,52,0,52,52,0,52,0.1,0.1015625,0.1015625,0.9732113902038324,9.732113902038324e-07,mle,-0.2410818603025781,1.2414901696932792,ok,True,True,extraction,
csi300,1546,2019-12-31,1034,1545,512,-1.9734480489404893,linear,52,0,52,52,0,52,0.1,0.1015625,0.1015625,0.9741731425350335,9.741731425350336e-07,mle,-0.2410818603025781,1.2414901696932792,ok,True,True,extraction,
csi300,1547,2020-01-02,1035,1546,512,-1.9734480489404893,linear,52,0,52,52,0,52,0.1,0.1015625,0.1015625,0.9741731425350335,9.741731425350336e-07,mle,-0.2410818603025781,1.2414901696932792,ok,True,True,extraction,
csi300,1548,2020-01-03,1036,1547,512,-1.9734480489404893,linear,52,0,52,52,0,52,0.1,0.1015625,0.1015625,0.9844877948476005,9.844877948476005e-07,mle,-0.2410818603025781,1.2414901696932792,ok,True,True,extraction,
csi300,1549,2020-01-06,1037,1548,512,-1.9734480489404893,linear,52,0,52,52,0,52,0.1,0.1015625,0.1015625,0.9802936393297854,9.802936393297854e-07,mle,-0.2410818603025781,1.2414901696932792,ok,True,True,extraction,
csi300,1550,2020-01-07,1038,1549,512,-1.9734480489404893,linear,52,0,52,52,0,52,0.1,0.1015625,0.1015625,0.9802936393297854,9.802936393297854e-07,mle,-0.2410818603025781,1.2414901696932792,ok,True,True,extraction,
csi300,1551,2020-01-08,1039,1550,512,-1.9734480489404893,linear,52,0,52,52,0,52,0.1,0.1015625,0.1015625,0.9741731425350335,9.741731425350336e-07,mle,-0.2410818603025781,1.2414901696932792,ok,True,True,extraction,
csi300,1552,2020-01-09,1040,1551,512,-1.9734480489404893,linear,52,0,52,52,0,52,0.1,0.1015625,0.1015625,0.9741731425350335,9.741731425350336e-07,mle,-0.2410818603025781,1.2414901696932792,ok,True,True,extraction,
csi300,1553,2020-01-10,1041,1552,512,-1.9734480489404893,linear,52,0,52,52,0,52,0.1,0.1015625,0.1015625,0.9741731425350335,9.741731425350336e-07,mle,-0.2410818603025781,1.2414901696932792,ok,True,True,extraction,
csi300,1554,2020-01-13,1042,1553,512,-1.9734480489404893,linear,52,0,52,52,0,52,0.1,0.1015625,0.1015625,0.9693478176575862,9.69347817657586e-07,mle,-0.2410818603025781,1.2414901696932792,ok,True,True,extraction,
csi300,1555,2020-01-14,1043,1554,512,-1.9734480489404893,linear,52,0,52,52,0,52,0.1,0.1015625,0.1015625,0.9693478176575862,9.69347817657586e-07,mle,-0.2410818603025781,1.2414901696932792,ok,True,True,extraction,
csi300,1556,2020-01-15,1044,1555,512,-1.9734480489404893,linear,52,0,52,52,0,52,0.1,0.1015625,0.1015625,0.9713066544431695,9.713066544431695e-07,mle,-0.2410818603025781,1.2414901696932792,ok,True,True,extraction,
csi300,1557,2020-01-16,1045,1556,512,-1.9734480489404893,linear,52,0,52,52,0,52,0.1,0.1015625,0.1015625,0.9703674835989451,9.70367483598945e-07,mle,-0.2410818603025781,1.2414901696932792,ok,True,True,extraction,
csi300,1558,2020-01-17,1046,1557,512,-1.9734480489404893,linear,52,0,52,52,0,52,0.1,0.1015625,0.1015625,0.9703674835989451,9.70367483598945e-07,mle,-0.2410818603025781,1.2414901696932792,ok,True,True,extraction,
csi300,1559,2020-01-21,1047,1558,512,-1.9734480489404893,linear,52,0,52,52,0,52,0.1,0.1015625,0.1015625,0.9703674835989451,9.70367483598945e-07,mle,-0.2410818603025781,1.2414901696932792,ok,True,True,extraction,
csi300,1560,2020-01-22,1048,1559,512,-1.9745506188534552,linear,52,0,52,52,0,52,0.1,0.1015625,0.1015625,0.9732113902038324,9.732113902038324e-07,mle,-0.2869237536113396,1.321466235516342,ok,True,True,extraction,
csi300,1561,2020-01-23,1049,1560,512,-1.9745506188534552,linear,52,0,52,52,0,52,0.1,0.1015625,0.1015625,0.9728025431129895,9.728025431129896e-07,mle,-0.2869237536113396,1.321466235516342,ok,True,True,extraction,
csi300,1562,2020-01-24,1050,1561,512,-1.9752968362499792,linear,52,0,52,52,0,52,0.1,0.1015625,0.1015625,0.9741731425350335,9.741731425350336e-07,mle,-0.29397882268586173,1.3334503873042616,ok,True,True,extraction,
csi300,1563,2020-01-27,1051,1562,512,-1.9752968362499792,linear,52,0,52,52,0,52,0.1,0.1015625,0.1015625,0.976430066783539,9.76430066783539e-07,mle,-0.29397882268586173,1.3334503873042616,ok,True,True,extraction,
csi300,1564,2020-01-28,1052,1563,512,-1.9836562293334197,linear,52,0,52,52,0,52,0.1,0.1015625,0.1015625,0.9846475289646595,9.846475289646595e-07,mle,-0.30003219396286646,1.4166367205025843,ok,True,True,extraction,
csi300,1565,2020-01-29,1053,1564,512,-1.9836562293334197,linear,52,0,52,52,0,52,0.1,0.1015625,0.1015625,0.974922446938877,9.74922446938877e-07,mle,-0.30003219396286646,1.4166367205025843,ok,True,True,extraction,
csi300,1566,2020-01-30,1054,1565,512,-1.9836562293334197,linear,52,0,52,52,0,52,0.1,0.1015625,0.1015625,0.974922446938877,9.74922446938877e-07,mle,-0.30003219396286646,1.4166367205025843,ok,True,True,extraction,
csi300,1567,2020-01-31,1055,1566,512,-1.9836562293334197,linear,52,0,52,52,0,52,0.1,0.1015625,0.1015625,0.9686795032278785,9.686795032278786e-07,mle,-0.30003219396286646,1.4166367205025843,ok,True,True,extraction,
csi300,1568,2020-02-03,1056,1567,512,-1.9836562293334197,linear,52,0,52,52,0,52,0.1,0.1015625,0.1015625,0.9784396857086395,9.784396857086395e-07,mle,-0.30003219396286646,1.4166367205025843,ok,True,True,extraction,
csi300,1569,2020-02-04,1057,1568,512,-1.9836562293334197,linear,52,0,52,52,0,52,0.1,0.1015625,0.1015625,0.9784396857086395,9.784396857086395e-07,mle,-0.30003219396286646,1.4166367205025843,ok,True,True,extraction,
csi300,1570,2020-02-05,1058,1569,512,-1.9836562293334197,linear,52,0,52,52,0,52,0.1,0.1015625,0.1015625,0.9784396857086395,9.784396857086395e-07,mle,-0.30003219396286646,1.4166367205025843,ok,True,True,extraction,
csi300,1571,2020-02-06,1059,1570,512,-1.9836562293334197,linear,52,0,52,52,0,52,0.1,0.1015625,0.1015625,0.9784396857086395,9.784396857086395e-07,mle,-0.30003219396286646,1.4166367205025843,ok,True,True,extraction,
csi300,1572,2020-02-07,1060,1571,512,-1.9836562293334197,linear,52,0,52,52,0,52,0.1,0.1015625,0.1015625,0.9784396857086395,9.784396857086395e-07,mle,-0.30003219396286646,1.4166367205025843,ok,True,True,extraction,
csi300,1573,2020-02-10,1061,1572,512,-1.9836562293334197,linear,52,0,52,52,0,52,0.1,0.1015625,0.1015625,0.9784396857086395,9.784396857086395e-07,mle,-0.30003219396286646,1.4166367205025843,ok,True,True,extraction,
csi300,1574,2020-02-11,1062,1573,512,-1.9836562293334197,linear,52,0,52,52,0,52,0.1,0.1015625,0.1015625,0.9784396857086395,9.784396857086395e-07,mle,-0.30003219396286646,1.4166367205025843,ok,True,True,extraction,
csi300,1575,2020-02-12,1063,1574,512,-1.9752968362499792,linear,52,0,52,52,0,52,0.1,0.1015625,0.1015625,0.9784396857086395,9.784396857086395e-07,mle,-0.280756000936271,1.3853062390018769,ok,True,True,extraction,
csi300,1576,2020-02-13,1064,1575,512,-1.9752968362499792,linear,52,0,52,52,0,52,0.1,0.1015625,0.1015625,0.9882605154003002,9.882605154003e-07,mle,-0.280756000936271,1.3853062390018769,ok,True,True,extraction,
csi300,1577,2020-02-14,1065,1576,512,-1.9836562293334197,linear,52,0,52,52,0,52,0.1,0.1015625,0.1015625,0.9882605154003002,9.882605154003e-07,mle,-0.27841936367362463,1.3766065526615372,ok,True,True,extraction,
csi300,1578,2020-02-18,1066,1577,512,-1.9836562293334197,linear,52,0,52,52,0,52,0.1,0.1015625,0.1015625,0.9784396857086395,9.784396857086395e-07,mle,-0.27841936367362463,1.3766065526615372,ok,True,True,extraction,
csi300,1579,2020-02-19,1067,1578,512,-1.9836562293334197,linear,52,0,52,52,0,52,0.1,0.1015625,0.1015625,0.9882605154003002,9.882605154003e-07,mle,-0.27841936367362463,1.3766065526615372,ok,True,True,extraction,
csi300,1580,2020-02-20,1068,1579,512,-1.9836562293334197,linear,52,0,52,52,0,52,0.1,0.1015625,0.1015625,0.9871779232072391,9.87177923207239e-07,mle,-0.27841936367362463,1.3766065526615372,ok,True,True,extraction,
csi300,1581,2020-02-21,1069,1580,512,-1.9836562293334197,linear,52,0,52,52,0,52,0.1,0.1015625,0.1015625,0.9910883397571001,9.910883397571001e-07,mle,-0.27841936367362463,1.3766065526615372,ok,True,True,extraction,
csi300,1582,2020-02-24,1070,1581,512,-1.9752968362499792,linear,52,0,52,52,0,52,0.1,0.1015625,0.1015625,0.991732886547171,9.917328865471708e-07,mle,-0.223536187762681,1.257270988797426,ok,True,True,extraction,
csi300,1583,2020-02-25,1071,1582,512,-1.9752968362499792,linear,52,0,52,52,0,52,0.1,0.1015625,0.1015625,0.991732886547171,9.917328865471708e-07,mle,-0.18692705396418663,1.1951810642662921,ok,True,True,extraction,
csi300,1584,2020-02-26,1072,1583,512,-1.9745506188534552,linear,52,0,52,52,0,52,0.1,0.1015625,0.1015625,0.9806188923261141,9.806188923261141e-07,mle,-0.1584377058885128,1.1517152324339353,ok,True,True,extraction,
csi300,1585,2020-02-27,1073,1584,512,-1.9745506188534552,linear,52,0,52,52,0,52,0.1,0.1015625,0.1015625,0.9806188923261141,9.806188923261141e-07,mle,-0.1584377058885128,1.1517152324339353,ok,True,True,extraction,
csi300,1586,2020-02-28,1074,1585,512,-1.9745506188534552,linear,52,0,52,52,0,52,0.1,0.1015625,0.1015625,0.976838913874382,9.76838913874382e-07,mle,-0.1584377058885128,1.1517152324339353,ok,True,True,extraction,
csi300,1587,2020-03-02,1075,1586,512,-1.9745506188534552,linear,52,0,52,52,0,52,0.1,0.1015625,0.1015625,0.976430066783539,9.76430066783539e-07,mle,-0.1584377058885128,1.1517152324339353,ok,True,True,extraction,
csi300,1588,2020-03-03,1076,1587,512,-1.9745506188534552,linear,52,0,52,52,0,52,0.1,0.1015625,0.1015625,0.976430066783539,9.76430066783539e-07,mle,-0.1584377058885128,1.1517152324339353,ok,True,True,extraction,
csi300,1589,2020-03-04,1077,1588,512,-1.9745506188534552,linear,52,0,52,52,0,52,0.1,0.1015625,0.1015625,0.976430066783539,9.76430066783539e-07,mle,-0.1584377058885128,1.1517152324339353,ok,True,True,extraction,
csi300,1590,2020-03-05,1078,1589,512,-1.9734480489404893,linear,52,0,52,52,0,52,0.1,0.1015625,0.1015625,0.976838913874382,9.76838913874382e-07,mle,-0.15846871444216992,1.1523359207347221,ok,True,True,extraction,
csi300,1591,2020-03-06,1079,1590,512,-1.9734480489404893,linear,52,0,52,52,0,52,0.1,0.1015625,0.1015625,0.976838913874382,9.76838913874382e-07,mle,-0.15846871444216992,1.1523359207347221,ok,True,True,extraction,
csi300,1592,2020-03-09,1080,1591,512,-1.9745506188534552,linear,52,0,52,52,0,52,0.1,0.1015625,0.1015625,0.9799743455360432,9.799743455360433e-07,mle,-0.1672125560415072,1.1647600202445523,ok,True,True,extraction,
csi300,1593,2020-03-10,1081,1592,512,-1.9752968362499792,linear,52,0,52,52,0,52,0.1,0.1015625,0.1015625,0.9871779232072391,9.87177923207239e-07,mle,-0.19560353200426384,1.208827913055838,ok,True,True,extraction,
csi300,1594,2020-03-11,1082,1593,512,-1.9752968362499792,linear,52,0,52,52,0,52,0.1,0.1015625,0.1015625,0.9871779232072391,9.87177923207239e-07,mle,-0.19560353200426384,1.208827913055838,ok,True,True,extraction,
csi300,1595,2020-03-12,1083,1594,512,-1.9752968362499792,linear,52,0,52,52,0,52,0.1,0.1015625,0.1015625,0.9871779232072391,9.87177923207239e-07,mle,-0.19531544559615727,1.2080379261735466,ok,True,True,extraction,
csi300,1596,2020-03-13,1084,1595,512,-1.9836562293334197,linear,52,0,52,52,0,52,0.1,0.1015625,0.1015625,0.9871779232072391,9.87177923207239e-07,mle,-0.10807412174628894,1.2000834155159936,ok,True,True,extraction,
csi300,1597,2020-03-16,1085,1596,512,-1.9836562293334197,linear,52,0,52,52,0,52,0.1,0.1015625,0.1015625,0.9894151156398411,9.89415115639841e-07,mle,-0.10807412174628894,1.2000834155159936,ok,True,True,extraction,
csi300,1598,2020-03-17,1086,1597,512,-2.020870096648963,linear,52,0,52,52,0,52,0.1,0.1015625,0.1015625,0.9950639731901644,9.950639731901643e-07,mle,0.17708242896132761,1.0107512400747953,ok,True,True,extraction,
csi300,1599,2020-03-18,1087,1598,512,-2.020870096648963,linear,52,0,52,52,0,52,0.1,0.1015625,0.1015625,1.0031459489440198,1.0031459489440197e-06,mle,0.17708242896132761,1.0107512400747953,ok,True,True,extraction,
csi300,1600,2020-03-19,1088,1599,512,-2.041189879475839,linear,52,0,52,52,0,52,0.1,0.1015625,0.1015625,1.0031459489440198,1.0031459489440197e-06,mle,0.16795804799013503,1.0615043079506612,ok,True,True,extraction,
csi300,1601,2020-03-20,1089,1600,512,-2.041189879475839,linear,52,0,52,52,0,52,0.1,0.1015625,0.1015625,1.0055810084580639,1.0055810084580639e-06,mle,0.16795804799013503,1.0615043079506612,ok,True,True,extraction,
csi300,1602,2020-03-23,1090,1601,512,-2.0659408671608084,linear,52,0,52,52,0,52,0.1,0.1015625,0.1015625,1.006542760789265,1.006542760789265e-06,mle,0.15244376873206172,1.091454871250811,ok,True,True,extraction,
csi300,1603,2020-03-24,1091,1602,512,-2.0659408671608084,linear,52,0,52,52,0,52,0.1,0.1015625,0.1015625,1.0055810084580639,1.0055810084580639e-06,mle,0.15244376873206172,1.091454871250811,ok,True,True,extraction,
csi300,1604,2020-03-25,1092,1603,512,-2.0659408671608084,linear,52,0,52,52,0,52,0.1,0.1015625,0.1015625,1.006542760789265,1.006542760789265e-06,mle,0.15244376873206172,1.091454871250811,ok,True,True,extraction,
csi300,1605,2020-03-26,1093,1604,512,-2.0659408671608084,linear,52,0,52,52,0,52,0.1,0.1015625,0.1015625,1.0044264082185235,1.0044264082185234e-06,mle,0.15244376873206172,1.091454871250811,ok,True,True,extraction,
csi300,1606,2020-03-27,1094,1605,512,-2.0659408671608084,linear,52,0,52,52,0,52,0.1,0.1015625,0.1015625,1.0114408795664072,1.011440879566407e-06,mle,0.15244376873206172,1.091454871250811,ok,True,True,extraction,
csi300,1607,2020-03-30,1095,1606,512,-2.0696261605655843,linear,52,0,52,52,0,52,0.1,0.1015625,0.1015625,1.020484607651464,1.020484607651464e-06,mle,0.11822104925006192,1.1669519232275927,ok,True,True,extraction,
csi300,1608,2020-03-31,1096,1607,512,-2.0696261605655843,linear,52,0,52,52,0,52,0.1,0.1015625,0.1015625,1.0226666763401309,1.0226666763401307e-06,mle,0.11822104925006192,1.1669519232275927,ok,True,True,extraction,
csi300,1609,2020-04-01,1097,1608,512,-2.0696261605655843,linear,52,0,52,52,0,52,0.1,0.1015625,0.1015625,1.0261502980255617,1.0261502980255617e-06,mle,0.11822104925006192,1.1669519232275927,ok,True,True,extraction,
csi300,1610,2020-04-02,1098,1609,512,-2.0696261605655843,linear,52,0,52,52,0,52,0.1,0.1015625,0.1015625,1.0369740422812956,1.0369740422812957e-06,mle,0.11822104925006192,1.1669519232275927,ok,True,True,extraction,
csi300,1611,2020-04-03,1099,1610,512,-2.0696261605655843,linear,52,0,52,52,0,52,0.1,0.1015625,0.1015625,1.0350483651414435,1.0350483651414435e-06,mle,0.11822104925006192,1.1669519232275927,ok,True,True,extraction,
csi300,1612,2020-04-06,1100,1611,512,-2.0659408671608084,linear,52,0,52,52,0,52,0.1,0.1015625,0.1015625,1.0315180978865377,1.0315180978865376e-06,mle,0.13349415979541596,1.1404188289960626,ok,True,True,extraction,
csi300,1613,2020-04-07,1101,1612,512,-2.041189879475839,linear,52,0,52,52,0,52,0.1,0.1015625,0.1015625,1.021038980745375,1.021038980745375e-06,mle,0.13540040578083995,1.1463885409122931,ok,True,True,extraction,
csi300,1614,2020-04-08,1102,1613,512,-2.041189879475839,linear,52,0,52,52,0,52,0.1,0.1015625,0.1015625,1.0315180978865377,1.0315180978865376e-06,mle,0.13540040578083995,1.1463885409122931,ok,True,True,extraction,
csi300,1615,2020-04-09,1103,1614,512,-2.041189879475839,linear,52,0,52,52,0,52,0.1,0.1015625,0.1015625,1.021038980745375,1.021038980745375e-06,mle,0.13540040578083995,1.1463885409122931,ok,True,True,extraction,
csi300,1616,2020-04-13,1104,1615,512,-2.041189879475839,linear,52,0,52,52,0,52,0.1,0.1015625,0.1015625,1.0204420479765592,1.0204420479765593e-06,mle,0.13540040578083995,1.1463885409122931,ok,True,True,extraction,
csi300,1617,2020-04-14,1105,1616,512,-2.041189879475839,linear,52,0,52,52,0,52,0.1,0.1015625,0.1015625,1.0226666763401309,1.0226666763401307e-06,mle,0.13540040578083995,1.1463885409122931,ok,True,True,extraction,
csi300,1618,2020-04-15,1106,1617,512,-2.0199501636011914,linear,52,0,52,52,0,52,0.1,0.1015625,0.1015625,1.018435792614592,1.018435792614592e-06,mle,0.12796367268111658,1.1690044610908115,ok,True,True,extraction,
csi300,1619,2020-04-16,1107,1618,512,-2.041189879475839,linear,52,0,52,52,0,52,0.1,0.1015625,0.1015625,1.0226666763401309,1.0226666763401307e-06,mle,0.1471333124991791,1.126423041063354,ok,True,True,extraction,
csi300,1620,2020-04-17,1108,1619,512,-2.041189879475839,linear,52,0,52,52,0,52,0.1,0.1015625,0.1015625,1.0226666763401309,1.0226666763401307e-06,mle,0.1471333124991791,1.126423041063354,ok,True,True,extraction,
csi300,1621,2020-04-20,1109,1620,512,-2.041189879475839,linear,52,0,52,52,0,52,0.1,0.1015625,0.1015625,1.0261502980255617,1.0261502980255617e-06,mle,0.1471333124991791,1.126423041063354,ok,True,True,extraction,
csi300,1622,2020-04-21,1110,1621,512,-2.0199501636011914,linear,52,0,52,52,0,52,0.1,0.1015625,0.1015625,1.0226666763401309,1.0226666763401307e-06,mle,0.1458935805104606,1.137340396356133,ok,True,True,extraction,
csi300,1623,2020-04-22,1111,1622,512,-2.0199501636011914,linear,52,0,52,52,0,52,0.1,0.1015625,0.1015625,1.0347919735926292,1.0347919735926292e-06,mle,0.1458935805104606,1.137340396356133,ok,True,True,extraction,
csi300,1624,2020-04-23,1112,1623,512,-2.0199501636011914,linear,52,0,52,52,0,52,0.1,0.1015625,0.1015625,1.0347919735926292,1.0347919735926292e-06,mle,0.1458935805104606,1.137340396356133,ok,True,True,extraction,
csi300,1625,2020-04-24,1113,1624,512,-2.0199501636011914,linear,52,0,52,52,0,52,0.1,0.1015625,0.1015625,1.0347919735926292,1.0347919735926292e-06,mle,0.1458935805104606,1.137340396356133,ok,True,True,extraction,
csi300,1626,2020-04-27,1114,1625,512,-2.0199501636011914,linear,52,0,52,52,0,52,0.1,0.1015625,0.1015625,1.0347919735926292,1.0347919735926292e-06,mle,0.1458935805104606,1.137340396356133,ok,True,True,extraction,
csi300,1627,2020-04-28,1115,1626,512,-2.0199501636011914,linear,52,0,52,52,0,52,0.1,0.1015625,0.1015625,1.0344264545136634,1.0344264545136635e-06,mle,0.1458935805104606,1.137340396356133,ok,True,True,extraction,
csi300,1628,2020-04-29,1116,1627,512,-2.0199501636011914,linear,52,0,52,52,0,52,0.1,0.1015625,0.1015625,1.0199959506754783,1.0199959506754782e-06,mle,0.1458935805104606,1.137340396356133,ok,True,True,extraction,
csi300,1629,2020-04-30,1117,1628,512,-2.0199501636011914,linear,52,0,52,52,0,52,0.1,0.1015625,0.1015625,1.0169399039447717,1.0169399039447716e-06,mle,0.1458935805104606,1.137340396356133,ok,True,True,extraction,
csi300,1630,2020-05-01,1118,1629,512,-2.0199501636011914,linear,52,0,52,52,0,52,0.1,0.1015625,0.1015625,1.0261502980255617,1.0261502980255617e-06,mle,0.1458935805104606,1.137340396356133,ok,True,True,extraction,
csi300,1631,2020-05-04,1119,1630,512,-2.041189879475839,linear,52,0,52,52,0,52,0.1,0.1015625,0.1015625,1.0369740422812956,1.0369740422812957e-06,mle,0.1288675826715352,1.1657351840053245,ok,True,True,extraction,
csi300,1632,2020-05-05,1120,1631,512,-2.041189879475839,linear,52,0,52,52,0,52,0.1,0.1015625,0.1015625,1.0261502980255617,1.0261502980255617e-06,mle,0.1288675826715352,1.1657351840053245,ok,True,True,extraction,
csi300,1633,2020-05-06,1121,1632,512,-2.041189879475839,linear,52,0,52,52,0,52,0.1,0.1015625,0.1015625,1.0310714181779093,1.0310714181779091e-06,mle,0.1288675826715352,1.1657351840053245,ok,True,True,extraction,
csi300,1634,2020-05-07,1122,1633,512,-2.041189879475839,linear,52,0,52,52,0,52,0.1,0.1015625,0.1015625,1.0310714181779093,1.0310714181779091e-06,mle,0.1288675826715352,1.1657351840053245,ok,True,True,extraction,
csi300,1635,2020-05-08,1123,1634,512,-2.041189879475839,linear,52,0,52,52,0,52,0.1,0.1015625,0.1015625,1.0225348694151948,1.0225348694151947e-06,mle,0.1288675826715352,1.1657351840053245,ok,True,True,extraction,
csi300,1636,2020-05-11,1124,1635,512,-2.041189879475839,linear,52,0,52,52,0,52,0.1,0.1015625,0.1015625,1.0226828523717804,1.0226828523717804e-06,mle,0.1288675826715352,1.1657351840053245,ok,True,True,extraction,
csi300,1637,2020-05-12,1125,1636,512,-2.041189879475839,linear,52,0,52,52,0,52,0.1,0.1015625,0.1015625,1.0238413244798563,1.0238413244798563e-06,mle,0.1288675826715352,1.1657351840053245,ok,True,True,extraction,
csi300,1638,2020-05-13,1126,1637,512,-2.041189879475839,linear,52,0,52,52,0,52,0.1,0.1015625,0.1015625,1.0238413244798563,1.0238413244798563e-06,mle,0.1288675826715352,1.1657351840053245,ok,True,True,extraction,
csi300,1639,2020-05-14,1127,1638,512,-2.041189879475839,linear,52,0,52,52,0,52,0.1,0.1015625,0.1015625,1.0238413244798563,1.0238413244798563e-06,mle,0.1288675826715352,1.1657351840053245,ok,True,True,extraction,
csi300,1640,2020-05-15,1128,1639,512,-2.041189879475839,linear,52,0,52,52,0,52,0.1,0.1015625,0.1015625,1.0184886968539653,1.0184886968539652e-06,mle,0.1288675826715352,1.1657351840053245,ok,True,True,extraction,
csi300,1641,2020-05-18,1129,1640,512,-2.041189879475839,linear,52,0,52,52,0,52,0.1,0.1015625,0.1015625,1.0238413244798563,1.0238413244798563e-06,mle,0.1288675826715352,1.1657351840053245,ok,True,True,extraction,
csi300,1642,2020-05-19,1130,1641,512,-2.041189879475839,linear,52,0,52,52,0,52,0.1,0.1015625,0.1015625,1.0286878617185935,1.0286878617185934e-06,mle,0.1288675826715352,1.1657351840053245,ok,True,True,extraction,
csi300,1643,2020-05-20,1131,1642,512,-2.041189879475839,linear,52,0,52,52,0,52,0.1,0.1015625,0.1015625,1.0244937062007784,1.0244937062007783e-06,mle,0.1288675826715352,1.1657351840053245,ok,True,True,extraction,
csi300,1644,2020-05-21,1132,1643,512,-2.041189879475839,linear,52,0,52,52,0,52,0.1,0.1015625,0.1015625,1.0244937062007784,1.0244937062007783e-06,mle,0.1288675826715352,1.1657351840053245,ok,True,True,extraction,
csi300,1645,2020-05-22,1133,1644,512,-2.0537964928579195,linear,52,0,52,52,0,52,0.1,0.1015625,0.1015625,1.0323789621777586,1.0323789621777585e-06,mle,0.13856695569109018,1.1432033760414657,ok,True,True,extraction,
csi300,1646,2020-05-26,1134,1645,512,-2.0537964928579195,linear,52,0,52,52,0,52,0.1,0.1015625,0.1015625,1.040060599742286,1.040060599742286e-06,mle,0.13856695569109018,1.1432033760414657,ok,True,True,extraction,
csi300,1647,2020-05-27,1135,1646,512,-2.0537964928579195,linear,52,0,52,52,0,52,0.1,0.1015625,0.1015625,1.0233352340927024,1.0233352340927024e-06,mle,0.13856695569109018,1.1432033760414657,ok,True,True,extraction,
csi300,1648,2020-05-28,1136,1647,512,-2.0537964928579195,linear,52,0,52,52,0,52,0.1,0.1015625,0.1015625,1.032675529989913,1.032675529989913e-06,mle,0.13856695569109018,1.1432033760414657,ok,True,True,extraction,
csi300,1649,2020-05-29,1137,1648,512,-2.0537964928579195,linear,52,0,52,52,0,52,0.1,0.1015625,0.1015625,1.0261502980255617,1.0261502980255617e-06,mle,0.13856695569109018,1.1432033760414657,ok,True,True,extraction,
csi300,1650,2020-06-01,1138,1649,512,-2.0537964928579195,linear,52,0,52,52,0,52,0.1,0.1015625,0.1015625,1.032675529989913,1.032675529989913e-06,mle,0.13856695569109018,1.1432033760414657,ok,True,True,extraction,
csi300,1651,2020-06-02,1139,1650,512,-2.0537964928579195,linear,52,0,52,52,0,52,0.1,0.1015625,0.1015625,1.0225348694151948,1.0225348694151947e-06,mle,0.13856695569109018,1.1432033760414657,ok,True,True,extraction,
csi300,1652,2020-06-03,1140,1651,512,-2.0537964928579195,linear,52,0,52,52,0,52,0.1,0.1015625,0.1015625,1.0233352340927024,1.0233352340927024e-06,mle,0.13856695569109018,1.1432033760414657,ok,True,True,extraction,
csi300,1653,2020-06-04,1141,1652,512,-2.0537964928579195,linear,52,0,52,52,0,52,0.1,0.1015625,0.1015625,1.0225348694151948,1.0225348694151947e-06,mle,0.13856695569109018,1.1432033760414657,ok,True,True,extraction,
csi300,1654,2020-06-05,1142,1653,512,-2.0537964928579195,linear,52,0,52,52,0,52,0.1,0.1015625,0.1015625,1.0233352340927024,1.0233352340927024e-06,mle,0.13856695569109018,1.1432033760414657,ok,True,True,extraction,
csi300,1655,2020-06-08,1143,1654,512,-2.0537964928579195,linear,52,0,52,52,0,52,0.1,0.1015625,0.1015625,1.0244937062007784,1.0244937062007783e-06,mle,0.13856695569109018,1.1432033760414657,ok,True,True,extraction,
csi300,1656,2020-06-09,1144,1655,512,-2.0537964928579195,linear,52,0,52,52,0,52,0.1,0.1015625,0.1015625,1.0286878617185935,1.0286878617185934e-06,mle,0.13856695569109018,1.1432033760414657,ok,True,True,extraction,
csi300,1657,2020-06-10,1145,1656,512,-2.0537964928579195,linear,52,0,52,52,0,52,0.1,0.1015625,0.1015625,1.0286878617185935,1.0286878617185934e-06,mle,0.13856695569109018,1.1432033760414657,ok,True,True,extraction,
csi300,1658,2020-06-11,1146,1657,512,-2.0537964928579195,linear,52,0,52,52,0,52,0.1,0.1015625,0.1015625,1.0294258831463097,1.0294258831463097e-06,mle,0.13856695569109018,1.1432033760414657,ok,True,True,extraction,
csi300,1659,2020-06-12,1147,1658,512,-2.067140526382721,linear,52,0,52,52,0,52,0.1,0.1015625,0.1015625,1.0338059705721379,1.0338059705721377e-06,mle,0.1291927525241338,1.1545213201318272,ok,True,True,extraction,
csi300,1660,2020-06-15,1148,1659,512,-2.067140526382721,linear,52,0,52,52,0,52,0.1,0.1015625,0.1015625,1.0393751481304356,1.0393751481304357e-06,mle,0.1291927525241338,1.1545213201318272,ok,True,True,extraction,
csi300,1661,2020-06-16,1149,1660,512,-2.067140526382721,linear,52,0,52,52,0,52,0.1,0.1015625,0.1015625,1.0393751481304356,1.0393751481304357e-06,mle,0.1291927525241338,1.1545213201318272,ok,True,True,extraction,
csi300,1662,2020-06-17,1150,1661,512,-2.067140526382721,linear,52,0,52,52,0,52,0.1,0.1015625,0.1015625,1.0393751481304356,1.0393751481304357e-06,mle,0.1291927525241338,1.1545213201318272,ok,True,True,extraction,
csi300,1663,2020-06-18,1151,1662,512,-2.067140526382721,linear,52,0,52,52,0,52,0.1,0.1015625,0.1015625,1.0393751481304356,1.0393751481304357e-06,mle,0.1291927525241338,1.1545213201318272,ok,True,True,extraction,
csi300,1664,2020-06-19,1152,1663,512,-2.067140526382721,linear,52,0,52,52,0,52,0.1,0.1015625,0.1015625,1.0393751481304356,1.0393751481304357e-06,mle,0.1291927525241338,1.1545213201318272,ok,True,True,extraction,
csi300,1665,2020-06-22,1153,1664,512,-2.067140526382721,linear,52,0,52,52,0,52,0.1,0.1015625,0.1015625,1.0306601276442913,1.0306601276442912e-06,mle,0.1291927525241338,1.1545213201318272,ok,True,True,extraction,
csi300,1666,2020-06-23,1154,1665,512,-2.067140526382721,linear,52,0,52,52,0,52,0.1,0.1015625,0.1015625,1.0309485994798437,1.0309485994798437e-06,mle,0.1291927525241338,1.1545213201318272,ok,True,True,extraction,
csi300,1667,2020-06-24,1155,1666,512,-2.067140526382721,linear,52,0,52,52,0,52,0.1,0.1015625,0.1015625,1.0309485994798437,1.0309485994798437e-06,mle,0.1291927525241338,1.1545213201318272,ok,True,True,extraction,
csi300,1668,2020-06-25,1156,1667,512,-2.067140526382721,linear,52,0,52,52,0,52,0.1,0.1015625,0.1015625,1.0321448360967214,1.0321448360967213e-06,mle,0.1291927525241338,1.1545213201318272,ok,True,True,extraction,
csi300,1669,2020-06-26,1157,1668,512,-2.067140526382721,linear,52,0,52,52,0,52,0.1,0.1015625,0.1015625,1.0306601276442913,1.0306601276442912e-06,mle,0.1291927525241338,1.1545213201318272,ok,True,True,extraction,
csi300,1670,2020-06-29,1158,1669,512,-2.067140526382721,linear,52,0,52,52,0,52,0.1,0.1015625,0.1015625,1.0306601276442913,1.0306601276442912e-06,mle,0.1291927525241338,1.1545213201318272,ok,True,True,extraction,
csi300,1671,2020-06-30,1159,1670,512,-2.067140526382721,linear,52,0,52,52,0,52,0.1,0.1015625,0.1015625,1.0252699786788249,1.0252699786788248e-06,mle,0.1291927525241338,1.1545213201318272,ok,True,True,extraction,
csi300,1672,2020-07-01,1160,1671,512,-2.067140526382721,linear,52,0,52,52,0,52,0.1,0.1015625,0.1015625,1.0210706459271448,1.0210706459271447e-06,mle,0.1291927525241338,1.1545213201318272,ok,True,True,extraction,
csi300,1673,2020-07-02,1161,1672,512,-2.0537964928579195,linear,52,0,52,52,0,52,0.1,0.1015625,0.1015625,1.0233114849513514,1.0233114849513514e-06,mle,0.1539421078286953,1.1099168473422636,ok,True,True,extraction,
csi300,1674,2020-07-06,1162,1673,512,-2.0537964928579195,linear,52,0,52,52,0,52,0.1,0.1015625,0.1015625,1.0252699786788249,1.0252699786788248e-06,mle,0.1539421078286953,1.1099168473422636,ok,True,True,extraction,
csi300,1675,2020-07-07,1163,1674,512,-2.0537964928579195,linear,52,0,52,52,0,52,0.1,0.1015625,0.1015625,1.0248268214242362,1.0248268214242361e-06,mle,0.1539421078286953,1.1099168473422636,ok,True,True,extraction,
csi300,1676,2020-07-08,1164,1675,512,-2.067140526382721,linear,52,0,52,52,0,52,0.1,0.1015625,0.1015625,1.0260439892773796,1.0260439892773796e-06,mle,0.16095165794281213,1.0923733515650706,ok,True,True,extraction,
csi300,1677,2020-07-09,1165,1676,512,-2.0537964928579195,linear,52,0,52,52,0,52,0.1,0.1015625,0.1015625,1.0256085497531329,1.0256085497531327e-06,mle,0.15904040122768248,1.1015341295265884,ok,True,True,extraction,
csi300,1678,2020-07-10,1166,1677,512,-2.0537964928579195,linear,52,0,52,52,0,52,0.1,0.1015625,0.1015625,1.0240854955499064,1.0240854955499064e-06,mle,0.15904040122768248,1.1015341295265884,ok,True,True,extraction,
csi300,1679,2020-07-13,1167,1678,512,-2.041189879475839,linear,52,0,52,52,0,52,0.1,0.1015625,0.1015625,1.0240854955499064,1.0240854955499064e-06,mle,0.18016535883943774,1.0703483696583125,ok,True,True,extraction,
csi300,1680,2020-07-14,1168,1679,512,-2.041189879475839,linear,52,0,52,52,0,52,0.1,0.1015625,0.1015625,1.0252316329280284,1.0252316329280285e-06,mle,0.18016535883943774,1.0703483696583125,ok,True,True,extraction,
csi300,1681,2020-07-15,1169,1680,512,-2.041189879475839,linear,52,0,52,52,0,52,0.1,0.1015625,0.1015625,1.0240854955499064,1.0240854955499064e-06,mle,0.18016535883943774,1.0703483696583125,ok,True,True,extraction,
csi300,1682,2020-07-16,1170,1681,512,-2.0199501636011914,linear,52,0,52,52,0,52,0.1,0.1015625,0.1015625,1.0240854955499064,1.0240854955499064e-06,mle,0.20343577803268756,1.0258660283817778,ok,True,True,extraction,
csi300,1683,2020-07-17,1171,1682,512,-2.041189879475839,linear,52,0,52,52,0,52,0.1,0.1015625,0.1015625,1.0252316329280284,1.0252316329280285e-06,mle,0.18184758460838327,1.0778147132826,ok,True,True,extraction,
csi300,1684,2020-07-20,1172,1683,512,-2.041189879475839,linear,52,0,52,52,0,52,0.1,0.1015625,0.1015625,1.0153951894408029,1.0153951894408028e-06,mle,0.18184758460838327,1.0778147132826,ok,True,True,extraction,
csi300,1685,2020-07-21,1173,1684,512,-2.041189879475839,linear,52,0,52,52,0,52,0.1,0.1015625,0.1015625,1.0255187895367566,1.0255187895367566e-06,mle,0.18184758460838327,1.0778147132826,ok,True,True,extraction,
csi300,1686,2020-07-22,1174,1685,512,-2.041189879475839,linear,52,0,52,52,0,52,0.1,0.1015625,0.1015625,1.0240854955499064,1.0240854955499064e-06,mle,0.18184758460838327,1.0778147132826,ok,True,True,extraction,
csi300,1687,2020-07-23,1175,1686,512,-2.041189879475839,linear,52,0,52,52,0,52,0.1,0.1015625,0.1015625,1.0240854955499064,1.0240854955499064e-06,mle,0.18184758460838327,1.0778147132826,ok,True,True,extraction,
csi300,1688,2020-07-24,1176,1687,512,-2.0199501636011914,linear,52,0,52,52,0,52,0.1,0.1015625,0.1015625,1.0174561560923379,1.0174561560923378e-06,mle,0.2028153721500733,1.0463164792356157,ok,True,True,extraction,
csi300,1689,2020-07-27,1177,1688,512,-2.041189879475839,linear,52,0,52,52,0,52,0.1,0.1015625,0.1015625,1.0234216501782392,1.023421650178239e-06,mle,0.18672122599436747,1.066775059359451,ok,True,True,extraction,
csi300,1690,2020-07-28,1178,1689,512,-2.041189879475839,linear,52,0,52,52,0,52,0.1,0.1015625,0.1015625,1.0174561560923379,1.0174561560923378e-06,mle,0.18672122599436747,1.066775059359451,ok,True,True,extraction,
csi300,1691,2020-07-29,1179,1690,512,-2.041189879475839,linear,52,0,52,52,0,52,0.1,0.1015625,0.1015625,1.0174561560923379,1.0174561560923378e-06,mle,0.18672122599436747,1.066775059359451,ok,True,True,extraction,
csi300,1692,2020-07-30,1180,1691,512,-2.041189879475839,linear,52,0,52,52,0,52,0.1,0.1015625,0.1015625,1.019723518111037,1.0197235181110368e-06,mle,0.18672122599436747,1.066775059359451,ok,True,True,extraction,
csi300,1693,2020-07-31,1181,1692,512,-2.041189879475839,linear,52,0,52,52,0,52,0.1,0.1015625,0.1015625,1.030108517793686,1.030108517793686e-06,mle,0.18672122599436747,1.066775059359451,ok,True,True,extraction,
csi300,1694,2020-08-03,1182,1693,512,-2.041189879475839,linear,52,0,52,52,0,52,0.1,0.1015625,0.1015625,1.0270450088418572,1.0270450088418572e-06,mle,0.18672122599436747,1.066775059359451,ok,True,True,extraction,
csi300,1695,2020-08-04,1183,1694,512,-2.041189879475839,linear,52,0,52,52,0,52,0.1,0.1015625,0.1015625,1.0270450088418572,1.0270450088418572e-06,mle,0.18672122599436747,1.066775059359451,ok,True,True,extraction,
csi300,1696,2020-08-05,1184,1695,512,-2.041189879475839,linear,52,0,52,52,0,52,0.1,0.1015625,0.1015625,1.0270450088418572,1.0270450088418572e-06,mle,0.18672122599436747,1.066775059359451,ok,True,True,extraction,
csi300,1697,2020-08-06,1185,1696,512,-2.041189879475839,linear,52,0,52,52,0,52,0.1,0.1015625,0.1015625,1.0232036109756621,1.023203610975662e-06,mle,0.18672122599436747,1.066775059359451,ok,True,True,extraction,
csi300,1698,2020-08-07,1186,1697,512,-2.041189879475839,linear,52,0,52,52,0,52,0.1,0.1015625,0.1015625,1.0232036109756621,1.023203610975662e-06,mle,0.18672122599436747,1.066775059359451,ok,True,True,extraction,
csi300,1699,2020-08-10,1187,1698,512,-2.041189879475839,linear,52,0,52,52,0,52,0.1,0.1015625,0.1015625,1.0232036109756621,1.023203610975662e-06,mle,0.19196596045569875,1.0583599135003516,ok,True,True,extraction,
csi300,1700,2020-08-11,1188,1699,512,-2.041189879475839,linear,52,0,52,52,0,52,0.1,0.1015625,0.1015625,1.0269301436837708,1.0269301436837708e-06,mle,0.19196596045569875,1.0583599135003516,ok,True,True,extraction,
csi300,1701,2020-08-12,1189,1700,512,-2.041189879475839,linear,52,0,52,52,0,52,0.1,0.1015625,0.1015625,1.0307715415499659,1.0307715415499657e-06,mle,0.19196596045569875,1.0583599135003516,ok,True,True,extraction,
csi300,1702,2020-08-13,1190,1701,512,-2.041189879475839,linear,52,0,52,52,0,52,0.1,0.1015625,0.1015625,1.0269301436837708,1.0269301436837708e-06,mle,0.19196596045569875,1.0583599135003516,ok,True,True,extraction,
csi300,1703,2020-08-14,1191,1702,512,-2.0199501636011914,linear,52,0,52,52,0,52,0.1,0.1015625,0.1015625,1.0213477535572044,1.0213477535572043e-06,mle,0.21612715778494235,1.0144980777984574,ok,True,True,extraction,
csi300,1704,2020-08-17,1192,1703,512,-1.9752968362499792,linear,52,0,52,52,0,52,0.1,0.1015625,0.1015625,1.0183838201479052,1.0183838201479051e-06,mle,0.16762099926845375,1.106724720153828,ok,True,True,extraction,
csi300,1705,2020-08-18,1193,1704,512,-1.9752968362499792,linear,52,0,52,52,0,52,0.1,0.1015625,0.1015625,1.018629412773556,1.018629412773556e-06,mle,0.16762099926845375,1.106724720153828,ok,True,True,extraction,
csi300,1706,2020-08-19,1194,1705,512,-1.9752968362499792,linear,52,0,52,52,0,52,0.1,0.1015625,0.1015625,1.0070621511021023,1.0070621511021023e-06,mle,0.16762099926845375,1.106724720153828,ok,True,True,extraction,
csi300,1707,2020-08-20,1195,1706,512,-1.9752968362499792,linear,52,0,52,52,0,52,0.1,0.1015625,0.1015625,1.0070621511021023,1.0070621511021023e-06,mle,0.16762099926845375,1.106724720153828,ok,True,True,extraction,
csi300,1708,2020-08-21,1196,1707,512,-1.9745506188534552,linear,52,0,52,52,0,52,0.1,0.1015625,0.1015625,0.997670289173035,9.97670289173035e-07,mle,0.18653000984631699,1.0772617973190777,ok,True,True,extraction,
csi300,1709,2020-08-24,1197,1708,512,-1.9745506188534552,linear,52,0,52,52,0,52,0.1,0.1015625,0.1015625,0.9968394353056637,9.968394353056636e-07,mle,0.18653000984631699,1.0772617973190777,ok,True,True,extraction,
csi300,1710,2020-08-25,1198,1709,512,-1.9745506188534552,linear,52,0,52,52,0,52,0.1,0.1015625,0.1015625,0.9963640880361521,9.96364088036152e-07,mle,0.18653000984631699,1.0772617973190777,ok,True,True,extraction,
csi300,1711,2020-08-26,1199,1710,512,-1.9745506188534552,linear,52,0,52,52,0,52,0.1,0.1015625,0.1015625,0.9963640880361521,9.96364088036152e-07,mle,0.18653000984631699,1.0772617973190777,ok,True,True,extraction,
csi300,1712,2020-08-27,1200,1711,512,-1.9745506188534552,linear,52,0,52,52,0,52,0.1,0.1015625,0.1015625,0.9972379405142993,9.972379405142993e-07,mle,0.18653000984631699,1.0772617973190777,ok,True,True,extraction,
csi300,1713,2020-08-28,1201,1712,512,-1.9732651148044575,linear,52,0,52,52,0,52,0.1,0.1015625,0.1015625,0.9963640880361521,9.96364088036152e-07,mle,0.23769121623997522,0.9789809239829017,ok,True,True,extraction,
csi300,1714,2020-08-31,1202,1713,512,-1.9732651148044575,linear,52,0,52,52,0,52,0.1,0.1015625,0.1015625,0.9963640880361521,9.96364088036152e-07,mle,0.23769121623997522,0.9789809239829017,ok,True,True,extraction,
csi300,1715,2020-09-01,1203,1714,512,-1.9732651148044575,linear,52,0,52,52,0,52,0.1,0.1015625,0.1015625,0.9972379405142993,9.972379405142993e-07,mle,0.23769121623997522,0.9789809239829017,ok,True,True,extraction,
csi300,1716,2020-09-02,1204,1715,512,-1.9732651148044575,linear,52,0,52,52,0,52,0.1,0.1015625,0.1015625,0.997670289173035,9.97670289173035e-07,mle,0.23769121623997522,0.9789809239829017,ok,True,True,extraction,
csi300,1717,2020-09-03,1205,1716,512,-1.9732651148044575,linear,52,0,52,52,0,52,0.1,0.1015625,0.1015625,0.9972379405142993,9.972379405142993e-07,mle,0.23769121623997522,0.9789809239829017,ok,True,True,extraction,
csi300,1718,2020-09-04,1206,1717,512,-1.9732651148044575,linear,52,0,52,52,0,52,0.1,0.1015625,0.1015625,0.9972379405142993,9.972379405142993e-07,mle,0.23769121623997522,0.9789809239829017,ok,True,True,extraction,
csi300,1719,2020-09-08,1207,1718,512,-1.9732651148044575,linear,52,0,52,52,0,52,0.1,0.1015625,0.1015625,0.9963640880361521,9.96364088036152e-07,mle,0.23769121623997522,0.9789809239829017,ok,True,True,extraction,
csi300,1720,2020-09-09,1208,1719,512,-1.9745506188534552,linear,52,0,52,52,0,52,0.1,0.1015625,0.1015625,0.9963640880361521,9.96364088036152e-07,mle,0.20025051510481015,1.0339679579080825,ok,True,True,extraction,
csi300,1721,2020-09-10,1209,1720,512,-1.9745506188534552,linear,52,0,52,52,0,52,0.1,0.1015625,0.1015625,0.9957102334510932,9.957102334510931e-07,mle,0.20025051510481015,1.0339679579080825,ok,True,True,extraction,
csi300,1722,2020-09-11,1210,1721,512,-1.9745506188534552,linear,52,0,52,52,0,52,0.1,0.1015625,0.1015625,0.9961855807206048,9.961855807206047e-07,mle,0.20025051510481015,1.0339679579080825,ok,True,True,extraction,
csi300,1723,2020-09-14,1211,1722,512,-1.9745506188534552,linear,52,0,52,52,0,52,0.1,0.1015625,0.1015625,0.9972379405142993,9.972379405142993e-07,mle,0.20025051510481015,1.0339679579080825,ok,True,True,extraction,
csi300,1724,2020-09-15,1212,1723,512,-1.9732651148044575,linear,52,0,52,52,0,52,0.1,0.1015625,0.1015625,0.99748353313995,9.9748353313995e-07,mle,0.24121096891927793,0.9730730986097038,ok,True,True,extraction,
csi300,1725,2020-09-16,1213,1724,512,-1.9732651148044575,linear,52,0,52,52,0,52,0.1,0.1015625,0.1015625,0.997670289173035,9.97670289173035e-07,mle,0.24121096891927793,0.9730730986097038,ok,True,True,extraction,
csi300,1726,2020-09-17,1214,1725,512,-1.9732651148044575,linear,52,0,52,52,0,52,0.1,0.1015625,0.1015625,0.997670289173035,9.97670289173035e-07,mle,0.24121096891927793,0.9730730986097038,ok,True,True,extraction,
csi300,1727,2020-09-18,1215,1726,512,-1.9732651148044575,linear,52,0,52,52,0,52,0.1,0.1015625,0.1015625,0.9972379405142993,9.972379405142993e-07,mle,0.24121096891927793,0.9730730986097038,ok,True,True,extraction,
csi300,1728,2020-09-21,1216,1727,512,-1.9732651148044575,linear,52,0,52,52,0,52,0.1,0.1015625,0.1015625,0.997670289173035,9.97670289173035e-07,mle,0.24121096891927793,0.9730730986097038,ok,True,True,extraction,
csi300,1729,2020-09-22,1217,1728,512,-1.9732651148044575,linear,52,0,52,52,0,52,0.1,0.1015625,0.1015625,0.99748353313995,9.9748353313995e-07,mle,0.24121096891927793,0.9730730986097038,ok,True,True,extraction,
csi300,1730,2020-09-23,1218,1729,512,-1.9732651148044575,linear,52,0,52,52,0,52,0.1,0.1015625,0.1015625,0.99748353313995,9.9748353313995e-07,mle,0.24121096891927793,0.9730730986097038,ok,True,True,extraction,
csi300,1731,2020-09-24,1219,1730,512,-1.9732651148044575,linear,52,0,52,52,0,52,0.1,0.1015625,0.1015625,0.99748353313995,9.9748353313995e-07,mle,0.24121096891927793,0.9730730986097038,ok,True,True,extraction,
csi300,1732,2020-09-25,1220,1731,512,-1.9732651148044575,linear,52,0,52,52,0,52,0.1,0.1015625,0.1015625,0.9972379405142993,9.972379405142993e-07,mle,0.24121096891927793,0.9730730986097038,ok,True,True,extraction,
csi300,1733,2020-09-28,1221,1732,512,-1.9732651148044575,linear,52,0,52,52,0,52,0.1,0.1015625,0.1015625,0.9972379405142993,9.972379405142993e-07,mle,0.24121096891927793,0.9730730986097038,ok,True,True,extraction,
csi300,1734,2020-09-29,1222,1733,512,-1.9637715095923796,linear,52,0,52,52,0,52,0.1,0.1015625,0.1015625,0.9963640880361521,9.96364088036152e-07,mle,0.23162141313965534,0.9900881482887618,ok,True,True,extraction,
csi300,1735,2020-09-30,1223,1734,512,-1.9637715095923796,linear,52,0,52,52,0,52,0.1,0.1015625,0.1015625,0.9960485957224057,9.960485957224057e-07,mle,0.23162141313965534,0.9900881482887618,ok,True,True,extraction,
csi300,1736,2020-10-01,1224,1735,512,-1.9637715095923796,linear,52,0,52,52,0,52,0.1,0.1015625,0.1015625,0.9945638872699755,9.945638872699754e-07,mle,0.23162141313965534,0.9900881482887618,ok,True,True,extraction,
csi300,1737,2020-10-02,1225,1736,512,-1.9637715095923796,linear,52,0,52,52,0,52,0.1,0.1015625,0.1015625,0.9945638872699755,9.945638872699754e-07,mle,0.23162141313965534,0.9900881482887618,ok,True,True,extraction,
csi300,1738,2020-10-05,1226,1737,512,-1.9637715095923796,linear,52,0,52,52,0,52,0.1,0.1015625,0.1015625,0.9963640880361521,9.96364088036152e-07,mle,0.23162141313965534,0.9900881482887618,ok,True,True,extraction,
csi300,1739,2020-10-06,1227,1738,512,-1.9637715095923796,linear,52,0,52,52,0,52,0.1,0.1015625,0.1015625,0.9963640880361521,9.96364088036152e-07,mle,0.23162141313965534,0.9900881482887618,ok,True,True,extraction,
csi300,1740,2020-10-07,1228,1739,512,-1.9637715095923796,linear,52,0,52,52,0,52,0.1,0.1015625,0.1015625,0.9950661356168069,9.95066135616807e-07,mle,0.23162141313965534,0.9900881482887618,ok,True,True,extraction,
csi300,1741,2020-10-08,1229,1740,512,-1.9637715095923796,linear,52,0,52,52,0,52,0.1,0.1015625,0.1015625,0.9950661356168069,9.95066135616807e-07,mle,0.23162141313965534,0.9900881482887618,ok,True,True,extraction,
csi300,1742,2020-10-09,1230,1741,512,-1.9637715095923796,linear,52,0,52,52,0,52,0.1,0.1015625,0.1015625,0.9896745080675398,9.896745080675397e-07,mle,0.23162141313965534,0.9900881482887618,ok,True,True,extraction,
csi300,1743,2020-10-12,1231,1742,512,-1.9637715095923796,linear,52,0,52,52,0,52,0.1,0.1015625,0.1015625,0.9836030821624105,9.836030821624105e-07,mle,0.23162141313965534,0.9900881482887618,ok,True,True,extraction,
csi300,1744,2020-10-13,1232,1743,512,-1.9637715095923796,linear,52,0,52,52,0,52,0.1,0.1015625,0.1015625,0.9891722597207083,9.891722597207082e-07,mle,0.23162141313965534,0.9900881482887618,ok,True,True,extraction,
csi300,1745,2020-10-14,1233,1744,512,-1.9637715095923796,linear,52,0,52,52,0,52,0.1,0.1015625,0.1015625,0.9891722597207083,9.891722597207082e-07,mle,0.23162141313965534,0.9900881482887618,ok,True,True,extraction,
csi300,1746,2020-10-15,1234,1745,512,-1.9619753327445486,linear,52,0,52,52,0,52,0.1,0.1015625,0.1015625,0.9891722597207083,9.891722597207082e-07,mle,0.23621273969692752,0.9848927506120153,ok,True,True,extraction,
csi300,1747,2020-10-16,1235,1746,512,-1.9619753327445486,linear,52,0,52,52,0,52,0.1,0.1015625,0.1015625,0.9891722597207083,9.891722597207082e-07,mle,0.23621273969692752,0.9848927506120153,ok,True,True,extraction,
csi300,1748,2020-10-19,1236,1747,512,-1.9488660504988633,linear,52,0,52,52,0,52,0.1,0.1015625,0.1015625,0.9824992101962514,9.824992101962514e-07,mle,0.24510903770089715,0.9779879398396639,ok,True,True,extraction,
csi300,1749,2020-10-20,1237,1748,512,-1.9488660504988633,linear,52,0,52,52,0,52,0.1,0.1015625,0.1015625,0.9836030821624105,9.836030821624105e-07,mle,0.24510903770089715,0.9779879398396639,ok,True,True,extraction,
csi300,1750,2020-10-21,1238,1749,512,-1.9386403405885422,linear,52,0,52,52,0,52,0.1,0.1015625,0.1015625,0.9824992101962514,9.824992101962514e-07,mle,0.2308865249291988,1.0013721924229337,ok,True,True,extraction,
csi300,1751,2020-10-22,1239,1750,512,-1.9386403405885422,linear,52,0,52,52,0,52,0.1,0.1015625,0.1015625,0.9824992101962514,9.824992101962514e-07,mle,0.2308865249291988,1.0013721924229337,ok,True,True,extraction,
csi300,1752,2020-10-23,1240,1751,512,-1.9307100577446528,linear,52,0,52,52,0,52,0.1,0.1015625,0.1015625,0.9816898086960802,9.816898086960802e-07,mle,0.23530319199234995,0.9989103899283682,ok,True,True,extraction,
csi300,1753,2020-10-26,1241,1752,512,-1.9307100577446528,linear,52,0,52,52,0,52,0.1,0.1015625,0.1015625,0.9774663053627115,9.774663053627114e-07,mle,0.23530319199234995,0.9989103899283682,ok,True,True,extraction,
csi300,1754,2020-10-27,1242,1753,512,-1.9318888514822825,linear,52,0,52,52,0,52,0.1,0.1015625,0.1015625,0.9774663053627115,9.774663053627114e-07,mle,0.2373215485914419,0.9957824438865137,ok,True,True,extraction,
csi300,1755,2020-10-28,1243,1754,512,-1.9318888514822825,linear,52,0,52,52,0,52,0.1,0.1015625,0.1015625,0.9724996676397667,9.724996676397667e-07,mle,0.2373215485914419,0.9957824438865137,ok,True,True,extraction,
csi300,1756,2020-10-29,1244,1755,512,-1.9318888514822825,linear,52,0,52,52,0,52,0.1,0.1015625,0.1015625,0.9713957956736075,9.713957956736074e-07,mle,0.2373215485914419,0.9957824438865137,ok,True,True,extraction,
csi300,1757,2020-10-30,1245,1756,512,-1.9238442046509523,linear,52,0,52,52,0,52,0.1,0.1015625,0.1015625,0.9724996676397667,9.724996676397667e-07,mle,0.22709257809856115,1.0131379245729923,ok,True,True,extraction,
csi300,1758,2020-11-02,1246,1757,512,-1.9131072556553554,linear,52,0,52,52,0,52,0.1,0.1015625,0.1015625,0.9724996676397667,9.724996676397667e-07,mle,0.2607232040551022,0.9675483906699801,ok,True,True,extraction,
csi300,1759,2020-11-03,1247,1758,512,-1.9131072556553554,linear,52,0,52,52,0,52,0.1,0.1015625,0.1015625,0.9668066544545592,9.668066544545592e-07,mle,0.2607232040551022,0.9675483906699801,ok,True,True,extraction,
csi300,1760,2020-11-04,1248,1759,512,-1.9131072556553554,linear,52,0,52,52,0,52,0.1,0.1015625,0.1015625,0.9588325094378951,9.58832509437895e-07,mle,0.2607232040551022,0.9675483906699801,ok,True,True,extraction,
csi300,1761,2020-11-05,1249,1760,512,-1.9101843099144453,linear,52,0,52,52,0,52,0.1,0.1015625,0.1015625,0.9600743503978106,9.600743503978106e-07,mle,0.26831387774003007,0.9594456381998138,ok,True,True,extraction,
csi300,1762,2020-11-06,1250,1761,512,-1.8901654139887547,linear,52,0,52,52,0,52,0.1,0.1015625,0.1015625,0.9679389876680689,9.679389876680688e-07,mle,0.23581978088222733,1.010358767016168,ok,True,True,extraction,
csi300,1763,2020-11-09,1251,1762,512,-1.8901654139887547,linear,52,0,52,52,0,52,0.1,0.1015625,0.1015625,0.9536142570178974,9.536142570178973e-07,mle,0.23581978088222733,1.010358767016168,ok,True,True,extraction,
csi300,1764,2020-11-10,1252,1763,512,-1.8901654139887547,linear,52,0,52,52,0,52,0.1,0.1015625,0.1015625,0.961053541327765,9.61053541327765e-07,mle,0.23581978088222733,1.010358767016168,ok,True,True,extraction,
csi300,1765,2020-11-11,1253,1764,512,-1.8490300447084218,linear,52,0,52,52,0,52,0.1,0.1015625,0.1015625,0.9507491642874406,9.507491642874405e-07,mle,0.22747440819004838,1.0104119340863968,ok,True,True,extraction,
csi300,1766,2020-11-12,1254,1765,512,-1.8490300447084218,linear,52,0,52,52,0,52,0.1,0.1015625,0.1015625,0.9496950004691556,9.496950004691555e-07,mle,0.22747440819004838,1.0104119340863968,ok,True,True,extraction,
csi300,1767,2020-11-13,1255,1766,512,-1.8490300447084218,linear,52,0,52,52,0,52,0.1,0.1015625,0.1015625,0.9455074674161817,9.455074674161817e-07,mle,0.22747440819004838,1.0104119340863968,ok,True,True,extraction,
csi300,1768,2020-11-16,1256,1767,512,-1.8490300447084218,linear,52,0,52,52,0,52,0.1,0.1015625,0.1015625,0.9407826787931342,9.407826787931341e-07,mle,0.22747440819004838,1.0104119340863968,ok,True,True,extraction,
csi300,1769,2020-11-17,1257,1768,512,-1.8490300447084218,linear,52,0,52,52,0,52,0.1,0.1015625,0.1015625,0.9455074674161817,9.455074674161817e-07,mle,0.22747440819004838,1.0104119340863968,ok,True,True,extraction,
csi300,1770,2020-11-18,1258,1769,512,-1.8490300447084218,linear,52,0,52,52,0,52,0.1,0.1015625,0.1015625,0.9455074674161817,9.455074674161817e-07,mle,0.22747440819004838,1.0104119340863968,ok,True,True,extraction,
csi300,1771,2020-11-19,1259,1770,512,-1.8490300447084218,linear,52,0,52,52,0,52,0.1,0.1015625,0.1015625,0.9455074674161817,9.455074674161817e-07,mle,0.22747440819004838,1.0104119340863968,ok,True,True,extraction,
csi300,1772,2020-11-20,1260,1771,512,-1.8490300447084218,linear,52,0,52,52,0,52,0.1,0.1015625,0.1015625,0.9455074674161817,9.455074674161817e-07,mle,0.22747440819004838,1.0104119340863968,ok,True,True,extraction,
csi300,1773,2020-11-23,1261,1772,512,-1.8079276442725665,linear,52,0,52,52,0,52,0.1,0.1015625,0.1015625,0.9380369623040692,9.380369623040691e-07,mle,0.21163780317649286,1.046904660026762,ok,True,True,extraction,
csi300,1774,2020-11-24,1262,1773,512,-1.80609854809384,linear,52,0,52,52,0,52,0.1,0.1015625,0.1015625,0.9367019023324357,9.367019023324356e-07,mle,0.22456206169617632,1.0290874741520146,ok,True,True,extraction,
csi300,1775,2020-11-25,1263,1774,512,-1.80609854809384,linear,52,0,52,52,0,52,0.1,0.1015625,0.1015625,0.9354944677302799,9.354944677302799e-07,mle,0.22456206169617632,1.0290874741520146,ok,True,True,extraction,
csi300,1776,2020-11-27,1264,1775,512,-1.80609854809384,linear,52,0,52,52,0,52,0.1,0.1015625,0.1015625,0.9354944677302799,9.354944677302799e-07,mle,0.22456206169617632,1.0290874741520146,ok,True,True,extraction,
csi300,1777,2020-11-30,1265,1776,512,-1.80609854809384,linear,52,0,52,52,0,52,0.1,0.1015625,0.1015625,0.9354944677302799,9.354944677302799e-07,mle,0.22456206169617632,1.0290874741520146,ok,True,True,extraction,
csi300,1778,2020-12-01,1266,1777,512,-1.80609854809384,linear,52,0,52,52,0,52,0.1,0.1015625,0.1015625,0.9320108460448491,9.32010846044849e-07,mle,0.22456206169617632,1.0290874741520146,ok,True,True,extraction,
csi300,1779,2020-12-02,1267,1778,512,-1.80609854809384,linear,52,0,52,52,0,52,0.1,0.1015625,0.1015625,0.9354944677302799,9.354944677302799e-07,mle,0.22456206169617632,1.0290874741520146,ok,True,True,extraction,
csi300,1780,2020-12-03,1268,1779,512,-1.80609854809384,linear,52,0,52,52,0,52,0.1,0.1015625,0.1015625,0.9320108460448491,9.32010846044849e-07,mle,0.22456206169617632,1.0290874741520146,ok,True,True,extraction,
csi300,1781,2020-12-04,1269,1780,512,-1.7976056254509738,linear,52,0,52,52,0,52,0.1,0.1015625,0.1015625,0.9273116502985387,9.273116502985387e-07,mle,0.25870861479606566,0.9810880489631288,ok,True,True,extraction,
csi300,1782,2020-12-07,1270,1781,512,-1.7976056254509738,linear,52,0,52,52,0,52,0.1,0.1015625,0.1015625,0.9249591758569466,9.249591758569466e-07,mle,0.25870861479606566,0.9810880489631288,ok,True,True,extraction,
csi300,1783,2020-12-08,1271,1782,512,-1.7802180041727216,linear,52,0,52,52,0,52,0.1,0.1015625,0.1015625,0.9246371420532158,9.246371420532158e-07,mle,0.28506692860003036,0.9466866399923791,ok,True,True,extraction,
csi300,1784,2020-12-09,1272,1783,512,-1.7802180041727216,linear,52,0,52,52,0,52,0.1,0.1015625,0.1015625,0.9233953010933003,9.233953010933002e-07,mle,0.28506692860003036,0.9466866399923791,ok,True,True,extraction,
csi300,1785,2020-12-10,1273,1784,512,-1.7976056254509738,linear,52,0,52,52,0,52,0.1,0.1015625,0.1015625,0.9249591758569466,9.249591758569466e-07,mle,0.2861740615913385,0.9385597581173775,ok,True,True,extraction,
csi300,1786,2020-12-11,1274,1785,512,-1.7976056254509738,linear,52,0,52,52,0,52,0.1,0.1015625,0.1015625,0.9233953010933003,9.233953010933002e-07,mle,0.2861740615913385,0.9385597581173775,ok,True,True,extraction,
csi300,1787,2020-12-14,1275,1786,512,-1.7976056254509738,linear,52,0,52,52,0,52,0.1,0.1015625,0.1015625,0.9233953010933003,9.233953010933002e-07,mle,0.29183069592036115,0.9316381582313614,ok,True,True,extraction,
csi300,1788,2020-12-15,1276,1787,512,-1.7976056254509738,linear,52,0,52,52,0,52,0.1,0.1015625,0.1015625,0.9233953010933003,9.233953010933002e-07,mle,0.29183069592036115,0.9316381582313614,ok,True,True,extraction,
csi300,1789,2020-12-16,1277,1788,512,-1.7976056254509738,linear,52,0,52,52,0,52,0.1,0.1015625,0.1015625,0.9195546124561819,9.195546124561818e-07,mle,0.29183069592036115,0.9316381582313614,ok,True,True,extraction,
csi300,1790,2020-12-17,1278,1789,512,-1.7976056254509738,linear,52,0,52,52,0,52,0.1,0.1015625,0.1015625,0.9114199229033609,9.114199229033609e-07,mle,0.29183069592036115,0.9316381582313614,ok,True,True,extraction,
csi300,1791,2020-12-18,1279,1790,512,-1.7976056254509738,linear,52,0,52,52,0,52,0.1,0.1015625,0.1015625,0.9126617638632766,9.126617638632766e-07,mle,0.29183069592036115,0.9316381582313614,ok,True,True,extraction,
csi300,1792,2020-12-21,1280,1791,512,-1.7976056254509738,linear,52,0,52,52,0,52,0.1,0.1015625,0.1015625,0.908076056811989,9.08076056811989e-07,mle,0.29183069592036115,0.9316381582313614,ok,True,True,extraction,
csi300,1793,2020-12-22,1281,1792,512,-1.7976056254509738,linear,52,0,52,52,0,52,0.1,0.1015625,0.1015625,0.908076056811989,9.08076056811989e-07,mle,0.29183069592036115,0.9316381582313614,ok,True,True,extraction,
csi300,1794,2020-12-23,1282,1793,512,-1.7976056254509738,linear,52,0,52,52,0,52,0.1,0.1015625,0.1015625,0.9068342158520734,9.068342158520733e-07,mle,0.29183069592036115,0.9316381582313614,ok,True,True,extraction,
csi300,1795,2020-12-24,1283,1794,512,-1.7976056254509738,linear,52,0,52,52,0,52,0.1,0.1015625,0.1015625,0.9068342158520734,9.068342158520733e-07,mle,0.29183069592036115,0.9316381582313614,ok,True,True,extraction,
csi300,1796,2020-12-28,1284,1795,512,-1.7976056254509738,linear,52,0,52,52,0,52,0.1,0.1015625,0.1015625,0.9025909333063422,9.025909333063422e-07,mle,0.29183069592036115,0.9316381582313614,ok,True,True,extraction,
csi300,1797,2020-12-29,1285,1796,512,-1.7802180041727216,linear,52,0,52,52,0,52,0.1,0.1015625,0.1015625,0.9025909333063422,9.025909333063422e-07,mle,0.2620043796852747,0.9769241764325203,ok,True,True,extraction,
csi300,1798,2020-12-30,1286,1797,512,-1.7802180041727216,linear,52,0,52,52,0,52,0.1,0.1015625,0.1015625,0.8960526693313454,8.960526693313453e-07,mle,0.2620043796852747,0.9769241764325203,ok,True,True,extraction,
csi300,1799,2020-12-31,1287,1798,512,-1.7802180041727216,linear,52,0,52,52,0,52,0.1,0.1015625,0.1015625,0.9025909333063422,9.025909333063422e-07,mle,0.2620043796852747,0.9769241764325203,ok,True,True,extraction,
csi300,1800,2021-01-04,1288,1799,512,-1.7522869440630977,linear,52,0,52,52,0,52,0.1,0.1015625,0.1015625,0.9025909333063422,9.025909333063422e-07,mle,0.25437812128744536,0.9969812341326387,ok,True,True,extraction,
csi300,1801,2021-01-05,1289,1800,512,-1.7522869440630977,linear,52,0,52,52,0,52,0.1,0.1015625,0.1015625,0.9148026702304429,9.148026702304429e-07,mle,0.25437812128744536,0.9969812341326387,ok,True,True,extraction,
csi300,1802,2021-01-06,1290,1801,512,-1.7379522636105935,linear,52,0,52,52,0,52,0.1,0.1015625,0.1015625,0.914580734552301,9.14580734552301e-07,mle,0.27247990570382963,0.9765871899803611,ok,True,True,extraction,
csi300,1803,2021-01-07,1291,1802,512,-1.7379522636105935,linear,52,0,52,52,0,52,0.1,0.1015625,0.1015625,0.914580734552301,9.14580734552301e-07,mle,0.27247990570382963,0.9765871899803611,ok,True,True,extraction,
csi300,1804,2021-01-08,1292,1803,512,-1.7379522636105935,linear,52,0,52,52,0,52,0.1,0.1015625,0.1015625,0.914580734552301,9.14580734552301e-07,mle,0.27247990570382963,0.9765871899803611,ok,True,True,extraction,
csi300,1805,2021-01-11,1293,1804,512,-1.7379522636105935,linear,52,0,52,52,0,52,0.1,0.1015625,0.1015625,0.914580734552301,9.14580734552301e-07,mle,0.27247990570382963,0.9765871899803611,ok,True,True,extraction,
csi300,1806,2021-01-12,1294,1805,512,-1.7379522636105935,linear,52,0,52,52,0,52,0.1,0.1015625,0.1015625,0.9187148488572082,9.187148488572082e-07,mle,0.27247990570382963,0.9765871899803611,ok,True,True,extraction,
csi300,1807,2021-01-13,1295,1806,512,-1.7379522636105935,linear,52,0,52,52,0,52,0.1,0.1015625,0.1015625,0.9192347628321313,9.192347628321313e-07,mle,0.27247990570382963,0.9765871899803611,ok,True,True,extraction,
csi300,1808,2021-01-14,1296,1807,512,-1.7379522636105935,linear,52,0,52,52,0,52,0.1,0.1015625,0.1015625,0.9246021080543084,9.246021080543084e-07,mle,0.27247990570382963,0.9765871899803611,ok,True,True,extraction,
csi300,1809,2021-01-15,1297,1808,512,-1.7379522636105935,linear,52,0,52,52,0,52,0.1,0.1015625,0.1015625,0.9246021080543084,9.246021080543084e-07,mle,0.27247990570382963,0.9765871899803611,ok,True,True,extraction,
csi300,1810,2021-01-19,1298,1809,512,-1.7379522636105935,linear,52,0,52,52,0,52,0.1,0.1015625,0.1015625,0.9239145485734191,9.239145485734191e-07,mle,0.27247990570382963,0.9765871899803611,ok,True,True,extraction,
csi300,1811,2021-01-20,1299,1810,512,-1.7379522636105935,linear,52,0,52,52,0,52,0.1,0.1015625,0.1015625,0.9249538115177451,9.249538115177451e-07,mle,0.27247990570382963,0.9765871899803611,ok,True,True,extraction,
csi300,1812,2021-01-21,1300,1811,512,-1.7379522636105935,linear,52,0,52,52,0,52,0.1,0.1015625,0.1015625,0.9255670645064397,9.255670645064397e-07,mle,0.27247990570382963,0.9765871899803611,ok,True,True,extraction,
csi300,1813,2021-01-22,1301,1812,512,-1.7379522636105935,linear,52,0,52,52,0,52,0.1,0.1015625,0.1015625,0.9255670645064397,9.255670645064397e-07,mle,0.27247990570382963,0.9765871899803611,ok,True,True,extraction,
csi300,1814,2021-01-25,1302,1813,512,-1.7379522636105935,linear,52,0,52,52,0,52,0.1,0.1015625,0.1015625,0.9285672127796147,9.285672127796147e-07,mle,0.27247990570382963,0.9765871899803611,ok,True,True,extraction,
csi300,1815,2021-01-26,1303,1814,512,-1.7379522636105935,linear,52,0,52,52,0,52,0.1,0.1015625,0.1015625,0.9322039927747049,9.322039927747048e-07,mle,0.27247990570382963,0.9765871899803611,ok,True,True,extraction,
csi300,1816,2021-01-27,1304,1815,512,-1.7379522636105935,linear,52,0,52,52,0,52,0.1,0.1015625,0.1015625,0.9322039927747049,9.322039927747048e-07,mle,0.27247990570382963,0.9765871899803611,ok,True,True,extraction,
csi300,1817,2021-01-28,1305,1816,512,-1.7522869440630977,linear,52,0,52,52,0,52,0.1,0.1015625,0.1015625,0.9295442374009151,9.29544237400915e-07,mle,0.2917415192041097,0.9459585407034581,ok,True,True,extraction,
csi300,1818,2021-01-29,1306,1817,512,-1.7522869440630977,linear,52,0,52,52,0,52,0.1,0.1015625,0.1015625,0.9320108460448491,9.32010846044849e-07,mle,0.2917415192041097,0.9459585407034581,ok,True,True,extraction,
csi300,1819,2021-02-01,1307,1818,512,-1.7522869440630977,linear,52,0,52,52,0,52,0.1,0.1015625,0.1015625,0.9370704676762811,9.370704676762811e-07,mle,0.2917415192041097,0.9459585407034581,ok,True,True,extraction,
csi300,1820,2021-02-02,1308,1819,512,-1.7522869440630977,linear,52,0,52,52,0,52,0.1,0.1015625,0.1015625,0.9421941853592855,9.421941853592854e-07,mle,0.2917415192041097,0.9459585407034581,ok,True,True,extraction,
csi300,1821,2021-02-03,1309,1820,512,-1.7379522636105935,linear,52,0,52,52,0,52,0.1,0.1015625,0.1015625,0.9417231318824768,9.417231318824768e-07,mle,0.28286279338486675,0.963222472939715,ok,True,True,extraction,
csi300,1822,2021-02-04,1310,1821,512,-1.7379522636105935,linear,52,0,52,52,0,52,0.1,0.1015625,0.1015625,0.9417231318824768,9.417231318824768e-07,mle,0.28286279338486675,0.963222472939715,ok,True,True,extraction,
csi300,1823,2021-02-05,1311,1822,512,-1.7379522636105935,linear,52,0,52,52,0,52,0.1,0.1015625,0.1015625,0.9421941853592855,9.421941853592854e-07,mle,0.28286279338486675,0.963222472939715,ok,True,True,extraction,
csi300,1824,2021-02-08,1312,1823,512,-1.7379522636105935,linear,52,0,52,52,0,52,0.1,0.1015625,0.1015625,0.9370704676762811,9.370704676762811e-07,mle,0.28286279338486675,0.963222472939715,ok,True,True,extraction,
csi300,1825,2021-02-09,1313,1824,512,-1.7379522636105935,linear,52,0,52,52,0,52,0.1,0.1015625,0.1015625,0.9370704676762811,9.370704676762811e-07,mle,0.28286279338486675,0.963222472939715,ok,True,True,extraction,
csi300,1826,2021-02-10,1314,1825,512,-1.7379522636105935,linear,52,0,52,52,0,52,0.1,0.1015625,0.1015625,0.9417231318824768,9.417231318824768e-07,mle,0.28286279338486675,0.963222472939715,ok,True,True,extraction,
csi300,1827,2021-02-11,1315,1826,512,-1.7379522636105935,linear,52,0,52,52,0,52,0.1,0.1015625,0.1015625,0.9417231318824768,9.417231318824768e-07,mle,0.28286279338486675,0.963222472939715,ok,True,True,extraction,
csi300,1828,2021-02-12,1316,1827,512,-1.7379522636105935,linear,52,0,52,52,0,52,0.1,0.1015625,0.1015625,0.9370704676762811,9.370704676762811e-07,mle,0.28286279338486675,0.963222472939715,ok,True,True,extraction,
csi300,1829,2021-02-16,1317,1828,512,-1.7379522636105935,linear,52,0,52,52,0,52,0.1,0.1015625,0.1015625,0.9370704676762811,9.370704676762811e-07,mle,0.28286279338486675,0.963222472939715,ok,True,True,extraction,
csi300,1830,2021-02-17,1318,1829,512,-1.7379522636105935,linear,52,0,52,52,0,52,0.1,0.1015625,0.1015625,0.9382874611105481,9.38287461110548e-07,mle,0.28286279338486675,0.963222472939715,ok,True,True,extraction,
csi300,1831,2021-02-18,1319,1830,512,-1.7379522636105935,linear,52,0,52,52,0,52,0.1,0.1015625,0.1015625,0.9345141187297361,9.345141187297361e-07,mle,0.28286279338486675,0.963222472939715,ok,True,True,extraction,
csi300,1832,2021-02-19,1320,1831,512,-1.7522869440630977,linear,52,0,52,52,0,52,0.1,0.1015625,0.1015625,0.9345141187297361,9.345141187297361e-07,mle,0.24882983399620334,1.0111722997194188,ok,True,True,extraction,
csi300,1833,2021-02-22,1321,1832,512,-1.7522869440630977,linear,52,0,52,52,0,52,0.1,0.1015625,0.1015625,0.9337136962714906,9.337136962714906e-07,mle,0.24882983399620334,1.0111722997194188,ok,True,True,extraction,
csi300,1834,2021-02-23,1322,1833,512,-1.7802180041727216,linear,52,0,52,52,0,52,0.1,0.1015625,0.1015625,0.9371005601451817,9.371005601451817e-07,mle,0.2325821911712955,1.041334774912118,ok,True,True,extraction,
csi300,1835,2021-02-24,1323,1834,512,-1.7802180041727216,linear,52,0,52,52,0,52,0.1,0.1015625,0.1015625,0.9337052697583176,9.337052697583176e-07,mle,0.2325821911712955,1.041334774912118,ok,True,True,extraction,
csi300,1836,2021-02-25,1324,1835,512,-1.7802180041727216,linear,52,0,52,52,0,52,0.1,0.1015625,0.1015625,0.9370704676762811,9.370704676762811e-07,mle,0.2325821911712955,1.041334774912118,ok,True,True,extraction,
csi300,1837,2021-02-26,1325,1836,512,-1.7976056254509738,linear,52,0,52,52,0,52,0.1,0.1015625,0.1015625,0.9370704676762811,9.370704676762811e-07,mle,0.23588485142954363,1.0296137573333448,ok,True,True,extraction,
csi300,1838,2021-03-01,1326,1837,512,-1.7976056254509738,linear,52,0,52,52,0,52,0.1,0.1015625,0.1015625,0.9421941853592855,9.421941853592854e-07,mle,0.23588485142954363,1.0296137573333448,ok,True,True,extraction,
csi300,1839,2021-03-02,1327,1838,512,-1.7976056254509738,linear,52,0,52,52,0,52,0.1,0.1015625,0.1015625,0.9447879051214563,9.447879051214563e-07,mle,0.23588485142954363,1.0296137573333448,ok,True,True,extraction,
csi300,1840,2021-03-03,1328,1839,512,-1.80609854809384,linear,52,0,52,52,0,52,0.1,0.1015625,0.1015625,0.9468468495654812,9.468468495654811e-07,mle,0.23549606230976444,1.0262305898994888,ok,True,True,extraction,
csi300,1841,2021-03-04,1329,1840,512,-1.80609854809384,linear,52,0,52,52,0,52,0.1,0.1015625,0.1015625,0.9468468495654812,9.468468495654811e-07,mle,0.23549606230976444,1.0262305898994888,ok,True,True,extraction,
csi300,1842,2021-03-05,1330,1841,512,-1.8317171639449026,linear,52,0,52,52,0,52,0.1,0.1015625,0.1015625,0.9468468495654812,9.468468495654811e-07,mle,0.22455207048840056,1.036821827062129,ok,True,True,extraction,
csi300,1843,2021-03-08,1331,1842,512,-1.8317171639449026,linear,52,0,52,52,0,52,0.1,0.1015625,0.1015625,0.9421941853592856,9.421941853592855e-07,mle,0.22455207048840056,1.036821827062129,ok,True,True,extraction,
csi300,1844,2021-03-09,1332,1843,512,-1.8516733246720147,linear,52,0,52,52,0,52,0.1,0.1015625,0.1015625,0.9421941853592855,9.421941853592854e-07,mle,0.19641263485527582,1.0896354065835783,ok,True,True,extraction,
csi300,1845,2021-03-10,1333,1844,512,-1.8516733246720147,linear,52,0,52,52,0,52,0.1,0.1015625,0.1015625,0.9421941853592856,9.421941853592855e-07,mle,0.19641263485527582,1.0896354065835783,ok,True,True,extraction,
csi300,1846,2021-03-11,1334,1845,512,-1.8516733246720147,linear,52,0,52,52,0,52,0.1,0.1015625,0.1015625,0.9421941853592856,9.421941853592855e-07,mle,0.19641263485527582,1.0896354065835783,ok,True,True,extraction,
csi300,1847,2021-03-12,1335,1846,512,-1.8516733246720147,linear,52,0,52,52,0,52,0.1,0.1015625,0.1015625,0.9468468495654812,9.468468495654811e-07,mle,0.19641263485527582,1.0896354065835783,ok,True,True,extraction,
csi300,1848,2021-03-15,1336,1847,512,-1.8516733246720147,linear,52,0,52,52,0,52,0.1,0.1015625,0.1015625,0.9468468495654812,9.468468495654811e-07,mle,0.19641263485527582,1.0896354065835783,ok,True,True,extraction,
csi300,1849,2021-03-16,1337,1848,512,-1.8516733246720147,linear,52,0,52,52,0,52,0.1,0.1015625,0.1015625,0.9520407133952303,9.520407133952303e-07,mle,0.19641263485527582,1.0896354065835783,ok,True,True,extraction,
csi300,1850,2021-03-17,1338,1849,512,-1.8516733246720147,linear,52,0,52,52,0,52,0.1,0.1015625,0.1015625,0.9520407133952303,9.520407133952303e-07,mle,0.19641263485527582,1.0896354065835783,ok,True,True,extraction,
csi300,1851,2021-03-18,1339,1850,512,-1.8516733246720147,linear,52,0,52,52,0,52,0.1,0.1015625,0.1015625,0.9520407133952303,9.520407133952303e-07,mle,0.19641263485527582,1.0896354065835783,ok,True,True,extraction,
csi300,1852,2021-03-19,1340,1851,512,-1.8317171639449026,linear,52,0,52,52,0,52,0.1,0.1015625,0.1015625,0.9520407133952303,9.520407133952303e-07,mle,0.20696226843938115,1.0800757707658692,ok,True,True,extraction,
csi300,1853,2021-03-22,1341,1852,512,-1.80609854809384,linear,52,0,52,52,0,52,0.1,0.1015625,0.1015625,0.946846849565481,9.46846849565481e-07,mle,0.22773083814508704,1.0416180676508011,ok,True,True,extraction,
csi300,1854,2021-03-23,1342,1853,512,-1.80609854809384,linear,52,0,52,52,0,52,0.1,0.1015625,0.1015625,0.9421941853592855,9.421941853592854e-07,mle,0.22773083814508704,1.0416180676508011,ok,True,True,extraction,
csi300,1855,2021-03-24,1343,1854,512,-1.80609854809384,linear,52,0,52,52,0,52,0.1,0.1015625,0.1015625,0.9471135877291723,9.471135877291723e-07,mle,0.22773083814508704,1.0416180676508011,ok,True,True,extraction,
csi300,1856,2021-03-25,1344,1855,512,-1.80609854809384,linear,52,0,52,52,0,52,0.1,0.1015625,0.1015625,0.9471135877291723,9.471135877291723e-07,mle,0.22773083814508704,1.0416180676508011,ok,True,True,extraction,
csi300,1857,2021-03-26,1345,1856,512,-1.80609854809384,linear,52,0,52,52,0,52,0.1,0.1015625,0.1015625,0.9421941853592855,9.421941853592854e-07,mle,0.22773083814508704,1.0416180676508011,ok,True,True,extraction,
csi300,1858,2021-03-29,1346,1857,512,-1.80609854809384,linear,52,0,52,52,0,52,0.1,0.1015625,0.1015625,0.9421941853592855,9.421941853592854e-07,mle,0.22773083814508704,1.0416180676508011,ok,True,True,extraction,
csi300,1859,2021-03-30,1347,1858,512,-1.80609854809384,linear,52,0,52,52,0,52,0.1,0.1015625,0.1015625,0.9421941853592855,9.421941853592854e-07,mle,0.22773083814508704,1.0416180676508011,ok,True,True,extraction,
csi300,1860,2021-03-31,1348,1859,512,-1.80609854809384,linear,52,0,52,52,0,52,0.1,0.1015625,0.1015625,0.9421941853592855,9.421941853592854e-07,mle,0.22773083814508704,1.0416180676508011,ok,True,True,extraction,
csi300,1861,2021-04-01,1349,1860,512,-1.80609854809384,linear,52,0,52,52,0,52,0.1,0.1015625,0.1015625,0.9421941853592855,9.421941853592854e-07,mle,0.22773083814508704,1.0416180676508011,ok,True,True,extraction,
csi300,1862,2021-04-05,1350,1861,512,-1.80609854809384,linear,52,0,52,52,0,52,0.1,0.1015625,0.1015625,0.9471135877291723,9.471135877291723e-07,mle,0.22773083814508704,1.0416180676508011,ok,True,True,extraction,
csi300,1863,2021-04-06,1351,1862,512,-1.7976056254509738,linear,52,0,52,52,0,52,0.1,0.1015625,0.1015625,0.9421941853592855,9.421941853592854e-07,mle,0.2518484886119926,1.0106124246065287,ok,True,True,extraction,
csi300,1864,2021-04-07,1352,1863,512,-1.7976056254509738,linear,52,0,52,52,0,52,0.1,0.1015625,0.1015625,0.9421941853592855,9.421941853592854e-07,mle,0.2518484886119926,1.0106124246065287,ok,True,True,extraction,
csi300,1865,2021-04-08,1353,1864,512,-1.7976056254509738,linear,52,0,52,52,0,52,0.1,0.1015625,0.1015625,0.946846849565481,9.46846849565481e-07,mle,0.2518484886119926,1.0106124246065287,ok,True,True,extraction,
csi300,1866,2021-04-09,1354,1865,512,-1.7976056254509738,linear,52,0,52,52,0,52,0.1,0.1015625,0.1015625,0.946846849565481,9.46846849565481e-07,mle,0.2518484886119926,1.0106124246065287,ok,True,True,extraction,
csi300,1867,2021-04-12,1355,1866,512,-1.7976056254509738,linear,52,0,52,52,0,52,0.1,0.1015625,0.1015625,0.9525429617420618,9.525429617420617e-07,mle,0.2518484886119926,1.0106124246065287,ok,True,True,extraction,
csi300,1868,2021-04-13,1356,1867,512,-1.7976056254509738,linear,52,0,52,52,0,52,0.1,0.1015625,0.1015625,0.9527885543677125,9.527885543677125e-07,mle,0.2518484886119926,1.0106124246065287,ok,True,True,extraction,
csi300,1869,2021-04-14,1357,1868,512,-1.7976056254509738,linear,52,0,52,52,0,52,0.1,0.1015625,0.1015625,0.9481848830050079,9.481848830050079e-07,mle,0.2518484886119926,1.0106124246065287,ok,True,True,extraction,
csi300,1870,2021-04-15,1358,1869,512,-1.7976056254509738,linear,52,0,52,52,0,52,0.1,0.1015625,0.1015625,0.947359180354823,9.47359180354823e-07,mle,0.2518484886119926,1.0106124246065287,ok,True,True,extraction,
csi300,1871,2021-04-16,1359,1870,512,-1.7976056254509738,linear,52,0,52,52,0,52,0.1,0.1015625,0.1015625,0.9421941853592855,9.421941853592854e-07,mle,0.2518484886119926,1.0106124246065287,ok,True,True,extraction,
csi300,1872,2021-04-19,1360,1871,512,-1.7976056254509738,linear,52,0,52,52,0,52,0.1,0.1015625,0.1015625,0.9371345637278534,9.371345637278534e-07,mle,0.2518484886119926,1.0106124246065287,ok,True,True,extraction,
csi300,1873,2021-04-20,1361,1872,512,-1.7976056254509738,linear,52,0,52,52,0,52,0.1,0.1015625,0.1015625,0.9421941853592855,9.421941853592854e-07,mle,0.2518484886119926,1.0106124246065287,ok,True,True,extraction,
csi300,1874,2021-04-21,1362,1873,512,-1.7976056254509738,linear,52,0,52,52,0,52,0.1,0.1015625,0.1015625,0.9371345637278534,9.371345637278534e-07,mle,0.2518484886119926,1.0106124246065287,ok,True,True,extraction,
csi300,1875,2021-04-22,1363,1874,512,-1.7976056254509738,linear,52,0,52,52,0,52,0.1,0.1015625,0.1015625,0.9371345637278534,9.371345637278534e-07,mle,0.2518484886119926,1.0106124246065287,ok,True,True,extraction,
csi300,1876,2021-04-23,1364,1875,512,-1.7976056254509738,linear,52,0,52,52,0,52,0.1,0.1015625,0.1015625,0.9371345637278534,9.371345637278534e-07,mle,0.2518484886119926,1.0106124246065287,ok,True,True,extraction,
csi300,1877,2021-04-26,1365,1876,512,-1.7802180041727216,linear,52,0,52,52,0,52,0.1,0.1015625,0.1015625,0.9371345637278534,9.371345637278534e-07,mle,0.27577105757123377,0.9814989852527842,ok,True,True,extraction,
csi300,1878,2021-04-27,1366,1877,512,-1.7802180041727216,linear,52,0,52,52,0,52,0.1,0.1015625,0.1015625,0.9371345637278534,9.371345637278534e-07,mle,0.27577105757123377,0.9814989852527842,ok,True,True,extraction,
csi300,1879,2021-04-28,1367,1878,512,-1.7522869440630977,linear,52,0,52,52,0,52,0.1,0.1015625,0.1015625,0.9320108460448491,9.32010846044849e-07,mle,0.2637293554394978,1.0073091505962104,ok,True,True,extraction,
csi300,1880,2021-04-29,1368,1879,512,-1.7522869440630977,linear,52,0,52,52,0,52,0.1,0.1015625,0.1015625,0.9320108460448491,9.32010846044849e-07,mle,0.2637293554394978,1.0073091505962104,ok,True,True,extraction,
csi300,1881,2021-04-30,1369,1880,512,-1.7522869440630977,linear,52,0,52,52,0,52,0.1,0.1015625,0.1015625,0.9320108460448491,9.32010846044849e-07,mle,0.2637293554394978,1.0073091505962104,ok,True,True,extraction,
csi300,1882,2021-05-03,1370,1881,512,-1.7522869440630977,linear,52,0,52,52,0,52,0.1,0.1015625,0.1015625,0.9371345637278534,9.371345637278534e-07,mle,0.2637293554394978,1.0073091505962104,ok,True,True,extraction,
csi300,1883,2021-05-04,1371,1882,512,-1.7522869440630977,linear,52,0,52,52,0,52,0.1,0.1015625,0.1015625,0.9320108460448491,9.32010846044849e-07,mle,0.2637293554394978,1.0073091505962104,ok,True,True,extraction,
csi300,1884,2021-05-05,1372,1883,512,-1.7522869440630977,linear,52,0,52,52,0,52,0.1,0.1015625,0.1015625,0.9320108460448491,9.32010846044849e-07,mle,0.2637293554394978,1.0073091505962104,ok,True,True,extraction,
csi300,1885,2021-05-06,1373,1884,512,-1.7522869440630977,linear,52,0,52,52,0,52,0.1,0.1015625,0.1015625,0.9320108460448491,9.32010846044849e-07,mle,0.2637293554394978,1.0073091505962104,ok,True,True,extraction,
csi300,1886,2021-05-07,1374,1885,512,-1.7383936454091948,linear,52,0,52,52,0,52,0.1,0.1015625,0.1015625,0.9298287773561815,9.298287773561814e-07,mle,0.2787869133837353,0.9921292973332123,ok,True,True,extraction,
csi300,1887,2021-05-10,1375,1886,512,-1.7383936454091948,linear,52,0,52,52,0,52,0.1,0.1015625,0.1015625,0.9298287773561815,9.298287773561814e-07,mle,0.2787869133837353,0.9921292973332123,ok,True,True,extraction,
csi300,1888,2021-05-11,1376,1887,512,-1.7383936454091948,linear,52,0,52,52,0,52,0.1,0.1015625,0.1015625,0.9298287773561815,9.298287773561814e-07,mle,0.2787869133837353,0.9921292973332123,ok,True,True,extraction,
csi300,1889,2021-05-12,1377,1888,512,-1.7383936454091948,linear,52,0,52,52,0,52,0.1,0.1015625,0.1015625,0.9298287773561815,9.298287773561814e-07,mle,0.2787869133837353,0.9921292973332123,ok,True,True,extraction,
csi300,1890,2021-05-13,1378,1889,512,-1.7383936454091948,linear,52,0,52,52,0,52,0.1,0.1015625,0.1015625,0.9298287773561815,9.298287773561814e-07,mle,0.2787869133837353,0.9921292973332123,ok,True,True,extraction,
csi300,1891,2021-05-14,1379,1890,512,-1.7383936454091948,linear,52,0,52,52,0,52,0.1,0.1015625,0.1015625,0.9298287773561815,9.298287773561814e-07,mle,0.2787869133837353,0.9921292973332123,ok,True,True,extraction,
csi300,1892,2021-05-17,1380,1891,512,-1.7383936454091948,linear,52,0,52,52,0,52,0.1,0.1015625,0.1015625,0.9298287773561815,9.298287773561814e-07,mle,0.2787869133837353,0.9921292973332123,ok,True,True,extraction,
csi300,1893,2021-05-18,1381,1892,512,-1.7045179224068505,linear,52,0,52,52,0,52,0.1,0.1015625,0.1015625,0.9298287773561815,9.298287773561814e-07,mle,0.2693074393355224,0.9753632988096714,ok,True,True,extraction,
csi300,1894,2021-05-19,1382,1893,512,-1.698961610770562,linear,52,0,52,52,0,52,0.1,0.1015625,0.1015625,0.9249591758569466,9.249591758569466e-07,mle,0.32644405374696406,0.8895621038802184,ok,True,True,extraction,
csi300,1895,2021-05-20,1383,1894,512,-1.698961610770562,linear,52,0,52,52,0,52,0.1,0.1015625,0.1015625,0.9249591758569466,9.249591758569466e-07,mle,0.32644405374696406,0.8895621038802184,ok,True,True,extraction,
csi300,1896,2021-05-21,1384,1895,512,-1.698961610770562,linear,52,0,52,52,0,52,0.1,0.1015625,0.1015625,0.922291429127141,9.22291429127141e-07,mle,0.32644405374696406,0.8895621038802184,ok,True,True,extraction,
csi300,1897,2021-05-24,1385,1896,512,-1.698961610770562,linear,52,0,52,52,0,52,0.1,0.1015625,0.1015625,0.9217891807803096,9.217891807803096e-07,mle,0.32644405374696406,0.8895621038802184,ok,True,True,extraction,
csi300,1898,2021-05-25,1386,1897,512,-1.681299365027896,linear,52,0,52,52,0,52,0.1,0.1015625,0.1015625,0.922291429127141,9.22291429127141e-07,mle,0.33514778399585843,0.841784456998685,ok,True,True,extraction,
csi300,1899,2021-05-26,1387,1898,512,-1.681299365027896,linear,52,0,52,52,0,52,0.1,0.1015625,0.1015625,0.922291429127141,9.22291429127141e-07,mle,0.33514778399585843,0.841784456998685,ok,True,True,extraction,
csi300,1900,2021-05-27,1388,1899,512,-1.681299365027896,linear,52,0,52,52,0,52,0.1,0.1015625,0.1015625,0.922291429127141,9.22291429127141e-07,mle,0.33514778399585843,0.841784456998685,ok,True,True,extraction,
csi300,1901,2021-05-28,1389,1900,512,-1.681299365027896,linear,52,0,52,52,0,52,0.1,0.1015625,0.1015625,0.922291429127141,9.22291429127141e-07,mle,0.33514778399585843,0.841784456998685,ok,True,True,extraction,
csi300,1902,2021-06-01,1390,1901,512,-1.6478917801610828,linear,52,0,52,52,0,52,0.1,0.1015625,0.1015625,0.9140051115235138,9.140051115235138e-07,mle,0.329222371420025,0.8437157316767758,ok,True,True,extraction,
csi300,1903,2021-06-02,1391,1902,512,-1.6478917801610828,linear,52,0,52,52,0,52,0.1,0.1015625,0.1015625,0.9057303438859142,9.057303438859142e-07,mle,0.329222371420025,0.8437157316767758,ok,True,True,extraction,
csi300,1904,2021-06-03,1392,1903,512,-1.6478917801610828,linear,52,0,52,52,0,52,0.1,0.1015625,0.1015625,0.9052280955390828,9.052280955390828e-07,mle,0.329222371420025,0.8437157316767758,ok,True,True,extraction,
csi300,1905,2021-06-04,1393,1904,512,-1.6478917801610828,linear,52,0,52,52,0,52,0.1,0.1015625,0.1015625,0.9135028631766824,9.135028631766823e-07,mle,0.329222371420025,0.8437157316767758,ok,True,True,extraction,
csi300,1906,2021-06-07,1394,1905,512,-1.6478917801610828,linear,52,0,52,52,0,52,0.1,0.1015625,0.1015625,0.9140051115235138,9.140051115235138e-07,mle,0.329222371420025,0.8437157316767758,ok,True,True,extraction,
csi300,1907,2021-06-08,1395,1906,512,-1.6478917801610828,linear,52,0,52,52,0,52,0.1,0.1015625,0.1015625,0.9140051115235138,9.140051115235138e-07,mle,0.329222371420025,0.8437157316767758,ok,True,True,extraction,
csi300,1908,2021-06-09,1396,1907,512,-1.6478917801610828,linear,52,0,52,52,0,52,0.1,0.1015625,0.1015625,0.9135028631766824,9.135028631766823e-07,mle,0.329222371420025,0.8437157316767758,ok,True,True,extraction,
csi300,1909,2021-06-10,1397,1908,512,-1.6478917801610828,linear,52,0,52,52,0,52,0.1,0.1015625,0.1015625,0.9049825029134321,9.04982502913432e-07,mle,0.329222371420025,0.8437157316767758,ok,True,True,extraction,
csi300,1910,2021-06-11,1398,1909,512,-1.6478917801610828,linear,52,0,52,52,0,52,0.1,0.1015625,0.1015625,0.9052280955390828,9.052280955390828e-07,mle,0.329222371420025,0.8437157316767758,ok,True,True,extraction,
csi300,1911,2021-06-14,1399,1910,512,-1.6478917801610828,linear,52,0,52,52,0,52,0.1,0.1015625,0.1015625,0.9135028631766824,9.135028631766823e-07,mle,0.329222371420025,0.8437157316767758,ok,True,True,extraction,
csi300,1912,2021-06-15,1400,1911,512,-1.6478917801610828,linear,52,0,52,52,0,52,0.1,0.1015625,0.1015625,0.9049825029134321,9.04982502913432e-07,mle,0.329222371420025,0.8437157316767758,ok,True,True,extraction,
csi300,1913,2021-06-16,1401,1912,512,-1.6478917801610828,linear,52,0,52,52,0,52,0.1,0.1015625,0.1015625,0.9132572705510318,9.132572705510318e-07,mle,0.329222371420025,0.8437157316767758,ok,True,True,extraction,
csi300,1914,2021-06-17,1402,1913,512,-1.681299365027896,linear,52,0,52,52,0,52,0.1,0.1015625,0.1015625,0.9132572705510318,9.132572705510318e-07,mle,0.35329282389222527,0.8060766852165964,ok,True,True,extraction,
csi300,1915,2021-06-18,1403,1914,512,-1.681299365027896,linear,52,0,52,52,0,52,0.1,0.1015625,0.1015625,0.9135028631766824,9.135028631766823e-07,mle,0.35329282389222527,0.8060766852165964,ok,True,True,extraction,
csi300,1916,2021-06-21,1404,1915,512,-1.681299365027896,linear,52,0,52,52,0,52,0.1,0.1015625,0.1015625,0.9132572705510318,9.132572705510318e-07,mle,0.35329282389222527,0.8060766852165964,ok,True,True,extraction,
csi300,1917,2021-06-22,1405,1916,512,-1.681299365027896,linear,52,0,52,52,0,52,0.1,0.1015625,0.1015625,0.9132572705510318,9.132572705510318e-07,mle,0.35329282389222527,0.8060766852165964,ok,True,True,extraction,
csi300,1918,2021-06-23,1406,1917,512,-1.681299365027896,linear,52,0,52,52,0,52,0.1,0.1015625,0.1015625,0.9039019337468872,9.039019337468871e-07,mle,0.35329282389222527,0.8060766852165964,ok,True,True,extraction,
csi300,1919,2021-06-24,1407,1918,512,-1.681299365027896,linear,52,0,52,52,0,52,0.1,0.1015625,0.1015625,0.9033140664834141,9.03314066483414e-07,mle,0.35329282389222527,0.8060766852165964,ok,True,True,extraction,
csi300,1920,2021-06-25,1408,1919,512,-1.681299365027896,linear,52,0,52,52,0,52,0.1,0.1015625,0.1015625,0.9033140664834141,9.03314066483414e-07,mle,0.35329282389222527,0.8060766852165964,ok,True,True,extraction,
csi300,1921,2021-06-28,1409,1920,512,-1.681299365027896,linear,52,0,52,52,0,52,0.1,0.1015625,0.1015625,0.9035596591090648,9.035596591090647e-07,mle,0.35329282389222527,0.8060766852165964,ok,True,True,extraction,
csi300,1922,2021-06-29,1410,1921,512,-1.681299365027896,linear,52,0,52,52,0,52,0.1,0.1015625,0.1015625,0.9033140664834141,9.03314066483414e-07,mle,0.35329282389222527,0.8060766852165964,ok,True,True,extraction,
csi300,1923,2021-06-30,1411,1922,512,-1.681299365027896,linear,52,0,52,52,0,52,0.1,0.1015625,0.1015625,0.9022334973168692,9.022334973168692e-07,mle,0.35329282389222527,0.8060766852165964,ok,True,True,extraction,
csi300,1924,2021-07-01,1412,1923,512,-1.681299365027896,linear,52,0,52,52,0,52,0.1,0.1015625,0.1015625,0.9022334973168692,9.022334973168692e-07,mle,0.35329282389222527,0.8060766852165964,ok,True,True,extraction,
csi300,1925,2021-07-02,1413,1924,512,-1.681299365027896,linear,52,0,52,52,0,52,0.1,0.1015625,0.1015625,0.9008494862487649,9.008494862487649e-07,mle,0.35329282389222527,0.8060766852165964,ok,True,True,extraction,
csi300,1926,2021-07-06,1414,1925,512,-1.681299365027896,linear,52,0,52,52,0,52,0.1,0.1015625,0.1015625,0.9008494862487649,9.008494862487649e-07,mle,0.35329282389222527,0.8060766852165964,ok,True,True,extraction,
csi300,1927,2021-07-07,1415,1926,512,-1.681299365027896,linear,52,0,52,52,0,52,0.1,0.1015625,0.1015625,0.9001558737922978,9.001558737922978e-07,mle,0.35329282389222527,0.8060766852165964,ok,True,True,extraction,
csi300,1928,2021-07-08,1416,1927,512,-1.6478917801610828,linear,52,0,52,52,0,52,0.1,0.1015625,0.1015625,0.9008494862487649,9.008494862487649e-07,mle,0.31066975698860483,0.8675830727081554,ok,True,True,extraction,
csi300,1929,2021-07-09,1417,1928,512,-1.681299365027896,linear,52,0,52,52,0,52,0.1,0.1015625,0.1015625,0.9013947691870451,9.01394769187045e-07,mle,0.3428272059138281,0.8181384261210901,ok,True,True,extraction,
csi300,1930,2021-07-12,1418,1929,512,-1.681299365027896,linear,52,0,52,52,0,52,0.1,0.1015625,0.1015625,0.9096695368246448,9.096695368246448e-07,mle,0.3428272059138281,0.8181384261210901,ok,True,True,extraction,
csi300,1931,2021-07-13,1419,1930,512,-1.681299365027896,linear,52,0,52,52,0,52,0.1,0.1015625,0.1015625,0.9096695368246448,9.096695368246448e-07,mle,0.3428272059138281,0.8181384261210901,ok,True,True,extraction,
csi300,1932,2021-07-14,1420,1931,512,-1.681299365027896,linear,52,0,52,52,0,52,0.1,0.1015625,0.1015625,0.9002959518770766,9.002959518770765e-07,mle,0.3428272059138281,0.8181384261210901,ok,True,True,extraction,
csi300,1933,2021-07-15,1421,1932,512,-1.681299365027896,linear,52,0,52,52,0,52,0.1,0.1015625,0.1015625,0.8990522475470405,8.990522475470404e-07,mle,0.3428272059138281,0.8181384261210901,ok,True,True,extraction,
csi300,1934,2021-07-16,1422,1933,512,-1.681299365027896,linear,52,0,52,52,0,52,0.1,0.1015625,0.1015625,0.9013947691870451,9.01394769187045e-07,mle,0.3428272059138281,0.8181384261210901,ok,True,True,extraction,
csi300,1935,2021-07-19,1423,1934,512,-1.681299365027896,linear,52,0,52,52,0,52,0.1,0.1015625,0.1015625,0.9013947691870451,9.01394769187045e-07,mle,0.3428272059138281,0.8181384261210901,ok,True,True,extraction,
csi300,1936,2021-07-20,1424,1935,512,-1.681299365027896,linear,52,0,52,52,0,52,0.1,0.1015625,0.1015625,0.9001558737922978,9.001558737922978e-07,mle,0.3428272059138281,0.8181384261210901,ok,True,True,extraction,
csi300,1937,2021-07-21,1425,1936,512,-1.681299365027896,linear,52,0,52,52,0,52,0.1,0.1015625,0.1015625,0.9008494862487649,9.008494862487649e-07,mle,0.3428272059138281,0.8181384261210901,ok,True,True,extraction,
csi300,1938,2021-07-22,1426,1937,512,-1.681299365027896,linear,52,0,52,52,0,52,0.1,0.1015625,0.1015625,0.902517922678783,9.025179226787829e-07,mle,0.3428272059138281,0.8181384261210901,ok,True,True,extraction,
csi300,1939,2021-07-23,1427,1938,512,-1.681299365027896,linear,52,0,52,52,0,52,0.1,0.1015625,0.1015625,0.9008494862487649,9.008494862487649e-07,mle,0.3428272059138281,0.8181384261210901,ok,True,True,extraction,
csi300,1940,2021-07-26,1428,1939,512,-1.681299365027896,linear,52,0,52,52,0,52,0.1,0.1015625,0.1015625,0.9013947691870451,9.01394769187045e-07,mle,0.3428272059138281,0.8181384261210901,ok,True,True,extraction,
csi300,1941,2021-07-27,1429,1940,512,-1.698961610770562,linear,52,0,52,52,0,52,0.1,0.1015625,0.1015625,0.9084306414298975,9.084306414298974e-07,mle,0.3168853463759034,0.8599992853483448,ok,True,True,extraction,
csi300,1942,2021-07-28,1430,1941,512,-1.7045179224068505,linear,52,0,52,52,0,52,0.1,0.1015625,0.1015625,0.9156133327882674,9.156133327882673e-07,mle,0.2771443828730106,0.9447300600517565,ok,True,True,extraction,
csi300,1943,2021-07-29,1431,1942,512,-1.7045179224068505,linear,52,0,52,52,0,52,0.1,0.1015625,0.1015625,0.9229770839783131,9.229770839783131e-07,mle,0.2771443828730106,0.9447300600517565,ok,True,True,extraction,
csi300,1944,2021-07-30,1432,1943,512,-1.7045179224068505,linear,52,0,52,52,0,52,0.1,0.1015625,0.1015625,0.9298287773561815,9.298287773561814e-07,mle,0.2771443828730106,0.9447300600517565,ok,True,True,extraction,
csi300,1945,2021-08-02,1433,1944,512,-1.7045179224068505,linear,52,0,52,52,0,52,0.1,0.1015625,0.1015625,0.9298287773561815,9.298287773561814e-07,mle,0.2771443828730106,0.9447300600517565,ok,True,True,extraction,
csi300,1946,2021-08-03,1434,1945,512,-1.7045179224068505,linear,52,0,52,52,0,52,0.1,0.1015625,0.1015625,0.9328697844317447,9.328697844317447e-07,mle,0.2771443828730106,0.9447300600517565,ok,True,True,extraction,
csi300,1947,2021-08-04,1435,1946,512,-1.7045179224068505,linear,52,0,52,52,0,52,0.1,0.1015625,0.1015625,0.9339929379234826,9.339929379234825e-07,mle,0.2771443828730106,0.9447300600517565,ok,True,True,extraction,
csi300,1948,2021-08-05,1436,1947,512,-1.7045179224068505,linear,52,0,52,52,0,52,0.1,0.1015625,0.1015625,0.9339929379234826,9.339929379234825e-07,mle,0.2771443828730106,0.9447300600517565,ok,True,True,extraction,
csi300,1949,2021-08-06,1437,1948,512,-1.7045179224068505,linear,52,0,52,52,0,52,0.1,0.1015625,0.1015625,0.9339929379234826,9.339929379234825e-07,mle,0.2771443828730106,0.9447300600517565,ok,True,True,extraction,
csi300,1950,2021-08-09,1438,1949,512,-1.7045179224068505,linear,52,0,52,52,0,52,0.1,0.1015625,0.1015625,0.9349524950391859,9.349524950391859e-07,mle,0.2771443828730106,0.9447300600517565,ok,True,True,extraction,
csi300,1951,2021-08-10,1439,1950,512,-1.7045179224068505,linear,52,0,52,52,0,52,0.1,0.1015625,0.1015625,0.9371345637278534,9.371345637278534e-07,mle,0.2771443828730106,0.9447300600517565,ok,True,True,extraction,
csi300,1952,2021-08-11,1440,1951,512,-1.7045179224068505,linear,52,0,52,52,0,52,0.1,0.1015625,0.1015625,0.9371345637278534,9.371345637278534e-07,mle,0.2771443828730106,0.9447300600517565,ok,True,True,extraction,
csi300,1953,2021-08-12,1441,1952,512,-1.7045179224068505,linear,52,0,52,52,0,52,0.1,0.1015625,0.1015625,0.9328697844317447,9.328697844317447e-07,mle,0.2771443828730106,0.9447300600517565,ok,True,True,extraction,
csi300,1954,2021-08-13,1442,1953,512,-1.698961610770562,linear,52,0,52,52,0,52,0.1,0.1015625,0.1015625,0.9328697844317447,9.328697844317447e-07,mle,0.3309076577372979,0.8640314784676499,ok,True,True,extraction,
csi300,1955,2021-08-16,1443,1954,512,-1.698961610770562,linear,52,0,52,52,0,52,0.1,0.1015625,0.1015625,0.9320108460448491,9.32010846044849e-07,mle,0.3309076577372979,0.8640314784676499,ok,True,True,extraction,
csi300,1956,2021-08-17,1444,1955,512,-1.681299365027896,linear,52,0,52,52,0,52,0.1,0.1015625,0.1015625,0.9298287773561815,9.298287773561814e-07,mle,0.35262592250267366,0.8176692003070348,ok,True,True,extraction,
csi300,1957,2021-08-18,1445,1956,512,-1.698961610770562,linear,52,0,52,52,0,52,0.1,0.1015625,0.1015625,0.9298287773561815,9.298287773561814e-07,mle,0.3372469189189453,0.831744250467731,ok,True,True,extraction,
csi300,1958,2021-08-19,1446,1957,512,-1.698961610770562,linear,52,0,52,52,0,52,0.1,0.1015625,0.1015625,0.9298287773561815,9.298287773561814e-07,mle,0.3372469189189453,0.831744250467731,ok,True,True,extraction,
csi300,1959,2021-08-20,1447,1958,512,-1.698961610770562,linear,52,0,52,52,0,52,0.1,0.1015625,0.1015625,0.9249591758569466,9.249591758569466e-07,mle,0.3372469189189453,0.831744250467731,ok,True,True,extraction,
csi300,1960,2021-08-23,1448,1959,512,-1.698961610770562,linear,52,0,52,52,0,52,0.1,0.1015625,0.1015625,0.9249591758569466,9.249591758569466e-07,mle,0.35549926463720816,0.8114573115060859,ok,True,True,extraction,
csi300,1961,2021-08-24,1449,1960,512,-1.698961610770562,linear,52,0,52,52,0,52,0.1,0.1015625,0.1015625,0.9298287773561815,9.298287773561814e-07,mle,0.35549926463720816,0.8114573115060859,ok,True,True,extraction,
csi300,1962,2021-08-25,1450,1961,512,-1.698961610770562,linear,52,0,52,52,0,52,0.1,0.1015625,0.1015625,0.9298287773561815,9.298287773561814e-07,mle,0.35549926463720816,0.8114573115060859,ok,True,True,extraction,
csi300,1963,2021-08-26,1451,1962,512,-1.681299365027896,linear,52,0,52,52,0,52,0.1,0.1015625,0.1015625,0.9249591758569466,9.249591758569466e-07,mle,0.3786510114680139,0.785114184684506,ok,True,True,extraction,
csi300,1964,2021-08-27,1452,1963,512,-1.698961610770562,linear,52,0,52,52,0,52,0.1,0.1015625,0.1015625,0.9241002374700509,9.241002374700509e-07,mle,0.3933178306363576,0.7632543346294416,ok,True,True,extraction,
csi300,1965,2021-08-30,1453,1964,512,-1.698961610770562,linear,52,0,52,52,0,52,0.1,0.1015625,0.1015625,0.9241002374700509,9.241002374700509e-07,mle,0.3933178306363576,0.7632543346294416,ok,True,True,extraction,
csi300,1966,2021-08-31,1454,1965,512,-1.698961610770562,linear,52,0,52,52,0,52,0.1,0.1015625,0.1015625,0.9298287773561815,9.298287773561814e-07,mle,0.3933178306363576,0.7632543346294416,ok,True,True,extraction,
csi300,1967,2021-09-01,1455,1966,512,-1.698961610770562,linear,52,0,52,52,0,52,0.1,0.1015625,0.1015625,0.9298287773561815,9.298287773561814e-07,mle,0.3933178306363576,0.7632543346294416,ok,True,True,extraction,
csi300,1968,2021-09-02,1456,1967,512,-1.698961610770562,linear,52,0,52,52,0,52,0.1,0.1015625,0.1015625,0.9298287773561815,9.298287773561814e-07,mle,0.3933178306363576,0.7632543346294416,ok,True,True,extraction,
csi300,1969,2021-09-03,1457,1968,512,-1.698961610770562,linear,52,0,52,52,0,52,0.1,0.1015625,0.1015625,0.9241002374700509,9.241002374700509e-07,mle,0.3933178306363576,0.7632543346294416,ok,True,True,extraction,
csi300,1970,2021-09-07,1458,1969,512,-1.681299365027896,linear,52,0,52,52,0,52,0.1,0.1015625,0.1015625,0.9190790079200097,9.190790079200097e-07,mle,0.37241562838592107,0.7918396461099261,ok,True,True,extraction,
csi300,1971,2021-09-08,1459,1970,512,-1.681299365027896,linear,52,0,52,52,0,52,0.1,0.1015625,0.1015625,0.9241002374700509,9.241002374700509e-07,mle,0.37241562838592107,0.7918396461099261,ok,True,True,extraction,
csi300,1972,2021-09-09,1460,1971,512,-1.681299365027896,linear,52,0,52,52,0,52,0.1,0.1015625,0.1015625,0.9241002374700509,9.241002374700509e-07,mle,0.37241562838592107,0.7918396461099261,ok,True,True,extraction,
csi300,1973,2021-09-10,1461,1972,512,-1.681299365027896,linear,52,0,52,52,0,52,0.1,0.1015625,0.1015625,0.9241002374700509,9.241002374700509e-07,mle,0.37241562838592107,0.7918396461099261,ok,True,True,extraction,
csi300,1974,2021-09-13,1462,1973,512,-1.681299365027896,linear,52,0,52,52,0,52,0.1,0.1015625,0.1015625,0.9190790079200097,9.190790079200097e-07,mle,0.37241562838592107,0.7918396461099261,ok,True,True,extraction,
csi300,1975,2021-09-14,1463,1974,512,-1.681299365027896,linear,52,0,52,52,0,52,0.1,0.1015625,0.1015625,0.9190790079200097,9.190790079200097e-07,mle,0.37241562838592107,0.7918396461099261,ok,True,True,extraction,
csi300,1976,2021-09-15,1464,1975,512,-1.698961610770562,linear,52,0,52,52,0,52,0.1,0.1015625,0.1015625,0.9229770839783131,9.229770839783131e-07,mle,0.38636016536095663,0.7704360692532863,ok,True,True,extraction,
csi300,1977,2021-09-16,1465,1976,512,-1.698961610770562,linear,52,0,52,52,0,52,0.1,0.1015625,0.1015625,0.9156133327882674,9.156133327882673e-07,mle,0.38636016536095663,0.7704360692532863,ok,True,True,extraction,
csi300,1978,2021-09-17,1466,1977,512,-1.7045179224068505,linear,52,0,52,52,0,52,0.1,0.1015625,0.1015625,0.9137125947982238,9.137125947982237e-07,mle,0.3652031236924037,0.7905277230931895,ok,True,True,extraction,
csi300,1979,2021-09-20,1467,1978,512,-1.7045179224068505,linear,52,0,52,52,0,52,0.1,0.1015625,0.1015625,0.9137125947982238,9.137125947982237e-07,mle,0.3652031236924037,0.7905277230931895,ok,True,True,extraction,
csi300,1980,2021-09-21,1468,1979,512,-1.7383936454091948,linear,52,0,52,52,0,52,0.1,0.1015625,0.1015625,0.9137548552574493,9.137548552574492e-07,mle,0.37893749307947566,0.7736200839990777,ok,True,True,extraction,
csi300,1981,2021-09-22,1469,1980,512,-1.7383936454091948,linear,52,0,52,52,0,52,0.1,0.1015625,0.1015625,0.9187338243482649,9.187338243482649e-07,mle,0.37893749307947566,0.7736200839990777,ok,True,True,extraction,
csi300,1982,2021-09-23,1470,1981,512,-1.7383936454091948,linear,52,0,52,52,0,52,0.1,0.1015625,0.1015625,0.9298287773561815,9.298287773561814e-07,mle,0.37893749307947566,0.7736200839990777,ok,True,True,extraction,
csi300,1983,2021-09-24,1471,1982,512,-1.7383936454091948,linear,52,0,52,52,0,52,0.1,0.1015625,0.1015625,0.9206345623383085,9.206345623383085e-07,mle,0.37893749307947566,0.7736200839990777,ok,True,True,extraction,
csi300,1984,2021-09-27,1472,1983,512,-1.7383936454091948,linear,52,0,52,52,0,52,0.1,0.1015625,0.1015625,0.9187338243482649,9.187338243482649e-07,mle,0.37893749307947566,0.7736200839990777,ok,True,True,extraction,
csi300,1985,2021-09-28,1473,1984,512,-1.7383936454091948,linear,52,0,52,52,0,52,0.1,0.1015625,0.1015625,0.9206345623383085,9.206345623383085e-07,mle,0.37893749307947566,0.7736200839990777,ok,True,True,extraction,
csi300,1986,2021-09-29,1474,1985,512,-1.7383936454091948,linear,52,0,52,52,0,52,0.1,0.1015625,0.1015625,0.9206345623383085,9.206345623383085e-07,mle,0.37893749307947566,0.7736200839990777,ok,True,True,extraction,
csi300,1987,2021-09-30,1475,1986,512,-1.7383936454091948,linear,52,0,52,52,0,52,0.1,0.1015625,0.1015625,0.9298287773561815,9.298287773561814e-07,mle,0.37893749307947566,0.7736200839990777,ok,True,True,extraction,
csi300,1988,2021-10-01,1476,1987,512,-1.7383936454091948,linear,52,0,52,52,0,52,0.1,0.1015625,0.1015625,0.9349524950391859,9.349524950391859e-07,mle,0.37893749307947566,0.7736200839990777,ok,True,True,extraction,
csi300,1989,2021-10-04,1477,1988,512,-1.7383936454091948,linear,52,0,52,52,0,52,0.1,0.1015625,0.1015625,0.9349524950391859,9.349524950391859e-07,mle,0.37893749307947566,0.7736200839990777,ok,True,True,extraction,
csi300,1990,2021-10-05,1478,1989,512,-1.7383936454091948,linear,52,0,52,52,0,52,0.1,0.1015625,0.1015625,0.9371345637278534,9.371345637278534e-07,mle,0.37893749307947566,0.7736200839990777,ok,True,True,extraction,
csi300,1991,2021-10-06,1479,1990,512,-1.7383936454091948,linear,52,0,52,52,0,52,0.1,0.1015625,0.1015625,0.9371345637278534,9.371345637278534e-07,mle,0.37893749307947566,0.7736200839990777,ok,True,True,extraction,
csi300,1992,2021-10-07,1480,1991,512,-1.7383936454091948,linear,52,0,52,52,0,52,0.1,0.1015625,0.1015625,0.9371345637278534,9.371345637278534e-07,mle,0.37893749307947566,0.7736200839990777,ok,True,True,extraction,
csi300,1993,2021-10-08,1481,1992,512,-1.7383936454091948,linear,52,0,52,52,0,52,0.1,0.1015625,0.1015625,0.9371345637278534,9.371345637278534e-07,mle,0.37893749307947566,0.7736200839990777,ok,True,True,extraction,
csi300,1994,2021-10-11,1482,1993,512,-1.7383936454091948,linear,52,0,52,52,0,52,0.1,0.1015625,0.1015625,0.9371345637278534,9.371345637278534e-07,mle,0.37893749307947566,0.7736200839990777,ok,True,True,extraction,
csi300,1995,2021-10-12,1483,1994,512,-1.7383936454091948,linear,52,0,52,52,0,52,0.1,0.1015625,0.1015625,0.9371345637278534,9.371345637278534e-07,mle,0.37893749307947566,0.7736200839990777,ok,True,True,extraction,
csi300,1996,2021-10-13,1484,1995,512,-1.7383936454091948,linear,52,0,52,52,0,52,0.1,0.1015625,0.1015625,0.9421941853592855,9.421941853592854e-07,mle,0.37893749307947566,0.7736200839990777,ok,True,True,extraction,
csi300,1997,2021-10-14,1485,1996,512,-1.7383936454091948,linear,52,0,52,52,0,52,0.1,0.1015625,0.1015625,0.9481848830050079,9.481848830050079e-07,mle,0.37893749307947566,0.7736200839990777,ok,True,True,extraction,
csi300,1998,2021-10-15,1486,1997,512,-1.7383936454091948,linear,52,0,52,52,0,52,0.1,0.1015625,0.1015625,0.9528375472112036,9.528375472112036e-07,mle,0.37893749307947566,0.7736200839990777,ok,True,True,extraction,
csi300,1999,2021-10-18,1487,1998,512,-1.7383936454091948,linear,52,0,52,52,0,52,0.1,0.1015625,0.1015625,0.9528375472112036,9.528375472112036e-07,mle,0.37893749307947566,0.7736200839990777,ok,True,True,extraction,
csi300,2000,2021-10-19,1488,1999,512,-1.7383936454091948,linear,52,0,52,52,0,52,0.1,0.1015625,0.1015625,0.9563762880940995,9.563762880940995e-07,mle,0.37893749307947566,0.7736200839990777,ok,True,True,extraction,
csi300,2001,2021-10-20,1489,2000,512,-1.7383936454091948,linear,52,0,52,52,0,52,0.1,0.1015625,0.1015625,0.9552531346023616,9.552531346023616e-07,mle,0.37893749307947566,0.7736200839990777,ok,True,True,extraction,
csi300,2002,2021-10-21,1490,2001,512,-1.7383936454091948,linear,52,0,52,52,0,52,0.1,0.1015625,0.1015625,0.9528375472112036,9.528375472112036e-07,mle,0.37893749307947566,0.7736200839990777,ok,True,True,extraction,
csi300,2003,2021-10-22,1491,2002,512,-1.7383936454091948,linear,52,0,52,52,0,52,0.1,0.1015625,0.1015625,0.9481848830050079,9.481848830050079e-07,mle,0.37893749307947566,0.7736200839990777,ok,True,True,extraction,
csi300,2004,2021-10-25,1492,2003,512,-1.7383936454091948,linear,52,0,52,52,0,52,0.1,0.1015625,0.1015625,0.9431252613735759,9.431252613735758e-07,mle,0.37893749307947566,0.7736200839990777,ok,True,True,extraction,
csi300,2005,2021-10-26,1493,2004,512,-1.7383936454091948,linear,52,0,52,52,0,52,0.1,0.1015625,0.1015625,0.9431252613735759,9.431252613735758e-07,mle,0.37893749307947566,0.7736200839990777,ok,True,True,extraction,
csi300,2006,2021-10-27,1494,2005,512,-1.7383936454091948,linear,52,0,52,52,0,52,0.1,0.1015625,0.1015625,0.9431252613735759,9.431252613735758e-07,mle,0.37893749307947566,0.7736200839990777,ok,True,True,extraction,
csi300,2007,2021-10-28,1495,2006,512,-1.7383936454091948,linear,52,0,52,52,0,52,0.1,0.1015625,0.1015625,0.9481848830050079,9.481848830050079e-07,mle,0.37893749307947566,0.7736200839990777,ok,True,True,extraction,
csi300,2008,2021-10-29,1496,2007,512,-1.7383936454091948,linear,52,0,52,52,0,52,0.1,0.1015625,0.1015625,0.9481848830050079,9.481848830050079e-07,mle,0.37893749307947566,0.7736200839990777,ok,True,True,extraction,
csi300,2009,2021-11-01,1497,2008,512,-1.7383936454091948,linear,52,0,52,52,0,52,0.1,0.1015625,0.1015625,0.9431252613735759,9.431252613735758e-07,mle,0.37893749307947566,0.7736200839990777,ok,True,True,extraction,
csi300,2010,2021-11-02,1498,2009,512,-1.7383936454091948,linear,52,0,52,52,0,52,0.1,0.1015625,0.1015625,0.9431252613735759,9.431252613735758e-07,mle,0.37893749307947566,0.7736200839990777,ok,True,True,extraction,
csi300,2011,2021-11-03,1499,2010,512,-1.7383936454091948,linear,52,0,52,52,0,52,0.1,0.1015625,0.1015625,0.9481848830050079,9.481848830050079e-07,mle,0.37893749307947566,0.7736200839990777,ok,True,True,extraction,
csi300,2012,2021-11-04,1500,2011,512,-1.7383936454091948,linear,52,0,52,52,0,52,0.1,0.1015625,0.1015625,0.9481848830050079,9.481848830050079e-07,mle,0.37893749307947566,0.7736200839990777,ok,True,True,extraction,
csi300,2013,2021-11-05,1501,2012,512,-1.7383936454091948,linear,52,0,52,52,0,52,0.1,0.1015625,0.1015625,0.9481848830050079,9.481848830050079e-07,mle,0.37893749307947566,0.7736200839990777,ok,True,True,extraction,
csi300,2014,2021-11-08,1502,2013,512,-1.7383936454091948,linear,52,0,52,52,0,52,0.1,0.1015625,0.1015625,0.9431252613735758,9.431252613735757e-07,mle,0.37893749307947566,0.7736200839990777,ok,True,True,extraction,
csi300,2015,2021-11-09,1503,2014,512,-1.7383936454091948,linear,52,0,52,52,0,52,0.1,0.1015625,0.1015625,0.9431252613735758,9.431252613735757e-07,mle,0.37893749307947566,0.7736200839990777,ok,True,True,extraction,
csi300,2016,2021-11-10,1504,2015,512,-1.7383936454091948,linear,52,0,52,52,0,52,0.1,0.1015625,0.1015625,0.9431252613735758,9.431252613735757e-07,mle,0.37893749307947566,0.7736200839990777,ok,True,True,extraction,
csi300,2017,2021-11-11,1505,2016,512,-1.7383936454091948,linear,52,0,52,52,0,52,0.1,0.1015625,0.1015625,0.9431252613735758,9.431252613735757e-07,mle,0.37893749307947566,0.7736200839990777,ok,True,True,extraction,
csi300,2018,2021-11-12,1506,2017,512,-1.7383936454091948,linear,52,0,52,52,0,52,0.1,0.1015625,0.1015625,0.9481848830050079,9.481848830050079e-07,mle,0.37893749307947566,0.7736200839990777,ok,True,True,extraction,
csi300,2019,2021-11-15,1507,2018,512,-1.7383936454091948,linear,52,0,52,52,0,52,0.1,0.1015625,0.1015625,0.9431252613735758,9.431252613735757e-07,mle,0.37893749307947566,0.7736200839990777,ok,True,True,extraction,
csi300,2020,2021-11-16,1508,2019,512,-1.7383936454091948,linear,52,0,52,52,0,52,0.1,0.1015625,0.1015625,0.9432151666443465,9.432151666443464e-07,mle,0.37893749307947566,0.7736200839990777,ok,True,True,extraction,
csi300,2021,2021-11-17,1509,2020,512,-1.7383936454091948,linear,52,0,52,52,0,52,0.1,0.1015625,0.1015625,0.945959192196463,9.45959192196463e-07,mle,0.37893749307947566,0.7736200839990777,ok,True,True,extraction,
csi300,2022,2021-11-18,1510,2021,512,-1.7383936454091948,linear,52,0,52,52,0,52,0.1,0.1015625,0.1015625,0.9432151666443465,9.432151666443464e-07,mle,0.37893749307947566,0.7736200839990777,ok,True,True,extraction,
csi300,2023,2021-11-19,1511,2022,512,-1.7383936454091948,linear,52,0,52,52,0,52,0.1,0.1015625,0.1015625,0.945959192196463,9.45959192196463e-07,mle,0.37893749307947566,0.7736200839990777,ok,True,True,extraction,
csi300,2024,2021-11-22,1512,2023,512,-1.7383936454091948,linear,52,0,52,52,0,52,0.1,0.1015625,0.1015625,0.9481412608851305,9.481412608851305e-07,mle,0.37893749307947566,0.7736200839990777,ok,True,True,extraction,
csi300,2025,2021-11-23,1513,2024,512,-1.7045179224068505,linear,52,0,52,52,0,52,0.1,0.1015625,0.1015625,0.9431252613735758,9.431252613735757e-07,mle,0.3266313798873563,0.8436335346043145,ok,True,True,extraction,
csi300,2026,2021-11-24,1514,2025,512,-1.7045179224068505,linear,52,0,52,52,0,52,0.1,0.1015625,0.1015625,0.9382361975535307,9.382361975535307e-07,mle,0.3266313798873563,0.8436335346043145,ok,True,True,extraction,
csi300,2027,2021-11-26,1515,2026,512,-1.7045179224068505,linear,52,0,52,52,0,52,0.1,0.1015625,0.1015625,0.9371345637278534,9.371345637278534e-07,mle,0.3266313798873563,0.8436335346043145,ok,True,True,extraction,
csi300,2028,2021-11-29,1516,2027,512,-1.7045179224068505,linear,52,0,52,52,0,52,0.1,0.1015625,0.1015625,0.9454778878736304,9.454778878736303e-07,mle,0.3266313798873563,0.8436335346043145,ok,True,True,extraction,
csi300,2029,2021-11-30,1517,2028,512,-1.7045179224068505,linear,52,0,52,52,0,52,0.1,0.1015625,0.1015625,0.9435771498835869,9.435771498835868e-07,mle,0.3266313798873563,0.8436335346043145,ok,True,True,extraction,
csi300,2030,2021-12-01,1518,2029,512,-1.7045179224068505,linear,52,0,52,52,0,52,0.1,0.1015625,0.1015625,0.9435771498835869,9.435771498835868e-07,mle,0.3266313798873563,0.8436335346043145,ok,True,True,extraction,
csi300,2031,2021-12-02,1519,2030,512,-1.7045179224068505,linear,52,0,52,52,0,52,0.1,0.1015625,0.1015625,0.9454778878736304,9.454778878736303e-07,mle,0.3266313798873563,0.8436335346043145,ok,True,True,extraction,
csi300,2032,2021-12-03,1520,2031,512,-1.7045179224068505,linear,52,0,52,52,0,52,0.1,0.1015625,0.1015625,0.9371345637278534,9.371345637278534e-07,mle,0.3266313798873563,0.8436335346043145,ok,True,True,extraction,
csi300,2033,2021-12-06,1521,2032,512,-1.7045179224068505,linear,52,0,52,52,0,52,0.1,0.1015625,0.1015625,0.9371345637278534,9.371345637278534e-07,mle,0.3266313798873563,0.8436335346043145,ok,True,True,extraction,
csi300,2034,2021-12-07,1522,2033,512,-1.7045179224068505,linear,52,0,52,52,0,52,0.1,0.1015625,0.1015625,0.9371345637278534,9.371345637278534e-07,mle,0.3266313798873563,0.8436335346043145,ok,True,True,extraction,
csi300,2035,2021-12-08,1523,2034,512,-1.7045179224068505,linear,52,0,52,52,0,52,0.1,0.1015625,0.1015625,0.9371345637278534,9.371345637278534e-07,mle,0.3266313798873563,0.8436335346043145,ok,True,True,extraction,
csi300,2036,2021-12-09,1524,2035,512,-1.7045179224068505,linear,52,0,52,52,0,52,0.1,0.1015625,0.1015625,0.9421941853592855,9.421941853592854e-07,mle,0.3266313798873563,0.8436335346043145,ok,True,True,extraction,
csi300,2037,2021-12-10,1525,2036,512,-1.7045179224068505,linear,52,0,52,52,0,52,0.1,0.1015625,0.1015625,0.9421941853592855,9.421941853592854e-07,mle,0.3266313798873563,0.8436335346043145,ok,True,True,extraction,
csi300,2038,2021-12-13,1526,2037,512,-1.698961610770562,linear,52,0,52,52,0,52,0.1,0.1015625,0.1015625,0.9371345637278534,9.371345637278534e-07,mle,0.3387994903170517,0.832383922237441,ok,True,True,extraction,
csi300,2039,2021-12-14,1527,2038,512,-1.698961610770562,linear,52,0,52,52,0,52,0.1,0.1015625,0.1015625,0.9371345637278534,9.371345637278534e-07,mle,0.3387994903170517,0.832383922237441,ok,True,True,extraction,
csi300,2040,2021-12-15,1528,2039,512,-1.698961610770562,linear,52,0,52,52,0,52,0.1,0.1015625,0.1015625,0.9371345637278534,9.371345637278534e-07,mle,0.3387994903170517,0.832383922237441,ok,True,True,extraction,
csi300,2041,2021-12-16,1529,2040,512,-1.698961610770562,linear,52,0,52,52,0,52,0.1,0.1015625,0.1015625,0.9334255710493216,9.334255710493215e-07,mle,0.3387994903170517,0.832383922237441,ok,True,True,extraction,
csi300,2042,2021-12-17,1530,2041,512,-1.698961610770562,linear,52,0,52,52,0,52,0.1,0.1015625,0.1015625,0.9334255710493216,9.334255710493215e-07,mle,0.3387994903170517,0.832383922237441,ok,True,True,extraction,
csi300,2043,2021-12-20,1531,2042,512,-1.7045179224068505,linear,52,0,52,52,0,52,0.1,0.1015625,0.1015625,0.9371345637278534,9.371345637278534e-07,mle,0.34939235047666667,0.8184864830681697,ok,True,True,extraction,
csi300,2044,2021-12-21,1532,2043,512,-1.7045179224068505,linear,52,0,52,52,0,52,0.1,0.1015625,0.1015625,0.9371345637278534,9.371345637278534e-07,mle,0.34939235047666667,0.8184864830681697,ok,True,True,extraction,
csi300,2045,2021-12-22,1533,2044,512,-1.7045179224068505,linear,52,0,52,52,0,52,0.1,0.1015625,0.1015625,0.9371345637278534,9.371345637278534e-07,mle,0.34939235047666667,0.8184864830681697,ok,True,True,extraction,
csi300,2046,2021-12-23,1534,2045,512,-1.7045179224068505,linear,52,0,52,52,0,52,0.1,0.1015625,0.1015625,0.9371345637278534,9.371345637278534e-07,mle,0.34939235047666667,0.8184864830681697,ok,True,True,extraction,
csi300,2047,2021-12-27,1535,2046,512,-1.7045179224068505,linear,52,0,52,52,0,52,0.1,0.1015625,0.1015625,0.9320108460448491,9.32010846044849e-07,mle,0.34939235047666667,0.8184864830681697,ok,True,True,extraction,
csi300,2048,2021-12-28,1536,2047,512,-1.7045179224068505,linear,52,0,52,52,0,52,0.1,0.1015625,0.1015625,0.9320108460448491,9.32010846044849e-07,mle,0.34939235047666667,0.8184864830681697,ok,True,True,extraction,
csi300,2049,2021-12-29,1537,2048,512,-1.7045179224068505,linear,52,0,52,52,0,52,0.1,0.1015625,0.1015625,0.9237400592046516,9.237400592046516e-07,mle,0.34939235047666667,0.8184864830681697,ok,True,True,extraction,
csi300,2050,2021-12-30,1538,2049,512,-1.7152494990523495,linear,52,0,52,52,0,52,0.1,0.1015625,0.1015625,0.9237400592046516,9.237400592046516e-07,mle,0.3697469093173791,0.792480033208631,ok,True,True,extraction,
csi300,2051,2021-12-31,1539,2050,512,-1.7152494990523495,linear,52,0,52,52,0,52,0.1,0.1015625,0.1015625,0.9320108460448491,9.32010846044849e-07,mle,0.3697469093173791,0.792480033208631,ok,True,True,extraction,
csi300,2052,2022-01-03,1540,2051,512,-1.7152494990523495,linear,52,0,52,52,0,52,0.1,0.1015625,0.1015625,0.9320108460448491,9.32010846044849e-07,mle,0.3697469093173791,0.792480033208631,ok,True,True,extraction,
csi300,2053,2022-01-04,1541,2052,512,-1.7152494990523495,linear,52,0,52,52,0,52,0.1,0.1015625,0.1015625,0.9306278815205477,9.306278815205477e-07,mle,0.3697469093173791,0.792480033208631,ok,True,True,extraction,
csi300,2054,2022-01-05,1542,2053,512,-1.7045179224068505,linear,52,0,52,52,0,52,0.1,0.1015625,0.1015625,0.9306278815205477,9.306278815205477e-07,mle,0.3553910959747789,0.8120824084338132,ok,True,True,extraction,
csi300,2055,2022-01-06,1543,2054,512,-1.7045179224068505,linear,52,0,52,52,0,52,0.1,0.1015625,0.1015625,0.9371345637278533,9.371345637278533e-07,mle,0.3553910959747789,0.8120824084338132,ok,True,True,extraction,
csi300,2056,2022-01-07,1544,2055,512,-1.7045179224068505,linear,52,0,52,52,0,52,0.1,0.1015625,0.1015625,0.928863776887656,9.288637768876559e-07,mle,0.3553910959747789,0.8120824084338132,ok,True,True,extraction,
csi300,2057,2022-01-10,1545,2056,512,-1.7045179224068505,linear,52,0,52,52,0,52,0.1,0.1015625,0.1015625,0.9288637768876559,9.288637768876558e-07,mle,0.3553910959747789,0.8120824084338132,ok,True,True,extraction,
csi300,2058,2022-01-11,1546,2057,512,-1.7045179224068505,linear,52,0,52,52,0,52,0.1,0.1015625,0.1015625,0.9237400592046516,9.237400592046516e-07,mle,0.3553910959747789,0.8120824084338132,ok,True,True,extraction,
csi300,2059,2022-01-12,1547,2058,512,-1.7045179224068505,linear,52,0,52,52,0,52,0.1,0.1015625,0.1015625,0.9089965055118414,9.089965055118414e-07,mle,0.3553910959747789,0.8120824084338132,ok,True,True,extraction,
csi300,2060,2022-01-13,1548,2059,512,-1.7045179224068505,linear,52,0,52,52,0,52,0.1,0.1015625,0.1015625,0.9089965055118414,9.089965055118414e-07,mle,0.3553910959747789,0.8120824084338132,ok,True,True,extraction,
csi300,2061,2022-01-14,1549,2060,512,-1.7152494990523495,linear,52,0,52,52,0,52,0.1,0.1015625,0.1015625,0.9089965055118414,9.089965055118414e-07,mle,0.31662592575661386,0.859523767438332,ok,True,True,extraction,
csi300,2062,2022-01-18,1550,2061,512,-1.7152494990523495,linear,52,0,52,52,0,52,0.1,0.1015625,0.1015625,0.9089965055118414,9.089965055118414e-07,mle,0.31662592575661386,0.859523767438332,ok,True,True,extraction,
csi300,2063,2022-01-19,1551,2062,512,-1.7152494990523495,linear,52,0,52,52,0,52,0.1,0.1015625,0.1015625,0.9166270753742369,9.166270753742368e-07,mle,0.31662592575661386,0.859523767438332,ok,True,True,extraction,
csi300,2064,2022-01-20,1552,2063,512,-1.7152494990523495,linear,52,0,52,52,0,52,0.1,0.1015625,0.1015625,0.9166270753742369,9.166270753742368e-07,mle,0.31662592575661386,0.859523767438332,ok,True,True,extraction,
csi300,2065,2022-01-21,1553,2064,512,-1.7152494990523495,linear,52,0,52,52,0,52,0.1,0.1015625,0.1015625,0.928863776887656,9.288637768876559e-07,mle,0.31662592575661386,0.859523767438332,ok,True,True,extraction,
csi300,2066,2022-01-24,1554,2065,512,-1.7152494990523495,linear,52,0,52,52,0,52,0.1,0.1015625,0.1015625,0.9398704740449332,9.398704740449331e-07,mle,0.31662592575661386,0.859523767438332,ok,True,True,extraction,
csi300,2067,2022-01-25,1555,2066,512,-1.7152494990523495,linear,52,0,52,52,0,52,0.1,0.1015625,0.1015625,0.928863776887656,9.288637768876559e-07,mle,0.31662592575661386,0.859523767438332,ok,True,True,extraction,
csi300,2068,2022-01-26,1556,2067,512,-1.7152494990523495,linear,52,0,52,52,0,52,0.1,0.1015625,0.1015625,0.9398704740449332,9.398704740449331e-07,mle,0.31662592575661386,0.859523767438332,ok,True,True,extraction,
csi300,2069,2022-01-27,1557,2068,512,-1.7152494990523495,linear,52,0,52,52,0,52,0.1,0.1015625,0.1015625,0.9398704740449331,9.39870474044933e-07,mle,0.31662592575661386,0.859523767438332,ok,True,True,extraction,
csi300,2070,2022-01-28,1558,2069,512,-1.7395370003921835,linear,52,0,52,52,0,52,0.1,0.1015625,0.1015625,0.9471548891511977,9.471548891511977e-07,mle,0.33341120560833926,0.831175594439467,ok,True,True,extraction,
csi300,2071,2022-01-31,1559,2070,512,-1.7395370003921835,linear,52,0,52,52,0,52,0.1,0.1015625,0.1015625,0.9515319626645327,9.515319626645326e-07,mle,0.33341120560833926,0.831175594439467,ok,True,True,extraction,
csi300,2072,2022-02-01,1560,2071,512,-1.7152494990523495,linear,52,0,52,52,0,52,0.1,0.1015625,0.1015625,0.9515319626645327,9.515319626645326e-07,mle,0.3453957846003778,0.8138374390886065,ok,True,True,extraction,
csi300,2073,2022-02-02,1561,2072,512,-1.7152494990523495,linear,52,0,52,52,0,52,0.1,0.1015625,0.1015625,0.9515319626645327,9.515319626645326e-07,mle,0.3453957846003778,0.8138374390886065,ok,True,True,extraction,
csi300,2074,2022-02-03,1562,2073,512,-1.7045179224068505,linear,52,0,52,52,0,52,0.1,0.1015625,0.1015625,0.9481412608851305,9.481412608851305e-07,mle,0.3621866782675594,0.7989685288137485,ok,True,True,extraction,
csi300,2075,2022-02-04,1563,2074,512,-1.7045179224068505,linear,52,0,52,52,0,52,0.1,0.1015625,0.1015625,0.9398704740449331,9.39870474044933e-07,mle,0.3621866782675594,0.7989685288137485,ok,True,True,extraction,
csi300,2076,2022-02-07,1564,2075,512,-1.698961610770562,linear,52,0,52,52,0,52,0.1,0.1015625,0.1015625,0.928863776887656,9.288637768876559e-07,mle,0.38569575432673764,0.7308627007398912,ok,True,True,extraction,
csi300,2077,2022-02-08,1565,2076,512,-1.698961610770562,linear,52,0,52,52,0,52,0.1,0.1015625,0.1015625,0.928863776887656,9.288637768876559e-07,mle,0.38569575432673764,0.7308627007398912,ok,True,True,extraction,
csi300,2078,2022-02-09,1566,2077,512,-1.698961610770562,linear,52,0,52,52,0,52,0.1,0.1015625,0.1015625,0.928863776887656,9.288637768876559e-07,mle,0.38569575432673764,0.7308627007398912,ok,True,True,extraction,
csi300,2079,2022-02-10,1567,2078,512,-1.698961610770562,linear,52,0,52,52,0,52,0.1,0.1015625,0.1015625,0.928863776887656,9.288637768876559e-07,mle,0.38569575432673764,0.7308627007398912,ok,True,True,extraction,
csi300,2080,2022-02-11,1568,2079,512,-1.6818374330988755,linear,52,0,52,52,0,52,0.1,0.1015625,0.1015625,0.9181843977305895,9.181843977305894e-07,mle,0.36750921104998346,0.7557941923127988,ok,True,True,extraction,
csi300,2081,2022-02-14,1569,2080,512,-1.698961610770562,linear,52,0,52,52,0,52,0.1,0.1015625,0.1015625,0.9181843977305895,9.181843977305894e-07,mle,0.38220064481754795,0.7344189633945329,ok,True,True,extraction,
csi300,2082,2022-02-15,1570,2081,512,-1.698961610770562,linear,52,0,52,52,0,52,0.1,0.1015625,0.1015625,0.9089965055118414,9.089965055118414e-07,mle,0.38220064481754795,0.7344189633945329,ok,True,True,extraction,
csi300,2083,2022-02-16,1571,2082,512,-1.698961610770562,linear,52,0,52,52,0,52,0.1,0.1015625,0.1015625,0.9166270753742369,9.166270753742368e-07,mle,0.38220064481754795,0.7344189633945329,ok,True,True,extraction,
csi300,2084,2022-02-17,1572,2083,512,-1.698961610770562,linear,52,0,52,52,0,52,0.1,0.1015625,0.1015625,0.9181843977305895,9.181843977305894e-07,mle,0.38220064481754795,0.7344189633945329,ok,True,True,extraction,
csi300,2085,2022-02-18,1573,2084,512,-1.698961610770562,linear,52,0,52,52,0,52,0.1,0.1015625,0.1015625,0.9181843977305895,9.181843977305894e-07,mle,0.38220064481754795,0.7344189633945329,ok,True,True,extraction,
csi300,2086,2022-02-22,1574,2085,512,-1.698961610770562,linear,52,0,52,52,0,52,0.1,0.1015625,0.1015625,0.9089965055118414,9.089965055118414e-07,mle,0.38220064481754795,0.7344189633945329,ok,True,True,extraction,
csi300,2087,2022-02-23,1575,2086,512,-1.698961610770562,linear,52,0,52,52,0,52,0.1,0.1015625,0.1015625,0.9089965055118414,9.089965055118414e-07,mle,0.38220064481754795,0.7344189633945329,ok,True,True,extraction,
csi300,2088,2022-02-24,1576,2087,512,-1.698961610770562,linear,52,0,52,52,0,52,0.1,0.1015625,0.1015625,0.9053970022306562,9.053970022306561e-07,mle,0.38220064481754795,0.7344189633945329,ok,True,True,extraction,
csi300,2089,2022-02-25,1577,2088,512,-1.6818374330988755,linear,52,0,52,52,0,52,0.1,0.1015625,0.1015625,0.9053970022306562,9.053970022306561e-07,mle,0.38281072218906176,0.7392807655948839,ok,True,True,extraction,
csi300,2090,2022-02-28,1578,2089,512,-1.6818374330988755,linear,52,0,52,52,0,52,0.1,0.1015625,0.1015625,0.9089965055118414,9.089965055118414e-07,mle,0.38281072218906176,0.7392807655948839,ok,True,True,extraction,
csi300,2091,2022-03-01,1579,2090,512,-1.6818374330988755,linear,52,0,52,52,0,52,0.1,0.1015625,0.1015625,0.9078218329018739,9.078218329018739e-07,mle,0.38281072218906176,0.7392807655948839,ok,True,True,extraction,
csi300,2092,2022-03-02,1580,2091,512,-1.6818374330988755,linear,52,0,52,52,0,52,0.1,0.1015625,0.1015625,0.9079038544100474,9.079038544100474e-07,mle,0.38281072218906176,0.7392807655948839,ok,True,True,extraction,
csi300,2093,2022-03-03,1581,2092,512,-1.6818374330988755,linear,52,0,52,52,0,52,0.1,0.1015625,0.1015625,0.9078551605939746,9.078551605939747e-07,mle,0.38281072218906176,0.7392807655948839,ok,True,True,extraction,
csi300,2094,2022-03-04,1582,2093,512,-1.6818374330988755,linear,52,0,52,52,0,52,0.1,0.1015625,0.1015625,0.8976203202134462,8.976203202134462e-07,mle,0.38281072218906176,0.7392807655948839,ok,True,True,extraction,
csi300,2095,2022-03-07,1583,2094,512,-1.6554756773417072,linear,52,0,52,52,0,52,0.1,0.1015625,0.1015625,0.8976203202134462,8.976203202134462e-07,mle,0.3643230708631956,0.7667888107342735,ok,True,True,extraction,
csi300,2096,2022-03-08,1584,2095,512,-1.6818374330988755,linear,52,0,52,52,0,52,0.1,0.1015625,0.1015625,0.9130275720930517,9.130275720930517e-07,mle,0.3650251927128739,0.7813660761606765,ok,True,True,extraction,
csi300,2097,2022-03-09,1585,2096,512,-1.6818374330988755,linear,52,0,52,52,0,52,0.1,0.1015625,0.1015625,0.9026575656381911,9.026575656381911e-07,mle,0.3650251927128739,0.7813660761606765,ok,True,True,extraction,
csi300,2098,2022-03-10,1586,2097,512,-1.6818374330988755,linear,52,0,52,52,0,52,0.1,0.1015625,0.1015625,0.9009606483248629,9.009606483248629e-07,mle,0.3650251927128739,0.7813660761606765,ok,True,True,extraction,
csi300,2099,2022-03-11,1587,2098,512,-1.6554756773417072,linear,52,0,52,52,0,52,0.1,0.1015625,0.1015625,0.8899539511675857,8.899539511675857e-07,mle,0.31117723112017115,0.8504803008510758,ok,True,True,extraction,
csi300,2100,2022-03-14,1588,2099,512,-1.6554756773417072,linear,52,0,52,52,0,52,0.1,0.1015625,0.1015625,0.8966537176953526,8.966537176953526e-07,mle,0.31117723112017115,0.8504803008510758,ok,True,True,extraction,
csi300,2101,2022-03-15,1589,2100,512,-1.6818374330988755,linear,52,0,52,52,0,52,0.1,0.1015625,0.1015625,0.897843398105069,8.978433981050689e-07,mle,0.30578094031144865,0.8745833896404558,ok,True,True,extraction,
csi300,2102,2022-03-16,1590,2101,512,-1.7029340469579741,linear,52,0,52,52,0,52,0.1,0.1015625,0.1015625,0.9045795578549336,9.045795578549336e-07,mle,0.2833493312980207,0.9123803308983932,ok,True,True,extraction,
csi300,2103,2022-03-17,1591,2102,512,-1.7029340469579741,linear,52,0,52,52,0,52,0.1,0.1015625,0.1015625,0.9067806069863928,9.067806069863928e-07,mle,0.2833493312980207,0.9123803308983932,ok,True,True,extraction,
csi300,2104,2022-03-18,1592,2103,512,-1.7029340469579741,linear,52,0,52,52,0,52,0.1,0.1015625,0.1015625,0.9067806069863928,9.067806069863928e-07,mle,0.3095508443979316,0.8805429242389161,ok,True,True,extraction,
csi300,2105,2022-03-21,1593,2104,512,-1.6818374330988755,linear,52,0,52,52,0,52,0.1,0.1015625,0.1015625,0.901234099884471,9.012340998844709e-07,mle,0.32245894102155703,0.8693704215417534,ok,True,True,extraction,
csi300,2106,2022-03-22,1594,2105,512,-1.6818374330988755,linear,52,0,52,52,0,52,0.1,0.1015625,0.1015625,0.9067806069863928,9.067806069863928e-07,mle,0.32245894102155703,0.8693704215417534,ok,True,True,extraction,
csi300,2107,2022-03-23,1595,2106,512,-1.6554756773417072,linear,52,0,52,52,0,52,0.1,0.1015625,0.1015625,0.897843398105069,8.978433981050689e-07,mle,0.3325098432742203,0.8470628126883277,ok,True,True,extraction,
csi300,2108,2022-03-24,1596,2107,512,-1.6478917801610828,linear,52,0,52,52,0,52,0.1,0.1015625,0.1015625,0.8966537176953526,8.966537176953526e-07,mle,0.3305142664217757,0.7884147887187445,ok,True,True,extraction,
csi300,2109,2022-03-25,1597,2108,512,-1.6478917801610828,linear,52,0,52,52,0,52,0.1,0.1015625,0.1015625,0.8971351881381923,8.971351881381923e-07,mle,0.3305142664217757,0.7884147887187445,ok,True,True,extraction,
csi300,2110,2022-03-28,1598,2109,512,-1.6478917801610828,linear,52,0,52,52,0,52,0.1,0.1015625,0.1015625,0.8971351881381923,8.971351881381923e-07,mle,0.07517783365106272,0.8905580261497952,ok,True,True,extraction,
csi300,2111,2022-03-29,1599,2110,512,-1.6478917801610828,linear,52,0,52,52,0,52,0.1,0.1015625,0.1015625,0.8982327809474432,8.982327809474431e-07,mle,0.07517783365106272,0.8905580261497952,ok,True,True,extraction,
csi300,2112,2022-03-30,1600,2111,512,-1.622531920597726,linear,52,0,52,52,0,52,0.1,0.1015625,0.1015625,0.8938103080205051,8.93810308020505e-07,mle,-0.005573568189906886,0.9172978770619056,ok,True,True,extraction,
csi300,2113,2022-03-31,1601,2112,512,-1.622531920597726,linear,52,0,52,52,0,52,0.1,0.1015625,0.1015625,0.8938103080205051,8.93810308020505e-07,mle,-0.005573568189906886,0.9172978770619056,ok,True,True,extraction,
csi300,2114,2022-04-01,1602,2113,512,-1.6157248859739286,linear,52,0,52,52,0,52,0.1,0.1015625,0.1015625,0.8938103080205051,8.93810308020505e-07,mle,0.06745608861626362,0.8159188115831117,ok,True,True,extraction,
csi300,2115,2022-04-04,1603,2114,512,-1.6157248859739286,linear,52,0,52,52,0,52,0.1,0.1015625,0.1015625,0.8971351881381923,8.971351881381923e-07,mle,0.06745608861626362,0.8159188115831117,ok,True,True,extraction,
csi300,2116,2022-04-05,1604,2115,512,-1.6157248859739286,linear,52,0,52,52,0,52,0.1,0.1015625,0.1015625,0.8938103080205051,8.93810308020505e-07,mle,0.06745608861626362,0.8159188115831117,ok,True,True,extraction,
csi300,2117,2022-04-06,1605,2116,512,-1.6157248859739286,linear,52,0,52,52,0,52,0.1,0.1015625,0.1015625,0.8982327809474432,8.982327809474431e-07,mle,0.06745608861626362,0.8159188115831117,ok,True,True,extraction,
csi300,2118,2022-04-07,1606,2117,512,-1.6157248859739286,linear,52,0,52,52,0,52,0.1,0.1015625,0.1015625,0.894907900829756,8.94907900829756e-07,mle,0.06745608861626362,0.8159188115831117,ok,True,True,extraction,
csi300,2119,2022-04-08,1607,2118,512,-1.6101903977337355,linear,52,0,52,52,0,52,0.1,0.1015625,0.1015625,0.894907900829756,8.94907900829756e-07,mle,0.12191289228846335,0.7327084020507617,ok,True,True,extraction,
csi300,2120,2022-04-11,1608,2119,512,-1.6101903977337355,linear,52,0,52,52,0,52,0.1,0.1015625,0.1015625,0.8937723494575609,8.937723494575608e-07,mle,0.12191289228846335,0.7327084020507617,ok,True,True,extraction,
csi300,2121,2022-04-12,1609,2120,512,-1.6157248859739286,linear,52,0,52,52,0,52,0.1,0.1015625,0.1015625,0.8937723494575609,8.937723494575608e-07,mle,0.045632860945679345,0.8172129936706893,ok,True,True,extraction,
csi300,2122,2022-04-13,1610,2121,512,-1.6101903977337355,linear,52,0,52,52,0,52,0.1,0.1015625,0.1015625,0.8927237519054498,8.927237519054498e-07,mle,0.04522089106895869,0.8202243066083845,ok,True,True,extraction,
csi300,2123,2022-04-14,1611,2122,512,-1.6101903977337355,linear,52,0,52,52,0,52,0.1,0.1015625,0.1015625,0.8922365234465703,8.922365234465703e-07,mle,0.04522089106895869,0.8202243066083845,ok,True,True,extraction,
csi300,2124,2022-04-18,1612,2123,512,-1.6101903977337355,linear,52,0,52,52,0,52,0.1,0.1015625,0.1015625,0.8819249450350495,8.819249450350494e-07,mle,0.04522089106895869,0.8202243066083845,ok,True,True,extraction,
csi300,2125,2022-04-19,1613,2124,512,-1.6101903977337355,linear,52,0,52,52,0,52,0.1,0.1015625,0.1015625,0.8888458216671684,8.888458216671684e-07,mle,0.04522089106895869,0.8202243066083845,ok,True,True,extraction,
csi300,2126,2022-04-20,1614,2125,512,-1.6101903977337355,linear,52,0,52,52,0,52,0.1,0.1015625,0.1015625,0.8888458216671684,8.888458216671684e-07,mle,0.04522089106895869,0.8202243066083845,ok,True,True,extraction,
csi300,2127,2022-04-21,1615,2126,512,-1.6157248859739286,linear,52,0,52,52,0,52,0.1,0.1015625,0.1015625,0.8877972241150572,8.877972241150572e-07,mle,0.029525716690175355,0.8336832552877196,ok,True,True,extraction,
csi300,2128,2022-04-22,1616,2127,512,-1.622531920597726,linear,52,0,52,52,0,52,0.1,0.1015625,0.1015625,0.8922365234465703,8.922365234465703e-07,mle,-0.030492699229406835,0.9003010603802376,ok,True,True,extraction,
csi300,2129,2022-04-25,1617,2128,512,-1.622531920597726,linear,52,0,52,52,0,52,0.1,0.1015625,0.1015625,0.8922365234465703,8.922365234465703e-07,mle,-0.030492699229406835,0.9003010603802376,ok,True,True,extraction,
csi300,2130,2022-04-26,1618,2129,512,-1.6478917801610828,linear,52,0,52,52,0,52,0.1,0.1015625,0.1015625,0.8922365234465703,8.922365234465703e-07,mle,0.07275399297112409,0.8605673427916368,ok,True,True,extraction,
csi300,2131,2022-04-27,1619,2130,512,-1.622531920597726,linear,52,0,52,52,0,52,0.1,0.1015625,0.1015625,0.8922365234465703,8.922365234465703e-07,mle,0.04720683391747726,0.8997152594555687,ok,True,True,extraction,
csi300,2132,2022-04-28,1620,2131,512,-1.622531920597726,linear,52,0,52,52,0,52,0.1,0.1015625,0.1015625,0.894310513271767,8.94310513271767e-07,mle,0.04720683391747726,0.8997152594555687,ok,True,True,extraction,
csi300,2133,2022-04-29,1621,2132,512,-1.622531920597726,linear,52,0,52,52,0,52,0.1,0.1015625,0.1015625,0.8922365234465703,8.922365234465703e-07,mle,0.04720683391747726,0.8997152594555687,ok,True,True,extraction,
csi300,2134,2022-05-02,1622,2133,512,-1.622531920597726,linear,52,0,52,52,0,52,0.1,0.1015625,0.1015625,0.894310513271767,8.94310513271767e-07,mle,0.04720683391747726,0.8997152594555687,ok,True,True,extraction,
csi300,2135,2022-05-03,1623,2134,512,-1.622531920597726,linear,52,0,52,52,0,52,0.1,0.1015625,0.1015625,0.8922365234465703,8.922365234465703e-07,mle,0.04720683391747726,0.8997152594555687,ok,True,True,extraction,
csi300,2136,2022-05-04,1624,2135,512,-1.622531920597726,linear,52,0,52,52,0,52,0.1,0.1015625,0.1015625,0.8922365234465703,8.922365234465703e-07,mle,0.04720683391747726,0.8997152594555687,ok,True,True,extraction,
csi300,2137,2022-05-05,1625,2136,512,-1.622531920597726,linear,52,0,52,52,0,52,0.1,0.1015625,0.1015625,0.8922365234465703,8.922365234465703e-07,mle,0.04720683391747726,0.8997152594555687,ok,True,True,extraction,
csi300,2138,2022-05-06,1626,2137,512,-1.6478917801610828,linear,52,0,52,52,0,52,0.1,0.1015625,0.1015625,0.8937723494575609,8.937723494575608e-07,mle,0.02958084754524773,0.9171517971383799,ok,True,True,extraction,
csi300,2139,2022-05-09,1627,2138,512,-1.6478917801610828,linear,52,0,52,52,0,52,0.1,0.1015625,0.1015625,0.894310513271767,8.94310513271767e-07,mle,0.02958084754524773,0.9171517971383799,ok,True,True,extraction,
csi300,2140,2022-05-10,1628,2139,512,-1.6554756773417072,linear,52,0,52,52,0,52,0.1,0.1015625,0.1015625,0.8955976057681903,8.955976057681902e-07,mle,0.001535053292991545,0.9481042533020662,ok,True,True,extraction,
csi300,2141,2022-05-11,1629,2140,512,-1.6554756773417072,linear,52,0,52,52,0,52,0.1,0.1015625,0.1015625,0.8955976057681903,8.955976057681902e-07,mle,0.001535053292991545,0.9481042533020662,ok,True,True,extraction,
csi300,2142,2022-05-12,1630,2141,512,-1.6478917801610828,linear,52,0,52,52,0,52,0.1,0.1015625,0.1015625,0.8954460646439621,8.954460646439621e-07,mle,0.005410518602034812,0.9469284671044977,ok,True,True,extraction,
csi300,2143,2022-05-13,1631,2142,512,-1.622531920597726,linear,52,0,52,52,0,52,0.1,0.1015625,0.1015625,0.894310513271767,8.94310513271767e-07,mle,0.027996916272820298,0.914898780165635,ok,True,True,extraction,
csi300,2144,2022-05-16,1632,2143,512,-1.622531920597726,linear,52,0,52,52,0,52,0.1,0.1015625,0.1015625,0.8954460646439621,8.954460646439621e-07,mle,0.027996916272820298,0.914898780165635,ok,True,True,extraction,
csi300,2145,2022-05-17,1633,2144,512,-1.622531920597726,linear,52,0,52,52,0,52,0.1,0.1015625,0.1015625,0.8955976057681903,8.955976057681902e-07,mle,0.027996916272820298,0.914898780165635,ok,True,True,extraction,
csi300,2146,2022-05-18,1634,2145,512,-1.622531920597726,linear,52,0,52,52,0,52,0.1,0.1015625,0.1015625,0.8955976057681903,8.955976057681902e-07,mle,0.027996916272820298,0.914898780165635,ok,True,True,extraction,
csi300,2147,2022-05-19,1635,2146,512,-1.6478917801610828,linear,52,0,52,52,0,52,0.1,0.1015625,0.1015625,0.8959708823435004,8.959708823435004e-07,mle,0.05057290697179612,0.8779010322172295,ok,True,True,extraction,
csi300,2148,2022-05-20,1636,2147,512,-1.6478917801610828,linear,52,0,52,52,0,52,0.1,0.1015625,0.1015625,0.8959708823435004,8.959708823435004e-07,mle,0.05057290697179612,0.8779010322172295,ok,True,True,extraction,
csi300,2149,2022-05-23,1637,2148,512,-1.6478917801610828,linear,52,0,52,52,0,52,0.1,0.1015625,0.1015625,0.8955976057681903,8.955976057681902e-07,mle,0.05057290697179612,0.8779010322172295,ok,True,True,extraction,
csi300,2150,2022-05-24,1638,2149,512,-1.6478917801610828,linear,52,0,52,52,0,52,0.1,0.1015625,0.1015625,0.8955976057681903,8.955976057681902e-07,mle,0.05057290697179612,0.8779010322172295,ok,True,True,extraction,
csi300,2151,2022-05-25,1639,2150,512,-1.6554756773417072,linear,52,0,52,52,0,52,0.1,0.1015625,0.1015625,0.8989299264583507,8.989299264583506e-07,mle,0.014725410676714474,0.9186651874371774,ok,True,True,extraction,
csi300,2152,2022-05-26,1640,2151,512,-1.6554756773417072,linear,52,0,52,52,0,52,0.1,0.1015625,0.1015625,0.8989299264583507,8.989299264583506e-07,mle,0.014725410676714474,0.9186651874371774,ok,True,True,extraction,
csi300,2153,2022-05-27,1641,2152,512,-1.6478917801610828,linear,52,0,52,52,0,52,0.1,0.1015625,0.1015625,0.8955976057681903,8.955976057681902e-07,mle,0.014401756220310398,0.9226050107904642,ok,True,True,extraction,
csi300,2154,2022-05-31,1642,2153,512,-1.6478917801610828,linear,52,0,52,52,0,52,0.1,0.1015625,0.1015625,0.8944620543959951,8.944620543959951e-07,mle,0.014401756220310398,0.9226050107904642,ok,True,True,extraction,
csi300,2155,2022-06-01,1643,2154,512,-1.6478917801610828,linear,52,0,52,52,0,52,0.1,0.1015625,0.1015625,0.894310513271767,8.94310513271767e-07,mle,0.014401756220310398,0.9226050107904642,ok,True,True,extraction,
csi300,2156,2022-06-02,1644,2155,512,-1.6478917801610828,linear,52,0,52,52,0,52,0.1,0.1015625,0.1015625,0.8955976057681903,8.955976057681902e-07,mle,0.014401756220310398,0.9226050107904642,ok,True,True,extraction,
csi300,2157,2022-06-03,1645,2156,512,-1.622531920597726,linear,52,0,52,52,0,52,0.1,0.1015625,0.1015625,0.8954460646439621,8.954460646439621e-07,mle,-0.003288228700837179,0.955344474376826,ok,True,True,extraction,
csi300,2158,2022-06-06,1646,2157,512,-1.622531920597726,linear,52,0,52,52,0,52,0.1,0.1015625,0.1015625,0.894310513271767,8.94310513271767e-07,mle,-0.003288228700837179,0.955344474376826,ok,True,True,extraction,
csi300,2159,2022-06-07,1647,2158,512,-1.622531920597726,linear,52,0,52,52,0,52,0.1,0.1015625,0.1015625,0.8954460646439621,8.954460646439621e-07,mle,-0.003288228700837179,0.955344474376826,ok,True,True,extraction,
csi300,2160,2022-06-08,1648,2159,512,-1.622531920597726,linear,52,0,52,52,0,52,0.1,0.1015625,0.1015625,0.894907900829756,8.94907900829756e-07,mle,-0.003288228700837179,0.955344474376826,ok,True,True,extraction,
csi300,2161,2022-06-09,1649,2160,512,-1.622531920597726,linear,52,0,52,52,0,52,0.1,0.1015625,0.1015625,0.894907900829756,8.94907900829756e-07,mle,-0.003288228700837179,0.955344474376826,ok,True,True,extraction,
csi300,2162,2022-06-10,1650,2161,512,-1.6478917801610828,linear,52,0,52,52,0,52,0.1,0.1015625,0.1015625,0.8954460646439621,8.954460646439621e-07,mle,0.029021752357239586,0.9048575264588514,ok,True,True,extraction,
csi300,2163,2022-06-13,1651,2162,512,-1.6478917801610828,linear,52,0,52,52,0,52,0.1,0.1015625,0.1015625,0.8954460646439621,8.954460646439621e-07,mle,0.029021752357239586,0.9048575264588514,ok,True,True,extraction,
csi300,2164,2022-06-14,1652,2163,512,-1.6554756773417072,linear,52,0,52,52,0,52,0.1,0.1015625,0.1015625,0.8955976057681903,8.955976057681902e-07,mle,0.007107934654314655,0.9283014041292659,ok,True,True,extraction,
csi300,2165,2022-06-15,1653,2164,512,-1.6554756773417072,linear,52,0,52,52,0,52,0.1,0.1015625,0.1015625,0.8989299264583507,8.989299264583506e-07,mle,0.007107934654314655,0.9283014041292659,ok,True,True,extraction,
csi300,2166,2022-06-16,1654,2165,512,-1.6554756773417072,linear,52,0,52,52,0,52,0.1,0.1015625,0.1015625,0.8989299264583507,8.989299264583506e-07,mle,0.007107934654314655,0.9283014041292659,ok,True,True,extraction,
csi300,2167,2022-06-17,1655,2166,512,-1.6818374330988755,linear,52,0,52,52,0,52,0.1,0.1015625,0.1015625,0.8989299264583507,8.989299264583506e-07,mle,0.04136210664964282,0.8762500054140843,ok,True,True,extraction,
csi300,2168,2022-06-21,1656,2167,512,-1.6818374330988755,linear,52,0,52,52,0,52,0.1,0.1015625,0.1015625,0.9045795578549336,9.045795578549336e-07,mle,0.04136210664964282,0.8762500054140843,ok,True,True,extraction,
csi300,2169,2022-06-22,1657,2168,512,-1.6818374330988755,linear,52,0,52,52,0,52,0.1,0.1015625,0.1015625,0.9045795578549336,9.045795578549336e-07,mle,0.04136210664964282,0.8762500054140843,ok,True,True,extraction,
csi300,2170,2022-06-23,1658,2169,512,-1.6818374330988755,linear,52,0,52,52,0,52,0.1,0.1015625,0.1015625,0.9075619921895325,9.075619921895324e-07,mle,0.04136210664964282,0.8762500054140843,ok,True,True,extraction,
csi300,2171,2022-06-24,1659,2170,512,-1.6554756773417072,linear,52,0,52,52,0,52,0.1,0.1015625,0.1015625,0.9075619921895325,9.075619921895324e-07,mle,0.04616681464041751,0.8776785184206226,ok,True,True,extraction,
csi300,2172,2022-06-27,1660,2171,512,-1.6554756773417072,linear,52,0,52,52,0,52,0.1,0.1015625,0.1015625,0.9075619921895325,9.075619921895324e-07,mle,0.04616681464041751,0.8776785184206226,ok,True,True,extraction,
csi300,2173,2022-06-28,1661,2172,512,-1.6554756773417072,linear,52,0,52,52,0,52,0.1,0.1015625,0.1015625,0.9075619921895325,9.075619921895324e-07,mle,0.04616681464041751,0.8776785184206226,ok,True,True,extraction,
csi300,2174,2022-06-29,1662,2173,512,-1.6554756773417072,linear,52,0,52,52,0,52,0.1,0.1015625,0.1015625,0.9075619921895325,9.075619921895324e-07,mle,0.04616681464041751,0.8776785184206226,ok,True,True,extraction,
csi300,2175,2022-06-30,1663,2174,512,-1.6554756773417072,linear,52,0,52,52,0,52,0.1,0.1015625,0.1015625,0.9045795578549336,9.045795578549336e-07,mle,0.04616681464041751,0.8776785184206226,ok,True,True,extraction,
csi300,2176,2022-07-01,1664,2175,512,-1.6554756773417072,linear,52,0,52,52,0,52,0.1,0.1015625,0.1015625,0.9075619921895325,9.075619921895324e-07,mle,0.04616681464041751,0.8776785184206226,ok,True,True,extraction,
csi300,2177,2022-07-05,1665,2176,512,-1.6554756773417072,linear,52,0,52,52,0,52,0.1,0.1015625,0.1015625,0.9075619921895325,9.075619921895324e-07,mle,0.04616681464041751,0.8776785184206226,ok,True,True,extraction,
csi300,2178,2022-07-06,1666,2177,512,-1.6554756773417072,linear,52,0,52,52,0,52,0.1,0.1015625,0.1015625,0.9042230819944843,9.042230819944843e-07,mle,0.04616681464041751,0.8776785184206226,ok,True,True,extraction,
csi300,2179,2022-07-07,1667,2178,512,-1.663845586438351,linear,52,0,52,52,0,52,0.1,0.1015625,0.1015625,0.9079030860339634,9.079030860339634e-07,mle,0.06415666069954638,0.8538982868195601,ok,True,True,extraction,
csi300,2180,2022-07-08,1668,2179,512,-1.663845586438351,linear,52,0,52,52,0,52,0.1,0.1015625,0.1015625,0.9087387621756359,9.087387621756359e-07,mle,0.06415666069954638,0.8538982868195601,ok,True,True,extraction,
csi300,2181,2022-07-11,1669,2180,512,-1.663845586438351,linear,52,0,52,52,0,52,0.1,0.1015625,0.1015625,0.9087387621756359,9.087387621756359e-07,mle,0.06415666069954638,0.8538982868195601,ok,True,True,extraction,
csi300,2182,2022-07-12,1670,2181,512,-1.6827076376572827,linear,52,0,52,52,0,52,0.1,0.1015625,0.1015625,0.9097614754350423,9.097614754350422e-07,mle,0.03606731313133775,0.8850821223916276,ok,True,True,extraction,
csi300,2183,2022-07-13,1671,2182,512,-1.6827076376572827,linear,52,0,52,52,0,52,0.1,0.1015625,0.1015625,0.9189703231335669,9.189703231335669e-07,mle,0.03606731313133775,0.8850821223916276,ok,True,True,extraction,
csi300,2184,2022-07-14,1672,2183,512,-1.6827076376572827,linear,52,0,52,52,0,52,0.1,0.1015625,0.1015625,0.913320691736984,9.13320691736984e-07,mle,0.03606731313133775,0.8850821223916276,ok,True,True,extraction,
csi300,2185,2022-07-15,1673,2184,512,-1.6827076376572827,linear,52,0,52,52,0,52,0.1,0.1015625,0.1015625,0.919357874563913,9.19357874563913e-07,mle,0.03606731313133775,0.8850821223916276,ok,True,True,extraction,
csi300,2186,2022-07-18,1674,2185,512,-1.6827076376572827,linear,52,0,52,52,0,52,0.1,0.1015625,0.1015625,0.9092343266878136,9.092343266878135e-07,mle,0.03606731313133775,0.8850821223916276,ok,True,True,extraction,
csi300,2187,2022-07-19,1675,2186,512,-1.6827076376572827,linear,52,0,52,52,0,52,0.1,0.1015625,0.1015625,0.9071706918761789,9.071706918761789e-07,mle,0.03606731313133775,0.8850821223916276,ok,True,True,extraction,
csi300,2188,2022-07-20,1676,2187,512,-1.663845586438351,linear,52,0,52,52,0,52,0.1,0.1015625,0.1015625,0.8999979576770547,8.999979576770547e-07,mle,0.034755984539819484,0.8942207584942657,ok,True,True,extraction,
csi300,2189,2022-07-21,1677,2188,512,-1.663845586438351,linear,52,0,52,52,0,52,0.1,0.1015625,0.1015625,0.8904905890435366,8.904905890435366e-07,mle,0.034755984539819484,0.8942207584942657,ok,True,True,extraction,
csi300,2190,2022-07-22,1678,2189,512,-1.663845586438351,linear,52,0,52,52,0,52,0.1,0.1015625,0.1015625,0.8960785439724903,8.960785439724902e-07,mle,0.034755984539819484,0.8942207584942657,ok,True,True,extraction,
csi300,2191,2022-07-25,1679,2190,512,-1.663845586438351,linear,52,0,52,52,0,52,0.1,0.1015625,0.1015625,0.8930807683342715,8.930807683342715e-07,mle,0.034755984539819484,0.8942207584942657,ok,True,True,extraction,
csi300,2192,2022-07-26,1680,2191,512,-1.663845586438351,linear,52,0,52,52,0,52,0.1,0.1015625,0.1015625,0.8909545207388411,8.90954520738841e-07,mle,0.034755984539819484,0.8942207584942657,ok,True,True,extraction,
csi300,2193,2022-07-27,1681,2192,512,-1.663845586438351,linear,52,0,52,52,0,52,0.1,0.1015625,0.1015625,0.8895209635074542,8.895209635074542e-07,mle,0.034755984539819484,0.8942207584942657,ok,True,True,extraction,
csi300,2194,2022-07-28,1682,2193,512,-1.663845586438351,linear,52,0,52,52,0,52,0.1,0.1015625,0.1015625,0.8888908859272064,8.888908859272064e-07,mle,0.034755984539819484,0.8942207584942657,ok,True,True,extraction,
csi300,2195,2022-07-29,1683,2194,512,-1.6554756773417072,linear,52,0,52,52,0,52,0.1,0.1015625,0.1015625,0.88397109122864,8.8397109122864e-07,mle,0.05393607298145012,0.8287167715238055,ok,True,True,extraction,
csi300,2196,2022-08-01,1684,2195,512,-1.6554756773417072,linear,52,0,52,52,0,52,0.1,0.1015625,0.1015625,0.8869739287629868,8.869739287629868e-07,mle,0.05393607298145012,0.8287167715238055,ok,True,True,extraction,
csi300,2197,2022-08-02,1685,2196,512,-1.6554756773417072,linear,52,0,52,52,0,52,0.1,0.1015625,0.1015625,0.8846527266037341,8.846527266037341e-07,mle,0.05393607298145012,0.8287167715238055,ok,True,True,extraction,
csi300,2198,2022-08-03,1686,2197,512,-1.6554756773417072,linear,52,0,52,52,0,52,0.1,0.1015625,0.1015625,0.8862125902738245,8.862125902738245e-07,mle,0.05393607298145012,0.8287167715238055,ok,True,True,extraction,
csi300,2199,2022-08-04,1687,2198,512,-1.6554756773417072,linear,52,0,52,52,0,52,0.1,0.1015625,0.1015625,0.8862125902738245,8.862125902738245e-07,mle,0.05393607298145012,0.8287167715238055,ok,True,True,extraction,
csi300,2200,2022-08-05,1688,2199,512,-1.6554756773417072,linear,52,0,52,52,0,52,0.1,0.1015625,0.1015625,0.8876128280212103,8.876128280212103e-07,mle,0.05393607298145012,0.8287167715238055,ok,True,True,extraction,
csi300,2201,2022-08-08,1689,2200,512,-1.6478917801610828,linear,52,0,52,52,0,52,0.1,0.1015625,0.1015625,0.8895209635074542,8.895209635074542e-07,mle,0.10784756520806896,0.7633206895490785,ok,True,True,extraction,
csi300,2202,2022-08-09,1690,2201,512,-1.6478917801610828,linear,52,0,52,52,0,52,0.1,0.1015625,0.1015625,0.8876128280212103,8.876128280212103e-07,mle,0.10784756520806896,0.7633206895490785,ok,True,True,extraction,
csi300,2203,2022-08-10,1691,2202,512,-1.6478917801610828,linear,52,0,52,52,0,52,0.1,0.1015625,0.1015625,0.8895209635074542,8.895209635074542e-07,mle,0.10784756520806896,0.7633206895490785,ok,True,True,extraction,
csi300,2204,2022-08-11,1692,2203,512,-1.6478917801610828,linear,52,0,52,52,0,52,0.1,0.1015625,0.1015625,0.8869739287629868,8.869739287629868e-07,mle,0.10784756520806896,0.7633206895490785,ok,True,True,extraction,
csi300,2205,2022-08-12,1693,2204,512,-1.6478917801610828,linear,52,0,52,52,0,52,0.1,0.1015625,0.1015625,0.8888908859272064,8.888908859272064e-07,mle,0.10784756520806896,0.7633206895490785,ok,True,True,extraction,
csi300,2206,2022-08-15,1694,2205,512,-1.6478917801610828,linear,52,0,52,52,0,52,0.1,0.1015625,0.1015625,0.88397109122864,8.8397109122864e-07,mle,0.10784756520806896,0.7633206895490785,ok,True,True,extraction,
csi300,2207,2022-08-16,1695,2206,512,-1.6478917801610828,linear,52,0,52,52,0,52,0.1,0.1015625,0.1015625,0.884910293951352,8.84910293951352e-07,mle,0.10784756520806896,0.7633206895490785,ok,True,True,extraction,
csi300,2208,2022-08-17,1696,2207,512,-1.6478917801610828,linear,52,0,52,52,0,52,0.1,0.1015625,0.1015625,0.884910293951352,8.84910293951352e-07,mle,0.10784756520806896,0.7633206895490785,ok,True,True,extraction,
csi300,2209,2022-08-18,1697,2208,512,-1.6478917801610828,linear,52,0,52,52,0,52,0.1,0.1015625,0.1015625,0.884910293951352,8.84910293951352e-07,mle,0.10784756520806896,0.7633206895490785,ok,True,True,extraction,
csi300,2210,2022-08-19,1698,2209,512,-1.6478917801610828,linear,52,0,52,52,0,52,0.1,0.1015625,0.1015625,0.8846527266037341,8.846527266037341e-07,mle,0.10784756520806896,0.7633206895490785,ok,True,True,extraction,
csi300,2211,2022-08-22,1699,2210,512,-1.622531920597726,linear,52,0,52,52,0,52,0.1,0.1015625,0.1015625,0.8846527266037341,8.846527266037341e-07,mle,0.10434764239509191,0.7739401606133742,ok,True,True,extraction,
csi300,2212,2022-08-23,1700,2211,512,-1.622531920597726,linear,52,0,52,52,0,52,0.1,0.1015625,0.1015625,0.883778542098969,8.837785420989689e-07,mle,0.10434764239509191,0.7739401606133742,ok,True,True,extraction,
csi300,2213,2022-08-24,1701,2212,512,-1.622531920597726,linear,52,0,52,52,0,52,0.1,0.1015625,0.1015625,0.8790584798519694,8.790584798519694e-07,mle,0.10434764239509191,0.7739401606133742,ok,True,True,extraction,
csi300,2214,2022-08-25,1702,2213,512,-1.6478917801610828,linear,52,0,52,52,0,52,0.1,0.1015625,0.1015625,0.883778542098969,8.837785420989689e-07,mle,0.10962532326929006,0.761039318019218,ok,True,True,extraction,
csi300,2215,2022-08-26,1703,2214,512,-1.6478917801610828,linear,52,0,52,52,0,52,0.1,0.1015625,0.1015625,0.884910293951352,8.84910293951352e-07,mle,0.10962532326929006,0.761039318019218,ok,True,True,extraction,
csi300,2216,2022-08-29,1704,2215,512,-1.6554756773417072,linear,52,0,52,52,0,52,0.1,0.1015625,0.1015625,0.8846527266037341,8.846527266037341e-07,mle,0.12386759247670387,0.7439852047720068,ok,True,True,extraction,
csi300,2217,2022-08-30,1705,2216,512,-1.6554756773417072,linear,52,0,52,52,0,52,0.1,0.1015625,0.1015625,0.8818944939369396,8.818944939369396e-07,mle,0.12386759247670387,0.7439852047720068,ok,True,True,extraction,
csi300,2218,2022-08-31,1706,2217,512,-1.6554756773417072,linear,52,0,52,52,0,52,0.1,0.1015625,0.1015625,0.8847795870150958,8.847795870150958e-07,mle,0.12386759247670387,0.7439852047720068,ok,True,True,extraction,
csi300,2219,2022-09-01,1707,2218,512,-1.6478917801610828,linear,52,0,52,52,0,52,0.1,0.1015625,0.1015625,0.883778542098969,8.837785420989689e-07,mle,0.11749478443000731,0.7534663903483978,ok,True,True,extraction,
csi300,2220,2022-09-02,1708,2219,512,-1.6478917801610828,linear,52,0,52,52,0,52,0.1,0.1015625,0.1015625,0.883778542098969,8.837785420989689e-07,mle,0.11749478443000731,0.7534663903483978,ok,True,True,extraction,
csi300,2221,2022-09-06,1709,2220,512,-1.6478917801610828,linear,52,0,52,52,0,52,0.1,0.1015625,0.1015625,0.8846527266037341,8.846527266037341e-07,mle,0.11749478443000731,0.7534663903483978,ok,True,True,extraction,
csi300,2222,2022-09-07,1710,2221,512,-1.6478917801610828,linear,52,0,52,52,0,52,0.1,0.1015625,0.1015625,0.883778542098969,8.837785420989689e-07,mle,0.11749478443000731,0.7534663903483978,ok,True,True,extraction,
csi300,2223,2022-09-08,1711,2222,512,-1.6478917801610828,linear,52,0,52,52,0,52,0.1,0.1015625,0.1015625,0.8846527266037341,8.846527266037341e-07,mle,0.11749478443000731,0.7534663903483978,ok,True,True,extraction,
csi300,2224,2022-09-09,1712,2223,512,-1.6478917801610828,linear,52,0,52,52,0,52,0.1,0.1015625,0.1015625,0.883778542098969,8.837785420989689e-07,mle,0.11749478443000731,0.7534663903483978,ok,True,True,extraction,
csi300,2225,2022-09-12,1713,2224,512,-1.6478917801610828,linear,52,0,52,52,0,52,0.1,0.1015625,0.1015625,0.8846527266037341,8.846527266037341e-07,mle,0.11749478443000731,0.7534663903483978,ok,True,True,extraction,
csi300,2226,2022-09-13,1714,2225,512,-1.6478917801610828,linear,52,0,52,52,0,52,0.1,0.1015625,0.1015625,0.883778542098969,8.837785420989689e-07,mle,0.11749478443000731,0.7534663903483978,ok,True,True,extraction,
csi300,2227,2022-09-14,1715,2226,512,-1.6554756773417072,linear,52,0,52,52,0,52,0.1,0.1015625,0.1015625,0.883778542098969,8.837785420989689e-07,mle,0.10976565464932542,0.757782919311642,ok,True,True,extraction,
csi300,2228,2022-09-15,1716,2227,512,-1.6554756773417072,linear,52,0,52,52,0,52,0.1,0.1015625,0.1015625,0.8816522945035385,8.816522945035386e-07,mle,0.10976565464932542,0.757782919311642,ok,True,True,extraction,
csi300,2229,2022-09-16,1717,2228,512,-1.663845586438351,linear,52,0,52,52,0,52,0.1,0.1015625,0.1015625,0.883778542098969,8.837785420989689e-07,mle,0.1108922596056985,0.7529605436384624,ok,True,True,extraction,
csi300,2230,2022-09-19,1718,2229,512,-1.663845586438351,linear,52,0,52,52,0,52,0.1,0.1015625,0.1015625,0.883778542098969,8.837785420989689e-07,mle,0.07437164297704943,0.7914216971765125,ok,True,True,extraction,
csi300,2231,2022-09-20,1719,2230,512,-1.663845586438351,linear,52,0,52,52,0,52,0.1,0.1015625,0.1015625,0.883778542098969,8.837785420989689e-07,mle,0.07437164297704943,0.7914216971765125,ok,True,True,extraction,
csi300,2232,2022-09-21,1720,2231,512,-1.6554756773417072,linear,52,0,52,52,0,52,0.1,0.1015625,0.1015625,0.8816522945035385,8.816522945035386e-07,mle,0.11927893813170766,0.742007265389198,ok,True,True,extraction,
csi300,2233,2022-09-22,1721,2232,512,-1.6554756773417072,linear,52,0,52,52,0,52,0.1,0.1015625,0.1015625,0.883778542098969,8.837785420989689e-07,mle,0.11927893813170766,0.742007265389198,ok,True,True,extraction,
csi300,2234,2022-09-23,1722,2233,512,-1.6478917801610828,linear,52,0,52,52,0,52,0.1,0.1015625,0.1015625,0.8816522945035385,8.816522945035386e-07,mle,0.11488448130779196,0.7497547495762138,ok,True,True,extraction,
csi300,2235,2022-09-26,1723,2234,512,-1.6554756773417072,linear,52,0,52,52,0,52,0.1,0.1015625,0.1015625,0.8803346302668493,8.803346302668493e-07,mle,0.11167426660773798,0.7495625811980722,ok,True,True,extraction,
csi300,2236,2022-09-27,1724,2235,512,-1.6554756773417072,linear,52,0,52,52,0,52,0.1,0.1015625,0.1015625,0.876700902488203,8.767009024882029e-07,mle,0.11167426660773798,0.7495625811980722,ok,True,True,extraction,
csi300,2237,2022-09-28,1725,2236,512,-1.6554756773417072,linear,52,0,52,52,0,52,0.1,0.1015625,0.1015625,0.876700902488203,8.767009024882029e-07,mle,0.11167426660773798,0.7495625811980722,ok,True,True,extraction,
csi300,2238,2022-09-29,1726,2237,512,-1.6554756773417072,linear,52,0,52,52,0,52,0.1,0.1015625,0.1015625,0.876700902488203,8.767009024882029e-07,mle,0.11167426660773798,0.7495625811980722,ok,True,True,extraction,
csi300,2239,2022-09-30,1727,2238,512,-1.6554756773417072,linear,52,0,52,52,0,52,0.1,0.1015625,0.1015625,0.876700902488203,8.767009024882029e-07,mle,0.11167426660773798,0.7495625811980722,ok,True,True,extraction,
csi300,2240,2022-10-03,1728,2239,512,-1.6554756773417072,linear,52,0,52,52,0,52,0.1,0.1015625,0.1015625,0.8764543822436552,8.764543822436552e-07,mle,0.11167426660773798,0.7495625811980722,ok,True,True,extraction,
csi300,2241,2022-10-04,1729,2240,512,-1.6554756773417072,linear,52,0,52,52,0,52,0.1,0.1015625,0.1015625,0.876700902488203,8.767009024882029e-07,mle,0.11167426660773798,0.7495625811980722,ok,True,True,extraction,
csi300,2242,2022-10-05,1730,2241,512,-1.6554756773417072,linear,52,0,52,52,0,52,0.1,0.1015625,0.1015625,0.8779784496292907,8.779784496292907e-07,mle,0.11167426660773798,0.7495625811980722,ok,True,True,extraction,
csi300,2243,2022-10-06,1731,2242,512,-1.6554756773417072,linear,52,0,52,52,0,52,0.1,0.1015625,0.1015625,0.8761447478597841,8.76144747859784e-07,mle,0.11167426660773798,0.7495625811980722,ok,True,True,extraction,
csi300,2244,2022-10-07,1732,2243,512,-1.6554756773417072,linear,52,0,52,52,0,52,0.1,0.1015625,0.1015625,0.8722644998365902,8.722644998365902e-07,mle,0.11167426660773798,0.7495625811980722,ok,True,True,extraction,
csi300,2245,2022-10-10,1733,2244,512,-1.663845586438351,linear,52,0,52,52,0,52,0.1,0.1015625,0.1015625,0.8743281346482248,8.743281346482247e-07,mle,0.10397735864152943,0.7536636764739246,ok,True,True,extraction,
csi300,2246,2022-10-11,1734,2245,512,-1.6827076376572827,linear,52,0,52,52,0,52,0.1,0.1015625,0.1015625,0.876700902488203,8.767009024882029e-07,mle,0.08611363401800506,0.7888386691835931,ok,True,True,extraction,
csi300,2247,2022-10-12,1735,2246,512,-1.6827076376572827,linear,52,0,52,52,0,52,0.1,0.1015625,0.1015625,0.8764543822436552,8.764543822436552e-07,mle,0.08611363401800506,0.7888386691835931,ok,True,True,extraction,
csi300,2248,2022-10-13,1736,2247,512,-1.6827076376572827,linear,52,0,52,52,0,52,0.1,0.1015625,0.1015625,0.8780142459137457,8.780142459137456e-07,mle,0.08611363401800506,0.7888386691835931,ok,True,True,extraction,
csi300,2249,2022-10-14,1737,2248,512,-1.6827076376572827,linear,52,0,52,52,0,52,0.1,0.1015625,0.1015625,0.8764543822436552,8.764543822436552e-07,mle,0.08611363401800506,0.7888386691835931,ok,True,True,extraction,
csi300,2250,2022-10-17,1738,2249,512,-1.6827076376572827,linear,52,0,52,52,0,52,0.1,0.1015625,0.1015625,0.8743281346482248,8.743281346482247e-07,mle,0.08611363401800506,0.7888386691835931,ok,True,True,extraction,
csi300,2251,2022-10-18,1739,2250,512,-1.6827076376572827,linear,52,0,52,52,0,52,0.1,0.1015625,0.1015625,0.8743281346482248,8.743281346482247e-07,mle,0.08611363401800506,0.7888386691835931,ok,True,True,extraction,
csi300,2252,2022-10-19,1740,2251,512,-1.6827076376572827,linear,52,0,52,52,0,52,0.1,0.1015625,0.1015625,0.8764543822436552,8.764543822436552e-07,mle,0.08611363401800506,0.7888386691835931,ok,True,True,extraction,
csi300,2253,2022-10-20,1741,2252,512,-1.7029340469579741,linear,52,0,52,52,0,52,0.1,0.1015625,0.1015625,0.8755589062414337,8.755589062414337e-07,mle,0.07647491227917567,0.7934732009050296,ok,True,True,extraction,
csi300,2254,2022-10-21,1742,2253,512,-1.7029340469579741,linear,52,0,52,52,0,52,0.1,0.1015625,0.1015625,0.8755589062414337,8.755589062414337e-07,mle,0.07647491227917567,0.7934732009050296,ok,True,True,extraction,
csi300,2255,2022-10-24,1743,2254,512,-1.7029340469579741,linear,52,0,52,52,0,52,0.1,0.1015625,0.1015625,0.8755589062414337,8.755589062414337e-07,mle,0.07647491227917567,0.7934732009050296,ok,True,True,extraction,
csi300,2256,2022-10-25,1744,2255,512,-1.7054673236659208,linear,52,0,52,52,0,52,0.1,0.1015625,0.1015625,0.8719229867918359,8.719229867918359e-07,mle,0.061376119637763085,0.8641082876529567,ok,True,True,extraction,
csi300,2257,2022-10-26,1745,2256,512,-1.7054673236659208,linear,52,0,52,52,0,52,0.1,0.1015625,0.1015625,0.8719229867918359,8.719229867918359e-07,mle,0.061376119637763085,0.8641082876529567,ok,True,True,extraction,
csi300,2258,2022-10-27,1746,2257,512,-1.7054673236659208,linear,52,0,52,52,0,52,0.1,0.1015625,0.1015625,0.8755589062414337,8.755589062414337e-07,mle,0.061376119637763085,0.8641082876529567,ok,True,True,extraction,
csi300,2259,2022-10-28,1747,2258,512,-1.7153059456590682,linear,52,0,52,52,0,52,0.1,0.1015625,0.1015625,0.8750380129121202,8.750380129121203e-07,mle,0.0353227968730644,0.8912988185845585,ok,True,True,extraction,
csi300,2260,2022-10-31,1748,2259,512,-1.7449520288253757,linear,52,0,52,52,0,52,0.1,0.1015625,0.1015625,0.8776904224985036,8.776904224985035e-07,mle,0.06367229023575724,0.8465453914792405,ok,True,True,extraction,
csi300,2261,2022-11-01,1749,2260,512,-1.7964824575129392,linear,52,0,52,52,0,52,0.1,0.1015625,0.1015625,0.8776904224985036,8.776904224985035e-07,mle,0.1536366559559646,0.7343773822304338,ok,True,True,extraction,
csi300,2262,2022-11-02,1750,2261,512,-1.7964824575129392,linear,52,0,52,52,0,52,0.1,0.1015625,0.1015625,0.8776904224985036,8.776904224985035e-07,mle,0.1536366559559646,0.7343773822304338,ok,True,True,extraction,
csi300,2263,2022-11-03,1751,2262,512,-1.7964824575129392,linear,52,0,52,52,0,52,0.1,0.1015625,0.1015625,0.8824413371102822,8.824413371102821e-07,mle,0.1536366559559646,0.7343773822304338,ok,True,True,extraction,
csi300,2264,2022-11-04,1752,2263,512,-1.7964824575129392,linear,52,0,52,52,0,52,0.1,0.1015625,0.1015625,0.885093266834502,8.850932668345019e-07,mle,0.1536366559559646,0.7343773822304338,ok,True,True,extraction,
csi300,2265,2022-11-07,1753,2264,512,-1.7964824575129392,linear,52,0,52,52,0,52,0.1,0.1015625,0.1015625,0.888973514857696,8.88973514857696e-07,mle,0.1536366559559646,0.7343773822304338,ok,True,True,extraction,
csi300,2266,2022-11-08,1754,2265,512,-1.7964824575129392,linear,52,0,52,52,0,52,0.1,0.1015625,0.1015625,0.888973514857696,8.88973514857696e-07,mle,0.13455853548893848,0.752651172556142,ok,True,True,extraction,
csi300,2267,2022-11-09,1755,2266,512,-1.7964824575129392,linear,52,0,52,52,0,52,0.1,0.1015625,0.1015625,0.888973514857696,8.88973514857696e-07,mle,0.13455853548893848,0.752651172556142,ok,True,True,extraction,
csi300,2268,2022-11-10,1756,2267,512,-1.8119637234874828,linear,52,0,52,52,0,52,0.1,0.1015625,0.1015625,0.8937244294694745,8.937244294694745e-07,mle,0.14758284371749347,0.7338961185825602,ok,True,True,extraction,
csi300,2269,2022-11-11,1757,2268,512,-1.8119637234874828,linear,52,0,52,52,0,52,0.1,0.1015625,0.1015625,0.8937244294694745,8.937244294694745e-07,mle,0.14758284371749347,0.7338961185825602,ok,True,True,extraction,
csi300,2270,2022-11-14,1758,2269,512,-1.8119637234874828,linear,52,0,52,52,0,52,0.1,0.1015625,0.1015625,0.8924174266898157,8.924174266898157e-07,mle,0.14758284371749347,0.7338961185825602,ok,True,True,extraction,
csi300,2271,2022-11-15,1759,2270,512,-1.8119637234874828,linear,52,0,52,52,0,52,0.1,0.1015625,0.1015625,0.8924174266898157,8.924174266898157e-07,mle,0.14758284371749347,0.7338961185825602,ok,True,True,extraction,
csi300,2272,2022-11-16,1760,2271,512,-1.8119637234874828,linear,52,0,52,52,0,52,0.1,0.1015625,0.1015625,0.8924174266898157,8.924174266898157e-07,mle,0.14758284371749347,0.7338961185825602,ok,True,True,extraction,
csi300,2273,2022-11-17,1761,2272,512,-1.832339419425017,linear,52,0,52,52,0,52,0.1,0.1015625,0.1015625,0.8937244294694745,8.937244294694745e-07,mle,0.1503987966868668,0.7246098165237781,ok,True,True,extraction,
csi300,2274,2022-11-18,1762,2273,512,-1.832339419425017,linear,52,0,52,52,0,52,0.1,0.1015625,0.1015625,0.8871238095783462,8.871238095783462e-07,mle,0.1503987966868668,0.7246098165237781,ok,True,True,extraction,
csi300,2275,2022-11-21,1763,2274,512,-1.832339419425017,linear,52,0,52,52,0,52,0.1,0.1015625,0.1015625,0.8871238095783462,8.871238095783462e-07,mle,0.1503987966868668,0.7246098165237781,ok,True,True,extraction,
csi300,2276,2022-11-22,1764,2275,512,-1.832339419425017,linear,52,0,52,52,0,52,0.1,0.1015625,0.1015625,0.8826697311869468,8.826697311869468e-07,mle,0.1503987966868668,0.7246098165237781,ok,True,True,extraction,
csi300,2277,2022-11-23,1765,2276,512,-1.832339419425017,linear,52,0,52,52,0,52,0.1,0.1015625,0.1015625,0.8871238095783462,8.871238095783462e-07,mle,0.1503987966868668,0.7246098165237781,ok,True,True,extraction,
csi300,2278,2022-11-25,1766,2277,512,-1.832339419425017,linear,52,0,52,52,0,52,0.1,0.1015625,0.1015625,0.8824413371102822,8.824413371102821e-07,mle,0.1503987966868668,0.7246098165237781,ok,True,True,extraction,
csi300,2279,2022-11-28,1767,2278,512,-1.832339419425017,linear,52,0,52,52,0,52,0.1,0.1015625,0.1015625,0.8871238095783462,8.871238095783462e-07,mle,0.1503987966868668,0.7246098165237781,ok,True,True,extraction,
csi300,2280,2022-11-29,1768,2279,512,-1.832339419425017,linear,52,0,52,52,0,52,0.1,0.1015625,0.1015625,0.8863073293053421,8.86307329305342e-07,mle,0.1503987966868668,0.7246098165237781,ok,True,True,extraction,
csi300,2281,2022-11-30,1769,2280,512,-1.832339419425017,linear,52,0,52,52,0,52,0.1,0.1015625,0.1015625,0.8863073293053421,8.86307329305342e-07,mle,0.1503987966868668,0.7246098165237781,ok,True,True,extraction,
csi300,2282,2022-12-01,1770,2281,512,-1.832339419425017,linear,52,0,52,52,0,52,0.1,0.1015625,0.1015625,0.8880755822607183,8.880755822607182e-07,mle,0.1503987966868668,0.7246098165237781,ok,True,True,extraction,
csi300,2283,2022-12-02,1771,2282,512,-1.832339419425017,linear,52,0,52,52,0,52,0.1,0.1015625,0.1015625,0.8880755822607183,8.880755822607182e-07,mle,0.1503987966868668,0.7246098165237781,ok,True,True,extraction,
csi300,2284,2022-12-05,1772,2283,512,-1.832339419425017,linear,52,0,52,52,0,52,0.1,0.1015625,0.1015625,0.8880755822607183,8.880755822607182e-07,mle,0.1503987966868668,0.7246098165237781,ok,True,True,extraction,
csi300,2285,2022-12-06,1773,2284,512,-1.832339419425017,linear,52,0,52,52,0,52,0.1,0.1015625,0.1015625,0.8880755822607183,8.880755822607182e-07,mle,0.1503987966868668,0.7246098165237781,ok,True,True,extraction,
csi300,2286,2022-12-07,1774,2285,512,-1.832339419425017,linear,52,0,52,52,0,52,0.1,0.1015625,0.1015625,0.8897280581939828,8.897280581939828e-07,mle,0.1503987966868668,0.7246098165237781,ok,True,True,extraction,
csi300,2287,2022-12-08,1775,2286,512,-1.832339419425017,linear,52,0,52,52,0,52,0.1,0.1015625,0.1015625,0.8897280581939828,8.897280581939828e-07,mle,0.1503987966868668,0.7246098165237781,ok,True,True,extraction,
csi300,2288,2022-12-09,1776,2287,512,-1.832339419425017,linear,52,0,52,52,0,52,0.1,0.1015625,0.1015625,0.8944769525798806,8.944769525798806e-07,mle,0.1503987966868668,0.7246098165237781,ok,True,True,extraction,
csi300,2289,2022-12-12,1777,2288,512,-1.832339419425017,linear,52,0,52,52,0,52,0.1,0.1015625,0.1015625,0.8863073293053421,8.86307329305342e-07,mle,0.1503987966868668,0.7246098165237781,ok,True,True,extraction,
csi300,2290,2022-12-13,1778,2289,512,-1.832339419425017,linear,52,0,52,52,0,52,0.1,0.1015625,0.1015625,0.8863073293053421,8.86307329305342e-07,mle,0.1503987966868668,0.7246098165237781,ok,True,True,extraction,
csi300,2291,2022-12-14,1779,2290,512,-1.832339419425017,linear,52,0,52,52,0,52,0.1,0.1015625,0.1015625,0.8826697311869468,8.826697311869468e-07,mle,0.1503987966868668,0.7246098165237781,ok,True,True,extraction,
csi300,2292,2022-12-15,1780,2291,512,-1.832339419425017,linear,52,0,52,52,0,52,0.1,0.1015625,0.1015625,0.8826697311869468,8.826697311869468e-07,mle,0.1503987966868668,0.7246098165237781,ok,True,True,extraction,
csi300,2293,2022-12-16,1781,2292,512,-1.832339419425017,linear,52,0,52,52,0,52,0.1,0.1015625,0.1015625,0.8826697311869468,8.826697311869468e-07,mle,0.1503987966868668,0.7246098165237781,ok,True,True,extraction,
csi300,2294,2022-12-19,1782,2293,512,-1.832339419425017,linear,52,0,52,52,0,52,0.1,0.1015625,0.1015625,0.8826697311869468,8.826697311869468e-07,mle,0.1503987966868668,0.7246098165237781,ok,True,True,extraction,
csi300,2295,2022-12-20,1783,2294,512,-1.832339419425017,linear,52,0,52,52,0,52,0.1,0.1015625,0.1015625,0.8863073293053421,8.86307329305342e-07,mle,0.1503987966868668,0.7246098165237781,ok,True,True,extraction,
csi300,2296,2022-12-21,1784,2295,512,-1.832339419425017,linear,52,0,52,52,0,52,0.1,0.1015625,0.1015625,0.8880755822607183,8.880755822607182e-07,mle,0.1503987966868668,0.7246098165237781,ok,True,True,extraction,
csi300,2297,2022-12-22,1785,2296,512,-1.8119637234874828,linear,52,0,52,52,0,52,0.1,0.1015625,0.1015625,0.8917565807119464,8.917565807119464e-07,mle,0.13303483622769555,0.7490184806367413,ok,True,True,extraction,
csi300,2298,2022-12-23,1786,2297,512,-1.8119637234874828,linear,52,0,52,52,0,52,0.1,0.1015625,0.1015625,0.8880755822607183,8.880755822607182e-07,mle,0.13303483622769555,0.7490184806367413,ok,True,True,extraction,
csi300,2299,2022-12-27,1787,2298,512,-1.7964824575129392,linear,52,0,52,52,0,52,0.1,0.1015625,0.1015625,0.8917565807119464,8.917565807119464e-07,mle,0.0986775196858489,0.7896016212799859,ok,True,True,extraction,
csi300,2300,2022-12-28,1788,2299,512,-1.7964824575129392,linear,52,0,52,52,0,52,0.1,0.1015625,0.1015625,0.8917565807119464,8.917565807119464e-07,mle,0.0986775196858489,0.7896016212799859,ok,True,True,extraction,
csi300,2301,2022-12-29,1789,2300,512,-1.8119637234874828,linear,52,0,52,52,0,52,0.1,0.1015625,0.1015625,0.8863073293053421,8.86307329305342e-07,mle,0.11875367247937049,0.7628025537682873,ok,True,True,extraction,
csi300,2302,2022-12-30,1790,2301,512,-1.8119637234874828,linear,52,0,52,52,0,52,0.1,0.1015625,0.1015625,0.8944769525798806,8.944769525798806e-07,mle,0.11875367247937049,0.7628025537682873,ok,True,True,extraction,
csi300,2303,2023-01-03,1791,2302,512,-1.8119637234874828,linear,52,0,52,52,0,52,0.1,0.1015625,0.1015625,0.8917565807119464,8.917565807119464e-07,mle,0.11875367247937049,0.7628025537682873,ok,True,True,extraction,
csi300,2304,2023-01-04,1792,2303,512,-1.8119637234874828,linear,52,0,52,52,0,52,0.1,0.1015625,0.1015625,0.8944769525798806,8.944769525798806e-07,mle,0.11875367247937049,0.7628025537682873,ok,True,True,extraction,
csi300,2305,2023-01-05,1793,2304,512,-1.8119637234874828,linear,52,0,52,52,0,52,0.1,0.1015625,0.1015625,0.8980194251367427,8.980194251367426e-07,mle,0.11875367247937049,0.7628025537682873,ok,True,True,extraction,
csi300,2306,2023-01-06,1794,2305,512,-1.8119637234874828,linear,52,0,52,52,0,52,0.1,0.1015625,0.1015625,0.8946918489419666,8.946918489419666e-07,mle,0.11875367247937049,0.7628025537682873,ok,True,True,extraction,
csi300,2307,2023-01-09,1795,2306,512,-1.8119637234874828,linear,52,0,52,52,0,52,0.1,0.1015625,0.1015625,0.9008558338771053,9.008558338771053e-07,mle,0.11875367247937049,0.7628025537682873,ok,True,True,extraction,
csi300,2308,2023-01-10,1796,2307,512,-1.8119637234874828,linear,52,0,52,52,0,52,0.1,0.1015625,0.1015625,0.9008558338771053,9.008558338771053e-07,mle,0.11875367247937049,0.7628025537682873,ok,True,True,extraction,
csi300,2309,2023-01-11,1797,2308,512,-1.8119637234874828,linear,52,0,52,52,0,52,0.1,0.1015625,0.1015625,0.8946918489419666,8.946918489419666e-07,mle,0.11875367247937049,0.7628025537682873,ok,True,True,extraction,
csi300,2310,2023-01-12,1798,2309,512,-1.8119637234874828,linear,52,0,52,52,0,52,0.1,0.1015625,0.1015625,0.8946918489419666,8.946918489419666e-07,mle,0.11875367247937049,0.7628025537682873,ok,True,True,extraction,
csi300,2311,2023-01-13,1799,2310,512,-1.8119637234874828,linear,52,0,52,52,0,52,0.1,0.1015625,0.1015625,0.8946918489419666,8.946918489419666e-07,mle,0.11875367247937049,0.7628025537682873,ok,True,True,extraction,
csi300,2312,2023-01-17,1800,2311,512,-1.8119637234874828,linear,52,0,52,52,0,52,0.1,0.1015625,0.1015625,0.8946918489419666,8.946918489419666e-07,mle,0.11875367247937049,0.7628025537682873,ok,True,True,extraction,
csi300,2313,2023-01-18,1801,2312,512,-1.8119637234874828,linear,52,0,52,52,0,52,0.1,0.1015625,0.1015625,0.8906009937301329,8.906009937301329e-07,mle,0.11875367247937049,0.7628025537682873,ok,True,True,extraction,
csi300,2314,2023-01-19,1802,2313,512,-1.8119637234874828,linear,52,0,52,52,0,52,0.1,0.1015625,0.1015625,0.8896041186190697,8.896041186190697e-07,mle,0.11875367247937049,0.7628025537682873,ok,True,True,extraction,
csi300,2315,2023-01-20,1803,2314,512,-1.8119637234874828,linear,52,0,52,52,0,52,0.1,0.1015625,0.1015625,0.8918785408712206,8.918785408712206e-07,mle,0.11875367247937049,0.7628025537682873,ok,True,True,extraction,
csi300,2316,2023-01-23,1804,2315,512,-1.8119637234874828,linear,52,0,52,52,0,52,0.1,0.1015625,0.1015625,0.8918785408712206,8.918785408712206e-07,mle,0.11875367247937049,0.7628025537682873,ok,True,True,extraction,
csi300,2317,2023-01-24,1805,2316,512,-1.8119637234874828,linear,52,0,52,52,0,52,0.1,0.1015625,0.1015625,0.888326571477982,8.883265714779819e-07,mle,0.11875367247937049,0.7628025537682873,ok,True,True,extraction,
csi300,2318,2023-01-25,1806,2317,512,-1.8119637234874828,linear,52,0,52,52,0,52,0.1,0.1015625,0.1015625,0.8868935682192534,8.868935682192533e-07,mle,0.11875367247937049,0.7628025537682873,ok,True,True,extraction,
csi300,2319,2023-01-26,1807,2318,512,-1.8119637234874828,linear,52,0,52,52,0,52,0.1,0.1015625,0.1015625,0.8847795870150958,8.847795870150958e-07,mle,0.11875367247937049,0.7628025537682873,ok,True,True,extraction,
csi300,2320,2023-01-27,1808,2319,512,-1.8119637234874828,linear,52,0,52,52,0,52,0.1,0.1015625,0.1015625,0.8846527266037341,8.846527266037341e-07,mle,0.11875367247937049,0.7628025537682873,ok,True,True,extraction,
csi300,2321,2023-01-30,1809,2320,512,-1.8119637234874828,linear,52,0,52,52,0,52,0.1,0.1015625,0.1015625,0.882817359742326,8.828173597423259e-07,mle,0.11875367247937049,0.7628025537682873,ok,True,True,extraction,
csi300,2322,2023-01-31,1810,2321,512,-1.832339419425017,linear,52,0,52,52,0,52,0.1,0.1015625,0.1015625,0.882817359742326,8.828173597423259e-07,mle,0.15694019791051064,0.7179040601939469,ok,True,True,extraction,
csi300,2323,2023-02-01,1811,2322,512,-1.832339419425017,linear,52,0,52,52,0,52,0.1,0.1015625,0.1015625,0.8818944939369396,8.818944939369396e-07,mle,0.15694019791051064,0.7179040601939469,ok,True,True,extraction,
csi300,2324,2023-02-02,1812,2323,512,-1.832339419425017,linear,52,0,52,52,0,52,0.1,0.1015625,0.1015625,0.8818944939369396,8.818944939369396e-07,mle,0.15694019791051064,0.7179040601939469,ok,True,True,extraction,
csi300,2325,2023-02-03,1813,2324,512,-1.832339419425017,linear,52,0,52,52,0,52,0.1,0.1015625,0.1015625,0.8818944939369396,8.818944939369396e-07,mle,0.15694019791051064,0.7179040601939469,ok,True,True,extraction,
csi300,2326,2023-02-06,1814,2325,512,-1.8398542572814838,linear,52,0,52,52,0,52,0.1,0.1015625,0.1015625,0.8835020398740081,8.835020398740081e-07,mle,0.11688896570535723,0.7556098905247095,ok,True,True,extraction,
csi300,2327,2023-02-07,1815,2326,512,-1.8398542572814838,linear,52,0,52,52,0,52,0.1,0.1015625,0.1015625,0.8795694083639396,8.795694083639396e-07,mle,0.11688896570535723,0.7556098905247095,ok,True,True,extraction,
csi300,2328,2023-02-08,1816,2327,512,-1.8398542572814838,linear,52,0,52,52,0,52,0.1,0.1015625,0.1015625,0.8818944939369396,8.818944939369396e-07,mle,0.11688896570535723,0.7556098905247095,ok,True,True,extraction,
csi300,2329,2023-02-09,1817,2328,512,-1.837715084216719,linear,52,0,52,52,0,52,0.1,0.1015625,0.1015625,0.8806223375181839,8.806223375181839e-07,mle,0.11127095328272864,0.7620086335898476,ok,True,True,extraction,
csi300,2330,2023-02-10,1818,2329,512,-1.837715084216719,linear,52,0,52,52,0,52,0.1,0.1015625,0.1015625,0.8806223375181839,8.806223375181839e-07,mle,0.11127095328272864,0.7620086335898476,ok,True,True,extraction,
csi300,2331,2023-02-13,1819,2330,512,-1.837715084216719,linear,52,0,52,52,0,52,0.1,0.1015625,0.1015625,0.8806223375181839,8.806223375181839e-07,mle,0.11127095328272864,0.7620086335898476,ok,True,True,extraction,
csi300,2332,2023-02-14,1820,2331,512,-1.837715084216719,linear,52,0,52,52,0,52,0.1,0.1015625,0.1015625,0.8806223375181839,8.806223375181839e-07,mle,0.11127095328272864,0.7620086335898476,ok,True,True,extraction,
csi300,2333,2023-02-15,1821,2332,512,-1.837715084216719,linear,52,0,52,52,0,52,0.1,0.1015625,0.1015625,0.8791148573349681,8.79114857334968e-07,mle,0.11127095328272864,0.7620086335898476,ok,True,True,extraction,
csi300,2334,2023-02-16,1822,2333,512,-1.837715084216719,linear,52,0,52,52,0,52,0.1,0.1015625,0.1015625,0.8795694083639396,8.795694083639396e-07,mle,0.11127095328272864,0.7620086335898476,ok,True,True,extraction,
csi300,2335,2023-02-17,1823,2334,512,-1.837715084216719,linear,52,0,52,52,0,52,0.1,0.1015625,0.1015625,0.8841027466923932,8.841027466923932e-07,mle,0.11127095328272864,0.7620086335898476,ok,True,True,extraction,
csi300,2336,2023-02-21,1824,2335,512,-1.837715084216719,linear,52,0,52,52,0,52,0.1,0.1015625,0.1015625,0.8842521961944445,8.842521961944444e-07,mle,0.11127095328272864,0.7620086335898476,ok,True,True,extraction,
csi300,2337,2023-02-22,1825,2336,512,-1.837715084216719,linear,52,0,52,52,0,52,0.1,0.1015625,0.1015625,0.8842521961944445,8.842521961944444e-07,mle,0.11127095328272864,0.7620086335898476,ok,True,True,extraction,
csi300,2338,2023-02-23,1826,2337,512,-1.837715084216719,linear,52,0,52,52,0,52,0.1,0.1015625,0.1015625,0.8695834971664531,8.695834971664531e-07,mle,0.11127095328272864,0.7620086335898476,ok,True,True,extraction,
csi300,2339,2023-02-24,1827,2338,512,-1.837715084216719,linear,52,0,52,52,0,52,0.1,0.1015625,0.1015625,0.8587277411013253,8.587277411013253e-07,mle,0.11127095328272864,0.7620086335898476,ok,True,True,extraction,
csi300,2340,2023-02-27,1828,2339,512,-1.862345918314641,linear,52,0,52,52,0,52,0.1,0.1015625,0.1015625,0.8628015381018272,8.628015381018272e-07,mle,0.11276750889552489,0.7541174487368396,ok,True,True,extraction,
csi300,2341,2023-02-28,1829,2340,512,-1.862345918314641,linear,52,0,52,52,0,52,0.1,0.1015625,0.1015625,0.8613923759415645,8.613923759415645e-07,mle,0.11276750889552489,0.7541174487368396,ok,True,True,extraction,
csi300,2342,2023-03-01,1830,2341,512,-1.862345918314641,linear,52,0,52,52,0,52,0.1,0.1015625,0.1015625,0.8587277411013253,8.587277411013253e-07,mle,0.11276750889552489,0.7541174487368396,ok,True,True,extraction,
csi300,2343,2023-03-02,1831,2342,512,-1.862345918314641,linear,52,0,52,52,0,52,0.1,0.1015625,0.1015625,0.8613923759415645,8.613923759415645e-07,mle,0.11276750889552489,0.7541174487368396,ok,True,True,extraction,
csi300,2344,2023-03-03,1832,2343,512,-1.837715084216719,linear,52,0,52,52,0,52,0.1,0.1015625,0.1015625,0.8587277411013253,8.587277411013253e-07,mle,0.12079233143343043,0.7474266785803807,ok,True,True,extraction,
csi300,2345,2023-03-06,1833,2344,512,-1.837715084216719,linear,52,0,52,52,0,52,0.1,0.1015625,0.1015625,0.8587277411013253,8.587277411013253e-07,mle,0.12079233143343043,0.7474266785803807,ok,True,True,extraction,
csi300,2346,2023-03-07,1834,2345,512,-1.837715084216719,linear,52,0,52,52,0,52,0.1,0.1015625,0.1015625,0.8587277411013253,8.587277411013253e-07,mle,0.14905092322010421,0.697028663010931,ok,True,True,extraction,
csi300,2347,2023-03-08,1835,2346,512,-1.862345918314641,linear,52,0,52,52,0,52,0.1,0.1015625,0.1015625,0.8692023889420026,8.692023889420026e-07,mle,0.16727179191113145,0.6716802800500881,ok,True,True,extraction,
csi300,2348,2023-03-09,1836,2347,512,-1.862345918314641,linear,52,0,52,52,0,52,0.1,0.1015625,0.1015625,0.8587277411013253,8.587277411013253e-07,mle,0.16727179191113145,0.6716802800500881,ok,True,True,extraction,
csi300,2349,2023-03-10,1837,2348,512,-1.837715084216719,linear,52,0,52,52,0,52,0.1,0.1015625,0.1015625,0.8587277411013253,8.587277411013253e-07,mle,0.13543795395660535,0.7110462543320751,ok,True,True,extraction,
csi300,2350,2023-03-13,1838,2349,512,-1.837715084216719,linear,52,0,52,52,0,52,0.1,0.1015625,0.1015625,0.8632788608898918,8.632788608898918e-07,mle,0.13543795395660535,0.7110462543320751,ok,True,True,extraction,
csi300,2351,2023-03-14,1839,2350,512,-1.837715084216719,linear,52,0,52,52,0,52,0.1,0.1015625,0.1015625,0.8632788608898918,8.632788608898918e-07,mle,0.13543795395660535,0.7110462543320751,ok,True,True,extraction,
csi300,2352,2023-03-15,1840,2351,512,-1.8119637234874828,linear,52,0,52,52,0,52,0.1,0.1015625,0.1015625,0.8616004451773243,8.616004451773242e-07,mle,0.09362511572041339,0.7635294997990135,ok,True,True,extraction,
csi300,2353,2023-03-16,1841,2352,512,-1.8119637234874828,linear,52,0,52,52,0,52,0.1,0.1015625,0.1015625,0.8585074216112818,8.585074216112818e-07,mle,0.09362511572041339,0.7635294997990135,ok,True,True,extraction,
csi300,2354,2023-03-17,1842,2353,512,-1.8002153536243413,linear,52,0,52,52,0,52,0.1,0.1015625,0.1015625,0.8616004451773243,8.616004451773242e-07,mle,0.1271144169465602,0.7269491406250018,ok,True,True,extraction,
csi300,2355,2023-03-20,1843,2354,512,-1.8002153536243413,linear,52,0,52,52,0,52,0.1,0.1015625,0.1015625,0.8616004451773243,8.616004451773242e-07,mle,0.1271144169465602,0.7269491406250018,ok,True,True,extraction,
csi300,2356,2023-03-21,1844,2355,512,-1.7817213354713313,linear,52,0,52,52,0,52,0.1,0.1015625,0.1015625,0.8586352713923896,8.586352713923896e-07,mle,0.13364054489985044,0.6994924461774302,ok,True,True,extraction,
csi300,2357,2023-03-22,1845,2356,512,-1.7817213354713313,linear,52,0,52,52,0,52,0.1,0.1015625,0.1015625,0.8562213165456245,8.562213165456244e-07,mle,0.13364054489985044,0.6994924461774302,ok,True,True,extraction,
csi300,2358,2023-03-23,1846,2357,512,-1.7817213354713313,linear,52,0,52,52,0,52,0.1,0.1015625,0.1015625,0.8705600182226809,8.705600182226809e-07,mle,0.13364054489985044,0.6994924461774302,ok,True,True,extraction,
csi300,2359,2023-03-24,1847,2358,512,-1.7817213354713313,linear,52,0,52,52,0,52,0.1,0.1015625,0.1015625,0.8705600182226809,8.705600182226809e-07,mle,0.13364054489985044,0.6994924461774302,ok,True,True,extraction,
csi300,2360,2023-03-27,1848,2359,512,-1.7817213354713313,linear,52,0,52,52,0,52,0.1,0.1015625,0.1015625,0.8663701358156157,8.663701358156157e-07,mle,0.13364054489985044,0.6994924461774302,ok,True,True,extraction,
csi300,2361,2023-03-28,1849,2360,512,-1.7817213354713313,linear,52,0,52,52,0,52,0.1,0.1015625,0.1015625,0.8571337668048569,8.571337668048568e-07,mle,0.13364054489985044,0.6994924461774302,ok,True,True,extraction,
csi300,2362,2023-03-29,1850,2361,512,-1.7817213354713313,linear,52,0,52,52,0,52,0.1,0.1015625,0.1015625,0.8481728007907189,8.481728007907188e-07,mle,0.13364054489985044,0.6994924461774302,ok,True,True,extraction,
csi300,2363,2023-03-30,1851,2362,512,-1.7817213354713313,linear,52,0,52,52,0,52,0.1,0.1015625,0.1015625,0.8486101618619006,8.486101618619006e-07,mle,0.13364054489985044,0.6994924461774302,ok,True,True,extraction,
csi300,2364,2023-03-31,1852,2363,512,-1.7817213354713313,linear,52,0,52,52,0,52,0.1,0.1015625,0.1015625,0.8481728007907189,8.481728007907188e-07,mle,0.13364054489985044,0.6994924461774302,ok,True,True,extraction,
csi300,2365,2023-04-03,1853,2364,512,-1.7817213354713313,linear,52,0,52,52,0,52,0.1,0.1015625,0.1015625,0.8481728007907189,8.481728007907188e-07,mle,0.13364054489985044,0.6994924461774302,ok,True,True,extraction,
csi300,2366,2023-04-04,1854,2365,512,-1.7817213354713313,linear,52,0,52,52,0,52,0.1,0.1015625,0.1015625,0.8571337668048569,8.571337668048568e-07,mle,0.13364054489985044,0.6994924461774302,ok,True,True,extraction,
csi300,2367,2023-04-05,1855,2366,512,-1.7817213354713313,linear,52,0,52,52,0,52,0.1,0.1015625,0.1015625,0.854313685056241,8.543136850562409e-07,mle,0.13364054489985044,0.6994924461774302,ok,True,True,extraction,
csi300,2368,2023-04-06,1856,2367,512,-1.7817213354713313,linear,52,0,52,52,0,52,0.1,0.1015625,0.1015625,0.8457253532814064,8.457253532814063e-07,mle,0.13364054489985044,0.6994924461774302,ok,True,True,extraction,
csi300,2369,2023-04-10,1857,2368,512,-1.7817213354713313,linear,52,0,52,52,0,52,0.1,0.1015625,0.1015625,0.8518121757161425,8.518121757161425e-07,mle,0.13364054489985044,0.6994924461774302,ok,True,True,extraction,
csi300,2370,2023-04-11,1858,2369,512,-1.7817213354713313,linear,52,0,52,52,0,52,0.1,0.1015625,0.1015625,0.8361052541523859,8.361052541523859e-07,mle,0.13364054489985044,0.6994924461774302,ok,True,True,extraction,
csi300,2371,2023-04-12,1859,2370,512,-1.7817213354713313,linear,52,0,52,52,0,52,0.1,0.1015625,0.1015625,0.8312252178662543,8.312252178662542e-07,mle,0.13364054489985044,0.6994924461774302,ok,True,True,extraction,
csi300,2372,2023-04-13,1860,2371,512,-1.7817213354713313,linear,52,0,52,52,0,52,0.1,0.1015625,0.1015625,0.8330106122054537,8.330106122054536e-07,mle,0.13364054489985044,0.6994924461774302,ok,True,True,extraction,
csi300,2373,2023-04-14,1861,2372,512,-1.7817213354713313,linear,52,0,52,52,0,52,0.1,0.1015625,0.1015625,0.8342714601848442,8.342714601848442e-07,mle,0.13364054489985044,0.6994924461774302,ok,True,True,extraction,
csi300,2374,2023-04-17,1862,2373,512,-1.7817213354713313,linear,52,0,52,52,0,52,0.1,0.1015625,0.1015625,0.8319667739874534,8.319667739874534e-07,mle,0.13364054489985044,0.6994924461774302,ok,True,True,extraction,
csi300,2375,2023-04-18,1863,2374,512,-1.7817213354713313,linear,52,0,52,52,0,52,0.1,0.1015625,0.1015625,0.8319667739874534,8.319667739874534e-07,mle,0.13364054489985044,0.6994924461774302,ok,True,True,extraction,
csi300,2376,2023-04-19,1864,2375,512,-1.7817213354713313,linear,52,0,52,52,0,52,0.1,0.1015625,0.1015625,0.8330106122054537,8.330106122054536e-07,mle,0.13364054489985044,0.6994924461774302,ok,True,True,extraction,
csi300,2377,2023-04-20,1865,2376,512,-1.7817213354713313,linear,52,0,52,52,0,52,0.1,0.1015625,0.1015625,0.8330106122054537,8.330106122054536e-07,mle,0.13364054489985044,0.6994924461774302,ok,True,True,extraction,
csi300,2378,2023-04-21,1866,2377,512,-1.7817213354713313,linear,52,0,52,52,0,52,0.1,0.1015625,0.1015625,0.8330106122054537,8.330106122054536e-07,mle,0.13364054489985044,0.6994924461774302,ok,True,True,extraction,
csi300,2379,2023-04-24,1867,2378,512,-1.8002153536243413,linear,52,0,52,52,0,52,0.1,0.1015625,0.1015625,0.8330106122054537,8.330106122054536e-07,mle,0.14900620438319673,0.6771917368604385,ok,True,True,extraction,
csi300,2380,2023-04-25,1868,2379,512,-1.8002153536243413,linear,52,0,52,52,0,52,0.1,0.1015625,0.1015625,0.8330106122054537,8.330106122054536e-07,mle,0.14900620438319673,0.6771917368604385,ok,True,True,extraction,
csi300,2381,2023-04-26,1869,2380,512,-1.8002153536243413,linear,52,0,52,52,0,52,0.1,0.1015625,0.1015625,0.8338340991136625,8.338340991136624e-07,mle,0.14900620438319673,0.6771917368604385,ok,True,True,extraction,
csi300,2382,2023-04-27,1870,2381,512,-1.8002153536243413,linear,52,0,52,52,0,52,0.1,0.1015625,0.1015625,0.8338340991136625,8.338340991136624e-07,mle,0.14900620438319673,0.6771917368604385,ok,True,True,extraction,
csi300,2383,2023-04-28,1871,2382,512,-1.8002153536243413,linear,52,0,52,52,0,52,0.1,0.1015625,0.1015625,0.8415989439802881,8.415989439802881e-07,mle,0.14900620438319673,0.6771917368604385,ok,True,True,extraction,
csi300,2384,2023-05-01,1872,2383,512,-1.8002153536243413,linear,52,0,52,52,0,52,0.1,0.1015625,0.1015625,0.8486101618619006,8.486101618619006e-07,mle,0.14900620438319673,0.6771917368604385,ok,True,True,extraction,
csi300,2385,2023-05-02,1873,2384,512,-1.8002153536243413,linear,52,0,52,52,0,52,0.1,0.1015625,0.1015625,0.8384893943897269,8.384893943897269e-07,mle,0.14900620438319673,0.6771917368604385,ok,True,True,extraction,
csi300,2386,2023-05-03,1874,2385,512,-1.8002153536243413,linear,52,0,52,52,0,52,0.1,0.1015625,0.1015625,0.8384893943897269,8.384893943897269e-07,mle,0.14900620438319673,0.6771917368604385,ok,True,True,extraction,
csi300,2387,2023-05-04,1875,2386,512,-1.8002153536243413,linear,52,0,52,52,0,52,0.1,0.1015625,0.1015625,0.8364257595780922,8.364257595780922e-07,mle,0.14900620438319673,0.6771917368604385,ok,True,True,extraction,
csi300,2388,2023-05-05,1876,2387,512,-1.8002153536243413,linear,52,0,52,52,0,52,0.1,0.1015625,0.1015625,0.8415989439802881,8.415989439802881e-07,mle,0.14900620438319673,0.6771917368604385,ok,True,True,extraction,
csi300,2389,2023-05-08,1877,2388,512,-1.8002153536243413,linear,52,0,52,52,0,52,0.1,0.1015625,0.1015625,0.8364257595780922,8.364257595780922e-07,mle,0.14900620438319673,0.6771917368604385,ok,True,True,extraction,
csi300,2390,2023-05-09,1878,2389,512,-1.8002153536243413,linear,52,0,52,52,0,52,0.1,0.1015625,0.1015625,0.8338340991136625,8.338340991136624e-07,mle,0.14900620438319673,0.6771917368604385,ok,True,True,extraction,
csi300,2391,2023-05-10,1879,2390,512,-1.8002153536243413,linear,52,0,52,52,0,52,0.1,0.1015625,0.1015625,0.8364257595780922,8.364257595780922e-07,mle,0.14900620438319673,0.6771917368604385,ok,True,True,extraction,
csi300,2392,2023-05-11,1880,2391,512,-1.8002153536243413,linear,52,0,52,52,0,52,0.1,0.1015625,0.1015625,0.8266027162200625,8.266027162200625e-07,mle,0.14900620438319673,0.6771917368604385,ok,True,True,extraction,
csi300,2393,2023-05-12,1881,2392,512,-1.8002153536243413,linear,52,0,52,52,0,52,0.1,0.1015625,0.1015625,0.8255073714123196,8.255073714123195e-07,mle,0.14900620438319673,0.6771917368604385,ok,True,True,extraction,
csi300,2394,2023-05-15,1882,2393,512,-1.8119637234874828,linear,52,0,52,52,0,52,0.1,0.1015625,0.1015625,0.8255073714123196,8.255073714123195e-07,mle,0.14408289295230675,0.6773808222761225,ok,True,True,extraction,
csi300,2395,2023-05-16,1883,2394,512,-1.8119637234874828,linear,52,0,52,52,0,52,0.1,0.1015625,0.1015625,0.8300068981898244,8.300068981898243e-07,mle,0.14408289295230675,0.6773808222761225,ok,True,True,extraction,
csi300,2396,2023-05-17,1884,2395,512,-1.8119637234874828,linear,52,0,52,52,0,52,0.1,0.1015625,0.1015625,0.8322049975517674,8.322049975517673e-07,mle,0.14408289295230675,0.6773808222761225,ok,True,True,extraction,
csi300,2397,2023-05-18,1885,2396,512,-1.8119637234874828,linear,52,0,52,52,0,52,0.1,0.1015625,0.1015625,0.830341356389934,8.30341356389934e-07,mle,0.14408289295230675,0.6773808222761225,ok,True,True,extraction,
csi300,2398,2023-05-19,1886,2397,512,-1.8119637234874828,linear,52,0,52,52,0,52,0.1,0.1015625,0.1015625,0.830341356389934,8.30341356389934e-07,mle,0.14408289295230675,0.6773808222761225,ok,True,True,extraction,
csi300,2399,2023-05-22,1887,2398,512,-1.8119637234874828,linear,52,0,52,52,0,52,0.1,0.1015625,0.1015625,0.8322049975517674,8.322049975517673e-07,mle,0.14408289295230675,0.6773808222761225,ok,True,True,extraction,
csi300,2400,2023-05-23,1888,2399,512,-1.8119637234874828,linear,52,0,52,52,0,52,0.1,0.1015625,0.1015625,0.8384893943897269,8.384893943897269e-07,mle,0.14408289295230675,0.6773808222761225,ok,True,True,extraction,
csi300,2401,2023-05-24,1889,2400,512,-1.837715084216719,linear,52,0,52,52,0,52,0.1,0.1015625,0.1015625,0.8324927048031021,8.324927048031021e-07,mle,0.18618297102497255,0.6284177877765229,ok,True,True,extraction,
csi300,2402,2023-05-25,1890,2401,512,-1.837715084216719,linear,52,0,52,52,0,52,0.1,0.1015625,0.1015625,0.840903349236492,8.40903349236492e-07,mle,0.18618297102497255,0.6284177877765229,ok,True,True,extraction,
csi300,2403,2023-05-26,1891,2402,512,-1.837715084216719,linear,52,0,52,52,0,52,0.1,0.1015625,0.1015625,0.8408438821426141,8.40843882142614e-07,mle,0.18618297102497255,0.6284177877765229,ok,True,True,extraction,
csi300,2404,2023-05-30,1892,2403,512,-1.837715084216719,linear,52,0,52,52,0,52,0.1,0.1015625,0.1015625,0.8408438821426141,8.40843882142614e-07,mle,0.18618297102497255,0.6284177877765229,ok,True,True,extraction,
csi300,2405,2023-05-31,1893,2404,512,-1.837715084216719,linear,52,0,52,52,0,52,0.1,0.1015625,0.1015625,0.8402218559380512,8.402218559380512e-07,mle,0.18618297102497255,0.6284177877765229,ok,True,True,extraction,
csi300,2406,2023-06-01,1894,2405,512,-1.837715084216719,linear,52,0,52,52,0,52,0.1,0.1015625,0.1015625,0.8442492437331709,8.442492437331709e-07,mle,0.18618297102497255,0.6284177877765229,ok,True,True,extraction,
csi300,2407,2023-06-02,1895,2406,512,-1.837715084216719,linear,52,0,52,52,0,52,0.1,0.1015625,0.1015625,0.843547539383332,8.43547539383332e-07,mle,0.18618297102497255,0.6284177877765229,ok,True,True,extraction,
csi300,2408,2023-06-05,1896,2407,512,-1.837715084216719,linear,52,0,52,52,0,52,0.1,0.1015625,0.1015625,0.843547539383332,8.43547539383332e-07,mle,0.18618297102497255,0.6284177877765229,ok,True,True,extraction,
csi300,2409,2023-06-06,1897,2408,512,-1.837715084216719,linear,52,0,52,52,0,52,0.1,0.1015625,0.1015625,0.8402218559380512,8.402218559380512e-07,mle,0.18618297102497255,0.6284177877765229,ok,True,True,extraction,
csi300,2410,2023-06-07,1898,2409,512,-1.837715084216719,linear,52,0,52,52,0,52,0.1,0.1015625,0.1015625,0.8363743109998463,8.363743109998462e-07,mle,0.18618297102497255,0.6284177877765229,ok,True,True,extraction,
csi300,2411,2023-06-08,1899,2410,512,-1.837715084216719,linear,52,0,52,52,0,52,0.1,0.1015625,0.1015625,0.8316224968057737,8.316224968057736e-07,mle,0.18618297102497255,0.6284177877765229,ok,True,True,extraction,
csi300,2412,2023-06-09,1900,2411,512,-1.837715084216719,linear,52,0,52,52,0,52,0.1,0.1015625,0.1015625,0.8442492437331709,8.442492437331709e-07,mle,0.18618297102497255,0.6284177877765229,ok,True,True,extraction,
csi300,2413,2023-06-12,1901,2412,512,-1.837715084216719,linear,52,0,52,52,0,52,0.1,0.1015625,0.1015625,0.8443286686693572,8.443286686693571e-07,mle,0.18618297102497255,0.6284177877765229,ok,True,True,extraction,
csi300,2414,2023-06-13,1902,2413,512,-1.837715084216719,linear,52,0,52,52,0,52,0.1,0.1015625,0.1015625,0.8442492437331709,8.442492437331709e-07,mle,0.18618297102497255,0.6284177877765229,ok,True,True,extraction,
csi300,2415,2023-06-14,1903,2414,512,-1.837715084216719,linear,52,0,52,52,0,52,0.1,0.1015625,0.1015625,0.8442492437331709,8.442492437331709e-07,mle,0.18618297102497255,0.6284177877765229,ok,True,True,extraction,
csi300,2416,2023-06-15,1904,2415,512,-1.837715084216719,linear,52,0,52,52,0,52,0.1,0.1015625,0.1015625,0.8442492437331709,8.442492437331709e-07,mle,0.18618297102497255,0.6284177877765229,ok,True,True,extraction,
csi300,2417,2023-06-16,1905,2416,512,-1.837715084216719,linear,52,0,52,52,0,52,0.1,0.1015625,0.1015625,0.8402218559380512,8.402218559380512e-07,mle,0.18618297102497255,0.6284177877765229,ok,True,True,extraction,
csi300,2418,2023-06-20,1906,2417,512,-1.837715084216719,linear,52,0,52,52,0,52,0.1,0.1015625,0.1015625,0.8385294141383812,8.385294141383812e-07,mle,0.18618297102497255,0.6284177877765229,ok,True,True,extraction,
csi300,2419,2023-06-21,1907,2418,512,-1.862345918314641,linear,52,0,52,52,0,52,0.1,0.1015625,0.1015625,0.8402218559380512,8.402218559380512e-07,mle,0.23603703648378876,0.5771868118912113,ok,True,True,extraction,
csi300,2420,2023-06-22,1908,2419,512,-1.862345918314641,linear,52,0,52,52,0,52,0.1,0.1015625,0.1015625,0.8393714889370598,8.393714889370598e-07,mle,0.23603703648378876,0.5771868118912113,ok,True,True,extraction,
csi300,2421,2023-06-23,1909,2420,512,-1.862345918314641,linear,52,0,52,52,0,52,0.1,0.1015625,0.1015625,0.8363743109998463,8.363743109998462e-07,mle,0.23603703648378876,0.5771868118912113,ok,True,True,extraction,
csi300,2422,2023-06-26,1910,2421,512,-1.862345918314641,linear,52,0,52,52,0,52,0.1,0.1015625,0.1015625,0.8316224968057737,8.316224968057736e-07,mle,0.23603703648378876,0.5771868118912113,ok,True,True,extraction,
csi300,2423,2023-06-27,1911,2422,512,-1.862345918314641,linear,52,0,52,52,0,52,0.1,0.1015625,0.1015625,0.8298698072024279,8.298698072024278e-07,mle,0.23603703648378876,0.5771868118912113,ok,True,True,extraction,
csi300,2424,2023-06-28,1912,2423,512,-1.862345918314641,linear,52,0,52,52,0,52,0.1,0.1015625,0.1015625,0.8363743109998463,8.363743109998462e-07,mle,0.23603703648378876,0.5771868118912113,ok,True,True,extraction,
csi300,2425,2023-06-29,1913,2424,512,-1.862345918314641,linear,52,0,52,52,0,52,0.1,0.1015625,0.1015625,0.8298698072024278,8.298698072024277e-07,mle,0.23603703648378876,0.5771868118912113,ok,True,True,extraction,
csi300,2426,2023-06-30,1914,2425,512,-1.837715084216719,linear,52,0,52,52,0,52,0.1,0.1015625,0.1015625,0.8248139714162142,8.248139714162141e-07,mle,0.21104138863782587,0.6058703257543997,ok,True,True,extraction,
csi300,2427,2023-07-03,1915,2426,512,-1.837715084216719,linear,52,0,52,52,0,52,0.1,0.1015625,0.1015625,0.8298698072024278,8.298698072024277e-07,mle,0.21104138863782587,0.6058703257543997,ok,True,True,extraction,
csi300,2428,2023-07-05,1916,2427,512,-1.837715084216719,linear,52,0,52,52,0,52,0.1,0.1015625,0.1015625,0.8393714889370598,8.393714889370598e-07,mle,0.21104138863782587,0.6058703257543997,ok,True,True,extraction,
csi300,2429,2023-07-06,1917,2428,512,-1.837715084216719,linear,52,0,52,52,0,52,0.1,0.1015625,0.1015625,0.8363743109998463,8.363743109998462e-07,mle,0.21104138863782587,0.6058703257543997,ok,True,True,extraction,
csi300,2430,2023-07-07,1918,2429,512,-1.837715084216719,linear,52,0,52,52,0,52,0.1,0.1015625,0.1015625,0.839707517173348,8.39707517173348e-07,mle,0.21104138863782587,0.6058703257543997,ok,True,True,extraction,
csi300,2431,2023-07-10,1919,2430,512,-1.837715084216719,linear,52,0,52,52,0,52,0.1,0.1015625,0.1015625,0.841279954721941,8.412799547219409e-07,mle,0.21104138863782587,0.6058703257543997,ok,True,True,extraction,
csi300,2432,2023-07-11,1920,2431,512,-1.837715084216719,linear,52,0,52,52,0,52,0.1,0.1015625,0.1015625,0.839699438151785,8.39699438151785e-07,mle,0.21104138863782587,0.6058703257543997,ok,True,True,extraction,
csi300,2433,2023-07-12,1921,2432,512,-1.837715084216719,linear,52,0,52,52,0,52,0.1,0.1015625,0.1015625,0.8363743109998463,8.363743109998462e-07,mle,0.21104138863782587,0.6058703257543997,ok,True,True,extraction,
csi300,2434,2023-07-13,1922,2433,512,-1.837715084216719,linear,52,0,52,52,0,52,0.1,0.1015625,0.1015625,0.8363743109998463,8.363743109998462e-07,mle,0.21104138863782587,0.6058703257543997,ok,True,True,extraction,
csi300,2435,2023-07-14,1923,2434,512,-1.837715084216719,linear,52,0,52,52,0,52,0.1,0.1015625,0.1015625,0.8385294141383812,8.385294141383812e-07,mle,0.21104138863782587,0.6058703257543997,ok,True,True,extraction,
csi300,2436,2023-07-17,1924,2435,512,-1.837715084216719,linear,52,0,52,52,0,52,0.1,0.1015625,0.1015625,0.839699438151785,8.39699438151785e-07,mle,0.21104138863782587,0.6058703257543997,ok,True,True,extraction,
csi300,2437,2023-07-18,1925,2436,512,-1.837715084216719,linear,52,0,52,52,0,52,0.1,0.1015625,0.1015625,0.8363743109998463,8.363743109998462e-07,mle,0.21104138863782587,0.6058703257543997,ok,True,True,extraction,
csi300,2438,2023-07-19,1926,2437,512,-1.837715084216719,linear,52,0,52,52,0,52,0.1,0.1015625,0.1015625,0.8298698072024278,8.298698072024277e-07,mle,0.21104138863782587,0.6058703257543997,ok,True,True,extraction,
csi300,2439,2023-07-20,1927,2438,512,-1.837715084216719,linear,52,0,52,52,0,52,0.1,0.1015625,0.1015625,0.8298698072024278,8.298698072024277e-07,mle,0.21104138863782587,0.6058703257543997,ok,True,True,extraction,
csi300,2440,2023-07-21,1928,2439,512,-1.837715084216719,linear,52,0,52,52,0,52,0.1,0.1015625,0.1015625,0.8277039147840943,8.277039147840943e-07,mle,0.21104138863782587,0.6058703257543997,ok,True,True,extraction,
csi300,2441,2023-07-24,1929,2440,512,-1.8119637234874828,linear,52,0,52,52,0,52,0.1,0.1015625,0.1015625,0.8226480789978807,8.226480789978807e-07,mle,0.17440177922520167,0.6477706154434297,ok,True,True,extraction,
csi300,2442,2023-07-25,1930,2441,512,-1.8119637234874828,linear,52,0,52,52,0,52,0.1,0.1015625,0.1015625,0.8226480789978807,8.226480789978807e-07,mle,0.17440177922520167,0.6477706154434297,ok,True,True,extraction,
csi300,2443,2023-07-26,1931,2442,512,-1.8119637234874828,linear,52,0,52,52,0,52,0.1,0.1015625,0.1015625,0.8277039147840943,8.277039147840943e-07,mle,0.17440177922520167,0.6477706154434297,ok,True,True,extraction,
csi300,2444,2023-07-27,1932,2443,512,-1.8119637234874828,linear,52,0,52,52,0,52,0.1,0.1015625,0.1015625,0.8248139714162142,8.248139714162141e-07,mle,0.17440177922520167,0.6477706154434297,ok,True,True,extraction,
csi300,2445,2023-07-28,1933,2444,512,-1.8119637234874828,linear,52,0,52,52,0,52,0.1,0.1015625,0.1015625,0.8298698072024278,8.298698072024277e-07,mle,0.17440177922520167,0.6477706154434297,ok,True,True,extraction,
csi300,2446,2023-07-31,1934,2445,512,-1.8119637234874828,linear,52,0,52,52,0,52,0.1,0.1015625,0.1015625,0.8298698072024278,8.298698072024277e-07,mle,0.17440177922520167,0.6477706154434297,ok,True,True,extraction,
csi300,2447,2023-08-01,1935,2446,512,-1.8119637234874828,linear,52,0,52,52,0,52,0.1,0.1015625,0.1015625,0.8359873426275279,8.359873426275279e-07,mle,0.17440177922520167,0.6477706154434297,ok,True,True,extraction,
csi300,2448,2023-08-02,1936,2447,512,-1.8119637234874828,linear,52,0,52,52,0,52,0.1,0.1015625,0.1015625,0.8376544477865202,8.376544477865201e-07,mle,0.17440177922520167,0.6477706154434297,ok,True,True,extraction,
csi300,2449,2023-08-03,1937,2448,512,-1.8119637234874828,linear,52,0,52,52,0,52,0.1,0.1015625,0.1015625,0.8298698072024278,8.298698072024277e-07,mle,0.17440177922520167,0.6477706154434297,ok,True,True,extraction,
csi300,2450,2023-08-04,1938,2449,512,-1.8119637234874828,linear,52,0,52,52,0,52,0.1,0.1015625,0.1015625,0.8298698072024278,8.298698072024277e-07,mle,0.17440177922520167,0.6477706154434297,ok,True,True,extraction,
csi300,2451,2023-08-07,1939,2450,512,-1.8119637234874828,linear,52,0,52,52,0,52,0.1,0.1015625,0.1015625,0.8298698072024278,8.298698072024277e-07,mle,0.17440177922520167,0.6477706154434297,ok,True,True,extraction,
csi300,2452,2023-08-08,1940,2451,512,-1.8119637234874828,linear,52,0,52,52,0,52,0.1,0.1015625,0.1015625,0.8298698072024278,8.298698072024277e-07,mle,0.17440177922520167,0.6477706154434297,ok,True,True,extraction,
csi300,2453,2023-08-09,1941,2452,512,-1.8002153536243413,linear,52,0,52,52,0,52,0.1,0.1015625,0.1015625,0.8248139714162142,8.248139714162141e-07,mle,0.19543141321954421,0.6121194092910507,ok,True,True,extraction,
csi300,2454,2023-08-10,1942,2453,512,-1.7817213354713313,linear,52,0,52,52,0,52,0.1,0.1015625,0.1015625,0.8321113943676104,8.321113943676104e-07,mle,0.15483984155280778,0.6050730599019091,ok,True,True,extraction,
csi300,2455,2023-08-11,1943,2454,512,-1.7817213354713313,linear,52,0,52,52,0,52,0.1,0.1015625,0.1015625,0.8275615887862247,8.275615887862246e-07,mle,0.15483984155280778,0.6050730599019091,ok,True,True,extraction,
csi300,2456,2023-08-14,1944,2455,512,-1.8002153536243413,linear,52,0,52,52,0,52,0.1,0.1015625,0.1015625,0.8275615887862247,8.275615887862246e-07,mle,0.14904014300978702,0.6211677000640867,ok,True,True,extraction,
csi300,2457,2023-08-15,1945,2456,512,-1.8002153536243413,linear,52,0,52,52,0,52,0.1,0.1015625,0.1015625,0.8275615887862247,8.275615887862246e-07,mle,0.14904014300978702,0.6211677000640867,ok,True,True,extraction,
csi300,2458,2023-08-16,1946,2457,512,-1.8002153536243413,linear,52,0,52,52,0,52,0.1,0.1015625,0.1015625,0.8224781647437673,8.224781647437673e-07,mle,0.14904014300978702,0.6211677000640867,ok,True,True,extraction,
csi300,2459,2023-08-17,1947,2458,512,-1.8002153536243413,linear,52,0,52,52,0,52,0.1,0.1015625,0.1015625,0.8226480789978807,8.226480789978807e-07,mle,0.14904014300978702,0.6211677000640867,ok,True,True,extraction,
csi300,2460,2023-08-18,1948,2459,512,-1.8002153536243413,linear,52,0,52,52,0,52,0.1,0.1015625,0.1015625,0.8226480789978807,8.226480789978807e-07,mle,0.14904014300978702,0.6211677000640867,ok,True,True,extraction,
csi300,2461,2023-08-21,1949,2460,512,-1.8002153536243413,linear,52,0,52,52,0,52,0.1,0.1015625,0.1015625,0.8277039147840943,8.277039147840943e-07,mle,0.14904014300978702,0.6211677000640867,ok,True,True,extraction,
csi300,2462,2023-08-22,1950,2461,512,-1.8002153536243413,linear,52,0,52,52,0,52,0.1,0.1015625,0.1015625,0.8277039147840943,8.277039147840943e-07,mle,0.14904014300978702,0.6211677000640867,ok,True,True,extraction,
csi300,2463,2023-08-23,1951,2462,512,-1.8002153536243413,linear,52,0,52,52,0,52,0.1,0.1015625,0.1015625,0.8226480789978807,8.226480789978807e-07,mle,0.14904014300978702,0.6211677000640867,ok,True,True,extraction,
csi300,2464,2023-08-24,1952,2463,512,-1.8002153536243413,linear,52,0,52,52,0,52,0.1,0.1015625,0.1015625,0.8179243361863952,8.179243361863951e-07,mle,0.14904014300978702,0.6211677000640867,ok,True,True,extraction,
csi300,2465,2023-08-25,1953,2464,512,-1.8002153536243413,linear,52,0,52,52,0,52,0.1,0.1015625,0.1015625,0.8179243361863952,8.179243361863951e-07,mle,0.14904014300978702,0.6211677000640867,ok,True,True,extraction,
csi300,2466,2023-08-28,1954,2465,512,-1.8002153536243413,linear,52,0,52,52,0,52,0.1,0.1015625,0.1015625,0.8158942360101624,8.158942360101624e-07,mle,0.14904014300978702,0.6211677000640867,ok,True,True,extraction,
csi300,2467,2023-08-29,1955,2466,512,-1.8002153536243413,linear,52,0,52,52,0,52,0.1,0.1015625,0.1015625,0.8173476117262459,8.173476117262458e-07,mle,0.14904014300978702,0.6211677000640867,ok,True,True,extraction,
csi300,2468,2023-08-30,1956,2467,512,-1.8002153536243413,linear,52,0,52,52,0,52,0.1,0.1015625,0.1015625,0.8226480789978807,8.226480789978807e-07,mle,0.14904014300978702,0.6211677000640867,ok,True,True,extraction,
csi300,2469,2023-08-31,1957,2468,512,-1.7817213354713313,linear,52,0,52,52,0,52,0.1,0.1015625,0.1015625,0.8190686879268476,8.190686879268475e-07,mle,0.1530067362814816,0.6217091513949522,ok,True,True,extraction,
csi300,2470,2023-09-01,1958,2469,512,-1.7817213354713313,linear,52,0,52,52,0,52,0.1,0.1015625,0.1015625,0.8173476117262459,8.173476117262458e-07,mle,0.1530067362814816,0.6217091513949522,ok,True,True,extraction,
csi300,2471,2023-09-05,1959,2470,512,-1.7817213354713313,linear,52,0,52,52,0,52,0.1,0.1015625,0.1015625,0.8226480789978807,8.226480789978807e-07,mle,0.1530067362814816,0.6217091513949522,ok,True,True,extraction,
csi300,2472,2023-09-06,1960,2471,512,-1.7449520288253757,linear,52,0,52,52,0,52,0.1,0.1015625,0.1015625,0.8173476117262459,8.173476117262458e-07,mle,0.08544019455574159,0.7019398298963558,ok,True,True,extraction,
csi300,2473,2023-09-07,1961,2472,512,-1.7449520288253757,linear,52,0,52,52,0,52,0.1,0.1015625,0.1015625,0.8111158107968357,8.111158107968357e-07,mle,0.08544019455574159,0.7019398298963558,ok,True,True,extraction,
csi300,2474,2023-09-08,1962,2473,512,-1.7817213354713313,linear,52,0,52,52,0,52,0.1,0.1015625,0.1015625,0.8041058392504066,8.041058392504065e-07,mle,0.11525964881399205,0.6589338957433435,ok,True,True,extraction,
csi300,2475,2023-09-11,1963,2474,512,-1.7817213354713313,linear,52,0,52,52,0,52,0.1,0.1015625,0.1015625,0.8041058392504066,8.041058392504065e-07,mle,0.11525964881399205,0.6589338957433435,ok,True,True,extraction,
csi300,2476,2023-09-12,1964,2475,512,-1.7449520288253757,linear,52,0,52,52,0,52,0.1,0.1015625,0.1015625,0.8111158107968357,8.111158107968357e-07,mle,0.06533211688150851,0.7256438008326416,ok,True,True,extraction,
csi300,2477,2023-09-13,1965,2476,512,-1.7449520288253757,linear,52,0,52,52,0,52,0.1,0.1015625,0.1015625,0.8008032418358146,8.008032418358146e-07,mle,0.06533211688150851,0.7256438008326416,ok,True,True,extraction,
csi300,2478,2023-09-14,1966,2477,512,-1.7449520288253757,linear,52,0,52,52,0,52,0.1,0.1015625,0.1015625,0.7975400886957132,7.975400886957132e-07,mle,0.06533211688150851,0.7256438008326416,ok,True,True,extraction,
csi300,2479,2023-09-15,1967,2478,512,-1.7449520288253757,linear,52,0,52,52,0,52,0.1,0.1015625,0.1015625,0.7975400886957132,7.975400886957132e-07,mle,0.06533211688150851,0.7256438008326416,ok,True,True,extraction,
csi300,2480,2023-09-18,1968,2479,512,-1.7449520288253757,linear,52,0,52,52,0,52,0.1,0.1015625,0.1015625,0.8008426861103053,8.008426861103053e-07,mle,0.06533211688150851,0.7256438008326416,ok,True,True,extraction,
csi300,2481,2023-09-19,1969,2480,512,-1.7449520288253757,linear,52,0,52,52,0,52,0.1,0.1015625,0.1015625,0.7975400886957132,7.975400886957132e-07,mle,0.06533211688150851,0.7256438008326416,ok,True,True,extraction,
csi300,2482,2023-09-20,1970,2481,512,-1.7449520288253757,linear,52,0,52,52,0,52,0.1,0.1015625,0.1015625,0.7975400886957132,7.975400886957132e-07,mle,0.06533211688150851,0.7256438008326416,ok,True,True,extraction,
csi300,2483,2023-09-21,1971,2482,512,-1.7449520288253757,linear,52,0,52,52,0,52,0.1,0.1015625,0.1015625,0.7987101544312025,7.987101544312025e-07,mle,0.06533211688150851,0.7256438008326416,ok,True,True,extraction,
csi300,2484,2023-09-22,1972,2483,512,-1.7449520288253757,linear,52,0,52,52,0,52,0.1,0.1015625,0.1015625,0.8008426861103053,8.008426861103053e-07,mle,0.06533211688150851,0.7256438008326416,ok,True,True,extraction,
csi300,2485,2023-09-25,1973,2484,512,-1.7449520288253757,linear,52,0,52,52,0,52,0.1,0.1015625,0.1015625,0.8008863135746844,8.008863135746844e-07,mle,0.06533211688150851,0.7256438008326416,ok,True,True,extraction,
csi300,2486,2023-09-26,1974,2485,512,-1.7449520288253757,linear,52,0,52,52,0,52,0.1,0.1015625,0.1015625,0.8020754616414224,8.020754616414224e-07,mle,0.06533211688150851,0.7256438008326416,ok,True,True,extraction,
csi300,2487,2023-09-27,1975,2486,512,-1.7449520288253757,linear,52,0,52,52,0,52,0.1,0.1015625,0.1015625,0.8020754616414224,8.020754616414224e-07,mle,0.06533211688150851,0.7256438008326416,ok,True,True,extraction,
csi300,2488,2023-09-28,1976,2487,512,-1.7153059456590682,linear,52,0,52,52,0,52,0.1,0.1015625,0.1015625,0.8008426861103053,8.008426861103053e-07,mle,0.034565840237118464,0.7731883925109901,ok,True,True,extraction,
csi300,2489,2023-09-29,1977,2488,512,-1.7153059456590682,linear,52,0,52,52,0,52,0.1,0.1015625,0.1015625,0.7975400886957132,7.975400886957132e-07,mle,0.034565840237118464,0.7731883925109901,ok,True,True,extraction,
csi300,2490,2023-10-02,1978,2489,512,-1.7027113544268768,linear,52,0,52,52,0,52,0.1,0.1015625,0.1015625,0.8040281899303161,8.040281899303161e-07,mle,0.03489427179301563,0.7782002710959364,ok,True,True,extraction,
csi300,2491,2023-10-03,1979,2490,512,-1.7027113544268768,linear,52,0,52,52,0,52,0.1,0.1015625,0.1015625,0.7975400886957132,7.975400886957132e-07,mle,0.03489427179301563,0.7782002710959364,ok,True,True,extraction,
csi300,2492,2023-10-04,1980,2491,512,-1.6761312297331872,linear,52,0,52,52,0,52,0.1,0.1015625,0.1015625,0.7975400886957132,7.975400886957132e-07,mle,0.03928881991378849,0.774728220454459,ok,True,True,extraction,
csi300,2493,2023-10-05,1981,2492,512,-1.6761312297331872,linear,52,0,52,52,0,52,0.1,0.1015625,0.1015625,0.7987101544312025,7.987101544312025e-07,mle,0.03928881991378849,0.774728220454459,ok,True,True,extraction,
csi300,2494,2023-10-06,1982,2493,512,-1.6761312297331872,linear,52,0,52,52,0,52,0.1,0.1015625,0.1015625,0.7965973013839542,7.965973013839542e-07,mle,0.03928881991378849,0.774728220454459,ok,True,True,extraction,
csi300,2495,2023-10-09,1983,2494,512,-1.6761312297331872,linear,52,0,52,52,0,52,0.1,0.1015625,0.1015625,0.7987101544312025,7.987101544312025e-07,mle,0.03928881991378849,0.774728220454459,ok,True,True,extraction,
csi300,2496,2023-10-10,1984,2495,512,-1.6761312297331872,linear,52,0,52,52,0,52,0.1,0.1015625,0.1015625,0.7957868503240917,7.957868503240917e-07,mle,0.03928881991378849,0.774728220454459,ok,True,True,extraction,
csi300,2497,2023-10-11,1985,2496,512,-1.6761312297331872,linear,52,0,52,52,0,52,0.1,0.1015625,0.1015625,0.7936864196817071,7.93686419681707e-07,mle,0.03928881991378849,0.774728220454459,ok,True,True,extraction,
csi300,2498,2023-10-12,1986,2497,512,-1.6761312297331872,linear,52,0,52,52,0,52,0.1,0.1015625,0.1015625,0.793720679488192,7.93720679488192e-07,mle,0.03928881991378849,0.774728220454459,ok,True,True,extraction,
csi300,2499,2023-10-13,1987,2498,512,-1.6761312297331872,linear,52,0,52,52,0,52,0.1,0.1015625,0.1015625,0.793720679488192,7.93720679488192e-07,mle,0.03928881991378849,0.774728220454459,ok,True,True,extraction,
csi300,2500,2023-10-16,1988,2499,512,-1.6761312297331872,linear,52,0,52,52,0,52,0.1,0.1015625,0.1015625,0.7936864196817071,7.93686419681707e-07,mle,0.03928881991378849,0.774728220454459,ok,True,True,extraction,
csi300,2501,2023-10-17,1989,2500,512,-1.6761312297331872,linear,52,0,52,52,0,52,0.1,0.1015625,0.1015625,0.7936864196817071,7.93686419681707e-07,mle,0.03928881991378849,0.774728220454459,ok,True,True,extraction,
csi300,2502,2023-10-18,1990,2501,512,-1.6761312297331872,linear,52,0,52,52,0,52,0.1,0.1015625,0.1015625,0.7932831775417012,7.932831775417011e-07,mle,0.03928881991378849,0.774728220454459,ok,True,True,extraction,
csi300,2503,2023-10-19,1991,2502,512,-1.6761312297331872,linear,52,0,52,52,0,52,0.1,0.1015625,0.1015625,0.7961275895047804,7.961275895047803e-07,mle,0.03928881991378849,0.774728220454459,ok,True,True,extraction,
csi300,2504,2023-10-20,1992,2503,512,-1.6761312297331872,linear,52,0,52,52,0,52,0.1,0.1015625,0.1015625,0.7991021615003933,7.991021615003932e-07,mle,0.03928881991378849,0.774728220454459,ok,True,True,extraction,
csi300,2505,2023-10-23,1993,2504,512,-1.6761312297331872,linear,52,0,52,52,0,52,0.1,0.1015625,0.1015625,0.7993557326386818,7.993557326386818e-07,mle,0.03928881991378849,0.774728220454459,ok,True,True,extraction,
csi300,2506,2023-10-24,1994,2505,512,-1.6761312297331872,linear,52,0,52,52,0,52,0.1,0.1015625,0.1015625,0.7977752160685259,7.977752160685258e-07,mle,0.03928881991378849,0.774728220454459,ok,True,True,extraction,
csi300,2507,2023-10-25,1995,2506,512,-1.6761312297331872,linear,52,0,52,52,0,52,0.1,0.1015625,0.1015625,0.7991021615003933,7.991021615003932e-07,mle,0.03928881991378849,0.774728220454459,ok,True,True,extraction,
csi300,2508,2023-10-26,1996,2507,512,-1.6761312297331872,linear,52,0,52,52,0,52,0.1,0.1015625,0.1015625,0.8004825226664029,8.004825226664028e-07,mle,0.03928881991378849,0.774728220454459,ok,True,True,extraction,
csi300,2509,2023-10-27,1997,2508,512,-1.6761312297331872,linear,52,0,52,52,0,52,0.1,0.1015625,0.1015625,0.7991021615003933,7.991021615003932e-07,mle,0.03928881991378849,0.774728220454459,ok,True,True,extraction,
csi300,2510,2023-10-30,1998,2509,512,-1.6761312297331872,linear,52,0,52,52,0,52,0.1,0.1015625,0.1015625,0.7927723081067176,7.927723081067176e-07,mle,0.03928881991378849,0.774728220454459,ok,True,True,extraction,
csi300,2511,2023-10-31,1999,2510,512,-1.6761312297331872,linear,52,0,52,52,0,52,0.1,0.1015625,0.1015625,0.794734805933907,7.94734805933907e-07,mle,0.03928881991378849,0.774728220454459,ok,True,True,extraction,
csi300,2512,2023-11-01,2000,2511,512,-1.6761312297331872,linear,52,0,52,52,0,52,0.1,0.1015625,0.1015625,0.7927723081067176,7.927723081067176e-07,mle,0.03928881991378849,0.774728220454459,ok,True,True,extraction,
csi300,2513,2023-11-02,2001,2512,512,-1.6761312297331872,linear,52,0,52,52,0,52,0.1,0.1015625,0.1015625,0.7917114994496539,7.917114994496539e-07,mle,0.03928881991378849,0.774728220454459,ok,True,True,extraction,
csi300,2514,2023-11-03,2002,2513,512,-1.6761312297331872,linear,52,0,52,52,0,52,0.1,0.1015625,0.1015625,0.7917114994496539,7.917114994496539e-07,mle,0.03928881991378849,0.774728220454459,ok,True,True,extraction,
csi300,2515,2023-11-06,2003,2514,512,-1.6761312297331872,linear,52,0,52,52,0,52,0.1,0.1015625,0.1015625,0.7834132949951766,7.834132949951766e-07,mle,0.03928881991378849,0.774728220454459,ok,True,True,extraction,
csi300,2516,2023-11-07,2004,2515,512,-1.6761312297331872,linear,52,0,52,52,0,52,0.1,0.1015625,0.1015625,0.7834132949951766,7.834132949951766e-07,mle,0.03928881991378849,0.774728220454459,ok,True,True,extraction,
csi300,2517,2023-11-08,2005,2516,512,-1.6761312297331872,linear,52,0,52,52,0,52,0.1,0.1015625,0.1015625,0.7834132949951766,7.834132949951766e-07,mle,0.03928881991378849,0.774728220454459,ok,True,True,extraction,
csi300,2518,2023-11-09,2006,2517,512,-1.6761312297331872,linear,52,0,52,52,0,52,0.1,0.1015625,0.1015625,0.7834132949951766,7.834132949951766e-07,mle,0.03928881991378849,0.774728220454459,ok,True,True,extraction,
csi300,2519,2023-11-10,2007,2518,512,-1.6761312297331872,linear,52,0,52,52,0,52,0.1,0.1015625,0.1015625,0.7813004419479284,7.813004419479283e-07,mle,0.03928881991378849,0.774728220454459,ok,True,True,extraction,
csi300,2520,2023-11-13,2008,2519,512,-1.6761312297331872,linear,52,0,52,52,0,52,0.1,0.1015625,0.1015625,0.7917114994496539,7.917114994496539e-07,mle,0.03928881991378849,0.774728220454459,ok,True,True,extraction,
csi300,2521,2023-11-14,2009,2520,512,-1.6761312297331872,linear,52,0,52,52,0,52,0.1,0.1015625,0.1015625,0.7813004419479284,7.813004419479283e-07,mle,0.03928881991378849,0.774728220454459,ok,True,True,extraction,
csi300,2522,2023-11-15,2010,2521,512,-1.6761312297331872,linear,52,0,52,52,0,52,0.1,0.1015625,0.1015625,0.7834132949951766,7.834132949951766e-07,mle,0.03928881991378849,0.774728220454459,ok,True,True,extraction,
csi300,2523,2023-11-16,2011,2522,512,-1.6761312297331872,linear,52,0,52,52,0,52,0.1,0.1015625,0.1015625,0.7800890363362746,7.800890363362745e-07,mle,0.03928881991378849,0.774728220454459,ok,True,True,extraction,
csi300,2524,2023-11-17,2012,2523,512,-1.7027113544268768,linear,52,0,52,52,0,52,0.1,0.1015625,0.1015625,0.791135694454514,7.91135694454514e-07,mle,0.06658151806718426,0.7321652014919653,ok,True,True,extraction,
csi300,2525,2023-11-20,2013,2524,512,-1.7027113544268768,linear,52,0,52,52,0,52,0.1,0.1015625,0.1015625,0.7922330439656236,7.922330439656235e-07,mle,0.06658151806718426,0.7321652014919653,ok,True,True,extraction,
csi300,2526,2023-11-21,2014,2525,512,-1.7027113544268768,linear,52,0,52,52,0,52,0.1,0.1015625,0.1015625,0.7905011538124699,7.905011538124698e-07,mle,0.06658151806718426,0.7321652014919653,ok,True,True,extraction,
csi300,2527,2023-11-22,2015,2526,512,-1.7027113544268768,linear,52,0,52,52,0,52,0.1,0.1015625,0.1015625,0.7922330439656236,7.922330439656235e-07,mle,0.06658151806718426,0.7321652014919653,ok,True,True,extraction,
csi300,2528,2023-11-24,2016,2527,512,-1.7027113544268768,linear,52,0,52,52,0,52,0.1,0.1015625,0.1015625,0.7943334746080082,7.943334746080081e-07,mle,0.06658151806718426,0.7321652014919653,ok,True,True,extraction,
csi300,2529,2023-11-27,2017,2528,512,-1.7027113544268768,linear,52,0,52,52,0,52,0.1,0.1015625,0.1015625,0.7905011538124699,7.905011538124698e-07,mle,0.06658151806718426,0.7321652014919653,ok,True,True,extraction,
csi300,2530,2023-11-28,2018,2529,512,-1.7027113544268768,linear,52,0,52,52,0,52,0.1,0.1015625,0.1015625,0.7943334746080082,7.943334746080081e-07,mle,0.06658151806718426,0.7321652014919653,ok,True,True,extraction,
csi300,2531,2023-11-29,2019,2530,512,-1.7027113544268768,linear,52,0,52,52,0,52,0.1,0.1015625,0.1015625,0.7919588025486863,7.919588025486863e-07,mle,0.06658151806718426,0.7321652014919653,ok,True,True,extraction,
csi300,2532,2023-11-30,2020,2531,512,-1.7027113544268768,linear,52,0,52,52,0,52,0.1,0.1015625,0.1015625,0.8009550465265509,8.009550465265509e-07,mle,0.06658151806718426,0.7321652014919653,ok,True,True,extraction,
csi300,2533,2023-12-01,2021,2532,512,-1.7027113544268768,linear,52,0,52,52,0,52,0.1,0.1015625,0.1015625,0.8086881781636979,8.086881781636979e-07,mle,0.06658151806718426,0.7321652014919653,ok,True,True,extraction,
csi300,2534,2023-12-04,2022,2533,512,-1.7027113544268768,linear,52,0,52,52,0,52,0.1,0.1015625,0.1015625,0.8009550465265509,8.009550465265509e-07,mle,0.06658151806718426,0.7321652014919653,ok,True,True,extraction,
csi300,2535,2023-12-05,2023,2534,512,-1.7027113544268768,linear,52,0,52,52,0,52,0.1,0.1015625,0.1015625,0.8009550465265509,8.009550465265509e-07,mle,0.06658151806718426,0.7321652014919653,ok,True,True,extraction,
csi300,2536,2023-12-06,2024,2535,512,-1.7153059456590682,linear,52,0,52,52,0,52,0.1,0.1015625,0.1015625,0.7958304777884708,7.958304777884708e-07,mle,0.06890718129541964,0.7240986061456081,ok,True,True,extraction,
csi300,2537,2023-12-07,2025,2536,512,-1.7153059456590682,linear,52,0,52,52,0,52,0.1,0.1015625,0.1015625,0.7975391168539713,7.975391168539712e-07,mle,0.06890718129541964,0.7240986061456081,ok,True,True,extraction,
csi300,2538,2023-12-08,2026,2537,512,-1.7153059456590682,linear,52,0,52,52,0,52,0.1,0.1015625,0.1015625,0.7975391168539713,7.975391168539712e-07,mle,0.06890718129541964,0.7240986061456081,ok,True,True,extraction,
csi300,2539,2023-12-11,2027,2538,512,-1.7153059456590682,linear,52,0,52,52,0,52,0.1,0.1015625,0.1015625,0.8008532406962243,8.008532406962243e-07,mle,0.06890718129541964,0.7240986061456081,ok,True,True,extraction,
csi300,2540,2023-12-12,2028,2539,512,-1.7153059456590682,linear,52,0,52,52,0,52,0.1,0.1015625,0.1015625,0.7975391168539713,7.975391168539712e-07,mle,0.06890718129541964,0.7240986061456081,ok,True,True,extraction,
csi300,2541,2023-12-13,2029,2540,512,-1.7153059456590682,linear,52,0,52,52,0,52,0.1,0.1015625,0.1015625,0.7975391168539713,7.975391168539712e-07,mle,0.06890718129541964,0.7240986061456081,ok,True,True,extraction,
csi300,2542,2023-12-14,2030,2541,512,-1.7153059456590682,linear,52,0,52,52,0,52,0.1,0.1015625,0.1015625,0.8008532406962243,8.008532406962243e-07,mle,0.06890718129541964,0.7240986061456081,ok,True,True,extraction,
csi300,2543,2023-12-15,2031,2542,512,-1.7153059456590682,linear,52,0,52,52,0,52,0.1,0.1015625,0.1015625,0.7975391168539713,7.975391168539712e-07,mle,0.06890718129541964,0.7240986061456081,ok,True,True,extraction,
csi300,2544,2023-12-18,2032,2543,512,-1.7153059456590682,linear,52,0,52,52,0,52,0.1,0.1015625,0.1015625,0.8008532406962243,8.008532406962243e-07,mle,0.06890718129541964,0.7240986061456081,ok,True,True,extraction,
csi300,2545,2023-12-19,2033,2544,512,-1.7153059456590682,linear,52,0,52,52,0,52,0.1,0.1015625,0.1015625,0.8016178004754079,8.016178004754078e-07,mle,0.06890718129541964,0.7240986061456081,ok,True,True,extraction,
csi300,2546,2023-12-20,2034,2545,512,-1.7153059456590682,linear,52,0,52,52,0,52,0.1,0.1015625,0.1015625,0.8016178004754079,8.016178004754078e-07,mle,0.06890718129541964,0.7240986061456081,ok,True,True,extraction,
csi300,2547,2023-12-21,2035,2546,512,-1.7449520288253757,linear,52,0,52,52,0,52,0.1,0.1015625,0.1015625,0.8029323235024115,8.029323235024115e-07,mle,0.08541795238104546,0.6954690288862506,ok,True,True,extraction,
csi300,2548,2023-12-22,2036,2547,512,-1.7449520288253757,linear,52,0,52,52,0,52,0.1,0.1015625,0.1015625,0.8029323235024115,8.029323235024115e-07,mle,0.08541795238104546,0.6954690288862506,ok,True,True,extraction,
csi300,2549,2023-12-26,2037,2548,512,-1.7449520288253757,linear,52,0,52,52,0,52,0.1,0.1015625,0.1015625,0.801302470144306,8.01302470144306e-07,mle,0.08541795238104546,0.6954690288862506,ok,True,True,extraction,
csi300,2550,2023-12-27,2038,2549,512,-1.7449520288253757,linear,52,0,52,52,0,52,0.1,0.1015625,0.1015625,0.801302470144306,8.01302470144306e-07,mle,0.08541795238104546,0.6954690288862506,ok,True,True,extraction,
csi300,2551,2023-12-28,2039,2550,512,-1.7449520288253757,linear,52,0,52,52,0,52,0.1,0.1015625,0.1015625,0.801302470144306,8.01302470144306e-07,mle,0.08541795238104546,0.6954690288862506,ok,True,True,extraction,
csi300,2552,2023-12-29,2040,2551,512,-1.7449520288253757,linear,52,0,52,52,0,52,0.1,0.1015625,0.1015625,0.8022082180782011,8.02208218078201e-07,mle,0.08541795238104546,0.6954690288862506,ok,True,True,extraction,
csi300,2553,2024-01-02,2041,2552,512,-1.7449520288253757,linear,52,0,52,52,0,52,0.1,0.1015625,0.1015625,0.8023545168968199,8.023545168968199e-07,mle,0.08541795238104546,0.6954690288862506,ok,True,True,extraction,
csi300,2554,2024-01-03,2042,2553,512,-1.7817213354713313,linear,52,0,52,52,0,52,0.1,0.1015625,0.1015625,0.8032856713179725,8.032856713179725e-07,mle,0.1305742223767758,0.6354040765728909,ok,True,True,extraction,
csi300,2555,2024-01-04,2043,2554,512,-1.7817213354713313,linear,52,0,52,52,0,52,0.1,0.1015625,0.1015625,0.8023545168968199,8.023545168968199e-07,mle,0.1305742223767758,0.6354040765728909,ok,True,True,extraction,
csi300,2556,2024-01-05,2044,2555,512,-1.7817213354713313,linear,52,0,52,52,0,52,0.1,0.1015625,0.1015625,0.8023545168968199,8.023545168968199e-07,mle,0.1305742223767758,0.6354040765728909,ok,True,True,extraction,
csi300,2557,2024-01-08,2045,2556,512,-1.7817213354713313,linear,52,0,52,52,0,52,0.1,0.1015625,0.1015625,0.8008532406962243,8.008532406962243e-07,mle,0.1305742223767758,0.6354040765728909,ok,True,True,extraction,
csi300,2558,2024-01-09,2046,2557,512,-1.7817213354713313,linear,52,0,52,52,0,52,0.1,0.1015625,0.1015625,0.8022082180782011,8.02208218078201e-07,mle,0.1305742223767758,0.6354040765728909,ok,True,True,extraction,
csi300,2559,2024-01-10,2047,2558,512,-1.7817213354713313,linear,52,0,52,52,0,52,0.1,0.1015625,0.1015625,0.8029323235024115,8.029323235024115e-07,mle,0.1305742223767758,0.6354040765728909,ok,True,True,extraction,
csi300,2560,2024-01-11,2048,2559,512,-1.7817213354713313,linear,52,0,52,52,0,52,0.1,0.1015625,0.1015625,0.8022082180782011,8.02208218078201e-07,mle,0.1305742223767758,0.6354040765728909,ok,True,True,extraction,
csi300,2561,2024-01-12,2049,2560,512,-1.7817213354713313,linear,52,0,52,52,0,52,0.1,0.1015625,0.1015625,0.8016178004754079,8.016178004754078e-07,mle,0.1305742223767758,0.6354040765728909,ok,True,True,extraction,
csi300,2562,2024-01-16,2050,2561,512,-1.7774611854517237,linear,52,0,52,52,0,52,0.1,0.1015625,0.1015625,0.8014726216337655,8.014726216337655e-07,mle,0.12236325097618798,0.6449200324241673,ok,True,True,extraction,
csi300,2563,2024-01-17,2051,2562,512,-1.7774611854517237,linear,52,0,52,52,0,52,0.1,0.1015625,0.1015625,0.8001005414093693,8.001005414093693e-07,mle,0.12236325097618798,0.6449200324241673,ok,True,True,extraction,
csi300,2564,2024-01-18,2052,2563,512,-1.810323598816193,linear,52,0,52,52,0,52,0.1,0.1015625,0.1015625,0.801018527601232,8.01018527601232e-07,mle,0.17939964062318178,0.5801795247912641,ok,True,True,extraction,
csi300,2565,2024-01-19,2053,2564,512,-1.810323598816193,linear,52,0,52,52,0,52,0.1,0.1015625,0.1015625,0.801302470144306,8.01302470144306e-07,mle,0.17939964062318178,0.5801795247912641,ok,True,True,extraction,
csi300,2566,2024-01-22,2054,2565,512,-1.810323598816193,linear,52,0,52,52,0,52,0.1,0.1015625,0.1015625,0.8022082180782011,8.02208218078201e-07,mle,0.17939964062318178,0.5801795247912641,ok,True,True,extraction,
csi300,2567,2024-01-23,2055,2566,512,-1.810323598816193,linear,52,0,52,52,0,52,0.1,0.1015625,0.1015625,0.8022082180782011,8.02208218078201e-07,mle,0.17939964062318178,0.5801795247912641,ok,True,True,extraction,
csi300,2568,2024-01-24,2056,2567,512,-1.810323598816193,linear,52,0,52,52,0,52,0.1,0.1015625,0.1015625,0.8040966519142467,8.040966519142467e-07,mle,0.17939964062318178,0.5801795247912641,ok,True,True,extraction,
csi300,2569,2024-01-25,2057,2568,512,-1.810323598816193,linear,52,0,52,52,0,52,0.1,0.1015625,0.1015625,0.8055039935995985,8.055039935995985e-07,mle,0.17939964062318178,0.5801795247912641,ok,True,True,extraction,
csi300,2570,2024-01-26,2058,2569,512,-1.810323598816193,linear,52,0,52,52,0,52,0.1,0.1015625,0.1015625,0.8055039935995985,8.055039935995985e-07,mle,0.17939964062318178,0.5801795247912641,ok,True,True,extraction,
csi300,2571,2024-01-29,2059,2570,512,-1.810323598816193,linear,52,0,52,52,0,52,0.1,0.1015625,0.1015625,0.8088181174418515,8.088181174418515e-07,mle,0.17939964062318178,0.5801795247912641,ok,True,True,extraction,
csi300,2572,2024-01-30,2060,2571,512,-1.810323598816193,linear,52,0,52,52,0,52,0.1,0.1015625,0.1015625,0.8055039935995985,8.055039935995985e-07,mle,0.17939964062318178,0.5801795247912641,ok,True,True,extraction,
csi300,2573,2024-01-31,2061,2572,512,-1.810323598816193,linear,52,0,52,52,0,52,0.1,0.1015625,0.1015625,0.8055039935995985,8.055039935995985e-07,mle,0.22366301510926473,0.5349063042530782,ok,True,True,extraction,
csi300,2574,2024-02-01,2062,2573,512,-1.810323598816193,linear,52,0,52,52,0,52,0.1,0.1015625,0.1015625,0.8055039935995985,8.055039935995985e-07,mle,0.22366301510926473,0.5349063042530782,ok,True,True,extraction,
csi300,2575,2024-02-02,2063,2574,512,-1.810323598816193,linear,52,0,52,52,0,52,0.1,0.1015625,0.1015625,0.8040966519142467,8.040966519142467e-07,mle,0.22366301510926473,0.5349063042530782,ok,True,True,extraction,
csi300,2576,2024-02-05,2064,2575,512,-1.837715084216719,linear,52,0,52,52,0,52,0.1,0.1015625,0.1015625,0.8055039935995985,8.055039935995985e-07,mle,0.24792866961780147,0.5109772031450921,ok,True,True,extraction,
csi300,2577,2024-02-06,2065,2576,512,-1.837715084216719,linear,52,0,52,52,0,52,0.1,0.1015625,0.1015625,0.8055039935995985,8.055039935995985e-07,mle,0.24792866961780147,0.5109772031450921,ok,True,True,extraction,
csi300,2578,2024-02-07,2066,2577,512,-1.837715084216719,linear,52,0,52,52,0,52,0.1,0.1015625,0.1015625,0.8088181174418515,8.088181174418515e-07,mle,0.24792866961780147,0.5109772031450921,ok,True,True,extraction,
csi300,2579,2024-02-08,2067,2578,512,-1.837715084216719,linear,52,0,52,52,0,52,0.1,0.1015625,0.1015625,0.8088181174418515,8.088181174418515e-07,mle,0.24792866961780147,0.5109772031450921,ok,True,True,extraction,
csi300,2580,2024-02-09,2068,2579,512,-1.837715084216719,linear,52,0,52,52,0,52,0.1,0.1015625,0.1015625,0.8040966519142467,8.040966519142467e-07,mle,0.24792866961780147,0.5109772031450921,ok,True,True,extraction,
csi300,2581,2024-02-12,2069,2580,512,-1.837715084216719,linear,52,0,52,52,0,52,0.1,0.1015625,0.1015625,0.8040966519142467,8.040966519142467e-07,mle,0.24792866961780147,0.5109772031450921,ok,True,True,extraction,
csi300,2582,2024-02-13,2070,2581,512,-1.810323598816193,linear,52,0,52,52,0,52,0.1,0.1015625,0.1015625,0.8040966519142467,8.040966519142467e-07,mle,0.20550137582231293,0.5536031590903906,ok,True,True,extraction,
csi300,2583,2024-02-14,2071,2582,512,-1.810323598816193,linear,52,0,52,52,0,52,0.1,0.1015625,0.1015625,0.7972881265246873,7.972881265246872e-07,mle,0.20550137582231293,0.5536031590903906,ok,True,True,extraction,
csi300,2584,2024-02-15,2072,2583,512,-1.810323598816193,linear,52,0,52,52,0,52,0.1,0.1015625,0.1015625,0.7958304777884708,7.958304777884708e-07,mle,0.20550137582231293,0.5536031590903906,ok,True,True,extraction,
csi300,2585,2024-02-16,2073,2584,512,-1.810323598816193,linear,52,0,52,52,0,52,0.1,0.1015625,0.1015625,0.7958304777884708,7.958304777884708e-07,mle,0.20550137582231293,0.5536031590903906,ok,True,True,extraction,
csi300,2586,2024-02-20,2074,2585,512,-1.810323598816193,linear,52,0,52,52,0,52,0.1,0.1015625,0.1015625,0.7972881265246873,7.972881265246872e-07,mle,0.20550137582231293,0.5536031590903906,ok,True,True,extraction,
csi300,2587,2024-02-21,2075,2586,512,-1.810323598816193,linear,52,0,52,52,0,52,0.1,0.1015625,0.1015625,0.7972881265246873,7.972881265246872e-07,mle,0.20550137582231293,0.5536031590903906,ok,True,True,extraction,
csi300,2588,2024-02-22,2076,2587,512,-1.810323598816193,linear,52,0,52,52,0,52,0.1,0.1015625,0.1015625,0.8040966519142467,8.040966519142467e-07,mle,0.20550137582231293,0.5536031590903906,ok,True,True,extraction,
csi300,2589,2024-02-23,2077,2588,512,-1.810323598816193,linear,52,0,52,52,0,52,0.1,0.1015625,0.1015625,0.8109646286872967,8.109646286872967e-07,mle,0.20550137582231293,0.5536031590903906,ok,True,True,extraction,
csi300,2590,2024-02-26,2078,2589,512,-1.810323598816193,linear,52,0,52,52,0,52,0.1,0.1015625,0.1015625,0.8109646286872967,8.109646286872967e-07,mle,0.20550137582231293,0.5536031590903906,ok,True,True,extraction,
csi300,2591,2024-02-27,2079,2590,512,-1.810323598816193,linear,52,0,52,52,0,52,0.1,0.1015625,0.1015625,0.8088181174418515,8.088181174418515e-07,mle,0.20550137582231293,0.5536031590903906,ok,True,True,extraction,
csi300,2592,2024-02-28,2080,2591,512,-1.810323598816193,linear,52,0,52,52,0,52,0.1,0.1015625,0.1015625,0.8125451452574526,8.125451452574525e-07,mle,0.20550137582231293,0.5536031590903906,ok,True,True,extraction,
csi300,2593,2024-02-29,2081,2592,512,-1.7853265247073042,linear,52,0,52,52,0,52,0.1,0.1015625,0.1015625,0.8125451452574526,8.125451452574525e-07,mle,0.16279609097222308,0.5995101737314389,ok,True,True,extraction,
csi300,2594,2024-03-01,2082,2593,512,-1.7853265247073042,linear,52,0,52,52,0,52,0.1,0.1015625,0.1015625,0.8224776524018955,8.224776524018955e-07,mle,0.16279609097222308,0.5995101737314389,ok,True,True,extraction,
csi300,2595,2024-03-04,2083,2594,512,-1.7853265247073042,linear,52,0,52,52,0,52,0.1,0.1015625,0.1015625,0.8224776524018955,8.224776524018955e-07,mle,0.16279609097222308,0.5995101737314389,ok,True,True,extraction,
csi300,2596,2024-03-05,2084,2595,512,-1.7853265247073042,linear,52,0,52,52,0,52,0.1,0.1015625,0.1015625,0.8136225984972241,8.136225984972241e-07,mle,0.16279609097222308,0.5995101737314389,ok,True,True,extraction,
csi300,2597,2024-03-06,2085,2596,512,-1.7853265247073042,linear,52,0,52,52,0,52,0.1,0.1015625,0.1015625,0.8224776524018955,8.224776524018955e-07,mle,0.16279609097222308,0.5995101737314389,ok,True,True,extraction,
csi300,2598,2024-03-07,2086,2597,512,-1.7853265247073042,linear,52,0,52,52,0,52,0.1,0.1015625,0.1015625,0.821282514794507,8.212825147945069e-07,mle,0.16279609097222308,0.5995101737314389,ok,True,True,extraction,
csi300,2599,2024-03-08,2087,2598,512,-1.7853265247073042,linear,52,0,52,52,0,52,0.1,0.1015625,0.1015625,0.8207537453260111,8.207537453260111e-07,mle,0.16279609097222308,0.5995101737314389,ok,True,True,extraction,
csi300,2600,2024-03-11,2088,2599,512,-1.7853265247073042,linear,52,0,52,52,0,52,0.1,0.1015625,0.1015625,0.8207537453260111,8.207537453260111e-07,mle,0.16279609097222308,0.5995101737314389,ok,True,True,extraction,
csi300,2601,2024-03-12,2089,2600,512,-1.7853265247073042,linear,52,0,52,52,0,52,0.1,0.1015625,0.1015625,0.8164726453743849,8.164726453743849e-07,mle,0.16279609097222308,0.5995101737314389,ok,True,True,extraction,
csi300,2602,2024-03-13,2090,2601,512,-1.7853265247073042,linear,52,0,52,52,0,52,0.1,0.1015625,0.1015625,0.8140175021396988,8.140175021396987e-07,mle,0.16279609097222308,0.5995101737314389,ok,True,True,extraction,
csi300,2603,2024-03-14,2091,2602,512,-1.7853265247073042,linear,52,0,52,52,0,52,0.1,0.1015625,0.1015625,0.8040966519142467,8.040966519142467e-07,mle,0.16279609097222308,0.5995101737314389,ok,True,True,extraction,
csi300,2604,2024-03-15,2092,2603,512,-1.7853265247073042,linear,52,0,52,52,0,52,0.1,0.1015625,0.1015625,0.8040966519142467,8.040966519142467e-07,mle,0.16279609097222308,0.5995101737314389,ok,True,True,extraction,
csi300,2605,2024-03-18,2093,2604,512,-1.7853265247073042,linear,52,0,52,52,0,52,0.1,0.1015625,0.1015625,0.8040966519142467,8.040966519142467e-07,mle,0.16279609097222308,0.5995101737314389,ok,True,True,extraction,
csi300,2606,2024-03-19,2094,2605,512,-1.7853265247073042,linear,52,0,52,52,0,52,0.1,0.1015625,0.1015625,0.8140175021396988,8.140175021396987e-07,mle,0.16279609097222308,0.5995101737314389,ok,True,True,extraction,
csi300,2607,2024-03-20,2095,2606,512,-1.7853265247073042,linear,52,0,52,52,0,52,0.1,0.1015625,0.1015625,0.8062843705025519,8.062843705025518e-07,mle,0.16279609097222308,0.5995101737314389,ok,True,True,extraction,
csi300,2608,2024-03-21,2096,2607,512,-1.7763118235728617,linear,52,0,52,52,0,52,0.1,0.1015625,0.1015625,0.8086881781636979,8.086881781636979e-07,mle,0.1702161169971268,0.565854930010348,ok,True,True,extraction,
csi300,2609,2024-03-22,2097,2608,512,-1.7763118235728617,linear,52,0,52,52,0,52,0.1,0.1015625,0.1015625,0.8002842496343084,8.002842496343084e-07,mle,0.1702161169971268,0.565854930010348,ok,True,True,extraction,
csi300,2610,2024-03-25,2098,2609,512,-1.7763118235728617,linear,52,0,52,52,0,52,0.1,0.1015625,0.1015625,0.8086881781636979,8.086881781636979e-07,mle,0.1702161169971268,0.565854930010348,ok,True,True,extraction,
csi300,2611,2024-03-26,2099,2610,512,-1.7763118235728617,linear,52,0,52,52,0,52,0.1,0.1015625,0.1015625,0.8086881781636979,8.086881781636979e-07,mle,0.1702161169971268,0.565854930010348,ok,True,True,extraction,
csi300,2612,2024-03-27,2100,2611,512,-1.7763118235728617,linear,52,0,52,52,0,52,0.1,0.1015625,0.1015625,0.8046536190581739,8.046536190581739e-07,mle,0.1702161169971268,0.565854930010348,ok,True,True,extraction,
csi300,2613,2024-03-28,2101,2612,512,-1.7027113544268768,linear,52,0,52,52,0,52,0.1,0.1015625,0.1015625,0.8046536190581739,8.046536190581739e-07,mle,0.06525798344213135,0.6591155749544266,ok,True,True,extraction,
csi300,2614,2024-04-01,2102,2613,512,-1.6761312297331872,linear,52,0,52,52,0,52,0.1,0.1015625,0.1015625,0.8003370008241858,8.003370008241858e-07,mle,0.05615931544390078,0.6535544078018773,ok,True,True,extraction,
csi300,2615,2024-04-02,2103,2614,512,-1.6761312297331872,linear,52,0,52,52,0,52,0.1,0.1015625,0.1015625,0.8003370008241858,8.003370008241858e-07,mle,0.05615931544390078,0.6535544078018773,ok,True,True,extraction,
csi300,2616,2024-04-03,2104,2615,512,-1.6641878507843713,linear,52,0,52,52,0,52,0.1,0.1015625,0.1015625,0.7886866769666617,7.886866769666616e-07,mle,0.049047580129652796,0.6672026066237765,ok,True,True,extraction,
csi300,2617,2024-04-04,2105,2616,512,-1.6641878507843713,linear,52,0,52,52,0,52,0.1,0.1015625,0.1015625,0.7771744982389568,7.771744982389568e-07,mle,0.049047580129652796,0.6672026066237765,ok,True,True,extraction,
csi300,2618,2024-04-05,2106,2617,512,-1.6641878507843713,linear,52,0,52,52,0,52,0.1,0.1015625,0.1015625,0.778839240070687,7.788392400706869e-07,mle,0.049047580129652796,0.6672026066237765,ok,True,True,extraction,
csi300,2619,2024-04-08,2107,2618,512,-1.6641878507843713,linear,52,0,52,52,0,52,0.1,0.1015625,0.1015625,0.7727521119855985,7.727521119855984e-07,mle,0.049047580129652796,0.6672026066237765,ok,True,True,extraction,
csi300,2620,2024-04-09,2108,2619,512,-1.6641878507843713,linear,52,0,52,52,0,52,0.1,0.1015625,0.1015625,0.7727521119855985,7.727521119855984e-07,mle,0.049047580129652796,0.6672026066237765,ok,True,True,extraction,
csi300,2621,2024-04-10,2109,2620,512,-1.6641878507843713,linear,52,0,52,52,0,52,0.1,0.1015625,0.1015625,0.7727521119855985,7.727521119855984e-07,mle,0.049047580129652796,0.6672026066237765,ok,True,True,extraction,
csi300,2622,2024-04-11,2110,2621,512,-1.6641878507843713,linear,52,0,52,52,0,52,0.1,0.1015625,0.1015625,0.7727521119855985,7.727521119855984e-07,mle,0.05286840244135159,0.6627830860349264,ok,True,True,extraction,
csi300,2623,2024-04-12,2111,2622,512,-1.6641878507843713,linear,52,0,52,52,0,52,0.1,0.1015625,0.1015625,0.778839240070687,7.788392400706869e-07,mle,0.05286840244135159,0.6627830860349264,ok,True,True,extraction,
csi300,2624,2024-04-15,2112,2623,512,-1.6641878507843713,linear,52,0,52,52,0,52,0.1,0.1015625,0.1015625,0.7771744982389568,7.771744982389568e-07,mle,0.05286840244135159,0.6627830860349264,ok,True,True,extraction,
csi300,2625,2024-04-16,2113,2624,512,-1.6641878507843713,linear,52,0,52,52,0,52,0.1,0.1015625,0.1015625,0.7771744982389568,7.771744982389568e-07,mle,0.05286840244135159,0.6627830860349264,ok,True,True,extraction,
csi300,2626,2024-04-17,2114,2625,512,-1.6641878507843713,linear,52,0,52,52,0,52,0.1,0.1015625,0.1015625,0.7727521119855985,7.727521119855984e-07,mle,0.05286840244135159,0.6627830860349264,ok,True,True,extraction,
csi300,2627,2024-04-18,2115,2626,512,-1.6641878507843713,linear,52,0,52,52,0,52,0.1,0.1015625,0.1015625,0.7727521119855985,7.727521119855984e-07,mle,0.05286840244135159,0.6627830860349264,ok,True,True,extraction,
csi300,2628,2024-04-19,2116,2627,512,-1.6641878507843713,linear,52,0,52,52,0,52,0.1,0.1015625,0.1015625,0.7727521119855985,7.727521119855984e-07,mle,0.05286840244135159,0.6627830860349264,ok,True,True,extraction,
csi300,2629,2024-04-22,2117,2628,512,-1.6641878507843713,linear,52,0,52,52,0,52,0.1,0.1015625,0.1015625,0.767534915098292,7.675349150982919e-07,mle,0.05286840244135159,0.6627830860349264,ok,True,True,extraction,
csi300,2630,2024-04-23,2118,2629,512,-1.6641878507843713,linear,52,0,52,52,0,52,0.1,0.1015625,0.1015625,0.767534915098292,7.675349150982919e-07,mle,0.05286840244135159,0.6627830860349264,ok,True,True,extraction,
csi300,2631,2024-04-24,2119,2630,512,-1.6641878507843713,linear,52,0,52,52,0,52,0.1,0.1015625,0.1015625,0.7657859331290365,7.657859331290365e-07,mle,0.05286840244135159,0.6627830860349264,ok,True,True,extraction,
csi300,2632,2024-04-25,2120,2631,512,-1.6641878507843713,linear,52,0,52,52,0,52,0.1,0.1015625,0.1015625,0.7657859331290365,7.657859331290365e-07,mle,0.05286840244135159,0.6627830860349264,ok,True,True,extraction,
csi300,2633,2024-04-26,2121,2632,512,-1.6559947817903484,linear,52,0,52,52,0,52,0.1,0.1015625,0.1015625,0.7619929477125178,7.619929477125178e-07,mle,0.07082547565212957,0.6296176673708755,ok,True,True,extraction,
csi300,2634,2024-04-29,2122,2633,512,-1.6559947817903484,linear,52,0,52,52,0,52,0.1,0.1015625,0.1015625,0.7619929477125178,7.619929477125178e-07,mle,0.07082547565212957,0.6296176673708755,ok,True,True,extraction,
csi300,2635,2024-04-30,2123,2634,512,-1.6559947817903484,linear,52,0,52,52,0,52,0.1,0.1015625,0.1015625,0.7634942239131134,7.634942239131134e-07,mle,0.07082547565212957,0.6296176673708755,ok,True,True,extraction,
csi300,2636,2024-05-01,2124,2635,512,-1.6559947817903484,linear,52,0,52,52,0,52,0.1,0.1015625,0.1015625,0.767534915098292,7.675349150982919e-07,mle,0.07082547565212957,0.6296176673708755,ok,True,True,extraction,
csi300,2637,2024-05-02,2125,2636,512,-1.6559947817903484,linear,52,0,52,52,0,52,0.1,0.1015625,0.1015625,0.767534915098292,7.675349150982919e-07,mle,0.07082547565212957,0.6296176673708755,ok,True,True,extraction,
csi300,2638,2024-05-03,2126,2637,512,-1.6559947817903484,linear,52,0,52,52,0,52,0.1,0.1015625,0.1015625,0.7692191409416664,7.692191409416664e-07,mle,0.07082547565212957,0.6296176673708755,ok,True,True,extraction,
csi300,2639,2024-05-06,2127,2638,512,-1.6227851496442234,linear,52,0,52,52,0,52,0.1,0.1015625,0.1015625,0.7722589504681013,7.722589504681013e-07,mle,0.04503132528545338,0.6738433271921604,ok,True,True,extraction,
csi300,2640,2024-05-07,2128,2639,512,-1.6024048072306125,linear,52,0,52,52,0,52,0.1,0.1015625,0.1015625,0.7701057758664185,7.701057758664185e-07,mle,0.05028622490447938,0.6688436494842966,ok,True,True,extraction,
csi300,2641,2024-05-08,2129,2640,512,-1.6024048072306125,linear,52,0,52,52,0,52,0.1,0.1015625,0.1015625,0.7701057758664185,7.701057758664185e-07,mle,0.05028622490447938,0.6688436494842966,ok,True,True,extraction,
csi300,2642,2024-05-09,2130,2641,512,-1.5998836557662641,linear,52,0,52,52,0,52,0.1,0.1015625,0.1015625,0.7701057758664185,7.701057758664185e-07,mle,-0.03774276917771011,0.6515802051583106,ok,True,True,extraction,
csi300,2643,2024-05-10,2131,2642,512,-1.5998836557662641,linear,52,0,52,52,0,52,0.1,0.1015625,0.1015625,0.7751251714209444,7.751251714209444e-07,mle,-0.03774276917771011,0.6515802051583106,ok,True,True,extraction,
csi300,2644,2024-05-13,2132,2643,512,-1.5998836557662641,linear,52,0,52,52,0,52,0.1,0.1015625,0.1015625,0.7600081101689262,7.600081101689262e-07,mle,-0.03774276917771011,0.6515802051583106,ok,True,True,extraction,
csi300,2645,2024-05-14,2133,2644,512,-1.5998836557662641,linear,52,0,52,52,0,52,0.1,0.1015625,0.1015625,0.7668809166410087,7.668809166410086e-07,mle,-0.03774276917771011,0.6515802051583106,ok,True,True,extraction,
csi300,2646,2024-05-15,2134,2645,512,-1.5998836557662641,linear,52,0,52,52,0,52,0.1,0.1015625,0.1015625,0.7501515410259971,7.501515410259971e-07,mle,-0.03774276917771011,0.6515802051583106,ok,True,True,extraction,
csi300,2647,2024-05-16,2135,2646,512,-1.5998836557662641,linear,52,0,52,52,0,52,0.1,0.1015625,0.1015625,0.7568754664373814,7.568754664373813e-07,mle,-0.03774276917771011,0.6515802051583106,ok,True,True,extraction,
csi300,2648,2024-05-17,2136,2647,512,-1.5998836557662641,linear,52,0,52,52,0,52,0.1,0.1015625,0.1015625,0.7530380672210785,7.530380672210784e-07,mle,-0.03774276917771011,0.6515802051583106,ok,True,True,extraction,
csi300,2649,2024-05-20,2137,2648,512,-1.5998836557662641,linear,52,0,52,52,0,52,0.1,0.1015625,0.1015625,0.7568754664373814,7.568754664373813e-07,mle,-0.03774276917771011,0.6515802051583106,ok,True,True,extraction,
csi300,2650,2024-05-21,2138,2649,512,-1.5979387819241087,linear,52,0,52,52,0,52,0.1,0.1015625,0.1015625,0.7530380672210785,7.530380672210784e-07,mle,-0.014323202007880937,0.6116651418983201,ok,True,True,extraction,
csi300,2651,2024-05-22,2139,2650,512,-1.5979387819241087,linear,52,0,52,52,0,52,0.1,0.1015625,0.1015625,0.7470226747695359,7.470226747695359e-07,mle,-0.014323202007880937,0.6116651418983201,ok,True,True,extraction,
csi300,2652,2024-05-23,2140,2651,512,-1.5911801080813959,linear,52,0,52,52,0,52,0.1,0.1015625,0.1015625,0.7432808757340804,7.432808757340804e-07,mle,-0.0002718108879146168,0.5965799321674421,ok,True,True,extraction,
csi300,2653,2024-05-24,2141,2652,512,-1.5979387819241087,linear,52,0,52,52,0,52,0.1,0.1015625,0.1015625,0.7421287047145357,7.421287047145357e-07,mle,-0.003787639670027724,0.5975160569965614,ok,True,True,extraction,
csi300,2654,2024-05-28,2142,2653,512,-1.5979387819241087,linear,52,0,52,52,0,52,0.1,0.1015625,0.1015625,0.7448128656090988,7.448128656090988e-07,mle,-0.003787639670027724,0.5975160569965614,ok,True,True,extraction,
csi300,2655,2024-05-29,2143,2654,512,-1.5979387819241087,linear,52,0,52,52,0,52,0.1,0.1015625,0.1015625,0.7399625230184778,7.399625230184777e-07,mle,-0.003787639670027724,0.5975160569965614,ok,True,True,extraction,
csi300,2656,2024-05-30,2144,2655,512,-1.5979387819241087,linear,52,0,52,52,0,52,0.1,0.1015625,0.1015625,0.7384612468178822,7.384612468178821e-07,mle,-0.003787639670027724,0.5975160569965614,ok,True,True,extraction,
csi300,2657,2024-05-31,2145,2656,512,-1.5979387819241087,linear,52,0,52,52,0,52,0.1,0.1015625,0.1015625,0.731220218335191,7.31220218335191e-07,mle,-0.003787639670027724,0.5975160569965614,ok,True,True,extraction,
csi300,2658,2024-06-03,2146,2657,512,-1.5979387819241087,linear,52,0,52,52,0,52,0.1,0.1015625,0.1015625,0.7363171887111184,7.363171887111184e-07,mle,-0.003787639670027724,0.5975160569965614,ok,True,True,extraction,
csi300,2659,2024-06-04,2147,2658,512,-1.5911801080813959,linear,52,0,52,52,0,52,0.1,0.1015625,0.1015625,0.7290761602284273,7.290761602284272e-07,mle,0.005354487295404622,0.5899144720363758,ok,True,True,extraction,
csi300,2660,2024-06-05,2148,2659,512,-1.5911801080813959,linear,52,0,52,52,0,52,0.1,0.1015625,0.1015625,0.7290761602284273,7.290761602284272e-07,mle,0.005354487295404622,0.5899144720363758,ok,True,True,extraction,
csi300,2661,2024-06-06,2149,2660,512,-1.5911801080813959,linear,52,0,52,52,0,52,0.1,0.1015625,0.1015625,0.7328115520929968,7.328115520929967e-07,mle,0.005354487295404622,0.5899144720363758,ok,True,True,extraction,
csi300,2662,2024-06-07,2150,2661,512,-1.5911801080813959,linear,52,0,52,52,0,52,0.1,0.1015625,0.1015625,0.7328115520929968,7.328115520929967e-07,mle,0.005354487295404622,0.5899144720363758,ok,True,True,extraction,
csi300,2663,2024-06-10,2151,2662,512,-1.580325541648974,linear,52,0,52,52,0,52,0.1,0.1015625,0.1015625,0.7328115520929968,7.328115520929967e-07,mle,0.01860198890176075,0.5757710777834114,ok,True,True,extraction,
csi300,2664,2024-06-11,2152,2663,512,-1.580325541648974,linear,52,0,52,52,0,52,0.1,0.1015625,0.1015625,0.726963307181179,7.269633071811789e-07,mle,0.01860198890176075,0.5757710777834114,ok,True,True,extraction,
csi300,2665,2024-06-12,2153,2664,512,-1.580325541648974,linear,52,0,52,52,0,52,0.1,0.1015625,0.1015625,0.7328115520929968,7.328115520929967e-07,mle,0.01860198890176075,0.5757710777834114,ok,True,True,extraction,
csi300,2666,2024-06-13,2154,2665,512,-1.580325541648974,linear,52,0,52,52,0,52,0.1,0.1015625,0.1015625,0.7328115520929968,7.328115520929967e-07,mle,0.01860198890176075,0.5757710777834114,ok,True,True,extraction,
csi300,2667,2024-06-14,2155,2666,512,-1.580325541648974,linear,52,0,52,52,0,52,0.1,0.1015625,0.1015625,0.737968109174117,7.37968109174117e-07,mle,0.01860198890176075,0.5757710777834114,ok,True,True,extraction,
csi300,2668,2024-06-17,2156,2667,512,-1.580325541648974,linear,52,0,52,52,0,52,0.1,0.1015625,0.1015625,0.7328115520929968,7.328115520929967e-07,mle,0.01860198890176075,0.5757710777834114,ok,True,True,extraction,
csi300,2669,2024-06-18,2157,2668,512,-1.580325541648974,linear,52,0,52,52,0,52,0.1,0.1015625,0.1015625,0.7308490542658074,7.308490542658073e-07,mle,0.01860198890176075,0.5757710777834114,ok,True,True,extraction,
csi300,2670,2024-06-20,2158,2669,512,-1.580325541648974,linear,52,0,52,52,0,52,0.1,0.1015625,0.1015625,0.7255705236103056,7.255705236103056e-07,mle,0.01860198890176075,0.5757710777834114,ok,True,True,extraction,
csi300,2671,2024-06-21,2159,2670,512,-1.5911801080813959,linear,52,0,52,52,0,52,0.1,0.1015625,0.1015625,0.7308490542658074,7.308490542658073e-07,mle,0.018330029662144774,0.5714695358846797,ok,True,True,extraction,
csi300,2672,2024-06-24,2160,2671,512,-1.5911801080813959,linear,52,0,52,52,0,52,0.1,0.1015625,0.1015625,0.7345813667267584,7.345813667267584e-07,mle,0.018330029662144774,0.5714695358846797,ok,True,True,extraction,
csi300,2673,2024-06-25,2161,2672,512,-1.5911801080813959,linear,52,0,52,52,0,52,0.1,0.1015625,0.1015625,0.7297546872165144,7.297546872165144e-07,mle,0.018330029662144774,0.5714695358846797,ok,True,True,extraction,
csi300,2674,2024-06-26,2162,2673,512,-1.580325541648974,linear,52,0,52,52,0,52,0.1,0.1015625,0.1015625,0.7297546872165144,7.297546872165144e-07,mle,0.01736386522935046,0.5771404309492105,ok,True,True,extraction,
csi300,2675,2024-06-27,2163,2674,512,-1.580325541648974,linear,52,0,52,52,0,52,0.1,0.1015625,0.1015625,0.7277839763037703,7.277839763037703e-07,mle,0.01736386522935046,0.5771404309492105,ok,True,True,extraction,
csi300,2676,2024-06-28,2164,2675,512,-1.574264528857093,linear,52,0,52,52,0,52,0.1,0.1015625,0.1015625,0.7256551355615419,7.256551355615419e-07,mle,0.033279522177656694,0.5617255851710135,ok,True,True,extraction,
csi300,2677,2024-07-01,2165,2676,512,-1.574264528857093,linear,52,0,52,52,0,52,0.1,0.1015625,0.1015625,0.7243234387916397,7.243234387916397e-07,mle,0.033279522177656694,0.5617255851710135,ok,True,True,extraction,
csi300,2678,2024-07-02,2166,2677,512,-1.574264528857093,linear,52,0,52,52,0,52,0.1,0.1015625,0.1015625,0.7232854682826177,7.232854682826178e-07,mle,0.033279522177656694,0.5617255851710135,ok,True,True,extraction,
csi300,2679,2024-07-03,2167,2678,512,-1.5674707996341186,linear,52,0,52,52,0,52,0.1,0.1015625,0.1015625,0.7167344745295945,7.167344745295945e-07,mle,0.04044056520588197,0.5575545693044583,ok,True,True,extraction,
csi300,2680,2024-07-05,2168,2679,512,-1.5674707996341186,linear,52,0,52,52,0,52,0.1,0.1015625,0.1015625,0.7160444397999266,7.160444397999265e-07,mle,0.04044056520588197,0.5575545693044583,ok,True,True,extraction,
csi300,2681,2024-07-08,2169,2680,512,-1.5674707996341186,linear,52,0,52,52,0,52,0.1,0.1015625,0.1015625,0.7140533030180221,7.14053303018022e-07,mle,0.04044056520588197,0.5575545693044583,ok,True,True,extraction,
csi300,2682,2024-07-09,2170,2681,512,-1.5529833970064748,linear,52,0,52,52,0,52,0.1,0.1015625,0.1015625,0.7128844829823857,7.128844829823857e-07,mle,0.02218408528792793,0.5815679476118182,ok,True,True,extraction,
csi300,2683,2024-07-10,2171,2682,512,-1.5529833970064748,linear,52,0,52,52,0,52,0.1,0.1015625,0.1015625,0.7128844829823857,7.128844829823857e-07,mle,0.02218408528792793,0.5815679476118182,ok,True,True,extraction,
csi300,2684,2024-07-11,2172,2683,512,-1.5529833970064748,linear,52,0,52,52,0,52,0.1,0.1015625,0.1015625,0.7112616651111852,7.112616651111852e-07,mle,0.02218408528792793,0.5815679476118182,ok,True,True,extraction,
csi300,2685,2024-07-12,2173,2684,512,-1.5529833970064748,linear,52,0,52,52,0,52,0.1,0.1015625,0.1015625,0.7128844829823857,7.128844829823857e-07,mle,0.02218408528792793,0.5815679476118182,ok,True,True,extraction,
csi300,2686,2024-07-15,2174,2685,512,-1.5529833970064748,linear,52,0,52,52,0,52,0.1,0.1015625,0.1015625,0.7128844829823857,7.128844829823857e-07,mle,0.02218408528792793,0.5815679476118182,ok,True,True,extraction,
csi300,2687,2024-07-16,2175,2686,512,-1.5529833970064748,linear,52,0,52,52,0,52,0.1,0.1015625,0.1015625,0.7128844829823857,7.128844829823857e-07,mle,0.02218408528792793,0.5815679476118182,ok,True,True,extraction,
csi300,2688,2024-07-17,2176,2687,512,-1.5529833970064748,linear,52,0,52,52,0,52,0.1,0.1015625,0.1015625,0.7128844829823857,7.128844829823857e-07,mle,0.02218408528792793,0.5815679476118182,ok,True,True,extraction,
csi300,2689,2024-07-18,2177,2688,512,-1.5529833970064748,linear,52,0,52,52,0,52,0.1,0.1015625,0.1015625,0.7128844829823857,7.128844829823857e-07,mle,0.02218408528792793,0.5815679476118182,ok,True,True,extraction,
csi300,2690,2024-07-19,2178,2689,512,-1.5529833970064748,linear,52,0,52,52,0,52,0.1,0.1015625,0.1015625,0.7117404504171536,7.117404504171535e-07,mle,0.02218408528792793,0.5815679476118182,ok,True,True,extraction,
csi300,2691,2024-07-22,2179,2690,512,-1.551242626814421,linear,52,0,52,52,0,52,0.1,0.1015625,0.1015625,0.706150417522728,7.06150417522728e-07,mle,0.025613850440725616,0.5791223901572726,ok,True,True,extraction,
csi300,2692,2024-07-23,2180,2691,512,-1.551242626814421,linear,52,0,52,52,0,52,0.1,0.1015625,0.1015625,0.7068122745353309,7.068122745353309e-07,mle,0.025613850440725616,0.5791223901572726,ok,True,True,extraction,
csi300,2693,2024-07-24,2181,2692,512,-1.5529833970064748,linear,52,0,52,52,0,52,0.1,0.1015625,0.1015625,0.7117404504171536,7.117404504171535e-07,mle,0.005619932895323611,0.6003810595061512,ok,True,True,extraction,
csi300,2694,2024-07-25,2182,2693,512,-1.551242626814421,linear,52,0,52,52,0,52,0.1,0.1015625,0.1015625,0.7068122745353309,7.068122745353309e-07,mle,0.030557986696259885,0.5603158682376657,ok,True,True,extraction,
csi300,2695,2024-07-26,2183,2694,512,-1.551242626814421,linear,52,0,52,52,0,52,0.1,0.1015625,0.1015625,0.7011702312554977,7.011702312554977e-07,mle,0.030557986696259885,0.5603158682376657,ok,True,True,extraction,
csi300,2696,2024-07-29,2184,2695,512,-1.551242626814421,linear,52,0,52,52,0,52,0.1,0.1015625,0.1015625,0.7011702312554977,7.011702312554977e-07,mle,0.030557986696259885,0.5603158682376657,ok,True,True,extraction,
csi300,2697,2024-07-30,2185,2696,512,-1.551242626814421,linear,52,0,52,52,0,52,0.1,0.1015625,0.1015625,0.7022869328424088,7.022869328424088e-07,mle,0.030557986696259885,0.5603158682376657,ok,True,True,extraction,
csi300,2698,2024-07-31,2186,2697,512,-1.551242626814421,linear,52,0,52,52,0,52,0.1,0.1015625,0.1015625,0.7011702312554977,7.011702312554977e-07,mle,0.030557986696259885,0.5603158682376657,ok,True,True,extraction,
csi300,2699,2024-08-01,2187,2698,512,-1.551242626814421,linear,52,0,52,52,0,52,0.1,0.1015625,0.1015625,0.7011702312554977,7.011702312554977e-07,mle,0.030557986696259885,0.5603158682376657,ok,True,True,extraction,
csi300,2700,2024-08-02,2188,2699,512,-1.5529833970064748,linear,52,0,52,52,0,52,0.1,0.1015625,0.1015625,0.7068122745353309,7.068122745353309e-07,mle,0.028228582103530957,0.5616510324862274,ok,True,True,extraction,
csi300,2701,2024-08-05,2189,2700,512,-1.5529833970064748,linear,52,0,52,52,0,52,0.1,0.1015625,0.1015625,0.7022869328424088,7.022869328424088e-07,mle,0.028228582103530957,0.5616510324862274,ok,True,True,extraction,
csi300,2702,2024-08-06,2190,2701,512,-1.5529833970064748,linear,52,0,52,52,0,52,0.1,0.1015625,0.1015625,0.7043429830760468,7.043429830760468e-07,mle,0.028228582103530957,0.5616510324862274,ok,True,True,extraction,
csi300,2703,2024-08-07,2191,2702,512,-1.5529833970064748,linear,52,0,52,52,0,52,0.1,0.1015625,0.1015625,0.706150417522728,7.06150417522728e-07,mle,0.028228582103530957,0.5616510324862274,ok,True,True,extraction,
csi300,2704,2024-08-08,2192,2703,512,-1.5529833970064748,linear,52,0,52,52,0,52,0.1,0.1015625,0.1015625,0.706150417522728,7.06150417522728e-07,mle,0.028228582103530957,0.5616510324862274,ok,True,True,extraction,
csi300,2705,2024-08-09,2193,2704,512,-1.5529833970064748,linear,52,0,52,52,0,52,0.1,0.1015625,0.1015625,0.7093377053185899,7.093377053185899e-07,mle,0.028228582103530957,0.5616510324862274,ok,True,True,extraction,
csi300,2706,2024-08-12,2194,2705,512,-1.5529833970064748,linear,52,0,52,52,0,52,0.1,0.1015625,0.1015625,0.7117404504171536,7.117404504171535e-07,mle,0.028228582103530957,0.5616510324862274,ok,True,True,extraction,
csi300,2707,2024-08-13,2195,2706,512,-1.5529833970064748,linear,52,0,52,52,0,52,0.1,0.1015625,0.1015625,0.706150417522728,7.06150417522728e-07,mle,0.028228582103530957,0.5616510324862274,ok,True,True,extraction,
csi300,2708,2024-08-14,2196,2707,512,-1.5529833970064748,linear,52,0,52,52,0,52,0.1,0.1015625,0.1015625,0.706150417522728,7.06150417522728e-07,mle,0.028228582103530957,0.5616510324862274,ok,True,True,extraction,
csi300,2709,2024-08-15,2197,2708,512,-1.5529833970064748,linear,52,0,52,52,0,52,0.1,0.1015625,0.1015625,0.7072816550849518,7.072816550849517e-07,mle,0.028228582103530957,0.5616510324862274,ok,True,True,extraction,
csi300,2710,2024-08-16,2198,2709,512,-1.5529833970064748,linear,52,0,52,52,0,52,0.1,0.1015625,0.1015625,0.7063270421647772,7.063270421647771e-07,mle,0.028228582103530957,0.5616510324862274,ok,True,True,extraction,
csi300,2711,2024-08-19,2199,2710,512,-1.5529833970064748,linear,52,0,52,52,0,52,0.1,0.1015625,0.1015625,0.7061355571905754,7.061355571905753e-07,mle,0.028228582103530957,0.5616510324862274,ok,True,True,extraction,
csi300,2712,2024-08-20,2200,2711,512,-1.5529833970064748,linear,52,0,52,52,0,52,0.1,0.1015625,0.1015625,0.7054742206382707,7.054742206382707e-07,mle,0.028228582103530957,0.5616510324862274,ok,True,True,extraction,
csi300,2713,2024-08-21,2201,2712,512,-1.5529833970064748,linear,52,0,52,52,0,52,0.1,0.1015625,0.1015625,0.7054742206382707,7.054742206382707e-07,mle,0.028228582103530957,0.5616510324862274,ok,True,True,extraction,
csi300,2714,2024-08-22,2202,2713,512,-1.5529833970064748,linear,52,0,52,52,0,52,0.1,0.1015625,0.1015625,0.7054742206382707,7.054742206382707e-07,mle,0.028228582103530957,0.5616510324862274,ok,True,True,extraction,
csi300,2715,2024-08-23,2203,2714,512,-1.5529833970064748,linear,52,0,52,52,0,52,0.1,0.1015625,0.1015625,0.7063270421647772,7.063270421647771e-07,mle,0.028228582103530957,0.5616510324862274,ok,True,True,extraction,
csi300,2716,2024-08-26,2204,2715,512,-1.5529833970064748,linear,52,0,52,52,0,52,0.1,0.1015625,0.1015625,0.70718838803175,7.0718838803175e-07,mle,0.028228582103530957,0.5616510324862274,ok,True,True,extraction,
csi300,2717,2024-08-27,2205,2716,512,-1.5529833970064748,linear,52,0,52,52,0,52,0.1,0.1015625,0.1015625,0.7072816550849518,7.072816550849517e-07,mle,0.028228582103530957,0.5616510324862274,ok,True,True,extraction,
csi300,2718,2024-08-28,2206,2717,512,-1.5529833970064748,linear,52,0,52,52,0,52,0.1,0.1015625,0.1015625,0.7093377053185899,7.093377053185899e-07,mle,0.028228582103530957,0.5616510324862274,ok,True,True,extraction,
csi300,2719,2024-08-29,2207,2718,512,-1.5529833970064748,linear,52,0,52,52,0,52,0.1,0.1015625,0.1015625,0.7093377053185899,7.093377053185899e-07,mle,0.028228582103530957,0.5616510324862274,ok,True,True,extraction,
csi300,2720,2024-08-30,2208,2719,512,-1.5529833970064748,linear,52,0,52,52,0,52,0.1,0.1015625,0.1015625,0.7093377053185899,7.093377053185899e-07,mle,0.028228582103530957,0.5616510324862274,ok,True,True,extraction,
csi300,2721,2024-09-03,2209,2720,512,-1.5529833970064748,linear,52,0,52,52,0,52,0.1,0.1015625,0.1015625,0.7093377053185899,7.093377053185899e-07,mle,0.028228582103530957,0.5616510324862274,ok,True,True,extraction,
csi300,2722,2024-09-04,2210,2721,512,-1.5674707996341186,linear,52,0,52,52,0,52,0.1,0.1015625,0.1015625,0.7093377053185899,7.093377053185899e-07,mle,0.04422864730842875,0.5398441570679355,ok,True,True,extraction,
csi300,2723,2024-09-05,2211,2722,512,-1.5529833970064748,linear,52,0,52,52,0,52,0.1,0.1015625,0.1015625,0.706150417522728,7.06150417522728e-07,mle,0.02587369288188348,0.5639678819778625,ok,True,True,extraction,
csi300,2724,2024-09-06,2212,2723,512,-1.5529833970064748,linear,52,0,52,52,0,52,0.1,0.1015625,0.1015625,0.706150417522728,7.06150417522728e-07,mle,0.02587369288188348,0.5639678819778625,ok,True,True,extraction,
csi300,2725,2024-09-09,2213,2724,512,-1.5529833970064748,linear,52,0,52,52,0,52,0.1,0.1015625,0.1015625,0.7130758676073408,7.130758676073407e-07,mle,0.02587369288188348,0.5639678819778625,ok,True,True,extraction,
csi300,2726,2024-09-10,2214,2725,512,-1.551242626814421,linear,52,0,52,52,0,52,0.1,0.1015625,0.1015625,0.7130758676073408,7.130758676073407e-07,mle,0.05154439796548492,0.5343167683522403,ok,True,True,extraction,
csi300,2727,2024-09-11,2215,2726,512,-1.551242626814421,linear,52,0,52,52,0,52,0.1,0.1015625,0.1015625,0.7128844829823857,7.128844829823857e-07,mle,0.05154439796548492,0.5343167683522403,ok,True,True,extraction,
csi300,2728,2024-09-12,2216,2727,512,-1.5382150260727097,linear,52,0,52,52,0,52,0.1,0.1015625,0.1015625,0.7068122745353309,7.068122745353309e-07,mle,0.04162244488500656,0.5493806761742035,ok,True,True,extraction,
csi300,2729,2024-09-13,2217,2728,512,-1.5382150260727097,linear,52,0,52,52,0,52,0.1,0.1015625,0.1015625,0.7068122745353309,7.068122745353309e-07,mle,0.04162244488500656,0.5493806761742035,ok,True,True,extraction,
csi300,2730,2024-09-16,2218,2729,512,-1.5382150260727097,linear,52,0,52,52,0,52,0.1,0.1015625,0.1015625,0.7031542525760537,7.031542525760536e-07,mle,0.04162244488500656,0.5493806761742035,ok,True,True,extraction,
csi300,2731,2024-09-17,2219,2730,512,-1.5382150260727097,linear,52,0,52,52,0,52,0.1,0.1015625,0.1015625,0.7031542525760537,7.031542525760536e-07,mle,0.04162244488500656,0.5493806761742035,ok,True,True,extraction,
csi300,2732,2024-09-18,2220,2731,512,-1.5382150260727097,linear,52,0,52,52,0,52,0.1,0.1015625,0.1015625,0.7031542525760537,7.031542525760536e-07,mle,0.04162244488500656,0.5493806761742035,ok,True,True,extraction,
csi300,2733,2024-09-19,2221,2732,512,-1.5382150260727097,linear,52,0,52,52,0,52,0.1,0.1015625,0.1015625,0.7001055400539942,7.001055400539942e-07,mle,0.04162244488500656,0.5493806761742035,ok,True,True,extraction,
csi300,2734,2024-09-20,2222,2733,512,-1.5382150260727097,linear,52,0,52,52,0,52,0.1,0.1015625,0.1015625,0.7011702312554977,7.011702312554977e-07,mle,0.04162244488500656,0.5493806761742035,ok,True,True,extraction,
csi300,2735,2024-09-23,2223,2734,512,-1.5382150260727097,linear,52,0,52,52,0,52,0.1,0.1015625,0.1015625,0.7001055400539942,7.001055400539942e-07,mle,0.04162244488500656,0.5493806761742035,ok,True,True,extraction,
csi300,2736,2024-09-24,2224,2735,512,-1.5382150260727097,linear,52,0,52,52,0,52,0.1,0.1015625,0.1015625,0.6997743709508013,6.997743709508013e-07,mle,0.04162244488500656,0.5493806761742035,ok,True,True,extraction,
csi300,2737,2024-09-25,2225,2736,512,-1.5382150260727097,linear,52,0,52,52,0,52,0.1,0.1015625,0.1015625,0.6997743709508013,6.997743709508013e-07,mle,0.04162244488500656,0.5493806761742035,ok,True,True,extraction,
csi300,2738,2024-09-26,2226,2737,512,-1.5382150260727097,linear,52,0,52,52,0,52,0.1,0.1015625,0.1015625,0.7011702312554977,7.011702312554977e-07,mle,0.04162244488500656,0.5493806761742035,ok,True,True,extraction,
csi300,2739,2024-09-27,2227,2738,512,-1.532990221483638,linear,52,0,52,52,0,52,0.1,0.1015625,0.1015625,0.701894291930176,7.018942919301761e-07,mle,0.05293616928212304,0.5404243977020762,ok,True,True,extraction,
csi300,2740,2024-09-30,2228,2739,512,-1.532990221483638,linear,52,0,52,52,0,52,0.1,0.1015625,0.1015625,0.7043429830760468,7.043429830760468e-07,mle,0.05293616928212304,0.5404243977020762,ok,True,True,extraction,
csi300,2741,2024-10-01,2229,2740,512,-1.5064978568918952,linear,52,0,52,52,0,52,0.1,0.1015625,0.1015625,0.7050975866815534,7.050975866815534e-07,mle,0.03185421602475476,0.5715852735986564,ok,True,True,extraction,
csi300,2742,2024-10-02,2230,2741,512,-1.4951617522583167,linear,52,0,52,52,0,52,0.1,0.1015625,0.1015625,0.7045591356709557,7.045591356709558e-07,mle,0.04333214182867669,0.5617479165561898,ok,True,True,extraction,
csi300,2743,2024-10-03,2231,2742,512,-1.4951617522583167,linear,52,0,52,52,0,52,0.1,0.1015625,0.1015625,0.7054742206382707,7.054742206382707e-07,mle,0.04333214182867669,0.5617479165561898,ok,True,True,extraction,
csi300,2744,2024-10-04,2232,2743,512,-1.4951617522583167,linear,52,0,52,52,0,52,0.1,0.1015625,0.1015625,0.7054742206382707,7.054742206382707e-07,mle,0.04333214182867669,0.5617479165561898,ok,True,True,extraction,
csi300,2745,2024-10-07,2233,2744,512,-1.4951617522583167,linear,52,0,52,52,0,52,0.1,0.1015625,0.1015625,0.7053614501246204,7.053614501246203e-07,mle,0.04333214182867669,0.5617479165561898,ok,True,True,extraction,
csi300,2746,2024-10-08,2234,2745,512,-1.4951617522583167,linear,52,0,52,52,0,52,0.1,0.1015625,0.1015625,0.7060672955483374,7.060672955483373e-07,mle,0.04333214182867669,0.5617479165561898,ok,True,True,extraction,
csi300,2747,2024-10-09,2235,2746,512,-1.4951617522583167,linear,52,0,52,52,0,52,0.1,0.1015625,0.1015625,0.7060672955483374,7.060672955483373e-07,mle,0.363829199142261,0.4933838100006661,ok,True,True,extraction,
csi300,2748,2024-10-10,2236,2747,512,-1.5064978568918952,linear,52,0,52,52,0,52,0.1,0.1015625,0.1015625,0.7068059174081729,7.068059174081728e-07,mle,0.4211018176797914,0.507873799070268,ok,True,True,extraction,
csi300,2749,2024-10-11,2237,2748,512,-1.5064978568918952,linear,52,0,52,52,0,52,0.1,0.1015625,0.1015625,0.7068059174081729,7.068059174081728e-07,mle,0.4211018176797914,0.507873799070268,ok,True,True,extraction,
csi300,2750,2024-10-14,2238,2749,512,-1.5064978568918952,linear,52,0,52,52,0,52,0.1,0.1015625,0.1015625,0.7079270098915855,7.079270098915855e-07,mle,0.4211018176797914,0.507873799070268,ok,True,True,extraction,
csi300,2751,2024-10-15,2239,2750,512,-1.532990221483638,linear,52,0,52,52,0,52,0.1,0.1015625,0.1015625,0.7098294591620915,7.098294591620915e-07,mle,0.45167625815696283,0.4729877228895971,ok,True,True,extraction,
csi300,2752,2024-10-16,2240,2751,512,-1.532990221483638,linear,52,0,52,52,0,52,0.1,0.1015625,0.1015625,0.7098294591620915,7.098294591620915e-07,mle,0.44193070071446205,0.5163139179094114,ok,True,True,extraction,
csi300,2753,2024-10-17,2241,2752,512,-1.532990221483638,linear,52,0,52,52,0,52,0.1,0.1015625,0.1015625,0.711887065598788,7.11887065598788e-07,mle,0.44193070071446205,0.5163139179094114,ok,True,True,extraction,
csi300,2754,2024-10-18,2242,2753,512,-1.5509746495354535,linear,52,0,52,52,0,52,0.1,0.1015625,0.1015625,0.7121227216541454,7.121227216541453e-07,mle,0.4396214628652132,0.5186329528499855,ok,True,True,extraction,
csi300,2755,2024-10-21,2243,2754,512,-1.5509746495354535,linear,52,0,52,52,0,52,0.1,0.1015625,0.1015625,0.7121227216541454,7.121227216541453e-07,mle,0.4396214628652132,0.5186329528499855,ok,True,True,extraction,
csi300,2756,2024-10-22,2244,2755,512,-1.5509746495354535,linear,52,0,52,52,0,52,0.1,0.1015625,0.1015625,0.7121227216541454,7.121227216541453e-07,mle,0.4396214628652132,0.5186329528499855,ok,True,True,extraction,
csi300,2757,2024-10-23,2245,2756,512,-1.532990221483638,linear,52,0,52,52,0,52,0.1,0.1015625,0.1015625,0.711887065598788,7.11887065598788e-07,mle,0.43441722737760324,0.5289381606880607,ok,True,True,extraction,
csi300,2758,2024-10-24,2246,2757,512,-1.5064978568918952,linear,52,0,52,52,0,52,0.1,0.1015625,0.1015625,0.7098294591620915,7.098294591620915e-07,mle,0.407752254379388,0.5334920053231544,ok,True,True,extraction,
csi300,2759,2024-10-25,2247,2758,512,-1.5064978568918952,linear,52,0,52,52,0,52,0.1,0.1015625,0.1015625,0.7098294591620915,7.098294591620915e-07,mle,0.407752254379388,0.5334920053231544,ok,True,True,extraction,
csi300,2760,2024-10-28,2248,2759,512,-1.5064978568918952,linear,52,0,52,52,0,52,0.1,0.1015625,0.1015625,0.7098294591620915,7.098294591620915e-07,mle,0.407752254379388,0.5334920053231544,ok,True,True,extraction,
csi300,2761,2024-10-29,2249,2760,512,-1.5064978568918952,linear,52,0,52,52,0,52,0.1,0.1015625,0.1015625,0.7078587482493475,7.078587482493474e-07,mle,0.407752254379388,0.5334920053231544,ok,True,True,extraction,
csi300,2762,2024-10-30,2250,2761,512,-1.5064978568918952,linear,52,0,52,52,0,52,0.1,0.1015625,0.1015625,0.7078587482493475,7.078587482493474e-07,mle,0.407752254379388,0.5334920053231544,ok,True,True,extraction,
csi300,2763,2024-10-31,2251,2762,512,-1.5064978568918952,linear,52,0,52,52,0,52,0.1,0.1015625,0.1015625,0.70718838803175,7.0718838803175e-07,mle,0.407752254379388,0.5334920053231544,ok,True,True,extraction,
csi300,2764,2024-11-01,2252,2763,512,-1.5064978568918952,linear,52,0,52,52,0,52,0.1,0.1015625,0.1015625,0.7061355571905754,7.061355571905753e-07,mle,0.407752254379388,0.5334920053231544,ok,True,True,extraction,
csi300,2765,2024-11-04,2253,2764,512,-1.4951617522583167,linear,52,0,52,52,0,52,0.1,0.1015625,0.1015625,0.7054742206382707,7.054742206382707e-07,mle,0.42187089507459585,0.5164443256509804,ok,True,True,extraction,
csi300,2766,2024-11-05,2254,2765,512,-1.4951617522583167,linear,52,0,52,52,0,52,0.1,0.1015625,0.1015625,0.7061355571905754,7.061355571905753e-07,mle,0.42187089507459585,0.5164443256509804,ok,True,True,extraction,
csi300,2767,2024-11-06,2255,2766,512,-1.4951617522583167,linear,52,0,52,52,0,52,0.1,0.1015625,0.1015625,0.7069288029498799,7.069288029498799e-07,mle,0.42187089507459585,0.5164443256509804,ok,True,True,extraction,
csi300,2768,2024-11-07,2256,2767,512,-1.4951617522583167,linear,52,0,52,52,0,52,0.1,0.1015625,0.1015625,0.7069288029498799,7.069288029498799e-07,mle,0.38444041183946487,0.5029104935398354,ok,True,True,extraction,
csi300,2769,2024-11-08,2257,2768,512,-1.4951617522583167,linear,52,0,52,52,0,52,0.1,0.1015625,0.1015625,0.7078587482493475,7.078587482493474e-07,mle,0.38444041183946487,0.5029104935398354,ok,True,True,extraction,
csi300,2770,2024-11-11,2258,2769,512,-1.5064978568918952,linear,52,0,52,52,0,52,0.1,0.1015625,0.1015625,0.7078587482493475,7.078587482493474e-07,mle,0.42997486200693136,0.5207570624819611,ok,True,True,extraction,
csi300,2771,2024-11-12,2259,2770,512,-1.4951617522583167,linear,52,0,52,52,0,52,0.1,0.1015625,0.1015625,0.7078587482493475,7.078587482493474e-07,mle,0.44388723887927795,0.5060917283113964,ok,True,True,extraction,
csi300,2772,2024-11-13,2260,2771,512,-1.4951617522583167,linear,52,0,52,52,0,52,0.1,0.1015625,0.1015625,0.7078587482493475,7.078587482493474e-07,mle,0.45366970259719475,0.4937815803503619,ok,True,True,extraction,
csi300,2773,2024-11-14,2261,2772,512,-1.4872353207899165,linear,52,0,52,52,0,52,0.1,0.1015625,0.1015625,0.7078587482493475,7.078587482493474e-07,mle,0.473231460242868,0.47613758045962656,ok,True,True,extraction,
csi300,2774,2024-11-15,2262,2773,512,-1.4951617522583167,linear,52,0,52,52,0,52,0.1,0.1015625,0.1015625,0.7078587482493475,7.078587482493474e-07,mle,0.45575153654592027,0.4898030497221738,ok,True,True,extraction,
csi300,2775,2024-11-18,2263,2774,512,-1.4951617522583167,linear,52,0,52,52,0,52,0.1,0.1015625,0.1015625,0.7078587482493475,7.078587482493474e-07,mle,0.45575153654592027,0.4898030497221738,ok,True,True,extraction,
csi300,2776,2024-11-19,2264,2775,512,-1.4951617522583167,linear,52,0,52,52,0,52,0.1,0.1015625,0.1015625,0.7078587482493475,7.078587482493474e-07,mle,0.45575153654592027,0.4898030497221738,ok,True,True,extraction,
csi300,2777,2024-11-20,2265,2776,512,-1.4951617522583167,linear,52,0,52,52,0,52,0.1,0.1015625,0.1015625,0.7083196255939738,7.083196255939737e-07,mle,0.45575153654592027,0.4898030497221738,ok,True,True,extraction,
csi300,2778,2024-11-21,2266,2777,512,-1.4872353207899165,linear,52,0,52,52,0,52,0.1,0.1015625,0.1015625,0.7063270421647772,7.063270421647771e-07,mle,0.4738998022404408,0.47507323347706143,ok,True,True,extraction,
csi300,2779,2024-11-22,2267,2778,512,-1.4872353207899165,linear,52,0,52,52,0,52,0.1,0.1015625,0.1015625,0.7061355571905754,7.061355571905753e-07,mle,0.4738998022404408,0.47507323347706143,ok,True,True,extraction,
csi300,2780,2024-11-25,2268,2779,512,-1.4872353207899165,linear,52,0,52,52,0,52,0.1,0.1015625,0.1015625,0.7061355571905754,7.061355571905753e-07,mle,0.4814042502552398,0.4871988286737243,ok,True,True,extraction,
csi300,2781,2024-11-26,2269,2780,512,-1.4872353207899165,linear,52,0,52,52,0,52,0.1,0.1015625,0.1015625,0.7054742206382707,7.054742206382707e-07,mle,0.4814042502552398,0.4871988286737243,ok,True,True,extraction,
csi300,2782,2024-11-27,2270,2781,512,-1.4872353207899165,linear,52,0,52,52,0,52,0.1,0.1015625,0.1015625,0.7043429830760468,7.043429830760468e-07,mle,0.4814042502552398,0.4871988286737243,ok,True,True,extraction,
csi300,2783,2024-11-29,2271,2782,512,-1.4872353207899165,linear,52,0,52,52,0,52,0.1,0.1015625,0.1015625,0.706150417522728,7.06150417522728e-07,mle,0.4814042502552398,0.4871988286737243,ok,True,True,extraction,
csi300,2784,2024-12-02,2272,2783,512,-1.4872353207899165,linear,52,0,52,52,0,52,0.1,0.1015625,0.1015625,0.706150417522728,7.06150417522728e-07,mle,0.4814042502552398,0.4871988286737243,ok,True,True,extraction,
csi300,2785,2024-12-03,2273,2784,512,-1.476884552318553,linear,52,0,52,52,0,52,0.1,0.1015625,0.1015625,0.7050975866815534,7.050975866815534e-07,mle,0.4980120281551138,0.47020103246365963,ok,True,True,extraction,
csi300,2786,2024-12-04,2274,2785,512,-1.476884552318553,linear,52,0,52,52,0,52,0.1,0.1015625,0.1015625,0.7050975866815534,7.050975866815534e-07,mle,0.4980120281551138,0.47020103246365963,ok,True,True,extraction,
csi300,2787,2024-12-05,2275,2786,512,-1.476884552318553,linear,52,0,52,52,0,52,0.1,0.1015625,0.1015625,0.7054742206382707,7.054742206382707e-07,mle,0.4980120281551138,0.47020103246365963,ok,True,True,extraction,
csi300,2788,2024-12-06,2276,2787,512,-1.4672496572302087,linear,52,0,52,52,0,52,0.1,0.1015625,0.1015625,0.7054742206382707,7.054742206382707e-07,mle,0.48971435012417786,0.4805652405530655,ok,True,True,extraction,
csi300,2789,2024-12-09,2277,2788,512,-1.4672496572302087,linear,52,0,52,52,0,52,0.1,0.1015625,0.1015625,0.7054742206382707,7.054742206382707e-07,mle,0.48971435012417786,0.4805652405530655,ok,True,True,extraction,
csi300,2790,2024-12-10,2278,2789,512,-1.4672496572302087,linear,52,0,52,52,0,52,0.1,0.1015625,0.1015625,0.7061355571905754,7.061355571905753e-07,mle,0.48971435012417786,0.4805652405530655,ok,True,True,extraction,
csi300,2791,2024-12-11,2279,2790,512,-1.476884552318553,linear,52,0,52,52,0,52,0.1,0.1015625,0.1015625,0.7061355571905754,7.061355571905753e-07,mle,0.5215760490675403,0.5017270443324127,ok,True,True,extraction,
csi300,2792,2024-12-12,2280,2791,512,-1.476884552318553,linear,52,0,52,52,0,52,0.1,0.1015625,0.1015625,0.7053614501246204,7.053614501246203e-07,mle,0.5215760490675403,0.5017270443324127,ok,True,True,extraction,
csi300,2793,2024-12-13,2281,2792,512,-1.476884552318553,linear,52,0,52,52,0,52,0.1,0.1015625,0.1015625,0.7043234796155984,7.043234796155984e-07,mle,0.5215760490675403,0.5017270443324127,ok,True,True,extraction,
csi300,2794,2024-12-16,2282,2793,512,-1.4872353207899165,linear,52,0,52,52,0,52,0.1,0.1015625,0.1015625,0.7045591356709557,7.045591356709558e-07,mle,0.5386488980047748,0.4847015726906178,ok,True,True,extraction,
csi300,2795,2024-12-17,2283,2794,512,-1.4872353207899165,linear,52,0,52,52,0,52,0.1,0.1015625,0.1015625,0.7054742206382707,7.054742206382707e-07,mle,0.5386488980047748,0.4847015726906178,ok,True,True,extraction,
csi300,2796,2024-12-18,2284,2795,512,-1.4872353207899165,linear,52,0,52,52,0,52,0.1,0.1015625,0.1015625,0.7054742206382707,7.054742206382707e-07,mle,0.5386488980047748,0.4847015726906178,ok,True,True,extraction,
csi300,2797,2024-12-19,2285,2796,512,-1.4872353207899165,linear,52,0,52,52,0,52,0.1,0.1015625,0.1015625,0.7063270421647772,7.063270421647771e-07,mle,0.5386488980047748,0.4847015726906178,ok,True,True,extraction,
csi300,2798,2024-12-20,2286,2797,512,-1.4872353207899165,linear,52,0,52,52,0,52,0.1,0.1015625,0.1015625,0.7063270421647772,7.063270421647771e-07,mle,0.5386488980047748,0.4847015726906178,ok,True,True,extraction,
csi300,2799,2024-12-23,2287,2798,512,-1.4872353207899165,linear,52,0,52,52,0,52,0.1,0.1015625,0.1015625,0.7061355571905754,7.061355571905753e-07,mle,0.5386488980047748,0.4847015726906178,ok,True,True,extraction,
csi300,2800,2024-12-24,2288,2799,512,-1.4872353207899165,linear,52,0,52,52,0,52,0.1,0.1015625,0.1015625,0.7063270421647772,7.063270421647771e-07,mle,0.5386488980047748,0.4847015726906178,ok,True,True,extraction,
csi300,2801,2024-12-26,2289,2800,512,-1.4872353207899165,linear,52,0,52,52,0,52,0.1,0.1015625,0.1015625,0.7069288029498799,7.069288029498799e-07,mle,0.5386488980047748,0.4847015726906178,ok,True,True,extraction,
csi300,2802,2024-12-27,2290,2801,512,-1.4872353207899165,linear,52,0,52,52,0,52,0.1,0.1015625,0.1015625,0.7068059174081729,7.068059174081728e-07,mle,0.5386488980047748,0.4847015726906178,ok,True,True,extraction,
csi300,2803,2024-12-30,2291,2802,512,-1.4872353207899165,linear,52,0,52,52,0,52,0.1,0.1015625,0.1015625,0.7069288029498799,7.069288029498799e-07,mle,0.5386488980047748,0.4847015726906178,ok,True,True,extraction,
csi300,2804,2024-12-31,2292,2803,512,-1.4872353207899165,linear,52,0,52,52,0,52,0.1,0.1015625,0.1015625,0.7061355571905754,7.061355571905753e-07,mle,0.5386488980047748,0.4847015726906178,ok,True,True,extraction,
csi300,2805,2025-01-02,2293,2804,512,-1.4951617522583167,linear,52,0,52,52,0,52,0.1,0.1015625,0.1015625,0.7061355571905754,7.061355571905753e-07,mle,0.5189020805658318,0.49888820565321906,ok,True,True,extraction,
csi300,2806,2025-01-03,2294,2805,512,-1.5064978568918952,linear,52,0,52,52,0,52,0.1,0.1015625,0.1015625,0.70718838803175,7.0718838803175e-07,mle,0.5054654554661092,0.5210018394264975,ok,True,True,extraction,
csi300,2807,2025-01-06,2295,2806,512,-1.5064978568918952,linear,52,0,52,52,0,52,0.1,0.1015625,0.1015625,0.70718838803175,7.0718838803175e-07,mle,0.5054654554661092,0.5210018394264975,ok,True,True,extraction,
csi300,2808,2025-01-07,2296,2807,512,-1.5064978568918952,linear,52,0,52,52,0,52,0.1,0.1015625,0.1015625,0.7061355571905754,7.061355571905753e-07,mle,0.5054654554661092,0.5210018394264975,ok,True,True,extraction,
csi300,2809,2025-01-08,2297,2808,512,-1.5064978568918952,linear,52,0,52,52,0,52,0.1,0.1015625,0.1015625,0.7069288029498799,7.069288029498799e-07,mle,0.5054654554661092,0.5210018394264975,ok,True,True,extraction,
csi300,2810,2025-01-10,2298,2809,512,-1.49406234868856,linear,52,0,52,52,0,52,0.1,0.1015625,0.1015625,0.7061355571905754,7.061355571905753e-07,mle,0.49018217756482474,0.5386793954578054,ok,True,True,extraction,
csi300,2811,2025-01-13,2299,2810,512,-1.5064978568918952,linear,52,0,52,52,0,52,0.1,0.1015625,0.1015625,0.70718838803175,7.0718838803175e-07,mle,0.4780376574718902,0.5473865183631079,ok,True,True,extraction,
csi300,2812,2025-01-14,2300,2811,512,-1.5064978568918952,linear,52,0,52,52,0,52,0.1,0.1015625,0.1015625,0.7063270421647772,7.063270421647771e-07,mle,0.4780376574718902,0.5473865183631079,ok,True,True,extraction,
csi300,2813,2025-01-15,2301,2812,512,-1.49406234868856,linear,52,0,52,52,0,52,0.1,0.1015625,0.1015625,0.7061355571905754,7.061355571905753e-07,mle,0.4868393917665903,0.5430334041362838,ok,True,True,extraction,
csi300,2814,2025-01-16,2302,2813,512,-1.49406234868856,linear,52,0,52,52,0,52,0.1,0.1015625,0.1015625,0.7054742206382707,7.054742206382707e-07,mle,0.4868393917665903,0.5430334041362838,ok,True,True,extraction,
csi300,2815,2025-01-17,2303,2814,512,-1.49406234868856,linear,52,0,52,52,0,52,0.1,0.1015625,0.1015625,0.7054742206382707,7.054742206382707e-07,mle,0.4868393917665903,0.5430334041362838,ok,True,True,extraction,
csi300,2816,2025-01-21,2304,2815,512,-1.49406234868856,linear,52,0,52,52,0,52,0.1,0.1015625,0.1015625,0.7054742206382707,7.054742206382707e-07,mle,0.4868393917665903,0.5430334041362838,ok,True,True,extraction,
csi300,2817,2025-01-22,2305,2816,512,-1.49406234868856,linear,52,0,52,52,0,52,0.1,0.1015625,0.1015625,0.7054742206382707,7.054742206382707e-07,mle,0.4868393917665903,0.5430334041362838,ok,True,True,extraction,
csi300,2818,2025-01-23,2306,2817,512,-1.49406234868856,linear,52,0,52,52,0,52,0.1,0.1015625,0.1015625,0.701894291930176,7.018942919301761e-07,mle,0.4868393917665903,0.5430334041362838,ok,True,True,extraction,
csi300,2819,2025-01-24,2307,2818,512,-1.49406234868856,linear,52,0,52,52,0,52,0.1,0.1015625,0.1015625,0.6997743709508013,6.997743709508013e-07,mle,0.4868393917665903,0.5430334041362838,ok,True,True,extraction,
csi300,2820,2025-01-27,2308,2819,512,-1.49406234868856,linear,52,0,52,52,0,52,0.1,0.1015625,0.1015625,0.6997743709508013,6.997743709508013e-07,mle,0.4868393917665903,0.5430334041362838,ok,True,True,extraction,
csi300,2821,2025-01-28,2309,2820,512,-1.49406234868856,linear,52,0,52,52,0,52,0.1,0.1015625,0.1015625,0.7001055400539942,7.001055400539942e-07,mle,0.4868393917665903,0.5430334041362838,ok,True,True,extraction,
csi300,2822,2025-01-29,2310,2821,512,-1.49406234868856,linear,52,0,52,52,0,52,0.1,0.1015625,0.1015625,0.6985650401373951,6.98565040137395e-07,mle,0.4868393917665903,0.5430334041362838,ok,True,True,extraction,
csi300,2823,2025-01-30,2311,2822,512,-1.49406234868856,linear,52,0,52,52,0,52,0.1,0.1015625,0.1015625,0.6955801983610721,6.955801983610721e-07,mle,0.4868393917665903,0.5430334041362838,ok,True,True,extraction,
csi300,2824,2025-01-31,2312,2823,512,-1.49406234868856,linear,52,0,52,52,0,52,0.1,0.1015625,0.1015625,0.6931315072152012,6.931315072152012e-07,mle,0.4868393917665903,0.5430334041362838,ok,True,True,extraction,
csi300,2825,2025-02-03,2313,2824,512,-1.49406234868856,linear,52,0,52,52,0,52,0.1,0.1015625,0.1015625,0.6964114605016187,6.964114605016187e-07,mle,0.4868393917665903,0.5430334041362838,ok,True,True,extraction,
csi300,2826,2025-02-04,2314,2825,512,-1.49406234868856,linear,52,0,52,52,0,52,0.1,0.1015625,0.1015625,0.6964114605016187,6.964114605016187e-07,mle,0.4868393917665903,0.5430334041362838,ok,True,True,extraction,
csi300,2827,2025-02-05,2315,2826,512,-1.49406234868856,linear,52,0,52,52,0,52,0.1,0.1015625,0.1015625,0.6964114605016187,6.964114605016187e-07,mle,0.4868393917665903,0.5430334041362838,ok,True,True,extraction,
csi300,2828,2025-02-06,2316,2827,512,-1.5064978568918952,linear,52,0,52,52,0,52,0.1,0.1015625,0.1015625,0.6993218751698151,6.993218751698151e-07,mle,0.4845385908984107,0.54037505354047,ok,True,True,extraction,
csi300,2829,2025-02-07,2317,2828,512,-1.5064978568918952,linear,52,0,52,52,0,52,0.1,0.1015625,0.1015625,0.7035305154099284,7.035305154099283e-07,mle,0.4845385908984107,0.54037505354047,ok,True,True,extraction,
csi300,2830,2025-02-10,2318,2829,512,-1.5064978568918952,linear,52,0,52,52,0,52,0.1,0.1015625,0.1015625,0.7054904902220078,7.054904902220078e-07,mle,0.4845385908984107,0.54037505354047,ok,True,True,extraction,
csi300,2831,2025-02-11,2319,2830,512,-1.5064978568918952,linear,52,0,52,52,0,52,0.1,0.1015625,0.1015625,0.704004045800894,7.04004045800894e-07,mle,0.4845385908984107,0.54037505354047,ok,True,True,extraction,
csi300,2832,2025-02-12,2320,2831,512,-1.5064978568918952,linear,52,0,52,52,0,52,0.1,0.1015625,0.1015625,0.7035305154099284,7.035305154099283e-07,mle,0.4845385908984107,0.54037505354047,ok,True,True,extraction,
csi300,2833,2025-02-13,2321,2832,512,-1.5064978568918952,linear,52,0,52,52,0,52,0.1,0.1015625,0.1015625,0.704004045800894,7.04004045800894e-07,mle,0.4845385908984107,0.54037505354047,ok,True,True,extraction,
csi300,2834,2025-02-14,2322,2833,512,-1.49406234868856,linear,52,0,52,52,0,52,0.1,0.1015625,0.1015625,0.7003324862205845,7.003324862205845e-07,mle,0.49284191995222215,0.5366490692734551,ok,True,True,extraction,
csi300,2835,2025-02-18,2323,2834,512,-1.49406234868856,linear,52,0,52,52,0,52,0.1,0.1015625,0.1015625,0.6991839548245428,6.991839548245428e-07,mle,0.49284191995222215,0.5366490692734551,ok,True,True,extraction,
csi300,2836,2025-02-19,2324,2835,512,-1.5064978568918952,linear,52,0,52,52,0,52,0.1,0.1015625,0.1015625,0.704004045800894,7.04004045800894e-07,mle,0.518251050407699,0.5115923721645156,ok,True,True,extraction,
csi300,2837,2025-02-20,2325,2836,512,-1.49406234868856,linear,52,0,52,52,0,52,0.1,0.1015625,0.1015625,0.6976975104034291,6.976975104034291e-07,mle,0.5042454260362811,0.5277634050537843,ok,True,True,extraction,
csi300,2838,2025-02-21,2326,2837,512,-1.476884552318553,linear,52,0,52,52,0,52,0.1,0.1015625,0.1015625,0.7001055400539942,7.001055400539942e-07,mle,0.5091117554055391,0.5201958596302589,ok,True,True,extraction,
csi300,2839,2025-02-24,2327,2838,512,-1.476884552318553,linear,52,0,52,52,0,52,0.1,0.1015625,0.1015625,0.701894291930176,7.018942919301761e-07,mle,0.5091117554055391,0.5201958596302589,ok,True,True,extraction,
csi300,2840,2025-02-25,2328,2839,512,-1.476884552318553,linear,52,0,52,52,0,52,0.1,0.1015625,0.1015625,0.7011702312554977,7.011702312554977e-07,mle,0.5091117554055391,0.5201958596302589,ok,True,True,extraction,
csi300,2841,2025-02-26,2329,2840,512,-1.476884552318553,linear,52,0,52,52,0,52,0.1,0.1015625,0.1015625,0.7001055400539942,7.001055400539942e-07,mle,0.5091117554055391,0.5201958596302589,ok,True,True,extraction,
csi300,2842,2025-02-27,2330,2841,512,-1.476884552318553,linear,52,0,52,52,0,52,0.1,0.1015625,0.1015625,0.7001055400539942,7.001055400539942e-07,mle,0.5091117554055391,0.5201958596302589,ok,True,True,extraction,
csi300,2843,2025-02-28,2331,2842,512,-1.4672496572302087,linear,52,0,52,52,0,52,0.1,0.1015625,0.1015625,0.6987735504950344,6.987735504950344e-07,mle,0.5083133097879311,0.5249113291489685,ok,True,True,extraction,
csi300,2844,2025-03-03,2332,2843,512,-1.4712163755358594,linear,52,0,52,52,0,52,0.1,0.1015625,0.1015625,0.6970785957162814,6.970785957162814e-07,mle,0.517740987425197,0.5159588221610868,ok,True,True,extraction,
csi300,2845,2025-03-04,2333,2844,512,-1.4712163755358594,linear,52,0,52,52,0,52,0.1,0.1015625,0.1015625,0.6970785957162814,6.970785957162814e-07,mle,0.517740987425197,0.5159588221610868,ok,True,True,extraction,
csi300,2846,2025-03-05,2334,2845,512,-1.4712163755358594,linear,52,0,52,52,0,52,0.1,0.1015625,0.1015625,0.6987735504950344,6.987735504950344e-07,mle,0.517740987425197,0.5159588221610868,ok,True,True,extraction,
csi300,2847,2025-03-06,2335,2846,512,-1.4712163755358594,linear,52,0,52,52,0,52,0.1,0.1015625,0.1015625,0.6980494898203561,6.98049489820356e-07,mle,0.517740987425197,0.5159588221610868,ok,True,True,extraction,
csi300,2848,2025-03-07,2336,2847,512,-1.4531831100137647,linear,52,0,52,52,0,52,0.1,0.1015625,0.1015625,0.6960569063911595,6.960569063911594e-07,mle,0.5056478401547444,0.5320429980745214,ok,True,True,extraction,
csi300,2849,2025-03-10,2337,2848,512,-1.4531831100137647,linear,52,0,52,52,0,52,0.1,0.1015625,0.1015625,0.6943914678610789,6.943914678610788e-07,mle,0.5056478401547444,0.5320429980745214,ok,True,True,extraction,
csi300,2850,2025-03-11,2338,2849,512,-1.4531831100137647,linear,52,0,52,52,0,52,0.1,0.1015625,0.1015625,0.6943914678610789,6.943914678610788e-07,mle,0.5056478401547444,0.5320429980745214,ok,True,True,extraction,
csi300,2851,2025-03-12,2339,2850,512,-1.4531831100137647,linear,52,0,52,52,0,52,0.1,0.1015625,0.1015625,0.6960569063911595,6.960569063911594e-07,mle,0.5056478401547444,0.5320429980745214,ok,True,True,extraction,
csi300,2852,2025-03-13,2340,2851,512,-1.4149846589364448,linear,52,0,52,52,0,52,0.1,0.1015625,0.1015625,0.6926434710889973,6.926434710889972e-07,mle,0.4686928033031591,0.5653975841951471,ok,True,True,extraction,
csi300,2853,2025-03-14,2341,2852,512,-1.4149846589364448,linear,52,0,52,52,0,52,0.1,0.1015625,0.1015625,0.690247821936455,6.90247821936455e-07,mle,0.4686928033031591,0.5653975841951471,ok,True,True,extraction,
csi300,2854,2025-03-17,2342,2853,512,-1.4149846589364448,linear,52,0,52,52,0,52,0.1,0.1015625,0.1015625,0.6943914678610789,6.943914678610788e-07,mle,0.4686928033031591,0.5653975841951471,ok,True,True,extraction,
csi300,2855,2025-03-18,2343,2854,512,-1.4149846589364448,linear,52,0,52,52,0,52,0.1,0.1015625,0.1015625,0.692303872170093,6.92303872170093e-07,mle,0.4686928033031591,0.5653975841951471,ok,True,True,extraction,
csi300,2856,2025-03-19,2344,2855,512,-1.4149846589364448,linear,52,0,52,52,0,52,0.1,0.1015625,0.1015625,0.692303872170093,6.92303872170093e-07,mle,0.4686928033031591,0.5653975841951471,ok,True,True,extraction,
csi300,2857,2025-03-20,2345,2856,512,-1.4149846589364448,linear,52,0,52,52,0,52,0.1,0.1015625,0.1015625,0.6931315072152012,6.931315072152012e-07,mle,0.4686928033031591,0.5653975841951471,ok,True,True,extraction,
csi300,2858,2025-03-21,2346,2857,512,-1.4149846589364448,linear,52,0,52,52,0,52,0.1,0.1015625,0.1015625,0.6931315072152012,6.931315072152012e-07,mle,0.4726116138444407,0.5589797311819891,ok,True,True,extraction,
csi300,2859,2025-03-24,2347,2858,512,-1.3898618286765103,linear,52,0,52,52,0,52,0.1,0.1015625,0.1015625,0.6931315072152012,6.931315072152012e-07,mle,0.465268415433421,0.5674664286585627,ok,True,True,extraction,
csi300,2860,2025-03-25,2348,2859,512,-1.3898618286765103,linear,52,0,52,52,0,52,0.1,0.1015625,0.1015625,0.6931315072152012,6.931315072152012e-07,mle,0.465268415433421,0.5674664286585627,ok,True,True,extraction,
csi300,2861,2025-03-26,2349,2860,512,-1.3898618286765103,linear,52,0,52,52,0,52,0.1,0.1015625,0.1015625,0.6884998251643734,6.884998251643734e-07,mle,0.465268415433421,0.5674664286585627,ok,True,True,extraction,
csi300,2862,2025-03-27,2350,2861,512,-1.3898618286765103,linear,52,0,52,52,0,52,0.1,0.1015625,0.1015625,0.6909583449901009,6.909583449901009e-07,mle,0.465268415433421,0.5674664286585627,ok,True,True,extraction,
csi300,2863,2025-03-28,2351,2862,512,-1.3898618286765103,linear,52,0,52,52,0,52,0.1,0.1015625,0.1015625,0.6909583449901009,6.909583449901009e-07,mle,0.465268415433421,0.5674664286585627,ok,True,True,extraction,
csi300,2864,2025-03-31,2352,2863,512,-1.3898618286765103,linear,52,0,52,52,0,52,0.1,0.1015625,0.1015625,0.6931315072152012,6.931315072152012e-07,mle,0.465268415433421,0.5674664286585627,ok,True,True,extraction,
csi300,2865,2025-04-01,2353,2864,512,-1.3660041528154039,linear,52,0,52,52,0,52,0.1,0.1015625,0.1015625,0.6909583449901009,6.909583449901009e-07,mle,0.43085822256905265,0.6101386686172927,ok,True,True,extraction,
csi300,2866,2025-04-02,2354,2865,512,-1.3660041528154039,linear,52,0,52,52,0,52,0.1,0.1015625,0.1015625,0.6824811481839094,6.824811481839093e-07,mle,0.43085822256905265,0.6101386686172927,ok,True,True,extraction,
csi300,2867,2025-04-03,2355,2866,512,-1.3660041528154039,linear,52,0,52,52,0,52,0.1,0.1015625,0.1015625,0.6909583449901009,6.909583449901009e-07,mle,0.43085822256905265,0.6101386686172927,ok,True,True,extraction,
csi300,2868,2025-04-04,2356,2867,512,-1.3660041528154039,linear,52,0,52,52,0,52,0.1,0.1015625,0.1015625,0.6824811481839094,6.824811481839093e-07,mle,0.43085822256905265,0.6101386686172927,ok,True,True,extraction,
csi300,2869,2025-04-07,2357,2868,512,-1.3898618286765103,linear,52,0,52,52,0,52,0.1,0.1015625,0.1015625,0.6753694247229294,6.753694247229294e-07,mle,0.44318168735824504,0.6176603118228399,ok,True,True,extraction,
csi300,2870,2025-04-08,2358,2869,512,-1.4506851236873013,linear,52,0,52,52,0,52,0.1,0.1015625,0.1015625,0.6816759601203943,6.816759601203943e-07,mle,0.5900168614857455,0.5331473492780316,ok,True,True,extraction,
csi300,2871,2025-04-09,2359,2870,512,-1.4506851236873013,linear,52,0,52,52,0,52,0.1,0.1015625,0.1015625,0.6816759601203943,6.816759601203943e-07,mle,0.5900168614857455,0.5331473492780316,ok,True,True,extraction,
csi300,2872,2025-04-10,2360,2871,512,-1.4506851236873013,linear,52,0,52,52,0,52,0.1,0.1015625,0.1015625,0.6816759601203943,6.816759601203943e-07,mle,0.5900168614857455,0.5331473492780316,ok,True,True,extraction,
csi300,2873,2025-04-11,2361,2872,512,-1.4506851236873013,linear,52,0,52,52,0,52,0.1,0.1015625,0.1015625,0.6910783437968443,6.910783437968443e-07,mle,0.5900168614857455,0.5331473492780316,ok,True,True,extraction,
csi300,2874,2025-04-14,2362,2873,512,-1.4506851236873013,linear,52,0,52,52,0,52,0.1,0.1015625,0.1015625,0.6993218751698151,6.993218751698151e-07,mle,0.5900168614857455,0.5331473492780316,ok,True,True,extraction,
csi300,2875,2025-04-15,2363,2874,512,-1.4506851236873013,linear,52,0,52,52,0,52,0.1,0.1015625,0.1015625,0.6993218751698151,6.993218751698151e-07,mle,0.5900168614857455,0.5331473492780316,ok,True,True,extraction,
csi300,2876,2025-04-16,2364,2875,512,-1.4506851236873013,linear,52,0,52,52,0,52,0.1,0.1015625,0.1015625,0.7000103666153723,7.000103666153723e-07,mle,0.5900168614857455,0.5331473492780316,ok,True,True,extraction,
csi300,2877,2025-04-17,2365,2876,512,-1.4506851236873013,linear,52,0,52,52,0,52,0.1,0.1015625,0.1015625,0.7022694821960903,7.022694821960903e-07,mle,0.5900168614857455,0.5331473492780316,ok,True,True,extraction,
csi300,2878,2025-04-21,2366,2877,512,-1.4506851236873013,linear,52,0,52,52,0,52,0.1,0.1015625,0.1015625,0.7000103666153723,7.000103666153723e-07,mle,0.5900168614857455,0.5331473492780316,ok,True,True,extraction,
csi300,2879,2025-04-22,2367,2878,512,-1.4506851236873013,linear,52,0,52,52,0,52,0.1,0.1015625,0.1015625,0.7123216531396253,7.123216531396253e-07,mle,0.5900168614857455,0.5331473492780316,ok,True,True,extraction,
csi300,2880,2025-04-23,2368,2879,512,-1.4506851236873013,linear,52,0,52,52,0,52,0.1,0.1015625,0.1015625,0.7022694821960903,7.022694821960903e-07,mle,0.5900168614857455,0.5331473492780316,ok,True,True,extraction,
csi300,2881,2025-04-24,2369,2880,512,-1.4506851236873013,linear,52,0,52,52,0,52,0.1,0.1015625,0.1015625,0.7022694821960903,7.022694821960903e-07,mle,0.5900168614857455,0.5331473492780316,ok,True,True,extraction,
csi300,2882,2025-04-25,2370,2881,512,-1.4506851236873013,linear,52,0,52,52,0,52,0.1,0.1015625,0.1015625,0.6976975104034291,6.976975104034291e-07,mle,0.5900168614857455,0.5331473492780316,ok,True,True,extraction,
csi300,2883,2025-04-28,2371,2882,512,-1.4506851236873013,linear,52,0,52,52,0,52,0.1,0.1015625,0.1015625,0.7003324862205845,7.003324862205845e-07,mle,0.5900168614857455,0.5331473492780316,ok,True,True,extraction,
csi300,2884,2025-04-29,2372,2883,512,-1.4506851236873013,linear,52,0,52,52,0,52,0.1,0.1015625,0.1015625,0.7003324862205845,7.003324862205845e-07,mle,0.5900168614857455,0.5331473492780316,ok,True,True,extraction,
csi300,2885,2025-04-30,2373,2884,512,-1.4506851236873013,linear,52,0,52,52,0,52,0.1,0.1015625,0.1015625,0.6962894869272371,6.962894869272371e-07,mle,0.5900168614857455,0.5331473492780316,ok,True,True,extraction,
csi300,2886,2025-05-01,2374,2885,512,-1.4506851236873013,linear,52,0,52,52,0,52,0.1,0.1015625,0.1015625,0.6962894869272371,6.962894869272371e-07,mle,0.5900168614857455,0.5331473492780316,ok,True,True,extraction,
csi300,2887,2025-05-02,2375,2886,512,-1.4506851236873013,linear,52,0,52,52,0,52,0.1,0.1015625,0.1015625,0.6928745450704649,6.928745450704648e-07,mle,0.5900168614857455,0.5331473492780316,ok,True,True,extraction,
csi300,2888,2025-05-05,2376,2887,512,-1.4506851236873013,linear,52,0,52,52,0,52,0.1,0.1015625,0.1015625,0.7046620624739465,7.046620624739464e-07,mle,0.5900168614857455,0.5331473492780316,ok,True,True,extraction,
csi300,2889,2025-05-06,2377,2888,512,-1.4506851236873013,linear,52,0,52,52,0,52,0.1,0.1015625,0.1015625,0.6928745450704649,6.928745450704648e-07,mle,0.5900168614857455,0.5331473492780316,ok,True,True,extraction,
csi300,2890,2025-05-07,2378,2889,512,-1.4506851236873013,linear,52,0,52,52,0,52,0.1,0.1015625,0.1015625,0.6962894869272371,6.962894869272371e-07,mle,0.5900168614857455,0.5331473492780316,ok,True,True,extraction,
csi300,2891,2025-05-08,2379,2890,512,-1.3898618286765103,linear,52,0,52,52,0,52,0.1,0.1015625,0.1015625,0.6962894869272371,6.962894869272371e-07,mle,0.5018900531845748,0.6284796588418644,ok,True,True,extraction,
csi300,2892,2025-05-09,2380,2891,512,-1.3898618286765103,linear,52,0,52,52,0,52,0.1,0.1015625,0.1015625,0.6987735504950344,6.987735504950344e-07,mle,0.5018900531845748,0.6284796588418644,ok,True,True,extraction,
csi300,2893,2025-05-12,2381,2892,512,-1.3660041528154039,linear,52,0,52,52,0,52,0.1,0.1015625,0.1015625,0.6943914678610789,6.943914678610788e-07,mle,0.4751928286033221,0.6649215029379195,ok,True,True,extraction,
csi300,2894,2025-05-13,2382,2893,512,-1.3660041528154039,linear,52,0,52,52,0,52,0.1,0.1015625,0.1015625,0.6980494898203561,6.98049489820356e-07,mle,0.4751928286033221,0.6649215029379195,ok,True,True,extraction,
csi300,2895,2025-05-14,2383,2894,512,-1.3660041528154039,linear,52,0,52,52,0,52,0.1,0.1015625,0.1015625,0.6961163489915242,6.961163489915242e-07,mle,0.4751928286033221,0.6649215029379195,ok,True,True,extraction,
csi300,2896,2025-05-15,2384,2895,512,-1.3660041528154039,linear,52,0,52,52,0,52,0.1,0.1015625,0.1015625,0.6961163489915242,6.961163489915242e-07,mle,0.4751928286033221,0.6649215029379195,ok,True,True,extraction,
csi300,2897,2025-05-16,2385,2896,512,-1.3660041528154039,linear,52,0,52,52,0,52,0.1,0.1015625,0.1015625,0.6961163489915242,6.961163489915242e-07,mle,0.4751928286033221,0.6649215029379195,ok,True,True,extraction,
csi300,2898,2025-05-19,2386,2897,512,-1.3660041528154039,linear,52,0,52,52,0,52,0.1,0.1015625,0.1015625,0.6943914678610789,6.943914678610788e-07,mle,0.4751928286033221,0.6649215029379195,ok,True,True,extraction,
csi300,2899,2025-05-20,2387,2898,512,-1.3660041528154039,linear,52,0,52,52,0,52,0.1,0.1015625,0.1015625,0.6961163489915242,6.961163489915242e-07,mle,0.4751928286033221,0.6649215029379195,ok,True,True,extraction,
csi300,2900,2025-05-21,2388,2899,512,-1.3660041528154039,linear,52,0,52,52,0,52,0.1,0.1015625,0.1015625,0.692303872170093,6.92303872170093e-07,mle,0.4751928286033221,0.6649215029379195,ok,True,True,extraction,
csi300,2901,2025-05-22,2389,2900,512,-1.3660041528154039,linear,52,0,52,52,0,52,0.1,0.1015625,0.1015625,0.690247821936455,6.90247821936455e-07,mle,0.4751928286033221,0.6649215029379195,ok,True,True,extraction,
csi300,2902,2025-05-23,2390,2901,512,-1.3660041528154039,linear,52,0,52,52,0,52,0.1,0.1015625,0.1015625,0.6884998251643734,6.884998251643734e-07,mle,0.4751928286033221,0.6649215029379195,ok,True,True,extraction,
csi300,2903,2025-05-27,2391,2902,512,-1.3660041528154039,linear,52,0,52,52,0,52,0.1,0.1015625,0.1015625,0.6884998251643734,6.884998251643734e-07,mle,0.4751928286033221,0.6649215029379195,ok,True,True,extraction,
csi300,2904,2025-05-28,2392,2903,512,-1.3898618286765103,linear,52,0,52,52,0,52,0.1,0.1015625,0.1015625,0.6884998251643734,6.884998251643734e-07,mle,0.5021555461682478,0.6281755016589403,ok,True,True,extraction,
csi300,2905,2025-05-29,2393,2904,512,-1.3898618286765103,linear,52,0,52,52,0,52,0.1,0.1015625,0.1015625,0.6884998251643734,6.884998251643734e-07,mle,0.5021555461682478,0.6281755016589403,ok,True,True,extraction,
csi300,2906,2025-05-30,2394,2905,512,-1.3660041528154039,linear,52,0,52,52,0,52,0.1,0.1015625,0.1015625,0.688045868261226,6.88045868261226e-07,mle,0.49943602493358846,0.6349618228460484,ok,True,True,extraction,
csi300,2907,2025-06-02,2395,2906,512,-1.3660041528154039,linear,52,0,52,52,0,52,0.1,0.1015625,0.1015625,0.6880458682612259,6.880458682612259e-07,mle,0.49943602493358846,0.6349618228460484,ok,True,True,extraction,
csi300,2908,2025-06-03,2396,2907,512,-1.3660041528154039,linear,52,0,52,52,0,52,0.1,0.1015625,0.1015625,0.6868755146834438,6.868755146834437e-07,mle,0.49943602493358846,0.6349618228460484,ok,True,True,extraction,
csi300,2909,2025-06-04,2397,2908,512,-1.3660041528154039,linear,52,0,52,52,0,52,0.1,0.1015625,0.1015625,0.6863148371829972,6.863148371829972e-07,mle,0.49943602493358846,0.6349618228460484,ok,True,True,extraction,
csi300,2910,2025-06-05,2398,2909,512,-1.3660041528154039,linear,52,0,52,52,0,52,0.1,0.1015625,0.1015625,0.6862439167928962,6.862439167928962e-07,mle,0.49943602493358846,0.6349618228460484,ok,True,True,extraction,
csi300,2911,2025-06-06,2399,2910,512,-1.3660041528154039,linear,52,0,52,52,0,52,0.1,0.1015625,0.1015625,0.6862439167928962,6.862439167928962e-07,mle,0.49943602493358846,0.6349618228460484,ok,True,True,extraction,
csi300,2912,2025-06-09,2400,2911,512,-1.3660041528154039,linear,52,0,52,52,0,52,0.1,0.1015625,0.1015625,0.6863148371829972,6.863148371829972e-07,mle,0.49943602493358846,0.6349618228460484,ok,True,True,extraction,
csi300,2913,2025-06-10,2401,2912,512,-1.362485142765802,linear,52,0,52,52,0,52,0.1,0.1015625,0.1015625,0.6855849011981978,6.855849011981978e-07,mle,0.5304408874882964,0.6043394990068406,ok,True,True,extraction,
csi300,2914,2025-06-11,2402,2913,512,-1.3379451069131432,linear,52,0,52,52,0,52,0.1,0.1015625,0.1015625,0.6819133416178883,6.819133416178883e-07,mle,0.5037888351055344,0.63921805293353,ok,True,True,extraction,
csi300,2915,2025-06-12,2403,2914,512,-1.3379451069131432,linear,52,0,52,52,0,52,0.1,0.1015625,0.1015625,0.6816776855625309,6.816776855625309e-07,mle,0.5037888351055344,0.63921805293353,ok,True,True,extraction,
csi300,2916,2025-06-13,2404,2915,512,-1.3379451069131432,linear,52,0,52,52,0,52,0.1,0.1015625,0.1015625,0.6777630377136616,6.777630377136616e-07,mle,0.5037888351055344,0.63921805293353,ok,True,True,extraction,
csi300,2917,2025-06-16,2405,2916,512,-1.3351210739483188,linear,52,0,52,52,0,52,0.1,0.1015625,0.1015625,0.6777630377136616,6.777630377136616e-07,mle,0.5015720019991743,0.6425964062152439,ok,True,True,extraction,
csi300,2918,2025-06-17,2406,2917,512,-1.3351210739483188,linear,52,0,52,52,0,52,0.1,0.1015625,0.1015625,0.6771371863674764,6.771371863674764e-07,mle,0.5015720019991743,0.6425964062152439,ok,True,True,extraction,
csi300,2919,2025-06-18,2407,2918,512,-1.3351210739483188,linear,52,0,52,52,0,52,0.1,0.1015625,0.1015625,0.6767524266628921,6.767524266628921e-07,mle,0.5015720019991743,0.6425964062152439,ok,True,True,extraction,
csi300,2920,2025-06-20,2408,2919,512,-1.3351210739483188,linear,52,0,52,52,0,52,0.1,0.1015625,0.1015625,0.6725154689362787,6.725154689362787e-07,mle,0.5015720019991743,0.6425964062152439,ok,True,True,extraction,
csi300,2921,2025-06-23,2409,2920,512,-1.3351210739483188,linear,52,0,52,52,0,52,0.1,0.1015625,0.1015625,0.6725154689362787,6.725154689362787e-07,mle,0.5015720019991743,0.6425964062152439,ok,True,True,extraction,
csi300,2922,2025-06-24,2410,2921,512,-1.3351210739483188,linear,52,0,52,52,0,52,0.1,0.1015625,0.1015625,0.6725154689362787,6.725154689362787e-07,mle,0.5015720019991743,0.6425964062152439,ok,True,True,extraction,
csi300,2923,2025-06-25,2411,2922,512,-1.315898801131323,linear,52,0,52,52,0,52,0.1,0.1015625,0.1015625,0.6725154689362787,6.725154689362787e-07,mle,0.4829593935135278,0.6691859987814108,ok,True,True,extraction,
csi300,2924,2025-06-26,2412,2923,512,-1.315898801131323,linear,52,0,52,52,0,52,0.1,0.1015625,0.1015625,0.6725154689362787,6.725154689362787e-07,mle,0.4829593935135278,0.6691859987814108,ok,True,True,extraction,
csi300,2925,2025-06-27,2413,2924,512,-1.315898801131323,linear,52,0,52,52,0,52,0.1,0.1015625,0.1015625,0.6725154689362787,6.725154689362787e-07,mle,0.4829593935135278,0.6691859987814108,ok,True,True,extraction,
csi300,2926,2025-06-30,2414,2925,512,-1.315898801131323,linear,52,0,52,52,0,52,0.1,0.1015625,0.1015625,0.676126575316707,6.761265753167069e-07,mle,0.4829593935135278,0.6691859987814108,ok,True,True,extraction,
csi300,2927,2025-07-01,2415,2926,512,-1.315898801131323,linear,52,0,52,52,0,52,0.1,0.1015625,0.1015625,0.676126575316707,6.761265753167069e-07,mle,0.4829593935135278,0.6691859987814108,ok,True,True,extraction,
csi300,2928,2025-07-02,2416,2927,512,-1.315898801131323,linear,52,0,52,52,0,52,0.1,0.1015625,0.1015625,0.6725154689362787,6.725154689362787e-07,mle,0.4829593935135278,0.6691859987814108,ok,True,True,extraction,
csi300,2929,2025-07-03,2417,2928,512,-1.315898801131323,linear,52,0,52,52,0,52,0.1,0.1015625,0.1015625,0.6679343425435674,6.679343425435674e-07,mle,0.4829593935135278,0.6691859987814108,ok,True,True,extraction,
csi300,2930,2025-07-07,2418,2929,512,-1.315898801131323,linear,52,0,52,52,0,52,0.1,0.1015625,0.1015625,0.6725154689362787,6.725154689362787e-07,mle,0.4829593935135278,0.6691859987814108,ok,True,True,extraction,
csi300,2931,2025-07-08,2419,2930,512,-1.3078321868671148,linear,52,0,52,52,0,52,0.1,0.1015625,0.1015625,0.6679343425435674,6.679343425435674e-07,mle,0.5065194588618372,0.6458863717374811,ok,True,True,extraction,
csi300,2932,2025-07-09,2420,2931,512,-1.3078321868671148,linear,52,0,52,52,0,52,0.1,0.1015625,0.1015625,0.6684204688275778,6.684204688275777e-07,mle,0.5065194588618372,0.6458863717374811,ok,True,True,extraction,
csi300,2933,2025-07-10,2421,2932,512,-1.3078321868671148,linear,52,0,52,52,0,52,0.1,0.1015625,0.1015625,0.6684204688275778,6.684204688275777e-07,mle,0.5065194588618372,0.6458863717374811,ok,True,True,extraction,
csi300,2934,2025-07-11,2422,2933,512,-1.3078321868671148,linear,52,0,52,52,0,52,0.1,0.1015625,0.1015625,0.6693484694928941,6.69348469492894e-07,mle,0.5065194588618372,0.6458863717374811,ok,True,True,extraction,
csi300,2935,2025-07-14,2423,2934,512,-1.3078321868671148,linear,52,0,52,52,0,52,0.1,0.1015625,0.1015625,0.6693484694928941,6.69348469492894e-07,mle,0.5065194588618372,0.6458863717374811,ok,True,True,extraction,
csi300,2936,2025-07-15,2424,2935,512,-1.3078321868671148,linear,52,0,52,52,0,52,0.1,0.1015625,0.1015625,0.6661370519787497,6.661370519787496e-07,mle,0.5065194588618372,0.6458863717374811,ok,True,True,extraction,
csi300,2937,2025-07-16,2425,2936,512,-1.3078321868671148,linear,52,0,52,52,0,52,0.1,0.1015625,0.1015625,0.6661370519787497,6.661370519787496e-07,mle,0.5065194588618372,0.6458863717374811,ok,True,True,extraction,
csi300,2938,2025-07-17,2426,2937,512,-1.3078321868671148,linear,52,0,52,52,0,52,0.1,0.1015625,0.1015625,0.6635109025777106,6.635109025777106e-07,mle,0.5065194588618372,0.6458863717374811,ok,True,True,extraction,
csi300,2939,2025-07-18,2427,2938,512,-1.3078321868671148,linear,52,0,52,52,0,52,0.1,0.1015625,0.1015625,0.6635109025777106,6.635109025777106e-07,mle,0.5065194588618372,0.6458863717374811,ok,True,True,extraction,
csi300,2940,2025-07-21,2428,2939,512,-1.3078321868671148,linear,52,0,52,52,0,52,0.1,0.1015625,0.1015625,0.6576548350346239,6.576548350346238e-07,mle,0.5065194588618372,0.6458863717374811,ok,True,True,extraction,
csi300,2941,2025-07-22,2429,2940,512,-1.3078321868671148,linear,52,0,52,52,0,52,0.1,0.1015625,0.1015625,0.6655774280111717,6.655774280111716e-07,mle,0.5065194588618372,0.6458863717374811,ok,True,True,extraction,
csi300,2942,2025-07-23,2430,2941,512,-1.3078321868671148,linear,52,0,52,52,0,52,0.1,0.1015625,0.1015625,0.6668317556861396,6.668317556861396e-07,mle,0.5065194588618372,0.6458863717374811,ok,True,True,extraction,
csi300,2943,2025-07-24,2431,2942,512,-1.3078321868671148,linear,52,0,52,52,0,52,0.1,0.1015625,0.1015625,0.6597213604680849,6.597213604680849e-07,mle,0.5065194588618372,0.6458863717374811,ok,True,True,extraction,
csi300,2944,2025-07-25,2432,2943,512,-1.3078321868671148,linear,52,0,52,52,0,52,0.1,0.1015625,0.1015625,0.6597213604680849,6.597213604680849e-07,mle,0.5065194588618372,0.6458863717374811,ok,True,True,extraction,
csi300,2945,2025-07-28,2433,2944,512,-1.3078321868671148,linear,52,0,52,52,0,52,0.1,0.1015625,0.1015625,0.6511366973547947,6.511366973547947e-07,mle,0.5065194588618372,0.6458863717374811,ok,True,True,extraction,
csi300,2946,2025-07-29,2434,2945,512,-1.3078321868671148,linear,52,0,52,52,0,52,0.1,0.1015625,0.1015625,0.6457433675315516,6.457433675315516e-07,mle,0.5065194588618372,0.6458863717374811,ok,True,True,extraction,
csi300,2947,2025-07-30,2435,2946,512,-1.3078321868671148,linear,52,0,52,52,0,52,0.1,0.1015625,0.1015625,0.6457433675315516,6.457433675315516e-07,mle,0.5065194588618372,0.6458863717374811,ok,True,True,extraction,
csi300,2948,2025-07-31,2436,2947,512,-1.3078321868671148,linear,52,0,52,52,0,52,0.1,0.1015625,0.1015625,0.6457433675315516,6.457433675315516e-07,mle,0.5065194588618372,0.6458863717374811,ok,True,True,extraction,
csi300,2949,2025-08-01,2437,2948,512,-1.315898801131323,linear,52,0,52,52,0,52,0.1,0.1015625,0.1015625,0.6511366973547947,6.511366973547947e-07,mle,0.48793405141846197,0.6623464912867923,ok,True,True,extraction,
csi300,2950,2025-08-04,2438,2949,512,-1.315898801131323,linear,52,0,52,52,0,52,0.1,0.1015625,0.1015625,0.6457433675315516,6.457433675315516e-07,mle,0.48793405141846197,0.6623464912867923,ok,True,True,extraction,
csi300,2951,2025-08-05,2439,2950,512,-1.315898801131323,linear,52,0,52,52,0,52,0.1,0.1015625,0.1015625,0.6511366973547947,6.511366973547947e-07,mle,0.48793405141846197,0.6623464912867923,ok,True,True,extraction,
csi300,2952,2025-08-06,2440,2951,512,-1.315898801131323,linear,52,0,52,52,0,52,0.1,0.1015625,0.1015625,0.6511366973547947,6.511366973547947e-07,mle,0.48793405141846197,0.6623464912867923,ok,True,True,extraction,
csi300,2953,2025-08-07,2441,2952,512,-1.315898801131323,linear,52,0,52,52,0,52,0.1,0.1015625,0.1015625,0.6511366973547947,6.511366973547947e-07,mle,0.48793405141846197,0.6623464912867923,ok,True,True,extraction,
csi300,2954,2025-08-08,2442,2953,512,-1.315898801131323,linear,52,0,52,52,0,52,0.1,0.1015625,0.1015625,0.6456955816641402,6.456955816641402e-07,mle,0.48793405141846197,0.6623464912867923,ok,True,True,extraction,
csi300,2955,2025-08-11,2443,2954,512,-1.315898801131323,linear,52,0,52,52,0,52,0.1,0.1015625,0.1015625,0.6425996436752497,6.425996436752497e-07,mle,0.48793405141846197,0.6623464912867923,ok,True,True,extraction,
csi300,2956,2025-08-12,2444,2955,512,-1.315898801131323,linear,52,0,52,52,0,52,0.1,0.1015625,0.1015625,0.6425996436752497,6.425996436752497e-07,mle,0.48793405141846197,0.6623464912867923,ok,True,True,extraction,
csi300,2957,2025-08-13,2445,2956,512,-1.3078321868671148,linear,52,0,52,52,0,52,0.1,0.1015625,0.1015625,0.6433595183424927,6.433595183424926e-07,mle,0.4936774207669795,0.6602105765094866,ok,True,True,extraction,
csi300,2958,2025-08-14,2446,2957,512,-1.3078321868671148,linear,52,0,52,52,0,52,0.1,0.1015625,0.1015625,0.6433595183424927,6.433595183424926e-07,mle,0.4936774207669795,0.6602105765094866,ok,True,True,extraction,
csi300,2959,2025-08-15,2447,2958,512,-1.3078321868671148,linear,52,0,52,52,0,52,0.1,0.1015625,0.1015625,0.6456955816641402,6.456955816641402e-07,mle,0.4936774207669795,0.6602105765094866,ok,True,True,extraction,
csi300,2960,2025-08-18,2448,2959,512,-1.2954634040911632,linear,52,0,52,52,0,52,0.1,0.1015625,0.1015625,0.6456955816641402,6.456955816641402e-07,mle,0.48731523790432074,0.6718895627677216,ok,True,True,extraction,
csi300,2961,2025-08-19,2449,2960,512,-1.2954634040911632,linear,52,0,52,52,0,52,0.1,0.1015625,0.1015625,0.6456955816641402,6.456955816641402e-07,mle,0.48731523790432074,0.6718895627677216,ok,True,True,extraction,
csi300,2962,2025-08-20,2450,2961,512,-1.2954634040911632,linear,52,0,52,52,0,52,0.1,0.1015625,0.1015625,0.6456955816641402,6.456955816641402e-07,mle,0.48731523790432074,0.6718895627677216,ok,True,True,extraction,
csi300,2963,2025-08-21,2451,2962,512,-1.2954634040911632,linear,52,0,52,52,0,52,0.1,0.1015625,0.1015625,0.6528914944466705,6.528914944466704e-07,mle,0.48731523790432074,0.6718895627677216,ok,True,True,extraction,
csi300,2964,2025-08-22,2452,2963,512,-1.2954634040911632,linear,52,0,52,52,0,52,0.1,0.1015625,0.1015625,0.6464753511563118,6.464753511563118e-07,mle,0.48731523790432074,0.6718895627677216,ok,True,True,extraction,
csi300,2965,2025-08-25,2453,2964,512,-1.2954634040911632,linear,52,0,52,52,0,52,0.1,0.1015625,0.1015625,0.6519013991798164,6.519013991798164e-07,mle,0.48731523790432074,0.6718895627677216,ok,True,True,extraction,
csi300,2966,2025-08-26,2454,2965,512,-1.2954634040911632,linear,52,0,52,52,0,52,0.1,0.1015625,0.1015625,0.6529120102305859,6.529120102305858e-07,mle,0.48731523790432074,0.6718895627677216,ok,True,True,extraction,
csi300,2967,2025-08-27,2455,2966,512,-1.2954634040911632,linear,52,0,52,52,0,52,0.1,0.1015625,0.1015625,0.6529120102305859,6.529120102305858e-07,mle,0.48731523790432074,0.6718895627677216,ok,True,True,extraction,
csi300,2968,2025-08-28,2456,2967,512,-1.2954634040911632,linear,52,0,52,52,0,52,0.1,0.1015625,0.1015625,0.6529120102305859,6.529120102305858e-07,mle,0.48740620703816534,0.6502187491226066,ok,True,True,extraction,
csi300,2969,2025-08-29,2457,2968,512,-1.2954634040911632,linear,52,0,52,52,0,52,0.1,0.1015625,0.1015625,0.6483470728287148,6.483470728287148e-07,mle,0.48740620703816534,0.6502187491226066,ok,True,True,extraction,
csi300,2970,2025-09-02,2458,2969,512,-1.289506551492736,linear,52,0,52,52,0,52,0.1,0.1015625,0.1015625,0.6483470728287148,6.483470728287148e-07,mle,0.4787538846585044,0.6613266016938875,ok,True,True,extraction,
csi300,2971,2025-09-03,2459,2970,512,-1.289506551492736,linear,52,0,52,52,0,52,0.1,0.1015625,0.1015625,0.64773561200578,6.4773561200578e-07,mle,0.4787538846585044,0.6613266016938875,ok,True,True,extraction,
csi300,2972,2025-09-04,2460,2971,512,-1.289506551492736,linear,52,0,52,52,0,52,0.1,0.1015625,0.1015625,0.6464442882317435,6.464442882317435e-07,mle,0.4787538846585044,0.6613266016938875,ok,True,True,extraction,
csi300,2973,2025-09-05,2461,2972,512,-1.289506551492736,linear,52,0,52,52,0,52,0.1,0.1015625,0.1015625,0.6464442882317435,6.464442882317435e-07,mle,0.4477630015380941,0.6999178829782737,ok,True,True,extraction,
csi300,2974,2025-09-08,2462,2973,512,-1.289506551492736,linear,52,0,52,52,0,52,0.1,0.1015625,0.1015625,0.64773561200578,6.4773561200578e-07,mle,0.4477630015380941,0.6999178829782737,ok,True,True,extraction,
csi300,2975,2025-09-09,2463,2974,512,-1.289506551492736,linear,52,0,52,52,0,52,0.1,0.1015625,0.1015625,0.6479307326528572,6.479307326528572e-07,mle,0.4477630015380941,0.6999178829782737,ok,True,True,extraction,
csi300,2976,2025-09-10,2464,2975,512,-1.289506551492736,linear,52,0,52,52,0,52,0.1,0.1015625,0.1015625,0.6483470728287148,6.483470728287148e-07,mle,0.4477630015380941,0.6999178829782737,ok,True,True,extraction,
csi300,2977,2025-09-11,2465,2976,512,-1.289506551492736,linear,52,0,52,52,0,52,0.1,0.1015625,0.1015625,0.6483470728287148,6.483470728287148e-07,mle,0.4477630015380941,0.6999178829782737,ok,True,True,extraction,
csi300,2978,2025-09-12,2466,2977,512,-1.289506551492736,linear,52,0,52,52,0,52,0.1,0.1015625,0.1015625,0.6510042743322251,6.51004274332225e-07,mle,0.4477630015380941,0.6999178829782737,ok,True,True,extraction,
csi300,2979,2025-09-15,2467,2978,512,-1.289506551492736,linear,52,0,52,52,0,52,0.1,0.1015625,0.1015625,0.6508017793575774,6.508017793575774e-07,mle,0.4477630015380941,0.6999178829782737,ok,True,True,extraction,
csi300,2980,2025-09-16,2468,2979,512,-1.289506551492736,linear,52,0,52,52,0,52,0.1,0.1015625,0.1015625,0.6508017793575774,6.508017793575774e-07,mle,0.4477630015380941,0.6999178829782737,ok,True,True,extraction,
csi300,2981,2025-09-17,2469,2980,512,-1.289506551492736,linear,52,0,52,52,0,52,0.1,0.1015625,0.1015625,0.6508017793575774,6.508017793575774e-07,mle,0.4477630015380941,0.6999178829782737,ok,True,True,extraction,
csi300,2982,2025-09-18,2470,2981,512,-1.289506551492736,linear,52,0,52,52,0,52,0.1,0.1015625,0.1015625,0.6534589808610877,6.534589808610876e-07,mle,0.4477630015380941,0.6999178829782737,ok,True,True,extraction,
csi300,2983,2025-09-19,2471,2982,512,-1.2954634040911632,linear,52,0,52,52,0,52,0.1,0.1015625,0.1015625,0.6534589808610877,6.534589808610876e-07,mle,0.4422679195334299,0.7030141199174447,ok,True,True,extraction,
csi300,2984,2025-09-22,2472,2983,512,-1.2954634040911632,linear,52,0,52,52,0,52,0.1,0.1015625,0.1015625,0.6534589808610877,6.534589808610876e-07,mle,0.4422679195334299,0.7030141199174447,ok,True,True,extraction,
csi300,2985,2025-09-23,2473,2984,512,-1.2954634040911632,linear,52,0,52,52,0,52,0.1,0.1015625,0.1015625,0.6530749668207656,6.530749668207656e-07,mle,0.4422679195334299,0.7030141199174447,ok,True,True,extraction,
csi300,2986,2025-09-24,2474,2985,512,-1.289506551492736,linear,52,0,52,52,0,52,0.1,0.1015625,0.1015625,0.6510042743322251,6.51004274332225e-07,mle,0.47129463786312004,0.6651885731152365,ok,True,True,extraction,
csi300,2987,2025-09-25,2475,2986,512,-1.289506551492736,linear,52,0,52,52,0,52,0.1,0.1015625,0.1015625,0.6520050947879921,6.52005094787992e-07,mle,0.47129463786312004,0.6651885731152365,ok,True,True,extraction,
csi300,2988,2025-09-26,2476,2987,512,-1.289506551492736,linear,52,0,52,52,0,52,0.1,0.1015625,0.1015625,0.6520050947879921,6.52005094787992e-07,mle,0.47129463786312004,0.6651885731152365,ok,True,True,extraction,
csi300,2989,2025-09-29,2477,2988,512,-1.289506551492736,linear,52,0,52,52,0,52,0.1,0.1015625,0.1015625,0.6544598013168547,6.544598013168546e-07,mle,0.47129463786312004,0.6651885731152365,ok,True,True,extraction,
csi300,2990,2025-09-30,2478,2989,512,-1.289506551492736,linear,52,0,52,52,0,52,0.1,0.1015625,0.1015625,0.6564359731323304,6.564359731323304e-07,mle,0.47129463786312004,0.6651885731152365,ok,True,True,extraction,
csi300,2991,2025-10-01,2479,2990,512,-1.289506551492736,linear,52,0,52,52,0,52,0.1,0.1015625,0.1015625,0.6550205624752748,6.550205624752749e-07,mle,0.47129463786312004,0.6651885731152365,ok,True,True,extraction,
csi300,2992,2025-10-02,2480,2991,512,-1.289506551492736,linear,52,0,52,52,0,52,0.1,0.1015625,0.1015625,0.6534502398056525,6.534502398056525e-07,mle,0.47129463786312004,0.6651885731152365,ok,True,True,extraction,
csi300,2993,2025-10-03,2481,2992,512,-1.289506551492736,linear,52,0,52,52,0,52,0.1,0.1015625,0.1015625,0.6534502398056525,6.534502398056525e-07,mle,0.47129463786312004,0.6651885731152365,ok,True,True,extraction,
csi300,2994,2025-10-06,2482,2993,512,-1.289506551492736,linear,52,0,52,52,0,52,0.1,0.1015625,0.1015625,0.6534502398056525,6.534502398056525e-07,mle,0.47129463786312004,0.6651885731152365,ok,True,True,extraction,
csi300,2995,2025-10-07,2483,2994,512,-1.289506551492736,linear,52,0,52,52,0,52,0.1,0.1015625,0.1015625,0.6398612906028783,6.398612906028783e-07,mle,0.47129463786312004,0.6651885731152365,ok,True,True,extraction,
csi300,2996,2025-10-08,2484,2995,512,-1.289506551492736,linear,52,0,52,52,0,52,0.1,0.1015625,0.1015625,0.6387323750419971,6.387323750419971e-07,mle,0.47129463786312004,0.6651885731152365,ok,True,True,extraction,
csi300,2997,2025-10-09,2485,2996,512,-1.289506551492736,linear,52,0,52,52,0,52,0.1,0.1015625,0.1015625,0.6378254200264469,6.378254200264469e-07,mle,0.47129463786312004,0.6651885731152365,ok,True,True,extraction,
csi300,2998,2025-10-10,2486,2997,512,-1.289506551492736,linear,52,0,52,52,0,52,0.1,0.1015625,0.1015625,0.6309895086489736,6.309895086489736e-07,mle,0.47129463786312004,0.6651885731152365,ok,True,True,extraction,
csi300,2999,2025-10-13,2487,2998,512,-1.2954634040911632,linear,52,0,52,52,0,52,0.1,0.1015625,0.1015625,0.6320029446899512,6.320029446899511e-07,mle,0.46036366793862393,0.7160180730175874,ok,True,True,extraction,
csi300,3000,2025-10-14,2488,2999,512,-1.2954634040911632,linear,52,0,52,52,0,52,0.1,0.1015625,0.1015625,0.6331523990343092,6.331523990343091e-07,mle,0.46036366793862393,0.7160180730175874,ok,True,True,extraction,
csi300,3001,2025-10-15,2489,3000,512,-1.2954634040911632,linear,52,0,52,52,0,52,0.1,0.1015625,0.1015625,0.6359190606965284,6.359190606965283e-07,mle,0.46036366793862393,0.7160180730175874,ok,True,True,extraction,
csi300,3002,2025-10-16,2490,3001,512,-1.2954634040911632,linear,52,0,52,52,0,52,0.1,0.1015625,0.1015625,0.6359190606965284,6.359190606965283e-07,mle,0.46036366793862393,0.7160180730175874,ok,True,True,extraction,
csi300,3003,2025-10-17,2491,3002,512,-1.2954634040911632,linear,52,0,52,52,0,52,0.1,0.1015625,0.1015625,0.6331523990343092,6.331523990343091e-07,mle,0.46036366793862393,0.7160180730175874,ok,True,True,extraction,
csi300,3004,2025-10-20,2492,3003,512,-1.2954634040911632,linear,52,0,52,52,0,52,0.1,0.1015625,0.1015625,0.6331523990343092,6.331523990343091e-07,mle,0.46036366793862393,0.7160180730175874,ok,True,True,extraction,
csi300,3005,2025-10-21,2493,3004,512,-1.2954634040911632,linear,52,0,52,52,0,52,0.1,0.1015625,0.1015625,0.6320029446899512,6.320029446899511e-07,mle,0.46036366793862393,0.7160180730175874,ok,True,True,extraction,
csi300,3006,2025-10-22,2494,3005,512,-1.2954634040911632,linear,52,0,52,52,0,52,0.1,0.1015625,0.1015625,0.6320029446899512,6.320029446899511e-07,mle,0.46036366793862393,0.7160180730175874,ok,True,True,extraction,
csi300,3007,2025-10-23,2495,3006,512,-1.2954634040911632,linear,52,0,52,52,0,52,0.1,0.1015625,0.1015625,0.6309895086489736,6.309895086489736e-07,mle,0.46036366793862393,0.7160180730175874,ok,True,True,extraction,
csi300,3008,2025-10-24,2496,3007,512,-1.2954634040911632,linear,52,0,52,52,0,52,0.1,0.1015625,0.1015625,0.6320029446899512,6.320029446899511e-07,mle,0.46036366793862393,0.7160180730175874,ok,True,True,extraction,
csi300,3009,2025-10-27,2497,3008,512,-1.2954634040911632,linear,52,0,52,52,0,52,0.1,0.1015625,0.1015625,0.6331523990343092,6.331523990343091e-07,mle,0.46036366793862393,0.7160180730175874,ok,True,True,extraction,
csi300,3010,2025-10-28,2498,3009,512,-1.2954634040911632,linear,52,0,52,52,0,52,0.1,0.1015625,0.1015625,0.6359190606965284,6.359190606965283e-07,mle,0.46036366793862393,0.7160180730175874,ok,True,True,extraction,
csi300,3011,2025-10-29,2499,3010,512,-1.2954634040911632,linear,52,0,52,52,0,52,0.1,0.1015625,0.1015625,0.6331523990343092,6.331523990343091e-07,mle,0.46036366793862393,0.7160180730175874,ok,True,True,extraction,
csi300,3012,2025-10-30,2500,3011,512,-1.2954634040911632,linear,52,0,52,52,0,52,0.1,0.1015625,0.1015625,0.6359190606965284,6.359190606965283e-07,mle,0.46036366793862393,0.7160180730175874,ok,True,True,extraction,
csi300,3013,2025-10-31,2501,3012,512,-1.2954634040911632,linear,52,0,52,52,0,52,0.1,0.1015625,0.1015625,0.6386843728636948,6.386843728636948e-07,mle,0.46036366793862393,0.7160180730175874,ok,True,True,extraction,
csi300,3014,2025-11-03,2502,3013,512,-1.3145748246135494,linear,52,0,52,52,0,52,0.1,0.1015625,0.1015625,0.640318999252834,6.40318999252834e-07,mle,0.474685957920295,0.6922893139422217,ok,True,True,extraction,
csi300,3015,2025-11-04,2503,3014,512,-1.2954634040911632,linear,52,0,52,52,0,52,0.1,0.1015625,0.1015625,0.6386843728636948,6.386843728636948e-07,mle,0.4530357680256645,0.7241494274896786,ok,True,True,extraction,
csi300,3016,2025-11-05,2504,3015,512,-1.289506551492736,linear,52,0,52,52,0,52,0.1,0.1015625,0.1015625,0.6386843728636948,6.386843728636948e-07,mle,0.4636560799314695,0.7151374243888747,ok,True,True,extraction,
csi300,3017,2025-11-06,2505,3016,512,-1.289506551492736,linear,52,0,52,52,0,52,0.1,0.1015625,0.1015625,0.6386843728636948,6.386843728636948e-07,mle,0.4636560799314695,0.7151374243888747,ok,True,True,extraction,
csi300,3018,2025-11-07,2506,3017,512,-1.289506551492736,linear,52,0,52,52,0,52,0.1,0.1015625,0.1015625,0.640318999252834,6.40318999252834e-07,mle,0.4636560799314695,0.7151374243888747,ok,True,True,extraction,
csi300,3019,2025-11-10,2507,3018,512,-1.289506551492736,linear,52,0,52,52,0,52,0.1,0.1015625,0.1015625,0.6386843728636948,6.386843728636948e-07,mle,0.4636560799314695,0.7151374243888747,ok,True,True,extraction,
csi300,3020,2025-11-11,2508,3019,512,-1.289506551492736,linear,52,0,52,52,0,52,0.1,0.1015625,0.1015625,0.6359190606965284,6.359190606965283e-07,mle,0.4636560799314695,0.7151374243888747,ok,True,True,extraction,
csi300,3021,2025-11-12,2509,3020,512,-1.289506551492736,linear,52,0,52,52,0,52,0.1,0.1015625,0.1015625,0.6386843728636948,6.386843728636948e-07,mle,0.4636560799314695,0.7151374243888747,ok,True,True,extraction,
csi300,3022,2025-11-13,2510,3021,512,-1.289506551492736,linear,52,0,52,52,0,52,0.1,0.1015625,0.1015625,0.6386843728636948,6.386843728636948e-07,mle,0.4636560799314695,0.7151374243888747,ok,True,True,extraction,
csi300,3023,2025-11-14,2511,3022,512,-1.289506551492736,linear,52,0,52,52,0,52,0.1,0.1015625,0.1015625,0.6386843728636948,6.386843728636948e-07,mle,0.4636560799314695,0.7151374243888747,ok,True,True,extraction,
csi300,3024,2025-11-17,2512,3023,512,-1.289506551492736,linear,52,0,52,52,0,52,0.1,0.1015625,0.1015625,0.640318999252834,6.40318999252834e-07,mle,0.4636560799314695,0.7151374243888747,ok,True,True,extraction,
csi300,3025,2025-11-18,2513,3024,512,-1.289506551492736,linear,52,0,52,52,0,52,0.1,0.1015625,0.1015625,0.6408939630768755,6.408939630768755e-07,mle,0.4636560799314695,0.7151374243888747,ok,True,True,extraction,
csi300,3026,2025-11-19,2514,3025,512,-1.289506551492736,linear,52,0,52,52,0,52,0.1,0.1015625,0.1015625,0.6408939630768755,6.408939630768755e-07,mle,0.4636560799314695,0.7151374243888747,ok,True,True,extraction,
csi300,3027,2025-11-20,2515,3026,512,-1.289506551492736,linear,52,0,52,52,0,52,0.1,0.1015625,0.1015625,0.640318999252834,6.40318999252834e-07,mle,0.4636560799314695,0.7151374243888747,ok,True,True,extraction,
csi300,3028,2025-11-21,2516,3027,512,-1.289506551492736,linear,52,0,52,52,0,52,0.1,0.1015625,0.1015625,0.640318999252834,6.40318999252834e-07,mle,0.4636560799314695,0.7151374243888747,ok,True,True,extraction,
csi300,3029,2025-11-24,2517,3028,512,-1.289506551492736,linear,52,0,52,52,0,52,0.1,0.1015625,0.1015625,0.6408939630768755,6.408939630768755e-07,mle,0.4636560799314695,0.7151374243888747,ok,True,True,extraction,
csi300,3030,2025-11-25,2518,3029,512,-1.289506551492736,linear,52,0,52,52,0,52,0.1,0.1015625,0.1015625,0.640318999252834,6.40318999252834e-07,mle,0.4636560799314695,0.7151374243888747,ok,True,True,extraction,
csi300,3031,2025-11-26,2519,3030,512,-1.289506551492736,linear,52,0,52,52,0,52,0.1,0.1015625,0.1015625,0.6408939630768755,6.408939630768755e-07,mle,0.4636560799314695,0.7151374243888747,ok,True,True,extraction,
csi300,3032,2025-11-28,2520,3031,512,-1.289506551492736,linear,52,0,52,52,0,52,0.1,0.1015625,0.1015625,0.6408939630768755,6.408939630768755e-07,mle,0.4636560799314695,0.7151374243888747,ok,True,True,extraction,
csi300,3033,2025-12-01,2521,3032,512,-1.289506551492736,linear,52,0,52,52,0,52,0.1,0.1015625,0.1015625,0.6455984642375916,6.455984642375915e-07,mle,0.4636560799314695,0.7151374243888747,ok,True,True,extraction,
csi300,3034,2025-12-02,2522,3033,512,-1.289506551492736,linear,52,0,52,52,0,52,0.1,0.1015625,0.1015625,0.6455984642375916,6.455984642375915e-07,mle,0.4636560799314695,0.7151374243888747,ok,True,True,extraction,
csi300,3035,2025-12-03,2523,3034,512,-1.289506551492736,linear,52,0,52,52,0,52,0.1,0.1015625,0.1015625,0.6513311639978634,6.513311639978633e-07,mle,0.4636560799314695,0.7151374243888747,ok,True,True,extraction,
csi300,3036,2025-12-04,2524,3035,512,-1.272180007304052,linear,52,0,52,52,0,52,0.1,0.1015625,0.1015625,0.6455984642375916,6.455984642375915e-07,mle,0.4700334403664709,0.7129090012451955,ok,True,True,extraction,
csi300,3037,2025-12-05,2525,3036,512,-1.272180007304052,linear,52,0,52,52,0,52,0.1,0.1015625,0.1015625,0.6408939630768755,6.408939630768755e-07,mle,0.4700334403664709,0.7129090012451955,ok,True,True,extraction,
csi300,3038,2025-12-08,2526,3037,512,-1.272180007304052,linear,52,0,52,52,0,52,0.1,0.1015625,0.1015625,0.6408939630768755,6.408939630768755e-07,mle,0.4700334403664709,0.7129090012451955,ok,True,True,extraction,
csi300,3039,2025-12-09,2527,3038,512,-1.272180007304052,linear,52,0,52,52,0,52,0.1,0.1015625,0.1015625,0.6408939630768755,6.408939630768755e-07,mle,0.4700334403664709,0.7129090012451955,ok,True,True,extraction,
csi300,3040,2025-12-10,2528,3039,512,-1.272180007304052,linear,52,0,52,52,0,52,0.1,0.1015625,0.1015625,0.640318999252834,6.40318999252834e-07,mle,0.4700334403664709,0.7129090012451955,ok,True,True,extraction,
csi300,3041,2025-12-11,2529,3040,512,-1.272180007304052,linear,52,0,52,52,0,52,0.1,0.1015625,0.1015625,0.640318999252834,6.40318999252834e-07,mle,0.4700334403664709,0.7129090012451955,ok,True,True,extraction,
csi300,3042,2025-12-12,2530,3041,512,-1.272180007304052,linear,52,0,52,52,0,52,0.1,0.1015625,0.1015625,0.640318999252834,6.40318999252834e-07,mle,0.4700334403664709,0.7129090012451955,ok,True,True,extraction,
csi300,3043,2025-12-15,2531,3042,512,-1.272180007304052,linear,52,0,52,52,0,52,0.1,0.1015625,0.1015625,0.6392593366877333,6.392593366877332e-07,mle,0.4700334403664709,0.7129090012451955,ok,True,True,extraction,
csi300,3044,2025-12-16,2532,3043,512,-1.272180007304052,linear,52,0,52,52,0,52,0.1,0.1015625,0.1015625,0.6359190606965284,6.359190606965283e-07,mle,0.4700334403664709,0.7129090012451955,ok,True,True,extraction,
csi300,3045,2025-12-17,2533,3044,512,-1.272180007304052,linear,52,0,52,52,0,52,0.1,0.1015625,0.1015625,0.6392593366877333,6.392593366877332e-07,mle,0.4700334403664709,0.7129090012451955,ok,True,True,extraction,
csi300,3046,2025-12-18,2534,3045,512,-1.272180007304052,linear,52,0,52,52,0,52,0.1,0.1015625,0.1015625,0.6408939630768755,6.408939630768755e-07,mle,0.4700334403664709,0.7129090012451955,ok,True,True,extraction,
csi300,3047,2025-12-19,2535,3046,512,-1.272180007304052,linear,52,0,52,52,0,52,0.1,0.1015625,0.1015625,0.6392593366877333,6.392593366877332e-07,mle,0.4700334403664709,0.7129090012451955,ok,True,True,extraction,
csi300,3048,2025-12-22,2536,3047,512,-1.268459033641567,linear,52,0,52,52,0,52,0.1,0.1015625,0.1015625,0.6359190606965284,6.359190606965283e-07,mle,0.5029651054146076,0.6765924902791756,ok,True,True,extraction,
csi300,3049,2025-12-23,2537,3048,512,-1.268459033641567,linear,52,0,52,52,0,52,0.1,0.1015625,0.1015625,0.6392593366877333,6.392593366877332e-07,mle,0.5029651054146076,0.6765924902791756,ok,True,True,extraction,
csi300,3050,2025-12-24,2538,3049,512,-1.268459033641567,linear,52,0,52,52,0,52,0.1,0.1015625,0.1015625,0.6392593366877333,6.392593366877332e-07,mle,0.5029651054146076,0.6765924902791756,ok,True,True,extraction,
csi300,3051,2025-12-26,2539,3050,512,-1.268459033641567,linear,52,0,52,52,0,52,0.1,0.1015625,0.1015625,0.6392593366877333,6.392593366877332e-07,mle,0.5029651054146076,0.6765924902791756,ok,True,True,extraction,
csi300,3052,2025-12-29,2540,3051,512,-1.268459033641567,linear,52,0,52,52,0,52,0.1,0.1015625,0.1015625,0.6392593366877333,6.392593366877332e-07,mle,0.5029651054146076,0.6765924902791756,ok,True,True,extraction,
csi300,3053,2025-12-30,2541,3052,512,-1.268459033641567,linear,52,0,52,52,0,52,0.1,0.1015625,0.1015625,0.6408939630768755,6.408939630768755e-07,mle,0.5029651054146076,0.6765924902791756,ok,True,True,extraction,
csi300,3054,2025-12-31,2542,3053,512,-1.268459033641567,linear,52,0,52,52,0,52,0.1,0.1015625,0.1015625,0.6408939630768755,6.408939630768755e-07,mle,0.5029651054146076,0.6765924902791756,ok,True,True,extraction,
csi300,3055,2026-01-02,2543,3054,512,-1.268459033641567,linear,52,0,52,52,0,52,0.1,0.1015625,0.1015625,0.6408939630768755,6.408939630768755e-07,mle,0.5029651054146076,0.6765924902791756,ok,True,True,extraction,
csi300,3056,2026-01-05,2544,3055,512,-1.2671242617422172,linear,52,0,52,52,0,52,0.1,0.1015625,0.1015625,0.6408939630768755,6.408939630768755e-07,mle,0.5009098996454308,0.6791760339150725,ok,True,True,extraction,
csi300,3057,2026-01-06,2545,3056,512,-1.2671242617422172,linear,52,0,52,52,0,52,0.1,0.1015625,0.1015625,0.6500463158674015,6.500463158674014e-07,mle,0.5009098996454308,0.6791760339150725,ok,True,True,extraction,
csi300,3058,2026-01-07,2546,3057,512,-1.2671242617422172,linear,52,0,52,52,0,52,0.1,0.1015625,0.1015625,0.6500463158674015,6.500463158674014e-07,mle,0.5009098996454308,0.6791760339150725,ok,True,True,extraction,
csi300,3059,2026-01-08,2547,3058,512,-1.2592508601899308,linear,52,0,52,52,0,52,0.1,0.1015625,0.1015625,0.6500463158674015,6.500463158674014e-07,mle,0.5323422027215506,0.6432204270253628,ok,True,True,extraction,
csi300,3060,2026-01-09,2548,3059,512,-1.2592508601899308,linear,52,0,52,52,0,52,0.1,0.1015625,0.1015625,0.6408939630768755,6.408939630768755e-07,mle,0.5323422027215506,0.6432204270253628,ok,True,True,extraction,
csi300,3061,2026-01-12,2549,3060,512,-1.2592508601899308,linear,52,0,52,52,0,52,0.1,0.1015625,0.1015625,0.6408939630768755,6.408939630768755e-07,mle,0.5323422027215506,0.6432204270253628,ok,True,True,extraction,
csi300,3062,2026-01-13,2550,3061,512,-1.2592508601899308,linear,52,0,52,52,0,52,0.1,0.1015625,0.1015625,0.6500463158674015,6.500463158674014e-07,mle,0.5323422027215506,0.6432204270253628,ok,True,True,extraction,
csi300,3063,2026-01-14,2551,3062,512,-1.2671242617422172,linear,52,0,52,52,0,52,0.1,0.1015625,0.1015625,0.6513311639978634,6.513311639978633e-07,mle,0.5329720078660016,0.6390882822697672,ok,True,True,extraction,
csi300,3064,2026-01-15,2552,3063,512,-1.2671242617422172,linear,52,0,52,52,0,52,0.1,0.1015625,0.1015625,0.6455984642375916,6.455984642375915e-07,mle,0.5329720078660016,0.6390882822697672,ok,True,True,extraction,
csi300,3065,2026-01-16,2553,3064,512,-1.2671242617422172,linear,52,0,52,52,0,52,0.1,0.1015625,0.1015625,0.6513311639978634,6.513311639978633e-07,mle,0.5329720078660016,0.6390882822697672,ok,True,True,extraction,
csi300,3066,2026-01-20,2554,3065,512,-1.2592508601899308,linear,52,0,52,52,0,52,0.1,0.1015625,0.1015625,0.6513311639978634,6.513311639978633e-07,mle,0.5624342770257282,0.6103122493235669,ok,True,True,extraction,
csi300,3067,2026-01-21,2555,3066,512,-1.2592508601899308,linear,52,0,52,52,0,52,0.1,0.1015625,0.1015625,0.6513311639978634,6.513311639978633e-07,mle,0.5624342770257282,0.6103122493235669,ok,True,True,extraction,
csi300,3068,2026-01-22,2556,3067,512,-1.2561679193489004,linear,52,0,52,52,0,52,0.1,0.1015625,0.1015625,0.6513311639978634,6.513311639978633e-07,mle,0.5823607576496281,0.594558166186403,ok,True,True,extraction,
csi300,3069,2026-01-23,2557,3068,512,-1.2561679193489004,linear,52,0,52,52,0,52,0.1,0.1015625,0.1015625,0.6513311639978634,6.513311639978633e-07,mle,0.5823607576496281,0.594558166186403,ok,True,True,extraction,
csi300,3070,2026-01-26,2558,3069,512,-1.2561679193489004,linear,52,0,52,52,0,52,0.1,0.1015625,0.1015625,0.6455984642375916,6.455984642375915e-07,mle,0.5823607576496281,0.594558166186403,ok,True,True,extraction,
csi300,3071,2026-01-27,2559,3070,512,-1.2561679193489004,linear,52,0,52,52,0,52,0.1,0.1015625,0.1015625,0.6471912119209777,6.471912119209777e-07,mle,0.5823607576496281,0.594558166186403,ok,True,True,extraction,
csi300,3072,2026-01-28,2560,3071,512,-1.2561679193489004,linear,52,0,52,52,0,52,0.1,0.1015625,0.1015625,0.6593732698844066,6.593732698844066e-07,mle,0.5823607576496281,0.594558166186403,ok,True,True,extraction,
csi300,3073,2026-01-29,2561,3072,512,-1.2561679193489004,linear,52,0,52,52,0,52,0.1,0.1015625,0.1015625,0.6471912119209777,6.471912119209777e-07,mle,0.5823607576496281,0.594558166186403,ok,True,True,extraction,
csi300,3074,2026-01-30,2562,3073,512,-1.2561679193489004,linear,52,0,52,52,0,52,0.1,0.1015625,0.1015625,0.6605123918977305,6.605123918977304e-07,mle,0.5823607576496281,0.594558166186403,ok,True,True,extraction,
csi300,3075,2026-02-02,2563,3074,512,-1.2592508601899308,linear,52,0,52,52,0,52,0.1,0.1015625,0.1015625,0.6614373856545037,6.614373856545036e-07,mle,0.5599205917387315,0.6127090209898826,ok,True,True,extraction,
csi300,3076,2026-02-03,2564,3075,512,-1.2561679193489004,linear,52,0,52,52,0,52,0.1,0.1015625,0.1015625,0.6614373856545037,6.614373856545036e-07,mle,0.5998296163298014,0.5764039996197492,ok,True,True,extraction,
csi300,3077,2026-02-04,2565,3076,512,-1.2561679193489004,linear,52,0,52,52,0,52,0.1,0.1015625,0.1015625,0.6605123918977305,6.605123918977304e-07,mle,0.5998296163298014,0.5764039996197492,ok,True,True,extraction,
csi300,3078,2026-02-05,2566,3077,512,-1.2561679193489004,linear,52,0,52,52,0,52,0.1,0.1015625,0.1015625,0.6605123918977305,6.605123918977304e-07,mle,0.5998296163298014,0.5764039996197492,ok,True,True,extraction,
csi300,3079,2026-02-06,2567,3078,512,-1.2501876900982956,linear,52,0,52,52,0,52,0.1,0.1015625,0.1015625,0.6605123918977305,6.605123918977304e-07,mle,0.631472408780922,0.5514502465152358,ok,True,True,extraction,
csi300,3080,2026-02-09,2568,3079,512,-1.2501876900982956,linear,52,0,52,52,0,52,0.1,0.1015625,0.1015625,0.6605123918977305,6.605123918977304e-07,mle,0.631472408780922,0.5514502465152358,ok,True,True,extraction,
csi300,3081,2026-02-10,2569,3080,512,-1.2501876900982956,linear,52,0,52,52,0,52,0.1,0.1015625,0.1015625,0.6605123918977305,6.605123918977304e-07,mle,0.631472408780922,0.5514502465152358,ok,True,True,extraction,
csi300,3082,2026-02-11,2570,3081,512,-1.2501876900982956,linear,52,0,52,52,0,52,0.1,0.1015625,0.1015625,0.6605123918977305,6.605123918977304e-07,mle,0.631472408780922,0.5514502465152358,ok,True,True,extraction,
csi300,3083,2026-02-12,2571,3082,512,-1.2501876900982956,linear,52,0,52,52,0,52,0.1,0.1015625,0.1015625,0.6500463158674015,6.500463158674014e-07,mle,0.631472408780922,0.5514502465152358,ok,True,True,extraction,
csi300,3084,2026-02-13,2572,3083,512,-1.2489330249530142,linear,52,0,52,52,0,52,0.1,0.1015625,0.1015625,0.6471912119209777,6.471912119209777e-07,mle,0.6755980192863774,0.5185463701830342,ok,True,True,extraction,
csi300,3085,2026-02-17,2573,3084,512,-1.238438254730037,linear,52,0,52,52,0,52,0.1,0.1015625,0.1015625,0.6464785796609533,6.464785796609533e-07,mle,0.6991616985035711,0.5022097572918447,ok,True,True,extraction,
csi300,3086,2026-02-18,2574,3085,512,-1.238438254730037,linear,52,0,52,52,0,52,0.1,0.1015625,0.1015625,0.6532191828747057,6.532191828747057e-07,mle,0.6991616985035711,0.5022097572918447,ok,True,True,extraction,
csi300,3087,2026-02-19,2575,3086,512,-1.238438254730037,linear,52,0,52,52,0,52,0.1,0.1015625,0.1015625,0.6532191828747057,6.532191828747057e-07,mle,0.6991616985035711,0.5022097572918447,ok,True,True,extraction,
csi300,3088,2026-02-20,2576,3087,512,-1.231062168640111,linear,52,0,52,52,0,52,0.1,0.1015625,0.1015625,0.6447251383273552,6.447251383273552e-07,mle,0.7369804173815089,0.46645422826060784,ok,True,True,extraction,
csi300,3089,2026-02-23,2577,3088,512,-1.231062168640111,linear,52,0,52,52,0,52,0.1,0.1015625,0.1015625,0.6389959990620502,6.389959990620502e-07,mle,0.7369804173815089,0.46645422826060784,ok,True,True,extraction,
csi300,3090,2026-02-24,2578,3089,512,-1.231062168640111,linear,52,0,52,52,0,52,0.1,0.1015625,0.1015625,0.6375981691782654,6.375981691782654e-07,mle,0.7369804173815089,0.46645422826060784,ok,True,True,extraction,
csi300,3091,2026-02-25,2579,3090,512,-1.231062168640111,linear,52,0,52,52,0,52,0.1,0.1015625,0.1015625,0.6375981691782654,6.375981691782654e-07,mle,0.7369804173815089,0.46645422826060784,ok,True,True,extraction,
csi300,3092,2026-02-26,2580,3091,512,-1.231062168640111,linear,52,0,52,52,0,52,0.1,0.1015625,0.1015625,0.6389959990620502,6.389959990620502e-07,mle,0.7369804173815089,0.46645422826060784,ok,True,True,extraction,
csi300,3093,2026-02-27,2581,3092,512,-1.231062168640111,linear,52,0,52,52,0,52,0.1,0.1015625,0.1015625,0.6447251383273552,6.447251383273552e-07,mle,0.7369804173815089,0.46645422826060784,ok,True,True,extraction,
csi300,3094,2026-03-02,2582,3093,512,-1.231062168640111,linear,52,0,52,52,0,52,0.1,0.1015625,0.1015625,0.6431460810121584,6.431460810121584e-07,mle,0.7369804173815089,0.46645422826060784,ok,True,True,extraction,
csi300,3095,2026-03-03,2583,3094,512,-1.231062168640111,linear,52,0,52,52,0,52,0.1,0.1015625,0.1015625,0.6384872558804782,6.384872558804781e-07,mle,0.7369804173815089,0.46645422826060784,ok,True,True,extraction,
csi300,3096,2026-03-04,2584,3095,512,-1.238438254730037,linear,52,0,52,52,0,52,0.1,0.1015625,0.1015625,0.6448103637519635,6.448103637519635e-07,mle,0.7055770095844986,0.5039366422977467,ok,True,True,extraction,
csi300,3097,2026-03-05,2585,3096,512,-1.238438254730037,linear,52,0,52,52,0,52,0.1,0.1015625,0.1015625,0.6464785796609533,6.464785796609533e-07,mle,0.7055770095844986,0.5039366422977467,ok,True,True,extraction,
csi300,3098,2026-03-06,2586,3097,512,-1.238438254730037,linear,52,0,52,52,0,52,0.1,0.1015625,0.1015625,0.6392593366877333,6.392593366877332e-07,mle,0.7055770095844986,0.5039366422977467,ok,True,True,extraction,
csi300,3099,2026-03-09,2587,3098,512,-1.238438254730037,linear,52,0,52,52,0,52,0.1,0.1015625,0.1015625,0.6392593366877333,6.392593366877332e-07,mle,0.7055770095844986,0.5039366422977467,ok,True,True,extraction,
csi300,3100,2026-03-10,2588,3099,512,-1.238438254730037,linear,52,0,52,52,0,52,0.1,0.1015625,0.1015625,0.6392593366877333,6.392593366877332e-07,mle,0.7055770095844986,0.5039366422977467,ok,True,True,extraction,
csi300,3101,2026-03-11,2589,3100,512,-1.238438254730037,linear,52,0,52,52,0,52,0.1,0.1015625,0.1015625,0.6359190606965284,6.359190606965283e-07,mle,0.7055770095844986,0.5039366422977467,ok,True,True,extraction,
csi300,3102,2026-03-12,2590,3101,512,-1.238438254730037,linear,52,0,52,52,0,52,0.1,0.1015625,0.1015625,0.6392593366877333,6.392593366877332e-07,mle,0.7055770095844986,0.5039366422977467,ok,True,True,extraction,
csi300,3103,2026-03-13,2591,3102,512,-1.231062168640111,linear,52,0,52,52,0,52,0.1,0.1015625,0.1015625,0.6392593366877333,6.392593366877332e-07,mle,0.6826437906820346,0.5223236855670199,ok,True,True,extraction,
csi300,3104,2026-03-16,2592,3103,512,-1.231062168640111,linear,52,0,52,52,0,52,0.1,0.1015625,0.1015625,0.6359190606965284,6.359190606965283e-07,mle,0.6826437906820346,0.5223236855670199,ok,True,True,extraction,
csi300,3105,2026-03-17,2593,3104,512,-1.2201364088677091,linear,52,0,52,52,0,52,0.1,0.1015625,0.1015625,0.6331523990343092,6.331523990343091e-07,mle,0.6889216872393389,0.5210537737747738,ok,True,True,extraction,
csi300,3106,2026-03-18,2594,3105,512,-1.2201364088677091,linear,52,0,52,52,0,52,0.1,0.1015625,0.1015625,0.6320029446899512,6.320029446899511e-07,mle,0.6889216872393389,0.5210537737747738,ok,True,True,extraction,
csi300,3107,2026-03-19,2595,3106,512,-1.2210045172398942,linear,52,0,52,52,0,52,0.1,0.1015625,0.1015625,0.6320029446899512,6.320029446899511e-07,mle,0.6923247205615255,0.5183749717454105,ok,True,True,extraction,
csi300,3108,2026-03-20,2596,3107,512,-1.2210045172398942,linear,52,0,52,52,0,52,0.1,0.1015625,0.1015625,0.6320029446899512,6.320029446899511e-07,mle,0.6923247205615255,0.5183749717454105,ok,True,True,extraction,
csi300,3109,2026-03-23,2597,3108,512,-1.231062168640111,linear,52,0,52,52,0,52,0.1,0.1015625,0.1015625,0.6331523990343092,6.331523990343091e-07,mle,0.6612008140204952,0.5445232998011846,ok,True,True,extraction,
csi300,3110,2026-03-24,2598,3109,512,-1.231062168640111,linear,52,0,52,52,0,52,0.1,0.1015625,0.1015625,0.6359190606965284,6.359190606965283e-07,mle,0.6612008140204952,0.5445232998011846,ok,True,True,extraction,
csi300,3111,2026-03-25,2599,3110,512,-1.231062168640111,linear,52,0,52,52,0,52,0.1,0.1015625,0.1015625,0.6359190606965284,6.359190606965283e-07,mle,0.6612008140204952,0.5445232998011846,ok,True,True,extraction,
csi300,3112,2026-03-26,2600,3111,512,-1.231062168640111,linear,52,0,52,52,0,52,0.1,0.1015625,0.1015625,0.6392593366877333,6.392593366877332e-07,mle,0.6612008140204952,0.5445232998011846,ok,True,True,extraction,
csi300,3113,2026-03-27,2601,3112,512,-1.238438254730037,linear,52,0,52,52,0,52,0.1,0.1015625,0.1015625,0.6392593366877333,6.392593366877332e-07,mle,0.61923705803778,0.5849318179627565,ok,True,True,extraction,
csi300,3114,2026-03-30,2602,3113,512,-1.238438254730037,linear,52,0,52,52,0,52,0.1,0.1015625,0.1015625,0.6392593366877333,6.392593366877332e-07,mle,0.61923705803778,0.5849318179627565,ok,True,True,extraction,
csi300,3115,2026-03-31,2603,3114,512,-1.238438254730037,linear,52,0,52,52,0,52,0.1,0.1015625,0.1015625,0.6392593366877333,6.392593366877332e-07,mle,0.61923705803778,0.5849318179627565,ok,True,True,extraction,
csi300,3116,2026-04-01,2604,3115,512,-1.238438254730037,linear,52,0,52,52,0,52,0.1,0.1015625,0.1015625,0.6408939630768755,6.408939630768755e-07,mle,0.61923705803778,0.5849318179627565,ok,True,True,extraction,
csi300,3117,2026-04-02,2605,3116,512,-1.238438254730037,linear,52,0,52,52,0,52,0.1,0.1015625,0.1015625,0.6408939630768755,6.408939630768755e-07,mle,0.61923705803778,0.5849318179627565,ok,True,True,extraction,
csi300,3118,2026-04-06,2606,3117,512,-1.238438254730037,linear,52,0,52,52,0,52,0.1,0.1015625,0.1015625,0.6392593366877333,6.392593366877332e-07,mle,0.61923705803778,0.5849318179627565,ok,True,True,extraction,
csi300,3119,2026-04-07,2607,3118,512,-1.238438254730037,linear,52,0,52,52,0,52,0.1,0.1015625,0.1015625,0.6408939630768755,6.408939630768755e-07,mle,0.61923705803778,0.5849318179627565,ok,True,True,extraction,
csi300,3120,2026-04-08,2608,3119,512,-1.238438254730037,linear,52,0,52,52,0,52,0.1,0.1015625,0.1015625,0.6408939630768755,6.408939630768755e-07,mle,0.61923705803778,0.5849318179627565,ok,True,True,extraction,
csi300,3121,2026-04-09,2609,3120,512,-1.238438254730037,linear,52,0,52,52,0,52,0.1,0.1015625,0.1015625,0.6408939630768755,6.408939630768755e-07,mle,0.61923705803778,0.5849318179627565,ok,True,True,extraction,
csi300,3122,2026-04-10,2610,3121,512,-1.231062168640111,linear,52,0,52,52,0,52,0.1,0.1015625,0.1015625,0.6392593366877333,6.392593366877332e-07,mle,0.6412355527720974,0.5698591937141921,ok,True,True,extraction,
csi300,3123,2026-04-13,2611,3122,512,-1.231062168640111,linear,52,0,52,52,0,52,0.1,0.1015625,0.1015625,0.6408939630768755,6.408939630768755e-07,mle,0.6412355527720974,0.5698591937141921,ok,True,True,extraction,
csi300,3124,2026-04-14,2612,3123,512,-1.231062168640111,linear,52,0,52,52,0,52,0.1,0.1015625,0.1015625,0.6440688931389977,6.440688931389977e-07,mle,0.6412355527720974,0.5698591937141921,ok,True,True,extraction,
csi300,3125,2026-04-15,2613,3124,512,-1.231062168640111,linear,52,0,52,52,0,52,0.1,0.1015625,0.1015625,0.6440688931389977,6.440688931389977e-07,mle,0.6412355527720974,0.5698591937141921,ok,True,True,extraction,
csi300,3126,2026-04-16,2614,3125,512,-1.231062168640111,linear,52,0,52,52,0,52,0.1,0.1015625,0.1015625,0.6487733942997107,6.487733942997106e-07,mle,0.6412355527720974,0.5698591937141921,ok,True,True,extraction,
csi300,3127,2026-04-17,2615,3126,512,-1.231062168640111,linear,52,0,52,52,0,52,0.1,0.1015625,0.1015625,0.6440688931389977,6.440688931389977e-07,mle,0.6412355527720974,0.5698591937141921,ok,True,True,extraction,
csi300,3128,2026-04-20,2616,3127,512,-1.231062168640111,linear,52,0,52,52,0,52,0.1,0.1015625,0.1015625,0.6487733942997107,6.487733942997106e-07,mle,0.6412355527720974,0.5698591937141921,ok,True,True,extraction,
csi300,3129,2026-04-21,2617,3128,512,-1.231062168640111,linear,52,0,52,52,0,52,0.1,0.1015625,0.1015625,0.6487733942997107,6.487733942997106e-07,mle,0.6412355527720974,0.5698591937141921,ok,True,True,extraction,
csi300,3130,2026-04-22,2618,3129,512,-1.231062168640111,linear,52,0,52,52,0,52,0.1,0.1015625,0.1015625,0.6505812514472891,6.50581251447289e-07,mle,0.6412355527720974,0.5698591937141921,ok,True,True,extraction,
csi300,3131,2026-04-23,2619,3130,512,-1.231062168640111,linear,52,0,52,52,0,52,0.1,0.1015625,0.1015625,0.651609450046848,6.516094500468479e-07,mle,0.6412355527720974,0.5698591937141921,ok,True,True,extraction,
csi300,3132,2026-04-24,2620,3131,512,-1.231062168640111,linear,52,0,52,52,0,52,0.1,0.1015625,0.1015625,0.6505812514472891,6.50581251447289e-07,mle,0.6412355527720974,0.5698591937141921,ok,True,True,extraction,
csi300,3133,2026-04-27,2621,3132,512,-1.231062168640111,linear,52,0,52,52,0,52,0.1,0.1015625,0.1015625,0.6505812514472891,6.50581251447289e-07,mle,0.6412355527720974,0.5698591937141921,ok,True,True,extraction,
csi300,3134,2026-04-28,2622,3133,512,-1.2210045172398942,linear,52,0,52,52,0,52,0.1,0.1015625,0.1015625,0.6487733942997107,6.487733942997106e-07,mle,0.664017685811795,0.5540579844480567,ok,True,True,extraction,
csi300,3135,2026-04-29,2623,3134,512,-1.2210045172398942,linear,52,0,52,52,0,52,0.1,0.1015625,0.1015625,0.6487733942997107,6.487733942997106e-07,mle,0.664017685811795,0.5540579844480567,ok,True,True,extraction,
csi300,3136,2026-04-30,2624,3135,512,-1.1989109026872973,linear,52,0,52,52,0,52,0.1,0.1015625,0.1015625,0.6440688931389977,6.440688931389977e-07,mle,0.6271824072360064,0.5896489734351282,ok,True,True,extraction,
csi300,3137,2026-05-01,2625,3136,512,-1.1989109026872973,linear,52,0,52,52,0,52,0.1,0.1015625,0.1015625,0.6440688931389977,6.440688931389977e-07,mle,0.6271824072360064,0.5896489734351282,ok,True,True,extraction,
csi300,3138,2026-05-04,2626,3137,512,-1.1989109026872973,linear,52,0,52,52,0,52,0.1,0.1015625,0.1015625,0.6408939630768755,6.408939630768755e-07,mle,0.6271824072360064,0.5896489734351282,ok,True,True,extraction,
csi300,3139,2026-05-05,2627,3138,512,-1.1989109026872973,linear,52,0,52,52,0,52,0.1,0.1015625,0.1015625,0.6408939630768755,6.408939630768755e-07,mle,0.6271824072360064,0.5896489734351282,ok,True,True,extraction,
csi300,3140,2026-05-06,2628,3139,512,-1.1989109026872973,linear,52,0,52,52,0,52,0.1,0.1015625,0.1015625,0.6440688931389977,6.440688931389977e-07,mle,0.6271824072360064,0.5896489734351282,ok,True,True,extraction,
csi300,3141,2026-05-07,2629,3140,512,-1.1989109026872973,linear,52,0,52,52,0,52,0.1,0.1015625,0.1015625,0.6487733942997107,6.487733942997106e-07,mle,0.6271824072360064,0.5896489734351282,ok,True,True,extraction,
csi300,3142,2026-05-08,2630,3141,512,-1.2210045172398942,linear,52,0,52,52,0,52,0.1,0.1015625,0.1015625,0.6505812514472891,6.50581251447289e-07,mle,0.6986872855764343,0.5293816216087515,ok,True,True,extraction,
csi300,3143,2026-05-11,2631,3142,512,-1.2210045172398942,linear,52,0,52,52,0,52,0.1,0.1015625,0.1015625,0.6471912119209777,6.471912119209777e-07,mle,0.6986872855764343,0.5293816216087515,ok,True,True,extraction,
csi300,3144,2026-05-12,2632,3143,512,-1.2210045172398942,linear,52,0,52,52,0,52,0.1,0.1015625,0.1015625,0.6578085268344412,6.578085268344413e-07,mle,0.6986872855764343,0.5293816216087515,ok,True,True,extraction,
csi300,3145,2026-05-13,2633,3144,512,-1.2210045172398942,linear,52,0,52,52,0,52,0.1,0.1015625,0.1015625,0.6500463158674015,6.500463158674014e-07,mle,0.6986872855764343,0.5293816216087515,ok,True,True,extraction,
csi300,3146,2026-05-14,2634,3145,512,-1.2210045172398942,linear,52,0,52,52,0,52,0.1,0.1015625,0.1015625,0.6500463158674015,6.500463158674014e-07,mle,0.6986872855764343,0.5293816216087515,ok,True,True,extraction,
csi300,3147,2026-05-15,2635,3146,512,-1.231062168640111,linear,52,0,52,52,0,52,0.1,0.1015625,0.1015625,0.6505812514472891,6.50581251447289e-07,mle,0.6645742194714643,0.5563209646016885,ok,True,True,extraction,
csi300,3148,2026-05-18,2636,3147,512,-1.238438254730037,linear,52,0,52,52,0,52,0.1,0.1015625,0.1015625,0.6505812514472891,6.50581251447289e-07,mle,0.6259920298923771,0.586220125873155,ok,True,True,extraction,
csi300,3149,2026-05-19,2637,3148,512,-1.238438254730037,linear,52,0,52,52,0,52,0.1,0.1015625,0.1015625,0.6505812514472891,6.50581251447289e-07,mle,0.6259920298923771,0.586220125873155,ok,True,True,extraction,
csi300,3150,2026-05-20,2638,3149,512,-1.238438254730037,linear,52,0,52,52,0,52,0.1,0.1015625,0.1015625,0.6487733942997107,6.487733942997106e-07,mle,0.6259920298923771,0.586220125873155,ok,True,True,extraction,
csi300,3151,2026-05-21,2639,3150,512,-1.238438254730037,linear,52,0,52,52,0,52,0.1,0.1015625,0.1015625,0.6505812514472891,6.50581251447289e-07,mle,0.6259920298923771,0.586220125873155,ok,True,True,extraction,
csi300,3152,2026-05-22,2640,3151,512,-1.238438254730037,linear,52,0,52,52,0,52,0.1,0.1015625,0.1015625,0.651609450046848,6.516094500468479e-07,mle,0.6259920298923771,0.586220125873155,ok,True,True,extraction,
csi300,3153,2026-05-26,2641,3152,512,-1.238438254730037,linear,52,0,52,52,0,52,0.1,0.1015625,0.1015625,0.651609450046848,6.516094500468479e-07,mle,0.6259920298923771,0.586220125873155,ok,True,True,extraction,
csi300,3154,2026-05-27,2642,3153,512,-1.238438254730037,linear,52,0,52,52,0,52,0.1,0.1015625,0.1015625,0.651609450046848,6.516094500468479e-07,mle,0.6259920298923771,0.586220125873155,ok,True,True,extraction,
csi300,3155,2026-05-28,2643,3154,512,-1.238438254730037,linear,52,0,52,52,0,52,0.1,0.1015625,0.1015625,0.6505812514472891,6.50581251447289e-07,mle,0.6259920298923771,0.586220125873155,ok,True,True,extraction,
csi300,3156,2026-05-29,2644,3155,512,-1.238438254730037,linear,52,0,52,52,0,52,0.1,0.1015625,0.1015625,0.6505812514472891,6.50581251447289e-07,mle,0.6259920298923771,0.586220125873155,ok,True,True,extraction,
csi300,3157,2026-06-01,2645,3156,512,-1.238438254730037,linear,52,0,52,52,0,52,0.1,0.1015625,0.1015625,0.6500463158674015,6.500463158674014e-07,mle,0.6259920298923771,0.586220125873155,ok,True,True,extraction,
csi300,3158,2026-06-02,2646,3157,512,-1.2489330249530142,linear,52,0,52,52,0,52,0.1,0.1015625,0.1015625,0.6531647117085855,6.531647117085855e-07,mle,0.6396116039591595,0.5717300365121991,ok,True,True,extraction,
csi300,3159,2026-06-03,2647,3158,512,-1.2489330249530142,linear,52,0,52,52,0,52,0.1,0.1015625,0.1015625,0.6614373856545037,6.614373856545036e-07,mle,0.6396116039591595,0.5717300365121991,ok,True,True,extraction,
csi300,3160,2026-06-04,2648,3159,512,-1.2489330249530142,linear,52,0,52,52,0,52,0.1,0.1015625,0.1015625,0.6595038392584406,6.595038392584406e-07,mle,0.6396116039591595,0.5717300365121991,ok,True,True,extraction,
csi300,3161,2026-06-05,2649,3160,512,-1.2489330249530142,linear,52,0,52,52,0,52,0.1,0.1015625,0.1015625,0.651609450046848,6.516094500468479e-07,mle,0.6396116039591595,0.5717300365121991,ok,True,True,extraction,
csi300,3162,2026-06-08,2650,3161,512,-1.2501876900982956,linear,52,0,52,52,0,52,0.1,0.1015625,0.1015625,0.651609450046848,6.516094500468479e-07,mle,0.5787482689434188,0.6396659526676887,ok,True,True,extraction,
csi300,3163,2026-06-09,2651,3162,512,-1.2501876900982956,linear,52,0,52,52,0,52,0.1,0.1015625,0.1015625,0.6532312872827881,6.532312872827881e-07,mle,0.5787482689434188,0.6396659526676887,ok,True,True,extraction,
csi300,3164,2026-06-10,2652,3163,512,-1.2501876900982956,linear,52,0,52,52,0,52,0.1,0.1015625,0.1015625,0.6572211684120142,6.572211684120141e-07,mle,0.5787482689434188,0.6396659526676887,ok,True,True,extraction,
csi300,3165,2026-06-11,2653,3164,512,-1.2489330249530142,linear,52,0,52,52,0,52,0.1,0.1015625,0.1015625,0.6572211684120142,6.572211684120141e-07,mle,0.6355416923984794,0.5908468062970809,ok,True,True,extraction,
csi300,3166,2026-06-12,2654,3165,512,-1.2489330249530142,linear,52,0,52,52,0,52,0.1,0.1015625,0.1015625,0.664394407996151,6.64394407996151e-07,mle,0.6355416923984794,0.5908468062970809,ok,True,True,extraction,
csi300,3167,2026-06-15,2655,3166,512,-1.2489330249530142,linear,52,0,52,52,0,52,0.1,0.1015625,0.1015625,0.6646726940451355,6.646726940451354e-07,mle,0.6355416923984794,0.5908468062970809,ok,True,True,extraction,
csi300,3168,2026-06-16,2656,3167,512,-1.2489330249530142,linear,52,0,52,52,0,52,0.1,0.1015625,0.1015625,0.6717114090957063,6.717114090957062e-07,mle,0.6355416923984794,0.5908468062970809,ok,True,True,extraction,
csi300,3169,2026-06-17,2657,3168,512,-1.2489330249530142,linear,52,0,52,52,0,52,0.1,0.1015625,0.1015625,0.6655148250677002,6.655148250677002e-07,mle,0.6355416923984794,0.5908468062970809,ok,True,True,extraction,
csi300,3170,2026-06-18,2658,3169,512,-1.2489330249530142,linear,52,0,52,52,0,52,0.1,0.1015625,0.1015625,0.6646726940451355,6.646726940451354e-07,mle,0.6355416923984794,0.5908468062970809,ok,True,True,extraction,
csi300,3171,2026-06-22,2659,3170,512,-1.2489330249530142,linear,52,0,52,52,0,52,0.1,0.1015625,0.1015625,0.6655148250677002,6.655148250677002e-07,mle,0.6355416923984794,0.5908468062970809,ok,True,True,extraction,
csi300,3172,2026-06-23,2660,3171,512,-1.2489330249530142,linear,52,0,52,52,0,52,0.1,0.1015625,0.1015625,0.6655148250677002,6.655148250677002e-07,mle,0.6355416923984794,0.5908468062970809,ok,True,True,extraction,
csi300,3173,2026-06-24,2661,3172,512,-1.2501876900982956,linear,52,0,52,52,0,52,0.1,0.1015625,0.1015625,0.6655148250677002,6.655148250677002e-07,mle,0.5733505690009013,0.6642753385934754,ok,True,True,extraction,
csi300,3174,2026-06-25,2662,3173,512,-1.2501876900982956,linear,52,0,52,52,0,52,0.1,0.1015625,0.1015625,0.6655148250677002,6.655148250677002e-07,mle,0.5733505690009013,0.6642753385934754,ok,True,True,extraction,
csi300,3175,2026-06-26,2663,3174,512,-1.2501876900982956,linear,52,0,52,52,0,52,0.1,0.1015625,0.1015625,0.6717114090957063,6.717114090957062e-07,mle,0.5733505690009013,0.6642753385934754,ok,True,True,extraction,
csi300,3176,2026-06-29,2664,3175,512,-1.257112977796822,linear,52,0,52,52,0,52,0.1,0.1015625,0.1015625,0.6667967619671203,6.667967619671203e-07,mle,0.5278124024941597,0.7107795532371408,ok,True,True,extraction,
csi300,3177,2026-06-30,2665,3176,512,-1.257112977796822,linear,52,0,52,52,0,52,0.1,0.1015625,0.1015625,0.6740889087907107,6.740889087907107e-07,mle,0.5278124024941597,0.7107795532371408,ok,True,True,extraction,
csi300,3178,2026-07-01,2666,3177,512,-1.257112977796822,linear,52,0,52,52,0,52,0.1,0.1015625,0.1015625,0.6765437847757277,6.765437847757277e-07,mle,0.5278124024941597,0.7107795532371408,ok,True,True,extraction,
csi300,3179,2026-07-02,2667,3178,512,-1.257112977796822,linear,52,0,52,52,0,52,0.1,0.1015625,0.1015625,0.6765437847757277,6.765437847757277e-07,mle,0.5278124024941597,0.7107795532371408,ok,True,True,extraction,
