asset,t,date,ctx_start,ctx_end,W,u,quantile_method,n_lt_u,n_eq_u,n_le_u,n_raw_exc,tie_count,n_kept,tau_nominal,tau_strict,tau_fit,scale_ref,beta_floor,fit_branch,xi,beta,status,var_defined,es_defined,layer,exclusion_reason
dgs5,4002,2016-01-04,3490,4001,512,-5.999999999999983,linear,48,6,54,48,16,32,0.1,0.09375,0.0625,3.0000000000000027,3.0000000000000026e-06,mle,-0.4302775244023409,4.3359962772409215,ok,True,True,extraction,
dgs5,4003,2016-01-05,3491,4002,512,-5.999999999999983,linear,48,6,54,48,16,32,0.1,0.09375,0.0625,3.0000000000000027,3.0000000000000026e-06,mle,-0.4302775244023409,4.3359962772409215,ok,True,True,extraction,
dgs5,4004,2016-01-06,3492,4003,512,-5.999999999999983,linear,48,6,54,48,16,32,0.1,0.09375,0.0625,3.0000000000000027,3.0000000000000026e-06,mle,-0.4302775244023409,4.3359962772409215,ok,True,True,extraction,
dgs5,4005,2016-01-07,3493,4004,512,-5.999999999999983,linear,49,6,55,49,16,33,0.1,0.095703125,0.064453125,3.0000000000000027,3.0000000000000026e-06,mle,-0.4211601578333645,4.260216978771046,ok,True,True,extraction,
dgs5,4006,2016-01-08,3494,4005,512,-5.999999999999983,linear,49,6,55,49,16,33,0.1,0.095703125,0.064453125,3.0000000000000027,3.0000000000000026e-06,mle,-0.4211601578333645,4.260216978771046,ok,True,True,extraction,
dgs5,4007,2016-01-11,3495,4006,512,-5.999999999999983,linear,49,6,55,49,16,33,0.1,0.095703125,0.064453125,3.0000000000000027,3.0000000000000026e-06,mle,-0.4211601578333645,4.260216978771046,ok,True,True,extraction,
dgs5,4008,2016-01-12,3496,4007,512,-5.999999999999983,linear,49,6,55,49,16,33,0.1,0.095703125,0.064453125,3.0000000000000027,3.0000000000000026e-06,mle,-0.4211601578333645,4.260216978771046,ok,True,True,extraction,
dgs5,4009,2016-01-13,3497,4008,512,-5.999999999999983,linear,49,6,55,49,16,33,0.1,0.095703125,0.064453125,3.0000000000000027,3.0000000000000026e-06,mle,-0.4211601578333645,4.260216978771046,ok,True,True,extraction,
dgs5,4010,2016-01-14,3498,4009,512,-5.999999999999983,linear,49,6,55,49,16,33,0.1,0.095703125,0.064453125,3.0000000000000027,3.0000000000000026e-06,mle,-0.4211601578333645,4.260216978771046,ok,True,True,extraction,
dgs5,4011,2016-01-15,3499,4010,512,-5.999999999999983,linear,49,6,55,49,16,33,0.1,0.095703125,0.064453125,3.0000000000000027,3.0000000000000026e-06,mle,-0.4211601578333645,4.260216978771046,ok,True,True,extraction,
dgs5,4012,2016-01-19,3500,4011,512,-5.999999999999983,linear,50,6,56,50,17,33,0.1,0.09765625,0.064453125,3.0000000000000027,3.0000000000000026e-06,mle,-0.4211601578333645,4.260216978771046,ok,True,True,extraction,
dgs5,4013,2016-01-20,3501,4012,512,-5.999999999999983,linear,50,6,56,50,17,33,0.1,0.09765625,0.064453125,3.0000000000000027,3.0000000000000026e-06,mle,-0.4211601578333645,4.260216978771046,ok,True,True,extraction,
dgs5,4014,2016-01-21,3502,4013,512,-5.999999999999983,linear,50,6,56,50,17,33,0.1,0.09765625,0.064453125,3.0000000000000027,3.0000000000000026e-06,mle,-0.4211601578333645,4.260216978771046,ok,True,True,extraction,
dgs5,4015,2016-01-22,3503,4014,512,-5.999999999999983,linear,50,6,56,50,17,33,0.1,0.09765625,0.064453125,3.0000000000000027,3.0000000000000026e-06,mle,-0.4211601578333645,4.260216978771046,ok,True,True,extraction,
dgs5,4016,2016-01-25,3504,4015,512,-5.999999999999983,linear,50,6,56,50,17,33,0.1,0.09765625,0.064453125,3.0000000000000027,3.0000000000000026e-06,mle,-0.4211601578333645,4.260216978771046,ok,True,True,extraction,
dgs5,4017,2016-01-26,3505,4016,512,-5.999999999999983,linear,50,6,56,50,17,33,0.1,0.09765625,0.064453125,3.0000000000000027,3.0000000000000026e-06,mle,-0.4211601578333645,4.260216978771046,ok,True,True,extraction,
dgs5,4018,2016-01-27,3506,4017,512,-5.999999999999983,linear,50,6,56,50,17,33,0.1,0.09765625,0.064453125,3.0000000000000027,3.0000000000000026e-06,mle,-0.4211601578333645,4.260216978771046,ok,True,True,extraction,
dgs5,4019,2016-01-28,3507,4018,512,-5.999999999999983,linear,50,6,56,50,17,33,0.1,0.09765625,0.064453125,3.0000000000000027,3.0000000000000026e-06,mle,-0.4211601578333645,4.260216978771046,ok,True,True,extraction,
dgs5,4020,2016-01-29,3508,4019,512,-5.999999999999983,linear,49,6,55,49,17,32,0.1,0.095703125,0.0625,3.0000000000000027,3.0000000000000026e-06,mle,-0.40049378537570496,4.1250450330959705,ok,True,True,extraction,
dgs5,4021,2016-02-01,3509,4020,512,-5.999999999999983,linear,50,6,56,50,17,33,0.1,0.09765625,0.064453125,3.0000000000000027,3.0000000000000026e-06,mle,-0.38378432458556316,4.0008504941593515,ok,True,True,extraction,
dgs5,4022,2016-02-02,3510,4021,512,-5.999999999999983,linear,50,6,56,50,17,33,0.1,0.09765625,0.064453125,3.0000000000000027,3.0000000000000026e-06,mle,-0.38378432458556316,4.0008504941593515,ok,True,True,extraction,
dgs5,4023,2016-02-03,3511,4022,512,-5.999999999999983,linear,51,6,57,51,17,34,0.1,0.099609375,0.06640625,3.0000000000000027,3.0000000000000026e-06,mle,-0.39503174857497,4.0648104399519065,ok,True,True,extraction,
dgs5,4024,2016-02-04,3512,4023,512,-5.999999999999983,linear,51,6,57,51,17,34,0.1,0.099609375,0.06640625,3.0000000000000027,3.0000000000000026e-06,mle,-0.39503174857497,4.0648104399519065,ok,True,True,extraction,
dgs5,4025,2016-02-05,3513,4024,512,-5.999999999999983,linear,51,6,57,51,17,34,0.1,0.099609375,0.06640625,3.0000000000000027,3.0000000000000026e-06,mle,-0.39503174857497,4.0648104399519065,ok,True,True,extraction,
dgs5,4026,2016-02-08,3514,4025,512,-5.999999999999983,linear,51,6,57,51,17,34,0.1,0.099609375,0.06640625,3.0000000000000027,3.0000000000000026e-06,mle,-0.39503174857497,4.0648104399519065,ok,True,True,extraction,
dgs5,4027,2016-02-09,3515,4026,512,-6.000000000000003,linear,52,0,52,52,17,35,0.1,0.1015625,0.068359375,3.0000000000000027,3.0000000000000026e-06,mle,-0.39634270666732574,4.061171676025931,ok,True,True,extraction,
dgs5,4028,2016-02-10,3516,4027,512,-5.999999999999983,linear,51,6,57,51,17,34,0.1,0.099609375,0.06640625,3.0000000000000027,3.0000000000000026e-06,mle,-0.38572464366645487,4.000133137060409,ok,True,True,extraction,
dgs5,4029,2016-02-11,3517,4028,512,-5.999999999999983,linear,51,6,57,51,17,34,0.1,0.099609375,0.06640625,3.0000000000000027,3.0000000000000026e-06,mle,-0.38572464366645487,4.000133137060409,ok,True,True,extraction,
dgs5,4030,2016-02-12,3518,4029,512,-5.999999999999983,linear,51,6,57,51,17,34,0.1,0.099609375,0.06640625,3.0000000000000027,3.0000000000000026e-06,mle,-0.38572464366645487,4.000133137060409,ok,True,True,extraction,
dgs5,4031,2016-02-16,3519,4030,512,-5.999999999999983,linear,51,6,57,51,17,34,0.1,0.099609375,0.06640625,3.0000000000000027,3.0000000000000026e-06,mle,-0.38572464366645487,4.000133137060409,ok,True,True,extraction,
dgs5,4032,2016-02-17,3520,4031,512,-5.999999999999983,linear,50,6,56,50,17,33,0.1,0.09765625,0.064453125,3.0000000000000027,3.0000000000000026e-06,mle,-0.4016098432721658,4.119040799607307,ok,True,True,extraction,
dgs5,4033,2016-02-18,3521,4032,512,-5.999999999999983,linear,50,6,56,50,17,33,0.1,0.09765625,0.064453125,3.0000000000000027,3.0000000000000026e-06,mle,-0.4016098432721658,4.119040799607307,ok,True,True,extraction,
dgs5,4034,2016-02-19,3522,4033,512,-5.999999999999983,linear,49,6,55,49,16,33,0.1,0.095703125,0.064453125,3.0000000000000027,3.0000000000000026e-06,mle,-0.4016098432721658,4.119040799607307,ok,True,True,extraction,
dgs5,4035,2016-02-22,3523,4034,512,-5.999999999999983,linear,49,6,55,49,16,33,0.1,0.095703125,0.064453125,3.0000000000000027,3.0000000000000026e-06,mle,-0.4016098432721658,4.119040799607307,ok,True,True,extraction,
dgs5,4036,2016-02-23,3524,4035,512,-5.999999999999983,linear,49,6,55,49,16,33,0.1,0.095703125,0.064453125,3.0000000000000027,3.0000000000000026e-06,mle,-0.4016098432721658,4.119040799607307,ok,True,True,extraction,
dgs5,4037,2016-02-24,3525,4036,512,-5.999999999999983,linear,49,6,55,49,16,33,0.1,0.095703125,0.064453125,3.0000000000000027,3.0000000000000026e-06,mle,-0.4016098432721658,4.119040799607307,ok,True,True,extraction,
dgs5,4038,2016-02-25,3526,4037,512,-5.999999999999983,linear,49,6,55,49,16,33,0.1,0.095703125,0.064453125,3.0000000000000027,3.0000000000000026e-06,mle,-0.4016098432721658,4.119040799607307,ok,True,True,extraction,
dgs5,4039,2016-02-26,3527,4038,512,-5.999999999999983,linear,49,6,55,49,16,33,0.1,0.095703125,0.064453125,3.0000000000000027,3.0000000000000026e-06,mle,-0.4016098432721658,4.119040799607307,ok,True,True,extraction,
dgs5,4040,2016-02-29,3528,4039,512,-5.999999999999983,linear,49,6,55,49,16,33,0.1,0.095703125,0.064453125,3.0000000000000027,3.0000000000000026e-06,mle,-0.4016098432721658,4.119040799607307,ok,True,True,extraction,
dgs5,4041,2016-03-01,3529,4040,512,-5.999999999999983,linear,49,6,55,49,16,33,0.1,0.095703125,0.064453125,3.0000000000000027,3.0000000000000026e-06,mle,-0.4016098432721658,4.119040799607307,ok,True,True,extraction,
dgs5,4042,2016-03-02,3530,4041,512,-5.999999999999983,linear,49,6,55,49,16,33,0.1,0.095703125,0.064453125,3.0000000000000027,3.0000000000000026e-06,mle,-0.4016098432721658,4.119040799607307,ok,True,True,extraction,
dgs5,4043,2016-03-03,3531,4042,512,-5.999999999999983,linear,48,6,54,48,16,32,0.1,0.09375,0.0625,3.0000000000000027,3.0000000000000026e-06,mle,-0.4098840101348773,4.188684672113956,ok,True,True,extraction,
dgs5,4044,2016-03-04,3532,4043,512,-5.999999999999983,linear,48,6,54,48,16,32,0.1,0.09375,0.0625,3.0000000000000027,3.0000000000000026e-06,mle,-0.4098840101348773,4.188684672113956,ok,True,True,extraction,
dgs5,4045,2016-03-07,3533,4044,512,-5.999999999999983,linear,48,6,54,48,16,32,0.1,0.09375,0.0625,3.0000000000000027,3.0000000000000026e-06,mle,-0.4098840101348773,4.188684672113956,ok,True,True,extraction,
dgs5,4046,2016-03-08,3534,4045,512,-5.999999999999983,linear,48,6,54,48,16,32,0.1,0.09375,0.0625,3.0000000000000027,3.0000000000000026e-06,mle,-0.4098840101348773,4.188684672113956,ok,True,True,extraction,
dgs5,4047,2016-03-09,3535,4046,512,-5.999999999999983,linear,49,6,55,49,16,33,0.1,0.095703125,0.064453125,3.0000000000000027,3.0000000000000026e-06,mle,-0.4016098432721658,4.119040799607307,ok,True,True,extraction,
dgs5,4048,2016-03-10,3536,4047,512,-5.999999999999983,linear,49,6,55,49,16,33,0.1,0.095703125,0.064453125,3.0000000000000027,3.0000000000000026e-06,mle,-0.4016098432721658,4.119040799607307,ok,True,True,extraction,
dgs5,4049,2016-03-11,3537,4048,512,-5.999999999999983,linear,49,6,55,49,16,33,0.1,0.095703125,0.064453125,3.0000000000000027,3.0000000000000026e-06,mle,-0.4016098432721658,4.119040799607307,ok,True,True,extraction,
dgs5,4050,2016-03-14,3538,4049,512,-5.999999999999983,linear,49,6,55,49,16,33,0.1,0.095703125,0.064453125,3.0000000000000027,3.0000000000000026e-06,mle,-0.4016098432721658,4.119040799607307,ok,True,True,extraction,
dgs5,4051,2016-03-15,3539,4050,512,-5.999999999999983,linear,49,6,55,49,16,33,0.1,0.095703125,0.064453125,3.0000000000000027,3.0000000000000026e-06,mle,-0.4016098432721658,4.119040799607307,ok,True,True,extraction,
dgs5,4052,2016-03-16,3540,4051,512,-5.999999999999983,linear,49,6,55,49,16,33,0.1,0.095703125,0.064453125,3.0000000000000027,3.0000000000000026e-06,mle,-0.4016098432721658,4.119040799607307,ok,True,True,extraction,
dgs5,4053,2016-03-17,3541,4052,512,-5.999999999999983,linear,50,6,56,50,16,34,0.1,0.09765625,0.06640625,3.0000000000000027,3.0000000000000026e-06,mle,-0.40262500807306156,4.113138394109551,ok,True,True,extraction,
dgs5,4054,2016-03-18,3542,4053,512,-5.999999999999983,linear,50,6,56,50,16,34,0.1,0.09765625,0.06640625,3.0000000000000027,3.0000000000000026e-06,mle,-0.40262500807306156,4.113138394109551,ok,True,True,extraction,
dgs5,4055,2016-03-21,3543,4054,512,-5.999999999999983,linear,50,6,56,50,16,34,0.1,0.09765625,0.06640625,3.0000000000000027,3.0000000000000026e-06,mle,-0.40262500807306156,4.113138394109551,ok,True,True,extraction,
dgs5,4056,2016-03-22,3544,4055,512,-5.999999999999983,linear,50,6,56,50,16,34,0.1,0.09765625,0.06640625,3.0000000000000027,3.0000000000000026e-06,mle,-0.40262500807306156,4.113138394109551,ok,True,True,extraction,
dgs5,4057,2016-03-23,3545,4056,512,-5.999999999999983,linear,50,6,56,50,16,34,0.1,0.09765625,0.06640625,3.0000000000000027,3.0000000000000026e-06,mle,-0.40262500807306156,4.113138394109551,ok,True,True,extraction,
dgs5,4058,2016-03-24,3546,4057,512,-5.999999999999983,linear,50,6,56,50,16,34,0.1,0.09765625,0.06640625,3.0000000000000027,3.0000000000000026e-06,mle,-0.40262500807306156,4.113138394109551,ok,True,True,extraction,
dgs5,4059,2016-03-28,3547,4058,512,-5.999999999999983,linear,50,6,56,50,16,34,0.1,0.09765625,0.06640625,3.0000000000000027,3.0000000000000026e-06,mle,-0.40262500807306156,4.113138394109551,ok,True,True,extraction,
dgs5,4060,2016-03-29,3548,4059,512,-5.999999999999983,linear,50,6,56,50,16,34,0.1,0.09765625,0.06640625,3.0000000000000027,3.0000000000000026e-06,mle,-0.40262500807306156,4.113138394109551,ok,True,True,extraction,
dgs5,4061,2016-03-30,3549,4060,512,-5.999999999999983,linear,51,6,57,51,16,35,0.1,0.099609375,0.068359375,3.0000000000000027,3.0000000000000026e-06,mle,-0.39532830377729755,4.051009481799875,ok,True,True,extraction,
dgs5,4062,2016-03-31,3550,4061,512,-5.999999999999983,linear,50,6,56,50,15,35,0.1,0.09765625,0.068359375,3.0000000000000027,3.0000000000000026e-06,mle,-0.39532830377729755,4.051009481799875,ok,True,True,extraction,
dgs5,4063,2016-04-01,3551,4062,512,-5.999999999999983,linear,50,6,56,50,15,35,0.1,0.09765625,0.068359375,3.0000000000000027,3.0000000000000026e-06,mle,-0.39532830377729755,4.051009481799875,ok,True,True,extraction,
dgs5,4064,2016-04-04,3552,4063,512,-5.999999999999983,linear,50,6,56,50,15,35,0.1,0.09765625,0.068359375,3.0000000000000027,3.0000000000000026e-06,mle,-0.39532830377729755,4.051009481799875,ok,True,True,extraction,
dgs5,4065,2016-04-05,3553,4064,512,-5.999999999999983,linear,50,6,56,50,15,35,0.1,0.09765625,0.068359375,3.0000000000000027,3.0000000000000026e-06,mle,-0.39532830377729755,4.051009481799875,ok,True,True,extraction,
dgs5,4066,2016-04-06,3554,4065,512,-5.999999999999983,linear,50,6,56,50,15,35,0.1,0.09765625,0.068359375,3.0000000000000027,3.0000000000000026e-06,mle,-0.39532830377729755,4.051009481799875,ok,True,True,extraction,
dgs5,4067,2016-04-07,3555,4066,512,-5.999999999999983,linear,50,6,56,50,15,35,0.1,0.09765625,0.068359375,3.0000000000000027,3.0000000000000026e-06,mle,-0.39532830377729755,4.051009481799875,ok,True,True,extraction,
dgs5,4068,2016-04-08,3556,4067,512,-5.999999999999983,linear,51,6,57,51,16,35,0.1,0.099609375,0.068359375,3.0000000000000027,3.0000000000000026e-06,mle,-0.39532830377729755,4.051009481799875,ok,True,True,extraction,
dgs5,4069,2016-04-11,3557,4068,512,-5.999999999999983,linear,51,6,57,51,16,35,0.1,0.099609375,0.068359375,3.0000000000000027,3.0000000000000026e-06,mle,-0.39532830377729755,4.051009481799875,ok,True,True,extraction,
dgs5,4070,2016-04-12,3558,4069,512,-5.999999999999983,linear,51,6,57,51,16,35,0.1,0.099609375,0.068359375,3.0000000000000027,3.0000000000000026e-06,mle,-0.39532830377729755,4.051009481799875,ok,True,True,extraction,
dgs5,4071,2016-04-13,3559,4070,512,-5.999999999999983,linear,50,6,56,50,15,35,0.1,0.09765625,0.068359375,3.0000000000000027,3.0000000000000026e-06,mle,-0.39532830377729755,4.051009481799875,ok,True,True,extraction,
dgs5,4072,2016-04-14,3560,4071,512,-5.999999999999983,linear,50,6,56,50,15,35,0.1,0.09765625,0.068359375,3.0000000000000027,3.0000000000000026e-06,mle,-0.39532830377729755,4.051009481799875,ok,True,True,extraction,
dgs5,4073,2016-04-15,3561,4072,512,-5.999999999999983,linear,50,6,56,50,15,35,0.1,0.09765625,0.068359375,3.0000000000000027,3.0000000000000026e-06,mle,-0.39532830377729755,4.051009481799875,ok,True,True,extraction,
dgs5,4074,2016-04-18,3562,4073,512,-5.999999999999983,linear,50,6,56,50,15,35,0.1,0.09765625,0.068359375,3.0000000000000027,3.0000000000000026e-06,mle,-0.39532830377729755,4.051009481799875,ok,True,True,extraction,
dgs5,4075,2016-04-19,3563,4074,512,-5.999999999999983,linear,50,6,56,50,15,35,0.1,0.09765625,0.068359375,3.0000000000000027,3.0000000000000026e-06,mle,-0.39532830377729755,4.051009481799875,ok,True,True,extraction,
dgs5,4076,2016-04-20,3564,4075,512,-5.999999999999983,linear,50,6,56,50,15,35,0.1,0.09765625,0.068359375,3.0000000000000027,3.0000000000000026e-06,mle,-0.39532830377729755,4.051009481799875,ok,True,True,extraction,
dgs5,4077,2016-04-21,3565,4076,512,-5.999999999999983,linear,50,6,56,50,15,35,0.1,0.09765625,0.068359375,3.0000000000000027,3.0000000000000026e-06,mle,-0.39532830377729755,4.051009481799875,ok,True,True,extraction,
dgs5,4078,2016-04-22,3566,4077,512,-5.999999999999983,linear,49,6,55,49,15,34,0.1,0.095703125,0.06640625,3.0000000000000027,3.0000000000000026e-06,mle,-0.40262500807306156,4.113138394109551,ok,True,True,extraction,
dgs5,4079,2016-04-25,3567,4078,512,-5.999999999999983,linear,49,6,55,49,15,34,0.1,0.095703125,0.06640625,3.0000000000000027,3.0000000000000026e-06,mle,-0.40262500807306156,4.113138394109551,ok,True,True,extraction,
dgs5,4080,2016-04-26,3568,4079,512,-5.999999999999983,linear,49,6,55,49,15,34,0.1,0.095703125,0.06640625,3.0000000000000027,3.0000000000000026e-06,mle,-0.40262500807306156,4.113138394109551,ok,True,True,extraction,
dgs5,4081,2016-04-27,3569,4080,512,-5.999999999999983,linear,49,6,55,49,15,34,0.1,0.095703125,0.06640625,3.0000000000000027,3.0000000000000026e-06,mle,-0.40262500807306156,4.113138394109551,ok,True,True,extraction,
dgs5,4082,2016-04-28,3570,4081,512,-5.999999999999983,linear,50,5,55,50,15,35,0.1,0.09765625,0.068359375,3.0000000000000027,3.0000000000000026e-06,mle,-0.38748146482474793,3.9990283551462196,ok,True,True,extraction,
dgs5,4083,2016-04-29,3571,4082,512,-5.999999999999983,linear,50,5,55,50,15,35,0.1,0.09765625,0.068359375,3.0000000000000027,3.0000000000000026e-06,mle,-0.38748146482474793,3.9990283551462196,ok,True,True,extraction,
dgs5,4084,2016-05-02,3572,4083,512,-5.999999999999983,linear,50,5,55,50,15,35,0.1,0.09765625,0.068359375,3.0000000000000027,3.0000000000000026e-06,mle,-0.38748146482474793,3.9990283551462196,ok,True,True,extraction,
dgs5,4085,2016-05-03,3573,4084,512,-5.999999999999983,linear,50,5,55,50,15,35,0.1,0.09765625,0.068359375,3.0000000000000027,3.0000000000000026e-06,mle,-0.38748146482474793,3.9990283551462196,ok,True,True,extraction,
dgs5,4086,2016-05-04,3574,4085,512,-5.999999999999983,linear,51,5,56,51,15,36,0.1,0.099609375,0.0703125,3.0000000000000027,3.0000000000000026e-06,mle,-0.3731809908482396,3.8920895687882258,ok,True,True,extraction,
dgs5,4087,2016-05-05,3575,4086,512,-5.999999999999983,linear,51,5,56,51,15,36,0.1,0.099609375,0.0703125,3.0000000000000027,3.0000000000000026e-06,mle,-0.3731809908482396,3.8920895687882258,ok,True,True,extraction,
dgs5,4088,2016-05-06,3576,4087,512,-5.999999999999983,linear,51,5,56,51,15,36,0.1,0.099609375,0.0703125,3.0000000000000027,3.0000000000000026e-06,mle,-0.3731809908482396,3.8920895687882258,ok,True,True,extraction,
dgs5,4089,2016-05-09,3577,4088,512,-5.999999999999983,linear,51,5,56,51,15,36,0.1,0.099609375,0.0703125,3.0000000000000027,3.0000000000000026e-06,mle,-0.3731809908482396,3.8920895687882258,ok,True,True,extraction,
dgs5,4090,2016-05-10,3578,4089,512,-5.999999999999983,linear,51,5,56,51,15,36,0.1,0.099609375,0.0703125,3.0000000000000027,3.0000000000000026e-06,mle,-0.3731809908482396,3.8920895687882258,ok,True,True,extraction,
dgs5,4091,2016-05-11,3579,4090,512,-5.999999999999983,linear,51,5,56,51,15,36,0.1,0.099609375,0.0703125,3.0000000000000027,3.0000000000000026e-06,mle,-0.3731809908482396,3.8920895687882258,ok,True,True,extraction,
dgs5,4092,2016-05-12,3580,4091,512,-5.999999999999983,linear,51,5,56,51,15,36,0.1,0.099609375,0.0703125,3.0000000000000027,3.0000000000000026e-06,mle,-0.3731809908482396,3.8920895687882258,ok,True,True,extraction,
dgs5,4093,2016-05-13,3581,4092,512,-5.999999999999983,linear,51,5,56,51,15,36,0.1,0.099609375,0.0703125,3.0000000000000027,3.0000000000000026e-06,mle,-0.3731809908482396,3.8920895687882258,ok,True,True,extraction,
dgs5,4094,2016-05-16,3582,4093,512,-5.999999999999983,linear,51,5,56,51,15,36,0.1,0.099609375,0.0703125,3.0000000000000027,3.0000000000000026e-06,mle,-0.3731809908482396,3.8920895687882258,ok,True,True,extraction,
dgs5,4095,2016-05-17,3583,4094,512,-5.999999999999983,linear,51,5,56,51,15,36,0.1,0.099609375,0.0703125,3.0000000000000027,3.0000000000000026e-06,mle,-0.3731809908482396,3.8920895687882258,ok,True,True,extraction,
dgs5,4096,2016-05-18,3584,4095,512,-5.999999999999983,linear,51,5,56,51,15,36,0.1,0.099609375,0.0703125,3.0000000000000027,3.0000000000000026e-06,mle,-0.3731809908482396,3.8920895687882258,ok,True,True,extraction,
dgs5,4097,2016-05-19,3585,4096,512,-5.999999999999983,linear,51,5,56,51,15,36,0.1,0.099609375,0.0703125,3.0000000000000027,3.0000000000000026e-06,mle,-0.3731809908482396,3.8920895687882258,ok,True,True,extraction,
dgs5,4098,2016-05-20,3586,4097,512,-5.999999999999983,linear,51,5,56,51,15,36,0.1,0.099609375,0.0703125,3.0000000000000027,3.0000000000000026e-06,mle,-0.3731809908482396,3.8920895687882258,ok,True,True,extraction,
dgs5,4099,2016-05-23,3587,4098,512,-5.999999999999983,linear,51,5,56,51,15,36,0.1,0.099609375,0.0703125,3.0000000000000027,3.0000000000000026e-06,mle,-0.3731809908482396,3.8920895687882258,ok,True,True,extraction,
dgs5,4100,2016-05-24,3588,4099,512,-5.999999999999983,linear,51,5,56,51,15,36,0.1,0.099609375,0.0703125,3.0000000000000027,3.0000000000000026e-06,mle,-0.3731809908482396,3.8920895687882258,ok,True,True,extraction,
dgs5,4101,2016-05-25,3589,4100,512,-5.999999999999983,linear,51,5,56,51,15,36,0.1,0.099609375,0.0703125,3.0000000000000027,3.0000000000000026e-06,mle,-0.3731809908482396,3.8920895687882258,ok,True,True,extraction,
dgs5,4102,2016-05-26,3590,4101,512,-5.999999999999983,linear,51,5,56,51,15,36,0.1,0.099609375,0.0703125,3.0000000000000027,3.0000000000000026e-06,mle,-0.3731809908482396,3.8920895687882258,ok,True,True,extraction,
dgs5,4103,2016-05-27,3591,4102,512,-5.999999999999983,linear,51,5,56,51,15,36,0.1,0.099609375,0.0703125,3.0000000000000027,3.0000000000000026e-06,mle,-0.3731809908482396,3.8920895687882258,ok,True,True,extraction,
dgs5,4104,2016-05-31,3592,4103,512,-5.999999999999983,linear,51,5,56,51,15,36,0.1,0.099609375,0.0703125,3.0000000000000027,3.0000000000000026e-06,mle,-0.3731809908482396,3.8920895687882258,ok,True,True,extraction,
dgs5,4105,2016-06-01,3593,4104,512,-5.999999999999983,linear,51,5,56,51,15,36,0.1,0.099609375,0.0703125,3.0000000000000027,3.0000000000000026e-06,mle,-0.3731809908482396,3.8920895687882258,ok,True,True,extraction,
dgs5,4106,2016-06-02,3594,4105,512,-5.999999999999983,linear,51,5,56,51,15,36,0.1,0.099609375,0.0703125,3.0000000000000027,3.0000000000000026e-06,mle,-0.3731809908482396,3.8920895687882258,ok,True,True,extraction,
dgs5,4107,2016-06-03,3595,4106,512,-5.999999999999983,linear,51,5,56,51,15,36,0.1,0.099609375,0.0703125,3.0000000000000027,3.0000000000000026e-06,mle,-0.3731809908482396,3.8920895687882258,ok,True,True,extraction,
dgs5,4108,2016-06-06,3596,4107,512,-6.000000000000003,linear,52,0,52,52,15,37,0.1,0.1015625,0.072265625,3.0000000000000027,3.0000000000000026e-06,mle,-0.408346127427435,4.162117953907061,ok,True,True,extraction,
dgs5,4109,2016-06-07,3597,4108,512,-6.000000000000003,linear,52,0,52,52,15,37,0.1,0.1015625,0.072265625,3.0000000000000027,3.0000000000000026e-06,mle,-0.408346127427435,4.162117953907061,ok,True,True,extraction,
dgs5,4110,2016-06-08,3598,4109,512,-6.000000000000003,linear,52,0,52,52,15,37,0.1,0.1015625,0.072265625,3.0000000000000027,3.0000000000000026e-06,mle,-0.408346127427435,4.162117953907061,ok,True,True,extraction,
dgs5,4111,2016-06-09,3599,4110,512,-6.000000000000003,linear,52,0,52,52,15,37,0.1,0.1015625,0.072265625,3.0000000000000027,3.0000000000000026e-06,mle,-0.408346127427435,4.162117953907061,ok,True,True,extraction,
dgs5,4112,2016-06-10,3600,4111,512,-6.000000000000003,linear,52,0,52,52,15,37,0.1,0.1015625,0.072265625,3.0000000000000027,3.0000000000000026e-06,mle,-0.408346127427435,4.162117953907061,ok,True,True,extraction,
dgs5,4113,2016-06-13,3601,4112,512,-6.000000000000003,linear,52,0,52,52,15,37,0.1,0.1015625,0.072265625,3.0000000000000027,3.0000000000000026e-06,mle,-0.408346127427435,4.162117953907061,ok,True,True,extraction,
dgs5,4114,2016-06-14,3602,4113,512,-5.999999999999983,linear,51,5,56,51,14,37,0.1,0.099609375,0.072265625,3.0000000000000027,3.0000000000000026e-06,mle,-0.408346127427435,4.162117953907061,ok,True,True,extraction,
dgs5,4115,2016-06-15,3603,4114,512,-5.999999999999983,linear,51,5,56,51,14,37,0.1,0.099609375,0.072265625,3.0000000000000027,3.0000000000000026e-06,mle,-0.408346127427435,4.162117953907061,ok,True,True,extraction,
dgs5,4116,2016-06-16,3604,4115,512,-5.999999999999983,linear,51,5,56,51,14,37,0.1,0.099609375,0.072265625,3.0000000000000027,3.0000000000000026e-06,mle,-0.408346127427435,4.162117953907061,ok,True,True,extraction,
dgs5,4117,2016-06-17,3605,4116,512,-5.999999999999983,linear,51,5,56,51,14,37,0.1,0.099609375,0.072265625,3.0000000000000027,3.0000000000000026e-06,mle,-0.408346127427435,4.162117953907061,ok,True,True,extraction,
dgs5,4118,2016-06-20,3606,4117,512,-5.999999999999983,linear,51,5,56,51,14,37,0.1,0.099609375,0.072265625,3.0000000000000027,3.0000000000000026e-06,mle,-0.408346127427435,4.162117953907061,ok,True,True,extraction,
dgs5,4119,2016-06-21,3607,4118,512,-5.999999999999983,linear,51,5,56,51,14,37,0.1,0.099609375,0.072265625,3.0000000000000027,3.0000000000000026e-06,mle,-0.408346127427435,4.162117953907061,ok,True,True,extraction,
dgs5,4120,2016-06-22,3608,4119,512,-5.999999999999983,linear,51,5,56,51,14,37,0.1,0.099609375,0.072265625,3.0000000000000027,3.0000000000000026e-06,mle,-0.408346127427435,4.162117953907061,ok,True,True,extraction,
dgs5,4121,2016-06-23,3609,4120,512,-5.999999999999983,linear,51,5,56,51,14,37,0.1,0.099609375,0.072265625,3.0000000000000027,3.0000000000000026e-06,mle,-0.408346127427435,4.162117953907061,ok,True,True,extraction,
dgs5,4122,2016-06-24,3610,4121,512,-5.999999999999983,linear,51,5,56,51,14,37,0.1,0.099609375,0.072265625,3.0000000000000027,3.0000000000000026e-06,mle,-0.408346127427435,4.162117953907061,ok,True,True,extraction,
dgs5,4123,2016-06-27,3611,4122,512,-6.000000000000003,linear,52,0,52,52,14,38,0.1,0.1015625,0.07421875,3.0000000000000027,3.0000000000000026e-06,mle,-0.29054519174201054,4.106479555129349,ok,True,True,extraction,
dgs5,4124,2016-06-28,3612,4123,512,-6.000000000000005,linear,39,14,53,39,0,39,0.1,0.076171875,0.076171875,3.0000000000000027,3.0000000000000026e-06,mle,-0.2847563900150427,4.047377913723581,ok,True,True,extraction,
dgs5,4125,2016-06-29,3613,4124,512,-6.000000000000005,linear,39,14,53,39,0,39,0.1,0.076171875,0.076171875,3.0000000000000027,3.0000000000000026e-06,mle,-0.2847563900150427,4.047377913723581,ok,True,True,extraction,
dgs5,4126,2016-06-30,3614,4125,512,-6.000000000000005,linear,39,14,53,39,0,39,0.1,0.076171875,0.076171875,3.0000000000000027,3.0000000000000026e-06,mle,-0.2847563900150427,4.047377913723581,ok,True,True,extraction,
dgs5,4127,2016-07-01,3615,4126,512,-6.000000000000005,linear,39,14,53,39,0,39,0.1,0.076171875,0.076171875,3.0000000000000027,3.0000000000000026e-06,mle,-0.2847563900150427,4.047377913723581,ok,True,True,extraction,
dgs5,4128,2016-07-05,3616,4127,512,-6.000000000000005,linear,39,14,53,39,0,39,0.1,0.076171875,0.076171875,3.0000000000000027,3.0000000000000026e-06,mle,-0.2847563900150427,4.047377913723581,ok,True,True,extraction,
dgs5,4129,2016-07-06,3617,4128,512,-6.000000000000005,linear,39,14,53,39,0,39,0.1,0.076171875,0.076171875,3.0000000000000027,3.0000000000000026e-06,mle,-0.2847563900150427,4.047377913723581,ok,True,True,extraction,
dgs5,4130,2016-07-07,3618,4129,512,-6.000000000000005,linear,39,14,53,39,0,39,0.1,0.076171875,0.076171875,3.0000000000000027,3.0000000000000026e-06,mle,-0.2847563900150427,4.047377913723581,ok,True,True,extraction,
dgs5,4131,2016-07-08,3619,4130,512,-6.000000000000005,linear,39,14,53,39,0,39,0.1,0.076171875,0.076171875,3.0000000000000027,3.0000000000000026e-06,mle,-0.2847563900150427,4.047377913723581,ok,True,True,extraction,
dgs5,4132,2016-07-11,3620,4131,512,-6.000000000000005,linear,39,14,53,39,0,39,0.1,0.076171875,0.076171875,3.0000000000000027,3.0000000000000026e-06,mle,-0.2847563900150427,4.047377913723581,ok,True,True,extraction,
dgs5,4133,2016-07-12,3621,4132,512,-6.000000000000005,linear,39,14,53,39,0,39,0.1,0.076171875,0.076171875,3.0000000000000027,3.0000000000000026e-06,mle,-0.2847563900150427,4.047377913723581,ok,True,True,extraction,
dgs5,4134,2016-07-13,3622,4133,512,-6.000000000000005,linear,39,14,53,39,0,39,0.1,0.076171875,0.076171875,3.0000000000000027,3.0000000000000026e-06,mle,-0.2847563900150427,4.047377913723581,ok,True,True,extraction,
dgs5,4135,2016-07-14,3623,4134,512,-6.000000000000005,linear,39,14,53,39,0,39,0.1,0.076171875,0.076171875,3.0000000000000027,3.0000000000000026e-06,mle,-0.2847563900150427,4.047377913723581,ok,True,True,extraction,
dgs5,4136,2016-07-15,3624,4135,512,-6.000000000000005,linear,39,14,53,39,0,39,0.1,0.076171875,0.076171875,3.0000000000000027,3.0000000000000026e-06,mle,-0.2847563900150427,4.047377913723581,ok,True,True,extraction,
dgs5,4137,2016-07-18,3625,4136,512,-6.000000000000005,linear,39,14,53,39,0,39,0.1,0.076171875,0.076171875,3.0000000000000027,3.0000000000000026e-06,mle,-0.2847563900150427,4.047377913723581,ok,True,True,extraction,
dgs5,4138,2016-07-19,3626,4137,512,-6.000000000000005,linear,39,14,53,39,0,39,0.1,0.076171875,0.076171875,3.0000000000000027,3.0000000000000026e-06,mle,-0.2847563900150427,4.047377913723581,ok,True,True,extraction,
dgs5,4139,2016-07-20,3627,4138,512,-6.000000000000005,linear,39,14,53,39,0,39,0.1,0.076171875,0.076171875,3.0000000000000027,3.0000000000000026e-06,mle,-0.2847563900150427,4.047377913723581,ok,True,True,extraction,
dgs5,4140,2016-07-21,3628,4139,512,-6.000000000000005,linear,39,14,53,39,0,39,0.1,0.076171875,0.076171875,3.0000000000000027,3.0000000000000026e-06,mle,-0.2847563900150427,4.047377913723581,ok,True,True,extraction,
dgs5,4141,2016-07-22,3629,4140,512,-6.000000000000005,linear,39,14,53,39,0,39,0.1,0.076171875,0.076171875,3.0000000000000027,3.0000000000000026e-06,mle,-0.2847563900150427,4.047377913723581,ok,True,True,extraction,
dgs5,4142,2016-07-25,3630,4141,512,-6.000000000000005,linear,39,14,53,39,0,39,0.1,0.076171875,0.076171875,3.0000000000000027,3.0000000000000026e-06,mle,-0.2847563900150427,4.047377913723581,ok,True,True,extraction,
dgs5,4143,2016-07-26,3631,4142,512,-6.000000000000005,linear,39,14,53,39,0,39,0.1,0.076171875,0.076171875,3.0000000000000027,3.0000000000000026e-06,mle,-0.2847563900150427,4.047377913723581,ok,True,True,extraction,
dgs5,4144,2016-07-27,3632,4143,512,-6.000000000000005,linear,39,14,53,39,0,39,0.1,0.076171875,0.076171875,3.0000000000000027,3.0000000000000026e-06,mle,-0.2847563900150427,4.047377913723581,ok,True,True,extraction,
dgs5,4145,2016-07-28,3633,4144,512,-6.000000000000005,linear,39,14,53,39,0,39,0.1,0.076171875,0.076171875,3.0000000000000027,3.0000000000000026e-06,mle,-0.2847563900150427,4.047377913723581,ok,True,True,extraction,
dgs5,4146,2016-07-29,3634,4145,512,-6.000000000000005,linear,39,14,53,39,0,39,0.1,0.076171875,0.076171875,3.0000000000000027,3.0000000000000026e-06,mle,-0.2847563900150427,4.047377913723581,ok,True,True,extraction,
dgs5,4147,2016-08-01,3635,4146,512,-6.000000000000005,linear,39,15,54,39,0,39,0.1,0.076171875,0.076171875,3.0000000000000027,3.0000000000000026e-06,mle,-0.2847563900150427,4.047377913723581,ok,True,True,extraction,
dgs5,4148,2016-08-02,3636,4147,512,-6.000000000000005,linear,39,15,54,39,0,39,0.1,0.076171875,0.076171875,3.0000000000000027,3.0000000000000026e-06,mle,-0.2847563900150427,4.047377913723581,ok,True,True,extraction,
dgs5,4149,2016-08-03,3637,4148,512,-6.000000000000005,linear,39,14,53,39,0,39,0.1,0.076171875,0.076171875,3.0000000000000027,3.0000000000000026e-06,mle,-0.2847563900150427,4.047377913723581,ok,True,True,extraction,
dgs5,4150,2016-08-04,3638,4149,512,-6.000000000000005,linear,39,14,53,39,0,39,0.1,0.076171875,0.076171875,3.0000000000000027,3.0000000000000026e-06,mle,-0.2847563900150427,4.047377913723581,ok,True,True,extraction,
dgs5,4151,2016-08-05,3639,4150,512,-6.000000000000005,linear,39,14,53,39,0,39,0.1,0.076171875,0.076171875,3.0000000000000027,3.0000000000000026e-06,mle,-0.2847563900150427,4.047377913723581,ok,True,True,extraction,
dgs5,4152,2016-08-08,3640,4151,512,-6.000000000000005,linear,39,14,53,39,0,39,0.1,0.076171875,0.076171875,3.0000000000000027,3.0000000000000026e-06,mle,-0.2847563900150427,4.047377913723581,ok,True,True,extraction,
dgs5,4153,2016-08-09,3641,4152,512,-6.000000000000005,linear,39,14,53,39,0,39,0.1,0.076171875,0.076171875,3.0000000000000027,3.0000000000000026e-06,mle,-0.2847563900150427,4.047377913723581,ok,True,True,extraction,
dgs5,4154,2016-08-10,3642,4153,512,-6.000000000000005,linear,39,14,53,39,0,39,0.1,0.076171875,0.076171875,3.0000000000000027,3.0000000000000026e-06,mle,-0.2847563900150427,4.047377913723581,ok,True,True,extraction,
dgs5,4155,2016-08-11,3643,4154,512,-6.000000000000005,linear,39,14,53,39,0,39,0.1,0.076171875,0.076171875,3.0000000000000027,3.0000000000000026e-06,mle,-0.2847563900150427,4.047377913723581,ok,True,True,extraction,
dgs5,4156,2016-08-12,3644,4155,512,-6.000000000000005,linear,39,14,53,39,0,39,0.1,0.076171875,0.076171875,3.0000000000000027,3.0000000000000026e-06,mle,-0.2847563900150427,4.047377913723581,ok,True,True,extraction,
dgs5,4157,2016-08-15,3645,4156,512,-6.000000000000005,linear,39,14,53,39,0,39,0.1,0.076171875,0.076171875,3.0000000000000027,3.0000000000000026e-06,mle,-0.2847563900150427,4.047377913723581,ok,True,True,extraction,
dgs5,4158,2016-08-16,3646,4157,512,-6.000000000000005,linear,39,14,53,39,0,39,0.1,0.076171875,0.076171875,3.0000000000000027,3.0000000000000026e-06,mle,-0.2847563900150427,4.047377913723581,ok,True,True,extraction,
dgs5,4159,2016-08-17,3647,4158,512,-6.000000000000005,linear,39,14,53,39,0,39,0.1,0.076171875,0.076171875,3.0000000000000027,3.0000000000000026e-06,mle,-0.2847563900150427,4.047377913723581,ok,True,True,extraction,
dgs5,4160,2016-08-18,3648,4159,512,-6.000000000000003,linear,52,0,52,52,14,38,0.1,0.1015625,0.07421875,3.0000000000000027,3.0000000000000026e-06,mle,-0.28280125110556287,4.0521366953719635,ok,True,True,extraction,
dgs5,4161,2016-08-19,3649,4160,512,-6.000000000000003,linear,52,0,52,52,14,38,0.1,0.1015625,0.07421875,3.0000000000000027,3.0000000000000026e-06,mle,-0.28280125110556287,4.0521366953719635,ok,True,True,extraction,
dgs5,4162,2016-08-22,3650,4161,512,-6.000000000000003,linear,52,0,52,52,14,38,0.1,0.1015625,0.07421875,3.0000000000000027,3.0000000000000026e-06,mle,-0.28280125110556287,4.0521366953719635,ok,True,True,extraction,
dgs5,4163,2016-08-23,3651,4162,512,-6.000000000000003,linear,52,0,52,52,14,38,0.1,0.1015625,0.07421875,3.0000000000000027,3.0000000000000026e-06,mle,-0.28280125110556287,4.0521366953719635,ok,True,True,extraction,
dgs5,4164,2016-08-24,3652,4163,512,-6.000000000000003,linear,52,0,52,52,14,38,0.1,0.1015625,0.07421875,3.0000000000000027,3.0000000000000026e-06,mle,-0.28280125110556287,4.0521366953719635,ok,True,True,extraction,
dgs5,4165,2016-08-25,3653,4164,512,-6.000000000000003,linear,52,0,52,52,14,38,0.1,0.1015625,0.07421875,3.0000000000000027,3.0000000000000026e-06,mle,-0.28280125110556287,4.0521366953719635,ok,True,True,extraction,
dgs5,4166,2016-08-26,3654,4165,512,-6.000000000000003,linear,52,0,52,52,14,38,0.1,0.1015625,0.07421875,3.0000000000000027,3.0000000000000026e-06,mle,-0.28280125110556287,4.0521366953719635,ok,True,True,extraction,
dgs5,4167,2016-08-29,3655,4166,512,-6.000000000000003,linear,52,0,52,52,14,38,0.1,0.1015625,0.07421875,3.0000000000000027,3.0000000000000026e-06,mle,-0.28280125110556287,4.0521366953719635,ok,True,True,extraction,
dgs5,4168,2016-08-30,3656,4167,512,-6.000000000000003,linear,52,0,52,52,14,38,0.1,0.1015625,0.07421875,3.0000000000000027,3.0000000000000026e-06,mle,-0.28280125110556287,4.0521366953719635,ok,True,True,extraction,
dgs5,4169,2016-08-31,3657,4168,512,-6.000000000000003,linear,52,0,52,52,14,38,0.1,0.1015625,0.07421875,3.0000000000000027,3.0000000000000026e-06,mle,-0.28280125110556287,4.0521366953719635,ok,True,True,extraction,
dgs5,4170,2016-09-01,3658,4169,512,-6.000000000000003,linear,52,0,52,52,14,38,0.1,0.1015625,0.07421875,3.0000000000000027,3.0000000000000026e-06,mle,-0.28280125110556287,4.0521366953719635,ok,True,True,extraction,
dgs5,4171,2016-09-02,3659,4170,512,-6.000000000000003,linear,52,0,52,52,14,38,0.1,0.1015625,0.07421875,3.0000000000000027,3.0000000000000026e-06,mle,-0.28280125110556287,4.0521366953719635,ok,True,True,extraction,
dgs5,4172,2016-09-06,3660,4171,512,-6.000000000000003,linear,52,0,52,52,14,38,0.1,0.1015625,0.07421875,3.0000000000000027,3.0000000000000026e-06,mle,-0.28280125110556287,4.0521366953719635,ok,True,True,extraction,
dgs5,4173,2016-09-07,3661,4172,512,-6.000000000000005,linear,39,14,53,39,0,39,0.1,0.076171875,0.076171875,3.0000000000000027,3.0000000000000026e-06,mle,-0.2694508327952396,3.943073504950474,ok,True,True,extraction,
dgs5,4174,2016-09-08,3662,4173,512,-6.000000000000005,linear,39,14,53,39,0,39,0.1,0.076171875,0.076171875,3.0000000000000027,3.0000000000000026e-06,mle,-0.2694508327952396,3.943073504950474,ok,True,True,extraction,
dgs5,4175,2016-09-09,3663,4174,512,-6.000000000000005,linear,39,14,53,39,0,39,0.1,0.076171875,0.076171875,3.0000000000000027,3.0000000000000026e-06,mle,-0.2694508327952396,3.943073504950474,ok,True,True,extraction,
dgs5,4176,2016-09-12,3664,4175,512,-6.000000000000005,linear,39,14,53,39,0,39,0.1,0.076171875,0.076171875,3.0000000000000027,3.0000000000000026e-06,mle,-0.2694508327952396,3.943073504950474,ok,True,True,extraction,
dgs5,4177,2016-09-13,3665,4176,512,-6.000000000000005,linear,39,14,53,39,0,39,0.1,0.076171875,0.076171875,3.0000000000000027,3.0000000000000026e-06,mle,-0.2694508327952396,3.943073504950474,ok,True,True,extraction,
dgs5,4178,2016-09-14,3666,4177,512,-6.000000000000005,linear,39,14,53,39,0,39,0.1,0.076171875,0.076171875,3.0000000000000027,3.0000000000000026e-06,mle,-0.2694508327952396,3.943073504950474,ok,True,True,extraction,
dgs5,4179,2016-09-15,3667,4178,512,-6.000000000000005,linear,39,14,53,39,0,39,0.1,0.076171875,0.076171875,3.0000000000000027,3.0000000000000026e-06,mle,-0.2694508327952396,3.943073504950474,ok,True,True,extraction,
dgs5,4180,2016-09-16,3668,4179,512,-6.000000000000005,linear,39,14,53,39,0,39,0.1,0.076171875,0.076171875,3.0000000000000027,3.0000000000000026e-06,mle,-0.2694508327952396,3.943073504950474,ok,True,True,extraction,
dgs5,4181,2016-09-19,3669,4180,512,-6.000000000000005,linear,39,14,53,39,0,39,0.1,0.076171875,0.076171875,3.0000000000000027,3.0000000000000026e-06,mle,-0.2694508327952396,3.943073504950474,ok,True,True,extraction,
dgs5,4182,2016-09-20,3670,4181,512,-6.000000000000005,linear,39,14,53,39,0,39,0.1,0.076171875,0.076171875,3.0000000000000027,3.0000000000000026e-06,mle,-0.2694508327952396,3.943073504950474,ok,True,True,extraction,
dgs5,4183,2016-09-21,3671,4182,512,-6.000000000000005,linear,39,14,53,39,0,39,0.1,0.076171875,0.076171875,3.0000000000000027,3.0000000000000026e-06,mle,-0.2694508327952396,3.943073504950474,ok,True,True,extraction,
dgs5,4184,2016-09-22,3672,4183,512,-6.000000000000005,linear,39,14,53,39,0,39,0.1,0.076171875,0.076171875,3.0000000000000027,3.0000000000000026e-06,mle,-0.2694508327952396,3.943073504950474,ok,True,True,extraction,
dgs5,4185,2016-09-23,3673,4184,512,-6.000000000000005,linear,39,14,53,39,0,39,0.1,0.076171875,0.076171875,3.0000000000000027,3.0000000000000026e-06,mle,-0.2694508327952396,3.943073504950474,ok,True,True,extraction,
dgs5,4186,2016-09-26,3674,4185,512,-6.000000000000005,linear,39,14,53,39,0,39,0.1,0.076171875,0.076171875,3.0000000000000027,3.0000000000000026e-06,mle,-0.2694508327952396,3.943073504950474,ok,True,True,extraction,
dgs5,4187,2016-09-27,3675,4186,512,-6.000000000000005,linear,39,14,53,39,0,39,0.1,0.076171875,0.076171875,3.0000000000000027,3.0000000000000026e-06,mle,-0.2694508327952396,3.943073504950474,ok,True,True,extraction,
dgs5,4188,2016-09-28,3676,4187,512,-6.000000000000005,linear,39,14,53,39,0,39,0.1,0.076171875,0.076171875,3.0000000000000027,3.0000000000000026e-06,mle,-0.2694508327952396,3.943073504950474,ok,True,True,extraction,
dgs5,4189,2016-09-29,3677,4188,512,-6.000000000000005,linear,39,14,53,39,0,39,0.1,0.076171875,0.076171875,3.0000000000000027,3.0000000000000026e-06,mle,-0.2694508327952396,3.943073504950474,ok,True,True,extraction,
dgs5,4190,2016-09-30,3678,4189,512,-6.000000000000005,linear,39,14,53,39,0,39,0.1,0.076171875,0.076171875,3.0000000000000027,3.0000000000000026e-06,mle,-0.2694508327952396,3.943073504950474,ok,True,True,extraction,
dgs5,4191,2016-10-03,3679,4190,512,-6.000000000000005,linear,39,14,53,39,0,39,0.1,0.076171875,0.076171875,3.0000000000000027,3.0000000000000026e-06,mle,-0.2694508327952396,3.943073504950474,ok,True,True,extraction,
dgs5,4192,2016-10-04,3680,4191,512,-6.000000000000005,linear,39,14,53,39,0,39,0.1,0.076171875,0.076171875,3.0000000000000027,3.0000000000000026e-06,mle,-0.2694508327952396,3.943073504950474,ok,True,True,extraction,
dgs5,4193,2016-10-05,3681,4192,512,-6.000000000000005,linear,39,14,53,39,0,39,0.1,0.076171875,0.076171875,3.0000000000000027,3.0000000000000026e-06,mle,-0.2694508327952396,3.943073504950474,ok,True,True,extraction,
dgs5,4194,2016-10-06,3682,4193,512,-6.000000000000005,linear,39,14,53,39,0,39,0.1,0.076171875,0.076171875,3.0000000000000027,3.0000000000000026e-06,mle,-0.2694508327952396,3.943073504950474,ok,True,True,extraction,
dgs5,4195,2016-10-07,3683,4194,512,-6.000000000000005,linear,39,14,53,39,0,39,0.1,0.076171875,0.076171875,3.0000000000000027,3.0000000000000026e-06,mle,-0.2694508327952396,3.943073504950474,ok,True,True,extraction,
dgs5,4196,2016-10-11,3684,4195,512,-6.000000000000005,linear,39,14,53,39,0,39,0.1,0.076171875,0.076171875,3.0000000000000027,3.0000000000000026e-06,mle,-0.2694508327952396,3.943073504950474,ok,True,True,extraction,
dgs5,4197,2016-10-12,3685,4196,512,-6.000000000000005,linear,39,14,53,39,0,39,0.1,0.076171875,0.076171875,3.0000000000000027,3.0000000000000026e-06,mle,-0.2694508327952396,3.943073504950474,ok,True,True,extraction,
dgs5,4198,2016-10-13,3686,4197,512,-6.000000000000003,linear,52,0,52,52,14,38,0.1,0.1015625,0.07421875,3.0000000000000027,3.0000000000000026e-06,mle,-0.28280125110556287,4.0521366953719635,ok,True,True,extraction,
dgs5,4199,2016-10-14,3687,4198,512,-6.000000000000003,linear,52,0,52,52,14,38,0.1,0.1015625,0.07421875,3.0000000000000027,3.0000000000000026e-06,mle,-0.28280125110556287,4.0521366953719635,ok,True,True,extraction,
dgs5,4200,2016-10-17,3688,4199,512,-6.000000000000003,linear,52,0,52,52,14,38,0.1,0.1015625,0.07421875,3.0000000000000027,3.0000000000000026e-06,mle,-0.28280125110556287,4.0521366953719635,ok,True,True,extraction,
dgs5,4201,2016-10-18,3689,4200,512,-6.000000000000003,linear,52,0,52,52,14,38,0.1,0.1015625,0.07421875,3.0000000000000027,3.0000000000000026e-06,mle,-0.28280125110556287,4.0521366953719635,ok,True,True,extraction,
dgs5,4202,2016-10-19,3690,4201,512,-5.999999999999983,linear,51,5,56,51,14,37,0.1,0.099609375,0.072265625,3.0000000000000027,3.0000000000000026e-06,mle,-0.28066547133772307,4.056689891297205,ok,True,True,extraction,
dgs5,4203,2016-10-20,3691,4202,512,-5.999999999999983,linear,51,5,56,51,14,37,0.1,0.099609375,0.072265625,3.0000000000000027,3.0000000000000026e-06,mle,-0.28066547133772307,4.056689891297205,ok,True,True,extraction,
dgs5,4204,2016-10-21,3692,4203,512,-5.999999999999983,linear,51,5,56,51,14,37,0.1,0.099609375,0.072265625,3.0000000000000027,3.0000000000000026e-06,mle,-0.28066547133772307,4.056689891297205,ok,True,True,extraction,
dgs5,4205,2016-10-24,3693,4204,512,-5.999999999999983,linear,51,5,56,51,14,37,0.1,0.099609375,0.072265625,3.0000000000000027,3.0000000000000026e-06,mle,-0.28066547133772307,4.056689891297205,ok,True,True,extraction,
dgs5,4206,2016-10-25,3694,4205,512,-5.999999999999983,linear,50,5,55,50,13,37,0.1,0.09765625,0.072265625,3.0000000000000027,3.0000000000000026e-06,mle,-0.28066547133772307,4.056689891297205,ok,True,True,extraction,
dgs5,4207,2016-10-26,3695,4206,512,-5.999999999999983,linear,49,5,54,49,13,36,0.1,0.095703125,0.0703125,3.0000000000000027,3.0000000000000026e-06,mle,-0.2954153662904336,4.177479765832905,ok,True,True,extraction,
dgs5,4208,2016-10-27,3696,4207,512,-5.999999999999983,linear,49,5,54,49,13,36,0.1,0.095703125,0.0703125,3.0000000000000027,3.0000000000000026e-06,mle,-0.2954153662904336,4.177479765832905,ok,True,True,extraction,
dgs5,4209,2016-10-28,3697,4208,512,-5.999999999999983,linear,49,5,54,49,13,36,0.1,0.095703125,0.0703125,3.0000000000000027,3.0000000000000026e-06,mle,-0.2954153662904336,4.177479765832905,ok,True,True,extraction,
dgs5,4210,2016-10-31,3698,4209,512,-5.999999999999983,linear,48,5,53,48,13,35,0.1,0.09375,0.068359375,3.0000000000000027,3.0000000000000026e-06,mle,-0.28529027448220357,4.124659808925227,ok,True,True,extraction,
dgs5,4211,2016-11-01,3699,4210,512,-5.8999999999999835,linear,52,0,52,52,0,52,0.1,0.1015625,0.1015625,3.0000000000000027,3.0000000000000026e-06,mle,0.2764951644333258,1.6714117203077687,ok,True,True,extraction,
dgs5,4212,2016-11-02,3700,4211,512,-5.8999999999999835,linear,52,0,52,52,0,52,0.1,0.1015625,0.1015625,3.0000000000000027,3.0000000000000026e-06,mle,0.2764951644333258,1.6714117203077687,ok,True,True,extraction,
dgs5,4213,2016-11-03,3701,4212,512,-5.8999999999999835,linear,52,0,52,52,0,52,0.1,0.1015625,0.1015625,3.0000000000000027,3.0000000000000026e-06,mle,0.2764951644333258,1.6714117203077687,ok,True,True,extraction,
dgs5,4214,2016-11-04,3702,4213,512,-5.8999999999999835,linear,52,0,52,52,0,52,0.1,0.1015625,0.1015625,3.0000000000000027,3.0000000000000026e-06,mle,0.2764951644333258,1.6714117203077687,ok,True,True,extraction,
dgs5,4215,2016-11-07,3703,4214,512,-5.8999999999999835,linear,52,0,52,52,0,52,0.1,0.1015625,0.1015625,3.0000000000000027,3.0000000000000026e-06,mle,0.2764951644333258,1.6714117203077687,ok,True,True,extraction,
dgs5,4216,2016-11-08,3704,4215,512,-5.8999999999999835,linear,52,0,52,52,0,52,0.1,0.1015625,0.1015625,3.0000000000000027,3.0000000000000026e-06,mle,0.2764951644333258,1.6714117203077687,ok,True,True,extraction,
dgs5,4217,2016-11-09,3705,4216,512,-5.8999999999999835,linear,52,0,52,52,0,52,0.1,0.1015625,0.1015625,3.0000000000000027,3.0000000000000026e-06,mle,0.2764951644333258,1.6714117203077687,ok,True,True,extraction,
dgs5,4218,2016-11-10,3706,4217,512,-5.8999999999999835,linear,52,0,52,52,0,52,0.1,0.1015625,0.1015625,3.0000000000000027,3.0000000000000026e-06,mle,0.2764951644333258,1.6714117203077687,ok,True,True,extraction,
dgs5,4219,2016-11-14,3707,4218,512,-5.8999999999999835,linear,52,0,52,52,0,52,0.1,0.1015625,0.1015625,3.0000000000000027,3.0000000000000026e-06,mle,0.2764951644333258,1.6714117203077687,ok,True,True,extraction,
dgs5,4220,2016-11-15,3708,4219,512,-5.8999999999999835,linear,52,0,52,52,0,52,0.1,0.1015625,0.1015625,3.0000000000000027,3.0000000000000026e-06,mle,0.2764951644333258,1.6714117203077687,ok,True,True,extraction,
dgs5,4221,2016-11-16,3709,4220,512,-5.8999999999999835,linear,52,0,52,52,0,52,0.1,0.1015625,0.1015625,3.0000000000000027,3.0000000000000026e-06,mle,0.2764951644333258,1.6714117203077687,ok,True,True,extraction,
dgs5,4222,2016-11-17,3710,4221,512,-5.8999999999999835,linear,52,0,52,52,0,52,0.1,0.1015625,0.1015625,3.0000000000000027,3.0000000000000026e-06,mle,0.2764951644333258,1.6714117203077687,ok,True,True,extraction,
dgs5,4223,2016-11-18,3711,4222,512,-5.8999999999999835,linear,52,0,52,52,0,52,0.1,0.1015625,0.1015625,3.0000000000000027,3.0000000000000026e-06,mle,0.2764951644333258,1.6714117203077687,ok,True,True,extraction,
dgs5,4224,2016-11-21,3712,4223,512,-5.8999999999999835,linear,52,0,52,52,0,52,0.1,0.1015625,0.1015625,3.0000000000000027,3.0000000000000026e-06,mle,0.2764951644333258,1.6714117203077687,ok,True,True,extraction,
dgs5,4225,2016-11-22,3713,4224,512,-5.8999999999999835,linear,52,0,52,52,0,52,0.1,0.1015625,0.1015625,3.0000000000000027,3.0000000000000026e-06,mle,0.2764951644333258,1.6714117203077687,ok,True,True,extraction,
dgs5,4226,2016-11-23,3714,4225,512,-5.8999999999999835,linear,52,0,52,52,0,52,0.1,0.1015625,0.1015625,3.0000000000000027,3.0000000000000026e-06,mle,0.2764951644333258,1.6714117203077687,ok,True,True,extraction,
dgs5,4227,2016-11-25,3715,4226,512,-5.8999999999999835,linear,52,0,52,52,0,52,0.1,0.1015625,0.1015625,3.0000000000000027,3.0000000000000026e-06,mle,0.2764951644333258,1.6714117203077687,ok,True,True,extraction,
dgs5,4228,2016-11-28,3716,4227,512,-5.000000000000004,linear,51,21,72,51,0,51,0.1,0.099609375,0.099609375,3.0000000000000027,3.0000000000000026e-06,mle,-0.22135162055531843,3.843645544290334,ok,True,True,extraction,
dgs5,4229,2016-11-29,3717,4228,512,-5.000000000000004,linear,51,21,72,51,0,51,0.1,0.099609375,0.099609375,3.0000000000000027,3.0000000000000026e-06,mle,-0.22135162055531843,3.843645544290334,ok,True,True,extraction,
dgs5,4230,2016-11-30,3718,4229,512,-5.000000000000004,linear,51,21,72,51,0,51,0.1,0.099609375,0.099609375,3.0000000000000027,3.0000000000000026e-06,mle,-0.22135162055531843,3.843645544290334,ok,True,True,extraction,
dgs5,4231,2016-12-01,3719,4230,512,-5.000000000000004,linear,51,21,72,51,0,51,0.1,0.099609375,0.099609375,3.0000000000000027,3.0000000000000026e-06,mle,-0.22135162055531843,3.843645544290334,ok,True,True,extraction,
dgs5,4232,2016-12-02,3720,4231,512,-5.000000000000004,linear,51,21,72,51,0,51,0.1,0.099609375,0.099609375,3.0000000000000027,3.0000000000000026e-06,mle,-0.22135162055531843,3.843645544290334,ok,True,True,extraction,
dgs5,4233,2016-12-05,3721,4232,512,-5.8999999999999835,linear,52,0,52,52,0,52,0.1,0.1015625,0.1015625,3.0000000000000027,3.0000000000000026e-06,mle,0.360728154826107,1.514685889126556,ok,True,True,extraction,
dgs5,4234,2016-12-06,3722,4233,512,-5.8999999999999835,linear,52,0,52,52,0,52,0.1,0.1015625,0.1015625,3.0000000000000027,3.0000000000000026e-06,mle,0.360728154826107,1.514685889126556,ok,True,True,extraction,
dgs5,4235,2016-12-07,3723,4234,512,-5.8999999999999835,linear,52,0,52,52,0,52,0.1,0.1015625,0.1015625,3.0000000000000027,3.0000000000000026e-06,mle,0.360728154826107,1.514685889126556,ok,True,True,extraction,
dgs5,4236,2016-12-08,3724,4235,512,-5.8999999999999835,linear,52,0,52,52,0,52,0.1,0.1015625,0.1015625,3.0000000000000027,3.0000000000000026e-06,mle,0.360728154826107,1.514685889126556,ok,True,True,extraction,
dgs5,4237,2016-12-09,3725,4236,512,-5.8999999999999835,linear,52,0,52,52,0,52,0.1,0.1015625,0.1015625,3.0000000000000027,3.0000000000000026e-06,mle,0.360728154826107,1.514685889126556,ok,True,True,extraction,
dgs5,4238,2016-12-12,3726,4237,512,-5.8999999999999835,linear,52,0,52,52,0,52,0.1,0.1015625,0.1015625,3.0000000000000027,3.0000000000000026e-06,mle,0.360728154826107,1.514685889126556,ok,True,True,extraction,
dgs5,4239,2016-12-13,3727,4238,512,-5.8999999999999835,linear,52,0,52,52,0,52,0.1,0.1015625,0.1015625,3.0000000000000027,3.0000000000000026e-06,mle,0.360728154826107,1.514685889126556,ok,True,True,extraction,
dgs5,4240,2016-12-14,3728,4239,512,-5.8999999999999835,linear,52,0,52,52,0,52,0.1,0.1015625,0.1015625,3.0000000000000027,3.0000000000000026e-06,mle,0.360728154826107,1.514685889126556,ok,True,True,extraction,
dgs5,4241,2016-12-15,3729,4240,512,-5.000000000000004,linear,51,21,72,51,0,51,0.1,0.099609375,0.099609375,3.0000000000000027,3.0000000000000026e-06,mle,-0.21469551853148608,3.8014057131763854,ok,True,True,extraction,
dgs5,4242,2016-12-16,3730,4241,512,-5.000000000000004,linear,51,21,72,51,0,51,0.1,0.099609375,0.099609375,3.0000000000000027,3.0000000000000026e-06,mle,-0.21469551853148608,3.8014057131763854,ok,True,True,extraction,
dgs5,4243,2016-12-19,3731,4242,512,-5.000000000000004,linear,51,21,72,51,0,51,0.1,0.099609375,0.099609375,3.0000000000000027,3.0000000000000026e-06,mle,-0.21469551853148608,3.8014057131763854,ok,True,True,extraction,
dgs5,4244,2016-12-20,3732,4243,512,-5.000000000000004,linear,51,21,72,51,0,51,0.1,0.099609375,0.099609375,3.0000000000000027,3.0000000000000026e-06,mle,-0.21469551853148608,3.8014057131763854,ok,True,True,extraction,
dgs5,4245,2016-12-21,3733,4244,512,-5.000000000000004,linear,51,21,72,51,0,51,0.1,0.099609375,0.099609375,3.0000000000000027,3.0000000000000026e-06,mle,-0.21469551853148608,3.8014057131763854,ok,True,True,extraction,
dgs5,4246,2016-12-22,3734,4245,512,-5.000000000000004,linear,51,21,72,51,0,51,0.1,0.099609375,0.099609375,3.0000000000000027,3.0000000000000026e-06,mle,-0.21469551853148608,3.8014057131763854,ok,True,True,extraction,
dgs5,4247,2016-12-23,3735,4246,512,-5.000000000000004,linear,51,21,72,51,0,51,0.1,0.099609375,0.099609375,3.0000000000000027,3.0000000000000026e-06,mle,-0.21469551853148608,3.8014057131763854,ok,True,True,extraction,
dgs5,4248,2016-12-27,3736,4247,512,-5.000000000000004,linear,51,21,72,51,0,51,0.1,0.099609375,0.099609375,3.0000000000000027,3.0000000000000026e-06,mle,-0.21469551853148608,3.8014057131763854,ok,True,True,extraction,
dgs5,4249,2016-12-28,3737,4248,512,-5.000000000000004,linear,51,21,72,51,0,51,0.1,0.099609375,0.099609375,3.0000000000000027,3.0000000000000026e-06,mle,-0.21469551853148608,3.8014057131763854,ok,True,True,extraction,
dgs5,4250,2016-12-29,3738,4249,512,-5.000000000000004,linear,51,21,72,51,0,51,0.1,0.099609375,0.099609375,3.0000000000000027,3.0000000000000026e-06,mle,-0.21469551853148608,3.8014057131763854,ok,True,True,extraction,
dgs5,4251,2016-12-30,3739,4250,512,-5.000000000000004,linear,51,21,72,51,0,51,0.1,0.099609375,0.099609375,3.0000000000000027,3.0000000000000026e-06,mle,-0.1950834912529869,3.673749947260587,ok,True,True,extraction,
dgs5,4252,2017-01-03,3740,4251,512,-5.000000000000004,linear,51,21,72,51,0,51,0.1,0.099609375,0.099609375,3.0000000000000027,3.0000000000000026e-06,mle,-0.1950834912529869,3.673749947260587,ok,True,True,extraction,
dgs5,4253,2017-01-04,3741,4252,512,-5.000000000000004,linear,51,20,71,51,0,51,0.1,0.099609375,0.099609375,3.0000000000000027,3.0000000000000026e-06,mle,-0.1950834912529869,3.673749947260587,ok,True,True,extraction,
dgs5,4254,2017-01-05,3742,4253,512,-5.000000000000004,linear,51,20,71,51,0,51,0.1,0.099609375,0.099609375,3.0000000000000027,3.0000000000000026e-06,mle,-0.1950834912529869,3.673749947260587,ok,True,True,extraction,
dgs5,4255,2017-01-06,3743,4254,512,-5.8999999999999835,linear,52,0,52,52,0,52,0.1,0.1015625,0.1015625,3.0000000000000027,3.0000000000000026e-06,mle,0.49731791837743267,1.2853481815533316,ok,True,True,extraction,
dgs5,4256,2017-01-09,3744,4255,512,-5.8999999999999835,linear,52,0,52,52,0,52,0.1,0.1015625,0.1015625,3.0000000000000027,3.0000000000000026e-06,mle,0.49731791837743267,1.2853481815533316,ok,True,True,extraction,
dgs5,4257,2017-01-10,3745,4256,512,-5.8999999999999835,linear,52,0,52,52,0,52,0.1,0.1015625,0.1015625,3.0000000000000027,3.0000000000000026e-06,mle,0.49731791837743267,1.2853481815533316,ok,True,True,extraction,
dgs5,4258,2017-01-11,3746,4257,512,-5.8999999999999835,linear,52,0,52,52,0,52,0.1,0.1015625,0.1015625,3.0000000000000027,3.0000000000000026e-06,mle,0.49731791837743267,1.2853481815533316,ok,True,True,extraction,
dgs5,4259,2017-01-12,3747,4258,512,-5.8999999999999835,linear,52,0,52,52,0,52,0.1,0.1015625,0.1015625,3.0000000000000027,3.0000000000000026e-06,mle,0.49731791837743267,1.2853481815533316,ok,True,True,extraction,
dgs5,4260,2017-01-13,3748,4259,512,-5.8999999999999835,linear,52,0,52,52,0,52,0.1,0.1015625,0.1015625,3.0000000000000027,3.0000000000000026e-06,mle,0.49731791837743267,1.2853481815533316,ok,True,True,extraction,
dgs5,4261,2017-01-17,3749,4260,512,-5.8999999999999835,linear,52,0,52,52,0,52,0.1,0.1015625,0.1015625,3.0000000000000027,3.0000000000000026e-06,mle,0.49731791837743267,1.2853481815533316,ok,True,True,extraction,
dgs5,4262,2017-01-18,3750,4261,512,-5.999999999999983,linear,46,7,53,46,14,32,0.1,0.08984375,0.0625,3.0000000000000027,3.0000000000000026e-06,mle,-0.3185358876381219,4.420213385868312,ok,True,True,extraction,
dgs5,4263,2017-01-19,3751,4262,512,-5.999999999999983,linear,46,7,53,46,14,32,0.1,0.08984375,0.0625,3.0000000000000027,3.0000000000000026e-06,mle,-0.3185358876381219,4.420213385868312,ok,True,True,extraction,
dgs5,4264,2017-01-20,3752,4263,512,-5.999999999999983,linear,46,7,53,46,14,32,0.1,0.08984375,0.0625,3.0000000000000027,3.0000000000000026e-06,mle,-0.3185358876381219,4.420213385868312,ok,True,True,extraction,
dgs5,4265,2017-01-23,3753,4264,512,-5.999999999999983,linear,46,7,53,46,14,32,0.1,0.08984375,0.0625,3.0000000000000027,3.0000000000000026e-06,mle,-0.3185358876381219,4.420213385868312,ok,True,True,extraction,
dgs5,4266,2017-01-24,3754,4265,512,-5.999999999999983,linear,46,7,53,46,14,32,0.1,0.08984375,0.0625,3.0000000000000027,3.0000000000000026e-06,mle,-0.3185358876381219,4.420213385868312,ok,True,True,extraction,
dgs5,4267,2017-01-25,3755,4266,512,-5.999999999999983,linear,46,7,53,46,14,32,0.1,0.08984375,0.0625,3.0000000000000027,3.0000000000000026e-06,mle,-0.3185358876381219,4.420213385868312,ok,True,True,extraction,
dgs5,4268,2017-01-26,3756,4267,512,-5.999999999999983,linear,46,7,53,46,14,32,0.1,0.08984375,0.0625,3.0000000000000027,3.0000000000000026e-06,mle,-0.3185358876381219,4.420213385868312,ok,True,True,extraction,
dgs5,4269,2017-01-27,3757,4268,512,-5.999999999999983,linear,46,7,53,46,14,32,0.1,0.08984375,0.0625,3.0000000000000027,3.0000000000000026e-06,mle,-0.3185358876381219,4.420213385868312,ok,True,True,extraction,
dgs5,4270,2017-01-30,3758,4269,512,-5.8999999999999835,linear,52,0,52,52,0,52,0.1,0.1015625,0.1015625,3.0000000000000027,3.0000000000000026e-06,mle,0.49731791837743267,1.2853481815533316,ok,True,True,extraction,
dgs5,4271,2017-01-31,3759,4270,512,-5.8999999999999835,linear,52,0,52,52,0,52,0.1,0.1015625,0.1015625,3.0000000000000027,3.0000000000000026e-06,mle,0.49731791837743267,1.2853481815533316,ok,True,True,extraction,
dgs5,4272,2017-02-01,3760,4271,512,-5.8999999999999835,linear,52,0,52,52,0,52,0.1,0.1015625,0.1015625,3.0000000000000027,3.0000000000000026e-06,mle,0.49731791837743267,1.2853481815533316,ok,True,True,extraction,
dgs5,4273,2017-02-02,3761,4272,512,-5.000000000000004,linear,51,19,70,51,0,51,0.1,0.099609375,0.099609375,3.0000000000000027,3.0000000000000026e-06,mle,-0.18046573155378576,3.558325273474935,ok,True,True,extraction,
dgs5,4274,2017-02-03,3762,4273,512,-5.000000000000004,linear,51,19,70,51,0,51,0.1,0.099609375,0.099609375,3.0000000000000027,3.0000000000000026e-06,mle,-0.18046573155378576,3.558325273474935,ok,True,True,extraction,
dgs5,4275,2017-02-06,3763,4274,512,-5.000000000000004,linear,51,19,70,51,0,51,0.1,0.099609375,0.099609375,3.0000000000000027,3.0000000000000026e-06,mle,-0.18046573155378576,3.558325273474935,ok,True,True,extraction,
dgs5,4276,2017-02-07,3764,4275,512,-5.8999999999999835,linear,52,0,52,52,0,52,0.1,0.1015625,0.1015625,3.0000000000000027,3.0000000000000026e-06,mle,0.5236804835637927,1.199090675401008,ok,True,True,extraction,
dgs5,4277,2017-02-08,3765,4276,512,-5.8999999999999835,linear,52,0,52,52,0,52,0.1,0.1015625,0.1015625,3.0000000000000027,3.0000000000000026e-06,mle,0.5236804835637927,1.199090675401008,ok,True,True,extraction,
dgs5,4278,2017-02-09,3766,4277,512,-5.000000000000004,linear,51,19,70,51,0,51,0.1,0.099609375,0.099609375,3.0000000000000027,3.0000000000000026e-06,mle,-0.1877304601576172,3.6017181998902,ok,True,True,extraction,
dgs5,4279,2017-02-10,3767,4278,512,-5.000000000000004,linear,51,19,70,51,0,51,0.1,0.099609375,0.099609375,3.0000000000000027,3.0000000000000026e-06,mle,-0.1877304601576172,3.6017181998902,ok,True,True,extraction,
dgs5,4280,2017-02-13,3768,4279,512,-5.000000000000004,linear,51,19,70,51,0,51,0.1,0.099609375,0.099609375,3.0000000000000027,3.0000000000000026e-06,mle,-0.1877304601576172,3.6017181998902,ok,True,True,extraction,
dgs5,4281,2017-02-14,3769,4280,512,-5.000000000000004,linear,50,19,69,50,0,50,0.1,0.09765625,0.09765625,3.0000000000000027,3.0000000000000026e-06,mle,-0.17708912209629252,3.5491340005170096,ok,True,True,extraction,
dgs5,4282,2017-02-15,3770,4281,512,-5.000000000000004,linear,50,19,69,50,0,50,0.1,0.09765625,0.09765625,3.0000000000000027,3.0000000000000026e-06,mle,-0.17708912209629252,3.5491340005170096,ok,True,True,extraction,
dgs5,4283,2017-02-16,3771,4282,512,-5.000000000000004,linear,49,19,68,49,0,49,0.1,0.095703125,0.095703125,3.0000000000000027,3.0000000000000026e-06,mle,-0.16051159318993038,3.4537994030723205,ok,True,True,extraction,
dgs5,4284,2017-02-17,3772,4283,512,-5.000000000000004,linear,50,19,69,50,0,50,0.1,0.09765625,0.09765625,3.0000000000000027,3.0000000000000026e-06,mle,-0.15099317264934714,3.380431552357093,ok,True,True,extraction,
dgs5,4285,2017-02-21,3773,4284,512,-5.000000000000004,linear,50,19,69,50,0,50,0.1,0.09765625,0.09765625,3.0000000000000027,3.0000000000000026e-06,mle,-0.15099317264934714,3.380431552357093,ok,True,True,extraction,
dgs5,4286,2017-02-22,3774,4285,512,-5.000000000000004,linear,50,19,69,50,0,50,0.1,0.09765625,0.09765625,3.0000000000000027,3.0000000000000026e-06,mle,-0.15099317264934714,3.380431552357093,ok,True,True,extraction,
dgs5,4287,2017-02-23,3775,4286,512,-5.000000000000004,linear,50,19,69,50,0,50,0.1,0.09765625,0.09765625,3.0000000000000027,3.0000000000000026e-06,mle,-0.15099317264934714,3.380431552357093,ok,True,True,extraction,
dgs5,4288,2017-02-24,3776,4287,512,-5.000000000000004,linear,50,19,69,50,0,50,0.1,0.09765625,0.09765625,3.0000000000000027,3.0000000000000026e-06,mle,-0.15099317264934714,3.380431552357093,ok,True,True,extraction,
dgs5,4289,2017-02-27,3777,4288,512,-5.000000000000004,linear,51,19,70,51,0,51,0.1,0.099609375,0.099609375,3.0000000000000027,3.0000000000000026e-06,mle,-0.149968097895129,3.3555579606384836,ok,True,True,extraction,
dgs5,4290,2017-02-28,3778,4289,512,-5.000000000000004,linear,51,19,70,51,0,51,0.1,0.099609375,0.099609375,3.0000000000000027,3.0000000000000026e-06,mle,-0.149968097895129,3.3555579606384836,ok,True,True,extraction,
dgs5,4291,2017-03-01,3779,4290,512,-5.000000000000004,linear,51,19,70,51,0,51,0.1,0.099609375,0.099609375,3.0000000000000027,3.0000000000000026e-06,mle,-0.149968097895129,3.3555579606384836,ok,True,True,extraction,
dgs5,4292,2017-03-02,3780,4291,512,-5.000000000000004,linear,51,19,70,51,0,51,0.1,0.099609375,0.099609375,3.0000000000000027,3.0000000000000026e-06,mle,-0.149968097895129,3.3555579606384836,ok,True,True,extraction,
dgs5,4293,2017-03-03,3781,4292,512,-5.000000000000004,linear,51,19,70,51,0,51,0.1,0.099609375,0.099609375,3.0000000000000027,3.0000000000000026e-06,mle,-0.149968097895129,3.3555579606384836,ok,True,True,extraction,
dgs5,4294,2017-03-06,3782,4293,512,-5.000000000000004,linear,51,19,70,51,0,51,0.1,0.099609375,0.099609375,3.0000000000000027,3.0000000000000026e-06,mle,-0.149968097895129,3.3555579606384836,ok,True,True,extraction,
dgs5,4295,2017-03-07,3783,4294,512,-5.000000000000004,linear,50,19,69,50,0,50,0.1,0.09765625,0.09765625,3.0000000000000027,3.0000000000000026e-06,mle,-0.1329595635757589,3.259960612760066,ok,True,True,extraction,
dgs5,4296,2017-03-08,3784,4295,512,-5.000000000000004,linear,50,19,69,50,0,50,0.1,0.09765625,0.09765625,3.0000000000000027,3.0000000000000026e-06,mle,-0.1329595635757589,3.259960612760066,ok,True,True,extraction,
dgs5,4297,2017-03-09,3785,4296,512,-5.000000000000004,linear,50,19,69,50,0,50,0.1,0.09765625,0.09765625,3.0000000000000027,3.0000000000000026e-06,mle,-0.1329595635757589,3.259960612760066,ok,True,True,extraction,
dgs5,4298,2017-03-10,3786,4297,512,-5.000000000000004,linear,50,18,68,50,0,50,0.1,0.09765625,0.09765625,3.0000000000000027,3.0000000000000026e-06,mle,-0.1329595635757589,3.259960612760066,ok,True,True,extraction,
dgs5,4299,2017-03-13,3787,4298,512,-5.000000000000004,linear,49,18,67,49,0,49,0.1,0.095703125,0.095703125,3.0000000000000027,3.0000000000000026e-06,mle,-0.1194699617097626,3.1965883740429675,ok,True,True,extraction,
dgs5,4300,2017-03-14,3788,4299,512,-5.000000000000004,linear,49,18,67,49,0,49,0.1,0.095703125,0.095703125,3.0000000000000027,3.0000000000000026e-06,mle,-0.1194699617097626,3.1965883740429675,ok,True,True,extraction,
dgs5,4301,2017-03-15,3789,4300,512,-5.000000000000004,linear,49,18,67,49,0,49,0.1,0.095703125,0.095703125,3.0000000000000027,3.0000000000000026e-06,mle,-0.1194699617097626,3.1965883740429675,ok,True,True,extraction,
dgs5,4302,2017-03-16,3790,4301,512,-5.000000000000004,linear,50,18,68,50,0,50,0.1,0.09765625,0.09765625,3.0000000000000027,3.0000000000000026e-06,mle,-0.14015334724380196,3.327191293792942,ok,True,True,extraction,
dgs5,4303,2017-03-17,3791,4302,512,-5.000000000000004,linear,50,18,68,50,0,50,0.1,0.09765625,0.09765625,3.0000000000000027,3.0000000000000026e-06,mle,-0.14015334724380196,3.327191293792942,ok,True,True,extraction,
dgs5,4304,2017-03-20,3792,4303,512,-5.000000000000004,linear,50,18,68,50,0,50,0.1,0.09765625,0.09765625,3.0000000000000027,3.0000000000000026e-06,mle,-0.14015334724380196,3.327191293792942,ok,True,True,extraction,
dgs5,4305,2017-03-21,3793,4304,512,-5.000000000000004,linear,50,18,68,50,0,50,0.1,0.09765625,0.09765625,3.0000000000000027,3.0000000000000026e-06,mle,-0.14015334724380196,3.327191293792942,ok,True,True,extraction,
dgs5,4306,2017-03-22,3794,4305,512,-5.000000000000004,linear,50,18,68,50,0,50,0.1,0.09765625,0.09765625,3.0000000000000027,3.0000000000000026e-06,mle,-0.14015334724380196,3.327191293792942,ok,True,True,extraction,
dgs5,4307,2017-03-23,3795,4306,512,-5.000000000000004,linear,50,18,68,50,0,50,0.1,0.09765625,0.09765625,3.0000000000000027,3.0000000000000026e-06,mle,-0.14015334724380196,3.327191293792942,ok,True,True,extraction,
dgs5,4308,2017-03-24,3796,4307,512,-5.000000000000004,linear,50,18,68,50,0,50,0.1,0.09765625,0.09765625,3.0000000000000027,3.0000000000000026e-06,mle,-0.14015334724380196,3.327191293792942,ok,True,True,extraction,
dgs5,4309,2017-03-27,3797,4308,512,-5.000000000000004,linear,50,18,68,50,0,50,0.1,0.09765625,0.09765625,3.0000000000000027,3.0000000000000026e-06,mle,-0.14015334724380196,3.327191293792942,ok,True,True,extraction,
dgs5,4310,2017-03-28,3798,4309,512,-5.000000000000004,linear,50,18,68,50,0,50,0.1,0.09765625,0.09765625,3.0000000000000027,3.0000000000000026e-06,mle,-0.14015334724380196,3.327191293792942,ok,True,True,extraction,
dgs5,4311,2017-03-29,3799,4310,512,-5.000000000000004,linear,50,18,68,50,0,50,0.1,0.09765625,0.09765625,3.0000000000000027,3.0000000000000026e-06,mle,-0.14015334724380196,3.327191293792942,ok,True,True,extraction,
dgs5,4312,2017-03-30,3800,4311,512,-5.000000000000004,linear,50,18,68,50,0,50,0.1,0.09765625,0.09765625,3.0000000000000027,3.0000000000000026e-06,mle,-0.14015334724380196,3.327191293792942,ok,True,True,extraction,
dgs5,4313,2017-03-31,3801,4312,512,-5.000000000000004,linear,50,18,68,50,0,50,0.1,0.09765625,0.09765625,3.0000000000000027,3.0000000000000026e-06,mle,-0.14015334724380196,3.327191293792942,ok,True,True,extraction,
dgs5,4314,2017-04-03,3802,4313,512,-5.000000000000004,linear,50,18,68,50,0,50,0.1,0.09765625,0.09765625,3.0000000000000027,3.0000000000000026e-06,mle,-0.14015334724380196,3.327191293792942,ok,True,True,extraction,
dgs5,4315,2017-04-04,3803,4314,512,-5.000000000000004,linear,49,19,68,49,0,49,0.1,0.095703125,0.095703125,3.0000000000000027,3.0000000000000026e-06,mle,-0.14374577843034664,3.1672942726509454,ok,True,True,extraction,
dgs5,4316,2017-04-05,3804,4315,512,-5.000000000000004,linear,49,19,68,49,0,49,0.1,0.095703125,0.095703125,3.0000000000000027,3.0000000000000026e-06,mle,-0.14374577843034664,3.1672942726509454,ok,True,True,extraction,
dgs5,4317,2017-04-06,3805,4316,512,-5.000000000000004,linear,48,19,67,48,0,48,0.1,0.09375,0.09375,3.0000000000000027,3.0000000000000026e-06,mle,-0.15163282157881147,3.2307164716589862,ok,True,True,extraction,
dgs5,4318,2017-04-07,3806,4317,512,-5.000000000000004,linear,48,19,67,48,0,48,0.1,0.09375,0.09375,3.0000000000000027,3.0000000000000026e-06,mle,-0.15163282157881147,3.2307164716589862,ok,True,True,extraction,
dgs5,4319,2017-04-10,3807,4318,512,-5.000000000000004,linear,48,19,67,48,0,48,0.1,0.09375,0.09375,3.0000000000000027,3.0000000000000026e-06,mle,-0.15163282157881147,3.2307164716589862,ok,True,True,extraction,
dgs5,4320,2017-04-11,3808,4319,512,-5.000000000000004,linear,48,19,67,48,0,48,0.1,0.09375,0.09375,3.0000000000000027,3.0000000000000026e-06,mle,-0.15163282157881147,3.2307164716589862,ok,True,True,extraction,
dgs5,4321,2017-04-12,3809,4320,512,-5.000000000000004,linear,49,19,68,49,0,49,0.1,0.095703125,0.095703125,3.0000000000000027,3.0000000000000026e-06,mle,-0.15116023974313075,3.209610221151363,ok,True,True,extraction,
dgs5,4322,2017-04-13,3810,4321,512,-5.000000000000004,linear,49,18,67,49,0,49,0.1,0.095703125,0.095703125,3.0000000000000027,3.0000000000000026e-06,mle,-0.15116023974313075,3.209610221151363,ok,True,True,extraction,
dgs5,4323,2017-04-17,3811,4322,512,-5.000000000000004,linear,49,18,67,49,0,49,0.1,0.095703125,0.095703125,3.0000000000000027,3.0000000000000026e-06,mle,-0.15116023974313075,3.209610221151363,ok,True,True,extraction,
dgs5,4324,2017-04-18,3812,4323,512,-5.000000000000004,linear,49,18,67,49,0,49,0.1,0.095703125,0.095703125,3.0000000000000027,3.0000000000000026e-06,mle,-0.15116023974313075,3.209610221151363,ok,True,True,extraction,
dgs5,4325,2017-04-19,3813,4324,512,-5.000000000000004,linear,50,17,67,50,0,50,0.1,0.09765625,0.09765625,3.0000000000000027,3.0000000000000026e-06,mle,-0.1569394978288121,3.2285255417105674,ok,True,True,extraction,
dgs5,4326,2017-04-20,3814,4325,512,-5.000000000000004,linear,50,17,67,50,0,50,0.1,0.09765625,0.09765625,3.0000000000000027,3.0000000000000026e-06,mle,-0.1569394978288121,3.2285255417105674,ok,True,True,extraction,
dgs5,4327,2017-04-21,3815,4326,512,-5.000000000000004,linear,49,17,66,49,0,49,0.1,0.095703125,0.095703125,3.0000000000000027,3.0000000000000026e-06,mle,-0.1457914038859356,3.171696964956694,ok,True,True,extraction,
dgs5,4328,2017-04-24,3816,4327,512,-5.000000000000004,linear,49,17,66,49,0,49,0.1,0.095703125,0.095703125,3.0000000000000027,3.0000000000000026e-06,mle,-0.1457914038859356,3.171696964956694,ok,True,True,extraction,
dgs5,4329,2017-04-25,3817,4328,512,-5.000000000000004,linear,49,17,66,49,0,49,0.1,0.095703125,0.095703125,3.0000000000000027,3.0000000000000026e-06,mle,-0.1457914038859356,3.171696964956694,ok,True,True,extraction,
dgs5,4330,2017-04-26,3818,4329,512,-5.000000000000004,linear,49,17,66,49,0,49,0.1,0.095703125,0.095703125,3.0000000000000027,3.0000000000000026e-06,mle,-0.1457914038859356,3.171696964956694,ok,True,True,extraction,
dgs5,4331,2017-04-27,3819,4330,512,-5.000000000000004,linear,49,17,66,49,0,49,0.1,0.095703125,0.095703125,3.0000000000000027,3.0000000000000026e-06,mle,-0.1457914038859356,3.171696964956694,ok,True,True,extraction,
dgs5,4332,2017-04-28,3820,4331,512,-5.000000000000004,linear,49,17,66,49,0,49,0.1,0.095703125,0.095703125,3.0000000000000027,3.0000000000000026e-06,mle,-0.1457914038859356,3.171696964956694,ok,True,True,extraction,
dgs5,4333,2017-05-01,3821,4332,512,-5.000000000000004,linear,49,17,66,49,0,49,0.1,0.095703125,0.095703125,3.0000000000000027,3.0000000000000026e-06,mle,-0.1457914038859356,3.171696964956694,ok,True,True,extraction,
dgs5,4334,2017-05-02,3822,4333,512,-5.000000000000004,linear,49,17,66,49,0,49,0.1,0.095703125,0.095703125,3.0000000000000027,3.0000000000000026e-06,mle,-0.1457914038859356,3.171696964956694,ok,True,True,extraction,
dgs5,4335,2017-05-03,3823,4334,512,-5.000000000000004,linear,49,17,66,49,0,49,0.1,0.095703125,0.095703125,3.0000000000000027,3.0000000000000026e-06,mle,-0.1457914038859356,3.171696964956694,ok,True,True,extraction,
dgs5,4336,2017-05-04,3824,4335,512,-5.000000000000004,linear,49,17,66,49,0,49,0.1,0.095703125,0.095703125,3.0000000000000027,3.0000000000000026e-06,mle,-0.1457914038859356,3.171696964956694,ok,True,True,extraction,
dgs5,4337,2017-05-05,3825,4336,512,-5.000000000000004,linear,49,17,66,49,0,49,0.1,0.095703125,0.095703125,3.0000000000000027,3.0000000000000026e-06,mle,-0.1457914038859356,3.171696964956694,ok,True,True,extraction,
dgs5,4338,2017-05-08,3826,4337,512,-5.000000000000004,linear,49,17,66,49,0,49,0.1,0.095703125,0.095703125,3.0000000000000027,3.0000000000000026e-06,mle,-0.1457914038859356,3.171696964956694,ok,True,True,extraction,
dgs5,4339,2017-05-09,3827,4338,512,-5.000000000000004,linear,49,17,66,49,0,49,0.1,0.095703125,0.095703125,3.0000000000000027,3.0000000000000026e-06,mle,-0.1457914038859356,3.171696964956694,ok,True,True,extraction,
dgs5,4340,2017-05-10,3828,4339,512,-5.000000000000004,linear,49,17,66,49,0,49,0.1,0.095703125,0.095703125,3.0000000000000027,3.0000000000000026e-06,mle,-0.1457914038859356,3.171696964956694,ok,True,True,extraction,
dgs5,4341,2017-05-11,3829,4340,512,-5.000000000000004,linear,49,17,66,49,0,49,0.1,0.095703125,0.095703125,3.0000000000000027,3.0000000000000026e-06,mle,-0.1457914038859356,3.171696964956694,ok,True,True,extraction,
dgs5,4342,2017-05-12,3830,4341,512,-5.000000000000004,linear,49,17,66,49,0,49,0.1,0.095703125,0.095703125,3.0000000000000027,3.0000000000000026e-06,mle,-0.1457914038859356,3.171696964956694,ok,True,True,extraction,
dgs5,4343,2017-05-15,3831,4342,512,-5.000000000000004,linear,50,17,67,50,0,50,0.1,0.09765625,0.09765625,3.0000000000000027,3.0000000000000026e-06,mle,-0.1517786582037171,3.1916438627604165,ok,True,True,extraction,
dgs5,4344,2017-05-16,3832,4343,512,-5.000000000000004,linear,50,17,67,50,0,50,0.1,0.09765625,0.09765625,3.0000000000000027,3.0000000000000026e-06,mle,-0.1517786582037171,3.1916438627604165,ok,True,True,extraction,
dgs5,4345,2017-05-17,3833,4344,512,-5.000000000000004,linear,50,17,67,50,0,50,0.1,0.09765625,0.09765625,3.0000000000000027,3.0000000000000026e-06,mle,-0.1517786582037171,3.1916438627604165,ok,True,True,extraction,
dgs5,4346,2017-05-18,3834,4345,512,-5.000000000000004,linear,51,17,68,51,0,51,0.1,0.099609375,0.099609375,3.0000000000000027,3.0000000000000026e-06,mle,-0.16613305299426095,3.279787735771735,ok,True,True,extraction,
dgs5,4347,2017-05-19,3835,4346,512,-5.000000000000004,linear,51,17,68,51,0,51,0.1,0.099609375,0.099609375,3.0000000000000027,3.0000000000000026e-06,mle,-0.16613305299426095,3.279787735771735,ok,True,True,extraction,
dgs5,4348,2017-05-22,3836,4347,512,-5.000000000000004,linear,51,17,68,51,0,51,0.1,0.099609375,0.099609375,3.0000000000000027,3.0000000000000026e-06,mle,-0.16613305299426095,3.279787735771735,ok,True,True,extraction,
dgs5,4349,2017-05-23,3837,4348,512,-5.000000000000004,linear,51,17,68,51,0,51,0.1,0.099609375,0.099609375,3.0000000000000027,3.0000000000000026e-06,mle,-0.16613305299426095,3.279787735771735,ok,True,True,extraction,
dgs5,4350,2017-05-24,3838,4349,512,-5.000000000000004,linear,51,17,68,51,0,51,0.1,0.099609375,0.099609375,3.0000000000000027,3.0000000000000026e-06,mle,-0.16613305299426095,3.279787735771735,ok,True,True,extraction,
dgs5,4351,2017-05-25,3839,4350,512,-5.000000000000004,linear,51,18,69,51,0,51,0.1,0.099609375,0.099609375,3.0000000000000027,3.0000000000000026e-06,mle,-0.16613305299426095,3.279787735771735,ok,True,True,extraction,
dgs5,4352,2017-05-26,3840,4351,512,-5.000000000000004,linear,51,17,68,51,0,51,0.1,0.099609375,0.099609375,3.0000000000000027,3.0000000000000026e-06,mle,-0.16613305299426095,3.279787735771735,ok,True,True,extraction,
dgs5,4353,2017-05-30,3841,4352,512,-5.000000000000004,linear,51,17,68,51,0,51,0.1,0.099609375,0.099609375,3.0000000000000027,3.0000000000000026e-06,mle,-0.16613305299426095,3.279787735771735,ok,True,True,extraction,
dgs5,4354,2017-05-31,3842,4353,512,-5.000000000000004,linear,51,17,68,51,0,51,0.1,0.099609375,0.099609375,3.0000000000000027,3.0000000000000026e-06,mle,-0.16613305299426095,3.279787735771735,ok,True,True,extraction,
dgs5,4355,2017-06-01,3843,4354,512,-5.000000000000004,linear,51,17,68,51,0,51,0.1,0.099609375,0.099609375,3.0000000000000027,3.0000000000000026e-06,mle,-0.16613305299426095,3.279787735771735,ok,True,True,extraction,
dgs5,4356,2017-06-02,3844,4355,512,-5.000000000000004,linear,50,17,67,50,0,50,0.1,0.09765625,0.09765625,3.0000000000000027,3.0000000000000026e-06,mle,-0.1736015102346663,3.34204278311232,ok,True,True,extraction,
dgs5,4357,2017-06-05,3845,4356,512,-5.000000000000004,linear,50,17,67,50,0,50,0.1,0.09765625,0.09765625,3.0000000000000027,3.0000000000000026e-06,mle,-0.1736015102346663,3.34204278311232,ok,True,True,extraction,
dgs5,4358,2017-06-06,3846,4357,512,-5.000000000000004,linear,50,17,67,50,0,50,0.1,0.09765625,0.09765625,3.0000000000000027,3.0000000000000026e-06,mle,-0.1736015102346663,3.34204278311232,ok,True,True,extraction,
dgs5,4359,2017-06-07,3847,4358,512,-5.000000000000004,linear,50,17,67,50,0,50,0.1,0.09765625,0.09765625,3.0000000000000027,3.0000000000000026e-06,mle,-0.1736015102346663,3.34204278311232,ok,True,True,extraction,
dgs5,4360,2017-06-08,3848,4359,512,-5.000000000000004,linear,50,17,67,50,0,50,0.1,0.09765625,0.09765625,3.0000000000000027,3.0000000000000026e-06,mle,-0.1736015102346663,3.34204278311232,ok,True,True,extraction,
dgs5,4361,2017-06-09,3849,4360,512,-5.000000000000004,linear,50,17,67,50,0,50,0.1,0.09765625,0.09765625,3.0000000000000027,3.0000000000000026e-06,mle,-0.1736015102346663,3.34204278311232,ok,True,True,extraction,
dgs5,4362,2017-06-12,3850,4361,512,-5.000000000000004,linear,50,17,67,50,0,50,0.1,0.09765625,0.09765625,3.0000000000000027,3.0000000000000026e-06,mle,-0.1736015102346663,3.34204278311232,ok,True,True,extraction,
dgs5,4363,2017-06-13,3851,4362,512,-5.000000000000004,linear,50,17,67,50,0,50,0.1,0.09765625,0.09765625,3.0000000000000027,3.0000000000000026e-06,mle,-0.1736015102346663,3.34204278311232,ok,True,True,extraction,
dgs5,4364,2017-06-14,3852,4363,512,-5.000000000000004,linear,50,17,67,50,0,50,0.1,0.09765625,0.09765625,3.0000000000000027,3.0000000000000026e-06,mle,-0.1736015102346663,3.34204278311232,ok,True,True,extraction,
dgs5,4365,2017-06-15,3853,4364,512,-5.000000000000004,linear,50,18,68,50,0,50,0.1,0.09765625,0.09765625,3.0000000000000027,3.0000000000000026e-06,mle,-0.1736015102346663,3.34204278311232,ok,True,True,extraction,
dgs5,4366,2017-06-16,3854,4365,512,-5.000000000000004,linear,50,18,68,50,0,50,0.1,0.09765625,0.09765625,3.0000000000000027,3.0000000000000026e-06,mle,-0.1736015102346663,3.34204278311232,ok,True,True,extraction,
dgs5,4367,2017-06-19,3855,4366,512,-5.000000000000004,linear,50,18,68,50,0,50,0.1,0.09765625,0.09765625,3.0000000000000027,3.0000000000000026e-06,mle,-0.1736015102346663,3.34204278311232,ok,True,True,extraction,
dgs5,4368,2017-06-20,3856,4367,512,-5.000000000000004,linear,50,18,68,50,0,50,0.1,0.09765625,0.09765625,3.0000000000000027,3.0000000000000026e-06,mle,-0.1736015102346663,3.34204278311232,ok,True,True,extraction,
dgs5,4369,2017-06-21,3857,4368,512,-5.000000000000004,linear,50,18,68,50,0,50,0.1,0.09765625,0.09765625,3.0000000000000027,3.0000000000000026e-06,mle,-0.1736015102346663,3.34204278311232,ok,True,True,extraction,
dgs5,4370,2017-06-22,3858,4369,512,-5.000000000000004,linear,50,18,68,50,0,50,0.1,0.09765625,0.09765625,3.0000000000000027,3.0000000000000026e-06,mle,-0.1736015102346663,3.34204278311232,ok,True,True,extraction,
dgs5,4371,2017-06-23,3859,4370,512,-5.000000000000004,linear,50,18,68,50,0,50,0.1,0.09765625,0.09765625,3.0000000000000027,3.0000000000000026e-06,mle,-0.1736015102346663,3.34204278311232,ok,True,True,extraction,
dgs5,4372,2017-06-26,3860,4371,512,-5.000000000000004,linear,50,18,68,50,0,50,0.1,0.09765625,0.09765625,3.0000000000000027,3.0000000000000026e-06,mle,-0.1736015102346663,3.34204278311232,ok,True,True,extraction,
dgs5,4373,2017-06-27,3861,4372,512,-5.000000000000004,linear,50,18,68,50,0,50,0.1,0.09765625,0.09765625,3.0000000000000027,3.0000000000000026e-06,mle,-0.1736015102346663,3.34204278311232,ok,True,True,extraction,
dgs5,4374,2017-06-28,3862,4373,512,-5.000000000000004,linear,50,18,68,50,0,50,0.1,0.09765625,0.09765625,3.0000000000000027,3.0000000000000026e-06,mle,-0.1736015102346663,3.34204278311232,ok,True,True,extraction,
dgs5,4375,2017-06-29,3863,4374,512,-5.000000000000004,linear,49,18,67,49,0,49,0.1,0.095703125,0.095703125,3.0000000000000027,3.0000000000000026e-06,mle,-0.18139150244404897,3.40731708633589,ok,True,True,extraction,
dgs5,4376,2017-06-30,3864,4375,512,-5.000000000000004,linear,49,18,67,49,0,49,0.1,0.095703125,0.095703125,3.0000000000000027,3.0000000000000026e-06,mle,-0.18139150244404897,3.40731708633589,ok,True,True,extraction,
dgs5,4377,2017-07-03,3865,4376,512,-5.000000000000004,linear,49,18,67,49,0,49,0.1,0.095703125,0.095703125,3.0000000000000027,3.0000000000000026e-06,mle,-0.18139150244404897,3.40731708633589,ok,True,True,extraction,
dgs5,4378,2017-07-05,3866,4377,512,-5.000000000000004,linear,49,18,67,49,0,49,0.1,0.095703125,0.095703125,3.0000000000000027,3.0000000000000026e-06,mle,-0.18139150244404897,3.40731708633589,ok,True,True,extraction,
dgs5,4379,2017-07-06,3867,4378,512,-5.000000000000004,linear,49,17,66,49,0,49,0.1,0.095703125,0.095703125,3.0000000000000027,3.0000000000000026e-06,mle,-0.18139150244404897,3.40731708633589,ok,True,True,extraction,
dgs5,4380,2017-07-07,3868,4379,512,-5.000000000000004,linear,49,17,66,49,0,49,0.1,0.095703125,0.095703125,3.0000000000000027,3.0000000000000026e-06,mle,-0.18139150244404897,3.40731708633589,ok,True,True,extraction,
dgs5,4381,2017-07-10,3869,4380,512,-5.000000000000004,linear,48,17,65,48,0,48,0.1,0.09375,0.09375,3.0000000000000027,3.0000000000000026e-06,mle,-0.1894794595597301,3.4756914596434365,ok,True,True,extraction,
dgs5,4382,2017-07-11,3870,4381,512,-5.000000000000004,linear,48,17,65,48,0,48,0.1,0.09375,0.09375,3.0000000000000027,3.0000000000000026e-06,mle,-0.1894794595597301,3.4756914596434365,ok,True,True,extraction,
dgs5,4383,2017-07-12,3871,4382,512,-5.000000000000004,linear,48,17,65,48,0,48,0.1,0.09375,0.09375,3.0000000000000027,3.0000000000000026e-06,mle,-0.1894794595597301,3.4756914596434365,ok,True,True,extraction,
dgs5,4384,2017-07-13,3872,4383,512,-5.000000000000004,linear,48,17,65,48,0,48,0.1,0.09375,0.09375,3.0000000000000027,3.0000000000000026e-06,mle,-0.1894794595597301,3.4756914596434365,ok,True,True,extraction,
dgs5,4385,2017-07-14,3873,4384,512,-5.000000000000004,linear,48,17,65,48,0,48,0.1,0.09375,0.09375,3.0000000000000027,3.0000000000000026e-06,mle,-0.1894794595597301,3.4756914596434365,ok,True,True,extraction,
dgs5,4386,2017-07-17,3874,4385,512,-5.000000000000004,linear,48,17,65,48,0,48,0.1,0.09375,0.09375,3.0000000000000027,3.0000000000000026e-06,mle,-0.1894794595597301,3.4756914596434365,ok,True,True,extraction,
dgs5,4387,2017-07-18,3875,4386,512,-5.000000000000004,linear,47,17,64,47,0,47,0.1,0.091796875,0.091796875,3.0000000000000027,3.0000000000000026e-06,mle,-0.17367329470222456,3.3005159133697433,ok,True,True,extraction,
dgs5,4388,2017-07-19,3876,4387,512,-5.000000000000004,linear,47,17,64,47,0,47,0.1,0.091796875,0.091796875,3.0000000000000027,3.0000000000000026e-06,mle,-0.17367329470222456,3.3005159133697433,ok,True,True,extraction,
dgs5,4389,2017-07-20,3877,4388,512,-5.000000000000004,linear,47,17,64,47,0,47,0.1,0.091796875,0.091796875,3.0000000000000027,3.0000000000000026e-06,mle,-0.17367329470222456,3.3005159133697433,ok,True,True,extraction,
dgs5,4390,2017-07-21,3878,4389,512,-5.000000000000004,linear,46,17,63,46,0,46,0.1,0.08984375,0.08984375,3.0000000000000027,3.0000000000000026e-06,mle,-0.18116381894010702,3.366220719125404,ok,True,True,extraction,
dgs5,4391,2017-07-24,3879,4390,512,-5.000000000000004,linear,45,17,62,45,0,45,0.1,0.087890625,0.087890625,3.0000000000000027,3.0000000000000026e-06,mle,-0.1766400443810417,3.3527071199938723,ok,True,True,extraction,
dgs5,4392,2017-07-25,3880,4391,512,-5.000000000000004,linear,45,17,62,45,0,45,0.1,0.087890625,0.087890625,3.0000000000000027,3.0000000000000026e-06,mle,-0.1766400443810417,3.3527071199938723,ok,True,True,extraction,
dgs5,4393,2017-07-26,3881,4392,512,-5.000000000000004,linear,45,16,61,45,0,45,0.1,0.087890625,0.087890625,3.0000000000000027,3.0000000000000026e-06,mle,-0.1766400443810417,3.3527071199938723,ok,True,True,extraction,
dgs5,4394,2017-07-27,3882,4393,512,-5.000000000000004,linear,46,16,62,46,0,46,0.1,0.08984375,0.08984375,3.0000000000000027,3.0000000000000026e-06,mle,-0.17537126121411573,3.3262352972654012,ok,True,True,extraction,
dgs5,4395,2017-07-28,3883,4394,512,-5.000000000000004,linear,46,16,62,46,0,46,0.1,0.08984375,0.08984375,3.0000000000000027,3.0000000000000026e-06,mle,-0.17537126121411573,3.3262352972654012,ok,True,True,extraction,
dgs5,4396,2017-07-31,3884,4395,512,-5.000000000000004,linear,46,16,62,46,0,46,0.1,0.08984375,0.08984375,3.0000000000000027,3.0000000000000026e-06,mle,-0.17537126121411573,3.3262352972654012,ok,True,True,extraction,
dgs5,4397,2017-08-01,3885,4396,512,-5.000000000000004,linear,46,16,62,46,0,46,0.1,0.08984375,0.08984375,3.0000000000000027,3.0000000000000026e-06,mle,-0.17537126121411573,3.3262352972654012,ok,True,True,extraction,
dgs5,4398,2017-08-02,3886,4397,512,-5.000000000000004,linear,46,16,62,46,0,46,0.1,0.08984375,0.08984375,3.0000000000000027,3.0000000000000026e-06,mle,-0.17537126121411573,3.3262352972654012,ok,True,True,extraction,
dgs5,4399,2017-08-03,3887,4398,512,-5.000000000000004,linear,46,16,62,46,0,46,0.1,0.08984375,0.08984375,3.0000000000000027,3.0000000000000026e-06,mle,-0.17537126121411573,3.3262352972654012,ok,True,True,extraction,
dgs5,4400,2017-08-04,3888,4399,512,-5.000000000000004,linear,46,16,62,46,0,46,0.1,0.08984375,0.08984375,3.0000000000000027,3.0000000000000026e-06,mle,-0.17537126121411573,3.3262352972654012,ok,True,True,extraction,
dgs5,4401,2017-08-07,3889,4400,512,-5.000000000000004,linear,46,16,62,46,0,46,0.1,0.08984375,0.08984375,3.0000000000000027,3.0000000000000026e-06,mle,-0.17537126121411573,3.3262352972654012,ok,True,True,extraction,
dgs5,4402,2017-08-08,3890,4401,512,-5.000000000000004,linear,46,16,62,46,0,46,0.1,0.08984375,0.08984375,3.0000000000000027,3.0000000000000026e-06,mle,-0.17537126121411573,3.3262352972654012,ok,True,True,extraction,
dgs5,4403,2017-08-09,3891,4402,512,-5.000000000000004,linear,46,16,62,46,0,46,0.1,0.08984375,0.08984375,3.0000000000000027,3.0000000000000026e-06,mle,-0.17537126121411573,3.3262352972654012,ok,True,True,extraction,
dgs5,4404,2017-08-10,3892,4403,512,-5.000000000000004,linear,46,16,62,46,0,46,0.1,0.08984375,0.08984375,3.0000000000000027,3.0000000000000026e-06,mle,-0.17537126121411573,3.3262352972654012,ok,True,True,extraction,
dgs5,4405,2017-08-11,3893,4404,512,-5.000000000000004,linear,46,16,62,46,0,46,0.1,0.08984375,0.08984375,3.0000000000000027,3.0000000000000026e-06,mle,-0.17537126121411573,3.3262352972654012,ok,True,True,extraction,
dgs5,4406,2017-08-14,3894,4405,512,-5.000000000000004,linear,45,16,61,45,0,45,0.1,0.087890625,0.087890625,3.0000000000000027,3.0000000000000026e-06,mle,-0.18313102549252883,3.3943908979803123,ok,True,True,extraction,
dgs5,4407,2017-08-15,3895,4406,512,-5.000000000000004,linear,45,16,61,45,0,45,0.1,0.087890625,0.087890625,3.0000000000000027,3.0000000000000026e-06,mle,-0.18313102549252883,3.3943908979803123,ok,True,True,extraction,
dgs5,4408,2017-08-16,3896,4407,512,-5.000000000000004,linear,45,16,61,45,0,45,0.1,0.087890625,0.087890625,3.0000000000000027,3.0000000000000026e-06,mle,-0.18313102549252883,3.3943908979803123,ok,True,True,extraction,
dgs5,4409,2017-08-17,3897,4408,512,-5.000000000000004,linear,45,16,61,45,0,45,0.1,0.087890625,0.087890625,3.0000000000000027,3.0000000000000026e-06,mle,-0.18313102549252883,3.3943908979803123,ok,True,True,extraction,
dgs5,4410,2017-08-18,3898,4409,512,-5.000000000000004,linear,44,16,60,44,0,44,0.1,0.0859375,0.0859375,3.0000000000000027,3.0000000000000026e-06,mle,-0.17863104304558977,3.3813660926876015,ok,True,True,extraction,
dgs5,4411,2017-08-21,3899,4410,512,-5.000000000000004,linear,44,16,60,44,0,44,0.1,0.0859375,0.0859375,3.0000000000000027,3.0000000000000026e-06,mle,-0.17863104304558977,3.3813660926876015,ok,True,True,extraction,
dgs5,4412,2017-08-22,3900,4411,512,-5.000000000000004,linear,44,16,60,44,0,44,0.1,0.0859375,0.0859375,3.0000000000000027,3.0000000000000026e-06,mle,-0.17863104304558977,3.3813660926876015,ok,True,True,extraction,
dgs5,4413,2017-08-23,3901,4412,512,-5.000000000000004,linear,44,16,60,44,0,44,0.1,0.0859375,0.0859375,3.0000000000000027,3.0000000000000026e-06,mle,-0.17863104304558977,3.3813660926876015,ok,True,True,extraction,
dgs5,4414,2017-08-24,3902,4413,512,-5.000000000000004,linear,44,16,60,44,0,44,0.1,0.0859375,0.0859375,3.0000000000000027,3.0000000000000026e-06,mle,-0.17863104304558977,3.3813660926876015,ok,True,True,extraction,
dgs5,4415,2017-08-25,3903,4414,512,-5.000000000000004,linear,44,16,60,44,0,44,0.1,0.0859375,0.0859375,3.0000000000000027,3.0000000000000026e-06,mle,-0.17863104304558977,3.3813660926876015,ok,True,True,extraction,
dgs5,4416,2017-08-28,3904,4415,512,-5.000000000000004,linear,44,16,60,44,0,44,0.1,0.0859375,0.0859375,3.0000000000000027,3.0000000000000026e-06,mle,-0.17863104304558977,3.3813660926876015,ok,True,True,extraction,
dgs5,4417,2017-08-29,3905,4416,512,-5.000000000000004,linear,43,16,59,43,0,43,0.1,0.083984375,0.083984375,3.0000000000000027,3.0000000000000026e-06,mle,-0.16805896210405835,3.3244465598533908,ok,True,True,extraction,
dgs5,4418,2017-08-30,3906,4417,512,-5.000000000000004,linear,43,16,59,43,0,43,0.1,0.083984375,0.083984375,3.0000000000000027,3.0000000000000026e-06,mle,-0.16805896210405835,3.3244465598533908,ok,True,True,extraction,
dgs5,4419,2017-08-31,3907,4418,512,-5.000000000000004,linear,43,16,59,43,0,43,0.1,0.083984375,0.083984375,3.0000000000000027,3.0000000000000026e-06,mle,-0.16805896210405835,3.3244465598533908,ok,True,True,extraction,
dgs5,4420,2017-09-01,3908,4419,512,-5.000000000000004,linear,43,16,59,43,0,43,0.1,0.083984375,0.083984375,3.0000000000000027,3.0000000000000026e-06,mle,-0.16805896210405835,3.3244465598533908,ok,True,True,extraction,
dgs5,4421,2017-09-05,3909,4420,512,-5.000000000000004,linear,43,16,59,43,0,43,0.1,0.083984375,0.083984375,3.0000000000000027,3.0000000000000026e-06,mle,-0.16805896210405835,3.3244465598533908,ok,True,True,extraction,
dgs5,4422,2017-09-06,3910,4421,512,-5.000000000000004,linear,44,16,60,44,0,44,0.1,0.0859375,0.0859375,3.0000000000000027,3.0000000000000026e-06,mle,-0.17319157365171467,3.3401195493025897,ok,True,True,extraction,
dgs5,4423,2017-09-07,3911,4422,512,-5.000000000000004,linear,43,16,59,43,0,43,0.1,0.083984375,0.083984375,3.0000000000000027,3.0000000000000026e-06,mle,-0.15809575261958378,3.2430982972632316,ok,True,True,extraction,
dgs5,4424,2017-09-08,3912,4423,512,-5.000000000000004,linear,44,16,60,44,0,44,0.1,0.0859375,0.0859375,3.0000000000000027,3.0000000000000026e-06,mle,-0.15020328782262538,3.1753051539815003,ok,True,True,extraction,
dgs5,4425,2017-09-11,3913,4424,512,-5.000000000000004,linear,43,16,59,43,0,43,0.1,0.083984375,0.083984375,3.0000000000000027,3.0000000000000026e-06,mle,-0.15809575261958378,3.2430982972632316,ok,True,True,extraction,
dgs5,4426,2017-09-12,3914,4425,512,-5.000000000000004,linear,43,15,58,43,0,43,0.1,0.083984375,0.083984375,3.0000000000000027,3.0000000000000026e-06,mle,-0.15809575261958378,3.2430982972632316,ok,True,True,extraction,
dgs5,4427,2017-09-13,3915,4426,512,-5.000000000000004,linear,43,15,58,43,0,43,0.1,0.083984375,0.083984375,3.0000000000000027,3.0000000000000026e-06,mle,-0.15809575261958378,3.2430982972632316,ok,True,True,extraction,
dgs5,4428,2017-09-14,3916,4427,512,-5.000000000000004,linear,43,15,58,43,0,43,0.1,0.083984375,0.083984375,3.0000000000000027,3.0000000000000026e-06,mle,-0.15809575261958378,3.2430982972632316,ok,True,True,extraction,
dgs5,4429,2017-09-15,3917,4428,512,-5.000000000000004,linear,43,15,58,43,0,43,0.1,0.083984375,0.083984375,3.0000000000000027,3.0000000000000026e-06,mle,-0.15809575261958378,3.2430982972632316,ok,True,True,extraction,
dgs5,4430,2017-09-18,3918,4429,512,-5.000000000000004,linear,43,15,58,43,0,43,0.1,0.083984375,0.083984375,3.0000000000000027,3.0000000000000026e-06,mle,-0.15809575261958378,3.2430982972632316,ok,True,True,extraction,
dgs5,4431,2017-09-19,3919,4430,512,-5.000000000000004,linear,43,15,58,43,0,43,0.1,0.083984375,0.083984375,3.0000000000000027,3.0000000000000026e-06,mle,-0.15809575261958378,3.2430982972632316,ok,True,True,extraction,
dgs5,4432,2017-09-20,3920,4431,512,-5.000000000000004,linear,43,14,57,43,0,43,0.1,0.083984375,0.083984375,3.0000000000000027,3.0000000000000026e-06,mle,-0.15809575261958378,3.2430982972632316,ok,True,True,extraction,
dgs5,4433,2017-09-21,3921,4432,512,-5.000000000000004,linear,43,14,57,43,0,43,0.1,0.083984375,0.083984375,3.0000000000000027,3.0000000000000026e-06,mle,-0.15809575261958378,3.2430982972632316,ok,True,True,extraction,
dgs5,4434,2017-09-22,3922,4433,512,-5.000000000000004,linear,43,14,57,43,0,43,0.1,0.083984375,0.083984375,3.0000000000000027,3.0000000000000026e-06,mle,-0.15809575261958378,3.2430982972632316,ok,True,True,extraction,
dgs5,4435,2017-09-25,3923,4434,512,-5.000000000000004,linear,43,14,57,43,0,43,0.1,0.083984375,0.083984375,3.0000000000000027,3.0000000000000026e-06,mle,-0.15809575261958378,3.2430982972632316,ok,True,True,extraction,
dgs5,4436,2017-09-26,3924,4435,512,-5.000000000000004,linear,43,14,57,43,0,43,0.1,0.083984375,0.083984375,3.0000000000000027,3.0000000000000026e-06,mle,-0.15809575261958378,3.2430982972632316,ok,True,True,extraction,
dgs5,4437,2017-09-27,3925,4436,512,-5.000000000000004,linear,43,14,57,43,0,43,0.1,0.083984375,0.083984375,3.0000000000000027,3.0000000000000026e-06,mle,-0.15809575261958378,3.2430982972632316,ok,True,True,extraction,
dgs5,4438,2017-09-28,3926,4437,512,-5.000000000000004,linear,43,14,57,43,0,43,0.1,0.083984375,0.083984375,3.0000000000000027,3.0000000000000026e-06,mle,-0.15809575261958378,3.2430982972632316,ok,True,True,extraction,
dgs5,4439,2017-09-29,3927,4438,512,-5.000000000000004,linear,43,14,57,43,0,43,0.1,0.083984375,0.083984375,3.0000000000000027,3.0000000000000026e-06,mle,-0.15809575261958378,3.2430982972632316,ok,True,True,extraction,
dgs5,4440,2017-10-02,3928,4439,512,-5.000000000000004,linear,43,14,57,43,0,43,0.1,0.083984375,0.083984375,3.0000000000000027,3.0000000000000026e-06,mle,-0.15809575261958378,3.2430982972632316,ok,True,True,extraction,
dgs5,4441,2017-10-03,3929,4440,512,-5.000000000000004,linear,43,14,57,43,0,43,0.1,0.083984375,0.083984375,3.0000000000000027,3.0000000000000026e-06,mle,-0.15809575261958378,3.2430982972632316,ok,True,True,extraction,
dgs5,4442,2017-10-04,3930,4441,512,-5.000000000000004,linear,43,14,57,43,0,43,0.1,0.083984375,0.083984375,3.0000000000000027,3.0000000000000026e-06,mle,-0.15809575261958378,3.2430982972632316,ok,True,True,extraction,
dgs5,4443,2017-10-05,3931,4442,512,-5.000000000000004,linear,42,14,56,42,0,42,0.1,0.08203125,0.08203125,3.0000000000000027,3.0000000000000026e-06,mle,-0.1404077651336827,3.0803426537973637,ok,True,True,extraction,
dgs5,4444,2017-10-06,3932,4443,512,-5.000000000000004,linear,42,13,55,42,0,42,0.1,0.08203125,0.08203125,3.0000000000000027,3.0000000000000026e-06,mle,-0.1404077651336827,3.0803426537973637,ok,True,True,extraction,
dgs5,4445,2017-10-10,3933,4444,512,-5.000000000000004,linear,42,13,55,42,0,42,0.1,0.08203125,0.08203125,3.0000000000000027,3.0000000000000026e-06,mle,-0.1404077651336827,3.0803426537973637,ok,True,True,extraction,
dgs5,4446,2017-10-11,3934,4445,512,-5.000000000000004,linear,41,13,54,41,0,41,0.1,0.080078125,0.080078125,3.0000000000000027,3.0000000000000026e-06,mle,-0.14045817322905424,3.1010697224488415,ok,True,True,extraction,
dgs5,4447,2017-10-12,3935,4446,512,-5.000000000000004,linear,41,13,54,41,0,41,0.1,0.080078125,0.080078125,3.0000000000000027,3.0000000000000026e-06,mle,-0.14045817322905424,3.1010697224488415,ok,True,True,extraction,
dgs5,4448,2017-10-13,3936,4447,512,-5.000000000000004,linear,41,13,54,41,0,41,0.1,0.080078125,0.080078125,3.0000000000000027,3.0000000000000026e-06,mle,-0.14045817322905424,3.1010697224488415,ok,True,True,extraction,
dgs5,4449,2017-10-16,3937,4448,512,-5.000000000000004,linear,41,13,54,41,0,41,0.1,0.080078125,0.080078125,3.0000000000000027,3.0000000000000026e-06,mle,-0.14045817322905424,3.1010697224488415,ok,True,True,extraction,
dgs5,4450,2017-10-17,3938,4449,512,-5.000000000000004,linear,40,13,53,40,0,40,0.1,0.078125,0.078125,3.0000000000000027,3.0000000000000026e-06,mle,-0.14830989468489525,3.170351087542361,ok,True,True,extraction,
dgs5,4451,2017-10-18,3939,4450,512,-5.000000000000004,linear,40,13,53,40,0,40,0.1,0.078125,0.078125,3.0000000000000027,3.0000000000000026e-06,mle,-0.14830989468489525,3.170351087542361,ok,True,True,extraction,
dgs5,4452,2017-10-19,3940,4451,512,-5.000000000000004,linear,40,13,53,40,0,40,0.1,0.078125,0.078125,3.0000000000000027,3.0000000000000026e-06,mle,-0.14830989468489525,3.170351087542361,ok,True,True,extraction,
dgs5,4453,2017-10-20,3941,4452,512,-5.000000000000004,linear,40,13,53,40,0,40,0.1,0.078125,0.078125,3.0000000000000027,3.0000000000000026e-06,mle,-0.14830989468489525,3.170351087542361,ok,True,True,extraction,
dgs5,4454,2017-10-23,3942,4453,512,-5.000000000000002,linear,52,0,52,52,13,39,0.1,0.1015625,0.076171875,3.0000000000000027,3.0000000000000026e-06,mle,-0.14173816280921842,3.1481309822459433,ok,True,True,extraction,
dgs5,4455,2017-10-24,3943,4454,512,-5.000000000000002,linear,52,0,52,52,13,39,0.1,0.1015625,0.076171875,3.0000000000000027,3.0000000000000026e-06,mle,-0.14173816280921842,3.1481309822459433,ok,True,True,extraction,
dgs5,4456,2017-10-25,3944,4455,512,-5.000000000000002,linear,52,0,52,52,13,39,0.1,0.1015625,0.076171875,3.0000000000000027,3.0000000000000026e-06,mle,-0.14173816280921842,3.1481309822459433,ok,True,True,extraction,
dgs5,4457,2017-10-26,3945,4456,512,-5.000000000000002,linear,52,0,52,52,13,39,0.1,0.1015625,0.076171875,3.0000000000000027,3.0000000000000026e-06,mle,-0.14173816280921842,3.1481309822459433,ok,True,True,extraction,
dgs5,4458,2017-10-27,3946,4457,512,-5.000000000000002,linear,52,0,52,52,13,39,0.1,0.1015625,0.076171875,3.0000000000000027,3.0000000000000026e-06,mle,-0.14173816280921842,3.1481309822459433,ok,True,True,extraction,
dgs5,4459,2017-10-30,3947,4458,512,-5.000000000000002,linear,52,0,52,52,13,39,0.1,0.1015625,0.076171875,3.0000000000000027,3.0000000000000026e-06,mle,-0.14173816280921842,3.1481309822459433,ok,True,True,extraction,
dgs5,4460,2017-10-31,3948,4459,512,-5.000000000000002,linear,52,0,52,52,13,39,0.1,0.1015625,0.076171875,3.0000000000000027,3.0000000000000026e-06,mle,-0.14173816280921842,3.1481309822459433,ok,True,True,extraction,
dgs5,4461,2017-11-01,3949,4460,512,-4.999999999999982,linear,51,7,58,51,13,38,0.1,0.099609375,0.07421875,3.0000000000000027,3.0000000000000026e-06,mle,-0.14207882904257607,3.1728798604351223,ok,True,True,extraction,
dgs5,4462,2017-11-02,3950,4461,512,-4.999999999999982,linear,51,7,58,51,13,38,0.1,0.099609375,0.07421875,3.0000000000000027,3.0000000000000026e-06,mle,-0.14207882904257607,3.1728798604351223,ok,True,True,extraction,
dgs5,4463,2017-11-03,3951,4462,512,-4.999999999999982,linear,51,7,58,51,13,38,0.1,0.099609375,0.07421875,3.0000000000000027,3.0000000000000026e-06,mle,-0.14207882904257607,3.1728798604351223,ok,True,True,extraction,
dgs5,4464,2017-11-06,3952,4463,512,-4.999999999999982,linear,51,7,58,51,13,38,0.1,0.099609375,0.07421875,3.0000000000000027,3.0000000000000026e-06,mle,-0.14207882904257607,3.1728798604351223,ok,True,True,extraction,
dgs5,4465,2017-11-07,3953,4464,512,-4.999999999999982,linear,51,7,58,51,13,38,0.1,0.099609375,0.07421875,3.0000000000000027,3.0000000000000026e-06,mle,-0.14207882904257607,3.1728798604351223,ok,True,True,extraction,
dgs5,4466,2017-11-08,3954,4465,512,-4.999999999999982,linear,51,7,58,51,13,38,0.1,0.099609375,0.07421875,3.0000000000000027,3.0000000000000026e-06,mle,-0.14207882904257607,3.1728798604351223,ok,True,True,extraction,
dgs5,4467,2017-11-09,3955,4466,512,-4.999999999999982,linear,51,7,58,51,13,38,0.1,0.099609375,0.07421875,3.0000000000000027,3.0000000000000026e-06,mle,-0.14207882904257607,3.1728798604351223,ok,True,True,extraction,
dgs5,4468,2017-11-10,3956,4467,512,-4.999999999999982,linear,51,7,58,51,13,38,0.1,0.099609375,0.07421875,2.9999999999999916,2.9999999999999916e-06,mle,-0.14207882904257607,3.1728798604351223,ok,True,True,extraction,
dgs5,4469,2017-11-13,3957,4468,512,-4.999999999999982,linear,51,7,58,51,13,38,0.1,0.099609375,0.07421875,3.0000000000000027,3.0000000000000026e-06,mle,-0.14207882904257607,3.1728798604351223,ok,True,True,extraction,
dgs5,4470,2017-11-14,3958,4469,512,-4.999999999999982,linear,51,7,58,51,13,38,0.1,0.099609375,0.07421875,2.9999999999999916,2.9999999999999916e-06,mle,-0.14207882904257607,3.1728798604351223,ok,True,True,extraction,
dgs5,4471,2017-11-15,3959,4470,512,-4.999999999999982,linear,51,7,58,51,13,38,0.1,0.099609375,0.07421875,2.9999999999999805,2.99999999999998e-06,mle,-0.14207882904257607,3.1728798604351223,ok,True,True,extraction,
dgs5,4472,2017-11-16,3960,4471,512,-4.999999999999982,linear,51,7,58,51,13,38,0.1,0.099609375,0.07421875,2.9999999999999805,2.99999999999998e-06,mle,-0.14207882904257607,3.1728798604351223,ok,True,True,extraction,
dgs5,4473,2017-11-17,3961,4472,512,-4.999999999999982,linear,51,7,58,51,13,38,0.1,0.099609375,0.07421875,2.9999999999999805,2.99999999999998e-06,mle,-0.14207882904257607,3.1728798604351223,ok,True,True,extraction,
dgs5,4474,2017-11-20,3962,4473,512,-4.999999999999982,linear,51,7,58,51,13,38,0.1,0.099609375,0.07421875,2.9999999999999805,2.99999999999998e-06,mle,-0.14207882904257607,3.1728798604351223,ok,True,True,extraction,
dgs5,4475,2017-11-21,3963,4474,512,-4.999999999999982,linear,51,7,58,51,13,38,0.1,0.099609375,0.07421875,2.9999999999999805,2.99999999999998e-06,mle,-0.14207882904257607,3.1728798604351223,ok,True,True,extraction,
dgs5,4476,2017-11-22,3964,4475,512,-4.999999999999982,linear,51,7,58,51,13,38,0.1,0.099609375,0.07421875,2.9999999999999805,2.99999999999998e-06,mle,-0.14207882904257607,3.1728798604351223,ok,True,True,extraction,
dgs5,4477,2017-11-24,3965,4476,512,-5.000000000000002,linear,52,0,52,52,13,39,0.1,0.1015625,0.076171875,2.9999999999999805,2.99999999999998e-06,mle,-0.13351301648710223,3.0987511243119603,ok,True,True,extraction,
dgs5,4478,2017-11-27,3966,4477,512,-5.000000000000002,linear,52,0,52,52,13,39,0.1,0.1015625,0.076171875,2.9999999999999805,2.99999999999998e-06,mle,-0.13351301648710223,3.0987511243119603,ok,True,True,extraction,
dgs5,4479,2017-11-28,3967,4478,512,-5.000000000000002,linear,52,0,52,52,13,39,0.1,0.1015625,0.076171875,2.9999999999999805,2.99999999999998e-06,mle,-0.13351301648710223,3.0987511243119603,ok,True,True,extraction,
dgs5,4480,2017-11-29,3968,4479,512,-5.000000000000002,linear,52,0,52,52,13,39,0.1,0.1015625,0.076171875,2.9999999999999805,2.99999999999998e-06,mle,-0.13351301648710223,3.0987511243119603,ok,True,True,extraction,
dgs5,4481,2017-11-30,3969,4480,512,-5.000000000000002,linear,52,0,52,52,13,39,0.1,0.1015625,0.076171875,2.9999999999999805,2.99999999999998e-06,mle,-0.13351301648710223,3.0987511243119603,ok,True,True,extraction,
dgs5,4482,2017-12-01,3970,4481,512,-4.999999999999982,linear,51,7,58,51,13,38,0.1,0.099609375,0.07421875,2.9999999999999805,2.99999999999998e-06,mle,-0.14207882904257607,3.1728798604351223,ok,True,True,extraction,
dgs5,4483,2017-12-04,3971,4482,512,-4.999999999999982,linear,51,7,58,51,13,38,0.1,0.099609375,0.07421875,2.9999999999999805,2.99999999999998e-06,mle,-0.14207882904257607,3.1728798604351223,ok,True,True,extraction,
dgs5,4484,2017-12-05,3972,4483,512,-4.999999999999982,linear,51,7,58,51,13,38,0.1,0.099609375,0.07421875,2.9999999999999805,2.99999999999998e-06,mle,-0.14207882904257607,3.1728798604351223,ok,True,True,extraction,
dgs5,4485,2017-12-06,3973,4484,512,-4.999999999999982,linear,51,7,58,51,13,38,0.1,0.099609375,0.07421875,2.9999999999999805,2.99999999999998e-06,mle,-0.14207882904257607,3.1728798604351223,ok,True,True,extraction,
dgs5,4486,2017-12-07,3974,4485,512,-4.999999999999982,linear,51,7,58,51,13,38,0.1,0.099609375,0.07421875,2.9999999999999805,2.99999999999998e-06,mle,-0.14207882904257607,3.1728798604351223,ok,True,True,extraction,
dgs5,4487,2017-12-08,3975,4486,512,-4.999999999999982,linear,51,7,58,51,13,38,0.1,0.099609375,0.07421875,2.9999999999999805,2.99999999999998e-06,mle,-0.14207882904257607,3.1728798604351223,ok,True,True,extraction,
dgs5,4488,2017-12-11,3976,4487,512,-4.999999999999982,linear,51,7,58,51,13,38,0.1,0.099609375,0.07421875,2.9999999999999805,2.99999999999998e-06,mle,-0.14207882904257607,3.1728798604351223,ok,True,True,extraction,
dgs5,4489,2017-12-12,3977,4488,512,-4.999999999999982,linear,51,7,58,51,13,38,0.1,0.099609375,0.07421875,2.9999999999999805,2.99999999999998e-06,mle,-0.14207882904257607,3.1728798604351223,ok,True,True,extraction,
dgs5,4490,2017-12-13,3978,4489,512,-4.999999999999982,linear,51,7,58,51,13,38,0.1,0.099609375,0.07421875,2.9999999999999805,2.99999999999998e-06,mle,-0.14207882904257607,3.1728798604351223,ok,True,True,extraction,
dgs5,4491,2017-12-14,3979,4490,512,-5.000000000000002,linear,52,0,52,52,13,39,0.1,0.1015625,0.076171875,2.9999999999999805,2.99999999999998e-06,mle,-0.13351301648710223,3.0987511243119603,ok,True,True,extraction,
dgs5,4492,2017-12-15,3980,4491,512,-5.000000000000002,linear,52,0,52,52,13,39,0.1,0.1015625,0.076171875,2.9999999999999805,2.99999999999998e-06,mle,-0.13351301648710223,3.0987511243119603,ok,True,True,extraction,
dgs5,4493,2017-12-18,3981,4492,512,-4.999999999999982,linear,51,7,58,51,13,38,0.1,0.099609375,0.07421875,2.9999999999999805,2.99999999999998e-06,mle,-0.14207882904257607,3.1728798604351223,ok,True,True,extraction,
dgs5,4494,2017-12-19,3982,4493,512,-4.999999999999982,linear,51,7,58,51,13,38,0.1,0.099609375,0.07421875,2.9999999999999805,2.99999999999998e-06,mle,-0.14207882904257607,3.1728798604351223,ok,True,True,extraction,
dgs5,4495,2017-12-20,3983,4494,512,-4.999999999999982,linear,51,7,58,51,13,38,0.1,0.099609375,0.07421875,2.9999999999999805,2.99999999999998e-06,mle,-0.14207882904257607,3.1728798604351223,ok,True,True,extraction,
dgs5,4496,2017-12-21,3984,4495,512,-4.999999999999982,linear,51,7,58,51,13,38,0.1,0.099609375,0.07421875,2.9999999999999805,2.99999999999998e-06,mle,-0.14207882904257607,3.1728798604351223,ok,True,True,extraction,
dgs5,4497,2017-12-22,3985,4496,512,-4.999999999999982,linear,51,7,58,51,13,38,0.1,0.099609375,0.07421875,2.9999999999999805,2.99999999999998e-06,mle,-0.14207882904257607,3.1728798604351223,ok,True,True,extraction,
dgs5,4498,2017-12-26,3986,4497,512,-4.999999999999982,linear,51,7,58,51,13,38,0.1,0.099609375,0.07421875,2.9999999999999805,2.99999999999998e-06,mle,-0.14207882904257607,3.1728798604351223,ok,True,True,extraction,
dgs5,4499,2017-12-27,3987,4498,512,-4.999999999999982,linear,51,7,58,51,13,38,0.1,0.099609375,0.07421875,2.9999999999999805,2.99999999999998e-06,mle,-0.14207882904257607,3.1728798604351223,ok,True,True,extraction,
dgs5,4500,2017-12-28,3988,4499,512,-4.999999999999982,linear,51,7,58,51,13,38,0.1,0.099609375,0.07421875,2.9999999999999805,2.99999999999998e-06,mle,-0.14207882904257607,3.1728798604351223,ok,True,True,extraction,
dgs5,4501,2017-12-29,3989,4500,512,-4.999999999999982,linear,50,7,57,50,13,37,0.1,0.09765625,0.072265625,2.9999999999999805,2.99999999999998e-06,mle,-0.12290255382341056,2.992470097755881,ok,True,True,extraction,
dgs5,4502,2018-01-02,3990,4501,512,-4.999999999999982,linear,50,7,57,50,13,37,0.1,0.09765625,0.072265625,2.9999999999999805,2.99999999999998e-06,mle,-0.12290255382341056,2.992470097755881,ok,True,True,extraction,
dgs5,4503,2018-01-03,3991,4502,512,-4.999999999999982,linear,50,7,57,50,13,37,0.1,0.09765625,0.072265625,2.9999999999999805,2.99999999999998e-06,mle,-0.12290255382341056,2.992470097755881,ok,True,True,extraction,
dgs5,4504,2018-01-04,3992,4503,512,-4.999999999999982,linear,50,7,57,50,13,37,0.1,0.09765625,0.072265625,2.9999999999999805,2.99999999999998e-06,mle,-0.12290255382341056,2.992470097755881,ok,True,True,extraction,
dgs5,4505,2018-01-05,3993,4504,512,-4.999999999999982,linear,50,7,57,50,13,37,0.1,0.09765625,0.072265625,2.9999999999999805,2.99999999999998e-06,mle,-0.12290255382341056,2.992470097755881,ok,True,True,extraction,
dgs5,4506,2018-01-08,3994,4505,512,-4.999999999999982,linear,49,7,56,49,13,36,0.1,0.095703125,0.0703125,2.9999999999999805,2.99999999999998e-06,mle,-0.13090224466155131,3.0646660362009843,ok,True,True,extraction,
dgs5,4507,2018-01-09,3995,4506,512,-4.999999999999982,linear,49,7,56,49,13,36,0.1,0.095703125,0.0703125,2.9999999999999805,2.99999999999998e-06,mle,-0.13090224466155131,3.0646660362009843,ok,True,True,extraction,
dgs5,4508,2018-01-10,3996,4507,512,-4.999999999999982,linear,49,7,56,49,13,36,0.1,0.095703125,0.0703125,2.9999999999999805,2.99999999999998e-06,mle,-0.13090224466155131,3.0646660362009843,ok,True,True,extraction,
dgs5,4509,2018-01-11,3997,4508,512,-4.999999999999982,linear,49,7,56,49,13,36,0.1,0.095703125,0.0703125,2.9999999999999805,2.99999999999998e-06,mle,-0.13090224466155131,3.0646660362009843,ok,True,True,extraction,
dgs5,4510,2018-01-12,3998,4509,512,-4.999999999999982,linear,49,7,56,49,13,36,0.1,0.095703125,0.0703125,2.9999999999999805,2.99999999999998e-06,mle,-0.13090224466155131,3.0646660362009843,ok,True,True,extraction,
dgs5,4511,2018-01-16,3999,4510,512,-4.999999999999982,linear,49,7,56,49,13,36,0.1,0.095703125,0.0703125,2.9999999999999805,2.99999999999998e-06,mle,-0.13090224466155131,3.0646660362009843,ok,True,True,extraction,
dgs5,4512,2018-01-17,4000,4511,512,-4.999999999999982,linear,49,7,56,49,13,36,0.1,0.095703125,0.0703125,2.9999999999999805,2.99999999999998e-06,mle,-0.13090224466155131,3.0646660362009843,ok,True,True,extraction,
dgs5,4513,2018-01-18,4001,4512,512,-4.999999999999982,linear,49,7,56,49,13,36,0.1,0.095703125,0.0703125,2.9999999999999805,2.99999999999998e-06,mle,-0.13090224466155131,3.0646660362009843,ok,True,True,extraction,
dgs5,4514,2018-01-19,4002,4513,512,-4.999999999999982,linear,49,7,56,49,13,36,0.1,0.095703125,0.0703125,2.9999999999999805,2.99999999999998e-06,mle,-0.13090224466155131,3.0646660362009843,ok,True,True,extraction,
dgs5,4515,2018-01-22,4003,4514,512,-4.999999999999982,linear,49,7,56,49,13,36,0.1,0.095703125,0.0703125,2.9999999999999805,2.99999999999998e-06,mle,-0.13090224466155131,3.0646660362009843,ok,True,True,extraction,
dgs5,4516,2018-01-23,4004,4515,512,-4.999999999999982,linear,49,7,56,49,13,36,0.1,0.095703125,0.0703125,2.9999999999999805,2.99999999999998e-06,mle,-0.13090224466155131,3.0646660362009843,ok,True,True,extraction,
dgs5,4517,2018-01-24,4005,4516,512,-4.999999999999982,linear,48,7,55,48,13,35,0.1,0.09375,0.068359375,2.9999999999999805,2.99999999999998e-06,mle,-0.12306236885361793,3.037012059672112,ok,True,True,extraction,
dgs5,4518,2018-01-25,4006,4517,512,-4.999999999999982,linear,48,7,55,48,13,35,0.1,0.09375,0.068359375,2.9999999999999805,2.99999999999998e-06,mle,-0.12306236885361793,3.037012059672112,ok,True,True,extraction,
dgs5,4519,2018-01-26,4007,4518,512,-4.999999999999982,linear,48,7,55,48,13,35,0.1,0.09375,0.068359375,2.499999999999991,2.499999999999991e-06,mle,-0.12306236885361793,3.037012059672112,ok,True,True,extraction,
dgs5,4520,2018-01-29,4008,4519,512,-4.999999999999982,linear,48,7,55,48,13,35,0.1,0.09375,0.068359375,2.9999999999999805,2.99999999999998e-06,mle,-0.12306236885361793,3.037012059672112,ok,True,True,extraction,
dgs5,4521,2018-01-30,4009,4520,512,-4.999999999999982,linear,48,7,55,48,13,35,0.1,0.09375,0.068359375,2.499999999999991,2.499999999999991e-06,mle,-0.12306236885361793,3.037012059672112,ok,True,True,extraction,
dgs5,4522,2018-01-31,4010,4521,512,-4.999999999999982,linear,48,7,55,48,13,35,0.1,0.09375,0.068359375,2.0000000000000018,2.0000000000000016e-06,mle,-0.12306236885361793,3.037012059672112,ok,True,True,extraction,
dgs5,4523,2018-02-01,4011,4522,512,-4.999999999999982,linear,48,7,55,48,13,35,0.1,0.09375,0.068359375,2.0000000000000018,2.0000000000000016e-06,mle,-0.12306236885361793,3.037012059672112,ok,True,True,extraction,
dgs5,4524,2018-02-02,4012,4523,512,-4.999999999999982,linear,47,7,54,47,13,34,0.1,0.091796875,0.06640625,2.0000000000000018,2.0000000000000016e-06,mle,-0.13193761566064346,3.1162725178701054,ok,True,True,extraction,
dgs5,4525,2018-02-05,4013,4524,512,-4.999999999999982,linear,47,7,54,47,13,34,0.1,0.091796875,0.06640625,2.0000000000000018,2.0000000000000016e-06,mle,-0.13193761566064346,3.1162725178701054,ok,True,True,extraction,
dgs5,4526,2018-02-06,4014,4525,512,-4.999999999999982,linear,47,7,54,47,12,35,0.1,0.091796875,0.068359375,2.0000000000000018,2.0000000000000016e-06,mle,-0.1394447459805781,3.141913248895837,ok,True,True,extraction,
dgs5,4527,2018-02-07,4015,4526,512,-4.999999999999982,linear,47,7,54,47,12,35,0.1,0.091796875,0.068359375,2.0000000000000018,2.0000000000000016e-06,mle,-0.1394447459805781,3.141913248895837,ok,True,True,extraction,
dgs5,4528,2018-02-08,4016,4527,512,-4.999999999999982,linear,47,7,54,47,12,35,0.1,0.091796875,0.068359375,2.0000000000000018,2.0000000000000016e-06,mle,-0.1394447459805781,3.141913248895837,ok,True,True,extraction,
dgs5,4529,2018-02-09,4017,4528,512,-4.999999999999982,linear,47,7,54,47,12,35,0.1,0.091796875,0.068359375,2.0000000000000018,2.0000000000000016e-06,mle,-0.1394447459805781,3.141913248895837,ok,True,True,extraction,
dgs5,4530,2018-02-12,4018,4529,512,-4.999999999999982,linear,47,8,55,47,12,35,0.1,0.091796875,0.068359375,2.0000000000000018,2.0000000000000016e-06,mle,-0.1394447459805781,3.141913248895837,ok,True,True,extraction,
dgs5,4531,2018-02-13,4019,4530,512,-4.999999999999982,linear,47,8,55,47,12,35,0.1,0.091796875,0.068359375,2.499999999999991,2.499999999999991e-06,mle,-0.1394447459805781,3.141913248895837,ok,True,True,extraction,
dgs5,4532,2018-02-14,4020,4531,512,-4.999999999999982,linear,47,8,55,47,12,35,0.1,0.091796875,0.068359375,2.0000000000000018,2.0000000000000016e-06,mle,-0.1394447459805781,3.141913248895837,ok,True,True,extraction,
dgs5,4533,2018-02-15,4021,4532,512,-4.999999999999982,linear,46,8,54,46,12,34,0.1,0.08984375,0.06640625,2.0000000000000018,2.0000000000000016e-06,mle,-0.13984018918382196,3.1696330560815356,ok,True,True,extraction,
dgs5,4534,2018-02-16,4022,4533,512,-4.999999999999982,linear,46,8,54,46,12,34,0.1,0.08984375,0.06640625,2.0000000000000018,2.0000000000000016e-06,mle,-0.13984018918382196,3.1696330560815356,ok,True,True,extraction,
dgs5,4535,2018-02-20,4023,4534,512,-4.999999999999982,linear,45,8,53,45,12,33,0.1,0.087890625,0.064453125,2.0000000000000018,2.0000000000000016e-06,mle,-0.12060748357086104,3.0448126564592495,ok,True,True,extraction,
dgs5,4536,2018-02-21,4024,4535,512,-4.999999999999982,linear,45,8,53,45,12,33,0.1,0.087890625,0.064453125,2.0000000000000018,2.0000000000000016e-06,mle,-0.12060748357086104,3.0448126564592495,ok,True,True,extraction,
dgs5,4537,2018-02-22,4025,4536,512,-4.999999999999982,linear,45,8,53,45,12,33,0.1,0.087890625,0.064453125,2.0000000000000018,2.0000000000000016e-06,mle,-0.12060748357086104,3.0448126564592495,ok,True,True,extraction,
dgs5,4538,2018-02-23,4026,4537,512,-4.999999999999982,linear,45,8,53,45,12,33,0.1,0.087890625,0.064453125,2.0000000000000018,2.0000000000000016e-06,mle,-0.12060748357086104,3.0448126564592495,ok,True,True,extraction,
dgs5,4539,2018-02-26,4027,4538,512,-4.899999999999983,linear,52,0,52,52,0,52,0.1,0.1015625,0.1015625,2.0000000000000018,2.0000000000000016e-06,mle,0.41173562014044696,1.1153194426432838,ok,True,True,extraction,
dgs5,4540,2018-02-27,4028,4539,512,-4.899999999999983,linear,52,0,52,52,0,52,0.1,0.1015625,0.1015625,2.0000000000000018,2.0000000000000016e-06,mle,0.41173562014044696,1.1153194426432838,ok,True,True,extraction,
dgs5,4541,2018-02-28,4029,4540,512,-4.899999999999983,linear,52,0,52,52,0,52,0.1,0.1015625,0.1015625,2.499999999999991,2.499999999999991e-06,mle,0.41173562014044696,1.1153194426432838,ok,True,True,extraction,
dgs5,4542,2018-03-01,4030,4541,512,-4.899999999999983,linear,52,0,52,52,0,52,0.1,0.1015625,0.1015625,2.0000000000000018,2.0000000000000016e-06,mle,0.41173562014044696,1.1153194426432838,ok,True,True,extraction,
dgs5,4543,2018-03-02,4031,4542,512,-4.999999999999982,linear,45,8,53,45,12,33,0.1,0.087890625,0.064453125,2.0000000000000018,2.0000000000000016e-06,mle,-0.10604087199177814,2.940542665835639,ok,True,True,extraction,
dgs5,4544,2018-03-05,4032,4543,512,-4.999999999999982,linear,45,8,53,45,12,33,0.1,0.087890625,0.064453125,2.0000000000000018,2.0000000000000016e-06,mle,-0.10604087199177814,2.940542665835639,ok,True,True,extraction,
dgs5,4545,2018-03-06,4033,4544,512,-4.999999999999982,linear,45,8,53,45,12,33,0.1,0.087890625,0.064453125,2.0000000000000018,2.0000000000000016e-06,mle,-0.10604087199177814,2.940542665835639,ok,True,True,extraction,
dgs5,4546,2018-03-07,4034,4545,512,-4.899999999999983,linear,52,0,52,52,0,52,0.1,0.1015625,0.1015625,2.0000000000000018,2.0000000000000016e-06,mle,0.3139007070136426,1.2718293437463304,ok,True,True,extraction,
dgs5,4547,2018-03-08,4035,4546,512,-4.899999999999983,linear,52,0,52,52,0,52,0.1,0.1015625,0.1015625,2.0000000000000018,2.0000000000000016e-06,mle,0.3139007070136426,1.2718293437463304,ok,True,True,extraction,
dgs5,4548,2018-03-09,4036,4547,512,-4.899999999999983,linear,52,0,52,52,0,52,0.1,0.1015625,0.1015625,2.0000000000000018,2.0000000000000016e-06,mle,0.3139007070136426,1.2718293437463304,ok,True,True,extraction,
dgs5,4549,2018-03-12,4037,4548,512,-4.899999999999983,linear,52,0,52,52,0,52,0.1,0.1015625,0.1015625,2.0000000000000018,2.0000000000000016e-06,mle,0.3139007070136426,1.2718293437463304,ok,True,True,extraction,
dgs5,4550,2018-03-13,4038,4549,512,-4.899999999999983,linear,52,0,52,52,0,52,0.1,0.1015625,0.1015625,2.0000000000000018,2.0000000000000016e-06,mle,0.3139007070136426,1.2718293437463304,ok,True,True,extraction,
dgs5,4551,2018-03-14,4039,4550,512,-4.0000000000000036,linear,51,24,75,51,0,51,0.1,0.099609375,0.099609375,2.0000000000000018,2.0000000000000016e-06,mle,-0.12377919181256068,3.0475160191047714,ok,True,True,extraction,
dgs5,4552,2018-03-15,4040,4551,512,-4.0000000000000036,linear,51,24,75,51,0,51,0.1,0.099609375,0.099609375,2.0000000000000018,2.0000000000000016e-06,mle,-0.12377919181256068,3.0475160191047714,ok,True,True,extraction,
dgs5,4553,2018-03-16,4041,4552,512,-4.0000000000000036,linear,51,24,75,51,0,51,0.1,0.099609375,0.099609375,2.0000000000000018,2.0000000000000016e-06,mle,-0.12377919181256068,3.0475160191047714,ok,True,True,extraction,
dgs5,4554,2018-03-19,4042,4553,512,-4.0000000000000036,linear,51,24,75,51,0,51,0.1,0.099609375,0.099609375,2.0000000000000018,2.0000000000000016e-06,mle,-0.12377919181256068,3.0475160191047714,ok,True,True,extraction,
dgs5,4555,2018-03-20,4043,4554,512,-4.0000000000000036,linear,51,24,75,51,0,51,0.1,0.099609375,0.099609375,2.0000000000000018,2.0000000000000016e-06,mle,-0.12377919181256068,3.0475160191047714,ok,True,True,extraction,
dgs5,4556,2018-03-21,4044,4555,512,-4.0000000000000036,linear,51,24,75,51,0,51,0.1,0.099609375,0.099609375,2.0000000000000018,2.0000000000000016e-06,mle,-0.12377919181256068,3.0475160191047714,ok,True,True,extraction,
dgs5,4557,2018-03-22,4045,4556,512,-4.0000000000000036,linear,51,24,75,51,0,51,0.1,0.099609375,0.099609375,2.0000000000000018,2.0000000000000016e-06,mle,-0.12377919181256068,3.0475160191047714,ok,True,True,extraction,
dgs5,4558,2018-03-23,4046,4557,512,-4.899999999999983,linear,52,0,52,52,0,52,0.1,0.1015625,0.1015625,2.0000000000000018,2.0000000000000016e-06,mle,0.25953598556229557,1.3654031740372927,ok,True,True,extraction,
dgs5,4559,2018-03-26,4047,4558,512,-4.0000000000000036,linear,51,24,75,51,0,51,0.1,0.099609375,0.099609375,2.0000000000000018,2.0000000000000016e-06,mle,-0.11542398496100297,2.9830862394989204,ok,True,True,extraction,
dgs5,4560,2018-03-27,4048,4559,512,-4.0000000000000036,linear,51,24,75,51,0,51,0.1,0.099609375,0.099609375,2.0000000000000018,2.0000000000000016e-06,mle,-0.11542398496100297,2.9830862394989204,ok,True,True,extraction,
dgs5,4561,2018-03-28,4049,4560,512,-4.899999999999983,linear,52,0,52,52,0,52,0.1,0.1015625,0.1015625,2.0000000000000018,2.0000000000000016e-06,mle,0.2811281523525527,1.3021202327002674,ok,True,True,extraction,
dgs5,4562,2018-03-29,4050,4561,512,-4.899999999999983,linear,52,0,52,52,0,52,0.1,0.1015625,0.1015625,2.0000000000000018,2.0000000000000016e-06,mle,0.2811281523525527,1.3021202327002674,ok,True,True,extraction,
dgs5,4563,2018-04-02,4051,4562,512,-4.899999999999983,linear,52,0,52,52,0,52,0.1,0.1015625,0.1015625,2.0000000000000018,2.0000000000000016e-06,mle,0.2811281523525527,1.3021202327002674,ok,True,True,extraction,
dgs5,4564,2018-04-03,4052,4563,512,-4.899999999999983,linear,52,0,52,52,0,52,0.1,0.1015625,0.1015625,2.0000000000000018,2.0000000000000016e-06,mle,0.2811281523525527,1.3021202327002674,ok,True,True,extraction,
dgs5,4565,2018-04-04,4053,4564,512,-4.0000000000000036,linear,51,24,75,51,0,51,0.1,0.099609375,0.099609375,2.0000000000000018,2.0000000000000016e-06,mle,-0.10472578211130776,2.8913671540281394,ok,True,True,extraction,
dgs5,4566,2018-04-05,4054,4565,512,-4.0000000000000036,linear,51,24,75,51,0,51,0.1,0.099609375,0.099609375,2.0000000000000018,2.0000000000000016e-06,mle,-0.10472578211130776,2.8913671540281394,ok,True,True,extraction,
dgs5,4567,2018-04-06,4055,4566,512,-4.0000000000000036,linear,50,24,74,50,0,50,0.1,0.09765625,0.09765625,2.0000000000000018,2.0000000000000016e-06,mle,-0.10955950373384618,2.938953215437479,ok,True,True,extraction,
dgs5,4568,2018-04-09,4056,4567,512,-4.0000000000000036,linear,51,24,75,51,0,51,0.1,0.099609375,0.099609375,2.0000000000000018,2.0000000000000016e-06,mle,-0.11013499711828141,2.9256123225888735,ok,True,True,extraction,
dgs5,4569,2018-04-10,4057,4568,512,-4.0000000000000036,linear,51,24,75,51,0,51,0.1,0.099609375,0.099609375,2.0000000000000018,2.0000000000000016e-06,mle,-0.11013499711828141,2.9256123225888735,ok,True,True,extraction,
dgs5,4570,2018-04-11,4058,4569,512,-4.0000000000000036,linear,50,24,74,50,0,50,0.1,0.09765625,0.09765625,2.0000000000000018,2.0000000000000016e-06,mle,-0.11500401036874958,2.9738746798027837,ok,True,True,extraction,
dgs5,4571,2018-04-12,4059,4570,512,-4.0000000000000036,linear,50,24,74,50,0,50,0.1,0.09765625,0.09765625,2.0000000000000018,2.0000000000000016e-06,mle,-0.11500401036874958,2.9738746798027837,ok,True,True,extraction,
dgs5,4572,2018-04-13,4060,4571,512,-4.0000000000000036,linear,50,24,74,50,0,50,0.1,0.09765625,0.09765625,2.0000000000000018,2.0000000000000016e-06,mle,-0.11500401036874958,2.9738746798027837,ok,True,True,extraction,
dgs5,4573,2018-04-16,4061,4572,512,-4.0000000000000036,linear,49,24,73,49,0,49,0.1,0.095703125,0.095703125,2.0000000000000018,2.0000000000000016e-06,mle,-0.10612245171572789,2.922822121971693,ok,True,True,extraction,
dgs5,4574,2018-04-17,4062,4573,512,-4.0000000000000036,linear,49,24,73,49,0,49,0.1,0.095703125,0.095703125,2.0000000000000018,2.0000000000000016e-06,mle,-0.10612245171572789,2.922822121971693,ok,True,True,extraction,
dgs5,4575,2018-04-18,4063,4574,512,-4.0000000000000036,linear,48,24,72,48,0,48,0.1,0.09375,0.09375,2.0000000000000018,2.0000000000000016e-06,mle,-0.1112544940763133,2.9733839229720234,ok,True,True,extraction,
dgs5,4576,2018-04-19,4064,4575,512,-4.0000000000000036,linear,48,24,72,48,0,48,0.1,0.09375,0.09375,2.0000000000000018,2.0000000000000016e-06,mle,-0.1112544940763133,2.9733839229720234,ok,True,True,extraction,
dgs5,4577,2018-04-20,4065,4576,512,-4.0000000000000036,linear,48,24,72,48,0,48,0.1,0.09375,0.09375,2.0000000000000018,2.0000000000000016e-06,mle,-0.1112544940763133,2.9733839229720234,ok,True,True,extraction,
dgs5,4578,2018-04-23,4066,4577,512,-4.0000000000000036,linear,47,24,71,47,0,47,0.1,0.091796875,0.091796875,2.0000000000000018,2.0000000000000016e-06,mle,-0.11664638735023436,3.0265040934819027,ok,True,True,extraction,
dgs5,4579,2018-04-24,4067,4578,512,-4.0000000000000036,linear,47,24,71,47,0,47,0.1,0.091796875,0.091796875,2.0000000000000018,2.0000000000000016e-06,mle,-0.11664638735023436,3.0265040934819027,ok,True,True,extraction,
dgs5,4580,2018-04-25,4068,4579,512,-4.0000000000000036,linear,46,24,70,46,0,46,0.1,0.08984375,0.08984375,2.0000000000000018,2.0000000000000016e-06,mle,-0.11642450760285486,3.0439561802059387,ok,True,True,extraction,
dgs5,4581,2018-04-26,4069,4580,512,-4.0000000000000036,linear,46,24,70,46,0,46,0.1,0.08984375,0.08984375,2.0000000000000018,2.0000000000000016e-06,mle,-0.11642450760285486,3.0439561802059387,ok,True,True,extraction,
dgs5,4582,2018-04-27,4070,4581,512,-4.0000000000000036,linear,46,24,70,46,0,46,0.1,0.08984375,0.08984375,2.0000000000000018,2.0000000000000016e-06,mle,-0.11642450760285486,3.0439561802059387,ok,True,True,extraction,
dgs5,4583,2018-04-30,4071,4582,512,-4.0000000000000036,linear,46,24,70,46,0,46,0.1,0.08984375,0.08984375,2.0000000000000018,2.0000000000000016e-06,mle,-0.11642450760285486,3.0439561802059387,ok,True,True,extraction,
dgs5,4584,2018-05-01,4072,4583,512,-4.0000000000000036,linear,46,24,70,46,0,46,0.1,0.08984375,0.08984375,2.0000000000000018,2.0000000000000016e-06,mle,-0.11642450760285486,3.0439561802059387,ok,True,True,extraction,
dgs5,4585,2018-05-02,4073,4584,512,-4.0000000000000036,linear,46,24,70,46,0,46,0.1,0.08984375,0.08984375,2.0000000000000018,2.0000000000000016e-06,mle,-0.11642450760285486,3.0439561802059387,ok,True,True,extraction,
dgs5,4586,2018-05-03,4074,4585,512,-4.0000000000000036,linear,46,23,69,46,0,46,0.1,0.08984375,0.08984375,2.0000000000000018,2.0000000000000016e-06,mle,-0.11642450760285486,3.0439561802059387,ok,True,True,extraction,
dgs5,4587,2018-05-04,4075,4586,512,-4.0000000000000036,linear,46,23,69,46,0,46,0.1,0.08984375,0.08984375,2.0000000000000018,2.0000000000000016e-06,mle,-0.11642450760285486,3.0439561802059387,ok,True,True,extraction,
dgs5,4588,2018-05-07,4076,4587,512,-4.0000000000000036,linear,46,23,69,46,0,46,0.1,0.08984375,0.08984375,2.0000000000000018,2.0000000000000016e-06,mle,-0.11642450760285486,3.0439561802059387,ok,True,True,extraction,
dgs5,4589,2018-05-08,4077,4588,512,-4.0000000000000036,linear,46,23,69,46,0,46,0.1,0.08984375,0.08984375,2.0000000000000018,2.0000000000000016e-06,mle,-0.11642450760285486,3.0439561802059387,ok,True,True,extraction,
dgs5,4590,2018-05-09,4078,4589,512,-4.0000000000000036,linear,46,23,69,46,0,46,0.1,0.08984375,0.08984375,2.0000000000000018,2.0000000000000016e-06,mle,-0.11642450760285486,3.0439561802059387,ok,True,True,extraction,
dgs5,4591,2018-05-10,4079,4590,512,-4.0000000000000036,linear,46,23,69,46,0,46,0.1,0.08984375,0.08984375,2.0000000000000018,2.0000000000000016e-06,mle,-0.11642450760285486,3.0439561802059387,ok,True,True,extraction,
dgs5,4592,2018-05-11,4080,4591,512,-4.0000000000000036,linear,46,23,69,46,0,46,0.1,0.08984375,0.08984375,2.0000000000000018,2.0000000000000016e-06,mle,-0.11642450760285486,3.0439561802059387,ok,True,True,extraction,
dgs5,4593,2018-05-14,4081,4592,512,-4.0000000000000036,linear,46,23,69,46,0,46,0.1,0.08984375,0.08984375,2.0000000000000018,2.0000000000000016e-06,mle,-0.11642450760285486,3.0439561802059387,ok,True,True,extraction,
dgs5,4594,2018-05-15,4082,4593,512,-4.0000000000000036,linear,45,23,68,45,0,45,0.1,0.087890625,0.087890625,2.0000000000000018,2.0000000000000016e-06,mle,-0.11092181553851949,3.024386987831698,ok,True,True,extraction,
dgs5,4595,2018-05-16,4083,4594,512,-4.0000000000000036,linear,44,23,67,44,0,44,0.1,0.0859375,0.0859375,2.0000000000000018,2.0000000000000016e-06,mle,-0.1170142397272239,3.0835375093058133,ok,True,True,extraction,
dgs5,4596,2018-05-17,4084,4595,512,-4.0000000000000036,linear,44,23,67,44,0,44,0.1,0.0859375,0.0859375,2.0000000000000018,2.0000000000000016e-06,mle,-0.1170142397272239,3.0835375093058133,ok,True,True,extraction,
dgs5,4597,2018-05-18,4085,4596,512,-4.0000000000000036,linear,44,23,67,44,0,44,0.1,0.0859375,0.0859375,2.0000000000000018,2.0000000000000016e-06,mle,-0.1170142397272239,3.0835375093058133,ok,True,True,extraction,
dgs5,4598,2018-05-21,4086,4597,512,-4.0000000000000036,linear,43,24,67,43,0,43,0.1,0.083984375,0.083984375,2.0000000000000018,2.0000000000000016e-06,mle,-0.11128442007212355,3.0636936973629485,ok,True,True,extraction,
dgs5,4599,2018-05-22,4087,4598,512,-4.0000000000000036,linear,43,24,67,43,0,43,0.1,0.083984375,0.083984375,2.0000000000000018,2.0000000000000016e-06,mle,-0.11128442007212355,3.0636936973629485,ok,True,True,extraction,
dgs5,4600,2018-05-23,4088,4599,512,-4.0000000000000036,linear,43,24,67,43,0,43,0.1,0.083984375,0.083984375,2.0000000000000018,2.0000000000000016e-06,mle,-0.11128442007212355,3.0636936973629485,ok,True,True,extraction,
dgs5,4601,2018-05-24,4089,4600,512,-4.0000000000000036,linear,44,24,68,44,0,44,0.1,0.0859375,0.0859375,2.0000000000000018,2.0000000000000016e-06,mle,-0.1170142397272239,3.0835375093058133,ok,True,True,extraction,
dgs5,4602,2018-05-25,4090,4601,512,-4.0000000000000036,linear,44,24,68,44,0,44,0.1,0.0859375,0.0859375,2.0000000000000018,2.0000000000000016e-06,mle,-0.1170142397272239,3.0835375093058133,ok,True,True,extraction,
dgs5,4603,2018-05-29,4091,4602,512,-4.0000000000000036,linear,45,24,69,45,0,45,0.1,0.087890625,0.087890625,2.0000000000000018,2.0000000000000016e-06,mle,-0.1171026383118447,3.0640555861762886,ok,True,True,extraction,
dgs5,4604,2018-05-30,4092,4603,512,-4.0000000000000036,linear,46,24,70,46,0,46,0.1,0.08984375,0.08984375,2.0000000000000018,2.0000000000000016e-06,mle,-0.05359382955212538,3.158665835904997,ok,True,True,extraction,
dgs5,4605,2018-05-31,4093,4604,512,-4.0000000000000036,linear,46,24,70,46,0,46,0.1,0.08984375,0.08984375,2.0000000000000018,2.0000000000000016e-06,mle,-0.05359382955212538,3.158665835904997,ok,True,True,extraction,
dgs5,4606,2018-06-01,4094,4605,512,-4.0000000000000036,linear,46,24,70,46,0,46,0.1,0.08984375,0.08984375,2.0000000000000018,2.0000000000000016e-06,mle,-0.05359382955212538,3.158665835904997,ok,True,True,extraction,
dgs5,4607,2018-06-04,4095,4606,512,-4.0000000000000036,linear,46,24,70,46,0,46,0.1,0.08984375,0.08984375,2.0000000000000018,2.0000000000000016e-06,mle,-0.05359382955212538,3.158665835904997,ok,True,True,extraction,
dgs5,4608,2018-06-05,4096,4607,512,-4.0000000000000036,linear,46,24,70,46,0,46,0.1,0.08984375,0.08984375,2.0000000000000018,2.0000000000000016e-06,mle,-0.05359382955212538,3.158665835904997,ok,True,True,extraction,
dgs5,4609,2018-06-06,4097,4608,512,-4.0000000000000036,linear,46,24,70,46,0,46,0.1,0.08984375,0.08984375,2.0000000000000018,2.0000000000000016e-06,mle,-0.05359382955212538,3.158665835904997,ok,True,True,extraction,
dgs5,4610,2018-06-07,4098,4609,512,-4.0000000000000036,linear,46,24,70,46,0,46,0.1,0.08984375,0.08984375,2.0000000000000018,2.0000000000000016e-06,mle,-0.05359382955212538,3.158665835904997,ok,True,True,extraction,
dgs5,4611,2018-06-08,4099,4610,512,-4.0000000000000036,linear,46,25,71,46,0,46,0.1,0.08984375,0.08984375,2.0000000000000018,2.0000000000000016e-06,mle,-0.05359382955212538,3.158665835904997,ok,True,True,extraction,
dgs5,4612,2018-06-11,4100,4611,512,-4.0000000000000036,linear,46,25,71,46,0,46,0.1,0.08984375,0.08984375,2.0000000000000018,2.0000000000000016e-06,mle,-0.05359382955212538,3.158665835904997,ok,True,True,extraction,
dgs5,4613,2018-06-12,4101,4612,512,-4.0000000000000036,linear,46,25,71,46,0,46,0.1,0.08984375,0.08984375,2.0000000000000018,2.0000000000000016e-06,mle,-0.05359382955212538,3.158665835904997,ok,True,True,extraction,
dgs5,4614,2018-06-13,4102,4613,512,-4.0000000000000036,linear,46,25,71,46,0,46,0.1,0.08984375,0.08984375,2.0000000000000018,2.0000000000000016e-06,mle,-0.05359382955212538,3.158665835904997,ok,True,True,extraction,
dgs5,4615,2018-06-14,4103,4614,512,-4.0000000000000036,linear,45,25,70,45,0,45,0.1,0.087890625,0.087890625,2.0000000000000018,2.0000000000000016e-06,mle,-0.060434831009375176,3.2257782759089366,ok,True,True,extraction,
dgs5,4616,2018-06-15,4104,4615,512,-4.0000000000000036,linear,45,26,71,45,0,45,0.1,0.087890625,0.087890625,2.0000000000000018,2.0000000000000016e-06,mle,-0.060434831009375176,3.2257782759089366,ok,True,True,extraction,
dgs5,4617,2018-06-18,4105,4616,512,-4.0000000000000036,linear,45,26,71,45,0,45,0.1,0.087890625,0.087890625,2.0000000000000018,2.0000000000000016e-06,mle,-0.060434831009375176,3.2257782759089366,ok,True,True,extraction,
dgs5,4618,2018-06-19,4106,4617,512,-4.0000000000000036,linear,45,26,71,45,0,45,0.1,0.087890625,0.087890625,2.0000000000000018,2.0000000000000016e-06,mle,-0.060434831009375176,3.2257782759089366,ok,True,True,extraction,
dgs5,4619,2018-06-20,4107,4618,512,-4.0000000000000036,linear,45,26,71,45,0,45,0.1,0.087890625,0.087890625,2.0000000000000018,2.0000000000000016e-06,mle,-0.060434831009375176,3.2257782759089366,ok,True,True,extraction,
dgs5,4620,2018-06-21,4108,4619,512,-4.0000000000000036,linear,44,26,70,44,0,44,0.1,0.0859375,0.0859375,2.0000000000000018,2.0000000000000016e-06,mle,-0.05162417642367029,3.0566225351042595,ok,True,True,extraction,
dgs5,4621,2018-06-22,4109,4620,512,-4.0000000000000036,linear,44,26,70,44,0,44,0.1,0.0859375,0.0859375,2.0000000000000018,2.0000000000000016e-06,mle,-0.05162417642367029,3.0566225351042595,ok,True,True,extraction,
dgs5,4622,2018-06-25,4110,4621,512,-4.0000000000000036,linear,44,26,70,44,0,44,0.1,0.0859375,0.0859375,2.0000000000000018,2.0000000000000016e-06,mle,-0.05162417642367029,3.0566225351042595,ok,True,True,extraction,
dgs5,4623,2018-06-26,4111,4622,512,-4.0000000000000036,linear,44,26,70,44,0,44,0.1,0.0859375,0.0859375,2.0000000000000018,2.0000000000000016e-06,mle,-0.05162417642367029,3.0566225351042595,ok,True,True,extraction,
dgs5,4624,2018-06-27,4112,4623,512,-4.0000000000000036,linear,44,26,70,44,0,44,0.1,0.0859375,0.0859375,2.0000000000000018,2.0000000000000016e-06,mle,-0.05162417642367029,3.0566225351042595,ok,True,True,extraction,
dgs5,4625,2018-06-28,4113,4624,512,-4.0000000000000036,linear,43,27,70,43,0,43,0.1,0.083984375,0.083984375,2.0000000000000018,2.0000000000000016e-06,mle,-0.057729182033393715,3.1206985683891793,ok,True,True,extraction,
dgs5,4626,2018-06-29,4114,4625,512,-4.0000000000000036,linear,43,27,70,43,0,43,0.1,0.083984375,0.083984375,2.0000000000000018,2.0000000000000016e-06,mle,-0.057729182033393715,3.1206985683891793,ok,True,True,extraction,
dgs5,4627,2018-07-02,4115,4626,512,-4.0000000000000036,linear,43,27,70,43,0,43,0.1,0.083984375,0.083984375,2.0000000000000018,2.0000000000000016e-06,mle,-0.057729182033393715,3.1206985683891793,ok,True,True,extraction,
dgs5,4628,2018-07-03,4116,4627,512,-4.0000000000000036,linear,42,27,69,42,0,42,0.1,0.08203125,0.08203125,2.0000000000000018,2.0000000000000016e-06,mle,-0.06420171238786711,3.188479623198349,ok,True,True,extraction,
dgs5,4629,2018-07-05,4117,4628,512,-4.0000000000000036,linear,42,27,69,42,0,42,0.1,0.08203125,0.08203125,2.0000000000000018,2.0000000000000016e-06,mle,-0.06420171238786711,3.188479623198349,ok,True,True,extraction,
dgs5,4630,2018-07-06,4118,4629,512,-4.0000000000000036,linear,42,27,69,42,0,42,0.1,0.08203125,0.08203125,2.0000000000000018,2.0000000000000016e-06,mle,-0.06420171238786711,3.188479623198349,ok,True,True,extraction,
dgs5,4631,2018-07-09,4119,4630,512,-4.0000000000000036,linear,42,27,69,42,0,42,0.1,0.08203125,0.08203125,2.0000000000000018,2.0000000000000016e-06,mle,-0.06420171238786711,3.188479623198349,ok,True,True,extraction,
dgs5,4632,2018-07-10,4120,4631,512,-4.0000000000000036,linear,42,27,69,42,0,42,0.1,0.08203125,0.08203125,2.0000000000000018,2.0000000000000016e-06,mle,-0.06420171238786711,3.188479623198349,ok,True,True,extraction,
dgs5,4633,2018-07-11,4121,4632,512,-4.0000000000000036,linear,42,27,69,42,0,42,0.1,0.08203125,0.08203125,2.0000000000000018,2.0000000000000016e-06,mle,-0.06420171238786711,3.188479623198349,ok,True,True,extraction,
dgs5,4634,2018-07-12,4122,4633,512,-4.0000000000000036,linear,42,27,69,42,0,42,0.1,0.08203125,0.08203125,2.0000000000000018,2.0000000000000016e-06,mle,-0.06420171238786711,3.188479623198349,ok,True,True,extraction,
dgs5,4635,2018-07-13,4123,4634,512,-4.0000000000000036,linear,41,27,68,41,0,41,0.1,0.080078125,0.080078125,2.0000000000000018,2.0000000000000016e-06,mle,-0.09980624577549255,3.0151115076866084,ok,True,True,extraction,
dgs5,4636,2018-07-16,4124,4635,512,-4.0000000000000036,linear,40,27,67,40,0,40,0.1,0.078125,0.078125,2.0000000000000018,2.0000000000000016e-06,mle,-0.09100129142238667,2.9599728431751386,ok,True,True,extraction,
dgs5,4637,2018-07-17,4125,4636,512,-4.0000000000000036,linear,40,27,67,40,0,40,0.1,0.078125,0.078125,2.0000000000000018,2.0000000000000016e-06,mle,-0.09100129142238667,2.9599728431751386,ok,True,True,extraction,
dgs5,4638,2018-07-18,4126,4637,512,-4.0000000000000036,linear,40,27,67,40,0,40,0.1,0.078125,0.078125,2.0000000000000018,2.0000000000000016e-06,mle,-0.09100129142238667,2.9599728431751386,ok,True,True,extraction,
dgs5,4639,2018-07-19,4127,4638,512,-4.0000000000000036,linear,40,27,67,40,0,40,0.1,0.078125,0.078125,2.0000000000000018,2.0000000000000016e-06,mle,-0.09100129142238667,2.9599728431751386,ok,True,True,extraction,
dgs5,4640,2018-07-20,4128,4639,512,-4.0000000000000036,linear,40,27,67,40,0,40,0.1,0.078125,0.078125,2.0000000000000018,2.0000000000000016e-06,mle,-0.09100129142238667,2.9599728431751386,ok,True,True,extraction,
dgs5,4641,2018-07-23,4129,4640,512,-4.0000000000000036,linear,39,27,66,39,0,39,0.1,0.076171875,0.076171875,2.0000000000000018,2.0000000000000016e-06,mle,-0.09052993358740782,2.9794438363600735,ok,True,True,extraction,
dgs5,4642,2018-07-24,4130,4641,512,-4.0000000000000036,linear,39,27,66,39,0,39,0.1,0.076171875,0.076171875,2.0000000000000018,2.0000000000000016e-06,mle,-0.09052993358740782,2.9794438363600735,ok,True,True,extraction,
dgs5,4643,2018-07-25,4131,4642,512,-4.0000000000000036,linear,39,27,66,39,0,39,0.1,0.076171875,0.076171875,2.0000000000000018,2.0000000000000016e-06,mle,-0.09052993358740782,2.9794438363600735,ok,True,True,extraction,
dgs5,4644,2018-07-26,4132,4643,512,-4.0000000000000036,linear,39,27,66,39,0,39,0.1,0.076171875,0.076171875,2.0000000000000018,2.0000000000000016e-06,mle,-0.09052993358740782,2.9794438363600735,ok,True,True,extraction,
dgs5,4645,2018-07-27,4133,4644,512,-4.0000000000000036,linear,39,27,66,39,0,39,0.1,0.076171875,0.076171875,2.0000000000000018,2.0000000000000016e-06,mle,-0.09052993358740782,2.9794438363600735,ok,True,True,extraction,
dgs5,4646,2018-07-30,4134,4645,512,-4.0000000000000036,linear,39,27,66,39,0,39,0.1,0.076171875,0.076171875,2.0000000000000018,2.0000000000000016e-06,mle,-0.09052993358740782,2.9794438363600735,ok,True,True,extraction,
dgs5,4647,2018-07-31,4135,4646,512,-4.0000000000000036,linear,39,27,66,39,0,39,0.1,0.076171875,0.076171875,2.0000000000000018,2.0000000000000016e-06,mle,-0.09052993358740782,2.9794438363600735,ok,True,True,extraction,
dgs5,4648,2018-08-01,4136,4647,512,-4.0000000000000036,linear,39,27,66,39,0,39,0.1,0.076171875,0.076171875,2.0000000000000018,2.0000000000000016e-06,mle,-0.09052993358740782,2.9794438363600735,ok,True,True,extraction,
dgs5,4649,2018-08-02,4137,4648,512,-4.0000000000000036,linear,39,27,66,39,0,39,0.1,0.076171875,0.076171875,2.0000000000000018,2.0000000000000016e-06,mle,-0.09052993358740782,2.9794438363600735,ok,True,True,extraction,
dgs5,4650,2018-08-03,4138,4649,512,-4.0000000000000036,linear,39,27,66,39,0,39,0.1,0.076171875,0.076171875,2.0000000000000018,2.0000000000000016e-06,mle,-0.09052993358740782,2.9794438363600735,ok,True,True,extraction,
dgs5,4651,2018-08-06,4139,4650,512,-4.0000000000000036,linear,39,27,66,39,0,39,0.1,0.076171875,0.076171875,2.0000000000000018,2.0000000000000016e-06,mle,-0.09052993358740782,2.9794438363600735,ok,True,True,extraction,
dgs5,4652,2018-08-07,4140,4651,512,-4.0000000000000036,linear,39,27,66,39,0,39,0.1,0.076171875,0.076171875,2.0000000000000018,2.0000000000000016e-06,mle,-0.09052993358740782,2.9794438363600735,ok,True,True,extraction,
dgs5,4653,2018-08-08,4141,4652,512,-4.0000000000000036,linear,39,27,66,39,0,39,0.1,0.076171875,0.076171875,2.0000000000000018,2.0000000000000016e-06,mle,-0.09052993358740782,2.9794438363600735,ok,True,True,extraction,
dgs5,4654,2018-08-09,4142,4653,512,-4.0000000000000036,linear,39,27,66,39,0,39,0.1,0.076171875,0.076171875,2.0000000000000018,2.0000000000000016e-06,mle,-0.09052993358740782,2.9794438363600735,ok,True,True,extraction,
dgs5,4655,2018-08-10,4143,4654,512,-4.0000000000000036,linear,39,27,66,39,0,39,0.1,0.076171875,0.076171875,2.0000000000000018,2.0000000000000016e-06,mle,-0.09052993358740782,2.9794438363600735,ok,True,True,extraction,
dgs5,4656,2018-08-13,4144,4655,512,-4.0000000000000036,linear,40,27,67,40,0,40,0.1,0.078125,0.078125,2.0000000000000018,2.0000000000000016e-06,mle,-0.08524764071181404,2.919163432759862,ok,True,True,extraction,
dgs5,4657,2018-08-14,4145,4656,512,-4.0000000000000036,linear,39,27,66,39,0,39,0.1,0.076171875,0.076171875,2.0000000000000018,2.0000000000000016e-06,mle,-0.09052993358740782,2.9794438363600735,ok,True,True,extraction,
dgs5,4658,2018-08-15,4146,4657,512,-4.0000000000000036,linear,39,27,66,39,0,39,0.1,0.076171875,0.076171875,2.0000000000000018,2.0000000000000016e-06,mle,-0.09052993358740782,2.9794438363600735,ok,True,True,extraction,
dgs5,4659,2018-08-16,4147,4658,512,-4.0000000000000036,linear,38,28,66,38,0,38,0.1,0.07421875,0.07421875,2.0000000000000018,2.0000000000000016e-06,mle,-0.09007976449041358,2.999991676064199,ok,True,True,extraction,
dgs5,4660,2018-08-17,4148,4659,512,-4.0000000000000036,linear,38,28,66,38,0,38,0.1,0.07421875,0.07421875,2.0000000000000018,2.0000000000000016e-06,mle,-0.09007976449041358,2.999991676064199,ok,True,True,extraction,
dgs5,4661,2018-08-20,4149,4660,512,-4.0000000000000036,linear,38,28,66,38,0,38,0.1,0.07421875,0.07421875,2.0000000000000018,2.0000000000000016e-06,mle,-0.09007976449041358,2.999991676064199,ok,True,True,extraction,
dgs5,4662,2018-08-21,4150,4661,512,-4.0000000000000036,linear,39,28,67,39,0,39,0.1,0.076171875,0.076171875,2.0000000000000018,2.0000000000000016e-06,mle,-0.08453566578458532,2.937176253500222,ok,True,True,extraction,
dgs5,4663,2018-08-22,4151,4662,512,-4.0000000000000036,linear,39,27,66,39,0,39,0.1,0.076171875,0.076171875,2.0000000000000018,2.0000000000000016e-06,mle,-0.08453566578458532,2.937176253500222,ok,True,True,extraction,
dgs5,4664,2018-08-23,4152,4663,512,-4.0000000000000036,linear,39,27,66,39,0,39,0.1,0.076171875,0.076171875,2.0000000000000018,2.0000000000000016e-06,mle,-0.08453566578458532,2.937176253500222,ok,True,True,extraction,
dgs5,4665,2018-08-24,4153,4664,512,-4.0000000000000036,linear,39,27,66,39,0,39,0.1,0.076171875,0.076171875,2.0000000000000018,2.0000000000000016e-06,mle,-0.08453566578458532,2.937176253500222,ok,True,True,extraction,
dgs5,4666,2018-08-27,4154,4665,512,-4.0000000000000036,linear,39,27,66,39,0,39,0.1,0.076171875,0.076171875,2.0000000000000018,2.0000000000000016e-06,mle,-0.08453566578458532,2.937176253500222,ok,True,True,extraction,
dgs5,4667,2018-08-28,4155,4666,512,-4.0000000000000036,linear,39,26,65,39,0,39,0.1,0.076171875,0.076171875,2.0000000000000018,2.0000000000000016e-06,mle,-0.08453566578458532,2.937176253500222,ok,True,True,extraction,
dgs5,4668,2018-08-29,4156,4667,512,-4.0000000000000036,linear,39,26,65,39,0,39,0.1,0.076171875,0.076171875,2.0000000000000018,2.0000000000000016e-06,mle,-0.08453566578458532,2.937176253500222,ok,True,True,extraction,
dgs5,4669,2018-08-30,4157,4668,512,-4.0000000000000036,linear,38,26,64,38,0,38,0.1,0.07421875,0.07421875,2.0000000000000018,2.0000000000000016e-06,mle,-0.08382310224994335,2.956191908867192,ok,True,True,extraction,
dgs5,4670,2018-08-31,4158,4669,512,-4.0000000000000036,linear,38,26,64,38,0,38,0.1,0.07421875,0.07421875,2.0000000000000018,2.0000000000000016e-06,mle,-0.08382310224994335,2.956191908867192,ok,True,True,extraction,
dgs5,4671,2018-09-04,4159,4670,512,-4.0000000000000036,linear,38,26,64,38,0,38,0.1,0.07421875,0.07421875,2.0000000000000018,2.0000000000000016e-06,mle,-0.08382310224994335,2.956191908867192,ok,True,True,extraction,
dgs5,4672,2018-09-05,4160,4671,512,-4.0000000000000036,linear,38,26,64,38,0,38,0.1,0.07421875,0.07421875,2.0000000000000018,2.0000000000000016e-06,mle,-0.08382310224994335,2.956191908867192,ok,True,True,extraction,
dgs5,4673,2018-09-06,4161,4672,512,-4.0000000000000036,linear,38,26,64,38,0,38,0.1,0.07421875,0.07421875,2.0000000000000018,2.0000000000000016e-06,mle,-0.08382310224994335,2.956191908867192,ok,True,True,extraction,
dgs5,4674,2018-09-07,4162,4673,512,-4.0000000000000036,linear,38,26,64,38,0,38,0.1,0.07421875,0.07421875,2.0000000000000018,2.0000000000000016e-06,mle,-0.08382310224994335,2.956191908867192,ok,True,True,extraction,
dgs5,4675,2018-09-10,4163,4674,512,-4.0000000000000036,linear,38,26,64,38,0,38,0.1,0.07421875,0.07421875,2.0000000000000018,2.0000000000000016e-06,mle,-0.08382310224994335,2.956191908867192,ok,True,True,extraction,
dgs5,4676,2018-09-11,4164,4675,512,-4.0000000000000036,linear,38,26,64,38,0,38,0.1,0.07421875,0.07421875,2.0000000000000018,2.0000000000000016e-06,mle,-0.08382310224994335,2.956191908867192,ok,True,True,extraction,
dgs5,4677,2018-09-12,4165,4676,512,-4.0000000000000036,linear,38,26,64,38,0,38,0.1,0.07421875,0.07421875,2.0000000000000018,2.0000000000000016e-06,mle,-0.08382310224994335,2.956191908867192,ok,True,True,extraction,
dgs5,4678,2018-09-13,4166,4677,512,-4.0000000000000036,linear,38,26,64,38,0,38,0.1,0.07421875,0.07421875,2.0000000000000018,2.0000000000000016e-06,mle,-0.08382310224994335,2.956191908867192,ok,True,True,extraction,
dgs5,4679,2018-09-14,4167,4678,512,-4.0000000000000036,linear,38,26,64,38,0,38,0.1,0.07421875,0.07421875,2.0000000000000018,2.0000000000000016e-06,mle,-0.08382310224994335,2.956191908867192,ok,True,True,extraction,
dgs5,4680,2018-09-17,4168,4679,512,-4.0000000000000036,linear,37,26,63,37,0,37,0.1,0.072265625,0.072265625,2.0000000000000018,2.0000000000000016e-06,mle,-0.08966635068101071,3.021711288793548,ok,True,True,extraction,
dgs5,4681,2018-09-18,4169,4680,512,-4.0000000000000036,linear,37,26,63,37,0,37,0.1,0.072265625,0.072265625,2.0000000000000018,2.0000000000000016e-06,mle,-0.08966635068101071,3.021711288793548,ok,True,True,extraction,
dgs5,4682,2018-09-19,4170,4681,512,-4.0000000000000036,linear,37,26,63,37,0,37,0.1,0.072265625,0.072265625,2.0000000000000018,2.0000000000000016e-06,mle,-0.08966635068101071,3.021711288793548,ok,True,True,extraction,
dgs5,4683,2018-09-20,4171,4682,512,-4.0000000000000036,linear,37,26,63,37,0,37,0.1,0.072265625,0.072265625,2.0000000000000018,2.0000000000000016e-06,mle,-0.08966635068101071,3.021711288793548,ok,True,True,extraction,
dgs5,4684,2018-09-21,4172,4683,512,-4.0000000000000036,linear,37,26,63,37,0,37,0.1,0.072265625,0.072265625,2.0000000000000018,2.0000000000000016e-06,mle,-0.08966635068101071,3.021711288793548,ok,True,True,extraction,
dgs5,4685,2018-09-24,4173,4684,512,-4.0000000000000036,linear,36,26,62,36,0,36,0.1,0.0703125,0.0703125,2.0000000000000018,2.0000000000000016e-06,mle,-0.08362905414245572,3.0003558732738473,ok,True,True,extraction,
dgs5,4686,2018-09-25,4174,4685,512,-4.0000000000000036,linear,36,26,62,36,0,36,0.1,0.0703125,0.0703125,2.0000000000000018,2.0000000000000016e-06,mle,-0.08362905414245572,3.0003558732738473,ok,True,True,extraction,
dgs5,4687,2018-09-26,4175,4686,512,-4.0000000000000036,linear,36,26,62,36,0,36,0.1,0.0703125,0.0703125,2.0000000000000018,2.0000000000000016e-06,mle,-0.08362905414245572,3.0003558732738473,ok,True,True,extraction,
dgs5,4688,2018-09-27,4176,4687,512,-4.0000000000000036,linear,36,26,62,36,0,36,0.1,0.0703125,0.0703125,2.0000000000000018,2.0000000000000016e-06,mle,-0.08362905414245572,3.0003558732738473,ok,True,True,extraction,
dgs5,4689,2018-09-28,4177,4688,512,-4.0000000000000036,linear,36,26,62,36,0,36,0.1,0.0703125,0.0703125,2.0000000000000018,2.0000000000000016e-06,mle,-0.08362905414245572,3.0003558732738473,ok,True,True,extraction,
dgs5,4690,2018-10-01,4178,4689,512,-4.0000000000000036,linear,36,26,62,36,0,36,0.1,0.0703125,0.0703125,2.0000000000000018,2.0000000000000016e-06,mle,-0.08362905414245572,3.0003558732738473,ok,True,True,extraction,
dgs5,4691,2018-10-02,4179,4690,512,-4.0000000000000036,linear,35,26,61,35,0,35,0.1,0.068359375,0.068359375,2.0000000000000018,2.0000000000000016e-06,mle,-0.0900531508234255,3.0718826316028274,ok,True,True,extraction,
dgs5,4692,2018-10-03,4180,4691,512,-4.0000000000000036,linear,35,26,61,35,0,35,0.1,0.068359375,0.068359375,2.0000000000000018,2.0000000000000016e-06,mle,-0.0900531508234255,3.0718826316028274,ok,True,True,extraction,
dgs5,4693,2018-10-04,4181,4692,512,-4.0000000000000036,linear,35,26,61,35,0,35,0.1,0.068359375,0.068359375,2.0000000000000018,2.0000000000000016e-06,mle,-0.0900531508234255,3.0718826316028274,ok,True,True,extraction,
dgs5,4694,2018-10-05,4182,4693,512,-4.0000000000000036,linear,35,26,61,35,0,35,0.1,0.068359375,0.068359375,2.0000000000000018,2.0000000000000016e-06,mle,-0.0900531508234255,3.0718826316028274,ok,True,True,extraction,
dgs5,4695,2018-10-09,4183,4694,512,-4.0000000000000036,linear,35,26,61,35,0,35,0.1,0.068359375,0.068359375,2.0000000000000018,2.0000000000000016e-06,mle,-0.0900531508234255,3.0718826316028274,ok,True,True,extraction,
dgs5,4696,2018-10-10,4184,4695,512,-4.0000000000000036,linear,35,26,61,35,0,35,0.1,0.068359375,0.068359375,2.0000000000000018,2.0000000000000016e-06,mle,-0.0900531508234255,3.0718826316028274,ok,True,True,extraction,
dgs5,4697,2018-10-11,4185,4696,512,-4.0000000000000036,linear,35,26,61,35,0,35,0.1,0.068359375,0.068359375,2.0000000000000018,2.0000000000000016e-06,mle,-0.0900531508234255,3.0718826316028274,ok,True,True,extraction,
dgs5,4698,2018-10-12,4186,4697,512,-4.0000000000000036,linear,36,26,62,36,0,36,0.1,0.0703125,0.0703125,2.0000000000000018,2.0000000000000016e-06,mle,-0.08362905414245572,3.0003558732738473,ok,True,True,extraction,
dgs5,4699,2018-10-15,4187,4698,512,-4.0000000000000036,linear,36,26,62,36,0,36,0.1,0.0703125,0.0703125,2.0000000000000018,2.0000000000000016e-06,mle,-0.08362905414245572,3.0003558732738473,ok,True,True,extraction,
dgs5,4700,2018-10-16,4188,4699,512,-4.0000000000000036,linear,36,26,62,36,0,36,0.1,0.0703125,0.0703125,2.0000000000000018,2.0000000000000016e-06,mle,-0.08362905414245572,3.0003558732738473,ok,True,True,extraction,
dgs5,4701,2018-10-17,4189,4700,512,-4.0000000000000036,linear,36,26,62,36,0,36,0.1,0.0703125,0.0703125,2.0000000000000018,2.0000000000000016e-06,mle,-0.08362905414245572,3.0003558732738473,ok,True,True,extraction,
dgs5,4702,2018-10-18,4190,4701,512,-4.0000000000000036,linear,36,26,62,36,0,36,0.1,0.0703125,0.0703125,2.0000000000000018,2.0000000000000016e-06,mle,-0.08362905414245572,3.0003558732738473,ok,True,True,extraction,
dgs5,4703,2018-10-19,4191,4702,512,-4.0000000000000036,linear,36,26,62,36,0,36,0.1,0.0703125,0.0703125,2.0000000000000018,2.0000000000000016e-06,mle,-0.08362905414245572,3.0003558732738473,ok,True,True,extraction,
dgs5,4704,2018-10-22,4192,4703,512,-4.0000000000000036,linear,36,26,62,36,0,36,0.1,0.0703125,0.0703125,2.0000000000000018,2.0000000000000016e-06,mle,-0.08362905414245572,3.0003558732738473,ok,True,True,extraction,
dgs5,4705,2018-10-23,4193,4704,512,-4.0000000000000036,linear,36,26,62,36,0,36,0.1,0.0703125,0.0703125,2.0000000000000018,2.0000000000000016e-06,mle,-0.08362905414245572,3.0003558732738473,ok,True,True,extraction,
dgs5,4706,2018-10-24,4194,4705,512,-4.0000000000000036,linear,36,27,63,36,0,36,0.1,0.0703125,0.0703125,2.0000000000000018,2.0000000000000016e-06,mle,-0.08362905414245572,3.0003558732738473,ok,True,True,extraction,
dgs5,4707,2018-10-25,4195,4706,512,-4.0000000000000036,linear,37,27,64,37,0,37,0.1,0.072265625,0.072265625,2.0000000000000018,2.0000000000000016e-06,mle,-0.08966635068101071,3.021711288793548,ok,True,True,extraction,
dgs5,4708,2018-10-26,4196,4707,512,-4.0000000000000036,linear,37,27,64,37,0,37,0.1,0.072265625,0.072265625,2.0000000000000018,2.0000000000000016e-06,mle,-0.08966635068101071,3.021711288793548,ok,True,True,extraction,
dgs5,4709,2018-10-29,4197,4708,512,-4.0000000000000036,linear,38,27,65,38,0,38,0.1,0.07421875,0.07421875,2.0000000000000018,2.0000000000000016e-06,mle,-0.09526701998995547,3.041492340088369,ok,True,True,extraction,
dgs5,4710,2018-10-30,4198,4709,512,-4.0000000000000036,linear,38,27,65,38,0,38,0.1,0.07421875,0.07421875,2.0000000000000018,2.0000000000000016e-06,mle,-0.09526701998995547,3.041492340088369,ok,True,True,extraction,
dgs5,4711,2018-10-31,4199,4710,512,-4.0000000000000036,linear,38,26,64,38,0,38,0.1,0.07421875,0.07421875,2.0000000000000018,2.0000000000000016e-06,mle,-0.09526701998995547,3.041492340088369,ok,True,True,extraction,
dgs5,4712,2018-11-01,4200,4711,512,-4.0000000000000036,linear,38,26,64,38,0,38,0.1,0.07421875,0.07421875,2.0000000000000018,2.0000000000000016e-06,mle,-0.09526701998995547,3.041492340088369,ok,True,True,extraction,
dgs5,4713,2018-11-02,4201,4712,512,-4.0000000000000036,linear,38,26,64,38,0,38,0.1,0.07421875,0.07421875,2.0000000000000018,2.0000000000000016e-06,mle,-0.09526701998995547,3.041492340088369,ok,True,True,extraction,
dgs5,4714,2018-11-05,4202,4713,512,-4.0000000000000036,linear,38,26,64,38,0,38,0.1,0.07421875,0.07421875,2.0000000000000018,2.0000000000000016e-06,mle,-0.09526701998995547,3.041492340088369,ok,True,True,extraction,
dgs5,4715,2018-11-06,4203,4714,512,-4.0000000000000036,linear,38,26,64,38,0,38,0.1,0.07421875,0.07421875,2.0000000000000018,2.0000000000000016e-06,mle,-0.09526701998995547,3.041492340088369,ok,True,True,extraction,
dgs5,4716,2018-11-07,4204,4715,512,-4.0000000000000036,linear,38,26,64,38,0,38,0.1,0.07421875,0.07421875,2.0000000000000018,2.0000000000000016e-06,mle,-0.09526701998995547,3.041492340088369,ok,True,True,extraction,
dgs5,4717,2018-11-08,4205,4716,512,-4.0000000000000036,linear,38,26,64,38,0,38,0.1,0.07421875,0.07421875,2.0000000000000018,2.0000000000000016e-06,mle,-0.09526701998995547,3.041492340088369,ok,True,True,extraction,
dgs5,4718,2018-11-09,4206,4717,512,-4.0000000000000036,linear,38,26,64,38,0,38,0.1,0.07421875,0.07421875,2.0000000000000018,2.0000000000000016e-06,mle,-0.09526701998995547,3.041492340088369,ok,True,True,extraction,
dgs5,4719,2018-11-13,4207,4718,512,-4.0000000000000036,linear,38,27,65,38,0,38,0.1,0.07421875,0.07421875,2.0000000000000018,2.0000000000000016e-06,mle,-0.09526701998995547,3.041492340088369,ok,True,True,extraction,
dgs5,4720,2018-11-14,4208,4719,512,-4.0000000000000036,linear,39,27,66,39,0,39,0.1,0.076171875,0.076171875,2.0000000000000018,2.0000000000000016e-06,mle,-0.09551224426189692,3.0195913995049724,ok,True,True,extraction,
dgs5,4721,2018-11-15,4209,4720,512,-4.0000000000000036,linear,39,28,67,39,0,39,0.1,0.076171875,0.076171875,2.0000000000000018,2.0000000000000016e-06,mle,-0.09551224426189692,3.0195913995049724,ok,True,True,extraction,
dgs5,4722,2018-11-16,4210,4721,512,-4.0000000000000036,linear,39,28,67,39,0,39,0.1,0.076171875,0.076171875,2.0000000000000018,2.0000000000000016e-06,mle,-0.09551224426189692,3.0195913995049724,ok,True,True,extraction,
dgs5,4723,2018-11-19,4211,4722,512,-4.0000000000000036,linear,39,29,68,39,0,39,0.1,0.076171875,0.076171875,2.0000000000000018,2.0000000000000016e-06,mle,-0.09551224426189692,3.0195913995049724,ok,True,True,extraction,
dgs5,4724,2018-11-20,4212,4723,512,-4.0000000000000036,linear,39,29,68,39,0,39,0.1,0.076171875,0.076171875,2.0000000000000018,2.0000000000000016e-06,mle,-0.09551224426189692,3.0195913995049724,ok,True,True,extraction,
dgs5,4725,2018-11-21,4213,4724,512,-4.0000000000000036,linear,39,28,67,39,0,39,0.1,0.076171875,0.076171875,2.0000000000000018,2.0000000000000016e-06,mle,-0.09551224426189692,3.0195913995049724,ok,True,True,extraction,
dgs5,4726,2018-11-23,4214,4725,512,-4.0000000000000036,linear,39,28,67,39,0,39,0.1,0.076171875,0.076171875,2.0000000000000018,2.0000000000000016e-06,mle,-0.09551224426189692,3.0195913995049724,ok,True,True,extraction,
dgs5,4727,2018-11-26,4215,4726,512,-4.0000000000000036,linear,39,28,67,39,0,39,0.1,0.076171875,0.076171875,2.0000000000000018,2.0000000000000016e-06,mle,-0.09551224426189692,3.0195913995049724,ok,True,True,extraction,
dgs5,4728,2018-11-27,4216,4727,512,-4.0000000000000036,linear,39,28,67,39,0,39,0.1,0.076171875,0.076171875,2.0000000000000018,2.0000000000000016e-06,mle,-0.09551224426189692,3.0195913995049724,ok,True,True,extraction,
dgs5,4729,2018-11-28,4217,4728,512,-4.0000000000000036,linear,39,28,67,39,0,39,0.1,0.076171875,0.076171875,2.0000000000000018,2.0000000000000016e-06,mle,-0.09551224426189692,3.0195913995049724,ok,True,True,extraction,
dgs5,4730,2018-11-29,4218,4729,512,-4.0000000000000036,linear,39,28,67,39,0,39,0.1,0.076171875,0.076171875,2.0000000000000018,2.0000000000000016e-06,mle,-0.09551224426189692,3.0195913995049724,ok,True,True,extraction,
dgs5,4731,2018-11-30,4219,4730,512,-4.0000000000000036,linear,39,28,67,39,0,39,0.1,0.076171875,0.076171875,2.0000000000000018,2.0000000000000016e-06,mle,-0.09551224426189692,3.0195913995049724,ok,True,True,extraction,
dgs5,4732,2018-12-03,4220,4731,512,-4.0000000000000036,linear,39,28,67,39,0,39,0.1,0.076171875,0.076171875,2.0000000000000018,2.0000000000000016e-06,mle,-0.09551224426189692,3.0195913995049724,ok,True,True,extraction,
dgs5,4733,2018-12-04,4221,4732,512,-4.0000000000000036,linear,39,28,67,39,0,39,0.1,0.076171875,0.076171875,2.0000000000000018,2.0000000000000016e-06,mle,-0.09551224426189692,3.0195913995049724,ok,True,True,extraction,
dgs5,4734,2018-12-06,4222,4733,512,-4.0000000000000036,linear,39,29,68,39,0,39,0.1,0.076171875,0.076171875,2.0000000000000018,2.0000000000000016e-06,mle,-0.09551224426189692,3.0195913995049724,ok,True,True,extraction,
dgs5,4735,2018-12-07,4223,4734,512,-4.0000000000000036,linear,39,30,69,39,0,39,0.1,0.076171875,0.076171875,2.0000000000000018,2.0000000000000016e-06,mle,-0.09551224426189692,3.0195913995049724,ok,True,True,extraction,
dgs5,4736,2018-12-10,4224,4735,512,-4.0000000000000036,linear,40,30,70,40,0,40,0.1,0.078125,0.078125,2.0000000000000018,2.0000000000000016e-06,mle,-0.09009828496804681,2.958055783383877,ok,True,True,extraction,
dgs5,4737,2018-12-11,4225,4736,512,-4.0000000000000036,linear,40,30,70,40,0,40,0.1,0.078125,0.078125,2.0000000000000018,2.0000000000000016e-06,mle,-0.09009828496804681,2.958055783383877,ok,True,True,extraction,
dgs5,4738,2018-12-12,4226,4737,512,-4.0000000000000036,linear,40,30,70,40,0,40,0.1,0.078125,0.078125,2.0000000000000018,2.0000000000000016e-06,mle,-0.09009828496804681,2.958055783383877,ok,True,True,extraction,
dgs5,4739,2018-12-13,4227,4738,512,-4.0000000000000036,linear,40,30,70,40,0,40,0.1,0.078125,0.078125,2.0000000000000018,2.0000000000000016e-06,mle,-0.09009828496804681,2.958055783383877,ok,True,True,extraction,
dgs5,4740,2018-12-14,4228,4739,512,-4.0000000000000036,linear,40,30,70,40,0,40,0.1,0.078125,0.078125,2.0000000000000018,2.0000000000000016e-06,mle,-0.09009828496804681,2.958055783383877,ok,True,True,extraction,
dgs5,4741,2018-12-17,4229,4740,512,-4.0000000000000036,linear,40,30,70,40,0,40,0.1,0.078125,0.078125,2.0000000000000018,2.0000000000000016e-06,mle,-0.09009828496804681,2.958055783383877,ok,True,True,extraction,
dgs5,4742,2018-12-18,4230,4741,512,-4.0000000000000036,linear,40,31,71,40,0,40,0.1,0.078125,0.078125,2.0000000000000018,2.0000000000000016e-06,mle,-0.09009828496804681,2.958055783383877,ok,True,True,extraction,
dgs5,4743,2018-12-19,4231,4742,512,-4.0000000000000036,linear,40,32,72,40,0,40,0.1,0.078125,0.078125,2.0000000000000018,2.0000000000000016e-06,mle,-0.09009828496804681,2.958055783383877,ok,True,True,extraction,
dgs5,4744,2018-12-20,4232,4743,512,-4.0000000000000036,linear,40,32,72,40,0,40,0.1,0.078125,0.078125,2.0000000000000018,2.0000000000000016e-06,mle,-0.09009828496804681,2.958055783383877,ok,True,True,extraction,
dgs5,4745,2018-12-21,4233,4744,512,-4.0000000000000036,linear,39,32,71,39,0,39,0.1,0.076171875,0.076171875,2.0000000000000018,2.0000000000000016e-06,mle,-0.08958486282825154,2.97741729987699,ok,True,True,extraction,
dgs5,4746,2018-12-24,4234,4745,512,-4.0000000000000036,linear,39,32,71,39,0,39,0.1,0.076171875,0.076171875,2.0000000000000018,2.0000000000000016e-06,mle,-0.08958486282825154,2.97741729987699,ok,True,True,extraction,
dgs5,4747,2018-12-26,4235,4746,512,-4.0000000000000036,linear,40,32,72,40,0,40,0.1,0.078125,0.078125,2.0000000000000018,2.0000000000000016e-06,mle,-0.09009828496804681,2.958055783383877,ok,True,True,extraction,
dgs5,4748,2018-12-27,4236,4747,512,-4.0000000000000036,linear,40,31,71,40,0,40,0.1,0.078125,0.078125,2.0000000000000018,2.0000000000000016e-06,mle,-0.09009828496804681,2.958055783383877,ok,True,True,extraction,
dgs5,4749,2018-12-28,4237,4748,512,-4.0000000000000036,linear,41,31,72,41,0,41,0.1,0.080078125,0.080078125,2.0000000000000018,2.0000000000000016e-06,mle,-0.09529344423219838,2.9775790102644666,ok,True,True,extraction,
dgs5,4750,2018-12-31,4238,4749,512,-4.0000000000000036,linear,41,32,73,41,0,41,0.1,0.080078125,0.080078125,2.0000000000000018,2.0000000000000016e-06,mle,-0.09529344423219838,2.9775790102644666,ok,True,True,extraction,
dgs5,4751,2019-01-02,4239,4750,512,-4.0000000000000036,linear,42,32,74,42,0,42,0.1,0.08203125,0.08203125,2.0000000000000018,2.0000000000000016e-06,mle,-0.09033885669880234,2.920695510482455,ok,True,True,extraction,
dgs5,4752,2019-01-03,4240,4751,512,-4.0000000000000036,linear,42,32,74,42,0,42,0.1,0.08203125,0.08203125,2.0000000000000018,2.0000000000000016e-06,mle,-0.09033885669880234,2.920695510482455,ok,True,True,extraction,
dgs5,4753,2019-01-04,4241,4752,512,-4.0000000000000036,linear,43,32,75,43,0,43,0.1,0.083984375,0.083984375,2.0000000000000018,2.0000000000000016e-06,mle,-0.10040338962790205,3.083522902363295,ok,True,True,extraction,
dgs5,4754,2019-01-07,4242,4753,512,-4.0000000000000036,linear,43,32,75,43,0,43,0.1,0.083984375,0.083984375,2.0000000000000018,2.0000000000000016e-06,mle,-0.10040338962790205,3.083522902363295,ok,True,True,extraction,
dgs5,4755,2019-01-08,4243,4754,512,-4.0000000000000036,linear,43,32,75,43,0,43,0.1,0.083984375,0.083984375,2.0000000000000018,2.0000000000000016e-06,mle,-0.10040338962790205,3.083522902363295,ok,True,True,extraction,
dgs5,4756,2019-01-09,4244,4755,512,-4.0000000000000036,linear,43,31,74,43,0,43,0.1,0.083984375,0.083984375,2.0000000000000018,2.0000000000000016e-06,mle,-0.10040338962790205,3.083522902363295,ok,True,True,extraction,
dgs5,4757,2019-01-10,4245,4756,512,-4.0000000000000036,linear,43,31,74,43,0,43,0.1,0.083984375,0.083984375,2.0000000000000018,2.0000000000000016e-06,mle,-0.10040338962790205,3.083522902363295,ok,True,True,extraction,
dgs5,4758,2019-01-11,4246,4757,512,-4.0000000000000036,linear,43,31,74,43,0,43,0.1,0.083984375,0.083984375,2.0000000000000018,2.0000000000000016e-06,mle,-0.10040338962790205,3.083522902363295,ok,True,True,extraction,
dgs5,4759,2019-01-14,4247,4758,512,-4.0000000000000036,linear,43,32,75,43,0,43,0.1,0.083984375,0.083984375,2.0000000000000018,2.0000000000000016e-06,mle,-0.10040338962790205,3.083522902363295,ok,True,True,extraction,
dgs5,4760,2019-01-15,4248,4759,512,-4.0000000000000036,linear,43,32,75,43,0,43,0.1,0.083984375,0.083984375,2.0000000000000018,2.0000000000000016e-06,mle,-0.10040338962790205,3.083522902363295,ok,True,True,extraction,
dgs5,4761,2019-01-16,4249,4760,512,-4.0000000000000036,linear,43,32,75,43,0,43,0.1,0.083984375,0.083984375,2.0000000000000018,2.0000000000000016e-06,mle,-0.10040338962790205,3.083522902363295,ok,True,True,extraction,
dgs5,4762,2019-01-17,4250,4761,512,-4.0000000000000036,linear,42,32,74,42,0,42,0.1,0.08203125,0.08203125,2.0000000000000018,2.0000000000000016e-06,mle,-0.10620587227942452,3.145847528677689,ok,True,True,extraction,
dgs5,4763,2019-01-18,4251,4762,512,-4.0000000000000036,linear,41,32,73,41,0,41,0.1,0.080078125,0.080078125,2.0000000000000018,2.0000000000000016e-06,mle,-0.10642461640191561,3.169925481221358,ok,True,True,extraction,
dgs5,4764,2019-01-22,4252,4763,512,-4.0000000000000036,linear,41,32,73,41,0,41,0.1,0.080078125,0.080078125,2.0000000000000018,2.0000000000000016e-06,mle,-0.10642461640191561,3.169925481221358,ok,True,True,extraction,
dgs5,4765,2019-01-23,4253,4764,512,-4.0000000000000036,linear,42,32,74,42,0,42,0.1,0.08203125,0.08203125,2.0000000000000018,2.0000000000000016e-06,mle,-0.10033068420761995,3.1049643319634863,ok,True,True,extraction,
dgs5,4766,2019-01-24,4254,4765,512,-4.0000000000000036,linear,42,32,74,42,0,42,0.1,0.08203125,0.08203125,2.0000000000000018,2.0000000000000016e-06,mle,-0.10033068420761995,3.1049643319634863,ok,True,True,extraction,
dgs5,4767,2019-01-25,4255,4766,512,-4.0000000000000036,linear,41,33,74,41,0,41,0.1,0.080078125,0.080078125,2.0000000000000018,2.0000000000000016e-06,mle,-0.09078203797782958,3.0496179116129696,ok,True,True,extraction,
dgs5,4768,2019-01-28,4256,4767,512,-4.0000000000000036,linear,41,33,74,41,0,41,0.1,0.080078125,0.080078125,2.0000000000000018,2.0000000000000016e-06,mle,-0.09078203797782958,3.0496179116129696,ok,True,True,extraction,
dgs5,4769,2019-01-29,4257,4768,512,-4.0000000000000036,linear,41,33,74,41,0,41,0.1,0.080078125,0.080078125,2.0000000000000018,2.0000000000000016e-06,mle,-0.09078203797782958,3.0496179116129696,ok,True,True,extraction,
dgs5,4770,2019-01-30,4258,4769,512,-4.0000000000000036,linear,41,33,74,41,0,41,0.1,0.080078125,0.080078125,2.0000000000000018,2.0000000000000016e-06,mle,-0.09078203797782958,3.0496179116129696,ok,True,True,extraction,
dgs5,4771,2019-01-31,4259,4770,512,-4.0000000000000036,linear,42,33,75,42,0,42,0.1,0.08203125,0.08203125,2.0000000000000018,2.0000000000000016e-06,mle,-0.09116258034899648,3.0293605634802665,ok,True,True,extraction,
dgs5,4772,2019-02-01,4260,4771,512,-4.0000000000000036,linear,43,33,76,43,0,43,0.1,0.083984375,0.083984375,2.0000000000000018,2.0000000000000016e-06,mle,-0.09157049725770579,3.0101454118695745,ok,True,True,extraction,
dgs5,4773,2019-02-04,4261,4772,512,-4.0000000000000036,linear,43,33,76,43,0,43,0.1,0.083984375,0.083984375,2.0000000000000018,2.0000000000000016e-06,mle,-0.09157049725770579,3.0101454118695745,ok,True,True,extraction,
dgs5,4774,2019-02-05,4262,4773,512,-4.0000000000000036,linear,42,33,75,42,0,42,0.1,0.08203125,0.08203125,2.0000000000000018,2.0000000000000016e-06,mle,-0.09116258034899648,3.0293605634802665,ok,True,True,extraction,
dgs5,4775,2019-02-06,4263,4774,512,-4.0000000000000036,linear,42,33,75,42,0,42,0.1,0.08203125,0.08203125,2.0000000000000018,2.0000000000000016e-06,mle,-0.09116258034899648,3.0293605634802665,ok,True,True,extraction,
dgs5,4776,2019-02-07,4264,4775,512,-4.0000000000000036,linear,42,33,75,42,0,42,0.1,0.08203125,0.08203125,2.0000000000000018,2.0000000000000016e-06,mle,-0.09116258034899648,3.0293605634802665,ok,True,True,extraction,
dgs5,4777,2019-02-08,4265,4776,512,-4.0000000000000036,linear,42,34,76,42,0,42,0.1,0.08203125,0.08203125,2.0000000000000018,2.0000000000000016e-06,mle,-0.09116258034899648,3.0293605634802665,ok,True,True,extraction,
dgs5,4778,2019-02-11,4266,4777,512,-4.0000000000000036,linear,41,34,75,41,0,41,0.1,0.080078125,0.080078125,2.0000000000000018,2.0000000000000016e-06,mle,-0.08543849499639074,3.0093821403220513,ok,True,True,extraction,
dgs5,4779,2019-02-12,4267,4778,512,-4.0000000000000036,linear,41,34,75,41,0,41,0.1,0.080078125,0.080078125,2.0000000000000018,2.0000000000000016e-06,mle,-0.08543849499639074,3.0093821403220513,ok,True,True,extraction,
dgs5,4780,2019-02-13,4268,4779,512,-4.0000000000000036,linear,41,34,75,41,0,41,0.1,0.080078125,0.080078125,2.0000000000000018,2.0000000000000016e-06,mle,-0.08543849499639074,3.0093821403220513,ok,True,True,extraction,
dgs5,4781,2019-02-14,4269,4780,512,-4.0000000000000036,linear,41,33,74,41,0,41,0.1,0.080078125,0.080078125,2.0000000000000018,2.0000000000000016e-06,mle,-0.08543849499639074,3.0093821403220513,ok,True,True,extraction,
dgs5,4782,2019-02-15,4270,4781,512,-4.0000000000000036,linear,42,33,75,42,0,42,0.1,0.08203125,0.08203125,2.0000000000000018,2.0000000000000016e-06,mle,-0.07975420770323387,2.9490096874312632,ok,True,True,extraction,
dgs5,4783,2019-02-19,4271,4782,512,-4.0000000000000036,linear,42,33,75,42,0,42,0.1,0.08203125,0.08203125,2.0000000000000018,2.0000000000000016e-06,mle,-0.07975420770323387,2.9490096874312632,ok,True,True,extraction,
dgs5,4784,2019-02-20,4272,4783,512,-4.0000000000000036,linear,42,32,74,42,0,42,0.1,0.08203125,0.08203125,2.0000000000000018,2.0000000000000016e-06,mle,-0.07975420770323387,2.9490096874312632,ok,True,True,extraction,
dgs5,4785,2019-02-21,4273,4784,512,-4.0000000000000036,linear,42,32,74,42,0,42,0.1,0.08203125,0.08203125,2.0000000000000018,2.0000000000000016e-06,mle,-0.07975420770323387,2.9490096874312632,ok,True,True,extraction,
dgs5,4786,2019-02-22,4274,4785,512,-4.0000000000000036,linear,42,32,74,42,0,42,0.1,0.08203125,0.08203125,2.0000000000000018,2.0000000000000016e-06,mle,-0.07975420770323387,2.9490096874312632,ok,True,True,extraction,
dgs5,4787,2019-02-25,4275,4786,512,-4.0000000000000036,linear,42,32,74,42,0,42,0.1,0.08203125,0.08203125,2.0000000000000018,2.0000000000000016e-06,mle,-0.07975420770323387,2.9490096874312632,ok,True,True,extraction,
dgs5,4788,2019-02-26,4276,4787,512,-4.0000000000000036,linear,41,32,73,41,0,41,0.1,0.080078125,0.080078125,2.0000000000000018,2.0000000000000016e-06,mle,-0.07342437236319206,2.9263018901523266,ok,True,True,extraction,
dgs5,4789,2019-02-27,4277,4788,512,-4.0000000000000036,linear,41,32,73,41,0,41,0.1,0.080078125,0.080078125,2.0000000000000018,2.0000000000000016e-06,mle,-0.07342437236319206,2.9263018901523266,ok,True,True,extraction,
dgs5,4790,2019-02-28,4278,4789,512,-4.0000000000000036,linear,41,31,72,41,0,41,0.1,0.080078125,0.080078125,2.0000000000000018,2.0000000000000016e-06,mle,-0.07342437236319206,2.9263018901523266,ok,True,True,extraction,
dgs5,4791,2019-03-01,4279,4790,512,-4.0000000000000036,linear,41,31,72,41,0,41,0.1,0.080078125,0.080078125,2.0000000000000018,2.0000000000000016e-06,mle,-0.07342437236319206,2.9263018901523266,ok,True,True,extraction,
dgs5,4792,2019-03-04,4280,4791,512,-4.0000000000000036,linear,41,31,72,41,0,41,0.1,0.080078125,0.080078125,2.0000000000000018,2.0000000000000016e-06,mle,-0.07342437236319206,2.9263018901523266,ok,True,True,extraction,
dgs5,4793,2019-03-05,4281,4792,512,-4.0000000000000036,linear,41,31,72,41,0,41,0.1,0.080078125,0.080078125,2.0000000000000018,2.0000000000000016e-06,mle,-0.07342437236319206,2.9263018901523266,ok,True,True,extraction,
dgs5,4794,2019-03-06,4282,4793,512,-4.0000000000000036,linear,41,31,72,41,0,41,0.1,0.080078125,0.080078125,2.0000000000000018,2.0000000000000016e-06,mle,-0.07342437236319206,2.9263018901523266,ok,True,True,extraction,
dgs5,4795,2019-03-07,4283,4794,512,-4.0000000000000036,linear,41,31,72,41,0,41,0.1,0.080078125,0.080078125,2.0000000000000018,2.0000000000000016e-06,mle,-0.07342437236319206,2.9263018901523266,ok,True,True,extraction,
dgs5,4796,2019-03-08,4284,4795,512,-4.0000000000000036,linear,41,31,72,41,0,41,0.1,0.080078125,0.080078125,2.0000000000000018,2.0000000000000016e-06,mle,-0.06661280410398857,2.8830079465767806,ok,True,True,extraction,
dgs5,4797,2019-03-11,4285,4796,512,-4.0000000000000036,linear,41,31,72,41,0,41,0.1,0.080078125,0.080078125,2.0000000000000018,2.0000000000000016e-06,mle,-0.06661280410398857,2.8830079465767806,ok,True,True,extraction,
dgs5,4798,2019-03-12,4286,4797,512,-4.0000000000000036,linear,41,31,72,41,0,41,0.1,0.080078125,0.080078125,2.0000000000000018,2.0000000000000016e-06,mle,-0.06661280410398857,2.8830079465767806,ok,True,True,extraction,
dgs5,4799,2019-03-13,4287,4798,512,-4.0000000000000036,linear,41,31,72,41,0,41,0.1,0.080078125,0.080078125,2.0000000000000018,2.0000000000000016e-06,mle,-0.06661280410398857,2.8830079465767806,ok,True,True,extraction,
dgs5,4800,2019-03-14,4288,4799,512,-4.0000000000000036,linear,40,31,71,40,0,40,0.1,0.078125,0.078125,2.0000000000000018,2.0000000000000016e-06,mle,-0.07237085805150612,2.943440777468034,ok,True,True,extraction,
dgs5,4801,2019-03-15,4289,4800,512,-4.0000000000000036,linear,39,31,70,39,0,39,0.1,0.076171875,0.076171875,2.0000000000000018,2.0000000000000016e-06,mle,-0.06531051838851157,2.9184765252754423,ok,True,True,extraction,
dgs5,4802,2019-03-18,4290,4801,512,-4.0000000000000036,linear,39,31,70,39,0,39,0.1,0.076171875,0.076171875,2.0000000000000018,2.0000000000000016e-06,mle,-0.06531051838851157,2.9184765252754423,ok,True,True,extraction,
dgs5,4803,2019-03-19,4291,4802,512,-4.0000000000000036,linear,39,31,70,39,0,39,0.1,0.076171875,0.076171875,2.0000000000000018,2.0000000000000016e-06,mle,-0.06531051838851157,2.9184765252754423,ok,True,True,extraction,
dgs5,4804,2019-03-20,4292,4803,512,-4.0000000000000036,linear,39,31,70,39,0,39,0.1,0.076171875,0.076171875,2.0000000000000018,2.0000000000000016e-06,mle,-0.06531051838851157,2.9184765252754423,ok,True,True,extraction,
dgs5,4805,2019-03-21,4293,4804,512,-4.0000000000000036,linear,40,31,71,40,0,40,0.1,0.078125,0.078125,2.0000000000000018,2.0000000000000016e-06,mle,-0.07676610274112662,2.9818109432636257,ok,True,True,extraction,
dgs5,4806,2019-03-22,4294,4805,512,-4.0000000000000036,linear,40,31,71,40,0,40,0.1,0.078125,0.078125,2.0000000000000018,2.0000000000000016e-06,mle,-0.07676610274112662,2.9818109432636257,ok,True,True,extraction,
dgs5,4807,2019-03-25,4295,4806,512,-4.0000000000000036,linear,41,31,72,41,0,41,0.1,0.080078125,0.080078125,2.0000000000000018,2.0000000000000016e-06,mle,-0.09199702455823969,3.1077420639579234,ok,True,True,extraction,
dgs5,4808,2019-03-26,4296,4807,512,-4.0000000000000036,linear,41,31,72,41,0,41,0.1,0.080078125,0.080078125,2.0000000000000018,2.0000000000000016e-06,mle,-0.09199702455823969,3.1077420639579234,ok,True,True,extraction,
dgs5,4809,2019-03-27,4297,4808,512,-4.0000000000000036,linear,41,31,72,41,0,41,0.1,0.080078125,0.080078125,2.0000000000000018,2.0000000000000016e-06,mle,-0.09199702455823969,3.1077420639579234,ok,True,True,extraction,
dgs5,4810,2019-03-28,4298,4809,512,-4.0000000000000036,linear,41,31,72,41,0,41,0.1,0.080078125,0.080078125,2.0000000000000018,2.0000000000000016e-06,mle,-0.09199702455823969,3.1077420639579234,ok,True,True,extraction,
dgs5,4811,2019-03-29,4299,4810,512,-4.0000000000000036,linear,41,31,72,41,0,41,0.1,0.080078125,0.080078125,2.0000000000000018,2.0000000000000016e-06,mle,-0.09199702455823969,3.1077420639579234,ok,True,True,extraction,
dgs5,4812,2019-04-01,4300,4811,512,-4.0000000000000036,linear,41,31,72,41,0,41,0.1,0.080078125,0.080078125,2.0000000000000018,2.0000000000000016e-06,mle,-0.09199702455823969,3.1077420639579234,ok,True,True,extraction,
dgs5,4813,2019-04-02,4301,4812,512,-4.0000000000000036,linear,41,31,72,41,0,41,0.1,0.080078125,0.080078125,2.0000000000000018,2.0000000000000016e-06,mle,-0.09199702455823969,3.1077420639579234,ok,True,True,extraction,
dgs5,4814,2019-04-03,4302,4813,512,-4.0000000000000036,linear,40,31,71,40,0,40,0.1,0.078125,0.078125,2.0000000000000018,2.0000000000000016e-06,mle,-0.07755293186831871,2.9564200439365367,ok,True,True,extraction,
dgs5,4815,2019-04-04,4303,4814,512,-4.0000000000000036,linear,40,31,71,40,0,40,0.1,0.078125,0.078125,2.0000000000000018,2.0000000000000016e-06,mle,-0.07755293186831871,2.9564200439365367,ok,True,True,extraction,
dgs5,4816,2019-04-05,4304,4815,512,-4.0000000000000036,linear,40,31,71,40,0,40,0.1,0.078125,0.078125,2.0000000000000018,2.0000000000000016e-06,mle,-0.07755293186831871,2.9564200439365367,ok,True,True,extraction,
dgs5,4817,2019-04-08,4305,4816,512,-4.0000000000000036,linear,40,31,71,40,0,40,0.1,0.078125,0.078125,2.0000000000000018,2.0000000000000016e-06,mle,-0.07755293186831871,2.9564200439365367,ok,True,True,extraction,
dgs5,4818,2019-04-09,4306,4817,512,-4.0000000000000036,linear,40,30,70,40,0,40,0.1,0.078125,0.078125,2.0000000000000018,2.0000000000000016e-06,mle,-0.07755293186831871,2.9564200439365367,ok,True,True,extraction,
dgs5,4819,2019-04-10,4307,4818,512,-4.0000000000000036,linear,40,30,70,40,0,40,0.1,0.078125,0.078125,2.0000000000000018,2.0000000000000016e-06,mle,-0.07755293186831871,2.9564200439365367,ok,True,True,extraction,
dgs5,4820,2019-04-11,4308,4819,512,-4.0000000000000036,linear,40,30,70,40,0,40,0.1,0.078125,0.078125,2.0000000000000018,2.0000000000000016e-06,mle,-0.07755293186831871,2.9564200439365367,ok,True,True,extraction,
dgs5,4821,2019-04-12,4309,4820,512,-4.0000000000000036,linear,40,30,70,40,0,40,0.1,0.078125,0.078125,2.0000000000000018,2.0000000000000016e-06,mle,-0.07755293186831871,2.9564200439365367,ok,True,True,extraction,
dgs5,4822,2019-04-15,4310,4821,512,-4.0000000000000036,linear,40,30,70,40,0,40,0.1,0.078125,0.078125,2.0000000000000018,2.0000000000000016e-06,mle,-0.07755293186831871,2.9564200439365367,ok,True,True,extraction,
dgs5,4823,2019-04-16,4311,4822,512,-4.0000000000000036,linear,40,30,70,40,0,40,0.1,0.078125,0.078125,2.0000000000000018,2.0000000000000016e-06,mle,-0.07755293186831871,2.9564200439365367,ok,True,True,extraction,
dgs5,4824,2019-04-17,4312,4823,512,-4.0000000000000036,linear,40,29,69,40,0,40,0.1,0.078125,0.078125,2.0000000000000018,2.0000000000000016e-06,mle,-0.07755293186831871,2.9564200439365367,ok,True,True,extraction,
dgs5,4825,2019-04-18,4313,4824,512,-4.0000000000000036,linear,40,29,69,40,0,40,0.1,0.078125,0.078125,2.0000000000000018,2.0000000000000016e-06,mle,-0.07755293186831871,2.9564200439365367,ok,True,True,extraction,
dgs5,4826,2019-04-22,4314,4825,512,-4.0000000000000036,linear,40,29,69,40,0,40,0.1,0.078125,0.078125,2.0000000000000018,2.0000000000000016e-06,mle,-0.07755293186831871,2.9564200439365367,ok,True,True,extraction,
dgs5,4827,2019-04-23,4315,4826,512,-4.0000000000000036,linear,39,29,68,39,0,39,0.1,0.076171875,0.076171875,2.0000000000000018,2.0000000000000016e-06,mle,-0.08358138876945587,3.0203580718581753,ok,True,True,extraction,
dgs5,4828,2019-04-24,4316,4827,512,-4.0000000000000036,linear,39,29,68,39,0,39,0.1,0.076171875,0.076171875,2.0000000000000018,2.0000000000000016e-06,mle,-0.08358138876945587,3.0203580718581753,ok,True,True,extraction,
dgs5,4829,2019-04-25,4317,4828,512,-4.0000000000000036,linear,39,30,69,39,0,39,0.1,0.076171875,0.076171875,2.0000000000000018,2.0000000000000016e-06,mle,-0.08358138876945587,3.0203580718581753,ok,True,True,extraction,
dgs5,4830,2019-04-26,4318,4829,512,-4.0000000000000036,linear,39,30,69,39,0,39,0.1,0.076171875,0.076171875,2.0000000000000018,2.0000000000000016e-06,mle,-0.08358138876945587,3.0203580718581753,ok,True,True,extraction,
dgs5,4831,2019-04-29,4319,4830,512,-4.0000000000000036,linear,39,31,70,39,0,39,0.1,0.076171875,0.076171875,2.0000000000000018,2.0000000000000016e-06,mle,-0.08358138876945587,3.0203580718581753,ok,True,True,extraction,
dgs5,4832,2019-04-30,4320,4831,512,-4.0000000000000036,linear,39,31,70,39,0,39,0.1,0.076171875,0.076171875,2.0000000000000018,2.0000000000000016e-06,mle,-0.08358138876945587,3.0203580718581753,ok,True,True,extraction,
dgs5,4833,2019-05-01,4321,4832,512,-4.0000000000000036,linear,38,32,70,38,0,38,0.1,0.07421875,0.07421875,2.0000000000000018,2.0000000000000016e-06,mle,-0.07704112904895635,2.997883765322409,ok,True,True,extraction,
dgs5,4834,2019-05-02,4322,4833,512,-4.0000000000000036,linear,38,32,70,38,0,38,0.1,0.07421875,0.07421875,2.0000000000000018,2.0000000000000016e-06,mle,-0.07704112904895635,2.997883765322409,ok,True,True,extraction,
dgs5,4835,2019-05-03,4323,4834,512,-4.0000000000000036,linear,38,31,69,38,0,38,0.1,0.07421875,0.07421875,2.0000000000000018,2.0000000000000016e-06,mle,-0.07704112904895635,2.997883765322409,ok,True,True,extraction,
dgs5,4836,2019-05-06,4324,4835,512,-4.0000000000000036,linear,38,31,69,38,0,38,0.1,0.07421875,0.07421875,2.0000000000000018,2.0000000000000016e-06,mle,-0.07704112904895635,2.997883765322409,ok,True,True,extraction,
dgs5,4837,2019-05-07,4325,4836,512,-4.0000000000000036,linear,37,31,68,37,0,37,0.1,0.072265625,0.072265625,2.0000000000000018,2.0000000000000016e-06,mle,-0.0652232359235159,2.9321731644616023,ok,True,True,extraction,
dgs5,4838,2019-05-08,4326,4837,512,-4.0000000000000036,linear,38,31,69,38,0,38,0.1,0.07421875,0.07421875,2.0000000000000018,2.0000000000000016e-06,mle,-0.05903994506248088,2.866978109915132,ok,True,True,extraction,
dgs5,4839,2019-05-09,4327,4838,512,-4.0000000000000036,linear,38,31,69,38,0,38,0.1,0.07421875,0.07421875,2.0000000000000018,2.0000000000000016e-06,mle,-0.05903994506248088,2.866978109915132,ok,True,True,extraction,
dgs5,4840,2019-05-10,4328,4839,512,-4.0000000000000036,linear,38,31,69,38,0,38,0.1,0.07421875,0.07421875,2.0000000000000018,2.0000000000000016e-06,mle,-0.05903994506248088,2.866978109915132,ok,True,True,extraction,
dgs5,4841,2019-05-13,4329,4840,512,-4.0000000000000036,linear,38,31,69,38,0,38,0.1,0.07421875,0.07421875,2.0000000000000018,2.0000000000000016e-06,mle,-0.05903994506248088,2.866978109915132,ok,True,True,extraction,
dgs5,4842,2019-05-14,4330,4841,512,-4.0000000000000036,linear,39,31,70,39,0,39,0.1,0.076171875,0.076171875,2.0000000000000018,2.0000000000000016e-06,mle,-0.07083090573554668,2.9324960854462896,ok,True,True,extraction,
dgs5,4843,2019-05-15,4331,4842,512,-4.0000000000000036,linear,39,31,70,39,0,39,0.1,0.076171875,0.076171875,2.0000000000000018,2.0000000000000016e-06,mle,-0.07083090573554668,2.9324960854462896,ok,True,True,extraction,
dgs5,4844,2019-05-16,4332,4843,512,-4.0000000000000036,linear,40,31,71,40,0,40,0.1,0.078125,0.078125,2.0000000000000018,2.0000000000000016e-06,mle,-0.06501048578504881,2.8710148487761735,ok,True,True,extraction,
dgs5,4845,2019-05-17,4333,4844,512,-4.0000000000000036,linear,40,31,71,40,0,40,0.1,0.078125,0.078125,2.0000000000000018,2.0000000000000016e-06,mle,-0.06501048578504881,2.8710148487761735,ok,True,True,extraction,
dgs5,4846,2019-05-20,4334,4845,512,-4.0000000000000036,linear,40,31,71,40,0,40,0.1,0.078125,0.078125,2.0000000000000018,2.0000000000000016e-06,mle,-0.06501048578504881,2.8710148487761735,ok,True,True,extraction,
dgs5,4847,2019-05-21,4335,4846,512,-4.0000000000000036,linear,40,31,71,40,0,40,0.1,0.078125,0.078125,2.0000000000000018,2.0000000000000016e-06,mle,-0.06501048578504881,2.8710148487761735,ok,True,True,extraction,
dgs5,4848,2019-05-22,4336,4847,512,-4.0000000000000036,linear,40,31,71,40,0,40,0.1,0.078125,0.078125,2.0000000000000018,2.0000000000000016e-06,mle,-0.06501048578504881,2.8710148487761735,ok,True,True,extraction,
dgs5,4849,2019-05-23,4337,4848,512,-4.0000000000000036,linear,40,32,72,40,0,40,0.1,0.078125,0.078125,2.0000000000000018,2.0000000000000016e-06,mle,-0.06501048578504881,2.8710148487761735,ok,True,True,extraction,
dgs5,4850,2019-05-24,4338,4849,512,-4.0000000000000036,linear,41,32,73,41,0,41,0.1,0.080078125,0.080078125,2.0000000000000018,2.0000000000000016e-06,mle,-0.07599906150523598,2.9328674767784735,ok,True,True,extraction,
dgs5,4851,2019-05-28,4339,4850,512,-4.0000000000000036,linear,41,32,73,41,0,41,0.1,0.080078125,0.080078125,2.0000000000000018,2.0000000000000016e-06,mle,-0.07599906150523598,2.9328674767784735,ok,True,True,extraction,
dgs5,4852,2019-05-29,4340,4851,512,-4.0000000000000036,linear,42,32,74,42,0,42,0.1,0.08203125,0.08203125,2.0000000000000018,2.0000000000000016e-06,mle,-0.07699457376328249,2.91638582846171,ok,True,True,extraction,
dgs5,4853,2019-05-30,4341,4852,512,-4.0000000000000036,linear,42,32,74,42,0,42,0.1,0.08203125,0.08203125,2.0000000000000018,2.0000000000000016e-06,mle,-0.07699457376328249,2.91638582846171,ok,True,True,extraction,
dgs5,4854,2019-05-31,4342,4853,512,-4.0000000000000036,linear,42,32,74,42,0,42,0.1,0.08203125,0.08203125,2.0000000000000018,2.0000000000000016e-06,mle,-0.07699457376328249,2.91638582846171,ok,True,True,extraction,
dgs5,4855,2019-06-03,4343,4854,512,-4.0000000000000036,linear,42,32,74,42,0,42,0.1,0.08203125,0.08203125,2.0000000000000018,2.0000000000000016e-06,mle,-0.0806604428690581,2.977915656021058,ok,True,True,extraction,
dgs5,4856,2019-06-04,4344,4855,512,-4.0000000000000036,linear,43,32,75,43,0,43,0.1,0.083984375,0.083984375,2.0000000000000018,2.0000000000000016e-06,mle,-0.09514218062156385,3.0981023193041963,ok,True,True,extraction,
dgs5,4857,2019-06-05,4345,4856,512,-4.0000000000000036,linear,43,32,75,43,0,43,0.1,0.083984375,0.083984375,2.0000000000000018,2.0000000000000016e-06,mle,-0.09514218062156385,3.0981023193041963,ok,True,True,extraction,
dgs5,4858,2019-06-06,4346,4857,512,-4.0000000000000036,linear,42,32,74,42,0,42,0.1,0.08203125,0.08203125,2.0000000000000018,2.0000000000000016e-06,mle,-0.0806604428690581,2.977915656021058,ok,True,True,extraction,
dgs5,4859,2019-06-07,4347,4858,512,-4.0000000000000036,linear,42,32,74,42,0,42,0.1,0.08203125,0.08203125,2.0000000000000018,2.0000000000000016e-06,mle,-0.0806604428690581,2.977915656021058,ok,True,True,extraction,
dgs5,4860,2019-06-10,4348,4859,512,-4.0000000000000036,linear,42,32,74,42,0,42,0.1,0.08203125,0.08203125,2.0000000000000018,2.0000000000000016e-06,mle,-0.0806604428690581,2.977915656021058,ok,True,True,extraction,
dgs5,4861,2019-06-11,4349,4860,512,-4.0000000000000036,linear,42,32,74,42,0,42,0.1,0.08203125,0.08203125,2.0000000000000018,2.0000000000000016e-06,mle,-0.0806604428690581,2.977915656021058,ok,True,True,extraction,
dgs5,4862,2019-06-12,4350,4861,512,-4.0000000000000036,linear,42,32,74,42,0,42,0.1,0.08203125,0.08203125,2.0000000000000018,2.0000000000000016e-06,mle,-0.0806604428690581,2.977915656021058,ok,True,True,extraction,
dgs5,4863,2019-06-13,4351,4862,512,-4.0000000000000036,linear,41,33,74,41,0,41,0.1,0.080078125,0.080078125,2.0000000000000018,2.0000000000000016e-06,mle,-0.0866721391268398,3.040044175734482,ok,True,True,extraction,
dgs5,4864,2019-06-14,4352,4863,512,-4.0000000000000036,linear,41,33,74,41,0,41,0.1,0.080078125,0.080078125,2.0000000000000018,2.0000000000000016e-06,mle,-0.0866721391268398,3.040044175734482,ok,True,True,extraction,
dgs5,4865,2019-06-17,4353,4864,512,-4.0000000000000036,linear,41,33,74,41,0,41,0.1,0.080078125,0.080078125,2.0000000000000018,2.0000000000000016e-06,mle,-0.0866721391268398,3.040044175734482,ok,True,True,extraction,
dgs5,4866,2019-06-18,4354,4865,512,-4.0000000000000036,linear,41,33,74,41,0,41,0.1,0.080078125,0.080078125,2.0000000000000018,2.0000000000000016e-06,mle,-0.0866721391268398,3.040044175734482,ok,True,True,extraction,
dgs5,4867,2019-06-19,4355,4866,512,-4.0000000000000036,linear,41,33,74,41,0,41,0.1,0.080078125,0.080078125,2.0000000000000018,2.0000000000000016e-06,mle,-0.0866721391268398,3.040044175734482,ok,True,True,extraction,
dgs5,4868,2019-06-20,4356,4867,512,-4.0000000000000036,linear,42,33,75,42,0,42,0.1,0.08203125,0.08203125,2.0000000000000018,2.0000000000000016e-06,mle,-0.0871729536814537,3.0201577298788322,ok,True,True,extraction,
dgs5,4869,2019-06-21,4357,4868,512,-4.0000000000000036,linear,41,33,74,41,0,41,0.1,0.080078125,0.080078125,2.0000000000000018,2.0000000000000016e-06,mle,-0.09322170651237285,3.083316967174804,ok,True,True,extraction,
dgs5,4870,2019-06-24,4358,4869,512,-4.0000000000000036,linear,41,33,74,41,0,41,0.1,0.080078125,0.080078125,2.0000000000000018,2.0000000000000016e-06,mle,-0.09322170651237285,3.083316967174804,ok,True,True,extraction,
dgs5,4871,2019-06-25,4359,4870,512,-4.0000000000000036,linear,42,33,75,42,0,42,0.1,0.08203125,0.08203125,2.0000000000000018,2.0000000000000016e-06,mle,-0.0871729536814537,3.0201577298788322,ok,True,True,extraction,
dgs5,4872,2019-06-26,4360,4871,512,-4.0000000000000036,linear,42,33,75,42,0,42,0.1,0.08203125,0.08203125,2.0000000000000018,2.0000000000000016e-06,mle,-0.0871729536814537,3.0201577298788322,ok,True,True,extraction,
dgs5,4873,2019-06-27,4361,4872,512,-4.0000000000000036,linear,42,33,75,42,0,42,0.1,0.08203125,0.08203125,2.0000000000000018,2.0000000000000016e-06,mle,-0.0871729536814537,3.0201577298788322,ok,True,True,extraction,
dgs5,4874,2019-06-28,4362,4873,512,-4.0000000000000036,linear,42,34,76,42,0,42,0.1,0.08203125,0.08203125,2.0000000000000018,2.0000000000000016e-06,mle,-0.0871729536814537,3.0201577298788322,ok,True,True,extraction,
dgs5,4875,2019-07-01,4363,4874,512,-4.0000000000000036,linear,42,34,76,42,0,42,0.1,0.08203125,0.08203125,2.0000000000000018,2.0000000000000016e-06,mle,-0.0871729536814537,3.0201577298788322,ok,True,True,extraction,
dgs5,4876,2019-07-02,4364,4875,512,-4.0000000000000036,linear,42,34,76,42,0,42,0.1,0.08203125,0.08203125,2.0000000000000018,2.0000000000000016e-06,mle,-0.0871729536814537,3.0201577298788322,ok,True,True,extraction,
dgs5,4877,2019-07-03,4365,4876,512,-4.0000000000000036,linear,41,35,76,41,0,41,0.1,0.080078125,0.080078125,2.0000000000000018,2.0000000000000016e-06,mle,-0.09322170651237285,3.083316967174804,ok,True,True,extraction,
dgs5,4878,2019-07-05,4366,4877,512,-4.0000000000000036,linear,41,35,76,41,0,41,0.1,0.080078125,0.080078125,2.0000000000000018,2.0000000000000016e-06,mle,-0.09322170651237285,3.083316967174804,ok,True,True,extraction,
dgs5,4879,2019-07-08,4367,4878,512,-4.0000000000000036,linear,41,35,76,41,0,41,0.1,0.080078125,0.080078125,2.0000000000000018,2.0000000000000016e-06,mle,-0.09322170651237285,3.083316967174804,ok,True,True,extraction,
dgs5,4880,2019-07-09,4368,4879,512,-4.0000000000000036,linear,41,35,76,41,0,41,0.1,0.080078125,0.080078125,2.0000000000000018,2.0000000000000016e-06,mle,-0.09322170651237285,3.083316967174804,ok,True,True,extraction,
dgs5,4881,2019-07-10,4369,4880,512,-4.0000000000000036,linear,41,35,76,41,0,41,0.1,0.080078125,0.080078125,2.0000000000000018,2.0000000000000016e-06,mle,-0.09322170651237285,3.083316967174804,ok,True,True,extraction,
dgs5,4882,2019-07-11,4370,4881,512,-4.0000000000000036,linear,42,35,77,42,0,42,0.1,0.08203125,0.08203125,2.0000000000000018,2.0000000000000016e-06,mle,-0.09349885472747299,3.0621076206930553,ok,True,True,extraction,
dgs5,4883,2019-07-12,4371,4882,512,-4.0000000000000036,linear,42,35,77,42,0,42,0.1,0.08203125,0.08203125,2.0000000000000018,2.0000000000000016e-06,mle,-0.09349885472747299,3.0621076206930553,ok,True,True,extraction,
dgs5,4884,2019-07-15,4372,4883,512,-4.0000000000000036,linear,42,35,77,42,0,42,0.1,0.08203125,0.08203125,2.0000000000000018,2.0000000000000016e-06,mle,-0.09349885472747299,3.0621076206930553,ok,True,True,extraction,
dgs5,4885,2019-07-16,4373,4884,512,-4.0000000000000036,linear,42,35,77,42,0,42,0.1,0.08203125,0.08203125,2.0000000000000018,2.0000000000000016e-06,mle,-0.09349885472747299,3.0621076206930553,ok,True,True,extraction,
dgs5,4886,2019-07-17,4374,4885,512,-4.0000000000000036,linear,42,35,77,42,0,42,0.1,0.08203125,0.08203125,2.0000000000000018,2.0000000000000016e-06,mle,-0.09349885472747299,3.0621076206930553,ok,True,True,extraction,
dgs5,4887,2019-07-18,4375,4886,512,-4.0000000000000036,linear,43,35,78,43,0,43,0.1,0.083984375,0.083984375,2.0000000000000018,2.0000000000000016e-06,mle,-0.08771423469681666,3.0014163747213445,ok,True,True,extraction,
dgs5,4888,2019-07-19,4376,4887,512,-4.0000000000000036,linear,44,35,79,44,0,44,0.1,0.0859375,0.0859375,2.0000000000000018,2.0000000000000016e-06,mle,-0.08226419208547266,2.944053282807592,ok,True,True,extraction,
dgs5,4889,2019-07-22,4377,4888,512,-4.0000000000000036,linear,44,35,79,44,0,44,0.1,0.0859375,0.0859375,2.0000000000000018,2.0000000000000016e-06,mle,-0.08226419208547266,2.944053282807592,ok,True,True,extraction,
dgs5,4890,2019-07-23,4378,4889,512,-4.0000000000000036,linear,44,35,79,44,0,44,0.1,0.0859375,0.0859375,2.0000000000000018,2.0000000000000016e-06,mle,-0.08226419208547266,2.944053282807592,ok,True,True,extraction,
dgs5,4891,2019-07-24,4379,4890,512,-4.0000000000000036,linear,44,35,79,44,0,44,0.1,0.0859375,0.0859375,2.0000000000000018,2.0000000000000016e-06,mle,-0.08226419208547266,2.944053282807592,ok,True,True,extraction,
dgs5,4892,2019-07-25,4380,4891,512,-4.0000000000000036,linear,44,35,79,44,0,44,0.1,0.0859375,0.0859375,2.0000000000000018,2.0000000000000016e-06,mle,-0.08226419208547266,2.944053282807592,ok,True,True,extraction,
dgs5,4893,2019-07-26,4381,4892,512,-4.0000000000000036,linear,44,35,79,44,0,44,0.1,0.0859375,0.0859375,2.0000000000000018,2.0000000000000016e-06,mle,-0.08226419208547266,2.944053282807592,ok,True,True,extraction,
dgs5,4894,2019-07-29,4382,4893,512,-4.0000000000000036,linear,44,35,79,44,0,44,0.1,0.0859375,0.0859375,2.0000000000000018,2.0000000000000016e-06,mle,-0.08226419208547266,2.944053282807592,ok,True,True,extraction,
dgs5,4895,2019-07-30,4383,4894,512,-4.0000000000000036,linear,44,35,79,44,0,44,0.1,0.0859375,0.0859375,2.0000000000000018,2.0000000000000016e-06,mle,-0.08226419208547266,2.944053282807592,ok,True,True,extraction,
dgs5,4896,2019-07-31,4384,4895,512,-4.0000000000000036,linear,44,34,78,44,0,44,0.1,0.0859375,0.0859375,2.0000000000000018,2.0000000000000016e-06,mle,-0.08226419208547266,2.944053282807592,ok,True,True,extraction,
dgs5,4897,2019-08-01,4385,4896,512,-4.0000000000000036,linear,44,34,78,44,0,44,0.1,0.0859375,0.0859375,2.0000000000000018,2.0000000000000016e-06,mle,-0.08226419208547266,2.944053282807592,ok,True,True,extraction,
dgs5,4898,2019-08-02,4386,4897,512,-4.0000000000000036,linear,45,34,79,45,0,45,0.1,0.087890625,0.087890625,2.0000000000000018,2.0000000000000016e-06,mle,-0.057488743989930174,3.0997913559433825,ok,True,True,extraction,
dgs5,4899,2019-08-05,4387,4898,512,-4.0000000000000036,linear,45,34,79,45,0,45,0.1,0.087890625,0.087890625,2.0000000000000018,2.0000000000000016e-06,mle,-0.057488743989930174,3.0997913559433825,ok,True,True,extraction,
dgs5,4900,2019-08-06,4388,4899,512,-4.0000000000000036,linear,46,33,79,46,0,46,0.1,0.08984375,0.08984375,2.0000000000000018,2.0000000000000016e-06,mle,-0.07372595180438274,3.2414640426923915,ok,True,True,extraction,
dgs5,4901,2019-08-07,4389,4900,512,-4.0000000000000036,linear,46,33,79,46,0,46,0.1,0.08984375,0.08984375,2.0000000000000018,2.0000000000000016e-06,mle,-0.07372595180438274,3.2414640426923915,ok,True,True,extraction,
dgs5,4902,2019-08-08,4390,4901,512,-4.0000000000000036,linear,46,33,79,46,0,46,0.1,0.08984375,0.08984375,2.0000000000000018,2.0000000000000016e-06,mle,-0.07372595180438274,3.2414640426923915,ok,True,True,extraction,
dgs5,4903,2019-08-09,4391,4902,512,-4.0000000000000036,linear,46,33,79,46,0,46,0.1,0.08984375,0.08984375,2.0000000000000018,2.0000000000000016e-06,mle,-0.07372595180438274,3.2414640426923915,ok,True,True,extraction,
dgs5,4904,2019-08-12,4392,4903,512,-4.0000000000000036,linear,46,33,79,46,0,46,0.1,0.08984375,0.08984375,2.0000000000000018,2.0000000000000016e-06,mle,-0.07372595180438274,3.2414640426923915,ok,True,True,extraction,
dgs5,4905,2019-08-13,4393,4904,512,-4.0000000000000036,linear,47,33,80,47,0,47,0.1,0.091796875,0.091796875,2.0000000000000018,2.0000000000000016e-06,mle,-0.0846225716007809,3.295623665089318,ok,True,True,extraction,
dgs5,4906,2019-08-14,4394,4905,512,-4.0000000000000036,linear,46,33,79,46,0,46,0.1,0.08984375,0.08984375,2.0000000000000018,2.0000000000000016e-06,mle,-0.07870952340046117,3.2796516115595287,ok,True,True,extraction,
dgs5,4907,2019-08-15,4395,4906,512,-4.0000000000000036,linear,47,33,80,47,0,47,0.1,0.091796875,0.091796875,2.0000000000000018,2.0000000000000016e-06,mle,-0.07859153974498839,3.255068016500881,ok,True,True,extraction,
dgs5,4908,2019-08-16,4396,4907,512,-4.0000000000000036,linear,48,33,81,48,0,48,0.1,0.09375,0.09375,2.0000000000000018,2.0000000000000016e-06,mle,-0.0924987716094138,3.3405684937564577,ok,True,True,extraction,
dgs5,4909,2019-08-19,4397,4908,512,-4.0000000000000036,linear,48,33,81,48,0,48,0.1,0.09375,0.09375,2.0000000000000018,2.0000000000000016e-06,mle,-0.0924987716094138,3.3405684937564577,ok,True,True,extraction,
dgs5,4910,2019-08-20,4398,4909,512,-4.0000000000000036,linear,48,32,80,48,0,48,0.1,0.09375,0.09375,2.0000000000000018,2.0000000000000016e-06,mle,-0.0924987716094138,3.3405684937564577,ok,True,True,extraction,
dgs5,4911,2019-08-21,4399,4910,512,-4.0000000000000036,linear,49,32,81,49,0,49,0.1,0.095703125,0.095703125,2.0000000000000018,2.0000000000000016e-06,mle,-0.08532943769800194,3.2737321188780135,ok,True,True,extraction,
dgs5,4912,2019-08-22,4400,4911,512,-4.0000000000000036,linear,49,32,81,49,0,49,0.1,0.095703125,0.095703125,2.0000000000000018,2.0000000000000016e-06,mle,-0.08532943769800194,3.2737321188780135,ok,True,True,extraction,
dgs5,4913,2019-08-23,4401,4912,512,-4.0000000000000036,linear,49,32,81,49,0,49,0.1,0.095703125,0.095703125,2.0000000000000018,2.0000000000000016e-06,mle,-0.08532943769800194,3.2737321188780135,ok,True,True,extraction,
dgs5,4914,2019-08-26,4402,4913,512,-4.0000000000000036,linear,50,32,82,50,0,50,0.1,0.09765625,0.09765625,2.0000000000000018,2.0000000000000016e-06,mle,-0.1006455509807314,3.3840925875617787,ok,True,True,extraction,
dgs5,4915,2019-08-27,4403,4914,512,-4.0000000000000036,linear,50,32,82,50,0,50,0.1,0.09765625,0.09765625,2.0000000000000018,2.0000000000000016e-06,mle,-0.1006455509807314,3.3840925875617787,ok,True,True,extraction,
dgs5,4916,2019-08-28,4404,4915,512,-4.0000000000000036,linear,50,32,82,50,0,50,0.1,0.09765625,0.09765625,2.0000000000000018,2.0000000000000016e-06,mle,-0.1006455509807314,3.3840925875617787,ok,True,True,extraction,
dgs5,4917,2019-08-29,4405,4916,512,-4.0000000000000036,linear,50,32,82,50,0,50,0.1,0.09765625,0.09765625,2.0000000000000018,2.0000000000000016e-06,mle,-0.1006455509807314,3.3840925875617787,ok,True,True,extraction,
dgs5,4918,2019-08-30,4406,4917,512,-4.0000000000000036,linear,50,31,81,50,0,50,0.1,0.09765625,0.09765625,2.0000000000000018,2.0000000000000016e-06,mle,-0.1006455509807314,3.3840925875617787,ok,True,True,extraction,
dgs5,4919,2019-09-03,4407,4918,512,-4.0000000000000036,linear,50,31,81,50,0,50,0.1,0.09765625,0.09765625,2.0000000000000018,2.0000000000000016e-06,mle,-0.1006455509807314,3.3840925875617787,ok,True,True,extraction,
dgs5,4920,2019-09-04,4408,4919,512,-4.0000000000000036,linear,50,31,81,50,0,50,0.1,0.09765625,0.09765625,2.0000000000000018,2.0000000000000016e-06,mle,-0.1006455509807314,3.3840925875617787,ok,True,True,extraction,
dgs5,4921,2019-09-05,4409,4920,512,-4.0000000000000036,linear,50,30,80,50,0,50,0.1,0.09765625,0.09765625,2.0000000000000018,2.0000000000000016e-06,mle,-0.1006455509807314,3.3840925875617787,ok,True,True,extraction,
dgs5,4922,2019-09-06,4410,4921,512,-4.0000000000000036,linear,50,30,80,50,0,50,0.1,0.09765625,0.09765625,2.0000000000000018,2.0000000000000016e-06,mle,-0.1006455509807314,3.3840925875617787,ok,True,True,extraction,
dgs5,4923,2019-09-09,4411,4922,512,-4.0000000000000036,linear,50,30,80,50,0,50,0.1,0.09765625,0.09765625,2.0000000000000018,2.0000000000000016e-06,mle,-0.1006455509807314,3.3840925875617787,ok,True,True,extraction,
dgs5,4924,2019-09-10,4412,4923,512,-4.0000000000000036,linear,50,30,80,50,0,50,0.1,0.09765625,0.09765625,2.0000000000000018,2.0000000000000016e-06,mle,-0.1006455509807314,3.3840925875617787,ok,True,True,extraction,
dgs5,4925,2019-09-11,4413,4924,512,-4.0000000000000036,linear,50,30,80,50,0,50,0.1,0.09765625,0.09765625,2.0000000000000018,2.0000000000000016e-06,mle,-0.1006455509807314,3.3840925875617787,ok,True,True,extraction,
dgs5,4926,2019-09-12,4414,4925,512,-4.0000000000000036,linear,50,29,79,50,0,50,0.1,0.09765625,0.09765625,2.0000000000000018,2.0000000000000016e-06,mle,-0.1006455509807314,3.3840925875617787,ok,True,True,extraction,
dgs5,4927,2019-09-13,4415,4926,512,-4.0000000000000036,linear,50,29,79,50,0,50,0.1,0.09765625,0.09765625,2.0000000000000018,2.0000000000000016e-06,mle,-0.1006455509807314,3.3840925875617787,ok,True,True,extraction,
dgs5,4928,2019-09-16,4416,4927,512,-4.0000000000000036,linear,50,29,79,50,0,50,0.1,0.09765625,0.09765625,2.0000000000000018,2.0000000000000016e-06,mle,-0.1006455509807314,3.3840925875617787,ok,True,True,extraction,
dgs5,4929,2019-09-17,4417,4928,512,-4.0000000000000036,linear,51,29,80,51,0,51,0.1,0.099609375,0.099609375,2.0000000000000018,2.0000000000000016e-06,mle,-0.09995976403563081,3.358428995838065,ok,True,True,extraction,
dgs5,4930,2019-09-18,4418,4929,512,-4.0000000000000036,linear,51,28,79,51,0,51,0.1,0.099609375,0.099609375,2.0000000000000018,2.0000000000000016e-06,mle,-0.09995976403563081,3.358428995838065,ok,True,True,extraction,
dgs5,4931,2019-09-19,4419,4930,512,-4.0000000000000036,linear,51,28,79,51,0,51,0.1,0.099609375,0.099609375,2.0000000000000018,2.0000000000000016e-06,mle,-0.09995976403563081,3.358428995838065,ok,True,True,extraction,
dgs5,4932,2019-09-20,4420,4931,512,-4.0000000000000036,linear,51,28,79,51,0,51,0.1,0.099609375,0.099609375,2.0000000000000018,2.0000000000000016e-06,mle,-0.09995976403563081,3.358428995838065,ok,True,True,extraction,
dgs5,4933,2019-09-23,4421,4932,512,-4.899999999999983,linear,52,0,52,52,0,52,0.1,0.1015625,0.1015625,2.0000000000000018,2.0000000000000016e-06,mle,0.35775808652296825,1.4261615752359889,ok,True,True,extraction,
dgs5,4934,2019-09-24,4422,4933,512,-4.0000000000000036,linear,51,28,79,51,0,51,0.1,0.099609375,0.099609375,2.0000000000000018,2.0000000000000016e-06,mle,-0.08340050263975474,3.246282345096158,ok,True,True,extraction,
dgs5,4935,2019-09-25,4423,4934,512,-4.899999999999983,linear,52,0,52,52,0,52,0.1,0.1015625,0.1015625,2.0000000000000018,2.0000000000000016e-06,mle,0.3620677665973048,1.4042630261184903,ok,True,True,extraction,
dgs5,4936,2019-09-26,4424,4935,512,-4.0000000000000036,linear,51,28,79,51,0,51,0.1,0.099609375,0.099609375,2.0000000000000018,2.0000000000000016e-06,mle,-0.08901696591613881,3.2838263386336157,ok,True,True,extraction,
dgs5,4937,2019-09-27,4425,4936,512,-4.0000000000000036,linear,51,28,79,51,0,51,0.1,0.099609375,0.099609375,2.0000000000000018,2.0000000000000016e-06,mle,-0.08901696591613881,3.2838263386336157,ok,True,True,extraction,
dgs5,4938,2019-09-30,4426,4937,512,-4.0000000000000036,linear,51,28,79,51,0,51,0.1,0.099609375,0.099609375,2.0000000000000018,2.0000000000000016e-06,mle,-0.08901696591613881,3.2838263386336157,ok,True,True,extraction,
dgs5,4939,2019-10-01,4427,4938,512,-4.0000000000000036,linear,51,28,79,51,0,51,0.1,0.099609375,0.099609375,2.0000000000000018,2.0000000000000016e-06,mle,-0.08901696591613881,3.2838263386336157,ok,True,True,extraction,
dgs5,4940,2019-10-02,4428,4939,512,-4.0000000000000036,linear,51,29,80,51,0,51,0.1,0.099609375,0.099609375,2.0000000000000018,2.0000000000000016e-06,mle,-0.08901696591613881,3.2838263386336157,ok,True,True,extraction,
dgs5,4941,2019-10-03,4429,4940,512,-4.899999999999983,linear,52,0,52,52,0,52,0.1,0.1015625,0.1015625,2.0000000000000018,2.0000000000000016e-06,mle,0.33705218359531397,1.4749306084730438,ok,True,True,extraction,
dgs5,4942,2019-10-04,4430,4941,512,-4.999999999999982,linear,44,9,53,44,7,37,0.1,0.0859375,0.072265625,2.0000000000000018,2.0000000000000016e-06,mle,-0.07727960490397746,3.200857330086389,ok,True,True,extraction,
dgs5,4943,2019-10-07,4431,4942,512,-4.999999999999982,linear,44,9,53,44,7,37,0.1,0.0859375,0.072265625,2.0000000000000018,2.0000000000000016e-06,mle,-0.07727960490397746,3.200857330086389,ok,True,True,extraction,
dgs5,4944,2019-10-08,4432,4943,512,-4.999999999999982,linear,44,9,53,44,7,37,0.1,0.0859375,0.072265625,2.0000000000000018,2.0000000000000016e-06,mle,-0.07727960490397746,3.200857330086389,ok,True,True,extraction,
dgs5,4945,2019-10-09,4433,4944,512,-4.999999999999982,linear,44,9,53,44,7,37,0.1,0.0859375,0.072265625,2.0000000000000018,2.0000000000000016e-06,mle,-0.07727960490397746,3.200857330086389,ok,True,True,extraction,
dgs5,4946,2019-10-10,4434,4945,512,-4.999999999999982,linear,44,9,53,44,7,37,0.1,0.0859375,0.072265625,2.0000000000000018,2.0000000000000016e-06,mle,-0.07727960490397746,3.200857330086389,ok,True,True,extraction,
dgs5,4947,2019-10-11,4435,4946,512,-4.999999999999982,linear,44,9,53,44,7,37,0.1,0.0859375,0.072265625,2.0000000000000018,2.0000000000000016e-06,mle,-0.07727960490397746,3.200857330086389,ok,True,True,extraction,
dgs5,4948,2019-10-15,4436,4947,512,-4.999999999999982,linear,44,9,53,44,7,37,0.1,0.0859375,0.072265625,2.0000000000000018,2.0000000000000016e-06,mle,-0.07727960490397746,3.200857330086389,ok,True,True,extraction,
dgs5,4949,2019-10-16,4437,4948,512,-4.999999999999982,linear,44,9,53,44,7,37,0.1,0.0859375,0.072265625,2.0000000000000018,2.0000000000000016e-06,mle,-0.07727960490397746,3.200857330086389,ok,True,True,extraction,
dgs5,4950,2019-10-17,4438,4949,512,-4.999999999999982,linear,44,9,53,44,7,37,0.1,0.0859375,0.072265625,2.0000000000000018,2.0000000000000016e-06,mle,-0.07727960490397746,3.200857330086389,ok,True,True,extraction,
dgs5,4951,2019-10-18,4439,4950,512,-4.999999999999982,linear,44,9,53,44,7,37,0.1,0.0859375,0.072265625,2.0000000000000018,2.0000000000000016e-06,mle,-0.07727960490397746,3.200857330086389,ok,True,True,extraction,
dgs5,4952,2019-10-21,4440,4951,512,-4.999999999999982,linear,44,9,53,44,7,37,0.1,0.0859375,0.072265625,2.0000000000000018,2.0000000000000016e-06,mle,-0.07727960490397746,3.200857330086389,ok,True,True,extraction,
dgs5,4953,2019-10-22,4441,4952,512,-4.999999999999982,linear,44,9,53,44,7,37,0.1,0.0859375,0.072265625,2.0000000000000018,2.0000000000000016e-06,mle,-0.07727960490397746,3.200857330086389,ok,True,True,extraction,
dgs5,4954,2019-10-23,4442,4953,512,-4.999999999999982,linear,44,9,53,44,7,37,0.1,0.0859375,0.072265625,2.0000000000000018,2.0000000000000016e-06,mle,-0.07727960490397746,3.200857330086389,ok,True,True,extraction,
dgs5,4955,2019-10-24,4443,4954,512,-4.999999999999982,linear,44,9,53,44,7,37,0.1,0.0859375,0.072265625,2.0000000000000018,2.0000000000000016e-06,mle,-0.07727960490397746,3.200857330086389,ok,True,True,extraction,
dgs5,4956,2019-10-25,4444,4955,512,-4.999999999999982,linear,44,9,53,44,7,37,0.1,0.0859375,0.072265625,2.0000000000000018,2.0000000000000016e-06,mle,-0.07727960490397746,3.200857330086389,ok,True,True,extraction,
dgs5,4957,2019-10-28,4445,4956,512,-4.999999999999982,linear,44,9,53,44,7,37,0.1,0.0859375,0.072265625,2.0000000000000018,2.0000000000000016e-06,mle,-0.07727960490397746,3.200857330086389,ok,True,True,extraction,
dgs5,4958,2019-10-29,4446,4957,512,-4.999999999999982,linear,44,9,53,44,7,37,0.1,0.0859375,0.072265625,2.0000000000000018,2.0000000000000016e-06,mle,-0.07727960490397746,3.200857330086389,ok,True,True,extraction,
dgs5,4959,2019-10-30,4447,4958,512,-4.999999999999982,linear,44,9,53,44,7,37,0.1,0.0859375,0.072265625,2.0000000000000018,2.0000000000000016e-06,mle,-0.07727960490397746,3.200857330086389,ok,True,True,extraction,
dgs5,4960,2019-10-31,4448,4959,512,-4.999999999999982,linear,44,10,54,44,7,37,0.1,0.0859375,0.072265625,2.0000000000000018,2.0000000000000016e-06,mle,-0.07727960490397746,3.200857330086389,ok,True,True,extraction,
dgs5,4961,2019-11-01,4449,4960,512,-4.999999999999982,linear,45,10,55,45,7,38,0.1,0.087890625,0.07421875,2.0000000000000018,2.0000000000000016e-06,mle,-0.09788074736708254,3.3193269333991138,ok,True,True,extraction,
dgs5,4962,2019-11-04,4450,4961,512,-4.999999999999982,linear,45,10,55,45,7,38,0.1,0.087890625,0.07421875,2.0000000000000018,2.0000000000000016e-06,mle,-0.09788074736708254,3.3193269333991138,ok,True,True,extraction,
dgs5,4963,2019-11-05,4451,4962,512,-4.999999999999982,linear,45,10,55,45,7,38,0.1,0.087890625,0.07421875,2.0000000000000018,2.0000000000000016e-06,mle,-0.09788074736708254,3.3193269333991138,ok,True,True,extraction,
dgs5,4964,2019-11-06,4452,4963,512,-4.999999999999982,linear,45,10,55,45,7,38,0.1,0.087890625,0.07421875,2.0000000000000018,2.0000000000000016e-06,mle,-0.09788074736708254,3.3193269333991138,ok,True,True,extraction,
dgs5,4965,2019-11-07,4453,4964,512,-4.999999999999982,linear,45,10,55,45,7,38,0.1,0.087890625,0.07421875,2.0000000000000018,2.0000000000000016e-06,mle,-0.09788074736708254,3.3193269333991138,ok,True,True,extraction,
dgs5,4966,2019-11-08,4454,4965,512,-4.999999999999982,linear,45,10,55,45,7,38,0.1,0.087890625,0.07421875,2.0000000000000018,2.0000000000000016e-06,mle,-0.09788074736708254,3.3193269333991138,ok,True,True,extraction,
dgs5,4967,2019-11-12,4455,4966,512,-4.999999999999982,linear,45,10,55,45,7,38,0.1,0.087890625,0.07421875,2.0000000000000018,2.0000000000000016e-06,mle,-0.09788074736708254,3.3193269333991138,ok,True,True,extraction,
dgs5,4968,2019-11-13,4456,4967,512,-4.999999999999982,linear,45,10,55,45,7,38,0.1,0.087890625,0.07421875,2.0000000000000018,2.0000000000000016e-06,mle,-0.09788074736708254,3.3193269333991138,ok,True,True,extraction,
dgs5,4969,2019-11-14,4457,4968,512,-4.999999999999982,linear,45,10,55,45,7,38,0.1,0.087890625,0.07421875,2.0000000000000018,2.0000000000000016e-06,mle,-0.09788074736708254,3.3193269333991138,ok,True,True,extraction,
dgs5,4970,2019-11-15,4458,4969,512,-4.999999999999982,linear,46,10,56,46,7,39,0.1,0.08984375,0.076171875,2.0000000000000018,2.0000000000000016e-06,mle,-0.08767732897417796,3.23263041591796,ok,True,True,extraction,
dgs5,4971,2019-11-18,4459,4970,512,-4.999999999999982,linear,46,10,56,46,7,39,0.1,0.08984375,0.076171875,2.0000000000000018,2.0000000000000016e-06,mle,-0.08767732897417796,3.23263041591796,ok,True,True,extraction,
dgs5,4972,2019-11-19,4460,4971,512,-4.999999999999982,linear,46,10,56,46,7,39,0.1,0.08984375,0.076171875,2.0000000000000018,2.0000000000000016e-06,mle,-0.08767732897417796,3.23263041591796,ok,True,True,extraction,
dgs5,4973,2019-11-20,4461,4972,512,-4.999999999999982,linear,46,10,56,46,7,39,0.1,0.08984375,0.076171875,2.0000000000000018,2.0000000000000016e-06,mle,-0.08767732897417796,3.23263041591796,ok,True,True,extraction,
dgs5,4974,2019-11-21,4462,4973,512,-4.999999999999982,linear,46,11,57,46,7,39,0.1,0.08984375,0.076171875,2.0000000000000018,2.0000000000000016e-06,mle,-0.08767732897417796,3.23263041591796,ok,True,True,extraction,
dgs5,4975,2019-11-22,4463,4974,512,-4.999999999999982,linear,46,11,57,46,7,39,0.1,0.08984375,0.076171875,2.0000000000000018,2.0000000000000016e-06,mle,-0.08767732897417796,3.23263041591796,ok,True,True,extraction,
dgs5,4976,2019-11-25,4464,4975,512,-4.999999999999982,linear,46,11,57,46,7,39,0.1,0.08984375,0.076171875,2.0000000000000018,2.0000000000000016e-06,mle,-0.08767732897417796,3.23263041591796,ok,True,True,extraction,
dgs5,4977,2019-11-26,4465,4976,512,-4.999999999999982,linear,46,11,57,46,7,39,0.1,0.08984375,0.076171875,2.0000000000000018,2.0000000000000016e-06,mle,-0.08767732897417796,3.23263041591796,ok,True,True,extraction,
dgs5,4978,2019-11-27,4466,4977,512,-4.999999999999982,linear,46,11,57,46,7,39,0.1,0.08984375,0.076171875,2.0000000000000018,2.0000000000000016e-06,mle,-0.08767732897417796,3.23263041591796,ok,True,True,extraction,
dgs5,4979,2019-11-29,4467,4978,512,-4.999999999999982,linear,46,11,57,46,7,39,0.1,0.08984375,0.076171875,2.0000000000000018,2.0000000000000016e-06,mle,-0.08767732897417796,3.23263041591796,ok,True,True,extraction,
dgs5,4980,2019-12-02,4468,4979,512,-4.999999999999982,linear,46,11,57,46,7,39,0.1,0.08984375,0.076171875,2.0000000000000018,2.0000000000000016e-06,mle,-0.08767732897417796,3.23263041591796,ok,True,True,extraction,
dgs5,4981,2019-12-03,4469,4980,512,-4.999999999999982,linear,46,11,57,46,7,39,0.1,0.08984375,0.076171875,2.0000000000000018,2.0000000000000016e-06,mle,-0.08767732897417796,3.23263041591796,ok,True,True,extraction,
dgs5,4982,2019-12-04,4470,4981,512,-4.999999999999982,linear,47,11,58,47,7,40,0.1,0.091796875,0.078125,2.0000000000000018,2.0000000000000016e-06,mle,-0.10987566196300748,3.381437413183209,ok,True,True,extraction,
dgs5,4983,2019-12-05,4471,4982,512,-4.999999999999982,linear,47,11,58,47,7,40,0.1,0.091796875,0.078125,2.0000000000000018,2.0000000000000016e-06,mle,-0.10987566196300748,3.381437413183209,ok,True,True,extraction,
dgs5,4984,2019-12-06,4472,4983,512,-4.999999999999982,linear,47,11,58,47,7,40,0.1,0.091796875,0.078125,2.0000000000000018,2.0000000000000016e-06,mle,-0.10987566196300748,3.381437413183209,ok,True,True,extraction,
dgs5,4985,2019-12-09,4473,4984,512,-4.999999999999982,linear,47,11,58,47,7,40,0.1,0.091796875,0.078125,2.0000000000000018,2.0000000000000016e-06,mle,-0.10987566196300748,3.381437413183209,ok,True,True,extraction,
dgs5,4986,2019-12-10,4474,4985,512,-4.999999999999982,linear,47,11,58,47,7,40,0.1,0.091796875,0.078125,2.0000000000000018,2.0000000000000016e-06,mle,-0.10987566196300748,3.381437413183209,ok,True,True,extraction,
dgs5,4987,2019-12-11,4475,4986,512,-4.999999999999982,linear,47,11,58,47,7,40,0.1,0.091796875,0.078125,2.0000000000000018,2.0000000000000016e-06,mle,-0.10987566196300748,3.381437413183209,ok,True,True,extraction,
dgs5,4988,2019-12-12,4476,4987,512,-4.999999999999982,linear,47,11,58,47,7,40,0.1,0.091796875,0.078125,2.0000000000000018,2.0000000000000016e-06,mle,-0.10987566196300748,3.381437413183209,ok,True,True,extraction,
dgs5,4989,2019-12-13,4477,4988,512,-4.999999999999982,linear,46,11,57,46,7,39,0.1,0.08984375,0.076171875,2.0000000000000018,2.0000000000000016e-06,mle,-0.12058859302256869,3.4721360855905044,ok,True,True,extraction,
dgs5,4990,2019-12-16,4478,4989,512,-4.999999999999982,linear,47,11,58,47,7,40,0.1,0.091796875,0.078125,2.0000000000000018,2.0000000000000016e-06,mle,-0.11909420684011451,3.4361914820064206,ok,True,True,extraction,
dgs5,4991,2019-12-17,4479,4990,512,-4.999999999999982,linear,47,11,58,47,7,40,0.1,0.091796875,0.078125,2.499999999999991,2.499999999999991e-06,mle,-0.11909420684011451,3.4361914820064206,ok,True,True,extraction,
dgs5,4992,2019-12-18,4480,4991,512,-4.999999999999982,linear,47,11,58,47,7,40,0.1,0.091796875,0.078125,2.499999999999991,2.499999999999991e-06,mle,-0.11909420684011451,3.4361914820064206,ok,True,True,extraction,
dgs5,4993,2019-12-19,4481,4992,512,-4.999999999999982,linear,47,11,58,47,7,40,0.1,0.091796875,0.078125,2.9999999999999805,2.99999999999998e-06,mle,-0.11909420684011451,3.4361914820064206,ok,True,True,extraction,
dgs5,4994,2019-12-20,4482,4993,512,-4.999999999999982,linear,47,11,58,47,7,40,0.1,0.091796875,0.078125,2.499999999999991,2.499999999999991e-06,mle,-0.11909420684011451,3.4361914820064206,ok,True,True,extraction,
dgs5,4995,2019-12-23,4483,4994,512,-4.999999999999982,linear,47,11,58,47,7,40,0.1,0.091796875,0.078125,2.499999999999991,2.499999999999991e-06,mle,-0.11909420684011451,3.4361914820064206,ok,True,True,extraction,
dgs5,4996,2019-12-24,4484,4995,512,-4.999999999999982,linear,47,11,58,47,7,40,0.1,0.091796875,0.078125,2.499999999999991,2.499999999999991e-06,mle,-0.11909420684011451,3.4361914820064206,ok,True,True,extraction,
dgs5,4997,2019-12-26,4485,4996,512,-4.999999999999982,linear,47,11,58,47,7,40,0.1,0.091796875,0.078125,2.9999999999999805,2.99999999999998e-06,mle,-0.11909420684011451,3.4361914820064206,ok,True,True,extraction,
dgs5,4998,2019-12-27,4486,4997,512,-4.999999999999982,linear,47,11,58,47,7,40,0.1,0.091796875,0.078125,2.499999999999991,2.499999999999991e-06,mle,-0.11909420684011451,3.4361914820064206,ok,True,True,extraction,
dgs5,4999,2019-12-30,4487,4998,512,-4.999999999999982,linear,47,11,58,47,7,40,0.1,0.091796875,0.078125,2.499999999999991,2.499999999999991e-06,mle,-0.11909420684011451,3.4361914820064206,ok,True,True,extraction,
dgs5,5000,2019-12-31,4488,4999,512,-4.999999999999982,linear,47,11,58,47,7,40,0.1,0.091796875,0.078125,2.499999999999991,2.499999999999991e-06,mle,-0.11909420684011451,3.4361914820064206,ok,True,True,extraction,
dgs5,5001,2020-01-02,4489,5000,512,-4.999999999999982,linear,47,11,58,47,7,40,0.1,0.091796875,0.078125,2.499999999999991,2.499999999999991e-06,mle,-0.11909420684011451,3.4361914820064206,ok,True,True,extraction,
dgs5,5002,2020-01-03,4490,5001,512,-4.999999999999982,linear,47,11,58,47,7,40,0.1,0.091796875,0.078125,2.499999999999991,2.499999999999991e-06,mle,-0.11909420684011451,3.4361914820064206,ok,True,True,extraction,
dgs5,5003,2020-01-06,4491,5002,512,-4.999999999999982,linear,47,11,58,47,7,40,0.1,0.091796875,0.078125,2.499999999999991,2.499999999999991e-06,mle,-0.1356237146547321,3.540901877282837,ok,True,True,extraction,
dgs5,5004,2020-01-07,4492,5003,512,-4.999999999999982,linear,47,11,58,47,7,40,0.1,0.091796875,0.078125,2.499999999999991,2.499999999999991e-06,mle,-0.1356237146547321,3.540901877282837,ok,True,True,extraction,
dgs5,5005,2020-01-08,4493,5004,512,-4.999999999999982,linear,47,11,58,47,7,40,0.1,0.091796875,0.078125,2.499999999999991,2.499999999999991e-06,mle,-0.1356237146547321,3.540901877282837,ok,True,True,extraction,
dgs5,5006,2020-01-09,4494,5005,512,-4.999999999999982,linear,47,11,58,47,7,40,0.1,0.091796875,0.078125,2.9999999999999805,2.99999999999998e-06,mle,-0.1356237146547321,3.540901877282837,ok,True,True,extraction,
dgs5,5007,2020-01-10,4495,5006,512,-4.999999999999982,linear,47,11,58,47,7,40,0.1,0.091796875,0.078125,2.499999999999991,2.499999999999991e-06,mle,-0.1356237146547321,3.540901877282837,ok,True,True,extraction,
dgs5,5008,2020-01-13,4496,5007,512,-4.999999999999982,linear,47,11,58,47,7,40,0.1,0.091796875,0.078125,2.499999999999991,2.499999999999991e-06,mle,-0.1356237146547321,3.540901877282837,ok,True,True,extraction,
dgs5,5009,2020-01-14,4497,5008,512,-4.999999999999982,linear,47,11,58,47,7,40,0.1,0.091796875,0.078125,2.499999999999991,2.499999999999991e-06,mle,-0.1356237146547321,3.540901877282837,ok,True,True,extraction,
dgs5,5010,2020-01-15,4498,5009,512,-4.999999999999982,linear,47,11,58,47,7,40,0.1,0.091796875,0.078125,2.499999999999991,2.499999999999991e-06,mle,-0.1356237146547321,3.540901877282837,ok,True,True,extraction,
dgs5,5011,2020-01-16,4499,5010,512,-4.999999999999982,linear,47,11,58,47,7,40,0.1,0.091796875,0.078125,2.9999999999999805,2.99999999999998e-06,mle,-0.1356237146547321,3.540901877282837,ok,True,True,extraction,
dgs5,5012,2020-01-17,4500,5011,512,-4.999999999999982,linear,47,11,58,47,7,40,0.1,0.091796875,0.078125,2.9999999999999805,2.99999999999998e-06,mle,-0.1356237146547321,3.540901877282837,ok,True,True,extraction,
dgs5,5013,2020-01-21,4501,5012,512,-4.999999999999982,linear,47,11,58,47,7,40,0.1,0.091796875,0.078125,2.9999999999999805,2.99999999999998e-06,mle,-0.1356237146547321,3.540901877282837,ok,True,True,extraction,
dgs5,5014,2020-01-22,4502,5013,512,-4.999999999999982,linear,48,11,59,48,7,41,0.1,0.09375,0.080078125,2.9999999999999805,2.99999999999998e-06,mle,-0.12540303798596153,3.452028803308099,ok,True,True,extraction,
dgs5,5015,2020-01-23,4503,5014,512,-4.999999999999982,linear,48,11,59,48,7,41,0.1,0.09375,0.080078125,2.499999999999991,2.499999999999991e-06,mle,-0.12540303798596153,3.452028803308099,ok,True,True,extraction,
dgs5,5016,2020-01-24,4504,5015,512,-4.999999999999982,linear,48,11,59,48,7,41,0.1,0.09375,0.080078125,2.499999999999991,2.499999999999991e-06,mle,-0.12540303798596153,3.452028803308099,ok,True,True,extraction,
dgs5,5017,2020-01-27,4505,5016,512,-4.999999999999982,linear,48,11,59,48,7,41,0.1,0.09375,0.080078125,2.9999999999999805,2.99999999999998e-06,mle,-0.12540303798596153,3.452028803308099,ok,True,True,extraction,
dgs5,5018,2020-01-28,4506,5017,512,-4.999999999999982,linear,49,11,60,49,7,42,0.1,0.095703125,0.08203125,2.9999999999999805,2.99999999999998e-06,mle,-0.12405967812925989,3.4187724407890245,ok,True,True,extraction,
dgs5,5019,2020-01-29,4507,5018,512,-4.999999999999982,linear,49,11,60,49,7,42,0.1,0.095703125,0.08203125,2.9999999999999805,2.99999999999998e-06,mle,-0.12405967812925989,3.4187724407890245,ok,True,True,extraction,
dgs5,5020,2020-01-30,4508,5019,512,-4.999999999999982,linear,50,11,61,50,7,43,0.1,0.09765625,0.083984375,2.9999999999999805,2.99999999999998e-06,mle,-0.11488168899776002,3.3387891279768454,ok,True,True,extraction,
dgs5,5021,2020-01-31,4509,5020,512,-4.999999999999982,linear,50,11,61,50,7,43,0.1,0.09765625,0.083984375,2.9999999999999805,2.99999999999998e-06,mle,-0.11488168899776002,3.3387891279768454,ok,True,True,extraction,
dgs5,5022,2020-02-03,4510,5021,512,-4.999999999999982,linear,51,11,62,51,7,44,0.1,0.099609375,0.0859375,2.9999999999999805,2.99999999999998e-06,mle,-0.11417642841160493,3.3109680992577752,ok,True,True,extraction,
dgs5,5023,2020-02-04,4511,5022,512,-4.999999999999982,linear,51,11,62,51,7,44,0.1,0.099609375,0.0859375,2.9999999999999805,2.99999999999998e-06,mle,-0.11417642841160493,3.3109680992577752,ok,True,True,extraction,
dgs5,5024,2020-02-05,4512,5023,512,-4.999999999999982,linear,51,11,62,51,7,44,0.1,0.099609375,0.0859375,2.9999999999999805,2.99999999999998e-06,mle,-0.11417642841160493,3.3109680992577752,ok,True,True,extraction,
dgs5,5025,2020-02-06,4513,5024,512,-4.999999999999982,linear,51,11,62,51,7,44,0.1,0.099609375,0.0859375,2.9999999999999805,2.99999999999998e-06,mle,-0.11417642841160493,3.3109680992577752,ok,True,True,extraction,
dgs5,5026,2020-02-07,4514,5025,512,-4.999999999999982,linear,51,11,62,51,7,44,0.1,0.099609375,0.0859375,2.9999999999999805,2.99999999999998e-06,mle,-0.11417642841160493,3.3109680992577752,ok,True,True,extraction,
dgs5,5027,2020-02-10,4515,5026,512,-4.999999999999982,linear,51,11,62,51,7,44,0.1,0.099609375,0.0859375,2.9999999999999805,2.99999999999998e-06,mle,-0.11417642841160493,3.3109680992577752,ok,True,True,extraction,
dgs5,5028,2020-02-11,4516,5027,512,-4.999999999999982,linear,51,11,62,51,7,44,0.1,0.099609375,0.0859375,2.9999999999999805,2.99999999999998e-06,mle,-0.11417642841160493,3.3109680992577752,ok,True,True,extraction,
dgs5,5029,2020-02-12,4517,5028,512,-4.999999999999982,linear,51,11,62,51,7,44,0.1,0.099609375,0.0859375,2.9999999999999805,2.99999999999998e-06,mle,-0.11417642841160493,3.3109680992577752,ok,True,True,extraction,
dgs5,5030,2020-02-13,4518,5029,512,-4.999999999999982,linear,51,11,62,51,7,44,0.1,0.099609375,0.0859375,2.9999999999999805,2.99999999999998e-06,mle,-0.11417642841160493,3.3109680992577752,ok,True,True,extraction,
dgs5,5031,2020-02-14,4519,5030,512,-4.999999999999982,linear,51,11,62,51,7,44,0.1,0.099609375,0.0859375,2.9999999999999805,2.99999999999998e-06,mle,-0.11417642841160493,3.3109680992577752,ok,True,True,extraction,
dgs5,5032,2020-02-18,4520,5031,512,-4.999999999999982,linear,51,11,62,51,7,44,0.1,0.099609375,0.0859375,2.9999999999999805,2.99999999999998e-06,mle,-0.11417642841160493,3.3109680992577752,ok,True,True,extraction,
dgs5,5033,2020-02-19,4521,5032,512,-4.999999999999982,linear,51,11,62,51,7,44,0.1,0.099609375,0.0859375,2.9999999999999805,2.99999999999998e-06,mle,-0.11417642841160493,3.3109680992577752,ok,True,True,extraction,
dgs5,5034,2020-02-20,4522,5033,512,-4.999999999999982,linear,51,11,62,51,7,44,0.1,0.099609375,0.0859375,2.9999999999999805,2.99999999999998e-06,mle,-0.11417642841160493,3.3109680992577752,ok,True,True,extraction,
dgs5,5035,2020-02-21,4523,5034,512,-4.999999999999982,linear,51,11,62,51,7,44,0.1,0.099609375,0.0859375,2.9999999999999805,2.99999999999998e-06,mle,-0.11417642841160493,3.3109680992577752,ok,True,True,extraction,
dgs5,5036,2020-02-24,4524,5035,512,-5.000000000000002,linear,52,0,52,52,7,45,0.1,0.1015625,0.087890625,2.9999999999999805,2.99999999999998e-06,mle,-0.11360916115019114,3.2846576148209787,ok,True,True,extraction,
dgs5,5037,2020-02-25,4525,5036,512,-5.000000000000004,linear,50,3,53,50,4,46,0.1,0.09765625,0.08984375,2.9999999999999805,2.99999999999998e-06,mle,-0.12465376058384948,3.3407406390565795,ok,True,True,extraction,
dgs5,5038,2020-02-26,4526,5037,512,-5.000000000000004,linear,49,4,53,49,4,45,0.1,0.095703125,0.087890625,2.9999999999999805,2.99999999999998e-06,mle,-0.11900691505370163,3.32493352434669,ok,True,True,extraction,
dgs5,5039,2020-02-27,4527,5038,512,-5.000000000000004,linear,49,4,53,49,4,45,0.1,0.095703125,0.087890625,2.9999999999999805,2.99999999999998e-06,mle,-0.11900691505370163,3.32493352434669,ok,True,True,extraction,
dgs5,5040,2020-02-28,4528,5039,512,-5.000000000000004,linear,49,4,53,49,4,45,0.1,0.095703125,0.087890625,2.9999999999999805,2.99999999999998e-06,mle,-0.11900691505370163,3.32493352434669,ok,True,True,extraction,
dgs5,5041,2020-03-02,4529,5040,512,-5.000000000000004,linear,50,4,54,50,4,46,0.1,0.09765625,0.08984375,2.9999999999999805,2.99999999999998e-06,mle,-0.006515335796137495,3.304000225592285,ok,True,True,extraction,
dgs5,5042,2020-03-03,4530,5041,512,-5.000000000000004,linear,50,4,54,50,4,46,0.1,0.09765625,0.08984375,2.9999999999999805,2.99999999999998e-06,mle,-0.006515335796137495,3.304000225592285,ok,True,True,extraction,
dgs5,5043,2020-03-04,4531,5042,512,-5.000000000000004,linear,51,4,55,51,4,47,0.1,0.099609375,0.091796875,2.9999999999999805,2.99999999999998e-06,mle,-0.02275726141966069,3.4162141917208073,ok,True,True,extraction,
dgs5,5044,2020-03-05,4532,5043,512,-5.000000000000004,linear,51,4,55,51,4,47,0.1,0.099609375,0.091796875,2.9999999999999805,2.99999999999998e-06,mle,-0.02275726141966069,3.4162141917208073,ok,True,True,extraction,
dgs5,5045,2020-03-06,4533,5044,512,-5.000000000000024,linear,52,0,52,52,4,48,0.1,0.1015625,0.09375,2.9999999999999805,2.99999999999998e-06,mle,-0.028457250649969977,3.427744316684147,ok,True,True,extraction,
dgs5,5046,2020-03-09,4534,5045,512,-5.000000000000027,linear,49,4,53,49,0,49,0.1,0.095703125,0.095703125,2.9999999999999805,2.99999999999998e-06,mle,-0.038211685819932985,3.47387725983949,ok,True,True,extraction,
dgs5,5047,2020-03-10,4535,5046,512,-5.000000000000027,linear,50,4,54,50,0,50,0.1,0.09765625,0.09765625,2.9999999999999805,2.99999999999998e-06,mle,-0.05352676159299163,3.6013530759926353,ok,True,True,extraction,
dgs5,5048,2020-03-11,4536,5047,512,-5.000000000000027,linear,50,4,54,50,0,50,0.1,0.09765625,0.09765625,2.9999999999999805,2.99999999999998e-06,mle,-0.05352676159299163,3.6013530759926353,ok,True,True,extraction,
dgs5,5049,2020-03-12,4537,5048,512,-5.000000000000027,linear,50,4,54,50,0,50,0.1,0.09765625,0.09765625,2.9999999999999805,2.99999999999998e-06,mle,-0.05352676159299163,3.6013530759926353,ok,True,True,extraction,
dgs5,5050,2020-03-13,4538,5049,512,-5.000000000000027,linear,50,4,54,50,0,50,0.1,0.09765625,0.09765625,2.9999999999999805,2.99999999999998e-06,mle,-0.05352676159299163,3.6013530759926353,ok,True,True,extraction,
dgs5,5051,2020-03-16,4539,5050,512,-5.000000000000027,linear,50,4,54,50,0,50,0.1,0.09765625,0.09765625,2.9999999999999805,2.99999999999998e-06,mle,-0.05352676159299163,3.6013530759926353,ok,True,True,extraction,
dgs5,5052,2020-03-17,4540,5051,512,-5.000000000000027,linear,51,4,55,51,0,51,0.1,0.099609375,0.099609375,2.9999999999999805,2.99999999999998e-06,mle,-0.014469397169060382,3.719695480045486,ok,True,True,extraction,
dgs5,5053,2020-03-18,4541,5052,512,-5.000000000000027,linear,51,4,55,51,0,51,0.1,0.099609375,0.099609375,2.9999999999999805,2.99999999999998e-06,mle,-0.014469397169060382,3.719695480045486,ok,True,True,extraction,
dgs5,5054,2020-03-19,4542,5053,512,-5.000000000000027,linear,51,4,55,51,0,51,0.1,0.099609375,0.099609375,2.9999999999999805,2.99999999999998e-06,mle,-0.014469397169060382,3.719695480045486,ok,True,True,extraction,
dgs5,5055,2020-03-20,4543,5054,512,-5.000000000000027,linear,51,4,55,51,0,51,0.1,0.099609375,0.099609375,2.9999999999999805,2.99999999999998e-06,mle,-0.03396108396477892,3.9125881910128806,ok,True,True,extraction,
dgs5,5056,2020-03-23,4544,5055,512,-5.899999999999966,linear,52,0,52,52,0,52,0.1,0.1015625,0.1015625,2.9999999999999805,2.99999999999998e-06,mle,0.432985352340611,1.8575288051637056,ok,True,True,extraction,
dgs5,5057,2020-03-24,4545,5056,512,-5.999999999999961,linear,51,2,53,51,14,37,0.1,0.099609375,0.072265625,2.9999999999999805,2.99999999999998e-06,mle,-0.13659637021164345,4.8554694809995596,ok,True,True,extraction,
dgs5,5058,2020-03-25,4546,5057,512,-5.999999999999961,linear,51,2,53,51,14,37,0.1,0.099609375,0.072265625,2.9999999999999805,2.99999999999998e-06,mle,-0.13659637021164345,4.8554694809995596,ok,True,True,extraction,
dgs5,5059,2020-03-26,4547,5058,512,-5.999999999999961,linear,51,2,53,51,14,37,0.1,0.099609375,0.072265625,2.9999999999999805,2.99999999999998e-06,mle,-0.13659637021164345,4.8554694809995596,ok,True,True,extraction,
dgs5,5060,2020-03-27,4548,5059,512,-5.999999999999961,linear,51,2,53,51,14,37,0.1,0.099609375,0.072265625,2.9999999999999805,2.99999999999998e-06,mle,-0.13659637021164345,4.8554694809995596,ok,True,True,extraction,
dgs5,5061,2020-03-30,4549,5060,512,-5.9999999999999805,linear,52,0,52,52,14,38,0.1,0.1015625,0.07421875,2.9999999999999805,2.99999999999998e-06,mle,-0.14420027580804412,4.878309083354688,ok,True,True,extraction,
dgs5,5062,2020-03-31,4550,5061,512,-5.9999999999999805,linear,52,0,52,52,14,38,0.1,0.1015625,0.07421875,2.9999999999999805,2.99999999999998e-06,mle,-0.14420027580804412,4.878309083354688,ok,True,True,extraction,
dgs5,5063,2020-04-01,4551,5062,512,-5.9999999999999805,linear,52,0,52,52,14,38,0.1,0.1015625,0.07421875,2.9999999999999805,2.99999999999998e-06,mle,-0.14420027580804412,4.878309083354688,ok,True,True,extraction,
dgs5,5064,2020-04-02,4552,5063,512,-5.9999999999999805,linear,52,0,52,52,14,38,0.1,0.1015625,0.07421875,2.9999999999999805,2.99999999999998e-06,mle,-0.14420027580804412,4.878309083354688,ok,True,True,extraction,
dgs5,5065,2020-04-03,4553,5064,512,-5.9999999999999805,linear,52,0,52,52,14,38,0.1,0.1015625,0.07421875,2.9999999999999805,2.99999999999998e-06,mle,-0.14420027580804412,4.878309083354688,ok,True,True,extraction,
dgs5,5066,2020-04-06,4554,5065,512,-5.9999999999999805,linear,52,0,52,52,14,38,0.1,0.1015625,0.07421875,2.9999999999999805,2.99999999999998e-06,mle,-0.14420027580804412,4.878309083354688,ok,True,True,extraction,
dgs5,5067,2020-04-07,4555,5066,512,-5.9999999999999805,linear,52,0,52,52,14,38,0.1,0.1015625,0.07421875,2.9999999999999805,2.99999999999998e-06,mle,-0.14420027580804412,4.878309083354688,ok,True,True,extraction,
dgs5,5068,2020-04-08,4556,5067,512,-5.9999999999999805,linear,52,0,52,52,14,38,0.1,0.1015625,0.07421875,2.9999999999999805,2.99999999999998e-06,mle,-0.14420027580804412,4.878309083354688,ok,True,True,extraction,
dgs5,5069,2020-04-09,4557,5068,512,-5.9999999999999805,linear,52,0,52,52,14,38,0.1,0.1015625,0.07421875,2.9999999999999805,2.99999999999998e-06,mle,-0.14420027580804412,4.878309083354688,ok,True,True,extraction,
dgs5,5070,2020-04-13,4558,5069,512,-5.9999999999999805,linear,52,0,52,52,14,38,0.1,0.1015625,0.07421875,2.9999999999999805,2.99999999999998e-06,mle,-0.14420027580804412,4.878309083354688,ok,True,True,extraction,
dgs5,5071,2020-04-14,4559,5070,512,-5.9999999999999805,linear,52,0,52,52,14,38,0.1,0.1015625,0.07421875,2.9999999999999805,2.99999999999998e-06,mle,-0.14420027580804412,4.878309083354688,ok,True,True,extraction,
dgs5,5072,2020-04-15,4560,5071,512,-5.9999999999999805,linear,52,0,52,52,14,38,0.1,0.1015625,0.07421875,2.9999999999999805,2.99999999999998e-06,mle,-0.14420027580804412,4.878309083354688,ok,True,True,extraction,
dgs5,5073,2020-04-16,4561,5072,512,-5.9999999999999805,linear,52,0,52,52,13,39,0.1,0.1015625,0.076171875,2.9999999999999805,2.99999999999998e-06,mle,-0.13577091084850035,4.775821028756177,ok,True,True,extraction,
dgs5,5074,2020-04-17,4562,5073,512,-5.9999999999999805,linear,52,0,52,52,13,39,0.1,0.1015625,0.076171875,2.9999999999999805,2.99999999999998e-06,mle,-0.13577091084850035,4.775821028756177,ok,True,True,extraction,
dgs5,5075,2020-04-20,4563,5074,512,-5.9999999999999805,linear,52,0,52,52,13,39,0.1,0.1015625,0.076171875,2.9999999999999805,2.99999999999998e-06,mle,-0.13577091084850035,4.775821028756177,ok,True,True,extraction,
dgs5,5076,2020-04-21,4564,5075,512,-5.9999999999999805,linear,52,0,52,52,13,39,0.1,0.1015625,0.076171875,2.9999999999999805,2.99999999999998e-06,mle,-0.13577091084850035,4.775821028756177,ok,True,True,extraction,
dgs5,5077,2020-04-22,4565,5076,512,-5.9999999999999805,linear,52,0,52,52,13,39,0.1,0.1015625,0.076171875,2.9999999999999805,2.99999999999998e-06,mle,-0.13577091084850035,4.775821028756177,ok,True,True,extraction,
dgs5,5078,2020-04-23,4566,5077,512,-5.9999999999999805,linear,52,0,52,52,13,39,0.1,0.1015625,0.076171875,2.9999999999999805,2.99999999999998e-06,mle,-0.13577091084850035,4.775821028756177,ok,True,True,extraction,
dgs5,5079,2020-04-24,4567,5078,512,-5.9999999999999805,linear,52,0,52,52,13,39,0.1,0.1015625,0.076171875,2.9999999999999805,2.99999999999998e-06,mle,-0.13577091084850035,4.775821028756177,ok,True,True,extraction,
dgs5,5080,2020-04-27,4568,5079,512,-5.999999999999961,linear,51,2,53,51,12,39,0.1,0.099609375,0.076171875,2.9999999999999805,2.99999999999998e-06,mle,-0.13577091084850035,4.775821028756177,ok,True,True,extraction,
dgs5,5081,2020-04-28,4569,5080,512,-5.999999999999961,linear,51,2,53,51,12,39,0.1,0.099609375,0.076171875,2.9999999999999805,2.99999999999998e-06,mle,-0.13577091084850035,4.775821028756177,ok,True,True,extraction,
dgs5,5082,2020-04-29,4570,5081,512,-5.999999999999961,linear,51,2,53,51,12,39,0.1,0.099609375,0.076171875,2.9999999999999805,2.99999999999998e-06,mle,-0.13577091084850035,4.775821028756177,ok,True,True,extraction,
dgs5,5083,2020-04-30,4571,5082,512,-5.999999999999961,linear,51,2,53,51,12,39,0.1,0.099609375,0.076171875,2.9999999999999805,2.99999999999998e-06,mle,-0.13577091084850035,4.775821028756177,ok,True,True,extraction,
dgs5,5084,2020-05-01,4572,5083,512,-5.999999999999961,linear,51,2,53,51,12,39,0.1,0.099609375,0.076171875,2.9999999999999805,2.99999999999998e-06,mle,-0.13577091084850035,4.775821028756177,ok,True,True,extraction,
dgs5,5085,2020-05-04,4573,5084,512,-5.999999999999961,linear,51,2,53,51,12,39,0.1,0.099609375,0.076171875,2.9999999999999805,2.99999999999998e-06,mle,-0.13577091084850035,4.775821028756177,ok,True,True,extraction,
dgs5,5086,2020-05-05,4574,5085,512,-5.999999999999961,linear,51,2,53,51,12,39,0.1,0.099609375,0.076171875,2.9999999999999805,2.99999999999998e-06,mle,-0.13577091084850035,4.775821028756177,ok,True,True,extraction,
dgs5,5087,2020-05-06,4575,5086,512,-5.999999999999961,linear,51,2,53,51,12,39,0.1,0.099609375,0.076171875,2.9999999999999805,2.99999999999998e-06,mle,-0.13577091084850035,4.775821028756177,ok,True,True,extraction,
dgs5,5088,2020-05-07,4576,5087,512,-5.999999999999961,linear,51,2,53,51,12,39,0.1,0.099609375,0.076171875,2.9999999999999805,2.99999999999998e-06,mle,-0.13577091084850035,4.775821028756177,ok,True,True,extraction,
dgs5,5089,2020-05-08,4577,5088,512,-5.9999999999999805,linear,52,0,52,52,12,40,0.1,0.1015625,0.078125,2.9999999999999805,2.99999999999998e-06,mle,-0.12809875400210569,4.680855284792216,ok,True,True,extraction,
dgs5,5090,2020-05-11,4578,5089,512,-5.9999999999999805,linear,52,0,52,52,12,40,0.1,0.1015625,0.078125,2.9999999999999805,2.99999999999998e-06,mle,-0.12809875400210569,4.680855284792216,ok,True,True,extraction,
dgs5,5091,2020-05-12,4579,5090,512,-5.9999999999999805,linear,52,0,52,52,12,40,0.1,0.1015625,0.078125,2.9999999999999805,2.99999999999998e-06,mle,-0.12809875400210569,4.680855284792216,ok,True,True,extraction,
dgs5,5092,2020-05-13,4580,5091,512,-5.9999999999999805,linear,52,0,52,52,12,40,0.1,0.1015625,0.078125,2.9999999999999805,2.99999999999998e-06,mle,-0.12809875400210569,4.680855284792216,ok,True,True,extraction,
dgs5,5093,2020-05-14,4581,5092,512,-5.9999999999999805,linear,52,0,52,52,12,40,0.1,0.1015625,0.078125,2.9999999999999805,2.99999999999998e-06,mle,-0.12809875400210569,4.680855284792216,ok,True,True,extraction,
dgs5,5094,2020-05-15,4582,5093,512,-5.9999999999999805,linear,52,0,52,52,12,40,0.1,0.1015625,0.078125,2.9999999999999805,2.99999999999998e-06,mle,-0.12809875400210569,4.680855284792216,ok,True,True,extraction,
dgs5,5095,2020-05-18,4583,5094,512,-5.9999999999999805,linear,52,0,52,52,12,40,0.1,0.1015625,0.078125,2.9999999999999805,2.99999999999998e-06,mle,-0.12809875400210569,4.680855284792216,ok,True,True,extraction,
dgs5,5096,2020-05-19,4584,5095,512,-5.9999999999999805,linear,52,0,52,52,12,40,0.1,0.1015625,0.078125,2.9999999999999805,2.99999999999998e-06,mle,-0.12809875400210569,4.680855284792216,ok,True,True,extraction,
dgs5,5097,2020-05-20,4585,5096,512,-5.9999999999999805,linear,52,0,52,52,12,40,0.1,0.1015625,0.078125,2.9999999999999805,2.99999999999998e-06,mle,-0.12809875400210569,4.680855284792216,ok,True,True,extraction,
dgs5,5098,2020-05-21,4586,5097,512,-5.9999999999999805,linear,52,0,52,52,12,40,0.1,0.1015625,0.078125,2.9999999999999805,2.99999999999998e-06,mle,-0.12809875400210569,4.680855284792216,ok,True,True,extraction,
dgs5,5099,2020-05-22,4587,5098,512,-5.9999999999999805,linear,52,0,52,52,12,40,0.1,0.1015625,0.078125,2.9999999999999805,2.99999999999998e-06,mle,-0.12809875400210569,4.680855284792216,ok,True,True,extraction,
dgs5,5100,2020-05-26,4588,5099,512,-5.9999999999999805,linear,52,0,52,52,12,40,0.1,0.1015625,0.078125,2.9999999999999805,2.99999999999998e-06,mle,-0.12809875400210569,4.680855284792216,ok,True,True,extraction,
dgs5,5101,2020-05-27,4589,5100,512,-5.9999999999999805,linear,52,0,52,52,12,40,0.1,0.1015625,0.078125,2.9999999999999805,2.99999999999998e-06,mle,-0.12809875400210569,4.680855284792216,ok,True,True,extraction,
dgs5,5102,2020-05-28,4590,5101,512,-5.9999999999999805,linear,52,0,52,52,12,40,0.1,0.1015625,0.078125,2.9999999999999805,2.99999999999998e-06,mle,-0.12809875400210569,4.680855284792216,ok,True,True,extraction,
dgs5,5103,2020-05-29,4591,5102,512,-5.9999999999999805,linear,52,0,52,52,12,40,0.1,0.1015625,0.078125,2.9999999999999805,2.99999999999998e-06,mle,-0.12809875400210569,4.680855284792216,ok,True,True,extraction,
dgs5,5104,2020-06-01,4592,5103,512,-5.9999999999999805,linear,52,0,52,52,12,40,0.1,0.1015625,0.078125,2.9999999999999805,2.99999999999998e-06,mle,-0.12809875400210569,4.680855284792216,ok,True,True,extraction,
dgs5,5105,2020-06-02,4593,5104,512,-5.9999999999999805,linear,52,0,52,52,12,40,0.1,0.1015625,0.078125,2.9999999999999805,2.99999999999998e-06,mle,-0.12809875400210569,4.680855284792216,ok,True,True,extraction,
dgs5,5106,2020-06-03,4594,5105,512,-5.9999999999999805,linear,52,0,52,52,12,40,0.1,0.1015625,0.078125,2.9999999999999805,2.99999999999998e-06,mle,-0.12809875400210569,4.680855284792216,ok,True,True,extraction,
dgs5,5107,2020-06-04,4595,5106,512,-5.9999999999999805,linear,52,0,52,52,12,40,0.1,0.1015625,0.078125,2.9999999999999805,2.99999999999998e-06,mle,-0.12809875400210569,4.680855284792216,ok,True,True,extraction,
dgs5,5108,2020-06-05,4596,5107,512,-5.9999999999999805,linear,52,0,52,52,12,40,0.1,0.1015625,0.078125,2.9999999999999805,2.99999999999998e-06,mle,-0.12809875400210569,4.680855284792216,ok,True,True,extraction,
dgs5,5109,2020-06-08,4597,5108,512,-5.9999999999999805,linear,52,0,52,52,12,40,0.1,0.1015625,0.078125,2.9999999999999805,2.99999999999998e-06,mle,-0.12809875400210569,4.680855284792216,ok,True,True,extraction,
dgs5,5110,2020-06-09,4598,5109,512,-5.9999999999999805,linear,52,0,52,52,12,40,0.1,0.1015625,0.078125,2.9999999999999805,2.99999999999998e-06,mle,-0.12809875400210569,4.680855284792216,ok,True,True,extraction,
dgs5,5111,2020-06-10,4599,5110,512,-5.9999999999999805,linear,52,0,52,52,12,40,0.1,0.1015625,0.078125,2.9999999999999805,2.99999999999998e-06,mle,-0.12809875400210569,4.680855284792216,ok,True,True,extraction,
dgs5,5112,2020-06-11,4600,5111,512,-5.999999999999983,linear,51,2,53,51,10,41,0.1,0.099609375,0.080078125,2.9999999999999805,2.99999999999998e-06,mle,-0.11256899490196043,4.531298750672324,ok,True,True,extraction,
dgs5,5113,2020-06-12,4601,5112,512,-5.9999999999999805,linear,52,0,52,52,12,40,0.1,0.1015625,0.078125,2.9999999999999805,2.99999999999998e-06,mle,-0.12809875400210569,4.680855284792216,ok,True,True,extraction,
dgs5,5114,2020-06-15,4602,5113,512,-5.9999999999999805,linear,52,0,52,52,12,40,0.1,0.1015625,0.078125,2.9999999999999805,2.99999999999998e-06,mle,-0.12809875400210569,4.680855284792216,ok,True,True,extraction,
dgs5,5115,2020-06-16,4603,5114,512,-5.999999999999961,linear,51,2,53,51,11,40,0.1,0.099609375,0.078125,2.9999999999999805,2.99999999999998e-06,mle,-0.12809875400210569,4.680855284792216,ok,True,True,extraction,
dgs5,5116,2020-06-17,4604,5115,512,-5.899999999999966,linear,52,0,52,52,0,52,0.1,0.1015625,0.1015625,2.9999999999999805,2.99999999999998e-06,mle,0.1775332617745063,2.5360999230641434,ok,True,True,extraction,
dgs5,5117,2020-06-18,4605,5116,512,-5.899999999999966,linear,52,0,52,52,0,52,0.1,0.1015625,0.1015625,2.9999999999999805,2.99999999999998e-06,mle,0.1775332617745063,2.5360999230641434,ok,True,True,extraction,
dgs5,5118,2020-06-19,4606,5117,512,-5.899999999999966,linear,52,0,52,52,0,52,0.1,0.1015625,0.1015625,2.9999999999999805,2.99999999999998e-06,mle,0.1775332617745063,2.5360999230641434,ok,True,True,extraction,
dgs5,5119,2020-06-22,4607,5118,512,-5.899999999999966,linear,52,0,52,52,0,52,0.1,0.1015625,0.1015625,2.9999999999999805,2.99999999999998e-06,mle,0.1775332617745063,2.5360999230641434,ok,True,True,extraction,
dgs5,5120,2020-06-23,4608,5119,512,-5.899999999999966,linear,52,0,52,52,0,52,0.1,0.1015625,0.1015625,2.9999999999999805,2.99999999999998e-06,mle,0.1775332617745063,2.5360999230641434,ok,True,True,extraction,
dgs5,5121,2020-06-24,4609,5120,512,-5.899999999999966,linear,52,0,52,52,0,52,0.1,0.1015625,0.1015625,2.9999999999999805,2.99999999999998e-06,mle,0.1775332617745063,2.5360999230641434,ok,True,True,extraction,
dgs5,5122,2020-06-25,4610,5121,512,-5.899999999999966,linear,52,0,52,52,0,52,0.1,0.1015625,0.1015625,2.9999999999999805,2.99999999999998e-06,mle,0.1775332617745063,2.5360999230641434,ok,True,True,extraction,
dgs5,5123,2020-06-26,4611,5122,512,-5.899999999999966,linear,52,0,52,52,0,52,0.1,0.1015625,0.1015625,2.9999999999999805,2.99999999999998e-06,mle,0.1775332617745063,2.5360999230641434,ok,True,True,extraction,
dgs5,5124,2020-06-29,4612,5123,512,-5.899999999999966,linear,52,0,52,52,0,52,0.1,0.1015625,0.1015625,2.9999999999999805,2.99999999999998e-06,mle,0.1775332617745063,2.5360999230641434,ok,True,True,extraction,
dgs5,5125,2020-06-30,4613,5124,512,-5.899999999999966,linear,52,0,52,52,0,52,0.1,0.1015625,0.1015625,2.9999999999999805,2.99999999999998e-06,mle,0.1775332617745063,2.5360999230641434,ok,True,True,extraction,
dgs5,5126,2020-07-01,4614,5125,512,-5.899999999999966,linear,52,0,52,52,0,52,0.1,0.1015625,0.1015625,2.9999999999999805,2.99999999999998e-06,mle,0.1775332617745063,2.5360999230641434,ok,True,True,extraction,
dgs5,5127,2020-07-02,4615,5126,512,-5.899999999999966,linear,52,0,52,52,0,52,0.1,0.1015625,0.1015625,2.9999999999999805,2.99999999999998e-06,mle,0.1775332617745063,2.5360999230641434,ok,True,True,extraction,
dgs5,5128,2020-07-06,4616,5127,512,-5.899999999999966,linear,52,0,52,52,0,52,0.1,0.1015625,0.1015625,2.9999999999999805,2.99999999999998e-06,mle,0.1775332617745063,2.5360999230641434,ok,True,True,extraction,
dgs5,5129,2020-07-07,4617,5128,512,-5.899999999999966,linear,52,0,52,52,0,52,0.1,0.1015625,0.1015625,2.9999999999999805,2.99999999999998e-06,mle,0.1775332617745063,2.5360999230641434,ok,True,True,extraction,
dgs5,5130,2020-07-08,4618,5129,512,-5.899999999999966,linear,52,0,52,52,0,52,0.1,0.1015625,0.1015625,2.9999999999999805,2.99999999999998e-06,mle,0.1775332617745063,2.5360999230641434,ok,True,True,extraction,
dgs5,5131,2020-07-09,4619,5130,512,-5.899999999999966,linear,52,0,52,52,0,52,0.1,0.1015625,0.1015625,2.9999999999999805,2.99999999999998e-06,mle,0.1775332617745063,2.5360999230641434,ok,True,True,extraction,
dgs5,5132,2020-07-10,4620,5131,512,-5.899999999999966,linear,52,0,52,52,0,52,0.1,0.1015625,0.1015625,2.9999999999999805,2.99999999999998e-06,mle,0.1775332617745063,2.5360999230641434,ok,True,True,extraction,
dgs5,5133,2020-07-13,4621,5132,512,-5.899999999999966,linear,52,0,52,52,0,52,0.1,0.1015625,0.1015625,2.9999999999999805,2.99999999999998e-06,mle,0.1775332617745063,2.5360999230641434,ok,True,True,extraction,
dgs5,5134,2020-07-14,4622,5133,512,-5.899999999999966,linear,52,0,52,52,0,52,0.1,0.1015625,0.1015625,2.9999999999999805,2.99999999999998e-06,mle,0.1775332617745063,2.5360999230641434,ok,True,True,extraction,
dgs5,5135,2020-07-15,4623,5134,512,-5.899999999999966,linear,52,0,52,52,0,52,0.1,0.1015625,0.1015625,2.9999999999999805,2.99999999999998e-06,mle,0.1775332617745063,2.5360999230641434,ok,True,True,extraction,
dgs5,5136,2020-07-16,4624,5135,512,-5.899999999999966,linear,52,0,52,52,0,52,0.1,0.1015625,0.1015625,2.9999999999999805,2.99999999999998e-06,mle,0.1775332617745063,2.5360999230641434,ok,True,True,extraction,
dgs5,5137,2020-07-17,4625,5136,512,-5.899999999999966,linear,52,0,52,52,0,52,0.1,0.1015625,0.1015625,2.9999999999999805,2.99999999999998e-06,mle,0.1775332617745063,2.5360999230641434,ok,True,True,extraction,
dgs5,5138,2020-07-20,4626,5137,512,-5.899999999999966,linear,52,0,52,52,0,52,0.1,0.1015625,0.1015625,2.9999999999999805,2.99999999999998e-06,mle,0.1775332617745063,2.5360999230641434,ok,True,True,extraction,
dgs5,5139,2020-07-21,4627,5138,512,-5.899999999999966,linear,52,0,52,52,0,52,0.1,0.1015625,0.1015625,2.9999999999999805,2.99999999999998e-06,mle,0.1775332617745063,2.5360999230641434,ok,True,True,extraction,
dgs5,5140,2020-07-22,4628,5139,512,-5.899999999999966,linear,52,0,52,52,0,52,0.1,0.1015625,0.1015625,2.9999999999999805,2.99999999999998e-06,mle,0.1775332617745063,2.5360999230641434,ok,True,True,extraction,
dgs5,5141,2020-07-23,4629,5140,512,-5.899999999999966,linear,52,0,52,52,0,52,0.1,0.1015625,0.1015625,2.9999999999999805,2.99999999999998e-06,mle,0.1775332617745063,2.5360999230641434,ok,True,True,extraction,
dgs5,5142,2020-07-24,4630,5141,512,-5.899999999999966,linear,52,0,52,52,0,52,0.1,0.1015625,0.1015625,2.9999999999999805,2.99999999999998e-06,mle,0.1775332617745063,2.5360999230641434,ok,True,True,extraction,
dgs5,5143,2020-07-27,4631,5142,512,-5.899999999999966,linear,52,0,52,52,0,52,0.1,0.1015625,0.1015625,2.499999999999991,2.499999999999991e-06,mle,0.1775332617745063,2.5360999230641434,ok,True,True,extraction,
dgs5,5144,2020-07-28,4632,5143,512,-5.899999999999966,linear,52,0,52,52,0,52,0.1,0.1015625,0.1015625,2.499999999999991,2.499999999999991e-06,mle,0.1775332617745063,2.5360999230641434,ok,True,True,extraction,
dgs5,5145,2020-07-29,4633,5144,512,-5.899999999999966,linear,52,0,52,52,0,52,0.1,0.1015625,0.1015625,2.9999999999999805,2.99999999999998e-06,mle,0.1775332617745063,2.5360999230641434,ok,True,True,extraction,
dgs5,5146,2020-07-30,4634,5145,512,-5.899999999999966,linear,52,0,52,52,0,52,0.1,0.1015625,0.1015625,2.499999999999991,2.499999999999991e-06,mle,0.1775332617745063,2.5360999230641434,ok,True,True,extraction,
dgs5,5147,2020-07-31,4635,5146,512,-5.899999999999966,linear,52,0,52,52,0,52,0.1,0.1015625,0.1015625,2.499999999999991,2.499999999999991e-06,mle,0.1775332617745063,2.5360999230641434,ok,True,True,extraction,
dgs5,5148,2020-08-03,4636,5147,512,-5.899999999999966,linear,52,0,52,52,0,52,0.1,0.1015625,0.1015625,2.499999999999991,2.499999999999991e-06,mle,0.1775332617745063,2.5360999230641434,ok,True,True,extraction,
dgs5,5149,2020-08-04,4637,5148,512,-5.899999999999966,linear,52,0,52,52,0,52,0.1,0.1015625,0.1015625,2.499999999999991,2.499999999999991e-06,mle,0.1775332617745063,2.5360999230641434,ok,True,True,extraction,
dgs5,5150,2020-08-05,4638,5149,512,-5.899999999999966,linear,52,0,52,52,0,52,0.1,0.1015625,0.1015625,2.9999999999999805,2.99999999999998e-06,mle,0.1775332617745063,2.5360999230641434,ok,True,True,extraction,
dgs5,5151,2020-08-06,4639,5150,512,-5.899999999999966,linear,52,0,52,52,0,52,0.1,0.1015625,0.1015625,2.9999999999999805,2.99999999999998e-06,mle,0.1775332617745063,2.5360999230641434,ok,True,True,extraction,
dgs5,5152,2020-08-07,4640,5151,512,-5.899999999999966,linear,52,0,52,52,0,52,0.1,0.1015625,0.1015625,2.9999999999999805,2.99999999999998e-06,mle,0.1775332617745063,2.5360999230641434,ok,True,True,extraction,
dgs5,5153,2020-08-10,4641,5152,512,-5.899999999999966,linear,52,0,52,52,0,52,0.1,0.1015625,0.1015625,2.499999999999991,2.499999999999991e-06,mle,0.1775332617745063,2.5360999230641434,ok,True,True,extraction,
dgs5,5154,2020-08-11,4642,5153,512,-5.899999999999966,linear,52,0,52,52,0,52,0.1,0.1015625,0.1015625,2.0000000000000018,2.0000000000000016e-06,mle,0.1775332617745063,2.5360999230641434,ok,True,True,extraction,
dgs5,5155,2020-08-12,4643,5154,512,-5.899999999999966,linear,52,0,52,52,0,52,0.1,0.1015625,0.1015625,2.499999999999991,2.499999999999991e-06,mle,0.1775332617745063,2.5360999230641434,ok,True,True,extraction,
dgs5,5156,2020-08-13,4644,5155,512,-5.899999999999966,linear,52,0,52,52,0,52,0.1,0.1015625,0.1015625,2.9999999999999805,2.99999999999998e-06,mle,0.1775332617745063,2.5360999230641434,ok,True,True,extraction,
dgs5,5157,2020-08-14,4645,5156,512,-5.899999999999966,linear,52,0,52,52,0,52,0.1,0.1015625,0.1015625,2.499999999999991,2.499999999999991e-06,mle,0.1775332617745063,2.5360999230641434,ok,True,True,extraction,
dgs5,5158,2020-08-17,4646,5157,512,-5.899999999999966,linear,52,0,52,52,0,52,0.1,0.1015625,0.1015625,2.9999999999999805,2.99999999999998e-06,mle,0.1775332617745063,2.5360999230641434,ok,True,True,extraction,
dgs5,5159,2020-08-18,4647,5158,512,-5.899999999999966,linear,52,0,52,52,0,52,0.1,0.1015625,0.1015625,2.9999999999999805,2.99999999999998e-06,mle,0.1775332617745063,2.5360999230641434,ok,True,True,extraction,
dgs5,5160,2020-08-19,4648,5159,512,-5.899999999999966,linear,52,0,52,52,0,52,0.1,0.1015625,0.1015625,2.9999999999999805,2.99999999999998e-06,mle,0.1775332617745063,2.5360999230641434,ok,True,True,extraction,
dgs5,5161,2020-08-20,4649,5160,512,-5.899999999999966,linear,52,0,52,52,0,52,0.1,0.1015625,0.1015625,2.9999999999999805,2.99999999999998e-06,mle,0.1775332617745063,2.5360999230641434,ok,True,True,extraction,
dgs5,5162,2020-08-21,4650,5161,512,-5.899999999999966,linear,52,0,52,52,0,52,0.1,0.1015625,0.1015625,2.9999999999999805,2.99999999999998e-06,mle,0.1775332617745063,2.5360999230641434,ok,True,True,extraction,
dgs5,5163,2020-08-24,4651,5162,512,-5.899999999999966,linear,52,0,52,52,0,52,0.1,0.1015625,0.1015625,2.9999999999999805,2.99999999999998e-06,mle,0.1775332617745063,2.5360999230641434,ok,True,True,extraction,
dgs5,5164,2020-08-25,4652,5163,512,-5.899999999999966,linear,52,0,52,52,0,52,0.1,0.1015625,0.1015625,2.9999999999999805,2.99999999999998e-06,mle,0.1775332617745063,2.5360999230641434,ok,True,True,extraction,
dgs5,5165,2020-08-26,4653,5164,512,-5.899999999999966,linear,52,0,52,52,0,52,0.1,0.1015625,0.1015625,2.499999999999991,2.499999999999991e-06,mle,0.1775332617745063,2.5360999230641434,ok,True,True,extraction,
dgs5,5166,2020-08-27,4654,5165,512,-5.899999999999966,linear,52,0,52,52,0,52,0.1,0.1015625,0.1015625,2.499999999999991,2.499999999999991e-06,mle,0.1775332617745063,2.5360999230641434,ok,True,True,extraction,
dgs5,5167,2020-08-28,4655,5166,512,-5.899999999999966,linear,52,0,52,52,0,52,0.1,0.1015625,0.1015625,2.499999999999991,2.499999999999991e-06,mle,0.1775332617745063,2.5360999230641434,ok,True,True,extraction,
dgs5,5168,2020-08-31,4656,5167,512,-5.899999999999966,linear,52,0,52,52,0,52,0.1,0.1015625,0.1015625,2.499999999999991,2.499999999999991e-06,mle,0.1775332617745063,2.5360999230641434,ok,True,True,extraction,
dgs5,5169,2020-09-01,4657,5168,512,-5.899999999999966,linear,52,0,52,52,0,52,0.1,0.1015625,0.1015625,2.499999999999991,2.499999999999991e-06,mle,0.1775332617745063,2.5360999230641434,ok,True,True,extraction,
dgs5,5170,2020-09-02,4658,5169,512,-5.899999999999966,linear,52,0,52,52,0,52,0.1,0.1015625,0.1015625,2.499999999999991,2.499999999999991e-06,mle,0.1775332617745063,2.5360999230641434,ok,True,True,extraction,
dgs5,5171,2020-09-03,4659,5170,512,-5.899999999999966,linear,52,0,52,52,0,52,0.1,0.1015625,0.1015625,2.0000000000000018,2.0000000000000016e-06,mle,0.1775332617745063,2.5360999230641434,ok,True,True,extraction,
dgs5,5172,2020-09-04,4660,5171,512,-5.899999999999966,linear,52,0,52,52,0,52,0.1,0.1015625,0.1015625,2.0000000000000018,2.0000000000000016e-06,mle,0.1775332617745063,2.5360999230641434,ok,True,True,extraction,
dgs5,5173,2020-09-08,4661,5172,512,-5.899999999999966,linear,52,0,52,52,0,52,0.1,0.1015625,0.1015625,2.499999999999991,2.499999999999991e-06,mle,0.1775332617745063,2.5360999230641434,ok,True,True,extraction,
dgs5,5174,2020-09-09,4662,5173,512,-5.899999999999966,linear,52,0,52,52,0,52,0.1,0.1015625,0.1015625,2.0000000000000018,2.0000000000000016e-06,mle,0.1775332617745063,2.5360999230641434,ok,True,True,extraction,
dgs5,5175,2020-09-10,4663,5174,512,-5.899999999999966,linear,52,0,52,52,0,52,0.1,0.1015625,0.1015625,2.0000000000000018,2.0000000000000016e-06,mle,0.1775332617745063,2.5360999230641434,ok,True,True,extraction,
dgs5,5176,2020-09-11,4664,5175,512,-5.899999999999966,linear,52,0,52,52,0,52,0.1,0.1015625,0.1015625,2.0000000000000018,2.0000000000000016e-06,mle,0.1775332617745063,2.5360999230641434,ok,True,True,extraction,
dgs5,5177,2020-09-14,4665,5176,512,-5.899999999999966,linear,52,0,52,52,0,52,0.1,0.1015625,0.1015625,2.0000000000000018,2.0000000000000016e-06,mle,0.1775332617745063,2.5360999230641434,ok,True,True,extraction,
dgs5,5178,2020-09-15,4666,5177,512,-5.899999999999966,linear,52,0,52,52,0,52,0.1,0.1015625,0.1015625,2.0000000000000018,2.0000000000000016e-06,mle,0.1775332617745063,2.5360999230641434,ok,True,True,extraction,
dgs5,5179,2020-09-16,4667,5178,512,-5.899999999999966,linear,52,0,52,52,0,52,0.1,0.1015625,0.1015625,2.0000000000000018,2.0000000000000016e-06,mle,0.1775332617745063,2.5360999230641434,ok,True,True,extraction,
dgs5,5180,2020-09-17,4668,5179,512,-5.899999999999966,linear,52,0,52,52,0,52,0.1,0.1015625,0.1015625,2.0000000000000018,2.0000000000000016e-06,mle,0.1775332617745063,2.5360999230641434,ok,True,True,extraction,
dgs5,5181,2020-09-18,4669,5180,512,-5.899999999999966,linear,52,0,52,52,0,52,0.1,0.1015625,0.1015625,2.0000000000000018,2.0000000000000016e-06,mle,0.1775332617745063,2.5360999230641434,ok,True,True,extraction,
dgs5,5182,2020-09-21,4670,5181,512,-5.899999999999966,linear,52,0,52,52,0,52,0.1,0.1015625,0.1015625,2.0000000000000018,2.0000000000000016e-06,mle,0.1775332617745063,2.5360999230641434,ok,True,True,extraction,
dgs5,5183,2020-09-22,4671,5182,512,-5.899999999999966,linear,52,0,52,52,0,52,0.1,0.1015625,0.1015625,2.0000000000000018,2.0000000000000016e-06,mle,0.1775332617745063,2.5360999230641434,ok,True,True,extraction,
dgs5,5184,2020-09-23,4672,5183,512,-5.899999999999966,linear,52,0,52,52,0,52,0.1,0.1015625,0.1015625,2.0000000000000018,2.0000000000000016e-06,mle,0.1775332617745063,2.5360999230641434,ok,True,True,extraction,
dgs5,5185,2020-09-24,4673,5184,512,-5.899999999999966,linear,52,0,52,52,0,52,0.1,0.1015625,0.1015625,2.0000000000000018,2.0000000000000016e-06,mle,0.1775332617745063,2.5360999230641434,ok,True,True,extraction,
dgs5,5186,2020-09-25,4674,5185,512,-5.899999999999966,linear,52,0,52,52,0,52,0.1,0.1015625,0.1015625,2.0000000000000018,2.0000000000000016e-06,mle,0.1775332617745063,2.5360999230641434,ok,True,True,extraction,
dgs5,5187,2020-09-28,4675,5186,512,-5.899999999999966,linear,52,0,52,52,0,52,0.1,0.1015625,0.1015625,2.0000000000000018,2.0000000000000016e-06,mle,0.1775332617745063,2.5360999230641434,ok,True,True,extraction,
dgs5,5188,2020-09-29,4676,5187,512,-5.899999999999966,linear,52,0,52,52,0,52,0.1,0.1015625,0.1015625,2.0000000000000018,2.0000000000000016e-06,mle,0.1775332617745063,2.5360999230641434,ok,True,True,extraction,
dgs5,5189,2020-09-30,4677,5188,512,-5.899999999999966,linear,52,0,52,52,0,52,0.1,0.1015625,0.1015625,2.0000000000000018,2.0000000000000016e-06,mle,0.1775332617745063,2.5360999230641434,ok,True,True,extraction,
dgs5,5190,2020-10-01,4678,5189,512,-5.899999999999966,linear,52,0,52,52,0,52,0.1,0.1015625,0.1015625,2.0000000000000018,2.0000000000000016e-06,mle,0.1775332617745063,2.5360999230641434,ok,True,True,extraction,
dgs5,5191,2020-10-02,4679,5190,512,-5.899999999999966,linear,52,0,52,52,0,52,0.1,0.1015625,0.1015625,2.0000000000000018,2.0000000000000016e-06,mle,0.1775332617745063,2.5360999230641434,ok,True,True,extraction,
dgs5,5192,2020-10-05,4680,5191,512,-5.899999999999966,linear,52,0,52,52,0,52,0.1,0.1015625,0.1015625,2.0000000000000018,2.0000000000000016e-06,mle,0.1775332617745063,2.5360999230641434,ok,True,True,extraction,
dgs5,5193,2020-10-06,4681,5192,512,-5.899999999999966,linear,52,0,52,52,0,52,0.1,0.1015625,0.1015625,2.0000000000000018,2.0000000000000016e-06,mle,0.1775332617745063,2.5360999230641434,ok,True,True,extraction,
dgs5,5194,2020-10-07,4682,5193,512,-5.899999999999966,linear,52,0,52,52,0,52,0.1,0.1015625,0.1015625,2.0000000000000018,2.0000000000000016e-06,mle,0.1775332617745063,2.5360999230641434,ok,True,True,extraction,
dgs5,5195,2020-10-08,4683,5194,512,-5.899999999999966,linear,52,0,52,52,0,52,0.1,0.1015625,0.1015625,2.0000000000000018,2.0000000000000016e-06,mle,0.1775332617745063,2.5360999230641434,ok,True,True,extraction,
dgs5,5196,2020-10-09,4684,5195,512,-5.899999999999966,linear,52,0,52,52,0,52,0.1,0.1015625,0.1015625,2.0000000000000018,2.0000000000000016e-06,mle,0.1775332617745063,2.5360999230641434,ok,True,True,extraction,
dgs5,5197,2020-10-13,4685,5196,512,-5.899999999999966,linear,52,0,52,52,0,52,0.1,0.1015625,0.1015625,2.0000000000000018,2.0000000000000016e-06,mle,0.1775332617745063,2.5360999230641434,ok,True,True,extraction,
dgs5,5198,2020-10-14,4686,5197,512,-5.899999999999966,linear,52,0,52,52,0,52,0.1,0.1015625,0.1015625,2.0000000000000018,2.0000000000000016e-06,mle,0.1775332617745063,2.5360999230641434,ok,True,True,extraction,
dgs5,5199,2020-10-15,4687,5198,512,-5.899999999999966,linear,52,0,52,52,0,52,0.1,0.1015625,0.1015625,2.0000000000000018,2.0000000000000016e-06,mle,0.1775332617745063,2.5360999230641434,ok,True,True,extraction,
dgs5,5200,2020-10-16,4688,5199,512,-5.899999999999966,linear,52,0,52,52,0,52,0.1,0.1015625,0.1015625,2.0000000000000018,2.0000000000000016e-06,mle,0.1775332617745063,2.5360999230641434,ok,True,True,extraction,
dgs5,5201,2020-10-19,4689,5200,512,-5.899999999999966,linear,52,0,52,52,0,52,0.1,0.1015625,0.1015625,2.0000000000000018,2.0000000000000016e-06,mle,0.1775332617745063,2.5360999230641434,ok,True,True,extraction,
dgs5,5202,2020-10-20,4690,5201,512,-5.899999999999966,linear,52,0,52,52,0,52,0.1,0.1015625,0.1015625,2.0000000000000018,2.0000000000000016e-06,mle,0.1775332617745063,2.5360999230641434,ok,True,True,extraction,
dgs5,5203,2020-10-21,4691,5202,512,-5.899999999999966,linear,52,0,52,52,0,52,0.1,0.1015625,0.1015625,2.0000000000000018,2.0000000000000016e-06,mle,0.1775332617745063,2.5360999230641434,ok,True,True,extraction,
dgs5,5204,2020-10-22,4692,5203,512,-5.899999999999966,linear,52,0,52,52,0,52,0.1,0.1015625,0.1015625,2.0000000000000018,2.0000000000000016e-06,mle,0.1775332617745063,2.5360999230641434,ok,True,True,extraction,
dgs5,5205,2020-10-23,4693,5204,512,-5.899999999999966,linear,52,0,52,52,0,52,0.1,0.1015625,0.1015625,2.0000000000000018,2.0000000000000016e-06,mle,0.1775332617745063,2.5360999230641434,ok,True,True,extraction,
dgs5,5206,2020-10-26,4694,5205,512,-5.899999999999966,linear,52,0,52,52,0,52,0.1,0.1015625,0.1015625,2.0000000000000018,2.0000000000000016e-06,mle,0.1775332617745063,2.5360999230641434,ok,True,True,extraction,
dgs5,5207,2020-10-27,4695,5206,512,-5.899999999999966,linear,52,0,52,52,0,52,0.1,0.1015625,0.1015625,2.0000000000000018,2.0000000000000016e-06,mle,0.1775332617745063,2.5360999230641434,ok,True,True,extraction,
dgs5,5208,2020-10-28,4696,5207,512,-5.899999999999966,linear,52,0,52,52,0,52,0.1,0.1015625,0.1015625,2.0000000000000018,2.0000000000000016e-06,mle,0.1775332617745063,2.5360999230641434,ok,True,True,extraction,
dgs5,5209,2020-10-29,4697,5208,512,-5.899999999999966,linear,52,0,52,52,0,52,0.1,0.1015625,0.1015625,2.0000000000000018,2.0000000000000016e-06,mle,0.1775332617745063,2.5360999230641434,ok,True,True,extraction,
dgs5,5210,2020-10-30,4698,5209,512,-5.899999999999966,linear,52,0,52,52,0,52,0.1,0.1015625,0.1015625,2.0000000000000018,2.0000000000000016e-06,mle,0.1775332617745063,2.5360999230641434,ok,True,True,extraction,
dgs5,5211,2020-11-02,4699,5210,512,-5.899999999999966,linear,52,0,52,52,0,52,0.1,0.1015625,0.1015625,2.0000000000000018,2.0000000000000016e-06,mle,0.1775332617745063,2.5360999230641434,ok,True,True,extraction,
dgs5,5212,2020-11-03,4700,5211,512,-5.899999999999966,linear,52,0,52,52,0,52,0.1,0.1015625,0.1015625,2.0000000000000018,2.0000000000000016e-06,mle,0.1775332617745063,2.5360999230641434,ok,True,True,extraction,
dgs5,5213,2020-11-04,4701,5212,512,-5.899999999999966,linear,52,0,52,52,0,52,0.1,0.1015625,0.1015625,2.0000000000000018,2.0000000000000016e-06,mle,0.1775332617745063,2.5360999230641434,ok,True,True,extraction,
dgs5,5214,2020-11-05,4702,5213,512,-5.999999999999961,linear,51,2,53,51,12,39,0.1,0.099609375,0.076171875,2.0000000000000018,2.0000000000000016e-06,mle,-0.11102160473788006,4.3828476613799285,ok,True,True,extraction,
dgs5,5215,2020-11-06,4703,5214,512,-5.999999999999961,linear,51,2,53,51,12,39,0.1,0.099609375,0.076171875,2.0000000000000018,2.0000000000000016e-06,mle,-0.11102160473788006,4.3828476613799285,ok,True,True,extraction,
dgs5,5216,2020-11-09,4704,5215,512,-5.999999999999961,linear,51,2,53,51,12,39,0.1,0.099609375,0.076171875,2.0000000000000018,2.0000000000000016e-06,mle,-0.11102160473788006,4.3828476613799285,ok,True,True,extraction,
dgs5,5217,2020-11-10,4705,5216,512,-5.999999999999961,linear,51,2,53,51,12,39,0.1,0.099609375,0.076171875,2.0000000000000018,2.0000000000000016e-06,mle,-0.11102160473788006,4.3828476613799285,ok,True,True,extraction,
dgs5,5218,2020-11-12,4706,5217,512,-5.999999999999961,linear,51,2,53,51,12,39,0.1,0.099609375,0.076171875,2.0000000000000018,2.0000000000000016e-06,mle,-0.11102160473788006,4.3828476613799285,ok,True,True,extraction,
dgs5,5219,2020-11-13,4707,5218,512,-5.999999999999961,linear,51,2,53,51,13,38,0.1,0.099609375,0.07421875,2.0000000000000018,2.0000000000000016e-06,mle,-0.12487724456875354,4.523317957084929,ok,True,True,extraction,
dgs5,5220,2020-11-16,4708,5219,512,-5.999999999999961,linear,51,2,53,51,13,38,0.1,0.099609375,0.07421875,2.0000000000000018,2.0000000000000016e-06,mle,-0.12487724456875354,4.523317957084929,ok,True,True,extraction,
dgs5,5221,2020-11-17,4709,5220,512,-5.899999999999966,linear,52,0,52,52,0,52,0.1,0.1015625,0.1015625,2.0000000000000018,2.0000000000000016e-06,mle,0.23718718673025763,2.346490914052651,ok,True,True,extraction,
dgs5,5222,2020-11-18,4710,5221,512,-5.899999999999966,linear,52,0,52,52,0,52,0.1,0.1015625,0.1015625,2.0000000000000018,2.0000000000000016e-06,mle,0.23718718673025763,2.346490914052651,ok,True,True,extraction,
dgs5,5223,2020-11-19,4711,5222,512,-5.899999999999966,linear,52,0,52,52,0,52,0.1,0.1015625,0.1015625,2.0000000000000018,2.0000000000000016e-06,mle,0.23718718673025763,2.346490914052651,ok,True,True,extraction,
dgs5,5224,2020-11-20,4712,5223,512,-5.899999999999966,linear,52,0,52,52,0,52,0.1,0.1015625,0.1015625,2.0000000000000018,2.0000000000000016e-06,mle,0.23718718673025763,2.346490914052651,ok,True,True,extraction,
dgs5,5225,2020-11-23,4713,5224,512,-5.899999999999966,linear,52,0,52,52,0,52,0.1,0.1015625,0.1015625,2.0000000000000018,2.0000000000000016e-06,mle,0.23718718673025763,2.346490914052651,ok,True,True,extraction,
dgs5,5226,2020-11-24,4714,5225,512,-5.899999999999966,linear,52,0,52,52,0,52,0.1,0.1015625,0.1015625,2.0000000000000018,2.0000000000000016e-06,mle,0.23718718673025763,2.346490914052651,ok,True,True,extraction,
dgs5,5227,2020-11-25,4715,5226,512,-5.899999999999966,linear,52,0,52,52,0,52,0.1,0.1015625,0.1015625,2.0000000000000018,2.0000000000000016e-06,mle,0.23718718673025763,2.346490914052651,ok,True,True,extraction,
dgs5,5228,2020-11-27,4716,5227,512,-5.899999999999966,linear,52,0,52,52,0,52,0.1,0.1015625,0.1015625,2.0000000000000018,2.0000000000000016e-06,mle,0.23718718673025763,2.346490914052651,ok,True,True,extraction,
dgs5,5229,2020-11-30,4717,5228,512,-5.899999999999966,linear,52,0,52,52,0,52,0.1,0.1015625,0.1015625,2.0000000000000018,2.0000000000000016e-06,mle,0.23718718673025763,2.346490914052651,ok,True,True,extraction,
dgs5,5230,2020-12-01,4718,5229,512,-5.899999999999966,linear,52,0,52,52,0,52,0.1,0.1015625,0.1015625,2.0000000000000018,2.0000000000000016e-06,mle,0.23718718673025763,2.346490914052651,ok,True,True,extraction,
dgs5,5231,2020-12-02,4719,5230,512,-5.899999999999966,linear,52,0,52,52,0,52,0.1,0.1015625,0.1015625,2.0000000000000018,2.0000000000000016e-06,mle,0.23718718673025763,2.346490914052651,ok,True,True,extraction,
dgs5,5232,2020-12-03,4720,5231,512,-5.000000000000027,linear,51,4,55,51,0,51,0.1,0.099609375,0.099609375,2.0000000000000018,2.0000000000000016e-06,mle,-0.10946988322394062,4.410805568882267,ok,True,True,extraction,
dgs5,5233,2020-12-04,4721,5232,512,-5.000000000000027,linear,51,4,55,51,0,51,0.1,0.099609375,0.099609375,2.0000000000000018,2.0000000000000016e-06,mle,-0.10946988322394062,4.410805568882267,ok,True,True,extraction,
dgs5,5234,2020-12-07,4722,5233,512,-5.000000000000027,linear,51,4,55,51,0,51,0.1,0.099609375,0.099609375,2.0000000000000018,2.0000000000000016e-06,mle,-0.10946988322394062,4.410805568882267,ok,True,True,extraction,
dgs5,5235,2020-12-08,4723,5234,512,-5.000000000000027,linear,51,4,55,51,0,51,0.1,0.099609375,0.099609375,2.0000000000000018,2.0000000000000016e-06,mle,-0.10946988322394062,4.410805568882267,ok,True,True,extraction,
dgs5,5236,2020-12-09,4724,5235,512,-5.000000000000027,linear,51,4,55,51,0,51,0.1,0.099609375,0.099609375,2.0000000000000018,2.0000000000000016e-06,mle,-0.10946988322394062,4.410805568882267,ok,True,True,extraction,
dgs5,5237,2020-12-10,4725,5236,512,-5.000000000000027,linear,51,4,55,51,0,51,0.1,0.099609375,0.099609375,2.0000000000000018,2.0000000000000016e-06,mle,-0.10946988322394062,4.410805568882267,ok,True,True,extraction,
dgs5,5238,2020-12-11,4726,5237,512,-5.000000000000027,linear,51,4,55,51,0,51,0.1,0.099609375,0.099609375,2.0000000000000018,2.0000000000000016e-06,mle,-0.10946988322394062,4.410805568882267,ok,True,True,extraction,
dgs5,5239,2020-12-14,4727,5238,512,-5.000000000000027,linear,51,4,55,51,0,51,0.1,0.099609375,0.099609375,2.0000000000000018,2.0000000000000016e-06,mle,-0.10946988322394062,4.410805568882267,ok,True,True,extraction,
dgs5,5240,2020-12-15,4728,5239,512,-5.000000000000027,linear,51,4,55,51,0,51,0.1,0.099609375,0.099609375,2.0000000000000018,2.0000000000000016e-06,mle,-0.10946988322394062,4.410805568882267,ok,True,True,extraction,
dgs5,5241,2020-12-16,4729,5240,512,-5.000000000000027,linear,51,4,55,51,0,51,0.1,0.099609375,0.099609375,2.0000000000000018,2.0000000000000016e-06,mle,-0.10946988322394062,4.410805568882267,ok,True,True,extraction,
dgs5,5242,2020-12-17,4730,5241,512,-5.000000000000027,linear,51,4,55,51,0,51,0.1,0.099609375,0.099609375,2.0000000000000018,2.0000000000000016e-06,mle,-0.10946988322394062,4.410805568882267,ok,True,True,extraction,
dgs5,5243,2020-12-18,4731,5242,512,-5.000000000000027,linear,51,4,55,51,0,51,0.1,0.099609375,0.099609375,2.0000000000000018,2.0000000000000016e-06,mle,-0.10946988322394062,4.410805568882267,ok,True,True,extraction,
dgs5,5244,2020-12-21,4732,5243,512,-5.000000000000027,linear,51,4,55,51,0,51,0.1,0.099609375,0.099609375,2.0000000000000018,2.0000000000000016e-06,mle,-0.10946988322394062,4.410805568882267,ok,True,True,extraction,
dgs5,5245,2020-12-22,4733,5244,512,-5.000000000000027,linear,51,4,55,51,0,51,0.1,0.099609375,0.099609375,2.0000000000000018,2.0000000000000016e-06,mle,-0.10946988322394062,4.410805568882267,ok,True,True,extraction,
dgs5,5246,2020-12-23,4734,5245,512,-5.000000000000027,linear,51,4,55,51,0,51,0.1,0.099609375,0.099609375,2.0000000000000018,2.0000000000000016e-06,mle,-0.10946988322394062,4.410805568882267,ok,True,True,extraction,
dgs5,5247,2020-12-24,4735,5246,512,-5.000000000000027,linear,51,4,55,51,0,51,0.1,0.099609375,0.099609375,2.0000000000000018,2.0000000000000016e-06,mle,-0.10946988322394062,4.410805568882267,ok,True,True,extraction,
dgs5,5248,2020-12-28,4736,5247,512,-5.000000000000027,linear,51,4,55,51,0,51,0.1,0.099609375,0.099609375,2.0000000000000018,2.0000000000000016e-06,mle,-0.10946988322394062,4.410805568882267,ok,True,True,extraction,
dgs5,5249,2020-12-29,4737,5248,512,-5.000000000000027,linear,51,4,55,51,0,51,0.1,0.099609375,0.099609375,2.0000000000000018,2.0000000000000016e-06,mle,-0.10946988322394062,4.410805568882267,ok,True,True,extraction,
dgs5,5250,2020-12-30,4738,5249,512,-5.000000000000027,linear,51,4,55,51,0,51,0.1,0.099609375,0.099609375,2.0000000000000018,2.0000000000000016e-06,mle,-0.10946988322394062,4.410805568882267,ok,True,True,extraction,
dgs5,5251,2020-12-31,4739,5250,512,-5.000000000000027,linear,51,4,55,51,0,51,0.1,0.099609375,0.099609375,2.0000000000000018,2.0000000000000016e-06,mle,-0.10946988322394062,4.410805568882267,ok,True,True,extraction,
dgs5,5252,2021-01-04,4740,5251,512,-5.000000000000027,linear,51,4,55,51,0,51,0.1,0.099609375,0.099609375,2.0000000000000018,2.0000000000000016e-06,mle,-0.10946988322394062,4.410805568882267,ok,True,True,extraction,
dgs5,5253,2021-01-05,4741,5252,512,-5.000000000000027,linear,51,4,55,51,0,51,0.1,0.099609375,0.099609375,2.0000000000000018,2.0000000000000016e-06,mle,-0.10946988322394062,4.410805568882267,ok,True,True,extraction,
dgs5,5254,2021-01-06,4742,5253,512,-5.000000000000027,linear,51,4,55,51,0,51,0.1,0.099609375,0.099609375,2.0000000000000018,2.0000000000000016e-06,mle,-0.10946988322394062,4.410805568882267,ok,True,True,extraction,
dgs5,5255,2021-01-07,4743,5254,512,-5.000000000000027,linear,51,4,55,51,0,51,0.1,0.099609375,0.099609375,2.0000000000000018,2.0000000000000016e-06,mle,-0.10946988322394062,4.410805568882267,ok,True,True,extraction,
dgs5,5256,2021-01-08,4744,5255,512,-5.000000000000027,linear,51,4,55,51,0,51,0.1,0.099609375,0.099609375,2.0000000000000018,2.0000000000000016e-06,mle,-0.10946988322394062,4.410805568882267,ok,True,True,extraction,
dgs5,5257,2021-01-11,4745,5256,512,-5.000000000000027,linear,51,4,55,51,0,51,0.1,0.099609375,0.099609375,2.0000000000000018,2.0000000000000016e-06,mle,-0.10946988322394062,4.410805568882267,ok,True,True,extraction,
dgs5,5258,2021-01-12,4746,5257,512,-5.000000000000027,linear,51,4,55,51,0,51,0.1,0.099609375,0.099609375,2.0000000000000018,2.0000000000000016e-06,mle,-0.10946988322394062,4.410805568882267,ok,True,True,extraction,
dgs5,5259,2021-01-13,4747,5258,512,-5.000000000000027,linear,50,4,54,50,0,50,0.1,0.09765625,0.09765625,2.0000000000000018,2.0000000000000016e-06,mle,-0.11943777700956691,4.5157712504506975,ok,True,True,extraction,
dgs5,5260,2021-01-14,4748,5259,512,-5.000000000000027,linear,50,4,54,50,0,50,0.1,0.09765625,0.09765625,2.0000000000000018,2.0000000000000016e-06,mle,-0.11943777700956691,4.5157712504506975,ok,True,True,extraction,
dgs5,5261,2021-01-15,4749,5260,512,-5.000000000000027,linear,49,4,53,49,0,49,0.1,0.095703125,0.095703125,2.0000000000000018,2.0000000000000016e-06,mle,-0.12402522511316769,4.580883782179116,ok,True,True,extraction,
dgs5,5262,2021-01-19,4750,5261,512,-5.000000000000027,linear,49,4,53,49,0,49,0.1,0.095703125,0.095703125,2.0000000000000018,2.0000000000000016e-06,mle,-0.12402522511316769,4.580883782179116,ok,True,True,extraction,
dgs5,5263,2021-01-20,4751,5262,512,-5.000000000000024,linear,52,0,52,52,3,49,0.1,0.1015625,0.095703125,2.0000000000000018,2.0000000000000016e-06,mle,-0.12402522511316769,4.580883782179116,ok,True,True,extraction,
dgs5,5264,2021-01-21,4752,5263,512,-5.000000000000024,linear,52,0,52,52,3,49,0.1,0.1015625,0.095703125,2.0000000000000018,2.0000000000000016e-06,mle,-0.12402522511316769,4.580883782179116,ok,True,True,extraction,
dgs5,5265,2021-01-22,4753,5264,512,-5.000000000000004,linear,51,5,56,51,3,48,0.1,0.099609375,0.09375,2.0000000000000018,2.0000000000000016e-06,mle,-0.1077569955850976,4.4490761730553405,ok,True,True,extraction,
dgs5,5266,2021-01-25,4754,5265,512,-5.000000000000004,linear,51,5,56,51,3,48,0.1,0.099609375,0.09375,2.0000000000000018,2.0000000000000016e-06,mle,-0.1077569955850976,4.4490761730553405,ok,True,True,extraction,
dgs5,5267,2021-01-26,4755,5266,512,-5.000000000000004,linear,51,5,56,51,3,48,0.1,0.099609375,0.09375,2.0000000000000018,2.0000000000000016e-06,mle,-0.1077569955850976,4.4490761730553405,ok,True,True,extraction,
dgs5,5268,2021-01-27,4756,5267,512,-5.000000000000004,linear,51,5,56,51,3,48,0.1,0.099609375,0.09375,2.0000000000000018,2.0000000000000016e-06,mle,-0.1077569955850976,4.4490761730553405,ok,True,True,extraction,
dgs5,5269,2021-01-28,4757,5268,512,-5.000000000000004,linear,51,5,56,51,3,48,0.1,0.099609375,0.09375,2.0000000000000018,2.0000000000000016e-06,mle,-0.1077569955850976,4.4490761730553405,ok,True,True,extraction,
dgs5,5270,2021-01-29,4758,5269,512,-5.000000000000004,linear,51,5,56,51,3,48,0.1,0.099609375,0.09375,2.0000000000000018,2.0000000000000016e-06,mle,-0.1077569955850976,4.4490761730553405,ok,True,True,extraction,
dgs5,5271,2021-02-01,4759,5270,512,-5.000000000000004,linear,51,5,56,51,3,48,0.1,0.099609375,0.09375,2.0000000000000018,2.0000000000000016e-06,mle,-0.1077569955850976,4.4490761730553405,ok,True,True,extraction,
dgs5,5272,2021-02-02,4760,5271,512,-5.000000000000004,linear,51,5,56,51,3,48,0.1,0.099609375,0.09375,2.0000000000000018,2.0000000000000016e-06,mle,-0.1077569955850976,4.4490761730553405,ok,True,True,extraction,
dgs5,5273,2021-02-03,4761,5272,512,-5.000000000000004,linear,51,5,56,51,3,48,0.1,0.099609375,0.09375,2.0000000000000018,2.0000000000000016e-06,mle,-0.1077569955850976,4.4490761730553405,ok,True,True,extraction,
dgs5,5274,2021-02-04,4762,5273,512,-5.000000000000004,linear,51,5,56,51,3,48,0.1,0.099609375,0.09375,2.0000000000000018,2.0000000000000016e-06,mle,-0.1077569955850976,4.4490761730553405,ok,True,True,extraction,
dgs5,5275,2021-02-05,4763,5274,512,-5.000000000000004,linear,51,5,56,51,3,48,0.1,0.099609375,0.09375,2.0000000000000018,2.0000000000000016e-06,mle,-0.1077569955850976,4.4490761730553405,ok,True,True,extraction,
dgs5,5276,2021-02-08,4764,5275,512,-5.000000000000004,linear,51,5,56,51,3,48,0.1,0.099609375,0.09375,2.0000000000000018,2.0000000000000016e-06,mle,-0.1077569955850976,4.4490761730553405,ok,True,True,extraction,
dgs5,5277,2021-02-09,4765,5276,512,-5.000000000000004,linear,50,5,55,50,2,48,0.1,0.09765625,0.09375,2.0000000000000018,2.0000000000000016e-06,mle,-0.1077569955850976,4.4490761730553405,ok,True,True,extraction,
dgs5,5278,2021-02-10,4766,5277,512,-5.000000000000004,linear,50,5,55,50,2,48,0.1,0.09765625,0.09375,2.0000000000000018,2.0000000000000016e-06,mle,-0.1077569955850976,4.4490761730553405,ok,True,True,extraction,
dgs5,5279,2021-02-11,4767,5278,512,-5.000000000000004,linear,50,5,55,50,2,48,0.1,0.09765625,0.09375,2.0000000000000018,2.0000000000000016e-06,mle,-0.1077569955850976,4.4490761730553405,ok,True,True,extraction,
dgs5,5280,2021-02-12,4768,5279,512,-5.000000000000004,linear,50,5,55,50,2,48,0.1,0.09765625,0.09375,2.0000000000000018,2.0000000000000016e-06,mle,-0.1077569955850976,4.4490761730553405,ok,True,True,extraction,
dgs5,5281,2021-02-16,4769,5280,512,-5.000000000000004,linear,50,5,55,50,2,48,0.1,0.09765625,0.09375,2.0000000000000018,2.0000000000000016e-06,mle,-0.1077569955850976,4.4490761730553405,ok,True,True,extraction,
dgs5,5282,2021-02-17,4770,5281,512,-5.000000000000004,linear,50,5,55,50,2,48,0.1,0.09765625,0.09375,2.0000000000000018,2.0000000000000016e-06,mle,-0.1077569955850976,4.4490761730553405,ok,True,True,extraction,
dgs5,5283,2021-02-18,4771,5282,512,-5.000000000000004,linear,49,5,54,49,2,47,0.1,0.095703125,0.091796875,2.0000000000000018,2.0000000000000016e-06,mle,-0.11852754084597988,4.562793970667529,ok,True,True,extraction,
dgs5,5284,2021-02-19,4772,5283,512,-5.000000000000004,linear,48,5,53,48,2,46,0.1,0.09375,0.08984375,2.0000000000000018,2.0000000000000016e-06,mle,-0.12969889646478114,4.682385991303062,ok,True,True,extraction,
dgs5,5285,2021-02-22,4773,5284,512,-5.000000000000004,linear,48,5,53,48,2,46,0.1,0.09375,0.08984375,2.0000000000000018,2.0000000000000016e-06,mle,-0.12969889646478114,4.682385991303062,ok,True,True,extraction,
dgs5,5286,2021-02-23,4774,5285,512,-5.000000000000004,linear,48,5,53,48,2,46,0.1,0.09375,0.08984375,2.0000000000000018,2.0000000000000016e-06,mle,-0.12969889646478114,4.682385991303062,ok,True,True,extraction,
dgs5,5287,2021-02-24,4775,5286,512,-5.000000000000004,linear,48,5,53,48,2,46,0.1,0.09375,0.08984375,2.0000000000000018,2.0000000000000016e-06,mle,-0.12969889646478114,4.682385991303062,ok,True,True,extraction,
dgs5,5288,2021-02-25,4776,5287,512,-5.000000000000004,linear,48,5,53,48,2,46,0.1,0.09375,0.08984375,2.0000000000000018,2.0000000000000016e-06,mle,-0.12969889646478114,4.682385991303062,ok,True,True,extraction,
dgs5,5289,2021-02-26,4777,5288,512,-5.000000000000004,linear,48,5,53,48,2,46,0.1,0.09375,0.08984375,2.0000000000000018,2.0000000000000016e-06,mle,-0.12969889646478114,4.682385991303062,ok,True,True,extraction,
dgs5,5290,2021-03-01,4778,5289,512,-5.000000000000004,linear,49,5,54,49,2,47,0.1,0.095703125,0.091796875,2.0000000000000018,2.0000000000000016e-06,mle,-0.11852754084597988,4.562793970667529,ok,True,True,extraction,
dgs5,5291,2021-03-02,4779,5290,512,-5.000000000000004,linear,49,5,54,49,2,47,0.1,0.095703125,0.091796875,2.0000000000000018,2.0000000000000016e-06,mle,-0.11852754084597988,4.562793970667529,ok,True,True,extraction,
dgs5,5292,2021-03-03,4780,5291,512,-5.000000000000004,linear,49,5,54,49,2,47,0.1,0.095703125,0.091796875,2.0000000000000018,2.0000000000000016e-06,mle,-0.11852754084597988,4.562793970667529,ok,True,True,extraction,
dgs5,5293,2021-03-04,4781,5292,512,-5.000000000000004,linear,49,5,54,49,2,47,0.1,0.095703125,0.091796875,2.0000000000000018,2.0000000000000016e-06,mle,-0.11852754084597988,4.562793970667529,ok,True,True,extraction,
dgs5,5294,2021-03-05,4782,5293,512,-5.000000000000004,linear,49,5,54,49,2,47,0.1,0.095703125,0.091796875,2.0000000000000018,2.0000000000000016e-06,mle,-0.11852754084597988,4.562793970667529,ok,True,True,extraction,
dgs5,5295,2021-03-08,4783,5294,512,-5.000000000000004,linear,49,5,54,49,2,47,0.1,0.095703125,0.091796875,2.0000000000000018,2.0000000000000016e-06,mle,-0.11852754084597988,4.562793970667529,ok,True,True,extraction,
dgs5,5296,2021-03-09,4784,5295,512,-5.000000000000004,linear,49,5,54,49,2,47,0.1,0.095703125,0.091796875,2.0000000000000018,2.0000000000000016e-06,mle,-0.11852754084597988,4.562793970667529,ok,True,True,extraction,
dgs5,5297,2021-03-10,4785,5296,512,-5.000000000000004,linear,49,5,54,49,2,47,0.1,0.095703125,0.091796875,2.0000000000000018,2.0000000000000016e-06,mle,-0.11852754084597988,4.562793970667529,ok,True,True,extraction,
dgs5,5298,2021-03-11,4786,5297,512,-5.000000000000004,linear,49,5,54,49,2,47,0.1,0.095703125,0.091796875,2.0000000000000018,2.0000000000000016e-06,mle,-0.11852754084597988,4.562793970667529,ok,True,True,extraction,
dgs5,5299,2021-03-12,4787,5298,512,-5.000000000000004,linear,49,5,54,49,2,47,0.1,0.095703125,0.091796875,2.0000000000000018,2.0000000000000016e-06,mle,-0.11852754084597988,4.562793970667529,ok,True,True,extraction,
dgs5,5300,2021-03-15,4788,5299,512,-5.000000000000004,linear,49,5,54,49,2,47,0.1,0.095703125,0.091796875,2.0000000000000018,2.0000000000000016e-06,mle,-0.11852754084597988,4.562793970667529,ok,True,True,extraction,
dgs5,5301,2021-03-16,4789,5300,512,-5.000000000000004,linear,49,5,54,49,2,47,0.1,0.095703125,0.091796875,2.0000000000000018,2.0000000000000016e-06,mle,-0.11852754084597988,4.562793970667529,ok,True,True,extraction,
dgs5,5302,2021-03-17,4790,5301,512,-5.000000000000004,linear,49,5,54,49,2,47,0.1,0.095703125,0.091796875,2.0000000000000018,2.0000000000000016e-06,mle,-0.11852754084597988,4.562793970667529,ok,True,True,extraction,
dgs5,5303,2021-03-18,4791,5302,512,-5.000000000000004,linear,49,5,54,49,2,47,0.1,0.095703125,0.091796875,2.0000000000000018,2.0000000000000016e-06,mle,-0.11852754084597988,4.562793970667529,ok,True,True,extraction,
dgs5,5304,2021-03-19,4792,5303,512,-5.000000000000004,linear,49,5,54,49,2,47,0.1,0.095703125,0.091796875,2.0000000000000018,2.0000000000000016e-06,mle,-0.11852754084597988,4.562793970667529,ok,True,True,extraction,
dgs5,5305,2021-03-22,4793,5304,512,-5.000000000000004,linear,49,5,54,49,2,47,0.1,0.095703125,0.091796875,2.0000000000000018,2.0000000000000016e-06,mle,-0.11852754084597988,4.562793970667529,ok,True,True,extraction,
dgs5,5306,2021-03-23,4794,5305,512,-5.000000000000004,linear,49,5,54,49,2,47,0.1,0.095703125,0.091796875,2.0000000000000018,2.0000000000000016e-06,mle,-0.11852754084597988,4.562793970667529,ok,True,True,extraction,
dgs5,5307,2021-03-24,4795,5306,512,-5.000000000000004,linear,49,5,54,49,2,47,0.1,0.095703125,0.091796875,2.0000000000000018,2.0000000000000016e-06,mle,-0.11852754084597988,4.562793970667529,ok,True,True,extraction,
dgs5,5308,2021-03-25,4796,5307,512,-5.000000000000004,linear,48,5,53,48,1,47,0.1,0.09375,0.091796875,2.0000000000000018,2.0000000000000016e-06,mle,-0.11852754084597988,4.562793970667529,ok,True,True,extraction,
dgs5,5309,2021-03-26,4797,5308,512,-5.000000000000004,linear,48,5,53,48,1,47,0.1,0.09375,0.091796875,2.0000000000000018,2.0000000000000016e-06,mle,-0.11852754084597988,4.562793970667529,ok,True,True,extraction,
dgs5,5310,2021-03-29,4798,5309,512,-5.000000000000004,linear,48,5,53,48,1,47,0.1,0.09375,0.091796875,2.0000000000000018,2.0000000000000016e-06,mle,-0.11852754084597988,4.562793970667529,ok,True,True,extraction,
dgs5,5311,2021-03-30,4799,5310,512,-5.000000000000004,linear,48,5,53,48,1,47,0.1,0.09375,0.091796875,2.0000000000000018,2.0000000000000016e-06,mle,-0.11852754084597988,4.562793970667529,ok,True,True,extraction,
dgs5,5312,2021-03-31,4800,5311,512,-5.000000000000004,linear,48,5,53,48,1,47,0.1,0.09375,0.091796875,2.0000000000000018,2.0000000000000016e-06,mle,-0.11852754084597988,4.562793970667529,ok,True,True,extraction,
dgs5,5313,2021-04-01,4801,5312,512,-5.000000000000004,linear,48,5,53,48,1,47,0.1,0.09375,0.091796875,2.0000000000000018,2.0000000000000016e-06,mle,-0.11852754084597988,4.562793970667529,ok,True,True,extraction,
dgs5,5314,2021-04-02,4802,5313,512,-5.000000000000004,linear,48,5,53,48,1,47,0.1,0.09375,0.091796875,2.0000000000000018,2.0000000000000016e-06,mle,-0.11852754084597988,4.562793970667529,ok,True,True,extraction,
dgs5,5315,2021-04-05,4803,5314,512,-5.000000000000004,linear,48,5,53,48,1,47,0.1,0.09375,0.091796875,2.0000000000000018,2.0000000000000016e-06,mle,-0.11852754084597988,4.562793970667529,ok,True,True,extraction,
dgs5,5316,2021-04-06,4804,5315,512,-5.000000000000004,linear,48,5,53,48,1,47,0.1,0.09375,0.091796875,2.0000000000000018,2.0000000000000016e-06,mle,-0.11852754084597988,4.562793970667529,ok,True,True,extraction,
dgs5,5317,2021-04-07,4805,5316,512,-5.000000000000004,linear,48,5,53,48,1,47,0.1,0.09375,0.091796875,2.0000000000000018,2.0000000000000016e-06,mle,-0.10656957757916743,4.4690535933562865,ok,True,True,extraction,
dgs5,5318,2021-04-08,4806,5317,512,-5.000000000000004,linear,48,5,53,48,1,47,0.1,0.09375,0.091796875,2.0000000000000018,2.0000000000000016e-06,mle,-0.10656957757916743,4.4690535933562865,ok,True,True,extraction,
dgs5,5319,2021-04-09,4807,5318,512,-5.0000000000000036,linear,52,0,52,52,6,46,0.1,0.1015625,0.08984375,2.0000000000000018,2.0000000000000016e-06,mle,-0.09524694781443588,4.401964906196352,ok,True,True,extraction,
dgs5,5320,2021-04-12,4808,5319,512,-5.0000000000000036,linear,52,0,52,52,6,46,0.1,0.1015625,0.08984375,2.0000000000000018,2.0000000000000016e-06,mle,-0.09524694781443588,4.401964906196352,ok,True,True,extraction,
dgs5,5321,2021-04-13,4809,5320,512,-5.0000000000000036,linear,52,0,52,52,6,46,0.1,0.1015625,0.08984375,2.0000000000000018,2.0000000000000016e-06,mle,-0.09524694781443588,4.401964906196352,ok,True,True,extraction,
dgs5,5322,2021-04-14,4810,5321,512,-5.0000000000000036,linear,52,0,52,52,6,46,0.1,0.1015625,0.08984375,2.0000000000000018,2.0000000000000016e-06,mle,-0.09524694781443588,4.401964906196352,ok,True,True,extraction,
dgs5,5323,2021-04-15,4811,5322,512,-5.0000000000000036,linear,52,0,52,52,6,46,0.1,0.1015625,0.08984375,2.0000000000000018,2.0000000000000016e-06,mle,-0.09524694781443588,4.401964906196352,ok,True,True,extraction,
dgs5,5324,2021-04-16,4812,5323,512,-5.000000000000004,linear,48,5,53,48,1,47,0.1,0.09375,0.091796875,2.0000000000000018,2.0000000000000016e-06,mle,-0.08404419072424088,4.287994726293721,ok,True,True,extraction,
dgs5,5325,2021-04-19,4813,5324,512,-5.000000000000004,linear,48,5,53,48,1,47,0.1,0.09375,0.091796875,2.0000000000000018,2.0000000000000016e-06,mle,-0.08404419072424088,4.287994726293721,ok,True,True,extraction,
dgs5,5326,2021-04-20,4814,5325,512,-5.000000000000004,linear,48,5,53,48,1,47,0.1,0.09375,0.091796875,2.0000000000000018,2.0000000000000016e-06,mle,-0.08404419072424088,4.287994726293721,ok,True,True,extraction,
dgs5,5327,2021-04-21,4815,5326,512,-5.000000000000004,linear,48,5,53,48,1,47,0.1,0.09375,0.091796875,2.0000000000000018,2.0000000000000016e-06,mle,-0.08404419072424088,4.287994726293721,ok,True,True,extraction,
dgs5,5328,2021-04-22,4816,5327,512,-5.000000000000004,linear,48,5,53,48,1,47,0.1,0.09375,0.091796875,2.0000000000000018,2.0000000000000016e-06,mle,-0.08404419072424088,4.287994726293721,ok,True,True,extraction,
dgs5,5329,2021-04-23,4817,5328,512,-5.000000000000004,linear,48,5,53,48,1,47,0.1,0.09375,0.091796875,2.0000000000000018,2.0000000000000016e-06,mle,-0.08404419072424088,4.287994726293721,ok,True,True,extraction,
dgs5,5330,2021-04-26,4818,5329,512,-5.000000000000004,linear,48,5,53,48,1,47,0.1,0.09375,0.091796875,2.0000000000000018,2.0000000000000016e-06,mle,-0.08404419072424088,4.287994726293721,ok,True,True,extraction,
dgs5,5331,2021-04-27,4819,5330,512,-5.000000000000004,linear,48,5,53,48,1,47,0.1,0.09375,0.091796875,2.0000000000000018,2.0000000000000016e-06,mle,-0.08404419072424088,4.287994726293721,ok,True,True,extraction,
dgs5,5332,2021-04-28,4820,5331,512,-5.000000000000004,linear,48,5,53,48,1,47,0.1,0.09375,0.091796875,2.0000000000000018,2.0000000000000016e-06,mle,-0.08404419072424088,4.287994726293721,ok,True,True,extraction,
dgs5,5333,2021-04-29,4821,5332,512,-5.000000000000004,linear,48,5,53,48,1,47,0.1,0.09375,0.091796875,2.0000000000000018,2.0000000000000016e-06,mle,-0.08404419072424088,4.287994726293721,ok,True,True,extraction,
dgs5,5334,2021-04-30,4822,5333,512,-5.000000000000004,linear,48,5,53,48,1,47,0.1,0.09375,0.091796875,2.0000000000000018,2.0000000000000016e-06,mle,-0.08404419072424088,4.287994726293721,ok,True,True,extraction,
dgs5,5335,2021-05-03,4823,5334,512,-5.000000000000004,linear,48,5,53,48,1,47,0.1,0.09375,0.091796875,2.0000000000000018,2.0000000000000016e-06,mle,-0.08404419072424088,4.287994726293721,ok,True,True,extraction,
dgs5,5336,2021-05-04,4824,5335,512,-5.000000000000004,linear,48,5,53,48,1,47,0.1,0.09375,0.091796875,2.0000000000000018,2.0000000000000016e-06,mle,-0.08404419072424088,4.287994726293721,ok,True,True,extraction,
dgs5,5337,2021-05-05,4825,5336,512,-5.000000000000004,linear,48,5,53,48,1,47,0.1,0.09375,0.091796875,2.0000000000000018,2.0000000000000016e-06,mle,-0.08404419072424088,4.287994726293721,ok,True,True,extraction,
dgs5,5338,2021-05-06,4826,5337,512,-5.000000000000004,linear,48,5,53,48,1,47,0.1,0.09375,0.091796875,2.0000000000000018,2.0000000000000016e-06,mle,-0.08404419072424088,4.287994726293721,ok,True,True,extraction,
dgs5,5339,2021-05-07,4827,5338,512,-5.000000000000004,linear,48,5,53,48,1,47,0.1,0.09375,0.091796875,2.0000000000000018,2.0000000000000016e-06,mle,-0.08404419072424088,4.287994726293721,ok,True,True,extraction,
dgs5,5340,2021-05-10,4828,5339,512,-5.000000000000004,linear,48,5,53,48,1,47,0.1,0.09375,0.091796875,2.0000000000000018,2.0000000000000016e-06,mle,-0.08404419072424088,4.287994726293721,ok,True,True,extraction,
dgs5,5341,2021-05-11,4829,5340,512,-5.000000000000004,linear,48,5,53,48,1,47,0.1,0.09375,0.091796875,2.0000000000000018,2.0000000000000016e-06,mle,-0.08404419072424088,4.287994726293721,ok,True,True,extraction,
dgs5,5342,2021-05-12,4830,5341,512,-5.000000000000004,linear,48,5,53,48,1,47,0.1,0.09375,0.091796875,2.0000000000000018,2.0000000000000016e-06,mle,-0.08404419072424088,4.287994726293721,ok,True,True,extraction,
dgs5,5343,2021-05-13,4831,5342,512,-5.000000000000004,linear,48,5,53,48,1,47,0.1,0.09375,0.091796875,2.0000000000000018,2.0000000000000016e-06,mle,-0.08404419072424088,4.287994726293721,ok,True,True,extraction,
dgs5,5344,2021-05-14,4832,5343,512,-5.000000000000004,linear,48,5,53,48,1,47,0.1,0.09375,0.091796875,2.0000000000000018,2.0000000000000016e-06,mle,-0.08404419072424088,4.287994726293721,ok,True,True,extraction,
dgs5,5345,2021-05-17,4833,5344,512,-5.000000000000004,linear,48,5,53,48,1,47,0.1,0.09375,0.091796875,2.0000000000000018,2.0000000000000016e-06,mle,-0.08404419072424088,4.287994726293721,ok,True,True,extraction,
dgs5,5346,2021-05-18,4834,5345,512,-5.000000000000004,linear,48,5,53,48,1,47,0.1,0.09375,0.091796875,2.0000000000000018,2.0000000000000016e-06,mle,-0.08404419072424088,4.287994726293721,ok,True,True,extraction,
dgs5,5347,2021-05-19,4835,5346,512,-5.000000000000004,linear,48,5,53,48,1,47,0.1,0.09375,0.091796875,2.0000000000000018,2.0000000000000016e-06,mle,-0.08404419072424088,4.287994726293721,ok,True,True,extraction,
dgs5,5348,2021-05-20,4836,5347,512,-5.000000000000004,linear,48,5,53,48,1,47,0.1,0.09375,0.091796875,2.0000000000000018,2.0000000000000016e-06,mle,-0.08404419072424088,4.287994726293721,ok,True,True,extraction,
dgs5,5349,2021-05-21,4837,5348,512,-5.000000000000004,linear,48,5,53,48,1,47,0.1,0.09375,0.091796875,2.0000000000000018,2.0000000000000016e-06,mle,-0.08404419072424088,4.287994726293721,ok,True,True,extraction,
dgs5,5350,2021-05-24,4838,5349,512,-5.000000000000004,linear,48,5,53,48,1,47,0.1,0.09375,0.091796875,2.0000000000000018,2.0000000000000016e-06,mle,-0.08404419072424088,4.287994726293721,ok,True,True,extraction,
dgs5,5351,2021-05-25,4839,5350,512,-5.000000000000004,linear,48,5,53,48,1,47,0.1,0.09375,0.091796875,2.0000000000000018,2.0000000000000016e-06,mle,-0.08404419072424088,4.287994726293721,ok,True,True,extraction,
dgs5,5352,2021-05-26,4840,5351,512,-5.000000000000004,linear,48,5,53,48,1,47,0.1,0.09375,0.091796875,2.0000000000000018,2.0000000000000016e-06,mle,-0.08404419072424088,4.287994726293721,ok,True,True,extraction,
dgs5,5353,2021-05-27,4841,5352,512,-5.000000000000004,linear,48,5,53,48,1,47,0.1,0.09375,0.091796875,2.0000000000000018,2.0000000000000016e-06,mle,-0.08404419072424088,4.287994726293721,ok,True,True,extraction,
dgs5,5354,2021-05-28,4842,5353,512,-5.0000000000000036,linear,52,0,52,52,6,46,0.1,0.1015625,0.08984375,2.0000000000000018,2.0000000000000016e-06,mle,-0.08182020634744093,4.302205504835027,ok,True,True,extraction,
dgs5,5355,2021-06-01,4843,5354,512,-5.0000000000000036,linear,52,0,52,52,6,46,0.1,0.1015625,0.08984375,2.0000000000000018,2.0000000000000016e-06,mle,-0.08182020634744093,4.302205504835027,ok,True,True,extraction,
dgs5,5356,2021-06-02,4844,5355,512,-4.999999999999997,linear,52,0,52,52,6,46,0.1,0.1015625,0.08984375,2.0000000000000018,2.0000000000000016e-06,mle,-0.08182020634744093,4.302205504835027,ok,True,True,extraction,
dgs5,5357,2021-06-03,4845,5356,512,-4.999999999999997,linear,52,0,52,52,6,46,0.1,0.1015625,0.08984375,2.0000000000000018,2.0000000000000016e-06,mle,-0.08182020634744093,4.302205504835027,ok,True,True,extraction,
dgs5,5358,2021-06-04,4846,5357,512,-4.999999999999997,linear,52,0,52,52,6,46,0.1,0.1015625,0.08984375,2.0000000000000018,2.0000000000000016e-06,mle,-0.08182020634744093,4.302205504835027,ok,True,True,extraction,
dgs5,5359,2021-06-07,4847,5358,512,-5.0000000000000036,linear,52,0,52,52,5,47,0.1,0.1015625,0.091796875,2.0000000000000018,2.0000000000000016e-06,mle,-0.07052270547170274,4.189970852166544,ok,True,True,extraction,
dgs5,5360,2021-06-08,4848,5359,512,-5.0000000000000036,linear,52,0,52,52,5,47,0.1,0.1015625,0.091796875,2.0000000000000018,2.0000000000000016e-06,mle,-0.07052270547170274,4.189970852166544,ok,True,True,extraction,
dgs5,5361,2021-06-09,4849,5360,512,-5.0000000000000036,linear,52,0,52,52,5,47,0.1,0.1015625,0.091796875,2.0000000000000018,2.0000000000000016e-06,mle,-0.07052270547170274,4.189970852166544,ok,True,True,extraction,
dgs5,5362,2021-06-10,4850,5361,512,-4.999999999999997,linear,52,0,52,52,6,46,0.1,0.1015625,0.08984375,2.0000000000000018,2.0000000000000016e-06,mle,-0.06765293593001442,4.200333525825602,ok,True,True,extraction,
dgs5,5363,2021-06-11,4851,5362,512,-4.999999999999997,linear,52,0,52,52,6,46,0.1,0.1015625,0.08984375,2.0000000000000018,2.0000000000000016e-06,mle,-0.06765293593001442,4.200333525825602,ok,True,True,extraction,
dgs5,5364,2021-06-14,4852,5363,512,-4.999999999999982,linear,51,4,55,51,6,45,0.1,0.099609375,0.087890625,2.0000000000000018,2.0000000000000016e-06,mle,-0.07952556911753783,4.317001448217006,ok,True,True,extraction,
dgs5,5365,2021-06-15,4853,5364,512,-4.999999999999982,linear,51,4,55,51,6,45,0.1,0.099609375,0.087890625,2.0000000000000018,2.0000000000000016e-06,mle,-0.07952556911753783,4.317001448217006,ok,True,True,extraction,
dgs5,5366,2021-06-16,4854,5365,512,-4.999999999999982,linear,51,4,55,51,6,45,0.1,0.099609375,0.087890625,2.0000000000000018,2.0000000000000016e-06,mle,-0.07952556911753783,4.317001448217006,ok,True,True,extraction,
dgs5,5367,2021-06-17,4855,5366,512,-4.999999999999982,linear,50,4,54,50,6,44,0.1,0.09765625,0.0859375,2.0000000000000018,2.0000000000000016e-06,mle,-0.06569466600478122,4.238096117660059,ok,True,True,extraction,
dgs5,5368,2021-06-18,4856,5367,512,-4.999999999999982,linear,49,4,53,49,6,43,0.1,0.095703125,0.083984375,2.0000000000000018,2.0000000000000016e-06,mle,-0.05061423077042638,4.153479825459257,ok,True,True,extraction,
dgs5,5369,2021-06-21,4857,5368,512,-4.999999999999982,linear,49,4,53,49,6,43,0.1,0.095703125,0.083984375,2.0000000000000018,2.0000000000000016e-06,mle,-0.05061423077042638,4.153479825459257,ok,True,True,extraction,
dgs5,5370,2021-06-22,4858,5369,512,-4.999999999999982,linear,49,4,53,49,6,43,0.1,0.095703125,0.083984375,2.0000000000000018,2.0000000000000016e-06,mle,-0.05061423077042638,4.153479825459257,ok,True,True,extraction,
dgs5,5371,2021-06-23,4859,5370,512,-4.999999999999982,linear,49,4,53,49,6,43,0.1,0.095703125,0.083984375,2.0000000000000018,2.0000000000000016e-06,mle,-0.05061423077042638,4.153479825459257,ok,True,True,extraction,
dgs5,5372,2021-06-24,4860,5371,512,-4.999999999999982,linear,49,4,53,49,6,43,0.1,0.095703125,0.083984375,2.0000000000000018,2.0000000000000016e-06,mle,-0.05061423077042638,4.153479825459257,ok,True,True,extraction,
dgs5,5373,2021-06-25,4861,5372,512,-4.999999999999982,linear,49,4,53,49,6,43,0.1,0.095703125,0.083984375,2.0000000000000018,2.0000000000000016e-06,mle,-0.05061423077042638,4.153479825459257,ok,True,True,extraction,
dgs5,5374,2021-06-28,4862,5373,512,-4.999999999999982,linear,49,4,53,49,6,43,0.1,0.095703125,0.083984375,2.0000000000000018,2.0000000000000016e-06,mle,-0.05061423077042638,4.153479825459257,ok,True,True,extraction,
dgs5,5375,2021-06-29,4863,5374,512,-4.999999999999982,linear,49,4,53,49,6,43,0.1,0.095703125,0.083984375,2.0000000000000018,2.0000000000000016e-06,mle,-0.05061423077042638,4.153479825459257,ok,True,True,extraction,
dgs5,5376,2021-06-30,4864,5375,512,-4.999999999999982,linear,49,4,53,49,6,43,0.1,0.095703125,0.083984375,2.0000000000000018,2.0000000000000016e-06,mle,-0.05061423077042638,4.153479825459257,ok,True,True,extraction,
dgs5,5377,2021-07-01,4865,5376,512,-4.999999999999982,linear,49,4,53,49,6,43,0.1,0.095703125,0.083984375,2.0000000000000018,2.0000000000000016e-06,mle,-0.05061423077042638,4.153479825459257,ok,True,True,extraction,
dgs5,5378,2021-07-02,4866,5377,512,-4.999999999999982,linear,49,4,53,49,6,43,0.1,0.095703125,0.083984375,2.0000000000000018,2.0000000000000016e-06,mle,-0.05061423077042638,4.153479825459257,ok,True,True,extraction,
dgs5,5379,2021-07-06,4867,5378,512,-4.999999999999982,linear,49,4,53,49,6,43,0.1,0.095703125,0.083984375,2.0000000000000018,2.0000000000000016e-06,mle,-0.05061423077042638,4.153479825459257,ok,True,True,extraction,
dgs5,5380,2021-07-07,4868,5379,512,-4.999999999999982,linear,49,4,53,49,7,42,0.1,0.095703125,0.08203125,2.0000000000000018,2.0000000000000016e-06,mle,-0.06385623913516487,4.280575605219083,ok,True,True,extraction,
dgs5,5381,2021-07-08,4869,5380,512,-4.999999999999982,linear,49,4,53,49,7,42,0.1,0.095703125,0.08203125,2.0000000000000018,2.0000000000000016e-06,mle,-0.06385623913516487,4.280575605219083,ok,True,True,extraction,
dgs5,5382,2021-07-09,4870,5381,512,-4.999999999999982,linear,50,4,54,50,8,42,0.1,0.09765625,0.08203125,2.0000000000000018,2.0000000000000016e-06,mle,-0.06385623913516487,4.280575605219083,ok,True,True,extraction,
dgs5,5383,2021-07-12,4871,5382,512,-4.999999999999982,linear,49,4,53,49,7,42,0.1,0.095703125,0.08203125,2.0000000000000018,2.0000000000000016e-06,mle,-0.06385623913516487,4.280575605219083,ok,True,True,extraction,
dgs5,5384,2021-07-13,4872,5383,512,-4.999999999999982,linear,49,4,53,49,7,42,0.1,0.095703125,0.08203125,2.0000000000000018,2.0000000000000016e-06,mle,-0.06385623913516487,4.280575605219083,ok,True,True,extraction,
dgs5,5385,2021-07-14,4873,5384,512,-4.999999999999982,linear,49,4,53,49,7,42,0.1,0.095703125,0.08203125,2.0000000000000018,2.0000000000000016e-06,mle,-0.06385623913516487,4.280575605219083,ok,True,True,extraction,
dgs5,5386,2021-07-15,4874,5385,512,-4.999999999999982,linear,50,4,54,50,8,42,0.1,0.09765625,0.08203125,2.0000000000000018,2.0000000000000016e-06,mle,-0.06385623913516487,4.280575605219083,ok,True,True,extraction,
dgs5,5387,2021-07-16,4875,5386,512,-4.999999999999982,linear,50,4,54,50,8,42,0.1,0.09765625,0.08203125,2.0000000000000018,2.0000000000000016e-06,mle,-0.06385623913516487,4.280575605219083,ok,True,True,extraction,
dgs5,5388,2021-07-19,4876,5387,512,-4.999999999999982,linear,50,4,54,50,8,42,0.1,0.09765625,0.08203125,2.0000000000000018,2.0000000000000016e-06,mle,-0.06385623913516487,4.280575605219083,ok,True,True,extraction,
dgs5,5389,2021-07-20,4877,5388,512,-4.999999999999982,linear,51,4,55,51,8,43,0.1,0.099609375,0.083984375,2.0000000000000018,2.0000000000000016e-06,mle,-0.07317519458060022,4.317013334925347,ok,True,True,extraction,
dgs5,5390,2021-07-21,4878,5389,512,-4.999999999999982,linear,51,4,55,51,8,43,0.1,0.099609375,0.083984375,2.0000000000000018,2.0000000000000016e-06,mle,-0.07317519458060022,4.317013334925347,ok,True,True,extraction,
dgs5,5391,2021-07-22,4879,5390,512,-4.999999999999982,linear,51,4,55,51,8,43,0.1,0.099609375,0.083984375,2.0000000000000018,2.0000000000000016e-06,mle,-0.07317519458060022,4.317013334925347,ok,True,True,extraction,
dgs5,5392,2021-07-23,4880,5391,512,-4.999999999999982,linear,51,4,55,51,8,43,0.1,0.099609375,0.083984375,2.0000000000000018,2.0000000000000016e-06,mle,-0.07317519458060022,4.317013334925347,ok,True,True,extraction,
dgs5,5393,2021-07-26,4881,5392,512,-4.999999999999982,linear,51,4,55,51,8,43,0.1,0.099609375,0.083984375,2.0000000000000018,2.0000000000000016e-06,mle,-0.07317519458060022,4.317013334925347,ok,True,True,extraction,
dgs5,5394,2021-07-27,4882,5393,512,-4.999999999999982,linear,50,4,54,50,8,42,0.1,0.09765625,0.08203125,2.0000000000000018,2.0000000000000016e-06,mle,-0.08639022463277915,4.447936801664765,ok,True,True,extraction,
dgs5,5395,2021-07-28,4883,5394,512,-4.999999999999982,linear,50,4,54,50,8,42,0.1,0.09765625,0.08203125,2.0000000000000018,2.0000000000000016e-06,mle,-0.08639022463277915,4.447936801664765,ok,True,True,extraction,
dgs5,5396,2021-07-29,4884,5395,512,-4.999999999999982,linear,50,4,54,50,8,42,0.1,0.09765625,0.08203125,2.0000000000000018,2.0000000000000016e-06,mle,-0.08639022463277915,4.447936801664765,ok,True,True,extraction,
dgs5,5397,2021-07-30,4885,5396,512,-4.999999999999982,linear,50,4,54,50,8,42,0.1,0.09765625,0.08203125,2.0000000000000018,2.0000000000000016e-06,mle,-0.08639022463277915,4.447936801664765,ok,True,True,extraction,
dgs5,5398,2021-08-02,4886,5397,512,-4.999999999999982,linear,50,4,54,50,8,42,0.1,0.09765625,0.08203125,2.0000000000000018,2.0000000000000016e-06,mle,-0.08639022463277915,4.447936801664765,ok,True,True,extraction,
dgs5,5399,2021-08-03,4887,5398,512,-4.999999999999982,linear,50,3,53,50,8,42,0.1,0.09765625,0.08203125,2.0000000000000018,2.0000000000000016e-06,mle,-0.08639022463277915,4.447936801664765,ok,True,True,extraction,
dgs5,5400,2021-08-04,4888,5399,512,-4.899999999999983,linear,52,0,52,52,0,52,0.1,0.1015625,0.1015625,2.0000000000000018,2.0000000000000016e-06,mle,0.12313139075880639,2.9962083262445547,ok,True,True,extraction,
dgs5,5401,2021-08-05,4889,5400,512,-4.899999999999983,linear,52,0,52,52,0,52,0.1,0.1015625,0.1015625,2.0000000000000018,2.0000000000000016e-06,mle,0.12313139075880639,2.9962083262445547,ok,True,True,extraction,
dgs5,5402,2021-08-06,4890,5401,512,-4.899999999999983,linear,52,0,52,52,0,52,0.1,0.1015625,0.1015625,2.0000000000000018,2.0000000000000016e-06,mle,0.12313139075880639,2.9962083262445547,ok,True,True,extraction,
dgs5,5403,2021-08-09,4891,5402,512,-4.899999999999983,linear,52,0,52,52,0,52,0.1,0.1015625,0.1015625,2.0000000000000018,2.0000000000000016e-06,mle,0.12313139075880639,2.9962083262445547,ok,True,True,extraction,
dgs5,5404,2021-08-10,4892,5403,512,-4.899999999999983,linear,52,0,52,52,0,52,0.1,0.1015625,0.1015625,2.0000000000000018,2.0000000000000016e-06,mle,0.12313139075880639,2.9962083262445547,ok,True,True,extraction,
dgs5,5405,2021-08-11,4893,5404,512,-4.899999999999983,linear,52,0,52,52,0,52,0.1,0.1015625,0.1015625,2.0000000000000018,2.0000000000000016e-06,mle,0.12313139075880639,2.9962083262445547,ok,True,True,extraction,
dgs5,5406,2021-08-12,4894,5405,512,-4.899999999999983,linear,52,0,52,52,0,52,0.1,0.1015625,0.1015625,2.0000000000000018,2.0000000000000016e-06,mle,0.12313139075880639,2.9962083262445547,ok,True,True,extraction,
dgs5,5407,2021-08-13,4895,5406,512,-4.899999999999983,linear,52,0,52,52,0,52,0.1,0.1015625,0.1015625,2.0000000000000018,2.0000000000000016e-06,mle,0.12313139075880639,2.9962083262445547,ok,True,True,extraction,
dgs5,5408,2021-08-16,4896,5407,512,-4.899999999999983,linear,52,0,52,52,0,52,0.1,0.1015625,0.1015625,2.0000000000000018,2.0000000000000016e-06,mle,0.12313139075880639,2.9962083262445547,ok,True,True,extraction,
dgs5,5409,2021-08-17,4897,5408,512,-4.899999999999983,linear,52,0,52,52,0,52,0.1,0.1015625,0.1015625,2.0000000000000018,2.0000000000000016e-06,mle,0.12313139075880639,2.9962083262445547,ok,True,True,extraction,
dgs5,5410,2021-08-18,4898,5409,512,-4.0000000000000036,linear,51,15,66,51,0,51,0.1,0.099609375,0.099609375,2.0000000000000018,2.0000000000000016e-06,mle,-0.11111625281964485,4.6100929765712335,ok,True,True,extraction,
dgs5,5411,2021-08-19,4899,5410,512,-4.0000000000000036,linear,51,15,66,51,0,51,0.1,0.099609375,0.099609375,2.0000000000000018,2.0000000000000016e-06,mle,-0.11111625281964485,4.6100929765712335,ok,True,True,extraction,
dgs5,5412,2021-08-20,4900,5411,512,-4.0000000000000036,linear,50,15,65,50,0,50,0.1,0.09765625,0.09765625,2.0000000000000018,2.0000000000000016e-06,mle,-0.09711184252236438,4.491795657943603,ok,True,True,extraction,
dgs5,5413,2021-08-23,4901,5412,512,-4.0000000000000036,linear,50,15,65,50,0,50,0.1,0.09765625,0.09765625,2.0000000000000018,2.0000000000000016e-06,mle,-0.09711184252236438,4.491795657943603,ok,True,True,extraction,
dgs5,5414,2021-08-24,4902,5413,512,-4.0000000000000036,linear,50,15,65,50,0,50,0.1,0.09765625,0.09765625,2.0000000000000018,2.0000000000000016e-06,mle,-0.09711184252236438,4.491795657943603,ok,True,True,extraction,
dgs5,5415,2021-08-25,4903,5414,512,-4.0000000000000036,linear,50,15,65,50,0,50,0.1,0.09765625,0.09765625,2.0000000000000018,2.0000000000000016e-06,mle,-0.09711184252236438,4.491795657943603,ok,True,True,extraction,
dgs5,5416,2021-08-26,4904,5415,512,-4.0000000000000036,linear,50,15,65,50,0,50,0.1,0.09765625,0.09765625,2.0000000000000018,2.0000000000000016e-06,mle,-0.09711184252236438,4.491795657943603,ok,True,True,extraction,
dgs5,5417,2021-08-27,4905,5416,512,-4.0000000000000036,linear,49,15,64,49,0,49,0.1,0.095703125,0.095703125,2.0000000000000018,2.0000000000000016e-06,mle,-0.09168599265246616,4.473023391177636,ok,True,True,extraction,
dgs5,5418,2021-08-30,4906,5417,512,-4.0000000000000036,linear,50,15,65,50,0,50,0.1,0.09765625,0.09765625,2.0000000000000018,2.0000000000000016e-06,mle,-0.08219396882226915,4.368150365785157,ok,True,True,extraction,
dgs5,5419,2021-08-31,4907,5418,512,-4.0000000000000036,linear,49,15,64,49,0,49,0.1,0.095703125,0.095703125,2.0000000000000018,2.0000000000000016e-06,mle,-0.08596537941234761,4.428382589475566,ok,True,True,extraction,
dgs5,5420,2021-09-01,4908,5419,512,-4.0000000000000036,linear,48,15,63,48,0,48,0.1,0.09375,0.09375,2.0000000000000018,2.0000000000000016e-06,mle,-0.07576864636440024,4.367484425275423,ok,True,True,extraction,
dgs5,5421,2021-09-02,4909,5420,512,-4.0000000000000036,linear,48,15,63,48,0,48,0.1,0.09375,0.09375,2.0000000000000018,2.0000000000000016e-06,mle,-0.07576864636440024,4.367484425275423,ok,True,True,extraction,
dgs5,5422,2021-09-03,4910,5421,512,-4.0000000000000036,linear,48,15,63,48,0,48,0.1,0.09375,0.09375,2.0000000000000018,2.0000000000000016e-06,mle,-0.07576864636440024,4.367484425275423,ok,True,True,extraction,
dgs5,5423,2021-09-07,4911,5422,512,-4.0000000000000036,linear,47,15,62,47,0,47,0.1,0.091796875,0.091796875,2.0000000000000018,2.0000000000000016e-06,mle,-0.08599979153819552,4.4787927290678375,ok,True,True,extraction,
dgs5,5424,2021-09-08,4912,5423,512,-4.0000000000000036,linear,47,15,62,47,0,47,0.1,0.091796875,0.091796875,2.0000000000000018,2.0000000000000016e-06,mle,-0.08599979153819552,4.4787927290678375,ok,True,True,extraction,
dgs5,5425,2021-09-09,4913,5424,512,-4.0000000000000036,linear,47,15,62,47,0,47,0.1,0.091796875,0.091796875,2.0000000000000018,2.0000000000000016e-06,mle,-0.08599979153819552,4.4787927290678375,ok,True,True,extraction,
dgs5,5426,2021-09-10,4914,5425,512,-4.0000000000000036,linear,46,15,61,46,0,46,0.1,0.08984375,0.08984375,2.0000000000000018,2.0000000000000016e-06,mle,-0.07191521204835255,4.3784713100945245,ok,True,True,extraction,
dgs5,5427,2021-09-13,4915,5426,512,-4.0000000000000036,linear,46,15,61,46,0,46,0.1,0.08984375,0.08984375,2.0000000000000018,2.0000000000000016e-06,mle,-0.07191521204835255,4.3784713100945245,ok,True,True,extraction,
dgs5,5428,2021-09-14,4916,5427,512,-4.0000000000000036,linear,46,15,61,46,0,46,0.1,0.08984375,0.08984375,2.0000000000000018,2.0000000000000016e-06,mle,-0.07191521204835255,4.3784713100945245,ok,True,True,extraction,
dgs5,5429,2021-09-15,4917,5428,512,-4.0000000000000036,linear,46,15,61,46,0,46,0.1,0.08984375,0.08984375,2.0000000000000018,2.0000000000000016e-06,mle,-0.07191521204835255,4.3784713100945245,ok,True,True,extraction,
dgs5,5430,2021-09-16,4918,5429,512,-4.0000000000000036,linear,46,15,61,46,0,46,0.1,0.08984375,0.08984375,2.0000000000000018,2.0000000000000016e-06,mle,-0.07191521204835255,4.3784713100945245,ok,True,True,extraction,
dgs5,5431,2021-09-17,4919,5430,512,-4.0000000000000036,linear,46,15,61,46,0,46,0.1,0.08984375,0.08984375,2.0000000000000018,2.0000000000000016e-06,mle,-0.07191521204835255,4.3784713100945245,ok,True,True,extraction,
dgs5,5432,2021-09-20,4920,5431,512,-4.0000000000000036,linear,46,15,61,46,0,46,0.1,0.08984375,0.08984375,2.0000000000000018,2.0000000000000016e-06,mle,-0.07191521204835255,4.3784713100945245,ok,True,True,extraction,
dgs5,5433,2021-09-21,4921,5432,512,-4.0000000000000036,linear,47,15,62,47,0,47,0.1,0.091796875,0.091796875,2.0000000000000018,2.0000000000000016e-06,mle,-0.06152800518103724,4.267045065606989,ok,True,True,extraction,
dgs5,5434,2021-09-22,4922,5433,512,-4.0000000000000036,linear,47,15,62,47,0,47,0.1,0.091796875,0.091796875,2.0000000000000018,2.0000000000000016e-06,mle,-0.06152800518103724,4.267045065606989,ok,True,True,extraction,
dgs5,5435,2021-09-23,4923,5434,512,-4.0000000000000036,linear,47,15,62,47,0,47,0.1,0.091796875,0.091796875,2.0000000000000018,2.0000000000000016e-06,mle,-0.06152800518103724,4.267045065606989,ok,True,True,extraction,
dgs5,5436,2021-09-24,4924,5435,512,-4.0000000000000036,linear,47,15,62,47,0,47,0.1,0.091796875,0.091796875,2.0000000000000018,2.0000000000000016e-06,mle,-0.06152800518103724,4.267045065606989,ok,True,True,extraction,
dgs5,5437,2021-09-27,4925,5436,512,-4.0000000000000036,linear,47,15,62,47,0,47,0.1,0.091796875,0.091796875,2.0000000000000018,2.0000000000000016e-06,mle,-0.06152800518103724,4.267045065606989,ok,True,True,extraction,
dgs5,5438,2021-09-28,4926,5437,512,-4.0000000000000036,linear,47,15,62,47,0,47,0.1,0.091796875,0.091796875,2.0000000000000018,2.0000000000000016e-06,mle,-0.06152800518103724,4.267045065606989,ok,True,True,extraction,
dgs5,5439,2021-09-29,4927,5438,512,-4.0000000000000036,linear,47,15,62,47,0,47,0.1,0.091796875,0.091796875,2.0000000000000018,2.0000000000000016e-06,mle,-0.06152800518103724,4.267045065606989,ok,True,True,extraction,
dgs5,5440,2021-09-30,4928,5439,512,-4.0000000000000036,linear,47,15,62,47,0,47,0.1,0.091796875,0.091796875,2.0000000000000018,2.0000000000000016e-06,mle,-0.06152800518103724,4.267045065606989,ok,True,True,extraction,
dgs5,5441,2021-10-01,4929,5440,512,-4.0000000000000036,linear,46,15,61,46,0,46,0.1,0.08984375,0.08984375,2.0000000000000018,2.0000000000000016e-06,mle,-0.0652587537816523,4.328822940447093,ok,True,True,extraction,
dgs5,5442,2021-10-04,4930,5441,512,-4.0000000000000036,linear,47,15,62,47,0,47,0.1,0.091796875,0.091796875,2.0000000000000018,2.0000000000000016e-06,mle,-0.05479720824080657,4.217999292649472,ok,True,True,extraction,
dgs5,5443,2021-10-05,4931,5442,512,-4.0000000000000036,linear,47,15,62,47,0,47,0.1,0.091796875,0.091796875,2.0000000000000018,2.0000000000000016e-06,mle,-0.05479720824080657,4.217999292649472,ok,True,True,extraction,
dgs5,5444,2021-10-06,4932,5443,512,-4.0000000000000036,linear,47,15,62,47,0,47,0.1,0.091796875,0.091796875,2.0000000000000018,2.0000000000000016e-06,mle,-0.05479720824080657,4.217999292649472,ok,True,True,extraction,
dgs5,5445,2021-10-07,4933,5444,512,-4.0000000000000036,linear,46,15,61,46,0,46,0.1,0.08984375,0.08984375,2.0000000000000018,2.0000000000000016e-06,mle,-0.0652587537816523,4.328822940447093,ok,True,True,extraction,
dgs5,5446,2021-10-08,4934,5445,512,-4.0000000000000036,linear,46,15,61,46,0,46,0.1,0.08984375,0.08984375,2.0000000000000018,2.0000000000000016e-06,mle,-0.0652587537816523,4.328822940447093,ok,True,True,extraction,
dgs5,5447,2021-10-12,4935,5446,512,-4.0000000000000036,linear,45,15,60,45,0,45,0.1,0.087890625,0.087890625,2.0000000000000018,2.0000000000000016e-06,mle,-0.06316763543875792,4.34578647097038,ok,True,True,extraction,
dgs5,5448,2021-10-13,4936,5447,512,-4.0000000000000036,linear,45,15,60,45,0,45,0.1,0.087890625,0.087890625,2.0000000000000018,2.0000000000000016e-06,mle,-0.06316763543875792,4.34578647097038,ok,True,True,extraction,
dgs5,5449,2021-10-14,4937,5448,512,-4.0000000000000036,linear,45,15,60,45,0,45,0.1,0.087890625,0.087890625,2.0000000000000018,2.0000000000000016e-06,mle,-0.06316763543875792,4.34578647097038,ok,True,True,extraction,
dgs5,5450,2021-10-15,4938,5449,512,-4.0000000000000036,linear,45,16,61,45,0,45,0.1,0.087890625,0.087890625,2.0000000000000018,2.0000000000000016e-06,mle,-0.06316763543875792,4.34578647097038,ok,True,True,extraction,
dgs5,5451,2021-10-18,4939,5450,512,-4.0000000000000036,linear,45,16,61,45,0,45,0.1,0.087890625,0.087890625,2.0000000000000018,2.0000000000000016e-06,mle,-0.06316763543875792,4.34578647097038,ok,True,True,extraction,
dgs5,5452,2021-10-19,4940,5451,512,-4.0000000000000036,linear,45,15,60,45,0,45,0.1,0.087890625,0.087890625,2.0000000000000018,2.0000000000000016e-06,mle,-0.06316763543875792,4.34578647097038,ok,True,True,extraction,
dgs5,5453,2021-10-20,4941,5452,512,-4.0000000000000036,linear,44,15,59,44,0,44,0.1,0.0859375,0.0859375,2.0000000000000018,2.0000000000000016e-06,mle,-0.055283362626767266,4.316206671160238,ok,True,True,extraction,
dgs5,5454,2021-10-21,4942,5453,512,-4.0000000000000036,linear,43,15,58,43,0,43,0.1,0.083984375,0.083984375,2.0000000000000018,2.0000000000000016e-06,mle,-0.04179884393005143,4.239509978090469,ok,True,True,extraction,
dgs5,5455,2021-10-22,4943,5454,512,-4.0000000000000036,linear,43,15,58,43,0,43,0.1,0.083984375,0.083984375,2.0000000000000018,2.0000000000000016e-06,mle,-0.04179884393005143,4.239509978090469,ok,True,True,extraction,
dgs5,5456,2021-10-25,4944,5455,512,-4.0000000000000036,linear,43,15,58,43,0,43,0.1,0.083984375,0.083984375,2.0000000000000018,2.0000000000000016e-06,mle,-0.04179884393005143,4.239509978090469,ok,True,True,extraction,
dgs5,5457,2021-10-26,4945,5456,512,-4.0000000000000036,linear,43,15,58,43,0,43,0.1,0.083984375,0.083984375,2.0000000000000018,2.0000000000000016e-06,mle,-0.04179884393005143,4.239509978090469,ok,True,True,extraction,
dgs5,5458,2021-10-27,4946,5457,512,-4.0000000000000036,linear,43,15,58,43,0,43,0.1,0.083984375,0.083984375,2.0000000000000018,2.0000000000000016e-06,mle,-0.04179884393005143,4.239509978090469,ok,True,True,extraction,
dgs5,5459,2021-10-28,4947,5458,512,-4.0000000000000036,linear,43,16,59,43,0,43,0.1,0.083984375,0.083984375,2.0000000000000018,2.0000000000000016e-06,mle,-0.04179884393005143,4.239509978090469,ok,True,True,extraction,
dgs5,5460,2021-10-29,4948,5459,512,-4.0000000000000036,linear,43,16,59,43,0,43,0.1,0.083984375,0.083984375,2.0000000000000018,2.0000000000000016e-06,mle,-0.04179884393005143,4.239509978090469,ok,True,True,extraction,
dgs5,5461,2021-11-01,4949,5460,512,-4.0000000000000036,linear,43,16,59,43,0,43,0.1,0.083984375,0.083984375,2.0000000000000018,2.0000000000000016e-06,mle,-0.04179884393005143,4.239509978090469,ok,True,True,extraction,
dgs5,5462,2021-11-02,4950,5461,512,-4.0000000000000036,linear,43,16,59,43,0,43,0.1,0.083984375,0.083984375,2.0000000000000018,2.0000000000000016e-06,mle,-0.04179884393005143,4.239509978090469,ok,True,True,extraction,
dgs5,5463,2021-11-03,4951,5462,512,-4.0000000000000036,linear,44,16,60,44,0,44,0.1,0.0859375,0.0859375,2.0000000000000018,2.0000000000000016e-06,mle,-0.02996374411795713,4.119696311108965,ok,True,True,extraction,
dgs5,5464,2021-11-04,4952,5463,512,-4.0000000000000036,linear,44,16,60,44,0,44,0.1,0.0859375,0.0859375,2.0000000000000018,2.0000000000000016e-06,mle,-0.02996374411795713,4.119696311108965,ok,True,True,extraction,
dgs5,5465,2021-11-05,4953,5464,512,-4.0000000000000036,linear,45,16,61,45,0,45,0.1,0.087890625,0.087890625,2.0000000000000018,2.0000000000000016e-06,mle,-0.043821184970675844,4.197982647207322,ok,True,True,extraction,
dgs5,5466,2021-11-08,4954,5465,512,-4.0000000000000036,linear,46,16,62,46,0,46,0.1,0.08984375,0.08984375,2.0000000000000018,2.0000000000000016e-06,mle,-0.04040283451485596,4.138557459389531,ok,True,True,extraction,
dgs5,5467,2021-11-09,4955,5466,512,-4.0000000000000036,linear,46,16,62,46,0,46,0.1,0.08984375,0.08984375,2.0000000000000018,2.0000000000000016e-06,mle,-0.04040283451485596,4.138557459389531,ok,True,True,extraction,
dgs5,5468,2021-11-10,4956,5467,512,-4.0000000000000036,linear,47,16,63,47,0,47,0.1,0.091796875,0.091796875,2.0000000000000018,2.0000000000000016e-06,mle,-0.029952035431927475,4.031897778244281,ok,True,True,extraction,
dgs5,5469,2021-11-12,4957,5468,512,-4.0000000000000036,linear,47,16,63,47,0,47,0.1,0.091796875,0.091796875,2.0000000000000018,2.0000000000000016e-06,mle,-0.029952035431927475,4.031897778244281,ok,True,True,extraction,
dgs5,5470,2021-11-15,4958,5469,512,-4.0000000000000036,linear,47,16,63,47,0,47,0.1,0.091796875,0.091796875,2.0000000000000018,2.0000000000000016e-06,mle,-0.029952035431927475,4.031897778244281,ok,True,True,extraction,
dgs5,5471,2021-11-16,4959,5470,512,-4.0000000000000036,linear,47,16,63,47,0,47,0.1,0.091796875,0.091796875,2.0000000000000018,2.0000000000000016e-06,mle,-0.029952035431927475,4.031897778244281,ok,True,True,extraction,
dgs5,5472,2021-11-17,4960,5471,512,-4.0000000000000036,linear,46,16,62,46,0,46,0.1,0.08984375,0.08984375,2.0000000000000018,2.0000000000000016e-06,mle,-0.04040283451485596,4.138557459389531,ok,True,True,extraction,
dgs5,5473,2021-11-18,4961,5472,512,-4.0000000000000036,linear,45,16,61,45,0,45,0.1,0.087890625,0.087890625,2.0000000000000018,2.0000000000000016e-06,mle,-0.02349999910378376,4.025617113534922,ok,True,True,extraction,
dgs5,5474,2021-11-19,4962,5473,512,-4.0000000000000036,linear,45,16,61,45,0,45,0.1,0.087890625,0.087890625,2.0000000000000018,2.0000000000000016e-06,mle,-0.02349999910378376,4.025617113534922,ok,True,True,extraction,
dgs5,5475,2021-11-22,4963,5474,512,-4.0000000000000036,linear,45,16,61,45,0,45,0.1,0.087890625,0.087890625,2.0000000000000018,2.0000000000000016e-06,mle,-0.02349999910378376,4.025617113534922,ok,True,True,extraction,
dgs5,5476,2021-11-23,4964,5475,512,-4.0000000000000036,linear,45,16,61,45,0,45,0.1,0.087890625,0.087890625,2.0000000000000018,2.0000000000000016e-06,mle,-0.02349999910378376,4.025617113534922,ok,True,True,extraction,
dgs5,5477,2021-11-24,4965,5476,512,-4.0000000000000036,linear,45,16,61,45,0,45,0.1,0.087890625,0.087890625,2.0000000000000018,2.0000000000000016e-06,mle,-0.02349999910378376,4.025617113534922,ok,True,True,extraction,
dgs5,5478,2021-11-26,4966,5477,512,-4.0000000000000036,linear,45,16,61,45,0,45,0.1,0.087890625,0.087890625,2.0000000000000018,2.0000000000000016e-06,mle,-0.02349999910378376,4.025617113534922,ok,True,True,extraction,
dgs5,5479,2021-11-29,4967,5478,512,-4.0000000000000036,linear,46,16,62,46,0,46,0.1,0.08984375,0.08984375,2.0000000000000018,2.0000000000000016e-06,mle,-0.02223662584090057,4.2445226246059296,ok,True,True,extraction,
dgs5,5480,2021-11-30,4968,5479,512,-4.0000000000000036,linear,46,16,62,46,0,46,0.1,0.08984375,0.08984375,2.0000000000000018,2.0000000000000016e-06,mle,-0.02223662584090057,4.2445226246059296,ok,True,True,extraction,
dgs5,5481,2021-12-01,4969,5480,512,-4.0000000000000036,linear,46,16,62,46,0,46,0.1,0.08984375,0.08984375,2.0000000000000018,2.0000000000000016e-06,mle,-0.02223662584090057,4.2445226246059296,ok,True,True,extraction,
dgs5,5482,2021-12-02,4970,5481,512,-4.0000000000000036,linear,45,16,61,45,0,45,0.1,0.087890625,0.087890625,2.0000000000000018,2.0000000000000016e-06,mle,-0.026488164649497,4.311339996505579,ok,True,True,extraction,
dgs5,5483,2021-12-03,4971,5482,512,-4.0000000000000036,linear,45,16,61,45,0,45,0.1,0.087890625,0.087890625,2.0000000000000018,2.0000000000000016e-06,mle,-0.026488164649497,4.311339996505579,ok,True,True,extraction,
dgs5,5484,2021-12-06,4972,5483,512,-4.0000000000000036,linear,46,16,62,46,0,46,0.1,0.08984375,0.08984375,2.0000000000000018,2.0000000000000016e-06,mle,-0.03594835924185231,4.346509151196522,ok,True,True,extraction,
dgs5,5485,2021-12-07,4973,5484,512,-4.0000000000000036,linear,46,16,62,46,0,46,0.1,0.08984375,0.08984375,2.0000000000000018,2.0000000000000016e-06,mle,-0.03594835924185231,4.346509151196522,ok,True,True,extraction,
dgs5,5486,2021-12-08,4974,5485,512,-4.0000000000000036,linear,45,16,61,45,0,45,0.1,0.087890625,0.087890625,2.0000000000000018,2.0000000000000016e-06,mle,-0.04907229191060333,4.476104108887214,ok,True,True,extraction,
dgs5,5487,2021-12-09,4975,5486,512,-4.0000000000000036,linear,45,16,61,45,0,45,0.1,0.087890625,0.087890625,2.0000000000000018,2.0000000000000016e-06,mle,-0.04907229191060333,4.476104108887214,ok,True,True,extraction,
dgs5,5488,2021-12-10,4976,5487,512,-4.0000000000000036,linear,45,16,61,45,0,45,0.1,0.087890625,0.087890625,2.0000000000000018,2.0000000000000016e-06,mle,-0.04907229191060333,4.476104108887214,ok,True,True,extraction,
dgs5,5489,2021-12-13,4977,5488,512,-4.0000000000000036,linear,45,16,61,45,0,45,0.1,0.087890625,0.087890625,2.0000000000000018,2.0000000000000016e-06,mle,-0.04907229191060333,4.476104108887214,ok,True,True,extraction,
dgs5,5490,2021-12-14,4978,5489,512,-4.0000000000000036,linear,45,16,61,45,0,45,0.1,0.087890625,0.087890625,2.0000000000000018,2.0000000000000016e-06,mle,-0.04907229191060333,4.476104108887214,ok,True,True,extraction,
dgs5,5491,2021-12-15,4979,5490,512,-4.0000000000000036,linear,45,16,61,45,0,45,0.1,0.087890625,0.087890625,2.0000000000000018,2.0000000000000016e-06,mle,-0.04907229191060333,4.476104108887214,ok,True,True,extraction,
dgs5,5492,2021-12-16,4980,5491,512,-4.0000000000000036,linear,45,16,61,45,0,45,0.1,0.087890625,0.087890625,2.0000000000000018,2.0000000000000016e-06,mle,-0.04907229191060333,4.476104108887214,ok,True,True,extraction,
dgs5,5493,2021-12-17,4981,5492,512,-4.0000000000000036,linear,46,16,62,46,0,46,0.1,0.08984375,0.08984375,2.0000000000000018,2.0000000000000016e-06,mle,-0.05121061081767922,4.456106180918656,ok,True,True,extraction,
dgs5,5494,2021-12-20,4982,5493,512,-4.0000000000000036,linear,45,16,61,45,0,45,0.1,0.087890625,0.087890625,2.0000000000000018,2.0000000000000016e-06,mle,-0.030723269815476746,4.306116268014405,ok,True,True,extraction,
dgs5,5495,2021-12-21,4983,5494,512,-4.0000000000000036,linear,45,16,61,45,0,45,0.1,0.087890625,0.087890625,2.0000000000000018,2.0000000000000016e-06,mle,-0.030723269815476746,4.306116268014405,ok,True,True,extraction,
dgs5,5496,2021-12-22,4984,5495,512,-4.0000000000000036,linear,45,16,61,45,0,45,0.1,0.087890625,0.087890625,2.0000000000000018,2.0000000000000016e-06,mle,-0.030723269815476746,4.306116268014405,ok,True,True,extraction,
dgs5,5497,2021-12-23,4985,5496,512,-4.0000000000000036,linear,45,16,61,45,0,45,0.1,0.087890625,0.087890625,2.0000000000000018,2.0000000000000016e-06,mle,-0.030723269815476746,4.306116268014405,ok,True,True,extraction,
dgs5,5498,2021-12-27,4986,5497,512,-4.0000000000000036,linear,45,16,61,45,0,45,0.1,0.087890625,0.087890625,2.0000000000000018,2.0000000000000016e-06,mle,-0.030723269815476746,4.306116268014405,ok,True,True,extraction,
dgs5,5499,2021-12-28,4987,5498,512,-4.0000000000000036,linear,45,16,61,45,0,45,0.1,0.087890625,0.087890625,2.0000000000000018,2.0000000000000016e-06,mle,-0.030723269815476746,4.306116268014405,ok,True,True,extraction,
dgs5,5500,2021-12-29,4988,5499,512,-4.0000000000000036,linear,45,15,60,45,0,45,0.1,0.087890625,0.087890625,2.0000000000000018,2.0000000000000016e-06,mle,-0.030723269815476746,4.306116268014405,ok,True,True,extraction,
dgs5,5501,2021-12-30,4989,5500,512,-4.0000000000000036,linear,45,15,60,45,0,45,0.1,0.087890625,0.087890625,2.0000000000000018,2.0000000000000016e-06,mle,-0.030723269815476746,4.306116268014405,ok,True,True,extraction,
dgs5,5502,2021-12-31,4990,5501,512,-4.0000000000000036,linear,44,15,59,44,0,44,0.1,0.0859375,0.0859375,2.0000000000000018,2.0000000000000016e-06,mle,-0.027596046920799255,4.320608142478025,ok,True,True,extraction,
dgs5,5503,2022-01-03,4991,5502,512,-4.0000000000000036,linear,44,15,59,44,0,44,0.1,0.0859375,0.0859375,2.0000000000000018,2.0000000000000016e-06,mle,-0.027596046920799255,4.320608142478025,ok,True,True,extraction,
dgs5,5504,2022-01-04,4992,5503,512,-4.0000000000000036,linear,44,15,59,44,0,44,0.1,0.0859375,0.0859375,2.0000000000000018,2.0000000000000016e-06,mle,-0.027596046920799255,4.320608142478025,ok,True,True,extraction,
dgs5,5505,2022-01-05,4993,5504,512,-4.0000000000000036,linear,44,15,59,44,0,44,0.1,0.0859375,0.0859375,2.0000000000000018,2.0000000000000016e-06,mle,-0.027596046920799255,4.320608142478025,ok,True,True,extraction,
dgs5,5506,2022-01-06,4994,5505,512,-4.0000000000000036,linear,44,15,59,44,0,44,0.1,0.0859375,0.0859375,2.0000000000000018,2.0000000000000016e-06,mle,-0.027596046920799255,4.320608142478025,ok,True,True,extraction,
dgs5,5507,2022-01-07,4995,5506,512,-4.0000000000000036,linear,44,15,59,44,0,44,0.1,0.0859375,0.0859375,2.0000000000000018,2.0000000000000016e-06,mle,-0.027596046920799255,4.320608142478025,ok,True,True,extraction,
dgs5,5508,2022-01-10,4996,5507,512,-4.0000000000000036,linear,44,15,59,44,0,44,0.1,0.0859375,0.0859375,2.0000000000000018,2.0000000000000016e-06,mle,-0.027596046920799255,4.320608142478025,ok,True,True,extraction,
dgs5,5509,2022-01-11,4997,5508,512,-4.0000000000000036,linear,44,15,59,44,0,44,0.1,0.0859375,0.0859375,2.0000000000000018,2.0000000000000016e-06,mle,-0.027596046920799255,4.320608142478025,ok,True,True,extraction,
dgs5,5510,2022-01-12,4998,5509,512,-4.0000000000000036,linear,44,15,59,44,0,44,0.1,0.0859375,0.0859375,2.0000000000000018,2.0000000000000016e-06,mle,-0.027596046920799255,4.320608142478025,ok,True,True,extraction,
dgs5,5511,2022-01-13,4999,5510,512,-4.0000000000000036,linear,44,14,58,44,0,44,0.1,0.0859375,0.0859375,2.0000000000000018,2.0000000000000016e-06,mle,-0.027596046920799255,4.320608142478025,ok,True,True,extraction,
dgs5,5512,2022-01-14,5000,5511,512,-4.0000000000000036,linear,44,14,58,44,0,44,0.1,0.0859375,0.0859375,2.0000000000000018,2.0000000000000016e-06,mle,-0.027596046920799255,4.320608142478025,ok,True,True,extraction,
dgs5,5513,2022-01-18,5001,5512,512,-4.0000000000000036,linear,44,14,58,44,0,44,0.1,0.0859375,0.0859375,2.0000000000000018,2.0000000000000016e-06,mle,-0.027596046920799255,4.320608142478025,ok,True,True,extraction,
dgs5,5514,2022-01-19,5002,5513,512,-4.0000000000000036,linear,44,14,58,44,0,44,0.1,0.0859375,0.0859375,2.0000000000000018,2.0000000000000016e-06,mle,-0.027596046920799255,4.320608142478025,ok,True,True,extraction,
dgs5,5515,2022-01-20,5003,5514,512,-4.0000000000000036,linear,43,14,57,43,0,43,0.1,0.083984375,0.083984375,2.0000000000000018,2.0000000000000016e-06,mle,-0.017510063818253974,4.283059604037298,ok,True,True,extraction,
dgs5,5516,2022-01-21,5004,5515,512,-4.0000000000000036,linear,43,14,57,43,0,43,0.1,0.083984375,0.083984375,2.0000000000000018,2.0000000000000016e-06,mle,-0.017510063818253974,4.283059604037298,ok,True,True,extraction,
dgs5,5517,2022-01-24,5005,5516,512,-4.0000000000000036,linear,44,14,58,44,0,44,0.1,0.0859375,0.0859375,2.0000000000000018,2.0000000000000016e-06,mle,-0.027596046920799255,4.320608142478025,ok,True,True,extraction,
dgs5,5518,2022-01-25,5006,5517,512,-4.0000000000000036,linear,44,14,58,44,0,44,0.1,0.0859375,0.0859375,2.0000000000000018,2.0000000000000016e-06,mle,-0.027596046920799255,4.320608142478025,ok,True,True,extraction,
dgs5,5519,2022-01-26,5007,5518,512,-4.0000000000000036,linear,44,14,58,44,0,44,0.1,0.0859375,0.0859375,2.0000000000000018,2.0000000000000016e-06,mle,-0.027596046920799255,4.320608142478025,ok,True,True,extraction,
dgs5,5520,2022-01-27,5008,5519,512,-4.0000000000000036,linear,44,14,58,44,0,44,0.1,0.0859375,0.0859375,2.0000000000000018,2.0000000000000016e-06,mle,-0.027596046920799255,4.320608142478025,ok,True,True,extraction,
dgs5,5521,2022-01-28,5009,5520,512,-4.0000000000000036,linear,44,14,58,44,0,44,0.1,0.0859375,0.0859375,2.0000000000000018,2.0000000000000016e-06,mle,-0.027596046920799255,4.320608142478025,ok,True,True,extraction,
dgs5,5522,2022-01-31,5010,5521,512,-4.0000000000000036,linear,45,14,59,45,0,45,0.1,0.087890625,0.087890625,2.0000000000000018,2.0000000000000016e-06,mle,-0.014613497196198866,4.1937400818685635,ok,True,True,extraction,
dgs5,5523,2022-02-01,5011,5522,512,-4.0000000000000036,linear,45,14,59,45,0,45,0.1,0.087890625,0.087890625,2.0000000000000018,2.0000000000000016e-06,mle,-0.014613497196198866,4.1937400818685635,ok,True,True,extraction,
dgs5,5524,2022-02-02,5012,5523,512,-4.0000000000000036,linear,45,14,59,45,0,45,0.1,0.087890625,0.087890625,2.0000000000000018,2.0000000000000016e-06,mle,-0.014613497196198866,4.1937400818685635,ok,True,True,extraction,
dgs5,5525,2022-02-03,5013,5524,512,-4.0000000000000036,linear,45,14,59,45,0,45,0.1,0.087890625,0.087890625,2.0000000000000018,2.0000000000000016e-06,mle,-0.014613497196198866,4.1937400818685635,ok,True,True,extraction,
dgs5,5526,2022-02-04,5014,5525,512,-4.0000000000000036,linear,44,14,58,44,0,44,0.1,0.0859375,0.0859375,2.0000000000000018,2.0000000000000016e-06,mle,-0.018636667837405398,4.259757512741593,ok,True,True,extraction,
dgs5,5527,2022-02-07,5015,5526,512,-4.0000000000000036,linear,44,14,58,44,0,44,0.1,0.0859375,0.0859375,2.0000000000000018,2.0000000000000016e-06,mle,-0.018636667837405398,4.259757512741593,ok,True,True,extraction,
dgs5,5528,2022-02-08,5016,5527,512,-4.0000000000000036,linear,44,14,58,44,0,44,0.1,0.0859375,0.0859375,2.0000000000000018,2.0000000000000016e-06,mle,-0.018636667837405398,4.259757512741593,ok,True,True,extraction,
dgs5,5529,2022-02-09,5017,5528,512,-4.0000000000000036,linear,44,13,57,44,0,44,0.1,0.0859375,0.0859375,2.0000000000000018,2.0000000000000016e-06,mle,-0.018636667837405398,4.259757512741593,ok,True,True,extraction,
dgs5,5530,2022-02-10,5018,5529,512,-4.0000000000000036,linear,43,13,56,43,0,43,0.1,0.083984375,0.083984375,2.0000000000000018,2.0000000000000016e-06,mle,-0.014924443795425067,4.272187987790704,ok,True,True,extraction,
dgs5,5531,2022-02-11,5019,5530,512,-4.0000000000000036,linear,43,13,56,43,0,43,0.1,0.083984375,0.083984375,2.0000000000000018,2.0000000000000016e-06,mle,-0.014924443795425067,4.272187987790704,ok,True,True,extraction,
dgs5,5532,2022-02-14,5020,5531,512,-4.0000000000000036,linear,43,13,56,43,0,43,0.1,0.083984375,0.083984375,2.0000000000000018,2.0000000000000016e-06,mle,-0.045693290669026373,4.547962075023763,ok,True,True,extraction,
dgs5,5533,2022-02-15,5021,5532,512,-4.0000000000000036,linear,43,13,56,43,0,43,0.1,0.083984375,0.083984375,2.0000000000000018,2.0000000000000016e-06,mle,-0.045693290669026373,4.547962075023763,ok,True,True,extraction,
dgs5,5534,2022-02-16,5022,5533,512,-4.0000000000000036,linear,42,13,55,42,0,42,0.1,0.08203125,0.08203125,2.0000000000000018,2.0000000000000016e-06,mle,-0.04350959601968698,4.572057827088752,ok,True,True,extraction,
dgs5,5535,2022-02-17,5023,5534,512,-4.0000000000000036,linear,42,14,56,42,0,42,0.1,0.08203125,0.08203125,2.0000000000000018,2.0000000000000016e-06,mle,-0.04350959601968698,4.572057827088752,ok,True,True,extraction,
dgs5,5536,2022-02-18,5024,5535,512,-4.0000000000000036,linear,43,14,57,43,0,43,0.1,0.083984375,0.083984375,2.0000000000000018,2.0000000000000016e-06,mle,-0.027553938661782337,4.421133623105493,ok,True,True,extraction,
dgs5,5537,2022-02-22,5025,5536,512,-4.0000000000000036,linear,43,14,57,43,0,43,0.1,0.083984375,0.083984375,2.0000000000000018,2.0000000000000016e-06,mle,-0.027553938661782337,4.421133623105493,ok,True,True,extraction,
dgs5,5538,2022-02-23,5026,5537,512,-4.0000000000000036,linear,43,14,57,43,0,43,0.1,0.083984375,0.083984375,2.0000000000000018,2.0000000000000016e-06,mle,-0.027553938661782337,4.421133623105493,ok,True,True,extraction,
dgs5,5539,2022-02-24,5027,5538,512,-4.0000000000000036,linear,43,13,56,43,0,43,0.1,0.083984375,0.083984375,2.0000000000000018,2.0000000000000016e-06,mle,-0.027553938661782337,4.421133623105493,ok,True,True,extraction,
dgs5,5540,2022-02-25,5028,5539,512,-4.0000000000000036,linear,44,13,57,44,0,44,0.1,0.0859375,0.0859375,2.0000000000000018,2.0000000000000016e-06,mle,-0.012353267236276557,4.279530066411976,ok,True,True,extraction,
dgs5,5541,2022-02-28,5029,5540,512,-4.0000000000000036,linear,44,13,57,44,0,44,0.1,0.0859375,0.0859375,2.0000000000000018,2.0000000000000016e-06,mle,-0.012353267236276557,4.279530066411976,ok,True,True,extraction,
dgs5,5542,2022-03-01,5030,5541,512,-4.0000000000000036,linear,45,13,58,45,0,45,0.1,0.087890625,0.087890625,2.0000000000000018,2.0000000000000016e-06,mle,-0.03611343080701836,4.53643488122707,ok,True,True,extraction,
dgs5,5543,2022-03-02,5031,5542,512,-4.0000000000000036,linear,46,13,59,46,0,46,0.1,0.08984375,0.08984375,2.0000000000000018,2.0000000000000016e-06,mle,-0.06306821002229063,4.809146911619885,ok,True,True,extraction,
dgs5,5544,2022-03-03,5032,5543,512,-4.0000000000000036,linear,46,13,59,46,0,46,0.1,0.08984375,0.08984375,2.0000000000000018,2.0000000000000016e-06,mle,-0.06306821002229063,4.809146911619885,ok,True,True,extraction,
dgs5,5545,2022-03-04,5033,5544,512,-4.0000000000000036,linear,46,13,59,46,0,46,0.1,0.08984375,0.08984375,2.0000000000000018,2.0000000000000016e-06,mle,-0.06306821002229063,4.809146911619885,ok,True,True,extraction,
dgs5,5546,2022-03-07,5034,5545,512,-4.0000000000000036,linear,47,13,60,47,0,47,0.1,0.091796875,0.091796875,2.0000000000000018,2.0000000000000016e-06,mle,-0.07790941755664332,4.887912632065174,ok,True,True,extraction,
dgs5,5547,2022-03-08,5035,5546,512,-4.0000000000000036,linear,47,13,60,47,0,47,0.1,0.091796875,0.091796875,2.0000000000000018,2.0000000000000016e-06,mle,-0.07790941755664332,4.887912632065174,ok,True,True,extraction,
dgs5,5548,2022-03-09,5036,5547,512,-4.0000000000000036,linear,46,13,59,46,0,46,0.1,0.08984375,0.08984375,2.0000000000000018,2.0000000000000016e-06,mle,-0.07763237099920925,4.922904314078212,ok,True,True,extraction,
dgs5,5549,2022-03-10,5037,5548,512,-4.0000000000000036,linear,45,13,58,45,0,45,0.1,0.087890625,0.087890625,2.0000000000000018,2.0000000000000016e-06,mle,-0.06216736207068039,4.84116766849278,ok,True,True,extraction,
dgs5,5550,2022-03-11,5038,5549,512,-4.0000000000000036,linear,44,13,57,44,0,44,0.1,0.0859375,0.0859375,2.0000000000000018,2.0000000000000016e-06,mle,-0.08155174437597595,5.018484475268403,ok,True,True,extraction,
dgs5,5551,2022-03-14,5039,5550,512,-4.0000000000000036,linear,44,13,57,44,0,44,0.1,0.0859375,0.0859375,2.0000000000000018,2.0000000000000016e-06,mle,-0.08155174437597595,5.018484475268403,ok,True,True,extraction,
dgs5,5552,2022-03-15,5040,5551,512,-4.0000000000000036,linear,44,13,57,44,0,44,0.1,0.0859375,0.0859375,2.0000000000000018,2.0000000000000016e-06,mle,-0.08155174437597595,5.018484475268403,ok,True,True,extraction,
dgs5,5553,2022-03-16,5041,5552,512,-4.0000000000000036,linear,43,13,56,43,0,43,0.1,0.083984375,0.083984375,2.0000000000000018,2.0000000000000016e-06,mle,-0.13462422589533632,4.916035009893641,ok,True,True,extraction,
dgs5,5554,2022-03-17,5042,5553,512,-4.0000000000000036,linear,43,13,56,43,0,43,0.1,0.083984375,0.083984375,2.0000000000000018,2.0000000000000016e-06,mle,-0.13462422589533632,4.916035009893641,ok,True,True,extraction,
dgs5,5555,2022-03-18,5043,5554,512,-4.0000000000000036,linear,42,13,55,42,0,42,0.1,0.08203125,0.08203125,2.0000000000000018,2.0000000000000016e-06,mle,-0.10743213064043765,4.725494918764472,ok,True,True,extraction,
dgs5,5556,2022-03-21,5044,5555,512,-4.0000000000000036,linear,42,13,55,42,0,42,0.1,0.08203125,0.08203125,2.0000000000000018,2.0000000000000016e-06,mle,-0.10743213064043765,4.725494918764472,ok,True,True,extraction,
dgs5,5557,2022-03-22,5045,5556,512,-4.0000000000000036,linear,41,13,54,41,0,41,0.1,0.080078125,0.080078125,2.0000000000000018,2.0000000000000016e-06,mle,-0.09717565410414647,4.688449419769835,ok,True,True,extraction,
dgs5,5558,2022-03-23,5046,5557,512,-4.0000000000000036,linear,40,13,53,40,0,40,0.1,0.078125,0.078125,2.0000000000000018,2.0000000000000016e-06,mle,-0.0770456718567393,4.5813231818153355,ok,True,True,extraction,
dgs5,5559,2022-03-24,5047,5558,512,-4.0000000000000036,linear,40,13,53,40,0,40,0.1,0.078125,0.078125,2.0000000000000018,2.0000000000000016e-06,mle,-0.01928364129206387,4.1538163625884685,ok,True,True,extraction,
dgs5,5560,2022-03-25,5048,5559,512,-4.0000000000000036,linear,40,13,53,40,0,40,0.1,0.078125,0.078125,2.0000000000000018,2.0000000000000016e-06,mle,-0.01928364129206387,4.1538163625884685,ok,True,True,extraction,
dgs5,5561,2022-03-28,5049,5560,512,-4.0000000000000036,linear,40,13,53,40,0,40,0.1,0.078125,0.078125,2.0000000000000018,2.0000000000000016e-06,mle,-0.01928364129206387,4.1538163625884685,ok,True,True,extraction,
dgs5,5562,2022-03-29,5050,5561,512,-4.0000000000000036,linear,40,13,53,40,0,40,0.1,0.078125,0.078125,2.0000000000000018,2.0000000000000016e-06,mle,-0.01928364129206387,4.1538163625884685,ok,True,True,extraction,
dgs5,5563,2022-03-30,5051,5562,512,-4.0000000000000036,linear,41,13,54,41,0,41,0.1,0.080078125,0.080078125,2.0000000000000018,2.0000000000000016e-06,mle,-5.179397037779666e-07,3.9999906689093554,ok,True,True,extraction,
dgs5,5564,2022-03-31,5052,5563,512,-4.0000000000000036,linear,41,13,54,41,0,41,0.1,0.080078125,0.080078125,2.0000000000000018,2.0000000000000016e-06,mle,-0.06632217893881986,3.851799980056586,ok,True,True,extraction,
dgs5,5565,2022-04-01,5053,5564,512,-4.0000000000000036,linear,41,13,54,41,0,41,0.1,0.080078125,0.080078125,2.0000000000000018,2.0000000000000016e-06,mle,-0.06632217893881986,3.851799980056586,ok,True,True,extraction,
dgs5,5566,2022-04-04,5054,5565,512,-4.0000000000000036,linear,41,13,54,41,0,41,0.1,0.080078125,0.080078125,2.0000000000000018,2.0000000000000016e-06,mle,-0.06632217893881986,3.851799980056586,ok,True,True,extraction,
dgs5,5567,2022-04-05,5055,5566,512,-4.0000000000000036,linear,40,13,53,40,0,40,0.1,0.078125,0.078125,2.0000000000000018,2.0000000000000016e-06,mle,-0.0335754399415797,3.5922177641071813,ok,True,True,extraction,
dgs5,5568,2022-04-06,5056,5567,512,-4.000000000000003,linear,52,0,52,52,13,39,0.1,0.1015625,0.076171875,2.0000000000000018,2.0000000000000016e-06,mle,-0.01475564749613695,3.3565800027035935,ok,True,True,extraction,
dgs5,5569,2022-04-07,5057,5568,512,-3.9999999999999982,linear,51,2,53,51,13,38,0.1,0.099609375,0.07421875,2.0000000000000018,2.0000000000000016e-06,mle,-0.003224619686779198,3.1416911866077735,ok,True,True,extraction,
dgs5,5570,2022-04-08,5058,5569,512,-3.9999999999999982,linear,51,2,53,51,13,38,0.1,0.099609375,0.07421875,2.0000000000000018,2.0000000000000016e-06,mle,-0.003224619686779198,3.1416911866077735,ok,True,True,extraction,
dgs5,5571,2022-04-11,5059,5570,512,-3.9999999999999982,linear,51,2,53,51,13,38,0.1,0.099609375,0.07421875,2.0000000000000018,2.0000000000000016e-06,mle,-0.003224619686779198,3.1416911866077735,ok,True,True,extraction,
dgs5,5572,2022-04-12,5060,5571,512,-3.999999999999998,linear,52,0,52,52,15,37,0.1,0.1015625,0.072265625,2.0000000000000018,2.0000000000000016e-06,mle,-0.014969337253144603,3.2369517917154225,ok,True,True,extraction,
dgs5,5573,2022-04-13,5061,5572,512,-3.999999999999998,linear,52,0,52,52,15,37,0.1,0.1015625,0.072265625,2.0000000000000018,2.0000000000000016e-06,mle,-0.006467425810855332,3.2914125637121785,ok,True,True,extraction,
dgs5,5574,2022-04-14,5062,5573,512,-3.999999999999998,linear,52,0,52,52,15,37,0.1,0.1015625,0.072265625,2.0000000000000018,2.0000000000000016e-06,mle,-0.006467425810855332,3.2914125637121785,ok,True,True,extraction,
dgs5,5575,2022-04-18,5063,5574,512,-3.999999999999998,linear,52,0,52,52,15,37,0.1,0.1015625,0.072265625,2.0000000000000018,2.0000000000000016e-06,mle,-0.006467425810855332,3.2914125637121785,ok,True,True,extraction,
dgs5,5576,2022-04-19,5064,5575,512,-3.999999999999998,linear,52,0,52,52,15,37,0.1,0.1015625,0.072265625,2.0000000000000018,2.0000000000000016e-06,mle,-0.006467425810855332,3.2914125637121785,ok,True,True,extraction,
dgs5,5577,2022-04-20,5065,5576,512,-3.999999999999998,linear,52,0,52,52,15,37,0.1,0.1015625,0.072265625,2.0000000000000018,2.0000000000000016e-06,mle,-0.006467425810855332,3.2914125637121785,ok,True,True,extraction,
dgs5,5578,2022-04-21,5066,5577,512,-3.9999999999999982,linear,51,2,53,51,14,37,0.1,0.099609375,0.072265625,2.0000000000000018,2.0000000000000016e-06,mle,-0.006467425810855332,3.2914125637121785,ok,True,True,extraction,
dgs5,5579,2022-04-22,5067,5578,512,-3.9999999999999982,linear,51,2,53,51,14,37,0.1,0.099609375,0.072265625,2.0000000000000018,2.0000000000000016e-06,mle,-0.006467425810855332,3.2914125637121785,ok,True,True,extraction,
dgs5,5580,2022-04-25,5068,5579,512,-3.9999999999999982,linear,51,2,53,51,14,37,0.1,0.099609375,0.072265625,2.0000000000000018,2.0000000000000016e-06,mle,-0.006467425810855332,3.2914125637121785,ok,True,True,extraction,
dgs5,5581,2022-04-26,5069,5580,512,-4.000000000000003,linear,52,0,52,52,14,38,0.1,0.1015625,0.07421875,2.0000000000000018,2.0000000000000016e-06,mle,-0.03723247482914681,3.4668943182346394,ok,True,True,extraction,
dgs5,5582,2022-04-27,5070,5581,512,-4.000000000000003,linear,52,0,52,52,14,38,0.1,0.1015625,0.07421875,2.0000000000000018,2.0000000000000016e-06,mle,-0.022981424636657317,3.3921539907986977,ok,True,True,extraction,
dgs5,5583,2022-04-28,5071,5582,512,-4.000000000000003,linear,52,0,52,52,14,38,0.1,0.1015625,0.07421875,2.0000000000000018,2.0000000000000016e-06,mle,-0.022981424636657317,3.3921539907986977,ok,True,True,extraction,
dgs5,5584,2022-04-29,5072,5583,512,-4.000000000000003,linear,52,0,52,52,14,38,0.1,0.1015625,0.07421875,2.0000000000000018,2.0000000000000016e-06,mle,-0.022981424636657317,3.3921539907986977,ok,True,True,extraction,
dgs5,5585,2022-05-02,5073,5584,512,-3.9999999999999982,linear,51,2,53,51,14,37,0.1,0.099609375,0.072265625,2.0000000000000018,2.0000000000000016e-06,mle,-0.0008366055232096346,3.300080367562093,ok,True,True,extraction,
dgs5,5586,2022-05-03,5074,5585,512,-3.9999999999999982,linear,51,2,53,51,14,37,0.1,0.099609375,0.072265625,2.0000000000000018,2.0000000000000016e-06,mle,-0.0008366055232096346,3.300080367562093,ok,True,True,extraction,
dgs5,5587,2022-05-04,5075,5586,512,-3.9999999999999982,linear,51,2,53,51,14,37,0.1,0.099609375,0.072265625,2.0000000000000018,2.0000000000000016e-06,mle,-0.0008366055232096346,3.300080367562093,ok,True,True,extraction,
dgs5,5588,2022-05-05,5076,5587,512,-4.000000000000003,linear,52,0,52,52,14,38,0.1,0.1015625,0.07421875,2.0000000000000018,2.0000000000000016e-06,mle,-0.022981424636657317,3.3921539907986977,ok,True,True,extraction,
dgs5,5589,2022-05-06,5077,5588,512,-4.000000000000003,linear,52,0,52,52,14,38,0.1,0.1015625,0.07421875,2.0000000000000018,2.0000000000000016e-06,mle,-0.022981424636657317,3.3921539907986977,ok,True,True,extraction,
dgs5,5590,2022-05-09,5078,5589,512,-4.000000000000003,linear,52,0,52,52,14,38,0.1,0.1015625,0.07421875,2.0000000000000018,2.0000000000000016e-06,mle,-0.022981424636657317,3.3921539907986977,ok,True,True,extraction,
dgs5,5591,2022-05-10,5079,5590,512,-4.0000000000000036,linear,39,14,53,39,0,39,0.1,0.076171875,0.076171875,2.0000000000000018,2.0000000000000016e-06,mle,-0.05583151741045592,3.6017254783206214,ok,True,True,extraction,
dgs5,5592,2022-05-11,5080,5591,512,-4.0000000000000036,linear,39,15,54,39,0,39,0.1,0.076171875,0.076171875,2.0000000000000018,2.0000000000000016e-06,mle,-0.05583151741045592,3.6017254783206214,ok,True,True,extraction,
dgs5,5593,2022-05-12,5081,5592,512,-4.0000000000000036,linear,39,15,54,39,0,39,0.1,0.076171875,0.076171875,2.0000000000000018,2.0000000000000016e-06,mle,-0.05583151741045592,3.6017254783206214,ok,True,True,extraction,
dgs5,5594,2022-05-13,5082,5593,512,-4.0000000000000036,linear,40,15,55,40,0,40,0.1,0.078125,0.078125,2.0000000000000018,2.0000000000000016e-06,mle,-0.07439481333078446,3.681302440893092,ok,True,True,extraction,
dgs5,5595,2022-05-16,5083,5594,512,-4.0000000000000036,linear,40,15,55,40,0,40,0.1,0.078125,0.078125,2.0000000000000018,2.0000000000000016e-06,mle,-0.07439481333078446,3.681302440893092,ok,True,True,extraction,
dgs5,5596,2022-05-17,5084,5595,512,-4.0000000000000036,linear,41,15,56,41,0,41,0.1,0.080078125,0.080078125,2.0000000000000018,2.0000000000000016e-06,mle,-0.07193264060585769,3.6353289874697756,ok,True,True,extraction,
dgs5,5597,2022-05-18,5085,5596,512,-4.0000000000000036,linear,41,15,56,41,0,41,0.1,0.080078125,0.080078125,2.0000000000000018,2.0000000000000016e-06,mle,-0.07193264060585769,3.6353289874697756,ok,True,True,extraction,
dgs5,5598,2022-05-19,5086,5597,512,-4.0000000000000036,linear,42,15,57,42,0,42,0.1,0.08203125,0.08203125,2.0000000000000018,2.0000000000000016e-06,mle,-0.07991491730054673,3.652237894949676,ok,True,True,extraction,
dgs5,5599,2022-05-20,5087,5598,512,-4.0000000000000036,linear,43,15,58,43,0,43,0.1,0.083984375,0.083984375,2.0000000000000018,2.0000000000000016e-06,mle,-0.06649057620292592,3.547432389363454,ok,True,True,extraction,
dgs5,5600,2022-05-23,5088,5599,512,-4.0000000000000036,linear,43,16,59,43,0,43,0.1,0.083984375,0.083984375,2.0000000000000018,2.0000000000000016e-06,mle,-0.06649057620292592,3.547432389363454,ok,True,True,extraction,
dgs5,5601,2022-05-24,5089,5600,512,-4.0000000000000036,linear,42,16,58,42,0,42,0.1,0.08203125,0.08203125,2.0000000000000018,2.0000000000000016e-06,mle,-0.049417890456184166,3.4736153974508017,ok,True,True,extraction,
dgs5,5602,2022-05-25,5090,5601,512,-4.0000000000000036,linear,43,16,59,43,0,43,0.1,0.083984375,0.083984375,2.0000000000000018,2.0000000000000016e-06,mle,-0.07787304621911467,3.68675560598879,ok,True,True,extraction,
dgs5,5603,2022-05-26,5091,5602,512,-4.0000000000000036,linear,44,16,60,44,0,44,0.1,0.0859375,0.0859375,2.0000000000000018,2.0000000000000016e-06,mle,-0.06338882100460139,3.5781245199823513,ok,True,True,extraction,
dgs5,5604,2022-05-27,5092,5603,512,-4.0000000000000036,linear,44,16,60,44,0,44,0.1,0.0859375,0.0859375,2.0000000000000018,2.0000000000000016e-06,mle,-0.06338882100460139,3.5781245199823513,ok,True,True,extraction,
dgs5,5605,2022-05-31,5093,5604,512,-4.0000000000000036,linear,44,16,60,44,0,44,0.1,0.0859375,0.0859375,2.0000000000000018,2.0000000000000016e-06,mle,-0.06338882100460139,3.5781245199823513,ok,True,True,extraction,
dgs5,5606,2022-06-01,5094,5605,512,-4.0000000000000036,linear,44,16,60,44,0,44,0.1,0.0859375,0.0859375,2.0000000000000018,2.0000000000000016e-06,mle,-0.06338882100460139,3.5781245199823513,ok,True,True,extraction,
dgs5,5607,2022-06-02,5095,5606,512,-4.0000000000000036,linear,44,16,60,44,0,44,0.1,0.0859375,0.0859375,2.0000000000000018,2.0000000000000016e-06,mle,-0.06338882100460139,3.5781245199823513,ok,True,True,extraction,
dgs5,5608,2022-06-03,5096,5607,512,-4.0000000000000036,linear,44,16,60,44,0,44,0.1,0.0859375,0.0859375,2.0000000000000018,2.0000000000000016e-06,mle,-0.06338882100460139,3.5781245199823513,ok,True,True,extraction,
dgs5,5609,2022-06-06,5097,5608,512,-4.0000000000000036,linear,44,16,60,44,0,44,0.1,0.0859375,0.0859375,2.0000000000000018,2.0000000000000016e-06,mle,-0.06338882100460139,3.5781245199823513,ok,True,True,extraction,
dgs5,5610,2022-06-07,5098,5609,512,-4.0000000000000036,linear,44,16,60,44,0,44,0.1,0.0859375,0.0859375,2.0000000000000018,2.0000000000000016e-06,mle,-0.06338882100460139,3.5781245199823513,ok,True,True,extraction,
dgs5,5611,2022-06-08,5099,5610,512,-4.0000000000000036,linear,44,16,60,44,0,44,0.1,0.0859375,0.0859375,2.0000000000000018,2.0000000000000016e-06,mle,-0.06338882100460139,3.5781245199823513,ok,True,True,extraction,
dgs5,5612,2022-06-09,5100,5611,512,-4.0000000000000036,linear,44,16,60,44,0,44,0.1,0.0859375,0.0859375,2.0000000000000018,2.0000000000000016e-06,mle,-0.06338882100460139,3.5781245199823513,ok,True,True,extraction,
dgs5,5613,2022-06-10,5101,5612,512,-4.0000000000000036,linear,44,16,60,44,0,44,0.1,0.0859375,0.0859375,2.0000000000000018,2.0000000000000016e-06,mle,-0.06338882100460139,3.5781245199823513,ok,True,True,extraction,
dgs5,5614,2022-06-13,5102,5613,512,-4.0000000000000036,linear,44,16,60,44,0,44,0.1,0.0859375,0.0859375,2.0000000000000018,2.0000000000000016e-06,mle,-0.06338882100460139,3.5781245199823513,ok,True,True,extraction,
dgs5,5615,2022-06-14,5103,5614,512,-4.0000000000000036,linear,44,16,60,44,0,44,0.1,0.0859375,0.0859375,2.0000000000000018,2.0000000000000016e-06,mle,-0.06338882100460139,3.5781245199823513,ok,True,True,extraction,
dgs5,5616,2022-06-15,5104,5615,512,-4.0000000000000036,linear,44,15,59,44,0,44,0.1,0.0859375,0.0859375,2.0000000000000018,2.0000000000000016e-06,mle,-0.06338882100460139,3.5781245199823513,ok,True,True,extraction,
dgs5,5617,2022-06-16,5105,5616,512,-4.0000000000000036,linear,45,15,60,45,0,45,0.1,0.087890625,0.087890625,2.0000000000000018,2.0000000000000016e-06,mle,0.057929653714935816,3.496817527820509,ok,True,True,extraction,
dgs5,5618,2022-06-17,5106,5617,512,-4.0000000000000036,linear,45,15,60,45,0,45,0.1,0.087890625,0.087890625,2.0000000000000018,2.0000000000000016e-06,mle,0.057929653714935816,3.496817527820509,ok,True,True,extraction,
dgs5,5619,2022-06-21,5107,5618,512,-4.0000000000000036,linear,45,15,60,45,0,45,0.1,0.087890625,0.087890625,2.0000000000000018,2.0000000000000016e-06,mle,0.057929653714935816,3.496817527820509,ok,True,True,extraction,
dgs5,5620,2022-06-22,5108,5619,512,-4.0000000000000036,linear,45,15,60,45,0,45,0.1,0.087890625,0.087890625,2.0000000000000018,2.0000000000000016e-06,mle,0.057929653714935816,3.496817527820509,ok,True,True,extraction,
dgs5,5621,2022-06-23,5109,5620,512,-4.0000000000000036,linear,46,15,61,46,0,46,0.1,0.08984375,0.08984375,2.0000000000000018,2.0000000000000016e-06,mle,0.05078261450404749,3.694727357537915,ok,True,True,extraction,
dgs5,5622,2022-06-24,5110,5621,512,-4.0000000000000036,linear,47,15,62,47,0,47,0.1,0.091796875,0.091796875,2.0000000000000018,2.0000000000000016e-06,mle,0.03559332321441791,3.7554435610429646,ok,True,True,extraction,
dgs5,5623,2022-06-27,5111,5622,512,-4.0000000000000036,linear,46,15,61,46,0,46,0.1,0.08984375,0.08984375,2.0000000000000018,2.0000000000000016e-06,mle,0.0225929651586678,3.867322388287981,ok,True,True,extraction,
dgs5,5624,2022-06-28,5112,5623,512,-4.0000000000000036,linear,45,15,60,45,0,45,0.1,0.087890625,0.087890625,2.0000000000000018,2.0000000000000016e-06,mle,0.029569261541373622,3.8604883797134666,ok,True,True,extraction,
dgs5,5625,2022-06-29,5113,5624,512,-4.0000000000000036,linear,45,15,60,45,0,45,0.1,0.087890625,0.087890625,2.0000000000000018,2.0000000000000016e-06,mle,0.029569261541373622,3.8604883797134666,ok,True,True,extraction,
dgs5,5626,2022-06-30,5114,5625,512,-4.0000000000000036,linear,46,15,61,46,0,46,0.1,0.08984375,0.08984375,2.0000000000000018,2.0000000000000016e-06,mle,0.00563877516084242,3.9990283530755497,ok,True,True,extraction,
dgs5,5627,2022-07-01,5115,5626,512,-4.0000000000000036,linear,47,15,62,47,0,47,0.1,0.091796875,0.091796875,2.0000000000000018,2.0000000000000016e-06,mle,-0.018754140844955344,4.226884159914322,ok,True,True,extraction,
dgs5,5628,2022-07-05,5116,5627,512,-4.0000000000000036,linear,48,15,63,48,0,48,0.1,0.09375,0.09375,2.0000000000000018,2.0000000000000016e-06,mle,-0.04627860081639344,4.44774733178823,ok,True,True,extraction,
dgs5,5629,2022-07-06,5117,5628,512,-4.0000000000000036,linear,49,15,64,49,0,49,0.1,0.095703125,0.095703125,2.0000000000000018,2.0000000000000016e-06,mle,-0.04068292996036327,4.375880692357952,ok,True,True,extraction,
dgs5,5630,2022-07-07,5118,5629,512,-4.0000000000000036,linear,49,15,64,49,0,49,0.1,0.095703125,0.095703125,2.0000000000000018,2.0000000000000016e-06,mle,-0.04068292996036327,4.375880692357952,ok,True,True,extraction,
dgs5,5631,2022-07-08,5119,5630,512,-4.0000000000000036,linear,49,15,64,49,0,49,0.1,0.095703125,0.095703125,2.0000000000000018,2.0000000000000016e-06,mle,-0.04068292996036327,4.375880692357952,ok,True,True,extraction,
dgs5,5632,2022-07-11,5120,5631,512,-4.0000000000000036,linear,49,15,64,49,0,49,0.1,0.095703125,0.095703125,2.0000000000000018,2.0000000000000016e-06,mle,-0.04068292996036327,4.375880692357952,ok,True,True,extraction,
dgs5,5633,2022-07-12,5121,5632,512,-4.0000000000000036,linear,50,15,65,50,0,50,0.1,0.09765625,0.09765625,2.0000000000000018,2.0000000000000016e-06,mle,-0.050684211819279554,4.413892046306482,ok,True,True,extraction,
dgs5,5634,2022-07-13,5122,5633,512,-4.0000000000000036,linear,50,16,66,50,0,50,0.1,0.09765625,0.09765625,2.0000000000000018,2.0000000000000016e-06,mle,-0.050684211819279554,4.413892046306482,ok,True,True,extraction,
dgs5,5635,2022-07-14,5123,5634,512,-4.0000000000000036,linear,50,16,66,50,0,50,0.1,0.09765625,0.09765625,2.0000000000000018,2.0000000000000016e-06,mle,-0.050684211819279554,4.413892046306482,ok,True,True,extraction,
dgs5,5636,2022-07-15,5124,5635,512,-4.0000000000000036,linear,50,16,66,50,0,50,0.1,0.09765625,0.09765625,2.0000000000000018,2.0000000000000016e-06,mle,-0.050684211819279554,4.413892046306482,ok,True,True,extraction,
dgs5,5637,2022-07-18,5125,5636,512,-4.0000000000000036,linear,50,16,66,50,0,50,0.1,0.09765625,0.09765625,2.0000000000000018,2.0000000000000016e-06,mle,-0.050684211819279554,4.413892046306482,ok,True,True,extraction,
dgs5,5638,2022-07-19,5126,5637,512,-4.0000000000000036,linear,50,16,66,50,0,50,0.1,0.09765625,0.09765625,2.0000000000000018,2.0000000000000016e-06,mle,-0.050684211819279554,4.413892046306482,ok,True,True,extraction,
dgs5,5639,2022-07-20,5127,5638,512,-4.0000000000000036,linear,50,16,66,50,0,50,0.1,0.09765625,0.09765625,2.0000000000000018,2.0000000000000016e-06,mle,-0.050684211819279554,4.413892046306482,ok,True,True,extraction,
dgs5,5640,2022-07-21,5128,5639,512,-4.0000000000000036,linear,50,16,66,50,0,50,0.1,0.09765625,0.09765625,2.0000000000000018,2.0000000000000016e-06,mle,-0.050684211819279554,4.413892046306482,ok,True,True,extraction,
dgs5,5641,2022-07-22,5129,5640,512,-4.0000000000000036,linear,51,16,67,51,0,51,0.1,0.099609375,0.099609375,2.0000000000000018,2.0000000000000016e-06,mle,-0.05660753453779688,4.642686664959481,ok,True,True,extraction,
dgs5,5642,2022-07-25,5130,5641,512,-4.899999999999983,linear,52,0,52,52,0,52,0.1,0.1015625,0.1015625,2.0000000000000018,2.0000000000000016e-06,mle,0.7432620948634332,1.61654990236678,ok,True,True,extraction,
dgs5,5643,2022-07-26,5131,5642,512,-4.899999999999983,linear,52,0,52,52,0,52,0.1,0.1015625,0.1015625,2.0000000000000018,2.0000000000000016e-06,mle,0.7432620948634332,1.61654990236678,ok,True,True,extraction,
dgs5,5644,2022-07-27,5132,5643,512,-4.899999999999983,linear,52,0,52,52,0,52,0.1,0.1015625,0.1015625,2.0000000000000018,2.0000000000000016e-06,mle,0.7432620948634332,1.61654990236678,ok,True,True,extraction,
dgs5,5645,2022-07-28,5133,5644,512,-4.999999999999982,linear,46,7,53,46,10,36,0.1,0.08984375,0.0703125,2.0000000000000018,2.0000000000000016e-06,mle,-0.25006313639084,6.369639720653715,ok,True,True,extraction,
dgs5,5646,2022-07-29,5134,5645,512,-4.999999999999982,linear,47,7,54,47,10,37,0.1,0.091796875,0.072265625,2.0000000000000018,2.0000000000000016e-06,mle,-0.27161576283749994,6.573637845418577,ok,True,True,extraction,
dgs5,5647,2022-08-01,5135,5646,512,-4.999999999999982,linear,47,7,54,47,10,37,0.1,0.091796875,0.072265625,2.0000000000000018,2.0000000000000016e-06,mle,-0.27161576283749994,6.573637845418577,ok,True,True,extraction,
dgs5,5648,2022-08-02,5136,5647,512,-4.999999999999982,linear,47,7,54,47,10,37,0.1,0.091796875,0.072265625,2.0000000000000018,2.0000000000000016e-06,mle,-0.27161576283749994,6.573637845418577,ok,True,True,extraction,
dgs5,5649,2022-08-03,5137,5648,512,-4.999999999999982,linear,47,7,54,47,10,37,0.1,0.091796875,0.072265625,2.0000000000000018,2.0000000000000016e-06,mle,-0.27161576283749994,6.573637845418577,ok,True,True,extraction,
dgs5,5650,2022-08-04,5138,5649,512,-4.999999999999982,linear,47,7,54,47,10,37,0.1,0.091796875,0.072265625,2.0000000000000018,2.0000000000000016e-06,mle,-0.27161576283749994,6.573637845418577,ok,True,True,extraction,
dgs5,5651,2022-08-05,5139,5650,512,-4.999999999999982,linear,48,7,55,48,10,38,0.1,0.09375,0.07421875,2.0000000000000018,2.0000000000000016e-06,mle,-0.2752700170124966,6.5788569612662,ok,True,True,extraction,
dgs5,5652,2022-08-08,5140,5651,512,-4.999999999999982,linear,48,7,55,48,10,38,0.1,0.09375,0.07421875,2.0000000000000018,2.0000000000000016e-06,mle,-0.2752700170124966,6.5788569612662,ok,True,True,extraction,
dgs5,5653,2022-08-09,5141,5652,512,-4.999999999999982,linear,49,7,56,49,10,39,0.1,0.095703125,0.076171875,2.0000000000000018,2.0000000000000016e-06,mle,-0.25660755013208325,6.35435649671664,ok,True,True,extraction,
dgs5,5654,2022-08-10,5142,5653,512,-4.999999999999982,linear,49,7,56,49,10,39,0.1,0.095703125,0.076171875,2.0000000000000018,2.0000000000000016e-06,mle,-0.25660755013208325,6.35435649671664,ok,True,True,extraction,
dgs5,5655,2022-08-11,5143,5654,512,-4.999999999999982,linear,49,7,56,49,10,39,0.1,0.095703125,0.076171875,2.0000000000000018,2.0000000000000016e-06,mle,-0.25660755013208325,6.35435649671664,ok,True,True,extraction,
dgs5,5656,2022-08-12,5144,5655,512,-4.999999999999982,linear,49,7,56,49,10,39,0.1,0.095703125,0.076171875,2.0000000000000018,2.0000000000000016e-06,mle,-0.25660755013208325,6.35435649671664,ok,True,True,extraction,
dgs5,5657,2022-08-15,5145,5656,512,-4.999999999999982,linear,49,7,56,49,10,39,0.1,0.095703125,0.076171875,2.0000000000000018,2.0000000000000016e-06,mle,-0.25660755013208325,6.35435649671664,ok,True,True,extraction,
dgs5,5658,2022-08-16,5146,5657,512,-4.999999999999982,linear,50,7,57,50,10,40,0.1,0.09765625,0.078125,2.0000000000000018,2.0000000000000016e-06,mle,-0.2381201799780642,6.139292031252113,ok,True,True,extraction,
dgs5,5659,2022-08-17,5147,5658,512,-4.999999999999982,linear,50,7,57,50,10,40,0.1,0.09765625,0.078125,2.0000000000000018,2.0000000000000016e-06,mle,-0.2381201799780642,6.139292031252113,ok,True,True,extraction,
dgs5,5660,2022-08-18,5148,5659,512,-4.999999999999982,linear,50,7,57,50,10,40,0.1,0.09765625,0.078125,2.0000000000000018,2.0000000000000016e-06,mle,-0.2381201799780642,6.139292031252113,ok,True,True,extraction,
dgs5,5661,2022-08-19,5149,5660,512,-4.999999999999982,linear,50,7,57,50,10,40,0.1,0.09765625,0.078125,2.0000000000000018,2.0000000000000016e-06,mle,-0.2381201799780642,6.139292031252113,ok,True,True,extraction,
dgs5,5662,2022-08-22,5150,5661,512,-4.999999999999982,linear,50,7,57,50,10,40,0.1,0.09765625,0.078125,2.0000000000000018,2.0000000000000016e-06,mle,-0.2381201799780642,6.139292031252113,ok,True,True,extraction,
dgs5,5663,2022-08-23,5151,5662,512,-4.999999999999982,linear,50,7,57,50,10,40,0.1,0.09765625,0.078125,2.0000000000000018,2.0000000000000016e-06,mle,-0.2381201799780642,6.139292031252113,ok,True,True,extraction,
dgs5,5664,2022-08-24,5152,5663,512,-4.999999999999982,linear,50,7,57,50,10,40,0.1,0.09765625,0.078125,2.0000000000000018,2.0000000000000016e-06,mle,-0.2381201799780642,6.139292031252113,ok,True,True,extraction,
dgs5,5665,2022-08-25,5153,5664,512,-4.999999999999982,linear,50,7,57,50,10,40,0.1,0.09765625,0.078125,2.0000000000000018,2.0000000000000016e-06,mle,-0.2381201799780642,6.139292031252113,ok,True,True,extraction,
dgs5,5666,2022-08-26,5154,5665,512,-4.999999999999982,linear,51,7,58,51,11,40,0.1,0.099609375,0.078125,2.0000000000000018,2.0000000000000016e-06,mle,-0.2381201799780642,6.139292031252113,ok,True,True,extraction,
dgs5,5667,2022-08-29,5155,5666,512,-4.999999999999982,linear,51,7,58,51,11,40,0.1,0.099609375,0.078125,2.0000000000000018,2.0000000000000016e-06,mle,-0.2381201799780642,6.139292031252113,ok,True,True,extraction,
dgs5,5668,2022-08-30,5156,5667,512,-4.999999999999982,linear,51,7,58,51,11,40,0.1,0.099609375,0.078125,2.0000000000000018,2.0000000000000016e-06,mle,-0.2381201799780642,6.139292031252113,ok,True,True,extraction,
dgs5,5669,2022-08-31,5157,5668,512,-4.999999999999982,linear,51,7,58,51,11,40,0.1,0.099609375,0.078125,2.0000000000000018,2.0000000000000016e-06,mle,-0.2381201799780642,6.139292031252113,ok,True,True,extraction,
dgs5,5670,2022-09-01,5158,5669,512,-4.999999999999982,linear,51,7,58,51,11,40,0.1,0.099609375,0.078125,2.0000000000000018,2.0000000000000016e-06,mle,-0.2381201799780642,6.139292031252113,ok,True,True,extraction,
dgs5,5671,2022-09-02,5159,5670,512,-4.999999999999982,linear,51,7,58,51,11,40,0.1,0.099609375,0.078125,2.0000000000000018,2.0000000000000016e-06,mle,-0.2381201799780642,6.139292031252113,ok,True,True,extraction,
dgs5,5672,2022-09-06,5160,5671,512,-4.999999999999992,linear,52,0,52,52,11,41,0.1,0.1015625,0.080078125,2.0000000000000018,2.0000000000000016e-06,mle,-0.23816259278424112,6.106181690270649,ok,True,True,extraction,
dgs5,5673,2022-09-07,5161,5672,512,-4.999999999999992,linear,52,0,52,52,11,41,0.1,0.1015625,0.080078125,2.0000000000000018,2.0000000000000016e-06,mle,-0.23816259278424112,6.106181690270649,ok,True,True,extraction,
dgs5,5674,2022-09-08,5162,5673,512,-4.999999999999993,linear,49,4,53,49,7,42,0.1,0.095703125,0.08203125,2.0000000000000018,2.0000000000000016e-06,mle,-0.22081656802712962,5.9093292425651125,ok,True,True,extraction,
dgs5,5675,2022-09-09,5163,5674,512,-4.999999999999993,linear,49,4,53,49,7,42,0.1,0.095703125,0.08203125,2.0000000000000018,2.0000000000000016e-06,mle,-0.22081656802712962,5.9093292425651125,ok,True,True,extraction,
dgs5,5676,2022-09-12,5164,5675,512,-4.999999999999993,linear,49,4,53,49,7,42,0.1,0.095703125,0.08203125,2.0000000000000018,2.0000000000000016e-06,mle,-0.22081656802712962,5.9093292425651125,ok,True,True,extraction,
dgs5,5677,2022-09-13,5165,5676,512,-4.999999999999993,linear,49,4,53,49,7,42,0.1,0.095703125,0.08203125,2.0000000000000018,2.0000000000000016e-06,mle,-0.22081656802712962,5.9093292425651125,ok,True,True,extraction,
dgs5,5678,2022-09-14,5166,5677,512,-4.999999999999993,linear,49,4,53,49,7,42,0.1,0.095703125,0.08203125,2.0000000000000018,2.0000000000000016e-06,mle,-0.22081656802712962,5.9093292425651125,ok,True,True,extraction,
dgs5,5679,2022-09-15,5167,5678,512,-4.999999999999993,linear,49,4,53,49,7,42,0.1,0.095703125,0.08203125,2.0000000000000018,2.0000000000000016e-06,mle,-0.22081656802712962,5.9093292425651125,ok,True,True,extraction,
dgs5,5680,2022-09-16,5168,5679,512,-4.999999999999993,linear,49,4,53,49,7,42,0.1,0.095703125,0.08203125,2.0000000000000018,2.0000000000000016e-06,mle,-0.22081656802712962,5.9093292425651125,ok,True,True,extraction,
dgs5,5681,2022-09-19,5169,5680,512,-4.999999999999993,linear,49,4,53,49,7,42,0.1,0.095703125,0.08203125,2.0000000000000018,2.0000000000000016e-06,mle,-0.22081656802712962,5.9093292425651125,ok,True,True,extraction,
dgs5,5682,2022-09-20,5170,5681,512,-4.999999999999993,linear,49,4,53,49,7,42,0.1,0.095703125,0.08203125,2.0000000000000018,2.0000000000000016e-06,mle,-0.22081656802712962,5.9093292425651125,ok,True,True,extraction,
dgs5,5683,2022-09-21,5171,5682,512,-4.999999999999993,linear,49,4,53,49,7,42,0.1,0.095703125,0.08203125,2.0000000000000018,2.0000000000000016e-06,mle,-0.22081656802712962,5.9093292425651125,ok,True,True,extraction,
dgs5,5684,2022-09-22,5172,5683,512,-4.999999999999993,linear,49,4,53,49,7,42,0.1,0.095703125,0.08203125,2.0000000000000018,2.0000000000000016e-06,mle,-0.22081656802712962,5.9093292425651125,ok,True,True,extraction,
dgs5,5685,2022-09-23,5173,5684,512,-4.999999999999993,linear,49,4,53,49,7,42,0.1,0.095703125,0.08203125,2.0000000000000018,2.0000000000000016e-06,mle,-0.22081656802712962,5.9093292425651125,ok,True,True,extraction,
dgs5,5686,2022-09-26,5174,5685,512,-4.999999999999993,linear,49,4,53,49,7,42,0.1,0.095703125,0.08203125,2.0000000000000018,2.0000000000000016e-06,mle,-0.22081656802712962,5.9093292425651125,ok,True,True,extraction,
dgs5,5687,2022-09-27,5175,5686,512,-4.999999999999993,linear,49,4,53,49,7,42,0.1,0.095703125,0.08203125,2.0000000000000018,2.0000000000000016e-06,mle,-0.22081656802712962,5.9093292425651125,ok,True,True,extraction,
dgs5,5688,2022-09-28,5176,5687,512,-4.999999999999993,linear,49,4,53,49,7,42,0.1,0.095703125,0.08203125,2.499999999999991,2.499999999999991e-06,mle,-0.22081656802712962,5.9093292425651125,ok,True,True,extraction,
dgs5,5689,2022-09-29,5177,5688,512,-4.999999999999993,linear,50,4,54,50,7,43,0.1,0.09765625,0.083984375,2.9999999999999805,2.99999999999998e-06,mle,-0.07000621460177564,5.648676606050265,ok,True,True,extraction,
dgs5,5690,2022-09-30,5178,5689,512,-4.999999999999993,linear,50,4,54,50,7,43,0.1,0.09765625,0.083984375,2.9999999999999805,2.99999999999998e-06,mle,-0.07000621460177564,5.648676606050265,ok,True,True,extraction,
dgs5,5691,2022-10-03,5179,5690,512,-4.999999999999993,linear,50,4,54,50,7,43,0.1,0.09765625,0.083984375,2.500000000000002,2.500000000000002e-06,mle,-0.07000621460177564,5.648676606050265,ok,True,True,extraction,
dgs5,5692,2022-10-04,5180,5691,512,-4.999999999999993,linear,51,4,55,51,7,44,0.1,0.099609375,0.0859375,2.9999999999999805,2.99999999999998e-06,mle,-0.09366615804937736,5.9157737413749665,ok,True,True,extraction,
dgs5,5693,2022-10-05,5181,5692,512,-5.0000000000000036,linear,52,0,52,52,7,45,0.1,0.1015625,0.087890625,2.999999999999986,2.9999999999999857e-06,mle,-0.07834923949717616,5.727762474281336,ok,True,True,extraction,
dgs5,5694,2022-10-06,5182,5693,512,-5.0000000000000036,linear,52,0,52,52,7,45,0.1,0.1015625,0.087890625,2.9999999999999916,2.9999999999999916e-06,mle,-0.07834923949717616,5.727762474281336,ok,True,True,extraction,
dgs5,5695,2022-10-07,5183,5694,512,-5.0000000000000036,linear,52,0,52,52,7,45,0.1,0.1015625,0.087890625,2.500000000000008,2.500000000000008e-06,mle,-0.07834923949717616,5.727762474281336,ok,True,True,extraction,
dgs5,5696,2022-10-11,5184,5695,512,-5.0000000000000036,linear,52,0,52,52,7,45,0.1,0.1015625,0.087890625,2.9999999999999805,2.99999999999998e-06,mle,-0.07834923949717616,5.727762474281336,ok,True,True,extraction,
dgs5,5697,2022-10-12,5185,5696,512,-5.0000000000000036,linear,52,0,52,52,7,45,0.1,0.1015625,0.087890625,2.500000000000008,2.500000000000008e-06,mle,-0.07834923949717616,5.727762474281336,ok,True,True,extraction,
dgs5,5698,2022-10-13,5186,5697,512,-5.0000000000000036,linear,52,0,52,52,7,45,0.1,0.1015625,0.087890625,2.500000000000008,2.500000000000008e-06,mle,-0.07834923949717616,5.727762474281336,ok,True,True,extraction,
dgs5,5699,2022-10-14,5187,5698,512,-5.0000000000000036,linear,52,0,52,52,7,45,0.1,0.1015625,0.087890625,2.9999999999999805,2.99999999999998e-06,mle,-0.07834923949717616,5.727762474281336,ok,True,True,extraction,
dgs5,5700,2022-10-17,5188,5699,512,-5.0000000000000036,linear,52,0,52,52,7,45,0.1,0.1015625,0.087890625,2.9999999999999805,2.99999999999998e-06,mle,-0.07834923949717616,5.727762474281336,ok,True,True,extraction,
dgs5,5701,2022-10-18,5189,5700,512,-5.0000000000000036,linear,52,0,52,52,7,45,0.1,0.1015625,0.087890625,2.9999999999999805,2.99999999999998e-06,mle,-0.07834923949717616,5.727762474281336,ok,True,True,extraction,
dgs5,5702,2022-10-19,5190,5701,512,-5.0000000000000036,linear,52,0,52,52,7,45,0.1,0.1015625,0.087890625,2.9999999999999805,2.99999999999998e-06,mle,-0.07834923949717616,5.727762474281336,ok,True,True,extraction,
dgs5,5703,2022-10-20,5191,5702,512,-5.0000000000000036,linear,52,0,52,52,7,45,0.1,0.1015625,0.087890625,2.9999999999999805,2.99999999999998e-06,mle,-0.07834923949717616,5.727762474281336,ok,True,True,extraction,
dgs5,5704,2022-10-21,5192,5703,512,-5.0000000000000036,linear,52,0,52,52,7,45,0.1,0.1015625,0.087890625,2.9999999999999805,2.99999999999998e-06,mle,-0.07834923949717616,5.727762474281336,ok,True,True,extraction,
dgs5,5705,2022-10-24,5193,5704,512,-5.000000000000004,linear,50,3,53,50,4,46,0.1,0.09765625,0.08984375,2.9999999999999805,2.99999999999998e-06,mle,-0.0897212959394802,5.803675048168537,ok,True,True,extraction,
dgs5,5706,2022-10-25,5194,5705,512,-5.000000000000004,linear,50,3,53,50,4,46,0.1,0.09765625,0.08984375,2.9999999999999805,2.99999999999998e-06,mle,-0.0897212959394802,5.803675048168537,ok,True,True,extraction,
dgs5,5707,2022-10-26,5195,5706,512,-5.000000000000004,linear,51,3,54,51,4,47,0.1,0.099609375,0.091796875,2.9999999999999805,2.99999999999998e-06,mle,-0.09998734773637113,5.872860229177541,ok,True,True,extraction,
dgs5,5708,2022-10-27,5196,5707,512,-5.000000000000004,linear,51,3,54,51,4,47,0.1,0.099609375,0.091796875,2.9999999999999805,2.99999999999998e-06,mle,-0.09998734773637113,5.872860229177541,ok,True,True,extraction,
dgs5,5709,2022-10-28,5197,5708,512,-5.000000000000024,linear,52,0,52,52,4,48,0.1,0.1015625,0.09375,2.5000000000000133,2.5000000000000133e-06,mle,-0.10929369352324485,5.936025707555379,ok,True,True,extraction,
dgs5,5710,2022-10-31,5198,5709,512,-5.000000000000024,linear,52,0,52,52,4,48,0.1,0.1015625,0.09375,2.9999999999999805,2.99999999999998e-06,mle,-0.10929369352324485,5.936025707555379,ok,True,True,extraction,
dgs5,5711,2022-11-01,5199,5710,512,-5.000000000000024,linear,52,0,52,52,4,48,0.1,0.1015625,0.09375,2.9999999999999805,2.99999999999998e-06,mle,-0.10929369352324485,5.936025707555379,ok,True,True,extraction,
dgs5,5712,2022-11-02,5200,5711,512,-5.000000000000024,linear,52,0,52,52,4,48,0.1,0.1015625,0.09375,2.9999999999999805,2.99999999999998e-06,mle,-0.10929369352324485,5.936025707555379,ok,True,True,extraction,
dgs5,5713,2022-11-03,5201,5712,512,-5.000000000000024,linear,52,0,52,52,4,48,0.1,0.1015625,0.09375,2.9999999999999805,2.99999999999998e-06,mle,-0.10929369352324485,5.936025707555379,ok,True,True,extraction,
dgs5,5714,2022-11-04,5202,5713,512,-5.000000000000024,linear,52,0,52,52,4,48,0.1,0.1015625,0.09375,2.9999999999999805,2.99999999999998e-06,mle,-0.10929369352324485,5.936025707555379,ok,True,True,extraction,
dgs5,5715,2022-11-07,5203,5714,512,-5.000000000000024,linear,52,0,52,52,4,48,0.1,0.1015625,0.09375,2.9999999999999805,2.99999999999998e-06,mle,-0.10929369352324485,5.936025707555379,ok,True,True,extraction,
dgs5,5716,2022-11-08,5204,5715,512,-5.000000000000024,linear,52,0,52,52,4,48,0.1,0.1015625,0.09375,2.9999999999999805,2.99999999999998e-06,mle,-0.10929369352324485,5.936025707555379,ok,True,True,extraction,
dgs5,5717,2022-11-09,5205,5716,512,-5.000000000000027,linear,49,4,53,49,0,49,0.1,0.095703125,0.095703125,2.9999999999999805,2.99999999999998e-06,mle,-0.10634167744037426,5.8667933463171416,ok,True,True,extraction,
dgs5,5718,2022-11-10,5206,5717,512,-5.000000000000027,linear,49,4,53,49,0,49,0.1,0.095703125,0.095703125,2.9999999999999805,2.99999999999998e-06,mle,-0.10634167744037426,5.8667933463171416,ok,True,True,extraction,
dgs5,5719,2022-11-14,5207,5718,512,-5.000000000000027,linear,50,4,54,50,0,50,0.1,0.09765625,0.09765625,2.9999999999999805,2.99999999999998e-06,mle,-0.024526935000133476,5.8807515871398905,ok,True,True,extraction,
dgs5,5720,2022-11-15,5208,5719,512,-5.000000000000027,linear,50,4,54,50,0,50,0.1,0.09765625,0.09765625,2.9999999999999805,2.99999999999998e-06,mle,-0.024526935000133476,5.8807515871398905,ok,True,True,extraction,
dgs5,5721,2022-11-16,5209,5720,512,-5.000000000000027,linear,51,4,55,51,0,51,0.1,0.099609375,0.099609375,2.9999999999999805,2.99999999999998e-06,mle,-0.017206294394745796,5.764121510249945,ok,True,True,extraction,
dgs5,5722,2022-11-17,5210,5721,512,-5.899999999999997,linear,52,0,52,52,0,52,0.1,0.1015625,0.1015625,2.9999999999999805,2.99999999999998e-06,mle,0.23128878124083374,3.711589027729387,ok,True,True,extraction,
dgs5,5723,2022-11-18,5211,5722,512,-5.899999999999997,linear,52,0,52,52,0,52,0.1,0.1015625,0.1015625,2.9999999999999805,2.99999999999998e-06,mle,0.23128878124083374,3.711589027729387,ok,True,True,extraction,
dgs5,5724,2022-11-21,5212,5723,512,-5.899999999999997,linear,52,0,52,52,0,52,0.1,0.1015625,0.1015625,2.9999999999999805,2.99999999999998e-06,mle,0.23128878124083374,3.711589027729387,ok,True,True,extraction,
dgs5,5725,2022-11-22,5213,5724,512,-5.899999999999997,linear,52,0,52,52,0,52,0.1,0.1015625,0.1015625,2.9999999999999805,2.99999999999998e-06,mle,0.23128878124083374,3.711589027729387,ok,True,True,extraction,
dgs5,5726,2022-11-23,5214,5725,512,-5.000000000000027,linear,51,4,55,51,0,51,0.1,0.099609375,0.099609375,2.9999999999999805,2.99999999999998e-06,mle,-0.03599630757798245,5.951622279669307,ok,True,True,extraction,
dgs5,5727,2022-11-25,5215,5726,512,-5.000000000000027,linear,51,5,56,51,0,51,0.1,0.099609375,0.099609375,2.9999999999999805,2.99999999999998e-06,mle,-0.03599630757798245,5.951622279669307,ok,True,True,extraction,
dgs5,5728,2022-11-28,5216,5727,512,-5.000000000000027,linear,51,5,56,51,0,51,0.1,0.099609375,0.099609375,2.9999999999999805,2.99999999999998e-06,mle,-0.03599630757798245,5.951622279669307,ok,True,True,extraction,
dgs5,5729,2022-11-29,5217,5728,512,-5.000000000000027,linear,51,5,56,51,0,51,0.1,0.099609375,0.099609375,2.9999999999999805,2.99999999999998e-06,mle,-0.03599630757798245,5.951622279669307,ok,True,True,extraction,
dgs5,5730,2022-11-30,5218,5729,512,-5.000000000000027,linear,51,5,56,51,0,51,0.1,0.099609375,0.099609375,2.9999999999999805,2.99999999999998e-06,mle,-0.03599630757798245,5.951622279669307,ok,True,True,extraction,
dgs5,5731,2022-12-01,5219,5730,512,-5.000000000000027,linear,51,5,56,51,0,51,0.1,0.099609375,0.099609375,2.9999999999999805,2.99999999999998e-06,mle,-0.05342587411143598,6.133494712510078,ok,True,True,extraction,
dgs5,5732,2022-12-02,5220,5731,512,-5.899999999999997,linear,52,0,52,52,0,52,0.1,0.1015625,0.1015625,2.5000000000000355,2.5000000000000354e-06,mle,0.1164659165422248,4.413872646081757,ok,True,True,extraction,
dgs5,5733,2022-12-05,5221,5732,512,-5.899999999999997,linear,52,0,52,52,0,52,0.1,0.1015625,0.1015625,2.5000000000000355,2.5000000000000354e-06,mle,0.1164659165422248,4.413872646081757,ok,True,True,extraction,
dgs5,5734,2022-12-06,5222,5733,512,-5.899999999999997,linear,52,0,52,52,0,52,0.1,0.1015625,0.1015625,2.9999999999999805,2.99999999999998e-06,mle,0.1164659165422248,4.413872646081757,ok,True,True,extraction,
dgs5,5735,2022-12-07,5223,5734,512,-5.999999999999995,linear,50,3,53,50,8,42,0.1,0.09765625,0.08203125,2.5000000000000355,2.5000000000000354e-06,mle,-0.09620346428363144,6.649853533624656,ok,True,True,extraction,
dgs5,5736,2022-12-08,5224,5735,512,-5.999999999999995,linear,51,3,54,51,8,43,0.1,0.099609375,0.083984375,3.0000000000000027,3.0000000000000026e-06,mle,-0.09966785410979002,6.64205849691465,ok,True,True,extraction,
dgs5,5737,2022-12-09,5225,5736,512,-5.999999999999995,linear,51,3,54,51,8,43,0.1,0.099609375,0.083984375,2.9999999999999916,2.9999999999999916e-06,mle,-0.09966785410979002,6.64205849691465,ok,True,True,extraction,
dgs5,5738,2022-12-12,5226,5737,512,-5.999999999999995,linear,51,3,54,51,8,43,0.1,0.099609375,0.083984375,3.000000000000008,3.0000000000000077e-06,mle,-0.09966785410979002,6.64205849691465,ok,True,True,extraction,
dgs5,5739,2022-12-13,5227,5738,512,-5.999999999999995,linear,51,3,54,51,8,43,0.1,0.099609375,0.083984375,3.0000000000000138,3.0000000000000136e-06,mle,-0.09966785410979002,6.64205849691465,ok,True,True,extraction,
dgs5,5740,2022-12-14,5228,5739,512,-6.000000000000004,linear,52,0,52,52,8,44,0.1,0.1015625,0.0859375,3.0000000000000138,3.0000000000000136e-06,mle,-0.11216327043710744,6.763778136399987,ok,True,True,extraction,
dgs5,5741,2022-12-15,5229,5740,512,-6.000000000000004,linear,52,0,52,52,8,44,0.1,0.1015625,0.0859375,3.0000000000000138,3.0000000000000136e-06,mle,-0.11216327043710744,6.763778136399987,ok,True,True,extraction,
dgs5,5742,2022-12-16,5230,5741,512,-6.000000000000004,linear,52,0,52,52,8,44,0.1,0.1015625,0.0859375,3.0000000000000138,3.0000000000000136e-06,mle,-0.11216327043710744,6.763778136399987,ok,True,True,extraction,
dgs5,5743,2022-12-19,5231,5742,512,-6.000000000000004,linear,52,0,52,52,8,44,0.1,0.1015625,0.0859375,3.0000000000000138,3.0000000000000136e-06,mle,-0.11216327043710744,6.763778136399987,ok,True,True,extraction,
dgs5,5744,2022-12-20,5232,5743,512,-6.000000000000004,linear,52,0,52,52,8,44,0.1,0.1015625,0.0859375,3.0000000000000138,3.0000000000000136e-06,mle,-0.11216327043710744,6.763778136399987,ok,True,True,extraction,
dgs5,5745,2022-12-21,5233,5744,512,-6.000000000000004,linear,52,0,52,52,8,44,0.1,0.1015625,0.0859375,3.0000000000000138,3.0000000000000136e-06,mle,-0.11216327043710744,6.763778136399987,ok,True,True,extraction,
dgs5,5746,2022-12-22,5234,5745,512,-6.000000000000004,linear,52,0,52,52,8,44,0.1,0.1015625,0.0859375,3.0000000000000138,3.0000000000000136e-06,mle,-0.11216327043710744,6.763778136399987,ok,True,True,extraction,
dgs5,5747,2022-12-23,5235,5746,512,-6.000000000000004,linear,52,0,52,52,8,44,0.1,0.1015625,0.0859375,3.0000000000000138,3.0000000000000136e-06,mle,-0.11216327043710744,6.763778136399987,ok,True,True,extraction,
dgs5,5748,2022-12-27,5236,5747,512,-6.000000000000004,linear,52,0,52,52,8,44,0.1,0.1015625,0.0859375,3.000000000000008,3.0000000000000077e-06,mle,-0.11216327043710744,6.763778136399987,ok,True,True,extraction,
dgs5,5749,2022-12-28,5237,5748,512,-6.000000000000004,linear,52,0,52,52,8,44,0.1,0.1015625,0.0859375,3.0000000000000138,3.0000000000000136e-06,mle,-0.11216327043710744,6.763778136399987,ok,True,True,extraction,
dgs5,5750,2022-12-29,5238,5749,512,-6.000000000000004,linear,52,0,52,52,8,44,0.1,0.1015625,0.0859375,3.0000000000000027,3.0000000000000026e-06,mle,-0.11216327043710744,6.763778136399987,ok,True,True,extraction,
dgs5,5751,2022-12-30,5239,5750,512,-6.000000000000004,linear,52,0,52,52,8,44,0.1,0.1015625,0.0859375,3.0000000000000053,3.000000000000005e-06,mle,-0.11216327043710744,6.763778136399987,ok,True,True,extraction,
dgs5,5752,2023-01-03,5240,5751,512,-6.000000000000004,linear,52,0,52,52,8,44,0.1,0.1015625,0.0859375,3.0000000000000027,3.0000000000000026e-06,mle,-0.11216327043710744,6.763778136399987,ok,True,True,extraction,
dgs5,5753,2023-01-04,5241,5752,512,-6.000000000000004,linear,52,0,52,52,8,44,0.1,0.1015625,0.0859375,3.0000000000000027,3.0000000000000026e-06,mle,-0.11216327043710744,6.763778136399987,ok,True,True,extraction,
dgs5,5754,2023-01-05,5242,5753,512,-6.000000000000005,linear,45,8,53,45,0,45,0.1,0.087890625,0.087890625,3.0000000000000027,3.0000000000000026e-06,mle,-0.10748480922188888,6.659678493874813,ok,True,True,extraction,
dgs5,5755,2023-01-06,5243,5754,512,-6.000000000000005,linear,45,8,53,45,0,45,0.1,0.087890625,0.087890625,3.0000000000000027,3.0000000000000026e-06,mle,-0.10748480922188888,6.659678493874813,ok,True,True,extraction,
dgs5,5756,2023-01-09,5244,5755,512,-6.000000000000005,linear,46,8,54,46,0,46,0.1,0.08984375,0.08984375,3.0000000000000053,3.000000000000005e-06,mle,-0.1266580406778881,6.99459942355902,ok,True,True,extraction,
dgs5,5757,2023-01-10,5245,5756,512,-6.000000000000005,linear,46,8,54,46,0,46,0.1,0.08984375,0.08984375,3.0000000000000053,3.000000000000005e-06,mle,-0.1266580406778881,6.99459942355902,ok,True,True,extraction,
dgs5,5758,2023-01-11,5246,5757,512,-6.000000000000005,linear,46,8,54,46,0,46,0.1,0.08984375,0.08984375,3.0000000000000027,3.0000000000000026e-06,mle,-0.1266580406778881,6.99459942355902,ok,True,True,extraction,
dgs5,5759,2023-01-12,5247,5758,512,-6.000000000000005,linear,46,9,55,46,0,46,0.1,0.08984375,0.08984375,3.0000000000000053,3.000000000000005e-06,mle,-0.1266580406778881,6.99459942355902,ok,True,True,extraction,
dgs5,5760,2023-01-13,5248,5759,512,-6.000000000000005,linear,47,9,56,47,0,47,0.1,0.091796875,0.091796875,3.0000000000000053,3.000000000000005e-06,mle,-0.13493414854064772,7.061601779382743,ok,True,True,extraction,
dgs5,5761,2023-01-17,5249,5760,512,-6.000000000000005,linear,47,9,56,47,0,47,0.1,0.091796875,0.091796875,3.0000000000000053,3.000000000000005e-06,mle,-0.13493414854064772,7.061601779382743,ok,True,True,extraction,
dgs5,5762,2023-01-18,5250,5761,512,-6.000000000000005,linear,47,9,56,47,0,47,0.1,0.091796875,0.091796875,3.0000000000000053,3.000000000000005e-06,mle,-0.13493414854064772,7.061601779382743,ok,True,True,extraction,
dgs5,5763,2023-01-19,5251,5762,512,-6.000000000000005,linear,48,9,57,48,0,48,0.1,0.09375,0.09375,3.0000000000000053,3.000000000000005e-06,mle,-0.1513814760993321,7.274238861778092,ok,True,True,extraction,
dgs5,5764,2023-01-20,5252,5763,512,-6.000000000000005,linear,48,9,57,48,0,48,0.1,0.09375,0.09375,3.0000000000000027,3.0000000000000026e-06,mle,-0.1513814760993321,7.274238861778092,ok,True,True,extraction,
dgs5,5765,2023-01-23,5253,5764,512,-6.000000000000005,linear,48,9,57,48,0,48,0.1,0.09375,0.09375,3.0000000000000027,3.0000000000000026e-06,mle,-0.1513814760993321,7.274238861778092,ok,True,True,extraction,
dgs5,5766,2023-01-24,5254,5765,512,-6.000000000000005,linear,48,9,57,48,0,48,0.1,0.09375,0.09375,3.0000000000000027,3.0000000000000026e-06,mle,-0.1513814760993321,7.274238861778092,ok,True,True,extraction,
dgs5,5767,2023-01-25,5255,5766,512,-6.000000000000005,linear,48,9,57,48,0,48,0.1,0.09375,0.09375,3.0000000000000027,3.0000000000000026e-06,mle,-0.1513814760993321,7.274238861778092,ok,True,True,extraction,
dgs5,5768,2023-01-26,5256,5767,512,-6.000000000000005,linear,48,9,57,48,0,48,0.1,0.09375,0.09375,3.0000000000000053,3.000000000000005e-06,mle,-0.1513814760993321,7.274238861778092,ok,True,True,extraction,
dgs5,5769,2023-01-27,5257,5768,512,-6.000000000000005,linear,48,9,57,48,0,48,0.1,0.09375,0.09375,3.0000000000000053,3.000000000000005e-06,mle,-0.1513814760993321,7.274238861778092,ok,True,True,extraction,
dgs5,5770,2023-01-30,5258,5769,512,-6.000000000000005,linear,48,9,57,48,0,48,0.1,0.09375,0.09375,3.0000000000000053,3.000000000000005e-06,mle,-0.1513814760993321,7.274238861778092,ok,True,True,extraction,
dgs5,5771,2023-01-31,5259,5770,512,-6.000000000000005,linear,48,9,57,48,0,48,0.1,0.09375,0.09375,3.0000000000000027,3.0000000000000026e-06,mle,-0.1513814760993321,7.274238861778092,ok,True,True,extraction,
dgs5,5772,2023-02-01,5260,5771,512,-6.000000000000005,linear,48,9,57,48,0,48,0.1,0.09375,0.09375,3.0000000000000027,3.0000000000000026e-06,mle,-0.1513814760993321,7.274238861778092,ok,True,True,extraction,
dgs5,5773,2023-02-02,5261,5772,512,-6.000000000000005,linear,49,9,58,49,0,49,0.1,0.095703125,0.095703125,3.0000000000000053,3.000000000000005e-06,mle,-0.16309928795113016,7.406426902032464,ok,True,True,extraction,
dgs5,5774,2023-02-03,5262,5773,512,-6.000000000000005,linear,49,9,58,49,0,49,0.1,0.095703125,0.095703125,3.0000000000000027,3.0000000000000026e-06,mle,-0.16309928795113016,7.406426902032464,ok,True,True,extraction,
dgs5,5775,2023-02-06,5263,5774,512,-6.000000000000005,linear,49,9,58,49,0,49,0.1,0.095703125,0.095703125,3.0000000000000027,3.0000000000000026e-06,mle,-0.16309928795113016,7.406426902032464,ok,True,True,extraction,
dgs5,5776,2023-02-07,5264,5775,512,-6.000000000000005,linear,49,9,58,49,0,49,0.1,0.095703125,0.095703125,3.499999999999992,3.499999999999992e-06,mle,-0.16309928795113016,7.406426902032464,ok,True,True,extraction,
dgs5,5777,2023-02-08,5265,5776,512,-6.000000000000005,linear,49,9,58,49,0,49,0.1,0.095703125,0.095703125,3.499999999999992,3.499999999999992e-06,mle,-0.16309928795113016,7.406426902032464,ok,True,True,extraction,
dgs5,5778,2023-02-09,5266,5777,512,-6.000000000000005,linear,49,9,58,49,0,49,0.1,0.095703125,0.095703125,3.9999999999999813,3.999999999999981e-06,mle,-0.16309928795113016,7.406426902032464,ok,True,True,extraction,
dgs5,5779,2023-02-10,5267,5778,512,-6.000000000000005,linear,49,9,58,49,0,49,0.1,0.095703125,0.095703125,3.9999999999999813,3.999999999999981e-06,mle,-0.16309928795113016,7.406426902032464,ok,True,True,extraction,
dgs5,5780,2023-02-13,5268,5779,512,-6.000000000000005,linear,49,9,58,49,0,49,0.1,0.095703125,0.095703125,3.9999999999999813,3.999999999999981e-06,mle,-0.16309928795113016,7.406426902032464,ok,True,True,extraction,
dgs5,5781,2023-02-14,5269,5780,512,-6.000000000000005,linear,49,9,58,49,0,49,0.1,0.095703125,0.095703125,3.9999999999999813,3.999999999999981e-06,mle,-0.16309928795113016,7.406426902032464,ok,True,True,extraction,
dgs5,5782,2023-02-15,5270,5781,512,-6.000000000000005,linear,49,9,58,49,0,49,0.1,0.095703125,0.095703125,3.9999999999999813,3.999999999999981e-06,mle,-0.16309928795113016,7.406426902032464,ok,True,True,extraction,
dgs5,5783,2023-02-16,5271,5782,512,-6.000000000000005,linear,49,9,58,49,0,49,0.1,0.095703125,0.095703125,3.9999999999999813,3.999999999999981e-06,mle,-0.16309928795113016,7.406426902032464,ok,True,True,extraction,
dgs5,5784,2023-02-17,5272,5783,512,-6.000000000000005,linear,49,9,58,49,0,49,0.1,0.095703125,0.095703125,3.9999999999999813,3.999999999999981e-06,mle,-0.16309928795113016,7.406426902032464,ok,True,True,extraction,
dgs5,5785,2023-02-21,5273,5784,512,-6.000000000000005,linear,49,9,58,49,0,49,0.1,0.095703125,0.095703125,3.9999999999999813,3.999999999999981e-06,mle,-0.16309928795113016,7.406426902032464,ok,True,True,extraction,
dgs5,5786,2023-02-22,5274,5785,512,-6.000000000000005,linear,49,9,58,49,0,49,0.1,0.095703125,0.095703125,3.9999999999999813,3.999999999999981e-06,mle,-0.16309928795113016,7.406426902032464,ok,True,True,extraction,
dgs5,5787,2023-02-23,5275,5786,512,-6.000000000000005,linear,49,9,58,49,0,49,0.1,0.095703125,0.095703125,3.9999999999999813,3.999999999999981e-06,mle,-0.16309928795113016,7.406426902032464,ok,True,True,extraction,
dgs5,5788,2023-02-24,5276,5787,512,-6.000000000000005,linear,49,9,58,49,0,49,0.1,0.095703125,0.095703125,3.9999999999999813,3.999999999999981e-06,mle,-0.16309928795113016,7.406426902032464,ok,True,True,extraction,
dgs5,5789,2023-02-27,5277,5788,512,-6.000000000000005,linear,49,9,58,49,0,49,0.1,0.095703125,0.095703125,3.9999999999999813,3.999999999999981e-06,mle,-0.16309928795113016,7.406426902032464,ok,True,True,extraction,
dgs5,5790,2023-02-28,5278,5789,512,-6.000000000000005,linear,49,9,58,49,0,49,0.1,0.095703125,0.095703125,3.9999999999999813,3.999999999999981e-06,mle,-0.16309928795113016,7.406426902032464,ok,True,True,extraction,
dgs5,5791,2023-03-01,5279,5790,512,-6.000000000000005,linear,49,9,58,49,0,49,0.1,0.095703125,0.095703125,3.9999999999999813,3.999999999999981e-06,mle,-0.16309928795113016,7.406426902032464,ok,True,True,extraction,
dgs5,5792,2023-03-02,5280,5791,512,-6.000000000000005,linear,49,9,58,49,0,49,0.1,0.095703125,0.095703125,3.9999999999999813,3.999999999999981e-06,mle,-0.16309928795113016,7.406426902032464,ok,True,True,extraction,
dgs5,5793,2023-03-03,5281,5792,512,-6.000000000000005,linear,49,9,58,49,0,49,0.1,0.095703125,0.095703125,3.9999999999999813,3.999999999999981e-06,mle,-0.16309928795113016,7.406426902032464,ok,True,True,extraction,
dgs5,5794,2023-03-06,5282,5793,512,-6.000000000000005,linear,50,9,59,50,1,49,0.1,0.09765625,0.095703125,3.9999999999999813,3.999999999999981e-06,mle,-0.16309928795113016,7.406426902032464,ok,True,True,extraction,
dgs5,5795,2023-03-07,5283,5794,512,-6.000000000000005,linear,50,9,59,50,1,49,0.1,0.09765625,0.095703125,3.9999999999999813,3.999999999999981e-06,mle,-0.16309928795113016,7.406426902032464,ok,True,True,extraction,
dgs5,5796,2023-03-08,5284,5795,512,-6.000000000000005,linear,50,9,59,50,1,49,0.1,0.09765625,0.095703125,3.9999999999999813,3.999999999999981e-06,mle,-0.16309928795113016,7.406426902032464,ok,True,True,extraction,
dgs5,5797,2023-03-09,5285,5796,512,-6.000000000000005,linear,50,9,59,50,1,49,0.1,0.09765625,0.095703125,3.9999999999999813,3.999999999999981e-06,mle,-0.16309928795113016,7.406426902032464,ok,True,True,extraction,
dgs5,5798,2023-03-10,5286,5797,512,-6.000000000000005,linear,51,9,60,51,1,50,0.1,0.099609375,0.09765625,3.9999999999999813,3.999999999999981e-06,mle,-0.16659681076007143,7.415945670479621,ok,True,True,extraction,
dgs5,5799,2023-03-13,5287,5798,512,-6.000000000000045,linear,52,0,52,52,1,51,0.1,0.1015625,0.099609375,3.9999999999999813,3.999999999999981e-06,mle,-0.17793372329810486,7.8138867949691795,ok,True,True,extraction,
dgs5,5800,2023-03-14,5288,5799,512,-6.899999999999989,linear,52,0,52,52,0,52,0.1,0.1015625,0.1015625,3.9999999999999813,3.999999999999981e-06,mle,-0.043362444839469924,6.305608034896973,ok,True,True,extraction,
dgs5,5801,2023-03-15,5289,5800,512,-6.899999999999989,linear,52,0,52,52,0,52,0.1,0.1015625,0.1015625,3.9999999999999813,3.999999999999981e-06,mle,-0.043362444839469924,6.305608034896973,ok,True,True,extraction,
dgs5,5802,2023-03-16,5290,5801,512,-6.999999999999984,linear,50,3,53,50,2,48,0.1,0.09765625,0.09375,3.9999999999999813,3.999999999999981e-06,mle,-0.16839627677148594,7.821461124958404,ok,True,True,extraction,
dgs5,5803,2023-03-17,5291,5802,512,-6.999999999999984,linear,50,3,53,50,2,48,0.1,0.09765625,0.09375,3.9999999999999813,3.999999999999981e-06,mle,-0.16839627677148594,7.821461124958404,ok,True,True,extraction,
dgs5,5804,2023-03-20,5292,5803,512,-6.999999999999984,linear,51,3,54,51,2,49,0.1,0.099609375,0.095703125,3.9999999999999813,3.999999999999981e-06,mle,-0.18240101146349647,8.27470055485268,ok,True,True,extraction,
dgs5,5805,2023-03-21,5293,5804,512,-6.999999999999984,linear,51,3,54,51,2,49,0.1,0.099609375,0.095703125,3.9999999999999813,3.999999999999981e-06,mle,-0.18240101146349647,8.27470055485268,ok,True,True,extraction,
dgs5,5806,2023-03-22,5294,5805,512,-6.999999999999984,linear,51,3,54,51,2,49,0.1,0.099609375,0.095703125,3.9999999999999813,3.999999999999981e-06,mle,-0.18240101146349647,8.27470055485268,ok,True,True,extraction,
dgs5,5807,2023-03-23,5295,5806,512,-7.0000000000000036,linear,52,0,52,52,2,50,0.1,0.1015625,0.09765625,3.9999999999999813,3.999999999999981e-06,mle,-0.20691677575313933,8.572840327865034,ok,True,True,extraction,
dgs5,5808,2023-03-24,5296,5807,512,-7.000000000000026,linear,52,0,52,52,1,51,0.1,0.1015625,0.099609375,3.9999999999999813,3.999999999999981e-06,mle,-0.21710840584492247,8.665180243541867,ok,True,True,extraction,
dgs5,5809,2023-03-27,5297,5808,512,-7.000000000000026,linear,52,0,52,52,1,51,0.1,0.1015625,0.099609375,3.9999999999999813,3.999999999999981e-06,mle,-0.21710840584492247,8.665180243541867,ok,True,True,extraction,
dgs5,5810,2023-03-28,5298,5809,512,-7.000000000000026,linear,52,0,52,52,1,51,0.1,0.1015625,0.099609375,3.9999999999999813,3.999999999999981e-06,mle,-0.21710840584492247,8.665180243541867,ok,True,True,extraction,
dgs5,5811,2023-03-29,5299,5810,512,-7.000000000000026,linear,52,0,52,52,1,51,0.1,0.1015625,0.099609375,3.9999999999999813,3.999999999999981e-06,mle,-0.21710840584492247,8.665180243541867,ok,True,True,extraction,
dgs5,5812,2023-03-30,5300,5811,512,-7.000000000000026,linear,52,0,52,52,1,51,0.1,0.1015625,0.099609375,3.9999999999999813,3.999999999999981e-06,mle,-0.21710840584492247,8.665180243541867,ok,True,True,extraction,
dgs5,5813,2023-03-31,5301,5812,512,-7.000000000000026,linear,52,0,52,52,1,51,0.1,0.1015625,0.099609375,3.9999999999999813,3.999999999999981e-06,mle,-0.21710840584492247,8.665180243541867,ok,True,True,extraction,
dgs5,5814,2023-04-03,5302,5813,512,-7.000000000000026,linear,52,0,52,52,1,51,0.1,0.1015625,0.099609375,3.9999999999999813,3.999999999999981e-06,mle,-0.21710840584492247,8.665180243541867,ok,True,True,extraction,
dgs5,5815,2023-04-04,5303,5814,512,-7.8999999999999675,linear,52,0,52,52,0,52,0.1,0.1015625,0.1015625,3.9999999999999813,3.999999999999981e-06,mle,-0.022265740572688954,6.216797659954979,ok,True,True,extraction,
dgs5,5816,2023-04-05,5304,5815,512,-8.000000000000002,linear,52,0,52,52,7,45,0.1,0.1015625,0.087890625,3.9999999999999813,3.999999999999981e-06,mle,-0.23822436827786145,8.727626844732729,ok,True,True,extraction,
dgs5,5817,2023-04-06,5305,5816,512,-8.000000000000002,linear,52,0,52,52,7,45,0.1,0.1015625,0.087890625,3.9999999999999813,3.999999999999981e-06,mle,-0.23822436827786145,8.727626844732729,ok,True,True,extraction,
dgs5,5818,2023-04-07,5306,5817,512,-8.000000000000002,linear,52,0,52,52,7,45,0.1,0.1015625,0.087890625,3.9999999999999813,3.999999999999981e-06,mle,-0.23822436827786145,8.727626844732729,ok,True,True,extraction,
dgs5,5819,2023-04-10,5307,5818,512,-8.000000000000002,linear,52,0,52,52,7,45,0.1,0.1015625,0.087890625,3.9999999999999813,3.999999999999981e-06,mle,-0.23822436827786145,8.727626844732729,ok,True,True,extraction,
dgs5,5820,2023-04-11,5308,5819,512,-8.000000000000002,linear,52,0,52,52,7,45,0.1,0.1015625,0.087890625,3.9999999999999813,3.999999999999981e-06,mle,-0.23822436827786145,8.727626844732729,ok,True,True,extraction,
dgs5,5821,2023-04-12,5309,5820,512,-8.000000000000002,linear,52,0,52,52,7,45,0.1,0.1015625,0.087890625,3.9999999999999813,3.999999999999981e-06,mle,-0.23822436827786145,8.727626844732729,ok,True,True,extraction,
dgs5,5822,2023-04-13,5310,5821,512,-8.000000000000007,linear,45,8,53,45,0,45,0.1,0.087890625,0.087890625,3.9999999999999813,3.999999999999981e-06,mle,-0.23822436827786145,8.727626844732729,ok,True,True,extraction,
dgs5,5823,2023-04-14,5311,5822,512,-8.000000000000007,linear,45,8,53,45,0,45,0.1,0.087890625,0.087890625,3.9999999999999813,3.999999999999981e-06,mle,-0.23822436827786145,8.727626844732729,ok,True,True,extraction,
dgs5,5824,2023-04-17,5312,5823,512,-8.000000000000007,linear,45,8,53,45,0,45,0.1,0.087890625,0.087890625,3.9999999999999813,3.999999999999981e-06,mle,-0.23822436827786145,8.727626844732729,ok,True,True,extraction,
dgs5,5825,2023-04-18,5313,5824,512,-8.000000000000007,linear,45,8,53,45,0,45,0.1,0.087890625,0.087890625,3.9999999999999813,3.999999999999981e-06,mle,-0.23822436827786145,8.727626844732729,ok,True,True,extraction,
dgs5,5826,2023-04-19,5314,5825,512,-8.000000000000007,linear,45,8,53,45,0,45,0.1,0.087890625,0.087890625,3.9999999999999813,3.999999999999981e-06,mle,-0.23822436827786145,8.727626844732729,ok,True,True,extraction,
dgs5,5827,2023-04-20,5315,5826,512,-8.000000000000007,linear,45,8,53,45,0,45,0.1,0.087890625,0.087890625,3.9999999999999813,3.999999999999981e-06,mle,-0.23822436827786145,8.727626844732729,ok,True,True,extraction,
dgs5,5828,2023-04-21,5316,5827,512,-8.000000000000007,linear,45,9,54,45,0,45,0.1,0.087890625,0.087890625,3.9999999999999813,3.999999999999981e-06,mle,-0.23822436827786145,8.727626844732729,ok,True,True,extraction,
dgs5,5829,2023-04-24,5317,5828,512,-8.000000000000007,linear,45,9,54,45,0,45,0.1,0.087890625,0.087890625,3.9999999999999813,3.999999999999981e-06,mle,-0.23822436827786145,8.727626844732729,ok,True,True,extraction,
dgs5,5830,2023-04-25,5318,5829,512,-8.000000000000007,linear,45,9,54,45,0,45,0.1,0.087890625,0.087890625,3.9999999999999813,3.999999999999981e-06,mle,-0.23822436827786145,8.727626844732729,ok,True,True,extraction,
dgs5,5831,2023-04-26,5319,5830,512,-8.000000000000007,linear,46,9,55,46,0,46,0.1,0.08984375,0.08984375,3.9999999999999813,3.999999999999981e-06,mle,-0.25294201054822496,8.883106439859386,ok,True,True,extraction,
dgs5,5832,2023-04-27,5320,5831,512,-8.000000000000007,linear,46,9,55,46,0,46,0.1,0.08984375,0.08984375,3.9999999999999813,3.999999999999981e-06,mle,-0.25294201054822496,8.883106439859386,ok,True,True,extraction,
dgs5,5833,2023-04-28,5321,5832,512,-8.000000000000007,linear,46,9,55,46,0,46,0.1,0.08984375,0.08984375,3.9999999999999867,3.999999999999986e-06,mle,-0.25294201054822496,8.883106439859386,ok,True,True,extraction,
dgs5,5834,2023-05-01,5322,5833,512,-8.000000000000007,linear,47,9,56,47,0,47,0.1,0.091796875,0.091796875,3.9999999999999867,3.999999999999986e-06,mle,-0.23141679338399085,8.569567104746364,ok,True,True,extraction,
dgs5,5835,2023-05-02,5323,5834,512,-8.000000000000007,linear,47,9,56,47,0,47,0.1,0.091796875,0.091796875,3.999999999999992,3.999999999999992e-06,mle,-0.23141679338399085,8.569567104746364,ok,True,True,extraction,
dgs5,5836,2023-05-03,5324,5835,512,-8.000000000000007,linear,48,9,57,48,0,48,0.1,0.09375,0.09375,3.999999999999992,3.999999999999992e-06,mle,-0.24937169649441845,8.773870666236267,ok,True,True,extraction,
dgs5,5837,2023-05-04,5325,5836,512,-8.000000000000007,linear,49,9,58,49,0,49,0.1,0.095703125,0.095703125,3.9999999999999925,3.999999999999992e-06,mle,-0.22914738737523677,8.480025113571791,ok,True,True,extraction,
dgs5,5838,2023-05-05,5326,5837,512,-8.000000000000007,linear,49,10,59,49,0,49,0.1,0.095703125,0.095703125,3.9999999999999982,3.999999999999998e-06,mle,-0.22914738737523677,8.480025113571791,ok,True,True,extraction,
dgs5,5839,2023-05-08,5327,5838,512,-8.000000000000007,linear,49,10,59,49,0,49,0.1,0.095703125,0.095703125,3.9999999999999982,3.999999999999998e-06,mle,-0.22914738737523677,8.480025113571791,ok,True,True,extraction,
dgs5,5840,2023-05-09,5328,5839,512,-8.000000000000007,linear,49,10,59,49,0,49,0.1,0.095703125,0.095703125,4.0000000000000036,4.000000000000003e-06,mle,-0.22914738737523677,8.480025113571791,ok,True,True,extraction,
dgs5,5841,2023-05-10,5329,5840,512,-8.000000000000007,linear,49,10,59,49,0,49,0.1,0.095703125,0.095703125,4.0000000000000036,4.000000000000003e-06,mle,-0.22914738737523677,8.480025113571791,ok,True,True,extraction,
dgs5,5842,2023-05-11,5330,5841,512,-8.000000000000007,linear,50,10,60,50,0,50,0.1,0.09765625,0.09765625,4.0000000000000036,4.000000000000003e-06,mle,-0.23159488299352662,8.470794815910548,ok,True,True,extraction,
dgs5,5843,2023-05-12,5331,5842,512,-8.000000000000007,linear,50,10,60,50,0,50,0.1,0.09765625,0.09765625,4.0000000000000036,4.000000000000003e-06,mle,-0.23159488299352662,8.470794815910548,ok,True,True,extraction,
dgs5,5844,2023-05-15,5332,5843,512,-8.000000000000007,linear,50,10,60,50,0,50,0.1,0.09765625,0.09765625,4.0000000000000036,4.000000000000003e-06,mle,-0.23159488299352662,8.470794815910548,ok,True,True,extraction,
dgs5,5845,2023-05-16,5333,5844,512,-8.000000000000007,linear,50,10,60,50,0,50,0.1,0.09765625,0.09765625,4.0000000000000036,4.000000000000003e-06,mle,-0.23159488299352662,8.470794815910548,ok,True,True,extraction,
dgs5,5846,2023-05-17,5334,5845,512,-8.000000000000007,linear,50,10,60,50,0,50,0.1,0.09765625,0.09765625,4.0000000000000036,4.000000000000003e-06,mle,-0.23159488299352662,8.470794815910548,ok,True,True,extraction,
dgs5,5847,2023-05-18,5335,5846,512,-8.000000000000007,linear,50,10,60,50,0,50,0.1,0.09765625,0.09765625,4.0000000000000036,4.000000000000003e-06,mle,-0.23159488299352662,8.470794815910548,ok,True,True,extraction,
dgs5,5848,2023-05-19,5336,5847,512,-8.000000000000007,linear,50,10,60,50,0,50,0.1,0.09765625,0.09765625,4.0000000000000036,4.000000000000003e-06,mle,-0.23159488299352662,8.470794815910548,ok,True,True,extraction,
dgs5,5849,2023-05-22,5337,5848,512,-8.000000000000007,linear,50,10,60,50,0,50,0.1,0.09765625,0.09765625,4.0000000000000036,4.000000000000003e-06,mle,-0.23159488299352662,8.470794815910548,ok,True,True,extraction,
dgs5,5850,2023-05-23,5338,5849,512,-8.000000000000007,linear,50,10,60,50,0,50,0.1,0.09765625,0.09765625,4.0000000000000036,4.000000000000003e-06,mle,-0.23159488299352662,8.470794815910548,ok,True,True,extraction,
dgs5,5851,2023-05-24,5339,5850,512,-8.000000000000007,linear,50,10,60,50,0,50,0.1,0.09765625,0.09765625,4.0000000000000036,4.000000000000003e-06,mle,-0.23159488299352662,8.470794815910548,ok,True,True,extraction,
dgs5,5852,2023-05-25,5340,5851,512,-8.000000000000007,linear,50,10,60,50,0,50,0.1,0.09765625,0.09765625,4.0000000000000036,4.000000000000003e-06,mle,-0.23159488299352662,8.470794815910548,ok,True,True,extraction,
dgs5,5853,2023-05-26,5341,5852,512,-8.000000000000007,linear,50,10,60,50,0,50,0.1,0.09765625,0.09765625,4.0000000000000036,4.000000000000003e-06,mle,-0.23159488299352662,8.470794815910548,ok,True,True,extraction,
dgs5,5854,2023-05-30,5342,5853,512,-8.000000000000007,linear,50,10,60,50,0,50,0.1,0.09765625,0.09765625,4.0000000000000036,4.000000000000003e-06,mle,-0.23159488299352662,8.470794815910548,ok,True,True,extraction,
dgs5,5855,2023-05-31,5343,5854,512,-8.000000000000007,linear,51,10,61,51,0,51,0.1,0.099609375,0.099609375,4.0000000000000036,4.000000000000003e-06,mle,-0.2216315883186682,8.306697706402069,ok,True,True,extraction,
dgs5,5856,2023-06-01,5344,5855,512,-8.000000000000007,linear,51,10,61,51,0,51,0.1,0.099609375,0.099609375,4.0000000000000036,4.000000000000003e-06,mle,-0.2216315883186682,8.306697706402069,ok,True,True,extraction,
dgs5,5857,2023-06-02,5345,5856,512,-8.000000000000007,linear,51,10,61,51,0,51,0.1,0.099609375,0.099609375,4.0000000000000036,4.000000000000003e-06,mle,-0.2216315883186682,8.306697706402069,ok,True,True,extraction,
dgs5,5858,2023-06-05,5346,5857,512,-8.000000000000007,linear,51,10,61,51,0,51,0.1,0.099609375,0.099609375,4.0000000000000036,4.000000000000003e-06,mle,-0.2216315883186682,8.306697706402069,ok,True,True,extraction,
dgs5,5859,2023-06-06,5347,5858,512,-8.000000000000007,linear,51,10,61,51,0,51,0.1,0.099609375,0.099609375,4.0000000000000036,4.000000000000003e-06,mle,-0.2216315883186682,8.306697706402069,ok,True,True,extraction,
dgs5,5860,2023-06-07,5348,5859,512,-8.000000000000007,linear,51,10,61,51,0,51,0.1,0.099609375,0.099609375,4.0000000000000036,4.000000000000003e-06,mle,-0.2216315883186682,8.306697706402069,ok,True,True,extraction,
dgs5,5861,2023-06-08,5349,5860,512,-8.000000000000007,linear,51,10,61,51,0,51,0.1,0.099609375,0.099609375,4.0000000000000036,4.000000000000003e-06,mle,-0.2216315883186682,8.306697706402069,ok,True,True,extraction,
dgs5,5862,2023-06-09,5350,5861,512,-8.000000000000007,linear,51,10,61,51,0,51,0.1,0.099609375,0.099609375,4.0000000000000036,4.000000000000003e-06,mle,-0.2216315883186682,8.306697706402069,ok,True,True,extraction,
dgs5,5863,2023-06-12,5351,5862,512,-8.000000000000007,linear,51,10,61,51,0,51,0.1,0.099609375,0.099609375,4.0000000000000036,4.000000000000003e-06,mle,-0.2216315883186682,8.306697706402069,ok,True,True,extraction,
dgs5,5864,2023-06-13,5352,5863,512,-8.000000000000007,linear,51,10,61,51,0,51,0.1,0.099609375,0.099609375,4.0000000000000036,4.000000000000003e-06,mle,-0.2216315883186682,8.306697706402069,ok,True,True,extraction,
dgs5,5865,2023-06-14,5353,5864,512,-8.000000000000007,linear,51,10,61,51,0,51,0.1,0.099609375,0.099609375,4.0000000000000036,4.000000000000003e-06,mle,-0.2216315883186682,8.306697706402069,ok,True,True,extraction,
dgs5,5866,2023-06-15,5354,5865,512,-8.000000000000007,linear,51,10,61,51,0,51,0.1,0.099609375,0.099609375,4.0000000000000036,4.000000000000003e-06,mle,-0.2216315883186682,8.306697706402069,ok,True,True,extraction,
dgs5,5867,2023-06-16,5355,5866,512,-8.899999999999986,linear,52,0,52,52,0,52,0.1,0.1015625,0.1015625,4.0000000000000036,4.000000000000003e-06,mle,-0.07200098250954784,6.3172077720608115,ok,True,True,extraction,
dgs5,5868,2023-06-20,5356,5867,512,-8.899999999999986,linear,52,0,52,52,0,52,0.1,0.1015625,0.1015625,4.000000000000014,4.000000000000014e-06,mle,-0.07200098250954784,6.3172077720608115,ok,True,True,extraction,
dgs5,5869,2023-06-21,5357,5868,512,-8.899999999999986,linear,52,0,52,52,0,52,0.1,0.1015625,0.1015625,4.000000000000026,4.000000000000025e-06,mle,-0.07200098250954784,6.3172077720608115,ok,True,True,extraction,
dgs5,5870,2023-06-22,5358,5869,512,-8.899999999999986,linear,52,0,52,52,0,52,0.1,0.1015625,0.1015625,4.000000000000026,4.000000000000025e-06,mle,-0.07200098250954784,6.3172077720608115,ok,True,True,extraction,
dgs5,5871,2023-06-23,5359,5870,512,-8.899999999999986,linear,52,0,52,52,0,52,0.1,0.1015625,0.1015625,4.000000000000026,4.000000000000025e-06,mle,-0.07200098250954784,6.3172077720608115,ok,True,True,extraction,
dgs5,5872,2023-06-26,5360,5871,512,-8.899999999999986,linear,52,0,52,52,0,52,0.1,0.1015625,0.1015625,4.000000000000026,4.000000000000025e-06,mle,-0.07200098250954784,6.3172077720608115,ok,True,True,extraction,
dgs5,5873,2023-06-27,5361,5872,512,-8.899999999999986,linear,52,0,52,52,0,52,0.1,0.1015625,0.1015625,4.000000000000026,4.000000000000025e-06,mle,-0.07200098250954784,6.3172077720608115,ok,True,True,extraction,
dgs5,5874,2023-06-28,5362,5873,512,-8.899999999999986,linear,52,0,52,52,0,52,0.1,0.1015625,0.1015625,4.000000000000026,4.000000000000025e-06,mle,-0.07200098250954784,6.3172077720608115,ok,True,True,extraction,
dgs5,5875,2023-06-29,5363,5874,512,-8.899999999999986,linear,52,0,52,52,0,52,0.1,0.1015625,0.1015625,4.000000000000026,4.000000000000025e-06,mle,-0.07200098250954784,6.3172077720608115,ok,True,True,extraction,
dgs5,5876,2023-06-30,5364,5875,512,-8.899999999999986,linear,52,0,52,52,0,52,0.1,0.1015625,0.1015625,4.000000000000026,4.000000000000025e-06,mle,-0.07200098250954784,6.3172077720608115,ok,True,True,extraction,
dgs5,5877,2023-07-03,5365,5876,512,-8.899999999999986,linear,52,0,52,52,0,52,0.1,0.1015625,0.1015625,4.000000000000026,4.000000000000025e-06,mle,-0.07200098250954784,6.3172077720608115,ok,True,True,extraction,
dgs5,5878,2023-07-05,5366,5877,512,-8.899999999999986,linear,52,0,52,52,0,52,0.1,0.1015625,0.1015625,4.000000000000026,4.000000000000025e-06,mle,-0.07200098250954784,6.3172077720608115,ok,True,True,extraction,
dgs5,5879,2023-07-06,5367,5878,512,-8.899999999999986,linear,52,0,52,52,0,52,0.1,0.1015625,0.1015625,4.000000000000026,4.000000000000025e-06,mle,-0.07200098250954784,6.3172077720608115,ok,True,True,extraction,
dgs5,5880,2023-07-07,5368,5879,512,-8.899999999999986,linear,52,0,52,52,0,52,0.1,0.1015625,0.1015625,4.000000000000026,4.000000000000025e-06,mle,-0.07200098250954784,6.3172077720608115,ok,True,True,extraction,
dgs5,5881,2023-07-10,5369,5880,512,-8.899999999999986,linear,52,0,52,52,0,52,0.1,0.1015625,0.1015625,4.000000000000026,4.000000000000025e-06,mle,-0.07200098250954784,6.3172077720608115,ok,True,True,extraction,
dgs5,5882,2023-07-11,5370,5881,512,-8.999999999999986,linear,50,3,53,50,4,46,0.1,0.09765625,0.08984375,4.000000000000026,4.000000000000025e-06,mle,-0.21881718243746506,8.023155591377979,ok,True,True,extraction,
dgs5,5883,2023-07-12,5371,5882,512,-8.999999999999986,linear,50,3,53,50,4,46,0.1,0.09765625,0.08984375,4.000000000000026,4.000000000000025e-06,mle,-0.21881718243746506,8.023155591377979,ok,True,True,extraction,
dgs5,5884,2023-07-13,5372,5883,512,-8.999999999999986,linear,51,3,54,51,4,47,0.1,0.099609375,0.091796875,4.000000000000026,4.000000000000025e-06,mle,-0.23141992957970875,8.141107517132333,ok,True,True,extraction,
dgs5,5885,2023-07-14,5373,5884,512,-9.000000000000005,linear,52,0,52,52,4,48,0.1,0.1015625,0.09375,4.000000000000026,4.000000000000025e-06,mle,-0.23053159580947413,8.089814932303716,ok,True,True,extraction,
dgs5,5886,2023-07-17,5374,5885,512,-9.000000000000005,linear,52,0,52,52,4,48,0.1,0.1015625,0.09375,4.000000000000048,4.000000000000048e-06,mle,-0.23053159580947413,8.089814932303716,ok,True,True,extraction,
dgs5,5887,2023-07-18,5375,5886,512,-9.000000000000005,linear,52,0,52,52,4,48,0.1,0.1015625,0.09375,4.000000000000048,4.000000000000048e-06,mle,-0.23053159580947413,8.089814932303716,ok,True,True,extraction,
dgs5,5888,2023-07-19,5376,5887,512,-9.000000000000005,linear,52,0,52,52,4,48,0.1,0.1015625,0.09375,4.000000000000048,4.000000000000048e-06,mle,-0.23053159580947413,8.089814932303716,ok,True,True,extraction,
dgs5,5889,2023-07-20,5377,5888,512,-9.000000000000005,linear,52,0,52,52,4,48,0.1,0.1015625,0.09375,4.000000000000048,4.000000000000048e-06,mle,-0.23053159580947413,8.089814932303716,ok,True,True,extraction,
dgs5,5890,2023-07-21,5378,5889,512,-9.000000000000005,linear,52,0,52,52,4,48,0.1,0.1015625,0.09375,4.500000000000015,4.5000000000000145e-06,mle,-0.23053159580947413,8.089814932303716,ok,True,True,extraction,
dgs5,5891,2023-07-24,5379,5890,512,-9.000000000000005,linear,52,0,52,52,4,48,0.1,0.1015625,0.09375,4.500000000000015,4.5000000000000145e-06,mle,-0.23053159580947413,8.089814932303716,ok,True,True,extraction,
dgs5,5892,2023-07-25,5380,5891,512,-9.000000000000005,linear,52,0,52,52,4,48,0.1,0.1015625,0.09375,4.000000000000048,4.000000000000048e-06,mle,-0.23053159580947413,8.089814932303716,ok,True,True,extraction,
dgs5,5893,2023-07-26,5381,5892,512,-9.000000000000005,linear,52,0,52,52,4,48,0.1,0.1015625,0.09375,4.000000000000048,4.000000000000048e-06,mle,-0.23053159580947413,8.089814932303716,ok,True,True,extraction,
dgs5,5894,2023-07-27,5382,5893,512,-9.000000000000005,linear,52,0,52,52,4,48,0.1,0.1015625,0.09375,4.000000000000048,4.000000000000048e-06,mle,-0.23053159580947413,8.089814932303716,ok,True,True,extraction,
dgs5,5895,2023-07-28,5383,5894,512,-9.000000000000005,linear,52,0,52,52,4,48,0.1,0.1015625,0.09375,4.500000000000015,4.5000000000000145e-06,mle,-0.23053159580947413,8.089814932303716,ok,True,True,extraction,
dgs5,5896,2023-07-31,5384,5895,512,-9.000000000000005,linear,52,0,52,52,4,48,0.1,0.1015625,0.09375,4.99999999999996,4.99999999999996e-06,mle,-0.23053159580947413,8.089814932303716,ok,True,True,extraction,
dgs5,5897,2023-08-01,5385,5896,512,-9.000000000000005,linear,52,0,52,52,4,48,0.1,0.1015625,0.09375,4.99999999999996,4.99999999999996e-06,mle,-0.23053159580947413,8.089814932303716,ok,True,True,extraction,
dgs5,5898,2023-08-02,5386,5897,512,-9.000000000000005,linear,52,0,52,52,4,48,0.1,0.1015625,0.09375,4.99999999999996,4.99999999999996e-06,mle,-0.23053159580947413,8.089814932303716,ok,True,True,extraction,
dgs5,5899,2023-08-03,5387,5898,512,-9.000000000000005,linear,52,0,52,52,4,48,0.1,0.1015625,0.09375,4.99999999999996,4.99999999999996e-06,mle,-0.23053159580947413,8.089814932303716,ok,True,True,extraction,
dgs5,5900,2023-08-04,5388,5899,512,-9.000000000000005,linear,52,0,52,52,4,48,0.1,0.1015625,0.09375,4.99999999999996,4.99999999999996e-06,mle,-0.23053159580947413,8.089814932303716,ok,True,True,extraction,
dgs5,5901,2023-08-07,5389,5900,512,-9.000000000000005,linear,52,0,52,52,3,49,0.1,0.1015625,0.095703125,4.99999999999996,4.99999999999996e-06,mle,-0.23390507269083557,8.093301905588627,ok,True,True,extraction,
dgs5,5902,2023-08-08,5390,5901,512,-9.000000000000005,linear,52,0,52,52,3,49,0.1,0.1015625,0.095703125,4.99999999999996,4.99999999999996e-06,mle,-0.23390507269083557,8.093301905588627,ok,True,True,extraction,
dgs5,5903,2023-08-09,5391,5902,512,-9.000000000000005,linear,52,0,52,52,3,49,0.1,0.1015625,0.095703125,4.99999999999996,4.99999999999996e-06,mle,-0.23390507269083557,8.093301905588627,ok,True,True,extraction,
dgs5,5904,2023-08-10,5392,5903,512,-9.000000000000005,linear,52,0,52,52,3,49,0.1,0.1015625,0.095703125,4.99999999999996,4.99999999999996e-06,mle,-0.23390507269083557,8.093301905588627,ok,True,True,extraction,
dgs5,5905,2023-08-11,5393,5904,512,-9.000000000000005,linear,52,0,52,52,3,49,0.1,0.1015625,0.095703125,4.99999999999996,4.99999999999996e-06,mle,-0.23390507269083557,8.093301905588627,ok,True,True,extraction,
dgs5,5906,2023-08-14,5394,5905,512,-9.000000000000005,linear,52,0,52,52,3,49,0.1,0.1015625,0.095703125,4.99999999999996,4.99999999999996e-06,mle,-0.23390507269083557,8.093301905588627,ok,True,True,extraction,
dgs5,5907,2023-08-15,5395,5906,512,-9.000000000000005,linear,52,0,52,52,3,49,0.1,0.1015625,0.095703125,4.99999999999996,4.99999999999996e-06,mle,-0.23390507269083557,8.093301905588627,ok,True,True,extraction,
dgs5,5908,2023-08-16,5396,5907,512,-9.000000000000005,linear,52,0,52,52,3,49,0.1,0.1015625,0.095703125,4.99999999999996,4.99999999999996e-06,mle,-0.23390507269083557,8.093301905588627,ok,True,True,extraction,
dgs5,5909,2023-08-17,5397,5908,512,-9.000000000000005,linear,52,0,52,52,3,49,0.1,0.1015625,0.095703125,4.99999999999996,4.99999999999996e-06,mle,-0.23390507269083557,8.093301905588627,ok,True,True,extraction,
dgs5,5910,2023-08-18,5398,5909,512,-9.000000000000005,linear,52,0,52,52,3,49,0.1,0.1015625,0.095703125,4.99999999999996,4.99999999999996e-06,mle,-0.23390507269083557,8.093301905588627,ok,True,True,extraction,
dgs5,5911,2023-08-21,5399,5910,512,-9.000000000000005,linear,52,0,52,52,3,49,0.1,0.1015625,0.095703125,4.99999999999996,4.99999999999996e-06,mle,-0.23390507269083557,8.093301905588627,ok,True,True,extraction,
dgs5,5912,2023-08-22,5400,5911,512,-9.000000000000005,linear,52,0,52,52,3,49,0.1,0.1015625,0.095703125,4.99999999999996,4.99999999999996e-06,mle,-0.23390507269083557,8.093301905588627,ok,True,True,extraction,
dgs5,5913,2023-08-23,5401,5912,512,-9.000000000000005,linear,52,0,52,52,3,49,0.1,0.1015625,0.095703125,4.99999999999996,4.99999999999996e-06,mle,-0.23390507269083557,8.093301905588627,ok,True,True,extraction,
dgs5,5914,2023-08-24,5402,5913,512,-9.000000000000028,linear,52,0,52,52,2,50,0.1,0.1015625,0.09765625,4.999999999999972,4.999999999999972e-06,mle,-0.2290236318533775,7.995135424415253,ok,True,True,extraction,
dgs5,5915,2023-08-25,5403,5914,512,-9.000000000000028,linear,52,0,52,52,2,50,0.1,0.1015625,0.09765625,4.999999999999972,4.999999999999972e-06,mle,-0.2290236318533775,7.995135424415253,ok,True,True,extraction,
dgs5,5916,2023-08-28,5404,5915,512,-9.000000000000028,linear,52,0,52,52,2,50,0.1,0.1015625,0.09765625,4.999999999999972,4.999999999999972e-06,mle,-0.2290236318533775,7.995135424415253,ok,True,True,extraction,
dgs5,5917,2023-08-29,5405,5916,512,-9.000000000000028,linear,52,0,52,52,2,50,0.1,0.1015625,0.09765625,4.999999999999982,4.999999999999982e-06,mle,-0.2290236318533775,7.995135424415253,ok,True,True,extraction,
dgs5,5918,2023-08-30,5406,5917,512,-9.00000000000003,linear,51,2,53,51,0,51,0.1,0.099609375,0.099609375,4.999999999999982,4.999999999999982e-06,mle,-0.22042076725399323,7.853433457420643,ok,True,True,extraction,
dgs5,5919,2023-08-31,5407,5918,512,-9.00000000000003,linear,51,2,53,51,0,51,0.1,0.099609375,0.099609375,4.999999999999982,4.999999999999982e-06,mle,-0.22042076725399323,7.853433457420643,ok,True,True,extraction,
dgs5,5920,2023-09-01,5408,5919,512,-9.00000000000003,linear,51,2,53,51,0,51,0.1,0.099609375,0.099609375,4.999999999999982,4.999999999999982e-06,mle,-0.22042076725399323,7.853433457420643,ok,True,True,extraction,
dgs5,5921,2023-09-05,5409,5920,512,-9.00000000000003,linear,51,2,53,51,0,51,0.1,0.099609375,0.099609375,4.999999999999972,4.999999999999972e-06,mle,-0.22042076725399323,7.853433457420643,ok,True,True,extraction,
dgs5,5922,2023-09-06,5410,5921,512,-9.00000000000003,linear,51,2,53,51,0,51,0.1,0.099609375,0.099609375,4.999999999999982,4.999999999999982e-06,mle,-0.22042076725399323,7.853433457420643,ok,True,True,extraction,
dgs5,5923,2023-09-07,5411,5922,512,-9.00000000000003,linear,51,2,53,51,0,51,0.1,0.099609375,0.099609375,4.999999999999982,4.999999999999982e-06,mle,-0.22042076725399323,7.853433457420643,ok,True,True,extraction,
dgs5,5924,2023-09-08,5412,5923,512,-9.00000000000003,linear,51,2,53,51,0,51,0.1,0.099609375,0.099609375,4.999999999999993,4.999999999999993e-06,mle,-0.22042076725399323,7.853433457420643,ok,True,True,extraction,
dgs5,5925,2023-09-11,5413,5924,512,-9.00000000000003,linear,51,2,53,51,0,51,0.1,0.099609375,0.099609375,4.999999999999993,4.999999999999993e-06,mle,-0.22042076725399323,7.853433457420643,ok,True,True,extraction,
dgs5,5926,2023-09-12,5414,5925,512,-9.00000000000003,linear,51,2,53,51,0,51,0.1,0.099609375,0.099609375,4.999999999999993,4.999999999999993e-06,mle,-0.22042076725399323,7.853433457420643,ok,True,True,extraction,
dgs5,5927,2023-09-13,5415,5926,512,-9.00000000000003,linear,51,2,53,51,0,51,0.1,0.099609375,0.099609375,4.999999999999993,4.999999999999993e-06,mle,-0.22042076725399323,7.853433457420643,ok,True,True,extraction,
dgs5,5928,2023-09-14,5416,5927,512,-9.00000000000003,linear,51,2,53,51,0,51,0.1,0.099609375,0.099609375,4.999999999999993,4.999999999999993e-06,mle,-0.22042076725399323,7.853433457420643,ok,True,True,extraction,
dgs5,5929,2023-09-15,5417,5928,512,-9.00000000000003,linear,51,2,53,51,0,51,0.1,0.099609375,0.099609375,4.999999999999993,4.999999999999993e-06,mle,-0.22042076725399323,7.853433457420643,ok,True,True,extraction,
dgs5,5930,2023-09-18,5418,5929,512,-9.00000000000003,linear,51,2,53,51,0,51,0.1,0.099609375,0.099609375,4.999999999999982,4.999999999999982e-06,mle,-0.22042076725399323,7.853433457420643,ok,True,True,extraction,
dgs5,5931,2023-09-19,5419,5930,512,-9.00000000000003,linear,51,2,53,51,0,51,0.1,0.099609375,0.099609375,4.999999999999982,4.999999999999982e-06,mle,-0.22042076725399323,7.853433457420643,ok,True,True,extraction,
dgs5,5932,2023-09-20,5420,5931,512,-9.00000000000003,linear,51,2,53,51,0,51,0.1,0.099609375,0.099609375,4.999999999999982,4.999999999999982e-06,mle,-0.22042076725399323,7.853433457420643,ok,True,True,extraction,
dgs5,5933,2023-09-21,5421,5932,512,-9.00000000000003,linear,51,2,53,51,0,51,0.1,0.099609375,0.099609375,4.999999999999982,4.999999999999982e-06,mle,-0.22042076725399323,7.853433457420643,ok,True,True,extraction,
dgs5,5934,2023-09-22,5422,5933,512,-9.00000000000003,linear,51,2,53,51,0,51,0.1,0.099609375,0.099609375,4.999999999999993,4.999999999999993e-06,mle,-0.22042076725399323,7.853433457420643,ok,True,True,extraction,
dgs5,5935,2023-09-25,5423,5934,512,-9.00000000000003,linear,51,2,53,51,0,51,0.1,0.099609375,0.099609375,5.000000000000004,5.000000000000004e-06,mle,-0.22042076725399323,7.853433457420643,ok,True,True,extraction,
dgs5,5936,2023-09-26,5424,5935,512,-9.00000000000003,linear,51,2,53,51,0,51,0.1,0.099609375,0.099609375,5.000000000000004,5.000000000000004e-06,mle,-0.22042076725399323,7.853433457420643,ok,True,True,extraction,
dgs5,5937,2023-09-27,5425,5936,512,-9.00000000000003,linear,51,2,53,51,0,51,0.1,0.099609375,0.099609375,5.000000000000004,5.000000000000004e-06,mle,-0.22042076725399323,7.853433457420643,ok,True,True,extraction,
dgs5,5938,2023-09-28,5426,5937,512,-9.00000000000003,linear,51,2,53,51,0,51,0.1,0.099609375,0.099609375,5.000000000000004,5.000000000000004e-06,mle,-0.22042076725399323,7.853433457420643,ok,True,True,extraction,
dgs5,5939,2023-09-29,5427,5938,512,-9.00000000000003,linear,51,2,53,51,0,51,0.1,0.099609375,0.099609375,5.000000000000004,5.000000000000004e-06,mle,-0.22042076725399323,7.853433457420643,ok,True,True,extraction,
dgs5,5940,2023-10-02,5428,5939,512,-9.00000000000003,linear,51,2,53,51,0,51,0.1,0.099609375,0.099609375,5.000000000000004,5.000000000000004e-06,mle,-0.22042076725399323,7.853433457420643,ok,True,True,extraction,
dgs5,5941,2023-10-03,5429,5940,512,-9.00000000000003,linear,51,2,53,51,0,51,0.1,0.099609375,0.099609375,5.000000000000004,5.000000000000004e-06,mle,-0.22042076725399323,7.853433457420643,ok,True,True,extraction,
dgs5,5942,2023-10-04,5430,5941,512,-9.00000000000003,linear,51,2,53,51,0,51,0.1,0.099609375,0.099609375,5.000000000000004,5.000000000000004e-06,mle,-0.22042076725399323,7.853433457420643,ok,True,True,extraction,
dgs5,5943,2023-10-05,5431,5942,512,-9.00000000000003,linear,51,2,53,51,0,51,0.1,0.099609375,0.099609375,5.000000000000004,5.000000000000004e-06,mle,-0.22042076725399323,7.853433457420643,ok,True,True,extraction,
dgs5,5944,2023-10-06,5432,5943,512,-9.00000000000003,linear,51,2,53,51,0,51,0.1,0.099609375,0.099609375,5.000000000000004,5.000000000000004e-06,mle,-0.22042076725399323,7.853433457420643,ok,True,True,extraction,
dgs5,5945,2023-10-10,5433,5944,512,-9.00000000000003,linear,51,2,53,51,0,51,0.1,0.099609375,0.099609375,5.000000000000004,5.000000000000004e-06,mle,-0.22042076725399323,7.853433457420643,ok,True,True,extraction,
dgs5,5946,2023-10-11,5434,5945,512,-9.89999999999997,linear,52,0,52,52,0,52,0.1,0.1015625,0.1015625,5.000000000000004,5.000000000000004e-06,mle,-0.06097007991266981,5.821379162992432,ok,True,True,extraction,
dgs5,5947,2023-10-12,5435,5946,512,-9.89999999999997,linear,52,0,52,52,0,52,0.1,0.1015625,0.1015625,5.000000000000004,5.000000000000004e-06,mle,-0.06097007991266981,5.821379162992432,ok,True,True,extraction,
dgs5,5948,2023-10-13,5436,5947,512,-9.89999999999997,linear,52,0,52,52,0,52,0.1,0.1015625,0.1015625,5.000000000000004,5.000000000000004e-06,mle,-0.06097007991266981,5.821379162992432,ok,True,True,extraction,
dgs5,5949,2023-10-16,5437,5948,512,-9.89999999999997,linear,52,0,52,52,0,52,0.1,0.1015625,0.1015625,5.000000000000004,5.000000000000004e-06,mle,-0.06097007991266981,5.821379162992432,ok,True,True,extraction,
dgs5,5950,2023-10-17,5438,5949,512,-9.89999999999997,linear,52,0,52,52,0,52,0.1,0.1015625,0.1015625,5.000000000000004,5.000000000000004e-06,mle,-0.06097007991266981,5.821379162992432,ok,True,True,extraction,
dgs5,5951,2023-10-18,5439,5950,512,-9.89999999999997,linear,52,0,52,52,0,52,0.1,0.1015625,0.1015625,5.000000000000004,5.000000000000004e-06,mle,-0.06097007991266981,5.821379162992432,ok,True,True,extraction,
dgs5,5952,2023-10-19,5440,5951,512,-9.89999999999997,linear,52,0,52,52,0,52,0.1,0.1015625,0.1015625,5.000000000000004,5.000000000000004e-06,mle,-0.06097007991266981,5.821379162992432,ok,True,True,extraction,
dgs5,5953,2023-10-20,5441,5952,512,-9.89999999999997,linear,52,0,52,52,0,52,0.1,0.1015625,0.1015625,5.000000000000004,5.000000000000004e-06,mle,-0.06097007991266981,5.821379162992432,ok,True,True,extraction,
dgs5,5954,2023-10-23,5442,5953,512,-9.89999999999997,linear,52,0,52,52,0,52,0.1,0.1015625,0.1015625,5.000000000000004,5.000000000000004e-06,mle,-0.06097007991266981,5.821379162992432,ok,True,True,extraction,
dgs5,5955,2023-10-24,5443,5954,512,-9.89999999999997,linear,52,0,52,52,0,52,0.1,0.1015625,0.1015625,5.000000000000004,5.000000000000004e-06,mle,-0.06097007991266981,5.821379162992432,ok,True,True,extraction,
dgs5,5956,2023-10-25,5444,5955,512,-9.89999999999997,linear,52,0,52,52,0,52,0.1,0.1015625,0.1015625,5.000000000000004,5.000000000000004e-06,mle,-0.06097007991266981,5.821379162992432,ok,True,True,extraction,
dgs5,5957,2023-10-26,5445,5956,512,-9.89999999999997,linear,52,0,52,52,0,52,0.1,0.1015625,0.1015625,5.000000000000004,5.000000000000004e-06,mle,-0.06097007991266981,5.821379162992432,ok,True,True,extraction,
dgs5,5958,2023-10-27,5446,5957,512,-9.999999999999964,linear,51,2,53,51,5,46,0.1,0.099609375,0.08984375,5.000000000000004,5.000000000000004e-06,mle,-0.1896037643247238,7.2504657634387115,ok,True,True,extraction,
dgs5,5959,2023-10-30,5447,5958,512,-9.999999999999964,linear,51,2,53,51,5,46,0.1,0.099609375,0.08984375,5.000000000000004,5.000000000000004e-06,mle,-0.1896037643247238,7.2504657634387115,ok,True,True,extraction,
dgs5,5960,2023-10-31,5448,5959,512,-9.999999999999964,linear,51,2,53,51,5,46,0.1,0.099609375,0.08984375,5.000000000000004,5.000000000000004e-06,mle,-0.1896037643247238,7.2504657634387115,ok,True,True,extraction,
dgs5,5961,2023-11-01,5449,5960,512,-9.999999999999964,linear,51,2,53,51,5,46,0.1,0.099609375,0.08984375,5.000000000000004,5.000000000000004e-06,mle,-0.1896037643247238,7.2504657634387115,ok,True,True,extraction,
dgs5,5962,2023-11-02,5450,5961,512,-10.000000000000004,linear,52,0,52,52,5,47,0.1,0.1015625,0.091796875,5.000000000000004,5.000000000000004e-06,mle,-0.19162501979243549,7.232342646306717,ok,True,True,extraction,
dgs5,5963,2023-11-03,5451,5962,512,-10.000000000000004,linear,52,0,52,52,5,47,0.1,0.1015625,0.091796875,5.000000000000004,5.000000000000004e-06,mle,-0.19162501979243549,7.232342646306717,ok,True,True,extraction,
dgs5,5964,2023-11-06,5452,5963,512,-10.000000000000009,linear,48,5,53,48,0,48,0.1,0.09375,0.09375,5.000000000000004,5.000000000000004e-06,mle,-0.1979259764470161,7.266051964584377,ok,True,True,extraction,
dgs5,5965,2023-11-07,5453,5964,512,-10.000000000000009,linear,48,5,53,48,0,48,0.1,0.09375,0.09375,5.000000000000004,5.000000000000004e-06,mle,-0.1979259764470161,7.266051964584377,ok,True,True,extraction,
dgs5,5966,2023-11-08,5454,5965,512,-10.000000000000009,linear,48,5,53,48,0,48,0.1,0.09375,0.09375,5.000000000000004,5.000000000000004e-06,mle,-0.1979259764470161,7.266051964584377,ok,True,True,extraction,
dgs5,5967,2023-11-09,5455,5966,512,-10.000000000000009,linear,48,5,53,48,0,48,0.1,0.09375,0.09375,5.000000000000004,5.000000000000004e-06,mle,-0.1979259764470161,7.266051964584377,ok,True,True,extraction,
dgs5,5968,2023-11-10,5456,5967,512,-10.000000000000009,linear,48,5,53,48,0,48,0.1,0.09375,0.09375,5.000000000000004,5.000000000000004e-06,mle,-0.1979259764470161,7.266051964584377,ok,True,True,extraction,
dgs5,5969,2023-11-13,5457,5968,512,-10.000000000000009,linear,48,5,53,48,0,48,0.1,0.09375,0.09375,5.000000000000004,5.000000000000004e-06,mle,-0.1979259764470161,7.266051964584377,ok,True,True,extraction,
dgs5,5970,2023-11-14,5458,5969,512,-10.000000000000009,linear,48,5,53,48,0,48,0.1,0.09375,0.09375,5.000000000000004,5.000000000000004e-06,mle,-0.1979259764470161,7.266051964584377,ok,True,True,extraction,
dgs5,5971,2023-11-15,5459,5970,512,-10.000000000000009,linear,49,5,54,49,0,49,0.1,0.095703125,0.095703125,5.000000000000004,5.000000000000004e-06,mle,-0.22567281887190513,7.641822828812651,ok,True,True,extraction,
dgs5,5972,2023-11-16,5460,5971,512,-10.000000000000009,linear,49,5,54,49,0,49,0.1,0.095703125,0.095703125,5.000000000000004,5.000000000000004e-06,mle,-0.22567281887190513,7.641822828812651,ok,True,True,extraction,
dgs5,5973,2023-11-17,5461,5972,512,-10.000000000000009,linear,49,5,54,49,0,49,0.1,0.095703125,0.095703125,5.000000000000004,5.000000000000004e-06,mle,-0.22567281887190513,7.641822828812651,ok,True,True,extraction,
dgs5,5974,2023-11-20,5462,5973,512,-10.000000000000009,linear,49,5,54,49,0,49,0.1,0.095703125,0.095703125,5.000000000000004,5.000000000000004e-06,mle,-0.22567281887190513,7.641822828812651,ok,True,True,extraction,
dgs5,5975,2023-11-21,5463,5974,512,-10.000000000000009,linear,49,5,54,49,0,49,0.1,0.095703125,0.095703125,5.000000000000004,5.000000000000004e-06,mle,-0.22567281887190513,7.641822828812651,ok,True,True,extraction,
dgs5,5976,2023-11-22,5464,5975,512,-10.000000000000009,linear,49,5,54,49,0,49,0.1,0.095703125,0.095703125,5.000000000000004,5.000000000000004e-06,mle,-0.22567281887190513,7.641822828812651,ok,True,True,extraction,
dgs5,5977,2023-11-24,5465,5976,512,-10.000000000000009,linear,49,5,54,49,0,49,0.1,0.095703125,0.095703125,5.000000000000004,5.000000000000004e-06,mle,-0.22567281887190513,7.641822828812651,ok,True,True,extraction,
dgs5,5978,2023-11-27,5466,5977,512,-10.000000000000009,linear,49,5,54,49,0,49,0.1,0.095703125,0.095703125,5.000000000000004,5.000000000000004e-06,mle,-0.22567281887190513,7.641822828812651,ok,True,True,extraction,
dgs5,5979,2023-11-28,5467,5978,512,-10.000000000000009,linear,50,5,55,50,0,50,0.1,0.09765625,0.09765625,5.000000000000004,5.000000000000004e-06,mle,-0.20745646591785014,7.401855417106109,ok,True,True,extraction,
dgs5,5980,2023-11-29,5468,5979,512,-10.000000000000009,linear,50,5,55,50,0,50,0.1,0.09765625,0.09765625,5.000000000000004,5.000000000000004e-06,mle,-0.20745646591785014,7.401855417106109,ok,True,True,extraction,
dgs5,5981,2023-11-30,5469,5980,512,-10.000000000000009,linear,50,5,55,50,0,50,0.1,0.09765625,0.09765625,5.000000000000004,5.000000000000004e-06,mle,-0.20745646591785014,7.401855417106109,ok,True,True,extraction,
dgs5,5982,2023-12-01,5470,5981,512,-10.000000000000009,linear,50,5,55,50,0,50,0.1,0.09765625,0.09765625,5.000000000000004,5.000000000000004e-06,mle,-0.20745646591785014,7.401855417106109,ok,True,True,extraction,
dgs5,5983,2023-12-04,5471,5982,512,-10.000000000000009,linear,51,5,56,51,0,51,0.1,0.099609375,0.099609375,5.000000000000004,5.000000000000004e-06,mle,-0.2169741110290069,7.478432781941098,ok,True,True,extraction,
dgs5,5984,2023-12-05,5472,5983,512,-10.000000000000009,linear,51,5,56,51,0,51,0.1,0.099609375,0.099609375,5.000000000000004,5.000000000000004e-06,mle,-0.2169741110290069,7.478432781941098,ok,True,True,extraction,
dgs5,5985,2023-12-06,5473,5984,512,-10.000000000000009,linear,51,5,56,51,0,51,0.1,0.099609375,0.099609375,5.000000000000004,5.000000000000004e-06,mle,-0.2169741110290069,7.478432781941098,ok,True,True,extraction,
dgs5,5986,2023-12-07,5474,5985,512,-10.000000000000009,linear,51,5,56,51,0,51,0.1,0.099609375,0.099609375,5.000000000000004,5.000000000000004e-06,mle,-0.2169741110290069,7.478432781941098,ok,True,True,extraction,
dgs5,5987,2023-12-08,5475,5986,512,-10.000000000000009,linear,51,5,56,51,0,51,0.1,0.099609375,0.099609375,5.000000000000004,5.000000000000004e-06,mle,-0.2169741110290069,7.478432781941098,ok,True,True,extraction,
dgs5,5988,2023-12-11,5476,5987,512,-10.000000000000009,linear,51,5,56,51,0,51,0.1,0.099609375,0.099609375,5.000000000000004,5.000000000000004e-06,mle,-0.2169741110290069,7.478432781941098,ok,True,True,extraction,
dgs5,5989,2023-12-12,5477,5988,512,-10.000000000000009,linear,51,5,56,51,0,51,0.1,0.099609375,0.099609375,5.000000000000004,5.000000000000004e-06,mle,-0.2169741110290069,7.478432781941098,ok,True,True,extraction,
dgs5,5990,2023-12-13,5478,5989,512,-10.000000000000009,linear,51,5,56,51,0,51,0.1,0.099609375,0.099609375,5.000000000000004,5.000000000000004e-06,mle,-0.2169741110290069,7.478432781941098,ok,True,True,extraction,
dgs5,5991,2023-12-14,5479,5990,512,-10.000000000000009,linear,51,5,56,51,0,51,0.1,0.099609375,0.099609375,5.000000000000004,5.000000000000004e-06,mle,-0.23053230982275916,7.691927043786281,ok,True,True,extraction,
dgs5,5992,2023-12-15,5480,5991,512,-10.000000000000009,linear,51,6,57,51,0,51,0.1,0.099609375,0.099609375,5.000000000000004,5.000000000000004e-06,mle,-0.23053230982275916,7.691927043786281,ok,True,True,extraction,
dgs5,5993,2023-12-18,5481,5992,512,-10.000000000000009,linear,51,6,57,51,0,51,0.1,0.099609375,0.099609375,5.000000000000004,5.000000000000004e-06,mle,-0.23053230982275916,7.691927043786281,ok,True,True,extraction,
dgs5,5994,2023-12-19,5482,5993,512,-10.000000000000009,linear,51,6,57,51,0,51,0.1,0.099609375,0.099609375,5.000000000000004,5.000000000000004e-06,mle,-0.23053230982275916,7.691927043786281,ok,True,True,extraction,
dgs5,5995,2023-12-20,5483,5994,512,-10.000000000000009,linear,51,6,57,51,0,51,0.1,0.099609375,0.099609375,5.000000000000004,5.000000000000004e-06,mle,-0.23053230982275916,7.691927043786281,ok,True,True,extraction,
dgs5,5996,2023-12-21,5484,5995,512,-10.000000000000009,linear,51,6,57,51,0,51,0.1,0.099609375,0.099609375,5.000000000000004,5.000000000000004e-06,mle,-0.23053230982275916,7.691927043786281,ok,True,True,extraction,
dgs5,5997,2023-12-22,5485,5996,512,-10.000000000000009,linear,51,6,57,51,0,51,0.1,0.099609375,0.099609375,5.000000000000004,5.000000000000004e-06,mle,-0.23053230982275916,7.691927043786281,ok,True,True,extraction,
dgs5,5998,2023-12-26,5486,5997,512,-10.000000000000009,linear,51,6,57,51,0,51,0.1,0.099609375,0.099609375,4.999999999999993,4.999999999999993e-06,mle,-0.23053230982275916,7.691927043786281,ok,True,True,extraction,
dgs5,5999,2023-12-27,5487,5998,512,-10.000000000000009,linear,51,6,57,51,0,51,0.1,0.099609375,0.099609375,4.999999999999993,4.999999999999993e-06,mle,-0.23053230982275916,7.691927043786281,ok,True,True,extraction,
dgs5,6000,2023-12-28,5488,5999,512,-10.899999999999988,linear,52,0,52,52,0,52,0.1,0.1015625,0.1015625,4.999999999999993,4.999999999999993e-06,mle,-0.018928695074537188,5.334019645249669,ok,True,True,extraction,
dgs5,6001,2023-12-29,5489,6000,512,-10.899999999999988,linear,52,0,52,52,0,52,0.1,0.1015625,0.1015625,5.000000000000004,5.000000000000004e-06,mle,-0.018928695074537188,5.334019645249669,ok,True,True,extraction,
dgs5,6002,2024-01-02,5490,6001,512,-10.899999999999988,linear,52,0,52,52,0,52,0.1,0.1015625,0.1015625,5.000000000000004,5.000000000000004e-06,mle,-0.018928695074537188,5.334019645249669,ok,True,True,extraction,
dgs5,6003,2024-01-03,5491,6002,512,-10.899999999999988,linear,52,0,52,52,0,52,0.1,0.1015625,0.1015625,5.000000000000004,5.000000000000004e-06,mle,-0.018928695074537188,5.334019645249669,ok,True,True,extraction,
dgs5,6004,2024-01-04,5492,6003,512,-10.899999999999988,linear,52,0,52,52,0,52,0.1,0.1015625,0.1015625,4.999999999999993,4.999999999999993e-06,mle,-0.018928695074537188,5.334019645249669,ok,True,True,extraction,
dgs5,6005,2024-01-05,5493,6004,512,-10.899999999999988,linear,52,0,52,52,0,52,0.1,0.1015625,0.1015625,5.000000000000004,5.000000000000004e-06,mle,-0.018928695074537188,5.334019645249669,ok,True,True,extraction,
dgs5,6006,2024-01-08,5494,6005,512,-10.899999999999988,linear,52,0,52,52,0,52,0.1,0.1015625,0.1015625,5.000000000000004,5.000000000000004e-06,mle,-0.018928695074537188,5.334019645249669,ok,True,True,extraction,
dgs5,6007,2024-01-09,5495,6006,512,-10.899999999999988,linear,52,0,52,52,0,52,0.1,0.1015625,0.1015625,5.000000000000004,5.000000000000004e-06,mle,-0.018928695074537188,5.334019645249669,ok,True,True,extraction,
dgs5,6008,2024-01-10,5496,6007,512,-10.899999999999988,linear,52,0,52,52,0,52,0.1,0.1015625,0.1015625,5.000000000000004,5.000000000000004e-06,mle,-0.018928695074537188,5.334019645249669,ok,True,True,extraction,
dgs5,6009,2024-01-11,5497,6008,512,-10.899999999999988,linear,52,0,52,52,0,52,0.1,0.1015625,0.1015625,5.000000000000004,5.000000000000004e-06,mle,-0.018928695074537188,5.334019645249669,ok,True,True,extraction,
dgs5,6010,2024-01-12,5498,6009,512,-10.899999999999988,linear,52,0,52,52,0,52,0.1,0.1015625,0.1015625,5.000000000000004,5.000000000000004e-06,mle,-0.018928695074537188,5.334019645249669,ok,True,True,extraction,
dgs5,6011,2024-01-16,5499,6010,512,-10.899999999999988,linear,52,0,52,52,0,52,0.1,0.1015625,0.1015625,5.000000000000016,5.000000000000016e-06,mle,-0.018928695074537188,5.334019645249669,ok,True,True,extraction,
dgs5,6012,2024-01-17,5500,6011,512,-10.899999999999988,linear,52,0,52,52,0,52,0.1,0.1015625,0.1015625,5.000000000000016,5.000000000000016e-06,mle,-0.018928695074537188,5.334019645249669,ok,True,True,extraction,
dgs5,6013,2024-01-18,5501,6012,512,-10.899999999999988,linear,52,0,52,52,0,52,0.1,0.1015625,0.1015625,5.000000000000016,5.000000000000016e-06,mle,-0.018928695074537188,5.334019645249669,ok,True,True,extraction,
dgs5,6014,2024-01-19,5502,6013,512,-10.899999999999988,linear,52,0,52,52,0,52,0.1,0.1015625,0.1015625,5.000000000000004,5.000000000000004e-06,mle,-0.018928695074537188,5.334019645249669,ok,True,True,extraction,
dgs5,6015,2024-01-22,5503,6014,512,-10.899999999999988,linear,52,0,52,52,0,52,0.1,0.1015625,0.1015625,5.000000000000016,5.000000000000016e-06,mle,-0.018928695074537188,5.334019645249669,ok,True,True,extraction,
dgs5,6016,2024-01-23,5504,6015,512,-10.899999999999988,linear,52,0,52,52,0,52,0.1,0.1015625,0.1015625,5.000000000000004,5.000000000000004e-06,mle,-0.018928695074537188,5.334019645249669,ok,True,True,extraction,
dgs5,6017,2024-01-24,5505,6016,512,-10.899999999999988,linear,52,0,52,52,0,52,0.1,0.1015625,0.1015625,5.000000000000016,5.000000000000016e-06,mle,-0.018928695074537188,5.334019645249669,ok,True,True,extraction,
dgs5,6018,2024-01-25,5506,6017,512,-10.899999999999988,linear,52,0,52,52,0,52,0.1,0.1015625,0.1015625,5.000000000000004,5.000000000000004e-06,mle,-0.018928695074537188,5.334019645249669,ok,True,True,extraction,
dgs5,6019,2024-01-26,5507,6018,512,-10.899999999999988,linear,52,0,52,52,0,52,0.1,0.1015625,0.1015625,5.000000000000016,5.000000000000016e-06,mle,-0.018928695074537188,5.334019645249669,ok,True,True,extraction,
dgs5,6020,2024-01-29,5508,6019,512,-10.899999999999988,linear,52,0,52,52,0,52,0.1,0.1015625,0.1015625,5.000000000000016,5.000000000000016e-06,mle,-0.018928695074537188,5.334019645249669,ok,True,True,extraction,
dgs5,6021,2024-01-30,5509,6020,512,-10.899999999999988,linear,52,0,52,52,0,52,0.1,0.1015625,0.1015625,5.000000000000027,5.000000000000027e-06,mle,-0.018928695074537188,5.334019645249669,ok,True,True,extraction,
dgs5,6022,2024-01-31,5510,6021,512,-10.899999999999988,linear,52,0,52,52,0,52,0.1,0.1015625,0.1015625,5.000000000000016,5.000000000000016e-06,mle,-0.018928695074537188,5.334019645249669,ok,True,True,extraction,
dgs5,6023,2024-02-01,5511,6022,512,-10.899999999999988,linear,52,0,52,52,0,52,0.1,0.1015625,0.1015625,5.000000000000016,5.000000000000016e-06,mle,-0.018928695074537188,5.334019645249669,ok,True,True,extraction,
dgs5,6024,2024-02-02,5512,6023,512,-10.999999999999988,linear,50,3,53,50,6,44,0.1,0.09765625,0.0859375,5.000000000000016,5.000000000000016e-06,mle,-0.2303491682196046,7.4949550772283065,ok,True,True,extraction,
dgs5,6025,2024-02-05,5513,6024,512,-10.999999999999988,linear,50,3,53,50,6,44,0.1,0.09765625,0.0859375,5.000000000000016,5.000000000000016e-06,mle,-0.2303491682196046,7.4949550772283065,ok,True,True,extraction,
dgs5,6026,2024-02-06,5514,6025,512,-10.999999999999988,linear,50,3,53,50,6,44,0.1,0.09765625,0.0859375,5.000000000000016,5.000000000000016e-06,mle,-0.2303491682196046,7.4949550772283065,ok,True,True,extraction,
dgs5,6027,2024-02-07,5515,6026,512,-10.999999999999988,linear,50,3,53,50,6,44,0.1,0.09765625,0.0859375,5.000000000000016,5.000000000000016e-06,mle,-0.2303491682196046,7.4949550772283065,ok,True,True,extraction,
dgs5,6028,2024-02-08,5516,6027,512,-10.999999999999988,linear,50,3,53,50,6,44,0.1,0.09765625,0.0859375,5.000000000000004,5.000000000000004e-06,mle,-0.2303491682196046,7.4949550772283065,ok,True,True,extraction,
dgs5,6029,2024-02-09,5517,6028,512,-10.999999999999988,linear,50,3,53,50,6,44,0.1,0.09765625,0.0859375,5.000000000000016,5.000000000000016e-06,mle,-0.2303491682196046,7.4949550772283065,ok,True,True,extraction,
dgs5,6030,2024-02-12,5518,6029,512,-10.999999999999988,linear,50,3,53,50,6,44,0.1,0.09765625,0.0859375,5.000000000000027,5.000000000000027e-06,mle,-0.2303491682196046,7.4949550772283065,ok,True,True,extraction,
dgs5,6031,2024-02-13,5519,6030,512,-10.999999999999988,linear,50,3,53,50,6,44,0.1,0.09765625,0.0859375,5.000000000000016,5.000000000000016e-06,mle,-0.2303491682196046,7.4949550772283065,ok,True,True,extraction,
dgs5,6032,2024-02-14,5520,6031,512,-10.999999999999988,linear,50,3,53,50,6,44,0.1,0.09765625,0.0859375,5.000000000000016,5.000000000000016e-06,mle,-0.2303491682196046,7.4949550772283065,ok,True,True,extraction,
dgs5,6033,2024-02-15,5521,6032,512,-10.999999999999988,linear,50,3,53,50,6,44,0.1,0.09765625,0.0859375,5.000000000000016,5.000000000000016e-06,mle,-0.2303491682196046,7.4949550772283065,ok,True,True,extraction,
dgs5,6034,2024-02-16,5522,6033,512,-10.999999999999988,linear,50,3,53,50,6,44,0.1,0.09765625,0.0859375,5.000000000000016,5.000000000000016e-06,mle,-0.2303491682196046,7.4949550772283065,ok,True,True,extraction,
dgs5,6035,2024-02-20,5523,6034,512,-10.999999999999988,linear,50,3,53,50,6,44,0.1,0.09765625,0.0859375,5.000000000000027,5.000000000000027e-06,mle,-0.2303491682196046,7.4949550772283065,ok,True,True,extraction,
dgs5,6036,2024-02-21,5524,6035,512,-10.999999999999988,linear,50,3,53,50,6,44,0.1,0.09765625,0.0859375,5.000000000000027,5.000000000000027e-06,mle,-0.2303491682196046,7.4949550772283065,ok,True,True,extraction,
dgs5,6037,2024-02-22,5525,6036,512,-10.999999999999988,linear,50,3,53,50,6,44,0.1,0.09765625,0.0859375,5.000000000000027,5.000000000000027e-06,mle,-0.2303491682196046,7.4949550772283065,ok,True,True,extraction,
dgs5,6038,2024-02-23,5526,6037,512,-10.999999999999988,linear,50,3,53,50,6,44,0.1,0.09765625,0.0859375,5.000000000000027,5.000000000000027e-06,mle,-0.2303491682196046,7.4949550772283065,ok,True,True,extraction,
dgs5,6039,2024-02-26,5527,6038,512,-10.999999999999988,linear,50,3,53,50,6,44,0.1,0.09765625,0.0859375,5.000000000000027,5.000000000000027e-06,mle,-0.2303491682196046,7.4949550772283065,ok,True,True,extraction,
dgs5,6040,2024-02-27,5528,6039,512,-10.999999999999988,linear,50,3,53,50,6,44,0.1,0.09765625,0.0859375,5.000000000000027,5.000000000000027e-06,mle,-0.2303491682196046,7.4949550772283065,ok,True,True,extraction,
dgs5,6041,2024-02-28,5529,6040,512,-10.999999999999988,linear,50,3,53,50,6,44,0.1,0.09765625,0.0859375,5.000000000000027,5.000000000000027e-06,mle,-0.2303491682196046,7.4949550772283065,ok,True,True,extraction,
dgs5,6042,2024-02-29,5530,6041,512,-10.999999999999988,linear,50,3,53,50,6,44,0.1,0.09765625,0.0859375,5.000000000000027,5.000000000000027e-06,mle,-0.2303491682196046,7.4949550772283065,ok,True,True,extraction,
dgs5,6043,2024-03-01,5531,6042,512,-10.999999999999988,linear,50,3,53,50,6,44,0.1,0.09765625,0.0859375,5.000000000000004,5.000000000000004e-06,mle,-0.2303491682196046,7.4949550772283065,ok,True,True,extraction,
dgs5,6044,2024-03-04,5532,6043,512,-10.899999999999988,linear,52,0,52,52,0,52,0.1,0.1015625,0.1015625,5.000000000000004,5.000000000000004e-06,mle,-0.007793221136553513,5.256069890354158,ok,True,True,extraction,
dgs5,6045,2024-03-05,5533,6044,512,-10.899999999999988,linear,52,0,52,52,0,52,0.1,0.1015625,0.1015625,5.000000000000004,5.000000000000004e-06,mle,-0.007793221136553513,5.256069890354158,ok,True,True,extraction,
dgs5,6046,2024-03-06,5534,6045,512,-10.899999999999988,linear,52,0,52,52,0,52,0.1,0.1015625,0.1015625,5.000000000000027,5.000000000000027e-06,mle,-0.007793221136553513,5.256069890354158,ok,True,True,extraction,
dgs5,6047,2024-03-07,5535,6046,512,-10.899999999999988,linear,52,0,52,52,0,52,0.1,0.1015625,0.1015625,5.000000000000027,5.000000000000027e-06,mle,-0.007793221136553513,5.256069890354158,ok,True,True,extraction,
dgs5,6048,2024-03-08,5536,6047,512,-10.899999999999988,linear,52,0,52,52,0,52,0.1,0.1015625,0.1015625,5.000000000000027,5.000000000000027e-06,mle,-0.007793221136553513,5.256069890354158,ok,True,True,extraction,
dgs5,6049,2024-03-11,5537,6048,512,-10.899999999999988,linear,52,0,52,52,0,52,0.1,0.1015625,0.1015625,5.000000000000027,5.000000000000027e-06,mle,-0.007793221136553513,5.256069890354158,ok,True,True,extraction,
dgs5,6050,2024-03-12,5538,6049,512,-10.899999999999988,linear,52,0,52,52,0,52,0.1,0.1015625,0.1015625,5.000000000000027,5.000000000000027e-06,mle,-0.007793221136553513,5.256069890354158,ok,True,True,extraction,
dgs5,6051,2024-03-13,5539,6050,512,-10.899999999999988,linear,52,0,52,52,0,52,0.1,0.1015625,0.1015625,5.000000000000027,5.000000000000027e-06,mle,-0.007793221136553513,5.256069890354158,ok,True,True,extraction,
dgs5,6052,2024-03-14,5540,6051,512,-10.899999999999988,linear,52,0,52,52,0,52,0.1,0.1015625,0.1015625,5.000000000000004,5.000000000000004e-06,mle,-0.007793221136553513,5.256069890354158,ok,True,True,extraction,
dgs5,6053,2024-03-15,5541,6052,512,-10.899999999999988,linear,52,0,52,52,0,52,0.1,0.1015625,0.1015625,5.000000000000004,5.000000000000004e-06,mle,-0.007793221136553513,5.256069890354158,ok,True,True,extraction,
dgs5,6054,2024-03-18,5542,6053,512,-10.000000000000009,linear,51,6,57,51,0,51,0.1,0.099609375,0.099609375,5.000000000000027,5.000000000000027e-06,mle,-0.20607299226787976,7.423887041807129,ok,True,True,extraction,
dgs5,6055,2024-03-19,5543,6054,512,-10.000000000000009,linear,50,6,56,50,0,50,0.1,0.09765625,0.09765625,5.000000000000027,5.000000000000027e-06,mle,-0.20459395032164662,7.445195917714821,ok,True,True,extraction,
dgs5,6056,2024-03-20,5544,6055,512,-10.000000000000009,linear,50,6,56,50,0,50,0.1,0.09765625,0.09765625,5.000000000000027,5.000000000000027e-06,mle,-0.20459395032164662,7.445195917714821,ok,True,True,extraction,
dgs5,6057,2024-03-21,5545,6056,512,-10.000000000000009,linear,50,6,56,50,0,50,0.1,0.09765625,0.09765625,5.000000000000027,5.000000000000027e-06,mle,-0.20459395032164662,7.445195917714821,ok,True,True,extraction,
dgs5,6058,2024-03-22,5546,6057,512,-10.000000000000009,linear,50,6,56,50,0,50,0.1,0.09765625,0.09765625,5.000000000000027,5.000000000000027e-06,mle,-0.20459395032164662,7.445195917714821,ok,True,True,extraction,
dgs5,6059,2024-03-25,5547,6058,512,-10.000000000000009,linear,50,6,56,50,0,50,0.1,0.09765625,0.09765625,5.000000000000004,5.000000000000004e-06,mle,-0.20459395032164662,7.445195917714821,ok,True,True,extraction,
dgs5,6060,2024-03-26,5548,6059,512,-10.000000000000009,linear,50,6,56,50,0,50,0.1,0.09765625,0.09765625,5.000000000000004,5.000000000000004e-06,mle,-0.20459395032164662,7.445195917714821,ok,True,True,extraction,
dgs5,6061,2024-03-27,5549,6060,512,-10.000000000000009,linear,50,6,56,50,0,50,0.1,0.09765625,0.09765625,5.000000000000027,5.000000000000027e-06,mle,-0.20459395032164662,7.445195917714821,ok,True,True,extraction,
dgs5,6062,2024-03-28,5550,6061,512,-10.000000000000009,linear,50,6,56,50,0,50,0.1,0.09765625,0.09765625,5.000000000000027,5.000000000000027e-06,mle,-0.20459395032164662,7.445195917714821,ok,True,True,extraction,
dgs5,6063,2024-04-01,5551,6062,512,-10.000000000000009,linear,50,6,56,50,0,50,0.1,0.09765625,0.09765625,5.000000000000027,5.000000000000027e-06,mle,-0.20459395032164662,7.445195917714821,ok,True,True,extraction,
dgs5,6064,2024-04-02,5552,6063,512,-10.000000000000009,linear,50,6,56,50,0,50,0.1,0.09765625,0.09765625,5.000000000000027,5.000000000000027e-06,mle,-0.20459395032164662,7.445195917714821,ok,True,True,extraction,
dgs5,6065,2024-04-03,5553,6064,512,-10.000000000000009,linear,50,6,56,50,0,50,0.1,0.09765625,0.09765625,5.000000000000027,5.000000000000027e-06,mle,-0.20459395032164662,7.445195917714821,ok,True,True,extraction,
dgs5,6066,2024-04-04,5554,6065,512,-10.000000000000009,linear,50,6,56,50,0,50,0.1,0.09765625,0.09765625,5.000000000000027,5.000000000000027e-06,mle,-0.20459395032164662,7.445195917714821,ok,True,True,extraction,
dgs5,6067,2024-04-05,5555,6066,512,-10.000000000000009,linear,50,6,56,50,0,50,0.1,0.09765625,0.09765625,5.000000000000027,5.000000000000027e-06,mle,-0.20459395032164662,7.445195917714821,ok,True,True,extraction,
dgs5,6068,2024-04-08,5556,6067,512,-10.000000000000009,linear,50,6,56,50,0,50,0.1,0.09765625,0.09765625,5.000000000000027,5.000000000000027e-06,mle,-0.20459395032164662,7.445195917714821,ok,True,True,extraction,
dgs5,6069,2024-04-09,5557,6068,512,-10.000000000000009,linear,50,6,56,50,0,50,0.1,0.09765625,0.09765625,5.000000000000027,5.000000000000027e-06,mle,-0.20459395032164662,7.445195917714821,ok,True,True,extraction,
dgs5,6070,2024-04-10,5558,6069,512,-10.000000000000009,linear,50,6,56,50,0,50,0.1,0.09765625,0.09765625,5.000000000000027,5.000000000000027e-06,mle,-0.20459395032164662,7.445195917714821,ok,True,True,extraction,
dgs5,6071,2024-04-11,5559,6070,512,-10.000000000000009,linear,50,6,56,50,0,50,0.1,0.09765625,0.09765625,5.000000000000027,5.000000000000027e-06,mle,-0.20459395032164662,7.445195917714821,ok,True,True,extraction,
dgs5,6072,2024-04-12,5560,6071,512,-10.000000000000009,linear,50,6,56,50,0,50,0.1,0.09765625,0.09765625,5.000000000000027,5.000000000000027e-06,mle,-0.20459395032164662,7.445195917714821,ok,True,True,extraction,
dgs5,6073,2024-04-15,5561,6072,512,-10.000000000000009,linear,50,6,56,50,0,50,0.1,0.09765625,0.09765625,5.000000000000027,5.000000000000027e-06,mle,-0.20459395032164662,7.445195917714821,ok,True,True,extraction,
dgs5,6074,2024-04-16,5562,6073,512,-10.000000000000009,linear,50,6,56,50,0,50,0.1,0.09765625,0.09765625,5.000000000000027,5.000000000000027e-06,mle,-0.20459395032164662,7.445195917714821,ok,True,True,extraction,
dgs5,6075,2024-04-17,5563,6074,512,-10.000000000000009,linear,50,6,56,50,0,50,0.1,0.09765625,0.09765625,5.000000000000027,5.000000000000027e-06,mle,-0.20459395032164662,7.445195917714821,ok,True,True,extraction,
dgs5,6076,2024-04-18,5564,6075,512,-10.000000000000009,linear,50,6,56,50,0,50,0.1,0.09765625,0.09765625,5.000000000000027,5.000000000000027e-06,mle,-0.20459395032164662,7.445195917714821,ok,True,True,extraction,
dgs5,6077,2024-04-19,5565,6076,512,-10.000000000000009,linear,50,6,56,50,0,50,0.1,0.09765625,0.09765625,5.000000000000027,5.000000000000027e-06,mle,-0.20459395032164662,7.445195917714821,ok,True,True,extraction,
dgs5,6078,2024-04-22,5566,6077,512,-10.000000000000009,linear,50,6,56,50,0,50,0.1,0.09765625,0.09765625,5.000000000000027,5.000000000000027e-06,mle,-0.20459395032164662,7.445195917714821,ok,True,True,extraction,
dgs5,6079,2024-04-23,5567,6078,512,-10.000000000000009,linear,50,6,56,50,0,50,0.1,0.09765625,0.09765625,5.000000000000027,5.000000000000027e-06,mle,-0.20459395032164662,7.445195917714821,ok,True,True,extraction,
dgs5,6080,2024-04-24,5568,6079,512,-10.000000000000009,linear,50,6,56,50,0,50,0.1,0.09765625,0.09765625,5.000000000000027,5.000000000000027e-06,mle,-0.20459395032164662,7.445195917714821,ok,True,True,extraction,
dgs5,6081,2024-04-25,5569,6080,512,-10.000000000000009,linear,50,6,56,50,0,50,0.1,0.09765625,0.09765625,5.000000000000027,5.000000000000027e-06,mle,-0.20459395032164662,7.445195917714821,ok,True,True,extraction,
dgs5,6082,2024-04-26,5570,6081,512,-10.000000000000009,linear,50,6,56,50,0,50,0.1,0.09765625,0.09765625,5.000000000000027,5.000000000000027e-06,mle,-0.20459395032164662,7.445195917714821,ok,True,True,extraction,
dgs5,6083,2024-04-29,5571,6082,512,-10.000000000000009,linear,50,6,56,50,0,50,0.1,0.09765625,0.09765625,5.000000000000027,5.000000000000027e-06,mle,-0.20459395032164662,7.445195917714821,ok,True,True,extraction,
dgs5,6084,2024-04-30,5572,6083,512,-10.000000000000009,linear,50,6,56,50,0,50,0.1,0.09765625,0.09765625,5.000000000000027,5.000000000000027e-06,mle,-0.20459395032164662,7.445195917714821,ok,True,True,extraction,
dgs5,6085,2024-05-01,5573,6084,512,-10.000000000000009,linear,49,6,55,49,0,49,0.1,0.095703125,0.095703125,5.000000000000027,5.000000000000027e-06,mle,-0.2137590747923443,7.584089520646556,ok,True,True,extraction,
dgs5,6086,2024-05-02,5574,6085,512,-10.000000000000009,linear,49,6,55,49,0,49,0.1,0.095703125,0.095703125,5.000000000000027,5.000000000000027e-06,mle,-0.2137590747923443,7.584089520646556,ok,True,True,extraction,
dgs5,6087,2024-05-03,5575,6086,512,-10.000000000000009,linear,49,6,55,49,0,49,0.1,0.095703125,0.095703125,5.000000000000027,5.000000000000027e-06,mle,-0.2137590747923443,7.584089520646556,ok,True,True,extraction,
dgs5,6088,2024-05-06,5576,6087,512,-10.000000000000009,linear,49,6,55,49,0,49,0.1,0.095703125,0.095703125,5.000000000000027,5.000000000000027e-06,mle,-0.2137590747923443,7.584089520646556,ok,True,True,extraction,
dgs5,6089,2024-05-07,5577,6088,512,-10.000000000000009,linear,49,6,55,49,0,49,0.1,0.095703125,0.095703125,5.000000000000027,5.000000000000027e-06,mle,-0.2137590747923443,7.584089520646556,ok,True,True,extraction,
dgs5,6090,2024-05-08,5578,6089,512,-10.000000000000009,linear,49,6,55,49,0,49,0.1,0.095703125,0.095703125,5.000000000000027,5.000000000000027e-06,mle,-0.2137590747923443,7.584089520646556,ok,True,True,extraction,
dgs5,6091,2024-05-09,5579,6090,512,-10.000000000000009,linear,49,6,55,49,0,49,0.1,0.095703125,0.095703125,5.000000000000027,5.000000000000027e-06,mle,-0.2137590747923443,7.584089520646556,ok,True,True,extraction,
dgs5,6092,2024-05-10,5580,6091,512,-10.000000000000009,linear,49,6,55,49,0,49,0.1,0.095703125,0.095703125,5.000000000000027,5.000000000000027e-06,mle,-0.2137590747923443,7.584089520646556,ok,True,True,extraction,
dgs5,6093,2024-05-13,5581,6092,512,-10.000000000000009,linear,49,5,54,49,0,49,0.1,0.095703125,0.095703125,5.000000000000027,5.000000000000027e-06,mle,-0.2137590747923443,7.584089520646556,ok,True,True,extraction,
dgs5,6094,2024-05-14,5582,6093,512,-10.000000000000009,linear,49,5,54,49,0,49,0.1,0.095703125,0.095703125,5.000000000000027,5.000000000000027e-06,mle,-0.2137590747923443,7.584089520646556,ok,True,True,extraction,
dgs5,6095,2024-05-15,5583,6094,512,-10.000000000000009,linear,49,5,54,49,0,49,0.1,0.095703125,0.095703125,5.000000000000027,5.000000000000027e-06,mle,-0.2137590747923443,7.584089520646556,ok,True,True,extraction,
dgs5,6096,2024-05-16,5584,6095,512,-10.000000000000009,linear,50,5,55,50,0,50,0.1,0.09765625,0.09765625,5.000000000000027,5.000000000000027e-06,mle,-0.19336015188943956,7.328333058939617,ok,True,True,extraction,
dgs5,6097,2024-05-17,5585,6096,512,-10.000000000000009,linear,50,5,55,50,0,50,0.1,0.09765625,0.09765625,5.000000000000027,5.000000000000027e-06,mle,-0.19336015188943956,7.328333058939617,ok,True,True,extraction,
dgs5,6098,2024-05-20,5586,6097,512,-10.000000000000009,linear,50,5,55,50,0,50,0.1,0.09765625,0.09765625,5.000000000000027,5.000000000000027e-06,mle,-0.19336015188943956,7.328333058939617,ok,True,True,extraction,
dgs5,6099,2024-05-21,5587,6098,512,-10.000000000000009,linear,50,5,55,50,0,50,0.1,0.09765625,0.09765625,5.000000000000027,5.000000000000027e-06,mle,-0.19336015188943956,7.328333058939617,ok,True,True,extraction,
dgs5,6100,2024-05-22,5588,6099,512,-10.000000000000009,linear,50,5,55,50,0,50,0.1,0.09765625,0.09765625,5.000000000000027,5.000000000000027e-06,mle,-0.19336015188943956,7.328333058939617,ok,True,True,extraction,
dgs5,6101,2024-05-23,5589,6100,512,-10.000000000000009,linear,50,5,55,50,0,50,0.1,0.09765625,0.09765625,5.000000000000004,5.000000000000004e-06,mle,-0.19336015188943956,7.328333058939617,ok,True,True,extraction,
dgs5,6102,2024-05-24,5590,6101,512,-10.000000000000009,linear,50,5,55,50,0,50,0.1,0.09765625,0.09765625,5.000000000000004,5.000000000000004e-06,mle,-0.19336015188943956,7.328333058939617,ok,True,True,extraction,
dgs5,6103,2024-05-28,5591,6102,512,-10.000000000000009,linear,49,5,54,49,0,49,0.1,0.095703125,0.095703125,4.999999999999982,4.999999999999982e-06,mle,-0.2137590747923443,7.584089520646556,ok,True,True,extraction,
dgs5,6104,2024-05-29,5592,6103,512,-10.000000000000009,linear,49,5,54,49,0,49,0.1,0.095703125,0.095703125,4.999999999999982,4.999999999999982e-06,mle,-0.2137590747923443,7.584089520646556,ok,True,True,extraction,
dgs5,6105,2024-05-30,5593,6104,512,-10.000000000000009,linear,49,5,54,49,0,49,0.1,0.095703125,0.095703125,5.000000000000004,5.000000000000004e-06,mle,-0.2137590747923443,7.584089520646556,ok,True,True,extraction,
dgs5,6106,2024-05-31,5594,6105,512,-10.000000000000009,linear,49,5,54,49,0,49,0.1,0.095703125,0.095703125,5.000000000000004,5.000000000000004e-06,mle,-0.2137590747923443,7.584089520646556,ok,True,True,extraction,
dgs5,6107,2024-06-03,5595,6106,512,-10.000000000000009,linear,49,5,54,49,0,49,0.1,0.095703125,0.095703125,5.000000000000004,5.000000000000004e-06,mle,-0.2137590747923443,7.584089520646556,ok,True,True,extraction,
dgs5,6108,2024-06-04,5596,6107,512,-10.000000000000009,linear,49,5,54,49,0,49,0.1,0.095703125,0.095703125,5.000000000000004,5.000000000000004e-06,mle,-0.2137590747923443,7.584089520646556,ok,True,True,extraction,
dgs5,6109,2024-06-05,5597,6108,512,-10.000000000000009,linear,49,5,54,49,0,49,0.1,0.095703125,0.095703125,5.000000000000004,5.000000000000004e-06,mle,-0.2137590747923443,7.584089520646556,ok,True,True,extraction,
dgs5,6110,2024-06-06,5598,6109,512,-10.000000000000009,linear,49,5,54,49,0,49,0.1,0.095703125,0.095703125,4.999999999999982,4.999999999999982e-06,mle,-0.2137590747923443,7.584089520646556,ok,True,True,extraction,
dgs5,6111,2024-06-07,5599,6110,512,-10.000000000000009,linear,49,5,54,49,0,49,0.1,0.095703125,0.095703125,4.999999999999982,4.999999999999982e-06,mle,-0.2137590747923443,7.584089520646556,ok,True,True,extraction,
dgs5,6112,2024-06-10,5600,6111,512,-10.000000000000009,linear,49,5,54,49,0,49,0.1,0.095703125,0.095703125,4.999999999999982,4.999999999999982e-06,mle,-0.2137590747923443,7.584089520646556,ok,True,True,extraction,
dgs5,6113,2024-06-11,5601,6112,512,-10.000000000000009,linear,49,5,54,49,0,49,0.1,0.095703125,0.095703125,4.999999999999982,4.999999999999982e-06,mle,-0.2137590747923443,7.584089520646556,ok,True,True,extraction,
dgs5,6114,2024-06-12,5602,6113,512,-10.000000000000009,linear,48,5,53,48,0,48,0.1,0.09375,0.09375,4.999999999999982,4.999999999999982e-06,mle,-0.2291101965438081,7.792427006975283,ok,True,True,extraction,
dgs5,6115,2024-06-13,5603,6114,512,-10.000000000000009,linear,48,5,53,48,0,48,0.1,0.09375,0.09375,4.999999999999982,4.999999999999982e-06,mle,-0.2291101965438081,7.792427006975283,ok,True,True,extraction,
dgs5,6116,2024-06-14,5604,6115,512,-10.000000000000009,linear,48,5,53,48,0,48,0.1,0.09375,0.09375,4.999999999999982,4.999999999999982e-06,mle,-0.2291101965438081,7.792427006975283,ok,True,True,extraction,
dgs5,6117,2024-06-17,5605,6116,512,-10.000000000000009,linear,48,5,53,48,0,48,0.1,0.09375,0.09375,4.999999999999982,4.999999999999982e-06,mle,-0.2291101965438081,7.792427006975283,ok,True,True,extraction,
dgs5,6118,2024-06-18,5606,6117,512,-10.000000000000009,linear,48,5,53,48,0,48,0.1,0.09375,0.09375,4.999999999999982,4.999999999999982e-06,mle,-0.2291101965438081,7.792427006975283,ok,True,True,extraction,
dgs5,6119,2024-06-20,5607,6118,512,-10.000000000000009,linear,48,5,53,48,0,48,0.1,0.09375,0.09375,4.999999999999982,4.999999999999982e-06,mle,-0.2291101965438081,7.792427006975283,ok,True,True,extraction,
dgs5,6120,2024-06-21,5608,6119,512,-10.000000000000009,linear,48,5,53,48,0,48,0.1,0.09375,0.09375,4.999999999999982,4.999999999999982e-06,mle,-0.2291101965438081,7.792427006975283,ok,True,True,extraction,
dgs5,6121,2024-06-24,5609,6120,512,-10.000000000000009,linear,48,5,53,48,0,48,0.1,0.09375,0.09375,4.999999999999982,4.999999999999982e-06,mle,-0.2291101965438081,7.792427006975283,ok,True,True,extraction,
dgs5,6122,2024-06-25,5610,6121,512,-10.000000000000009,linear,48,5,53,48,0,48,0.1,0.09375,0.09375,4.999999999999982,4.999999999999982e-06,mle,-0.2291101965438081,7.792427006975283,ok,True,True,extraction,
dgs5,6123,2024-06-26,5611,6122,512,-10.000000000000009,linear,48,5,53,48,0,48,0.1,0.09375,0.09375,4.999999999999982,4.999999999999982e-06,mle,-0.2291101965438081,7.792427006975283,ok,True,True,extraction,
dgs5,6124,2024-06-27,5612,6123,512,-10.000000000000009,linear,48,5,53,48,0,48,0.1,0.09375,0.09375,4.999999999999982,4.999999999999982e-06,mle,-0.2291101965438081,7.792427006975283,ok,True,True,extraction,
dgs5,6125,2024-06-28,5613,6124,512,-10.000000000000009,linear,48,5,53,48,0,48,0.1,0.09375,0.09375,4.999999999999982,4.999999999999982e-06,mle,-0.2291101965438081,7.792427006975283,ok,True,True,extraction,
dgs5,6126,2024-07-01,5614,6125,512,-10.000000000000009,linear,48,5,53,48,0,48,0.1,0.09375,0.09375,4.999999999999982,4.999999999999982e-06,mle,-0.2291101965438081,7.792427006975283,ok,True,True,extraction,
dgs5,6127,2024-07-02,5615,6126,512,-10.000000000000009,linear,48,5,53,48,0,48,0.1,0.09375,0.09375,4.999999999999982,4.999999999999982e-06,mle,-0.2291101965438081,7.792427006975283,ok,True,True,extraction,
dgs5,6128,2024-07-03,5616,6127,512,-10.000000000000009,linear,48,5,53,48,0,48,0.1,0.09375,0.09375,4.999999999999982,4.999999999999982e-06,mle,-0.2291101965438081,7.792427006975283,ok,True,True,extraction,
dgs5,6129,2024-07-05,5617,6128,512,-10.000000000000004,linear,52,0,52,52,5,47,0.1,0.1015625,0.091796875,4.999999999999982,4.999999999999982e-06,mle,-0.19796214434729795,7.413655706842511,ok,True,True,extraction,
dgs5,6130,2024-07-08,5618,6129,512,-10.000000000000009,linear,48,5,53,48,0,48,0.1,0.09375,0.09375,5.000000000000004,5.000000000000004e-06,mle,-0.17731159484040063,7.155985309823476,ok,True,True,extraction,
dgs5,6131,2024-07-09,5619,6130,512,-10.000000000000009,linear,48,5,53,48,0,48,0.1,0.09375,0.09375,5.000000000000004,5.000000000000004e-06,mle,-0.17731159484040063,7.155985309823476,ok,True,True,extraction,
dgs5,6132,2024-07-10,5620,6131,512,-10.000000000000009,linear,48,5,53,48,0,48,0.1,0.09375,0.09375,5.000000000000004,5.000000000000004e-06,mle,-0.17731159484040063,7.155985309823476,ok,True,True,extraction,
dgs5,6133,2024-07-11,5621,6132,512,-10.000000000000004,linear,52,0,52,52,5,47,0.1,0.1015625,0.091796875,4.999999999999982,4.999999999999982e-06,mle,-0.1690100866390425,7.108068866082579,ok,True,True,extraction,
dgs5,6134,2024-07-12,5622,6133,512,-10.000000000000009,linear,48,5,53,48,0,48,0.1,0.09375,0.09375,4.999999999999982,4.999999999999982e-06,mle,-0.14784887959624207,6.854588551826624,ok,True,True,extraction,
dgs5,6135,2024-07-15,5623,6134,512,-10.000000000000009,linear,48,5,53,48,0,48,0.1,0.09375,0.09375,4.999999999999982,4.999999999999982e-06,mle,-0.14784887959624207,6.854588551826624,ok,True,True,extraction,
dgs5,6136,2024-07-16,5624,6135,512,-10.000000000000009,linear,48,5,53,48,0,48,0.1,0.09375,0.09375,4.999999999999982,4.999999999999982e-06,mle,-0.14784887959624207,6.854588551826624,ok,True,True,extraction,
dgs5,6137,2024-07-17,5625,6136,512,-10.000000000000009,linear,48,5,53,48,0,48,0.1,0.09375,0.09375,4.999999999999982,4.999999999999982e-06,mle,-0.14784887959624207,6.854588551826624,ok,True,True,extraction,
dgs5,6138,2024-07-18,5626,6137,512,-10.000000000000004,linear,52,0,52,52,4,48,0.1,0.1015625,0.09375,4.999999999999982,4.999999999999982e-06,mle,-0.14784887959624207,6.854588551826624,ok,True,True,extraction,
dgs5,6139,2024-07-19,5627,6138,512,-9.999999999999964,linear,51,4,55,51,4,47,0.1,0.099609375,0.091796875,4.999999999999982,4.999999999999982e-06,mle,-0.1494088774862249,6.913747512546277,ok,True,True,extraction,
dgs5,6140,2024-07-22,5628,6139,512,-9.999999999999964,linear,50,4,54,50,4,46,0.1,0.09765625,0.08984375,4.999999999999982,4.999999999999982e-06,mle,-0.15793107303167755,7.04370586688006,ok,True,True,extraction,
dgs5,6141,2024-07-23,5629,6140,512,-9.999999999999964,linear,50,4,54,50,4,46,0.1,0.09765625,0.08984375,4.999999999999982,4.999999999999982e-06,mle,-0.15793107303167755,7.04370586688006,ok,True,True,extraction,
dgs5,6142,2024-07-24,5630,6141,512,-9.999999999999964,linear,50,4,54,50,4,46,0.1,0.09765625,0.08984375,4.999999999999982,4.999999999999982e-06,mle,-0.15793107303167755,7.04370586688006,ok,True,True,extraction,
dgs5,6143,2024-07-25,5631,6142,512,-9.999999999999964,linear,50,4,54,50,4,46,0.1,0.09765625,0.08984375,4.999999999999982,4.999999999999982e-06,mle,-0.15793107303167755,7.04370586688006,ok,True,True,extraction,
dgs5,6144,2024-07-26,5632,6143,512,-9.999999999999964,linear,50,4,54,50,4,46,0.1,0.09765625,0.08984375,4.999999999999982,4.999999999999982e-06,mle,-0.15793107303167755,7.04370586688006,ok,True,True,extraction,
dgs5,6145,2024-07-29,5633,6144,512,-9.999999999999964,linear,50,4,54,50,4,46,0.1,0.09765625,0.08984375,4.999999999999982,4.999999999999982e-06,mle,-0.15793107303167755,7.04370586688006,ok,True,True,extraction,
dgs5,6146,2024-07-30,5634,6145,512,-9.999999999999964,linear,50,4,54,50,4,46,0.1,0.09765625,0.08984375,4.999999999999982,4.999999999999982e-06,mle,-0.15793107303167755,7.04370586688006,ok,True,True,extraction,
dgs5,6147,2024-07-31,5635,6146,512,-9.999999999999964,linear,50,4,54,50,4,46,0.1,0.09765625,0.08984375,4.999999999999982,4.999999999999982e-06,mle,-0.15793107303167755,7.04370586688006,ok,True,True,extraction,
dgs5,6148,2024-08-01,5636,6147,512,-9.999999999999964,linear,50,4,54,50,4,46,0.1,0.09765625,0.08984375,4.999999999999982,4.999999999999982e-06,mle,-0.15793107303167755,7.04370586688006,ok,True,True,extraction,
dgs5,6149,2024-08-02,5637,6148,512,-9.999999999999964,linear,51,4,55,51,4,47,0.1,0.099609375,0.091796875,4.999999999999982,4.999999999999982e-06,mle,-0.1494088774862249,6.913747512546277,ok,True,True,extraction,
dgs5,6150,2024-08-05,5638,6149,512,-10.000000000000004,linear,52,0,52,52,4,48,0.1,0.1015625,0.09375,4.999999999999982,4.999999999999982e-06,mle,-0.18123142723896452,7.26212435364084,ok,True,True,extraction,
dgs5,6151,2024-08-06,5639,6150,512,-10.000000000000004,linear,52,0,52,52,4,48,0.1,0.1015625,0.09375,4.999999999999982,4.999999999999982e-06,mle,-0.18123142723896452,7.26212435364084,ok,True,True,extraction,
dgs5,6152,2024-08-07,5640,6151,512,-10.000000000000004,linear,52,0,52,52,4,48,0.1,0.1015625,0.09375,4.999999999999982,4.999999999999982e-06,mle,-0.18123142723896452,7.26212435364084,ok,True,True,extraction,
dgs5,6153,2024-08-08,5641,6152,512,-9.999999999999964,linear,51,4,55,51,4,47,0.1,0.099609375,0.091796875,4.999999999999982,4.999999999999982e-06,mle,-0.16210122769492635,7.095123969763545,ok,True,True,extraction,
dgs5,6154,2024-08-09,5642,6153,512,-9.999999999999964,linear,50,4,54,50,4,46,0.1,0.09765625,0.08984375,4.999999999999982,4.999999999999982e-06,mle,-0.17165922534646044,7.236268430990962,ok,True,True,extraction,
dgs5,6155,2024-08-12,5643,6154,512,-9.999999999999964,linear,50,4,54,50,4,46,0.1,0.09765625,0.08984375,4.999999999999982,4.999999999999982e-06,mle,-0.17165922534646044,7.236268430990962,ok,True,True,extraction,
dgs5,6156,2024-08-13,5644,6155,512,-9.999999999999964,linear,50,4,54,50,4,46,0.1,0.09765625,0.08984375,4.999999999999982,4.999999999999982e-06,mle,-0.17165922534646044,7.236268430990962,ok,True,True,extraction,
dgs5,6157,2024-08-14,5645,6156,512,-9.999999999999964,linear,50,4,54,50,4,46,0.1,0.09765625,0.08984375,4.999999999999982,4.999999999999982e-06,mle,-0.17165922534646044,7.236268430990962,ok,True,True,extraction,
dgs5,6158,2024-08-15,5646,6157,512,-9.999999999999964,linear,49,4,53,49,4,45,0.1,0.095703125,0.087890625,4.999999999999982,4.999999999999982e-06,mle,-0.1821117170585092,7.388657700020003,ok,True,True,extraction,
dgs5,6159,2024-08-16,5647,6158,512,-9.999999999999964,linear,49,4,53,49,4,45,0.1,0.095703125,0.087890625,4.999999999999982,4.999999999999982e-06,mle,-0.1821117170585092,7.388657700020003,ok,True,True,extraction,
dgs5,6160,2024-08-19,5648,6159,512,-9.999999999999964,linear,49,4,53,49,4,45,0.1,0.095703125,0.087890625,4.999999999999982,4.999999999999982e-06,mle,-0.1821117170585092,7.388657700020003,ok,True,True,extraction,
dgs5,6161,2024-08-20,5649,6160,512,-9.999999999999964,linear,49,4,53,49,4,45,0.1,0.095703125,0.087890625,4.999999999999982,4.999999999999982e-06,mle,-0.1821117170585092,7.388657700020003,ok,True,True,extraction,
dgs5,6162,2024-08-21,5650,6161,512,-9.999999999999964,linear,49,4,53,49,4,45,0.1,0.095703125,0.087890625,4.999999999999982,4.999999999999982e-06,mle,-0.1821117170585092,7.388657700020003,ok,True,True,extraction,
dgs5,6163,2024-08-22,5651,6162,512,-9.899999999999974,linear,52,0,52,52,0,52,0.1,0.1015625,0.1015625,4.999999999999982,4.999999999999982e-06,mle,0.03313425632350167,5.304369440346893,ok,True,True,extraction,
dgs5,6164,2024-08-23,5652,6163,512,-9.899999999999974,linear,52,0,52,52,0,52,0.1,0.1015625,0.1015625,4.999999999999982,4.999999999999982e-06,mle,0.03313425632350167,5.304369440346893,ok,True,True,extraction,
dgs5,6165,2024-08-26,5653,6164,512,-9.899999999999974,linear,52,0,52,52,0,52,0.1,0.1015625,0.1015625,4.999999999999982,4.999999999999982e-06,mle,0.03313425632350167,5.304369440346893,ok,True,True,extraction,
dgs5,6166,2024-08-27,5654,6165,512,-9.899999999999974,linear,52,0,52,52,0,52,0.1,0.1015625,0.1015625,4.999999999999982,4.999999999999982e-06,mle,0.03313425632350167,5.304369440346893,ok,True,True,extraction,
dgs5,6167,2024-08-28,5655,6166,512,-9.899999999999974,linear,52,0,52,52,0,52,0.1,0.1015625,0.1015625,4.999999999999982,4.999999999999982e-06,mle,0.03313425632350167,5.304369440346893,ok,True,True,extraction,
dgs5,6168,2024-08-29,5656,6167,512,-9.899999999999974,linear,52,0,52,52,0,52,0.1,0.1015625,0.1015625,4.999999999999982,4.999999999999982e-06,mle,0.03313425632350167,5.304369440346893,ok,True,True,extraction,
dgs5,6169,2024-08-30,5657,6168,512,-9.899999999999974,linear,52,0,52,52,0,52,0.1,0.1015625,0.1015625,4.999999999999982,4.999999999999982e-06,mle,0.03313425632350167,5.304369440346893,ok,True,True,extraction,
dgs5,6170,2024-09-03,5658,6169,512,-9.899999999999974,linear,52,0,52,52,0,52,0.1,0.1015625,0.1015625,4.999999999999982,4.999999999999982e-06,mle,0.03313425632350167,5.304369440346893,ok,True,True,extraction,
dgs5,6171,2024-09-04,5659,6170,512,-9.899999999999974,linear,52,0,52,52,0,52,0.1,0.1015625,0.1015625,4.999999999999982,4.999999999999982e-06,mle,0.03313425632350167,5.304369440346893,ok,True,True,extraction,
dgs5,6172,2024-09-05,5660,6171,512,-9.899999999999974,linear,52,0,52,52,0,52,0.1,0.1015625,0.1015625,4.999999999999982,4.999999999999982e-06,mle,0.03313425632350167,5.304369440346893,ok,True,True,extraction,
dgs5,6173,2024-09-06,5661,6172,512,-9.899999999999974,linear,52,0,52,52,0,52,0.1,0.1015625,0.1015625,4.999999999999982,4.999999999999982e-06,mle,0.03313425632350167,5.304369440346893,ok,True,True,extraction,
dgs5,6174,2024-09-09,5662,6173,512,-9.899999999999974,linear,52,0,52,52,0,52,0.1,0.1015625,0.1015625,4.999999999999982,4.999999999999982e-06,mle,0.03313425632350167,5.304369440346893,ok,True,True,extraction,
dgs5,6175,2024-09-10,5663,6174,512,-9.899999999999974,linear,52,0,52,52,0,52,0.1,0.1015625,0.1015625,4.999999999999982,4.999999999999982e-06,mle,0.03313425632350167,5.304369440346893,ok,True,True,extraction,
dgs5,6176,2024-09-11,5664,6175,512,-9.899999999999974,linear,52,0,52,52,0,52,0.1,0.1015625,0.1015625,4.999999999999982,4.999999999999982e-06,mle,0.03313425632350167,5.304369440346893,ok,True,True,extraction,
dgs5,6177,2024-09-12,5665,6176,512,-9.899999999999974,linear,52,0,52,52,0,52,0.1,0.1015625,0.1015625,4.999999999999982,4.999999999999982e-06,mle,0.03313425632350167,5.304369440346893,ok,True,True,extraction,
dgs5,6178,2024-09-13,5666,6177,512,-9.899999999999974,linear,52,0,52,52,0,52,0.1,0.1015625,0.1015625,4.999999999999982,4.999999999999982e-06,mle,0.03313425632350167,5.304369440346893,ok,True,True,extraction,
dgs5,6179,2024-09-16,5667,6178,512,-9.899999999999974,linear,52,0,52,52,0,52,0.1,0.1015625,0.1015625,4.999999999999982,4.999999999999982e-06,mle,0.03313425632350167,5.304369440346893,ok,True,True,extraction,
dgs5,6180,2024-09-17,5668,6179,512,-9.899999999999974,linear,52,0,52,52,0,52,0.1,0.1015625,0.1015625,4.999999999999982,4.999999999999982e-06,mle,0.03313425632350167,5.304369440346893,ok,True,True,extraction,
dgs5,6181,2024-09-18,5669,6180,512,-9.899999999999974,linear,52,0,52,52,0,52,0.1,0.1015625,0.1015625,4.999999999999982,4.999999999999982e-06,mle,0.03313425632350167,5.304369440346893,ok,True,True,extraction,
dgs5,6182,2024-09-19,5670,6181,512,-9.899999999999974,linear,52,0,52,52,0,52,0.1,0.1015625,0.1015625,4.999999999999982,4.999999999999982e-06,mle,0.03313425632350167,5.304369440346893,ok,True,True,extraction,
dgs5,6183,2024-09-20,5671,6182,512,-9.899999999999974,linear,52,0,52,52,0,52,0.1,0.1015625,0.1015625,4.999999999999982,4.999999999999982e-06,mle,0.03313425632350167,5.304369440346893,ok,True,True,extraction,
dgs5,6184,2024-09-23,5672,6183,512,-9.899999999999974,linear,52,0,52,52,0,52,0.1,0.1015625,0.1015625,4.999999999999982,4.999999999999982e-06,mle,0.03313425632350167,5.304369440346893,ok,True,True,extraction,
dgs5,6185,2024-09-24,5673,6184,512,-9.899999999999974,linear,52,0,52,52,0,52,0.1,0.1015625,0.1015625,4.999999999999982,4.999999999999982e-06,mle,0.03313425632350167,5.304369440346893,ok,True,True,extraction,
dgs5,6186,2024-09-25,5674,6185,512,-9.899999999999974,linear,52,0,52,52,0,52,0.1,0.1015625,0.1015625,4.999999999999982,4.999999999999982e-06,mle,0.03313425632350167,5.304369440346893,ok,True,True,extraction,
dgs5,6187,2024-09-26,5675,6186,512,-9.899999999999974,linear,52,0,52,52,0,52,0.1,0.1015625,0.1015625,4.999999999999982,4.999999999999982e-06,mle,0.03313425632350167,5.304369440346893,ok,True,True,extraction,
dgs5,6188,2024-09-27,5676,6187,512,-9.899999999999974,linear,52,0,52,52,0,52,0.1,0.1015625,0.1015625,4.999999999999982,4.999999999999982e-06,mle,0.03313425632350167,5.304369440346893,ok,True,True,extraction,
dgs5,6189,2024-09-30,5677,6188,512,-9.899999999999974,linear,52,0,52,52,0,52,0.1,0.1015625,0.1015625,4.999999999999982,4.999999999999982e-06,mle,0.03313425632350167,5.304369440346893,ok,True,True,extraction,
dgs5,6190,2024-10-01,5678,6189,512,-9.899999999999974,linear,52,0,52,52,0,52,0.1,0.1015625,0.1015625,4.999999999999982,4.999999999999982e-06,mle,0.03313425632350167,5.304369440346893,ok,True,True,extraction,
dgs5,6191,2024-10-02,5679,6190,512,-9.899999999999974,linear,52,0,52,52,0,52,0.1,0.1015625,0.1015625,4.5000000000000595,4.500000000000059e-06,mle,0.03313425632350167,5.304369440346893,ok,True,True,extraction,
dgs5,6192,2024-10-03,5680,6191,512,-9.899999999999974,linear,52,0,52,52,0,52,0.1,0.1015625,0.1015625,4.500000000000037,4.500000000000037e-06,mle,0.03313425632350167,5.304369440346893,ok,True,True,extraction,
dgs5,6193,2024-10-04,5681,6192,512,-9.899999999999974,linear,52,0,52,52,0,52,0.1,0.1015625,0.1015625,4.999999999999982,4.999999999999982e-06,mle,0.03313425632350167,5.304369440346893,ok,True,True,extraction,
dgs5,6194,2024-10-07,5682,6193,512,-9.899999999999974,linear,52,0,52,52,0,52,0.1,0.1015625,0.1015625,4.999999999999982,4.999999999999982e-06,mle,0.03313425632350167,5.304369440346893,ok,True,True,extraction,
dgs5,6195,2024-10-08,5683,6194,512,-9.899999999999974,linear,52,0,52,52,0,52,0.1,0.1015625,0.1015625,4.999999999999982,4.999999999999982e-06,mle,0.03313425632350167,5.304369440346893,ok,True,True,extraction,
dgs5,6196,2024-10-09,5684,6195,512,-9.899999999999974,linear,52,0,52,52,0,52,0.1,0.1015625,0.1015625,4.999999999999982,4.999999999999982e-06,mle,0.03313425632350167,5.304369440346893,ok,True,True,extraction,
dgs5,6197,2024-10-10,5685,6196,512,-9.899999999999974,linear,52,0,52,52,0,52,0.1,0.1015625,0.1015625,4.999999999999982,4.999999999999982e-06,mle,0.03313425632350167,5.304369440346893,ok,True,True,extraction,
dgs5,6198,2024-10-11,5686,6197,512,-9.899999999999974,linear,52,0,52,52,0,52,0.1,0.1015625,0.1015625,4.500000000000037,4.500000000000037e-06,mle,0.03313425632350167,5.304369440346893,ok,True,True,extraction,
dgs5,6199,2024-10-15,5687,6198,512,-9.899999999999974,linear,52,0,52,52,0,52,0.1,0.1015625,0.1015625,4.999999999999982,4.999999999999982e-06,mle,0.03313425632350167,5.304369440346893,ok,True,True,extraction,
dgs5,6200,2024-10-16,5688,6199,512,-9.899999999999974,linear,52,0,52,52,0,52,0.1,0.1015625,0.1015625,4.999999999999982,4.999999999999982e-06,mle,0.03313425632350167,5.304369440346893,ok,True,True,extraction,
dgs5,6201,2024-10-17,5689,6200,512,-9.00000000000007,linear,52,0,52,52,1,51,0.1,0.1015625,0.099609375,4.999999999999982,4.999999999999982e-06,mle,-0.18227228911355248,7.246472269760154,ok,True,True,extraction,
dgs5,6202,2024-10-18,5690,6201,512,-9.00000000000007,linear,52,0,52,52,1,51,0.1,0.1015625,0.099609375,4.999999999999982,4.999999999999982e-06,mle,-0.18227228911355248,7.246472269760154,ok,True,True,extraction,
dgs5,6203,2024-10-21,5691,6202,512,-9.00000000000007,linear,52,0,52,52,1,51,0.1,0.1015625,0.099609375,4.999999999999982,4.999999999999982e-06,mle,-0.18227228911355248,7.246472269760154,ok,True,True,extraction,
dgs5,6204,2024-10-22,5692,6203,512,-9.00000000000003,linear,51,2,53,51,1,50,0.1,0.099609375,0.09765625,4.999999999999982,4.999999999999982e-06,mle,-0.17145826281482368,7.160798889380023,ok,True,True,extraction,
dgs5,6205,2024-10-23,5693,6204,512,-9.00000000000003,linear,51,2,53,51,1,50,0.1,0.099609375,0.09765625,4.999999999999982,4.999999999999982e-06,mle,-0.17145826281482368,7.160798889380023,ok,True,True,extraction,
dgs5,6206,2024-10-24,5694,6205,512,-9.00000000000003,linear,51,2,53,51,1,50,0.1,0.099609375,0.09765625,4.999999999999982,4.999999999999982e-06,mle,-0.17145826281482368,7.160798889380023,ok,True,True,extraction,
dgs5,6207,2024-10-25,5695,6206,512,-9.00000000000003,linear,51,2,53,51,1,50,0.1,0.099609375,0.09765625,4.999999999999982,4.999999999999982e-06,mle,-0.17145826281482368,7.160798889380023,ok,True,True,extraction,
dgs5,6208,2024-10-28,5696,6207,512,-9.00000000000003,linear,51,2,53,51,1,50,0.1,0.099609375,0.09765625,4.999999999999982,4.999999999999982e-06,mle,-0.17145826281482368,7.160798889380023,ok,True,True,extraction,
dgs5,6209,2024-10-29,5697,6208,512,-9.00000000000003,linear,51,2,53,51,1,50,0.1,0.099609375,0.09765625,4.999999999999982,4.999999999999982e-06,mle,-0.17145826281482368,7.160798889380023,ok,True,True,extraction,
dgs5,6210,2024-10-30,5698,6209,512,-9.00000000000003,linear,51,2,53,51,1,50,0.1,0.099609375,0.09765625,4.999999999999982,4.999999999999982e-06,mle,-0.17145826281482368,7.160798889380023,ok,True,True,extraction,
dgs5,6211,2024-10-31,5699,6210,512,-9.00000000000003,linear,51,2,53,51,1,50,0.1,0.099609375,0.09765625,4.999999999999982,4.999999999999982e-06,mle,-0.17145826281482368,7.160798889380023,ok,True,True,extraction,
dgs5,6212,2024-11-01,5700,6211,512,-9.00000000000003,linear,51,2,53,51,1,50,0.1,0.099609375,0.09765625,4.999999999999982,4.999999999999982e-06,mle,-0.17145826281482368,7.160798889380023,ok,True,True,extraction,
dgs5,6213,2024-11-04,5701,6212,512,-9.00000000000003,linear,51,2,53,51,1,50,0.1,0.099609375,0.09765625,4.499999999999993,4.4999999999999925e-06,mle,-0.17145826281482368,7.160798889380023,ok,True,True,extraction,
dgs5,6214,2024-11-05,5702,6213,512,-9.00000000000003,linear,51,2,53,51,1,50,0.1,0.099609375,0.09765625,4.499999999999993,4.4999999999999925e-06,mle,-0.17145826281482368,7.160798889380023,ok,True,True,extraction,
dgs5,6215,2024-11-06,5703,6214,512,-9.00000000000003,linear,51,2,53,51,1,50,0.1,0.099609375,0.09765625,4.999999999999982,4.999999999999982e-06,mle,-0.17145826281482368,7.160798889380023,ok,True,True,extraction,
dgs5,6216,2024-11-07,5704,6215,512,-9.00000000000003,linear,51,2,53,51,1,50,0.1,0.099609375,0.09765625,4.999999999999982,4.999999999999982e-06,mle,-0.17145826281482368,7.160798889380023,ok,True,True,extraction,
dgs5,6217,2024-11-08,5705,6216,512,-9.00000000000003,linear,51,2,53,51,1,50,0.1,0.099609375,0.09765625,4.999999999999982,4.999999999999982e-06,mle,-0.16587308169982515,7.103736516716694,ok,True,True,extraction,
dgs5,6218,2024-11-12,5706,6217,512,-9.00000000000003,linear,51,2,53,51,1,50,0.1,0.099609375,0.09765625,4.999999999999982,4.999999999999982e-06,mle,-0.16587308169982515,7.103736516716694,ok,True,True,extraction,
dgs5,6219,2024-11-13,5707,6218,512,-9.000000000000025,linear,52,0,52,52,3,49,0.1,0.1015625,0.095703125,4.499999999999993,4.4999999999999925e-06,mle,-0.1790939391821506,7.284811725103379,ok,True,True,extraction,
dgs5,6220,2024-11-14,5708,6219,512,-9.000000000000025,linear,52,0,52,52,3,49,0.1,0.1015625,0.095703125,4.499999999999993,4.4999999999999925e-06,mle,-0.1790939391821506,7.284811725103379,ok,True,True,extraction,
dgs5,6221,2024-11-15,5709,6220,512,-8.999999999999986,linear,51,10,61,51,3,48,0.1,0.099609375,0.09375,4.999999999999982,4.999999999999982e-06,mle,-0.1929187297066116,7.476300283193957,ok,True,True,extraction,
dgs5,6222,2024-11-18,5710,6221,512,-8.999999999999986,linear,51,10,61,51,3,48,0.1,0.099609375,0.09375,4.499999999999993,4.4999999999999925e-06,mle,-0.1929187297066116,7.476300283193957,ok,True,True,extraction,
dgs5,6223,2024-11-19,5711,6222,512,-8.999999999999986,linear,51,10,61,51,3,48,0.1,0.099609375,0.09375,4.999999999999982,4.999999999999982e-06,mle,-0.1929187297066116,7.476300283193957,ok,True,True,extraction,
dgs5,6224,2024-11-20,5712,6223,512,-8.999999999999986,linear,51,10,61,51,3,48,0.1,0.099609375,0.09375,4.999999999999982,4.999999999999982e-06,mle,-0.1929187297066116,7.476300283193957,ok,True,True,extraction,
dgs5,6225,2024-11-21,5713,6224,512,-8.999999999999986,linear,51,10,61,51,3,48,0.1,0.099609375,0.09375,4.999999999999982,4.999999999999982e-06,mle,-0.1929187297066116,7.476300283193957,ok,True,True,extraction,
dgs5,6226,2024-11-22,5714,6225,512,-8.999999999999986,linear,51,10,61,51,3,48,0.1,0.099609375,0.09375,4.999999999999982,4.999999999999982e-06,mle,-0.1929187297066116,7.476300283193957,ok,True,True,extraction,
dgs5,6227,2024-11-25,5715,6226,512,-8.999999999999986,linear,51,10,61,51,3,48,0.1,0.099609375,0.09375,4.999999999999982,4.999999999999982e-06,mle,-0.1929187297066116,7.476300283193957,ok,True,True,extraction,
dgs5,6228,2024-11-26,5716,6227,512,-9.000000000000025,linear,52,0,52,52,3,49,0.1,0.1015625,0.095703125,4.999999999999982,4.999999999999982e-06,mle,-0.1894991705553738,7.397245847328686,ok,True,True,extraction,
dgs5,6229,2024-11-27,5717,6228,512,-9.000000000000025,linear,52,0,52,52,3,49,0.1,0.1015625,0.095703125,4.999999999999982,4.999999999999982e-06,mle,-0.1894991705553738,7.397245847328686,ok,True,True,extraction,
dgs5,6230,2024-11-29,5718,6229,512,-9.000000000000025,linear,52,0,52,52,3,49,0.1,0.1015625,0.095703125,4.999999999999982,4.999999999999982e-06,mle,-0.1894991705553738,7.397245847328686,ok,True,True,extraction,
dgs5,6231,2024-12-02,5719,6230,512,-8.999999999999986,linear,51,10,61,51,3,48,0.1,0.099609375,0.09375,4.999999999999982,4.999999999999982e-06,mle,-0.26294502164725175,7.430990852243676,ok,True,True,extraction,
dgs5,6232,2024-12-03,5720,6231,512,-8.999999999999986,linear,51,10,61,51,3,48,0.1,0.099609375,0.09375,4.999999999999982,4.999999999999982e-06,mle,-0.26294502164725175,7.430990852243676,ok,True,True,extraction,
dgs5,6233,2024-12-04,5721,6232,512,-8.999999999999986,linear,51,10,61,51,3,48,0.1,0.099609375,0.09375,4.999999999999982,4.999999999999982e-06,mle,-0.26294502164725175,7.430990852243676,ok,True,True,extraction,
dgs5,6234,2024-12-05,5722,6233,512,-8.999999999999986,linear,50,10,60,50,3,47,0.1,0.09765625,0.091796875,4.999999999999982,4.999999999999982e-06,mle,-0.28405137022147464,7.690599368662547,ok,True,True,extraction,
dgs5,6235,2024-12-06,5723,6234,512,-8.999999999999986,linear,50,10,60,50,3,47,0.1,0.09765625,0.091796875,4.999999999999982,4.999999999999982e-06,mle,-0.28405137022147464,7.690599368662547,ok,True,True,extraction,
dgs5,6236,2024-12-09,5724,6235,512,-8.999999999999986,linear,50,10,60,50,3,47,0.1,0.09765625,0.091796875,4.999999999999982,4.999999999999982e-06,mle,-0.28405137022147464,7.690599368662547,ok,True,True,extraction,
dgs5,6237,2024-12-10,5725,6236,512,-8.999999999999986,linear,50,10,60,50,3,47,0.1,0.09765625,0.091796875,4.999999999999982,4.999999999999982e-06,mle,-0.28405137022147464,7.690599368662547,ok,True,True,extraction,
dgs5,6238,2024-12-11,5726,6237,512,-8.999999999999986,linear,50,10,60,50,3,47,0.1,0.09765625,0.091796875,4.999999999999982,4.999999999999982e-06,mle,-0.28405137022147464,7.690599368662547,ok,True,True,extraction,
dgs5,6239,2024-12-12,5727,6238,512,-8.999999999999986,linear,50,10,60,50,3,47,0.1,0.09765625,0.091796875,4.499999999999993,4.4999999999999925e-06,mle,-0.28405137022147464,7.690599368662547,ok,True,True,extraction,
dgs5,6240,2024-12-13,5728,6239,512,-8.999999999999986,linear,50,10,60,50,3,47,0.1,0.09765625,0.091796875,4.00000000000007,4.00000000000007e-06,mle,-0.28405137022147464,7.690599368662547,ok,True,True,extraction,
dgs5,6241,2024-12-16,5729,6240,512,-8.999999999999986,linear,50,10,60,50,3,47,0.1,0.09765625,0.091796875,4.000000000000092,4.000000000000092e-06,mle,-0.28405137022147464,7.690599368662547,ok,True,True,extraction,
dgs5,6242,2024-12-17,5730,6241,512,-8.999999999999986,linear,50,10,60,50,3,47,0.1,0.09765625,0.091796875,4.499999999999993,4.4999999999999925e-06,mle,-0.28405137022147464,7.690599368662547,ok,True,True,extraction,
dgs5,6243,2024-12-18,5731,6242,512,-8.999999999999986,linear,49,10,59,49,3,46,0.1,0.095703125,0.08984375,4.00000000000007,4.00000000000007e-06,mle,-0.3057119805810251,7.963352384791471,ok,True,True,extraction,
dgs5,6244,2024-12-19,5732,6243,512,-8.999999999999986,linear,48,10,58,48,3,45,0.1,0.09375,0.087890625,4.00000000000007,4.00000000000007e-06,mle,-0.30665693354910384,8.008001963620032,ok,True,True,extraction,
dgs5,6245,2024-12-20,5733,6244,512,-8.999999999999986,linear,48,10,58,48,3,45,0.1,0.09375,0.087890625,4.00000000000007,4.00000000000007e-06,mle,-0.30665693354910384,8.008001963620032,ok,True,True,extraction,
dgs5,6246,2024-12-23,5734,6245,512,-8.999999999999986,linear,48,10,58,48,3,45,0.1,0.09375,0.087890625,4.00000000000007,4.00000000000007e-06,mle,-0.30665693354910384,8.008001963620032,ok,True,True,extraction,
dgs5,6247,2024-12-24,5735,6246,512,-8.999999999999986,linear,48,10,58,48,3,45,0.1,0.09375,0.087890625,4.00000000000007,4.00000000000007e-06,mle,-0.30665693354910384,8.008001963620032,ok,True,True,extraction,
dgs5,6248,2024-12-26,5736,6247,512,-8.999999999999986,linear,47,10,57,47,3,44,0.1,0.091796875,0.0859375,4.000000000000048,4.000000000000048e-06,mle,-0.32469835878876446,8.24762370916826,ok,True,True,extraction,
dgs5,6249,2024-12-27,5737,6248,512,-8.999999999999986,linear,47,10,57,47,3,44,0.1,0.091796875,0.0859375,4.000000000000048,4.000000000000048e-06,mle,-0.32469835878876446,8.24762370916826,ok,True,True,extraction,
dgs5,6250,2024-12-30,5738,6249,512,-8.999999999999986,linear,47,10,57,47,3,44,0.1,0.091796875,0.0859375,4.000000000000048,4.000000000000048e-06,mle,-0.32469835878876446,8.24762370916826,ok,True,True,extraction,
dgs5,6251,2024-12-31,5739,6250,512,-8.999999999999986,linear,47,10,57,47,3,44,0.1,0.091796875,0.0859375,4.000000000000048,4.000000000000048e-06,mle,-0.32469835878876446,8.24762370916826,ok,True,True,extraction,
dgs5,6252,2025-01-02,5740,6251,512,-8.999999999999986,linear,46,10,56,46,3,43,0.1,0.08984375,0.083984375,4.000000000000048,4.000000000000048e-06,mle,-0.3267935806665896,8.306940895863029,ok,True,True,extraction,
dgs5,6253,2025-01-03,5741,6252,512,-8.999999999999986,linear,46,10,56,46,3,43,0.1,0.08984375,0.083984375,4.000000000000048,4.000000000000048e-06,mle,-0.3267935806665896,8.306940895863029,ok,True,True,extraction,
dgs5,6254,2025-01-06,5742,6253,512,-8.999999999999986,linear,46,10,56,46,3,43,0.1,0.08984375,0.083984375,4.000000000000048,4.000000000000048e-06,mle,-0.3267935806665896,8.306940895863029,ok,True,True,extraction,
dgs5,6255,2025-01-07,5743,6254,512,-8.999999999999986,linear,46,10,56,46,3,43,0.1,0.08984375,0.083984375,4.000000000000048,4.000000000000048e-06,mle,-0.3267935806665896,8.306940895863029,ok,True,True,extraction,
dgs5,6256,2025-01-08,5744,6255,512,-8.999999999999986,linear,46,10,56,46,3,43,0.1,0.08984375,0.083984375,4.000000000000048,4.000000000000048e-06,mle,-0.3267935806665896,8.306940895863029,ok,True,True,extraction,
dgs5,6257,2025-01-09,5745,6256,512,-8.999999999999986,linear,46,10,56,46,3,43,0.1,0.08984375,0.083984375,4.000000000000026,4.000000000000025e-06,mle,-0.3267935806665896,8.306940895863029,ok,True,True,extraction,
dgs5,6258,2025-01-10,5746,6257,512,-8.999999999999986,linear,46,10,56,46,3,43,0.1,0.08984375,0.083984375,4.000000000000026,4.000000000000025e-06,mle,-0.3267935806665896,8.306940895863029,ok,True,True,extraction,
dgs5,6259,2025-01-13,5747,6258,512,-8.999999999999986,linear,46,10,56,46,3,43,0.1,0.08984375,0.083984375,4.000000000000048,4.000000000000048e-06,mle,-0.3267935806665896,8.306940895863029,ok,True,True,extraction,
dgs5,6260,2025-01-14,5748,6259,512,-8.999999999999986,linear,46,10,56,46,3,43,0.1,0.08984375,0.083984375,4.000000000000026,4.000000000000025e-06,mle,-0.3267935806665896,8.306940895863029,ok,True,True,extraction,
dgs5,6261,2025-01-15,5749,6260,512,-8.999999999999986,linear,46,10,56,46,3,43,0.1,0.08984375,0.083984375,4.0000000000000036,4.000000000000003e-06,mle,-0.3267935806665896,8.306940895863029,ok,True,True,extraction,
dgs5,6262,2025-01-16,5750,6261,512,-8.999999999999986,linear,47,10,57,47,3,44,0.1,0.091796875,0.0859375,4.000000000000026,4.000000000000025e-06,mle,-0.32469835878876446,8.24762370916826,ok,True,True,extraction,
dgs5,6263,2025-01-17,5751,6262,512,-8.999999999999986,linear,47,10,57,47,3,44,0.1,0.091796875,0.0859375,4.000000000000048,4.000000000000048e-06,mle,-0.32469835878876446,8.24762370916826,ok,True,True,extraction,
dgs5,6264,2025-01-21,5752,6263,512,-8.999999999999986,linear,47,10,57,47,3,44,0.1,0.091796875,0.0859375,4.000000000000026,4.000000000000025e-06,mle,-0.32469835878876446,8.24762370916826,ok,True,True,extraction,
dgs5,6265,2025-01-22,5753,6264,512,-8.999999999999986,linear,47,10,57,47,3,44,0.1,0.091796875,0.0859375,4.0000000000000036,4.000000000000003e-06,mle,-0.32469835878876446,8.24762370916826,ok,True,True,extraction,
dgs5,6266,2025-01-23,5754,6265,512,-8.999999999999986,linear,47,9,56,47,3,44,0.1,0.091796875,0.0859375,4.0000000000000036,4.000000000000003e-06,mle,-0.32469835878876446,8.24762370916826,ok,True,True,extraction,
dgs5,6267,2025-01-24,5755,6266,512,-8.999999999999986,linear,47,9,56,47,3,44,0.1,0.091796875,0.0859375,4.0000000000000036,4.000000000000003e-06,mle,-0.32469835878876446,8.24762370916826,ok,True,True,extraction,
dgs5,6268,2025-01-27,5756,6267,512,-8.999999999999986,linear,46,9,55,46,3,43,0.1,0.08984375,0.083984375,4.0000000000000036,4.000000000000003e-06,mle,-0.29082444216288195,7.847522100287126,ok,True,True,extraction,
dgs5,6269,2025-01-28,5757,6268,512,-8.999999999999986,linear,47,9,56,47,3,44,0.1,0.091796875,0.0859375,4.0000000000000036,4.000000000000003e-06,mle,-0.27334651977546975,7.618996563144386,ok,True,True,extraction,
dgs5,6270,2025-01-29,5758,6269,512,-8.999999999999986,linear,47,9,56,47,3,44,0.1,0.091796875,0.0859375,4.0000000000000036,4.000000000000003e-06,mle,-0.27334651977546975,7.618996563144386,ok,True,True,extraction,
dgs5,6271,2025-01-30,5759,6270,512,-8.999999999999986,linear,47,9,56,47,3,44,0.1,0.091796875,0.0859375,4.0000000000000036,4.000000000000003e-06,mle,-0.27334651977546975,7.618996563144386,ok,True,True,extraction,
dgs5,6272,2025-01-31,5760,6271,512,-8.999999999999986,linear,46,9,55,46,3,43,0.1,0.08984375,0.083984375,4.0000000000000036,4.000000000000003e-06,mle,-0.2788287867246826,7.716770035589098,ok,True,True,extraction,
dgs5,6273,2025-02-03,5761,6272,512,-8.999999999999986,linear,46,9,55,46,3,43,0.1,0.08984375,0.083984375,4.0000000000000036,4.000000000000003e-06,mle,-0.2788287867246826,7.716770035589098,ok,True,True,extraction,
dgs5,6274,2025-02-04,5762,6273,512,-8.999999999999986,linear,46,9,55,46,3,43,0.1,0.08984375,0.083984375,4.0000000000000036,4.000000000000003e-06,mle,-0.2788287867246826,7.716770035589098,ok,True,True,extraction,
dgs5,6275,2025-02-05,5763,6274,512,-8.999999999999986,linear,45,9,54,45,3,42,0.1,0.087890625,0.08203125,4.0000000000000036,4.000000000000003e-06,mle,-0.26051580079462466,7.5466185822658325,ok,True,True,extraction,
dgs5,6276,2025-02-06,5764,6275,512,-8.999999999999986,linear,45,9,54,45,3,42,0.1,0.087890625,0.08203125,4.0000000000000036,4.000000000000003e-06,mle,-0.26051580079462466,7.5466185822658325,ok,True,True,extraction,
dgs5,6277,2025-02-07,5765,6276,512,-8.999999999999986,linear,45,9,54,45,3,42,0.1,0.087890625,0.08203125,4.0000000000000036,4.000000000000003e-06,mle,-0.26051580079462466,7.5466185822658325,ok,True,True,extraction,
dgs5,6278,2025-02-10,5766,6277,512,-8.999999999999986,linear,45,9,54,45,3,42,0.1,0.087890625,0.08203125,4.0000000000000036,4.000000000000003e-06,mle,-0.26051580079462466,7.5466185822658325,ok,True,True,extraction,
dgs5,6279,2025-02-11,5767,6278,512,-8.999999999999986,linear,45,9,54,45,3,42,0.1,0.087890625,0.08203125,4.0000000000000036,4.000000000000003e-06,mle,-0.26051580079462466,7.5466185822658325,ok,True,True,extraction,
dgs5,6280,2025-02-12,5768,6279,512,-8.999999999999986,linear,45,9,54,45,3,42,0.1,0.087890625,0.08203125,4.0000000000000036,4.000000000000003e-06,mle,-0.26051580079462466,7.5466185822658325,ok,True,True,extraction,
dgs5,6281,2025-02-13,5769,6280,512,-8.999999999999986,linear,45,9,54,45,3,42,0.1,0.087890625,0.08203125,4.0000000000000036,4.000000000000003e-06,mle,-0.26051580079462466,7.5466185822658325,ok,True,True,extraction,
dgs5,6282,2025-02-14,5770,6281,512,-8.999999999999986,linear,46,9,55,46,4,42,0.1,0.08984375,0.08203125,4.0000000000000036,4.000000000000003e-06,mle,-0.26051580079462466,7.5466185822658325,ok,True,True,extraction,
dgs5,6283,2025-02-18,5771,6282,512,-8.999999999999986,linear,46,9,55,46,4,42,0.1,0.08984375,0.08203125,4.0000000000000036,4.000000000000003e-06,mle,-0.26051580079462466,7.5466185822658325,ok,True,True,extraction,
dgs5,6284,2025-02-19,5772,6283,512,-8.999999999999986,linear,46,9,55,46,4,42,0.1,0.08984375,0.08203125,4.0000000000000036,4.000000000000003e-06,mle,-0.26051580079462466,7.5466185822658325,ok,True,True,extraction,
dgs5,6285,2025-02-20,5773,6284,512,-8.999999999999986,linear,45,9,54,45,4,41,0.1,0.087890625,0.080078125,4.0000000000000036,4.000000000000003e-06,mle,-0.2526256347507714,7.501769150073348,ok,True,True,extraction,
dgs5,6286,2025-02-21,5774,6285,512,-8.999999999999986,linear,45,9,54,45,4,41,0.1,0.087890625,0.080078125,4.0000000000000036,4.000000000000003e-06,mle,-0.2526256347507714,7.501769150073348,ok,True,True,extraction,
dgs5,6287,2025-02-24,5775,6286,512,-8.999999999999986,linear,45,9,54,45,4,41,0.1,0.087890625,0.080078125,4.0000000000000036,4.000000000000003e-06,mle,-0.2526256347507714,7.501769150073348,ok,True,True,extraction,
dgs5,6288,2025-02-25,5776,6287,512,-8.999999999999986,linear,45,9,54,45,4,41,0.1,0.087890625,0.080078125,4.499999999999993,4.4999999999999925e-06,mle,-0.2526256347507714,7.501769150073348,ok,True,True,extraction,
dgs5,6289,2025-02-26,5777,6288,512,-8.999999999999986,linear,46,9,55,46,4,42,0.1,0.08984375,0.08203125,4.0000000000000036,4.000000000000003e-06,mle,-0.23368422703962866,7.265004414789092,ok,True,True,extraction,
dgs5,6290,2025-02-27,5778,6289,512,-8.999999999999986,linear,46,9,55,46,4,42,0.1,0.08984375,0.08203125,4.0000000000000036,4.000000000000003e-06,mle,-0.23368422703962866,7.265004414789092,ok,True,True,extraction,
dgs5,6291,2025-02-28,5779,6290,512,-8.999999999999986,linear,46,9,55,46,4,42,0.1,0.08984375,0.08203125,4.0000000000000036,4.000000000000003e-06,mle,-0.23368422703962866,7.265004414789092,ok,True,True,extraction,
dgs5,6292,2025-03-03,5780,6291,512,-8.999999999999986,linear,46,9,55,46,4,42,0.1,0.08984375,0.08203125,4.0000000000000036,4.000000000000003e-06,mle,-0.23368422703962866,7.265004414789092,ok,True,True,extraction,
dgs5,6293,2025-03-04,5781,6292,512,-8.999999999999986,linear,46,9,55,46,4,42,0.1,0.08984375,0.08203125,4.0000000000000036,4.000000000000003e-06,mle,-0.23368422703962866,7.265004414789092,ok,True,True,extraction,
dgs5,6294,2025-03-05,5782,6293,512,-8.999999999999986,linear,46,9,55,46,4,42,0.1,0.08984375,0.08203125,4.0000000000000036,4.000000000000003e-06,mle,-0.23368422703962866,7.265004414789092,ok,True,True,extraction,
dgs5,6295,2025-03-06,5783,6294,512,-8.999999999999986,linear,46,9,55,46,4,42,0.1,0.08984375,0.08203125,4.0000000000000036,4.000000000000003e-06,mle,-0.23368422703962866,7.265004414789092,ok,True,True,extraction,
dgs5,6296,2025-03-07,5784,6295,512,-8.999999999999986,linear,46,9,55,46,4,42,0.1,0.08984375,0.08203125,4.0000000000000036,4.000000000000003e-06,mle,-0.23368422703962866,7.265004414789092,ok,True,True,extraction,
dgs5,6297,2025-03-10,5785,6296,512,-8.999999999999986,linear,46,9,55,46,4,42,0.1,0.08984375,0.08203125,4.0000000000000036,4.000000000000003e-06,mle,-0.23368422703962866,7.265004414789092,ok,True,True,extraction,
dgs5,6298,2025-03-11,5786,6297,512,-8.999999999999986,linear,47,9,56,47,4,43,0.1,0.091796875,0.083984375,4.0000000000000036,4.000000000000003e-06,mle,-0.21594986171755368,7.0452972106594105,ok,True,True,extraction,
dgs5,6299,2025-03-12,5787,6298,512,-8.999999999999986,linear,47,9,56,47,4,43,0.1,0.091796875,0.083984375,4.0000000000000036,4.000000000000003e-06,mle,-0.21594986171755368,7.0452972106594105,ok,True,True,extraction,
dgs5,6300,2025-03-13,5788,6299,512,-8.999999999999986,linear,47,9,56,47,4,43,0.1,0.091796875,0.083984375,4.0000000000000036,4.000000000000003e-06,mle,-0.21594986171755368,7.0452972106594105,ok,True,True,extraction,
dgs5,6301,2025-03-14,5789,6300,512,-8.999999999999986,linear,47,9,56,47,4,43,0.1,0.091796875,0.083984375,4.0000000000000036,4.000000000000003e-06,mle,-0.21594986171755368,7.0452972106594105,ok,True,True,extraction,
dgs5,6302,2025-03-17,5790,6301,512,-8.999999999999986,linear,47,9,56,47,4,43,0.1,0.091796875,0.083984375,4.0000000000000036,4.000000000000003e-06,mle,-0.21594986171755368,7.0452972106594105,ok,True,True,extraction,
dgs5,6303,2025-03-18,5791,6302,512,-8.999999999999986,linear,47,9,56,47,4,43,0.1,0.091796875,0.083984375,4.0000000000000036,4.000000000000003e-06,mle,-0.21594986171755368,7.0452972106594105,ok,True,True,extraction,
dgs5,6304,2025-03-19,5792,6303,512,-8.999999999999986,linear,47,9,56,47,4,43,0.1,0.091796875,0.083984375,4.0000000000000036,4.000000000000003e-06,mle,-0.21594986171755368,7.0452972106594105,ok,True,True,extraction,
dgs5,6305,2025-03-20,5793,6304,512,-8.999999999999986,linear,47,9,56,47,4,43,0.1,0.091796875,0.083984375,4.0000000000000036,4.000000000000003e-06,mle,-0.21594986171755368,7.0452972106594105,ok,True,True,extraction,
dgs5,6306,2025-03-21,5794,6305,512,-8.999999999999986,linear,47,9,56,47,4,43,0.1,0.091796875,0.083984375,4.0000000000000036,4.000000000000003e-06,mle,-0.21594986171755368,7.0452972106594105,ok,True,True,extraction,
dgs5,6307,2025-03-24,5795,6306,512,-8.999999999999986,linear,47,9,56,47,4,43,0.1,0.091796875,0.083984375,4.0000000000000036,4.000000000000003e-06,mle,-0.21594986171755368,7.0452972106594105,ok,True,True,extraction,
dgs5,6308,2025-03-25,5796,6307,512,-8.999999999999986,linear,47,9,56,47,4,43,0.1,0.091796875,0.083984375,4.0000000000000036,4.000000000000003e-06,mle,-0.21594986171755368,7.0452972106594105,ok,True,True,extraction,
dgs5,6309,2025-03-26,5797,6308,512,-8.999999999999986,linear,47,9,56,47,4,43,0.1,0.091796875,0.083984375,4.0000000000000036,4.000000000000003e-06,mle,-0.21594986171755368,7.0452972106594105,ok,True,True,extraction,
dgs5,6310,2025-03-27,5798,6309,512,-8.999999999999986,linear,46,9,55,46,4,42,0.1,0.08984375,0.08203125,4.0000000000000036,4.000000000000003e-06,mle,-0.22640770459320964,7.192514357540876,ok,True,True,extraction,
dgs5,6311,2025-03-28,5799,6310,512,-8.999999999999986,linear,45,9,54,45,4,41,0.1,0.087890625,0.080078125,4.0000000000000036,4.000000000000003e-06,mle,-0.2042089731620358,6.713164728069982,ok,True,True,extraction,
dgs5,6312,2025-03-31,5800,6311,512,-8.999999999999986,linear,45,9,54,45,4,41,0.1,0.087890625,0.080078125,4.0000000000000036,4.000000000000003e-06,mle,-0.21459912108512758,6.252807874410493,ok,True,True,extraction,
dgs5,6313,2025-04-01,5801,6312,512,-8.999999999999986,linear,45,9,54,45,4,41,0.1,0.087890625,0.080078125,4.0000000000000036,4.000000000000003e-06,mle,-0.21459912108512758,6.252807874410493,ok,True,True,extraction,
dgs5,6314,2025-04-02,5802,6313,512,-8.999999999999986,linear,44,9,53,44,4,40,0.1,0.0859375,0.078125,4.0000000000000036,4.000000000000003e-06,mle,-0.18728937684546787,5.967223574589935,ok,True,True,extraction,
dgs5,6315,2025-04-03,5803,6314,512,-8.999999999999986,linear,44,9,53,44,4,40,0.1,0.0859375,0.078125,4.0000000000000036,4.000000000000003e-06,mle,-0.18728937684546787,5.967223574589935,ok,True,True,extraction,
dgs5,6316,2025-04-04,5804,6315,512,-8.999999999999986,linear,44,9,53,44,4,40,0.1,0.0859375,0.078125,4.0000000000000036,4.000000000000003e-06,mle,-0.3420371072050653,6.515335938656471,ok,True,True,extraction,
dgs5,6317,2025-04-07,5805,6316,512,-8.999999999999986,linear,44,9,53,44,4,40,0.1,0.0859375,0.078125,4.0000000000000036,4.000000000000003e-06,mle,-0.3420371072050653,6.515335938656471,ok,True,True,extraction,
dgs5,6318,2025-04-08,5806,6317,512,-8.999999999999986,linear,44,9,53,44,4,40,0.1,0.0859375,0.078125,4.0000000000000036,4.000000000000003e-06,mle,-0.3420371072050653,6.515335938656471,ok,True,True,extraction,
dgs5,6319,2025-04-09,5807,6318,512,-8.899999999999986,linear,52,0,52,52,0,52,0.1,0.1015625,0.1015625,4.0000000000000036,4.000000000000003e-06,mle,0.09948114055058299,3.2691610686734434,ok,True,True,extraction,
dgs5,6320,2025-04-10,5808,6319,512,-8.000000000000007,linear,51,11,62,51,0,51,0.1,0.099609375,0.099609375,4.0000000000000036,4.000000000000003e-06,mle,-0.19899856345939648,5.371141045210548,ok,True,True,extraction,
dgs5,6321,2025-04-11,5809,6320,512,-8.000000000000007,linear,51,11,62,51,0,51,0.1,0.099609375,0.099609375,4.0000000000000036,4.000000000000003e-06,mle,-0.19899856345939648,5.371141045210548,ok,True,True,extraction,
dgs5,6322,2025-04-14,5810,6321,512,-8.000000000000007,linear,51,11,62,51,0,51,0.1,0.099609375,0.099609375,4.0000000000000036,4.000000000000003e-06,mle,-0.19899856345939648,5.371141045210548,ok,True,True,extraction,
dgs5,6323,2025-04-15,5811,6322,512,-8.899999999999986,linear,52,0,52,52,0,52,0.1,0.1015625,0.1015625,4.0000000000000036,4.000000000000003e-06,mle,0.10990584853824664,3.198947891668669,ok,True,True,extraction,
dgs5,6324,2025-04-16,5812,6323,512,-8.899999999999986,linear,52,0,52,52,0,52,0.1,0.1015625,0.1015625,4.0000000000000036,4.000000000000003e-06,mle,0.10990584853824664,3.198947891668669,ok,True,True,extraction,
dgs5,6325,2025-04-17,5813,6324,512,-8.899999999999986,linear,52,0,52,52,0,52,0.1,0.1015625,0.1015625,4.0000000000000036,4.000000000000003e-06,mle,0.10990584853824664,3.198947891668669,ok,True,True,extraction,
dgs5,6326,2025-04-21,5814,6325,512,-8.899999999999986,linear,52,0,52,52,0,52,0.1,0.1015625,0.1015625,4.0000000000000036,4.000000000000003e-06,mle,0.10990584853824664,3.198947891668669,ok,True,True,extraction,
dgs5,6327,2025-04-22,5815,6326,512,-8.899999999999986,linear,52,0,52,52,0,52,0.1,0.1015625,0.1015625,4.0000000000000036,4.000000000000003e-06,mle,0.10990584853824664,3.198947891668669,ok,True,True,extraction,
dgs5,6328,2025-04-23,5816,6327,512,-8.000000000000007,linear,51,10,61,51,0,51,0.1,0.099609375,0.099609375,4.0000000000000036,4.000000000000003e-06,mle,-0.19899856345939648,5.371141045210548,ok,True,True,extraction,
dgs5,6329,2025-04-24,5817,6328,512,-8.000000000000007,linear,51,10,61,51,0,51,0.1,0.099609375,0.099609375,4.0000000000000036,4.000000000000003e-06,mle,-0.19899856345939648,5.371141045210548,ok,True,True,extraction,
dgs5,6330,2025-04-25,5818,6329,512,-8.899999999999986,linear,52,0,52,52,0,52,0.1,0.1015625,0.1015625,4.0000000000000036,4.000000000000003e-06,mle,0.1913930272960261,2.871581457054006,ok,True,True,extraction,
dgs5,6331,2025-04-28,5819,6330,512,-8.899999999999986,linear,52,0,52,52,0,52,0.1,0.1015625,0.1015625,4.0000000000000036,4.000000000000003e-06,mle,0.1913930272960261,2.871581457054006,ok,True,True,extraction,
dgs5,6332,2025-04-29,5820,6331,512,-8.899999999999986,linear,52,0,52,52,0,52,0.1,0.1015625,0.1015625,4.0000000000000036,4.000000000000003e-06,mle,0.1913930272960261,2.871581457054006,ok,True,True,extraction,
dgs5,6333,2025-04-30,5821,6332,512,-8.899999999999986,linear,52,0,52,52,0,52,0.1,0.1015625,0.1015625,4.0000000000000036,4.000000000000003e-06,mle,0.1913930272960261,2.871581457054006,ok,True,True,extraction,
dgs5,6334,2025-05-01,5822,6333,512,-8.899999999999986,linear,52,0,52,52,0,52,0.1,0.1015625,0.1015625,4.0000000000000036,4.000000000000003e-06,mle,0.1913930272960261,2.871581457054006,ok,True,True,extraction,
dgs5,6335,2025-05-02,5823,6334,512,-8.899999999999986,linear,52,0,52,52,0,52,0.1,0.1015625,0.1015625,4.0000000000000036,4.000000000000003e-06,mle,0.1913930272960261,2.871581457054006,ok,True,True,extraction,
dgs5,6336,2025-05-05,5824,6335,512,-8.899999999999986,linear,52,0,52,52,0,52,0.1,0.1015625,0.1015625,4.0000000000000036,4.000000000000003e-06,mle,0.1913930272960261,2.871581457054006,ok,True,True,extraction,
dgs5,6337,2025-05-06,5825,6336,512,-8.899999999999986,linear,52,0,52,52,0,52,0.1,0.1015625,0.1015625,4.0000000000000036,4.000000000000003e-06,mle,0.1913930272960261,2.871581457054006,ok,True,True,extraction,
dgs5,6338,2025-05-07,5826,6337,512,-8.899999999999986,linear,52,0,52,52,0,52,0.1,0.1015625,0.1015625,4.0000000000000036,4.000000000000003e-06,mle,0.1913930272960261,2.871581457054006,ok,True,True,extraction,
dgs5,6339,2025-05-08,5827,6338,512,-8.899999999999986,linear,52,0,52,52,0,52,0.1,0.1015625,0.1015625,4.0000000000000036,4.000000000000003e-06,mle,0.1913930272960261,2.871581457054006,ok,True,True,extraction,
dgs5,6340,2025-05-09,5828,6339,512,-8.899999999999986,linear,52,0,52,52,0,52,0.1,0.1015625,0.1015625,4.0000000000000036,4.000000000000003e-06,mle,0.1913930272960261,2.871581457054006,ok,True,True,extraction,
dgs5,6341,2025-05-12,5829,6340,512,-8.899999999999986,linear,52,0,52,52,0,52,0.1,0.1015625,0.1015625,4.0000000000000036,4.000000000000003e-06,mle,0.1913930272960261,2.871581457054006,ok,True,True,extraction,
dgs5,6342,2025-05-13,5830,6341,512,-8.899999999999986,linear,52,0,52,52,0,52,0.1,0.1015625,0.1015625,4.0000000000000036,4.000000000000003e-06,mle,0.1913930272960261,2.871581457054006,ok,True,True,extraction,
dgs5,6343,2025-05-14,5831,6342,512,-8.000000000000007,linear,51,8,59,51,0,51,0.1,0.099609375,0.099609375,4.0000000000000036,4.000000000000003e-06,mle,-0.1581810681940671,5.002353801806549,ok,True,True,extraction,
dgs5,6344,2025-05-15,5832,6343,512,-8.000000000000007,linear,51,8,59,51,0,51,0.1,0.099609375,0.099609375,4.0000000000000036,4.000000000000003e-06,mle,-0.1581810681940671,5.002353801806549,ok,True,True,extraction,
dgs5,6345,2025-05-16,5833,6344,512,-8.899999999999986,linear,52,0,52,52,0,52,0.1,0.1015625,0.1015625,4.0000000000000036,4.000000000000003e-06,mle,0.2424007421189448,2.610091105641049,ok,True,True,extraction,
dgs5,6346,2025-05-19,5834,6345,512,-8.000000000000007,linear,51,8,59,51,0,51,0.1,0.099609375,0.099609375,4.0000000000000036,4.000000000000003e-06,mle,-0.16535030889544147,5.055692727288687,ok,True,True,extraction,
dgs5,6347,2025-05-20,5835,6346,512,-8.000000000000007,linear,51,8,59,51,0,51,0.1,0.099609375,0.099609375,4.0000000000000036,4.000000000000003e-06,mle,-0.16535030889544147,5.055692727288687,ok,True,True,extraction,
dgs5,6348,2025-05-21,5836,6347,512,-8.000000000000007,linear,50,8,58,50,0,50,0.1,0.09765625,0.09765625,4.0000000000000036,4.000000000000003e-06,mle,-0.140582974501295,4.815424862517499,ok,True,True,extraction,
dgs5,6349,2025-05-22,5837,6348,512,-8.000000000000007,linear,49,8,57,49,0,49,0.1,0.095703125,0.095703125,4.0000000000000036,4.000000000000003e-06,mle,-0.1548136562652357,4.951544075887446,ok,True,True,extraction,
dgs5,6350,2025-05-23,5838,6349,512,-8.000000000000007,linear,49,7,56,49,0,49,0.1,0.095703125,0.095703125,4.0000000000000036,4.000000000000003e-06,mle,-0.1548136562652357,4.951544075887446,ok,True,True,extraction,
dgs5,6351,2025-05-27,5839,6350,512,-8.000000000000007,linear,49,7,56,49,0,49,0.1,0.095703125,0.095703125,4.0000000000000036,4.000000000000003e-06,mle,-0.1548136562652357,4.951544075887446,ok,True,True,extraction,
dgs5,6352,2025-05-28,5840,6351,512,-8.000000000000007,linear,49,7,56,49,0,49,0.1,0.095703125,0.095703125,4.0000000000000036,4.000000000000003e-06,mle,-0.1548136562652357,4.951544075887446,ok,True,True,extraction,
dgs5,6353,2025-05-29,5841,6352,512,-8.000000000000007,linear,49,7,56,49,0,49,0.1,0.095703125,0.095703125,4.0000000000000036,4.000000000000003e-06,mle,-0.1548136562652357,4.951544075887446,ok,True,True,extraction,
dgs5,6354,2025-05-30,5842,6353,512,-8.000000000000007,linear,48,7,55,48,0,48,0.1,0.09375,0.09375,4.0000000000000036,4.000000000000003e-06,mle,-0.13832899880869443,4.8406126598653625,ok,True,True,extraction,
dgs5,6355,2025-06-02,5843,6354,512,-8.000000000000007,linear,48,7,55,48,0,48,0.1,0.09375,0.09375,4.0000000000000036,4.000000000000003e-06,mle,-0.13832899880869443,4.8406126598653625,ok,True,True,extraction,
dgs5,6356,2025-06-03,5844,6355,512,-8.000000000000007,linear,48,7,55,48,0,48,0.1,0.09375,0.09375,4.0000000000000036,4.000000000000003e-06,mle,-0.13832899880869443,4.8406126598653625,ok,True,True,extraction,
dgs5,6357,2025-06-04,5845,6356,512,-8.000000000000007,linear,48,7,55,48,0,48,0.1,0.09375,0.09375,4.0000000000000036,4.000000000000003e-06,mle,-0.13832899880869443,4.8406126598653625,ok,True,True,extraction,
dgs5,6358,2025-06-05,5846,6357,512,-8.000000000000007,linear,49,7,56,49,0,49,0.1,0.095703125,0.095703125,4.0000000000000036,4.000000000000003e-06,mle,-0.13828583275759682,4.810374046684625,ok,True,True,extraction,
dgs5,6359,2025-06-06,5847,6358,512,-8.000000000000007,linear,49,7,56,49,0,49,0.1,0.095703125,0.095703125,4.0000000000000036,4.000000000000003e-06,mle,-0.13828583275759682,4.810374046684625,ok,True,True,extraction,
dgs5,6360,2025-06-09,5848,6359,512,-8.000000000000007,linear,49,7,56,49,0,49,0.1,0.095703125,0.095703125,4.0000000000000036,4.000000000000003e-06,mle,-0.13828583275759682,4.810374046684625,ok,True,True,extraction,
dgs5,6361,2025-06-10,5849,6360,512,-8.000000000000007,linear,49,7,56,49,0,49,0.1,0.095703125,0.095703125,4.0000000000000036,4.000000000000003e-06,mle,-0.13828583275759682,4.810374046684625,ok,True,True,extraction,
dgs5,6362,2025-06-11,5850,6361,512,-8.000000000000007,linear,49,7,56,49,0,49,0.1,0.095703125,0.095703125,4.0000000000000036,4.000000000000003e-06,mle,-0.13828583275759682,4.810374046684625,ok,True,True,extraction,
dgs5,6363,2025-06-12,5851,6362,512,-8.000000000000007,linear,49,7,56,49,0,49,0.1,0.095703125,0.095703125,4.0000000000000036,4.000000000000003e-06,mle,-0.13828583275759682,4.810374046684625,ok,True,True,extraction,
dgs5,6364,2025-06-13,5852,6363,512,-8.000000000000007,linear,49,7,56,49,0,49,0.1,0.095703125,0.095703125,4.0000000000000036,4.000000000000003e-06,mle,-0.13828583275759682,4.810374046684625,ok,True,True,extraction,
dgs5,6365,2025-06-16,5853,6364,512,-8.000000000000007,linear,49,7,56,49,0,49,0.1,0.095703125,0.095703125,4.0000000000000036,4.000000000000003e-06,mle,-0.13828583275759682,4.810374046684625,ok,True,True,extraction,
dgs5,6366,2025-06-17,5854,6365,512,-8.000000000000007,linear,49,7,56,49,0,49,0.1,0.095703125,0.095703125,4.0000000000000036,4.000000000000003e-06,mle,-0.13828583275759682,4.810374046684625,ok,True,True,extraction,
dgs5,6367,2025-06-18,5855,6366,512,-8.000000000000007,linear,48,7,55,48,0,48,0.1,0.09375,0.09375,4.0000000000000036,4.000000000000003e-06,mle,-0.13832899880869443,4.8406126598653625,ok,True,True,extraction,
dgs5,6368,2025-06-20,5856,6367,512,-8.000000000000007,linear,48,7,55,48,0,48,0.1,0.09375,0.09375,4.0000000000000036,4.000000000000003e-06,mle,-0.13832899880869443,4.8406126598653625,ok,True,True,extraction,
dgs5,6369,2025-06-23,5857,6368,512,-8.000000000000007,linear,48,7,55,48,0,48,0.1,0.09375,0.09375,4.0000000000000036,4.000000000000003e-06,mle,-0.13832899880869443,4.8406126598653625,ok,True,True,extraction,
dgs5,6370,2025-06-24,5858,6369,512,-8.000000000000007,linear,48,7,55,48,0,48,0.1,0.09375,0.09375,4.0000000000000036,4.000000000000003e-06,mle,-0.13832899880869443,4.8406126598653625,ok,True,True,extraction,
dgs5,6371,2025-06-25,5859,6370,512,-8.000000000000007,linear,48,7,55,48,0,48,0.1,0.09375,0.09375,4.0000000000000036,4.000000000000003e-06,mle,-0.13832899880869443,4.8406126598653625,ok,True,True,extraction,
dgs5,6372,2025-06-26,5860,6371,512,-8.000000000000007,linear,48,7,55,48,0,48,0.1,0.09375,0.09375,4.0000000000000036,4.000000000000003e-06,mle,-0.13832899880869443,4.8406126598653625,ok,True,True,extraction,
dgs5,6373,2025-06-27,5861,6372,512,-8.000000000000007,linear,48,7,55,48,0,48,0.1,0.09375,0.09375,4.0000000000000036,4.000000000000003e-06,mle,-0.13832899880869443,4.8406126598653625,ok,True,True,extraction,
dgs5,6374,2025-06-30,5862,6373,512,-8.000000000000007,linear,48,7,55,48,0,48,0.1,0.09375,0.09375,4.0000000000000036,4.000000000000003e-06,mle,-0.13832899880869443,4.8406126598653625,ok,True,True,extraction,
dgs5,6375,2025-07-01,5863,6374,512,-8.000000000000007,linear,48,7,55,48,0,48,0.1,0.09375,0.09375,4.0000000000000036,4.000000000000003e-06,mle,-0.13832899880869443,4.8406126598653625,ok,True,True,extraction,
dgs5,6376,2025-07-02,5864,6375,512,-8.000000000000007,linear,48,7,55,48,0,48,0.1,0.09375,0.09375,4.0000000000000036,4.000000000000003e-06,mle,-0.13832899880869443,4.8406126598653625,ok,True,True,extraction,
dgs5,6377,2025-07-03,5865,6376,512,-8.000000000000007,linear,48,7,55,48,0,48,0.1,0.09375,0.09375,4.0000000000000036,4.000000000000003e-06,mle,-0.13832899880869443,4.8406126598653625,ok,True,True,extraction,
dgs5,6378,2025-07-07,5866,6377,512,-8.000000000000007,linear,48,7,55,48,0,48,0.1,0.09375,0.09375,4.0000000000000036,4.000000000000003e-06,mle,-0.13832899880869443,4.8406126598653625,ok,True,True,extraction,
dgs5,6379,2025-07-08,5867,6378,512,-8.000000000000007,linear,47,7,54,47,0,47,0.1,0.091796875,0.091796875,4.0000000000000036,4.000000000000003e-06,mle,-0.116759187858987,4.683016522750146,ok,True,True,extraction,
dgs5,6380,2025-07-09,5868,6379,512,-8.000000000000007,linear,47,7,54,47,0,47,0.1,0.091796875,0.091796875,4.0000000000000036,4.000000000000003e-06,mle,-0.116759187858987,4.683016522750146,ok,True,True,extraction,
dgs5,6381,2025-07-10,5869,6380,512,-8.000000000000007,linear,47,7,54,47,0,47,0.1,0.091796875,0.091796875,4.0000000000000036,4.000000000000003e-06,mle,-0.116759187858987,4.683016522750146,ok,True,True,extraction,
dgs5,6382,2025-07-11,5870,6381,512,-8.000000000000007,linear,47,7,54,47,0,47,0.1,0.091796875,0.091796875,4.0000000000000036,4.000000000000003e-06,mle,-0.116759187858987,4.683016522750146,ok,True,True,extraction,
dgs5,6383,2025-07-14,5871,6382,512,-8.000000000000007,linear,47,7,54,47,0,47,0.1,0.091796875,0.091796875,4.0000000000000036,4.000000000000003e-06,mle,-0.116759187858987,4.683016522750146,ok,True,True,extraction,
dgs5,6384,2025-07-15,5872,6383,512,-8.000000000000007,linear,47,7,54,47,0,47,0.1,0.091796875,0.091796875,4.0000000000000036,4.000000000000003e-06,mle,-0.116759187858987,4.683016522750146,ok,True,True,extraction,
dgs5,6385,2025-07-16,5873,6384,512,-8.000000000000007,linear,47,7,54,47,0,47,0.1,0.091796875,0.091796875,4.0000000000000036,4.000000000000003e-06,mle,-0.116759187858987,4.683016522750146,ok,True,True,extraction,
dgs5,6386,2025-07-17,5874,6385,512,-8.000000000000007,linear,47,7,54,47,0,47,0.1,0.091796875,0.091796875,4.0000000000000036,4.000000000000003e-06,mle,-0.116759187858987,4.683016522750146,ok,True,True,extraction,
dgs5,6387,2025-07-18,5875,6386,512,-8.000000000000007,linear,47,7,54,47,0,47,0.1,0.091796875,0.091796875,4.0000000000000036,4.000000000000003e-06,mle,-0.116759187858987,4.683016522750146,ok,True,True,extraction,
dgs5,6388,2025-07-21,5876,6387,512,-8.000000000000007,linear,47,7,54,47,0,47,0.1,0.091796875,0.091796875,4.0000000000000036,4.000000000000003e-06,mle,-0.116759187858987,4.683016522750146,ok,True,True,extraction,
dgs5,6389,2025-07-22,5877,6388,512,-8.000000000000007,linear,47,7,54,47,0,47,0.1,0.091796875,0.091796875,4.0000000000000036,4.000000000000003e-06,mle,-0.116759187858987,4.683016522750146,ok,True,True,extraction,
dgs5,6390,2025-07-23,5878,6389,512,-8.000000000000007,linear,47,7,54,47,0,47,0.1,0.091796875,0.091796875,4.0000000000000036,4.000000000000003e-06,mle,-0.116759187858987,4.683016522750146,ok,True,True,extraction,
dgs5,6391,2025-07-24,5879,6390,512,-8.000000000000007,linear,47,7,54,47,0,47,0.1,0.091796875,0.091796875,4.0000000000000036,4.000000000000003e-06,mle,-0.116759187858987,4.683016522750146,ok,True,True,extraction,
dgs5,6392,2025-07-25,5880,6391,512,-8.000000000000007,linear,47,7,54,47,0,47,0.1,0.091796875,0.091796875,4.0000000000000036,4.000000000000003e-06,mle,-0.116759187858987,4.683016522750146,ok,True,True,extraction,
dgs5,6393,2025-07-28,5881,6392,512,-8.000000000000007,linear,47,7,54,47,0,47,0.1,0.091796875,0.091796875,4.0000000000000036,4.000000000000003e-06,mle,-0.116759187858987,4.683016522750146,ok,True,True,extraction,
dgs5,6394,2025-07-29,5882,6393,512,-8.000000000000007,linear,46,7,53,46,0,46,0.1,0.08984375,0.08984375,4.0000000000000036,4.000000000000003e-06,mle,-0.12374873029857693,4.76654522330925,ok,True,True,extraction,
dgs5,6395,2025-07-30,5883,6394,512,-8.000000000000007,linear,46,7,53,46,0,46,0.1,0.08984375,0.08984375,4.0000000000000036,4.000000000000003e-06,mle,-0.12374873029857693,4.76654522330925,ok,True,True,extraction,
dgs5,6396,2025-07-31,5884,6395,512,-7.9000000000000075,linear,52,0,52,52,0,52,0.1,0.1015625,0.1015625,4.0000000000000036,4.000000000000003e-06,mle,0.03822445362439465,3.537018189358172,ok,True,True,extraction,
dgs5,6397,2025-08-01,5885,6396,512,-7.000000000000028,linear,51,10,61,51,0,51,0.1,0.099609375,0.099609375,4.0000000000000036,4.000000000000003e-06,mle,-0.16518130529067332,5.27105686355292,ok,True,True,extraction,
dgs5,6398,2025-08-04,5886,6397,512,-7.9000000000000075,linear,52,0,52,52,0,52,0.1,0.1015625,0.1015625,4.0000000000000036,4.000000000000003e-06,mle,0.05040232930815765,3.58434315984299,ok,True,True,extraction,
dgs5,6399,2025-08-05,5887,6398,512,-7.9000000000000075,linear,52,0,52,52,0,52,0.1,0.1015625,0.1015625,4.0000000000000036,4.000000000000003e-06,mle,0.05040232930815765,3.58434315984299,ok,True,True,extraction,
dgs5,6400,2025-08-06,5888,6399,512,-7.9000000000000075,linear,52,0,52,52,0,52,0.1,0.1015625,0.1015625,4.0000000000000036,4.000000000000003e-06,mle,0.05040232930815765,3.58434315984299,ok,True,True,extraction,
dgs5,6401,2025-08-07,5889,6400,512,-7.9000000000000075,linear,52,0,52,52,0,52,0.1,0.1015625,0.1015625,4.0000000000000036,4.000000000000003e-06,mle,0.05040232930815765,3.58434315984299,ok,True,True,extraction,
dgs5,6402,2025-08-08,5890,6401,512,-7.9000000000000075,linear,52,0,52,52,0,52,0.1,0.1015625,0.1015625,4.0000000000000036,4.000000000000003e-06,mle,0.05040232930815765,3.58434315984299,ok,True,True,extraction,
dgs5,6403,2025-08-11,5891,6402,512,-7.9000000000000075,linear,52,0,52,52,0,52,0.1,0.1015625,0.1015625,4.0000000000000036,4.000000000000003e-06,mle,0.05040232930815765,3.58434315984299,ok,True,True,extraction,
dgs5,6404,2025-08-12,5892,6403,512,-7.9000000000000075,linear,52,0,52,52,0,52,0.1,0.1015625,0.1015625,4.0000000000000036,4.000000000000003e-06,mle,0.05040232930815765,3.58434315984299,ok,True,True,extraction,
dgs5,6405,2025-08-13,5893,6404,512,-7.9000000000000075,linear,52,0,52,52,0,52,0.1,0.1015625,0.1015625,4.0000000000000036,4.000000000000003e-06,mle,0.05040232930815765,3.58434315984299,ok,True,True,extraction,
dgs5,6406,2025-08-14,5894,6405,512,-7.9000000000000075,linear,52,0,52,52,0,52,0.1,0.1015625,0.1015625,4.0000000000000036,4.000000000000003e-06,mle,0.05040232930815765,3.58434315984299,ok,True,True,extraction,
dgs5,6407,2025-08-15,5895,6406,512,-7.9000000000000075,linear,52,0,52,52,0,52,0.1,0.1015625,0.1015625,4.0000000000000036,4.000000000000003e-06,mle,0.05040232930815765,3.58434315984299,ok,True,True,extraction,
dgs5,6408,2025-08-18,5896,6407,512,-7.9000000000000075,linear,52,0,52,52,0,52,0.1,0.1015625,0.1015625,4.0000000000000036,4.000000000000003e-06,mle,0.05040232930815765,3.58434315984299,ok,True,True,extraction,
dgs5,6409,2025-08-19,5897,6408,512,-7.9000000000000075,linear,52,0,52,52,0,52,0.1,0.1015625,0.1015625,4.0000000000000036,4.000000000000003e-06,mle,0.05040232930815765,3.58434315984299,ok,True,True,extraction,
dgs5,6410,2025-08-20,5898,6409,512,-7.9000000000000075,linear,52,0,52,52,0,52,0.1,0.1015625,0.1015625,4.0000000000000036,4.000000000000003e-06,mle,0.05040232930815765,3.58434315984299,ok,True,True,extraction,
dgs5,6411,2025-08-21,5899,6410,512,-7.9000000000000075,linear,52,0,52,52,0,52,0.1,0.1015625,0.1015625,4.0000000000000036,4.000000000000003e-06,mle,0.05040232930815765,3.58434315984299,ok,True,True,extraction,
dgs5,6412,2025-08-22,5900,6411,512,-7.9000000000000075,linear,52,0,52,52,0,52,0.1,0.1015625,0.1015625,4.0000000000000036,4.000000000000003e-06,mle,0.05040232930815765,3.58434315984299,ok,True,True,extraction,
dgs5,6413,2025-08-25,5901,6412,512,-7.9000000000000075,linear,52,0,52,52,0,52,0.1,0.1015625,0.1015625,4.0000000000000036,4.000000000000003e-06,mle,0.07523301314392797,3.4031489631399845,ok,True,True,extraction,
dgs5,6414,2025-08-26,5902,6413,512,-7.9000000000000075,linear,52,0,52,52,0,52,0.1,0.1015625,0.1015625,4.0000000000000036,4.000000000000003e-06,mle,0.07523301314392797,3.4031489631399845,ok,True,True,extraction,
dgs5,6415,2025-08-27,5903,6414,512,-7.9000000000000075,linear,52,0,52,52,0,52,0.1,0.1015625,0.1015625,4.0000000000000036,4.000000000000003e-06,mle,0.07523301314392797,3.4031489631399845,ok,True,True,extraction,
dgs5,6416,2025-08-28,5904,6415,512,-7.9000000000000075,linear,52,0,52,52,0,52,0.1,0.1015625,0.1015625,4.0000000000000036,4.000000000000003e-06,mle,0.07523301314392797,3.4031489631399845,ok,True,True,extraction,
dgs5,6417,2025-08-29,5905,6416,512,-7.9000000000000075,linear,52,0,52,52,0,52,0.1,0.1015625,0.1015625,4.0000000000000036,4.000000000000003e-06,mle,0.07523301314392797,3.4031489631399845,ok,True,True,extraction,
dgs5,6418,2025-09-02,5906,6417,512,-7.9000000000000075,linear,52,0,52,52,0,52,0.1,0.1015625,0.1015625,4.0000000000000036,4.000000000000003e-06,mle,0.07523301314392797,3.4031489631399845,ok,True,True,extraction,
dgs5,6419,2025-09-03,5907,6418,512,-7.9000000000000075,linear,52,0,52,52,0,52,0.1,0.1015625,0.1015625,4.0000000000000036,4.000000000000003e-06,mle,0.07523301314392797,3.4031489631399845,ok,True,True,extraction,
dgs5,6420,2025-09-04,5908,6419,512,-7.9000000000000075,linear,52,0,52,52,0,52,0.1,0.1015625,0.1015625,4.0000000000000036,4.000000000000003e-06,mle,0.07523301314392797,3.4031489631399845,ok,True,True,extraction,
dgs5,6421,2025-09-05,5909,6420,512,-7.9000000000000075,linear,52,0,52,52,0,52,0.1,0.1015625,0.1015625,4.0000000000000036,4.000000000000003e-06,mle,0.07523301314392797,3.4031489631399845,ok,True,True,extraction,
dgs5,6422,2025-09-08,5910,6421,512,-7.9000000000000075,linear,52,0,52,52,0,52,0.1,0.1015625,0.1015625,4.0000000000000036,4.000000000000003e-06,mle,0.07523301314392797,3.4031489631399845,ok,True,True,extraction,
dgs5,6423,2025-09-09,5911,6422,512,-7.9000000000000075,linear,52,0,52,52,0,52,0.1,0.1015625,0.1015625,4.0000000000000036,4.000000000000003e-06,mle,0.07523301314392797,3.4031489631399845,ok,True,True,extraction,
dgs5,6424,2025-09-10,5912,6423,512,-7.9000000000000075,linear,52,0,52,52,0,52,0.1,0.1015625,0.1015625,4.0000000000000036,4.000000000000003e-06,mle,0.07523301314392797,3.4031489631399845,ok,True,True,extraction,
dgs5,6425,2025-09-11,5913,6424,512,-7.9000000000000075,linear,52,0,52,52,0,52,0.1,0.1015625,0.1015625,4.0000000000000036,4.000000000000003e-06,mle,0.07523301314392797,3.4031489631399845,ok,True,True,extraction,
dgs5,6426,2025-09-12,5914,6425,512,-7.000000000000028,linear,51,10,61,51,0,51,0.1,0.099609375,0.099609375,4.0000000000000036,4.000000000000003e-06,mle,-0.1521514058540589,5.240052408542079,ok,True,True,extraction,
dgs5,6427,2025-09-15,5915,6426,512,-7.000000000000028,linear,51,10,61,51,0,51,0.1,0.099609375,0.099609375,4.0000000000000036,4.000000000000003e-06,mle,-0.1521514058540589,5.240052408542079,ok,True,True,extraction,
dgs5,6428,2025-09-16,5916,6427,512,-7.000000000000028,linear,51,10,61,51,0,51,0.1,0.099609375,0.099609375,4.0000000000000036,4.000000000000003e-06,mle,-0.1521514058540589,5.240052408542079,ok,True,True,extraction,
dgs5,6429,2025-09-17,5917,6428,512,-7.000000000000028,linear,51,10,61,51,0,51,0.1,0.099609375,0.099609375,4.0000000000000036,4.000000000000003e-06,mle,-0.1521514058540589,5.240052408542079,ok,True,True,extraction,
dgs5,6430,2025-09-18,5918,6429,512,-7.000000000000028,linear,50,10,60,50,0,50,0.1,0.09765625,0.09765625,4.0000000000000036,4.000000000000003e-06,mle,-0.14306136348490028,5.189656591153484,ok,True,True,extraction,
dgs5,6431,2025-09-19,5919,6430,512,-7.000000000000028,linear,50,10,60,50,0,50,0.1,0.09765625,0.09765625,4.0000000000000036,4.000000000000003e-06,mle,-0.14306136348490028,5.189656591153484,ok,True,True,extraction,
dgs5,6432,2025-09-22,5920,6431,512,-7.000000000000028,linear,50,10,60,50,0,50,0.1,0.09765625,0.09765625,4.0000000000000036,4.000000000000003e-06,mle,-0.14306136348490028,5.189656591153484,ok,True,True,extraction,
dgs5,6433,2025-09-23,5921,6432,512,-7.000000000000028,linear,50,10,60,50,0,50,0.1,0.09765625,0.09765625,4.0000000000000036,4.000000000000003e-06,mle,-0.14306136348490028,5.189656591153484,ok,True,True,extraction,
dgs5,6434,2025-09-24,5922,6433,512,-7.000000000000028,linear,50,10,60,50,0,50,0.1,0.09765625,0.09765625,4.0000000000000036,4.000000000000003e-06,mle,-0.14306136348490028,5.189656591153484,ok,True,True,extraction,
dgs5,6435,2025-09-25,5923,6434,512,-7.000000000000028,linear,50,10,60,50,0,50,0.1,0.09765625,0.09765625,4.0000000000000036,4.000000000000003e-06,mle,-0.14306136348490028,5.189656591153484,ok,True,True,extraction,
dgs5,6436,2025-09-26,5924,6435,512,-7.000000000000028,linear,50,10,60,50,0,50,0.1,0.09765625,0.09765625,4.0000000000000036,4.000000000000003e-06,mle,-0.14306136348490028,5.189656591153484,ok,True,True,extraction,
dgs5,6437,2025-09-29,5925,6436,512,-7.000000000000028,linear,50,10,60,50,0,50,0.1,0.09765625,0.09765625,4.0000000000000036,4.000000000000003e-06,mle,-0.14306136348490028,5.189656591153484,ok,True,True,extraction,
dgs5,6438,2025-09-30,5926,6437,512,-7.000000000000028,linear,50,10,60,50,0,50,0.1,0.09765625,0.09765625,4.0000000000000036,4.000000000000003e-06,mle,-0.14306136348490028,5.189656591153484,ok,True,True,extraction,
dgs5,6439,2025-10-01,5927,6438,512,-7.000000000000028,linear,50,10,60,50,0,50,0.1,0.09765625,0.09765625,4.0000000000000036,4.000000000000003e-06,mle,-0.14306136348490028,5.189656591153484,ok,True,True,extraction,
dgs5,6440,2025-10-02,5928,6439,512,-7.000000000000028,linear,50,10,60,50,0,50,0.1,0.09765625,0.09765625,4.0000000000000036,4.000000000000003e-06,mle,-0.14306136348490028,5.189656591153484,ok,True,True,extraction,
dgs5,6441,2025-10-03,5929,6440,512,-7.000000000000028,linear,50,10,60,50,0,50,0.1,0.09765625,0.09765625,4.0000000000000036,4.000000000000003e-06,mle,-0.14306136348490028,5.189656591153484,ok,True,True,extraction,
dgs5,6442,2025-10-06,5930,6441,512,-7.000000000000028,linear,50,10,60,50,0,50,0.1,0.09765625,0.09765625,4.0000000000000036,4.000000000000003e-06,mle,-0.14306136348490028,5.189656591153484,ok,True,True,extraction,
dgs5,6443,2025-10-07,5931,6442,512,-7.000000000000028,linear,50,10,60,50,0,50,0.1,0.09765625,0.09765625,4.0000000000000036,4.000000000000003e-06,mle,-0.14306136348490028,5.189656591153484,ok,True,True,extraction,
dgs5,6444,2025-10-08,5932,6443,512,-7.000000000000028,linear,50,10,60,50,0,50,0.1,0.09765625,0.09765625,4.0000000000000036,4.000000000000003e-06,mle,-0.14306136348490028,5.189656591153484,ok,True,True,extraction,
dgs5,6445,2025-10-09,5933,6444,512,-7.000000000000028,linear,50,10,60,50,0,50,0.1,0.09765625,0.09765625,4.0000000000000036,4.000000000000003e-06,mle,-0.14306136348490028,5.189656591153484,ok,True,True,extraction,
dgs5,6446,2025-10-10,5934,6445,512,-7.000000000000028,linear,50,10,60,50,0,50,0.1,0.09765625,0.09765625,4.0000000000000036,4.000000000000003e-06,mle,-0.14306136348490028,5.189656591153484,ok,True,True,extraction,
dgs5,6447,2025-10-14,5935,6446,512,-7.000000000000028,linear,51,10,61,51,0,51,0.1,0.099609375,0.099609375,4.0000000000000036,4.000000000000003e-06,mle,-0.13570490148183462,5.099165369282218,ok,True,True,extraction,
dgs5,6448,2025-10-15,5936,6447,512,-7.000000000000028,linear,51,10,61,51,0,51,0.1,0.099609375,0.099609375,4.0000000000000036,4.000000000000003e-06,mle,-0.13570490148183462,5.099165369282218,ok,True,True,extraction,
dgs5,6449,2025-10-16,5937,6448,512,-7.000000000000028,linear,51,10,61,51,0,51,0.1,0.099609375,0.099609375,4.0000000000000036,4.000000000000003e-06,mle,-0.13570490148183462,5.099165369282218,ok,True,True,extraction,
dgs5,6450,2025-10-17,5938,6449,512,-7.9000000000000075,linear,52,0,52,52,0,52,0.1,0.1015625,0.1015625,4.0000000000000036,4.000000000000003e-06,mle,0.15381946900633614,2.9950487635966185,ok,True,True,extraction,
dgs5,6451,2025-10-20,5939,6450,512,-7.9000000000000075,linear,52,0,52,52,0,52,0.1,0.1015625,0.1015625,4.0000000000000036,4.000000000000003e-06,mle,0.15381946900633614,2.9950487635966185,ok,True,True,extraction,
dgs5,6452,2025-10-21,5940,6451,512,-7.9000000000000075,linear,52,0,52,52,0,52,0.1,0.1015625,0.1015625,4.0000000000000036,4.000000000000003e-06,mle,0.15381946900633614,2.9950487635966185,ok,True,True,extraction,
dgs5,6453,2025-10-22,5941,6452,512,-7.9000000000000075,linear,52,0,52,52,0,52,0.1,0.1015625,0.1015625,4.0000000000000036,4.000000000000003e-06,mle,0.15381946900633614,2.9950487635966185,ok,True,True,extraction,
dgs5,6454,2025-10-23,5942,6453,512,-7.9000000000000075,linear,52,0,52,52,0,52,0.1,0.1015625,0.1015625,4.0000000000000036,4.000000000000003e-06,mle,0.15381946900633614,2.9950487635966185,ok,True,True,extraction,
dgs5,6455,2025-10-24,5943,6454,512,-7.000000000000028,linear,51,10,61,51,0,51,0.1,0.099609375,0.099609375,4.0000000000000036,4.000000000000003e-06,mle,-0.13570490148183462,5.099165369282218,ok,True,True,extraction,
dgs5,6456,2025-10-27,5944,6455,512,-7.000000000000028,linear,51,10,61,51,0,51,0.1,0.099609375,0.099609375,4.0000000000000036,4.000000000000003e-06,mle,-0.13570490148183462,5.099165369282218,ok,True,True,extraction,
dgs5,6457,2025-10-28,5945,6456,512,-7.000000000000028,linear,51,10,61,51,0,51,0.1,0.099609375,0.099609375,4.0000000000000036,4.000000000000003e-06,mle,-0.13570490148183462,5.099165369282218,ok,True,True,extraction,
dgs5,6458,2025-10-29,5946,6457,512,-7.000000000000028,linear,50,10,60,50,0,50,0.1,0.09765625,0.09765625,4.0000000000000036,4.000000000000003e-06,mle,-0.121368525812277,5.00157252200078,ok,True,True,extraction,
dgs5,6459,2025-10-30,5947,6458,512,-7.000000000000028,linear,50,10,60,50,0,50,0.1,0.09765625,0.09765625,4.0000000000000036,4.000000000000003e-06,mle,-0.121368525812277,5.00157252200078,ok,True,True,extraction,
dgs5,6460,2025-10-31,5948,6459,512,-7.000000000000028,linear,50,10,60,50,0,50,0.1,0.09765625,0.09765625,4.0000000000000036,4.000000000000003e-06,mle,-0.121368525812277,5.00157252200078,ok,True,True,extraction,
dgs5,6461,2025-11-03,5949,6460,512,-7.000000000000028,linear,50,10,60,50,0,50,0.1,0.09765625,0.09765625,4.0000000000000036,4.000000000000003e-06,mle,-0.121368525812277,5.00157252200078,ok,True,True,extraction,
dgs5,6462,2025-11-04,5950,6461,512,-7.000000000000028,linear,50,10,60,50,0,50,0.1,0.09765625,0.09765625,4.0000000000000036,4.000000000000003e-06,mle,-0.121368525812277,5.00157252200078,ok,True,True,extraction,
dgs5,6463,2025-11-05,5951,6462,512,-7.000000000000028,linear,50,10,60,50,0,50,0.1,0.09765625,0.09765625,4.0000000000000036,4.000000000000003e-06,mle,-0.121368525812277,5.00157252200078,ok,True,True,extraction,
dgs5,6464,2025-11-06,5952,6463,512,-7.000000000000028,linear,50,10,60,50,0,50,0.1,0.09765625,0.09765625,4.0000000000000036,4.000000000000003e-06,mle,-0.121368525812277,5.00157252200078,ok,True,True,extraction,
dgs5,6465,2025-11-07,5953,6464,512,-7.000000000000028,linear,50,10,60,50,0,50,0.1,0.09765625,0.09765625,4.0000000000000036,4.000000000000003e-06,mle,-0.121368525812277,5.00157252200078,ok,True,True,extraction,
dgs5,6466,2025-11-10,5954,6465,512,-7.000000000000028,linear,49,10,59,49,0,49,0.1,0.095703125,0.095703125,4.0000000000000036,4.000000000000003e-06,mle,-0.1286106425625332,5.091033606376065,ok,True,True,extraction,
dgs5,6467,2025-11-12,5955,6466,512,-7.000000000000028,linear,49,10,59,49,0,49,0.1,0.095703125,0.095703125,4.0000000000000036,4.000000000000003e-06,mle,-0.1286106425625332,5.091033606376065,ok,True,True,extraction,
dgs5,6468,2025-11-13,5956,6467,512,-7.000000000000028,linear,49,10,59,49,0,49,0.1,0.095703125,0.095703125,4.0000000000000036,4.000000000000003e-06,mle,-0.1286106425625332,5.091033606376065,ok,True,True,extraction,
dgs5,6469,2025-11-14,5957,6468,512,-7.000000000000028,linear,49,10,59,49,0,49,0.1,0.095703125,0.095703125,4.0000000000000036,4.000000000000003e-06,mle,-0.1286106425625332,5.091033606376065,ok,True,True,extraction,
dgs5,6470,2025-11-17,5958,6469,512,-7.000000000000028,linear,48,10,58,48,0,48,0.1,0.09375,0.09375,4.0000000000000036,4.000000000000003e-06,mle,-0.12970475962945802,5.132430067186699,ok,True,True,extraction,
dgs5,6471,2025-11-18,5959,6470,512,-7.000000000000028,linear,48,10,58,48,0,48,0.1,0.09375,0.09375,4.0000000000000036,4.000000000000003e-06,mle,-0.12970475962945802,5.132430067186699,ok,True,True,extraction,
dgs5,6472,2025-11-19,5960,6471,512,-7.000000000000028,linear,48,10,58,48,0,48,0.1,0.09375,0.09375,4.0000000000000036,4.000000000000003e-06,mle,-0.12970475962945802,5.132430067186699,ok,True,True,extraction,
dgs5,6473,2025-11-20,5961,6472,512,-7.000000000000028,linear,48,10,58,48,0,48,0.1,0.09375,0.09375,4.0000000000000036,4.000000000000003e-06,mle,-0.12970475962945802,5.132430067186699,ok,True,True,extraction,
dgs5,6474,2025-11-21,5962,6473,512,-7.000000000000028,linear,47,10,57,47,0,47,0.1,0.091796875,0.091796875,4.0000000000000036,4.000000000000003e-06,mle,-0.10694111641331229,4.946756864011501,ok,True,True,extraction,
dgs5,6475,2025-11-24,5963,6474,512,-7.000000000000028,linear,47,10,57,47,0,47,0.1,0.091796875,0.091796875,4.0000000000000036,4.000000000000003e-06,mle,-0.10694111641331229,4.946756864011501,ok,True,True,extraction,
dgs5,6476,2025-11-25,5964,6475,512,-7.000000000000028,linear,46,10,56,46,0,46,0.1,0.08984375,0.08984375,4.0000000000000036,4.000000000000003e-06,mle,-0.08267469252922482,4.730759593281194,ok,True,True,extraction,
dgs5,6477,2025-11-26,5965,6476,512,-7.000000000000028,linear,46,10,56,46,0,46,0.1,0.08984375,0.08984375,4.0000000000000036,4.000000000000003e-06,mle,-0.08267469252922482,4.730759593281194,ok,True,True,extraction,
dgs5,6478,2025-11-28,5966,6477,512,-7.000000000000028,linear,46,10,56,46,0,46,0.1,0.08984375,0.08984375,4.0000000000000036,4.000000000000003e-06,mle,-0.08267469252922482,4.730759593281194,ok,True,True,extraction,
dgs5,6479,2025-12-01,5967,6478,512,-7.000000000000028,linear,46,10,56,46,0,46,0.1,0.08984375,0.08984375,4.0000000000000036,4.000000000000003e-06,mle,-0.08267469252922482,4.730759593281194,ok,True,True,extraction,
dgs5,6480,2025-12-02,5968,6479,512,-7.000000000000028,linear,46,10,56,46,0,46,0.1,0.08984375,0.08984375,4.0000000000000036,4.000000000000003e-06,mle,-0.08267469252922482,4.730759593281194,ok,True,True,extraction,
dgs5,6481,2025-12-03,5969,6480,512,-7.000000000000028,linear,46,10,56,46,0,46,0.1,0.08984375,0.08984375,4.0000000000000036,4.000000000000003e-06,mle,-0.08267469252922482,4.730759593281194,ok,True,True,extraction,
dgs5,6482,2025-12-04,5970,6481,512,-7.000000000000028,linear,46,10,56,46,0,46,0.1,0.08984375,0.08984375,4.0000000000000036,4.000000000000003e-06,mle,-0.08267469252922482,4.730759593281194,ok,True,True,extraction,
dgs5,6483,2025-12-05,5971,6482,512,-7.000000000000028,linear,45,10,55,45,0,45,0.1,0.087890625,0.087890625,4.0000000000000036,4.000000000000003e-06,mle,-0.11703944316099019,4.564090686967048,ok,True,True,extraction,
dgs5,6484,2025-12-08,5972,6483,512,-7.000000000000028,linear,45,10,55,45,0,45,0.1,0.087890625,0.087890625,4.0000000000000036,4.000000000000003e-06,mle,-0.11703944316099019,4.564090686967048,ok,True,True,extraction,
dgs5,6485,2025-12-09,5973,6484,512,-7.000000000000028,linear,44,10,54,44,0,44,0.1,0.0859375,0.0859375,4.0000000000000036,4.000000000000003e-06,mle,-0.12297090067566971,4.641797771060023,ok,True,True,extraction,
dgs5,6486,2025-12-10,5974,6485,512,-7.000000000000028,linear,44,10,54,44,0,44,0.1,0.0859375,0.0859375,4.0000000000000036,4.000000000000003e-06,mle,-0.12297090067566971,4.641797771060023,ok,True,True,extraction,
dgs5,6487,2025-12-11,5975,6486,512,-7.000000000000028,linear,44,10,54,44,0,44,0.1,0.0859375,0.0859375,4.0000000000000036,4.000000000000003e-06,mle,-0.12297090067566971,4.641797771060023,ok,True,True,extraction,
dgs5,6488,2025-12-12,5976,6487,512,-7.000000000000028,linear,44,10,54,44,0,44,0.1,0.0859375,0.0859375,4.0000000000000036,4.000000000000003e-06,mle,-0.12297090067566971,4.641797771060023,ok,True,True,extraction,
dgs5,6489,2025-12-15,5977,6488,512,-7.000000000000028,linear,44,10,54,44,0,44,0.1,0.0859375,0.0859375,4.0000000000000036,4.000000000000003e-06,mle,-0.12297090067566971,4.641797771060023,ok,True,True,extraction,
dgs5,6490,2025-12-16,5978,6489,512,-7.000000000000028,linear,44,10,54,44,0,44,0.1,0.0859375,0.0859375,4.0000000000000036,4.000000000000003e-06,mle,-0.12297090067566971,4.641797771060023,ok,True,True,extraction,
dgs5,6491,2025-12-17,5979,6490,512,-7.000000000000028,linear,43,10,53,43,0,43,0.1,0.083984375,0.083984375,4.0000000000000036,4.000000000000003e-06,mle,-0.11581141974973838,4.616899212952719,ok,True,True,extraction,
dgs5,6492,2025-12-18,5980,6491,512,-7.000000000000024,linear,52,0,52,52,10,42,0.1,0.1015625,0.08203125,4.0000000000000036,4.000000000000003e-06,mle,-0.12243806077418709,4.701802897175817,ok,True,True,extraction,
dgs5,6493,2025-12-19,5981,6492,512,-6.999999999999984,linear,51,5,56,51,9,42,0.1,0.099609375,0.08203125,4.0000000000000036,4.000000000000003e-06,mle,-0.12243806077418709,4.701802897175817,ok,True,True,extraction,
dgs5,6494,2025-12-22,5982,6493,512,-6.999999999999984,linear,51,5,56,51,9,42,0.1,0.099609375,0.08203125,4.0000000000000036,4.000000000000003e-06,mle,-0.12243806077418709,4.701802897175817,ok,True,True,extraction,
dgs5,6495,2025-12-23,5983,6494,512,-6.999999999999984,linear,50,5,55,50,9,41,0.1,0.09765625,0.080078125,4.0000000000000036,4.000000000000003e-06,mle,-0.09798010004264127,4.442602286185491,ok,True,True,extraction,
dgs5,6496,2025-12-24,5984,6495,512,-6.999999999999984,linear,50,5,55,50,9,41,0.1,0.09765625,0.080078125,4.0000000000000036,4.000000000000003e-06,mle,-0.09798010004264127,4.442602286185491,ok,True,True,extraction,
dgs5,6497,2025-12-26,5985,6496,512,-6.999999999999984,linear,49,5,54,49,9,40,0.1,0.095703125,0.078125,4.0000000000000036,4.000000000000003e-06,mle,-0.10377621452189723,4.522708083017292,ok,True,True,extraction,
dgs5,6498,2025-12-29,5986,6497,512,-6.999999999999984,linear,49,5,54,49,9,40,0.1,0.095703125,0.078125,4.0000000000000036,4.000000000000003e-06,mle,-0.10377621452189723,4.522708083017292,ok,True,True,extraction,
dgs5,6499,2025-12-30,5987,6498,512,-6.999999999999984,linear,49,5,54,49,9,40,0.1,0.095703125,0.078125,4.0000000000000036,4.000000000000003e-06,mle,-0.10377621452189723,4.522708083017292,ok,True,True,extraction,
dgs5,6500,2025-12-31,5988,6499,512,-6.999999999999984,linear,49,5,54,49,9,40,0.1,0.095703125,0.078125,4.0000000000000036,4.000000000000003e-06,mle,-0.10377621452189723,4.522708083017292,ok,True,True,extraction,
dgs5,6501,2026-01-02,5989,6500,512,-6.999999999999984,linear,49,5,54,49,9,40,0.1,0.095703125,0.078125,4.0000000000000036,4.000000000000003e-06,mle,-0.10377621452189723,4.522708083017292,ok,True,True,extraction,
dgs5,6502,2026-01-05,5990,6501,512,-6.999999999999984,linear,49,5,54,49,9,40,0.1,0.095703125,0.078125,4.0000000000000036,4.000000000000003e-06,mle,-0.10377621452189723,4.522708083017292,ok,True,True,extraction,
dgs5,6503,2026-01-06,5991,6502,512,-6.999999999999984,linear,48,5,53,48,9,39,0.1,0.09375,0.076171875,4.0000000000000036,4.000000000000003e-06,mle,-0.14598427716831502,4.33681152907138,ok,True,True,extraction,
dgs5,6504,2026-01-07,5992,6503,512,-6.99999999999998,linear,52,0,52,52,14,38,0.1,0.1015625,0.07421875,4.0000000000000036,4.000000000000003e-06,mle,-0.1443796774473168,4.356161955469748,ok,True,True,extraction,
dgs5,6505,2026-01-08,5993,6504,512,-6.99999999999998,linear,52,0,52,52,14,38,0.1,0.1015625,0.07421875,4.0000000000000036,4.000000000000003e-06,mle,-0.1443796774473168,4.356161955469748,ok,True,True,extraction,
dgs5,6506,2026-01-09,5994,6505,512,-6.99999999999998,linear,52,0,52,52,14,38,0.1,0.1015625,0.07421875,4.0000000000000036,4.000000000000003e-06,mle,-0.1443796774473168,4.356161955469748,ok,True,True,extraction,
dgs5,6507,2026-01-12,5995,6506,512,-6.99999999999998,linear,52,0,52,52,14,38,0.1,0.1015625,0.07421875,4.0000000000000036,4.000000000000003e-06,mle,-0.1443796774473168,4.356161955469748,ok,True,True,extraction,
dgs5,6508,2026-01-13,5996,6507,512,-6.99999999999994,linear,51,2,53,51,14,37,0.1,0.099609375,0.072265625,4.0000000000000036,4.000000000000003e-06,mle,-0.1583689082412575,4.495185326944471,ok,True,True,extraction,
dgs5,6509,2026-01-14,5997,6508,512,-6.99999999999994,linear,51,2,53,51,14,37,0.1,0.099609375,0.072265625,4.0000000000000036,4.000000000000003e-06,mle,-0.1583689082412575,4.495185326944471,ok,True,True,extraction,
dgs5,6510,2026-01-15,5998,6509,512,-6.99999999999994,linear,51,2,53,51,14,37,0.1,0.099609375,0.072265625,4.0000000000000036,4.000000000000003e-06,mle,-0.1583689082412575,4.495185326944471,ok,True,True,extraction,
dgs5,6511,2026-01-16,5999,6510,512,-6.99999999999994,linear,51,2,53,51,14,37,0.1,0.099609375,0.072265625,4.0000000000000036,4.000000000000003e-06,mle,-0.1583689082412575,4.495185326944471,ok,True,True,extraction,
dgs5,6512,2026-01-20,6000,6511,512,-6.899999999999949,linear,52,0,52,52,0,52,0.1,0.1015625,0.1015625,4.0000000000000036,4.000000000000003e-06,mle,0.22952882003770017,2.1835312078991427,ok,True,True,extraction,
dgs5,6513,2026-01-21,6001,6512,512,-6.899999999999949,linear,52,0,52,52,0,52,0.1,0.1015625,0.1015625,4.0000000000000036,4.000000000000003e-06,mle,0.22952882003770017,2.1835312078991427,ok,True,True,extraction,
dgs5,6514,2026-01-22,6002,6513,512,-6.899999999999949,linear,52,0,52,52,0,52,0.1,0.1015625,0.1015625,4.0000000000000036,4.000000000000003e-06,mle,0.22952882003770017,2.1835312078991427,ok,True,True,extraction,
dgs5,6515,2026-01-23,6003,6514,512,-6.899999999999949,linear,52,0,52,52,0,52,0.1,0.1015625,0.1015625,4.0000000000000036,4.000000000000003e-06,mle,0.22952882003770017,2.1835312078991427,ok,True,True,extraction,
dgs5,6516,2026-01-26,6004,6515,512,-6.899999999999949,linear,52,0,52,52,0,52,0.1,0.1015625,0.1015625,4.0000000000000036,4.000000000000003e-06,mle,0.22952882003770017,2.1835312078991427,ok,True,True,extraction,
dgs5,6517,2026-01-27,6005,6516,512,-6.899999999999949,linear,52,0,52,52,0,52,0.1,0.1015625,0.1015625,4.0000000000000036,4.000000000000003e-06,mle,0.22952882003770017,2.1835312078991427,ok,True,True,extraction,
dgs5,6518,2026-01-28,6006,6517,512,-6.899999999999949,linear,52,0,52,52,0,52,0.1,0.1015625,0.1015625,4.0000000000000036,4.000000000000003e-06,mle,0.22952882003770017,2.1835312078991427,ok,True,True,extraction,
dgs5,6519,2026-01-29,6007,6518,512,-6.899999999999949,linear,52,0,52,52,0,52,0.1,0.1015625,0.1015625,4.0000000000000036,4.000000000000003e-06,mle,0.22952882003770017,2.1835312078991427,ok,True,True,extraction,
dgs5,6520,2026-01-30,6008,6519,512,-6.899999999999949,linear,52,0,52,52,0,52,0.1,0.1015625,0.1015625,4.0000000000000036,4.000000000000003e-06,mle,0.22952882003770017,2.1835312078991427,ok,True,True,extraction,
dgs5,6521,2026-02-02,6009,6520,512,-6.899999999999949,linear,52,0,52,52,0,52,0.1,0.1015625,0.1015625,4.0000000000000036,4.000000000000003e-06,mle,0.22952882003770017,2.1835312078991427,ok,True,True,extraction,
dgs5,6522,2026-02-03,6010,6521,512,-6.00000000000005,linear,51,5,56,51,0,51,0.1,0.099609375,0.099609375,4.0000000000000036,4.000000000000003e-06,mle,-0.10359050616971763,4.0850998458258285,ok,True,True,extraction,
dgs5,6523,2026-02-04,6011,6522,512,-6.00000000000005,linear,51,5,56,51,0,51,0.1,0.099609375,0.099609375,4.0000000000000036,4.000000000000003e-06,mle,-0.10359050616971763,4.0850998458258285,ok,True,True,extraction,
dgs5,6524,2026-02-05,6012,6523,512,-6.00000000000005,linear,51,5,56,51,0,51,0.1,0.099609375,0.099609375,3.9999999999999813,3.999999999999981e-06,mle,-0.10359050616971763,4.0850998458258285,ok,True,True,extraction,
dgs5,6525,2026-02-06,6013,6524,512,-6.899999999999949,linear,52,0,52,52,0,52,0.1,0.1015625,0.1015625,3.9999999999999813,3.999999999999981e-06,mle,0.22952882003770017,2.1835312078991427,ok,True,True,extraction,
dgs5,6526,2026-02-09,6014,6525,512,-6.899999999999949,linear,52,0,52,52,0,52,0.1,0.1015625,0.1015625,3.9999999999999813,3.999999999999981e-06,mle,0.22952882003770017,2.1835312078991427,ok,True,True,extraction,
dgs5,6527,2026-02-10,6015,6526,512,-6.899999999999949,linear,52,0,52,52,0,52,0.1,0.1015625,0.1015625,3.999999999999959,3.999999999999959e-06,mle,0.22952882003770017,2.1835312078991427,ok,True,True,extraction,
dgs5,6528,2026-02-11,6016,6527,512,-6.899999999999949,linear,52,0,52,52,0,52,0.1,0.1015625,0.1015625,3.999999999999959,3.999999999999959e-06,mle,0.22952882003770017,2.1835312078991427,ok,True,True,extraction,
dgs5,6529,2026-02-12,6017,6528,512,-6.899999999999949,linear,52,0,52,52,0,52,0.1,0.1015625,0.1015625,3.9999999999999813,3.999999999999981e-06,mle,0.22952882003770017,2.1835312078991427,ok,True,True,extraction,
dgs5,6530,2026-02-13,6018,6529,512,-6.99999999999994,linear,51,2,53,51,14,37,0.1,0.099609375,0.072265625,4.0000000000000036,4.000000000000003e-06,mle,-0.135802973606739,4.320238693603357,ok,True,True,extraction,
dgs5,6531,2026-02-17,6019,6530,512,-6.99999999999994,linear,51,2,53,51,14,37,0.1,0.099609375,0.072265625,4.0000000000000036,4.000000000000003e-06,mle,-0.135802973606739,4.320238693603357,ok,True,True,extraction,
dgs5,6532,2026-02-18,6020,6531,512,-6.99999999999994,linear,51,2,53,51,14,37,0.1,0.099609375,0.072265625,4.0000000000000036,4.000000000000003e-06,mle,-0.135802973606739,4.320238693603357,ok,True,True,extraction,
dgs5,6533,2026-02-19,6021,6532,512,-6.899999999999949,linear,52,0,52,52,0,52,0.1,0.1015625,0.1015625,3.9999999999999813,3.999999999999981e-06,mle,0.19774125939856474,2.2764630372123666,ok,True,True,extraction,
dgs5,6534,2026-02-20,6022,6533,512,-6.899999999999949,linear,52,0,52,52,0,52,0.1,0.1015625,0.1015625,3.9999999999999813,3.999999999999981e-06,mle,0.19774125939856474,2.2764630372123666,ok,True,True,extraction,
dgs5,6535,2026-02-23,6023,6534,512,-6.00000000000005,linear,51,5,56,51,0,51,0.1,0.099609375,0.099609375,3.999999999999959,3.999999999999959e-06,mle,-0.10969243362889122,4.128399693196678,ok,True,True,extraction,
dgs5,6536,2026-02-24,6024,6535,512,-6.00000000000005,linear,50,5,55,50,0,50,0.1,0.09765625,0.09765625,3.999999999999959,3.999999999999959e-06,mle,-0.09839262853731223,4.0598657087596095,ok,True,True,extraction,
dgs5,6537,2026-02-25,6025,6536,512,-6.00000000000005,linear,50,5,55,50,0,50,0.1,0.09765625,0.09765625,3.999999999999959,3.999999999999959e-06,mle,-0.09839262853731223,4.0598657087596095,ok,True,True,extraction,
dgs5,6538,2026-02-26,6026,6537,512,-6.00000000000005,linear,50,5,55,50,0,50,0.1,0.09765625,0.09765625,3.499999999999992,3.499999999999992e-06,mle,-0.09839262853731223,4.0598657087596095,ok,True,True,extraction,
dgs5,6539,2026-02-27,6027,6538,512,-6.00000000000005,linear,49,5,54,49,0,49,0.1,0.095703125,0.095703125,3.499999999999992,3.499999999999992e-06,mle,-0.0905434573275077,4.02532231908193,ok,True,True,extraction,
dgs5,6540,2026-03-02,6028,6539,512,-6.00000000000005,linear,49,5,54,49,0,49,0.1,0.095703125,0.095703125,3.999999999999959,3.999999999999959e-06,mle,-0.0905434573275077,4.02532231908193,ok,True,True,extraction,
dgs5,6541,2026-03-03,6029,6540,512,-6.00000000000005,linear,49,5,54,49,0,49,0.1,0.095703125,0.095703125,3.999999999999959,3.999999999999959e-06,mle,-0.0905434573275077,4.02532231908193,ok,True,True,extraction,
dgs5,6542,2026-03-04,6030,6541,512,-6.00000000000005,linear,49,5,54,49,0,49,0.1,0.095703125,0.095703125,3.999999999999959,3.999999999999959e-06,mle,-0.0905434573275077,4.02532231908193,ok,True,True,extraction,
dgs5,6543,2026-03-05,6031,6542,512,-6.00000000000005,linear,49,5,54,49,0,49,0.1,0.095703125,0.095703125,3.999999999999959,3.999999999999959e-06,mle,-0.0905434573275077,4.02532231908193,ok,True,True,extraction,
dgs5,6544,2026-03-06,6032,6543,512,-6.00000000000005,linear,49,5,54,49,0,49,0.1,0.095703125,0.095703125,3.999999999999959,3.999999999999959e-06,mle,-0.0905434573275077,4.02532231908193,ok,True,True,extraction,
dgs5,6545,2026-03-09,6033,6544,512,-6.00000000000005,linear,49,5,54,49,0,49,0.1,0.095703125,0.095703125,3.999999999999959,3.999999999999959e-06,mle,-0.0905434573275077,4.02532231908193,ok,True,True,extraction,
dgs5,6546,2026-03-10,6034,6545,512,-6.00000000000005,linear,49,5,54,49,0,49,0.1,0.095703125,0.095703125,3.999999999999959,3.999999999999959e-06,mle,-0.0905434573275077,4.02532231908193,ok,True,True,extraction,
dgs5,6547,2026-03-11,6035,6546,512,-6.00000000000005,linear,49,5,54,49,0,49,0.1,0.095703125,0.095703125,3.499999999999992,3.499999999999992e-06,mle,-0.0905434573275077,4.02532231908193,ok,True,True,extraction,
dgs5,6548,2026-03-12,6036,6547,512,-6.00000000000005,linear,49,5,54,49,0,49,0.1,0.095703125,0.095703125,3.499999999999992,3.499999999999992e-06,mle,-0.0905434573275077,4.02532231908193,ok,True,True,extraction,
dgs5,6549,2026-03-13,6037,6548,512,-6.00000000000005,linear,49,5,54,49,0,49,0.1,0.095703125,0.095703125,3.499999999999992,3.499999999999992e-06,mle,-0.0905434573275077,4.02532231908193,ok,True,True,extraction,
dgs5,6550,2026-03-16,6038,6549,512,-6.00000000000005,linear,49,5,54,49,0,49,0.1,0.095703125,0.095703125,3.499999999999992,3.499999999999992e-06,mle,-0.0905434573275077,4.02532231908193,ok,True,True,extraction,
dgs5,6551,2026-03-17,6039,6550,512,-6.00000000000005,linear,50,5,55,50,0,50,0.1,0.09765625,0.09765625,3.499999999999992,3.499999999999992e-06,mle,-0.08098737576897613,3.932441500284448,ok,True,True,extraction,
dgs5,6552,2026-03-18,6040,6551,512,-6.00000000000005,linear,50,5,55,50,0,50,0.1,0.09765625,0.09765625,3.499999999999992,3.499999999999992e-06,mle,-0.08098737576897613,3.932441500284448,ok,True,True,extraction,
dgs5,6553,2026-03-19,6041,6552,512,-6.00000000000005,linear,50,5,55,50,0,50,0.1,0.09765625,0.09765625,3.999999999999959,3.999999999999959e-06,mle,-0.08098737576897613,3.932441500284448,ok,True,True,extraction,
dgs5,6554,2026-03-20,6042,6553,512,-6.00000000000005,linear,50,4,54,50,0,50,0.1,0.09765625,0.09765625,3.499999999999992,3.499999999999992e-06,mle,-0.08098737576897613,3.932441500284448,ok,True,True,extraction,
dgs5,6555,2026-03-23,6043,6554,512,-6.00000000000005,linear,50,4,54,50,0,50,0.1,0.09765625,0.09765625,3.999999999999959,3.999999999999959e-06,mle,-0.08098737576897613,3.932441500284448,ok,True,True,extraction,
dgs5,6556,2026-03-24,6044,6555,512,-6.00000000000005,linear,49,4,53,49,0,49,0.1,0.095703125,0.095703125,3.999999999999959,3.999999999999959e-06,mle,-0.07751905477170719,3.934433482411539,ok,True,True,extraction,
dgs5,6557,2026-03-25,6045,6556,512,-6.00000000000005,linear,49,4,53,49,0,49,0.1,0.095703125,0.095703125,3.999999999999959,3.999999999999959e-06,mle,-0.07751905477170719,3.934433482411539,ok,True,True,extraction,
dgs5,6558,2026-03-26,6046,6557,512,-6.00000000000005,linear,49,4,53,49,0,49,0.1,0.095703125,0.095703125,3.999999999999959,3.999999999999959e-06,mle,-0.0703193309368384,3.8868203320785706,ok,True,True,extraction,
dgs5,6559,2026-03-27,6047,6558,512,-6.00000000000005,linear,49,4,53,49,0,49,0.1,0.095703125,0.095703125,3.999999999999959,3.999999999999959e-06,mle,-0.0703193309368384,3.8868203320785706,ok,True,True,extraction,
dgs5,6560,2026-03-30,6048,6559,512,-6.00000000000005,linear,49,4,53,49,0,49,0.1,0.095703125,0.095703125,3.999999999999959,3.999999999999959e-06,mle,-0.0703193309368384,3.8868203320785706,ok,True,True,extraction,
dgs5,6561,2026-03-31,6049,6560,512,-6.00000000000005,linear,50,4,54,50,0,50,0.1,0.09765625,0.09765625,3.999999999999959,3.999999999999959e-06,mle,-0.07410986101144118,3.8865632517745707,ok,True,True,extraction,
dgs5,6562,2026-04-01,6050,6561,512,-6.00000000000005,linear,50,4,54,50,0,50,0.1,0.09765625,0.09765625,3.9999999999999813,3.999999999999981e-06,mle,-0.07410986101144118,3.8865632517745707,ok,True,True,extraction,
dgs5,6563,2026-04-02,6051,6562,512,-6.00000000000005,linear,50,4,54,50,0,50,0.1,0.09765625,0.09765625,3.9999999999999813,3.999999999999981e-06,mle,-0.07410986101144118,3.8865632517745707,ok,True,True,extraction,
dgs5,6564,2026-04-03,6052,6563,512,-6.00000000000005,linear,50,4,54,50,0,50,0.1,0.09765625,0.09765625,3.999999999999959,3.999999999999959e-06,mle,-0.07410986101144118,3.8865632517745707,ok,True,True,extraction,
dgs5,6565,2026-04-06,6053,6564,512,-6.00000000000005,linear,50,4,54,50,0,50,0.1,0.09765625,0.09765625,3.999999999999959,3.999999999999959e-06,mle,-0.07410986101144118,3.8865632517745707,ok,True,True,extraction,
dgs5,6566,2026-04-07,6054,6565,512,-6.00000000000005,linear,50,4,54,50,0,50,0.1,0.09765625,0.09765625,3.999999999999959,3.999999999999959e-06,mle,-0.07410986101144118,3.8865632517745707,ok,True,True,extraction,
dgs5,6567,2026-04-08,6055,6566,512,-6.00000000000005,linear,50,4,54,50,0,50,0.1,0.09765625,0.09765625,3.999999999999959,3.999999999999959e-06,mle,-0.07410986101144118,3.8865632517745707,ok,True,True,extraction,
dgs5,6568,2026-04-09,6056,6567,512,-6.00000000000005,linear,50,4,54,50,0,50,0.1,0.09765625,0.09765625,3.499999999999992,3.499999999999992e-06,mle,-0.07410986101144118,3.8865632517745707,ok,True,True,extraction,
dgs5,6569,2026-04-10,6057,6568,512,-6.00000000000005,linear,50,4,54,50,0,50,0.1,0.09765625,0.09765625,3.000000000000025,3.0000000000000246e-06,mle,-0.07410986101144118,3.8865632517745707,ok,True,True,extraction,
dgs5,6570,2026-04-13,6058,6569,512,-6.00000000000005,linear,50,4,54,50,0,50,0.1,0.09765625,0.09765625,3.000000000000025,3.0000000000000246e-06,mle,-0.07410986101144118,3.8865632517745707,ok,True,True,extraction,
dgs5,6571,2026-04-14,6059,6570,512,-6.00000000000005,linear,50,4,54,50,0,50,0.1,0.09765625,0.09765625,3.000000000000025,3.0000000000000246e-06,mle,-0.07410986101144118,3.8865632517745707,ok,True,True,extraction,
dgs5,6572,2026-04-15,6060,6571,512,-6.00000000000005,linear,50,4,54,50,0,50,0.1,0.09765625,0.09765625,3.000000000000025,3.0000000000000246e-06,mle,-0.07410986101144118,3.8865632517745707,ok,True,True,extraction,
dgs5,6573,2026-04-16,6061,6572,512,-6.00000000000005,linear,50,4,54,50,0,50,0.1,0.09765625,0.09765625,3.000000000000025,3.0000000000000246e-06,mle,-0.07410986101144118,3.8865632517745707,ok,True,True,extraction,
dgs5,6574,2026-04-17,6062,6573,512,-6.00000000000005,linear,50,4,54,50,0,50,0.1,0.09765625,0.09765625,3.000000000000025,3.0000000000000246e-06,mle,-0.07410986101144118,3.8865632517745707,ok,True,True,extraction,
dgs5,6575,2026-04-20,6063,6574,512,-6.00000000000005,linear,51,4,55,51,0,51,0.1,0.099609375,0.099609375,3.000000000000025,3.0000000000000246e-06,mle,-0.06492292212692397,3.7990192774429374,ok,True,True,extraction,
dgs5,6576,2026-04-21,6064,6575,512,-6.00000000000005,linear,51,4,55,51,0,51,0.1,0.099609375,0.099609375,3.000000000000025,3.0000000000000246e-06,mle,-0.06492292212692397,3.7990192774429374,ok,True,True,extraction,
dgs5,6577,2026-04-22,6065,6576,512,-6.00000000000005,linear,51,4,55,51,0,51,0.1,0.099609375,0.099609375,3.000000000000025,3.0000000000000246e-06,mle,-0.06492292212692397,3.7990192774429374,ok,True,True,extraction,
dgs5,6578,2026-04-23,6066,6577,512,-6.00000000000005,linear,51,4,55,51,0,51,0.1,0.099609375,0.099609375,3.000000000000025,3.0000000000000246e-06,mle,-0.06492292212692397,3.7990192774429374,ok,True,True,extraction,
dgs5,6579,2026-04-24,6067,6578,512,-6.00000000000005,linear,51,4,55,51,0,51,0.1,0.099609375,0.099609375,3.000000000000025,3.0000000000000246e-06,mle,-0.06492292212692397,3.7990192774429374,ok,True,True,extraction,
dgs5,6580,2026-04-27,6068,6579,512,-6.00000000000005,linear,51,4,55,51,0,51,0.1,0.099609375,0.099609375,3.000000000000025,3.0000000000000246e-06,mle,-0.06492292212692397,3.7990192774429374,ok,True,True,extraction,
dgs5,6581,2026-04-28,6069,6580,512,-6.00000000000005,linear,51,4,55,51,0,51,0.1,0.099609375,0.099609375,3.000000000000025,3.0000000000000246e-06,mle,-0.06492292212692397,3.7990192774429374,ok,True,True,extraction,
dgs5,6582,2026-04-29,6070,6581,512,-6.00000000000005,linear,51,4,55,51,0,51,0.1,0.099609375,0.099609375,3.000000000000025,3.0000000000000246e-06,mle,-0.06492292212692397,3.7990192774429374,ok,True,True,extraction,
dgs5,6583,2026-04-30,6071,6582,512,-6.00000000000005,linear,51,4,55,51,0,51,0.1,0.099609375,0.099609375,3.000000000000025,3.0000000000000246e-06,mle,-0.06492292212692397,3.7990192774429374,ok,True,True,extraction,
dgs5,6584,2026-05-01,6072,6583,512,-6.00000000000005,linear,51,4,55,51,0,51,0.1,0.099609375,0.099609375,3.000000000000025,3.0000000000000246e-06,mle,-0.06492292212692397,3.7990192774429374,ok,True,True,extraction,
dgs5,6585,2026-05-04,6073,6584,512,-6.00000000000005,linear,50,4,54,50,0,50,0.1,0.09765625,0.09765625,3.000000000000025,3.0000000000000246e-06,mle,-0.07410986101144118,3.8865632517745707,ok,True,True,extraction,
dgs5,6586,2026-05-05,6074,6585,512,-6.00000000000005,linear,50,4,54,50,0,50,0.1,0.09765625,0.09765625,3.000000000000025,3.0000000000000246e-06,mle,-0.07410986101144118,3.8865632517745707,ok,True,True,extraction,
dgs5,6587,2026-05-06,6075,6586,512,-6.00000000000005,linear,50,4,54,50,0,50,0.1,0.09765625,0.09765625,3.000000000000025,3.0000000000000246e-06,mle,-0.07410986101144118,3.8865632517745707,ok,True,True,extraction,
dgs5,6588,2026-05-07,6076,6587,512,-6.00000000000005,linear,50,4,54,50,0,50,0.1,0.09765625,0.09765625,3.000000000000025,3.0000000000000246e-06,mle,-0.08688775954965709,3.975134093442688,ok,True,True,extraction,
dgs5,6589,2026-05-08,6077,6588,512,-6.00000000000005,linear,50,4,54,50,0,50,0.1,0.09765625,0.09765625,3.000000000000025,3.0000000000000246e-06,mle,-0.08688775954965709,3.975134093442688,ok,True,True,extraction,
dgs5,6590,2026-05-11,6078,6589,512,-6.00000000000005,linear,50,4,54,50,0,50,0.1,0.09765625,0.09765625,3.000000000000025,3.0000000000000246e-06,mle,-0.08688775954965709,3.975134093442688,ok,True,True,extraction,
dgs5,6591,2026-05-12,6079,6590,512,-6.00000000000005,linear,50,4,54,50,0,50,0.1,0.09765625,0.09765625,3.000000000000025,3.0000000000000246e-06,mle,-0.08688775954965709,3.975134093442688,ok,True,True,extraction,
dgs5,6592,2026-05-13,6080,6591,512,-6.00000000000005,linear,50,4,54,50,0,50,0.1,0.09765625,0.09765625,3.000000000000025,3.0000000000000246e-06,mle,-0.08688775954965709,3.975134093442688,ok,True,True,extraction,
dgs5,6593,2026-05-14,6081,6592,512,-6.00000000000005,linear,50,4,54,50,0,50,0.1,0.09765625,0.09765625,3.000000000000025,3.0000000000000246e-06,mle,-0.08688775954965709,3.975134093442688,ok,True,True,extraction,
dgs5,6594,2026-05-15,6082,6593,512,-6.00000000000005,linear,50,4,54,50,0,50,0.1,0.09765625,0.09765625,3.000000000000025,3.0000000000000246e-06,mle,-0.08688775954965709,3.975134093442688,ok,True,True,extraction,
dgs5,6595,2026-05-18,6083,6594,512,-6.00000000000005,linear,50,4,54,50,0,50,0.1,0.09765625,0.09765625,3.000000000000025,3.0000000000000246e-06,mle,-0.08688775954965709,3.975134093442688,ok,True,True,extraction,
dgs5,6596,2026-05-19,6084,6595,512,-6.00000000000005,linear,50,4,54,50,0,50,0.1,0.09765625,0.09765625,3.000000000000025,3.0000000000000246e-06,mle,-0.08688775954965709,3.975134093442688,ok,True,True,extraction,
dgs5,6597,2026-05-20,6085,6596,512,-6.00000000000005,linear,50,4,54,50,0,50,0.1,0.09765625,0.09765625,3.000000000000025,3.0000000000000246e-06,mle,-0.08688775954965709,3.975134093442688,ok,True,True,extraction,
dgs5,6598,2026-05-21,6086,6597,512,-6.00000000000005,linear,50,4,54,50,0,50,0.1,0.09765625,0.09765625,3.000000000000025,3.0000000000000246e-06,mle,-0.09771476741013709,4.05764009472097,ok,True,True,extraction,
dgs5,6599,2026-05-22,6087,6598,512,-6.00000000000005,linear,49,4,53,49,0,49,0.1,0.095703125,0.095703125,3.000000000000025,3.0000000000000246e-06,mle,-0.1074127115631271,4.153523685282712,ok,True,True,extraction,
dgs5,6600,2026-05-26,6088,6599,512,-6.000000000000045,linear,52,0,52,52,4,48,0.1,0.1015625,0.09375,3.000000000000025,3.0000000000000246e-06,mle,-0.10509350446413726,4.162996606145901,ok,True,True,extraction,
dgs5,6601,2026-05-27,6089,6600,512,-6.00000000000005,linear,49,4,53,49,0,49,0.1,0.095703125,0.095703125,3.000000000000025,3.0000000000000246e-06,mle,-0.10159779958357926,4.109961337629516,ok,True,True,extraction,
dgs5,6602,2026-05-28,6090,6601,512,-6.00000000000005,linear,49,4,53,49,0,49,0.1,0.095703125,0.095703125,3.000000000000025,3.0000000000000246e-06,mle,-0.10159779958357926,4.109961337629516,ok,True,True,extraction,
dgs5,6603,2026-05-29,6091,6602,512,-6.00000000000005,linear,49,4,53,49,0,49,0.1,0.095703125,0.095703125,3.000000000000025,3.0000000000000246e-06,mle,-0.10159779958357926,4.109961337629516,ok,True,True,extraction,
dgs5,6604,2026-06-01,6092,6603,512,-6.00000000000005,linear,49,4,53,49,0,49,0.1,0.095703125,0.095703125,3.000000000000025,3.0000000000000246e-06,mle,-0.10159779958357926,4.109961337629516,ok,True,True,extraction,
dgs5,6605,2026-06-02,6093,6604,512,-6.00000000000005,linear,49,4,53,49,0,49,0.1,0.095703125,0.095703125,3.000000000000025,3.0000000000000246e-06,mle,-0.10159779958357926,4.109961337629516,ok,True,True,extraction,
dgs5,6606,2026-06-03,6094,6605,512,-6.00000000000005,linear,49,4,53,49,0,49,0.1,0.095703125,0.095703125,3.000000000000025,3.0000000000000246e-06,mle,-0.10159779958357926,4.109961337629516,ok,True,True,extraction,
dgs5,6607,2026-06-04,6095,6606,512,-6.00000000000005,linear,49,4,53,49,0,49,0.1,0.095703125,0.095703125,3.000000000000025,3.0000000000000246e-06,mle,-0.10159779958357926,4.109961337629516,ok,True,True,extraction,
dgs5,6608,2026-06-05,6096,6607,512,-6.000000000000045,linear,52,0,52,52,4,48,0.1,0.1015625,0.09375,3.000000000000025,3.0000000000000246e-06,mle,-0.08932671919862956,4.036825657867029,ok,True,True,extraction,
dgs5,6609,2026-06-08,6097,6608,512,-6.000000000000045,linear,52,0,52,52,4,48,0.1,0.1015625,0.09375,3.000000000000025,3.0000000000000246e-06,mle,-0.08932671919862956,4.036825657867029,ok,True,True,extraction,
dgs5,6610,2026-06-09,6098,6609,512,-6.000000000000045,linear,52,0,52,52,4,48,0.1,0.1015625,0.09375,3.000000000000025,3.0000000000000246e-06,mle,-0.08932671919862956,4.036825657867029,ok,True,True,extraction,
dgs5,6611,2026-06-10,6099,6610,512,-6.000000000000045,linear,52,0,52,52,4,48,0.1,0.1015625,0.09375,3.000000000000025,3.0000000000000246e-06,mle,-0.08932671919862956,4.036825657867029,ok,True,True,extraction,
dgs5,6612,2026-06-11,6100,6611,512,-6.000000000000045,linear,52,0,52,52,4,48,0.1,0.1015625,0.09375,3.000000000000025,3.0000000000000246e-06,mle,-0.08932671919862956,4.036825657867029,ok,True,True,extraction,
dgs5,6613,2026-06-12,6101,6612,512,-6.00000000000005,linear,49,4,53,49,0,49,0.1,0.095703125,0.095703125,3.000000000000025,3.0000000000000246e-06,mle,-0.09227952146551215,4.031306370714352,ok,True,True,extraction,
dgs5,6614,2026-06-15,6102,6613,512,-6.00000000000005,linear,49,4,53,49,0,49,0.1,0.095703125,0.095703125,3.000000000000025,3.0000000000000246e-06,mle,-0.09227952146551215,4.031306370714352,ok,True,True,extraction,
dgs5,6615,2026-06-16,6103,6614,512,-6.00000000000005,linear,49,4,53,49,0,49,0.1,0.095703125,0.095703125,3.000000000000025,3.0000000000000246e-06,mle,-0.09227952146551215,4.031306370714352,ok,True,True,extraction,
dgs5,6616,2026-06-17,6104,6615,512,-6.00000000000005,linear,49,4,53,49,0,49,0.1,0.095703125,0.095703125,3.000000000000025,3.0000000000000246e-06,mle,-0.09227952146551215,4.031306370714352,ok,True,True,extraction,
dgs5,6617,2026-06-18,6105,6616,512,-6.00000000000005,linear,49,4,53,49,0,49,0.1,0.095703125,0.095703125,3.000000000000025,3.0000000000000246e-06,mle,-0.09227952146551215,4.031306370714352,ok,True,True,extraction,
dgs5,6618,2026-06-22,6106,6617,512,-6.00000000000005,linear,49,4,53,49,0,49,0.1,0.095703125,0.095703125,3.000000000000025,3.0000000000000246e-06,mle,-0.09227952146551215,4.031306370714352,ok,True,True,extraction,
dgs5,6619,2026-06-23,6107,6618,512,-6.00000000000005,linear,49,4,53,49,0,49,0.1,0.095703125,0.095703125,3.000000000000025,3.0000000000000246e-06,mle,-0.09227952146551215,4.031306370714352,ok,True,True,extraction,
dgs5,6620,2026-06-24,6108,6619,512,-6.000000000000045,linear,52,0,52,52,4,48,0.1,0.1015625,0.09375,3.000000000000025,3.0000000000000246e-06,mle,-0.08399937179404744,3.994808190544894,ok,True,True,extraction,
dgs5,6621,2026-06-25,6109,6620,512,-6.000000000000045,linear,52,0,52,52,4,48,0.1,0.1015625,0.09375,3.000000000000025,3.0000000000000246e-06,mle,-0.10214385571364767,4.12863264145272,ok,True,True,extraction,
dgs5,6622,2026-06-26,6110,6621,512,-6.000000000000045,linear,52,0,52,52,4,48,0.1,0.1015625,0.09375,3.000000000000025,3.0000000000000246e-06,mle,-0.10214385571364767,4.12863264145272,ok,True,True,extraction,
dgs5,6623,2026-06-29,6111,6622,512,-6.000000000000045,linear,52,0,52,52,4,48,0.1,0.1015625,0.09375,3.000000000000025,3.0000000000000246e-06,mle,-0.10214385571364767,4.12863264145272,ok,True,True,extraction,
dgs5,6624,2026-06-30,6112,6623,512,-6.000000000000045,linear,52,0,52,52,4,48,0.1,0.1015625,0.09375,3.000000000000025,3.0000000000000246e-06,mle,-0.10214385571364767,4.12863264145272,ok,True,True,extraction,
dgs5,6625,2026-07-01,6113,6624,512,-6.000000000000045,linear,52,0,52,52,4,48,0.1,0.1015625,0.09375,3.000000000000025,3.0000000000000246e-06,mle,-0.10214385571364767,4.12863264145272,ok,True,True,extraction,
dgs5,6626,2026-07-02,6114,6625,512,-6.000000000000005,linear,51,15,66,51,4,47,0.1,0.099609375,0.091796875,3.000000000000025,3.0000000000000246e-06,mle,-0.11243714941079494,4.231206304982508,ok,True,True,extraction,
