asset,t,date,ctx_start,ctx_end,W,u,quantile_method,n_lt_u,n_eq_u,n_le_u,n_raw_exc,tie_count,n_kept,tau_nominal,tau_strict,tau_fit,scale_ref,beta_floor,fit_branch,xi,beta,status,var_defined,es_defined,layer,exclusion_reason
spx,4024,2016-01-04,3512,4023,512,-0.9719717745621212,linear,52,0,52,52,0,52,0.1,0.1015625,0.1015625,0.4485744525735324,4.4857445257353236e-07,mle,-0.05471492701999078,0.6675887704723953,ok,True,True,extraction,
spx,4025,2016-01-05,3513,4024,512,-0.9857429510585926,linear,52,0,52,52,0,52,0.1,0.1015625,0.1015625,0.44936576177516785,4.4936576177516785e-07,mle,-0.05917901216702285,0.6672865660598584,ok,True,True,extraction,
spx,4026,2016-01-06,3514,4025,512,-0.9857429510585926,linear,52,0,52,52,0,52,0.1,0.1015625,0.1015625,0.44936576177516785,4.4936576177516785e-07,mle,-0.05917901216702285,0.6672865660598584,ok,True,True,extraction,
spx,4027,2016-01-07,3515,4026,512,-1.0149626795573636,linear,52,0,52,52,0,52,0.1,0.1015625,0.1015625,0.4483996339955898,4.483996339955898e-07,mle,-0.03342552782286509,0.6276173143809654,ok,True,True,extraction,
spx,4028,2016-01-08,3516,4027,512,-1.0253588820971185,linear,52,0,52,52,0,52,0.1,0.1015625,0.1015625,0.45181561978911955,4.518156197891195e-07,mle,-0.054881204081093274,0.6577002094097711,ok,True,True,extraction,
spx,4029,2016-01-11,3517,4028,512,-1.0327854807601695,linear,52,0,52,52,0,52,0.1,0.1015625,0.1015625,0.4542828945315347,4.542828945315347e-07,mle,-0.047408073761567124,0.6465495775103656,ok,True,True,extraction,
spx,4030,2016-01-12,3518,4029,512,-1.0327854807601695,linear,52,0,52,52,0,52,0.1,0.1015625,0.1015625,0.4544050018739317,4.5440500187393167e-07,mle,-0.047408073761567124,0.6465495775103656,ok,True,True,extraction,
spx,4031,2016-01-13,3519,4030,512,-1.0327854807601695,linear,52,0,52,52,0,52,0.1,0.1015625,0.1015625,0.45557208416664186,4.5557208416664186e-07,mle,-0.047408073761567124,0.6465495775103656,ok,True,True,extraction,
spx,4032,2016-01-14,3520,4031,512,-1.036146569587565,linear,52,0,52,52,0,52,0.1,0.1015625,0.1015625,0.457502668503146,4.57502668503146e-07,mle,-0.07926870888169195,0.6935324215305454,ok,True,True,extraction,
spx,4033,2016-01-15,3521,4032,512,-1.036146569587565,linear,52,0,52,52,0,52,0.1,0.1015625,0.1015625,0.45708983665994507,4.5708983665994503e-07,mle,-0.07926870888169195,0.6935324215305454,ok,True,True,extraction,
spx,4034,2016-01-19,3522,4033,512,-1.0721356983120114,linear,52,0,52,52,0,52,0.1,0.1015625,0.1015625,0.45902042099644924,4.590204209964492e-07,mle,-0.06605445358600234,0.6703032258795187,ok,True,True,extraction,
spx,4035,2016-01-20,3523,4034,512,-1.0721356983120114,linear,52,0,52,52,0,52,0.1,0.1015625,0.1015625,0.45960603594491256,4.596060359449125e-07,mle,-0.06605445358600234,0.6703032258795187,ok,True,True,extraction,
spx,4036,2016-01-21,3524,4035,512,-1.0803583168600923,linear,52,0,52,52,0,52,0.1,0.1015625,0.1015625,0.45902042099644924,4.590204209964492e-07,mle,-0.058958682413043556,0.6592171631434964,ok,True,True,extraction,
spx,4037,2016-01-22,3525,4036,512,-1.0803583168600923,linear,52,0,52,52,0,52,0.1,0.1015625,0.1015625,0.4612404611749893,4.612404611749893e-07,mle,-0.058958682413043556,0.6592171631434964,ok,True,True,extraction,
spx,4038,2016-01-25,3526,4037,512,-1.0803583168600923,linear,52,0,52,52,0,52,0.1,0.1015625,0.1015625,0.462953411323752,4.6295341132375197e-07,mle,-0.058958682413043556,0.6592171631434964,ok,True,True,extraction,
spx,4039,2016-01-26,3527,4038,512,-1.0888614934478094,linear,52,0,52,52,0,52,0.1,0.1015625,0.1015625,0.4668575948253553,4.668575948253553e-07,mle,-0.06892551850097377,0.6664200862055287,ok,True,True,extraction,
spx,4040,2016-01-27,3528,4039,512,-1.0803583168600923,linear,52,0,52,52,0,52,0.1,0.1015625,0.1015625,0.46397435077200977,4.6397435077200975e-07,mle,-0.07217979483196799,0.6737801717403646,ok,True,True,extraction,
spx,4041,2016-01-28,3529,4040,512,-1.0888614934478094,linear,52,0,52,52,0,52,0.1,0.1015625,0.1015625,0.4668575948253553,4.668575948253553e-07,mle,-0.06016628256547112,0.6574630369978084,ok,True,True,extraction,
spx,4042,2016-01-29,3530,4041,512,-1.0888614934478094,linear,52,0,52,52,0,52,0.1,0.1015625,0.1015625,0.4668575948253553,4.668575948253553e-07,mle,-0.06016628256547112,0.6574630369978084,ok,True,True,extraction,
spx,4043,2016-02-01,3531,4042,512,-1.0888614934478094,linear,52,0,52,52,0,52,0.1,0.1015625,0.1015625,0.46474130994941876,4.6474130994941874e-07,mle,-0.06016628256547112,0.6574630369978084,ok,True,True,extraction,
spx,4044,2016-02-02,3532,4043,512,-1.0888614934478094,linear,52,0,52,52,0,52,0.1,0.1015625,0.1015625,0.46474130994941876,4.6474130994941874e-07,mle,-0.06016628256547112,0.6574630369978084,ok,True,True,extraction,
spx,4045,2016-02-03,3533,4044,512,-1.0920383815060375,linear,52,0,52,52,0,52,0.1,0.1015625,0.1015625,0.4710704467556529,4.710704467556529e-07,mle,-0.08667830793537923,0.687079735371463,ok,True,True,extraction,
spx,4046,2016-02-04,3534,4045,512,-1.0920383815060375,linear,52,0,52,52,0,52,0.1,0.1015625,0.1015625,0.4710704467556529,4.710704467556529e-07,mle,-0.08667830793537923,0.687079735371463,ok,True,True,extraction,
spx,4047,2016-02-05,3535,4046,512,-1.0920383815060375,linear,52,0,52,52,0,52,0.1,0.1015625,0.1015625,0.46474130994941876,4.6474130994941874e-07,mle,-0.08667830793537923,0.687079735371463,ok,True,True,extraction,
spx,4048,2016-02-08,3536,4047,512,-1.0920383815060375,linear,52,0,52,52,0,52,0.1,0.1015625,0.1015625,0.46474130994941876,4.6474130994941874e-07,mle,-0.08163387746060302,0.6787751230078187,ok,True,True,extraction,
spx,4049,2016-02-09,3537,4048,512,-1.1043225605556872,linear,52,0,52,52,0,52,0.1,0.1015625,0.1015625,0.46474130994941876,4.6474130994941874e-07,mle,-0.07962362133067122,0.6711404088767035,ok,True,True,extraction,
spx,4050,2016-02-10,3538,4049,512,-1.1043225605556872,linear,52,0,52,52,0,52,0.1,0.1015625,0.1015625,0.4668575948253553,4.668575948253553e-07,mle,-0.07962362133067122,0.6711404088767035,ok,True,True,extraction,
spx,4051,2016-02-11,3539,4050,512,-1.1043225605556872,linear,52,0,52,52,0,52,0.1,0.1015625,0.1015625,0.4656580375390502,4.656580375390502e-07,mle,-0.07962362133067122,0.6711404088767035,ok,True,True,extraction,
spx,4052,2016-02-12,3540,4051,512,-1.1249235652884786,linear,52,0,52,52,0,52,0.1,0.1015625,0.1015625,0.4687286242004489,4.687286242004489e-07,mle,-0.05699935506443188,0.6381466737238787,ok,True,True,extraction,
spx,4053,2016-02-16,3541,4052,512,-1.1249235652884786,linear,52,0,52,52,0,52,0.1,0.1015625,0.1015625,0.4656580375390502,4.656580375390502e-07,mle,-0.05699935506443188,0.6381466737238787,ok,True,True,extraction,
spx,4054,2016-02-17,3542,4053,512,-1.1043225605556872,linear,52,0,52,52,0,52,0.1,0.1015625,0.1015625,0.462953411323752,4.6295341132375197e-07,mle,-0.05029481294916527,0.6313752329084513,ok,True,True,extraction,
spx,4055,2016-02-18,3543,4054,512,-1.1043225605556872,linear,52,0,52,52,0,52,0.1,0.1015625,0.1015625,0.462953411323752,4.6295341132375197e-07,mle,-0.05029481294916527,0.6313752329084513,ok,True,True,extraction,
spx,4056,2016-02-19,3544,4055,512,-1.1043225605556872,linear,52,0,52,52,0,52,0.1,0.1015625,0.1015625,0.46397435077200977,4.6397435077200975e-07,mle,-0.05029481294916527,0.6313752329084513,ok,True,True,extraction,
spx,4057,2016-02-22,3545,4056,512,-1.1043225605556872,linear,52,0,52,52,0,52,0.1,0.1015625,0.1015625,0.4656580375390502,4.656580375390502e-07,mle,-0.05029481294916527,0.6313752329084513,ok,True,True,extraction,
spx,4058,2016-02-23,3546,4057,512,-1.1043225605556872,linear,52,0,52,52,0,52,0.1,0.1015625,0.1015625,0.4656580375390502,4.656580375390502e-07,mle,-0.05029481294916527,0.6313752329084513,ok,True,True,extraction,
spx,4059,2016-02-24,3547,4058,512,-1.1249235652884786,linear,52,0,52,52,0,52,0.1,0.1015625,0.1015625,0.46931757046761835,4.6931757046761835e-07,mle,-0.02630446346302274,0.5988089923527422,ok,True,True,extraction,
spx,4060,2016-02-25,3548,4059,512,-1.1249235652884786,linear,52,0,52,52,0,52,0.1,0.1015625,0.1015625,0.4687286242004489,4.687286242004489e-07,mle,-0.02630446346302274,0.5988089923527422,ok,True,True,extraction,
spx,4061,2016-02-26,3549,4060,512,-1.1249235652884786,linear,52,0,52,52,0,52,0.1,0.1015625,0.1015625,0.4668575948253553,4.668575948253553e-07,mle,-0.02630446346302274,0.5988089923527422,ok,True,True,extraction,
spx,4062,2016-02-29,3550,4061,512,-1.1249235652884786,linear,52,0,52,52,0,52,0.1,0.1015625,0.1015625,0.4687286242004489,4.687286242004489e-07,mle,-0.02630446346302274,0.5988089923527422,ok,True,True,extraction,
spx,4063,2016-03-01,3551,4062,512,-1.1249235652884786,linear,52,0,52,52,0,52,0.1,0.1015625,0.1015625,0.47045939316729624,4.704593931672962e-07,mle,-0.02630446346302274,0.5988089923527422,ok,True,True,extraction,
spx,4064,2016-03-02,3552,4063,512,-1.1249235652884786,linear,52,0,52,52,0,52,0.1,0.1015625,0.1015625,0.4716589504536014,4.7165895045360137e-07,mle,-0.02630446346302274,0.5988089923527422,ok,True,True,extraction,
spx,4065,2016-03-03,3553,4064,512,-1.1249235652884786,linear,52,0,52,52,0,52,0.1,0.1015625,0.1015625,0.46931757046761835,4.6931757046761835e-07,mle,-0.02630446346302274,0.5988089923527422,ok,True,True,extraction,
spx,4066,2016-03-04,3554,4065,512,-1.1249235652884786,linear,52,0,52,52,0,52,0.1,0.1015625,0.1015625,0.4687286242004489,4.687286242004489e-07,mle,-0.02630446346302274,0.5988089923527422,ok,True,True,extraction,
spx,4067,2016-03-07,3555,4066,512,-1.1249235652884786,linear,52,0,52,52,0,52,0.1,0.1015625,0.1015625,0.4656580375390502,4.656580375390502e-07,mle,-0.02630446346302274,0.5988089923527422,ok,True,True,extraction,
spx,4068,2016-03-08,3556,4067,512,-1.1249235652884786,linear,52,0,52,52,0,52,0.1,0.1015625,0.1015625,0.4630425989999876,4.630425989999876e-07,mle,-0.02630446346302274,0.5988089923527422,ok,True,True,extraction,
spx,4069,2016-03-09,3557,4068,512,-1.1300444493621111,linear,52,0,52,52,0,52,0.1,0.1015625,0.1015625,0.4656580375390502,4.656580375390502e-07,mle,-0.017919939274449567,0.5887208275468999,ok,True,True,extraction,
spx,4070,2016-03-10,3558,4069,512,-1.1300444493621111,linear,52,0,52,52,0,52,0.1,0.1015625,0.1015625,0.46397435077200977,4.6397435077200975e-07,mle,-0.017919939274449567,0.5887208275468999,ok,True,True,extraction,
spx,4071,2016-03-11,3559,4070,512,-1.1300444493621111,linear,52,0,52,52,0,52,0.1,0.1015625,0.1015625,0.4668575948253553,4.668575948253553e-07,mle,-0.017919939274449567,0.5887208275468999,ok,True,True,extraction,
spx,4072,2016-03-14,3560,4071,512,-1.1300444493621111,linear,52,0,52,52,0,52,0.1,0.1015625,0.1015625,0.46861047111338994,4.686104711133899e-07,mle,-0.017919939274449567,0.5887208275468999,ok,True,True,extraction,
spx,4073,2016-03-15,3561,4072,512,-1.1300444493621111,linear,52,0,52,52,0,52,0.1,0.1015625,0.1015625,0.4668575948253553,4.668575948253553e-07,mle,-0.017919939274449567,0.5887208275468999,ok,True,True,extraction,
spx,4074,2016-03-16,3562,4073,512,-1.1300444493621111,linear,52,0,52,52,0,52,0.1,0.1015625,0.1015625,0.4687286242004489,4.687286242004489e-07,mle,-0.017919939274449567,0.5887208275468999,ok,True,True,extraction,
spx,4075,2016-03-17,3563,4074,512,-1.1300444493621111,linear,52,0,52,52,0,52,0.1,0.1015625,0.1015625,0.4668575948253553,4.668575948253553e-07,mle,-0.017919939274449567,0.5887208275468999,ok,True,True,extraction,
spx,4076,2016-03-18,3564,4075,512,-1.1300444493621111,linear,52,0,52,52,0,52,0.1,0.1015625,0.1015625,0.46861047111338994,4.686104711133899e-07,mle,-0.017919939274449567,0.5887208275468999,ok,True,True,extraction,
spx,4077,2016-03-21,3565,4076,512,-1.1300444493621111,linear,52,0,52,52,0,52,0.1,0.1015625,0.1015625,0.46861047111338994,4.686104711133899e-07,mle,-0.017919939274449567,0.5887208275468999,ok,True,True,extraction,
spx,4078,2016-03-22,3566,4077,512,-1.1300444493621111,linear,52,0,52,52,0,52,0.1,0.1015625,0.1015625,0.46474130994941876,4.6474130994941874e-07,mle,-0.017919939274449567,0.5887208275468999,ok,True,True,extraction,
spx,4079,2016-03-23,3567,4078,512,-1.1300444493621111,linear,52,0,52,52,0,52,0.1,0.1015625,0.1015625,0.46397435077200977,4.6397435077200975e-07,mle,-0.017919939274449567,0.5887208275468999,ok,True,True,extraction,
spx,4080,2016-03-24,3568,4079,512,-1.1300444493621111,linear,52,0,52,52,0,52,0.1,0.1015625,0.1015625,0.46474130994941876,4.6474130994941874e-07,mle,-0.017919939274449567,0.5887208275468999,ok,True,True,extraction,
spx,4081,2016-03-28,3569,4080,512,-1.1249235652884786,linear,52,0,52,52,0,52,0.1,0.1015625,0.1015625,0.46397435077200977,4.6397435077200975e-07,mle,-0.02346038095157494,0.5961863006835204,ok,True,True,extraction,
spx,4082,2016-03-29,3570,4081,512,-1.1249235652884786,linear,52,0,52,52,0,52,0.1,0.1015625,0.1015625,0.4611493090243469,4.611493090243469e-07,mle,-0.02346038095157494,0.5961863006835204,ok,True,True,extraction,
spx,4083,2016-03-30,3571,4082,512,-1.1249235652884786,linear,52,0,52,52,0,52,0.1,0.1015625,0.1015625,0.4611493090243469,4.611493090243469e-07,mle,-0.02346038095157494,0.5961863006835204,ok,True,True,extraction,
spx,4084,2016-03-31,3572,4083,512,-1.1249235652884786,linear,52,0,52,52,0,52,0.1,0.1015625,0.1015625,0.4593977138705724,4.593977138705724e-07,mle,-0.02346038095157494,0.5961863006835204,ok,True,True,extraction,
spx,4085,2016-04-01,3573,4084,512,-1.1249235652884786,linear,52,0,52,52,0,52,0.1,0.1015625,0.1015625,0.45841588698765434,4.5841588698765434e-07,mle,-0.02346038095157494,0.5961863006835204,ok,True,True,extraction,
spx,4086,2016-04-04,3574,4085,512,-1.1249235652884786,linear,52,0,52,52,0,52,0.1,0.1015625,0.1015625,0.45841588698765434,4.5841588698765434e-07,mle,-0.02346038095157494,0.5961863006835204,ok,True,True,extraction,
spx,4087,2016-04-05,3575,4086,512,-1.1249235652884786,linear,52,0,52,52,0,52,0.1,0.1015625,0.1015625,0.45841588698765434,4.5841588698765434e-07,mle,-0.02346038095157494,0.5961863006835204,ok,True,True,extraction,
spx,4088,2016-04-06,3576,4087,512,-1.1249235652884786,linear,52,0,52,52,0,52,0.1,0.1015625,0.1015625,0.45841588698765434,4.5841588698765434e-07,mle,-0.02346038095157494,0.5961863006835204,ok,True,True,extraction,
spx,4089,2016-04-07,3577,4088,512,-1.1249235652884786,linear,52,0,52,52,0,52,0.1,0.1015625,0.1015625,0.4593977138705724,4.593977138705724e-07,mle,-0.02346038095157494,0.5961863006835204,ok,True,True,extraction,
spx,4090,2016-04-08,3578,4089,512,-1.1300444493621111,linear,52,0,52,52,0,52,0.1,0.1015625,0.1015625,0.4593977138705724,4.593977138705724e-07,mle,-0.01966155344038934,0.5902876379082187,ok,True,True,extraction,
spx,4091,2016-04-11,3579,4090,512,-1.1300444493621111,linear,52,0,52,52,0,52,0.1,0.1015625,0.1015625,0.45996235830210386,4.5996235830210386e-07,mle,-0.01966155344038934,0.5902876379082187,ok,True,True,extraction,
spx,4092,2016-04-12,3580,4091,512,-1.1300444493621111,linear,52,0,52,52,0,52,0.1,0.1015625,0.1015625,0.4593977138705724,4.593977138705724e-07,mle,-0.01966155344038934,0.5902876379082187,ok,True,True,extraction,
spx,4093,2016-04-13,3581,4092,512,-1.1300444493621111,linear,52,0,52,52,0,52,0.1,0.1015625,0.1015625,0.4593977138705724,4.593977138705724e-07,mle,-0.01966155344038934,0.5902876379082187,ok,True,True,extraction,
spx,4094,2016-04-14,3582,4093,512,-1.1300444493621111,linear,52,0,52,52,0,52,0.1,0.1015625,0.1015625,0.4593977138705724,4.593977138705724e-07,mle,-0.01966155344038934,0.5902876379082187,ok,True,True,extraction,
spx,4095,2016-04-15,3583,4094,512,-1.1300444493621111,linear,52,0,52,52,0,52,0.1,0.1015625,0.1015625,0.462953411323752,4.6295341132375197e-07,mle,-0.01966155344038934,0.5902876379082187,ok,True,True,extraction,
spx,4096,2016-04-18,3584,4095,512,-1.1300444493621111,linear,52,0,52,52,0,52,0.1,0.1015625,0.1015625,0.462953411323752,4.6295341132375197e-07,mle,-0.01966155344038934,0.5902876379082187,ok,True,True,extraction,
spx,4097,2016-04-19,3585,4096,512,-1.1249235652884786,linear,52,0,52,52,0,52,0.1,0.1015625,0.1015625,0.4593977138705724,4.593977138705724e-07,mle,-0.02014345529874264,0.593191106196407,ok,True,True,extraction,
spx,4098,2016-04-20,3586,4097,512,-1.1249235652884786,linear,52,0,52,52,0,52,0.1,0.1015625,0.1015625,0.4589650553643987,4.5896505536439865e-07,mle,-0.02014345529874264,0.593191106196407,ok,True,True,extraction,
spx,4099,2016-04-21,3587,4098,512,-1.1249235652884786,linear,52,0,52,52,0,52,0.1,0.1015625,0.1015625,0.4589650553643987,4.5896505536439865e-07,mle,-0.02014345529874264,0.593191106196407,ok,True,True,extraction,
spx,4100,2016-04-22,3588,4099,512,-1.1249235652884786,linear,52,0,52,52,0,52,0.1,0.1015625,0.1015625,0.45841588698765434,4.5841588698765434e-07,mle,-0.02014345529874264,0.593191106196407,ok,True,True,extraction,
spx,4101,2016-04-25,3589,4100,512,-1.1043225605556872,linear,52,0,52,52,0,52,0.1,0.1015625,0.1015625,0.4576762204017389,4.576762204017389e-07,mle,-0.016630824719812004,0.5924106637235204,ok,True,True,extraction,
spx,4102,2016-04-26,3590,4101,512,-1.1043225605556872,linear,52,0,52,52,0,52,0.1,0.1015625,0.1015625,0.4569051709966223,4.569051709966223e-07,mle,-0.016630824719812004,0.5924106637235204,ok,True,True,extraction,
spx,4103,2016-04-27,3591,4102,512,-1.1043225605556872,linear,52,0,52,52,0,52,0.1,0.1015625,0.1015625,0.45639379467430097,4.5639379467430093e-07,mle,-0.016630824719812004,0.5924106637235204,ok,True,True,extraction,
spx,4104,2016-04-28,3592,4103,512,-1.1043225605556872,linear,52,0,52,52,0,52,0.1,0.1015625,0.1015625,0.4559624173023873,4.5596241730238726e-07,mle,-0.016630824719812004,0.5924106637235204,ok,True,True,extraction,
spx,4105,2016-04-29,3593,4104,512,-1.1043225605556872,linear,52,0,52,52,0,52,0.1,0.1015625,0.1015625,0.4528666105495973,4.528666105495973e-07,mle,-0.016630824719812004,0.5924106637235204,ok,True,True,extraction,
spx,4106,2016-05-02,3594,4105,512,-1.1043225605556872,linear,52,0,52,52,0,52,0.1,0.1015625,0.1015625,0.456358801486169,4.5635880148616894e-07,mle,-0.016630824719812004,0.5924106637235204,ok,True,True,extraction,
spx,4107,2016-05-03,3595,4106,512,-1.1043225605556872,linear,52,0,52,52,0,52,0.1,0.1015625,0.1015625,0.45708983665994507,4.5708983665994503e-07,mle,-0.016630824719812004,0.5924106637235204,ok,True,True,extraction,
spx,4108,2016-05-04,3596,4107,512,-1.1043225605556872,linear,52,0,52,52,0,52,0.1,0.1015625,0.1015625,0.46030961063155634,4.6030961063155633e-07,mle,-0.016630824719812004,0.5924106637235204,ok,True,True,extraction,
spx,4109,2016-05-05,3597,4108,512,-1.1043225605556872,linear,52,0,52,52,0,52,0.1,0.1015625,0.1015625,0.46418593264358826,4.641859326435882e-07,mle,-0.016630824719812004,0.5924106637235204,ok,True,True,extraction,
spx,4110,2016-05-06,3598,4109,512,-1.1043225605556872,linear,52,0,52,52,0,52,0.1,0.1015625,0.1015625,0.46418593264358826,4.641859326435882e-07,mle,-0.016630824719812004,0.5924106637235204,ok,True,True,extraction,
spx,4111,2016-05-09,3599,4110,512,-1.1043225605556872,linear,52,0,52,52,0,52,0.1,0.1015625,0.1015625,0.46030961063155634,4.6030961063155633e-07,mle,-0.016630824719812004,0.5924106637235204,ok,True,True,extraction,
spx,4112,2016-05-10,3600,4111,512,-1.1043225605556872,linear,52,0,52,52,0,52,0.1,0.1015625,0.1015625,0.46030961063155634,4.6030961063155633e-07,mle,-0.016630824719812004,0.5924106637235204,ok,True,True,extraction,
spx,4113,2016-05-11,3601,4112,512,-1.1043225605556872,linear,52,0,52,52,0,52,0.1,0.1015625,0.1015625,0.46418593264358826,4.641859326435882e-07,mle,-0.016630824719812004,0.5924106637235204,ok,True,True,extraction,
spx,4114,2016-05-12,3602,4113,512,-1.1043225605556872,linear,52,0,52,52,0,52,0.1,0.1015625,0.1015625,0.4687296331753207,4.6872963317532066e-07,mle,-0.016630824719812004,0.5924106637235204,ok,True,True,extraction,
spx,4115,2016-05-13,3603,4114,512,-1.1043225605556872,linear,52,0,52,52,0,52,0.1,0.1015625,0.1015625,0.4687296331753207,4.6872963317532066e-07,mle,-0.016630824719812004,0.5924106637235204,ok,True,True,extraction,
spx,4116,2016-05-16,3604,4115,512,-1.1043225605556872,linear,52,0,52,52,0,52,0.1,0.1015625,0.1015625,0.4722650581253,4.722650581253e-07,mle,-0.016630824719812004,0.5924106637235204,ok,True,True,extraction,
spx,4117,2016-05-17,3605,4116,512,-1.1043225605556872,linear,52,0,52,52,0,52,0.1,0.1015625,0.1015625,0.4728529954175976,4.728529954175976e-07,mle,-0.016630824719812004,0.5924106637235204,ok,True,True,extraction,
spx,4118,2016-05-18,3606,4117,512,-1.1043225605556872,linear,52,0,52,52,0,52,0.1,0.1015625,0.1015625,0.4728529954175976,4.728529954175976e-07,mle,-0.016630824719812004,0.5924106637235204,ok,True,True,extraction,
spx,4119,2016-05-19,3607,4118,512,-1.1043225605556872,linear,52,0,52,52,0,52,0.1,0.1015625,0.1015625,0.4722650581253,4.722650581253e-07,mle,-0.016630824719812004,0.5924106637235204,ok,True,True,extraction,
spx,4120,2016-05-20,3608,4119,512,-1.1043225605556872,linear,52,0,52,52,0,52,0.1,0.1015625,0.1015625,0.4722650581253,4.722650581253e-07,mle,-0.016630824719812004,0.5924106637235204,ok,True,True,extraction,
spx,4121,2016-05-23,3609,4120,512,-1.1043225605556872,linear,52,0,52,52,0,52,0.1,0.1015625,0.1015625,0.4758844217644017,4.758844217644017e-07,mle,-0.016630824719812004,0.5924106637235204,ok,True,True,extraction,
spx,4122,2016-05-24,3610,4121,512,-1.1043225605556872,linear,52,0,52,52,0,52,0.1,0.1015625,0.1015625,0.4711812918215602,4.7118129182156016e-07,mle,-0.016630824719812004,0.5924106637235204,ok,True,True,extraction,
spx,4123,2016-05-25,3611,4122,512,-1.1043225605556872,linear,52,0,52,52,0,52,0.1,0.1015625,0.1015625,0.4732505567032642,4.732505567032642e-07,mle,-0.016630824719812004,0.5924106637235204,ok,True,True,extraction,
spx,4124,2016-05-26,3612,4123,512,-1.1043225605556872,linear,52,0,52,52,0,52,0.1,0.1015625,0.1015625,0.4758844217644017,4.758844217644017e-07,mle,-0.016630824719812004,0.5924106637235204,ok,True,True,extraction,
spx,4125,2016-05-27,3613,4124,512,-1.1043225605556872,linear,52,0,52,52,0,52,0.1,0.1015625,0.1015625,0.4722650581253,4.722650581253e-07,mle,-0.016630824719812004,0.5924106637235204,ok,True,True,extraction,
spx,4126,2016-05-31,3614,4125,512,-1.1043225605556872,linear,52,0,52,52,0,52,0.1,0.1015625,0.1015625,0.4722650581253,4.722650581253e-07,mle,-0.016630824719812004,0.5924106637235204,ok,True,True,extraction,
spx,4127,2016-06-01,3615,4126,512,-1.1043225605556872,linear,52,0,52,52,0,52,0.1,0.1015625,0.1015625,0.4711812918215602,4.7118129182156016e-07,mle,-0.016630824719812004,0.5924106637235204,ok,True,True,extraction,
spx,4128,2016-06-02,3616,4127,512,-1.1043225605556872,linear,52,0,52,52,0,52,0.1,0.1015625,0.1015625,0.4675619281824585,4.675619281824585e-07,mle,-0.016630824719812004,0.5924106637235204,ok,True,True,extraction,
spx,4129,2016-06-03,3617,4128,512,-1.1043225605556872,linear,52,0,52,52,0,52,0.1,0.1015625,0.1015625,0.4659707757554467,4.659707757554467e-07,mle,-0.016630824719812004,0.5924106637235204,ok,True,True,extraction,
spx,4130,2016-06-06,3618,4129,512,-1.1043225605556872,linear,52,0,52,52,0,52,0.1,0.1015625,0.1015625,0.46724691341359015,4.672469134135901e-07,mle,-0.016630824719812004,0.5924106637235204,ok,True,True,extraction,
spx,4131,2016-06-07,3619,4130,512,-1.1043225605556872,linear,52,0,52,52,0,52,0.1,0.1015625,0.1015625,0.4693257765084872,4.693257765084872e-07,mle,-0.016630824719812004,0.5924106637235204,ok,True,True,extraction,
spx,4132,2016-06-08,3620,4131,512,-1.1043225605556872,linear,52,0,52,52,0,52,0.1,0.1015625,0.1015625,0.46724691341359015,4.672469134135901e-07,mle,-0.016630824719812004,0.5924106637235204,ok,True,True,extraction,
spx,4133,2016-06-09,3621,4132,512,-1.1043225605556872,linear,52,0,52,52,0,52,0.1,0.1015625,0.1015625,0.46595933058776823,4.659593305877682e-07,mle,-0.016630824719812004,0.5924106637235204,ok,True,True,extraction,
spx,4134,2016-06-10,3622,4133,512,-1.1043225605556872,linear,52,0,52,52,0,52,0.1,0.1015625,0.1015625,0.4648770933964451,4.648770933964451e-07,mle,-0.016630824719812004,0.5924106637235204,ok,True,True,extraction,
spx,4135,2016-06-13,3623,4134,512,-1.1043225605556872,linear,52,0,52,52,0,52,0.1,0.1015625,0.1015625,0.4684964570355468,4.684964570355468e-07,mle,-0.016630824719812004,0.5924106637235204,ok,True,True,extraction,
spx,4136,2016-06-14,3624,4135,512,-1.1043225605556872,linear,52,0,52,52,0,52,0.1,0.1015625,0.1015625,0.46938505075479875,4.693850507547987e-07,mle,-0.016630824719812004,0.5924106637235204,ok,True,True,extraction,
spx,4137,2016-06-15,3625,4136,512,-1.1043225605556872,linear,52,0,52,52,0,52,0.1,0.1015625,0.1015625,0.46938505075479875,4.693850507547987e-07,mle,-0.016630824719812004,0.5924106637235204,ok,True,True,extraction,
spx,4138,2016-06-16,3626,4137,512,-1.1043225605556872,linear,52,0,52,52,0,52,0.1,0.1015625,0.1015625,0.4684080342282496,4.684080342282496e-07,mle,-0.016630824719812004,0.5924106637235204,ok,True,True,extraction,
spx,4139,2016-06-17,3627,4138,512,-1.1043225605556872,linear,52,0,52,52,0,52,0.1,0.1015625,0.1015625,0.46626132337107073,4.662613233710707e-07,mle,-0.016630824719812004,0.5924106637235204,ok,True,True,extraction,
spx,4140,2016-06-20,3628,4139,512,-1.1043225605556872,linear,52,0,52,52,0,52,0.1,0.1015625,0.1015625,0.4676877321980354,4.6768773219803536e-07,mle,-0.016630824719812004,0.5924106637235204,ok,True,True,extraction,
spx,4141,2016-06-21,3629,4140,512,-1.1043225605556872,linear,52,0,52,52,0,52,0.1,0.1015625,0.1015625,0.4688788842919686,4.688788842919686e-07,mle,-0.016630824719812004,0.5924106637235204,ok,True,True,extraction,
spx,4142,2016-06-22,3630,4141,512,-1.1043225605556872,linear,52,0,52,52,0,52,0.1,0.1015625,0.1015625,0.4684080342282496,4.684080342282496e-07,mle,-0.016630824719812004,0.5924106637235204,ok,True,True,extraction,
spx,4143,2016-06-23,3631,4142,512,-1.1043225605556872,linear,52,0,52,52,0,52,0.1,0.1015625,0.1015625,0.4684080342282496,4.684080342282496e-07,mle,-0.016630824719812004,0.5924106637235204,ok,True,True,extraction,
spx,4144,2016-06-24,3632,4143,512,-1.1043225605556872,linear,52,0,52,52,0,52,0.1,0.1015625,0.1015625,0.46938505075479875,4.693850507547987e-07,mle,-0.016630824719812004,0.5924106637235204,ok,True,True,extraction,
spx,4145,2016-06-27,3633,4144,512,-1.1249235652884786,linear,52,0,52,52,0,52,0.1,0.1015625,0.1015625,0.4711833773979035,4.711833773979035e-07,mle,0.032115389146894616,0.5916124250570118,ok,True,True,extraction,
spx,4146,2016-06-28,3634,4145,512,-1.1300444493621111,linear,52,0,52,52,0,52,0.1,0.1015625,0.1015625,0.47140770016111444,4.7140770016111443e-07,mle,0.005019914229425833,0.6164247238083587,ok,True,True,extraction,
spx,4147,2016-06-29,3635,4146,512,-1.1300444493621111,linear,52,0,52,52,0,52,0.1,0.1015625,0.1015625,0.4726492993769276,4.726492993769276e-07,mle,0.005019914229425833,0.6164247238083587,ok,True,True,extraction,
spx,4148,2016-06-30,3636,4147,512,-1.1300444493621111,linear,52,0,52,52,0,52,0.1,0.1015625,0.1015625,0.4726492993769276,4.726492993769276e-07,mle,0.005019914229425833,0.6164247238083587,ok,True,True,extraction,
spx,4149,2016-07-01,3637,4148,512,-1.1300444493621111,linear,52,0,52,52,0,52,0.1,0.1015625,0.1015625,0.47542464254658157,4.7542464254658153e-07,mle,0.005019914229425833,0.6164247238083587,ok,True,True,extraction,
spx,4150,2016-07-05,3638,4149,512,-1.1300444493621111,linear,52,0,52,52,0,52,0.1,0.1015625,0.1015625,0.47542464254658157,4.7542464254658153e-07,mle,0.005019914229425833,0.6164247238083587,ok,True,True,extraction,
spx,4151,2016-07-06,3639,4150,512,-1.1300444493621111,linear,52,0,52,52,0,52,0.1,0.1015625,0.1015625,0.47796458194680347,4.779645819468034e-07,mle,0.005019914229425833,0.6164247238083587,ok,True,True,extraction,
spx,4152,2016-07-07,3640,4151,512,-1.1300444493621111,linear,52,0,52,52,0,52,0.1,0.1015625,0.1015625,0.4777944625637266,4.777944625637266e-07,mle,0.005019914229425833,0.6164247238083587,ok,True,True,extraction,
spx,4153,2016-07-08,3641,4152,512,-1.1300444493621111,linear,52,0,52,52,0,52,0.1,0.1015625,0.1015625,0.47542464254658157,4.7542464254658153e-07,mle,0.005019914229425833,0.6164247238083587,ok,True,True,extraction,
spx,4154,2016-07-11,3642,4153,512,-1.1300444493621111,linear,52,0,52,52,0,52,0.1,0.1015625,0.1015625,0.4777944625637266,4.777944625637266e-07,mle,0.005019914229425833,0.6164247238083587,ok,True,True,extraction,
spx,4155,2016-07-12,3643,4154,512,-1.1300444493621111,linear,52,0,52,52,0,52,0.1,0.1015625,0.1015625,0.4777944625637266,4.777944625637266e-07,mle,0.005019914229425833,0.6164247238083587,ok,True,True,extraction,
spx,4156,2016-07-13,3644,4155,512,-1.1300444493621111,linear,52,0,52,52,0,52,0.1,0.1015625,0.1015625,0.48145961305587714,4.814596130558772e-07,mle,0.005019914229425833,0.6164247238083587,ok,True,True,extraction,
spx,4157,2016-07-14,3645,4156,512,-1.1300444493621111,linear,52,0,52,52,0,52,0.1,0.1015625,0.1015625,0.4782407818406631,4.782407818406631e-07,mle,0.005019914229425833,0.6164247238083587,ok,True,True,extraction,
spx,4158,2016-07-15,3646,4157,512,-1.1300444493621111,linear,52,0,52,52,0,52,0.1,0.1015625,0.1015625,0.48040790694883095,4.804079069488309e-07,mle,0.005019914229425833,0.6164247238083587,ok,True,True,extraction,
spx,4159,2016-07-18,3647,4158,512,-1.1300444493621111,linear,52,0,52,52,0,52,0.1,0.1015625,0.1015625,0.4777944625637266,4.777944625637266e-07,mle,0.005019914229425833,0.6164247238083587,ok,True,True,extraction,
spx,4160,2016-07-19,3648,4159,512,-1.1300444493621111,linear,52,0,52,52,0,52,0.1,0.1015625,0.1015625,0.4782407818406631,4.782407818406631e-07,mle,0.005019914229425833,0.6164247238083587,ok,True,True,extraction,
spx,4161,2016-07-20,3649,4160,512,-1.1300444493621111,linear,52,0,52,52,0,52,0.1,0.1015625,0.1015625,0.47593090705674856,4.7593090705674857e-07,mle,0.005019914229425833,0.6164247238083587,ok,True,True,extraction,
spx,4162,2016-07-21,3650,4161,512,-1.1300444493621111,linear,52,0,52,52,0,52,0.1,0.1015625,0.1015625,0.47593090705674856,4.7593090705674857e-07,mle,0.005019914229425833,0.6164247238083587,ok,True,True,extraction,
spx,4163,2016-07-22,3651,4162,512,-1.1300444493621111,linear,52,0,52,52,0,52,0.1,0.1015625,0.1015625,0.47593090705674856,4.7593090705674857e-07,mle,0.005019914229425833,0.6164247238083587,ok,True,True,extraction,
spx,4164,2016-07-25,3652,4163,512,-1.1300444493621111,linear,52,0,52,52,0,52,0.1,0.1015625,0.1015625,0.47593090705674856,4.7593090705674857e-07,mle,0.005019914229425833,0.6164247238083587,ok,True,True,extraction,
spx,4165,2016-07-26,3653,4164,512,-1.1300444493621111,linear,52,0,52,52,0,52,0.1,0.1015625,0.1015625,0.47620509289725255,4.762050928972525e-07,mle,0.005019914229425833,0.6164247238083587,ok,True,True,extraction,
spx,4166,2016-07-27,3654,4165,512,-1.1300444493621111,linear,52,0,52,52,0,52,0.1,0.1015625,0.1015625,0.47593090705674856,4.7593090705674857e-07,mle,0.005019914229425833,0.6164247238083587,ok,True,True,extraction,
spx,4167,2016-07-28,3655,4166,512,-1.1300444493621111,linear,52,0,52,52,0,52,0.1,0.1015625,0.1015625,0.47620509289725255,4.762050928972525e-07,mle,0.005019914229425833,0.6164247238083587,ok,True,True,extraction,
spx,4168,2016-07-29,3656,4167,512,-1.1249235652884786,linear,52,0,52,52,0,52,0.1,0.1015625,0.1015625,0.4742429885639988,4.742429885639988e-07,mle,0.00011303721256960544,0.6233646486701085,ok,True,True,extraction,
spx,4169,2016-08-01,3657,4168,512,-1.1249235652884786,linear,52,0,52,52,0,52,0.1,0.1015625,0.1015625,0.47355319741504853,4.7355319741504853e-07,mle,0.00011303721256960544,0.6233646486701085,ok,True,True,extraction,
spx,4170,2016-08-02,3658,4169,512,-1.1249235652884786,linear,52,0,52,52,0,52,0.1,0.1015625,0.1015625,0.47355319741504853,4.7355319741504853e-07,mle,0.00011303721256960544,0.6233646486701085,ok,True,True,extraction,
spx,4171,2016-08-03,3659,4170,512,-1.1249235652884786,linear,52,0,52,52,0,52,0.1,0.1015625,0.1015625,0.47103830185621987,4.7103830185621986e-07,mle,0.00011303721256960544,0.6233646486701085,ok,True,True,extraction,
spx,4172,2016-08-04,3660,4171,512,-1.1249235652884786,linear,52,0,52,52,0,52,0.1,0.1015625,0.1015625,0.47103830185621987,4.7103830185621986e-07,mle,0.00011303721256960544,0.6233646486701085,ok,True,True,extraction,
spx,4173,2016-08-05,3661,4172,512,-1.1249235652884786,linear,52,0,52,52,0,52,0.1,0.1015625,0.1015625,0.47103830185621987,4.7103830185621986e-07,mle,0.00011303721256960544,0.6233646486701085,ok,True,True,extraction,
spx,4174,2016-08-08,3662,4173,512,-1.1249235652884786,linear,52,0,52,52,0,52,0.1,0.1015625,0.1015625,0.47355319741504853,4.7355319741504853e-07,mle,0.00011303721256960544,0.6233646486701085,ok,True,True,extraction,
spx,4175,2016-08-09,3663,4174,512,-1.1249235652884786,linear,52,0,52,52,0,52,0.1,0.1015625,0.1015625,0.47103830185621987,4.7103830185621986e-07,mle,0.00011303721256960544,0.6233646486701085,ok,True,True,extraction,
spx,4176,2016-08-10,3664,4175,512,-1.1249235652884786,linear,52,0,52,52,0,52,0.1,0.1015625,0.1015625,0.47355319741504853,4.7355319741504853e-07,mle,0.00011303721256960544,0.6233646486701085,ok,True,True,extraction,
spx,4177,2016-08-11,3665,4176,512,-1.1249235652884786,linear,52,0,52,52,0,52,0.1,0.1015625,0.1015625,0.47355319741504853,4.7355319741504853e-07,mle,0.00011303721256960544,0.6233646486701085,ok,True,True,extraction,
spx,4178,2016-08-12,3666,4177,512,-1.1043225605556872,linear,52,0,52,52,0,52,0.1,0.1015625,0.1015625,0.47140648655786965,4.7140648655786963e-07,mle,0.0035275181386187,0.6242116469989989,ok,True,True,extraction,
spx,4179,2016-08-15,3667,4178,512,-1.1043225605556872,linear,52,0,52,52,0,52,0.1,0.1015625,0.1015625,0.47140648655786965,4.7140648655786963e-07,mle,0.0035275181386187,0.6242116469989989,ok,True,True,extraction,
spx,4180,2016-08-16,3668,4179,512,-1.1043225605556872,linear,52,0,52,52,0,52,0.1,0.1015625,0.1015625,0.46626132337107073,4.662613233710707e-07,mle,0.0035275181386187,0.6242116469989989,ok,True,True,extraction,
spx,4181,2016-08-17,3669,4180,512,-1.1043225605556872,linear,52,0,52,52,0,52,0.1,0.1015625,0.1015625,0.46626132337107073,4.662613233710707e-07,mle,0.0035275181386187,0.6242116469989989,ok,True,True,extraction,
spx,4182,2016-08-18,3670,4181,512,-1.1043225605556872,linear,52,0,52,52,0,52,0.1,0.1015625,0.1015625,0.4671629486002299,4.6716294860022984e-07,mle,0.0035275181386187,0.6242116469989989,ok,True,True,extraction,
spx,4183,2016-08-19,3671,4182,512,-1.1043225605556872,linear,52,0,52,52,0,52,0.1,0.1015625,0.1015625,0.46210175022679123,4.621017502267912e-07,mle,0.0035275181386187,0.6242116469989989,ok,True,True,extraction,
spx,4184,2016-08-22,3672,4183,512,-1.1043225605556872,linear,52,0,52,52,0,52,0.1,0.1015625,0.1015625,0.4595968350208409,4.595968350208409e-07,mle,0.0035275181386187,0.6242116469989989,ok,True,True,extraction,
spx,4185,2016-08-23,3673,4184,512,-1.1043225605556872,linear,52,0,52,52,0,52,0.1,0.1015625,0.1015625,0.4604984602500001,4.604984602500001e-07,mle,0.0035275181386187,0.6242116469989989,ok,True,True,extraction,
spx,4186,2016-08-24,3674,4185,512,-1.1043225605556872,linear,52,0,52,52,0,52,0.1,0.1015625,0.1015625,0.4595968350208409,4.595968350208409e-07,mle,0.0035275181386187,0.6242116469989989,ok,True,True,extraction,
spx,4187,2016-08-25,3675,4186,512,-1.1043225605556872,linear,52,0,52,52,0,52,0.1,0.1015625,0.1015625,0.4604984602500001,4.604984602500001e-07,mle,0.0035275181386187,0.6242116469989989,ok,True,True,extraction,
spx,4188,2016-08-26,3676,4187,512,-1.1043225605556872,linear,52,0,52,52,0,52,0.1,0.1015625,0.1015625,0.4604984602500001,4.604984602500001e-07,mle,0.0035275181386187,0.6242116469989989,ok,True,True,extraction,
spx,4189,2016-08-29,3677,4188,512,-1.1043225605556872,linear,52,0,52,52,0,52,0.1,0.1015625,0.1015625,0.4604984602500001,4.604984602500001e-07,mle,0.0035275181386187,0.6242116469989989,ok,True,True,extraction,
spx,4190,2016-08-30,3678,4189,512,-1.1043225605556872,linear,52,0,52,52,0,52,0.1,0.1015625,0.1015625,0.4604984602500001,4.604984602500001e-07,mle,0.0035275181386187,0.6242116469989989,ok,True,True,extraction,
spx,4191,2016-08-31,3679,4190,512,-1.1043225605556872,linear,52,0,52,52,0,52,0.1,0.1015625,0.1015625,0.46295677031833726,4.6295677031833726e-07,mle,0.0035275181386187,0.6242116469989989,ok,True,True,extraction,
spx,4192,2016-09-01,3680,4191,512,-1.1043225605556872,linear,52,0,52,52,0,52,0.1,0.1015625,0.1015625,0.46192620238020055,4.6192620238020053e-07,mle,0.0035275181386187,0.6242116469989989,ok,True,True,extraction,
spx,4193,2016-09-02,3681,4192,512,-1.1043225605556872,linear,52,0,52,52,0,52,0.1,0.1015625,0.1015625,0.46084524541709115,4.6084524541709116e-07,mle,0.0035275181386187,0.6242116469989989,ok,True,True,extraction,
spx,4194,2016-09-06,3682,4193,512,-1.1043225605556872,linear,52,0,52,52,0,52,0.1,0.1015625,0.1015625,0.46192620238020055,4.6192620238020053e-07,mle,0.0035275181386187,0.6242116469989989,ok,True,True,extraction,
spx,4195,2016-09-07,3683,4194,512,-1.1043225605556872,linear,52,0,52,52,0,52,0.1,0.1015625,0.1015625,0.45561991837874216,4.556199183787421e-07,mle,0.0035275181386187,0.6242116469989989,ok,True,True,extraction,
spx,4196,2016-09-08,3684,4195,512,-1.1043225605556872,linear,52,0,52,52,0,52,0.1,0.1015625,0.1015625,0.45544669887572947,4.554466988757295e-07,mle,0.0035275181386187,0.6242116469989989,ok,True,True,extraction,
spx,4197,2016-09-09,3685,4196,512,-1.1043225605556872,linear,52,0,52,52,0,52,0.1,0.1015625,0.1015625,0.45544669887572947,4.554466988757295e-07,mle,0.0035275181386187,0.6242116469989989,ok,True,True,extraction,
spx,4198,2016-09-12,3686,4197,512,-1.1249235652884786,linear,52,0,52,52,0,52,0.1,0.1015625,0.1015625,0.4587094828525655,4.587094828525655e-07,mle,-0.003337636230779007,0.6344617154697906,ok,True,True,extraction,
spx,4199,2016-09-13,3687,4198,512,-1.1249235652884786,linear,52,0,52,52,0,52,0.1,0.1015625,0.1015625,0.4629303337502545,4.629303337502545e-07,mle,-0.003337636230779007,0.6344617154697906,ok,True,True,extraction,
spx,4200,2016-09-14,3688,4199,512,-1.1300444493621111,linear,52,0,52,52,0,52,0.1,0.1015625,0.1015625,0.4659299996831193,4.659299996831193e-07,mle,-0.01582191359279412,0.6443354223127382,ok,True,True,extraction,
spx,4201,2016-09-15,3689,4200,512,-1.1300444493621111,linear,52,0,52,52,0,52,0.1,0.1015625,0.1015625,0.4659299996831193,4.659299996831193e-07,mle,-0.01582191359279412,0.6443354223127382,ok,True,True,extraction,
spx,4202,2016-09-16,3690,4201,512,-1.1300444493621111,linear,52,0,52,52,0,52,0.1,0.1015625,0.1015625,0.4683827320534947,4.6838273205349466e-07,mle,-0.01582191359279412,0.6443354223127382,ok,True,True,extraction,
spx,4203,2016-09-19,3691,4202,512,-1.1300444493621111,linear,52,0,52,52,0,52,0.1,0.1015625,0.1015625,0.4659299996831193,4.659299996831193e-07,mle,-0.01582191359279412,0.6443354223127382,ok,True,True,extraction,
spx,4204,2016-09-20,3692,4203,512,-1.1300444493621111,linear,52,0,52,52,0,52,0.1,0.1015625,0.1015625,0.4659299996831193,4.659299996831193e-07,mle,-0.01582191359279412,0.6443354223127382,ok,True,True,extraction,
spx,4205,2016-09-21,3693,4204,512,-1.1300444493621111,linear,52,0,52,52,0,52,0.1,0.1015625,0.1015625,0.46506609631478013,4.650660963147801e-07,mle,-0.01582191359279412,0.6443354223127382,ok,True,True,extraction,
spx,4206,2016-09-22,3694,4205,512,-1.1300444493621111,linear,52,0,52,52,0,52,0.1,0.1015625,0.1015625,0.4676877321980354,4.6768773219803536e-07,mle,-0.01582191359279412,0.6443354223127382,ok,True,True,extraction,
spx,4207,2016-09-23,3695,4206,512,-1.1300444493621111,linear,52,0,52,52,0,52,0.1,0.1015625,0.1015625,0.4683827320534947,4.6838273205349466e-07,mle,-0.01582191359279412,0.6443354223127382,ok,True,True,extraction,
spx,4208,2016-09-26,3696,4207,512,-1.1300444493621111,linear,52,0,52,52,0,52,0.1,0.1015625,0.1015625,0.4683827320534947,4.6838273205349466e-07,mle,-0.01582191359279412,0.6443354223127382,ok,True,True,extraction,
spx,4209,2016-09-27,3697,4208,512,-1.1300444493621111,linear,52,0,52,52,0,52,0.1,0.1015625,0.1015625,0.46876076210310424,4.687607621031042e-07,mle,-0.01582191359279412,0.6443354223127382,ok,True,True,extraction,
spx,4210,2016-09-28,3698,4209,512,-1.1300444493621111,linear,52,0,52,52,0,52,0.1,0.1015625,0.1015625,0.46876076210310424,4.687607621031042e-07,mle,-0.01582191359279412,0.6443354223127382,ok,True,True,extraction,
spx,4211,2016-09-29,3699,4210,512,-1.1300444493621111,linear,52,0,52,52,0,52,0.1,0.1015625,0.1015625,0.4698044101843233,4.6980441018432326e-07,mle,-0.01582191359279412,0.6443354223127382,ok,True,True,extraction,
spx,4212,2016-09-30,3700,4211,512,-1.1300444493621111,linear,52,0,52,52,0,52,0.1,0.1015625,0.1015625,0.4705184946180203,4.705184946180203e-07,mle,-0.01582191359279412,0.6443354223127382,ok,True,True,extraction,
spx,4213,2016-10-03,3701,4212,512,-1.1300444493621111,linear,52,0,52,52,0,52,0.1,0.1015625,0.1015625,0.4710460094001365,4.710460094001365e-07,mle,-0.01582191359279412,0.6443354223127382,ok,True,True,extraction,
spx,4214,2016-10-04,3702,4213,512,-1.1300444493621111,linear,52,0,52,52,0,52,0.1,0.1015625,0.1015625,0.4698044101843233,4.6980441018432326e-07,mle,-0.01582191359279412,0.6443354223127382,ok,True,True,extraction,
spx,4215,2016-10-05,3703,4214,512,-1.1300444493621111,linear,52,0,52,52,0,52,0.1,0.1015625,0.1015625,0.4698044101843233,4.6980441018432326e-07,mle,-0.01582191359279412,0.6443354223127382,ok,True,True,extraction,
spx,4216,2016-10-06,3704,4215,512,-1.1300444493621111,linear,52,0,52,52,0,52,0.1,0.1015625,0.1015625,0.46876076210310424,4.687607621031042e-07,mle,-0.01582191359279412,0.6443354223127382,ok,True,True,extraction,
spx,4217,2016-10-07,3705,4216,512,-1.1249235652884786,linear,52,0,52,52,0,52,0.1,0.1015625,0.1015625,0.46680474425145846,4.6680474425145843e-07,mle,0.0030823779217319606,0.6277642539605542,ok,True,True,extraction,
spx,4218,2016-10-10,3706,4217,512,-1.1249235652884786,linear,52,0,52,52,0,52,0.1,0.1015625,0.1015625,0.4676877321980354,4.6768773219803536e-07,mle,0.0030823779217319606,0.6277642539605542,ok,True,True,extraction,
spx,4219,2016-10-11,3707,4218,512,-1.1249235652884786,linear,52,0,52,52,0,52,0.1,0.1015625,0.1015625,0.4646580333942796,4.6465803339427953e-07,mle,0.0030823779217319606,0.6277642539605542,ok,True,True,extraction,
spx,4220,2016-10-12,3708,4219,512,-1.1300444493621111,linear,52,0,52,52,0,52,0.1,0.1015625,0.1015625,0.46680474425145846,4.6680474425145843e-07,mle,0.004129886823909652,0.6244292106531546,ok,True,True,extraction,
spx,4221,2016-10-13,3709,4220,512,-1.1249235652884786,linear,52,0,52,52,0,52,0.1,0.1015625,0.1015625,0.4647139810086509,4.647139810086509e-07,mle,0.008376828779480146,0.6228814324442185,ok,True,True,extraction,
spx,4222,2016-10-14,3710,4221,512,-1.1249235652884786,linear,52,0,52,52,0,52,0.1,0.1015625,0.1015625,0.4647139810086509,4.647139810086509e-07,mle,0.008376828779480146,0.6228814324442185,ok,True,True,extraction,
spx,4223,2016-10-17,3711,4222,512,-1.1249235652884786,linear,52,0,52,52,0,52,0.1,0.1015625,0.1015625,0.4604984602500001,4.604984602500001e-07,mle,0.008376828779480146,0.6228814324442185,ok,True,True,extraction,
spx,4224,2016-10-18,3712,4223,512,-1.1249235652884786,linear,52,0,52,52,0,52,0.1,0.1015625,0.1015625,0.4604984602500001,4.604984602500001e-07,mle,0.008376828779480146,0.6228814324442185,ok,True,True,extraction,
spx,4225,2016-10-19,3713,4224,512,-1.1043225605556872,linear,52,0,52,52,0,52,0.1,0.1015625,0.1015625,0.4604984602500001,4.604984602500001e-07,mle,-0.005040614878620488,0.6439545820737018,ok,True,True,extraction,
spx,4226,2016-10-20,3714,4225,512,-1.1043225605556872,linear,52,0,52,52,0,52,0.1,0.1015625,0.1015625,0.45834715844736357,4.5834715844736356e-07,mle,-0.005040614878620488,0.6439545820737018,ok,True,True,extraction,
spx,4227,2016-10-21,3715,4226,512,-1.0920383815060375,linear,52,0,52,52,0,52,0.1,0.1015625,0.1015625,0.45715600635343034,4.5715600635343034e-07,mle,0.016211324740272225,0.6235746490564442,ok,True,True,extraction,
spx,4228,2016-10-24,3716,4227,512,-1.0883885770929236,linear,52,0,52,52,0,52,0.1,0.1015625,0.1015625,0.45593131261719666,4.559313126171966e-07,mle,0.013693486906267715,0.6275865038532942,ok,True,True,extraction,
spx,4229,2016-10-25,3717,4228,512,-1.0721356983120114,linear,52,0,52,52,0,52,0.1,0.1015625,0.1015625,0.45575874486889756,4.5575874486889756e-07,mle,0.015896670029050593,0.63115960524675,ok,True,True,extraction,
spx,4230,2016-10-26,3718,4229,512,-1.0721356983120114,linear,52,0,52,52,0,52,0.1,0.1015625,0.1015625,0.45593131261719666,4.559313126171966e-07,mle,0.015896670029050593,0.63115960524675,ok,True,True,extraction,
spx,4231,2016-10-27,3719,4230,512,-1.0721356983120114,linear,52,0,52,52,0,52,0.1,0.1015625,0.1015625,0.44967457737394795,4.496745773739479e-07,mle,0.015896670029050593,0.63115960524675,ok,True,True,extraction,
spx,4232,2016-10-28,3720,4231,512,-1.0721356983120114,linear,52,0,52,52,0,52,0.1,0.1015625,0.1015625,0.44967457737394795,4.496745773739479e-07,mle,0.015896670029050593,0.63115960524675,ok,True,True,extraction,
spx,4233,2016-10-31,3721,4232,512,-1.0721356983120114,linear,52,0,52,52,0,52,0.1,0.1015625,0.1015625,0.44791113019257967,4.479111301925796e-07,mle,0.015896670029050593,0.63115960524675,ok,True,True,extraction,
spx,4234,2016-11-01,3722,4233,512,-1.0721356983120114,linear,52,0,52,52,0,52,0.1,0.1015625,0.1015625,0.4511396669809915,4.511396669809915e-07,mle,0.015896670029050593,0.63115960524675,ok,True,True,extraction,
spx,4235,2016-11-02,3723,4234,512,-1.0721356983120114,linear,52,0,52,52,0,52,0.1,0.1015625,0.1015625,0.4544627576492629,4.544627576492629e-07,mle,0.015896670029050593,0.63115960524675,ok,True,True,extraction,
spx,4236,2016-11-03,3724,4235,512,-1.0721356983120114,linear,52,0,52,52,0,52,0.1,0.1015625,0.1015625,0.4544627576492629,4.544627576492629e-07,mle,0.015896670029050593,0.63115960524675,ok,True,True,extraction,
spx,4237,2016-11-04,3725,4236,512,-1.0721356983120114,linear,52,0,52,52,0,52,0.1,0.1015625,0.1015625,0.4537153287719172,4.5371532877191723e-07,mle,0.015896670029050593,0.63115960524675,ok,True,True,extraction,
spx,4238,2016-11-07,3726,4237,512,-1.0721356983120114,linear,52,0,52,52,0,52,0.1,0.1015625,0.1015625,0.45129395244019244,4.5129395244019244e-07,mle,0.015896670029050593,0.63115960524675,ok,True,True,extraction,
spx,4239,2016-11-08,3727,4238,512,-1.0721356983120114,linear,52,0,52,52,0,52,0.1,0.1015625,0.1015625,0.4537153287719172,4.5371532877191723e-07,mle,0.015896670029050593,0.63115960524675,ok,True,True,extraction,
spx,4240,2016-11-09,3728,4239,512,-1.0721356983120114,linear,52,0,52,52,0,52,0.1,0.1015625,0.1015625,0.45129395244019244,4.5129395244019244e-07,mle,0.015896670029050593,0.63115960524675,ok,True,True,extraction,
spx,4241,2016-11-10,3729,4240,512,-1.0721356983120114,linear,52,0,52,52,0,52,0.1,0.1015625,0.1015625,0.4529648545466669,4.529648545466669e-07,mle,0.015896670029050593,0.63115960524675,ok,True,True,extraction,
spx,4242,2016-11-11,3730,4241,512,-1.0721356983120114,linear,52,0,52,52,0,52,0.1,0.1015625,0.1015625,0.44963383732046874,4.496338373204687e-07,mle,0.015896670029050593,0.63115960524675,ok,True,True,extraction,
spx,4243,2016-11-14,3731,4242,512,-1.0721356983120114,linear,52,0,52,52,0,52,0.1,0.1015625,0.1015625,0.44846094171193074,4.484609417119307e-07,mle,0.015896670029050593,0.63115960524675,ok,True,True,extraction,
spx,4244,2016-11-15,3732,4243,512,-1.0721356983120114,linear,52,0,52,52,0,52,0.1,0.1015625,0.1015625,0.44846094171193074,4.484609417119307e-07,mle,0.015896670029050593,0.63115960524675,ok,True,True,extraction,
spx,4245,2016-11-16,3733,4244,512,-1.0721356983120114,linear,52,0,52,52,0,52,0.1,0.1015625,0.1015625,0.44963383732046874,4.496338373204687e-07,mle,0.015896670029050593,0.63115960524675,ok,True,True,extraction,
spx,4246,2016-11-17,3734,4245,512,-1.0721356983120114,linear,52,0,52,52,0,52,0.1,0.1015625,0.1015625,0.44846094171193074,4.484609417119307e-07,mle,0.015896670029050593,0.63115960524675,ok,True,True,extraction,
spx,4247,2016-11-18,3735,4246,512,-1.0721356983120114,linear,52,0,52,52,0,52,0.1,0.1015625,0.1015625,0.45129395244019244,4.5129395244019244e-07,mle,0.015896670029050593,0.63115960524675,ok,True,True,extraction,
spx,4248,2016-11-21,3736,4247,512,-1.0721356983120114,linear,52,0,52,52,0,52,0.1,0.1015625,0.1015625,0.45129395244019244,4.5129395244019244e-07,mle,0.015896670029050593,0.63115960524675,ok,True,True,extraction,
spx,4249,2016-11-22,3737,4248,512,-1.0721356983120114,linear,52,0,52,52,0,52,0.1,0.1015625,0.1015625,0.4537153287719172,4.5371532877191723e-07,mle,0.015896670029050593,0.63115960524675,ok,True,True,extraction,
spx,4250,2016-11-23,3738,4249,512,-1.0721356983120114,linear,52,0,52,52,0,52,0.1,0.1015625,0.1015625,0.4537153287719172,4.5371532877191723e-07,mle,0.015896670029050593,0.63115960524675,ok,True,True,extraction,
spx,4251,2016-11-25,3739,4250,512,-1.0721356983120114,linear,52,0,52,52,0,52,0.1,0.1015625,0.1015625,0.4537153287719172,4.5371532877191723e-07,mle,0.015896670029050593,0.63115960524675,ok,True,True,extraction,
spx,4252,2016-11-28,3740,4251,512,-1.0721356983120114,linear,52,0,52,52,0,52,0.1,0.1015625,0.1015625,0.4537153287719172,4.5371532877191723e-07,mle,0.015896670029050593,0.63115960524675,ok,True,True,extraction,
spx,4253,2016-11-29,3741,4252,512,-1.0721356983120114,linear,52,0,52,52,0,52,0.1,0.1015625,0.1015625,0.4558620396290961,4.5586203962909607e-07,mle,0.015896670029050593,0.63115960524675,ok,True,True,extraction,
spx,4254,2016-11-30,3742,4253,512,-1.0721356983120114,linear,52,0,52,52,0,52,0.1,0.1015625,0.1015625,0.4558620396290961,4.5586203962909607e-07,mle,0.015896670029050593,0.63115960524675,ok,True,True,extraction,
spx,4255,2016-12-01,3743,4254,512,-1.0721356983120114,linear,52,0,52,52,0,52,0.1,0.1015625,0.1015625,0.45351300126045113,4.535130012604511e-07,mle,0.015896670029050593,0.63115960524675,ok,True,True,extraction,
spx,4256,2016-12-02,3744,4255,512,-1.0721356983120114,linear,52,0,52,52,0,52,0.1,0.1015625,0.1015625,0.45351300126045113,4.535130012604511e-07,mle,0.015896670029050593,0.63115960524675,ok,True,True,extraction,
spx,4257,2016-12-05,3745,4256,512,-1.0721356983120114,linear,52,0,52,52,0,52,0.1,0.1015625,0.1015625,0.45351300126045113,4.535130012604511e-07,mle,0.015896670029050593,0.63115960524675,ok,True,True,extraction,
spx,4258,2016-12-06,3746,4257,512,-1.0721356983120114,linear,52,0,52,52,0,52,0.1,0.1015625,0.1015625,0.45351300126045113,4.535130012604511e-07,mle,0.015896670029050593,0.63115960524675,ok,True,True,extraction,
spx,4259,2016-12-07,3747,4258,512,-1.0721356983120114,linear,52,0,52,52,0,52,0.1,0.1015625,0.1015625,0.45351300126045113,4.535130012604511e-07,mle,0.015896670029050593,0.63115960524675,ok,True,True,extraction,
spx,4260,2016-12-08,3748,4259,512,-1.0721356983120114,linear,52,0,52,52,0,52,0.1,0.1015625,0.1015625,0.4558620396290961,4.5586203962909607e-07,mle,0.015896670029050593,0.63115960524675,ok,True,True,extraction,
spx,4261,2016-12-09,3749,4260,512,-1.0721356983120114,linear,52,0,52,52,0,52,0.1,0.1015625,0.1015625,0.4558620396290961,4.5586203962909607e-07,mle,0.015896670029050593,0.63115960524675,ok,True,True,extraction,
spx,4262,2016-12-12,3750,4261,512,-1.0721356983120114,linear,52,0,52,52,0,52,0.1,0.1015625,0.1015625,0.4567716805235694,4.567716805235694e-07,mle,0.015896670029050593,0.63115960524675,ok,True,True,extraction,
spx,4263,2016-12-13,3751,4262,512,-1.0721356983120114,linear,52,0,52,52,0,52,0.1,0.1015625,0.1015625,0.4556848638378775,4.5568486383787745e-07,mle,0.015896670029050593,0.63115960524675,ok,True,True,extraction,
spx,4264,2016-12-14,3752,4263,512,-1.0721356983120114,linear,52,0,52,52,0,52,0.1,0.1015625,0.1015625,0.4556848638378775,4.5568486383787745e-07,mle,0.015896670029050593,0.63115960524675,ok,True,True,extraction,
spx,4265,2016-12-15,3753,4264,512,-1.0721356983120114,linear,52,0,52,52,0,52,0.1,0.1015625,0.1015625,0.4567716805235694,4.567716805235694e-07,mle,0.015896670029050593,0.63115960524675,ok,True,True,extraction,
spx,4266,2016-12-16,3754,4265,512,-1.0721356983120114,linear,52,0,52,52,0,52,0.1,0.1015625,0.1015625,0.4567716805235694,4.567716805235694e-07,mle,0.015896670029050593,0.63115960524675,ok,True,True,extraction,
spx,4267,2016-12-19,3755,4266,512,-1.0721356983120114,linear,52,0,52,52,0,52,0.1,0.1015625,0.1015625,0.4567716805235694,4.567716805235694e-07,mle,0.015896670029050593,0.63115960524675,ok,True,True,extraction,
spx,4268,2016-12-20,3756,4267,512,-1.0721356983120114,linear,52,0,52,52,0,52,0.1,0.1015625,0.1015625,0.4556848638378775,4.5568486383787745e-07,mle,0.015896670029050593,0.63115960524675,ok,True,True,extraction,
spx,4269,2016-12-21,3757,4268,512,-1.0721356983120114,linear,52,0,52,52,0,52,0.1,0.1015625,0.1015625,0.4544627576492629,4.544627576492629e-07,mle,0.015896670029050593,0.63115960524675,ok,True,True,extraction,
spx,4270,2016-12-22,3758,4269,512,-1.036146569587565,linear,52,0,52,52,0,52,0.1,0.1015625,0.1015625,0.4529648545466669,4.529648545466669e-07,mle,-0.016995736957393655,0.6768841069685316,ok,True,True,extraction,
spx,4271,2016-12-23,3759,4270,512,-1.036146569587565,linear,52,0,52,52,0,52,0.1,0.1015625,0.1015625,0.45129395244019244,4.5129395244019244e-07,mle,-0.016995736957393655,0.6768841069685316,ok,True,True,extraction,
spx,4272,2016-12-27,3760,4271,512,-1.0321314257931553,linear,52,0,52,52,0,52,0.1,0.1015625,0.1015625,0.4471343792959129,4.471343792959129e-07,mle,0.008636929209839269,0.6522967538476712,ok,True,True,extraction,
spx,4273,2016-12-28,3761,4272,512,-1.0321314257931553,linear,52,0,52,52,0,52,0.1,0.1015625,0.1015625,0.44551097337978396,4.4551097337978396e-07,mle,0.008636929209839269,0.6522967538476712,ok,True,True,extraction,
spx,4274,2016-12-29,3762,4273,512,-1.0321314257931553,linear,52,0,52,52,0,52,0.1,0.1015625,0.1015625,0.44551097337978396,4.4551097337978396e-07,mle,0.008636929209839269,0.6522967538476712,ok,True,True,extraction,
spx,4275,2016-12-30,3763,4274,512,-1.0321314257931553,linear,52,0,52,52,0,52,0.1,0.1015625,0.1015625,0.4440542719964147,4.4405427199641466e-07,mle,0.008636929209839269,0.6522967538476712,ok,True,True,extraction,
spx,4276,2017-01-03,3764,4275,512,-1.0321314257931553,linear,52,0,52,52,0,52,0.1,0.1015625,0.1015625,0.4458934893379324,4.4589348933793235e-07,mle,0.008636929209839269,0.6522967538476712,ok,True,True,extraction,
spx,4277,2017-01-04,3765,4276,512,-1.0321314257931553,linear,52,0,52,52,0,52,0.1,0.1015625,0.1015625,0.4458934893379324,4.4589348933793235e-07,mle,0.008636929209839269,0.6522967538476712,ok,True,True,extraction,
spx,4278,2017-01-05,3766,4277,512,-1.0321314257931553,linear,52,0,52,52,0,52,0.1,0.1015625,0.1015625,0.4467742812876252,4.4677428128762517e-07,mle,0.008636929209839269,0.6522967538476712,ok,True,True,extraction,
spx,4279,2017-01-06,3767,4278,512,-1.0321314257931553,linear,52,0,52,52,0,52,0.1,0.1015625,0.1015625,0.44729582010430324,4.4729582010430323e-07,mle,0.008636929209839269,0.6522967538476712,ok,True,True,extraction,
spx,4280,2017-01-09,3768,4279,512,-1.0321314257931553,linear,52,0,52,52,0,52,0.1,0.1015625,0.1015625,0.4467742812876252,4.4677428128762517e-07,mle,0.008636929209839269,0.6522967538476712,ok,True,True,extraction,
spx,4281,2017-01-10,3769,4280,512,-1.0321314257931553,linear,52,0,52,52,0,52,0.1,0.1015625,0.1015625,0.44729582010430324,4.4729582010430323e-07,mle,0.008636929209839269,0.6522967538476712,ok,True,True,extraction,
spx,4282,2017-01-11,3770,4281,512,-1.0321314257931553,linear,52,0,52,52,0,52,0.1,0.1015625,0.1015625,0.44729582010430324,4.4729582010430323e-07,mle,0.008636929209839269,0.6522967538476712,ok,True,True,extraction,
spx,4283,2017-01-12,3771,4282,512,-1.0321314257931553,linear,52,0,52,52,0,52,0.1,0.1015625,0.1015625,0.4458934893379324,4.4589348933793235e-07,mle,0.008636929209839269,0.6522967538476712,ok,True,True,extraction,
spx,4284,2017-01-13,3772,4283,512,-1.01947238739399,linear,52,0,52,52,0,52,0.1,0.1015625,0.1015625,0.44478205877819627,4.4478205877819626e-07,mle,-0.013794225586719566,0.6796105852693671,ok,True,True,extraction,
spx,4285,2017-01-17,3773,4284,512,-1.01947238739399,linear,52,0,52,52,0,52,0.1,0.1015625,0.1015625,0.44459182524784024,4.4459182524784024e-07,mle,-0.013794225586719566,0.6796105852693671,ok,True,True,extraction,
spx,4286,2017-01-18,3774,4285,512,-1.0149626795573636,linear,52,0,52,52,0,52,0.1,0.1015625,0.1015625,0.44315865286206735,4.4315865286206734e-07,mle,0.01904388709063415,0.6464174541700902,ok,True,True,extraction,
spx,4287,2017-01-19,3775,4286,512,-1.0149626795573636,linear,52,0,52,52,0,52,0.1,0.1015625,0.1015625,0.441406063239326,4.41406063239326e-07,mle,0.01904388709063415,0.6464174541700902,ok,True,True,extraction,
spx,4288,2017-01-20,3776,4287,512,-1.0149626795573636,linear,52,0,52,52,0,52,0.1,0.1015625,0.1015625,0.4397064240590375,4.3970642405903746e-07,mle,0.01904388709063415,0.6464174541700902,ok,True,True,extraction,
spx,4289,2017-01-23,3777,4288,512,-1.0149626795573636,linear,52,0,52,52,0,52,0.1,0.1015625,0.1015625,0.4369520611860396,4.369520611860396e-07,mle,0.01904388709063415,0.6464174541700902,ok,True,True,extraction,
spx,4290,2017-01-24,3778,4289,512,-1.0149626795573636,linear,52,0,52,52,0,52,0.1,0.1015625,0.1015625,0.43234847292939493,4.3234847292939493e-07,mle,0.01904388709063415,0.6464174541700902,ok,True,True,extraction,
spx,4291,2017-01-25,3779,4290,512,-1.0149626795573636,linear,52,0,52,52,0,52,0.1,0.1015625,0.1015625,0.4305838118144657,4.305838118144657e-07,mle,0.01904388709063415,0.6464174541700902,ok,True,True,extraction,
spx,4292,2017-01-26,3780,4291,512,-1.0149626795573636,linear,52,0,52,52,0,52,0.1,0.1015625,0.1015625,0.4333381746874636,4.3333817468746357e-07,mle,0.01904388709063415,0.6464174541700902,ok,True,True,extraction,
spx,4293,2017-01-27,3781,4292,512,-1.0149626795573636,linear,52,0,52,52,0,52,0.1,0.1015625,0.1015625,0.4305838118144657,4.305838118144657e-07,mle,0.01904388709063415,0.6464174541700902,ok,True,True,extraction,
spx,4294,2017-01-30,3782,4293,512,-1.0149626795573636,linear,52,0,52,52,0,52,0.1,0.1015625,0.1015625,0.4298559652023964,4.2985596520239634e-07,mle,0.01904388709063415,0.6464174541700902,ok,True,True,extraction,
spx,4295,2017-01-31,3783,4294,512,-1.0149626795573636,linear,52,0,52,52,0,52,0.1,0.1015625,0.1015625,0.4279141236960044,4.279141236960044e-07,mle,0.01904388709063415,0.6464174541700902,ok,True,True,extraction,
spx,4296,2017-02-01,3784,4295,512,-1.0149626795573636,linear,52,0,52,52,0,52,0.1,0.1015625,0.1015625,0.42918922022305583,4.2918922022305583e-07,mle,0.01904388709063415,0.6464174541700902,ok,True,True,extraction,
spx,4297,2017-02-02,3785,4296,512,-1.0149626795573636,linear,52,0,52,52,0,52,0.1,0.1015625,0.1015625,0.4278753244514057,4.278753244514057e-07,mle,0.01904388709063415,0.6464174541700902,ok,True,True,extraction,
spx,4298,2017-02-03,3786,4297,512,-1.0149626795573636,linear,52,0,52,52,0,52,0.1,0.1015625,0.1015625,0.42660022792435426,4.2660022792435424e-07,mle,0.01904388709063415,0.6464174541700902,ok,True,True,extraction,
spx,4299,2017-02-06,3787,4298,512,-1.0149626795573636,linear,52,0,52,52,0,52,0.1,0.1015625,0.1015625,0.42669671249605723,4.2669671249605724e-07,mle,0.01904388709063415,0.6464174541700902,ok,True,True,extraction,
spx,4300,2017-02-07,3788,4299,512,-1.0149626795573636,linear,52,0,52,52,0,52,0.1,0.1015625,0.1015625,0.42660022792435426,4.2660022792435424e-07,mle,0.01904388709063415,0.6464174541700902,ok,True,True,extraction,
spx,4301,2017-02-08,3789,4300,512,-0.9844913878639132,linear,52,0,52,52,0,52,0.1,0.1015625,0.1015625,0.425526817559053,4.25526817559053e-07,mle,-0.015520238767376978,0.6930372335299384,ok,True,True,extraction,
spx,4302,2017-02-09,3790,4301,512,-0.9607077058100079,linear,52,0,52,52,0,52,0.1,0.1015625,0.1015625,0.4212957444108476,4.212957444108476e-07,mle,-0.03377631394481034,0.7222897049506667,ok,True,True,extraction,
spx,4303,2017-02-10,3791,4302,512,-0.9607077058100079,linear,52,0,52,52,0,52,0.1,0.1015625,0.1015625,0.4212957444108476,4.212957444108476e-07,mle,-0.03377631394481034,0.7222897049506667,ok,True,True,extraction,
spx,4304,2017-02-13,3792,4303,512,-0.9588406716310827,linear,52,0,52,52,0,52,0.1,0.1015625,0.1015625,0.41878680812416236,4.1878680812416235e-07,mle,-0.01689035998647128,0.7055380332630155,ok,True,True,extraction,
spx,4305,2017-02-14,3793,4304,512,-0.9588406716310827,linear,52,0,52,52,0,52,0.1,0.1015625,0.1015625,0.41878680812416236,4.1878680812416235e-07,mle,-0.01689035998647128,0.7055380332630155,ok,True,True,extraction,
spx,4306,2017-02-15,3794,4305,512,-0.9588406716310827,linear,52,0,52,52,0,52,0.1,0.1015625,0.1015625,0.4178143000340491,4.178143000340491e-07,mle,-0.01689035998647128,0.7055380332630155,ok,True,True,extraction,
spx,4307,2017-02-16,3795,4306,512,-0.9588406716310827,linear,52,0,52,52,0,52,0.1,0.1015625,0.1015625,0.41254745706434814,4.1254745706434815e-07,mle,-0.01689035998647128,0.7055380332630155,ok,True,True,extraction,
spx,4308,2017-02-17,3796,4307,512,-0.9588406716310827,linear,52,0,52,52,0,52,0.1,0.1015625,0.1015625,0.41354163301380814,4.135416330138081e-07,mle,-0.01689035998647128,0.7055380332630155,ok,True,True,extraction,
spx,4309,2017-02-21,3797,4308,512,-0.9588406716310827,linear,52,0,52,52,0,52,0.1,0.1015625,0.1015625,0.4117231258805758,4.1172312588057576e-07,mle,-0.01689035998647128,0.7055380332630155,ok,True,True,extraction,
spx,4310,2017-02-22,3798,4309,512,-0.9588406716310827,linear,52,0,52,52,0,52,0.1,0.1015625,0.1015625,0.4105099013974188,4.1050990139741875e-07,mle,-0.01689035998647128,0.7055380332630155,ok,True,True,extraction,
spx,4311,2017-02-23,3799,4310,512,-0.9588406716310827,linear,52,0,52,52,0,52,0.1,0.1015625,0.1015625,0.4081449221347139,4.0814492213471383e-07,mle,-0.01689035998647128,0.7055380332630155,ok,True,True,extraction,
spx,4312,2017-02-24,3800,4311,512,-0.9588406716310827,linear,52,0,52,52,0,52,0.1,0.1015625,0.1015625,0.4065220507330708,4.065220507330708e-07,mle,-0.01689035998647128,0.7055380332630155,ok,True,True,extraction,
spx,4313,2017-02-27,3801,4312,512,-0.9588406716310827,linear,52,0,52,52,0,52,0.1,0.1015625,0.1015625,0.40307371489660204,4.03073714896602e-07,mle,-0.01689035998647128,0.7055380332630155,ok,True,True,extraction,
spx,4314,2017-02-28,3802,4313,512,-0.9588406716310827,linear,52,0,52,52,0,52,0.1,0.1015625,0.1015625,0.40307371489660204,4.03073714896602e-07,mle,-0.01689035998647128,0.7055380332630155,ok,True,True,extraction,
spx,4315,2017-03-01,3803,4314,512,-0.9588406716310827,linear,52,0,52,52,0,52,0.1,0.1015625,0.1015625,0.40307371489660204,4.03073714896602e-07,mle,-0.01689035998647128,0.7055380332630155,ok,True,True,extraction,
spx,4316,2017-03-02,3804,4315,512,-0.9588406716310827,linear,52,0,52,52,0,52,0.1,0.1015625,0.1015625,0.4065220507330708,4.065220507330708e-07,mle,-0.01689035998647128,0.7055380332630155,ok,True,True,extraction,
spx,4317,2017-03-03,3805,4316,512,-0.9588406716310827,linear,52,0,52,52,0,52,0.1,0.1015625,0.1015625,0.4105099013974188,4.1050990139741875e-07,mle,-0.01689035998647128,0.7055380332630155,ok,True,True,extraction,
spx,4318,2017-03-06,3806,4317,512,-0.9588406716310827,linear,52,0,52,52,0,52,0.1,0.1015625,0.1015625,0.4065220507330708,4.065220507330708e-07,mle,-0.01689035998647128,0.7055380332630155,ok,True,True,extraction,
spx,4319,2017-03-07,3807,4318,512,-0.9588406716310827,linear,52,0,52,52,0,52,0.1,0.1015625,0.1015625,0.4065220507330708,4.065220507330708e-07,mle,-0.01689035998647128,0.7055380332630155,ok,True,True,extraction,
spx,4320,2017-03-08,3808,4319,512,-0.9588406716310827,linear,52,0,52,52,0,52,0.1,0.1015625,0.1015625,0.4081449221347139,4.0814492213471383e-07,mle,-0.01689035998647128,0.7055380332630155,ok,True,True,extraction,
spx,4321,2017-03-09,3809,4320,512,-0.9588406716310827,linear,52,0,52,52,0,52,0.1,0.1015625,0.1015625,0.4081449221347139,4.0814492213471383e-07,mle,-0.01689035998647128,0.7055380332630155,ok,True,True,extraction,
spx,4322,2017-03-10,3810,4321,512,-0.9588406716310827,linear,52,0,52,52,0,52,0.1,0.1015625,0.1015625,0.4065220507330708,4.065220507330708e-07,mle,-0.01689035998647128,0.7055380332630155,ok,True,True,extraction,
spx,4323,2017-03-13,3811,4322,512,-0.9588406716310827,linear,52,0,52,52,0,52,0.1,0.1015625,0.1015625,0.4065220507330708,4.065220507330708e-07,mle,-0.01689035998647128,0.7055380332630155,ok,True,True,extraction,
spx,4324,2017-03-14,3812,4323,512,-0.9588406716310827,linear,52,0,52,52,0,52,0.1,0.1015625,0.1015625,0.40307371489660204,4.03073714896602e-07,mle,-0.01689035998647128,0.7055380332630155,ok,True,True,extraction,
spx,4325,2017-03-15,3813,4324,512,-0.9588406716310827,linear,52,0,52,52,0,52,0.1,0.1015625,0.1015625,0.3998599531870488,3.998599531870488e-07,mle,-0.01689035998647128,0.7055380332630155,ok,True,True,extraction,
spx,4326,2017-03-16,3814,4325,512,-0.9588406716310827,linear,52,0,52,52,0,52,0.1,0.1015625,0.1015625,0.3998599531870488,3.998599531870488e-07,mle,-0.01689035998647128,0.7055380332630155,ok,True,True,extraction,
spx,4327,2017-03-17,3815,4326,512,-0.9588406716310827,linear,52,0,52,52,0,52,0.1,0.1015625,0.1015625,0.3998599531870488,3.998599531870488e-07,mle,-0.01689035998647128,0.7055380332630155,ok,True,True,extraction,
spx,4328,2017-03-20,3816,4327,512,-0.9456422892537342,linear,52,0,52,52,0,52,0.1,0.1015625,0.1015625,0.3979440924766018,3.9794409247660177e-07,mle,-0.012888851715991394,0.706722330285054,ok,True,True,extraction,
spx,4329,2017-03-21,3817,4328,512,-0.9456422892537342,linear,52,0,52,52,0,52,0.1,0.1015625,0.1015625,0.3956545243766756,3.956545243766756e-07,mle,-0.012888851715991394,0.706722330285054,ok,True,True,extraction,
spx,4330,2017-03-22,3818,4329,512,-0.9456422892537342,linear,52,0,52,52,0,52,0.1,0.1015625,0.1015625,0.3956545243766756,3.956545243766756e-07,mle,0.008286747054751388,0.6831179890787006,ok,True,True,extraction,
spx,4331,2017-03-23,3819,4330,512,-0.9456422892537342,linear,52,0,52,52,0,52,0.1,0.1015625,0.1015625,0.3979440924766018,3.9794409247660177e-07,mle,0.008286747054751388,0.6831179890787006,ok,True,True,extraction,
spx,4332,2017-03-24,3820,4331,512,-0.9456422892537342,linear,52,0,52,52,0,52,0.1,0.1015625,0.1015625,0.39326888283369,3.9326888283368995e-07,mle,0.008286747054751388,0.6831179890787006,ok,True,True,extraction,
spx,4333,2017-03-27,3821,4332,512,-0.9456422892537342,linear,52,0,52,52,0,52,0.1,0.1015625,0.1015625,0.39166489943374616,3.9166489943374613e-07,mle,0.008286747054751388,0.6831179890787006,ok,True,True,extraction,
spx,4334,2017-03-28,3822,4333,512,-0.9456422892537342,linear,52,0,52,52,0,52,0.1,0.1015625,0.1015625,0.3875747061199089,3.875747061199089e-07,mle,0.008286747054751388,0.6831179890787006,ok,True,True,extraction,
spx,4335,2017-03-29,3823,4334,512,-0.9456422892537342,linear,52,0,52,52,0,52,0.1,0.1015625,0.1015625,0.39166489943374616,3.9166489943374613e-07,mle,0.008286747054751388,0.6831179890787006,ok,True,True,extraction,
spx,4336,2017-03-30,3824,4335,512,-0.9456422892537342,linear,52,0,52,52,0,52,0.1,0.1015625,0.1015625,0.389482393877445,3.89482393877445e-07,mle,0.008286747054751388,0.6831179890787006,ok,True,True,extraction,
spx,4337,2017-03-31,3825,4336,512,-0.9456422892537342,linear,52,0,52,52,0,52,0.1,0.1015625,0.1015625,0.3855390233760352,3.8553902337603514e-07,mle,0.008286747054751388,0.6831179890787006,ok,True,True,extraction,
spx,4338,2017-04-03,3826,4337,512,-0.9456422892537342,linear,52,0,52,52,0,52,0.1,0.1015625,0.1015625,0.38091985260987776,3.8091985260987774e-07,mle,0.008286747054751388,0.6831179890787006,ok,True,True,extraction,
spx,4339,2017-04-04,3827,4338,512,-0.9456422892537342,linear,52,0,52,52,0,52,0.1,0.1015625,0.1015625,0.38091985260987776,3.8091985260987774e-07,mle,0.008286747054751388,0.6831179890787006,ok,True,True,extraction,
spx,4340,2017-04-05,3828,4339,512,-0.9456422892537342,linear,52,0,52,52,0,52,0.1,0.1015625,0.1015625,0.38047020350489635,3.8047020350489634e-07,mle,0.008286747054751388,0.6831179890787006,ok,True,True,extraction,
spx,4341,2017-04-06,3829,4340,512,-0.9446789969954645,linear,52,0,52,52,0,52,0.1,0.1015625,0.1015625,0.37925117788581253,3.792511778858125e-07,mle,0.0407400086745933,0.652223139879191,ok,True,True,extraction,
spx,4342,2017-04-07,3830,4341,512,-0.9446789969954645,linear,52,0,52,52,0,52,0.1,0.1015625,0.1015625,0.379700826990794,3.79700826990794e-07,mle,0.0407400086745933,0.652223139879191,ok,True,True,extraction,
spx,4343,2017-04-10,3831,4342,512,-0.9446789969954645,linear,52,0,52,52,0,52,0.1,0.1015625,0.1015625,0.37925117788581253,3.792511778858125e-07,mle,0.0407400086745933,0.652223139879191,ok,True,True,extraction,
spx,4344,2017-04-11,3832,4343,512,-0.9446789969954645,linear,52,0,52,52,0,52,0.1,0.1015625,0.1015625,0.3762045702478253,3.7620457024782527e-07,mle,0.0407400086745933,0.652223139879191,ok,True,True,extraction,
spx,4345,2017-04-12,3833,4344,512,-0.9446789969954645,linear,52,0,52,52,0,52,0.1,0.1015625,0.1015625,0.37405345002301965,3.740534500230196e-07,mle,0.0407400086745933,0.652223139879191,ok,True,True,extraction,
spx,4346,2017-04-13,3834,4345,512,-0.9446789969954645,linear,52,0,52,52,0,52,0.1,0.1015625,0.1015625,0.37405345002301965,3.740534500230196e-07,mle,0.0407400086745933,0.652223139879191,ok,True,True,extraction,
spx,4347,2017-04-17,3835,4346,512,-0.9446789969954645,linear,52,0,52,52,0,52,0.1,0.1015625,0.1015625,0.3750717478783504,3.7507174787835037e-07,mle,0.0407400086745933,0.652223139879191,ok,True,True,extraction,
spx,4348,2017-04-18,3836,4347,512,-0.9446789969954645,linear,52,0,52,52,0,52,0.1,0.1015625,0.1015625,0.3750717478783504,3.7507174787835037e-07,mle,0.0407400086745933,0.652223139879191,ok,True,True,extraction,
spx,4349,2017-04-19,3837,4348,512,-0.9446789969954645,linear,52,0,52,52,0,52,0.1,0.1015625,0.1015625,0.3750717478783504,3.7507174787835037e-07,mle,0.0407400086745933,0.652223139879191,ok,True,True,extraction,
spx,4350,2017-04-20,3838,4349,512,-0.9446789969954645,linear,52,0,52,52,0,52,0.1,0.1015625,0.1015625,0.3760084949339256,3.7600849493392554e-07,mle,0.0407400086745933,0.652223139879191,ok,True,True,extraction,
spx,4351,2017-04-21,3839,4350,512,-0.9446789969954645,linear,52,0,52,52,0,52,0.1,0.1015625,0.1015625,0.3760084949339256,3.7600849493392554e-07,mle,0.0407400086745933,0.652223139879191,ok,True,True,extraction,
spx,4352,2017-04-24,3840,4351,512,-0.9446789969954645,linear,52,0,52,52,0,52,0.1,0.1015625,0.1015625,0.37110125683371964,3.7110125683371964e-07,mle,0.0407400086745933,0.652223139879191,ok,True,True,extraction,
spx,4353,2017-04-25,3841,4352,512,-0.9446789969954645,linear,52,0,52,52,0,52,0.1,0.1015625,0.1015625,0.37495108092512186,3.749510809251218e-07,mle,0.0407400086745933,0.652223139879191,ok,True,True,extraction,
spx,4354,2017-04-26,3842,4353,512,-0.9446789969954645,linear,52,0,52,52,0,52,0.1,0.1015625,0.1015625,0.3760084949339256,3.7600849493392554e-07,mle,0.0407400086745933,0.652223139879191,ok,True,True,extraction,
spx,4355,2017-04-27,3843,4354,512,-0.9446789969954645,linear,52,0,52,52,0,52,0.1,0.1015625,0.1015625,0.37110125683371964,3.7110125683371964e-07,mle,0.0407400086745933,0.652223139879191,ok,True,True,extraction,
spx,4356,2017-04-28,3844,4355,512,-0.9446789969954645,linear,52,0,52,52,0,52,0.1,0.1015625,0.1015625,0.37495108092512186,3.749510809251218e-07,mle,0.0407400086745933,0.652223139879191,ok,True,True,extraction,
spx,4357,2017-05-01,3845,4356,512,-0.9355978563229245,linear,52,0,52,52,0,52,0.1,0.1015625,0.1015625,0.37351985158484363,3.735198515848436e-07,mle,0.03676030809020843,0.6599828345016894,ok,True,True,extraction,
spx,4358,2017-05-02,3846,4357,512,-0.9355978563229245,linear,52,0,52,52,0,52,0.1,0.1015625,0.1015625,0.3715306579556601,3.715306579556601e-07,mle,0.03676030809020843,0.6599828345016894,ok,True,True,extraction,
spx,4359,2017-05-03,3847,4358,512,-0.9355978563229245,linear,52,0,52,52,0,52,0.1,0.1015625,0.1015625,0.37176388192309345,3.717638819230934e-07,mle,0.03676030809020843,0.6599828345016894,ok,True,True,extraction,
spx,4360,2017-05-04,3848,4359,512,-0.9355978563229245,linear,52,0,52,52,0,52,0.1,0.1015625,0.1015625,0.3698561941655574,3.6985619416555737e-07,mle,0.03676030809020843,0.6599828345016894,ok,True,True,extraction,
spx,4361,2017-05-05,3849,4360,512,-0.9355978563229245,linear,52,0,52,52,0,52,0.1,0.1015625,0.1015625,0.3698561941655574,3.6985619416555737e-07,mle,0.03676030809020843,0.6599828345016894,ok,True,True,extraction,
spx,4362,2017-05-08,3850,4361,512,-0.9355978563229245,linear,52,0,52,52,0,52,0.1,0.1015625,0.1015625,0.3715306579556601,3.715306579556601e-07,mle,0.03676030809020843,0.6599828345016894,ok,True,True,extraction,
spx,4363,2017-05-09,3851,4362,512,-0.9355978563229245,linear,52,0,52,52,0,52,0.1,0.1015625,0.1015625,0.3698561941655574,3.6985619416555737e-07,mle,0.03676030809020843,0.6599828345016894,ok,True,True,extraction,
spx,4364,2017-05-10,3852,4363,512,-0.9355978563229245,linear,52,0,52,52,0,52,0.1,0.1015625,0.1015625,0.36806999068093527,3.6806999068093524e-07,mle,0.03676030809020843,0.6599828345016894,ok,True,True,extraction,
spx,4365,2017-05-11,3853,4364,512,-0.9355978563229245,linear,52,0,52,52,0,52,0.1,0.1015625,0.1015625,0.36819706892576654,3.681970689257665e-07,mle,0.03676030809020843,0.6599828345016894,ok,True,True,extraction,
spx,4366,2017-05-12,3854,4365,512,-0.9268025696422115,linear,52,0,52,52,0,52,0.1,0.1015625,0.1015625,0.3662339123456615,3.6623391234566146e-07,mle,0.02477374669474208,0.6749626762301227,ok,True,True,extraction,
spx,4367,2017-05-15,3855,4366,512,-0.9268025696422115,linear,52,0,52,52,0,52,0.1,0.1015625,0.1015625,0.3644594832864631,3.644594832864631e-07,mle,0.02477374669474208,0.6749626762301227,ok,True,True,extraction,
spx,4368,2017-05-16,3856,4367,512,-0.9268025696422115,linear,52,0,52,52,0,52,0.1,0.1015625,0.1015625,0.365989193435858,3.65989193435858e-07,mle,0.02477374669474208,0.6749626762301227,ok,True,True,extraction,
spx,4369,2017-05-17,3857,4368,512,-0.9167229107989094,linear,52,0,52,52,0,52,0.1,0.1015625,0.1015625,0.3644594832864631,3.644594832864631e-07,mle,0.023339506264702756,0.6807257016024262,ok,True,True,extraction,
spx,4370,2017-05-18,3858,4369,512,-0.9268025696422115,linear,52,0,52,52,0,52,0.1,0.1015625,0.1015625,0.3644594832864631,3.644594832864631e-07,mle,-0.004864286931238161,0.707865007737952,ok,True,True,extraction,
spx,4371,2017-05-19,3859,4370,512,-0.9268025696422115,linear,52,0,52,52,0,52,0.1,0.1015625,0.1015625,0.3628003580466723,3.6280035804667233e-07,mle,-0.004864286931238161,0.707865007737952,ok,True,True,extraction,
spx,4372,2017-05-22,3860,4371,512,-0.9268025696422115,linear,52,0,52,52,0,52,0.1,0.1015625,0.1015625,0.3628003580466723,3.6280035804667233e-07,mle,-0.004864286931238161,0.707865007737952,ok,True,True,extraction,
spx,4373,2017-05-23,3861,4372,512,-0.9268025696422115,linear,52,0,52,52,0,52,0.1,0.1015625,0.1015625,0.36386411026013077,3.6386411026013076e-07,mle,-0.004864286931238161,0.707865007737952,ok,True,True,extraction,
spx,4374,2017-05-24,3862,4373,512,-0.9268025696422115,linear,52,0,52,52,0,52,0.1,0.1015625,0.1015625,0.36195642250259474,3.619564225025947e-07,mle,-0.004864286931238161,0.707865007737952,ok,True,True,extraction,
spx,4375,2017-05-25,3863,4374,512,-0.9268025696422115,linear,52,0,52,52,0,52,0.1,0.1015625,0.1015625,0.35966685440266855,3.596668544026685e-07,mle,-0.004864286931238161,0.707865007737952,ok,True,True,extraction,
spx,4376,2017-05-26,3864,4375,512,-0.9268025696422115,linear,52,0,52,52,0,52,0.1,0.1015625,0.1015625,0.35966685440266855,3.596668544026685e-07,mle,-0.004864286931238161,0.707865007737952,ok,True,True,extraction,
spx,4377,2017-05-30,3865,4376,512,-0.9268025696422115,linear,52,0,52,52,0,52,0.1,0.1015625,0.1015625,0.35966685440266855,3.596668544026685e-07,mle,-0.004864286931238161,0.707865007737952,ok,True,True,extraction,
spx,4378,2017-05-31,3866,4377,512,-0.9268025696422115,linear,52,0,52,52,0,52,0.1,0.1015625,0.1015625,0.36195642250259474,3.619564225025947e-07,mle,-0.004864286931238161,0.707865007737952,ok,True,True,extraction,
spx,4379,2017-06-01,3867,4378,512,-0.9268025696422115,linear,52,0,52,52,0,52,0.1,0.1015625,0.1015625,0.36195642250259474,3.619564225025947e-07,mle,-0.004864286931238161,0.707865007737952,ok,True,True,extraction,
spx,4380,2017-06-02,3868,4379,512,-0.9268025696422115,linear,52,0,52,52,0,52,0.1,0.1015625,0.1015625,0.36520831892247063,3.652083189224706e-07,mle,-0.004864286931238161,0.707865007737952,ok,True,True,extraction,
spx,4381,2017-06-05,3869,4380,512,-0.9268025696422115,linear,52,0,52,52,0,52,0.1,0.1015625,0.1015625,0.36520831892247063,3.652083189224706e-07,mle,-0.004864286931238161,0.707865007737952,ok,True,True,extraction,
spx,4382,2017-06-06,3870,4381,512,-0.9268025696422115,linear,52,0,52,52,0,52,0.1,0.1015625,0.1015625,0.36520831892247063,3.652083189224706e-07,mle,-0.004864286931238161,0.707865007737952,ok,True,True,extraction,
spx,4383,2017-06-07,3871,4382,512,-0.9167229107989094,linear,52,0,52,52,0,52,0.1,0.1015625,0.1015625,0.35966685440266855,3.596668544026685e-07,mle,-0.01657050950365525,0.7241582925914241,ok,True,True,extraction,
spx,4384,2017-06-08,3872,4383,512,-0.9167229107989094,linear,52,0,52,52,0,52,0.1,0.1015625,0.1015625,0.35748136890242677,3.5748136890242677e-07,mle,-0.01657050950365525,0.7241582925914241,ok,True,True,extraction,
spx,4385,2017-06-09,3873,4384,512,-0.9167229107989094,linear,52,0,52,52,0,52,0.1,0.1015625,0.1015625,0.3580071348859938,3.5800713488599376e-07,mle,-0.01657050950365525,0.7241582925914241,ok,True,True,extraction,
spx,4386,2017-06-12,3874,4385,512,-0.9167229107989094,linear,52,0,52,52,0,52,0.1,0.1015625,0.1015625,0.3566765134231985,3.566765134231985e-07,mle,-0.01657050950365525,0.7241582925914241,ok,True,True,extraction,
spx,4387,2017-06-13,3875,4386,512,-0.9167229107989094,linear,52,0,52,52,0,52,0.1,0.1015625,0.1015625,0.3563948720725511,3.563948720725511e-07,mle,-0.01657050950365525,0.7241582925914241,ok,True,True,extraction,
spx,4388,2017-06-14,3876,4387,512,-0.9167229107989094,linear,52,0,52,52,0,52,0.1,0.1015625,0.1015625,0.3580071348859938,3.5800713488599376e-07,mle,-0.01657050950365525,0.7241582925914241,ok,True,True,extraction,
spx,4389,2017-06-15,3877,4388,512,-0.9167229107989094,linear,52,0,52,52,0,52,0.1,0.1015625,0.1015625,0.35748136890242677,3.5748136890242677e-07,mle,-0.01657050950365525,0.7241582925914241,ok,True,True,extraction,
spx,4390,2017-06-16,3878,4389,512,-0.9167229107989094,linear,52,0,52,52,0,52,0.1,0.1015625,0.1015625,0.3563948720725511,3.563948720725511e-07,mle,-0.01657050950365525,0.7241582925914241,ok,True,True,extraction,
spx,4391,2017-06-19,3879,4390,512,-0.9167229107989094,linear,52,0,52,52,0,52,0.1,0.1015625,0.1015625,0.3566765134231985,3.566765134231985e-07,mle,-0.01657050950365525,0.7241582925914241,ok,True,True,extraction,
spx,4392,2017-06-20,3880,4391,512,-0.9167229107989094,linear,52,0,52,52,0,52,0.1,0.1015625,0.1015625,0.3566765134231985,3.566765134231985e-07,mle,-0.01657050950365525,0.7241582925914241,ok,True,True,extraction,
spx,4393,2017-06-21,3881,4392,512,-0.9167229107989094,linear,52,0,52,52,0,52,0.1,0.1015625,0.1015625,0.3580071348859938,3.5800713488599376e-07,mle,-0.01657050950365525,0.7241582925914241,ok,True,True,extraction,
spx,4394,2017-06-22,3882,4393,512,-0.9167229107989094,linear,52,0,52,52,0,52,0.1,0.1015625,0.1015625,0.3563948720725511,3.563948720725511e-07,mle,-0.01657050950365525,0.7241582925914241,ok,True,True,extraction,
spx,4395,2017-06-23,3883,4394,512,-0.9167229107989094,linear,52,0,52,52,0,52,0.1,0.1015625,0.1015625,0.35428117994685127,3.5428117994685124e-07,mle,-0.01657050950365525,0.7241582925914241,ok,True,True,extraction,
spx,4396,2017-06-26,3884,4395,512,-0.9167229107989094,linear,52,0,52,52,0,52,0.1,0.1015625,0.1015625,0.353476324467623,3.53476324467623e-07,mle,-0.01657050950365525,0.7241582925914241,ok,True,True,extraction,
spx,4397,2017-06-27,3885,4396,512,-0.9167229107989094,linear,52,0,52,52,0,52,0.1,0.1015625,0.1015625,0.3491748690805916,3.4917486908059156e-07,mle,-0.01657050950365525,0.7241582925914241,ok,True,True,extraction,
spx,4398,2017-06-28,3886,4397,512,-0.9167229107989094,linear,52,0,52,52,0,52,0.1,0.1015625,0.1015625,0.3503208328004197,3.503208328004197e-07,mle,-0.01657050950365525,0.7241582925914241,ok,True,True,extraction,
spx,4399,2017-06-29,3887,4398,512,-0.9167229107989094,linear,52,0,52,52,0,52,0.1,0.1015625,0.1015625,0.353476324467623,3.53476324467623e-07,mle,-0.01657050950365525,0.7241582925914241,ok,True,True,extraction,
spx,4400,2017-06-30,3888,4399,512,-0.9167229107989094,linear,52,0,52,52,0,52,0.1,0.1015625,0.1015625,0.353476324467623,3.53476324467623e-07,mle,-0.01657050950365525,0.7241582925914241,ok,True,True,extraction,
spx,4401,2017-07-03,3889,4400,512,-0.9167229107989094,linear,52,0,52,52,0,52,0.1,0.1015625,0.1015625,0.3503208328004197,3.503208328004197e-07,mle,-0.01657050950365525,0.7241582925914241,ok,True,True,extraction,
spx,4402,2017-07-05,3890,4401,512,-0.9167229107989094,linear,52,0,52,52,0,52,0.1,0.1015625,0.1015625,0.3481330695390882,3.481330695390882e-07,mle,-0.01657050950365525,0.7241582925914241,ok,True,True,extraction,
spx,4403,2017-07-06,3891,4402,512,-0.9167229107989094,linear,52,0,52,52,0,52,0.1,0.1015625,0.1015625,0.3481330695390882,3.481330695390882e-07,mle,-0.01657050950365525,0.7241582925914241,ok,True,True,extraction,
spx,4404,2017-07-07,3892,4403,512,-0.9268025696422115,linear,52,0,52,52,0,52,0.1,0.1015625,0.1015625,0.3481330695390882,3.481330695390882e-07,mle,0.002030837142372166,0.7012446128980385,ok,True,True,extraction,
spx,4405,2017-07-10,3893,4404,512,-0.9268025696422115,linear,52,0,52,52,0,52,0.1,0.1015625,0.1015625,0.3491748690805916,3.4917486908059156e-07,mle,0.002030837142372166,0.7012446128980385,ok,True,True,extraction,
spx,4406,2017-07-11,3894,4405,512,-0.9268025696422115,linear,52,0,52,52,0,52,0.1,0.1015625,0.1015625,0.3491748690805916,3.4917486908059156e-07,mle,0.002030837142372166,0.7012446128980385,ok,True,True,extraction,
spx,4407,2017-07-12,3895,4406,512,-0.9167229107989094,linear,52,0,52,52,0,52,0.1,0.1015625,0.1015625,0.348317646549165,3.48317646549165e-07,mle,0.035851791750775276,0.665333569908048,ok,True,True,extraction,
spx,4408,2017-07-13,3896,4407,512,-0.9167229107989094,linear,52,0,52,52,0,52,0.1,0.1015625,0.1015625,0.3491748690805916,3.4917486908059156e-07,mle,0.035851791750775276,0.665333569908048,ok,True,True,extraction,
spx,4409,2017-07-14,3897,4408,512,-0.9167229107989094,linear,52,0,52,52,0,52,0.1,0.1015625,0.1015625,0.348317646549165,3.48317646549165e-07,mle,0.035851791750775276,0.665333569908048,ok,True,True,extraction,
spx,4410,2017-07-17,3898,4409,512,-0.9167229107989094,linear,52,0,52,52,0,52,0.1,0.1015625,0.1015625,0.34939993542138964,3.4939993542138965e-07,mle,0.035851791750775276,0.665333569908048,ok,True,True,extraction,
spx,4411,2017-07-18,3899,4410,512,-0.9167229107989094,linear,52,0,52,52,0,52,0.1,0.1015625,0.1015625,0.34843300447354514,3.4843300447354515e-07,mle,0.035851791750775276,0.665333569908048,ok,True,True,extraction,
spx,4412,2017-07-19,3900,4411,512,-0.9167229107989094,linear,52,0,52,52,0,52,0.1,0.1015625,0.1015625,0.3482079381327471,3.4820793813274706e-07,mle,0.035851791750775276,0.665333569908048,ok,True,True,extraction,
spx,4413,2017-07-20,3901,4412,512,-0.8706771133970433,linear,52,0,52,52,0,52,0.1,0.1015625,0.1015625,0.3508022042866833,3.5080220428668327e-07,mle,-0.012086937249338929,0.7291590943677876,ok,True,True,extraction,
spx,4414,2017-07-21,3902,4413,512,-0.8706771133970433,linear,52,0,52,52,0,52,0.1,0.1015625,0.1015625,0.3482079381327471,3.4820793813274706e-07,mle,-0.012086937249338929,0.7291590943677876,ok,True,True,extraction,
spx,4415,2017-07-24,3903,4414,512,-0.8706771133970433,linear,52,0,52,52,0,52,0.1,0.1015625,0.1015625,0.3471661385912437,3.471661385912437e-07,mle,-0.012086937249338929,0.7291590943677876,ok,True,True,extraction,
spx,4416,2017-07-25,3904,4415,512,-0.8706771133970433,linear,52,0,52,52,0,52,0.1,0.1015625,0.1015625,0.34644067158727787,3.464406715872779e-07,mle,-0.012086937249338929,0.7291590943677876,ok,True,True,extraction,
spx,4417,2017-07-26,3905,4416,512,-0.8706771133970433,linear,52,0,52,52,0,52,0.1,0.1015625,0.1015625,0.34494183043527904,3.4494183043527905e-07,mle,-0.012086937249338929,0.7291590943677876,ok,True,True,extraction,
spx,4418,2017-07-27,3906,4417,512,-0.8706771133970433,linear,52,0,52,52,0,52,0.1,0.1015625,0.1015625,0.3454900874536758,3.454900874536758e-07,mle,-0.012086937249338929,0.7291590943677876,ok,True,True,extraction,
spx,4419,2017-07-28,3907,4418,512,-0.8706771133970433,linear,52,0,52,52,0,52,0.1,0.1015625,0.1015625,0.34321098613608503,3.43210986136085e-07,mle,-0.012086937249338929,0.7291590943677876,ok,True,True,extraction,
spx,4420,2017-07-31,3908,4419,512,-0.8706771133970433,linear,52,0,52,52,0,52,0.1,0.1015625,0.1015625,0.34321098613608503,3.43210986136085e-07,mle,-0.012086937249338929,0.7291590943677876,ok,True,True,extraction,
spx,4421,2017-08-01,3909,4420,512,-0.8706771133970433,linear,52,0,52,52,0,52,0.1,0.1015625,0.1015625,0.3410399995219101,3.410399995219101e-07,mle,-0.012086937249338929,0.7291590943677876,ok,True,True,extraction,
spx,4422,2017-08-02,3910,4421,512,-0.8706771133970433,linear,52,0,52,52,0,52,0.1,0.1015625,0.1015625,0.341064197833857,3.4106419783385697e-07,mle,-0.012086937249338929,0.7291590943677876,ok,True,True,extraction,
spx,4423,2017-08-03,3911,4422,512,-0.8706771133970433,linear,52,0,52,52,0,52,0.1,0.1015625,0.1015625,0.3422196223503686,3.422196223503686e-07,mle,-0.012086937249338929,0.7291590943677876,ok,True,True,extraction,
spx,4424,2017-08-04,3912,4423,512,-0.8706771133970433,linear,52,0,52,52,0,52,0.1,0.1015625,0.1015625,0.3386593433931855,3.386593433931855e-07,mle,-0.012086937249338929,0.7291590943677876,ok,True,True,extraction,
spx,4425,2017-08-07,3913,4424,512,-0.8635980171518819,linear,52,0,52,52,0,52,0.1,0.1015625,0.1015625,0.3336423480817081,3.336423480817081e-07,mle,-0.011212412532198535,0.7315423708112554,ok,True,True,extraction,
spx,4426,2017-08-08,3914,4425,512,-0.8635980171518819,linear,52,0,52,52,0,52,0.1,0.1015625,0.1015625,0.33282846575969616,3.3282846575969616e-07,mle,-0.011212412532198535,0.7315423708112554,ok,True,True,extraction,
spx,4427,2017-08-09,3915,4426,512,-0.8635980171518819,linear,52,0,52,52,0,52,0.1,0.1015625,0.1015625,0.33074327964065264,3.307432796406526e-07,mle,-0.011212412532198535,0.7315423708112554,ok,True,True,extraction,
spx,4428,2017-08-10,3916,4427,512,-0.8635980171518819,linear,52,0,52,52,0,52,0.1,0.1015625,0.1015625,0.3298340827686783,3.298340827686783e-07,mle,-0.011212412532198535,0.7315423708112554,ok,True,True,extraction,
spx,4429,2017-08-11,3917,4428,512,-0.8706771133970433,linear,52,0,52,52,0,52,0.1,0.1015625,0.1015625,0.33074327964065264,3.307432796406526e-07,mle,-0.031201931513552245,0.7505424742458354,ok,True,True,extraction,
spx,4430,2017-08-14,3918,4429,512,-0.8706771133970433,linear,52,0,52,52,0,52,0.1,0.1015625,0.1015625,0.33074327964065264,3.307432796406526e-07,mle,-0.031201931513552245,0.7505424742458354,ok,True,True,extraction,
spx,4431,2017-08-15,3919,4430,512,-0.8706771133970433,linear,52,0,52,52,0,52,0.1,0.1015625,0.1015625,0.33282846575969616,3.3282846575969616e-07,mle,-0.031201931513552245,0.7505424742458354,ok,True,True,extraction,
spx,4432,2017-08-16,3920,4431,512,-0.8706771133970433,linear,52,0,52,52,0,52,0.1,0.1015625,0.1015625,0.33282846575969616,3.3282846575969616e-07,mle,-0.031201931513552245,0.7505424742458354,ok,True,True,extraction,
spx,4433,2017-08-17,3921,4432,512,-0.8706771133970433,linear,52,0,52,52,0,52,0.1,0.1015625,0.1015625,0.33282846575969616,3.3282846575969616e-07,mle,-0.031201931513552245,0.7505424742458354,ok,True,True,extraction,
spx,4434,2017-08-18,3922,4433,512,-0.9167229107989094,linear,52,0,52,52,0,52,0.1,0.1015625,0.1015625,0.33282846575969616,3.3282846575969616e-07,mle,0.01709472010569416,0.6830235646547191,ok,True,True,extraction,
spx,4435,2017-08-21,3923,4434,512,-0.9167229107989094,linear,52,0,52,52,0,52,0.1,0.1015625,0.1015625,0.33282846575969616,3.3282846575969616e-07,mle,0.01709472010569416,0.6830235646547191,ok,True,True,extraction,
spx,4436,2017-08-22,3924,4435,512,-0.9167229107989094,linear,52,0,52,52,0,52,0.1,0.1015625,0.1015625,0.33074327964065264,3.307432796406526e-07,mle,0.01709472010569416,0.6830235646547191,ok,True,True,extraction,
spx,4437,2017-08-23,3925,4436,512,-0.8706771133970433,linear,52,0,52,52,0,52,0.1,0.1015625,0.1015625,0.3309621816765607,3.309621816765607e-07,mle,-0.058967524334826105,0.7829927580854188,ok,True,True,extraction,
spx,4438,2017-08-24,3926,4437,512,-0.8706771133970433,linear,52,0,52,52,0,52,0.1,0.1015625,0.1015625,0.33282846575969616,3.3282846575969616e-07,mle,-0.058967524334826105,0.7829927580854188,ok,True,True,extraction,
spx,4439,2017-08-25,3927,4438,512,-0.8706771133970433,linear,52,0,52,52,0,52,0.1,0.1015625,0.1015625,0.33282846575969616,3.3282846575969616e-07,mle,-0.058967524334826105,0.7829927580854188,ok,True,True,extraction,
spx,4440,2017-08-28,3928,4439,512,-0.8706771133970433,linear,52,0,52,52,0,52,0.1,0.1015625,0.1015625,0.33074327964065264,3.307432796406526e-07,mle,-0.058967524334826105,0.7829927580854188,ok,True,True,extraction,
spx,4441,2017-08-29,3929,4440,512,-0.8706771133970433,linear,52,0,52,52,0,52,0.1,0.1015625,0.1015625,0.3285162996050591,3.285162996050591e-07,mle,-0.058967524334826105,0.7829927580854188,ok,True,True,extraction,
spx,4442,2017-08-30,3930,4441,512,-0.8706771133970433,linear,52,0,52,52,0,52,0.1,0.1015625,0.1015625,0.3298063711436462,3.298063711436462e-07,mle,-0.058967524334826105,0.7829927580854188,ok,True,True,extraction,
spx,4443,2017-08-31,3931,4442,512,-0.8706771133970433,linear,52,0,52,52,0,52,0.1,0.1015625,0.1015625,0.33099920992467335,3.3099920992467334e-07,mle,-0.058967524334826105,0.7829927580854188,ok,True,True,extraction,
spx,4444,2017-09-01,3932,4443,512,-0.8635980171518819,linear,52,0,52,52,0,52,0.1,0.1015625,0.1015625,0.331771958447409,3.3177195844740896e-07,mle,-0.0237690944998646,0.7390959150495326,ok,True,True,extraction,
spx,4445,2017-09-05,3933,4444,512,-0.861380852229969,linear,52,0,52,52,0,52,0.1,0.1015625,0.1015625,0.33109650016121267,3.3109650016121266e-07,mle,-0.003599624557631422,0.6808556649899121,ok,True,True,extraction,
spx,4446,2017-09-06,3934,4445,512,-0.8505698611975642,linear,52,0,52,52,0,52,0.1,0.1015625,0.1015625,0.33109650016121267,3.3109650016121266e-07,mle,-0.08096154365340073,0.6793905694667932,ok,True,True,extraction,
spx,4447,2017-09-07,3935,4446,512,-0.8423534868562801,linear,52,0,52,52,0,52,0.1,0.1015625,0.1015625,0.32945663920572765,3.2945663920572765e-07,mle,-0.06820406242767516,0.6694907069495181,ok,True,True,extraction,
spx,4448,2017-09-08,3936,4447,512,-0.8423534868562801,linear,52,0,52,52,0,52,0.1,0.1015625,0.1015625,0.32754513640089794,3.275451364008979e-07,mle,-0.06820406242767516,0.6694907069495181,ok,True,True,extraction,
spx,4449,2017-09-11,3937,4448,512,-0.8423534868562801,linear,52,0,52,52,0,52,0.1,0.1015625,0.1015625,0.3258121656109925,3.258121656109925e-07,mle,-0.06820406242767516,0.6694907069495181,ok,True,True,extraction,
spx,4450,2017-09-12,3938,4449,512,-0.8423534868562801,linear,52,0,52,52,0,52,0.1,0.1015625,0.1015625,0.3275451364008979,3.2754513640089786e-07,mle,-0.06820406242767516,0.6694907069495181,ok,True,True,extraction,
spx,4451,2017-09-13,3939,4450,512,-0.8367889747951535,linear,52,0,52,52,0,52,0.1,0.1015625,0.1015625,0.32646667592032436,3.264666759203243e-07,mle,-0.07743994130788354,0.6812058526652224,ok,True,True,extraction,
spx,4452,2017-09-14,3940,4451,512,-0.8153747528600395,linear,52,0,52,52,0,52,0.1,0.1015625,0.1015625,0.3241351818398752,3.241351818398752e-07,mle,-0.09256737293815387,0.667911630346957,ok,True,True,extraction,
spx,4453,2017-09-15,3941,4452,512,-0.8153747528600395,linear,52,0,52,52,0,52,0.1,0.1015625,0.1015625,0.32186001723584107,3.2186001723584103e-07,mle,-0.09256737293815387,0.667911630346957,ok,True,True,extraction,
spx,4454,2017-09-18,3942,4453,512,-0.8153747528600395,linear,52,0,52,52,0,52,0.1,0.1015625,0.1015625,0.32186001723584107,3.2186001723584103e-07,mle,-0.09256737293815387,0.667911630346957,ok,True,True,extraction,
spx,4455,2017-09-19,3943,4454,512,-0.8150095794643701,linear,52,0,52,52,0,52,0.1,0.1015625,0.1015625,0.3207803138480357,3.207803138480357e-07,mle,-0.06282050641488146,0.63534378180663,ok,True,True,extraction,
spx,4456,2017-09-20,3944,4455,512,-0.8150095794643701,linear,52,0,52,52,0,52,0.1,0.1015625,0.1015625,0.3204348278505894,3.204348278505894e-07,mle,-0.06282050641488146,0.63534378180663,ok,True,True,extraction,
spx,4457,2017-09-21,3945,4456,512,-0.814402756830582,linear,52,0,52,52,0,52,0.1,0.1015625,0.1015625,0.32001185830750956,3.200118583075095e-07,mle,-0.033300852916491555,0.6067159272767473,ok,True,True,extraction,
spx,4458,2017-09-22,3946,4457,512,-0.814402756830582,linear,52,0,52,52,0,52,0.1,0.1015625,0.1015625,0.32001185830750956,3.200118583075095e-07,mle,-0.033300852916491555,0.6067159272767473,ok,True,True,extraction,
spx,4459,2017-09-25,3947,4458,512,-0.814402756830582,linear,52,0,52,52,0,52,0.1,0.1015625,0.1015625,0.3179159023748762,3.179159023748762e-07,mle,-0.033300852916491555,0.6067159272767473,ok,True,True,extraction,
spx,4460,2017-09-26,3948,4459,512,-0.814402756830582,linear,52,0,52,52,0,52,0.1,0.1015625,0.1015625,0.31369407661814475,3.1369407661814475e-07,mle,-0.033300852916491555,0.6067159272767473,ok,True,True,extraction,
spx,4461,2017-09-27,3949,4460,512,-0.814402756830582,linear,52,0,52,52,0,52,0.1,0.1015625,0.1015625,0.31208403123468365,3.1208403123468364e-07,mle,-0.033300852916491555,0.6067159272767473,ok,True,True,extraction,
spx,4462,2017-09-28,3950,4461,512,-0.814402756830582,linear,52,0,52,52,0,52,0.1,0.1015625,0.1015625,0.31208403123468365,3.1208403123468364e-07,mle,-0.033300852916491555,0.6067159272767473,ok,True,True,extraction,
spx,4463,2017-09-29,3951,4462,512,-0.814402756830582,linear,52,0,52,52,0,52,0.1,0.1015625,0.1015625,0.31129928213484315,3.112992821348431e-07,mle,-0.033300852916491555,0.6067159272767473,ok,True,True,extraction,
spx,4464,2017-10-02,3952,4463,512,-0.8071936554674888,linear,52,0,52,52,0,52,0.1,0.1015625,0.1015625,0.31052456542611906,3.1052456542611903e-07,mle,-0.005033217242271019,0.5814659493939267,ok,True,True,extraction,
spx,4465,2017-10-03,3953,4464,512,-0.8071936554674888,linear,52,0,52,52,0,52,0.1,0.1015625,0.1015625,0.31052456542611906,3.1052456542611903e-07,mle,-0.005033217242271019,0.5814659493939267,ok,True,True,extraction,
spx,4466,2017-10-04,3954,4465,512,-0.7750123584337946,linear,52,0,52,52,0,52,0.1,0.1015625,0.1015625,0.3092863989101161,3.092863989101161e-07,mle,-0.04105467938419763,0.6266188744265304,ok,True,True,extraction,
spx,4467,2017-10-05,3955,4466,512,-0.7750123584337946,linear,52,0,52,52,0,52,0.1,0.1015625,0.1015625,0.3090825027919032,3.0908250279190316e-07,mle,-0.04105467938419763,0.6266188744265304,ok,True,True,extraction,
spx,4468,2017-10-06,3956,4467,512,-0.7750123584337946,linear,52,0,52,52,0,52,0.1,0.1015625,0.1015625,0.3084709840210537,3.084709840210537e-07,mle,-0.04105467938419763,0.6266188744265304,ok,True,True,extraction,
spx,4469,2017-10-09,3957,4468,512,-0.7750123584337946,linear,52,0,52,52,0,52,0.1,0.1015625,0.1015625,0.3084709840210537,3.084709840210537e-07,mle,-0.04105467938419763,0.6266188744265304,ok,True,True,extraction,
spx,4470,2017-10-10,3958,4469,512,-0.7545852575308291,linear,52,0,52,52,0,52,0.1,0.1015625,0.1015625,0.3073182600801092,3.073182600801092e-07,mle,-0.04580308947413361,0.6137567072484429,ok,True,True,extraction,
spx,4471,2017-10-11,3959,4470,512,-0.7545852575308291,linear,52,0,52,52,0,52,0.1,0.1015625,0.1015625,0.3073182600801092,3.073182600801092e-07,mle,-0.04580308947413361,0.6137567072484429,ok,True,True,extraction,
spx,4472,2017-10-12,3960,4471,512,-0.7545852575308291,linear,52,0,52,52,0,52,0.1,0.1015625,0.1015625,0.30520649754519436,3.0520649754519436e-07,mle,-0.04580308947413361,0.6137567072484429,ok,True,True,extraction,
spx,4473,2017-10-13,3961,4472,512,-0.7545852575308291,linear,52,0,52,52,0,52,0.1,0.1015625,0.1015625,0.30520649754519436,3.0520649754519436e-07,mle,-0.04580308947413361,0.6137567072484429,ok,True,True,extraction,
spx,4474,2017-10-16,3962,4473,512,-0.7545852575308291,linear,52,0,52,52,0,52,0.1,0.1015625,0.1015625,0.3046316465574136,3.0463164655741357e-07,mle,-0.04580308947413361,0.6137567072484429,ok,True,True,extraction,
spx,4475,2017-10-17,3963,4474,512,-0.7545852575308291,linear,52,0,52,52,0,52,0.1,0.1015625,0.1015625,0.3026026120476464,3.0260261204764637e-07,mle,-0.04580308947413361,0.6137567072484429,ok,True,True,extraction,
spx,4476,2017-10-18,3964,4475,512,-0.7545852575308291,linear,52,0,52,52,0,52,0.1,0.1015625,0.1015625,0.29989258090122695,2.998925809012269e-07,mle,-0.04580308947413361,0.6137567072484429,ok,True,True,extraction,
spx,4477,2017-10-19,3965,4476,512,-0.7545852575308291,linear,52,0,52,52,0,52,0.1,0.1015625,0.1015625,0.2983028868722324,2.983028868722324e-07,mle,-0.04580308947413361,0.6137567072484429,ok,True,True,extraction,
spx,4478,2017-10-20,3966,4477,512,-0.7545852575308291,linear,52,0,52,52,0,52,0.1,0.1015625,0.1015625,0.2978685210549046,2.9786852105490456e-07,mle,-0.04580308947413361,0.6137567072484429,ok,True,True,extraction,
spx,4479,2017-10-23,3967,4478,512,-0.7545852575308291,linear,52,0,52,52,0,52,0.1,0.1015625,0.1015625,0.2983028868722324,2.983028868722324e-07,mle,-0.04580308947413361,0.6137567072484429,ok,True,True,extraction,
spx,4480,2017-10-24,3968,4479,512,-0.7545852575308291,linear,52,0,52,52,0,52,0.1,0.1015625,0.1015625,0.29989258090122695,2.998925809012269e-07,mle,-0.04580308947413361,0.6137567072484429,ok,True,True,extraction,
spx,4481,2017-10-25,3969,4480,512,-0.7545852575308291,linear,52,0,52,52,0,52,0.1,0.1015625,0.1015625,0.2983028868722324,2.983028868722324e-07,mle,-0.04580308947413361,0.6137567072484429,ok,True,True,extraction,
spx,4482,2017-10-26,3970,4481,512,-0.7545852575308291,linear,52,0,52,52,0,52,0.1,0.1015625,0.1015625,0.2983028868722324,2.983028868722324e-07,mle,-0.04580308947413361,0.6137567072484429,ok,True,True,extraction,
spx,4483,2017-10-27,3971,4482,512,-0.7545852575308291,linear,52,0,52,52,0,52,0.1,0.1015625,0.1015625,0.2978685210549046,2.9786852105490456e-07,mle,-0.04580308947413361,0.6137567072484429,ok,True,True,extraction,
spx,4484,2017-10-30,3972,4483,512,-0.7545852575308291,linear,52,0,52,52,0,52,0.1,0.1015625,0.1015625,0.2978685210549046,2.9786852105490456e-07,mle,-0.04580308947413361,0.6137567072484429,ok,True,True,extraction,
spx,4485,2017-10-31,3973,4484,512,-0.7545852575308291,linear,52,0,52,52,0,52,0.1,0.1015625,0.1015625,0.2983028868722324,2.983028868722324e-07,mle,-0.04580308947413361,0.6137567072484429,ok,True,True,extraction,
spx,4486,2017-11-01,3974,4485,512,-0.7545852575308291,linear,52,0,52,52,0,52,0.1,0.1015625,0.1015625,0.2980516263555559,2.9805162635555586e-07,mle,-0.04580308947413361,0.6137567072484429,ok,True,True,extraction,
spx,4487,2017-11-02,3975,4486,512,-0.7545852575308291,linear,52,0,52,52,0,52,0.1,0.1015625,0.1015625,0.29550160518581514,2.955016051858151e-07,mle,-0.04580308947413361,0.6137567072484429,ok,True,True,extraction,
spx,4488,2017-11-03,3976,4487,512,-0.7545852575308291,linear,52,0,52,52,0,52,0.1,0.1015625,0.1015625,0.29565516480351717,2.9565516480351713e-07,mle,-0.04580308947413361,0.6137567072484429,ok,True,True,extraction,
spx,4489,2017-11-06,3977,4488,512,-0.7545852575308291,linear,52,0,52,52,0,52,0.1,0.1015625,0.1015625,0.2922522910526726,2.9225229105267257e-07,mle,-0.04580308947413361,0.6137567072484429,ok,True,True,extraction,
spx,4490,2017-11-07,3978,4489,512,-0.7545852575308291,linear,52,0,52,52,0,52,0.1,0.1015625,0.1015625,0.2922522910526726,2.9225229105267257e-07,mle,-0.04580308947413361,0.6137567072484429,ok,True,True,extraction,
spx,4491,2017-11-08,3979,4490,512,-0.7545852575308291,linear,52,0,52,52,0,52,0.1,0.1015625,0.1015625,0.2922522910526726,2.9225229105267257e-07,mle,-0.04580308947413361,0.6137567072484429,ok,True,True,extraction,
spx,4492,2017-11-09,3980,4491,512,-0.7545852575308291,linear,52,0,52,52,0,52,0.1,0.1015625,0.1015625,0.2869220262615515,2.8692202626155146e-07,mle,-0.04580308947413361,0.6137567072484429,ok,True,True,extraction,
spx,4493,2017-11-10,3981,4492,512,-0.7545852575308291,linear,52,0,52,52,0,52,0.1,0.1015625,0.1015625,0.2922522910526726,2.9225229105267257e-07,mle,-0.04580308947413361,0.6137567072484429,ok,True,True,extraction,
spx,4494,2017-11-13,3982,4493,512,-0.7545852575308291,linear,52,0,52,52,0,52,0.1,0.1015625,0.1015625,0.2869220262615515,2.8692202626155146e-07,mle,-0.04580308947413361,0.6137567072484429,ok,True,True,extraction,
spx,4495,2017-11-14,3983,4494,512,-0.7545852575308291,linear,52,0,52,52,0,52,0.1,0.1015625,0.1015625,0.2814998139115137,2.814998139115137e-07,mle,-0.04580308947413361,0.6137567072484429,ok,True,True,extraction,
spx,4496,2017-11-15,3984,4495,512,-0.7545852575308291,linear,52,0,52,52,0,52,0.1,0.1015625,0.1015625,0.2823988496946903,2.823988496946903e-07,mle,-0.04580308947413361,0.6137567072484429,ok,True,True,extraction,
spx,4497,2017-11-16,3985,4496,512,-0.7545852575308291,linear,52,0,52,52,0,52,0.1,0.1015625,0.1015625,0.2823988496946903,2.823988496946903e-07,mle,-0.04580308947413361,0.6137567072484429,ok,True,True,extraction,
spx,4498,2017-11-17,3986,4497,512,-0.7545852575308291,linear,52,0,52,52,0,52,0.1,0.1015625,0.1015625,0.2869220262615515,2.8692202626155146e-07,mle,-0.04580308947413361,0.6137567072484429,ok,True,True,extraction,
spx,4499,2017-11-20,3987,4498,512,-0.7545852575308291,linear,52,0,52,52,0,52,0.1,0.1015625,0.1015625,0.2922522910526726,2.9225229105267257e-07,mle,-0.04580308947413361,0.6137567072484429,ok,True,True,extraction,
spx,4500,2017-11-21,3988,4499,512,-0.7220463301440468,linear,52,0,52,52,0,52,0.1,0.1015625,0.1015625,0.2861862715268104,2.861862715268104e-07,mle,-0.08096115884156066,0.6639446952431393,ok,True,True,extraction,
spx,4501,2017-11-22,3989,4500,512,-0.7220463301440468,linear,52,0,52,52,0,52,0.1,0.1015625,0.1015625,0.29037479830373125,2.9037479830373126e-07,mle,-0.08096115884156066,0.6639446952431393,ok,True,True,extraction,
spx,4502,2017-11-24,3990,4501,512,-0.7220463301440468,linear,52,0,52,52,0,52,0.1,0.1015625,0.1015625,0.2861862715268104,2.861862715268104e-07,mle,-0.08096115884156066,0.6639446952431393,ok,True,True,extraction,
spx,4503,2017-11-27,3991,4502,512,-0.6999742462917846,linear,52,0,52,52,0,52,0.1,0.1015625,0.1015625,0.2832191830851804,2.832191830851804e-07,mle,-0.08363952602469729,0.674722215202779,ok,True,True,extraction,
spx,4504,2017-11-28,3992,4503,512,-0.6867728116019269,linear,52,0,52,52,0,52,0.1,0.1015625,0.1015625,0.2796824651287191,2.7968246512871907e-07,mle,-0.08296291739767625,0.6794905677343482,ok,True,True,extraction,
spx,4505,2017-11-29,3993,4504,512,-0.6867728116019269,linear,52,0,52,52,0,52,0.1,0.1015625,0.1015625,0.2796824651287191,2.7968246512871907e-07,mle,-0.08296291739767625,0.6794905677343482,ok,True,True,extraction,
spx,4506,2017-11-30,3994,4505,512,-0.6867728116019269,linear,52,0,52,52,0,52,0.1,0.1015625,0.1015625,0.2796824651287191,2.7968246512871907e-07,mle,-0.08296291739767625,0.6794905677343482,ok,True,True,extraction,
spx,4507,2017-12-01,3995,4506,512,-0.6867728116019269,linear,52,0,52,52,0,52,0.1,0.1015625,0.1015625,0.2796824651287191,2.7968246512871907e-07,mle,-0.08296291739767625,0.6794905677343482,ok,True,True,extraction,
spx,4508,2017-12-04,3996,4507,512,-0.6867728116019269,linear,52,0,52,52,0,52,0.1,0.1015625,0.1015625,0.2796824651287191,2.7968246512871907e-07,mle,-0.08296291739767625,0.6794905677343482,ok,True,True,extraction,
spx,4509,2017-12-05,3997,4508,512,-0.6867728116019269,linear,52,0,52,52,0,52,0.1,0.1015625,0.1015625,0.2779630959550523,2.779630959550523e-07,mle,-0.08296291739767625,0.6794905677343482,ok,True,True,extraction,
spx,4510,2017-12-06,3998,4509,512,-0.6867728116019269,linear,52,0,52,52,0,52,0.1,0.1015625,0.1015625,0.27934813919689705,2.7934813919689704e-07,mle,-0.08296291739767625,0.6794905677343482,ok,True,True,extraction,
spx,4511,2017-12-07,3999,4510,512,-0.6867728116019269,linear,52,0,52,52,0,52,0.1,0.1015625,0.1015625,0.2794714220374382,2.794714220374382e-07,mle,-0.08296291739767625,0.6794905677343482,ok,True,True,extraction,
spx,4512,2017-12-08,4000,4511,512,-0.6867728116019269,linear,52,0,52,52,0,52,0.1,0.1015625,0.1015625,0.27934813919689705,2.7934813919689704e-07,mle,-0.08296291739767625,0.6794905677343482,ok,True,True,extraction,
spx,4513,2017-12-11,4001,4512,512,-0.6867728116019269,linear,52,0,52,52,0,52,0.1,0.1015625,0.1015625,0.28170107803943084,2.8170107803943085e-07,mle,-0.08296291739767625,0.6794905677343482,ok,True,True,extraction,
spx,4514,2017-12-12,4002,4513,512,-0.6867728116019269,linear,52,0,52,52,0,52,0.1,0.1015625,0.1015625,0.2807097176040584,2.807097176040584e-07,mle,-0.08296291739767625,0.6794905677343482,ok,True,True,extraction,
spx,4515,2017-12-13,4003,4514,512,-0.6867728116019269,linear,52,0,52,52,0,52,0.1,0.1015625,0.1015625,0.2793246743622136,2.793246743622136e-07,mle,-0.08296291739767625,0.6794905677343482,ok,True,True,extraction,
spx,4516,2017-12-14,4004,4515,512,-0.6835220171697303,linear,52,0,52,52,0,52,0.1,0.1015625,0.1015625,0.2779630959550523,2.779630959550523e-07,mle,-0.06868679306255998,0.6654888845463872,ok,True,True,extraction,
spx,4517,2017-12-15,4005,4516,512,-0.6800933242554738,linear,52,0,52,52,0,52,0.1,0.1015625,0.1015625,0.2779630959550523,2.779630959550523e-07,mle,-0.04043386049698372,0.6361237397667925,ok,True,True,extraction,
spx,4518,2017-12-18,4006,4517,512,-0.6800933242554738,linear,52,0,52,52,0,52,0.1,0.1015625,0.1015625,0.2779630959550523,2.779630959550523e-07,mle,-0.04043386049698372,0.6361237397667925,ok,True,True,extraction,
spx,4519,2017-12-19,4007,4518,512,-0.6701932847583898,linear,52,0,52,52,0,52,0.1,0.1015625,0.1015625,0.2787766613629219,2.787766613629219e-07,mle,-0.0553127094169636,0.6551124764200238,ok,True,True,extraction,
spx,4520,2017-12-20,4008,4519,512,-0.6701932847583898,linear,52,0,52,52,0,52,0.1,0.1015625,0.1015625,0.2787766613629219,2.787766613629219e-07,mle,-0.0553127094169636,0.6551124764200238,ok,True,True,extraction,
spx,4521,2017-12-21,4009,4520,512,-0.6532846961175314,linear,52,0,52,52,0,52,0.1,0.1015625,0.1015625,0.2774150829557607,2.7741508295576064e-07,mle,-0.07461633100432441,0.6826987594202942,ok,True,True,extraction,
spx,4522,2017-12-22,4010,4521,512,-0.6532846961175314,linear,52,0,52,52,0,52,0.1,0.1015625,0.1015625,0.2774150829557607,2.7741508295576064e-07,mle,-0.07461633100432441,0.6826987594202942,ok,True,True,extraction,
spx,4523,2017-12-26,4011,4522,512,-0.6404052658867175,linear,52,0,52,52,0,52,0.1,0.1015625,0.1015625,0.27414132891399234,2.741413289139923e-07,mle,-0.0540701709966721,0.6564405006373819,ok,True,True,extraction,
spx,4524,2017-12-27,4012,4523,512,-0.6404052658867175,linear,52,0,52,52,0,52,0.1,0.1015625,0.1015625,0.2735245060238032,2.735245060238032e-07,mle,-0.0540701709966721,0.6564405006373819,ok,True,True,extraction,
spx,4525,2017-12-28,4013,4524,512,-0.6404052658867175,linear,52,0,52,52,0,52,0.1,0.1015625,0.1015625,0.27326449487745497,2.73264494877455e-07,mle,-0.0540701709966721,0.6564405006373819,ok,True,True,extraction,
spx,4526,2017-12-29,4014,4525,512,-0.6404052658867175,linear,52,0,52,52,0,52,0.1,0.1015625,0.1015625,0.2718061526713028,2.718061526713028e-07,mle,-0.0540701709966721,0.6564405006373819,ok,True,True,extraction,
spx,4527,2018-01-02,4015,4526,512,-0.6346514081010567,linear,52,0,52,52,0,52,0.1,0.1015625,0.1015625,0.2718061526713028,2.718061526713028e-07,mle,-0.026611522978125912,0.6278811314064964,ok,True,True,extraction,
spx,4528,2018-01-03,4016,4527,512,-0.6020364417034243,linear,52,0,52,52,0,52,0.1,0.1015625,0.1015625,0.2718054456422924,2.718054456422924e-07,mle,-0.03904613602318221,0.6455524947481044,ok,True,True,extraction,
spx,4529,2018-01-04,4017,4528,512,-0.6020364417034243,linear,52,0,52,52,0,52,0.1,0.1015625,0.1015625,0.2718054456422924,2.718054456422924e-07,mle,-0.03904613602318221,0.6455524947481044,ok,True,True,extraction,
spx,4530,2018-01-05,4018,4529,512,-0.6020364417034243,linear,52,0,52,52,0,52,0.1,0.1015625,0.1015625,0.2718054456422924,2.718054456422924e-07,mle,-0.03904613602318221,0.6455524947481044,ok,True,True,extraction,
spx,4531,2018-01-08,4019,4530,512,-0.6020364417034243,linear,52,0,52,52,0,52,0.1,0.1015625,0.1015625,0.2718054456422924,2.718054456422924e-07,mle,-0.03904613602318221,0.6455524947481044,ok,True,True,extraction,
spx,4532,2018-01-09,4020,4531,512,-0.6020364417034243,linear,52,0,52,52,0,52,0.1,0.1015625,0.1015625,0.2700023279485464,2.700023279485464e-07,mle,-0.03904613602318221,0.6455524947481044,ok,True,True,extraction,
spx,4533,2018-01-10,4021,4532,512,-0.6020364417034243,linear,52,0,52,52,0,52,0.1,0.1015625,0.1015625,0.27111651570830597,2.7111651570830596e-07,mle,-0.03904613602318221,0.6455524947481044,ok,True,True,extraction,
spx,4534,2018-01-11,4022,4533,512,-0.6020364417034243,linear,52,0,52,52,0,52,0.1,0.1015625,0.1015625,0.26855762564557356,2.6855762564557355e-07,mle,-0.03904613602318221,0.6455524947481044,ok,True,True,extraction,
spx,4535,2018-01-12,4023,4534,512,-0.5946836132135822,linear,52,0,52,52,0,52,0.1,0.1015625,0.1015625,0.2709204109112361,2.709204109112361e-07,mle,-0.043387964604647444,0.6533628991888151,ok,True,True,extraction,
spx,4536,2018-01-16,4024,4535,512,-0.586473457086662,linear,52,0,52,52,0,52,0.1,0.1015625,0.1015625,0.27106824107748445,2.7106824107748443e-07,mle,-0.03782487750939867,0.6512525574412577,ok,True,True,extraction,
spx,4537,2018-01-17,4025,4536,512,-0.5732063537959259,linear,52,0,52,52,0,52,0.1,0.1015625,0.1015625,0.27106824107748445,2.7106824107748443e-07,mle,-0.020639103100861207,0.6350144732183015,ok,True,True,extraction,
spx,4538,2018-01-18,4026,4537,512,-0.5732063537959259,linear,52,0,52,52,0,52,0.1,0.1015625,0.1015625,0.2714745886483835,2.7147458864838345e-07,mle,-0.020639103100861207,0.6350144732183015,ok,True,True,extraction,
spx,4539,2018-01-19,4027,4538,512,-0.5536313089559072,linear,52,0,52,52,0,52,0.1,0.1015625,0.1015625,0.27106824107748445,2.7106824107748443e-07,mle,-0.018440149501971523,0.6385815233012605,ok,True,True,extraction,
spx,4540,2018-01-22,4028,4539,512,-0.5471566920303925,linear,52,0,52,52,0,52,0.1,0.1015625,0.1015625,0.27106824107748445,2.7106824107748443e-07,mle,0.0014591433076502642,0.5970148908913486,ok,True,True,extraction,
spx,4541,2018-01-23,4029,4540,512,-0.5266955855228882,linear,52,0,52,52,0,52,0.1,0.1015625,0.1015625,0.27229975453815725,2.722997545381572e-07,mle,-0.004959574320126468,0.6105399450387039,ok,True,True,extraction,
spx,4542,2018-01-24,4030,4541,512,-0.5266955855228882,linear,52,0,52,52,0,52,0.1,0.1015625,0.1015625,0.27229975453815725,2.722997545381572e-07,mle,-0.004959574320126468,0.6105399450387039,ok,True,True,extraction,
spx,4543,2018-01-25,4031,4542,512,-0.5266955855228882,linear,52,0,52,52,0,52,0.1,0.1015625,0.1015625,0.2691441978320751,2.691441978320751e-07,mle,-0.004959574320126468,0.6105399450387039,ok,True,True,extraction,
spx,4544,2018-01-26,4032,4543,512,-0.524940601943389,linear,52,0,52,52,0,52,0.1,0.1015625,0.1015625,0.26809967479012253,2.680996747901225e-07,mle,0.01199629229045696,0.5639197214772773,ok,True,True,extraction,
spx,4545,2018-01-29,4033,4544,512,-0.524940601943389,linear,52,0,52,52,0,52,0.1,0.1015625,0.1015625,0.26809967479012253,2.680996747901225e-07,mle,0.01199629229045696,0.5639197214772773,ok,True,True,extraction,
spx,4546,2018-01-30,4034,4545,512,-0.524940601943389,linear,52,0,52,52,0,52,0.1,0.1015625,0.1015625,0.26809967479012253,2.680996747901225e-07,mle,0.029915020058755848,0.5255773077845638,ok,True,True,extraction,
spx,4547,2018-01-31,4035,4546,512,-0.5266955855228882,linear,52,0,52,52,0,52,0.1,0.1015625,0.1015625,0.2691441978320751,2.691441978320751e-07,mle,0.005990562106151436,0.547702629380062,ok,True,True,extraction,
spx,4548,2018-02-01,4036,4547,512,-0.524940601943389,linear,52,0,52,52,0,52,0.1,0.1015625,0.1015625,0.2677826194249138,2.677826194249138e-07,mle,0.03212921647148129,0.5228438567898817,ok,True,True,extraction,
spx,4549,2018-02-02,4037,4548,512,-0.524940601943389,linear,52,0,52,52,0,52,0.1,0.1015625,0.1015625,0.26662932375472637,2.6662932375472635e-07,mle,0.03212921647148129,0.5228438567898817,ok,True,True,extraction,
spx,4550,2018-02-05,4038,4549,512,-0.5266955855228882,linear,52,0,52,52,0,52,0.1,0.1015625,0.1015625,0.2663506270521576,2.663506270521576e-07,mle,0.0069603145569759346,0.5656205652041648,ok,True,True,extraction,
spx,4551,2018-02-06,4039,4550,512,-0.5266955855228882,linear,52,0,52,52,0,52,0.1,0.1015625,0.1015625,0.2663506270521576,2.663506270521576e-07,mle,0.1301280795277251,0.5391958175228662,ok,True,True,extraction,
spx,4552,2018-02-07,4040,4551,512,-0.5266955855228882,linear,52,0,52,52,0,52,0.1,0.1015625,0.1015625,0.2663506270521576,2.663506270521576e-07,mle,0.1301280795277251,0.5391958175228662,ok,True,True,extraction,
spx,4553,2018-02-08,4041,4552,512,-0.524940601943389,linear,52,0,52,52,0,52,0.1,0.1015625,0.1015625,0.2663506270521576,2.663506270521576e-07,mle,0.16053472871958102,0.5133756533660487,ok,True,True,extraction,
spx,4554,2018-02-09,4042,4553,512,-0.5266955855228882,linear,52,0,52,52,0,52,0.1,0.1015625,0.1015625,0.2659795267476433,2.659795267476433e-07,mle,0.19334681795366107,0.5446171344313075,ok,True,True,extraction,
spx,4555,2018-02-12,4043,4554,512,-0.5266955855228882,linear,52,0,52,52,0,52,0.1,0.1015625,0.1015625,0.2659795267476433,2.659795267476433e-07,mle,0.19334681795366107,0.5446171344313075,ok,True,True,extraction,
spx,4556,2018-02-13,4044,4555,512,-0.5266955855228882,linear,52,0,52,52,0,52,0.1,0.1015625,0.1015625,0.2677826194249139,2.6778261942491387e-07,mle,0.19334681795366107,0.5446171344313075,ok,True,True,extraction,
spx,4557,2018-02-14,4045,4556,512,-0.524940601943389,linear,52,0,52,52,0,52,0.1,0.1015625,0.1015625,0.26662932375472637,2.6662932375472635e-07,mle,0.2327164337754091,0.5004644206143254,ok,True,True,extraction,
spx,4558,2018-02-15,4046,4557,512,-0.524940601943389,linear,52,0,52,52,0,52,0.1,0.1015625,0.1015625,0.26662932375472637,2.6662932375472635e-07,mle,0.2327164337754091,0.5004644206143254,ok,True,True,extraction,
spx,4559,2018-02-16,4047,4558,512,-0.524940601943389,linear,52,0,52,52,0,52,0.1,0.1015625,0.1015625,0.2677826194249139,2.6778261942491387e-07,mle,0.2327164337754091,0.5004644206143254,ok,True,True,extraction,
spx,4560,2018-02-20,4048,4559,512,-0.5206469800837661,linear,52,0,52,52,0,52,0.1,0.1015625,0.1015625,0.26662932375472637,2.6662932375472635e-07,mle,0.26453185772758836,0.46487845120749594,ok,True,True,extraction,
spx,4561,2018-02-21,4049,4560,512,-0.5206469800837661,linear,52,0,52,52,0,52,0.1,0.1015625,0.1015625,0.26662932375472637,2.6662932375472635e-07,mle,0.3032328511754646,0.4314413631602531,ok,True,True,extraction,
spx,4562,2018-02-22,4050,4561,512,-0.524940601943389,linear,52,0,52,52,0,52,0.1,0.1015625,0.1015625,0.2677826194249139,2.6778261942491387e-07,mle,0.3120591274022022,0.4241363767926434,ok,True,True,extraction,
spx,4563,2018-02-23,4051,4562,512,-0.524940601943389,linear,52,0,52,52,0,52,0.1,0.1015625,0.1015625,0.2677826194249138,2.677826194249138e-07,mle,0.3120591274022022,0.4241363767926434,ok,True,True,extraction,
spx,4564,2018-02-26,4052,4563,512,-0.5206469800837661,linear,52,0,52,52,0,52,0.1,0.1015625,0.1015625,0.26809967479012253,2.680996747901225e-07,mle,0.3475521125789223,0.3993355417170159,ok,True,True,extraction,
spx,4565,2018-02-27,4053,4564,512,-0.5206469800837661,linear,52,0,52,52,0,52,0.1,0.1015625,0.1015625,0.26809967479012253,2.680996747901225e-07,mle,0.3475521125789223,0.3993355417170159,ok,True,True,extraction,
spx,4566,2018-02-28,4054,4565,512,-0.524940601943389,linear,52,0,52,52,0,52,0.1,0.1015625,0.1015625,0.2677826194249138,2.677826194249138e-07,mle,0.3116888098775161,0.4249881950012504,ok,True,True,extraction,
spx,4567,2018-03-01,4055,4566,512,-0.5266955855228882,linear,52,0,52,52,0,52,0.1,0.1015625,0.1015625,0.2677826194249139,2.6778261942491387e-07,mle,0.27307388694952894,0.4525129794839658,ok,True,True,extraction,
spx,4568,2018-03-02,4056,4567,512,-0.5471566920303925,linear,52,0,52,52,0,52,0.1,0.1015625,0.1015625,0.2677826194249139,2.6778261942491387e-07,mle,0.2840757667238245,0.4434427178197588,ok,True,True,extraction,
spx,4569,2018-03-05,4057,4568,512,-0.5471566920303925,linear,52,0,52,52,0,52,0.1,0.1015625,0.1015625,0.2691441978320751,2.691441978320751e-07,mle,0.2840757667238245,0.4434427178197588,ok,True,True,extraction,
spx,4570,2018-03-06,4058,4569,512,-0.5471566920303925,linear,52,0,52,52,0,52,0.1,0.1015625,0.1015625,0.2691441978320751,2.691441978320751e-07,mle,0.2840757667238245,0.4434427178197588,ok,True,True,extraction,
spx,4571,2018-03-07,4059,4570,512,-0.5266955855228882,linear,52,0,52,52,0,52,0.1,0.1015625,0.1015625,0.26809967479012253,2.680996747901225e-07,mle,0.2721610533163193,0.4543852569217227,ok,True,True,extraction,
spx,4572,2018-03-08,4060,4571,512,-0.5266955855228882,linear,52,0,52,52,0,52,0.1,0.1015625,0.1015625,0.26673809638296125,2.667380963829612e-07,mle,0.2721610533163193,0.4543852569217227,ok,True,True,extraction,
spx,4573,2018-03-09,4061,4572,512,-0.5266955855228882,linear,52,0,52,52,0,52,0.1,0.1015625,0.1015625,0.26673809638296125,2.667380963829612e-07,mle,0.2721610533163193,0.4543852569217227,ok,True,True,extraction,
spx,4574,2018-03-12,4062,4573,512,-0.5266955855228882,linear,52,0,52,52,0,52,0.1,0.1015625,0.1015625,0.26809967479012253,2.680996747901225e-07,mle,0.2721610533163193,0.4543852569217227,ok,True,True,extraction,
spx,4575,2018-03-13,4063,4574,512,-0.524940601943389,linear,52,0,52,52,0,52,0.1,0.1015625,0.1015625,0.26719772577127243,2.6719772577127243e-07,mle,0.2971342280103887,0.4384359361691022,ok,True,True,extraction,
spx,4576,2018-03-14,4064,4575,512,-0.5266955855228882,linear,52,0,52,52,0,52,0.1,0.1015625,0.1015625,0.26673809638296125,2.667380963829612e-07,mle,0.2876006882709738,0.44361461573224015,ok,True,True,extraction,
spx,4577,2018-03-15,4065,4576,512,-0.5471566920303925,linear,52,0,52,52,0,52,0.1,0.1015625,0.1015625,0.26662932375472637,2.6662932375472635e-07,mle,0.34851902578105826,0.3987029964826668,ok,True,True,extraction,
spx,4578,2018-03-16,4066,4577,512,-0.5471566920303925,linear,52,0,52,52,0,52,0.1,0.1015625,0.1015625,0.26470970450888576,2.647097045088857e-07,mle,0.34851902578105826,0.3987029964826668,ok,True,True,extraction,
spx,4579,2018-03-19,4067,4578,512,-0.5471566920303925,linear,52,0,52,52,0,52,0.1,0.1015625,0.1015625,0.26406582475629037,2.6406582475629036e-07,mle,0.34851902578105826,0.3987029964826668,ok,True,True,extraction,
spx,4580,2018-03-20,4068,4579,512,-0.550991225662764,linear,52,0,52,52,0,52,0.1,0.1015625,0.1015625,0.26470970450888576,2.647097045088857e-07,mle,0.3091553392747184,0.4282065724970378,ok,True,True,extraction,
spx,4581,2018-03-21,4069,4580,512,-0.5471566920303925,linear,52,0,52,52,0,52,0.1,0.1015625,0.1015625,0.26406582475629037,2.6406582475629036e-07,mle,0.3460274305320619,0.40446520005571346,ok,True,True,extraction,
spx,4582,2018-03-22,4070,4581,512,-0.5471566920303925,linear,52,0,52,52,0,52,0.1,0.1015625,0.1015625,0.2641769139144564,2.641769139144564e-07,mle,0.3460274305320619,0.40446520005571346,ok,True,True,extraction,
spx,4583,2018-03-23,4071,4582,512,-0.550991225662764,linear,52,0,52,52,0,52,0.1,0.1015625,0.1015625,0.26443692506080463,2.644369250608046e-07,mle,0.3316178880996036,0.4373785734283524,ok,True,True,extraction,
spx,4584,2018-03-26,4072,4583,512,-0.553806531624234,linear,52,0,52,52,0,52,0.1,0.1015625,0.1015625,0.2657894497797396,2.657894497797396e-07,mle,0.29296752184515007,0.4791592842297476,ok,True,True,extraction,
spx,4585,2018-03-27,4073,4584,512,-0.553806531624234,linear,52,0,52,52,0,52,0.1,0.1015625,0.1015625,0.26470970450888576,2.647097045088857e-07,mle,0.29296752184515007,0.4791592842297476,ok,True,True,extraction,
spx,4586,2018-03-28,4074,4585,512,-0.5720972716882268,linear,52,0,52,52,0,52,0.1,0.1015625,0.1015625,0.2659795267476433,2.659795267476433e-07,mle,0.29634523351355935,0.4815953503407512,ok,True,True,extraction,
spx,4587,2018-03-29,4075,4586,512,-0.5720972716882268,linear,52,0,52,52,0,52,0.1,0.1015625,0.1015625,0.26751768580939406,2.6751768580939405e-07,mle,0.29634523351355935,0.4815953503407512,ok,True,True,extraction,
spx,4588,2018-04-02,4076,4587,512,-0.5720972716882268,linear,52,0,52,52,0,52,0.1,0.1015625,0.1015625,0.26751768580939406,2.6751768580939405e-07,mle,0.29634523351355935,0.4815953503407512,ok,True,True,extraction,
spx,4589,2018-04-03,4077,4588,512,-0.5752060646265776,linear,52,0,52,52,0,52,0.1,0.1015625,0.1015625,0.2668665920566675,2.668665920566675e-07,mle,0.25365178173123487,0.5293784956100887,ok,True,True,extraction,
spx,4590,2018-04-04,4078,4589,512,-0.5752060646265776,linear,52,0,52,52,0,52,0.1,0.1015625,0.1015625,0.2678100268918535,2.678100268918535e-07,mle,0.25365178173123487,0.5293784956100887,ok,True,True,extraction,
spx,4591,2018-04-05,4079,4590,512,-0.5752060646265776,linear,52,0,52,52,0,52,0.1,0.1015625,0.1015625,0.26783965016264666,2.6783965016264663e-07,mle,0.25365178173123487,0.5293784956100887,ok,True,True,extraction,
spx,4592,2018-04-06,4080,4591,512,-0.5720972716882268,linear,52,0,52,52,0,52,0.1,0.1015625,0.1015625,0.26970666267032317,2.6970666267032315e-07,mle,0.2530217934707524,0.5312169641478769,ok,True,True,extraction,
spx,4593,2018-04-09,4081,4592,512,-0.5752060646265776,linear,52,0,52,52,0,52,0.1,0.1015625,0.1015625,0.2709204109112361,2.709204109112361e-07,mle,0.20434174795654925,0.5849261658254163,ok,True,True,extraction,
spx,4594,2018-04-10,4082,4593,512,-0.5752060646265776,linear,52,0,52,52,0,52,0.1,0.1015625,0.1015625,0.27111651570830597,2.7111651570830596e-07,mle,0.20434174795654925,0.5849261658254163,ok,True,True,extraction,
spx,4595,2018-04-11,4083,4594,512,-0.5752060646265776,linear,52,0,52,52,0,52,0.1,0.1015625,0.1015625,0.27111651570830597,2.7111651570830596e-07,mle,0.20434174795654925,0.5849261658254163,ok,True,True,extraction,
spx,4596,2018-04-12,4084,4595,512,-0.5752060646265776,linear,52,0,52,52,0,52,0.1,0.1015625,0.1015625,0.2700023279485464,2.700023279485464e-07,mle,0.20434174795654925,0.5849261658254163,ok,True,True,extraction,
spx,4597,2018-04-13,4085,4596,512,-0.5752060646265776,linear,52,0,52,52,0,52,0.1,0.1015625,0.1015625,0.2719475959268103,2.719475959268103e-07,mle,0.20434174795654925,0.5849261658254163,ok,True,True,extraction,
spx,4598,2018-04-16,4086,4597,512,-0.5752060646265776,linear,52,0,52,52,0,52,0.1,0.1015625,0.1015625,0.2713602245909712,2.7136022459097116e-07,mle,0.20434174795654925,0.5849261658254163,ok,True,True,extraction,
spx,4599,2018-04-17,4087,4598,512,-0.5752060646265776,linear,52,0,52,52,0,52,0.1,0.1015625,0.1015625,0.2719475959268103,2.719475959268103e-07,mle,0.20434174795654925,0.5849261658254163,ok,True,True,extraction,
spx,4600,2018-04-18,4088,4599,512,-0.5720972716882268,linear,52,0,52,52,0,52,0.1,0.1015625,0.1015625,0.27217086606507623,2.721708660650762e-07,mle,0.2404899545661774,0.5577453691296872,ok,True,True,extraction,
spx,4601,2018-04-19,4089,4600,512,-0.5720972716882268,linear,52,0,52,52,0,52,0.1,0.1015625,0.1015625,0.27129151121575035,2.712915112157503e-07,mle,0.2404899545661774,0.5577453691296872,ok,True,True,extraction,
spx,4602,2018-04-20,4090,4601,512,-0.5720972716882268,linear,52,0,52,52,0,52,0.1,0.1015625,0.1015625,0.27129151121575035,2.712915112157503e-07,mle,0.30541579596534485,0.5097609430906727,ok,True,True,extraction,
spx,4603,2018-04-23,4091,4602,512,-0.5742420598768191,linear,52,0,52,52,0,52,0.1,0.1015625,0.1015625,0.2719475959268103,2.719475959268103e-07,mle,0.2726139896020402,0.531189075082527,ok,True,True,extraction,
spx,4604,2018-04-24,4092,4603,512,-0.5742420598768191,linear,52,0,52,52,0,52,0.1,0.1015625,0.1015625,0.27111651570830597,2.7111651570830596e-07,mle,0.2726139896020402,0.531189075082527,ok,True,True,extraction,
spx,4605,2018-04-25,4093,4604,512,-0.5752221843330155,linear,52,0,52,52,0,52,0.1,0.1015625,0.1015625,0.2700023279485464,2.700023279485464e-07,mle,0.21152840601804124,0.5800626471863687,ok,True,True,extraction,
spx,4606,2018-04-26,4094,4605,512,-0.5752221843330155,linear,52,0,52,52,0,52,0.1,0.1015625,0.1015625,0.26855762564557356,2.6855762564557355e-07,mle,0.21152840601804124,0.5800626471863687,ok,True,True,extraction,
spx,4607,2018-04-27,4095,4606,512,-0.5752221843330155,linear,52,0,52,52,0,52,0.1,0.1015625,0.1015625,0.27111651570830597,2.7111651570830596e-07,mle,0.21152840601804124,0.5800626471863687,ok,True,True,extraction,
spx,4608,2018-04-30,4096,4607,512,-0.5752221843330155,linear,52,0,52,52,0,52,0.1,0.1015625,0.1015625,0.27129151121575035,2.712915112157503e-07,mle,0.21152840601804124,0.5800626471863687,ok,True,True,extraction,
spx,4609,2018-05-01,4097,4608,512,-0.5847994692125487,linear,52,0,52,52,0,52,0.1,0.1015625,0.1015625,0.27111651570830597,2.7111651570830596e-07,mle,0.2123698464526154,0.5754890622995289,ok,True,True,extraction,
spx,4610,2018-05-02,4098,4609,512,-0.5847994692125487,linear,52,0,52,52,0,52,0.1,0.1015625,0.1015625,0.27111651570830597,2.7111651570830596e-07,mle,0.2123698464526154,0.5754890622995289,ok,True,True,extraction,
spx,4611,2018-05-03,4099,4610,512,-0.5875256985578476,linear,52,0,52,52,0,52,0.1,0.1015625,0.1015625,0.2713602245909712,2.7136022459097116e-07,mle,0.20374215475685853,0.5808467817706787,ok,True,True,extraction,
spx,4612,2018-05-04,4100,4611,512,-0.5875256985578476,linear,52,0,52,52,0,52,0.1,0.1015625,0.1015625,0.2707077173597315,2.7070771735973145e-07,mle,0.20374215475685853,0.5808467817706787,ok,True,True,extraction,
spx,4613,2018-05-07,4101,4612,512,-0.5875256985578476,linear,52,0,52,52,0,52,0.1,0.1015625,0.1015625,0.27333623539025137,2.7333623539025136e-07,mle,0.20374215475685853,0.5808467817706787,ok,True,True,extraction,
spx,4614,2018-05-08,4102,4613,512,-0.5875256985578476,linear,52,0,52,52,0,52,0.1,0.1015625,0.1015625,0.2744815427660878,2.744815427660878e-07,mle,0.20374215475685853,0.5808467817706787,ok,True,True,extraction,
spx,4615,2018-05-09,4103,4614,512,-0.5875256985578476,linear,52,0,52,52,0,52,0.1,0.1015625,0.1015625,0.27411044246157357,2.7411044246157353e-07,mle,0.20374215475685853,0.5808467817706787,ok,True,True,extraction,
spx,4616,2018-05-10,4104,4615,512,-0.5875256985578476,linear,52,0,52,52,0,52,0.1,0.1015625,0.1015625,0.2756409614115647,2.7564096141156467e-07,mle,0.20374215475685853,0.5808467817706787,ok,True,True,extraction,
spx,4617,2018-05-11,4105,4616,512,-0.5847994692125487,linear,52,0,52,52,0,52,0.1,0.1015625,0.1015625,0.27601206171607895,2.7601206171607896e-07,mle,0.23239639185719366,0.5597192122850877,ok,True,True,extraction,
spx,4618,2018-05-14,4106,4617,512,-0.5847994692125487,linear,52,0,52,52,0,52,0.1,0.1015625,0.1015625,0.2747602394686566,2.747602394686566e-07,mle,0.23239639185719366,0.5597192122850877,ok,True,True,extraction,
spx,4619,2018-05-15,4107,4618,512,-0.5847994692125487,linear,52,0,52,52,0,52,0.1,0.1015625,0.1015625,0.27398603239733443,2.739860323973344e-07,mle,0.23239639185719366,0.5597192122850877,ok,True,True,extraction,
spx,4620,2018-05-16,4108,4619,512,-0.5847994692125487,linear,52,0,52,52,0,52,0.1,0.1015625,0.1015625,0.27398603239733443,2.739860323973344e-07,mle,0.2533946506106277,0.5440907473196352,ok,True,True,extraction,
spx,4621,2018-05-17,4109,4620,512,-0.5752221843330155,linear,52,0,52,52,0,52,0.1,0.1015625,0.1015625,0.2747302578893345,2.7473025788933447e-07,mle,0.223716994052165,0.5696773671319288,ok,True,True,extraction,
spx,4622,2018-05-18,4110,4621,512,-0.5752221843330155,linear,52,0,52,52,0,52,0.1,0.1015625,0.1015625,0.2747302578893345,2.7473025788933447e-07,mle,0.223716994052165,0.5696773671319288,ok,True,True,extraction,
spx,4623,2018-05-21,4111,4622,512,-0.5752221843330155,linear,52,0,52,52,0,52,0.1,0.1015625,0.1015625,0.2747602394686566,2.747602394686566e-07,mle,0.223716994052165,0.5696773671319288,ok,True,True,extraction,
spx,4624,2018-05-22,4112,4623,512,-0.5752221843330155,linear,52,0,52,52,0,52,0.1,0.1015625,0.1015625,0.276046682206268,2.76046682206268e-07,mle,0.223716994052165,0.5696773671319288,ok,True,True,extraction,
spx,4625,2018-05-23,4113,4624,512,-0.5752221843330155,linear,52,0,52,52,0,52,0.1,0.1015625,0.1015625,0.27601206171607895,2.7601206171607896e-07,mle,0.223716994052165,0.5696773671319288,ok,True,True,extraction,
spx,4626,2018-05-24,4114,4625,512,-0.5742420598768191,linear,52,0,52,52,0,52,0.1,0.1015625,0.1015625,0.2750369572582785,2.750369572582785e-07,mle,0.26539794783302517,0.5390309926892285,ok,True,True,extraction,
spx,4627,2018-05-25,4115,4626,512,-0.5742420598768191,linear,52,0,52,52,0,52,0.1,0.1015625,0.1015625,0.2750369572582785,2.750369572582785e-07,mle,0.26539794783302517,0.5390309926892285,ok,True,True,extraction,
spx,4628,2018-05-29,4116,4627,512,-0.5720972716882268,linear,52,0,52,52,0,52,0.1,0.1015625,0.1015625,0.2750369572582785,2.750369572582785e-07,mle,0.29755458646278565,0.5178348898990419,ok,True,True,extraction,
spx,4629,2018-05-30,4117,4628,512,-0.5742420598768191,linear,52,0,52,52,0,52,0.1,0.1015625,0.1015625,0.2750369572582785,2.750369572582785e-07,mle,0.24194039206840057,0.5581726618516174,ok,True,True,extraction,
spx,4630,2018-05-31,4118,4629,512,-0.5720972716882268,linear,52,0,52,52,0,52,0.1,0.1015625,0.1015625,0.2750369572582785,2.750369572582785e-07,mle,0.28192286733256855,0.5302859438101428,ok,True,True,extraction,
spx,4631,2018-06-01,4119,4630,512,-0.5742420598768191,linear,52,0,52,52,0,52,0.1,0.1015625,0.1015625,0.27625458233575284,2.7625458233575285e-07,mle,0.27068453522225067,0.5369181859608977,ok,True,True,extraction,
spx,4632,2018-06-04,4120,4631,512,-0.5742420598768191,linear,52,0,52,52,0,52,0.1,0.1015625,0.1015625,0.276046682206268,2.76046682206268e-07,mle,0.27068453522225067,0.5369181859608977,ok,True,True,extraction,
spx,4633,2018-06-05,4121,4632,512,-0.5742420598768191,linear,52,0,52,52,0,52,0.1,0.1015625,0.1015625,0.276046682206268,2.76046682206268e-07,mle,0.27068453522225067,0.5369181859608977,ok,True,True,extraction,
spx,4634,2018-06-06,4122,4633,512,-0.5742420598768191,linear,52,0,52,52,0,52,0.1,0.1015625,0.1015625,0.27801597785094,2.7801597785094e-07,mle,0.27068453522225067,0.5369181859608977,ok,True,True,extraction,
spx,4635,2018-06-07,4123,4634,512,-0.5742420598768191,linear,52,0,52,52,0,52,0.1,0.1015625,0.1015625,0.27801597785094,2.7801597785094e-07,mle,0.27068453522225067,0.5369181859608977,ok,True,True,extraction,
spx,4636,2018-06-08,4124,4635,512,-0.5742420598768191,linear,52,0,52,52,0,52,0.1,0.1015625,0.1015625,0.27550446496065667,2.7550446496065664e-07,mle,0.27068453522225067,0.5369181859608977,ok,True,True,extraction,
spx,4637,2018-06-11,4125,4636,512,-0.5742420598768191,linear,52,0,52,52,0,52,0.1,0.1015625,0.1015625,0.27731058843975487,2.7731058843975484e-07,mle,0.27068453522225067,0.5369181859608977,ok,True,True,extraction,
spx,4638,2018-06-12,4126,4637,512,-0.5742420598768191,linear,52,0,52,52,0,52,0.1,0.1015625,0.1015625,0.27620576790723295,2.762057679072329e-07,mle,0.27068453522225067,0.5369181859608977,ok,True,True,extraction,
spx,4639,2018-06-13,4127,4638,512,-0.5742420598768191,linear,52,0,52,52,0,52,0.1,0.1015625,0.1015625,0.27777588337233433,2.7777588337233433e-07,mle,0.27068453522225067,0.5369181859608977,ok,True,True,extraction,
spx,4640,2018-06-14,4128,4639,512,-0.5742420598768191,linear,52,0,52,52,0,52,0.1,0.1015625,0.1015625,0.27731058843975487,2.7731058843975484e-07,mle,0.27068453522225067,0.5369181859608977,ok,True,True,extraction,
spx,4641,2018-06-15,4129,4640,512,-0.5742420598768191,linear,52,0,52,52,0,52,0.1,0.1015625,0.1015625,0.27731058843975487,2.7731058843975484e-07,mle,0.27068453522225067,0.5369181859608977,ok,True,True,extraction,
spx,4642,2018-06-18,4130,4641,512,-0.5742420598768191,linear,52,0,52,52,0,52,0.1,0.1015625,0.1015625,0.27620576790723295,2.762057679072329e-07,mle,0.27068453522225067,0.5369181859608977,ok,True,True,extraction,
spx,4643,2018-06-19,4131,4642,512,-0.5742420598768191,linear,52,0,52,52,0,52,0.1,0.1015625,0.1015625,0.2742627501869563,2.7426275018695626e-07,mle,0.27068453522225067,0.5369181859608977,ok,True,True,extraction,
spx,4644,2018-06-20,4132,4643,512,-0.5742420598768191,linear,52,0,52,52,0,52,0.1,0.1015625,0.1015625,0.2747602394686566,2.747602394686566e-07,mle,0.27068453522225067,0.5369181859608977,ok,True,True,extraction,
spx,4645,2018-06-21,4133,4644,512,-0.5742420598768191,linear,52,0,52,52,0,52,0.1,0.1015625,0.1015625,0.27398603239733443,2.739860323973344e-07,mle,0.27068453522225067,0.5369181859608977,ok,True,True,extraction,
spx,4646,2018-06-22,4134,4645,512,-0.5752221843330155,linear,52,0,52,52,0,52,0.1,0.1015625,0.1015625,0.2747602394686566,2.747602394686566e-07,mle,0.26370220189704463,0.5411794857465733,ok,True,True,extraction,
spx,4647,2018-06-25,4135,4646,512,-0.5742420598768191,linear,52,0,52,52,0,52,0.1,0.1015625,0.1015625,0.2742627501869563,2.7426275018695626e-07,mle,0.309199244416276,0.5103785633288598,ok,True,True,extraction,
spx,4648,2018-06-26,4136,4647,512,-0.5742420598768191,linear,52,0,52,52,0,52,0.1,0.1015625,0.1015625,0.2742627501869563,2.7426275018695626e-07,mle,0.26944239708546347,0.5422629796273143,ok,True,True,extraction,
spx,4649,2018-06-27,4137,4648,512,-0.5742420598768191,linear,52,0,52,52,0,52,0.1,0.1015625,0.1015625,0.27532641305790706,2.7532641305790707e-07,mle,0.26944239708546347,0.5422629796273143,ok,True,True,extraction,
spx,4650,2018-06-28,4138,4649,512,-0.5752221843330155,linear,52,0,52,52,0,52,0.1,0.1015625,0.1015625,0.27620576790723295,2.762057679072329e-07,mle,0.23271485398504949,0.568219365741274,ok,True,True,extraction,
spx,4651,2018-06-29,4139,4650,512,-0.5752221843330155,linear,52,0,52,52,0,52,0.1,0.1015625,0.1015625,0.2777422375369223,2.777422375369223e-07,mle,0.23271485398504949,0.568219365741274,ok,True,True,extraction,
spx,4652,2018-07-02,4140,4651,512,-0.5752221843330155,linear,52,0,52,52,0,52,0.1,0.1015625,0.1015625,0.27810719836423614,2.781071983642361e-07,mle,0.23271485398504949,0.568219365741274,ok,True,True,extraction,
spx,4653,2018-07-03,4141,4652,512,-0.5752221843330155,linear,52,0,52,52,0,52,0.1,0.1015625,0.1015625,0.27777588337233433,2.7777588337233433e-07,mle,0.23271485398504949,0.568219365741274,ok,True,True,extraction,
spx,4654,2018-07-05,4142,4653,512,-0.5752221843330155,linear,52,0,52,52,0,52,0.1,0.1015625,0.1015625,0.27620576790723295,2.762057679072329e-07,mle,0.23271485398504949,0.568219365741274,ok,True,True,extraction,
spx,4655,2018-07-06,4143,4654,512,-0.5752221843330155,linear,52,0,52,52,0,52,0.1,0.1015625,0.1015625,0.278986553213562,2.78986553213562e-07,mle,0.23271485398504949,0.568219365741274,ok,True,True,extraction,
spx,4656,2018-07-09,4144,4655,512,-0.5752221843330155,linear,52,0,52,52,0,52,0.1,0.1015625,0.1015625,0.278986553213562,2.78986553213562e-07,mle,0.23271485398504949,0.568219365741274,ok,True,True,extraction,
spx,4657,2018-07-10,4145,4656,512,-0.5742420598768191,linear,52,0,52,52,0,52,0.1,0.1015625,0.1015625,0.27918953936767005,2.7918953936767e-07,mle,0.23202468986359634,0.5228940418516042,ok,True,True,extraction,
spx,4658,2018-07-11,4146,4657,512,-0.5720972716882268,linear,52,0,52,52,0,52,0.1,0.1015625,0.1015625,0.27925533805769,2.7925533805769e-07,mle,0.2982708107423353,0.46891785329286995,ok,True,True,extraction,
spx,4659,2018-07-12,4147,4658,512,-0.5742420598768191,linear,52,0,52,52,0,52,0.1,0.1015625,0.1015625,0.27918953936767005,2.7918953936767e-07,mle,0.28244933296594843,0.4775676889570811,ok,True,True,extraction,
spx,4660,2018-07-13,4148,4659,512,-0.5742420598768191,linear,52,0,52,52,0,52,0.1,0.1015625,0.1015625,0.27918953936767005,2.7918953936767e-07,mle,0.28244933296594843,0.4775676889570811,ok,True,True,extraction,
spx,4661,2018-07-16,4149,4660,512,-0.5742420598768191,linear,52,0,52,52,0,52,0.1,0.1015625,0.1015625,0.2789761902838265,2.7897619028382647e-07,mle,0.28244933296594843,0.4775676889570811,ok,True,True,extraction,
spx,4662,2018-07-17,4150,4661,512,-0.5742420598768191,linear,52,0,52,52,0,52,0.1,0.1015625,0.1015625,0.27810719836423614,2.781071983642361e-07,mle,0.28244933296594843,0.4775676889570811,ok,True,True,extraction,
spx,4663,2018-07-18,4151,4662,512,-0.5720972716882268,linear,52,0,52,52,0,52,0.1,0.1015625,0.1015625,0.2789761902838265,2.7897619028382647e-07,mle,0.2940875000450658,0.4714724673096299,ok,True,True,extraction,
spx,4664,2018-07-19,4152,4663,512,-0.5720972716882268,linear,52,0,52,52,0,52,0.1,0.1015625,0.1015625,0.2777758833723343,2.777758833723343e-07,mle,0.2940875000450658,0.4714724673096299,ok,True,True,extraction,
spx,4665,2018-07-20,4153,4664,512,-0.5720972716882268,linear,52,0,52,52,0,52,0.1,0.1015625,0.1015625,0.2789761902838265,2.7897619028382647e-07,mle,0.2940875000450658,0.4714724673096299,ok,True,True,extraction,
spx,4666,2018-07-23,4154,4665,512,-0.5720972716882268,linear,52,0,52,52,0,52,0.1,0.1015625,0.1015625,0.27777588337233433,2.7777588337233433e-07,mle,0.2940875000450658,0.4714724673096299,ok,True,True,extraction,
spx,4667,2018-07-24,4155,4666,512,-0.5720972716882268,linear,52,0,52,52,0,52,0.1,0.1015625,0.1015625,0.275851840126925,2.7585184012692495e-07,mle,0.2940875000450658,0.4714724673096299,ok,True,True,extraction,
spx,4668,2018-07-25,4156,4667,512,-0.5720972716882268,linear,52,0,52,52,0,52,0.1,0.1015625,0.1015625,0.275851840126925,2.7585184012692495e-07,mle,0.2940875000450658,0.4714724673096299,ok,True,True,extraction,
spx,4669,2018-07-26,4157,4668,512,-0.5720972716882268,linear,52,0,52,52,0,52,0.1,0.1015625,0.1015625,0.2777758833723343,2.777758833723343e-07,mle,0.2940875000450658,0.4714724673096299,ok,True,True,extraction,
spx,4670,2018-07-27,4158,4669,512,-0.5720972716882268,linear,52,0,52,52,0,52,0.1,0.1015625,0.1015625,0.27777588337233433,2.7777588337233433e-07,mle,0.2940875000450658,0.4714724673096299,ok,True,True,extraction,
spx,4671,2018-07-30,4159,4670,512,-0.5742420598768191,linear,52,0,52,52,0,52,0.1,0.1015625,0.1015625,0.27810719836423614,2.781071983642361e-07,mle,0.2873232834566746,0.4745631251425031,ok,True,True,extraction,
spx,4672,2018-07-31,4160,4671,512,-0.5752221843330155,linear,52,0,52,52,0,52,0.1,0.1015625,0.1015625,0.2777422375369223,2.777422375369223e-07,mle,0.2910956438699466,0.4718558065108235,ok,True,True,extraction,
spx,4673,2018-08-01,4161,4672,512,-0.5752221843330155,linear,52,0,52,52,0,52,0.1,0.1015625,0.1015625,0.28002061958617436,2.8002061958617434e-07,mle,0.2910956438699466,0.4718558065108235,ok,True,True,extraction,
spx,4674,2018-08-02,4162,4673,512,-0.5752221843330155,linear,52,0,52,52,0,52,0.1,0.1015625,0.1015625,0.2777422375369223,2.777422375369223e-07,mle,0.2910956438699466,0.4718558065108235,ok,True,True,extraction,
spx,4675,2018-08-03,4163,4674,512,-0.5752221843330155,linear,52,0,52,52,0,52,0.1,0.1015625,0.1015625,0.278986553213562,2.78986553213562e-07,mle,0.2910956438699466,0.4718558065108235,ok,True,True,extraction,
spx,4676,2018-08-06,4164,4675,512,-0.5752221843330155,linear,52,0,52,52,0,52,0.1,0.1015625,0.1015625,0.278986553213562,2.78986553213562e-07,mle,0.2910956438699466,0.4718558065108235,ok,True,True,extraction,
spx,4677,2018-08-07,4165,4676,512,-0.5752221843330155,linear,52,0,52,52,0,52,0.1,0.1015625,0.1015625,0.27918953936767005,2.7918953936767e-07,mle,0.2910956438699466,0.4718558065108235,ok,True,True,extraction,
spx,4678,2018-08-08,4166,4677,512,-0.5752221843330155,linear,52,0,52,52,0,52,0.1,0.1015625,0.1015625,0.27925533805769,2.7925533805769e-07,mle,0.2910956438699466,0.4718558065108235,ok,True,True,extraction,
spx,4679,2018-08-09,4167,4678,512,-0.5752221843330155,linear,52,0,52,52,0,52,0.1,0.1015625,0.1015625,0.27925533805769,2.7925533805769e-07,mle,0.2910956438699466,0.4718558065108235,ok,True,True,extraction,
spx,4680,2018-08-10,4168,4679,512,-0.5752221843330155,linear,52,0,52,52,0,52,0.1,0.1015625,0.1015625,0.27918953936767005,2.7918953936767e-07,mle,0.2910956438699466,0.4718558065108235,ok,True,True,extraction,
spx,4681,2018-08-13,4169,4680,512,-0.5769039680000306,linear,52,0,52,52,0,52,0.1,0.1015625,0.1015625,0.28002061958617436,2.8002061958617434e-07,mle,0.2737016744678105,0.4817560410425351,ok,True,True,extraction,
spx,4682,2018-08-14,4170,4681,512,-0.5769039680000306,linear,52,0,52,52,0,52,0.1,0.1015625,0.1015625,0.28033767906112395,2.8033767906112394e-07,mle,0.2737016744678105,0.4817560410425351,ok,True,True,extraction,
spx,4683,2018-08-15,4171,4682,512,-0.5752221843330155,linear,52,0,52,52,0,52,0.1,0.1015625,0.1015625,0.28013469290701587,2.8013469290701583e-07,mle,0.2784135037893948,0.47965110514075127,ok,True,True,extraction,
spx,4684,2018-08-16,4172,4683,512,-0.5769039680000306,linear,52,0,52,52,0,52,0.1,0.1015625,0.1015625,0.28084008231820096,2.8084008231820095e-07,mle,0.2555157671260588,0.49345898841979197,ok,True,True,extraction,
spx,4685,2018-08-17,4173,4684,512,-0.5769039680000306,linear,52,0,52,52,0,52,0.1,0.1015625,0.1015625,0.28216622183416395,2.821662218341639e-07,mle,0.2555157671260588,0.49345898841979197,ok,True,True,extraction,
spx,4686,2018-08-20,4174,4685,512,-0.5769039680000306,linear,52,0,52,52,0,52,0.1,0.1015625,0.1015625,0.28139201476284176,2.8139201476284174e-07,mle,0.2555157671260588,0.49345898841979197,ok,True,True,extraction,
spx,4687,2018-08-21,4175,4686,512,-0.5769039680000306,linear,52,0,52,52,0,52,0.1,0.1015625,0.1015625,0.2823597132857492,2.823597132857492e-07,mle,0.2555157671260588,0.49345898841979197,ok,True,True,extraction,
spx,4688,2018-08-22,4176,4687,512,-0.5769039680000306,linear,52,0,52,52,0,52,0.1,0.1015625,0.1015625,0.2823604987645598,2.823604987645598e-07,mle,0.2555157671260588,0.49345898841979197,ok,True,True,extraction,
spx,4689,2018-08-23,4177,4688,512,-0.5769039680000306,linear,52,0,52,52,0,52,0.1,0.1015625,0.1015625,0.28152863306724485,2.8152863306724486e-07,mle,0.2555157671260588,0.49345898841979197,ok,True,True,extraction,
spx,4690,2018-08-24,4178,4689,512,-0.5769039680000306,linear,52,0,52,52,0,52,0.1,0.1015625,0.1015625,0.28010455094423525,2.8010455094423523e-07,mle,0.2555157671260588,0.49345898841979197,ok,True,True,extraction,
spx,4691,2018-08-27,4179,4690,512,-0.5769039680000306,linear,52,0,52,52,0,52,0.1,0.1015625,0.1015625,0.28152863306724485,2.8152863306724486e-07,mle,0.2555157671260588,0.49345898841979197,ok,True,True,extraction,
spx,4692,2018-08-28,4180,4691,512,-0.5769039680000306,linear,52,0,52,52,0,52,0.1,0.1015625,0.1015625,0.2823604987645598,2.823604987645598e-07,mle,0.2555157671260588,0.49345898841979197,ok,True,True,extraction,
spx,4693,2018-08-29,4181,4692,512,-0.5769039680000306,linear,52,0,52,52,0,52,0.1,0.1015625,0.1015625,0.28152863306724485,2.8152863306724486e-07,mle,0.2555157671260588,0.49345898841979197,ok,True,True,extraction,
spx,4694,2018-08-30,4182,4693,512,-0.5769039680000306,linear,52,0,52,52,0,52,0.1,0.1015625,0.1015625,0.2823604987645598,2.823604987645598e-07,mle,0.2555157671260588,0.49345898841979197,ok,True,True,extraction,
spx,4695,2018-08-31,4183,4694,512,-0.5769039680000306,linear,52,0,52,52,0,52,0.1,0.1015625,0.1015625,0.2830651026969343,2.830651026969343e-07,mle,0.2555157671260588,0.49345898841979197,ok,True,True,extraction,
spx,4696,2018-09-04,4184,4695,512,-0.5769039680000306,linear,52,0,52,52,0,52,0.1,0.1015625,0.1015625,0.2830651026969343,2.830651026969343e-07,mle,0.2555157671260588,0.49345898841979197,ok,True,True,extraction,
spx,4697,2018-09-05,4185,4696,512,-0.5769039680000306,linear,52,0,52,52,0,52,0.1,0.1015625,0.1015625,0.2830651026969343,2.830651026969343e-07,mle,0.2555157671260588,0.49345898841979197,ok,True,True,extraction,
spx,4698,2018-09-06,4186,4697,512,-0.5769039680000306,linear,52,0,52,52,0,52,0.1,0.1015625,0.1015625,0.28313392035707136,2.8313392035707135e-07,mle,0.2555157671260588,0.49345898841979197,ok,True,True,extraction,
spx,4699,2018-09-07,4187,4698,512,-0.5769039680000306,linear,52,0,52,52,0,52,0.1,0.1015625,0.1015625,0.28313392035707136,2.8313392035707135e-07,mle,0.2555157671260588,0.49345898841979197,ok,True,True,extraction,
spx,4700,2018-09-10,4188,4699,512,-0.5769039680000306,linear,52,0,52,52,0,52,0.1,0.1015625,0.1015625,0.28313392035707136,2.8313392035707135e-07,mle,0.2555157671260588,0.49345898841979197,ok,True,True,extraction,
spx,4701,2018-09-11,4189,4700,512,-0.5769039680000306,linear,52,0,52,52,0,52,0.1,0.1015625,0.1015625,0.2832945824945727,2.832945824945727e-07,mle,0.2555157671260588,0.49345898841979197,ok,True,True,extraction,
spx,4702,2018-09-12,4190,4701,512,-0.5769039680000306,linear,52,0,52,52,0,52,0.1,0.1015625,0.1015625,0.2832945824945727,2.832945824945727e-07,mle,0.2555157671260588,0.49345898841979197,ok,True,True,extraction,
spx,4703,2018-09-13,4191,4702,512,-0.5769039680000306,linear,52,0,52,52,0,52,0.1,0.1015625,0.1015625,0.2832945824945727,2.832945824945727e-07,mle,0.2555157671260588,0.49345898841979197,ok,True,True,extraction,
spx,4704,2018-09-14,4192,4703,512,-0.5769039680000306,linear,52,0,52,52,0,52,0.1,0.1015625,0.1015625,0.2846711754655714,2.846711754655714e-07,mle,0.2555157671260588,0.49345898841979197,ok,True,True,extraction,
spx,4705,2018-09-17,4193,4704,512,-0.5769039680000306,linear,52,0,52,52,0,52,0.1,0.1015625,0.1015625,0.2846711754655714,2.846711754655714e-07,mle,0.2555157671260588,0.49345898841979197,ok,True,True,extraction,
spx,4706,2018-09-18,4194,4705,512,-0.5769039680000306,linear,52,0,52,52,0,52,0.1,0.1015625,0.1015625,0.2832945824945727,2.832945824945727e-07,mle,0.2555157671260588,0.49345898841979197,ok,True,True,extraction,
spx,4707,2018-09-19,4195,4706,512,-0.5769039680000306,linear,52,0,52,52,0,52,0.1,0.1015625,0.1015625,0.2848251014445638,2.8482510144456377e-07,mle,0.2555157671260588,0.49345898841979197,ok,True,True,extraction,
spx,4708,2018-09-20,4196,4707,512,-0.5769039680000306,linear,52,0,52,52,0,52,0.1,0.1015625,0.1015625,0.28547872466283875,2.854787246628387e-07,mle,0.2555157671260588,0.49345898841979197,ok,True,True,extraction,
spx,4709,2018-09-21,4197,4708,512,-0.5769039680000306,linear,52,0,52,52,0,52,0.1,0.1015625,0.1015625,0.2862421628544338,2.862421628544338e-07,mle,0.2555157671260588,0.49345898841979197,ok,True,True,extraction,
spx,4710,2018-09-24,4198,4709,512,-0.5752221843330155,linear,52,0,52,52,0,52,0.1,0.1015625,0.1015625,0.28569648101373857,2.856964810137386e-07,mle,0.29426130252892824,0.4455492088965336,ok,True,True,extraction,
spx,4711,2018-09-25,4199,4710,512,-0.5752221843330155,linear,52,0,52,52,0,52,0.1,0.1015625,0.1015625,0.28547872466283875,2.854787246628387e-07,mle,0.29426130252892824,0.4455492088965336,ok,True,True,extraction,
spx,4712,2018-09-26,4200,4711,512,-0.5742420598768191,linear,52,0,52,52,0,52,0.1,0.1015625,0.1015625,0.2846711754655714,2.846711754655714e-07,mle,0.361312740438701,0.40048238435863787,ok,True,True,extraction,
spx,4713,2018-09-27,4201,4712,512,-0.5742420598768191,linear,52,0,52,52,0,52,0.1,0.1015625,0.1015625,0.28547872466283875,2.854787246628387e-07,mle,0.361312740438701,0.40048238435863787,ok,True,True,extraction,
spx,4714,2018-09-28,4202,4713,512,-0.5742420598768191,linear,52,0,52,52,0,52,0.1,0.1015625,0.1015625,0.2846711754655714,2.846711754655714e-07,mle,0.361312740438701,0.40048238435863787,ok,True,True,extraction,
spx,4715,2018-10-01,4203,4714,512,-0.5742420598768191,linear,52,0,52,52,0,52,0.1,0.1015625,0.1015625,0.2838969683942492,2.838969683942492e-07,mle,0.361312740438701,0.40048238435863787,ok,True,True,extraction,
spx,4716,2018-10-02,4204,4715,512,-0.5742420598768191,linear,52,0,52,52,0,52,0.1,0.1015625,0.1015625,0.2854099070027017,2.8540990700270166e-07,mle,0.361312740438701,0.40048238435863787,ok,True,True,extraction,
spx,4717,2018-10-03,4205,4716,512,-0.5742420598768191,linear,52,0,52,52,0,52,0.1,0.1015625,0.1015625,0.2854099070027017,2.8540990700270166e-07,mle,0.361312740438701,0.40048238435863787,ok,True,True,extraction,
spx,4718,2018-10-04,4206,4717,512,-0.5742420598768191,linear,52,0,52,52,0,52,0.1,0.1015625,0.1015625,0.2847045175915166,2.847045175915166e-07,mle,0.361312740438701,0.40048238435863787,ok,True,True,extraction,
spx,4719,2018-10-05,4207,4718,512,-0.5752221843330155,linear,52,0,52,52,0,52,0.1,0.1015625,0.1015625,0.2838969683942492,2.838969683942492e-07,mle,0.3235438786091684,0.42078596583283245,ok,True,True,extraction,
spx,4720,2018-10-08,4208,4719,512,-0.5742420598768191,linear,52,0,52,52,0,52,0.1,0.1015625,0.1015625,0.2838969683942492,2.838969683942492e-07,mle,0.31944719680094424,0.42347578570463057,ok,True,True,extraction,
spx,4721,2018-10-09,4209,4720,512,-0.5725401941824827,linear,52,0,52,52,0,52,0.1,0.1015625,0.1015625,0.28235971328574916,2.8235971328574917e-07,mle,0.35764554101956003,0.40273993166337974,ok,True,True,extraction,
spx,4722,2018-10-10,4210,4721,512,-0.5725401941824827,linear,52,0,52,52,0,52,0.1,0.1015625,0.1015625,0.28093563116273956,2.8093563116273955e-07,mle,0.35764554101956003,0.40273993166337974,ok,True,True,extraction,
spx,4723,2018-10-11,4211,4722,512,-0.5742420598768191,linear,52,0,52,52,0,52,0.1,0.1015625,0.1015625,0.28013469290701587,2.8013469290701583e-07,mle,0.35897075557262437,0.43757432690604003,ok,True,True,extraction,
spx,4724,2018-10-12,4212,4723,512,-0.5742420598768191,linear,52,0,52,52,0,52,0.1,0.1015625,0.1015625,0.28013469290701587,2.8013469290701583e-07,mle,0.3470713903816799,0.4604634036905506,ok,True,True,extraction,
spx,4725,2018-10-15,4213,4724,512,-0.5742420598768191,linear,52,0,52,52,0,52,0.1,0.1015625,0.1015625,0.28013469290701587,2.8013469290701583e-07,mle,0.3470713903816799,0.4604634036905506,ok,True,True,extraction,
spx,4726,2018-10-16,4214,4725,512,-0.5767968563611685,linear,52,0,52,52,0,52,0.1,0.1015625,0.1015625,0.28013469290701587,2.8013469290701583e-07,mle,0.3555837634580808,0.4544757911759737,ok,True,True,extraction,
spx,4727,2018-10-17,4215,4726,512,-0.5767968563611685,linear,52,0,52,52,0,52,0.1,0.1015625,0.1015625,0.28093563116273956,2.8093563116273955e-07,mle,0.3555837634580808,0.4544757911759737,ok,True,True,extraction,
spx,4728,2018-10-18,4216,4727,512,-0.5767968563611685,linear,52,0,52,52,0,52,0.1,0.1015625,0.1015625,0.2794686871415335,2.794686871415335e-07,mle,0.3555837634580808,0.4544757911759737,ok,True,True,extraction,
spx,4729,2018-10-19,4217,4728,512,-0.5849744327712323,linear,52,0,52,52,0,52,0.1,0.1015625,0.1015625,0.28013469290701587,2.8013469290701583e-07,mle,0.31386953091487757,0.48331464793950624,ok,True,True,extraction,
spx,4730,2018-10-22,4218,4729,512,-0.5849744327712323,linear,52,0,52,52,0,52,0.1,0.1015625,0.1015625,0.2794686871415335,2.794686871415335e-07,mle,0.31386953091487757,0.48331464793950624,ok,True,True,extraction,
spx,4731,2018-10-23,4219,4730,512,-0.5849744327712323,linear,52,0,52,52,0,52,0.1,0.1015625,0.1015625,0.28002061958617436,2.8002061958617434e-07,mle,0.31386953091487757,0.48331464793950624,ok,True,True,extraction,
spx,4732,2018-10-24,4220,4731,512,-0.5767968563611685,linear,52,0,52,52,0,52,0.1,0.1015625,0.1015625,0.28002061958617436,2.8002061958617434e-07,mle,0.35161430109961667,0.45948249121604534,ok,True,True,extraction,
spx,4733,2018-10-25,4221,4732,512,-0.5849744327712323,linear,52,0,52,52,0,52,0.1,0.1015625,0.1015625,0.27960419870109615,2.7960419870109613e-07,mle,0.35548115003314285,0.4867812255480122,ok,True,True,extraction,
spx,4734,2018-10-26,4222,4733,512,-0.5849744327712323,linear,52,0,52,52,0,52,0.1,0.1015625,0.1015625,0.28033767906112395,2.8033767906112394e-07,mle,0.35548115003314285,0.4867812255480122,ok,True,True,extraction,
spx,4735,2018-10-29,4223,4734,512,-0.5875256985578476,linear,52,0,52,52,0,52,0.1,0.1015625,0.1015625,0.28084008231820096,2.8084008231820095e-07,mle,0.2793894043104752,0.5456790788511857,ok,True,True,extraction,
spx,4736,2018-10-30,4224,4735,512,-0.5917945759380571,linear,52,0,52,52,0,52,0.1,0.1015625,0.1015625,0.28084008231820096,2.8084008231820095e-07,mle,0.2846017002411515,0.5403133562885888,ok,True,True,extraction,
spx,4737,2018-10-31,4225,4736,512,-0.5917945759380571,linear,52,0,52,52,0,52,0.1,0.1015625,0.1015625,0.28084008231820096,2.8084008231820095e-07,mle,0.2846017002411515,0.5403133562885888,ok,True,True,extraction,
spx,4738,2018-11-01,4226,4737,512,-0.5917945759380571,linear,52,0,52,52,0,52,0.1,0.1015625,0.1015625,0.28129722991457357,2.8129722991457357e-07,mle,0.2846017002411515,0.5403133562885888,ok,True,True,extraction,
spx,4739,2018-11-02,4227,4738,512,-0.5917945759380571,linear,52,0,52,52,0,52,0.1,0.1015625,0.1015625,0.28313392035707136,2.8313392035707135e-07,mle,0.2846017002411515,0.5403133562885888,ok,True,True,extraction,
spx,4740,2018-11-05,4228,4739,512,-0.6017154375616993,linear,52,0,52,52,0,52,0.1,0.1015625,0.1015625,0.2845956216469254,2.8459562164692543e-07,mle,0.32280611512646973,0.5113329760264911,ok,True,True,extraction,
spx,4741,2018-11-06,4229,4740,512,-0.6017154375616993,linear,52,0,52,52,0,52,0.1,0.1015625,0.1015625,0.2845956216469254,2.8459562164692543e-07,mle,0.32280611512646973,0.5113329760264911,ok,True,True,extraction,
spx,4742,2018-11-07,4230,4741,512,-0.6017154375616993,linear,52,0,52,52,0,52,0.1,0.1015625,0.1015625,0.2848251014445638,2.8482510144456377e-07,mle,0.32280611512646973,0.5113329760264911,ok,True,True,extraction,
spx,4743,2018-11-08,4231,4742,512,-0.6017154375616993,linear,52,0,52,52,0,52,0.1,0.1015625,0.1015625,0.28694042595269287,2.8694042595269285e-07,mle,0.32280611512646973,0.5113329760264911,ok,True,True,extraction,
spx,4744,2018-11-09,4232,4743,512,-0.6017154375616993,linear,52,0,52,52,0,52,0.1,0.1015625,0.1015625,0.28694042595269287,2.8694042595269285e-07,mle,0.32280611512646973,0.5113329760264911,ok,True,True,extraction,
spx,4745,2018-11-12,4233,4744,512,-0.6305816299901437,linear,52,0,52,52,0,52,0.1,0.1015625,0.1015625,0.28694042595269287,2.8694042595269285e-07,mle,0.43117911511738444,0.43875895699832745,ok,True,True,extraction,
spx,4746,2018-11-13,4234,4745,512,-0.6362828064486217,linear,52,0,52,52,0,52,0.1,0.1015625,0.1015625,0.2877038641442879,2.877038641442879e-07,mle,0.3621227867105714,0.489269590730732,ok,True,True,extraction,
spx,4747,2018-11-14,4235,4746,512,-0.6305816299901437,linear,52,0,52,52,0,52,0.1,0.1015625,0.1015625,0.28694042595269287,2.8694042595269285e-07,mle,0.3394491820933637,0.5050044817570603,ok,True,True,extraction,
spx,4748,2018-11-15,4236,4747,512,-0.6305816299901437,linear,52,0,52,52,0,52,0.1,0.1015625,0.1015625,0.28694042595269287,2.8694042595269285e-07,mle,0.3148120384136712,0.5202139812467215,ok,True,True,extraction,
spx,4749,2018-11-16,4237,4748,512,-0.6305816299901437,linear,52,0,52,52,0,52,0.1,0.1015625,0.1015625,0.2862421628544338,2.862421628544338e-07,mle,0.3148120384136712,0.5202139812467215,ok,True,True,extraction,
spx,4750,2018-11-19,4238,4749,512,-0.6305816299901437,linear,52,0,52,52,0,52,0.1,0.1015625,0.1015625,0.287519881223661,2.87519881223661e-07,mle,0.3148120384136712,0.5202139812467215,ok,True,True,extraction,
spx,4751,2018-11-20,4239,4750,512,-0.6362828064486217,linear,52,0,52,52,0,52,0.1,0.1015625,0.1015625,0.2862421628544338,2.862421628544338e-07,mle,0.24534498761377907,0.5730187885862656,ok,True,True,extraction,
spx,4752,2018-11-21,4240,4751,512,-0.638209225720526,linear,52,0,52,52,0,52,0.1,0.1015625,0.1015625,0.28694042595269287,2.8694042595269285e-07,mle,0.16330813585685686,0.644256195489487,ok,True,True,extraction,
spx,4753,2018-11-23,4241,4752,512,-0.638209225720526,linear,52,0,52,52,0,52,0.1,0.1015625,0.1015625,0.28547872466283875,2.854787246628387e-07,mle,0.16330813585685686,0.644256195489487,ok,True,True,extraction,
spx,4754,2018-11-26,4242,4753,512,-0.6557168782101525,linear,52,0,52,52,0,52,0.1,0.1015625,0.1015625,0.2869404259526928,2.869404259526928e-07,mle,0.23243955286070994,0.5847440547156005,ok,True,True,extraction,
spx,4755,2018-11-27,4243,4754,512,-0.6557168782101525,linear,52,0,52,52,0,52,0.1,0.1015625,0.1015625,0.2877038641442879,2.877038641442879e-07,mle,0.23243955286070994,0.5847440547156005,ok,True,True,extraction,
spx,4756,2018-11-28,4244,4755,512,-0.6557168782101525,linear,52,0,52,52,0,52,0.1,0.1015625,0.1015625,0.2877038641442879,2.877038641442879e-07,mle,0.23243955286070994,0.5847440547156005,ok,True,True,extraction,
spx,4757,2018-11-29,4245,4756,512,-0.6557168782101525,linear,52,0,52,52,0,52,0.1,0.1015625,0.1015625,0.2877038641442879,2.877038641442879e-07,mle,0.23243955286070994,0.5847440547156005,ok,True,True,extraction,
spx,4758,2018-11-30,4246,4757,512,-0.6557168782101525,linear,52,0,52,52,0,52,0.1,0.1015625,0.1015625,0.2877038641442879,2.877038641442879e-07,mle,0.23243955286070994,0.5847440547156005,ok,True,True,extraction,
spx,4759,2018-12-03,4247,4758,512,-0.6557168782101525,linear,52,0,52,52,0,52,0.1,0.1015625,0.1015625,0.2877038641442879,2.877038641442879e-07,mle,0.23243955286070994,0.5847440547156005,ok,True,True,extraction,
spx,4760,2018-12-04,4248,4759,512,-0.6557168782101525,linear,52,0,52,52,0,52,0.1,0.1015625,0.1015625,0.28841915594229384,2.884191559422938e-07,mle,0.23243955286070994,0.5847440547156005,ok,True,True,extraction,
spx,4761,2018-12-06,4249,4760,512,-0.6580729436860134,linear,52,0,52,52,0,52,0.1,0.1015625,0.1015625,0.2877038641442879,2.877038641442879e-07,mle,0.18715815385510373,0.6541767625837729,ok,True,True,extraction,
spx,4762,2018-12-07,4250,4761,512,-0.6580729436860134,linear,52,0,52,52,0,52,0.1,0.1015625,0.1015625,0.2877038641442879,2.877038641442879e-07,mle,0.18715815385510373,0.6541767625837729,ok,True,True,extraction,
spx,4763,2018-12-10,4251,4762,512,-0.6583572009880307,linear,52,0,52,52,0,52,0.1,0.1015625,0.1015625,0.2889764939551891,2.8897649395518907e-07,mle,0.09582119112424047,0.7500065252772721,ok,True,True,extraction,
spx,4764,2018-12-11,4252,4763,512,-0.6583572009880307,linear,52,0,52,52,0,52,0.1,0.1015625,0.1015625,0.288213055763594,2.88213055763594e-07,mle,0.09582119112424047,0.7500065252772721,ok,True,True,extraction,
spx,4765,2018-12-12,4253,4764,512,-0.6583572009880307,linear,52,0,52,52,0,52,0.1,0.1015625,0.1015625,0.2869404259526928,2.869404259526928e-07,mle,0.09582119112424047,0.7500065252772721,ok,True,True,extraction,
spx,4766,2018-12-13,4254,4765,512,-0.6583572009880307,linear,52,0,52,52,0,52,0.1,0.1015625,0.1015625,0.288213055763594,2.88213055763594e-07,mle,0.09582119112424047,0.7500065252772721,ok,True,True,extraction,
spx,4767,2018-12-14,4255,4766,512,-0.6583572009880307,linear,52,0,52,52,0,52,0.1,0.1015625,0.1015625,0.2869404259526928,2.869404259526928e-07,mle,0.09582119112424047,0.7500065252772721,ok,True,True,extraction,
spx,4768,2018-12-17,4256,4767,512,-0.6705627866723044,linear,52,0,52,52,0,52,0.1,0.1015625,0.1015625,0.2869404259526928,2.869404259526928e-07,mle,0.047820695847391334,0.7997164707356619,ok,True,True,extraction,
spx,4769,2018-12-18,4257,4768,512,-0.6751178701069896,linear,52,0,52,52,0,52,0.1,0.1015625,0.1015625,0.288213055763594,2.88213055763594e-07,mle,-0.01810203985625975,0.8779181873791245,ok,True,True,extraction,
spx,4770,2018-12-19,4258,4769,512,-0.6751178701069896,linear,52,0,52,52,0,52,0.1,0.1015625,0.1015625,0.28643107188491035,2.8643107188491033e-07,mle,-0.01810203985625975,0.8779181873791245,ok,True,True,extraction,
spx,4771,2018-12-20,4259,4770,512,-0.6829691889310098,linear,52,0,52,52,0,52,0.1,0.1015625,0.1015625,0.288213055763594,2.88213055763594e-07,mle,-0.053745460984992915,0.9186145223786517,ok,True,True,extraction,
spx,4772,2018-12-21,4260,4771,512,-0.6862891568572151,linear,52,0,52,52,0,52,0.1,0.1015625,0.1015625,0.286440049165092,2.86440049165092e-07,mle,-0.09309387519748238,0.9691858706225479,ok,True,True,extraction,
spx,4773,2018-12-24,4261,4772,512,-0.6899565423489868,linear,52,0,52,52,0,52,0.1,0.1015625,0.1015625,0.28889681458426386,2.8889681458426383e-07,mle,-0.1391623784150111,1.0374941324068874,ok,True,True,extraction,
spx,4774,2018-12-26,4262,4773,512,-0.7097871059068273,linear,52,0,52,52,0,52,0.1,0.1015625,0.1015625,0.28889681458426386,2.8889681458426383e-07,mle,-0.16971418666718982,1.0898711329195074,ok,True,True,extraction,
spx,4775,2018-12-27,4263,4774,512,-0.7097871059068273,linear,52,0,52,52,0,52,0.1,0.1015625,0.1015625,0.29346663926876465,2.9346663926876464e-07,mle,-0.16971418666718982,1.0898711329195074,ok,True,True,extraction,
spx,4776,2018-12-28,4264,4775,512,-0.7097871059068273,linear,52,0,52,52,0,52,0.1,0.1015625,0.1015625,0.29346663926876465,2.9346663926876464e-07,mle,-0.16971418666718982,1.0898711329195074,ok,True,True,extraction,
spx,4777,2018-12-31,4265,4776,512,-0.6899565423489868,linear,52,0,52,52,0,52,0.1,0.1015625,0.1015625,0.28889681458426386,2.8889681458426383e-07,mle,-0.18845562656105097,1.1285186370519442,ok,True,True,extraction,
spx,4778,2019-01-02,4266,4777,512,-0.6899565423489868,linear,52,0,52,52,0,52,0.1,0.1015625,0.1015625,0.28889681458426386,2.8889681458426383e-07,mle,-0.18845562656105097,1.1285186370519442,ok,True,True,extraction,
spx,4779,2019-01-03,4267,4778,512,-0.6899565423489868,linear,52,0,52,52,0,52,0.1,0.1015625,0.1015625,0.290599180458794,2.90599180458794e-07,mle,-0.18845562656105097,1.1285186370519442,ok,True,True,extraction,
spx,4780,2019-01-04,4268,4779,512,-0.7097871059068273,linear,52,0,52,52,0,52,0.1,0.1015625,0.1015625,0.29346663926876465,2.9346663926876464e-07,mle,-0.21730226628455576,1.1754014308152714,ok,True,True,extraction,
spx,4781,2019-01-07,4269,4780,512,-0.7097871059068273,linear,52,0,52,52,0,52,0.1,0.1015625,0.1015625,0.29346663926876465,2.9346663926876464e-07,mle,-0.21730226628455576,1.1754014308152714,ok,True,True,extraction,
spx,4782,2019-01-08,4270,4781,512,-0.7097871059068273,linear,52,0,52,52,0,52,0.1,0.1015625,0.1015625,0.29313562524889103,2.93135625248891e-07,mle,-0.21730226628455576,1.1754014308152714,ok,True,True,extraction,
spx,4783,2019-01-09,4271,4782,512,-0.7097871059068273,linear,52,0,52,52,0,52,0.1,0.1015625,0.1015625,0.29353961173824905,2.93539611738249e-07,mle,-0.21730226628455576,1.1754014308152714,ok,True,True,extraction,
spx,4784,2019-01-10,4272,4783,512,-0.7097871059068273,linear,52,0,52,52,0,52,0.1,0.1015625,0.1015625,0.2964070705482197,2.964070705482197e-07,mle,-0.21730226628455576,1.1754014308152714,ok,True,True,extraction,
spx,4785,2019-01-11,4273,4784,512,-0.7097871059068273,linear,52,0,52,52,0,52,0.1,0.1015625,0.1015625,0.29746674405934803,2.97466744059348e-07,mle,-0.21730226628455576,1.1754014308152714,ok,True,True,extraction,
spx,4786,2019-01-14,4274,4785,512,-0.6899565423489868,linear,52,0,52,52,0,52,0.1,0.1015625,0.1015625,0.2964070705482197,2.964070705482197e-07,mle,-0.23276825168926363,1.2114481437241187,ok,True,True,extraction,
spx,4787,2019-01-15,4275,4786,512,-0.6899565423489868,linear,52,0,52,52,0,52,0.1,0.1015625,0.1015625,0.29746674405934803,2.97466744059348e-07,mle,-0.23276825168926363,1.2114481437241187,ok,True,True,extraction,
spx,4788,2019-01-16,4276,4787,512,-0.6899565423489868,linear,52,0,52,52,0,52,0.1,0.1015625,0.1015625,0.29746674405934803,2.97466744059348e-07,mle,-0.23276825168926363,1.2114481437241187,ok,True,True,extraction,
spx,4789,2019-01-17,4277,4788,512,-0.6899565423489868,linear,52,0,52,52,0,52,0.1,0.1015625,0.1015625,0.295662945901415,2.95662945901415e-07,mle,-0.23276825168926363,1.2114481437241187,ok,True,True,extraction,
spx,4790,2019-01-18,4278,4789,512,-0.6899565423489868,linear,52,0,52,52,0,52,0.1,0.1015625,0.1015625,0.295662945901415,2.95662945901415e-07,mle,-0.23276825168926363,1.2114481437241187,ok,True,True,extraction,
spx,4791,2019-01-22,4279,4790,512,-0.6899565423489868,linear,52,0,52,52,0,52,0.1,0.1015625,0.1015625,0.2969804673125079,2.969804673125079e-07,mle,-0.23276825168926363,1.2114481437241187,ok,True,True,extraction,
spx,4792,2019-01-23,4280,4791,512,-0.7097871059068273,linear,52,0,52,52,0,52,0.1,0.1015625,0.1015625,0.29885295261972133,2.988529526197213e-07,mle,-0.2350574291907655,1.206047275082211,ok,True,True,extraction,
spx,4793,2019-01-24,4281,4792,512,-0.7097871059068273,linear,52,0,52,52,0,52,0.1,0.1015625,0.1015625,0.2969804673125079,2.969804673125079e-07,mle,-0.2350574291907655,1.206047275082211,ok,True,True,extraction,
spx,4794,2019-01-25,4282,4793,512,-0.7097871059068273,linear,52,0,52,52,0,52,0.1,0.1015625,0.1015625,0.2959854938097507,2.959854938097507e-07,mle,-0.2350574291907655,1.206047275082211,ok,True,True,extraction,
spx,4795,2019-01-28,4283,4794,512,-0.7097871059068273,linear,52,0,52,52,0,52,0.1,0.1015625,0.1015625,0.29885295261972133,2.988529526197213e-07,mle,-0.2350574291907655,1.206047275082211,ok,True,True,extraction,
spx,4796,2019-01-29,4284,4795,512,-0.7137329674111675,linear,52,0,52,52,0,52,0.1,0.1015625,0.1015625,0.30259222862919183,3.025922286291918e-07,mle,-0.23354615111944735,1.2014394588436037,ok,True,True,extraction,
spx,4797,2019-01-30,4285,4796,512,-0.7137329674111675,linear,52,0,52,52,0,52,0.1,0.1015625,0.1015625,0.30259222862919183,3.025922286291918e-07,mle,-0.23354615111944735,1.2014394588436037,ok,True,True,extraction,
spx,4798,2019-01-31,4286,4797,512,-0.7137329674111675,linear,52,0,52,52,0,52,0.1,0.1015625,0.1015625,0.30259222862919183,3.025922286291918e-07,mle,-0.23354615111944735,1.2014394588436037,ok,True,True,extraction,
spx,4799,2019-02-01,4287,4798,512,-0.7137329674111675,linear,52,0,52,52,0,52,0.1,0.1015625,0.1015625,0.30674594917169595,3.0674594917169595e-07,mle,-0.23354615111944735,1.2014394588436037,ok,True,True,extraction,
spx,4800,2019-02-04,4288,4799,512,-0.7137329674111675,linear,52,0,52,52,0,52,0.1,0.1015625,0.1015625,0.30259222862919183,3.025922286291918e-07,mle,-0.23354615111944735,1.2014394588436037,ok,True,True,extraction,
spx,4801,2019-02-05,4289,4800,512,-0.7137329674111675,linear,52,0,52,52,0,52,0.1,0.1015625,0.1015625,0.3057206436235288,3.0572064362352876e-07,mle,-0.23354615111944735,1.2014394588436037,ok,True,True,extraction,
spx,4802,2019-02-06,4290,4801,512,-0.7137329674111675,linear,52,0,52,52,0,52,0.1,0.1015625,0.1015625,0.3048695428800643,3.048695428800643e-07,mle,-0.23354615111944735,1.2014394588436037,ok,True,True,extraction,
spx,4803,2019-02-07,4291,4802,512,-0.7137329674111675,linear,52,0,52,52,0,52,0.1,0.1015625,0.1015625,0.30259222862919183,3.025922286291918e-07,mle,-0.23354615111944735,1.2014394588436037,ok,True,True,extraction,
spx,4804,2019-02-08,4292,4803,512,-0.7222687307586567,linear,52,0,52,52,0,52,0.1,0.1015625,0.1015625,0.30259222862919183,3.025922286291918e-07,mle,-0.23197995621868645,1.1943885076269987,ok,True,True,extraction,
spx,4805,2019-02-11,4293,4804,512,-0.7222687307586567,linear,52,0,52,52,0,52,0.1,0.1015625,0.1015625,0.30259222862919183,3.025922286291918e-07,mle,-0.23197995621868645,1.1943885076269987,ok,True,True,extraction,
spx,4806,2019-02-12,4294,4805,512,-0.7222687307586567,linear,52,0,52,52,0,52,0.1,0.1015625,0.1015625,0.30259222862919183,3.025922286291918e-07,mle,-0.23197995621868645,1.1943885076269987,ok,True,True,extraction,
spx,4807,2019-02-13,4295,4806,512,-0.7222687307586567,linear,52,0,52,52,0,52,0.1,0.1015625,0.1015625,0.30200208407009366,3.0200208407009364e-07,mle,-0.23197995621868645,1.1943885076269987,ok,True,True,extraction,
spx,4808,2019-02-14,4296,4807,512,-0.7222687307586567,linear,52,0,52,52,0,52,0.1,0.1015625,0.1015625,0.30200208407009366,3.0200208407009364e-07,mle,-0.23197995621868645,1.1943885076269987,ok,True,True,extraction,
spx,4809,2019-02-15,4297,4808,512,-0.7222687307586567,linear,52,0,52,52,0,52,0.1,0.1015625,0.1015625,0.3029182397556882,3.029182397556882e-07,mle,-0.23197995621868645,1.1943885076269987,ok,True,True,extraction,
spx,4810,2019-02-19,4298,4809,512,-0.7222687307586567,linear,52,0,52,52,0,52,0.1,0.1015625,0.1015625,0.3030438836115971,3.030438836115971e-07,mle,-0.23197995621868645,1.1943885076269987,ok,True,True,extraction,
spx,4811,2019-02-20,4299,4810,512,-0.7222687307586567,linear,52,0,52,52,0,52,0.1,0.1015625,0.1015625,0.3025406107549077,3.025406107549077e-07,mle,-0.23197995621868645,1.1943885076269987,ok,True,True,extraction,
spx,4812,2019-02-21,4300,4811,512,-0.7222687307586567,linear,52,0,52,52,0,52,0.1,0.1015625,0.1015625,0.3017857492374435,3.017857492374435e-07,mle,-0.23197995621868645,1.1943885076269987,ok,True,True,extraction,
spx,4813,2019-02-22,4301,4812,512,-0.7222687307586567,linear,52,0,52,52,0,52,0.1,0.1015625,0.1015625,0.30304388361159706,3.0304388361159707e-07,mle,-0.23197995621868645,1.1943885076269987,ok,True,True,extraction,
spx,4814,2019-02-25,4302,4813,512,-0.7222687307586567,linear,52,0,52,52,0,52,0.1,0.1015625,0.1015625,0.30464343719506737,3.046434371950674e-07,mle,-0.23197995621868645,1.1943885076269987,ok,True,True,extraction,
spx,4815,2019-02-26,4303,4814,512,-0.7222687307586567,linear,52,0,52,52,0,52,0.1,0.1015625,0.1015625,0.30304388361159706,3.0304388361159707e-07,mle,-0.23197995621868645,1.1943885076269987,ok,True,True,extraction,
spx,4816,2019-02-27,4304,4815,512,-0.7222687307586567,linear,52,0,52,52,0,52,0.1,0.1015625,0.1015625,0.3030438836115971,3.030438836115971e-07,mle,-0.23197995621868645,1.1943885076269987,ok,True,True,extraction,
spx,4817,2019-02-28,4305,4816,512,-0.7222687307586567,linear,52,0,52,52,0,52,0.1,0.1015625,0.1015625,0.3029182397556882,3.029182397556882e-07,mle,-0.23197995621868645,1.1943885076269987,ok,True,True,extraction,
spx,4818,2019-03-01,4306,4817,512,-0.7222687307586567,linear,52,0,52,52,0,52,0.1,0.1015625,0.1015625,0.304828549911916,3.04828549911916e-07,mle,-0.23197995621868645,1.1943885076269987,ok,True,True,extraction,
spx,4819,2019-03-04,4307,4818,512,-0.7222687307586567,linear,52,0,52,52,0,52,0.1,0.1015625,0.1015625,0.304828549911916,3.04828549911916e-07,mle,-0.23197995621868645,1.1943885076269987,ok,True,True,extraction,
spx,4820,2019-03-05,4308,4819,512,-0.7222687307586567,linear,52,0,52,52,0,52,0.1,0.1015625,0.1015625,0.30578076494420803,3.05780764944208e-07,mle,-0.23197995621868645,1.1943885076269987,ok,True,True,extraction,
spx,4821,2019-03-06,4309,4820,512,-0.7222687307586567,linear,52,0,52,52,0,52,0.1,0.1015625,0.1015625,0.30708577972862255,3.070857797286225e-07,mle,-0.23197995621868645,1.1943885076269987,ok,True,True,extraction,
spx,4822,2019-03-07,4310,4821,512,-0.7222687307586567,linear,52,0,52,52,0,52,0.1,0.1015625,0.1015625,0.308909179938545,3.08909179938545e-07,mle,-0.23197995621868645,1.1943885076269987,ok,True,True,extraction,
spx,4823,2019-03-08,4311,4822,512,-0.754470781707067,linear,52,0,52,52,0,52,0.1,0.1015625,0.1015625,0.30995097948004846,3.0995097948004846e-07,mle,-0.20163976159272723,1.1283711355017165,ok,True,True,extraction,
spx,4824,2019-03-11,4312,4823,512,-0.754470781707067,linear,52,0,52,52,0,52,0.1,0.1015625,0.1015625,0.30995097948004846,3.0995097948004846e-07,mle,-0.20163976159272723,1.1283711355017165,ok,True,True,extraction,
spx,4825,2019-03-12,4313,4824,512,-0.754470781707067,linear,52,0,52,52,0,52,0.1,0.1015625,0.1015625,0.3106471803268739,3.1064718032687386e-07,mle,-0.20163976159272723,1.1283711355017165,ok,True,True,extraction,
spx,4826,2019-03-13,4314,4825,512,-0.754470781707067,linear,52,0,52,52,0,52,0.1,0.1015625,0.1015625,0.3106471803268739,3.1064718032687386e-07,mle,-0.20163976159272723,1.1283711355017165,ok,True,True,extraction,
spx,4827,2019-03-14,4315,4826,512,-0.754470781707067,linear,52,0,52,52,0,52,0.1,0.1015625,0.1015625,0.309857710330956,3.09857710330956e-07,mle,-0.20163976159272723,1.1283711355017165,ok,True,True,extraction,
spx,4828,2019-03-15,4316,4827,512,-0.754470781707067,linear,52,0,52,52,0,52,0.1,0.1015625,0.1015625,0.30995097948004846,3.0995097948004846e-07,mle,-0.20163976159272723,1.1283711355017165,ok,True,True,extraction,
spx,4829,2019-03-18,4317,4828,512,-0.754470781707067,linear,52,0,52,52,0,52,0.1,0.1015625,0.1015625,0.308127579270126,3.08127579270126e-07,mle,-0.20163976159272723,1.1283711355017165,ok,True,True,extraction,
spx,4830,2019-03-19,4318,4829,512,-0.754470781707067,linear,52,0,52,52,0,52,0.1,0.1015625,0.1015625,0.3059120359738798,3.0591203597387977e-07,mle,-0.20163976159272723,1.1283711355017165,ok,True,True,extraction,
spx,4831,2019-03-20,4319,4830,512,-0.754470781707067,linear,52,0,52,52,0,52,0.1,0.1015625,0.1015625,0.3058224514646684,3.0582245146466837e-07,mle,-0.20163976159272723,1.1283711355017165,ok,True,True,extraction,
spx,4832,2019-03-21,4320,4831,512,-0.754470781707067,linear,52,0,52,52,0,52,0.1,0.1015625,0.1015625,0.3058224514646684,3.0582245146466837e-07,mle,-0.20163976159272723,1.1283711355017165,ok,True,True,extraction,
spx,4833,2019-03-22,4321,4832,512,-0.754470781707067,linear,52,0,52,52,0,52,0.1,0.1015625,0.1015625,0.3056901703580216,3.0569017035802157e-07,mle,-0.20163976159272723,1.1283711355017165,ok,True,True,extraction,
spx,4834,2019-03-25,4322,4833,512,-0.7594515791819983,linear,52,0,52,52,0,52,0.1,0.1015625,0.1015625,0.30760048051424943,3.076004805142494e-07,mle,-0.2311794992649604,1.1771056231902848,ok,True,True,extraction,
spx,4835,2019-03-26,4323,4834,512,-0.7594515791819983,linear,52,0,52,52,0,52,0.1,0.1015625,0.1015625,0.309857710330956,3.09857710330956e-07,mle,-0.2311794992649604,1.1771056231902848,ok,True,True,extraction,
spx,4836,2019-03-27,4324,4835,512,-0.7594515791819983,linear,52,0,52,52,0,52,0.1,0.1015625,0.1015625,0.3122467339103442,3.122467339103442e-07,mle,-0.2311794992649604,1.1771056231902848,ok,True,True,extraction,
spx,4837,2019-03-28,4325,4836,512,-0.7594515791819983,linear,52,0,52,52,0,52,0.1,0.1015625,0.1015625,0.3122467339103442,3.122467339103442e-07,mle,-0.2311794992649604,1.1771056231902848,ok,True,True,extraction,
spx,4838,2019-03-29,4326,4837,512,-0.7594515791819983,linear,52,0,52,52,0,52,0.1,0.1015625,0.1015625,0.30760048051424943,3.076004805142494e-07,mle,-0.2311794992649604,1.1771056231902848,ok,True,True,extraction,
spx,4839,2019-04-01,4327,4838,512,-0.7594515791819983,linear,52,0,52,52,0,52,0.1,0.1015625,0.1015625,0.3124679059738903,3.124679059738903e-07,mle,-0.2311794992649604,1.1771056231902848,ok,True,True,extraction,
spx,4840,2019-04-02,4328,4839,512,-0.7594515791819983,linear,52,0,52,52,0,52,0.1,0.1015625,0.1015625,0.3189293909101885,3.189293909101885e-07,mle,-0.2311794992649604,1.1771056231902848,ok,True,True,extraction,
spx,4841,2019-04-03,4329,4840,512,-0.7594515791819983,linear,52,0,52,52,0,52,0.1,0.1015625,0.1015625,0.3189293909101885,3.189293909101885e-07,mle,-0.2311794992649604,1.1771056231902848,ok,True,True,extraction,
spx,4842,2019-04-04,4330,4841,512,-0.754470781707067,linear,52,0,52,52,0,52,0.1,0.1015625,0.1015625,0.31419355300488244,3.141935530048824e-07,mle,-0.22113065619172448,1.1626513996822263,ok,True,True,extraction,
spx,4843,2019-04-05,4331,4842,512,-0.754470781707067,linear,52,0,52,52,0,52,0.1,0.1015625,0.1015625,0.31419355300488244,3.141935530048824e-07,mle,-0.22113065619172448,1.1626513996822263,ok,True,True,extraction,
spx,4844,2019-04-08,4332,4843,512,-0.754470781707067,linear,52,0,52,52,0,52,0.1,0.1015625,0.1015625,0.3189293909101885,3.189293909101885e-07,mle,-0.22113065619172448,1.1626513996822263,ok,True,True,extraction,
spx,4845,2019-04-09,4333,4844,512,-0.754470781707067,linear,52,0,52,52,0,52,0.1,0.1015625,0.1015625,0.3189293909101885,3.189293909101885e-07,mle,-0.22113065619172448,1.1626513996822263,ok,True,True,extraction,
spx,4846,2019-04-10,4334,4845,512,-0.754470781707067,linear,52,0,52,52,0,52,0.1,0.1015625,0.1015625,0.32389466659674443,3.238946665967444e-07,mle,-0.22113065619172448,1.1626513996822263,ok,True,True,extraction,
spx,4847,2019-04-11,4335,4846,512,-0.754470781707067,linear,52,0,52,52,0,52,0.1,0.1015625,0.1015625,0.3189293909101885,3.189293909101885e-07,mle,-0.22113065619172448,1.1626513996822263,ok,True,True,extraction,
spx,4848,2019-04-12,4336,4847,512,-0.754470781707067,linear,52,0,52,52,0,52,0.1,0.1015625,0.1015625,0.3189293909101885,3.189293909101885e-07,mle,-0.22113065619172448,1.1626513996822263,ok,True,True,extraction,
spx,4849,2019-04-15,4337,4848,512,-0.754470781707067,linear,52,0,52,52,0,52,0.1,0.1015625,0.1015625,0.32389466659674443,3.238946665967444e-07,mle,-0.22113065619172448,1.1626513996822263,ok,True,True,extraction,
spx,4850,2019-04-16,4338,4849,512,-0.754470781707067,linear,52,0,52,52,0,52,0.1,0.1015625,0.1015625,0.32389466659674443,3.238946665967444e-07,mle,-0.22113065619172448,1.1626513996822263,ok,True,True,extraction,
spx,4851,2019-04-17,4339,4850,512,-0.754470781707067,linear,52,0,52,52,0,52,0.1,0.1015625,0.1015625,0.32389466659674443,3.238946665967444e-07,mle,-0.22113065619172448,1.1626513996822263,ok,True,True,extraction,
spx,4852,2019-04-18,4340,4851,512,-0.754470781707067,linear,52,0,52,52,0,52,0.1,0.1015625,0.1015625,0.32389466659674443,3.238946665967444e-07,mle,-0.22113065619172448,1.1626513996822263,ok,True,True,extraction,
spx,4853,2019-04-22,4341,4852,512,-0.754470781707067,linear,52,0,52,52,0,52,0.1,0.1015625,0.1015625,0.3189293909101885,3.189293909101885e-07,mle,-0.22113065619172448,1.1626513996822263,ok,True,True,extraction,
spx,4854,2019-04-23,4342,4853,512,-0.754470781707067,linear,52,0,52,52,0,52,0.1,0.1015625,0.1015625,0.3189293909101885,3.189293909101885e-07,mle,-0.22113065619172448,1.1626513996822263,ok,True,True,extraction,
spx,4855,2019-04-24,4343,4854,512,-0.754470781707067,linear,52,0,52,52,0,52,0.1,0.1015625,0.1015625,0.32389466659674443,3.238946665967444e-07,mle,-0.22113065619172448,1.1626513996822263,ok,True,True,extraction,
spx,4856,2019-04-25,4344,4855,512,-0.754470781707067,linear,52,0,52,52,0,52,0.1,0.1015625,0.1015625,0.32389466659674443,3.238946665967444e-07,mle,-0.22113065619172448,1.1626513996822263,ok,True,True,extraction,
spx,4857,2019-04-26,4345,4856,512,-0.754470781707067,linear,52,0,52,52,0,52,0.1,0.1015625,0.1015625,0.32389466659674443,3.238946665967444e-07,mle,-0.22113065619172448,1.1626513996822263,ok,True,True,extraction,
spx,4858,2019-04-29,4346,4857,512,-0.754470781707067,linear,52,0,52,52,0,52,0.1,0.1015625,0.1015625,0.32389466659674443,3.238946665967444e-07,mle,-0.22113065619172448,1.1626513996822263,ok,True,True,extraction,
spx,4859,2019-04-30,4347,4858,512,-0.754470781707067,linear,52,0,52,52,0,52,0.1,0.1015625,0.1015625,0.3191588286914383,3.191588286914383e-07,mle,-0.22113065619172448,1.1626513996822263,ok,True,True,extraction,
spx,4860,2019-05-01,4348,4859,512,-0.754470781707067,linear,52,0,52,52,0,52,0.1,0.1015625,0.1015625,0.3141935530048824,3.1419355300488236e-07,mle,-0.22113065619172448,1.1626513996822263,ok,True,True,extraction,
spx,4861,2019-05-02,4349,4860,512,-0.757455728195957,linear,52,0,52,52,0,52,0.1,0.1015625,0.1015625,0.3141935530048824,3.1419355300488236e-07,mle,-0.2180825773804454,1.1561530793590775,ok,True,True,extraction,
spx,4862,2019-05-03,4350,4861,512,-0.757455728195957,linear,52,0,52,52,0,52,0.1,0.1015625,0.1015625,0.3141935530048824,3.1419355300488236e-07,mle,-0.2180825773804454,1.1561530793590775,ok,True,True,extraction,
spx,4863,2019-05-06,4351,4862,512,-0.757455728195957,linear,52,0,52,52,0,52,0.1,0.1015625,0.1015625,0.3141935530048824,3.1419355300488236e-07,mle,-0.2180825773804454,1.1561530793590775,ok,True,True,extraction,
spx,4864,2019-05-07,4352,4863,512,-0.757455728195957,linear,52,0,52,52,0,52,0.1,0.1015625,0.1015625,0.3141935530048824,3.1419355300488236e-07,mle,-0.2180825773804454,1.1561530793590775,ok,True,True,extraction,
spx,4865,2019-05-08,4353,4864,512,-0.7594515791819983,linear,52,0,52,52,0,52,0.1,0.1015625,0.1015625,0.3141935530048824,3.1419355300488236e-07,mle,-0.24254200536787923,1.1976904198745606,ok,True,True,extraction,
spx,4866,2019-05-09,4354,4865,512,-0.7594515791819983,linear,52,0,52,52,0,52,0.1,0.1015625,0.1015625,0.3098736912554012,3.098736912554012e-07,mle,-0.24254200536787923,1.1976904198745606,ok,True,True,extraction,
spx,4867,2019-05-10,4355,4866,512,-0.7594515791819983,linear,52,0,52,52,0,52,0.1,0.1015625,0.1015625,0.31419355300488244,3.141935530048824e-07,mle,-0.24254200536787923,1.1976904198745606,ok,True,True,extraction,
spx,4868,2019-05-13,4356,4867,512,-0.7594515791819983,linear,52,0,52,52,0,52,0.1,0.1015625,0.1015625,0.3141935530048824,3.1419355300488236e-07,mle,-0.24254200536787923,1.1976904198745606,ok,True,True,extraction,
spx,4869,2019-05-14,4357,4868,512,-0.7627706605085989,linear,52,0,52,52,0,52,0.1,0.1015625,0.1015625,0.3191373733462355,3.1913737334623545e-07,mle,-0.2796787251865711,1.2697549848919951,ok,True,True,extraction,
spx,4870,2019-05-15,4358,4869,512,-0.7627706605085989,linear,52,0,52,52,0,52,0.1,0.1015625,0.1015625,0.32389466659674443,3.238946665967444e-07,mle,-0.2796787251865711,1.2697549848919951,ok,True,True,extraction,
spx,4871,2019-05-16,4359,4870,512,-0.7627706605085989,linear,52,0,52,52,0,52,0.1,0.1015625,0.1015625,0.3266520475361251,3.266520475361251e-07,mle,-0.2796787251865711,1.2697549848919951,ok,True,True,extraction,
spx,4872,2019-05-17,4360,4871,512,-0.7627706605085989,linear,52,0,52,52,0,52,0.1,0.1015625,0.1015625,0.328699447171466,3.2869944717146597e-07,mle,-0.2796787251865711,1.2697549848919951,ok,True,True,extraction,
spx,4873,2019-05-20,4361,4872,512,-0.7627706605085989,linear,52,0,52,52,0,52,0.1,0.1015625,0.1015625,0.33151342450451277,3.3151342450451274e-07,mle,-0.2796787251865711,1.2697549848919951,ok,True,True,extraction,
spx,4874,2019-05-21,4362,4873,512,-0.7627706605085989,linear,52,0,52,52,0,52,0.1,0.1015625,0.1015625,0.3337918000727207,3.337918000727207e-07,mle,-0.2796787251865711,1.2697549848919951,ok,True,True,extraction,
spx,4875,2019-05-22,4363,4874,512,-0.7627706605085989,linear,52,0,52,52,0,52,0.1,0.1015625,0.1015625,0.3333799987699005,3.3337999876990046e-07,mle,-0.2796787251865711,1.2697549848919951,ok,True,True,extraction,
spx,4876,2019-05-23,4364,4875,512,-0.7627706605085989,linear,52,0,52,52,0,52,0.1,0.1015625,0.1015625,0.3359544155859778,3.359544155859778e-07,mle,-0.2796787251865711,1.2697549848919951,ok,True,True,extraction,
spx,4877,2019-05-24,4365,4876,512,-0.785311912197589,linear,52,0,52,52,0,52,0.1,0.1015625,0.1015625,0.33626682936862384,3.3626682936862383e-07,mle,-0.27165166907387,1.24346585788452,ok,True,True,extraction,
spx,4878,2019-05-28,4366,4877,512,-0.785311912197589,linear,52,0,52,52,0,52,0.1,0.1015625,0.1015625,0.3381987996429893,3.381987996429893e-07,mle,-0.27165166907387,1.24346585788452,ok,True,True,extraction,
spx,4879,2019-05-29,4367,4878,512,-0.8082805502976506,linear,52,0,52,52,0,52,0.1,0.1015625,0.1015625,0.33948611988305066,3.394861198830506e-07,mle,-0.25318030402616265,1.1986983684063925,ok,True,True,extraction,
spx,4880,2019-05-30,4368,4879,512,-0.8082805502976506,linear,52,0,52,52,0,52,0.1,0.1015625,0.1015625,0.3372417358260391,3.372417358260391e-07,mle,-0.25318030402616265,1.1986983684063925,ok,True,True,extraction,
spx,4881,2019-05-31,4369,4880,512,-0.8082805502976506,linear,52,0,52,52,0,52,0.1,0.1015625,0.1015625,0.33948611988305066,3.394861198830506e-07,mle,-0.25318030402616265,1.1986983684063925,ok,True,True,extraction,
spx,4882,2019-06-03,4370,4881,512,-0.8082805502976506,linear,52,0,52,52,0,52,0.1,0.1015625,0.1015625,0.33948611988305066,3.394861198830506e-07,mle,-0.2399430796518621,1.1742513547889675,ok,True,True,extraction,
spx,4883,2019-06-04,4371,4882,512,-0.8082805502976506,linear,52,0,52,52,0,52,0.1,0.1015625,0.1015625,0.3438780143027239,3.438780143027239e-07,mle,-0.2399430796518621,1.1742513547889675,ok,True,True,extraction,
spx,4884,2019-06-05,4372,4883,512,-0.8082805502976506,linear,52,0,52,52,0,52,0.1,0.1015625,0.1015625,0.3438780143027239,3.438780143027239e-07,mle,-0.2399430796518621,1.1742513547889675,ok,True,True,extraction,
spx,4885,2019-06-06,4373,4884,512,-0.8082805502976506,linear,52,0,52,52,0,52,0.1,0.1015625,0.1015625,0.3438780143027239,3.438780143027239e-07,mle,-0.2399430796518621,1.1742513547889675,ok,True,True,extraction,
spx,4886,2019-06-07,4374,4885,512,-0.8082805502976506,linear,52,0,52,52,0,52,0.1,0.1015625,0.1015625,0.35026527842799704,3.50265278427997e-07,mle,-0.2399430796518621,1.1742513547889675,ok,True,True,extraction,
spx,4887,2019-06-10,4375,4886,512,-0.8082805502976506,linear,52,0,52,52,0,52,0.1,0.1015625,0.1015625,0.35216488577589866,3.5216488577589863e-07,mle,-0.2399430796518621,1.1742513547889675,ok,True,True,extraction,
spx,4888,2019-06-11,4376,4887,512,-0.8082805502976506,linear,52,0,52,52,0,52,0.1,0.1015625,0.1015625,0.35216488577589866,3.5216488577589863e-07,mle,-0.2399430796518621,1.1742513547889675,ok,True,True,extraction,
spx,4889,2019-06-12,4377,4888,512,-0.8082805502976506,linear,52,0,52,52,0,52,0.1,0.1015625,0.1015625,0.35216488577589866,3.5216488577589863e-07,mle,-0.2399430796518621,1.1742513547889675,ok,True,True,extraction,
spx,4890,2019-06-13,4378,4889,512,-0.8082805502976506,linear,52,0,52,52,0,52,0.1,0.1015625,0.1015625,0.35216488577589866,3.5216488577589863e-07,mle,-0.2399430796518621,1.1742513547889675,ok,True,True,extraction,
spx,4891,2019-06-14,4379,4890,512,-0.8082805502976506,linear,52,0,52,52,0,52,0.1,0.1015625,0.1015625,0.3544432613441066,3.5444326134410657e-07,mle,-0.2399430796518621,1.1742513547889675,ok,True,True,extraction,
spx,4892,2019-06-17,4380,4891,512,-0.8082805502976506,linear,52,0,52,52,0,52,0.1,0.1015625,0.1015625,0.35026527842799704,3.50265278427997e-07,mle,-0.2399430796518621,1.1742513547889675,ok,True,True,extraction,
spx,4893,2019-06-18,4381,4892,512,-0.8082805502976506,linear,52,0,52,52,0,52,0.1,0.1015625,0.1015625,0.35026527842799704,3.50265278427997e-07,mle,-0.2399430796518621,1.1742513547889675,ok,True,True,extraction,
spx,4894,2019-06-19,4382,4893,512,-0.8082805502976506,linear,52,0,52,52,0,52,0.1,0.1015625,0.1015625,0.3544432613441066,3.5444326134410657e-07,mle,-0.2399430796518621,1.1742513547889675,ok,True,True,extraction,
spx,4895,2019-06-20,4383,4894,512,-0.8082805502976506,linear,52,0,52,52,0,52,0.1,0.1015625,0.1015625,0.354554179558672,3.54554179558672e-07,mle,-0.2399430796518621,1.1742513547889675,ok,True,True,extraction,
spx,4896,2019-06-21,4384,4895,512,-0.8082805502976506,linear,52,0,52,52,0,52,0.1,0.1015625,0.1015625,0.3575202650382469,3.5752026503824687e-07,mle,-0.2399430796518621,1.1742513547889675,ok,True,True,extraction,
spx,4897,2019-06-24,4385,4896,512,-0.8082805502976506,linear,52,0,52,52,0,52,0.1,0.1015625,0.1015625,0.3575202650382469,3.5752026503824687e-07,mle,-0.2399430796518621,1.1742513547889675,ok,True,True,extraction,
spx,4898,2019-06-25,4386,4897,512,-0.8082805502976506,linear,52,0,52,52,0,52,0.1,0.1015625,0.1015625,0.3575202650382469,3.5752026503824687e-07,mle,-0.2399430796518621,1.1742513547889675,ok,True,True,extraction,
spx,4899,2019-06-26,4387,4898,512,-0.8153578682065332,linear,52,0,52,52,0,52,0.1,0.1015625,0.1015625,0.3586425049224704,3.586425049224704e-07,mle,-0.23743718433961847,1.1663683757721608,ok,True,True,extraction,
spx,4900,2019-06-27,4388,4899,512,-0.8153578682065332,linear,52,0,52,52,0,52,0.1,0.1015625,0.1015625,0.3567174462288742,3.5671744622887416e-07,mle,-0.23743718433961847,1.1663683757721608,ok,True,True,extraction,
spx,4901,2019-06-28,4389,4900,512,-0.8153578682065332,linear,52,0,52,52,0,52,0.1,0.1015625,0.1015625,0.3575202650382469,3.5752026503824687e-07,mle,-0.23743718433961847,1.1663683757721608,ok,True,True,extraction,
spx,4902,2019-07-01,4390,4901,512,-0.8153578682065332,linear,52,0,52,52,0,52,0.1,0.1015625,0.1015625,0.3602020175444796,3.602020175444796e-07,mle,-0.23743718433961847,1.1663683757721608,ok,True,True,extraction,
spx,4903,2019-07-02,4391,4902,512,-0.8153578682065332,linear,52,0,52,52,0,52,0.1,0.1015625,0.1015625,0.3639774340322703,3.639774340322703e-07,mle,-0.23743718433961847,1.1663683757721608,ok,True,True,extraction,
spx,4904,2019-07-03,4392,4903,512,-0.8153578682065332,linear,52,0,52,52,0,52,0.1,0.1015625,0.1015625,0.3628551941480468,3.628551941480468e-07,mle,-0.23743718433961847,1.1663683757721608,ok,True,True,extraction,
spx,4905,2019-07-05,4393,4904,512,-0.8153578682065332,linear,52,0,52,52,0,52,0.1,0.1015625,0.1015625,0.3624627968836895,3.6246279688368947e-07,mle,-0.23743718433961847,1.1663683757721608,ok,True,True,extraction,
spx,4906,2019-07-08,4394,4905,512,-0.8153578682065332,linear,52,0,52,52,0,52,0.1,0.1015625,0.1015625,0.3624627968836895,3.6246279688368947e-07,mle,-0.23743718433961847,1.1663683757721608,ok,True,True,extraction,
spx,4907,2019-07-09,4395,4906,512,-0.8153578682065332,linear,52,0,52,52,0,52,0.1,0.1015625,0.1015625,0.36383288498090965,3.6383288498090966e-07,mle,-0.23743718433961847,1.1663683757721608,ok,True,True,extraction,
spx,4908,2019-07-10,4396,4907,512,-0.8153578682065332,linear,52,0,52,52,0,52,0.1,0.1015625,0.1015625,0.36383288498090965,3.6383288498090966e-07,mle,-0.23743718433961847,1.1663683757721608,ok,True,True,extraction,
spx,4909,2019-07-11,4397,4908,512,-0.8153578682065332,linear,52,0,52,52,0,52,0.1,0.1015625,0.1015625,0.3644299771844373,3.644299771844373e-07,mle,-0.23743718433961847,1.1663683757721608,ok,True,True,extraction,
spx,4910,2019-07-12,4398,4909,512,-0.8130797609368932,linear,52,0,52,52,0,52,0.1,0.1015625,0.1015625,0.3623983397785989,3.623983397785989e-07,mle,-0.2395682729940782,1.1711474993098792,ok,True,True,extraction,
spx,4911,2019-07-15,4399,4910,512,-0.8130797609368932,linear,52,0,52,52,0,52,0.1,0.1015625,0.1015625,0.3623983397785989,3.623983397785989e-07,mle,-0.2395682729940782,1.1711474993098792,ok,True,True,extraction,
spx,4912,2019-07-16,4400,4911,512,-0.785311912197589,linear,52,0,52,52,0,52,0.1,0.1015625,0.1015625,0.3604660159730986,3.6046601597309855e-07,mle,-0.2624984964201804,1.2253123357219127,ok,True,True,extraction,
spx,4913,2019-07-17,4401,4912,512,-0.785311912197589,linear,52,0,52,52,0,52,0.1,0.1015625,0.1015625,0.3634808795195276,3.634808795195276e-07,mle,-0.2624984964201804,1.2253123357219127,ok,True,True,extraction,
spx,4914,2019-07-18,4402,4913,512,-0.785311912197589,linear,52,0,52,52,0,52,0.1,0.1015625,0.1015625,0.3653804868674293,3.6538048686742926e-07,mle,-0.2624984964201804,1.2253123357219127,ok,True,True,extraction,
spx,4915,2019-07-19,4403,4914,512,-0.785311912197589,linear,52,0,52,52,0,52,0.1,0.1015625,0.1015625,0.3653804868674293,3.6538048686742926e-07,mle,-0.2624984964201804,1.2253123357219127,ok,True,True,extraction,
spx,4916,2019-07-22,4404,4915,512,-0.7627706605085989,linear,52,0,52,52,0,52,0.1,0.1015625,0.1015625,0.3653804868674293,3.6538048686742926e-07,mle,-0.2769281777841212,1.2632337104107427,ok,True,True,extraction,
spx,4917,2019-07-23,4405,4916,512,-0.7627706605085989,linear,52,0,52,52,0,52,0.1,0.1015625,0.1015625,0.36383288498090965,3.6383288498090966e-07,mle,-0.2769281777841212,1.2632337104107427,ok,True,True,extraction,
spx,4918,2019-07-24,4406,4917,512,-0.7627706605085989,linear,52,0,52,52,0,52,0.1,0.1015625,0.1015625,0.3653804868674293,3.6538048686742926e-07,mle,-0.2769281777841212,1.2632337104107427,ok,True,True,extraction,
spx,4919,2019-07-25,4407,4918,512,-0.7627706605085989,linear,52,0,52,52,0,52,0.1,0.1015625,0.1015625,0.36576520878641006,3.6576520878641006e-07,mle,-0.2769281777841212,1.2632337104107427,ok,True,True,extraction,
spx,4920,2019-07-26,4408,4919,512,-0.7627706605085989,linear,52,0,52,52,0,52,0.1,0.1015625,0.1015625,0.36644696499910245,3.664469649991024e-07,mle,-0.2769281777841212,1.2632337104107427,ok,True,True,extraction,
spx,4921,2019-07-29,4409,4920,512,-0.7627706605085989,linear,52,0,52,52,0,52,0.1,0.1015625,0.1015625,0.3665693566206468,3.665693566206468e-07,mle,-0.2769281777841212,1.2632337104107427,ok,True,True,extraction,
spx,4922,2019-07-30,4410,4921,512,-0.7627706605085989,linear,52,0,52,52,0,52,0.1,0.1015625,0.1015625,0.365054719472066,3.65054719472066e-07,mle,-0.2769281777841212,1.2632337104107427,ok,True,True,extraction,
spx,4923,2019-07-31,4411,4922,512,-0.7627706605085989,linear,52,0,52,52,0,52,0.1,0.1015625,0.1015625,0.365054719472066,3.65054719472066e-07,mle,-0.2769281777841212,1.2632337104107427,ok,True,True,extraction,
spx,4924,2019-08-01,4412,4923,512,-0.785311912197589,linear,52,0,52,52,0,52,0.1,0.1015625,0.1015625,0.3674246558319654,3.6742465583196533e-07,mle,-0.2664030183392534,1.2323442628363062,ok,True,True,extraction,
spx,4925,2019-08-02,4413,4924,512,-0.8130797609368932,linear,52,0,52,52,0,52,0.1,0.1015625,0.1015625,0.36869994547387935,3.6869994547387933e-07,mle,-0.24505280237990898,1.1804897070455784,ok,True,True,extraction,
spx,4926,2019-08-05,4414,4925,512,-0.8130797609368932,linear,52,0,52,52,0,52,0.1,0.1015625,0.1015625,0.3695256898907449,3.695256898907449e-07,mle,-0.24505280237990898,1.1804897070455784,ok,True,True,extraction,
spx,4927,2019-08-06,4415,4926,512,-0.8198622992741949,linear,52,0,52,52,0,52,0.1,0.1015625,0.1015625,0.3709179918995806,3.7091799189958055e-07,mle,-0.2859716706834696,1.2661870590507505,ok,True,True,extraction,
spx,4928,2019-08-07,4416,4927,512,-0.8198622992741949,linear,52,0,52,52,0,52,0.1,0.1015625,0.1015625,0.37166837219824195,3.7166837219824194e-07,mle,-0.2859716706834696,1.2661870590507505,ok,True,True,extraction,
spx,4929,2019-08-08,4417,4928,512,-0.8198622992741949,linear,52,0,52,52,0,52,0.1,0.1015625,0.1015625,0.3724621838426143,3.724621838426143e-07,mle,-0.2859716706834696,1.2661870590507505,ok,True,True,extraction,
spx,4930,2019-08-09,4418,4929,512,-0.8198622992741949,linear,52,0,52,52,0,52,0.1,0.1015625,0.1015625,0.3745632179013939,3.745632179013939e-07,mle,-0.2859716706834696,1.2661870590507505,ok,True,True,extraction,
spx,4931,2019-08-12,4419,4930,512,-0.8198622992741949,linear,52,0,52,52,0,52,0.1,0.1015625,0.1015625,0.37766142644153583,3.776614264415358e-07,mle,-0.2859716706834696,1.2661870590507505,ok,True,True,extraction,
spx,4932,2019-08-13,4420,4931,512,-0.8219376836130105,linear,52,0,52,52,0,52,0.1,0.1015625,0.1015625,0.3796208686166027,3.796208686166027e-07,mle,-0.2943420632510915,1.2807881135806582,ok,True,True,extraction,
spx,4933,2019-08-14,4421,4932,512,-0.8219376836130105,linear,52,0,52,52,0,52,0.1,0.1015625,0.1015625,0.3787207181934398,3.787207181934398e-07,mle,-0.2943420632510915,1.2807881135806582,ok,True,True,extraction,
spx,4934,2019-08-15,4422,4933,512,-0.8391974255126343,linear,52,0,52,52,0,52,0.1,0.1015625,0.1015625,0.38187504853257914,3.818750485325791e-07,mle,-0.3255384829128197,1.3442308423458573,ok,True,True,extraction,
spx,4935,2019-08-16,4423,4934,512,-0.8391974255126343,linear,52,0,52,52,0,52,0.1,0.1015625,0.1015625,0.37928312594420255,3.7928312594420255e-07,mle,-0.3255384829128197,1.3442308423458573,ok,True,True,extraction,
spx,4936,2019-08-19,4424,4935,512,-0.8391974255126343,linear,52,0,52,52,0,52,0.1,0.1015625,0.1015625,0.37989584077675864,3.798958407767586e-07,mle,-0.3255384829128197,1.3442308423458573,ok,True,True,extraction,
spx,4937,2019-08-20,4425,4936,512,-0.8391974255126343,linear,52,0,52,52,0,52,0.1,0.1015625,0.1015625,0.3811523532037248,3.8115235320372477e-07,mle,-0.3255384829128197,1.3442308423458573,ok,True,True,extraction,
spx,4938,2019-08-21,4426,4937,512,-0.8391974255126343,linear,52,0,52,52,0,52,0.1,0.1015625,0.1015625,0.38390279836087393,3.839027983608739e-07,mle,-0.3255384829128197,1.3442308423458573,ok,True,True,extraction,
spx,4939,2019-08-22,4427,4938,512,-0.8391974255126343,linear,52,0,52,52,0,52,0.1,0.1015625,0.1015625,0.3827187241984909,3.827187241984909e-07,mle,-0.3255384829128197,1.3442308423458573,ok,True,True,extraction,
spx,4940,2019-08-23,4428,4939,512,-0.8391974255126343,linear,52,0,52,52,0,52,0.1,0.1015625,0.1015625,0.3827187241984909,3.827187241984909e-07,mle,-0.3255384829128197,1.3442308423458573,ok,True,True,extraction,
spx,4941,2019-08-26,4429,4940,512,-0.8391974255126343,linear,52,0,52,52,0,52,0.1,0.1015625,0.1015625,0.3827187241984909,3.827187241984909e-07,mle,-0.35006835814201986,1.3993791038137673,ok,True,True,extraction,
spx,4942,2019-08-27,4430,4941,512,-0.8391974255126343,linear,52,0,52,52,0,52,0.1,0.1015625,0.1015625,0.3861684549639245,3.8616845496392447e-07,mle,-0.35006835814201986,1.3993791038137673,ok,True,True,extraction,
spx,4943,2019-08-28,4431,4942,512,-0.8391974255126343,linear,52,0,52,52,0,52,0.1,0.1015625,0.1015625,0.3861684549639245,3.8616845496392447e-07,mle,-0.35006835814201986,1.3993791038137673,ok,True,True,extraction,
spx,4944,2019-08-29,4432,4943,512,-0.8391974255126343,linear,52,0,52,52,0,52,0.1,0.1015625,0.1015625,0.3891545088825873,3.8915450888258727e-07,mle,-0.35006835814201986,1.3993791038137673,ok,True,True,extraction,
spx,4945,2019-08-30,4433,4944,512,-0.8391974255126343,linear,52,0,52,52,0,52,0.1,0.1015625,0.1015625,0.3903210817460461,3.9032108174604605e-07,mle,-0.35006835814201986,1.3993791038137673,ok,True,True,extraction,
spx,4946,2019-09-03,4434,4945,512,-0.8219376836130105,linear,52,0,52,52,0,52,0.1,0.1015625,0.1015625,0.3891545088825873,3.8915450888258727e-07,mle,-0.34753140037474933,1.402931635838649,ok,True,True,extraction,
spx,4947,2019-09-04,4435,4946,512,-0.8219376836130105,linear,52,0,52,52,0,52,0.1,0.1015625,0.1015625,0.3903210817460461,3.9032108174604605e-07,mle,-0.34753140037474933,1.402931635838649,ok,True,True,extraction,
spx,4948,2019-09-05,4436,4947,512,-0.8219376836130105,linear,52,0,52,52,0,52,0.1,0.1015625,0.1015625,0.3910042416484198,3.910042416484198e-07,mle,-0.34753140037474933,1.402931635838649,ok,True,True,extraction,
spx,4949,2019-09-06,4437,4948,512,-0.8219376836130105,linear,52,0,52,52,0,52,0.1,0.1015625,0.1015625,0.3910042416484198,3.910042416484198e-07,mle,-0.34753140037474933,1.402931635838649,ok,True,True,extraction,
spx,4950,2019-09-09,4438,4949,512,-0.8219376836130105,linear,52,0,52,52,0,52,0.1,0.1015625,0.1015625,0.39118614628842563,3.911861462884256e-07,mle,-0.34753140037474933,1.402931635838649,ok,True,True,extraction,
spx,4951,2019-09-10,4439,4950,512,-0.8219376836130105,linear,52,0,52,52,0,52,0.1,0.1015625,0.1015625,0.39118614628842563,3.911861462884256e-07,mle,-0.34753140037474933,1.402931635838649,ok,True,True,extraction,
spx,4952,2019-09-11,4440,4951,512,-0.8219376836130105,linear,52,0,52,52,0,52,0.1,0.1015625,0.1015625,0.3903210817460461,3.9032108174604605e-07,mle,-0.34753140037474933,1.402931635838649,ok,True,True,extraction,
spx,4953,2019-09-12,4441,4952,512,-0.8219376836130105,linear,52,0,52,52,0,52,0.1,0.1015625,0.1015625,0.3924145105377529,3.9241451053775285e-07,mle,-0.34753140037474933,1.402931635838649,ok,True,True,extraction,
spx,4954,2019-09-13,4442,4953,512,-0.8219376836130105,linear,52,0,52,52,0,52,0.1,0.1015625,0.1015625,0.39343873953579334,3.934387395357933e-07,mle,-0.34753140037474933,1.402931635838649,ok,True,True,extraction,
spx,4955,2019-09-16,4443,4954,512,-0.8219376836130105,linear,52,0,52,52,0,52,0.1,0.1015625,0.1015625,0.3924145105377529,3.9241451053775285e-07,mle,-0.34753140037474933,1.402931635838649,ok,True,True,extraction,
spx,4956,2019-09-17,4444,4955,512,-0.8219376836130105,linear,52,0,52,52,0,52,0.1,0.1015625,0.1015625,0.39100424164841974,3.9100424164841973e-07,mle,-0.34753140037474933,1.402931635838649,ok,True,True,extraction,
spx,4957,2019-09-18,4445,4956,512,-0.8219376836130105,linear,52,0,52,52,0,52,0.1,0.1015625,0.1015625,0.39100424164841974,3.9100424164841973e-07,mle,-0.34753140037474933,1.402931635838649,ok,True,True,extraction,
spx,4958,2019-09-19,4446,4957,512,-0.8219376836130105,linear,52,0,52,52,0,52,0.1,0.1015625,0.1015625,0.38981055540908827,3.8981055540908824e-07,mle,-0.34753140037474933,1.402931635838649,ok,True,True,extraction,
spx,4959,2019-09-20,4447,4958,512,-0.8219376836130105,linear,52,0,52,52,0,52,0.1,0.1015625,0.1015625,0.3876457266515193,3.876457266515193e-07,mle,-0.34753140037474933,1.402931635838649,ok,True,True,extraction,
spx,4960,2019-09-23,4448,4959,512,-0.8219376836130105,linear,52,0,52,52,0,52,0.1,0.1015625,0.1015625,0.3918941676853095,3.9189416768530945e-07,mle,-0.34753140037474933,1.402931635838649,ok,True,True,extraction,
spx,4961,2019-09-24,4449,4960,512,-0.8219376836130105,linear,52,0,52,52,0,52,0.1,0.1015625,0.1015625,0.3918941676853095,3.9189416768530945e-07,mle,-0.34753140037474933,1.402931635838649,ok,True,True,extraction,
spx,4962,2019-09-25,4450,4961,512,-0.8391974255126343,linear,52,0,52,52,0,52,0.1,0.1015625,0.1015625,0.3918941676853095,3.9189416768530945e-07,mle,-0.3353604257106817,1.3690926700830421,ok,True,True,extraction,
spx,4963,2019-09-26,4451,4962,512,-0.8391974255126343,linear,52,0,52,52,0,52,0.1,0.1015625,0.1015625,0.39192060766661585,3.9192060766661584e-07,mle,-0.3353604257106817,1.3690926700830421,ok,True,True,extraction,
spx,4964,2019-09-27,4452,4963,512,-0.8391974255126343,linear,52,0,52,52,0,52,0.1,0.1015625,0.1015625,0.39192060766661585,3.9192060766661584e-07,mle,-0.3353604257106817,1.3690926700830421,ok,True,True,extraction,
spx,4965,2019-09-30,4453,4964,512,-0.8391974255126343,linear,52,0,52,52,0,52,0.1,0.1015625,0.1015625,0.39477383068585237,3.947738306858524e-07,mle,-0.3353604257106817,1.3690926700830421,ok,True,True,extraction,
spx,4966,2019-10-01,4454,4965,512,-0.8391974255126343,linear,52,0,52,52,0,52,0.1,0.1015625,0.1015625,0.3981554910699048,3.9815549106990474e-07,mle,-0.3353604257106817,1.3690926700830421,ok,True,True,extraction,
spx,4967,2019-10-02,4455,4966,512,-0.8447885067222356,linear,52,0,52,52,0,52,0.1,0.1015625,0.1015625,0.3984259032525308,3.9842590325253077e-07,mle,-0.33945892414579804,1.3744034958429303,ok,True,True,extraction,
spx,4968,2019-10-03,4456,4967,512,-0.8561058365872585,linear,52,0,52,52,0,52,0.1,0.1015625,0.1015625,0.4002508464586031,4.0025084645860307e-07,mle,-0.3510094724947557,1.3929004926467736,ok,True,True,extraction,
spx,4969,2019-10-04,4457,4968,512,-0.8561058365872585,linear,52,0,52,52,0,52,0.1,0.1015625,0.1015625,0.4032109283606751,4.032109283606751e-07,mle,-0.3510094724947557,1.3929004926467736,ok,True,True,extraction,
spx,4970,2019-10-07,4458,4969,512,-0.8561058365872585,linear,52,0,52,52,0,52,0.1,0.1015625,0.1015625,0.40837684502315175,4.0837684502315174e-07,mle,-0.3510094724947557,1.3929004926467736,ok,True,True,extraction,
spx,4971,2019-10-08,4459,4970,512,-0.8561058365872585,linear,52,0,52,52,0,52,0.1,0.1015625,0.1015625,0.4114988078705327,4.114988078705327e-07,mle,-0.3510094724947557,1.3929004926467736,ok,True,True,extraction,
spx,4972,2019-10-09,4460,4971,512,-0.8634745400662276,linear,52,0,52,52,0,52,0.1,0.1015625,0.1015625,0.41619670686095134,4.1619670686095134e-07,mle,-0.35957835593927345,1.4072352438259175,ok,True,True,extraction,
spx,4973,2019-10-10,4461,4972,512,-0.8634745400662276,linear,52,0,52,52,0,52,0.1,0.1015625,0.1015625,0.4191051981720524,4.1910519817205235e-07,mle,-0.35957835593927345,1.4072352438259175,ok,True,True,extraction,
spx,4974,2019-10-11,4462,4973,512,-0.8634745400662276,linear,52,0,52,52,0,52,0.1,0.1015625,0.1015625,0.42222473851293596,4.2222473851293595e-07,mle,-0.35957835593927345,1.4072352438259175,ok,True,True,extraction,
spx,4975,2019-10-14,4463,4974,512,-0.8634745400662276,linear,52,0,52,52,0,52,0.1,0.1015625,0.1015625,0.4236023491325707,4.236023491325707e-07,mle,-0.35957835593927345,1.4072352438259175,ok,True,True,extraction,
spx,4976,2019-10-15,4464,4975,512,-0.8634745400662276,linear,52,0,52,52,0,52,0.1,0.1015625,0.1015625,0.4268242528172902,4.2682425281729015e-07,mle,-0.35957835593927345,1.4072352438259175,ok,True,True,extraction,
spx,4977,2019-10-16,4465,4976,512,-0.8634745400662276,linear,52,0,52,52,0,52,0.1,0.1015625,0.1015625,0.4290333899606199,4.290333899606199e-07,mle,-0.35957835593927345,1.4072352438259175,ok,True,True,extraction,
spx,4978,2019-10-17,4466,4977,512,-0.8634745400662276,linear,52,0,52,52,0,52,0.1,0.1015625,0.1015625,0.4288646898496198,4.2886468984961974e-07,mle,-0.35957835593927345,1.4072352438259175,ok,True,True,extraction,
spx,4979,2019-10-18,4467,4978,512,-0.8634745400662276,linear,52,0,52,52,0,52,0.1,0.1015625,0.1015625,0.4288646898496198,4.2886468984961974e-07,mle,-0.35957835593927345,1.4072352438259175,ok,True,True,extraction,
spx,4980,2019-10-21,4468,4979,512,-0.8634745400662276,linear,52,0,52,52,0,52,0.1,0.1015625,0.1015625,0.42817789931453026,4.2817789931453024e-07,mle,-0.35957835593927345,1.4072352438259175,ok,True,True,extraction,
spx,4981,2019-10-22,4469,4980,512,-0.8634745400662276,linear,52,0,52,52,0,52,0.1,0.1015625,0.1015625,0.4294040404409968,4.2940404044099676e-07,mle,-0.35957835593927345,1.4072352438259175,ok,True,True,extraction,
spx,4982,2019-10-23,4470,4981,512,-0.8634745400662276,linear,52,0,52,52,0,52,0.1,0.1015625,0.1015625,0.4295727405519969,4.295727405519969e-07,mle,-0.35957835593927345,1.4072352438259175,ok,True,True,extraction,
spx,4983,2019-10-24,4471,4982,512,-0.8634745400662276,linear,52,0,52,52,0,52,0.1,0.1015625,0.1015625,0.4295727405519969,4.295727405519969e-07,mle,-0.35957835593927345,1.4072352438259175,ok,True,True,extraction,
spx,4984,2019-10-25,4472,4983,512,-0.8634745400662276,linear,52,0,52,52,0,52,0.1,0.1015625,0.1015625,0.4295727405519969,4.295727405519969e-07,mle,-0.35957835593927345,1.4072352438259175,ok,True,True,extraction,
spx,4985,2019-10-28,4473,4984,512,-0.8634745400662276,linear,52,0,52,52,0,52,0.1,0.1015625,0.1015625,0.43102966157725986,4.3102966157725984e-07,mle,-0.35957835593927345,1.4072352438259175,ok,True,True,extraction,
spx,4986,2019-10-29,4474,4985,512,-0.8634745400662276,linear,52,0,52,52,0,52,0.1,0.1015625,0.1015625,0.43182327554358874,4.318232755435887e-07,mle,-0.35957835593927345,1.4072352438259175,ok,True,True,extraction,
spx,4987,2019-10-30,4475,4986,512,-0.8634745400662276,linear,52,0,52,52,0,52,0.1,0.1015625,0.1015625,0.43169173717876935,4.3169173717876935e-07,mle,-0.35957835593927345,1.4072352438259175,ok,True,True,extraction,
spx,4988,2019-10-31,4476,4987,512,-0.8634745400662276,linear,52,0,52,52,0,52,0.1,0.1015625,0.1015625,0.43182327554358874,4.318232755435887e-07,mle,-0.35957835593927345,1.4072352438259175,ok,True,True,extraction,
spx,4989,2019-11-01,4477,4988,512,-0.8634745400662276,linear,52,0,52,52,0,52,0.1,0.1015625,0.1015625,0.43182327554358874,4.318232755435887e-07,mle,-0.35957835593927345,1.4072352438259175,ok,True,True,extraction,
spx,4990,2019-11-04,4478,4989,512,-0.8634745400662276,linear,52,0,52,52,0,52,0.1,0.1015625,0.1015625,0.4364683651006877,4.364683651006877e-07,mle,-0.35957835593927345,1.4072352438259175,ok,True,True,extraction,
spx,4991,2019-11-05,4479,4990,512,-0.8634745400662276,linear,52,0,52,52,0,52,0.1,0.1015625,0.1015625,0.4364683651006877,4.364683651006877e-07,mle,-0.35957835593927345,1.4072352438259175,ok,True,True,extraction,
spx,4992,2019-11-06,4480,4991,512,-0.8634745400662276,linear,52,0,52,52,0,52,0.1,0.1015625,0.1015625,0.4342515652619793,4.3425156526197927e-07,mle,-0.35957835593927345,1.4072352438259175,ok,True,True,extraction,
spx,4993,2019-11-07,4481,4992,512,-0.8634745400662276,linear,52,0,52,52,0,52,0.1,0.1015625,0.1015625,0.43102966157725986,4.3102966157725984e-07,mle,-0.35957835593927345,1.4072352438259175,ok,True,True,extraction,
spx,4994,2019-11-08,4482,4993,512,-0.8634745400662276,linear,52,0,52,52,0,52,0.1,0.1015625,0.1015625,0.4337122146706023,4.3371221467060225e-07,mle,-0.35957835593927345,1.4072352438259175,ok,True,True,extraction,
spx,4995,2019-11-11,4483,4994,512,-0.8634745400662276,linear,52,0,52,52,0,52,0.1,0.1015625,0.1015625,0.4337122146706023,4.3371221467060225e-07,mle,-0.35957835593927345,1.4072352438259175,ok,True,True,extraction,
spx,4996,2019-11-12,4484,4995,512,-0.8634745400662276,linear,52,0,52,52,0,52,0.1,0.1015625,0.1015625,0.4290333899606199,4.290333899606199e-07,mle,-0.35957835593927345,1.4072352438259175,ok,True,True,extraction,
spx,4997,2019-11-13,4485,4996,512,-0.8634745400662276,linear,52,0,52,52,0,52,0.1,0.1015625,0.1015625,0.4290333899606199,4.290333899606199e-07,mle,-0.35957835593927345,1.4072352438259175,ok,True,True,extraction,
spx,4998,2019-11-14,4486,4997,512,-0.8634745400662276,linear,52,0,52,52,0,52,0.1,0.1015625,0.1015625,0.4290333899606199,4.290333899606199e-07,mle,-0.35957835593927345,1.4072352438259175,ok,True,True,extraction,
spx,4999,2019-11-15,4487,4998,512,-0.8634745400662276,linear,52,0,52,52,0,52,0.1,0.1015625,0.1015625,0.4290333899606199,4.290333899606199e-07,mle,-0.35957835593927345,1.4072352438259175,ok,True,True,extraction,
spx,5000,2019-11-18,4488,4999,512,-0.8634745400662276,linear,52,0,52,52,0,52,0.1,0.1015625,0.1015625,0.4337122146706023,4.3371221467060225e-07,mle,-0.35957835593927345,1.4072352438259175,ok,True,True,extraction,
spx,5001,2019-11-19,4489,5000,512,-0.8634745400662276,linear,52,0,52,52,0,52,0.1,0.1015625,0.1015625,0.43049031098588286,4.304903109858828e-07,mle,-0.35957835593927345,1.4072352438259175,ok,True,True,extraction,
spx,5002,2019-11-20,4490,5001,512,-0.8634745400662276,linear,52,0,52,52,0,52,0.1,0.1015625,0.1015625,0.4294040404409968,4.2940404044099676e-07,mle,-0.35957835593927345,1.4072352438259175,ok,True,True,extraction,
spx,5003,2019-11-21,4491,5002,512,-0.8634745400662276,linear,52,0,52,52,0,52,0.1,0.1015625,0.1015625,0.4295727405519969,4.295727405519969e-07,mle,-0.35957835593927345,1.4072352438259175,ok,True,True,extraction,
spx,5004,2019-11-22,4492,5003,512,-0.8634745400662276,linear,52,0,52,52,0,52,0.1,0.1015625,0.1015625,0.4304979736812615,4.304979736812615e-07,mle,-0.35957835593927345,1.4072352438259175,ok,True,True,extraction,
spx,5005,2019-11-25,4493,5004,512,-0.8634745400662276,linear,52,0,52,52,0,52,0.1,0.1015625,0.1015625,0.4294040404409968,4.2940404044099676e-07,mle,-0.35957835593927345,1.4072352438259175,ok,True,True,extraction,
spx,5006,2019-11-26,4494,5005,512,-0.8634745400662276,linear,52,0,52,52,0,52,0.1,0.1015625,0.1015625,0.43102966157725986,4.3102966157725984e-07,mle,-0.35957835593927345,1.4072352438259175,ok,True,True,extraction,
spx,5007,2019-11-27,4495,5006,512,-0.8634745400662276,linear,52,0,52,52,0,52,0.1,0.1015625,0.1015625,0.43102966157725986,4.3102966157725984e-07,mle,-0.35957835593927345,1.4072352438259175,ok,True,True,extraction,
spx,5008,2019-11-29,4496,5007,512,-0.8634745400662276,linear,52,0,52,52,0,52,0.1,0.1015625,0.1015625,0.4342515652619793,4.3425156526197927e-07,mle,-0.35957835593927345,1.4072352438259175,ok,True,True,extraction,
spx,5009,2019-12-02,4497,5008,512,-0.8634745400662276,linear,52,0,52,52,0,52,0.1,0.1015625,0.1015625,0.4342515652619793,4.3425156526197927e-07,mle,-0.35957835593927345,1.4072352438259175,ok,True,True,extraction,
spx,5010,2019-12-03,4498,5009,512,-0.8665793955881356,linear,52,0,52,52,0,52,0.1,0.1015625,0.1015625,0.43102966157725986,4.3102966157725984e-07,mle,-0.3575544110394046,1.4012971928849791,ok,True,True,extraction,
spx,5011,2019-12-04,4499,5010,512,-0.8665793955881356,linear,52,0,52,52,0,52,0.1,0.1015625,0.1015625,0.43324646141596823,4.332464614159682e-07,mle,-0.3575544110394046,1.4012971928849791,ok,True,True,extraction,
spx,5012,2019-12-05,4500,5011,512,-0.8665793955881356,linear,52,0,52,52,0,52,0.1,0.1015625,0.1015625,0.4395625469548067,4.3956254695480664e-07,mle,-0.3575544110394046,1.4012971928849791,ok,True,True,extraction,
spx,5013,2019-12-06,4501,5012,512,-0.8665793955881356,linear,52,0,52,52,0,52,0.1,0.1015625,0.1015625,0.43324646141596823,4.332464614159682e-07,mle,-0.3575544110394046,1.4012971928849791,ok,True,True,extraction,
spx,5014,2019-12-09,4502,5013,512,-0.8665793955881356,linear,52,0,52,52,0,52,0.1,0.1015625,0.1015625,0.4421700708884086,4.421700708884086e-07,mle,-0.3575544110394046,1.4012971928849791,ok,True,True,extraction,
spx,5015,2019-12-10,4503,5014,512,-0.8665793955881356,linear,52,0,52,52,0,52,0.1,0.1015625,0.1015625,0.4395625469548067,4.3956254695480664e-07,mle,-0.3575544110394046,1.4012971928849791,ok,True,True,extraction,
spx,5016,2019-12-11,4504,5015,512,-0.8665793955881356,linear,52,0,52,52,0,52,0.1,0.1015625,0.1015625,0.4395625469548067,4.3956254695480664e-07,mle,-0.3575544110394046,1.4012971928849791,ok,True,True,extraction,
spx,5017,2019-12-12,4505,5016,512,-0.8665793955881356,linear,52,0,52,52,0,52,0.1,0.1015625,0.1015625,0.43324646141596823,4.332464614159682e-07,mle,-0.3575544110394046,1.4012971928849791,ok,True,True,extraction,
spx,5018,2019-12-13,4506,5017,512,-0.8665793955881356,linear,52,0,52,52,0,52,0.1,0.1015625,0.1015625,0.4421700708884086,4.421700708884086e-07,mle,-0.3575544110394046,1.4012971928849791,ok,True,True,extraction,
spx,5019,2019-12-16,4507,5018,512,-0.8665793955881356,linear,52,0,52,52,0,52,0.1,0.1015625,0.1015625,0.43324646141596823,4.332464614159682e-07,mle,-0.3575544110394046,1.4012971928849791,ok,True,True,extraction,
spx,5020,2019-12-17,4508,5019,512,-0.8665793955881356,linear,52,0,52,52,0,52,0.1,0.1015625,0.1015625,0.4421700708884086,4.421700708884086e-07,mle,-0.3575544110394046,1.4012971928849791,ok,True,True,extraction,
spx,5021,2019-12-18,4509,5020,512,-0.8665793955881356,linear,52,0,52,52,0,52,0.1,0.1015625,0.1015625,0.4421700708884086,4.421700708884086e-07,mle,-0.3575544110394046,1.4012971928849791,ok,True,True,extraction,
spx,5022,2019-12-19,4510,5021,512,-0.8665793955881356,linear,52,0,52,52,0,52,0.1,0.1015625,0.1015625,0.4364683651006877,4.364683651006877e-07,mle,-0.3575544110394046,1.4012971928849791,ok,True,True,extraction,
spx,5023,2019-12-20,4511,5022,512,-0.8665793955881356,linear,52,0,52,52,0,52,0.1,0.1015625,0.1015625,0.43877158031141267,4.3877158031141263e-07,mle,-0.3575544110394046,1.4012971928849791,ok,True,True,extraction,
spx,5024,2019-12-23,4512,5023,512,-0.8665793955881356,linear,52,0,52,52,0,52,0.1,0.1015625,0.1015625,0.43877158031141267,4.3877158031141263e-07,mle,-0.3575544110394046,1.4012971928849791,ok,True,True,extraction,
spx,5025,2019-12-24,4513,5024,512,-0.8665793955881356,linear,52,0,52,52,0,52,0.1,0.1015625,0.1015625,0.43655478047270424,4.365547804727042e-07,mle,-0.3575544110394046,1.4012971928849791,ok,True,True,extraction,
spx,5026,2019-12-26,4514,5025,512,-0.8665793955881356,linear,52,0,52,52,0,52,0.1,0.1015625,0.1015625,0.4342515652619793,4.3425156526197927e-07,mle,-0.3575544110394046,1.4012971928849791,ok,True,True,extraction,
spx,5027,2019-12-27,4515,5026,512,-0.8665793955881356,linear,52,0,52,52,0,52,0.1,0.1015625,0.1015625,0.4342515652619793,4.3425156526197927e-07,mle,-0.3575544110394046,1.4012971928849791,ok,True,True,extraction,
spx,5028,2019-12-30,4516,5027,512,-0.8665793955881356,linear,52,0,52,52,0,52,0.1,0.1015625,0.1015625,0.4342515652619793,4.3425156526197927e-07,mle,-0.3575544110394046,1.4012971928849791,ok,True,True,extraction,
spx,5029,2019-12-31,4517,5028,512,-0.8665793955881356,linear,52,0,52,52,0,52,0.1,0.1015625,0.1015625,0.4342515652619793,4.3425156526197927e-07,mle,-0.3575544110394046,1.4012971928849791,ok,True,True,extraction,
spx,5030,2020-01-02,4518,5029,512,-0.8665793955881356,linear,52,0,52,52,0,52,0.1,0.1015625,0.1015625,0.4337122146706023,4.3371221467060225e-07,mle,-0.3575544110394046,1.4012971928849791,ok,True,True,extraction,
spx,5031,2020-01-03,4519,5030,512,-0.8665793955881356,linear,52,0,52,52,0,52,0.1,0.1015625,0.1015625,0.4337122146706023,4.3371221467060225e-07,mle,-0.3575544110394046,1.4012971928849791,ok,True,True,extraction,
spx,5032,2020-01-06,4520,5031,512,-0.8665793955881356,linear,52,0,52,52,0,52,0.1,0.1015625,0.1015625,0.4342515652619793,4.3425156526197927e-07,mle,-0.3575544110394046,1.4012971928849791,ok,True,True,extraction,
spx,5033,2020-01-07,4521,5032,512,-0.8665793955881356,linear,52,0,52,52,0,52,0.1,0.1015625,0.1015625,0.43655478047270424,4.365547804727042e-07,mle,-0.3575544110394046,1.4012971928849791,ok,True,True,extraction,
spx,5034,2020-01-08,4522,5033,512,-0.8665793955881356,linear,52,0,52,52,0,52,0.1,0.1015625,0.1015625,0.4342515652619793,4.3425156526197927e-07,mle,-0.3575544110394046,1.4012971928849791,ok,True,True,extraction,
spx,5035,2020-01-09,4523,5034,512,-0.8665793955881356,linear,52,0,52,52,0,52,0.1,0.1015625,0.1015625,0.43655478047270424,4.365547804727042e-07,mle,-0.3575544110394046,1.4012971928849791,ok,True,True,extraction,
spx,5036,2020-01-10,4524,5035,512,-0.8665793955881356,linear,52,0,52,52,0,52,0.1,0.1015625,0.1015625,0.44005107426163614,4.4005107426163615e-07,mle,-0.3575544110394046,1.4012971928849791,ok,True,True,extraction,
spx,5037,2020-01-13,4525,5036,512,-0.8665793955881356,linear,52,0,52,52,0,52,0.1,0.1015625,0.1015625,0.44005107426163614,4.4005107426163615e-07,mle,-0.3575544110394046,1.4012971928849791,ok,True,True,extraction,
spx,5038,2020-01-14,4526,5037,512,-0.8665793955881356,linear,52,0,52,52,0,52,0.1,0.1015625,0.1015625,0.4421700708884086,4.421700708884086e-07,mle,-0.3575544110394046,1.4012971928849791,ok,True,True,extraction,
spx,5039,2020-01-15,4527,5038,512,-0.8665793955881356,linear,52,0,52,52,0,52,0.1,0.1015625,0.1015625,0.44005107426163614,4.4005107426163615e-07,mle,-0.3575544110394046,1.4012971928849791,ok,True,True,extraction,
spx,5040,2020-01-16,4528,5039,512,-0.8665793955881356,linear,52,0,52,52,0,52,0.1,0.1015625,0.1015625,0.4382921958099665,4.382921958099665e-07,mle,-0.3575544110394046,1.4012971928849791,ok,True,True,extraction,
spx,5041,2020-01-17,4529,5040,512,-0.8665793955881356,linear,52,0,52,52,0,52,0.1,0.1015625,0.1015625,0.4382921958099665,4.382921958099665e-07,mle,-0.3575544110394046,1.4012971928849791,ok,True,True,extraction,
spx,5042,2020-01-21,4530,5041,512,-0.8665793955881356,linear,52,0,52,52,0,52,0.1,0.1015625,0.1015625,0.4382921958099665,4.382921958099665e-07,mle,-0.3575544110394046,1.4012971928849791,ok,True,True,extraction,
spx,5043,2020-01-22,4531,5042,512,-0.8665793955881356,linear,52,0,52,52,0,52,0.1,0.1015625,0.1015625,0.43601542988132724,4.3601542988132724e-07,mle,-0.3575544110394046,1.4012971928849791,ok,True,True,extraction,
spx,5044,2020-01-23,4532,5043,512,-0.8665793955881356,linear,52,0,52,52,0,52,0.1,0.1015625,0.1015625,0.43250991585143306,4.3250991585143303e-07,mle,-0.3575544110394046,1.4012971928849791,ok,True,True,extraction,
spx,5045,2020-01-24,4533,5044,512,-0.8665793955881356,linear,52,0,52,52,0,52,0.1,0.1015625,0.1015625,0.43250991585143306,4.3250991585143303e-07,mle,-0.3575544110394046,1.4012971928849791,ok,True,True,extraction,
spx,5046,2020-01-27,4534,5045,512,-0.9002423181321775,linear,52,0,52,52,0,52,0.1,0.1015625,0.1015625,0.43304926644281005,4.3304926644281005e-07,mle,-0.3347923712533375,1.3370309181966262,ok,True,True,extraction,
spx,5047,2020-01-28,4535,5046,512,-0.9078913240455011,linear,52,0,52,52,0,52,0.1,0.1015625,0.1015625,0.43169173717876935,4.3169173717876935e-07,mle,-0.3431656060900026,1.3501338838391295,ok,True,True,extraction,
spx,5048,2020-01-29,4536,5047,512,-0.9078913240455011,linear,52,0,52,52,0,52,0.1,0.1015625,0.1015625,0.43169173717876935,4.3169173717876935e-07,mle,-0.3431656060900026,1.3501338838391295,ok,True,True,extraction,
spx,5049,2020-01-30,4537,5048,512,-0.9078913240455011,linear,52,0,52,52,0,52,0.1,0.1015625,0.1015625,0.43169173717876935,4.3169173717876935e-07,mle,-0.3431656060900026,1.3501338838391295,ok,True,True,extraction,
spx,5050,2020-01-31,4538,5049,512,-0.9078913240455011,linear,52,0,52,52,0,52,0.1,0.1015625,0.1015625,0.4295727405519969,4.295727405519969e-07,mle,-0.3431656060900026,1.3501338838391295,ok,True,True,extraction,
spx,5051,2020-02-03,4539,5050,512,-0.9225756266454567,linear,52,0,52,52,0,52,0.1,0.1015625,0.1015625,0.43169173717876935,4.3169173717876935e-07,mle,-0.3502216759538848,1.3574721465605781,ok,True,True,extraction,
spx,5052,2020-02-04,4540,5051,512,-0.9225756266454567,linear,52,0,52,52,0,52,0.1,0.1015625,0.1015625,0.43450558342154144,4.345055834215414e-07,mle,-0.3502216759538848,1.3574721465605781,ok,True,True,extraction,
spx,5053,2020-02-05,4541,5052,512,-0.9225756266454567,linear,52,0,52,52,0,52,0.1,0.1015625,0.1015625,0.43450558342154144,4.345055834215414e-07,mle,-0.3502216759538848,1.3574721465605781,ok,True,True,extraction,
spx,5054,2020-02-06,4542,5053,512,-0.9225756266454567,linear,52,0,52,52,0,52,0.1,0.1015625,0.1015625,0.43870267233360744,4.387026723336074e-07,mle,-0.3502216759538848,1.3574721465605781,ok,True,True,extraction,
spx,5055,2020-02-07,4543,5054,512,-0.9225756266454567,linear,52,0,52,52,0,52,0.1,0.1015625,0.1015625,0.4415821518203569,4.415821518203569e-07,mle,-0.3502216759538848,1.3574721465605781,ok,True,True,extraction,
spx,5056,2020-02-10,4544,5055,512,-0.9225756266454567,linear,52,0,52,52,0,52,0.1,0.1015625,0.1015625,0.4463671598004746,4.463671598004746e-07,mle,-0.3502216759538848,1.3574721465605781,ok,True,True,extraction,
spx,5057,2020-02-11,4545,5056,512,-0.9225756266454567,linear,52,0,52,52,0,52,0.1,0.1015625,0.1015625,0.4463671598004746,4.463671598004746e-07,mle,-0.3502216759538848,1.3574721465605781,ok,True,True,extraction,
spx,5058,2020-02-12,4546,5057,512,-0.9225756266454567,linear,52,0,52,52,0,52,0.1,0.1015625,0.1015625,0.4421700708884086,4.421700708884086e-07,mle,-0.3502216759538848,1.3574721465605781,ok,True,True,extraction,
spx,5059,2020-02-13,4547,5058,512,-0.9078913240455011,linear,52,0,52,52,0,52,0.1,0.1015625,0.1015625,0.4421700708884086,4.421700708884086e-07,mle,-0.35664196079710353,1.3785607936536894,ok,True,True,extraction,
spx,5060,2020-02-14,4548,5059,512,-0.9078913240455011,linear,52,0,52,52,0,52,0.1,0.1015625,0.1015625,0.4421700708884086,4.421700708884086e-07,mle,-0.35664196079710353,1.3785607936536894,ok,True,True,extraction,
spx,5061,2020-02-18,4549,5060,512,-0.9078913240455011,linear,52,0,52,52,0,52,0.1,0.1015625,0.1015625,0.4428293404321648,4.428293404321648e-07,mle,-0.35664196079710353,1.3785607936536894,ok,True,True,extraction,
spx,5062,2020-02-19,4550,5061,512,-0.9002423181321775,linear,52,0,52,52,0,52,0.1,0.1015625,0.1015625,0.44017099321401537,4.4017099321401537e-07,mle,-0.33733794079949253,1.3412029193011992,ok,True,True,extraction,
spx,5063,2020-02-20,4551,5062,512,-0.8665793955881356,linear,52,0,52,52,0,52,0.1,0.1015625,0.1015625,0.43951172367025915,4.3951172367025913e-07,mle,-0.41546801138751704,1.3771247482271138,ok,True,True,extraction,
spx,5064,2020-02-21,4552,5063,512,-0.8665793955881356,linear,52,0,52,52,0,52,0.1,0.1015625,0.1015625,0.43951172367025915,4.3951172367025913e-07,mle,-0.41546801138751704,1.3771247482271138,ok,True,True,extraction,
spx,5065,2020-02-24,4553,5064,512,-0.9002423181321775,linear,52,0,52,52,0,52,0.1,0.1015625,0.1015625,0.43951172367025915,4.3951172367025913e-07,mle,-0.395407533031388,1.3186393690834226,ok,True,True,extraction,
spx,5066,2020-02-25,4554,5065,512,-0.9002423181321775,linear,52,0,52,52,0,52,0.1,0.1015625,0.1015625,0.43951172367025915,4.3951172367025913e-07,mle,-0.5442542968315556,1.4817339238044667,ok,True,True,extraction,
spx,5067,2020-02-26,4555,5066,512,-0.9078913240455011,linear,52,0,52,52,0,52,0.1,0.1015625,0.1015625,0.4378506484305254,4.378506484305254e-07,mle,-0.6172054484244529,1.62333892346197,ok,True,True,extraction,
spx,5068,2020-02-27,4556,5067,512,-0.9078913240455011,linear,52,0,52,52,0,52,0.1,0.1015625,0.1015625,0.4361132330932632,4.361132330932632e-07,mle,-0.6172054484244529,1.62333892346197,ok,True,True,extraction,
spx,5069,2020-02-28,4557,5068,512,-0.9225756266454567,linear,52,0,52,52,0,52,0.1,0.1015625,0.1015625,0.4352660662815185,4.3526606628151847e-07,mle,-0.3018809290653135,1.3228168874825,ok,True,True,extraction,
spx,5070,2020-03-02,4558,5069,512,-0.9225756266454567,linear,52,0,52,52,0,52,0.1,0.1015625,0.1015625,0.43450558342154144,4.345055834215414e-07,mle,-0.3018809290653135,1.3228168874825,ok,True,True,extraction,
spx,5071,2020-03-03,4559,5070,512,-0.9225756266454567,linear,52,0,52,52,0,52,0.1,0.1015625,0.1015625,0.43450558342154144,4.345055834215414e-07,mle,-0.3018809290653135,1.3228168874825,ok,True,True,extraction,
spx,5072,2020-03-04,4560,5071,512,-0.9385232473544453,linear,52,0,52,52,0,52,0.1,0.1015625,0.1015625,0.43870267233360744,4.387026723336074e-07,mle,-0.3223329571623357,1.3681179548682016,ok,True,True,extraction,
spx,5073,2020-03-05,4561,5072,512,-0.9385232473544453,linear,52,0,52,52,0,52,0.1,0.1015625,0.1015625,0.4415821518203569,4.415821518203569e-07,mle,-0.3223329571623357,1.3681179548682016,ok,True,True,extraction,
spx,5074,2020-03-06,4562,5073,512,-0.9527717396571822,linear,52,0,52,52,0,52,0.1,0.1015625,0.1015625,0.4415821518203569,4.415821518203569e-07,mle,-0.34996198387508326,1.441576940063081,ok,True,True,extraction,
spx,5075,2020-03-09,4563,5074,512,-1.0470605873576553,linear,52,0,52,52,0,52,0.1,0.1015625,0.1015625,0.4463671598004746,4.463671598004746e-07,mle,-0.30903964158655717,1.3019648616024446,ok,True,True,extraction,
spx,5076,2020-03-10,4564,5075,512,-1.090806718020794,linear,52,0,52,52,0,52,0.1,0.1015625,0.1015625,0.444582245759626,4.44582245759626e-07,mle,0.0076675664249221155,1.0775884195427214,ok,True,True,extraction,
spx,5077,2020-03-11,4565,5076,512,-1.090806718020794,linear,52,0,52,52,0,52,0.1,0.1015625,0.1015625,0.444582245759626,4.44582245759626e-07,mle,0.0076675664249221155,1.0775884195427214,ok,True,True,extraction,
spx,5078,2020-03-12,4566,5077,512,-1.090806718020794,linear,52,0,52,52,0,52,0.1,0.1015625,0.1015625,0.444582245759626,4.44582245759626e-07,mle,0.00032415656229839267,1.157289553138281,ok,True,True,extraction,
spx,5079,2020-03-13,4567,5078,512,-1.090806718020794,linear,52,0,52,52,0,52,0.1,0.1015625,0.1015625,0.444582245759626,4.44582245759626e-07,mle,0.11398169318185616,1.1741637252475,ok,True,True,extraction,
spx,5080,2020-03-16,4568,5079,512,-1.0470605873576553,linear,52,0,52,52,0,52,0.1,0.1015625,0.1015625,0.4463671598004746,4.463671598004746e-07,mle,0.09358560367580576,1.2365259595942761,ok,True,True,extraction,
spx,5081,2020-03-17,4569,5080,512,-1.090806718020794,linear,52,0,52,52,0,52,0.1,0.1015625,0.1015625,0.45091756010521966,4.5091756010521966e-07,mle,0.2229236987834135,1.1940118563630655,ok,True,True,extraction,
spx,5082,2020-03-18,4570,5081,512,-1.090806718020794,linear,52,0,52,52,0,52,0.1,0.1015625,0.1015625,0.45091756010521966,4.5091756010521966e-07,mle,0.2229236987834135,1.1940118563630655,ok,True,True,extraction,
spx,5083,2020-03-19,4571,5082,512,-1.1562935955826998,linear,52,0,52,52,0,52,0.1,0.1015625,0.1015625,0.45155315291811127,4.5155315291811123e-07,mle,0.24885887856068417,1.1711050582248013,ok,True,True,extraction,
spx,5084,2020-03-20,4572,5083,512,-1.1562935955826998,linear,52,0,52,52,0,52,0.1,0.1015625,0.1015625,0.4527024741460682,4.527024741460682e-07,mle,0.24885887856068417,1.1711050582248013,ok,True,True,extraction,
spx,5085,2020-03-23,4573,5084,512,-1.1950280268332987,linear,52,0,52,52,0,52,0.1,0.1015625,0.1015625,0.45455847936944316,4.545584793694431e-07,mle,0.2476001929694982,1.193703231767524,ok,True,True,extraction,
spx,5086,2020-03-24,4574,5085,512,-1.2299283474999758,linear,52,0,52,52,0,52,0.1,0.1015625,0.1015625,0.45455847936944316,4.545584793694431e-07,mle,0.2409848490051738,1.2031347356245907,ok,True,True,extraction,
spx,5087,2020-03-25,4575,5086,512,-1.2299283474999758,linear,52,0,52,52,0,52,0.1,0.1015625,0.1015625,0.4578229777323251,4.578229777323251e-07,mle,0.2409848490051738,1.2031347356245907,ok,True,True,extraction,
spx,5088,2020-03-26,4576,5087,512,-1.2299283474999758,linear,52,0,52,52,0,52,0.1,0.1015625,0.1015625,0.45887351478113836,4.5887351478113836e-07,mle,0.2409848490051738,1.2031347356245907,ok,True,True,extraction,
spx,5089,2020-03-27,4577,5088,512,-1.2299283474999758,linear,52,0,52,52,0,52,0.1,0.1015625,0.1015625,0.45887351478113836,4.5887351478113836e-07,mle,0.2409848490051738,1.2031347356245907,ok,True,True,extraction,
spx,5090,2020-03-30,4578,5089,512,-1.2387840898865103,linear,52,0,52,52,0,52,0.1,0.1015625,0.1015625,0.4617412828300303,4.617412828300303e-07,mle,0.21212799541566785,1.2735006182184305,ok,True,True,extraction,
spx,5091,2020-03-31,4579,5090,512,-1.2387840898865103,linear,52,0,52,52,0,52,0.1,0.1015625,0.1015625,0.46464892028032057,4.6464892028032055e-07,mle,0.21212799541566785,1.2735006182184305,ok,True,True,extraction,
spx,5092,2020-04-01,4580,5091,512,-1.2387840898865103,linear,52,0,52,52,0,52,0.1,0.1015625,0.1015625,0.46464892028032057,4.6464892028032055e-07,mle,0.2068824588695337,1.2842786178874714,ok,True,True,extraction,
spx,5093,2020-04-02,4581,5092,512,-1.3194265636999196,linear,52,0,52,52,0,52,0.1,0.1015625,0.1015625,0.4665958360075545,4.6659583600755447e-07,mle,0.23475243282778363,1.2297104522160145,ok,True,True,extraction,
spx,5094,2020-04-03,4582,5093,512,-1.3194265636999196,linear,52,0,52,52,0,52,0.1,0.1015625,0.1015625,0.47062853901126145,4.7062853901126143e-07,mle,0.23475243282778363,1.2297104522160145,ok,True,True,extraction,
spx,5095,2020-04-06,4583,5094,512,-1.3194265636999196,linear,52,0,52,52,0,52,0.1,0.1015625,0.1015625,0.47062853901126145,4.7062853901126143e-07,mle,0.2597054445849246,1.178226833209852,ok,True,True,extraction,
spx,5096,2020-04-07,4584,5095,512,-1.2387840898865103,linear,52,0,52,52,0,52,0.1,0.1015625,0.1015625,0.4742737650130748,4.7427376501307477e-07,mle,0.21605573385627197,1.2932527187930738,ok,True,True,extraction,
spx,5097,2020-04-08,4585,5096,512,-1.2387840898865103,linear,52,0,52,52,0,52,0.1,0.1015625,0.1015625,0.46699256632154457,4.669925663215445e-07,mle,0.21605573385627197,1.2932527187930738,ok,True,True,extraction,
spx,5098,2020-04-09,4586,5097,512,-1.2299283474999758,linear,52,0,52,52,0,52,0.1,0.1015625,0.1015625,0.4706377923233579,4.7063779232335787e-07,mle,0.22533170508952288,1.2787302395824134,ok,True,True,extraction,
spx,5099,2020-04-13,4587,5098,512,-1.2299283474999758,linear,52,0,52,52,0,52,0.1,0.1015625,0.1015625,0.47414002956508955,4.7414002956508954e-07,mle,0.22533170508952288,1.2787302395824134,ok,True,True,extraction,
spx,5100,2020-04-14,4588,5099,512,-1.2299283474999758,linear,52,0,52,52,0,52,0.1,0.1015625,0.1015625,0.4742737650130748,4.7427376501307477e-07,mle,0.22533170508952288,1.2787302395824134,ok,True,True,extraction,
spx,5101,2020-04-15,4589,5100,512,-1.1950280268332987,linear,52,0,52,52,0,52,0.1,0.1015625,0.1015625,0.47414002956508955,4.7414002956508954e-07,mle,0.22513923508383107,1.2909000977980973,ok,True,True,extraction,
spx,5102,2020-04-16,4590,5101,512,-1.2299283474999758,linear,52,0,52,52,0,52,0.1,0.1015625,0.1015625,0.4742737650130748,4.7427376501307477e-07,mle,0.2259385273219559,1.2773422425491803,ok,True,True,extraction,
spx,5103,2020-04-17,4591,5102,512,-1.2299283474999758,linear,52,0,52,52,0,52,0.1,0.1015625,0.1015625,0.4742737650130748,4.7427376501307477e-07,mle,0.2259385273219559,1.2773422425491803,ok,True,True,extraction,
spx,5104,2020-04-20,4592,5103,512,-1.2299283474999758,linear,52,0,52,52,0,52,0.1,0.1015625,0.1015625,0.4742737650130748,4.7427376501307477e-07,mle,0.2259385273219559,1.2773422425491803,ok,True,True,extraction,
spx,5105,2020-04-21,4593,5104,512,-1.2299283474999758,linear,52,0,52,52,0,52,0.1,0.1015625,0.1015625,0.4742737650130748,4.7427376501307477e-07,mle,0.23495679420585508,1.2572960710979606,ok,True,True,extraction,
spx,5106,2020-04-22,4594,5105,512,-1.2387840898865103,linear,52,0,52,52,0,52,0.1,0.1015625,0.1015625,0.47497813682028245,4.749781368202824e-07,mle,0.205002605107661,1.325436897114547,ok,True,True,extraction,
spx,5107,2020-04-23,4595,5106,512,-1.2387840898865103,linear,52,0,52,52,0,52,0.1,0.1015625,0.1015625,0.47497813682028245,4.749781368202824e-07,mle,0.205002605107661,1.325436897114547,ok,True,True,extraction,
spx,5108,2020-04-24,4596,5107,512,-1.2387840898865103,linear,52,0,52,52,0,52,0.1,0.1015625,0.1015625,0.47062853901126145,4.7062853901126143e-07,mle,0.205002605107661,1.325436897114547,ok,True,True,extraction,
spx,5109,2020-04-27,4597,5108,512,-1.2387840898865103,linear,52,0,52,52,0,52,0.1,0.1015625,0.1015625,0.47062853901126145,4.7062853901126143e-07,mle,0.205002605107661,1.325436897114547,ok,True,True,extraction,
spx,5110,2020-04-28,4598,5109,512,-1.2387840898865103,linear,52,0,52,52,0,52,0.1,0.1015625,0.1015625,0.4763323382583603,4.763323382583603e-07,mle,0.205002605107661,1.325436897114547,ok,True,True,extraction,
spx,5111,2020-04-29,4599,5110,512,-1.2387840898865103,linear,52,0,52,52,0,52,0.1,0.1015625,0.1015625,0.47497813682028245,4.749781368202824e-07,mle,0.205002605107661,1.325436897114547,ok,True,True,extraction,
spx,5112,2020-04-30,4600,5111,512,-1.2387840898865103,linear,52,0,52,52,0,52,0.1,0.1015625,0.1015625,0.47497813682028245,4.749781368202824e-07,mle,0.205002605107661,1.325436897114547,ok,True,True,extraction,
spx,5113,2020-05-01,4601,5112,512,-1.2387840898865103,linear,52,0,52,52,0,52,0.1,0.1015625,0.1015625,0.4751360676801308,4.7513606768013075e-07,mle,0.205002605107661,1.325436897114547,ok,True,True,extraction,
spx,5114,2020-05-04,4602,5113,512,-1.3194265636999196,linear,52,0,52,52,0,52,0.1,0.1015625,0.1015625,0.4751360676801308,4.7513606768013075e-07,mle,0.2357942769357331,1.2388403805450636,ok,True,True,extraction,
spx,5115,2020-05-05,4603,5114,512,-1.3194265636999196,linear,52,0,52,52,0,52,0.1,0.1015625,0.1015625,0.47497813682028245,4.749781368202824e-07,mle,0.2357942769357331,1.2388403805450636,ok,True,True,extraction,
spx,5116,2020-05-06,4604,5115,512,-1.3194265636999196,linear,52,0,52,52,0,52,0.1,0.1015625,0.1015625,0.4773619332498091,4.77361933249809e-07,mle,0.2357942769357331,1.2388403805450636,ok,True,True,extraction,
spx,5117,2020-05-07,4605,5116,512,-1.2387840898865103,linear,52,0,52,52,0,52,0.1,0.1015625,0.1015625,0.4773619332498091,4.77361933249809e-07,mle,0.1766328988169365,1.39474488900352,ok,True,True,extraction,
spx,5118,2020-05-08,4606,5117,512,-1.2387840898865103,linear,52,0,52,52,0,52,0.1,0.1015625,0.1015625,0.4799365681587192,4.799365681587192e-07,mle,0.1766328988169365,1.39474488900352,ok,True,True,extraction,
spx,5119,2020-05-11,4607,5118,512,-1.2387840898865103,linear,52,0,52,52,0,52,0.1,0.1015625,0.1015625,0.4799365681587192,4.799365681587192e-07,mle,0.1766328988169365,1.39474488900352,ok,True,True,extraction,
spx,5120,2020-05-12,4608,5119,512,-1.2387840898865103,linear,52,0,52,52,0,52,0.1,0.1015625,0.1015625,0.4787751201378112,4.787751201378111e-07,mle,0.1766328988169365,1.39474488900352,ok,True,True,extraction,
spx,5121,2020-05-13,4609,5120,512,-1.3194265636999196,linear,52,0,52,52,0,52,0.1,0.1015625,0.1015625,0.4787751201378112,4.787751201378111e-07,mle,0.2138070352164385,1.2825142610524007,ok,True,True,extraction,
spx,5122,2020-05-14,4610,5121,512,-1.3766071196038883,linear,52,0,52,52,0,52,0.1,0.1015625,0.1015625,0.4767584975218023,4.767584975218023e-07,mle,0.24800474161881514,1.1929787877493145,ok,True,True,extraction,
spx,5123,2020-05-15,4611,5122,512,-1.3766071196038883,linear,52,0,52,52,0,52,0.1,0.1015625,0.1015625,0.47952353570893136,4.795235357089314e-07,mle,0.24800474161881514,1.1929787877493145,ok,True,True,extraction,
spx,5124,2020-05-18,4612,5123,512,-1.3766071196038883,linear,52,0,52,52,0,52,0.1,0.1015625,0.1015625,0.4818299422142478,4.818299422142477e-07,mle,0.24800474161881514,1.1929787877493145,ok,True,True,extraction,
spx,5125,2020-05-19,4613,5124,512,-1.3766071196038883,linear,52,0,52,52,0,52,0.1,0.1015625,0.1015625,0.4818299422142478,4.818299422142477e-07,mle,0.24800474161881514,1.1929787877493145,ok,True,True,extraction,
spx,5126,2020-05-20,4614,5125,512,-1.3766071196038883,linear,52,0,52,52,0,52,0.1,0.1015625,0.1015625,0.4800037228764579,4.800037228764578e-07,mle,0.24800474161881514,1.1929787877493145,ok,True,True,extraction,
spx,5127,2020-05-21,4615,5126,512,-1.3766071196038883,linear,52,0,52,52,0,52,0.1,0.1015625,0.1015625,0.48345237205591934,4.834523720559193e-07,mle,0.24800474161881514,1.1929787877493145,ok,True,True,extraction,
spx,5128,2020-05-22,4616,5127,512,-1.3766071196038883,linear,52,0,52,52,0,52,0.1,0.1015625,0.1015625,0.48129076959679706,4.81290769596797e-07,mle,0.24800474161881514,1.1929787877493145,ok,True,True,extraction,
spx,5129,2020-05-26,4617,5128,512,-1.3766071196038883,linear,52,0,52,52,0,52,0.1,0.1015625,0.1015625,0.4800037228764579,4.800037228764578e-07,mle,0.24800474161881514,1.1929787877493145,ok,True,True,extraction,
spx,5130,2020-05-27,4618,5129,512,-1.3766071196038883,linear,52,0,52,52,0,52,0.1,0.1015625,0.1015625,0.48129076959679706,4.81290769596797e-07,mle,0.24800474161881514,1.1929787877493145,ok,True,True,extraction,
spx,5131,2020-05-28,4619,5130,512,-1.3766071196038883,linear,52,0,52,52,0,52,0.1,0.1015625,0.1015625,0.4872618972364955,4.872618972364954e-07,mle,0.24800474161881514,1.1929787877493145,ok,True,True,extraction,
spx,5132,2020-05-29,4620,5131,512,-1.3766071196038883,linear,52,0,52,52,0,52,0.1,0.1015625,0.1015625,0.48129076959679706,4.81290769596797e-07,mle,0.24800474161881514,1.1929787877493145,ok,True,True,extraction,
spx,5133,2020-06-01,4621,5132,512,-1.3766071196038883,linear,52,0,52,52,0,52,0.1,0.1015625,0.1015625,0.48129076959679706,4.81290769596797e-07,mle,0.24800474161881514,1.1929787877493145,ok,True,True,extraction,
spx,5134,2020-06-02,4622,5133,512,-1.3766071196038883,linear,52,0,52,52,0,52,0.1,0.1015625,0.1015625,0.48345237205591934,4.834523720559193e-07,mle,0.24800474161881514,1.1929787877493145,ok,True,True,extraction,
spx,5135,2020-06-03,4623,5134,512,-1.3766071196038883,linear,52,0,52,52,0,52,0.1,0.1015625,0.1015625,0.48841169107790106,4.88411691077901e-07,mle,0.24800474161881514,1.1929787877493145,ok,True,True,extraction,
spx,5136,2020-06-04,4624,5135,512,-1.3766071196038883,linear,52,0,52,52,0,52,0.1,0.1015625,0.1015625,0.48841169107790106,4.88411691077901e-07,mle,0.24800474161881514,1.1929787877493145,ok,True,True,extraction,
spx,5137,2020-06-05,4625,5136,512,-1.3766071196038883,linear,52,0,52,52,0,52,0.1,0.1015625,0.1015625,0.48841169107790106,4.88411691077901e-07,mle,0.24800474161881514,1.1929787877493145,ok,True,True,extraction,
spx,5138,2020-06-08,4626,5137,512,-1.3766071196038883,linear,52,0,52,52,0,52,0.1,0.1015625,0.1015625,0.4887598191005541,4.887598191005541e-07,mle,0.24800474161881514,1.1929787877493145,ok,True,True,extraction,
spx,5139,2020-06-09,4627,5138,512,-1.3766071196038883,linear,52,0,52,52,0,52,0.1,0.1015625,0.1015625,0.4917046190476373,4.917046190476373e-07,mle,0.24800474161881514,1.1929787877493145,ok,True,True,extraction,
spx,5140,2020-06-10,4628,5139,512,-1.3766071196038883,linear,52,0,52,52,0,52,0.1,0.1015625,0.1015625,0.49289284340793593,4.928928434079359e-07,mle,0.24800474161881514,1.1929787877493145,ok,True,True,extraction,
spx,5141,2020-06-11,4629,5140,512,-1.3766071196038883,linear,52,0,52,52,0,52,0.1,0.1015625,0.1015625,0.49289284340793593,4.928928434079359e-07,mle,0.24800474161881514,1.1929787877493145,ok,True,True,extraction,
spx,5142,2020-06-12,4630,5141,512,-1.4214601441952288,linear,52,0,52,52,0,52,0.1,0.1015625,0.1015625,0.49596854192545364,4.959685419254536e-07,mle,0.2643343746288991,1.2072987083000237,ok,True,True,extraction,
spx,5143,2020-06-15,4631,5142,512,-1.4214601441952288,linear,52,0,52,52,0,52,0.1,0.1015625,0.1015625,0.49289284340793593,4.928928434079359e-07,mle,0.2643343746288991,1.2072987083000237,ok,True,True,extraction,
spx,5144,2020-06-16,4632,5143,512,-1.4214601441952288,linear,52,0,52,52,0,52,0.1,0.1015625,0.1015625,0.49289284340793593,4.928928434079359e-07,mle,0.2643343746288991,1.2072987083000237,ok,True,True,extraction,
spx,5145,2020-06-17,4633,5144,512,-1.4214601441952288,linear,52,0,52,52,0,52,0.1,0.1015625,0.1015625,0.5065395712100461,5.065395712100461e-07,mle,0.2643343746288991,1.2072987083000237,ok,True,True,extraction,
spx,5146,2020-06-18,4634,5145,512,-1.4214601441952288,linear,52,0,52,52,0,52,0.1,0.1015625,0.1015625,0.5065395712100461,5.065395712100461e-07,mle,0.2643343746288991,1.2072987083000237,ok,True,True,extraction,
spx,5147,2020-06-19,4635,5146,512,-1.4214601441952288,linear,52,0,52,52,0,52,0.1,0.1015625,0.1015625,0.49596854192545364,4.959685419254536e-07,mle,0.2643343746288991,1.2072987083000237,ok,True,True,extraction,
spx,5148,2020-06-22,4636,5147,512,-1.4214601441952288,linear,52,0,52,52,0,52,0.1,0.1015625,0.1015625,0.5065395712100461,5.065395712100461e-07,mle,0.2643343746288991,1.2072987083000237,ok,True,True,extraction,
spx,5149,2020-06-23,4637,5148,512,-1.4214601441952288,linear,52,0,52,52,0,52,0.1,0.1015625,0.1015625,0.5212818886241142,5.212818886241141e-07,mle,0.2643343746288991,1.2072987083000237,ok,True,True,extraction,
spx,5150,2020-06-24,4638,5149,512,-1.4214601441952288,linear,52,0,52,52,0,52,0.1,0.1015625,0.1015625,0.5212818886241142,5.212818886241141e-07,mle,0.2643343746288991,1.2072987083000237,ok,True,True,extraction,
spx,5151,2020-06-25,4639,5150,512,-1.4472689200604314,linear,52,0,52,52,0,52,0.1,0.1015625,0.1015625,0.5262230090923117,5.262230090923116e-07,mle,0.25387452227018154,1.2199043996398156,ok,True,True,extraction,
spx,5152,2020-06-26,4640,5151,512,-1.4472689200604314,linear,52,0,52,52,0,52,0.1,0.1015625,0.1015625,0.5289928643210989,5.28992864321099e-07,mle,0.25387452227018154,1.2199043996398156,ok,True,True,extraction,
spx,5153,2020-06-29,4641,5152,512,-1.5177223800883985,linear,52,0,52,52,0,52,0.1,0.1015625,0.1015625,0.5302596474842969,5.302596474842969e-07,mle,0.2956883548433988,1.1227959228917301,ok,True,True,extraction,
spx,5154,2020-06-30,4642,5153,512,-1.5177223800883985,linear,52,0,52,52,0,52,0.1,0.1015625,0.1015625,0.5318462309280675,5.318462309280674e-07,mle,0.2956883548433988,1.1227959228917301,ok,True,True,extraction,
spx,5155,2020-07-01,4643,5154,512,-1.5177223800883985,linear,52,0,52,52,0,52,0.1,0.1015625,0.1015625,0.5339979894433355,5.339979894433356e-07,mle,0.2956883548433988,1.1227959228917301,ok,True,True,extraction,
spx,5156,2020-07-02,4644,5155,512,-1.5177223800883985,linear,52,0,52,52,0,52,0.1,0.1015625,0.1015625,0.5339979894433355,5.339979894433356e-07,mle,0.2956883548433988,1.1227959228917301,ok,True,True,extraction,
spx,5157,2020-07-06,4645,5156,512,-1.5177223800883985,linear,52,0,52,52,0,52,0.1,0.1015625,0.1015625,0.5339979894433355,5.339979894433356e-07,mle,0.2956883548433988,1.1227959228917301,ok,True,True,extraction,
spx,5158,2020-07-07,4646,5157,512,-1.5177223800883985,linear,52,0,52,52,0,52,0.1,0.1015625,0.1015625,0.5339979894433355,5.339979894433356e-07,mle,0.2956883548433988,1.1227959228917301,ok,True,True,extraction,
spx,5159,2020-07-08,4647,5158,512,-1.5177223800883985,linear,52,0,52,52,0,52,0.1,0.1015625,0.1015625,0.5364791311357249,5.364791311357248e-07,mle,0.2956883548433988,1.1227959228917301,ok,True,True,extraction,
spx,5160,2020-07-09,4648,5159,512,-1.5177223800883985,linear,52,0,52,52,0,52,0.1,0.1015625,0.1015625,0.5371914826614034,5.371914826614034e-07,mle,0.2956883548433988,1.1227959228917301,ok,True,True,extraction,
spx,5161,2020-07-10,4649,5160,512,-1.5177223800883985,linear,52,0,52,52,0,52,0.1,0.1015625,0.1015625,0.5388881425968972,5.388881425968971e-07,mle,0.2956883548433988,1.1227959228917301,ok,True,True,extraction,
spx,5162,2020-07-13,4650,5161,512,-1.5177223800883985,linear,52,0,52,52,0,52,0.1,0.1015625,0.1015625,0.5392335398921257,5.392335398921258e-07,mle,0.2956883548433988,1.1227959228917301,ok,True,True,extraction,
spx,5163,2020-07-14,4651,5162,512,-1.5177223800883985,linear,52,0,52,52,0,52,0.1,0.1015625,0.1015625,0.5396004941225756,5.396004941225756e-07,mle,0.2956883548433988,1.1227959228917301,ok,True,True,extraction,
spx,5164,2020-07-15,4652,5163,512,-1.5177223800883985,linear,52,0,52,52,0,52,0.1,0.1015625,0.1015625,0.5428641145049471,5.42864114504947e-07,mle,0.2956883548433988,1.1227959228917301,ok,True,True,extraction,
spx,5165,2020-07-16,4653,5164,512,-1.5177223800883985,linear,52,0,52,52,0,52,0.1,0.1015625,0.1015625,0.5459031237199098,5.459031237199098e-07,mle,0.2956883548433988,1.1227959228917301,ok,True,True,extraction,
spx,5166,2020-07-17,4654,5165,512,-1.5177223800883985,linear,52,0,52,52,0,52,0.1,0.1015625,0.1015625,0.5428641145049471,5.42864114504947e-07,mle,0.2956883548433988,1.1227959228917301,ok,True,True,extraction,
spx,5167,2020-07-20,4655,5166,512,-1.5177223800883985,linear,52,0,52,52,0,52,0.1,0.1015625,0.1015625,0.5405435849741836,5.405435849741836e-07,mle,0.2956883548433988,1.1227959228917301,ok,True,True,extraction,
spx,5168,2020-07-21,4656,5167,512,-1.5177223800883985,linear,52,0,52,52,0,52,0.1,0.1015625,0.1015625,0.5405435849741836,5.405435849741836e-07,mle,0.2956883548433988,1.1227959228917301,ok,True,True,extraction,
spx,5169,2020-07-22,4657,5168,512,-1.5177223800883985,linear,52,0,52,52,0,52,0.1,0.1015625,0.1015625,0.5392335398921257,5.392335398921258e-07,mle,0.2956883548433988,1.1227959228917301,ok,True,True,extraction,
spx,5170,2020-07-23,4658,5169,512,-1.5177223800883985,linear,52,0,52,52,0,52,0.1,0.1015625,0.1015625,0.5392335398921257,5.392335398921258e-07,mle,0.2956883548433988,1.1227959228917301,ok,True,True,extraction,
spx,5171,2020-07-24,4659,5170,512,-1.5177223800883985,linear,52,0,52,52,0,52,0.1,0.1015625,0.1015625,0.5392335398921257,5.392335398921258e-07,mle,0.2956883548433988,1.1227959228917301,ok,True,True,extraction,
spx,5172,2020-07-27,4660,5171,512,-1.5177223800883985,linear,52,0,52,52,0,52,0.1,0.1015625,0.1015625,0.5388881425968972,5.388881425968971e-07,mle,0.2956883548433988,1.1227959228917301,ok,True,True,extraction,
spx,5173,2020-07-28,4661,5172,512,-1.5177223800883985,linear,52,0,52,52,0,52,0.1,0.1015625,0.1015625,0.5396004941225756,5.396004941225756e-07,mle,0.2956883548433988,1.1227959228917301,ok,True,True,extraction,
spx,5174,2020-07-29,4662,5173,512,-1.5177223800883985,linear,52,0,52,52,0,52,0.1,0.1015625,0.1015625,0.5432095118001756,5.432095118001756e-07,mle,0.2956883548433988,1.1227959228917301,ok,True,True,extraction,
spx,5175,2020-07-30,4663,5174,512,-1.5177223800883985,linear,52,0,52,52,0,52,0.1,0.1015625,0.1015625,0.5475585660971962,5.475585660971962e-07,mle,0.2956883548433988,1.1227959228917301,ok,True,True,extraction,
spx,5176,2020-07-31,4664,5175,512,-1.5177223800883985,linear,52,0,52,52,0,52,0.1,0.1015625,0.1015625,0.54977967060111,5.4977967060111e-07,mle,0.2956883548433988,1.1227959228917301,ok,True,True,extraction,
spx,5177,2020-08-03,4665,5176,512,-1.5177223800883985,linear,52,0,52,52,0,52,0.1,0.1015625,0.1015625,0.5488721858654555,5.488721858654554e-07,mle,0.2956883548433988,1.1227959228917301,ok,True,True,extraction,
spx,5178,2020-08-04,4666,5177,512,-1.5177223800883985,linear,52,0,52,52,0,52,0.1,0.1015625,0.1015625,0.549777464012802,5.497774640128021e-07,mle,0.2956883548433988,1.1227959228917301,ok,True,True,extraction,
spx,5179,2020-08-05,4667,5178,512,-1.5177223800883985,linear,52,0,52,52,0,52,0.1,0.1015625,0.1015625,0.549777464012802,5.497774640128021e-07,mle,0.2956883548433988,1.1227959228917301,ok,True,True,extraction,
spx,5180,2020-08-06,4668,5179,512,-1.5177223800883985,linear,52,0,52,52,0,52,0.1,0.1015625,0.1015625,0.550475365199568,5.504753651995679e-07,mle,0.2956883548433988,1.1227959228917301,ok,True,True,extraction,
spx,5181,2020-08-07,4669,5180,512,-1.5177223800883985,linear,52,0,52,52,0,52,0.1,0.1015625,0.1015625,0.5487390109726548,5.487390109726547e-07,mle,0.2956883548433988,1.1227959228917301,ok,True,True,extraction,
spx,5182,2020-08-10,4670,5181,512,-1.5177223800883985,linear,52,0,52,52,0,52,0.1,0.1015625,0.1015625,0.5487390109726548,5.487390109726547e-07,mle,0.2956883548433988,1.1227959228917301,ok,True,True,extraction,
spx,5183,2020-08-11,4671,5182,512,-1.5177223800883985,linear,52,0,52,52,0,52,0.1,0.1015625,0.1015625,0.5460024150651559,5.460024150651559e-07,mle,0.2956883548433988,1.1227959228917301,ok,True,True,extraction,
spx,5184,2020-08-12,4672,5183,512,-1.5177223800883985,linear,52,0,52,52,0,52,0.1,0.1015625,0.1015625,0.5460024150651559,5.460024150651559e-07,mle,0.2956883548433988,1.1227959228917301,ok,True,True,extraction,
spx,5185,2020-08-13,4673,5184,512,-1.5177223800883985,linear,52,0,52,52,0,52,0.1,0.1015625,0.1015625,0.5467003162519217,5.467003162519217e-07,mle,0.2956883548433988,1.1227959228917301,ok,True,True,extraction,
spx,5186,2020-08-14,4674,5185,512,-1.5177223800883985,linear,52,0,52,52,0,52,0.1,0.1015625,0.1015625,0.5467003162519217,5.467003162519217e-07,mle,0.2956883548433988,1.1227959228917301,ok,True,True,extraction,
spx,5187,2020-08-17,4675,5186,512,-1.5177223800883985,linear,52,0,52,52,0,52,0.1,0.1015625,0.1015625,0.5487390109726548,5.487390109726547e-07,mle,0.2956883548433988,1.1227959228917301,ok,True,True,extraction,
spx,5188,2020-08-18,4676,5187,512,-1.5177223800883985,linear,52,0,52,52,0,52,0.1,0.1015625,0.1015625,0.5487390109726548,5.487390109726547e-07,mle,0.2956883548433988,1.1227959228917301,ok,True,True,extraction,
spx,5189,2020-08-19,4677,5188,512,-1.5177223800883985,linear,52,0,52,52,0,52,0.1,0.1015625,0.1015625,0.5487390109726548,5.487390109726547e-07,mle,0.2956883548433988,1.1227959228917301,ok,True,True,extraction,
spx,5190,2020-08-20,4678,5189,512,-1.5177223800883985,linear,52,0,52,52,0,52,0.1,0.1015625,0.1015625,0.5503944533499412,5.503944533499411e-07,mle,0.2956883548433988,1.1227959228917301,ok,True,True,extraction,
spx,5191,2020-08-21,4679,5190,512,-1.5177223800883985,linear,52,0,52,52,0,52,0.1,0.1015625,0.1015625,0.5487390109726548,5.487390109726547e-07,mle,0.2956883548433988,1.1227959228917301,ok,True,True,extraction,
spx,5192,2020-08-24,4680,5191,512,-1.5177223800883985,linear,52,0,52,52,0,52,0.1,0.1015625,0.1015625,0.5467003162519217,5.467003162519217e-07,mle,0.2956883548433988,1.1227959228917301,ok,True,True,extraction,
spx,5193,2020-08-25,4681,5192,512,-1.5177223800883985,linear,52,0,52,52,0,52,0.1,0.1015625,0.1015625,0.5461433147137795,5.461433147137795e-07,mle,0.2956883548433988,1.1227959228917301,ok,True,True,extraction,
spx,5194,2020-08-26,4682,5193,512,-1.5177223800883985,linear,52,0,52,52,0,52,0.1,0.1015625,0.1015625,0.545713267055823,5.457132670558229e-07,mle,0.2956883548433988,1.1227959228917301,ok,True,True,extraction,
spx,5195,2020-08-27,4683,5194,512,-1.5177223800883985,linear,52,0,52,52,0,52,0.1,0.1015625,0.1015625,0.5482161787510293,5.482161787510293e-07,mle,0.2956883548433988,1.1227959228917301,ok,True,True,extraction,
spx,5196,2020-08-28,4684,5195,512,-1.5177223800883985,linear,52,0,52,52,0,52,0.1,0.1015625,0.1015625,0.5469137437872265,5.469137437872265e-07,mle,0.2956883548433988,1.1227959228917301,ok,True,True,extraction,
spx,5197,2020-08-31,4685,5196,512,-1.5177223800883985,linear,52,0,52,52,0,52,0.1,0.1015625,0.1015625,0.5469137437872265,5.469137437872265e-07,mle,0.2956883548433988,1.1227959228917301,ok,True,True,extraction,
spx,5198,2020-09-01,4686,5197,512,-1.5177223800883985,linear,52,0,52,52,0,52,0.1,0.1015625,0.1015625,0.545713267055823,5.457132670558229e-07,mle,0.2956883548433988,1.1227959228917301,ok,True,True,extraction,
spx,5199,2020-09-02,4687,5198,512,-1.5177223800883985,linear,52,0,52,52,0,52,0.1,0.1015625,0.1015625,0.5482161787510293,5.482161787510293e-07,mle,0.2956883548433988,1.1227959228917301,ok,True,True,extraction,
spx,5200,2020-09-03,4688,5199,512,-1.5177223800883985,linear,52,0,52,52,0,52,0.1,0.1015625,0.1015625,0.5502582359817517,5.502582359817517e-07,mle,0.2956883548433988,1.1227959228917301,ok,True,True,extraction,
spx,5201,2020-09-04,4689,5200,512,-1.548919934093755,linear,52,0,52,52,0,52,0.1,0.1015625,0.1015625,0.5513891515105309,5.513891515105309e-07,mle,0.2836739341699152,1.146166351188897,ok,True,True,extraction,
spx,5202,2020-09-08,4690,5201,512,-1.548919934093755,linear,52,0,52,52,0,52,0.1,0.1015625,0.1015625,0.5537965331613623,5.537965331613623e-07,mle,0.2836739341699152,1.146166351188897,ok,True,True,extraction,
spx,5203,2020-09-09,4691,5202,512,-1.5666389514492616,linear,52,0,52,52,0,52,0.1,0.1015625,0.1015625,0.5621360833072299,5.621360833072299e-07,mle,0.2627585873526798,1.1799268450474052,ok,True,True,extraction,
spx,5204,2020-09-10,4692,5203,512,-1.5666389514492616,linear,52,0,52,52,0,52,0.1,0.1015625,0.1015625,0.5621360833072299,5.621360833072299e-07,mle,0.2627585873526798,1.1799268450474052,ok,True,True,extraction,
spx,5205,2020-09-11,4693,5204,512,-1.5838493076370623,linear,52,0,52,52,0,52,0.1,0.1015625,0.1015625,0.564417869675268,5.64417869675268e-07,mle,0.27161017768396006,1.1572485016532719,ok,True,True,extraction,
spx,5206,2020-09-14,4694,5205,512,-1.5838493076370623,linear,52,0,52,52,0,52,0.1,0.1015625,0.1015625,0.5669256187653964,5.669256187653963e-07,mle,0.27161017768396006,1.1572485016532719,ok,True,True,extraction,
spx,5207,2020-09-15,4695,5206,512,-1.5838493076370623,linear,52,0,52,52,0,52,0.1,0.1015625,0.1015625,0.5690373225376195,5.690373225376195e-07,mle,0.27161017768396006,1.1572485016532719,ok,True,True,extraction,
spx,5208,2020-09-16,4696,5207,512,-1.5838493076370623,linear,52,0,52,52,0,52,0.1,0.1015625,0.1015625,0.5681645662719172,5.681645662719172e-07,mle,0.27161017768396006,1.1572485016532719,ok,True,True,extraction,
spx,5209,2020-09-17,4697,5208,512,-1.5838493076370623,linear,52,0,52,52,0,52,0.1,0.1015625,0.1015625,0.5681645662719172,5.681645662719172e-07,mle,0.27161017768396006,1.1572485016532719,ok,True,True,extraction,
spx,5210,2020-09-18,4698,5209,512,-1.5838493076370623,linear,52,0,52,52,0,52,0.1,0.1015625,0.1015625,0.5683424659961769,5.683424659961768e-07,mle,0.27161017768396006,1.1572485016532719,ok,True,True,extraction,
spx,5211,2020-09-21,4699,5210,512,-1.5838493076370623,linear,52,0,52,52,0,52,0.1,0.1015625,0.1015625,0.5704262197039274,5.704262197039274e-07,mle,0.27161017768396006,1.1572485016532719,ok,True,True,extraction,
spx,5212,2020-09-22,4700,5211,512,-1.5838493076370623,linear,52,0,52,52,0,52,0.1,0.1015625,0.1015625,0.5759554344649761,5.759554344649761e-07,mle,0.27161017768396006,1.1572485016532719,ok,True,True,extraction,
spx,5213,2020-09-23,4701,5212,512,-1.5838493076370623,linear,52,0,52,52,0,52,0.1,0.1015625,0.1015625,0.5806920838576796,5.806920838576795e-07,mle,0.27161017768396006,1.1572485016532719,ok,True,True,extraction,
spx,5214,2020-09-24,4702,5213,512,-1.5893603771377964,linear,52,0,52,52,0,52,0.1,0.1015625,0.1015625,0.5854894364442905,5.854894364442905e-07,mle,0.24783289872214692,1.1978903251517214,ok,True,True,extraction,
spx,5215,2020-09-25,4703,5214,512,-1.5893603771377964,linear,52,0,52,52,0,52,0.1,0.1015625,0.1015625,0.58306765632951,5.8306765632951e-07,mle,0.24783289872214692,1.1978903251517214,ok,True,True,extraction,
spx,5216,2020-09-28,4704,5215,512,-1.5893603771377964,linear,52,0,52,52,0,52,0.1,0.1015625,0.1015625,0.5859414799418411,5.859414799418411e-07,mle,0.24783289872214692,1.1978903251517214,ok,True,True,extraction,
spx,5217,2020-09-29,4705,5216,512,-1.5893603771377964,linear,52,0,52,52,0,52,0.1,0.1015625,0.1015625,0.5879840274097493,5.879840274097493e-07,mle,0.24783289872214692,1.1978903251517214,ok,True,True,extraction,
spx,5218,2020-09-30,4706,5217,512,-1.5893603771377964,linear,52,0,52,52,0,52,0.1,0.1015625,0.1015625,0.587491473073164,5.874914730731639e-07,mle,0.24783289872214692,1.1978903251517214,ok,True,True,extraction,
spx,5219,2020-10-01,4707,5218,512,-1.5893603771377964,linear,52,0,52,52,0,52,0.1,0.1015625,0.1015625,0.5888138375188627,5.888138375188627e-07,mle,0.24783289872214692,1.1978903251517214,ok,True,True,extraction,
spx,5220,2020-10-02,4708,5219,512,-1.5893603771377964,linear,52,0,52,52,0,52,0.1,0.1015625,0.1015625,0.5888138375188627,5.888138375188627e-07,mle,0.24783289872214692,1.1978903251517214,ok,True,True,extraction,
spx,5221,2020-10-05,4709,5220,512,-1.5893603771377964,linear,52,0,52,52,0,52,0.1,0.1015625,0.1015625,0.5886359883571538,5.886359883571537e-07,mle,0.24783289872214692,1.1978903251517214,ok,True,True,extraction,
spx,5222,2020-10-06,4710,5221,512,-1.5893603771377964,linear,52,0,52,52,0,52,0.1,0.1015625,0.1015625,0.5899583528028525,5.899583528028524e-07,mle,0.24783289872214692,1.1978903251517214,ok,True,True,extraction,
spx,5223,2020-10-07,4711,5222,512,-1.5893603771377964,linear,52,0,52,52,0,52,0.1,0.1015625,0.1015625,0.5916574502676777,5.916574502676777e-07,mle,0.24783289872214692,1.1978903251517214,ok,True,True,extraction,
spx,5224,2020-10-08,4712,5223,512,-1.5893603771377964,linear,52,0,52,52,0,52,0.1,0.1015625,0.1015625,0.5983023406298154,5.983023406298153e-07,mle,0.24783289872214692,1.1978903251517214,ok,True,True,extraction,
spx,5225,2020-10-09,4713,5224,512,-1.5893603771377964,linear,52,0,52,52,0,52,0.1,0.1015625,0.1015625,0.5990667826189027,5.990667826189026e-07,mle,0.24783289872214692,1.1978903251517214,ok,True,True,extraction,
spx,5226,2020-10-12,4714,5225,512,-1.5893603771377964,linear,52,0,52,52,0,52,0.1,0.1015625,0.1015625,0.6013977515415598,6.013977515415598e-07,mle,0.24783289872214692,1.1978903251517214,ok,True,True,extraction,
spx,5227,2020-10-13,4715,5226,512,-1.5893603771377964,linear,52,0,52,52,0,52,0.1,0.1015625,0.1015625,0.6026354232838291,6.026354232838291e-07,mle,0.24783289872214692,1.1978903251517214,ok,True,True,extraction,
spx,5228,2020-10-14,4716,5227,512,-1.5893603771377964,linear,52,0,52,52,0,52,0.1,0.1015625,0.1015625,0.6037799385678189,6.037799385678188e-07,mle,0.24783289872214692,1.1978903251517214,ok,True,True,extraction,
spx,5229,2020-10-15,4717,5228,512,-1.5893603771377964,linear,52,0,52,52,0,52,0.1,0.1015625,0.1015625,0.6068012433056486,6.068012433056486e-07,mle,0.24783289872214692,1.1978903251517214,ok,True,True,extraction,
spx,5230,2020-10-16,4718,5229,512,-1.5893603771377964,linear,52,0,52,52,0,52,0.1,0.1015625,0.1015625,0.6068012433056486,6.068012433056486e-07,mle,0.24783289872214692,1.1978903251517214,ok,True,True,extraction,
spx,5231,2020-10-19,4719,5230,512,-1.5893603771377964,linear,52,0,52,52,0,52,0.1,0.1015625,0.1015625,0.6037799385678189,6.037799385678188e-07,mle,0.24783289872214692,1.1978903251517214,ok,True,True,extraction,
spx,5232,2020-10-20,4720,5231,512,-1.6117860657984655,linear,52,0,52,52,0,52,0.1,0.1015625,0.1015625,0.6037799385678189,6.037799385678188e-07,mle,0.26833979917532036,1.1527574582097515,ok,True,True,extraction,
spx,5233,2020-10-21,4721,5232,512,-1.6117860657984655,linear,52,0,52,52,0,52,0.1,0.1015625,0.1015625,0.6061986412508602,6.061986412508602e-07,mle,0.26833979917532036,1.1527574582097515,ok,True,True,extraction,
spx,5234,2020-10-22,4722,5233,512,-1.6117860657984655,linear,52,0,52,52,0,52,0.1,0.1015625,0.1015625,0.6061986412508602,6.061986412508602e-07,mle,0.26833979917532036,1.1527574582097515,ok,True,True,extraction,
spx,5235,2020-10-23,4723,5234,512,-1.5893603771377964,linear,52,0,52,52,0,52,0.1,0.1015625,0.1015625,0.6012314880362868,6.012314880362867e-07,mle,0.288545153962728,1.1163245996561681,ok,True,True,extraction,
spx,5236,2020-10-26,4724,5235,512,-1.5838493076370623,linear,52,0,52,52,0,52,0.1,0.1015625,0.1015625,0.5952563501707093,5.952563501707093e-07,mle,0.3056409418069032,1.091412153055511,ok,True,True,extraction,
spx,5237,2020-10-27,4725,5236,512,-1.5893603771377964,linear,52,0,52,52,0,52,0.1,0.1015625,0.1015625,0.5964305983269864,5.964305983269864e-07,mle,0.2967909036935434,1.1026017365203178,ok,True,True,extraction,
spx,5238,2020-10-28,4726,5237,512,-1.5893603771377964,linear,52,0,52,52,0,52,0.1,0.1015625,0.1015625,0.5929407801493034,5.929407801493034e-07,mle,0.2967909036935434,1.1026017365203178,ok,True,True,extraction,
spx,5239,2020-10-29,4727,5238,512,-1.6117860657984655,linear,52,0,52,52,0,52,0.1,0.1015625,0.1015625,0.5946913883057827,5.946913883057827e-07,mle,0.27497989340877016,1.1448597750803273,ok,True,True,extraction,
spx,5240,2020-10-30,4728,5239,512,-1.6117860657984655,linear,52,0,52,52,0,52,0.1,0.1015625,0.1015625,0.5964305983269864,5.964305983269864e-07,mle,0.27497989340877016,1.1448597750803273,ok,True,True,extraction,
spx,5241,2020-11-02,4729,5240,512,-1.6117860657984655,linear,52,0,52,52,0,52,0.1,0.1015625,0.1015625,0.5964305983269864,5.964305983269864e-07,mle,0.27497989340877016,1.1448597750803273,ok,True,True,extraction,
spx,5242,2020-11-03,4730,5241,512,-1.6117860657984655,linear,52,0,52,52,0,52,0.1,0.1015625,0.1015625,0.5977416698586038,5.977416698586037e-07,mle,0.27497989340877016,1.1448597750803273,ok,True,True,extraction,
spx,5243,2020-11-04,4731,5242,512,-1.6117860657984655,linear,52,0,52,52,0,52,0.1,0.1015625,0.1015625,0.6000520354625272,6.000520354625272e-07,mle,0.27497989340877016,1.1448597750803273,ok,True,True,extraction,
spx,5244,2020-11-05,4732,5243,512,-1.6117860657984655,linear,52,0,52,52,0,52,0.1,0.1015625,0.1015625,0.598738963569001,5.98738963569001e-07,mle,0.27497989340877016,1.1448597750803273,ok,True,True,extraction,
spx,5245,2020-11-06,4733,5244,512,-1.5893603771377964,linear,52,0,52,52,0,52,0.1,0.1015625,0.1015625,0.5983802080574364,5.983802080574364e-07,mle,0.29410197709766317,1.11332861920163,ok,True,True,extraction,
spx,5246,2020-11-09,4734,5245,512,-1.5893603771377964,linear,52,0,52,52,0,52,0.1,0.1015625,0.1015625,0.5928140547581946,5.928140547581946e-07,mle,0.29410197709766317,1.11332861920163,ok,True,True,extraction,
spx,5247,2020-11-10,4735,5246,512,-1.5838493076370623,linear,52,0,52,52,0,52,0.1,0.1015625,0.1015625,0.5980132538269866,5.980132538269866e-07,mle,0.29645061432640685,1.1122412165902735,ok,True,True,extraction,
spx,5248,2020-11-11,4736,5247,512,-1.5838493076370623,linear,52,0,52,52,0,52,0.1,0.1015625,0.1015625,0.5945942393738409,5.945942393738409e-07,mle,0.29645061432640685,1.1122412165902735,ok,True,True,extraction,
spx,5249,2020-11-12,4737,5248,512,-1.5838493076370623,linear,52,0,52,52,0,52,0.1,0.1015625,0.1015625,0.5945942393738409,5.945942393738409e-07,mle,0.29645061432640685,1.1122412165902735,ok,True,True,extraction,
spx,5250,2020-11-13,4738,5249,512,-1.5838493076370623,linear,52,0,52,52,0,52,0.1,0.1015625,0.1015625,0.5924444022232281,5.924444022232281e-07,mle,0.29645061432640685,1.1122412165902735,ok,True,True,extraction,
spx,5251,2020-11-16,4739,5250,512,-1.5838493076370623,linear,52,0,52,52,0,52,0.1,0.1015625,0.1015625,0.5924444022232281,5.924444022232281e-07,mle,0.29645061432640685,1.1122412165902735,ok,True,True,extraction,
spx,5252,2020-11-17,4740,5251,512,-1.5838493076370623,linear,52,0,52,52,0,52,0.1,0.1015625,0.1015625,0.5945942393738409,5.945942393738409e-07,mle,0.29645061432640685,1.1122412165902735,ok,True,True,extraction,
spx,5253,2020-11-18,4741,5252,512,-1.5838493076370623,linear,52,0,52,52,0,52,0.1,0.1015625,0.1015625,0.5928140547581946,5.928140547581946e-07,mle,0.29645061432640685,1.1122412165902735,ok,True,True,extraction,
spx,5254,2020-11-19,4742,5253,512,-1.5838493076370623,linear,52,0,52,52,0,52,0.1,0.1015625,0.1015625,0.6000520354625272,6.000520354625272e-07,mle,0.29645061432640685,1.1122412165902735,ok,True,True,extraction,
spx,5255,2020-11-20,4743,5254,512,-1.5838493076370623,linear,52,0,52,52,0,52,0.1,0.1015625,0.1015625,0.5995091331467438,5.995091331467438e-07,mle,0.29645061432640685,1.1122412165902735,ok,True,True,extraction,
spx,5256,2020-11-23,4744,5255,512,-1.5838493076370623,linear,52,0,52,52,0,52,0.1,0.1015625,0.1015625,0.6000520354625272,6.000520354625272e-07,mle,0.29645061432640685,1.1122412165902735,ok,True,True,extraction,
spx,5257,2020-11-24,4745,5256,512,-1.5838493076370623,linear,52,0,52,52,0,52,0.1,0.1015625,0.1015625,0.5928140547581946,5.928140547581946e-07,mle,0.29645061432640685,1.1122412165902735,ok,True,True,extraction,
spx,5258,2020-11-25,4746,5257,512,-1.5666389514492616,linear,52,0,52,52,0,52,0.1,0.1015625,0.1015625,0.5980132538269866,5.980132538269866e-07,mle,0.2963983025781014,1.1195518061320544,ok,True,True,extraction,
spx,5259,2020-11-27,4747,5258,512,-1.5666389514492616,linear,52,0,52,52,0,52,0.1,0.1015625,0.1015625,0.5980132538269866,5.980132538269866e-07,mle,0.2963983025781014,1.1195518061320544,ok,True,True,extraction,
spx,5260,2020-11-30,4748,5259,512,-1.5666389514492616,linear,52,0,52,52,0,52,0.1,0.1015625,0.1015625,0.5946687616324613,5.946687616324613e-07,mle,0.2963983025781014,1.1195518061320544,ok,True,True,extraction,
spx,5261,2020-12-01,4749,5260,512,-1.5666389514492616,linear,52,0,52,52,0,52,0.1,0.1015625,0.1015625,0.5945942393738409,5.945942393738409e-07,mle,0.2963983025781014,1.1195518061320544,ok,True,True,extraction,
spx,5262,2020-12-02,4750,5261,512,-1.5666389514492616,linear,52,0,52,52,0,52,0.1,0.1015625,0.1015625,0.5980132538269866,5.980132538269866e-07,mle,0.2963983025781014,1.1195518061320544,ok,True,True,extraction,
spx,5263,2020-12-03,4751,5262,512,-1.548919934093755,linear,52,0,52,52,0,52,0.1,0.1015625,0.1015625,0.5946687616324613,5.946687616324613e-07,mle,0.2817605780397551,1.1507665850579527,ok,True,True,extraction,
spx,5264,2020-12-04,4752,5263,512,-1.5153422426147114,linear,52,0,52,52,0,52,0.1,0.1015625,0.1015625,0.5891026083332196,5.891026083332195e-07,mle,0.25855129908837665,1.2044916882768355,ok,True,True,extraction,
spx,5265,2020-12-07,4753,5264,512,-1.5153422426147114,linear,52,0,52,52,0,52,0.1,0.1015625,0.1015625,0.5946687616324613,5.946687616324613e-07,mle,0.25855129908837665,1.2044916882768355,ok,True,True,extraction,
spx,5266,2020-12-08,4754,5265,512,-1.5153422426147114,linear,52,0,52,52,0,52,0.1,0.1015625,0.1015625,0.5891026083332196,5.891026083332195e-07,mle,0.25855129908837665,1.2044916882768355,ok,True,True,extraction,
spx,5267,2020-12-09,4755,5266,512,-1.5153422426147114,linear,52,0,52,52,0,52,0.1,0.1015625,0.1015625,0.5832957182186056,5.832957182186056e-07,mle,0.25855129908837665,1.2044916882768355,ok,True,True,extraction,
spx,5268,2020-12-10,4756,5267,512,-1.5153422426147114,linear,52,0,52,52,0,52,0.1,0.1015625,0.1015625,0.5891026083332196,5.891026083332195e-07,mle,0.25855129908837665,1.2044916882768355,ok,True,True,extraction,
spx,5269,2020-12-11,4757,5268,512,-1.5153422426147114,linear,52,0,52,52,0,52,0.1,0.1015625,0.1015625,0.5890351654822865,5.890351654822864e-07,mle,0.25855129908837665,1.2044916882768355,ok,True,True,extraction,
spx,5270,2020-12-14,4758,5269,512,-1.5153422426147114,linear,52,0,52,52,0,52,0.1,0.1015625,0.1015625,0.5890351654822865,5.890351654822864e-07,mle,0.25855129908837665,1.2044916882768355,ok,True,True,extraction,
spx,5271,2020-12-15,4759,5270,512,-1.5153422426147114,linear,52,0,52,52,0,52,0.1,0.1015625,0.1015625,0.5848394672884458,5.848394672884458e-07,mle,0.25855129908837665,1.2044916882768355,ok,True,True,extraction,
spx,5272,2020-12-16,4760,5271,512,-1.5153422426147114,linear,52,0,52,52,0,52,0.1,0.1015625,0.1015625,0.5848394672884458,5.848394672884458e-07,mle,0.25855129908837665,1.2044916882768355,ok,True,True,extraction,
spx,5273,2020-12-17,4761,5272,512,-1.4239835583927543,linear,52,0,52,52,0,52,0.1,0.1015625,0.1015625,0.5827656513949269,5.827656513949269e-07,mle,0.21492152086854965,1.3124034867545125,ok,True,True,extraction,
spx,5274,2020-12-18,4762,5273,512,-1.4239835583927543,linear,52,0,52,52,0,52,0.1,0.1015625,0.1015625,0.5831738819066986,5.831738819066986e-07,mle,0.21492152086854965,1.3124034867545125,ok,True,True,extraction,
spx,5275,2020-12-21,4763,5274,512,-1.399317847381618,linear,52,0,52,52,0,52,0.1,0.1015625,0.1015625,0.5765683814291758,5.765683814291757e-07,mle,0.2214062719127155,1.3078536203294342,ok,True,True,extraction,
spx,5276,2020-12-22,4764,5275,512,-1.399317847381618,linear,52,0,52,52,0,52,0.1,0.1015625,0.1015625,0.5798607003189771,5.79860700318977e-07,mle,0.2214062719127155,1.3078536203294342,ok,True,True,extraction,
spx,5277,2020-12-23,4765,5276,512,-1.399317847381618,linear,52,0,52,52,0,52,0.1,0.1015625,0.1015625,0.5798607003189771,5.79860700318977e-07,mle,0.2214062719127155,1.3078536203294342,ok,True,True,extraction,
spx,5278,2020-12-24,4766,5277,512,-1.399317847381618,linear,52,0,52,52,0,52,0.1,0.1015625,0.1015625,0.5816650695653192,5.816650695653191e-07,mle,0.2214062719127155,1.3078536203294342,ok,True,True,extraction,
spx,5279,2020-12-28,4767,5278,512,-1.399317847381618,linear,52,0,52,52,0,52,0.1,0.1015625,0.1015625,0.5798607003189771,5.79860700318977e-07,mle,0.2214062719127155,1.3078536203294342,ok,True,True,extraction,
spx,5280,2020-12-29,4768,5279,512,-1.3194522566632345,linear,52,0,52,52,0,52,0.1,0.1015625,0.1015625,0.5765683814291758,5.765683814291757e-07,mle,0.17625091951200872,1.436353962641769,ok,True,True,extraction,
spx,5281,2020-12-30,4769,5280,512,-1.2396121482613698,linear,52,0,52,52,0,52,0.1,0.1015625,0.1015625,0.5717674917198754,5.717674917198754e-07,mle,0.1435590889255756,1.5464500958282765,ok,True,True,extraction,
spx,5282,2020-12-31,4770,5281,512,-1.2396121482613698,linear,52,0,52,52,0,52,0.1,0.1015625,0.1015625,0.5717674917198754,5.717674917198754e-07,mle,0.1435590889255756,1.5464500958282765,ok,True,True,extraction,
spx,5283,2021-01-04,4771,5282,512,-1.2387840898865103,linear,52,0,52,52,0,52,0.1,0.1015625,0.1015625,0.5649087523213976,5.649087523213975e-07,mle,0.15125339716178055,1.528658699501102,ok,True,True,extraction,
spx,5284,2021-01-05,4772,5283,512,-1.2387840898865103,linear,52,0,52,52,0,52,0.1,0.1015625,0.1015625,0.5649087523213976,5.649087523213975e-07,mle,0.15384352472938112,1.5224829241244149,ok,True,True,extraction,
spx,5285,2021-01-06,4773,5284,512,-1.2321085595397558,linear,52,0,52,52,0,52,0.1,0.1015625,0.1015625,0.5588169588961555,5.588169588961554e-07,mle,0.17027654267426762,1.486359770396352,ok,True,True,extraction,
spx,5286,2021-01-07,4774,5285,512,-1.2181911324862162,linear,52,0,52,52,0,52,0.1,0.1015625,0.1015625,0.5545233526384072,5.545233526384072e-07,mle,0.19389336659050233,1.4339978615025186,ok,True,True,extraction,
spx,5287,2021-01-08,4775,5286,512,-1.2181911324862162,linear,52,0,52,52,0,52,0.1,0.1015625,0.1015625,0.5545233526384072,5.545233526384072e-07,mle,0.19389336659050233,1.4339978615025186,ok,True,True,extraction,
spx,5288,2021-01-11,4776,5287,512,-1.2181911324862162,linear,52,0,52,52,0,52,0.1,0.1015625,0.1015625,0.5535490717421769,5.535490717421769e-07,mle,0.19389336659050233,1.4339978615025186,ok,True,True,extraction,
spx,5289,2021-01-12,4777,5288,512,-1.2181911324862162,linear,52,0,52,52,0,52,0.1,0.1015625,0.1015625,0.5545233526384072,5.545233526384072e-07,mle,0.19389336659050233,1.4339978615025186,ok,True,True,extraction,
spx,5290,2021-01-13,4778,5289,512,-1.2181911324862162,linear,52,0,52,52,0,52,0.1,0.1015625,0.1015625,0.5568226740694376,5.568226740694376e-07,mle,0.19389336659050233,1.4339978615025186,ok,True,True,extraction,
spx,5291,2021-01-14,4779,5290,512,-1.2181911324862162,linear,52,0,52,52,0,52,0.1,0.1015625,0.1015625,0.5535490717421769,5.535490717421769e-07,mle,0.19389336659050233,1.4339978615025186,ok,True,True,extraction,
spx,5292,2021-01-15,4780,5291,512,-1.1950979419883536,linear,52,0,52,52,0,52,0.1,0.1015625,0.1015625,0.5531461378116957,5.531461378116957e-07,mle,0.20851058601910888,1.408516488277196,ok,True,True,extraction,
spx,5293,2021-01-19,4781,5292,512,-1.1950979419883536,linear,52,0,52,52,0,52,0.1,0.1015625,0.1015625,0.5524703326171316,5.524703326171316e-07,mle,0.20851058601910888,1.408516488277196,ok,True,True,extraction,
spx,5294,2021-01-20,4782,5293,512,-1.1950979419883536,linear,52,0,52,52,0,52,0.1,0.1015625,0.1015625,0.5568226740694376,5.568226740694376e-07,mle,0.20851058601910888,1.408516488277196,ok,True,True,extraction,
spx,5295,2021-01-21,4783,5294,512,-1.1950979419883536,linear,52,0,52,52,0,52,0.1,0.1015625,0.1015625,0.5568226740694376,5.568226740694376e-07,mle,0.20851058601910888,1.408516488277196,ok,True,True,extraction,
spx,5296,2021-01-22,4784,5295,512,-1.1950979419883536,linear,52,0,52,52,0,52,0.1,0.1015625,0.1015625,0.5570823586265921,5.570823586265921e-07,mle,0.20851058601910888,1.408516488277196,ok,True,True,extraction,
spx,5297,2021-01-25,4785,5296,512,-1.1950979419883536,linear,52,0,52,52,0,52,0.1,0.1015625,0.1015625,0.5591622036341268,5.591622036341269e-07,mle,0.20851058601910888,1.408516488277196,ok,True,True,extraction,
spx,5298,2021-01-26,4786,5297,512,-1.1950979419883536,linear,52,0,52,52,0,52,0.1,0.1015625,0.1015625,0.5570823586265921,5.570823586265921e-07,mle,0.20851058601910888,1.408516488277196,ok,True,True,extraction,
spx,5299,2021-01-27,4787,5298,512,-1.1950979419883536,linear,52,0,52,52,0,52,0.1,0.1015625,0.1015625,0.5538458806675539,5.538458806675538e-07,mle,0.20851058601910888,1.408516488277196,ok,True,True,extraction,
spx,5300,2021-01-28,4788,5299,512,-1.2181911324862162,linear,52,0,52,52,0,52,0.1,0.1015625,0.1015625,0.5538458806675539,5.538458806675538e-07,mle,0.19254361525208147,1.4377596414447336,ok,True,True,extraction,
spx,5301,2021-01-29,4789,5300,512,-1.2181911324862162,linear,52,0,52,52,0,52,0.1,0.1015625,0.1015625,0.5591622036341268,5.591622036341269e-07,mle,0.19254361525208147,1.4377596414447336,ok,True,True,extraction,
spx,5302,2021-02-01,4790,5301,512,-1.2321085595397558,linear,52,0,52,52,0,52,0.1,0.1015625,0.1015625,0.5653795444167626,5.653795444167626e-07,mle,0.1822105042055467,1.4546897324289465,ok,True,True,extraction,
spx,5303,2021-02-02,4791,5302,512,-1.2321085595397558,linear,52,0,52,52,0,52,0.1,0.1015625,0.1015625,0.5653795444167626,5.653795444167626e-07,mle,0.1822105042055467,1.4546897324289465,ok,True,True,extraction,
spx,5304,2021-02-03,4792,5303,512,-1.2181911324862162,linear,52,0,52,52,0,52,0.1,0.1015625,0.1015625,0.5591622036341268,5.591622036341269e-07,mle,0.1783062409913079,1.4696932771739601,ok,True,True,extraction,
spx,5305,2021-02-04,4793,5304,512,-1.2181911324862162,linear,52,0,52,52,0,52,0.1,0.1015625,0.1015625,0.5653795444167626,5.653795444167626e-07,mle,0.1783062409913079,1.4696932771739601,ok,True,True,extraction,
spx,5306,2021-02-05,4794,5305,512,-1.2181911324862162,linear,52,0,52,52,0,52,0.1,0.1015625,0.1015625,0.5640487676839592,5.640487676839592e-07,mle,0.1783062409913079,1.4696932771739601,ok,True,True,extraction,
spx,5307,2021-02-08,4795,5306,512,-1.2181911324862162,linear,52,0,52,52,0,52,0.1,0.1015625,0.1015625,0.5591622036341268,5.591622036341269e-07,mle,0.1783062409913079,1.4696932771739601,ok,True,True,extraction,
spx,5308,2021-02-09,4796,5307,512,-1.2181911324862162,linear,52,0,52,52,0,52,0.1,0.1015625,0.1015625,0.5570823586265921,5.570823586265921e-07,mle,0.1783062409913079,1.4696932771739601,ok,True,True,extraction,
spx,5309,2021-02-10,4797,5308,512,-1.2181911324862162,linear,52,0,52,52,0,52,0.1,0.1015625,0.1015625,0.5570823586265921,5.570823586265921e-07,mle,0.1783062409913079,1.4696932771739601,ok,True,True,extraction,
spx,5310,2021-02-11,4798,5309,512,-1.2181911324862162,linear,52,0,52,52,0,52,0.1,0.1015625,0.1015625,0.5538458806675539,5.538458806675538e-07,mle,0.1783062409913079,1.4696932771739601,ok,True,True,extraction,
spx,5311,2021-02-12,4799,5310,512,-1.2181911324862162,linear,52,0,52,52,0,52,0.1,0.1015625,0.1015625,0.5485640137961154,5.485640137961154e-07,mle,0.1783062409913079,1.4696932771739601,ok,True,True,extraction,
spx,5312,2021-02-16,4800,5311,512,-1.2181911324862162,linear,52,0,52,52,0,52,0.1,0.1015625,0.1015625,0.5492338546580937,5.492338546580937e-07,mle,0.1783062409913079,1.4696932771739601,ok,True,True,extraction,
spx,5313,2021-02-17,4801,5312,512,-1.2181911324862162,linear,52,0,52,52,0,52,0.1,0.1015625,0.1015625,0.5485640137961154,5.485640137961154e-07,mle,0.1783062409913079,1.4696932771739601,ok,True,True,extraction,
spx,5314,2021-02-18,4802,5313,512,-1.2181911324862162,linear,52,0,52,52,0,52,0.1,0.1015625,0.1015625,0.5513637852161608,5.513637852161607e-07,mle,0.1783062409913079,1.4696932771739601,ok,True,True,extraction,
spx,5315,2021-02-19,4803,5314,512,-1.2181911324862162,linear,52,0,52,52,0,52,0.1,0.1015625,0.1015625,0.557968016533298,5.57968016533298e-07,mle,0.1783062409913079,1.4696932771739601,ok,True,True,extraction,
spx,5316,2021-02-22,4804,5315,512,-1.2181911324862162,linear,52,0,52,52,0,52,0.1,0.1015625,0.1015625,0.5513637852161608,5.513637852161607e-07,mle,0.1783062409913079,1.4696932771739601,ok,True,True,extraction,
spx,5317,2021-02-23,4805,5316,512,-1.2181911324862162,linear,52,0,52,52,0,52,0.1,0.1015625,0.1015625,0.557968016533298,5.57968016533298e-07,mle,0.1783062409913079,1.4696932771739601,ok,True,True,extraction,
spx,5318,2021-02-24,4806,5317,512,-1.2181911324862162,linear,52,0,52,52,0,52,0.1,0.1015625,0.1015625,0.557968016533298,5.57968016533298e-07,mle,0.1783062409913079,1.4696932771739601,ok,True,True,extraction,
spx,5319,2021-02-25,4807,5318,512,-1.2181911324862162,linear,52,0,52,52,0,52,0.1,0.1015625,0.1015625,0.557968016533298,5.57968016533298e-07,mle,0.1783062409913079,1.4696932771739601,ok,True,True,extraction,
spx,5320,2021-02-26,4808,5319,512,-1.2321085595397558,linear,52,0,52,52,0,52,0.1,0.1015625,0.1015625,0.5713209814254493,5.713209814254493e-07,mle,0.15953554542829734,1.5101742086548247,ok,True,True,extraction,
spx,5321,2021-03-01,4809,5320,512,-1.2321085595397558,linear,52,0,52,52,0,52,0.1,0.1015625,0.1015625,0.5738101728722755,5.738101728722756e-07,mle,0.15953554542829734,1.5101742086548247,ok,True,True,extraction,
spx,5322,2021-03-02,4810,5321,512,-1.2321085595397558,linear,52,0,52,52,0,52,0.1,0.1015625,0.1015625,0.5738101728722755,5.738101728722756e-07,mle,0.15953554542829734,1.5101742086548247,ok,True,True,extraction,
spx,5323,2021-03-03,4811,5322,512,-1.2321085595397558,linear,52,0,52,52,0,52,0.1,0.1015625,0.1015625,0.5741622805302664,5.741622805302664e-07,mle,0.15953554542829734,1.5101742086548247,ok,True,True,extraction,
spx,5324,2021-03-04,4812,5323,512,-1.2387840898865103,linear,52,0,52,52,0,52,0.1,0.1015625,0.1015625,0.5730344066367233,5.730344066367233e-07,mle,0.16169707608943534,1.502149310481025,ok,True,True,extraction,
spx,5325,2021-03-05,4813,5324,512,-1.2396121482613698,linear,52,0,52,52,0,52,0.1,0.1015625,0.1015625,0.5772991828521773,5.772991828521773e-07,mle,0.1588910618927904,1.5079541520055493,ok,True,True,extraction,
spx,5326,2021-03-08,4814,5325,512,-1.2396121482613698,linear,52,0,52,52,0,52,0.1,0.1015625,0.1015625,0.5831886010167016,5.831886010167015e-07,mle,0.1588910618927904,1.5079541520055493,ok,True,True,extraction,
spx,5327,2021-03-09,4815,5326,512,-1.2396121482613698,linear,52,0,52,52,0,52,0.1,0.1015625,0.1015625,0.5863555099552132,5.863555099552132e-07,mle,0.1588910618927904,1.5079541520055493,ok,True,True,extraction,
spx,5328,2021-03-10,4816,5327,512,-1.2396121482613698,linear,52,0,52,52,0,52,0.1,0.1015625,0.1015625,0.585811895284349,5.85811895284349e-07,mle,0.1588910618927904,1.5079541520055493,ok,True,True,extraction,
spx,5329,2021-03-11,4817,5328,512,-1.2396121482613698,linear,52,0,52,52,0,52,0.1,0.1015625,0.1015625,0.5831328664935288,5.831328664935288e-07,mle,0.1588910618927904,1.5079541520055493,ok,True,True,extraction,
spx,5330,2021-03-12,4818,5329,512,-1.2396121482613698,linear,52,0,52,52,0,52,0.1,0.1015625,0.1015625,0.5862652173908255,5.862652173908255e-07,mle,0.1588910618927904,1.5079541520055493,ok,True,True,extraction,
spx,5331,2021-03-15,4819,5330,512,-1.2396121482613698,linear,52,0,52,52,0,52,0.1,0.1015625,0.1015625,0.584601230003436,5.84601230003436e-07,mle,0.1588910618927904,1.5079541520055493,ok,True,True,extraction,
spx,5332,2021-03-16,4820,5331,512,-1.2396121482613698,linear,52,0,52,52,0,52,0.1,0.1015625,0.1015625,0.5862652173908255,5.862652173908255e-07,mle,0.1588910618927904,1.5079541520055493,ok,True,True,extraction,
spx,5333,2021-03-17,4821,5332,512,-1.2396121482613698,linear,52,0,52,52,0,52,0.1,0.1015625,0.1015625,0.5862652173908255,5.862652173908255e-07,mle,0.1588910618927904,1.5079541520055493,ok,True,True,extraction,
spx,5334,2021-03-18,4822,5333,512,-1.2396121482613698,linear,52,0,52,52,0,52,0.1,0.1015625,0.1015625,0.5832957182186056,5.832957182186056e-07,mle,0.1588910618927904,1.5079541520055493,ok,True,True,extraction,
spx,5335,2021-03-19,4823,5334,512,-1.3076740146545727,linear,52,0,52,52,0,52,0.1,0.1015625,0.1015625,0.5832957182186056,5.832957182186056e-07,mle,0.20205256898164248,1.3831390781697905,ok,True,True,extraction,
spx,5336,2021-03-22,4824,5335,512,-1.3076740146545727,linear,52,0,52,52,0,52,0.1,0.1015625,0.1015625,0.5832957182186056,5.832957182186056e-07,mle,0.20205256898164248,1.3831390781697905,ok,True,True,extraction,
spx,5337,2021-03-23,4825,5336,512,-1.3076740146545727,linear,52,0,52,52,0,52,0.1,0.1015625,0.1015625,0.5798837831731473,5.798837831731473e-07,mle,0.20205256898164248,1.3831390781697905,ok,True,True,extraction,
spx,5338,2021-03-24,4826,5337,512,-1.3076740146545727,linear,52,0,52,52,0,52,0.1,0.1015625,0.1015625,0.5845754135546455,5.845754135546455e-07,mle,0.20205256898164248,1.3831390781697905,ok,True,True,extraction,
spx,5339,2021-03-25,4827,5338,512,-1.3076740146545727,linear,52,0,52,52,0,52,0.1,0.1015625,0.1015625,0.584601230003436,5.84601230003436e-07,mle,0.20205256898164248,1.3831390781697905,ok,True,True,extraction,
spx,5340,2021-03-26,4828,5339,512,-1.3076740146545727,linear,52,0,52,52,0,52,0.1,0.1015625,0.1015625,0.5862652173908255,5.862652173908255e-07,mle,0.20205256898164248,1.3831390781697905,ok,True,True,extraction,
spx,5341,2021-03-29,4829,5340,512,-1.3076740146545727,linear,52,0,52,52,0,52,0.1,0.1015625,0.1015625,0.5890351654822865,5.890351654822864e-07,mle,0.20205256898164248,1.3831390781697905,ok,True,True,extraction,
spx,5342,2021-03-30,4830,5341,512,-1.3076740146545727,linear,52,0,52,52,0,52,0.1,0.1015625,0.1015625,0.5869403110251625,5.869403110251625e-07,mle,0.20205256898164248,1.3831390781697905,ok,True,True,extraction,
spx,5343,2021-03-31,4831,5342,512,-1.3076740146545727,linear,52,0,52,52,0,52,0.1,0.1015625,0.1015625,0.5869403110251625,5.869403110251625e-07,mle,0.20205256898164248,1.3831390781697905,ok,True,True,extraction,
spx,5344,2021-04-01,4832,5343,512,-1.3076740146545727,linear,52,0,52,52,0,52,0.1,0.1015625,0.1015625,0.5890351654822865,5.890351654822864e-07,mle,0.20205256898164248,1.3831390781697905,ok,True,True,extraction,
spx,5345,2021-04-05,4833,5344,512,-1.3076740146545727,linear,52,0,52,52,0,52,0.1,0.1015625,0.1015625,0.5890351654822865,5.890351654822864e-07,mle,0.20205256898164248,1.3831390781697905,ok,True,True,extraction,
spx,5346,2021-04-06,4834,5345,512,-1.2396121482613698,linear,52,0,52,52,0,52,0.1,0.1015625,0.1015625,0.5870447860717998,5.870447860717998e-07,mle,0.16930343726998084,1.4832699761345367,ok,True,True,extraction,
spx,5347,2021-04-07,4835,5346,512,-1.2396121482613698,linear,52,0,52,52,0,52,0.1,0.1015625,0.1015625,0.5870447860717998,5.870447860717998e-07,mle,0.16930343726998084,1.4832699761345367,ok,True,True,extraction,
spx,5348,2021-04-08,4836,5347,512,-1.2396121482613698,linear,52,0,52,52,0,52,0.1,0.1015625,0.1015625,0.5883381836517163,5.883381836517163e-07,mle,0.16930343726998084,1.4832699761345367,ok,True,True,extraction,
spx,5349,2021-04-09,4837,5348,512,-1.2396121482613698,linear,52,0,52,52,0,52,0.1,0.1015625,0.1015625,0.5838743034939053,5.838743034939053e-07,mle,0.16930343726998084,1.4832699761345367,ok,True,True,extraction,
spx,5350,2021-04-12,4838,5349,512,-1.2396121482613698,linear,52,0,52,52,0,52,0.1,0.1015625,0.1015625,0.5870447860717998,5.870447860717998e-07,mle,0.16930343726998084,1.4832699761345367,ok,True,True,extraction,
spx,5351,2021-04-13,4839,5350,512,-1.2396121482613698,linear,52,0,52,52,0,52,0.1,0.1015625,0.1015625,0.5883381836517163,5.883381836517163e-07,mle,0.16930343726998084,1.4832699761345367,ok,True,True,extraction,
spx,5352,2021-04-14,4840,5351,512,-1.2396121482613698,linear,52,0,52,52,0,52,0.1,0.1015625,0.1015625,0.5877595983764166,5.877595983764166e-07,mle,0.16930343726998084,1.4832699761345367,ok,True,True,extraction,
spx,5353,2021-04-15,4841,5352,512,-1.2396121482613698,linear,52,0,52,52,0,52,0.1,0.1015625,0.1015625,0.5877595983764166,5.877595983764166e-07,mle,0.16930343726998084,1.4832699761345367,ok,True,True,extraction,
spx,5354,2021-04-16,4842,5353,512,-1.2396121482613698,linear,52,0,52,52,0,52,0.1,0.1015625,0.1015625,0.5883381836517163,5.883381836517163e-07,mle,0.16930343726998084,1.4832699761345367,ok,True,True,extraction,
spx,5355,2021-04-19,4843,5354,512,-1.2396121482613698,linear,52,0,52,52,0,52,0.1,0.1015625,0.1015625,0.5883381836517163,5.883381836517163e-07,mle,0.16930343726998084,1.4832699761345367,ok,True,True,extraction,
spx,5356,2021-04-20,4844,5355,512,-1.2396121482613698,linear,52,0,52,52,0,52,0.1,0.1015625,0.1015625,0.5898077466449088,5.898077466449087e-07,mle,0.16930343726998084,1.4832699761345367,ok,True,True,extraction,
spx,5357,2021-04-21,4845,5356,512,-1.2396121482613698,linear,52,0,52,52,0,52,0.1,0.1015625,0.1015625,0.5924444022232281,5.924444022232281e-07,mle,0.16930343726998084,1.4832699761345367,ok,True,True,extraction,
spx,5358,2021-04-22,4846,5357,512,-1.2396121482613698,linear,52,0,52,52,0,52,0.1,0.1015625,0.1015625,0.5906505098581203,5.906505098581202e-07,mle,0.16930343726998084,1.4832699761345367,ok,True,True,extraction,
spx,5359,2021-04-23,4847,5358,512,-1.2396121482613698,linear,52,0,52,52,0,52,0.1,0.1015625,0.1015625,0.5950837561060642,5.950837561060642e-07,mle,0.16930343726998084,1.4832699761345367,ok,True,True,extraction,
spx,5360,2021-04-26,4848,5359,512,-1.2396121482613698,linear,52,0,52,52,0,52,0.1,0.1015625,0.1015625,0.5971319043745564,5.971319043745564e-07,mle,0.16930343726998084,1.4832699761345367,ok,True,True,extraction,
spx,5361,2021-04-27,4849,5360,512,-1.2396121482613698,linear,52,0,52,52,0,52,0.1,0.1015625,0.1015625,0.5971319043745564,5.971319043745564e-07,mle,0.16930343726998084,1.4832699761345367,ok,True,True,extraction,
spx,5362,2021-04-28,4850,5361,512,-1.2396121482613698,linear,52,0,52,52,0,52,0.1,0.1015625,0.1015625,0.5971319043745564,5.971319043745564e-07,mle,0.16930343726998084,1.4832699761345367,ok,True,True,extraction,
spx,5363,2021-04-29,4851,5362,512,-1.2396121482613698,linear,52,0,52,52,0,52,0.1,0.1015625,0.1015625,0.5971319043745564,5.971319043745564e-07,mle,0.16930343726998084,1.4832699761345367,ok,True,True,extraction,
spx,5364,2021-04-30,4852,5363,512,-1.2396121482613698,linear,52,0,52,52,0,52,0.1,0.1015625,0.1015625,0.5961222823974623,5.961222823974623e-07,mle,0.16930343726998084,1.4832699761345367,ok,True,True,extraction,
spx,5365,2021-05-03,4853,5364,512,-1.2396121482613698,linear,52,0,52,52,0,52,0.1,0.1015625,0.1015625,0.5983802080574364,5.983802080574364e-07,mle,0.16930343726998084,1.4832699761345367,ok,True,True,extraction,
spx,5366,2021-05-04,4854,5365,512,-1.2396121482613698,linear,52,0,52,52,0,52,0.1,0.1015625,0.1015625,0.5988922304889233,5.988922304889233e-07,mle,0.16930343726998084,1.4832699761345367,ok,True,True,extraction,
spx,5367,2021-05-05,4855,5366,512,-1.2396121482613698,linear,52,0,52,52,0,52,0.1,0.1015625,0.1015625,0.5983802080574364,5.983802080574364e-07,mle,0.16930343726998084,1.4832699761345367,ok,True,True,extraction,
spx,5368,2021-05-06,4856,5367,512,-1.2396121482613698,linear,52,0,52,52,0,52,0.1,0.1015625,0.1015625,0.5983802080574364,5.983802080574364e-07,mle,0.16930343726998084,1.4832699761345367,ok,True,True,extraction,
spx,5369,2021-05-07,4857,5368,512,-1.2396121482613698,linear,52,0,52,52,0,52,0.1,0.1015625,0.1015625,0.6015957845323674,6.015957845323673e-07,mle,0.16930343726998084,1.4832699761345367,ok,True,True,extraction,
spx,5370,2021-05-10,4858,5369,512,-1.2396121482613698,linear,52,0,52,52,0,52,0.1,0.1015625,0.1015625,0.6015957845323674,6.015957845323673e-07,mle,0.16930343726998084,1.4832699761345367,ok,True,True,extraction,
spx,5371,2021-05-11,4859,5370,512,-1.2396121482613698,linear,52,0,52,52,0,52,0.1,0.1015625,0.1015625,0.6055540318336491,6.055540318336491e-07,mle,0.16930343726998084,1.4832699761345367,ok,True,True,extraction,
spx,5372,2021-05-12,4860,5371,512,-1.2396121482613698,linear,52,0,52,52,0,52,0.1,0.1015625,0.1015625,0.6100707188637213,6.100707188637213e-07,mle,0.16930343726998084,1.4832699761345367,ok,True,True,extraction,
spx,5373,2021-05-13,4861,5372,512,-1.3076740146545727,linear,52,0,52,52,0,52,0.1,0.1015625,0.1015625,0.6100707188637213,6.100707188637213e-07,mle,0.19626273703725255,1.3963998223590597,ok,True,True,extraction,
spx,5374,2021-05-14,4862,5373,512,-1.3076740146545727,linear,52,0,52,52,0,52,0.1,0.1015625,0.1015625,0.6045821502608242,6.045821502608242e-07,mle,0.19626273703725255,1.3963998223590597,ok,True,True,extraction,
spx,5375,2021-05-17,4863,5374,512,-1.3076740146545727,linear,52,0,52,52,0,52,0.1,0.1015625,0.1015625,0.6045821502608242,6.045821502608242e-07,mle,0.19626273703725255,1.3963998223590597,ok,True,True,extraction,
spx,5376,2021-05-18,4864,5375,512,-1.3076740146545727,linear,52,0,52,52,0,52,0.1,0.1015625,0.1015625,0.603435494396373,6.03435494396373e-07,mle,0.19626273703725255,1.3963998223590597,ok,True,True,extraction,
spx,5377,2021-05-19,4865,5376,512,-1.2396121482613698,linear,52,0,52,52,0,52,0.1,0.1015625,0.1015625,0.603435494396373,6.03435494396373e-07,mle,0.15858723450019094,1.5097974924110522,ok,True,True,extraction,
spx,5378,2021-05-20,4866,5377,512,-1.2396121482613698,linear,52,0,52,52,0,52,0.1,0.1015625,0.1015625,0.603435494396373,6.03435494396373e-07,mle,0.15858723450019094,1.5097974924110522,ok,True,True,extraction,
spx,5379,2021-05-21,4867,5378,512,-1.2396121482613698,linear,52,0,52,52,0,52,0.1,0.1015625,0.1015625,0.6057816218362911,6.057816218362911e-07,mle,0.15858723450019094,1.5097974924110522,ok,True,True,extraction,
spx,5380,2021-05-24,4868,5379,512,-1.2396121482613698,linear,52,0,52,52,0,52,0.1,0.1015625,0.1015625,0.6045821502608242,6.045821502608242e-07,mle,0.15858723450019094,1.5097974924110522,ok,True,True,extraction,
spx,5381,2021-05-25,4869,5380,512,-1.2387840898865103,linear,52,0,52,52,0,52,0.1,0.1015625,0.1015625,0.6057816218362911,6.057816218362911e-07,mle,0.1862655268844388,1.4443832164115775,ok,True,True,extraction,
spx,5382,2021-05-26,4870,5381,512,-1.2387840898865103,linear,52,0,52,52,0,52,0.1,0.1015625,0.1015625,0.603435494396373,6.03435494396373e-07,mle,0.1862655268844388,1.4443832164115775,ok,True,True,extraction,
spx,5383,2021-05-27,4871,5382,512,-1.2387840898865103,linear,52,0,52,52,0,52,0.1,0.1015625,0.1015625,0.603435494396373,6.03435494396373e-07,mle,0.1862655268844388,1.4443832164115775,ok,True,True,extraction,
spx,5384,2021-05-28,4872,5383,512,-1.2387840898865103,linear,52,0,52,52,0,52,0.1,0.1015625,0.1015625,0.6100707188637213,6.100707188637213e-07,mle,0.1862655268844388,1.4443832164115775,ok,True,True,extraction,
spx,5385,2021-06-01,4873,5384,512,-1.2387840898865103,linear,52,0,52,52,0,52,0.1,0.1015625,0.1015625,0.6055540318336491,6.055540318336491e-07,mle,0.1862655268844388,1.4443832164115775,ok,True,True,extraction,
spx,5386,2021-06-02,4874,5385,512,-1.2387840898865103,linear,52,0,52,52,0,52,0.1,0.1015625,0.1015625,0.5992591847193731,5.992591847193731e-07,mle,0.1862655268844388,1.4443832164115775,ok,True,True,extraction,
spx,5387,2021-06-03,4875,5386,512,-1.2387840898865103,linear,52,0,52,52,0,52,0.1,0.1015625,0.1015625,0.5983802080574364,5.983802080574364e-07,mle,0.1862655268844388,1.4443832164115775,ok,True,True,extraction,
spx,5388,2021-06-04,4876,5387,512,-1.2387840898865103,linear,52,0,52,52,0,52,0.1,0.1015625,0.1015625,0.5983802080574364,5.983802080574364e-07,mle,0.1862655268844388,1.4443832164115775,ok,True,True,extraction,
spx,5389,2021-06-07,4877,5388,512,-1.2387840898865103,linear,52,0,52,52,0,52,0.1,0.1015625,0.1015625,0.5961222823974623,5.961222823974623e-07,mle,0.1862655268844388,1.4443832164115775,ok,True,True,extraction,
spx,5390,2021-06-08,4878,5389,512,-1.2387840898865103,linear,52,0,52,52,0,52,0.1,0.1015625,0.1015625,0.5961222823974623,5.961222823974623e-07,mle,0.1862655268844388,1.4443832164115775,ok,True,True,extraction,
spx,5391,2021-06-09,4879,5390,512,-1.2387840898865103,linear,52,0,52,52,0,52,0.1,0.1015625,0.1015625,0.5952433057355255,5.952433057355255e-07,mle,0.1862655268844388,1.4443832164115775,ok,True,True,extraction,
spx,5392,2021-06-10,4880,5391,512,-1.2387840898865103,linear,52,0,52,52,0,52,0.1,0.1015625,0.1015625,0.5946687616324613,5.946687616324613e-07,mle,0.1862655268844388,1.4443832164115775,ok,True,True,extraction,
spx,5393,2021-06-11,4881,5392,512,-1.2387840898865103,linear,52,0,52,52,0,52,0.1,0.1015625,0.1015625,0.5946687616324613,5.946687616324613e-07,mle,0.1862655268844388,1.4443832164115775,ok,True,True,extraction,
spx,5394,2021-06-14,4882,5393,512,-1.2321085595397558,linear,52,0,52,52,0,52,0.1,0.1015625,0.1015625,0.5875792596161205,5.875792596161205e-07,mle,0.1843025477478233,1.4517305083331662,ok,True,True,extraction,
spx,5395,2021-06-15,4883,5394,512,-1.2321085595397558,linear,52,0,52,52,0,52,0.1,0.1015625,0.1015625,0.5821681230888152,5.821681230888151e-07,mle,0.1843025477478233,1.4517305083331662,ok,True,True,extraction,
spx,5396,2021-06-16,4884,5395,512,-1.2321085595397558,linear,52,0,52,52,0,52,0.1,0.1015625,0.1015625,0.5813430623952752,5.813430623952752e-07,mle,0.1843025477478233,1.4517305083331662,ok,True,True,extraction,
spx,5397,2021-06-17,4885,5396,512,-1.2321085595397558,linear,52,0,52,52,0,52,0.1,0.1015625,0.1015625,0.5870447860717998,5.870447860717998e-07,mle,0.1843025477478233,1.4517305083331662,ok,True,True,extraction,
spx,5398,2021-06-18,4886,5397,512,-1.2321085595397558,linear,52,0,52,52,0,52,0.1,0.1015625,0.1015625,0.5883381836517163,5.883381836517163e-07,mle,0.1843025477478233,1.4517305083331662,ok,True,True,extraction,
spx,5399,2021-06-21,4887,5398,512,-1.2387840898865103,linear,52,0,52,52,0,52,0.1,0.1015625,0.1015625,0.5893396227481144,5.893396227481143e-07,mle,0.18649633145777705,1.4439161714974906,ok,True,True,extraction,
spx,5400,2021-06-22,4888,5399,512,-1.2387840898865103,linear,52,0,52,52,0,52,0.1,0.1015625,0.1015625,0.5904214928629155,5.904214928629155e-07,mle,0.18649633145777705,1.4439161714974906,ok,True,True,extraction,
spx,5401,2021-06-23,4889,5400,512,-1.2387840898865103,linear,52,0,52,52,0,52,0.1,0.1015625,0.1015625,0.5893115410735528,5.893115410735527e-07,mle,0.18649633145777705,1.4439161714974906,ok,True,True,extraction,
spx,5402,2021-06-24,4890,5401,512,-1.2387840898865103,linear,52,0,52,52,0,52,0.1,0.1015625,0.1015625,0.5893115410735528,5.893115410735527e-07,mle,0.18649633145777705,1.4439161714974906,ok,True,True,extraction,
spx,5403,2021-06-25,4891,5402,512,-1.2387840898865103,linear,52,0,52,52,0,52,0.1,0.1015625,0.1015625,0.5893115410735528,5.893115410735527e-07,mle,0.18649633145777705,1.4439161714974906,ok,True,True,extraction,
spx,5404,2021-06-28,4892,5403,512,-1.2387840898865103,linear,52,0,52,52,0,52,0.1,0.1015625,0.1015625,0.592273090911114,5.92273090911114e-07,mle,0.18649633145777705,1.4439161714974906,ok,True,True,extraction,
spx,5405,2021-06-29,4893,5404,512,-1.2387840898865103,linear,52,0,52,52,0,52,0.1,0.1015625,0.1015625,0.5875792596161205,5.875792596161205e-07,mle,0.18649633145777705,1.4439161714974906,ok,True,True,extraction,
spx,5406,2021-06-30,4894,5405,512,-1.2387840898865103,linear,52,0,52,52,0,52,0.1,0.1015625,0.1015625,0.5870447860717998,5.870447860717998e-07,mle,0.18649633145777705,1.4439161714974906,ok,True,True,extraction,
spx,5407,2021-07-01,4895,5406,512,-1.2387840898865103,linear,52,0,52,52,0,52,0.1,0.1015625,0.1015625,0.5883381836517163,5.883381836517163e-07,mle,0.18649633145777705,1.4439161714974906,ok,True,True,extraction,
spx,5408,2021-07-02,4896,5407,512,-1.2387840898865103,linear,52,0,52,52,0,52,0.1,0.1015625,0.1015625,0.5877595983764166,5.877595983764166e-07,mle,0.18649633145777705,1.4439161714974906,ok,True,True,extraction,
spx,5409,2021-07-06,4897,5408,512,-1.2387840898865103,linear,52,0,52,52,0,52,0.1,0.1015625,0.1015625,0.5870447860717998,5.870447860717998e-07,mle,0.18649633145777705,1.4439161714974906,ok,True,True,extraction,
spx,5410,2021-07-07,4898,5409,512,-1.2387840898865103,linear,52,0,52,52,0,52,0.1,0.1015625,0.1015625,0.5870447860717998,5.870447860717998e-07,mle,0.18649633145777705,1.4439161714974906,ok,True,True,extraction,
spx,5411,2021-07-08,4899,5410,512,-1.2387840898865103,linear,52,0,52,52,0,52,0.1,0.1015625,0.1015625,0.5757769090960334,5.757769090960334e-07,mle,0.18649633145777705,1.4439161714974906,ok,True,True,extraction,
spx,5412,2021-07-09,4900,5411,512,-1.2387840898865103,linear,52,0,52,52,0,52,0.1,0.1015625,0.1015625,0.5809852627564984,5.809852627564984e-07,mle,0.18649633145777705,1.4439161714974906,ok,True,True,extraction,
spx,5413,2021-07-12,4901,5412,512,-1.2387840898865103,linear,52,0,52,52,0,52,0.1,0.1015625,0.1015625,0.586342483315407,5.86342483315407e-07,mle,0.18649633145777705,1.4439161714974906,ok,True,True,extraction,
spx,5414,2021-07-13,4902,5413,512,-1.2387840898865103,linear,52,0,52,52,0,52,0.1,0.1015625,0.1015625,0.586342483315407,5.86342483315407e-07,mle,0.18649633145777705,1.4439161714974906,ok,True,True,extraction,
spx,5415,2021-07-14,4903,5414,512,-1.2387840898865103,linear,52,0,52,52,0,52,0.1,0.1015625,0.1015625,0.5870447860717998,5.870447860717998e-07,mle,0.18649633145777705,1.4439161714974906,ok,True,True,extraction,
spx,5416,2021-07-15,4904,5415,512,-1.2387840898865103,linear,52,0,52,52,0,52,0.1,0.1015625,0.1015625,0.5883381836517163,5.883381836517163e-07,mle,0.18649633145777705,1.4439161714974906,ok,True,True,extraction,
spx,5417,2021-07-16,4905,5416,512,-1.2387840898865103,linear,52,0,52,52,0,52,0.1,0.1015625,0.1015625,0.5885952823214827,5.885952823214827e-07,mle,0.18649633145777705,1.4439161714974906,ok,True,True,extraction,
spx,5418,2021-07-19,4906,5417,512,-1.2387840898865103,linear,52,0,52,52,0,52,0.1,0.1015625,0.1015625,0.5893396227481144,5.893396227481143e-07,mle,0.18649633145777705,1.4439161714974906,ok,True,True,extraction,
spx,5419,2021-07-20,4907,5418,512,-1.2396121482613698,linear,52,0,52,52,0,52,0.1,0.1015625,0.1015625,0.5893396227481144,5.893396227481143e-07,mle,0.17582284836694495,1.466610912647442,ok,True,True,extraction,
spx,5420,2021-07-21,4908,5419,512,-1.2396121482613698,linear,52,0,52,52,0,52,0.1,0.1015625,0.1015625,0.5893115410735528,5.893115410735527e-07,mle,0.17582284836694495,1.466610912647442,ok,True,True,extraction,
spx,5421,2021-07-22,4909,5420,512,-1.2396121482613698,linear,52,0,52,52,0,52,0.1,0.1015625,0.1015625,0.5906505098581203,5.906505098581202e-07,mle,0.17582284836694495,1.466610912647442,ok,True,True,extraction,
spx,5422,2021-07-23,4910,5421,512,-1.2396121482613698,linear,52,0,52,52,0,52,0.1,0.1015625,0.1015625,0.5906505098581203,5.906505098581202e-07,mle,0.17582284836694495,1.466610912647442,ok,True,True,extraction,
spx,5423,2021-07-26,4911,5422,512,-1.2396121482613698,linear,52,0,52,52,0,52,0.1,0.1015625,0.1015625,0.5943619562830954,5.943619562830954e-07,mle,0.17582284836694495,1.466610912647442,ok,True,True,extraction,
spx,5424,2021-07-27,4912,5423,512,-1.2396121482613698,linear,52,0,52,52,0,52,0.1,0.1015625,0.1015625,0.5946687616324613,5.946687616324613e-07,mle,0.17582284836694495,1.466610912647442,ok,True,True,extraction,
spx,5425,2021-07-28,4913,5424,512,-1.2396121482613698,linear,52,0,52,52,0,52,0.1,0.1015625,0.1015625,0.5952433057355255,5.952433057355255e-07,mle,0.17582284836694495,1.466610912647442,ok,True,True,extraction,
spx,5426,2021-07-29,4914,5425,512,-1.2396121482613698,linear,52,0,52,52,0,52,0.1,0.1015625,0.1015625,0.5946687616324613,5.946687616324613e-07,mle,0.17582284836694495,1.466610912647442,ok,True,True,extraction,
spx,5427,2021-07-30,4915,5426,512,-1.2396121482613698,linear,52,0,52,52,0,52,0.1,0.1015625,0.1015625,0.5946687616324613,5.946687616324613e-07,mle,0.17582284836694495,1.466610912647442,ok,True,True,extraction,
spx,5428,2021-08-02,4916,5427,512,-1.2396121482613698,linear,52,0,52,52,0,52,0.1,0.1015625,0.1015625,0.5946687616324613,5.946687616324613e-07,mle,0.17582284836694495,1.466610912647442,ok,True,True,extraction,
spx,5429,2021-08-03,4917,5428,512,-1.2396121482613698,linear,52,0,52,52,0,52,0.1,0.1015625,0.1015625,0.5943619562830954,5.943619562830954e-07,mle,0.17582284836694495,1.466610912647442,ok,True,True,extraction,
spx,5430,2021-08-04,4918,5429,512,-1.2396121482613698,linear,52,0,52,52,0,52,0.1,0.1015625,0.1015625,0.5980224084186596,5.980224084186596e-07,mle,0.17582284836694495,1.466610912647442,ok,True,True,extraction,
spx,5431,2021-08-05,4919,5430,512,-1.2396121482613698,linear,52,0,52,52,0,52,0.1,0.1015625,0.1015625,0.6015656523575886,6.015656523575886e-07,mle,0.17582284836694495,1.466610912647442,ok,True,True,extraction,
spx,5432,2021-08-06,4920,5431,512,-1.2396121482613698,linear,52,0,52,52,0,52,0.1,0.1015625,0.1015625,0.5980224084186596,5.980224084186596e-07,mle,0.17582284836694495,1.466610912647442,ok,True,True,extraction,
spx,5433,2021-08-09,4921,5432,512,-1.2396121482613698,linear,52,0,52,52,0,52,0.1,0.1015625,0.1015625,0.5980224084186596,5.980224084186596e-07,mle,0.17582284836694495,1.466610912647442,ok,True,True,extraction,
spx,5434,2021-08-10,4922,5433,512,-1.2396121482613698,linear,52,0,52,52,0,52,0.1,0.1015625,0.1015625,0.5980224084186596,5.980224084186596e-07,mle,0.17582284836694495,1.466610912647442,ok,True,True,extraction,
spx,5435,2021-08-11,4923,5434,512,-1.2396121482613698,linear,52,0,52,52,0,52,0.1,0.1015625,0.1015625,0.5980224084186596,5.980224084186596e-07,mle,0.17582284836694495,1.466610912647442,ok,True,True,extraction,
spx,5436,2021-08-12,4924,5435,512,-1.2396121482613698,linear,52,0,52,52,0,52,0.1,0.1015625,0.1015625,0.5943619562830954,5.943619562830954e-07,mle,0.17582284836694495,1.466610912647442,ok,True,True,extraction,
spx,5437,2021-08-13,4925,5436,512,-1.2396121482613698,linear,52,0,52,52,0,52,0.1,0.1015625,0.1015625,0.5943109619936845,5.943109619936844e-07,mle,0.17582284836694495,1.466610912647442,ok,True,True,extraction,
spx,5438,2021-08-16,4926,5437,512,-1.2396121482613698,linear,52,0,52,52,0,52,0.1,0.1015625,0.1015625,0.5890954079986501,5.890954079986501e-07,mle,0.17582284836694495,1.466610912647442,ok,True,True,extraction,
spx,5439,2021-08-17,4927,5438,512,-1.2387840898865103,linear,52,0,52,52,0,52,0.1,0.1015625,0.1015625,0.5788556117735079,5.788556117735078e-07,mle,0.2129928615417096,1.3778580147565345,ok,True,True,extraction,
spx,5440,2021-08-18,4928,5439,512,-1.2387840898865103,linear,52,0,52,52,0,52,0.1,0.1015625,0.1015625,0.5837381874397416,5.837381874397415e-07,mle,0.2129928615417096,1.3778580147565345,ok,True,True,extraction,
spx,5441,2021-08-19,4929,5440,512,-1.2387840898865103,linear,52,0,52,52,0,52,0.1,0.1015625,0.1015625,0.5890954079986501,5.890954079986501e-07,mle,0.2129928615417096,1.3778580147565345,ok,True,True,extraction,
spx,5442,2021-08-20,4930,5441,512,-1.2387840898865103,linear,52,0,52,52,0,52,0.1,0.1015625,0.1015625,0.5870447860717998,5.870447860717998e-07,mle,0.2129928615417096,1.3778580147565345,ok,True,True,extraction,
spx,5443,2021-08-23,4931,5442,512,-1.2387840898865103,linear,52,0,52,52,0,52,0.1,0.1015625,0.1015625,0.5837381874397416,5.837381874397415e-07,mle,0.2129928615417096,1.3778580147565345,ok,True,True,extraction,
spx,5444,2021-08-24,4932,5443,512,-1.2321085595397558,linear,52,0,52,52,0,52,0.1,0.1015625,0.1015625,0.5788556117735079,5.788556117735078e-07,mle,0.20741221623565695,1.392174794427425,ok,True,True,extraction,
spx,5445,2021-08-25,4933,5444,512,-1.2321085595397558,linear,52,0,52,52,0,52,0.1,0.1015625,0.1015625,0.5785298337792766,5.785298337792765e-07,mle,0.20741221623565695,1.392174794427425,ok,True,True,extraction,
spx,5446,2021-08-26,4934,5445,512,-1.2147198503463736,linear,52,0,52,52,0,52,0.1,0.1015625,0.1015625,0.5732016571106262,5.732016571106262e-07,mle,0.23281189009060016,1.3386771763057392,ok,True,True,extraction,
spx,5447,2021-08-27,4935,5446,512,-1.2147198503463736,linear,52,0,52,52,0,52,0.1,0.1015625,0.1015625,0.5785298337792766,5.785298337792765e-07,mle,0.23281189009060016,1.3386771763057392,ok,True,True,extraction,
spx,5448,2021-08-30,4936,5447,512,-1.2147198503463736,linear,52,0,52,52,0,52,0.1,0.1015625,0.1015625,0.5785298337792766,5.785298337792765e-07,mle,0.23281189009060016,1.3386771763057392,ok,True,True,extraction,
spx,5449,2021-08-31,4937,5448,512,-1.2147198503463736,linear,52,0,52,52,0,52,0.1,0.1015625,0.1015625,0.5772390309241424,5.772390309241424e-07,mle,0.23281189009060016,1.3386771763057392,ok,True,True,extraction,
spx,5450,2021-09-01,4938,5449,512,-1.2147198503463736,linear,52,0,52,52,0,52,0.1,0.1015625,0.1015625,0.5738270958786841,5.738270958786841e-07,mle,0.23281189009060016,1.3386771763057392,ok,True,True,extraction,
spx,5451,2021-09-02,4939,5450,512,-1.2147198503463736,linear,52,0,52,52,0,52,0.1,0.1015625,0.1015625,0.5732782826956244,5.732782826956244e-07,mle,0.23281189009060016,1.3386771763057392,ok,True,True,extraction,
spx,5452,2021-09-03,4940,5451,512,-1.2147198503463736,linear,52,0,52,52,0,52,0.1,0.1015625,0.1015625,0.569789722065168,5.69789722065168e-07,mle,0.23281189009060016,1.3386771763057392,ok,True,True,extraction,
spx,5453,2021-09-07,4941,5452,512,-1.1637828689316077,linear,52,0,52,52,0,52,0.1,0.1015625,0.1015625,0.5662265040981368,5.662265040981368e-07,mle,0.22473055241184292,1.3694630876872809,ok,True,True,extraction,
spx,5454,2021-09-08,4942,5453,512,-1.1637828689316077,linear,52,0,52,52,0,52,0.1,0.1015625,0.1015625,0.5649888323558675,5.649888323558675e-07,mle,0.22473055241184292,1.3694630876872809,ok,True,True,extraction,
spx,5455,2021-09-09,4943,5454,512,-1.1637828689316077,linear,52,0,52,52,0,52,0.1,0.1015625,0.1015625,0.5649888323558675,5.649888323558675e-07,mle,0.22473055241184292,1.3694630876872809,ok,True,True,extraction,
spx,5456,2021-09-10,4944,5455,512,-1.1637828689316077,linear,52,0,52,52,0,52,0.1,0.1015625,0.1015625,0.5719176179513721,5.719176179513721e-07,mle,0.22473055241184292,1.3694630876872809,ok,True,True,extraction,
spx,5457,2021-09-13,4945,5456,512,-1.1637828689316077,linear,52,0,52,52,0,52,0.1,0.1015625,0.1015625,0.573166679377545,5.731666793775449e-07,mle,0.22473055241184292,1.3694630876872809,ok,True,True,extraction,
spx,5458,2021-09-14,4946,5457,512,-1.1637828689316077,linear,52,0,52,52,0,52,0.1,0.1015625,0.1015625,0.5719176179513721,5.719176179513721e-07,mle,0.22473055241184292,1.3694630876872809,ok,True,True,extraction,
spx,5459,2021-09-15,4947,5458,512,-1.1637828689316077,linear,52,0,52,52,0,52,0.1,0.1015625,0.1015625,0.5719176179513721,5.719176179513721e-07,mle,0.22473055241184292,1.3694630876872809,ok,True,True,extraction,
spx,5460,2021-09-16,4948,5459,512,-1.1637828689316077,linear,52,0,52,52,0,52,0.1,0.1015625,0.1015625,0.5719176179513721,5.719176179513721e-07,mle,0.22473055241184292,1.3694630876872809,ok,True,True,extraction,
spx,5461,2021-09-17,4949,5460,512,-1.1637828689316077,linear,52,0,52,52,0,52,0.1,0.1015625,0.1015625,0.5695135245338494,5.695135245338493e-07,mle,0.22473055241184292,1.3694630876872809,ok,True,True,extraction,
spx,5462,2021-09-20,4950,5461,512,-1.1637828689316077,linear,52,0,52,52,0,52,0.1,0.1015625,0.1015625,0.573166679377545,5.731666793775449e-07,mle,0.22473055241184292,1.3694630876872809,ok,True,True,extraction,
spx,5463,2021-09-21,4951,5462,512,-1.2147198503463736,linear,52,0,52,52,0,52,0.1,0.1015625,0.1015625,0.5779675690868453,5.779675690868453e-07,mle,0.2532368263966287,1.2931001952076544,ok,True,True,extraction,
spx,5464,2021-09-22,4952,5463,512,-1.2147198503463736,linear,52,0,52,52,0,52,0.1,0.1015625,0.1015625,0.5779675690868453,5.779675690868453e-07,mle,0.2532368263966287,1.2931001952076544,ok,True,True,extraction,
spx,5465,2021-09-23,4953,5464,512,-1.2147198503463736,linear,52,0,52,52,0,52,0.1,0.1015625,0.1015625,0.5834239182860083,5.834239182860082e-07,mle,0.2532368263966287,1.2931001952076544,ok,True,True,extraction,
spx,5466,2021-09-24,4954,5465,512,-1.2147198503463736,linear,52,0,52,52,0,52,0.1,0.1015625,0.1015625,0.5857539832166655,5.857539832166654e-07,mle,0.2532368263966287,1.2931001952076544,ok,True,True,extraction,
spx,5467,2021-09-27,4955,5466,512,-1.2147198503463736,linear,52,0,52,52,0,52,0.1,0.1015625,0.1015625,0.5857539832166655,5.857539832166654e-07,mle,0.2532368263966287,1.2931001952076544,ok,True,True,extraction,
spx,5468,2021-09-28,4956,5467,512,-1.2147198503463736,linear,52,0,52,52,0,52,0.1,0.1015625,0.1015625,0.5857539832166655,5.857539832166654e-07,mle,0.2532368263966287,1.2931001952076544,ok,True,True,extraction,
spx,5469,2021-09-29,4957,5468,512,-1.2321085595397558,linear,52,0,52,52,0,52,0.1,0.1015625,0.1015625,0.5880207382184185,5.880207382184184e-07,mle,0.2412821574430477,1.309924868733822,ok,True,True,extraction,
spx,5470,2021-09-30,4958,5469,512,-1.2321085595397558,linear,52,0,52,52,0,52,0.1,0.1015625,0.1015625,0.5872727870299919,5.872727870299918e-07,mle,0.2412821574430477,1.309924868733822,ok,True,True,extraction,
spx,5471,2021-10-01,4959,5470,512,-1.2321085595397558,linear,52,0,52,52,0,52,0.1,0.1015625,0.1015625,0.5885635898851262,5.885635898851263e-07,mle,0.2412821574430477,1.309924868733822,ok,True,True,extraction,
spx,5472,2021-10-04,4960,5471,512,-1.2321085595397558,linear,52,0,52,52,0,52,0.1,0.1015625,0.1015625,0.5873145284589534,5.873145284589533e-07,mle,0.2412821574430477,1.309924868733822,ok,True,True,extraction,
spx,5473,2021-10-05,4961,5472,512,-1.2390153265563446,linear,52,0,52,52,0,52,0.1,0.1015625,0.1015625,0.5893115410735528,5.893115410735527e-07,mle,0.24465664535818335,1.3003419496225335,ok,True,True,extraction,
spx,5474,2021-10-06,4962,5473,512,-1.2390153265563446,linear,52,0,52,52,0,52,0.1,0.1015625,0.1015625,0.5920442069919315,5.920442069919314e-07,mle,0.24465664535818335,1.3003419496225335,ok,True,True,extraction,
spx,5475,2021-10-07,4963,5474,512,-1.2390153265563446,linear,52,0,52,52,0,52,0.1,0.1015625,0.1015625,0.5920442069919315,5.920442069919314e-07,mle,0.24465664535818335,1.3003419496225335,ok,True,True,extraction,
spx,5476,2021-10-08,4964,5475,512,-1.2390153265563446,linear,52,0,52,52,0,52,0.1,0.1015625,0.1015625,0.5922352835313156,5.922352835313156e-07,mle,0.24465664535818335,1.3003419496225335,ok,True,True,extraction,
spx,5477,2021-10-11,4965,5476,512,-1.2390153265563446,linear,52,0,52,52,0,52,0.1,0.1015625,0.1015625,0.590998507230602,5.90998507230602e-07,mle,0.24465664535818335,1.3003419496225335,ok,True,True,extraction,
spx,5478,2021-10-12,4966,5477,512,-1.2390153265563446,linear,52,0,52,52,0,52,0.1,0.1015625,0.1015625,0.5943109619936845,5.943109619936844e-07,mle,0.24465664535818335,1.3003419496225335,ok,True,True,extraction,
spx,5479,2021-10-13,4967,5478,512,-1.2377111915548158,linear,52,0,52,52,0,52,0.1,0.1015625,0.1015625,0.5920442069919315,5.920442069919314e-07,mle,0.24341869663151483,1.3033260160582687,ok,True,True,extraction,
spx,5480,2021-10-14,4968,5479,512,-1.2181462395235456,linear,52,0,52,52,0,52,0.1,0.1015625,0.1015625,0.5856412866716935,5.856412866716934e-07,mle,0.2464201400635044,1.3056461483773696,ok,True,True,extraction,
spx,5481,2021-10-15,4969,5480,512,-1.2181462395235456,linear,52,0,52,52,0,52,0.1,0.1015625,0.1015625,0.5856412866716935,5.856412866716934e-07,mle,0.2464201400635044,1.3056461483773696,ok,True,True,extraction,
spx,5482,2021-10-18,4970,5481,512,-1.2181462395235456,linear,52,0,52,52,0,52,0.1,0.1015625,0.1015625,0.583662523796614,5.83662523796614e-07,mle,0.2464201400635044,1.3056461483773696,ok,True,True,extraction,
spx,5483,2021-10-19,4971,5482,512,-1.2181462395235456,linear,52,0,52,52,0,52,0.1,0.1015625,0.1015625,0.5783032820282379,5.783032820282378e-07,mle,0.2464201400635044,1.3056461483773696,ok,True,True,extraction,
spx,5484,2021-10-20,4972,5483,512,-1.1946939053243182,linear,52,0,52,52,0,52,0.1,0.1015625,0.1015625,0.5733490235103786,5.733490235103786e-07,mle,0.23846300692758446,1.330985832526642,ok,True,True,extraction,
spx,5485,2021-10-21,4973,5484,512,-1.1946939053243182,linear,52,0,52,52,0,52,0.1,0.1015625,0.1015625,0.5731123552482952,5.731123552482951e-07,mle,0.23846300692758446,1.330985832526642,ok,True,True,extraction,
spx,5486,2021-10-22,4974,5485,512,-1.1946939053243182,linear,52,0,52,52,0,52,0.1,0.1015625,0.1015625,0.5731123552482952,5.731123552482951e-07,mle,0.23846300692758446,1.330985832526642,ok,True,True,extraction,
spx,5487,2021-10-25,4975,5486,512,-1.1946939053243182,linear,52,0,52,52,0,52,0.1,0.1015625,0.1015625,0.5736005441276453,5.736005441276453e-07,mle,0.23846300692758446,1.330985832526642,ok,True,True,extraction,
spx,5488,2021-10-26,4976,5487,512,-1.1946939053243182,linear,52,0,52,52,0,52,0.1,0.1015625,0.1015625,0.5721197869958251,5.721197869958251e-07,mle,0.23846300692758446,1.330985832526642,ok,True,True,extraction,
spx,5489,2021-10-27,4977,5488,512,-1.1946939053243182,linear,52,0,52,52,0,52,0.1,0.1015625,0.1015625,0.5689445202124503,5.689445202124504e-07,mle,0.23846300692758446,1.330985832526642,ok,True,True,extraction,
spx,5490,2021-10-28,4978,5489,512,-1.1946939053243182,linear,52,0,52,52,0,52,0.1,0.1015625,0.1015625,0.5721197869958251,5.721197869958251e-07,mle,0.23846300692758446,1.330985832526642,ok,True,True,extraction,
spx,5491,2021-10-29,4979,5490,512,-1.1946939053243182,linear,52,0,52,52,0,52,0.1,0.1015625,0.1015625,0.5731123552482952,5.731123552482951e-07,mle,0.23846300692758446,1.330985832526642,ok,True,True,extraction,
spx,5492,2021-11-01,4980,5491,512,-1.1946939053243182,linear,52,0,52,52,0,52,0.1,0.1015625,0.1015625,0.570067537966064,5.70067537966064e-07,mle,0.23846300692758446,1.330985832526642,ok,True,True,extraction,
spx,5493,2021-11-02,4981,5492,512,-1.1946939053243182,linear,52,0,52,52,0,52,0.1,0.1015625,0.1015625,0.570067537966064,5.70067537966064e-07,mle,0.23846300692758446,1.330985832526642,ok,True,True,extraction,
spx,5494,2021-11-03,4982,5493,512,-1.1946939053243182,linear,52,0,52,52,0,52,0.1,0.1015625,0.1015625,0.5694280512690053,5.694280512690053e-07,mle,0.23846300692758446,1.330985832526642,ok,True,True,extraction,
spx,5495,2021-11-04,4983,5494,512,-1.1946939053243182,linear,52,0,52,52,0,52,0.1,0.1015625,0.1015625,0.5694280512690053,5.694280512690053e-07,mle,0.23846300692758446,1.330985832526642,ok,True,True,extraction,
spx,5496,2021-11-05,4984,5495,512,-1.1946939053243182,linear,52,0,52,52,0,52,0.1,0.1015625,0.1015625,0.5694280512690053,5.694280512690053e-07,mle,0.23846300692758446,1.330985832526642,ok,True,True,extraction,
spx,5497,2021-11-08,4985,5496,512,-1.1946939053243182,linear,52,0,52,52,0,52,0.1,0.1015625,0.1015625,0.5694280512690053,5.694280512690053e-07,mle,0.23846300692758446,1.330985832526642,ok,True,True,extraction,
spx,5498,2021-11-09,4986,5497,512,-1.1946939053243182,linear,52,0,52,52,0,52,0.1,0.1015625,0.1015625,0.570067537966064,5.70067537966064e-07,mle,0.23846300692758446,1.330985832526642,ok,True,True,extraction,
spx,5499,2021-11-10,4987,5498,512,-1.1946939053243182,linear,52,0,52,52,0,52,0.1,0.1015625,0.1015625,0.570067537966064,5.70067537966064e-07,mle,0.23846300692758446,1.330985832526642,ok,True,True,extraction,
spx,5500,2021-11-11,4988,5499,512,-1.1946939053243182,linear,52,0,52,52,0,52,0.1,0.1015625,0.1015625,0.5733490235103786,5.733490235103786e-07,mle,0.23846300692758446,1.330985832526642,ok,True,True,extraction,
spx,5501,2021-11-12,4989,5500,512,-1.1946939053243182,linear,52,0,52,52,0,52,0.1,0.1015625,0.1015625,0.5733490235103786,5.733490235103786e-07,mle,0.23846300692758446,1.330985832526642,ok,True,True,extraction,
spx,5502,2021-11-15,4990,5501,512,-1.1946939053243182,linear,52,0,52,52,0,52,0.1,0.1015625,0.1015625,0.5731123552482952,5.731123552482951e-07,mle,0.23846300692758446,1.330985832526642,ok,True,True,extraction,
spx,5503,2021-11-16,4991,5502,512,-1.1946939053243182,linear,52,0,52,52,0,52,0.1,0.1015625,0.1015625,0.5769231773107726,5.769231773107725e-07,mle,0.23846300692758446,1.330985832526642,ok,True,True,extraction,
spx,5504,2021-11-17,4992,5503,512,-1.1946939053243182,linear,52,0,52,52,0,52,0.1,0.1015625,0.1015625,0.5731123552482952,5.731123552482951e-07,mle,0.23846300692758446,1.330985832526642,ok,True,True,extraction,
spx,5505,2021-11-18,4993,5504,512,-1.1946939053243182,linear,52,0,52,52,0,52,0.1,0.1015625,0.1015625,0.5731123552482952,5.731123552482951e-07,mle,0.23846300692758446,1.330985832526642,ok,True,True,extraction,
spx,5506,2021-11-19,4994,5505,512,-1.1946939053243182,linear,52,0,52,52,0,52,0.1,0.1015625,0.1015625,0.5731123552482952,5.731123552482951e-07,mle,0.23846300692758446,1.330985832526642,ok,True,True,extraction,
spx,5507,2021-11-22,4995,5506,512,-1.1946939053243182,linear,52,0,52,52,0,52,0.1,0.1015625,0.1015625,0.5769231773107726,5.769231773107725e-07,mle,0.23846300692758446,1.330985832526642,ok,True,True,extraction,
spx,5508,2021-11-23,4996,5507,512,-1.1946939053243182,linear,52,0,52,52,0,52,0.1,0.1015625,0.1015625,0.5769231773107726,5.769231773107725e-07,mle,0.23846300692758446,1.330985832526642,ok,True,True,extraction,
spx,5509,2021-11-24,4997,5508,512,-1.1946939053243182,linear,52,0,52,52,0,52,0.1,0.1015625,0.1015625,0.5731123552482953,5.731123552482953e-07,mle,0.23846300692758446,1.330985832526642,ok,True,True,extraction,
spx,5510,2021-11-26,4998,5509,512,-1.1946939053243182,linear,52,0,52,52,0,52,0.1,0.1015625,0.1015625,0.5708617703967609,5.708617703967609e-07,mle,0.23846300692758446,1.330985832526642,ok,True,True,extraction,
spx,5511,2021-11-29,4999,5510,512,-1.2181462395235456,linear,52,0,52,52,0,52,0.1,0.1015625,0.1015625,0.571160004999425,5.71160004999425e-07,mle,0.2270445265697514,1.3467382659426876,ok,True,True,extraction,
spx,5512,2021-11-30,5000,5511,512,-1.2181462395235456,linear,52,0,52,52,0,52,0.1,0.1015625,0.1015625,0.571160004999425,5.71160004999425e-07,mle,0.2270445265697514,1.3467382659426876,ok,True,True,extraction,
spx,5513,2021-12-01,5001,5512,512,-1.2377111915548158,linear,52,0,52,52,0,52,0.1,0.1015625,0.1015625,0.5734105898509594,5.734105898509593e-07,mle,0.2213880209898494,1.3502902995993566,ok,True,True,extraction,
spx,5514,2021-12-02,5002,5513,512,-1.2377111915548158,linear,52,0,52,52,0,52,0.1,0.1015625,0.1015625,0.5764312478960116,5.764312478960116e-07,mle,0.2213880209898494,1.3502902995993566,ok,True,True,extraction,
spx,5515,2021-12-03,5003,5514,512,-1.2377111915548158,linear,52,0,52,52,0,52,0.1,0.1015625,0.1015625,0.5785947842742454,5.785947842742453e-07,mle,0.2213880209898494,1.3502902995993566,ok,True,True,extraction,
spx,5516,2021-12-06,5004,5515,512,-1.2377111915548158,linear,52,0,52,52,0,52,0.1,0.1015625,0.1015625,0.5809313467881017,5.809313467881016e-07,mle,0.2213880209898494,1.3502902995993566,ok,True,True,extraction,
spx,5517,2021-12-07,5005,5516,512,-1.2377111915548158,linear,52,0,52,52,0,52,0.1,0.1015625,0.1015625,0.5821681230888152,5.821681230888151e-07,mle,0.2213880209898494,1.3502902995993566,ok,True,True,extraction,
spx,5518,2021-12-08,5006,5517,512,-1.2377111915548158,linear,52,0,52,52,0,52,0.1,0.1015625,0.1015625,0.5893419468650278,5.893419468650278e-07,mle,0.2213880209898494,1.3502902995993566,ok,True,True,extraction,
spx,5519,2021-12-09,5007,5518,512,-1.2377111915548158,linear,52,0,52,52,0,52,0.1,0.1015625,0.1015625,0.5893419468650278,5.893419468650278e-07,mle,0.2213880209898494,1.3502902995993566,ok,True,True,extraction,
spx,5520,2021-12-10,5008,5519,512,-1.2377111915548158,linear,52,0,52,52,0,52,0.1,0.1015625,0.1015625,0.5973564203692411,5.97356420369241e-07,mle,0.2213880209898494,1.3502902995993566,ok,True,True,extraction,
spx,5521,2021-12-13,5009,5520,512,-1.2377111915548158,linear,52,0,52,52,0,52,0.1,0.1015625,0.1015625,0.599940176573335,5.999401765733349e-07,mle,0.2213880209898494,1.3502902995993566,ok,True,True,extraction,
spx,5522,2021-12-14,5010,5521,512,-1.2377111915548158,linear,52,0,52,52,0,52,0.1,0.1015625,0.1015625,0.599940176573335,5.999401765733349e-07,mle,0.2213880209898494,1.3502902995993566,ok,True,True,extraction,
spx,5523,2021-12-15,5011,5522,512,-1.2377111915548158,linear,52,0,52,52,0,52,0.1,0.1015625,0.1015625,0.599940176573335,5.999401765733349e-07,mle,0.2213880209898494,1.3502902995993566,ok,True,True,extraction,
spx,5524,2021-12-16,5012,5523,512,-1.2377111915548158,linear,52,0,52,52,0,52,0.1,0.1015625,0.1015625,0.6029538190417116,6.029538190417116e-07,mle,0.2213880209898494,1.3502902995993566,ok,True,True,extraction,
spx,5525,2021-12-17,5013,5524,512,-1.2377111915548158,linear,52,0,52,52,0,52,0.1,0.1015625,0.1015625,0.6057816218362911,6.057816218362911e-07,mle,0.2213880209898494,1.3502902995993566,ok,True,True,extraction,
spx,5526,2021-12-20,5014,5525,512,-1.2377111915548158,linear,52,0,52,52,0,52,0.1,0.1015625,0.1015625,0.6052205740434646,6.052205740434646e-07,mle,0.2213880209898494,1.3502902995993566,ok,True,True,extraction,
spx,5527,2021-12-21,5015,5526,512,-1.2377111915548158,linear,52,0,52,52,0,52,0.1,0.1015625,0.1015625,0.6078286885104115,6.078286885104115e-07,mle,0.2213880209898494,1.3502902995993566,ok,True,True,extraction,
spx,5528,2021-12-22,5016,5527,512,-1.2377111915548158,linear,52,0,52,52,0,52,0.1,0.1015625,0.1015625,0.6111300245336786,6.111300245336785e-07,mle,0.2213880209898494,1.3502902995993566,ok,True,True,extraction,
spx,5529,2021-12-23,5017,5528,512,-1.2377111915548158,linear,52,0,52,52,0,52,0.1,0.1015625,0.1015625,0.6201563450201137,6.201563450201137e-07,mle,0.2213880209898494,1.3502902995993566,ok,True,True,extraction,
spx,5530,2021-12-27,5018,5529,512,-1.2377111915548158,linear,52,0,52,52,0,52,0.1,0.1015625,0.1015625,0.6111300245336786,6.111300245336785e-07,mle,0.2213880209898494,1.3502902995993566,ok,True,True,extraction,
spx,5531,2021-12-28,5019,5530,512,-1.2377111915548158,linear,52,0,52,52,0,52,0.1,0.1015625,0.1015625,0.6201563450201137,6.201563450201137e-07,mle,0.2213880209898494,1.3502902995993566,ok,True,True,extraction,
spx,5532,2021-12-29,5020,5531,512,-1.2377111915548158,linear,52,0,52,52,0,52,0.1,0.1015625,0.1015625,0.6201563450201137,6.201563450201137e-07,mle,0.2213880209898494,1.3502902995993566,ok,True,True,extraction,
spx,5533,2021-12-30,5021,5532,512,-1.2377111915548158,linear,52,0,52,52,0,52,0.1,0.1015625,0.1015625,0.6201563450201137,6.201563450201137e-07,mle,0.2213880209898494,1.3502902995993566,ok,True,True,extraction,
spx,5534,2021-12-31,5022,5533,512,-1.2377111915548158,linear,52,0,52,52,0,52,0.1,0.1015625,0.1015625,0.6201563450201137,6.201563450201137e-07,mle,0.2213880209898494,1.3502902995993566,ok,True,True,extraction,
spx,5535,2022-01-03,5023,5534,512,-1.2377111915548158,linear,52,0,52,52,0,52,0.1,0.1015625,0.1015625,0.6201563450201137,6.201563450201137e-07,mle,0.2213880209898494,1.3502902995993566,ok,True,True,extraction,
spx,5536,2022-01-04,5024,5535,512,-1.2377111915548158,linear,52,0,52,52,0,52,0.1,0.1015625,0.1015625,0.6201563450201137,6.201563450201137e-07,mle,0.2213880209898494,1.3502902995993566,ok,True,True,extraction,
spx,5537,2022-01-05,5025,5536,512,-1.2377111915548158,linear,52,0,52,52,0,52,0.1,0.1015625,0.1015625,0.6201563450201137,6.201563450201137e-07,mle,0.2213880209898494,1.3502902995993566,ok,True,True,extraction,
spx,5538,2022-01-06,5026,5537,512,-1.3003494685004018,linear,52,0,52,52,0,52,0.1,0.1015625,0.1015625,0.6269611992378719,6.269611992378718e-07,mle,0.2554084064327241,1.259457765582041,ok,True,True,extraction,
spx,5539,2022-01-07,5027,5538,512,-1.3003494685004018,linear,52,0,52,52,0,52,0.1,0.1015625,0.1015625,0.6242082745546287,6.242082745546286e-07,mle,0.2554084064327241,1.259457765582041,ok,True,True,extraction,
spx,5540,2022-01-10,5028,5539,512,-1.3003494685004018,linear,52,0,52,52,0,52,0.1,0.1015625,0.1015625,0.6242082745546287,6.242082745546286e-07,mle,0.2554084064327241,1.259457765582041,ok,True,True,extraction,
spx,5541,2022-01-11,5029,5540,512,-1.3003494685004018,linear,52,0,52,52,0,52,0.1,0.1015625,0.1015625,0.6201563450201137,6.201563450201137e-07,mle,0.2554084064327241,1.259457765582041,ok,True,True,extraction,
spx,5542,2022-01-12,5030,5541,512,-1.3003494685004018,linear,52,0,52,52,0,52,0.1,0.1015625,0.1015625,0.6242082745546287,6.242082745546286e-07,mle,0.2554084064327241,1.259457765582041,ok,True,True,extraction,
spx,5543,2022-01-13,5031,5542,512,-1.3003494685004018,linear,52,0,52,52,0,52,0.1,0.1015625,0.1015625,0.6201563450201137,6.201563450201137e-07,mle,0.2554084064327241,1.259457765582041,ok,True,True,extraction,
spx,5544,2022-01-14,5032,5543,512,-1.3144197510185414,linear,52,0,52,52,0,52,0.1,0.1015625,0.1015625,0.6201563450201137,6.201563450201137e-07,mle,0.26399289697002176,1.2376399679326036,ok,True,True,extraction,
spx,5545,2022-01-18,5033,5544,512,-1.3144197510185414,linear,52,0,52,52,0,52,0.1,0.1015625,0.1015625,0.619817922209059,6.198179222090589e-07,mle,0.26399289697002176,1.2376399679326036,ok,True,True,extraction,
spx,5546,2022-01-19,5034,5545,512,-1.320545370803586,linear,52,0,52,52,0,52,0.1,0.1015625,0.1015625,0.6206616706716395,6.206616706716394e-07,mle,0.24879120535575927,1.262909822580387,ok,True,True,extraction,
spx,5547,2022-01-20,5035,5546,512,-1.320545370803586,linear,52,0,52,52,0,52,0.1,0.1015625,0.1015625,0.6167685345846586,6.167685345846586e-07,mle,0.24879120535575927,1.262909822580387,ok,True,True,extraction,
spx,5548,2022-01-21,5036,5547,512,-1.320545370803586,linear,52,0,52,52,0,52,0.1,0.1015625,0.1015625,0.6206935758932639,6.206935758932638e-07,mle,0.24879120535575927,1.262909822580387,ok,True,True,extraction,
spx,5549,2022-01-24,5037,5548,512,-1.3478369826679837,linear,52,0,52,52,0,52,0.1,0.1015625,0.1015625,0.6226940088022832,6.226940088022832e-07,mle,0.25323760954627345,1.2435020012654048,ok,True,True,extraction,
spx,5550,2022-01-25,5038,5549,512,-1.3478369826679837,linear,52,0,52,52,0,52,0.1,0.1015625,0.1015625,0.6226940088022832,6.226940088022832e-07,mle,0.25323760954627345,1.2435020012654048,ok,True,True,extraction,
spx,5551,2022-01-26,5039,5550,512,-1.3478369826679837,linear,52,0,52,52,0,52,0.1,0.1015625,0.1015625,0.6266870289257597,6.266870289257596e-07,mle,0.25323760954627345,1.2435020012654048,ok,True,True,extraction,
spx,5552,2022-01-27,5040,5551,512,-1.3478369826679837,linear,52,0,52,52,0,52,0.1,0.1015625,0.1015625,0.6249532293958693,6.249532293958692e-07,mle,0.25323760954627345,1.2435020012654048,ok,True,True,extraction,
spx,5553,2022-01-28,5041,5552,512,-1.3478369826679837,linear,52,0,52,52,0,52,0.1,0.1015625,0.1015625,0.6246865960167403,6.246865960167402e-07,mle,0.25323760954627345,1.2435020012654048,ok,True,True,extraction,
spx,5554,2022-01-31,5042,5553,512,-1.3478369826679837,linear,52,0,52,52,0,52,0.1,0.1015625,0.1015625,0.6266779168678042,6.266779168678041e-07,mle,0.25323760954627345,1.2435020012654048,ok,True,True,extraction,
spx,5555,2022-02-01,5043,5554,512,-1.3478369826679837,linear,52,0,52,52,0,52,0.1,0.1015625,0.1015625,0.6310634483937133,6.310634483937133e-07,mle,0.25323760954627345,1.2435020012654048,ok,True,True,extraction,
spx,5556,2022-02-02,5044,5555,512,-1.3478369826679837,linear,52,0,52,52,0,52,0.1,0.1015625,0.1015625,0.6310634483937133,6.310634483937133e-07,mle,0.25323760954627345,1.2435020012654048,ok,True,True,extraction,
spx,5557,2022-02-03,5045,5556,512,-1.3478369826679837,linear,52,0,52,52,0,52,0.1,0.1015625,0.1015625,0.6401247799656642,6.401247799656642e-07,mle,0.25323760954627345,1.2435020012654048,ok,True,True,extraction,
spx,5558,2022-02-04,5046,5557,512,-1.401566175520993,linear,52,0,52,52,0,52,0.1,0.1015625,0.1015625,0.6401247799656642,6.401247799656642e-07,mle,0.27205447082397816,1.1913455515027307,ok,True,True,extraction,
spx,5559,2022-02-07,5047,5558,512,-1.3478369826679837,linear,52,0,52,52,0,52,0.1,0.1015625,0.1015625,0.6390828339758409,6.390828339758409e-07,mle,0.23023021877313377,1.2913416709788101,ok,True,True,extraction,
spx,5560,2022-02-08,5048,5559,512,-1.3478369826679837,linear,52,0,52,52,0,52,0.1,0.1015625,0.1015625,0.6313774608346094,6.313774608346094e-07,mle,0.23023021877313377,1.2913416709788101,ok,True,True,extraction,
spx,5561,2022-02-09,5049,5560,512,-1.3478369826679837,linear,52,0,52,52,0,52,0.1,0.1015625,0.1015625,0.6390828339758409,6.390828339758409e-07,mle,0.23023021877313377,1.2913416709788101,ok,True,True,extraction,
spx,5562,2022-02-10,5050,5561,512,-1.3478369826679837,linear,52,0,52,52,0,52,0.1,0.1015625,0.1015625,0.6401247799656642,6.401247799656642e-07,mle,0.23023021877313377,1.2913416709788101,ok,True,True,extraction,
spx,5563,2022-02-11,5051,5562,512,-1.3478369826679837,linear,52,0,52,52,0,52,0.1,0.1015625,0.1015625,0.6401247799656642,6.401247799656642e-07,mle,0.22904041426110983,1.293818816026028,ok,True,True,extraction,
spx,5564,2022-02-14,5052,5563,512,-1.401566175520993,linear,52,0,52,52,0,52,0.1,0.1015625,0.1015625,0.6509548696192532,6.509548696192532e-07,mle,0.25836918065829045,1.2161824162541375,ok,True,True,extraction,
spx,5565,2022-02-15,5053,5564,512,-1.401566175520993,linear,52,0,52,52,0,52,0.1,0.1015625,0.1015625,0.6403217329115335,6.403217329115334e-07,mle,0.25836918065829045,1.2161824162541375,ok,True,True,extraction,
spx,5566,2022-02-16,5054,5565,512,-1.401566175520993,linear,52,0,52,52,0,52,0.1,0.1015625,0.1015625,0.6403217329115335,6.403217329115334e-07,mle,0.25836918065829045,1.2161824162541375,ok,True,True,extraction,
spx,5567,2022-02-17,5055,5566,512,-1.401566175520993,linear,52,0,52,52,0,52,0.1,0.1015625,0.1015625,0.6420555324414239,6.420555324414238e-07,mle,0.25836918065829045,1.2161824162541375,ok,True,True,extraction,
spx,5568,2022-02-18,5056,5567,512,-1.4318632749712799,linear,52,0,52,52,0,52,0.1,0.1015625,0.1015625,0.6420555324414239,6.420555324414238e-07,mle,0.26207999311847346,1.1979134614083506,ok,True,True,extraction,
spx,5569,2022-02-22,5057,5568,512,-1.4318632749712799,linear,52,0,52,52,0,52,0.1,0.1015625,0.1015625,0.6521291632987408,6.521291632987408e-07,mle,0.26207999311847346,1.1979134614083506,ok,True,True,extraction,
spx,5570,2022-02-23,5058,5569,512,-1.4318632749712799,linear,52,0,52,52,0,52,0.1,0.1015625,0.1015625,0.6617191542676465,6.617191542676465e-07,mle,0.26207999311847346,1.1979134614083506,ok,True,True,extraction,
spx,5571,2022-02-24,5059,5570,512,-1.4812889364263262,linear,52,0,52,52,0,52,0.1,0.1015625,0.1015625,0.6659210790589242,6.659210790589241e-07,mle,0.2958323130949773,1.119361194029033,ok,True,True,extraction,
spx,5572,2022-02-25,5060,5571,512,-1.4812889364263262,linear,52,0,52,52,0,52,0.1,0.1015625,0.1015625,0.6682629543872723,6.682629543872724e-07,mle,0.2958323130949773,1.119361194029033,ok,True,True,extraction,
spx,5573,2022-02-28,5061,5572,512,-1.4812889364263262,linear,52,0,52,52,0,52,0.1,0.1015625,0.1015625,0.6697050475307923,6.697050475307923e-07,mle,0.2958323130949773,1.119361194029033,ok,True,True,extraction,
spx,5574,2022-03-01,5062,5573,512,-1.4812889364263262,linear,52,0,52,52,0,52,0.1,0.1015625,0.1015625,0.6697050475307923,6.697050475307923e-07,mle,0.2958323130949773,1.119361194029033,ok,True,True,extraction,
spx,5575,2022-03-02,5063,5574,512,-1.4869980330555597,linear,52,0,52,52,0,52,0.1,0.1015625,0.1015625,0.6735250014783262,6.735250014783261e-07,mle,0.298358006635497,1.1126293668084588,ok,True,True,extraction,
spx,5576,2022-03-03,5064,5575,512,-1.4869980330555597,linear,52,0,52,52,0,52,0.1,0.1015625,0.1015625,0.6745325616338004,6.745325616338004e-07,mle,0.298358006635497,1.1126293668084588,ok,True,True,extraction,
spx,5577,2022-03-04,5065,5576,512,-1.4869980330555597,linear,52,0,52,52,0,52,0.1,0.1015625,0.1015625,0.6726494696195001,6.726494696195001e-07,mle,0.298358006635497,1.1126293668084588,ok,True,True,extraction,
spx,5578,2022-03-07,5066,5577,512,-1.4812889364263262,linear,52,0,52,52,0,52,0.1,0.1015625,0.1015625,0.6726494696195001,6.726494696195001e-07,mle,0.3385023051813939,1.036656458042403,ok,True,True,extraction,
spx,5579,2022-03-08,5067,5578,512,-1.4812889364263262,linear,52,0,52,52,0,52,0.1,0.1015625,0.1015625,0.6726494696195001,6.726494696195001e-07,mle,0.3391175582217024,1.0347080700803504,ok,True,True,extraction,
spx,5580,2022-03-09,5068,5579,512,-1.4812889364263262,linear,52,0,52,52,0,52,0.1,0.1015625,0.1015625,0.6745325616338004,6.745325616338004e-07,mle,0.3391175582217024,1.0347080700803504,ok,True,True,extraction,
spx,5581,2022-03-10,5069,5580,512,-1.4318632749712799,linear,52,0,52,52,0,52,0.1,0.1015625,0.1015625,0.6722914013322154,6.722914013322154e-07,mle,0.32146546033367057,1.0472047734837773,ok,True,True,extraction,
spx,5582,2022-03-11,5070,5581,512,-1.4318632749712799,linear,52,0,52,52,0,52,0.1,0.1015625,0.1015625,0.6719241041581856,6.719241041581856e-07,mle,0.32146546033367057,1.0472047734837773,ok,True,True,extraction,
spx,5583,2022-03-14,5071,5582,512,-1.4318632749712799,linear,52,0,52,52,0,52,0.1,0.1015625,0.1015625,0.6726494696195001,6.726494696195001e-07,mle,0.32146546033367057,1.0472047734837773,ok,True,True,extraction,
spx,5584,2022-03-15,5072,5583,512,-1.401566175520993,linear,52,0,52,52,0,52,0.1,0.1015625,0.1015625,0.6726494696195001,6.726494696195001e-07,mle,0.32811511150803,1.0401462574679714,ok,True,True,extraction,
spx,5585,2022-03-16,5073,5584,512,-1.401566175520993,linear,52,0,52,52,0,52,0.1,0.1015625,0.1015625,0.6726494696195001,6.726494696195001e-07,mle,0.32811511150803,1.0401462574679714,ok,True,True,extraction,
spx,5586,2022-03-17,5074,5585,512,-1.3478369826679837,linear,52,0,52,52,0,52,0.1,0.1015625,0.1015625,0.6719241041581856,6.719241041581856e-07,mle,0.3120398315092169,1.0693399445121585,ok,True,True,extraction,
spx,5587,2022-03-18,5075,5586,512,-1.320545370803586,linear,52,0,52,52,0,52,0.1,0.1015625,0.1015625,0.671673873644115,6.71673873644115e-07,mle,0.3011396078771874,1.0988885653886358,ok,True,True,extraction,
spx,5588,2022-03-21,5076,5587,512,-1.3144197510185414,linear,52,0,52,52,0,52,0.1,0.1015625,0.1015625,0.6708292222236908,6.708292222236907e-07,mle,0.2885961852228526,1.0250658731416535,ok,True,True,extraction,
spx,5589,2022-03-22,5077,5588,512,-1.3144197510185414,linear,52,0,52,52,0,52,0.1,0.1015625,0.1015625,0.6706590055922821,6.70659005592282e-07,mle,0.2885961852228526,1.0250658731416535,ok,True,True,extraction,
spx,5590,2022-03-23,5078,5589,512,-1.3068484737103148,linear,52,0,52,52,0,52,0.1,0.1015625,0.1015625,0.6689252060623917,6.689252060623916e-07,mle,0.3069968761639436,0.95231080590955,ok,True,True,extraction,
spx,5591,2022-03-24,5079,5590,512,-1.2981288881139015,linear,52,0,52,52,0,52,0.1,0.1015625,0.1015625,0.6689252060623917,6.689252060623916e-07,mle,0.2404016256630062,0.9175025644568793,ok,True,True,extraction,
spx,5592,2022-03-25,5080,5591,512,-1.2981288881139015,linear,52,0,52,52,0,52,0.1,0.1015625,0.1015625,0.6689252060623917,6.689252060623916e-07,mle,0.2404016256630062,0.9175025644568793,ok,True,True,extraction,
spx,5593,2022-03-28,5081,5592,512,-1.2391603596271683,linear,52,0,52,52,0,52,0.1,0.1015625,0.1015625,0.6619843849652118,6.619843849652118e-07,mle,-0.03950788929623185,1.098553842638757,ok,True,True,extraction,
spx,5594,2022-03-29,5082,5593,512,-1.2391603596271683,linear,52,0,52,52,0,52,0.1,0.1015625,0.1015625,0.6598334934868793,6.598334934868793e-07,mle,-0.03950788929623185,1.098553842638757,ok,True,True,extraction,
spx,5595,2022-03-30,5083,5594,512,-1.2338426282932313,linear,52,0,52,52,0,52,0.1,0.1015625,0.1015625,0.6564145090171732,6.564145090171733e-07,mle,-0.04753152587127922,1.0302036740127294,ok,True,True,extraction,
spx,5596,2022-03-31,5084,5595,512,-1.2338426282932313,linear,52,0,52,52,0,52,0.1,0.1015625,0.1015625,0.6619843849652118,6.619843849652118e-07,mle,-0.04753152587127922,1.0302036740127294,ok,True,True,extraction,
spx,5597,2022-04-01,5085,5596,512,-1.2338426282932313,linear,52,0,52,52,0,52,0.1,0.1015625,0.1015625,0.6619843849652118,6.619843849652118e-07,mle,-0.038713985322935796,0.9644085056485435,ok,True,True,extraction,
spx,5598,2022-04-04,5086,5597,512,-1.2242302845705635,linear,52,0,52,52,0,52,0.1,0.1015625,0.1015625,0.6564145090171732,6.564145090171733e-07,mle,-0.014713069492062598,0.9178308113784139,ok,True,True,extraction,
spx,5599,2022-04-05,5087,5598,512,-1.2242302845705635,linear,52,0,52,52,0,52,0.1,0.1015625,0.1015625,0.6533466366083581,6.53346636608358e-07,mle,-0.014713069492062598,0.9178308113784139,ok,True,True,extraction,
spx,5600,2022-04-06,5088,5599,512,-1.2338426282932313,linear,52,0,52,52,0,52,0.1,0.1015625,0.1015625,0.6586487130923645,6.586487130923645e-07,mle,-0.006871065819476917,0.9018777279648021,ok,True,True,extraction,
spx,5601,2022-04-07,5089,5600,512,-1.2338426282932313,linear,52,0,52,52,0,52,0.1,0.1015625,0.1015625,0.6621648513217265,6.621648513217265e-07,mle,-0.006871065819476917,0.9018777279648021,ok,True,True,extraction,
spx,5602,2022-04-08,5090,5601,512,-1.2242302845705635,linear,52,0,52,52,0,52,0.1,0.1015625,0.1015625,0.6574744194128769,6.574744194128768e-07,mle,0.015330571075774322,0.8497388637872523,ok,True,True,extraction,
spx,5603,2022-04-11,5091,5602,512,-1.2242302845705635,linear,52,0,52,52,0,52,0.1,0.1015625,0.1015625,0.6561376451619589,6.561376451619589e-07,mle,0.015330571075774322,0.8497388637872523,ok,True,True,extraction,
spx,5604,2022-04-12,5092,5603,512,-1.2242302845705635,linear,52,0,52,52,0,52,0.1,0.1015625,0.1015625,0.6561376451619589,6.561376451619589e-07,mle,0.012758295183716035,0.8536308913898509,ok,True,True,extraction,
spx,5605,2022-04-13,5093,5604,512,-1.2181462395235456,linear,52,0,52,52,0,52,0.1,0.1015625,0.1015625,0.6521291632987408,6.521291632987408e-07,mle,0.008777795211454907,0.8002645978478586,ok,True,True,extraction,
spx,5606,2022-04-14,5094,5605,512,-1.2181462395235456,linear,52,0,52,52,0,52,0.1,0.1015625,0.1015625,0.6521291632987408,6.521291632987408e-07,mle,0.008777795211454907,0.8002645978478586,ok,True,True,extraction,
spx,5607,2022-04-18,5095,5606,512,-1.2181462395235456,linear,52,0,52,52,0,52,0.1,0.1015625,0.1015625,0.6521291632987408,6.521291632987408e-07,mle,0.019359811306888755,0.7860067050701558,ok,True,True,extraction,
spx,5608,2022-04-19,5096,5607,512,-1.2181462395235456,linear,52,0,52,52,0,52,0.1,0.1015625,0.1015625,0.6420555324414239,6.420555324414238e-07,mle,0.019359811306888755,0.7860067050701558,ok,True,True,extraction,
spx,5609,2022-04-20,5097,5608,512,-1.2181462395235456,linear,52,0,52,52,0,52,0.1,0.1015625,0.1015625,0.6521291632987408,6.521291632987408e-07,mle,0.019359811306888755,0.7860067050701558,ok,True,True,extraction,
spx,5610,2022-04-21,5098,5609,512,-1.2181462395235456,linear,52,0,52,52,0,52,0.1,0.1015625,0.1015625,0.6420555324414239,6.420555324414238e-07,mle,0.019359811306888755,0.7860067050701558,ok,True,True,extraction,
spx,5611,2022-04-22,5099,5610,512,-1.2217003689683343,linear,52,0,52,52,0,52,0.1,0.1015625,0.1015625,0.6430678317267899,6.430678317267899e-07,mle,0.013376235438103503,0.7923379547071077,ok,True,True,extraction,
spx,5612,2022-04-25,5100,5611,512,-1.2243779539530455,linear,52,0,52,52,0,52,0.1,0.1015625,0.1015625,0.6430678317267899,6.430678317267899e-07,mle,-0.012785406934314328,0.8416769662919513,ok,True,True,extraction,
spx,5613,2022-04-26,5101,5612,512,-1.2243779539530455,linear,52,0,52,52,0,52,0.1,0.1015625,0.1015625,0.6310634483937133,6.310634483937133e-07,mle,-0.012785406934314328,0.8416769662919513,ok,True,True,extraction,
spx,5614,2022-04-27,5102,5613,512,-1.2243779539530455,linear,52,0,52,52,0,52,0.1,0.1015625,0.1015625,0.6310634483937133,6.310634483937133e-07,mle,-0.017584014042831345,0.8578550494457619,ok,True,True,extraction,
spx,5615,2022-04-28,5103,5614,512,-1.2243779539530455,linear,52,0,52,52,0,52,0.1,0.1015625,0.1015625,0.6310634483937133,6.310634483937133e-07,mle,-0.017584014042831345,0.8578550494457619,ok,True,True,extraction,
spx,5616,2022-04-29,5104,5615,512,-1.2243779539530455,linear,52,0,52,52,0,52,0.1,0.1015625,0.1015625,0.6310634483937133,6.310634483937133e-07,mle,-0.017584014042831345,0.8578550494457619,ok,True,True,extraction,
spx,5617,2022-05-02,5105,5616,512,-1.2243779539530455,linear,52,0,52,52,0,52,0.1,0.1015625,0.1015625,0.6310634483937133,6.310634483937133e-07,mle,-0.02606489765525201,0.902359819948566,ok,True,True,extraction,
spx,5618,2022-05-03,5106,5617,512,-1.2217003689683343,linear,52,0,52,52,0,52,0.1,0.1015625,0.1015625,0.6280907499281303,6.280907499281303e-07,mle,0.0032574952152316346,0.8429766208107298,ok,True,True,extraction,
spx,5619,2022-05-04,5107,5618,512,-1.2217003689683343,linear,52,0,52,52,0,52,0.1,0.1015625,0.1015625,0.6249532293958693,6.249532293958692e-07,mle,0.0032574952152316346,0.8429766208107298,ok,True,True,extraction,
spx,5620,2022-05-05,5108,5619,512,-1.2217003689683343,linear,52,0,52,52,0,52,0.1,0.1015625,0.1015625,0.6298245494580207,6.298245494580207e-07,mle,0.0032574952152316346,0.8429766208107298,ok,True,True,extraction,
spx,5621,2022-05-06,5109,5620,512,-1.2243779539530455,linear,52,0,52,52,0,52,0.1,0.1015625,0.1015625,0.6280907499281303,6.280907499281303e-07,mle,-0.022439548127454065,0.9092702010674656,ok,True,True,extraction,
spx,5622,2022-05-09,5110,5621,512,-1.2243779539530455,linear,52,0,52,52,0,52,0.1,0.1015625,0.1015625,0.6266779168678042,6.266779168678041e-07,mle,-0.022439548127454065,0.9092702010674656,ok,True,True,extraction,
spx,5623,2022-05-10,5111,5622,512,-1.2338426282932313,linear,52,0,52,52,0,52,0.1,0.1015625,0.1015625,0.6266779168678042,6.266779168678041e-07,mle,-0.04633348453218441,0.9613472233934395,ok,True,True,extraction,
spx,5624,2022-05-11,5112,5623,512,-1.2338426282932313,linear,52,0,52,52,0,52,0.1,0.1015625,0.1015625,0.6246865960167403,6.246865960167402e-07,mle,-0.04633348453218441,0.9613472233934395,ok,True,True,extraction,
spx,5625,2022-05-12,5113,5624,512,-1.2391603596271683,linear,52,0,52,52,0,52,0.1,0.1015625,0.1015625,0.6246865960167403,6.246865960167402e-07,mle,-0.05350109747649143,0.9708596711963124,ok,True,True,extraction,
spx,5626,2022-05-13,5114,5625,512,-1.2338426282932313,linear,52,0,52,52,0,52,0.1,0.1015625,0.1015625,0.6225910214743027,6.225910214743027e-07,mle,-0.02722824347603483,0.9205005265319244,ok,True,True,extraction,
spx,5627,2022-05-16,5115,5626,512,-1.2338426282932313,linear,52,0,52,52,0,52,0.1,0.1015625,0.1015625,0.6246865960167403,6.246865960167402e-07,mle,-0.02722824347603483,0.9205005265319244,ok,True,True,extraction,
spx,5628,2022-05-17,5116,5627,512,-1.2338426282932313,linear,52,0,52,52,0,52,0.1,0.1015625,0.1015625,0.62223400134119,6.2223400134119e-07,mle,-0.02722824347603483,0.9205005265319244,ok,True,True,extraction,
spx,5629,2022-05-18,5117,5628,512,-1.2338426282932313,linear,52,0,52,52,0,52,0.1,0.1015625,0.1015625,0.6225910214743027,6.225910214743027e-07,mle,-0.02722824347603483,0.9205005265319244,ok,True,True,extraction,
spx,5630,2022-05-19,5118,5629,512,-1.2391603596271683,linear,52,0,52,52,0,52,0.1,0.1015625,0.1015625,0.62223400134119,6.2223400134119e-07,mle,-0.04603386922259645,0.9898579815993677,ok,True,True,extraction,
spx,5631,2022-05-20,5119,5630,512,-1.2391603596271683,linear,52,0,52,52,0,52,0.1,0.1015625,0.1015625,0.6223505533717729,6.223505533717729e-07,mle,-0.04603386922259645,0.9898579815993677,ok,True,True,extraction,
spx,5632,2022-05-23,5120,5631,512,-1.2391603596271683,linear,52,0,52,52,0,52,0.1,0.1015625,0.1015625,0.6223505533717729,6.223505533717729e-07,mle,-0.04603386922259645,0.9898579815993677,ok,True,True,extraction,
spx,5633,2022-05-24,5121,5632,512,-1.2338426282932313,linear,52,0,52,52,0,52,0.1,0.1015625,0.1015625,0.62223400134119,6.2223400134119e-07,mle,-0.027165828267207953,0.9610393292281736,ok,True,True,extraction,
spx,5634,2022-05-25,5122,5633,512,-1.2243779539530455,linear,52,0,52,52,0,52,0.1,0.1015625,0.1015625,0.62223400134119,6.2223400134119e-07,mle,-0.01862794883328995,0.9521661950161812,ok,True,True,extraction,
spx,5635,2022-05-26,5123,5634,512,-1.2243779539530455,linear,52,0,52,52,0,52,0.1,0.1015625,0.1015625,0.62223400134119,6.2223400134119e-07,mle,-0.01862794883328995,0.9521661950161812,ok,True,True,extraction,
spx,5636,2022-05-27,5124,5635,512,-1.2243779539530455,linear,52,0,52,52,0,52,0.1,0.1015625,0.1015625,0.6237264463924749,6.237264463924749e-07,mle,-0.01862794883328995,0.9521661950161812,ok,True,True,extraction,
spx,5637,2022-05-31,5125,5636,512,-1.2243779539530455,linear,52,0,52,52,0,52,0.1,0.1015625,0.1015625,0.6237264463924749,6.237264463924749e-07,mle,-0.01862794883328995,0.9521661950161812,ok,True,True,extraction,
spx,5638,2022-06-01,5126,5637,512,-1.2243779539530455,linear,52,0,52,52,0,52,0.1,0.1015625,0.1015625,0.6237264463924749,6.237264463924749e-07,mle,-0.01862794883328995,0.9521661950161812,ok,True,True,extraction,
spx,5639,2022-06-02,5127,5638,512,-1.2243779539530455,linear,52,0,52,52,0,52,0.1,0.1015625,0.1015625,0.6261201554115419,6.261201554115418e-07,mle,-0.01862794883328995,0.9521661950161812,ok,True,True,extraction,
spx,5640,2022-06-03,5128,5639,512,-1.2243779539530455,linear,52,0,52,52,0,52,0.1,0.1015625,0.1015625,0.6237264463924749,6.237264463924749e-07,mle,-0.01862794883328995,0.9521661950161812,ok,True,True,extraction,
spx,5641,2022-06-06,5129,5640,512,-1.2338426282932313,linear,52,0,52,52,0,52,0.1,0.1015625,0.1015625,0.6294981440463325,6.294981440463325e-07,mle,-0.023841397991736554,0.9557186701509461,ok,True,True,extraction,
spx,5642,2022-06-07,5130,5641,512,-1.2338426282932313,linear,52,0,52,52,0,52,0.1,0.1015625,0.1015625,0.6261201554115419,6.261201554115418e-07,mle,-0.023841397991736554,0.9557186701509461,ok,True,True,extraction,
spx,5643,2022-06-08,5131,5642,512,-1.2338426282932313,linear,52,0,52,52,0,52,0.1,0.1015625,0.1015625,0.6261201554115419,6.261201554115418e-07,mle,-0.023841397991736554,0.9557186701509461,ok,True,True,extraction,
spx,5644,2022-06-09,5132,5643,512,-1.2338426282932313,linear,52,0,52,52,0,52,0.1,0.1015625,0.1015625,0.6294981440463325,6.294981440463325e-07,mle,-0.023841397991736554,0.9557186701509461,ok,True,True,extraction,
spx,5645,2022-06-10,5133,5644,512,-1.2391603596271683,linear,52,0,52,52,0,52,0.1,0.1015625,0.1015625,0.6377329253396402,6.377329253396402e-07,mle,-0.049102670888707914,0.9972702214230169,ok,True,True,extraction,
spx,5646,2022-06-13,5134,5645,512,-1.2607681007829519,linear,52,0,52,52,0,52,0.1,0.1015625,0.1015625,0.6442532629097435,6.442532629097434e-07,mle,-0.06410297647727509,1.0234785632907204,ok,True,True,extraction,
spx,5647,2022-06-14,5135,5646,512,-1.3004766947314867,linear,52,0,52,52,0,52,0.1,0.1015625,0.1015625,0.6478220212472572,6.478220212472572e-07,mle,-0.06130804079146558,1.0338315709742134,ok,True,True,extraction,
spx,5648,2022-06-15,5136,5647,512,-1.3004766947314867,linear,52,0,52,52,0,52,0.1,0.1015625,0.1015625,0.6410045755090046,6.410045755090045e-07,mle,-0.06130804079146558,1.0338315709742134,ok,True,True,extraction,
spx,5649,2022-06-16,5137,5648,512,-1.3004766947314867,linear,52,0,52,52,0,52,0.1,0.1015625,0.1015625,0.6478220212472572,6.478220212472572e-07,mle,-0.06130804079146558,1.0338315709742134,ok,True,True,extraction,
spx,5650,2022-06-17,5138,5649,512,-1.3068484737103148,linear,52,0,52,52,0,52,0.1,0.1015625,0.1015625,0.6479404439966463,6.479404439966463e-07,mle,-0.09233015943009737,1.0988739840524009,ok,True,True,extraction,
spx,5651,2022-06-21,5139,5650,512,-1.3068484737103148,linear,52,0,52,52,0,52,0.1,0.1015625,0.1015625,0.6410045755090046,6.410045755090045e-07,mle,-0.09233015943009737,1.0988739840524009,ok,True,True,extraction,
spx,5652,2022-06-22,5140,5651,512,-1.3068484737103148,linear,52,0,52,52,0,52,0.1,0.1015625,0.1015625,0.6400345201845572,6.400345201845571e-07,mle,-0.09233015943009737,1.0988739840524009,ok,True,True,extraction,
spx,5653,2022-06-23,5141,5652,512,-1.3068484737103148,linear,52,0,52,52,0,52,0.1,0.1015625,0.1015625,0.6366565315497664,6.366565315497664e-07,mle,-0.09233015943009737,1.0988739840524009,ok,True,True,extraction,
spx,5654,2022-06-24,5142,5653,512,-1.3004766947314867,linear,52,0,52,52,0,52,0.1,0.1015625,0.1015625,0.63528033066409,6.352803306640899e-07,mle,-0.37047739082426445,1.2882166748832506,ok,True,True,extraction,
spx,5655,2022-06-27,5143,5654,512,-1.3004766947314867,linear,52,0,52,52,0,52,0.1,0.1015625,0.1015625,0.63528033066409,6.352803306640899e-07,mle,-0.37047739082426445,1.2882166748832506,ok,True,True,extraction,
spx,5656,2022-06-28,5144,5655,512,-1.3004766947314867,linear,52,0,52,52,0,52,0.1,0.1015625,0.1015625,0.6343549367048495,6.343549367048495e-07,mle,-0.37047739082426445,1.2882166748832506,ok,True,True,extraction,
spx,5657,2022-06-29,5145,5656,512,-1.3068484737103148,linear,52,0,52,52,0,52,0.1,0.1015625,0.1015625,0.6343549367048495,6.343549367048495e-07,mle,-0.38852532913141463,1.3151683435100738,ok,True,True,extraction,
spx,5658,2022-06-30,5146,5657,512,-1.3068484737103148,linear,52,0,52,52,0,52,0.1,0.1015625,0.1015625,0.6343549367048495,6.343549367048495e-07,mle,-0.38852532913141463,1.3151683435100738,ok,True,True,extraction,
spx,5659,2022-07-01,5147,5658,512,-1.3068484737103148,linear,52,0,52,52,0,52,0.1,0.1015625,0.1015625,0.6376265868742139,6.376265868742138e-07,mle,-0.38852532913141463,1.3151683435100738,ok,True,True,extraction,
spx,5660,2022-07-05,5148,5659,512,-1.3068484737103148,linear,52,0,52,52,0,52,0.1,0.1015625,0.1015625,0.6366565315497664,6.366565315497664e-07,mle,-0.38852532913141463,1.3151683435100738,ok,True,True,extraction,
spx,5661,2022-07-06,5149,5660,512,-1.3068484737103148,linear,52,0,52,52,0,52,0.1,0.1015625,0.1015625,0.6366565315497664,6.366565315497664e-07,mle,-0.38852532913141463,1.3151683435100738,ok,True,True,extraction,
spx,5662,2022-07-07,5150,5661,512,-1.3068484737103148,linear,52,0,52,52,0,52,0.1,0.1015625,0.1015625,0.6366565315497664,6.366565315497664e-07,mle,-0.38852532913141463,1.3151683435100738,ok,True,True,extraction,
spx,5663,2022-07-08,5151,5662,512,-1.3004766947314867,linear,52,0,52,52,0,52,0.1,0.1015625,0.1015625,0.63528033066409,6.352803306640899e-07,mle,-0.3476739437381434,1.249099710611326,ok,True,True,extraction,
spx,5664,2022-07-11,5152,5663,512,-1.3004766947314867,linear,52,0,52,52,0,52,0.1,0.1015625,0.1015625,0.6343549367048495,6.343549367048495e-07,mle,-0.3476739437381434,1.249099710611326,ok,True,True,extraction,
spx,5665,2022-07-12,5153,5664,512,-1.2607681007829519,linear,52,0,52,52,0,52,0.1,0.1015625,0.1015625,0.6343549367048495,6.343549367048495e-07,mle,-0.3526835549480277,1.2772128953193818,ok,True,True,extraction,
spx,5666,2022-07-13,5154,5665,512,-1.2607681007829519,linear,52,0,52,52,0,52,0.1,0.1015625,0.1015625,0.6343549367048495,6.343549367048495e-07,mle,-0.3526835549480277,1.2772128953193818,ok,True,True,extraction,
spx,5667,2022-07-14,5155,5666,512,-1.2607681007829519,linear,52,0,52,52,0,52,0.1,0.1015625,0.1015625,0.6280600895905736,6.280600895905735e-07,mle,-0.3526835549480277,1.2772128953193818,ok,True,True,extraction,
spx,5668,2022-07-15,5156,5667,512,-1.2607681007829519,linear,52,0,52,52,0,52,0.1,0.1015625,0.1015625,0.6320017330032647,6.320017330032647e-07,mle,-0.3526835549480277,1.2772128953193818,ok,True,True,extraction,
spx,5669,2022-07-18,5157,5668,512,-1.2607681007829519,linear,52,0,52,52,0,52,0.1,0.1015625,0.1015625,0.6382676082475798,6.382676082475797e-07,mle,-0.3526835549480277,1.2772128953193818,ok,True,True,extraction,
spx,5670,2022-07-19,5158,5669,512,-1.2607681007829519,linear,52,0,52,52,0,52,0.1,0.1015625,0.1015625,0.6394893711198719,6.394893711198719e-07,mle,-0.3526835549480277,1.2772128953193818,ok,True,True,extraction,
spx,5671,2022-07-20,5159,5670,512,-1.2607681007829519,linear,52,0,52,52,0,52,0.1,0.1015625,0.1015625,0.6382676082475798,6.382676082475797e-07,mle,-0.3526835549480277,1.2772128953193818,ok,True,True,extraction,
spx,5672,2022-07-21,5160,5671,512,-1.2607681007829519,linear,52,0,52,52,0,52,0.1,0.1015625,0.1015625,0.6320017330032647,6.320017330032647e-07,mle,-0.3526835549480277,1.2772128953193818,ok,True,True,extraction,
spx,5673,2022-07-22,5161,5672,512,-1.2607681007829519,linear,52,0,52,52,0,52,0.1,0.1015625,0.1015625,0.6280600895905736,6.280600895905735e-07,mle,-0.3526835549480277,1.2772128953193818,ok,True,True,extraction,
spx,5674,2022-07-25,5162,5673,512,-1.2607681007829519,linear,52,0,52,52,0,52,0.1,0.1015625,0.1015625,0.6320017330032647,6.320017330032647e-07,mle,-0.3526835549480277,1.2772128953193818,ok,True,True,extraction,
spx,5675,2022-07-26,5163,5674,512,-1.2607681007829519,linear,52,0,52,52,0,52,0.1,0.1015625,0.1015625,0.6268233132898601,6.2682331328986e-07,mle,-0.3526835549480277,1.2772128953193818,ok,True,True,extraction,
spx,5676,2022-07-27,5164,5675,512,-1.2607681007829519,linear,52,0,52,52,0,52,0.1,0.1015625,0.1015625,0.6287861938274716,6.287861938274716e-07,mle,-0.3526835549480277,1.2772128953193818,ok,True,True,extraction,
spx,5677,2022-07-28,5165,5676,512,-1.2607681007829519,linear,52,0,52,52,0,52,0.1,0.1015625,0.1015625,0.6287861938274716,6.287861938274716e-07,mle,-0.3526835549480277,1.2772128953193818,ok,True,True,extraction,
spx,5678,2022-07-29,5166,5677,512,-1.2607681007829519,linear,52,0,52,52,0,52,0.1,0.1015625,0.1015625,0.6280600895905736,6.280600895905735e-07,mle,-0.3526835549480277,1.2772128953193818,ok,True,True,extraction,
spx,5679,2022-08-01,5167,5678,512,-1.2607681007829519,linear,52,0,52,52,0,52,0.1,0.1015625,0.1015625,0.6349697041153938,6.349697041153937e-07,mle,-0.3526835549480277,1.2772128953193818,ok,True,True,extraction,
spx,5680,2022-08-02,5168,5679,512,-1.2607681007829519,linear,52,0,52,52,0,52,0.1,0.1015625,0.1015625,0.6320017330032647,6.320017330032647e-07,mle,-0.3526835549480277,1.2772128953193818,ok,True,True,extraction,
spx,5681,2022-08-03,5169,5680,512,-1.2607681007829519,linear,52,0,52,52,0,52,0.1,0.1015625,0.1015625,0.6394893711198719,6.394893711198719e-07,mle,-0.3526835549480277,1.2772128953193818,ok,True,True,extraction,
spx,5682,2022-08-04,5170,5681,512,-1.2607681007829519,linear,52,0,52,52,0,52,0.1,0.1015625,0.1015625,0.6408760657231944,6.408760657231944e-07,mle,-0.3526835549480277,1.2772128953193818,ok,True,True,extraction,
spx,5683,2022-08-05,5171,5682,512,-1.2602906191854355,linear,52,0,52,52,0,52,0.1,0.1015625,0.1015625,0.6394893711198719,6.394893711198719e-07,mle,-0.3532425811705334,1.2783865605850382,ok,True,True,extraction,
spx,5684,2022-08-08,5172,5683,512,-1.2602906191854355,linear,52,0,52,52,0,52,0.1,0.1015625,0.1015625,0.6370308319468662,6.370308319468661e-07,mle,-0.3532425811705334,1.2783865605850382,ok,True,True,extraction,
spx,5685,2022-08-09,5173,5684,512,-1.2602906191854355,linear,52,0,52,52,0,52,0.1,0.1015625,0.1015625,0.6372875350157233,6.372875350157233e-07,mle,-0.3532425811705334,1.2783865605850382,ok,True,True,extraction,
spx,5686,2022-08-10,5174,5685,512,-1.2602906191854355,linear,52,0,52,52,0,52,0.1,0.1015625,0.1015625,0.6357553158824579,6.357553158824579e-07,mle,-0.3532425811705334,1.2783865605850382,ok,True,True,extraction,
spx,5687,2022-08-11,5175,5686,512,-1.2602906191854355,linear,52,0,52,52,0,52,0.1,0.1015625,0.1015625,0.6357553158824579,6.357553158824579e-07,mle,-0.3532425811705334,1.2783865605850382,ok,True,True,extraction,
spx,5688,2022-08-12,5176,5687,512,-1.2602906191854355,linear,52,0,52,52,0,52,0.1,0.1015625,0.1015625,0.6357553158824579,6.357553158824579e-07,mle,-0.3532425811705334,1.2783865605850382,ok,True,True,extraction,
spx,5689,2022-08-15,5177,5688,512,-1.2602906191854355,linear,52,0,52,52,0,52,0.1,0.1015625,0.1015625,0.6357553158824579,6.357553158824579e-07,mle,-0.3532425811705334,1.2783865605850382,ok,True,True,extraction,
spx,5690,2022-08-16,5178,5689,512,-1.2602906191854355,linear,52,0,52,52,0,52,0.1,0.1015625,0.1015625,0.6357553158824579,6.357553158824579e-07,mle,-0.3532425811705334,1.2783865605850382,ok,True,True,extraction,
spx,5691,2022-08-17,5179,5690,512,-1.2602906191854355,linear,52,0,52,52,0,52,0.1,0.1015625,0.1015625,0.6357553158824579,6.357553158824579e-07,mle,-0.3532425811705334,1.2783865605850382,ok,True,True,extraction,
spx,5692,2022-08-18,5180,5691,512,-1.2602906191854355,linear,52,0,52,52,0,52,0.1,0.1015625,0.1015625,0.6372875350157233,6.372875350157233e-07,mle,-0.3532425811705334,1.2783865605850382,ok,True,True,extraction,
spx,5693,2022-08-19,5181,5692,512,-1.2602906191854355,linear,52,0,52,52,0,52,0.1,0.1015625,0.1015625,0.6372875350157233,6.372875350157233e-07,mle,-0.3532425811705334,1.2783865605850382,ok,True,True,extraction,
spx,5694,2022-08-22,5182,5693,512,-1.2948651749135518,linear,52,0,52,52,0,52,0.1,0.1015625,0.1015625,0.6386362996602292,6.386362996602291e-07,mle,-0.3063025300806419,1.1864465489787446,ok,True,True,extraction,
spx,5695,2022-08-23,5183,5694,512,-1.3040043911218218,linear,52,0,52,52,0,52,0.1,0.1015625,0.1015625,0.641431400976759,6.41431400976759e-07,mle,-0.3311301354515205,1.2200612376247288,ok,True,True,extraction,
spx,5696,2022-08-24,5184,5695,512,-1.3040043911218218,linear,52,0,52,52,0,52,0.1,0.1015625,0.1015625,0.6383502513723759,6.383502513723759e-07,mle,-0.3311301354515205,1.2200612376247288,ok,True,True,extraction,
spx,5697,2022-08-25,5185,5696,512,-1.3040043911218218,linear,52,0,52,52,0,52,0.1,0.1015625,0.1015625,0.6352499184926814,6.352499184926814e-07,mle,-0.3311301354515205,1.2200612376247288,ok,True,True,extraction,
spx,5698,2022-08-26,5186,5697,512,-1.3040043911218218,linear,52,0,52,52,0,52,0.1,0.1015625,0.1015625,0.6386362996602292,6.386362996602291e-07,mle,-0.3311301354515205,1.2200612376247288,ok,True,True,extraction,
spx,5699,2022-08-29,5187,5698,512,-1.3068484737103148,linear,52,0,52,52,0,52,0.1,0.1015625,0.1015625,0.6401893258102822,6.401893258102822e-07,mle,-0.4032900087957611,1.3495732140962868,ok,True,True,extraction,
spx,5700,2022-08-30,5188,5699,512,-1.3068484737103148,linear,52,0,52,52,0,52,0.1,0.1015625,0.1015625,0.6424239692292291,6.42423969229229e-07,mle,-0.4032900087957611,1.3495732140962868,ok,True,True,extraction,
spx,5701,2022-08-31,5189,5700,512,-1.3068484737103148,linear,52,0,52,52,0,52,0.1,0.1015625,0.1015625,0.6485018239769235,6.485018239769234e-07,mle,-0.4032900087957611,1.3495732140962868,ok,True,True,extraction,
spx,5702,2022-09-01,5190,5701,512,-1.3068484737103148,linear,52,0,52,52,0,52,0.1,0.1015625,0.1015625,0.6518207166246399,6.518207166246399e-07,mle,-0.4032900087957611,1.3495732140962868,ok,True,True,extraction,
spx,5703,2022-09-02,5191,5702,512,-1.3068484737103148,linear,52,0,52,52,0,52,0.1,0.1015625,0.1015625,0.6518207166246399,6.518207166246399e-07,mle,-0.4032900087957611,1.3495732140962868,ok,True,True,extraction,
spx,5704,2022-09-06,5192,5703,512,-1.3068484737103148,linear,52,0,52,52,0,52,0.1,0.1015625,0.1015625,0.6561452525571425,6.561452525571425e-07,mle,-0.4032900087957611,1.3495732140962868,ok,True,True,extraction,
spx,5705,2022-09-07,5193,5704,512,-1.3068484737103148,linear,52,0,52,52,0,52,0.1,0.1015625,0.1015625,0.6564678375247179,6.56467837524718e-07,mle,-0.4032900087957611,1.3495732140962868,ok,True,True,extraction,
spx,5706,2022-09-08,5194,5705,512,-1.3068484737103148,linear,52,0,52,52,0,52,0.1,0.1015625,0.1015625,0.6575009769023444,6.575009769023444e-07,mle,-0.4032900087957611,1.3495732140962868,ok,True,True,extraction,
spx,5707,2022-09-09,5195,5706,512,-1.3068484737103148,linear,52,0,52,52,0,52,0.1,0.1015625,0.1015625,0.6564678375247179,6.56467837524718e-07,mle,-0.4032900087957611,1.3495732140962868,ok,True,True,extraction,
spx,5708,2022-09-12,5196,5707,512,-1.3068484737103148,linear,52,0,52,52,0,52,0.1,0.1015625,0.1015625,0.6575009769023444,6.575009769023444e-07,mle,-0.4032900087957611,1.3495732140962868,ok,True,True,extraction,
spx,5709,2022-09-13,5197,5708,512,-1.3068484737103148,linear,52,0,52,52,0,52,0.1,0.1015625,0.1015625,0.6607028651945847,6.607028651945846e-07,mle,-0.4032900087957611,1.3495732140962868,ok,True,True,extraction,
spx,5710,2022-09-14,5198,5709,512,-1.3144197510185414,linear,52,0,52,52,0,52,0.1,0.1015625,0.1015625,0.6637235232396368,6.637235232396367e-07,mle,-0.36237213302192123,1.373137453582884,ok,True,True,extraction,
spx,5711,2022-09-15,5199,5710,512,-1.3144197510185414,linear,52,0,52,52,0,52,0.1,0.1015625,0.1015625,0.6607028651945847,6.607028651945846e-07,mle,-0.36237213302192123,1.373137453582884,ok,True,True,extraction,
spx,5712,2022-09-16,5200,5711,512,-1.3144197510185414,linear,52,0,52,52,0,52,0.1,0.1015625,0.1015625,0.6608503780791781,6.608503780791781e-07,mle,-0.36237213302192123,1.373137453582884,ok,True,True,extraction,
spx,5713,2022-09-19,5201,5712,512,-1.3068484737103148,linear,52,0,52,52,0,52,0.1,0.1015625,0.1015625,0.6608503780791781,6.608503780791781e-07,mle,-0.3051128178679854,1.2621222491525836,ok,True,True,extraction,
spx,5714,2022-09-20,5202,5713,512,-1.3068484737103148,linear,52,0,52,52,0,52,0.1,0.1015625,0.1015625,0.6575009769023444,6.575009769023444e-07,mle,-0.3051128178679854,1.2621222491525836,ok,True,True,extraction,
spx,5715,2022-09-21,5203,5714,512,-1.3040043911218218,linear,52,0,52,52,0,52,0.1,0.1015625,0.1015625,0.6575009769023444,6.575009769023444e-07,mle,-0.2532777156831089,1.1761351572570105,ok,True,True,extraction,
spx,5716,2022-09-22,5204,5715,512,-1.3068484737103148,linear,52,0,52,52,0,52,0.1,0.1015625,0.1015625,0.6603467164828245,6.603467164828245e-07,mle,-0.26708066164735944,1.1959545766292452,ok,True,True,extraction,
spx,5717,2022-09-23,5205,5716,512,-1.3040043911218218,linear,52,0,52,52,0,52,0.1,0.1015625,0.1015625,0.6603467164828245,6.603467164828245e-07,mle,-0.2512387913020331,1.1730054964442318,ok,True,True,extraction,
spx,5718,2022-09-26,5206,5717,512,-1.3068484737103148,linear,52,0,52,52,0,52,0.1,0.1015625,0.1015625,0.6608503780791781,6.608503780791781e-07,mle,-0.26565075079376005,1.1936989178439923,ok,True,True,extraction,
spx,5719,2022-09-27,5207,5718,512,-1.3068484737103148,linear,52,0,52,52,0,52,0.1,0.1015625,0.1015625,0.663184224224495,6.63184224224495e-07,mle,-0.26565075079376005,1.1936989178439923,ok,True,True,extraction,
spx,5720,2022-09-28,5208,5719,512,-1.3068484737103148,linear,52,0,52,52,0,52,0.1,0.1015625,0.1015625,0.672921471165983,6.72921471165983e-07,mle,-0.26565075079376005,1.1936989178439923,ok,True,True,extraction,
spx,5721,2022-09-29,5209,5720,512,-1.3068484737103148,linear,52,0,52,52,0,52,0.1,0.1015625,0.1015625,0.6644750270796292,6.644750270796292e-07,mle,-0.26565075079376005,1.1936989178439923,ok,True,True,extraction,
spx,5722,2022-09-30,5210,5721,512,-1.3144197510185414,linear,52,0,52,52,0,52,0.1,0.1015625,0.1015625,0.6644750270796292,6.644750270796292e-07,mle,-0.28760383711385584,1.2254604363219217,ok,True,True,extraction,
spx,5723,2022-10-03,5211,5722,512,-1.320545370803586,linear,52,0,52,52,0,52,0.1,0.1015625,0.1015625,0.6644750270796292,6.644750270796292e-07,mle,-0.2876475028708948,1.2221858494383047,ok,True,True,extraction,
spx,5724,2022-10-04,5212,5723,512,-1.320545370803586,linear,52,0,52,52,0,52,0.1,0.1015625,0.1015625,0.6612065267909383,6.612065267909383e-07,mle,-0.2876475028708948,1.2221858494383047,ok,True,True,extraction,
spx,5725,2022-10-05,5213,5724,512,-1.320545370803586,linear,52,0,52,52,0,52,0.1,0.1015625,0.1015625,0.6612065267909383,6.612065267909383e-07,mle,-0.2876475028708948,1.2221858494383047,ok,True,True,extraction,
spx,5726,2022-10-06,5214,5725,512,-1.3144197510185414,linear,52,0,52,52,0,52,0.1,0.1015625,0.1015625,0.6608503780791781,6.608503780791781e-07,mle,-0.25433520455049136,1.1710151397027513,ok,True,True,extraction,
spx,5727,2022-10-07,5215,5726,512,-1.3144197510185414,linear,52,0,52,52,0,52,0.1,0.1015625,0.1015625,0.6644750270796292,6.644750270796292e-07,mle,-0.25433520455049136,1.1710151397027513,ok,True,True,extraction,
spx,5728,2022-10-10,5216,5727,512,-1.320545370803586,linear,52,0,52,52,0,52,0.1,0.1015625,0.1015625,0.6742122740211173,6.742122740211173e-07,mle,-0.3013699280601253,1.247805829732144,ok,True,True,extraction,
spx,5729,2022-10-11,5217,5728,512,-1.320545370803586,linear,52,0,52,52,0,52,0.1,0.1015625,0.1015625,0.6803485495905268,6.803485495905268e-07,mle,-0.3013699280601253,1.247805829732144,ok,True,True,extraction,
spx,5730,2022-10-12,5218,5729,512,-1.320545370803586,linear,52,0,52,52,0,52,0.1,0.1015625,0.1015625,0.683659152417481,6.836591524174809e-07,mle,-0.3013699280601253,1.247805829732144,ok,True,True,extraction,
spx,5731,2022-10-13,5219,5730,512,-1.320545370803586,linear,52,0,52,52,0,52,0.1,0.1015625,0.1015625,0.6791936696144931,6.791936696144931e-07,mle,-0.3013699280601253,1.247805829732144,ok,True,True,extraction,
spx,5732,2022-10-14,5220,5731,512,-1.320545370803586,linear,52,0,52,52,0,52,0.1,0.1015625,0.1015625,0.6868607988227093,6.868607988227093e-07,mle,-0.3013699280601253,1.247805829732144,ok,True,True,extraction,
spx,5733,2022-10-17,5221,5732,512,-1.3478369826679837,linear,52,0,52,52,0,52,0.1,0.1015625,0.1015625,0.6868607988227093,6.868607988227093e-07,mle,-0.30681124982323904,1.2439176337701878,ok,True,True,extraction,
spx,5734,2022-10-18,5222,5733,512,-1.3478369826679837,linear,52,0,52,52,0,52,0.1,0.1015625,0.1015625,0.6868607988227093,6.868607988227093e-07,mle,-0.30681124982323904,1.2439176337701878,ok,True,True,extraction,
spx,5735,2022-10-19,5223,5734,512,-1.320545370803586,linear,52,0,52,52,0,52,0.1,0.1015625,0.1015625,0.683659152417481,6.836591524174809e-07,mle,-0.33341077018866894,1.3039049212431453,ok,True,True,extraction,
spx,5736,2022-10-20,5224,5735,512,-1.320545370803586,linear,52,0,52,52,0,52,0.1,0.1015625,0.1015625,0.6868607988227093,6.868607988227093e-07,mle,-0.33341077018866894,1.3039049212431453,ok,True,True,extraction,
spx,5737,2022-10-21,5225,5736,512,-1.320545370803586,linear,52,0,52,52,0,52,0.1,0.1015625,0.1015625,0.6868607988227093,6.868607988227093e-07,mle,-0.33341077018866894,1.3039049212431453,ok,True,True,extraction,
spx,5738,2022-10-24,5226,5737,512,-1.320545370803586,linear,52,0,52,52,0,52,0.1,0.1015625,0.1015625,0.6868607988227093,6.868607988227093e-07,mle,-0.33341077018866894,1.3039049212431453,ok,True,True,extraction,
spx,5739,2022-10-25,5227,5738,512,-1.320545370803586,linear,52,0,52,52,0,52,0.1,0.1015625,0.1015625,0.6868607988227093,6.868607988227093e-07,mle,-0.33341077018866894,1.3039049212431453,ok,True,True,extraction,
spx,5740,2022-10-26,5228,5739,512,-1.320545370803586,linear,52,0,52,52,0,52,0.1,0.1015625,0.1015625,0.6924610610414106,6.924610610414105e-07,mle,-0.33341077018866894,1.3039049212431453,ok,True,True,extraction,
spx,5741,2022-10-27,5229,5740,512,-1.320545370803586,linear,52,0,52,52,0,52,0.1,0.1015625,0.1015625,0.6924610610414106,6.924610610414105e-07,mle,-0.33341077018866894,1.3039049212431453,ok,True,True,extraction,
spx,5742,2022-10-28,5230,5741,512,-1.320545370803586,linear,52,0,52,52,0,52,0.1,0.1015625,0.1015625,0.6924610610414106,6.924610610414105e-07,mle,-0.33341077018866894,1.3039049212431453,ok,True,True,extraction,
spx,5743,2022-10-31,5231,5742,512,-1.320545370803586,linear,52,0,52,52,0,52,0.1,0.1015625,0.1015625,0.6885879948483149,6.885879948483149e-07,mle,-0.33341077018866894,1.3039049212431453,ok,True,True,extraction,
spx,5744,2022-11-01,5232,5743,512,-1.3144197510185414,linear,52,0,52,52,0,52,0.1,0.1015625,0.1015625,0.6885879948483149,6.885879948483149e-07,mle,-0.32975073652860715,1.3008423250933197,ok,True,True,extraction,
spx,5745,2022-11-02,5233,5744,512,-1.3144197510185414,linear,52,0,52,52,0,52,0.1,0.1015625,0.1015625,0.6961309517903834,6.961309517903834e-07,mle,-0.32975073652860715,1.3008423250933197,ok,True,True,extraction,
spx,5746,2022-11-03,5234,5745,512,-1.320545370803586,linear,52,0,52,52,0,52,0.1,0.1015625,0.1015625,0.6990029505769496,6.990029505769496e-07,mle,-0.35916347945632243,1.3521433156625062,ok,True,True,extraction,
spx,5747,2022-11-04,5235,5746,512,-1.320545370803586,linear,52,0,52,52,0,52,0.1,0.1015625,0.1015625,0.7005721829638035,7.005721829638035e-07,mle,-0.35916347945632243,1.3521433156625062,ok,True,True,extraction,
spx,5748,2022-11-07,5236,5747,512,-1.320545370803586,linear,52,0,52,52,0,52,0.1,0.1015625,0.1015625,0.7011752975899248,7.011752975899248e-07,mle,-0.35916347945632243,1.3521433156625062,ok,True,True,extraction,
spx,5749,2022-11-08,5237,5748,512,-1.3144197510185414,linear,52,0,52,52,0,52,0.1,0.1015625,0.1015625,0.7028397927580008,7.028397927580008e-07,mle,-0.34952789380279586,1.3377651520018823,ok,True,True,extraction,
spx,5750,2022-11-09,5238,5749,512,-1.3144197510185414,linear,52,0,52,52,0,52,0.1,0.1015625,0.1015625,0.7006307153507727,7.006307153507727e-07,mle,-0.34952789380279586,1.3377651520018823,ok,True,True,extraction,
spx,5751,2022-11-10,5239,5750,512,-1.3144197510185414,linear,52,0,52,52,0,52,0.1,0.1015625,0.1015625,0.7006307153507727,7.006307153507727e-07,mle,-0.3142015113396519,1.2592546771885758,ok,True,True,extraction,
spx,5752,2022-11-11,5240,5751,512,-1.3144197510185414,linear,52,0,52,52,0,52,0.1,0.1015625,0.1015625,0.7006307153507727,7.006307153507727e-07,mle,-0.3142015113396519,1.2592546771885758,ok,True,True,extraction,
spx,5753,2022-11-14,5241,5752,512,-1.3144197510185414,linear,52,0,52,52,0,52,0.1,0.1015625,0.1015625,0.696815868104012,6.96815868104012e-07,mle,-0.3142015113396519,1.2592546771885758,ok,True,True,extraction,
spx,5754,2022-11-15,5242,5753,512,-1.3144197510185414,linear,52,0,52,52,0,52,0.1,0.1015625,0.1015625,0.7006307153507727,7.006307153507727e-07,mle,-0.3142015113396519,1.2592546771885758,ok,True,True,extraction,
spx,5755,2022-11-16,5243,5754,512,-1.3144197510185414,linear,52,0,52,52,0,52,0.1,0.1015625,0.1015625,0.7006307153507727,7.006307153507727e-07,mle,-0.3142015113396519,1.2592546771885758,ok,True,True,extraction,
spx,5756,2022-11-17,5244,5755,512,-1.3144197510185414,linear,52,0,52,52,0,52,0.1,0.1015625,0.1015625,0.7028397927580008,7.028397927580008e-07,mle,-0.3142015113396519,1.2592546771885758,ok,True,True,extraction,
spx,5757,2022-11-18,5245,5756,512,-1.3144197510185414,linear,52,0,52,52,0,52,0.1,0.1015625,0.1015625,0.7005721829638035,7.005721829638035e-07,mle,-0.3142015113396519,1.2592546771885758,ok,True,True,extraction,
spx,5758,2022-11-21,5246,5757,512,-1.3144197510185414,linear,52,0,52,52,0,52,0.1,0.1015625,0.1015625,0.7002937534320839,7.002937534320839e-07,mle,-0.3142015113396519,1.2592546771885758,ok,True,True,extraction,
spx,5759,2022-11-22,5247,5758,512,-1.3144197510185414,linear,52,0,52,52,0,52,0.1,0.1015625,0.1015625,0.7000838399231337,7.000838399231337e-07,mle,-0.3142015113396519,1.2592546771885758,ok,True,True,extraction,
spx,5760,2022-11-23,5248,5759,512,-1.3144197510185414,linear,52,0,52,52,0,52,0.1,0.1015625,0.1015625,0.7002937534320839,7.002937534320839e-07,mle,-0.3142015113396519,1.2592546771885758,ok,True,True,extraction,
spx,5761,2022-11-25,5249,5760,512,-1.3144197510185414,linear,52,0,52,52,0,52,0.1,0.1015625,0.1015625,0.6990029505769496,6.990029505769496e-07,mle,-0.3142015113396519,1.2592546771885758,ok,True,True,extraction,
spx,5762,2022-11-28,5250,5761,512,-1.3144197510185414,linear,52,0,52,52,0,52,0.1,0.1015625,0.1015625,0.6961309517903834,6.961309517903834e-07,mle,-0.3142015113396519,1.2592546771885758,ok,True,True,extraction,
spx,5763,2022-11-29,5251,5762,512,-1.320545370803586,linear,52,0,52,52,0,52,0.1,0.1015625,0.1015625,0.6944664608879594,6.944664608879593e-07,mle,-0.31511102919876943,1.257600239720207,ok,True,True,extraction,
spx,5764,2022-11-30,5252,5763,512,-1.320545370803586,linear,52,0,52,52,0,52,0.1,0.1015625,0.1015625,0.6886512590375862,6.886512590375861e-07,mle,-0.31511102919876943,1.257600239720207,ok,True,True,extraction,
spx,5765,2022-12-01,5253,5764,512,-1.320545370803586,linear,52,0,52,52,0,52,0.1,0.1015625,0.1015625,0.6944664608879594,6.944664608879593e-07,mle,-0.31511102919876943,1.257600239720207,ok,True,True,extraction,
spx,5766,2022-12-02,5254,5765,512,-1.320545370803586,linear,52,0,52,52,0,52,0.1,0.1015625,0.1015625,0.6886512590375862,6.886512590375861e-07,mle,-0.31511102919876943,1.257600239720207,ok,True,True,extraction,
spx,5767,2022-12-05,5255,5766,512,-1.320545370803586,linear,52,0,52,52,0,52,0.1,0.1015625,0.1015625,0.6886512590375862,6.886512590375861e-07,mle,-0.31511102919876943,1.257600239720207,ok,True,True,extraction,
spx,5768,2022-12-06,5256,5767,512,-1.3478369826679837,linear,52,0,52,52,0,52,0.1,0.1015625,0.1015625,0.6886512590375862,6.886512590375861e-07,mle,-0.3021649402410456,1.2210903557199937,ok,True,True,extraction,
spx,5769,2022-12-07,5257,5768,512,-1.4262230117399526,linear,52,0,52,52,0,52,0.1,0.1015625,0.1015625,0.6912835434162405,6.912835434162405e-07,mle,-0.21133329556189304,1.041673437013762,ok,True,True,extraction,
spx,5770,2022-12-08,5258,5769,512,-1.4262230117399526,linear,52,0,52,52,0,52,0.1,0.1015625,0.1015625,0.685213553922035,6.852135539220349e-07,mle,-0.21133329556189304,1.041673437013762,ok,True,True,extraction,
spx,5771,2022-12-09,5259,5770,512,-1.4262230117399526,linear,52,0,52,52,0,52,0.1,0.1015625,0.1015625,0.6912835434162405,6.912835434162405e-07,mle,-0.21133329556189304,1.041673437013762,ok,True,True,extraction,
spx,5772,2022-12-12,5260,5771,512,-1.4262230117399526,linear,52,0,52,52,0,52,0.1,0.1015625,0.1015625,0.6879184436604628,6.879184436604628e-07,mle,-0.21133329556189304,1.041673437013762,ok,True,True,extraction,
spx,5773,2022-12-13,5261,5772,512,-1.4262230117399526,linear,52,0,52,52,0,52,0.1,0.1015625,0.1015625,0.6923750010830316,6.923750010830316e-07,mle,-0.21133329556189304,1.041673437013762,ok,True,True,extraction,
spx,5774,2022-12-14,5262,5773,512,-1.4262230117399526,linear,52,0,52,52,0,52,0.1,0.1015625,0.1015625,0.6923750010830316,6.923750010830316e-07,mle,-0.21133329556189304,1.041673437013762,ok,True,True,extraction,
spx,5775,2022-12-15,5263,5774,512,-1.4262230117399526,linear,52,0,52,52,0,52,0.1,0.1015625,0.1015625,0.6928020880986538,6.928020880986538e-07,mle,-0.21133329556189304,1.041673437013762,ok,True,True,extraction,
spx,5776,2022-12-16,5264,5775,512,-1.4488085404127504,linear,52,0,52,52,0,52,0.1,0.1015625,0.1015625,0.6972556012560185,6.972556012560184e-07,mle,-0.22405331824201208,1.0509712833112717,ok,True,True,extraction,
spx,5777,2022-12-19,5265,5776,512,-1.4488085404127504,linear,52,0,52,52,0,52,0.1,0.1015625,0.1015625,0.697353651385093,6.973536513850929e-07,mle,-0.22405331824201208,1.0509712833112717,ok,True,True,extraction,
spx,5778,2022-12-20,5266,5777,512,-1.4488085404127504,linear,52,0,52,52,0,52,0.1,0.1015625,0.1015625,0.7020895594715646,7.020895594715646e-07,mle,-0.22405331824201208,1.0509712833112717,ok,True,True,extraction,
spx,5779,2022-12-21,5267,5778,512,-1.4488085404127504,linear,52,0,52,52,0,52,0.1,0.1015625,0.1015625,0.7020895594715646,7.020895594715646e-07,mle,-0.22405331824201208,1.0509712833112717,ok,True,True,extraction,
spx,5780,2022-12-22,5268,5779,512,-1.4488085404127504,linear,52,0,52,52,0,52,0.1,0.1015625,0.1015625,0.7011129284604105,7.011129284604105e-07,mle,-0.22405331824201208,1.0509712833112717,ok,True,True,extraction,
spx,5781,2022-12-23,5269,5780,512,-1.4551815190629696,linear,52,0,52,52,0,52,0.1,0.1015625,0.1015625,0.7043069604235119,7.043069604235119e-07,mle,-0.21538880950189454,1.0356553609105887,ok,True,True,extraction,
spx,5782,2022-12-27,5270,5781,512,-1.4551815190629696,linear,52,0,52,52,0,52,0.1,0.1015625,0.1015625,0.7044392130267507,7.044392130267507e-07,mle,-0.21538880950189454,1.0356553609105887,ok,True,True,extraction,
spx,5783,2022-12-28,5271,5782,512,-1.4551815190629696,linear,52,0,52,52,0,52,0.1,0.1015625,0.1015625,0.7044392130267507,7.044392130267507e-07,mle,-0.21538880950189454,1.0356553609105887,ok,True,True,extraction,
spx,5784,2022-12-29,5272,5783,512,-1.4551815190629696,linear,52,0,52,52,0,52,0.1,0.1015625,0.1015625,0.7043069604235119,7.043069604235119e-07,mle,-0.21538880950189454,1.0356553609105887,ok,True,True,extraction,
spx,5785,2022-12-30,5273,5784,512,-1.4551815190629696,linear,52,0,52,52,0,52,0.1,0.1015625,0.1015625,0.7076332449898523,7.076332449898522e-07,mle,-0.21538880950189454,1.0356553609105887,ok,True,True,extraction,
spx,5786,2023-01-03,5274,5785,512,-1.4551815190629696,linear,52,0,52,52,0,52,0.1,0.1015625,0.1015625,0.7141220535634198,7.141220535634198e-07,mle,-0.21538880950189454,1.0356553609105887,ok,True,True,extraction,
spx,5787,2023-01-04,5275,5786,512,-1.4551815190629696,linear,52,0,52,52,0,52,0.1,0.1015625,0.1015625,0.7141220535634198,7.141220535634198e-07,mle,-0.21538880950189454,1.0356553609105887,ok,True,True,extraction,
spx,5788,2023-01-05,5276,5787,512,-1.4551815190629696,linear,52,0,52,52,0,52,0.1,0.1015625,0.1015625,0.7144187016606023,7.144187016606022e-07,mle,-0.21538880950189454,1.0356553609105887,ok,True,True,extraction,
spx,5789,2023-01-06,5277,5788,512,-1.4551815190629696,linear,52,0,52,52,0,52,0.1,0.1015625,0.1015625,0.7195646780995293,7.195646780995293e-07,mle,-0.21538880950189454,1.0356553609105887,ok,True,True,extraction,
spx,5790,2023-01-09,5278,5789,512,-1.4551815190629696,linear,52,0,52,52,0,52,0.1,0.1015625,0.1015625,0.7208554809546636,7.208554809546635e-07,mle,-0.21538880950189454,1.0356553609105887,ok,True,True,extraction,
spx,5791,2023-01-10,5279,5790,512,-1.4551815190629696,linear,52,0,52,52,0,52,0.1,0.1015625,0.1015625,0.726717055518165,7.26717055518165e-07,mle,-0.21538880950189454,1.0356553609105887,ok,True,True,extraction,
spx,5792,2023-01-11,5280,5791,512,-1.4551815190629696,linear,52,0,52,52,0,52,0.1,0.1015625,0.1015625,0.7227592459661777,7.227592459661776e-07,mle,-0.21538880950189454,1.0356553609105887,ok,True,True,extraction,
spx,5793,2023-01-12,5281,5792,512,-1.4551815190629696,linear,52,0,52,52,0,52,0.1,0.1015625,0.1015625,0.7208554809546636,7.208554809546635e-07,mle,-0.21538880950189454,1.0356553609105887,ok,True,True,extraction,
spx,5794,2023-01-13,5282,5793,512,-1.4551815190629696,linear,52,0,52,52,0,52,0.1,0.1015625,0.1015625,0.7208554809546636,7.208554809546635e-07,mle,-0.21538880950189454,1.0356553609105887,ok,True,True,extraction,
spx,5795,2023-01-17,5283,5794,512,-1.4551815190629696,linear,52,0,52,52,0,52,0.1,0.1015625,0.1015625,0.7208554809546636,7.208554809546635e-07,mle,-0.21538880950189454,1.0356553609105887,ok,True,True,extraction,
spx,5796,2023-01-18,5284,5795,512,-1.4488085404127504,linear,52,0,52,52,0,52,0.1,0.1015625,0.1015625,0.7195646780995293,7.195646780995293e-07,mle,-0.22270278885286535,1.0490701182687736,ok,True,True,extraction,
spx,5797,2023-01-19,5285,5796,512,-1.4551815190629696,linear,52,0,52,52,0,52,0.1,0.1015625,0.1015625,0.726717055518165,7.26717055518165e-07,mle,-0.2190476506331577,1.040712098696221,ok,True,True,extraction,
spx,5798,2023-01-20,5286,5797,512,-1.4551815190629696,linear,52,0,52,52,0,52,0.1,0.1015625,0.1015625,0.7141869141624109,7.141869141624109e-07,mle,-0.2190476506331577,1.040712098696221,ok,True,True,extraction,
spx,5799,2023-01-23,5287,5798,512,-1.4551815190629696,linear,52,0,52,52,0,52,0.1,0.1015625,0.1015625,0.7141869141624109,7.141869141624109e-07,mle,-0.2190476506331577,1.040712098696221,ok,True,True,extraction,
spx,5800,2023-01-24,5288,5799,512,-1.4551815190629696,linear,52,0,52,52,0,52,0.1,0.1015625,0.1015625,0.7163569866888204,7.163569866888204e-07,mle,-0.2190476506331577,1.040712098696221,ok,True,True,extraction,
spx,5801,2023-01-25,5289,5800,512,-1.4551815190629696,linear,52,0,52,52,0,52,0.1,0.1015625,0.1015625,0.7163569866888204,7.163569866888204e-07,mle,-0.2190476506331577,1.040712098696221,ok,True,True,extraction,
spx,5802,2023-01-26,5290,5801,512,-1.4551815190629696,linear,52,0,52,52,0,52,0.1,0.1015625,0.1015625,0.7161287836977428,7.161287836977428e-07,mle,-0.2190476506331577,1.040712098696221,ok,True,True,extraction,
spx,5803,2023-01-27,5291,5802,512,-1.4551815190629696,linear,52,0,52,52,0,52,0.1,0.1015625,0.1015625,0.7188638181277982,7.188638181277982e-07,mle,-0.2190476506331577,1.040712098696221,ok,True,True,extraction,
spx,5804,2023-01-30,5292,5803,512,-1.4551815190629696,linear,52,0,52,52,0,52,0.1,0.1015625,0.1015625,0.7191832943845294,7.191832943845294e-07,mle,-0.2190476506331577,1.040712098696221,ok,True,True,extraction,
spx,5805,2023-01-31,5293,5804,512,-1.4551815190629696,linear,52,0,52,52,0,52,0.1,0.1015625,0.1015625,0.7248135242127891,7.24813524212789e-07,mle,-0.2190476506331577,1.040712098696221,ok,True,True,extraction,
spx,5806,2023-02-01,5294,5805,512,-1.4551815190629696,linear,52,0,52,52,0,52,0.1,0.1015625,0.1015625,0.7248135242127891,7.24813524212789e-07,mle,-0.2190476506331577,1.040712098696221,ok,True,True,extraction,
spx,5807,2023-02-02,5295,5806,512,-1.4551815190629696,linear,52,0,52,52,0,52,0.1,0.1015625,0.1015625,0.7248135242127891,7.24813524212789e-07,mle,-0.2190476506331577,1.040712098696221,ok,True,True,extraction,
spx,5808,2023-02-03,5296,5807,512,-1.4551815190629696,linear,52,0,52,52,0,52,0.1,0.1015625,0.1015625,0.7286708514171809,7.286708514171809e-07,mle,-0.2190476506331577,1.040712098696221,ok,True,True,extraction,
spx,5809,2023-02-06,5297,5808,512,-1.4551815190629696,linear,52,0,52,52,0,52,0.1,0.1015625,0.1015625,0.7305918981560147,7.305918981560147e-07,mle,-0.2190476506331577,1.040712098696221,ok,True,True,extraction,
spx,5810,2023-02-07,5298,5809,512,-1.4551815190629696,linear,52,0,52,52,0,52,0.1,0.1015625,0.1015625,0.7281490660425678,7.281490660425677e-07,mle,-0.2190476506331577,1.040712098696221,ok,True,True,extraction,
spx,5811,2023-02-08,5299,5810,512,-1.4551815190629696,linear,52,0,52,52,0,52,0.1,0.1015625,0.1015625,0.7335667021520267,7.335667021520266e-07,mle,-0.2190476506331577,1.040712098696221,ok,True,True,extraction,
spx,5812,2023-02-09,5300,5811,512,-1.4488085404127504,linear,52,0,52,52,0,52,0.1,0.1015625,0.1015625,0.7335667021520267,7.335667021520266e-07,mle,-0.1793735792045139,0.9867686184999686,ok,True,True,extraction,
spx,5813,2023-02-10,5301,5812,512,-1.4488085404127504,linear,52,0,52,52,0,52,0.1,0.1015625,0.1015625,0.730093902518949,7.300939025189489e-07,mle,-0.1793735792045139,0.9867686184999686,ok,True,True,extraction,
spx,5814,2023-02-13,5302,5813,512,-1.4262230117399526,linear,52,0,52,52,0,52,0.1,0.1015625,0.1015625,0.7305918981560147,7.305918981560147e-07,mle,-0.18949513313462574,1.0109786784065387,ok,True,True,extraction,
spx,5815,2023-02-14,5303,5814,512,-1.4262230117399526,linear,52,0,52,52,0,52,0.1,0.1015625,0.1015625,0.7305918981560147,7.305918981560147e-07,mle,-0.18949513313462574,1.0109786784065387,ok,True,True,extraction,
spx,5816,2023-02-15,5304,5815,512,-1.4262230117399526,linear,52,0,52,52,0,52,0.1,0.1015625,0.1015625,0.7247897344752414,7.247897344752413e-07,mle,-0.18949513313462574,1.0109786784065387,ok,True,True,extraction,
spx,5817,2023-02-16,5305,5816,512,-1.4262230117399526,linear,52,0,52,52,0,52,0.1,0.1015625,0.1015625,0.7247897344752414,7.247897344752413e-07,mle,-0.18949513313462574,1.0109786784065387,ok,True,True,extraction,
spx,5818,2023-02-17,5306,5817,512,-1.4299895231448638,linear,52,0,52,52,0,52,0.1,0.1015625,0.1015625,0.724071909411548,7.240719094115479e-07,mle,-0.18352539269851048,1.0011911904482145,ok,True,True,extraction,
spx,5819,2023-02-21,5307,5818,512,-1.4299895231448638,linear,52,0,52,52,0,52,0.1,0.1015625,0.1015625,0.723141407368858,7.231414073688579e-07,mle,-0.18352539269851048,1.0011911904482145,ok,True,True,extraction,
spx,5820,2023-02-22,5308,5819,512,-1.4488085404127504,linear,52,0,52,52,0,52,0.1,0.1015625,0.1015625,0.7224615996938033,7.224615996938033e-07,mle,-0.18290838386115976,0.9915932105942535,ok,True,True,extraction,
spx,5821,2023-02-23,5309,5820,512,-1.4488085404127504,linear,52,0,52,52,0,52,0.1,0.1015625,0.1015625,0.7224615996938033,7.224615996938033e-07,mle,-0.18290838386115976,0.9915932105942535,ok,True,True,extraction,
spx,5822,2023-02-24,5310,5821,512,-1.4488085404127504,linear,52,0,52,52,0,52,0.1,0.1015625,0.1015625,0.723141407368858,7.231414073688579e-07,mle,-0.18290838386115976,0.9915932105942535,ok,True,True,extraction,
spx,5823,2023-02-27,5311,5822,512,-1.4488085404127504,linear,52,0,52,52,0,52,0.1,0.1015625,0.1015625,0.7255596936009492,7.255596936009491e-07,mle,-0.18290838386115976,0.9915932105942535,ok,True,True,extraction,
spx,5824,2023-02-28,5312,5823,512,-1.4488085404127504,linear,52,0,52,52,0,52,0.1,0.1015625,0.1015625,0.7255596936009492,7.255596936009491e-07,mle,-0.18290838386115976,0.9915932105942535,ok,True,True,extraction,
spx,5825,2023-03-01,5313,5824,512,-1.4488085404127504,linear,52,0,52,52,0,52,0.1,0.1015625,0.1015625,0.7255596936009492,7.255596936009491e-07,mle,-0.18290838386115976,0.9915932105942535,ok,True,True,extraction,
spx,5826,2023-03-02,5314,5825,512,-1.4488085404127504,linear,52,0,52,52,0,52,0.1,0.1015625,0.1015625,0.7255596936009492,7.255596936009491e-07,mle,-0.18290838386115976,0.9915932105942535,ok,True,True,extraction,
spx,5827,2023-03-03,5315,5826,512,-1.4488085404127504,linear,52,0,52,52,0,52,0.1,0.1015625,0.1015625,0.7290031268907022,7.290031268907022e-07,mle,-0.18290838386115976,0.9915932105942535,ok,True,True,extraction,
spx,5828,2023-03-06,5316,5827,512,-1.4488085404127504,linear,52,0,52,52,0,52,0.1,0.1015625,0.1015625,0.730913693733312,7.30913693733312e-07,mle,-0.18290838386115976,0.9915932105942535,ok,True,True,extraction,
spx,5829,2023-03-07,5317,5828,512,-1.4488085404127504,linear,52,0,52,52,0,52,0.1,0.1015625,0.1015625,0.730093902518949,7.300939025189489e-07,mle,-0.18290838386115976,0.9915932105942535,ok,True,True,extraction,
spx,5830,2023-03-08,5318,5829,512,-1.4551815190629696,linear,52,0,52,52,0,52,0.1,0.1015625,0.1015625,0.730913693733312,7.30913693733312e-07,mle,-0.17763994938597472,0.9814814663995857,ok,True,True,extraction,
spx,5831,2023-03-09,5319,5830,512,-1.4551815190629696,linear,52,0,52,52,0,52,0.1,0.1015625,0.1015625,0.7299336289333922,7.299336289333922e-07,mle,-0.17763994938597472,0.9814814663995857,ok,True,True,extraction,
spx,5832,2023-03-10,5320,5831,512,-1.4551815190629696,linear,52,0,52,52,0,52,0.1,0.1015625,0.1015625,0.7299336289333922,7.299336289333922e-07,mle,-0.15023865726666827,0.9438299475139189,ok,True,True,extraction,
spx,5833,2023-03-13,5321,5832,512,-1.4581286742274542,linear,52,0,52,52,0,52,0.1,0.1015625,0.1015625,0.730913693733312,7.30913693733312e-07,mle,-0.14519934301494683,0.9362229483176993,ok,True,True,extraction,
spx,5834,2023-03-14,5322,5833,512,-1.4581286742274542,linear,52,0,52,52,0,52,0.1,0.1015625,0.1015625,0.7290031268907022,7.290031268907022e-07,mle,-0.14519934301494683,0.9362229483176993,ok,True,True,extraction,
spx,5835,2023-03-15,5323,5834,512,-1.4581286742274542,linear,52,0,52,52,0,52,0.1,0.1015625,0.1015625,0.7299336289333922,7.299336289333922e-07,mle,-0.14519934301494683,0.9362229483176993,ok,True,True,extraction,
spx,5836,2023-03-16,5324,5835,512,-1.4581286742274542,linear,52,0,52,52,0,52,0.1,0.1015625,0.1015625,0.7274312409788742,7.274312409788742e-07,mle,-0.14519934301494683,0.9362229483176993,ok,True,True,extraction,
spx,5837,2023-03-17,5325,5836,512,-1.4581286742274542,linear,52,0,52,52,0,52,0.1,0.1015625,0.1015625,0.7281490660425678,7.281490660425677e-07,mle,-0.14519934301494683,0.9362229483176993,ok,True,True,extraction,
spx,5838,2023-03-20,5326,5837,512,-1.4581286742274542,linear,52,0,52,52,0,52,0.1,0.1015625,0.1015625,0.7274312409788742,7.274312409788742e-07,mle,-0.14519934301494683,0.9362229483176993,ok,True,True,extraction,
spx,5839,2023-03-21,5327,5838,512,-1.4581286742274542,linear,52,0,52,52,0,52,0.1,0.1015625,0.1015625,0.730093902518949,7.300939025189489e-07,mle,-0.14519934301494683,0.9362229483176993,ok,True,True,extraction,
spx,5840,2023-03-22,5328,5839,512,-1.4581286742274542,linear,52,0,52,52,0,52,0.1,0.1015625,0.1015625,0.730093902518949,7.300939025189489e-07,mle,-0.14519934301494683,0.9362229483176993,ok,True,True,extraction,
spx,5841,2023-03-23,5329,5840,512,-1.4834966939786625,linear,52,0,52,52,0,52,0.1,0.1015625,0.1015625,0.730913693733312,7.30913693733312e-07,mle,-0.11021218928399132,0.8824475272372788,ok,True,True,extraction,
spx,5842,2023-03-24,5330,5841,512,-1.4834966939786625,linear,52,0,52,52,0,52,0.1,0.1015625,0.1015625,0.7299336289333922,7.299336289333922e-07,mle,-0.11021218928399132,0.8824475272372788,ok,True,True,extraction,
spx,5843,2023-03-27,5331,5842,512,-1.4834966939786625,linear,52,0,52,52,0,52,0.1,0.1015625,0.1015625,0.7299336289333922,7.299336289333922e-07,mle,-0.11021218928399132,0.8824475272372788,ok,True,True,extraction,
spx,5844,2023-03-28,5332,5843,512,-1.4834966939786625,linear,52,0,52,52,0,52,0.1,0.1015625,0.1015625,0.7299336289333922,7.299336289333922e-07,mle,-0.11021218928399132,0.8824475272372788,ok,True,True,extraction,
spx,5845,2023-03-29,5333,5844,512,-1.4834966939786625,linear,52,0,52,52,0,52,0.1,0.1015625,0.1015625,0.7299336289333922,7.299336289333922e-07,mle,-0.11021218928399132,0.8824475272372788,ok,True,True,extraction,
spx,5846,2023-03-30,5334,5845,512,-1.4834966939786625,linear,52,0,52,52,0,52,0.1,0.1015625,0.1015625,0.730913693733312,7.30913693733312e-07,mle,-0.11021218928399132,0.8824475272372788,ok,True,True,extraction,
spx,5847,2023-03-31,5335,5846,512,-1.4581286742274542,linear,52,0,52,52,0,52,0.1,0.1015625,0.1015625,0.730093902518949,7.300939025189489e-07,mle,-0.15516269391160853,0.9484643287054203,ok,True,True,extraction,
spx,5848,2023-04-03,5336,5847,512,-1.4581286742274542,linear,52,0,52,52,0,52,0.1,0.1015625,0.1015625,0.7355949175495262,7.355949175495262e-07,mle,-0.15516269391160853,0.9484643287054203,ok,True,True,extraction,
spx,5849,2023-04-04,5337,5848,512,-1.4581286742274542,linear,52,0,52,52,0,52,0.1,0.1015625,0.1015625,0.7355949175495262,7.355949175495262e-07,mle,-0.15516269391160853,0.9484643287054203,ok,True,True,extraction,
spx,5850,2023-04-05,5338,5849,512,-1.4581286742274542,linear,52,0,52,52,0,52,0.1,0.1015625,0.1015625,0.7335667021520267,7.335667021520266e-07,mle,-0.15516269391160853,0.9484643287054203,ok,True,True,extraction,
spx,5851,2023-04-06,5339,5850,512,-1.4581286742274542,linear,52,0,52,52,0,52,0.1,0.1015625,0.1015625,0.7335667021520267,7.335667021520266e-07,mle,-0.15516269391160853,0.9484643287054203,ok,True,True,extraction,
spx,5852,2023-04-10,5340,5851,512,-1.4581286742274542,linear,52,0,52,52,0,52,0.1,0.1015625,0.1015625,0.7335667021520267,7.335667021520266e-07,mle,-0.15516269391160853,0.9484643287054203,ok,True,True,extraction,
spx,5853,2023-04-11,5341,5852,512,-1.4581286742274542,linear,52,0,52,52,0,52,0.1,0.1015625,0.1015625,0.7305918981560147,7.305918981560147e-07,mle,-0.15516269391160853,0.9484643287054203,ok,True,True,extraction,
spx,5854,2023-04-12,5342,5853,512,-1.4581286742274542,linear,52,0,52,52,0,52,0.1,0.1015625,0.1015625,0.7319971359835212,7.319971359835212e-07,mle,-0.15516269391160853,0.9484643287054203,ok,True,True,extraction,
spx,5855,2023-04-13,5343,5854,512,-1.4581286742274542,linear,52,0,52,52,0,52,0.1,0.1015625,0.1015625,0.7319971359835212,7.319971359835212e-07,mle,-0.15516269391160853,0.9484643287054203,ok,True,True,extraction,
spx,5856,2023-04-14,5344,5855,512,-1.4581286742274542,linear,52,0,52,52,0,52,0.1,0.1015625,0.1015625,0.7361505441699783,7.361505441699782e-07,mle,-0.15516269391160853,0.9484643287054203,ok,True,True,extraction,
spx,5857,2023-04-17,5345,5856,512,-1.4581286742274542,linear,52,0,52,52,0,52,0.1,0.1015625,0.1015625,0.7305918981560147,7.305918981560147e-07,mle,-0.15516269391160853,0.9484643287054203,ok,True,True,extraction,
spx,5858,2023-04-18,5346,5857,512,-1.4581286742274542,linear,52,0,52,52,0,52,0.1,0.1015625,0.1015625,0.7284382478376957,7.284382478376957e-07,mle,-0.15516269391160853,0.9484643287054203,ok,True,True,extraction,
spx,5859,2023-04-19,5347,5858,512,-1.4581286742274542,linear,52,0,52,52,0,52,0.1,0.1015625,0.1015625,0.7263669061552616,7.263669061552615e-07,mle,-0.15516269391160853,0.9484643287054203,ok,True,True,extraction,
spx,5860,2023-04-20,5348,5859,512,-1.4581286742274542,linear,52,0,52,52,0,52,0.1,0.1015625,0.1015625,0.7286708514171809,7.286708514171809e-07,mle,-0.15516269391160853,0.9484643287054203,ok,True,True,extraction,
spx,5861,2023-04-21,5349,5860,512,-1.4581286742274542,linear,52,0,52,52,0,52,0.1,0.1015625,0.1015625,0.7267345709516226,7.267345709516226e-07,mle,-0.15516269391160853,0.9484643287054203,ok,True,True,extraction,
spx,5862,2023-04-24,5350,5861,512,-1.4581286742274542,linear,52,0,52,52,0,52,0.1,0.1015625,0.1015625,0.7248135242127891,7.24813524212789e-07,mle,-0.15516269391160853,0.9484643287054203,ok,True,True,extraction,
spx,5863,2023-04-25,5351,5862,512,-1.4581286742274542,linear,52,0,52,52,0,52,0.1,0.1015625,0.1015625,0.7230406215889214,7.230406215889213e-07,mle,-0.15516269391160853,0.9484643287054203,ok,True,True,extraction,
spx,5864,2023-04-26,5352,5863,512,-1.4834966939786625,linear,52,0,52,52,0,52,0.1,0.1015625,0.1015625,0.7267345709516226,7.267345709516226e-07,mle,-0.11744618075056276,0.8907293324610058,ok,True,True,extraction,
spx,5865,2023-04-27,5353,5864,512,-1.4834966939786625,linear,52,0,52,52,0,52,0.1,0.1015625,0.1015625,0.7267345709516226,7.267345709516226e-07,mle,-0.11744618075056276,0.8907293324610058,ok,True,True,extraction,
spx,5866,2023-04-28,5354,5865,512,-1.4834966939786625,linear,52,0,52,52,0,52,0.1,0.1015625,0.1015625,0.7267345709516226,7.267345709516226e-07,mle,-0.11744618075056276,0.8907293324610058,ok,True,True,extraction,
spx,5867,2023-05-01,5355,5866,512,-1.4834966939786625,linear,52,0,52,52,0,52,0.1,0.1015625,0.1015625,0.7298904186558954,7.298904186558954e-07,mle,-0.11744618075056276,0.8907293324610058,ok,True,True,extraction,
spx,5868,2023-05-02,5356,5867,512,-1.4834966939786625,linear,52,0,52,52,0,52,0.1,0.1015625,0.1015625,0.7298904186558954,7.298904186558954e-07,mle,-0.11744618075056276,0.8907293324610058,ok,True,True,extraction,
spx,5869,2023-05-03,5357,5868,512,-1.4834966939786625,linear,52,0,52,52,0,52,0.1,0.1015625,0.1015625,0.732268632983186,7.32268632983186e-07,mle,-0.11744618075056276,0.8907293324610058,ok,True,True,extraction,
spx,5870,2023-05-04,5358,5869,512,-1.4834966939786625,linear,52,0,52,52,0,52,0.1,0.1015625,0.1015625,0.7281490660425678,7.281490660425677e-07,mle,-0.11744618075056276,0.8907293324610058,ok,True,True,extraction,
spx,5871,2023-05-05,5359,5870,512,-1.4834966939786625,linear,52,0,52,52,0,52,0.1,0.1015625,0.1015625,0.7247897344752414,7.247897344752413e-07,mle,-0.11744618075056276,0.8907293324610058,ok,True,True,extraction,
spx,5872,2023-05-08,5360,5871,512,-1.4834966939786625,linear,52,0,52,52,0,52,0.1,0.1015625,0.1015625,0.7247897344752414,7.247897344752413e-07,mle,-0.11744618075056276,0.8907293324610058,ok,True,True,extraction,
spx,5873,2023-05-09,5361,5872,512,-1.4834966939786625,linear,52,0,52,52,0,52,0.1,0.1015625,0.1015625,0.7247897344752414,7.247897344752413e-07,mle,-0.11744618075056276,0.8907293324610058,ok,True,True,extraction,
spx,5874,2023-05-10,5362,5873,512,-1.4834966939786625,linear,52,0,52,52,0,52,0.1,0.1015625,0.1015625,0.7247897344752414,7.247897344752413e-07,mle,-0.11744618075056276,0.8907293324610058,ok,True,True,extraction,
spx,5875,2023-05-11,5363,5874,512,-1.4834966939786625,linear,52,0,52,52,0,52,0.1,0.1015625,0.1015625,0.7267345709516226,7.267345709516226e-07,mle,-0.11744618075056276,0.8907293324610058,ok,True,True,extraction,
spx,5876,2023-05-12,5364,5875,512,-1.4834966939786625,linear,52,0,52,52,0,52,0.1,0.1015625,0.1015625,0.7247897344752414,7.247897344752413e-07,mle,-0.11744618075056276,0.8907293324610058,ok,True,True,extraction,
spx,5877,2023-05-15,5365,5876,512,-1.4834966939786625,linear,52,0,52,52,0,52,0.1,0.1015625,0.1015625,0.7247897344752414,7.247897344752413e-07,mle,-0.11744618075056276,0.8907293324610058,ok,True,True,extraction,
spx,5878,2023-05-16,5366,5877,512,-1.4834966939786625,linear,52,0,52,52,0,52,0.1,0.1015625,0.1015625,0.7247897344752414,7.247897344752413e-07,mle,-0.11744618075056276,0.8907293324610058,ok,True,True,extraction,
spx,5879,2023-05-17,5367,5878,512,-1.4834966939786625,linear,52,0,52,52,0,52,0.1,0.1015625,0.1015625,0.7247897344752414,7.247897344752413e-07,mle,-0.11744618075056276,0.8907293324610058,ok,True,True,extraction,
spx,5880,2023-05-18,5368,5879,512,-1.4834966939786625,linear,52,0,52,52,0,52,0.1,0.1015625,0.1015625,0.7281490660425678,7.281490660425677e-07,mle,-0.11744618075056276,0.8907293324610058,ok,True,True,extraction,
spx,5881,2023-05-19,5369,5880,512,-1.4834966939786625,linear,52,0,52,52,0,52,0.1,0.1015625,0.1015625,0.7281490660425678,7.281490660425677e-07,mle,-0.11744618075056276,0.8907293324610058,ok,True,True,extraction,
spx,5882,2023-05-22,5370,5881,512,-1.4834966939786625,linear,52,0,52,52,0,52,0.1,0.1015625,0.1015625,0.7236323495281993,7.236323495281993e-07,mle,-0.11744618075056276,0.8907293324610058,ok,True,True,extraction,
spx,5883,2023-05-23,5371,5882,512,-1.4834966939786625,linear,52,0,52,52,0,52,0.1,0.1015625,0.1015625,0.7211919529092364,7.211919529092364e-07,mle,-0.11744618075056276,0.8907293324610058,ok,True,True,extraction,
spx,5884,2023-05-24,5372,5883,512,-1.4834966939786625,linear,52,0,52,52,0,52,0.1,0.1015625,0.1015625,0.7211919529092364,7.211919529092364e-07,mle,-0.11744618075056276,0.8907293324610058,ok,True,True,extraction,
spx,5885,2023-05-25,5373,5884,512,-1.4581286742274542,linear,52,0,52,52,0,52,0.1,0.1015625,0.1015625,0.7177105668750027,7.177105668750026e-07,mle,-0.12432895861568548,0.9096796157054465,ok,True,True,extraction,
spx,5886,2023-05-26,5374,5885,512,-1.4581286742274542,linear,52,0,52,52,0,52,0.1,0.1015625,0.1015625,0.7177105668750027,7.177105668750026e-07,mle,-0.12432895861568548,0.9096796157054465,ok,True,True,extraction,
spx,5887,2023-05-30,5375,5886,512,-1.4581286742274542,linear,52,0,52,52,0,52,0.1,0.1015625,0.1015625,0.7177105668750027,7.177105668750026e-07,mle,-0.12432895861568548,0.9096796157054465,ok,True,True,extraction,
spx,5888,2023-05-31,5376,5887,512,-1.4581286742274542,linear,52,0,52,52,0,52,0.1,0.1015625,0.1015625,0.7228112510556566,7.228112510556566e-07,mle,-0.12432895861568548,0.9096796157054465,ok,True,True,extraction,
spx,5889,2023-06-01,5377,5888,512,-1.4581286742274542,linear,52,0,52,52,0,52,0.1,0.1015625,0.1015625,0.717181021227397,7.17181021227397e-07,mle,-0.12432895861568548,0.9096796157054465,ok,True,True,extraction,
spx,5890,2023-06-02,5378,5889,512,-1.4581286742274542,linear,52,0,52,52,0,52,0.1,0.1015625,0.1015625,0.7230406215889214,7.230406215889213e-07,mle,-0.12432895861568548,0.9096796157054465,ok,True,True,extraction,
spx,5891,2023-06-05,5379,5890,512,-1.4581286742274542,linear,52,0,52,52,0,52,0.1,0.1015625,0.1015625,0.7230406215889214,7.230406215889213e-07,mle,-0.12432895861568548,0.9096796157054465,ok,True,True,extraction,
spx,5892,2023-06-06,5380,5891,512,-1.4581286742274542,linear,52,0,52,52,0,52,0.1,0.1015625,0.1015625,0.7230406215889214,7.230406215889213e-07,mle,-0.12432895861568548,0.9096796157054465,ok,True,True,extraction,
spx,5893,2023-06-07,5381,5892,512,-1.4581286742274542,linear,52,0,52,52,0,52,0.1,0.1015625,0.1015625,0.7199269981211485,7.199269981211485e-07,mle,-0.12432895861568548,0.9096796157054465,ok,True,True,extraction,
spx,5894,2023-06-08,5382,5893,512,-1.4581286742274542,linear,52,0,52,52,0,52,0.1,0.1015625,0.1015625,0.7199269981211485,7.199269981211485e-07,mle,-0.12432895861568548,0.9096796157054465,ok,True,True,extraction,
spx,5895,2023-06-09,5383,5894,512,-1.4581286742274542,linear,52,0,52,52,0,52,0.1,0.1015625,0.1015625,0.7199269981211485,7.199269981211485e-07,mle,-0.12432895861568548,0.9096796157054465,ok,True,True,extraction,
spx,5896,2023-06-12,5384,5895,512,-1.4581286742274542,linear,52,0,52,52,0,52,0.1,0.1015625,0.1015625,0.7199269981211485,7.199269981211485e-07,mle,-0.12432895861568548,0.9096796157054465,ok,True,True,extraction,
spx,5897,2023-06-13,5385,5896,512,-1.4581286742274542,linear,52,0,52,52,0,52,0.1,0.1015625,0.1015625,0.7230406215889214,7.230406215889213e-07,mle,-0.12432895861568548,0.9096796157054465,ok,True,True,extraction,
spx,5898,2023-06-14,5386,5897,512,-1.4581286742274542,linear,52,0,52,52,0,52,0.1,0.1015625,0.1015625,0.7236032816172797,7.236032816172797e-07,mle,-0.12432895861568548,0.9096796157054465,ok,True,True,extraction,
spx,5899,2023-06-15,5387,5898,512,-1.4581286742274542,linear,52,0,52,52,0,52,0.1,0.1015625,0.1015625,0.7236032816172797,7.236032816172797e-07,mle,-0.12432895861568548,0.9096796157054465,ok,True,True,extraction,
spx,5900,2023-06-16,5388,5899,512,-1.4581286742274542,linear,52,0,52,52,0,52,0.1,0.1015625,0.1015625,0.7265011047997441,7.26501104799744e-07,mle,-0.12432895861568548,0.9096796157054465,ok,True,True,extraction,
spx,5901,2023-06-20,5389,5900,512,-1.4581286742274542,linear,52,0,52,52,0,52,0.1,0.1015625,0.1015625,0.7236032816172797,7.236032816172797e-07,mle,-0.12432895861568548,0.9096796157054465,ok,True,True,extraction,
spx,5902,2023-06-21,5390,5901,512,-1.4581286742274542,linear,52,0,52,52,0,52,0.1,0.1015625,0.1015625,0.7236032816172797,7.236032816172797e-07,mle,-0.12432895861568548,0.9096796157054465,ok,True,True,extraction,
spx,5903,2023-06-22,5391,5902,512,-1.4581286742274542,linear,52,0,52,52,0,52,0.1,0.1015625,0.1015625,0.7230406215889214,7.230406215889213e-07,mle,-0.12432895861568548,0.9096796157054465,ok,True,True,extraction,
spx,5904,2023-06-23,5392,5903,512,-1.4581286742274542,linear,52,0,52,52,0,52,0.1,0.1015625,0.1015625,0.7236032816172797,7.236032816172797e-07,mle,-0.12432895861568548,0.9096796157054465,ok,True,True,extraction,
spx,5905,2023-06-26,5393,5904,512,-1.4581286742274542,linear,52,0,52,52,0,52,0.1,0.1015625,0.1015625,0.7271105121217809,7.271105121217809e-07,mle,-0.12432895861568548,0.9096796157054465,ok,True,True,extraction,
spx,5906,2023-06-27,5394,5905,512,-1.4581286742274542,linear,52,0,52,52,0,52,0.1,0.1015625,0.1015625,0.7248135242127891,7.24813524212789e-07,mle,-0.12432895861568548,0.9096796157054465,ok,True,True,extraction,
spx,5907,2023-06-28,5395,5906,512,-1.4581286742274542,linear,52,0,52,52,0,52,0.1,0.1015625,0.1015625,0.7267345709516226,7.267345709516226e-07,mle,-0.12432895861568548,0.9096796157054465,ok,True,True,extraction,
spx,5908,2023-06-29,5396,5907,512,-1.4581286742274542,linear,52,0,52,52,0,52,0.1,0.1015625,0.1015625,0.7267345709516226,7.267345709516226e-07,mle,-0.12432895861568548,0.9096796157054465,ok,True,True,extraction,
spx,5909,2023-06-30,5397,5908,512,-1.4581286742274542,linear,52,0,52,52,0,52,0.1,0.1015625,0.1015625,0.7298306630797637,7.298306630797638e-07,mle,-0.12432895861568548,0.9096796157054465,ok,True,True,extraction,
spx,5910,2023-07-03,5398,5909,512,-1.4581286742274542,linear,52,0,52,52,0,52,0.1,0.1015625,0.1015625,0.733506946575895,7.33506946575895e-07,mle,-0.12432895861568548,0.9096796157054465,ok,True,True,extraction,
spx,5911,2023-07-05,5399,5910,512,-1.4581286742274542,linear,52,0,52,52,0,52,0.1,0.1015625,0.1015625,0.7307745399300998,7.307745399300997e-07,mle,-0.12432895861568548,0.9096796157054465,ok,True,True,extraction,
spx,5912,2023-07-06,5400,5911,512,-1.4581286742274542,linear,52,0,52,52,0,52,0.1,0.1015625,0.1015625,0.7263669061552616,7.263669061552615e-07,mle,-0.12432895861568548,0.9096796157054465,ok,True,True,extraction,
spx,5913,2023-07-07,5401,5912,512,-1.4581286742274542,linear,52,0,52,52,0,52,0.1,0.1015625,0.1015625,0.7298306630797637,7.298306630797638e-07,mle,-0.12432895861568548,0.9096796157054465,ok,True,True,extraction,
spx,5914,2023-07-10,5402,5913,512,-1.4581286742274542,linear,52,0,52,52,0,52,0.1,0.1015625,0.1015625,0.7298306630797637,7.298306630797638e-07,mle,-0.12432895861568548,0.9096796157054465,ok,True,True,extraction,
spx,5915,2023-07-11,5403,5914,512,-1.4581286742274542,linear,52,0,52,52,0,52,0.1,0.1015625,0.1015625,0.7298306630797637,7.298306630797638e-07,mle,-0.12432895861568548,0.9096796157054465,ok,True,True,extraction,
spx,5916,2023-07-12,5404,5915,512,-1.4581286742274542,linear,52,0,52,52,0,52,0.1,0.1015625,0.1015625,0.7298306630797637,7.298306630797638e-07,mle,-0.12432895861568548,0.9096796157054465,ok,True,True,extraction,
spx,5917,2023-07-13,5405,5916,512,-1.4581286742274542,linear,52,0,52,52,0,52,0.1,0.1015625,0.1015625,0.7319971359835212,7.319971359835212e-07,mle,-0.12432895861568548,0.9096796157054465,ok,True,True,extraction,
spx,5918,2023-07-14,5406,5917,512,-1.4581286742274542,linear,52,0,52,52,0,52,0.1,0.1015625,0.1015625,0.7339181827223549,7.339181827223549e-07,mle,-0.12432895861568548,0.9096796157054465,ok,True,True,extraction,
spx,5919,2023-07-17,5407,5918,512,-1.4581286742274542,linear,52,0,52,52,0,52,0.1,0.1015625,0.1015625,0.732268632983186,7.32268632983186e-07,mle,-0.12432895861568548,0.9096796157054465,ok,True,True,extraction,
spx,5920,2023-07-18,5408,5919,512,-1.4581286742274542,linear,52,0,52,52,0,52,0.1,0.1015625,0.1015625,0.732268632983186,7.32268632983186e-07,mle,-0.12432895861568548,0.9096796157054465,ok,True,True,extraction,
spx,5921,2023-07-19,5409,5920,512,-1.4581286742274542,linear,52,0,52,52,0,52,0.1,0.1015625,0.1015625,0.7298904186558954,7.298904186558954e-07,mle,-0.12432895861568548,0.9096796157054465,ok,True,True,extraction,
spx,5922,2023-07-20,5410,5921,512,-1.4581286742274542,linear,52,0,52,52,0,52,0.1,0.1015625,0.1015625,0.7319971359835212,7.319971359835212e-07,mle,-0.12432895861568548,0.9096796157054465,ok,True,True,extraction,
spx,5923,2023-07-21,5411,5922,512,-1.4581286742274542,linear,52,0,52,52,0,52,0.1,0.1015625,0.1015625,0.7298904186558954,7.298904186558954e-07,mle,-0.12432895861568548,0.9096796157054465,ok,True,True,extraction,
spx,5924,2023-07-24,5412,5923,512,-1.4581286742274542,linear,52,0,52,52,0,52,0.1,0.1015625,0.1015625,0.7298306630797637,7.298306630797638e-07,mle,-0.12432895861568548,0.9096796157054465,ok,True,True,extraction,
spx,5925,2023-07-25,5413,5924,512,-1.4581286742274542,linear,52,0,52,52,0,52,0.1,0.1015625,0.1015625,0.7271105121217809,7.271105121217809e-07,mle,-0.12432895861568548,0.9096796157054465,ok,True,True,extraction,
spx,5926,2023-07-26,5414,5925,512,-1.4581286742274542,linear,52,0,52,52,0,52,0.1,0.1015625,0.1015625,0.7271105121217809,7.271105121217809e-07,mle,-0.12432895861568548,0.9096796157054465,ok,True,True,extraction,
spx,5927,2023-07-27,5415,5926,512,-1.4581286742274542,linear,52,0,52,52,0,52,0.1,0.1015625,0.1015625,0.7271105121217809,7.271105121217809e-07,mle,-0.12432895861568548,0.9096796157054465,ok,True,True,extraction,
spx,5928,2023-07-28,5416,5927,512,-1.4581286742274542,linear,52,0,52,52,0,52,0.1,0.1015625,0.1015625,0.7248135242127891,7.24813524212789e-07,mle,-0.12432895861568548,0.9096796157054465,ok,True,True,extraction,
spx,5929,2023-07-31,5417,5928,512,-1.4581286742274542,linear,52,0,52,52,0,52,0.1,0.1015625,0.1015625,0.7298306630797637,7.298306630797638e-07,mle,-0.12432895861568548,0.9096796157054465,ok,True,True,extraction,
spx,5930,2023-08-01,5418,5929,512,-1.4581286742274542,linear,52,0,52,52,0,52,0.1,0.1015625,0.1015625,0.7263669061552616,7.263669061552615e-07,mle,-0.12432895861568548,0.9096796157054465,ok,True,True,extraction,
spx,5931,2023-08-02,5419,5930,512,-1.4551815190629696,linear,52,0,52,52,0,52,0.1,0.1015625,0.1015625,0.7236032816172797,7.236032816172797e-07,mle,-0.12059626730376909,0.90678908753956,ok,True,True,extraction,
spx,5932,2023-08-03,5420,5931,512,-1.4551815190629696,linear,52,0,52,52,0,52,0.1,0.1015625,0.1015625,0.7230406215889214,7.230406215889213e-07,mle,-0.12059626730376909,0.90678908753956,ok,True,True,extraction,
spx,5933,2023-08-04,5421,5932,512,-1.4551815190629696,linear,52,0,52,52,0,52,0.1,0.1015625,0.1015625,0.7218789809866775,7.218789809866775e-07,mle,-0.12059626730376909,0.90678908753956,ok,True,True,extraction,
spx,5934,2023-08-07,5422,5933,512,-1.4551815190629696,linear,52,0,52,52,0,52,0.1,0.1015625,0.1015625,0.7192519795188421,7.192519795188421e-07,mle,-0.12059626730376909,0.90678908753956,ok,True,True,extraction,
spx,5935,2023-08-08,5423,5934,512,-1.4551815190629696,linear,52,0,52,52,0,52,0.1,0.1015625,0.1015625,0.7192519795188421,7.192519795188421e-07,mle,-0.12059626730376909,0.90678908753956,ok,True,True,extraction,
spx,5936,2023-08-09,5424,5935,512,-1.4551815190629696,linear,52,0,52,52,0,52,0.1,0.1015625,0.1015625,0.7177105668750027,7.177105668750026e-07,mle,-0.12059626730376909,0.90678908753956,ok,True,True,extraction,
spx,5937,2023-08-10,5425,5936,512,-1.4551815190629696,linear,52,0,52,52,0,52,0.1,0.1015625,0.1015625,0.7177105668750027,7.177105668750026e-07,mle,-0.12059626730376909,0.90678908753956,ok,True,True,extraction,
spx,5938,2023-08-11,5426,5937,512,-1.4551815190629696,linear,52,0,52,52,0,52,0.1,0.1015625,0.1015625,0.7192519795188421,7.192519795188421e-07,mle,-0.12059626730376909,0.90678908753956,ok,True,True,extraction,
spx,5939,2023-08-14,5427,5938,512,-1.4551815190629696,linear,52,0,52,52,0,52,0.1,0.1015625,0.1015625,0.7167800648323127,7.167800648323126e-07,mle,-0.12059626730376909,0.90678908753956,ok,True,True,extraction,
spx,5940,2023-08-15,5428,5939,512,-1.4551815190629696,linear,52,0,52,52,0,52,0.1,0.1015625,0.1015625,0.7192519795188421,7.192519795188421e-07,mle,-0.12059626730376909,0.90678908753956,ok,True,True,extraction,
spx,5941,2023-08-16,5429,5940,512,-1.4551815190629696,linear,52,0,52,52,0,52,0.1,0.1015625,0.1015625,0.7227333655530759,7.227333655530759e-07,mle,-0.12059626730376909,0.90678908753956,ok,True,True,extraction,
spx,5942,2023-08-17,5430,5941,512,-1.4551815190629696,linear,52,0,52,52,0,52,0.1,0.1015625,0.1015625,0.7202614508665465,7.202614508665464e-07,mle,-0.12059626730376909,0.90678908753956,ok,True,True,extraction,
spx,5943,2023-08-18,5431,5942,512,-1.4551815190629696,linear,52,0,52,52,0,52,0.1,0.1015625,0.1015625,0.7238592324325515,7.238592324325514e-07,mle,-0.12059626730376909,0.90678908753956,ok,True,True,extraction,
spx,5944,2023-08-21,5432,5943,512,-1.4551815190629696,linear,52,0,52,52,0,52,0.1,0.1015625,0.1015625,0.7238592324325515,7.238592324325514e-07,mle,-0.12059626730376909,0.90678908753956,ok,True,True,extraction,
spx,5945,2023-08-22,5433,5944,512,-1.4551815190629696,linear,52,0,52,52,0,52,0.1,0.1015625,0.1015625,0.7238592324325515,7.238592324325514e-07,mle,-0.12059626730376909,0.90678908753956,ok,True,True,extraction,
spx,5946,2023-08-23,5434,5945,512,-1.4551815190629696,linear,52,0,52,52,0,52,0.1,0.1015625,0.1015625,0.7238592324325515,7.238592324325514e-07,mle,-0.12059626730376909,0.90678908753956,ok,True,True,extraction,
spx,5947,2023-08-24,5435,5946,512,-1.4551815190629696,linear,52,0,52,52,0,52,0.1,0.1015625,0.1015625,0.7270371018480826,7.270371018480825e-07,mle,-0.12059626730376909,0.90678908753956,ok,True,True,extraction,
spx,5948,2023-08-25,5436,5947,512,-1.4551815190629696,linear,52,0,52,52,0,52,0.1,0.1015625,0.1015625,0.7247853378529907,7.247853378529907e-07,mle,-0.12059626730376909,0.90678908753956,ok,True,True,extraction,
spx,5949,2023-08-28,5437,5948,512,-1.4551815190629696,linear,52,0,52,52,0,52,0.1,0.1015625,0.1015625,0.7247853378529907,7.247853378529907e-07,mle,-0.12059626730376909,0.90678908753956,ok,True,True,extraction,
spx,5950,2023-08-29,5438,5949,512,-1.4551815190629696,linear,52,0,52,52,0,52,0.1,0.1015625,0.1015625,0.7247853378529907,7.247853378529907e-07,mle,-0.12059626730376909,0.90678908753956,ok,True,True,extraction,
spx,5951,2023-08-30,5439,5950,512,-1.4551815190629696,linear,52,0,52,52,0,52,0.1,0.1015625,0.1015625,0.7262142383939427,7.262142383939426e-07,mle,-0.12059626730376909,0.90678908753956,ok,True,True,extraction,
spx,5952,2023-08-31,5440,5951,512,-1.4551815190629696,linear,52,0,52,52,0,52,0.1,0.1015625,0.1015625,0.7297209519543957,7.297209519543956e-07,mle,-0.12059626730376909,0.90678908753956,ok,True,True,extraction,
spx,5953,2023-09-01,5441,5952,512,-1.4551815190629696,linear,52,0,52,52,0,52,0.1,0.1015625,0.1015625,0.7287196985882375,7.287196985882375e-07,mle,-0.12059626730376909,0.90678908753956,ok,True,True,extraction,
spx,5954,2023-09-05,5442,5953,512,-1.4551815190629696,linear,52,0,52,52,0,52,0.1,0.1015625,0.1015625,0.7287196985882375,7.287196985882375e-07,mle,-0.12059626730376909,0.90678908753956,ok,True,True,extraction,
spx,5955,2023-09-06,5443,5954,512,-1.4551815190629696,linear,52,0,52,52,0,52,0.1,0.1015625,0.1015625,0.7222829498984729,7.222829498984729e-07,mle,-0.12059626730376909,0.90678908753956,ok,True,True,extraction,
spx,5956,2023-09-07,5444,5955,512,-1.4551815190629696,linear,52,0,52,52,0,52,0.1,0.1015625,0.1015625,0.7195448878122654,7.195448878122655e-07,mle,-0.12059626730376909,0.90678908753956,ok,True,True,extraction,
spx,5957,2023-09-08,5445,5956,512,-1.4551815190629696,linear,52,0,52,52,0,52,0.1,0.1015625,0.1015625,0.718143918078813,7.181439180788129e-07,mle,-0.12059626730376909,0.90678908753956,ok,True,True,extraction,
spx,5958,2023-09-11,5446,5957,512,-1.4551815190629696,linear,52,0,52,52,0,52,0.1,0.1015625,0.1015625,0.718143918078813,7.181439180788129e-07,mle,-0.12059626730376909,0.90678908753956,ok,True,True,extraction,
spx,5959,2023-09-12,5447,5958,512,-1.4551815190629696,linear,52,0,52,52,0,52,0.1,0.1015625,0.1015625,0.7195448878122654,7.195448878122655e-07,mle,-0.12059626730376909,0.90678908753956,ok,True,True,extraction,
spx,5960,2023-09-13,5448,5959,512,-1.4551815190629696,linear,52,0,52,52,0,52,0.1,0.1015625,0.1015625,0.7168980945068099,7.168980945068098e-07,mle,-0.12059626730376909,0.90678908753956,ok,True,True,extraction,
spx,5961,2023-09-14,5449,5960,512,-1.4551815190629696,linear,52,0,52,52,0,52,0.1,0.1015625,0.1015625,0.7168980945068099,7.168980945068098e-07,mle,-0.12059626730376909,0.90678908753956,ok,True,True,extraction,
spx,5962,2023-09-15,5450,5961,512,-1.4551815190629696,linear,52,0,52,52,0,52,0.1,0.1015625,0.1015625,0.7195448878122654,7.195448878122655e-07,mle,-0.12059626730376909,0.90678908753956,ok,True,True,extraction,
spx,5963,2023-09-18,5451,5962,512,-1.4551815190629696,linear,52,0,52,52,0,52,0.1,0.1015625,0.1015625,0.7195728186197647,7.195728186197647e-07,mle,-0.12059626730376909,0.90678908753956,ok,True,True,extraction,
spx,5964,2023-09-19,5452,5963,512,-1.4551815190629696,linear,52,0,52,52,0,52,0.1,0.1015625,0.1015625,0.7195728186197647,7.195728186197647e-07,mle,-0.12059626730376909,0.90678908753956,ok,True,True,extraction,
spx,5965,2023-09-20,5453,5964,512,-1.4551815190629696,linear,52,0,52,52,0,52,0.1,0.1015625,0.1015625,0.718620212259341,7.18620212259341e-07,mle,-0.12059626730376909,0.90678908753956,ok,True,True,extraction,
spx,5966,2023-09-21,5454,5965,512,-1.4551815190629696,linear,52,0,52,52,0,52,0.1,0.1015625,0.1015625,0.7197177262107961,7.197177262107961e-07,mle,-0.12059626730376909,0.90678908753956,ok,True,True,extraction,
spx,5967,2023-09-22,5455,5966,512,-1.4581286742274542,linear,52,0,52,52,0,52,0.1,0.1015625,0.1015625,0.7214621929780834,7.214621929780834e-07,mle,-0.1277397117878506,0.9137326652979266,ok,True,True,extraction,
spx,5968,2023-09-25,5456,5967,512,-1.4581286742274542,linear,52,0,52,52,0,52,0.1,0.1015625,0.1015625,0.7214621929780834,7.214621929780834e-07,mle,-0.1277397117878506,0.9137326652979266,ok,True,True,extraction,
spx,5969,2023-09-26,5457,5968,512,-1.4581286742274542,linear,52,0,52,52,0,52,0.1,0.1015625,0.1015625,0.7223044889041441,7.223044889041441e-07,mle,-0.1277397117878506,0.9137326652979266,ok,True,True,extraction,
spx,5970,2023-09-27,5458,5969,512,-1.4818145877645112,linear,52,0,52,52,0,52,0.1,0.1015625,0.1015625,0.7214621929780834,7.214621929780834e-07,mle,-0.08147093884299282,0.8497338312995217,ok,True,True,extraction,
spx,5971,2023-09-28,5459,5970,512,-1.4818145877645112,linear,52,0,52,52,0,52,0.1,0.1015625,0.1015625,0.7232451505874591,7.232451505874591e-07,mle,-0.08147093884299282,0.8497338312995217,ok,True,True,extraction,
spx,5972,2023-09-29,5460,5971,512,-1.4818145877645112,linear,52,0,52,52,0,52,0.1,0.1015625,0.1015625,0.7223044889041441,7.223044889041441e-07,mle,-0.08147093884299282,0.8497338312995217,ok,True,True,extraction,
spx,5973,2023-10-02,5461,5972,512,-1.4818145877645112,linear,52,0,52,52,0,52,0.1,0.1015625,0.1015625,0.7223044889041441,7.223044889041441e-07,mle,-0.08147093884299282,0.8497338312995217,ok,True,True,extraction,
spx,5974,2023-10-03,5462,5973,512,-1.4818145877645112,linear,52,0,52,52,0,52,0.1,0.1015625,0.1015625,0.7222829498984729,7.222829498984729e-07,mle,-0.08147093884299282,0.8497338312995217,ok,True,True,extraction,
spx,5975,2023-10-04,5463,5974,512,-1.4581286742274542,linear,52,0,52,52,0,52,0.1,0.1015625,0.1015625,0.7222829498984729,7.222829498984729e-07,mle,-0.11299809461157281,0.8964796837892335,ok,True,True,extraction,
spx,5976,2023-10-05,5464,5975,512,-1.4581286742274542,linear,52,0,52,52,0,52,0.1,0.1015625,0.1015625,0.7287196985882375,7.287196985882375e-07,mle,-0.11299809461157281,0.8964796837892335,ok,True,True,extraction,
spx,5977,2023-10-06,5465,5976,512,-1.4581286742274542,linear,52,0,52,52,0,52,0.1,0.1015625,0.1015625,0.7222829498984729,7.222829498984729e-07,mle,-0.11299809461157281,0.8964796837892335,ok,True,True,extraction,
spx,5978,2023-10-09,5466,5977,512,-1.4581286742274542,linear,52,0,52,52,0,52,0.1,0.1015625,0.1015625,0.7222829498984729,7.222829498984729e-07,mle,-0.11299809461157281,0.8964796837892335,ok,True,True,extraction,
spx,5979,2023-10-10,5467,5978,512,-1.4581286742274542,linear,52,0,52,52,0,52,0.1,0.1015625,0.1015625,0.7222829498984729,7.222829498984729e-07,mle,-0.11299809461157281,0.8964796837892335,ok,True,True,extraction,
spx,5980,2023-10-11,5468,5979,512,-1.4581286742274542,linear,52,0,52,52,0,52,0.1,0.1015625,0.1015625,0.7270371018480826,7.270371018480825e-07,mle,-0.11299809461157281,0.8964796837892335,ok,True,True,extraction,
spx,5981,2023-10-12,5469,5980,512,-1.4551815190629696,linear,52,0,52,52,0,52,0.1,0.1015625,0.1015625,0.7253603670209112,7.253603670209112e-07,mle,-0.0791258751729192,0.858893562311155,ok,True,True,extraction,
spx,5982,2023-10-13,5470,5981,512,-1.4551815190629696,linear,52,0,52,52,0,52,0.1,0.1015625,0.1015625,0.7238592324325515,7.238592324325514e-07,mle,-0.0791258751729192,0.858893562311155,ok,True,True,extraction,
spx,5983,2023-10-16,5471,5982,512,-1.4551815190629696,linear,52,0,52,52,0,52,0.1,0.1015625,0.1015625,0.7202614508665465,7.202614508665464e-07,mle,-0.0791258751729192,0.858893562311155,ok,True,True,extraction,
spx,5984,2023-10-17,5472,5983,512,-1.4551815190629696,linear,52,0,52,52,0,52,0.1,0.1015625,0.1015625,0.7202614508665465,7.202614508665464e-07,mle,-0.0791258751729192,0.858893562311155,ok,True,True,extraction,
spx,5985,2023-10-18,5473,5984,512,-1.4551815190629696,linear,52,0,52,52,0,52,0.1,0.1015625,0.1015625,0.7192519795188421,7.192519795188421e-07,mle,-0.0791258751729192,0.858893562311155,ok,True,True,extraction,
spx,5986,2023-10-19,5474,5985,512,-1.4551815190629696,linear,52,0,52,52,0,52,0.1,0.1015625,0.1015625,0.7167800648323127,7.167800648323126e-07,mle,-0.0791258751729192,0.858893562311155,ok,True,True,extraction,
spx,5987,2023-10-20,5475,5986,512,-1.4551815190629696,linear,52,0,52,52,0,52,0.1,0.1015625,0.1015625,0.7184569184791809,7.184569184791809e-07,mle,-0.0791258751729192,0.858893562311155,ok,True,True,extraction,
spx,5988,2023-10-23,5476,5987,512,-1.4551815190629696,linear,52,0,52,52,0,52,0.1,0.1015625,0.1015625,0.7178622910721105,7.178622910721105e-07,mle,-0.0791258751729192,0.858893562311155,ok,True,True,extraction,
spx,5989,2023-10-24,5477,5988,512,-1.4551815190629696,linear,52,0,52,52,0,52,0.1,0.1015625,0.1015625,0.7178622910721105,7.178622910721105e-07,mle,-0.0791258751729192,0.858893562311155,ok,True,True,extraction,
spx,5990,2023-10-25,5478,5989,512,-1.4551815190629696,linear,52,0,52,52,0,52,0.1,0.1015625,0.1015625,0.7201336533063523,7.201336533063522e-07,mle,-0.0791258751729192,0.858893562311155,ok,True,True,extraction,
spx,5991,2023-10-26,5479,5990,512,-1.4551815190629696,linear,52,0,52,52,0,52,0.1,0.1015625,0.1015625,0.7222829498984729,7.222829498984729e-07,mle,-0.0791258751729192,0.858893562311155,ok,True,True,extraction,
spx,5992,2023-10-27,5480,5991,512,-1.4551815190629696,linear,52,0,52,52,0,52,0.1,0.1015625,0.1015625,0.7223044889041441,7.223044889041441e-07,mle,-0.0791258751729192,0.858893562311155,ok,True,True,extraction,
spx,5993,2023-10-30,5481,5992,512,-1.4551815190629696,linear,52,0,52,52,0,52,0.1,0.1015625,0.1015625,0.718620212259341,7.18620212259341e-07,mle,-0.0791258751729192,0.858893562311155,ok,True,True,extraction,
spx,5994,2023-10-31,5482,5993,512,-1.4551815190629696,linear,52,0,52,52,0,52,0.1,0.1015625,0.1015625,0.718620212259341,7.18620212259341e-07,mle,-0.0791258751729192,0.858893562311155,ok,True,True,extraction,
spx,5995,2023-11-01,5483,5994,512,-1.4551815190629696,linear,52,0,52,52,0,52,0.1,0.1015625,0.1015625,0.718620212259341,7.18620212259341e-07,mle,-0.0791258751729192,0.858893562311155,ok,True,True,extraction,
spx,5996,2023-11-02,5484,5995,512,-1.4551815190629696,linear,52,0,52,52,0,52,0.1,0.1015625,0.1015625,0.718620212259341,7.18620212259341e-07,mle,-0.0791258751729192,0.858893562311155,ok,True,True,extraction,
spx,5997,2023-11-03,5485,5996,512,-1.4551815190629696,linear,52,0,52,52,0,52,0.1,0.1015625,0.1015625,0.7197177262107961,7.197177262107961e-07,mle,-0.0791258751729192,0.858893562311155,ok,True,True,extraction,
spx,5998,2023-11-06,5486,5997,512,-1.4551815190629696,linear,52,0,52,52,0,52,0.1,0.1015625,0.1015625,0.7214621929780834,7.214621929780834e-07,mle,-0.0791258751729192,0.858893562311155,ok,True,True,extraction,
spx,5999,2023-11-07,5487,5998,512,-1.4551815190629696,linear,52,0,52,52,0,52,0.1,0.1015625,0.1015625,0.7232451505874591,7.232451505874591e-07,mle,-0.0791258751729192,0.858893562311155,ok,True,True,extraction,
spx,6000,2023-11-08,5488,5999,512,-1.4551815190629696,linear,52,0,52,52,0,52,0.1,0.1015625,0.1015625,0.7232451505874591,7.232451505874591e-07,mle,-0.0791258751729192,0.858893562311155,ok,True,True,extraction,
spx,6001,2023-11-09,5489,6000,512,-1.4551815190629696,linear,52,0,52,52,0,52,0.1,0.1015625,0.1015625,0.7232451505874591,7.232451505874591e-07,mle,-0.0791258751729192,0.858893562311155,ok,True,True,extraction,
spx,6002,2023-11-10,5490,6001,512,-1.4551815190629696,linear,52,0,52,52,0,52,0.1,0.1015625,0.1015625,0.7237335552123252,7.237335552123251e-07,mle,-0.0791258751729192,0.858893562311155,ok,True,True,extraction,
spx,6003,2023-11-13,5491,6002,512,-1.4551815190629696,linear,52,0,52,52,0,52,0.1,0.1015625,0.1015625,0.7237335552123252,7.237335552123251e-07,mle,-0.0791258751729192,0.858893562311155,ok,True,True,extraction,
spx,6004,2023-11-14,5492,6003,512,-1.4551815190629696,linear,52,0,52,52,0,52,0.1,0.1015625,0.1015625,0.7246326259266712,7.246326259266712e-07,mle,-0.0791258751729192,0.858893562311155,ok,True,True,extraction,
spx,6005,2023-11-15,5493,6004,512,-1.4551815190629696,linear,52,0,52,52,0,52,0.1,0.1015625,0.1015625,0.726903988160913,7.269039881609129e-07,mle,-0.0791258751729192,0.858893562311155,ok,True,True,extraction,
spx,6006,2023-11-16,5494,6005,512,-1.4551815190629696,linear,52,0,52,52,0,52,0.1,0.1015625,0.1015625,0.726903988160913,7.269039881609129e-07,mle,-0.0791258751729192,0.858893562311155,ok,True,True,extraction,
spx,6007,2023-11-17,5495,6006,512,-1.4551815190629696,linear,52,0,52,52,0,52,0.1,0.1015625,0.1015625,0.726903988160913,7.269039881609129e-07,mle,-0.0791258751729192,0.858893562311155,ok,True,True,extraction,
spx,6008,2023-11-20,5496,6007,512,-1.4551815190629696,linear,52,0,52,52,0,52,0.1,0.1015625,0.1015625,0.726903988160913,7.269039881609129e-07,mle,-0.0791258751729192,0.858893562311155,ok,True,True,extraction,
spx,6009,2023-11-21,5497,6008,512,-1.4551815190629696,linear,52,0,52,52,0,52,0.1,0.1015625,0.1015625,0.731083493620308,7.31083493620308e-07,mle,-0.0791258751729192,0.858893562311155,ok,True,True,extraction,
spx,6010,2023-11-22,5498,6009,512,-1.4551815190629696,linear,52,0,52,52,0,52,0.1,0.1015625,0.1015625,0.7307819760706988,7.307819760706988e-07,mle,-0.0791258751729192,0.858893562311155,ok,True,True,extraction,
spx,6011,2023-11-24,5499,6010,512,-1.4551815190629696,linear,52,0,52,52,0,52,0.1,0.1015625,0.1015625,0.731083493620308,7.31083493620308e-07,mle,-0.0791258751729192,0.858893562311155,ok,True,True,extraction,
spx,6012,2023-11-27,5500,6011,512,-1.4551815190629696,linear,52,0,52,52,0,52,0.1,0.1015625,0.1015625,0.727060840429053,7.270608404290529e-07,mle,-0.0791258751729192,0.858893562311155,ok,True,True,extraction,
spx,6013,2023-11-28,5501,6012,512,-1.4551815190629696,linear,52,0,52,52,0,52,0.1,0.1015625,0.1015625,0.726903988160913,7.269039881609129e-07,mle,-0.0791258751729192,0.858893562311155,ok,True,True,extraction,
spx,6014,2023-11-29,5502,6013,512,-1.4551815190629696,linear,52,0,52,52,0,52,0.1,0.1015625,0.1015625,0.7246326259266712,7.246326259266712e-07,mle,-0.0791258751729192,0.858893562311155,ok,True,True,extraction,
spx,6015,2023-11-30,5503,6014,512,-1.4551815190629696,linear,52,0,52,52,0,52,0.1,0.1015625,0.1015625,0.7252263011304645,7.252263011304644e-07,mle,-0.0791258751729192,0.858893562311155,ok,True,True,extraction,
spx,6016,2023-12-01,5504,6015,512,-1.4551815190629696,linear,52,0,52,52,0,52,0.1,0.1015625,0.1015625,0.7252263011304645,7.252263011304644e-07,mle,-0.0791258751729192,0.858893562311155,ok,True,True,extraction,
spx,6017,2023-12-04,5505,6016,512,-1.4551815190629696,linear,52,0,52,52,0,52,0.1,0.1015625,0.1015625,0.7246326259266712,7.246326259266712e-07,mle,-0.0791258751729192,0.858893562311155,ok,True,True,extraction,
spx,6018,2023-12-05,5506,6017,512,-1.4551815190629696,linear,52,0,52,52,0,52,0.1,0.1015625,0.1015625,0.7252263011304645,7.252263011304644e-07,mle,-0.0791258751729192,0.858893562311155,ok,True,True,extraction,
spx,6019,2023-12-06,5507,6018,512,-1.4551815190629696,linear,52,0,52,52,0,52,0.1,0.1015625,0.1015625,0.7252263011304645,7.252263011304644e-07,mle,-0.0791258751729192,0.858893562311155,ok,True,True,extraction,
spx,6020,2023-12-07,5508,6019,512,-1.4551815190629696,linear,52,0,52,52,0,52,0.1,0.1015625,0.1015625,0.7252263011304645,7.252263011304644e-07,mle,-0.0791258751729192,0.858893562311155,ok,True,True,extraction,
spx,6021,2023-12-08,5509,6020,512,-1.4551815190629696,linear,52,0,52,52,0,52,0.1,0.1015625,0.1015625,0.7288121313860663,7.288121313860663e-07,mle,-0.0791258751729192,0.858893562311155,ok,True,True,extraction,
spx,6022,2023-12-11,5510,6021,512,-1.4551815190629696,linear,52,0,52,52,0,52,0.1,0.1015625,0.1015625,0.7288121313860663,7.288121313860663e-07,mle,-0.0791258751729192,0.858893562311155,ok,True,True,extraction,
spx,6023,2023-12-12,5511,6022,512,-1.4497825946411258,linear,52,0,52,52,0,52,0.1,0.1015625,0.1015625,0.7246326259266712,7.246326259266712e-07,mle,-0.032373854657764226,0.8094375227945898,ok,True,True,extraction,
spx,6024,2023-12-13,5512,6023,512,-1.4497825946411258,linear,52,0,52,52,0,52,0.1,0.1015625,0.1015625,0.7214621929780834,7.214621929780834e-07,mle,-0.032373854657764226,0.8094375227945898,ok,True,True,extraction,
spx,6025,2023-12-14,5513,6024,512,-1.44336941149543,linear,52,0,52,52,0,52,0.1,0.1015625,0.1015625,0.7232451505874591,7.232451505874591e-07,mle,-0.007457240715795025,0.7870631235891374,ok,True,True,extraction,
spx,6026,2023-12-15,5514,6025,512,-1.44336941149543,linear,52,0,52,52,0,52,0.1,0.1015625,0.1015625,0.7247853378529907,7.247853378529907e-07,mle,-0.007457240715795025,0.7870631235891374,ok,True,True,extraction,
spx,6027,2023-12-18,5515,6026,512,-1.44336941149543,linear,52,0,52,52,0,52,0.1,0.1015625,0.1015625,0.7222829498984729,7.222829498984729e-07,mle,-0.007457240715795025,0.7870631235891374,ok,True,True,extraction,
spx,6028,2023-12-19,5516,6027,512,-1.44336941149543,linear,52,0,52,52,0,52,0.1,0.1015625,0.1015625,0.7238592324325515,7.238592324325514e-07,mle,-0.007457240715795025,0.7870631235891374,ok,True,True,extraction,
spx,6029,2023-12-20,5517,6028,512,-1.44336941149543,linear,52,0,52,52,0,52,0.1,0.1015625,0.1015625,0.7202614508665465,7.202614508665464e-07,mle,-0.007457240715795025,0.7870631235891374,ok,True,True,extraction,
spx,6030,2023-12-21,5518,6029,512,-1.4497825946411258,linear,52,0,52,52,0,52,0.1,0.1015625,0.1015625,0.7184569184791809,7.184569184791809e-07,mle,0.007760248963173486,0.7694279939740494,ok,True,True,extraction,
spx,6031,2023-12-22,5519,6030,512,-1.4497825946411258,linear,52,0,52,52,0,52,0.1,0.1015625,0.1015625,0.7201336533063523,7.201336533063522e-07,mle,0.007760248963173486,0.7694279939740494,ok,True,True,extraction,
spx,6032,2023-12-26,5520,6031,512,-1.4497825946411258,linear,52,0,52,52,0,52,0.1,0.1015625,0.1015625,0.7238592324325515,7.238592324325514e-07,mle,0.007760248963173486,0.7694279939740494,ok,True,True,extraction,
spx,6033,2023-12-27,5521,6032,512,-1.4497825946411258,linear,52,0,52,52,0,52,0.1,0.1015625,0.1015625,0.7202614508665465,7.202614508665464e-07,mle,0.007760248963173486,0.7694279939740494,ok,True,True,extraction,
spx,6034,2023-12-28,5522,6033,512,-1.4497825946411258,linear,52,0,52,52,0,52,0.1,0.1015625,0.1015625,0.7192519795188421,7.192519795188421e-07,mle,0.007760248963173486,0.7694279939740494,ok,True,True,extraction,
spx,6035,2023-12-29,5523,6034,512,-1.4497825946411258,linear,52,0,52,52,0,52,0.1,0.1015625,0.1015625,0.7152729341660056,7.152729341660056e-07,mle,0.007760248963173486,0.7694279939740494,ok,True,True,extraction,
spx,6036,2024-01-02,5524,6035,512,-1.4497825946411258,linear,52,0,52,52,0,52,0.1,0.1015625,0.1015625,0.7109056419120876,7.109056419120876e-07,mle,0.007760248963173486,0.7694279939740494,ok,True,True,extraction,
spx,6037,2024-01-03,5525,6036,512,-1.4497825946411258,linear,52,0,52,52,0,52,0.1,0.1015625,0.1015625,0.7093483145602268,7.093483145602268e-07,mle,0.007760248963173486,0.7694279939740494,ok,True,True,extraction,
spx,6038,2024-01-04,5526,6037,512,-1.4497825946411258,linear,52,0,52,52,0,52,0.1,0.1015625,0.1015625,0.7093483145602268,7.093483145602268e-07,mle,0.007760248963173486,0.7694279939740494,ok,True,True,extraction,
spx,6039,2024-01-05,5527,6038,512,-1.4497825946411258,linear,52,0,52,52,0,52,0.1,0.1015625,0.1015625,0.7084307350803496,7.084307350803495e-07,mle,0.007760248963173486,0.7694279939740494,ok,True,True,extraction,
spx,6040,2024-01-08,5528,6039,512,-1.4497825946411258,linear,52,0,52,52,0,52,0.1,0.1015625,0.1015625,0.7076742090485819,7.076742090485818e-07,mle,0.007760248963173486,0.7694279939740494,ok,True,True,extraction,
spx,6041,2024-01-09,5529,6040,512,-1.4497825946411258,linear,52,0,52,52,0,52,0.1,0.1015625,0.1015625,0.7076742090485819,7.076742090485818e-07,mle,0.007760248963173486,0.7694279939740494,ok,True,True,extraction,
spx,6042,2024-01-10,5530,6041,512,-1.4497825946411258,linear,52,0,52,52,0,52,0.1,0.1015625,0.1015625,0.7059163292444335,7.059163292444334e-07,mle,0.007760248963173486,0.7694279939740494,ok,True,True,extraction,
spx,6043,2024-01-11,5531,6042,512,-1.4497825946411258,linear,52,0,52,52,0,52,0.1,0.1015625,0.1015625,0.7050274157431264,7.050274157431264e-07,mle,0.007760248963173486,0.7694279939740494,ok,True,True,extraction,
spx,6044,2024-01-12,5532,6043,512,-1.4497825946411258,linear,52,0,52,52,0,52,0.1,0.1015625,0.1015625,0.7050274157431264,7.050274157431264e-07,mle,0.007760248963173486,0.7694279939740494,ok,True,True,extraction,
spx,6045,2024-01-16,5533,6044,512,-1.4497825946411258,linear,52,0,52,52,0,52,0.1,0.1015625,0.1015625,0.7050274157431264,7.050274157431264e-07,mle,0.007760248963173486,0.7694279939740494,ok,True,True,extraction,
spx,6046,2024-01-17,5534,6045,512,-1.4497825946411258,linear,52,0,52,52,0,52,0.1,0.1015625,0.1015625,0.7050274157431264,7.050274157431264e-07,mle,0.007760248963173486,0.7694279939740494,ok,True,True,extraction,
spx,6047,2024-01-18,5535,6046,512,-1.4497825946411258,linear,52,0,52,52,0,52,0.1,0.1015625,0.1015625,0.7050274157431264,7.050274157431264e-07,mle,0.007760248963173486,0.7694279939740494,ok,True,True,extraction,
spx,6048,2024-01-19,5536,6047,512,-1.4497825946411258,linear,52,0,52,52,0,52,0.1,0.1015625,0.1015625,0.7059163292444335,7.059163292444334e-07,mle,0.007760248963173486,0.7694279939740494,ok,True,True,extraction,
spx,6049,2024-01-22,5537,6048,512,-1.4497825946411258,linear,52,0,52,52,0,52,0.1,0.1015625,0.1015625,0.7084307350803496,7.084307350803495e-07,mle,0.007760248963173486,0.7694279939740494,ok,True,True,extraction,
spx,6050,2024-01-23,5538,6049,512,-1.44336941149543,linear,52,0,52,52,0,52,0.1,0.1015625,0.1015625,0.7076742090485819,7.076742090485818e-07,mle,0.04057585933555484,0.7410322472067816,ok,True,True,extraction,
spx,6051,2024-01-24,5539,6050,512,-1.44336941149543,linear,52,0,52,52,0,52,0.1,0.1015625,0.1015625,0.7081023873128454,7.081023873128453e-07,mle,0.04057585933555484,0.7410322472067816,ok,True,True,extraction,
spx,6052,2024-01-25,5540,6051,512,-1.44336941149543,linear,52,0,52,52,0,52,0.1,0.1015625,0.1015625,0.7108748006073062,7.108748006073062e-07,mle,0.04057585933555484,0.7410322472067816,ok,True,True,extraction,
spx,6053,2024-01-26,5541,6052,512,-1.44336941149543,linear,52,0,52,52,0,52,0.1,0.1015625,0.1015625,0.7119746745570648,7.119746745570647e-07,mle,0.04057585933555484,0.7410322472067816,ok,True,True,extraction,
spx,6054,2024-01-29,5542,6053,512,-1.44336941149543,linear,52,0,52,52,0,52,0.1,0.1015625,0.1015625,0.7072979817230037,7.072979817230037e-07,mle,0.04057585933555484,0.7410322472067816,ok,True,True,extraction,
spx,6055,2024-01-30,5543,6054,512,-1.44336941149543,linear,52,0,52,52,0,52,0.1,0.1015625,0.1015625,0.7108748006073062,7.108748006073062e-07,mle,0.04057585933555484,0.7410322472067816,ok,True,True,extraction,
spx,6056,2024-01-31,5544,6055,512,-1.4392711255347865,linear,52,0,52,52,0,52,0.1,0.1015625,0.1015625,0.7072979817230037,7.072979817230037e-07,mle,0.02674747791415711,0.7554811427845533,ok,True,True,extraction,
spx,6057,2024-02-01,5545,6056,512,-1.4497825946411258,linear,52,0,52,52,0,52,0.1,0.1015625,0.1015625,0.7081023873128454,7.081023873128453e-07,mle,0.03983974791639487,0.7387673851493413,ok,True,True,extraction,
spx,6058,2024-02-02,5546,6057,512,-1.4392711255347865,linear,52,0,52,52,0,52,0.1,0.1015625,0.1015625,0.7108748006073062,7.108748006073062e-07,mle,0.05118747006005593,0.7327474848735231,ok,True,True,extraction,
spx,6059,2024-02-05,5547,6058,512,-1.4392711255347865,linear,52,0,52,52,0,52,0.1,0.1015625,0.1015625,0.7119746745570648,7.119746745570647e-07,mle,0.05118747006005593,0.7327474848735231,ok,True,True,extraction,
spx,6060,2024-02-06,5548,6059,512,-1.4392711255347865,linear,52,0,52,52,0,52,0.1,0.1015625,0.1015625,0.7072979817230037,7.072979817230037e-07,mle,0.05118747006005593,0.7327474848735231,ok,True,True,extraction,
spx,6061,2024-02-07,5549,6060,512,-1.3931049494990724,linear,52,0,52,52,0,52,0.1,0.1015625,0.1015625,0.7008808536319424,7.008808536319424e-07,mle,-0.03854556111503649,0.8393361419249971,ok,True,True,extraction,
spx,6062,2024-02-08,5550,6061,512,-1.3931049494990724,linear,52,0,52,52,0,52,0.1,0.1015625,0.1015625,0.7072979817230037,7.072979817230037e-07,mle,-0.03854556111503649,0.8393361419249971,ok,True,True,extraction,
spx,6063,2024-02-09,5551,6062,512,-1.3931049494990724,linear,52,0,52,52,0,52,0.1,0.1015625,0.1015625,0.7030888477310169,7.030888477310168e-07,mle,-0.03854556111503649,0.8393361419249971,ok,True,True,extraction,
spx,6064,2024-02-12,5552,6063,512,-1.3931049494990724,linear,52,0,52,52,0,52,0.1,0.1015625,0.1015625,0.7062119760532666,7.062119760532666e-07,mle,-0.03854556111503649,0.8393361419249971,ok,True,True,extraction,
spx,6065,2024-02-13,5553,6064,512,-1.3931049494990724,linear,52,0,52,52,0,52,0.1,0.1015625,0.1015625,0.7062119760532666,7.062119760532666e-07,mle,-0.03854556111503649,0.8393361419249971,ok,True,True,extraction,
spx,6066,2024-02-14,5554,6065,512,-1.3931049494990724,linear,52,0,52,52,0,52,0.1,0.1015625,0.1015625,0.7030888477310169,7.030888477310168e-07,mle,-0.03854556111503649,0.8393361419249971,ok,True,True,extraction,
spx,6067,2024-02-15,5555,6066,512,-1.3931049494990724,linear,52,0,52,52,0,52,0.1,0.1015625,0.1015625,0.7030888477310169,7.030888477310168e-07,mle,-0.03854556111503649,0.8393361419249971,ok,True,True,extraction,
spx,6068,2024-02-16,5556,6067,512,-1.3931049494990724,linear,52,0,52,52,0,52,0.1,0.1015625,0.1015625,0.7030888477310169,7.030888477310168e-07,mle,-0.03854556111503649,0.8393361419249971,ok,True,True,extraction,
spx,6069,2024-02-20,5557,6068,512,-1.3931049494990724,linear,52,0,52,52,0,52,0.1,0.1015625,0.1015625,0.6986094913977007,6.986094913977007e-07,mle,-0.03854556111503649,0.8393361419249971,ok,True,True,extraction,
spx,6070,2024-02-21,5558,6069,512,-1.3880159870738364,linear,52,0,52,52,0,52,0.1,0.1015625,0.1015625,0.6965739390400933,6.965739390400933e-07,mle,0.026652351755556487,0.7712279986905194,ok,True,True,extraction,
spx,6071,2024-02-22,5559,6070,512,-1.3880159870738364,linear,52,0,52,52,0,52,0.1,0.1015625,0.1015625,0.6965739390400933,6.965739390400933e-07,mle,0.026652351755556487,0.7712279986905194,ok,True,True,extraction,
spx,6072,2024-02-23,5560,6071,512,-1.3880159870738364,linear,52,0,52,52,0,52,0.1,0.1015625,0.1015625,0.7001760890964408,7.001760890964408e-07,mle,0.026652351755556487,0.7712279986905194,ok,True,True,extraction,
spx,6073,2024-02-26,5561,6072,512,-1.3880159870738364,linear,52,0,52,52,0,52,0.1,0.1015625,0.1015625,0.6988314109234053,6.988314109234052e-07,mle,0.026652351755556487,0.7712279986905194,ok,True,True,extraction,
spx,6074,2024-02-27,5562,6073,512,-1.3880159870738364,linear,52,0,52,52,0,52,0.1,0.1015625,0.1015625,0.6955333125407226,6.955333125407225e-07,mle,0.026652351755556487,0.7712279986905194,ok,True,True,extraction,
spx,6075,2024-02-28,5563,6074,512,-1.383231721908882,linear,52,0,52,52,0,52,0.1,0.1015625,0.1015625,0.6943659449410191,6.943659449410191e-07,mle,0.05949329574501421,0.7423395371124515,ok,True,True,extraction,
spx,6076,2024-02-29,5564,6075,512,-1.37466838762617,linear,52,0,52,52,0,52,0.1,0.1015625,0.1015625,0.6894477894013217,6.894477894013216e-07,mle,0.09066034765622918,0.7173667156165354,ok,True,True,extraction,
spx,6077,2024-03-01,5565,6076,512,-1.37466838762617,linear,52,0,52,52,0,52,0.1,0.1015625,0.1015625,0.6844199061083294,6.844199061083293e-07,mle,0.09066034765622918,0.7173667156165354,ok,True,True,extraction,
spx,6078,2024-03-04,5566,6077,512,-1.37466838762617,linear,52,0,52,52,0,52,0.1,0.1015625,0.1015625,0.6844199061083294,6.844199061083293e-07,mle,0.09066034765622918,0.7173667156165354,ok,True,True,extraction,
spx,6079,2024-03-05,5567,6078,512,-1.37466838762617,linear,52,0,52,52,0,52,0.1,0.1015625,0.1015625,0.6894477894013217,6.894477894013216e-07,mle,0.09066034765622918,0.7173667156165354,ok,True,True,extraction,
spx,6080,2024-03-06,5568,6079,512,-1.3543459410722398,linear,52,0,52,52,0,52,0.1,0.1015625,0.1015625,0.6894477894013217,6.894477894013216e-07,mle,0.09671860366664634,0.7175894392888985,ok,True,True,extraction,
spx,6081,2024-03-07,5569,6080,512,-1.3543459410722398,linear,52,0,52,52,0,52,0.1,0.1015625,0.1015625,0.6817731128028739,6.817731128028739e-07,mle,0.09671860366664634,0.7175894392888985,ok,True,True,extraction,
spx,6082,2024-03-08,5570,6081,512,-1.3543459410722398,linear,52,0,52,52,0,52,0.1,0.1015625,0.1015625,0.680431296757624,6.80431296757624e-07,mle,0.09671860366664634,0.7175894392888985,ok,True,True,extraction,
spx,6083,2024-03-11,5571,6082,512,-1.3446724357565973,linear,52,0,52,52,0,52,0.1,0.1015625,0.1015625,0.6799429537169543,6.799429537169543e-07,mle,0.12264993393337045,0.6984193261759146,ok,True,True,extraction,
spx,6084,2024-03-12,5572,6083,512,-1.3446724357565973,linear,52,0,52,52,0,52,0.1,0.1015625,0.1015625,0.6764076482195072,6.764076482195071e-07,mle,0.12264993393337045,0.6984193261759146,ok,True,True,extraction,
spx,6085,2024-03-13,5573,6084,512,-1.3446724357565973,linear,52,0,52,52,0,52,0.1,0.1015625,0.1015625,0.6764076482195072,6.764076482195071e-07,mle,0.12264993393337045,0.6984193261759146,ok,True,True,extraction,
spx,6086,2024-03-14,5574,6085,512,-1.3446724357565973,linear,52,0,52,52,0,52,0.1,0.1015625,0.1015625,0.6764076482195072,6.764076482195071e-07,mle,0.12264993393337045,0.6984193261759146,ok,True,True,extraction,
spx,6087,2024-03-15,5575,6086,512,-1.3052840277087212,linear,52,0,52,52,0,52,0.1,0.1015625,0.1015625,0.6739548986913971,6.739548986913971e-07,mle,0.016515988439213772,0.8126365422713604,ok,True,True,extraction,
spx,6088,2024-03-18,5576,6087,512,-1.3052840277087212,linear,52,0,52,52,0,52,0.1,0.1015625,0.1015625,0.6710601380374213,6.710601380374212e-07,mle,0.016515988439213772,0.8126365422713604,ok,True,True,extraction,
spx,6089,2024-03-19,5577,6088,512,-1.3052840277087212,linear,52,0,52,52,0,52,0.1,0.1015625,0.1015625,0.6734665556507273,6.734665556507273e-07,mle,0.016515988439213772,0.8126365422713604,ok,True,True,extraction,
spx,6090,2024-03-20,5578,6089,512,-1.3052840277087212,linear,52,0,52,52,0,52,0.1,0.1015625,0.1015625,0.6691810358378053,6.691810358378053e-07,mle,0.016515988439213772,0.8126365422713604,ok,True,True,extraction,
spx,6091,2024-03-21,5579,6090,512,-1.3040043911218218,linear,52,0,52,52,0,52,0.1,0.1015625,0.1015625,0.6695797588083408,6.695797588083408e-07,mle,0.10543488333953359,0.7137742437313302,ok,True,True,extraction,
spx,6092,2024-03-22,5580,6091,512,-1.3040043911218218,linear,52,0,52,52,0,52,0.1,0.1015625,0.1015625,0.6679828859768726,6.679828859768726e-07,mle,0.10543488333953359,0.7137742437313302,ok,True,True,extraction,
spx,6093,2024-03-25,5581,6092,512,-1.3040043911218218,linear,52,0,52,52,0,52,0.1,0.1015625,0.1015625,0.6668860292221717,6.668860292221716e-07,mle,0.10543488333953359,0.7137742437313302,ok,True,True,extraction,
spx,6094,2024-03-26,5582,6093,512,-1.3040043911218218,linear,52,0,52,52,0,52,0.1,0.1015625,0.1015625,0.6668860292221717,6.668860292221716e-07,mle,0.10543488333953359,0.7137742437313302,ok,True,True,extraction,
spx,6095,2024-03-27,5583,6094,512,-1.2952050761350573,linear,52,0,52,52,0,52,0.1,0.1015625,0.1015625,0.6625284843363719,6.625284843363719e-07,mle,0.07690199603331652,0.7432469844447367,ok,True,True,extraction,
spx,6096,2024-03-28,5584,6095,512,-1.2952050761350573,linear,52,0,52,52,0,52,0.1,0.1015625,0.1015625,0.6639545389951422,6.639545389951422e-07,mle,0.07690199603331652,0.7432469844447367,ok,True,True,extraction,
spx,6097,2024-04-01,5585,6096,512,-1.2952050761350573,linear,52,0,52,52,0,52,0.1,0.1015625,0.1015625,0.6613905594605861,6.613905594605861e-07,mle,0.07690199603331652,0.7432469844447367,ok,True,True,extraction,
spx,6098,2024-04-02,5586,6097,512,-1.2952050761350573,linear,52,0,52,52,0,52,0.1,0.1015625,0.1015625,0.6559690862298848,6.559690862298848e-07,mle,0.07690199603331652,0.7432469844447367,ok,True,True,extraction,
spx,6099,2024-04-03,5587,6098,512,-1.2952050761350573,linear,52,0,52,52,0,52,0.1,0.1015625,0.1015625,0.6585478530143687,6.585478530143686e-07,mle,0.07690199603331652,0.7432469844447367,ok,True,True,extraction,
spx,6100,2024-04-04,5588,6099,512,-1.2952050761350573,linear,52,0,52,52,0,52,0.1,0.1015625,0.1015625,0.6570447057746116,6.570447057746116e-07,mle,0.07690199603331652,0.7432469844447367,ok,True,True,extraction,
spx,6101,2024-04-05,5589,6100,512,-1.2952050761350573,linear,52,0,52,52,0,52,0.1,0.1015625,0.1015625,0.6585478530143687,6.585478530143686e-07,mle,0.07690199603331652,0.7432469844447367,ok,True,True,extraction,
spx,6102,2024-04-08,5590,6101,512,-1.2952050761350573,linear,52,0,52,52,0,52,0.1,0.1015625,0.1015625,0.6585478530143687,6.585478530143686e-07,mle,0.07690199603331652,0.7432469844447367,ok,True,True,extraction,
spx,6103,2024-04-09,5591,6102,512,-1.2952050761350573,linear,52,0,52,52,0,52,0.1,0.1015625,0.1015625,0.6570447057746116,6.570447057746116e-07,mle,0.07690199603331652,0.7432469844447367,ok,True,True,extraction,
spx,6104,2024-04-10,5592,6103,512,-1.2952050761350573,linear,52,0,52,52,0,52,0.1,0.1015625,0.1015625,0.653449811762892,6.534498117628919e-07,mle,0.07690199603331652,0.7432469844447367,ok,True,True,extraction,
spx,6105,2024-04-11,5593,6104,512,-1.2952050761350573,linear,52,0,52,52,0,52,0.1,0.1015625,0.1015625,0.6546494870090057,6.546494870090056e-07,mle,0.07690199603331652,0.7432469844447367,ok,True,True,extraction,
spx,6106,2024-04-12,5594,6105,512,-1.2952050761350573,linear,52,0,52,52,0,52,0.1,0.1015625,0.1015625,0.6546494870090057,6.546494870090056e-07,mle,0.07690199603331652,0.7432469844447367,ok,True,True,extraction,
spx,6107,2024-04-15,5595,6106,512,-1.3046605255067283,linear,52,0,52,52,0,52,0.1,0.1015625,0.1015625,0.6509895534871848,6.509895534871848e-07,mle,0.08705537590634221,0.7297354539388434,ok,True,True,extraction,
spx,6108,2024-04-16,5596,6107,512,-1.3046605255067283,linear,52,0,52,52,0,52,0.1,0.1015625,0.1015625,0.6532845601028183,6.532845601028183e-07,mle,0.08705537590634221,0.7297354539388434,ok,True,True,extraction,
spx,6109,2024-04-17,5597,6108,512,-1.2952050761350573,linear,52,0,52,52,0,52,0.1,0.1015625,0.1015625,0.6509895534871848,6.509895534871848e-07,mle,0.0889435720545214,0.7320726828356124,ok,True,True,extraction,
spx,6110,2024-04-18,5598,6109,512,-1.2952050761350573,linear,52,0,52,52,0,52,0.1,0.1015625,0.1015625,0.6486417835471001,6.486417835471e-07,mle,0.0889435720545214,0.7320726828356124,ok,True,True,extraction,
spx,6111,2024-04-19,5599,6110,512,-1.2952050761350573,linear,52,0,52,52,0,52,0.1,0.1015625,0.1015625,0.6442011661836612,6.442011661836612e-07,mle,0.0889435720545214,0.7320726828356124,ok,True,True,extraction,
spx,6112,2024-04-22,5600,6111,512,-1.2952050761350573,linear,52,0,52,52,0,52,0.1,0.1015625,0.1015625,0.6442011661836612,6.442011661836612e-07,mle,0.0889435720545214,0.7320726828356124,ok,True,True,extraction,
spx,6113,2024-04-23,5601,6112,512,-1.2952050761350573,linear,52,0,52,52,0,52,0.1,0.1015625,0.1015625,0.6463467769314666,6.463467769314666e-07,mle,0.0889435720545214,0.7320726828356124,ok,True,True,extraction,
spx,6114,2024-04-24,5602,6113,512,-1.2952050761350573,linear,52,0,52,52,0,52,0.1,0.1015625,0.1015625,0.6486417835471001,6.486417835471e-07,mle,0.0889435720545214,0.7320726828356124,ok,True,True,extraction,
spx,6115,2024-04-25,5603,6114,512,-1.2952050761350573,linear,52,0,52,52,0,52,0.1,0.1015625,0.1015625,0.6509895534871848,6.509895534871848e-07,mle,0.0889435720545214,0.7320726828356124,ok,True,True,extraction,
spx,6116,2024-04-26,5604,6115,512,-1.263973783846655,linear,52,0,52,52,0,52,0.1,0.1015625,0.1015625,0.6479053840712955,6.479053840712954e-07,mle,0.03781886306759412,0.7934996597616317,ok,True,True,extraction,
spx,6117,2024-04-29,5605,6116,512,-1.263973783846655,linear,52,0,52,52,0,52,0.1,0.1015625,0.1015625,0.6546494870090057,6.546494870090056e-07,mle,0.03781886306759412,0.7934996597616317,ok,True,True,extraction,
spx,6118,2024-04-30,5606,6117,512,-1.263973783846655,linear,52,0,52,52,0,52,0.1,0.1015625,0.1015625,0.6517179967819762,6.517179967819762e-07,mle,0.03781886306759412,0.7934996597616317,ok,True,True,extraction,
spx,6119,2024-05-01,5607,6118,512,-1.2952050761350573,linear,52,0,52,52,0,52,0.1,0.1015625,0.1015625,0.6517179967819762,6.517179967819762e-07,mle,0.10028136886063804,0.7215326130676827,ok,True,True,extraction,
spx,6120,2024-05-02,5608,6119,512,-1.2952050761350573,linear,52,0,52,52,0,52,0.1,0.1015625,0.1015625,0.6517179967819762,6.517179967819762e-07,mle,0.10028136886063804,0.7215326130676827,ok,True,True,extraction,
spx,6121,2024-05-03,5609,6120,512,-1.2952050761350573,linear,52,0,52,52,0,52,0.1,0.1015625,0.1015625,0.6517179967819762,6.517179967819762e-07,mle,0.10028136886063804,0.7215326130676827,ok,True,True,extraction,
spx,6122,2024-05-06,5610,6121,512,-1.2952050761350573,linear,52,0,52,52,0,52,0.1,0.1015625,0.1015625,0.6570447057746116,6.570447057746116e-07,mle,0.10028136886063804,0.7215326130676827,ok,True,True,extraction,
spx,6123,2024-05-07,5611,6122,512,-1.263973783846655,linear,52,0,52,52,0,52,0.1,0.1015625,0.1015625,0.654952959002649,6.54952959002649e-07,mle,0.028662974385689113,0.8027990609709913,ok,True,True,extraction,
spx,6124,2024-05-08,5612,6123,512,-1.2393346641585417,linear,52,0,52,52,0,52,0.1,0.1015625,0.1015625,0.651422125034769,6.51422125034769e-07,mle,0.04487085531342981,0.7842651323331351,ok,True,True,extraction,
spx,6125,2024-05-09,5613,6124,512,-1.2393346641585417,linear,52,0,52,52,0,52,0.1,0.1015625,0.1015625,0.654680437110631,6.546804371106309e-07,mle,0.04487085531342981,0.7842651323331351,ok,True,True,extraction,
spx,6126,2024-05-10,5614,6125,512,-1.2220150836990455,linear,52,0,52,52,0,52,0.1,0.1015625,0.1015625,0.649481812698105,6.494818126981049e-07,mle,0.07620574685225642,0.7463131195533832,ok,True,True,extraction,
spx,6127,2024-05-13,5615,6126,512,-1.2220150836990455,linear,52,0,52,52,0,52,0.1,0.1015625,0.1015625,0.649481812698105,6.494818126981049e-07,mle,0.07620574685225642,0.7463131195533832,ok,True,True,extraction,
spx,6128,2024-05-14,5616,6127,512,-1.2220150836990455,linear,52,0,52,52,0,52,0.1,0.1015625,0.1015625,0.6441551037054696,6.441551037054696e-07,mle,0.07620574685225642,0.7463131195533832,ok,True,True,extraction,
spx,6129,2024-05-15,5617,6128,512,-1.2094123253008136,linear,52,0,52,52,0,52,0.1,0.1015625,0.1015625,0.6427495910548684,6.427495910548684e-07,mle,0.090855102988131,0.702728295638078,ok,True,True,extraction,
spx,6130,2024-05-16,5618,6129,512,-1.2094123253008136,linear,52,0,52,52,0,52,0.1,0.1015625,0.1015625,0.6464085096028578,6.464085096028577e-07,mle,0.090855102988131,0.702728295638078,ok,True,True,extraction,
spx,6131,2024-05-17,5619,6130,512,-1.2094123253008136,linear,52,0,52,52,0,52,0.1,0.1015625,0.1015625,0.6441551037054696,6.441551037054696e-07,mle,0.090855102988131,0.702728295638078,ok,True,True,extraction,
spx,6132,2024-05-20,5620,6131,512,-1.2094123253008136,linear,52,0,52,52,0,52,0.1,0.1015625,0.1015625,0.6427495910548684,6.427495910548684e-07,mle,0.090855102988131,0.702728295638078,ok,True,True,extraction,
spx,6133,2024-05-21,5621,6132,512,-1.2074431519212232,linear,52,0,52,52,0,52,0.1,0.1015625,0.1015625,0.6374180037190855,6.374180037190855e-07,mle,0.12466975150323731,0.6384729982527545,ok,True,True,extraction,
spx,6134,2024-05-22,5622,6133,512,-1.2074431519212232,linear,52,0,52,52,0,52,0.1,0.1015625,0.1015625,0.6374180037190855,6.374180037190855e-07,mle,0.12466975150323731,0.6384729982527545,ok,True,True,extraction,
spx,6135,2024-05-23,5623,6134,512,-1.18841599986721,linear,52,0,52,52,0,52,0.1,0.1015625,0.1015625,0.6358162533328273,6.358162533328273e-07,mle,0.12265398020042081,0.6212505570917046,ok,True,True,extraction,
spx,6136,2024-05-24,5624,6135,512,-1.18841599986721,linear,52,0,52,52,0,52,0.1,0.1015625,0.1015625,0.6374180037190855,6.374180037190855e-07,mle,0.12265398020042081,0.6212505570917046,ok,True,True,extraction,
spx,6137,2024-05-28,5625,6136,512,-1.170787289086862,linear,52,0,52,52,0,52,0.1,0.1015625,0.1015625,0.6374180037190855,6.374180037190855e-07,mle,0.11791950232128363,0.6317322189830059,ok,True,True,extraction,
spx,6138,2024-05-29,5626,6137,512,-1.170787289086862,linear,52,0,52,52,0,52,0.1,0.1015625,0.1015625,0.6382405029667035,6.382405029667035e-07,mle,0.11791950232128363,0.6317322189830059,ok,True,True,extraction,
spx,6139,2024-05-30,5627,6138,512,-1.170787289086862,linear,52,0,52,52,0,52,0.1,0.1015625,0.1015625,0.6374180037190855,6.374180037190855e-07,mle,0.11791950232128363,0.6317322189830059,ok,True,True,extraction,
spx,6140,2024-05-31,5628,6139,512,-1.170787289086862,linear,52,0,52,52,0,52,0.1,0.1015625,0.1015625,0.6374180037190855,6.374180037190855e-07,mle,0.11791950232128363,0.6317322189830059,ok,True,True,extraction,
spx,6141,2024-06-03,5629,6140,512,-1.170787289086862,linear,52,0,52,52,0,52,0.1,0.1015625,0.1015625,0.6374180037190855,6.374180037190855e-07,mle,0.11791950232128363,0.6317322189830059,ok,True,True,extraction,
spx,6142,2024-06-04,5630,6141,512,-1.1650329952124259,linear,52,0,52,52,0,52,0.1,0.1015625,0.1015625,0.6358162533328273,6.358162533328273e-07,mle,0.10042746152882012,0.5975652255214731,ok,True,True,extraction,
spx,6143,2024-06-05,5631,6142,512,-1.1650329952124259,linear,52,0,52,52,0,52,0.1,0.1015625,0.1015625,0.6363998333682666,6.363998333682665e-07,mle,0.10042746152882012,0.5975652255214731,ok,True,True,extraction,
spx,6144,2024-06-06,5632,6143,512,-1.1650329952124259,linear,52,0,52,52,0,52,0.1,0.1015625,0.1015625,0.641086401136836,6.41086401136836e-07,mle,0.10042746152882012,0.5975652255214731,ok,True,True,extraction,
spx,6145,2024-06-07,5633,6144,512,-1.1650329952124259,linear,52,0,52,52,0,52,0.1,0.1015625,0.1015625,0.6363998333682666,6.363998333682665e-07,mle,0.10042746152882012,0.5975652255214731,ok,True,True,extraction,
spx,6146,2024-06-10,5634,6145,512,-1.1650329952124259,linear,52,0,52,52,0,52,0.1,0.1015625,0.1015625,0.634507596681345,6.34507596681345e-07,mle,0.10042746152882012,0.5975652255214731,ok,True,True,extraction,
spx,6147,2024-06-11,5635,6146,512,-1.1650329952124259,linear,52,0,52,52,0,52,0.1,0.1015625,0.1015625,0.6330041752139206,6.330041752139206e-07,mle,0.10042746152882012,0.5975652255214731,ok,True,True,extraction,
spx,6148,2024-06-12,5636,6147,512,-1.1650329952124259,linear,52,0,52,52,0,52,0.1,0.1015625,0.1015625,0.6296998258809996,6.296998258809996e-07,mle,0.10042746152882012,0.5975652255214731,ok,True,True,extraction,
spx,6149,2024-06-13,5637,6148,512,-1.1650329952124259,linear,52,0,52,52,0,52,0.1,0.1015625,0.1015625,0.6296998258809996,6.296998258809996e-07,mle,0.10042746152882012,0.5975652255214731,ok,True,True,extraction,
spx,6150,2024-06-14,5638,6149,512,-1.1650329952124259,linear,52,0,52,52,0,52,0.1,0.1015625,0.1015625,0.6290962208098317,6.290962208098317e-07,mle,0.10042746152882012,0.5975652255214731,ok,True,True,extraction,
spx,6151,2024-06-17,5639,6150,512,-1.1650329952124259,linear,52,0,52,52,0,52,0.1,0.1015625,0.1015625,0.6269008629879635,6.269008629879635e-07,mle,0.10042746152882012,0.5975652255214731,ok,True,True,extraction,
spx,6152,2024-06-18,5640,6151,512,-1.1650329952124259,linear,52,0,52,52,0,52,0.1,0.1015625,0.1015625,0.6269008629879635,6.269008629879635e-07,mle,0.10042746152882012,0.5975652255214731,ok,True,True,extraction,
spx,6153,2024-06-20,5641,6152,512,-1.1617359716413171,linear,52,0,52,52,0,52,0.1,0.1015625,0.1015625,0.6201403312802489,6.201403312802489e-07,mle,0.12951232210417812,0.5738699887643499,ok,True,True,extraction,
spx,6154,2024-06-21,5642,6153,512,-1.1617359716413171,linear,52,0,52,52,0,52,0.1,0.1015625,0.1015625,0.6212210004999688,6.212210004999687e-07,mle,0.12951232210417812,0.5738699887643499,ok,True,True,extraction,
spx,6155,2024-06-24,5643,6154,512,-1.1617359716413171,linear,52,0,52,52,0,52,0.1,0.1015625,0.1015625,0.6133962283425387,6.133962283425386e-07,mle,0.12951232210417812,0.5738699887643499,ok,True,True,extraction,
spx,6156,2024-06-25,5644,6155,512,-1.1617359716413171,linear,52,0,52,52,0,52,0.1,0.1015625,0.1015625,0.6056011991821493,6.056011991821492e-07,mle,0.12951232210417812,0.5738699887643499,ok,True,True,extraction,
spx,6157,2024-06-26,5645,6156,512,-1.1608750105389578,linear,52,0,52,52,0,52,0.1,0.1015625,0.1015625,0.604777965724232,6.04777965724232e-07,mle,0.18286181457917033,0.5217595245542984,ok,True,True,extraction,
spx,6158,2024-06-27,5646,6157,512,-1.1573203111287942,linear,52,0,52,52,0,52,0.1,0.1015625,0.1015625,0.6030379431921216,6.030379431921216e-07,mle,0.2118311027998347,0.47954923020756146,ok,True,True,extraction,
spx,6159,2024-06-28,5647,6158,512,-1.13776564249946,linear,52,0,52,52,0,52,0.1,0.1015625,0.1015625,0.6013692603830142,6.013692603830142e-07,mle,0.13936331311807598,0.4902615884919186,ok,True,True,extraction,
spx,6160,2024-07-01,5648,6159,512,-1.13776564249946,linear,52,0,52,52,0,52,0.1,0.1015625,0.1015625,0.6013692603830142,6.013692603830142e-07,mle,0.13936331311807598,0.4902615884919186,ok,True,True,extraction,
spx,6161,2024-07-02,5649,6160,512,-1.13776564249946,linear,52,0,52,52,0,52,0.1,0.1015625,0.1015625,0.5965457754794138,5.965457754794137e-07,mle,0.13936331311807598,0.4902615884919186,ok,True,True,extraction,
spx,6162,2024-07-03,5650,6161,512,-1.1331050139768792,linear,52,0,52,52,0,52,0.1,0.1015625,0.1015625,0.588005988132934,5.88005988132934e-07,mle,0.13448756697710962,0.46037665273688494,ok,True,True,extraction,
spx,6163,2024-07-05,5651,6162,512,-1.1331050139768792,linear,52,0,52,52,0,52,0.1,0.1015625,0.1015625,0.588005988132934,5.88005988132934e-07,mle,0.13448756697710962,0.46037665273688494,ok,True,True,extraction,
spx,6164,2024-07-08,5652,6163,512,-1.1331050139768792,linear,52,0,52,52,0,52,0.1,0.1015625,0.1015625,0.5853628091607176,5.853628091607175e-07,mle,0.13448756697710962,0.46037665273688494,ok,True,True,extraction,
spx,6165,2024-07-09,5653,6164,512,-1.1331050139768792,linear,52,0,52,52,0,52,0.1,0.1015625,0.1015625,0.5806176806209213,5.806176806209213e-07,mle,0.13448756697710962,0.46037665273688494,ok,True,True,extraction,
spx,6166,2024-07-10,5654,6165,512,-1.1331050139768792,linear,52,0,52,52,0,52,0.1,0.1015625,0.1015625,0.5779902666447602,5.779902666447602e-07,mle,0.13448756697710962,0.46037665273688494,ok,True,True,extraction,
spx,6167,2024-07-11,5655,6166,512,-1.1331050139768792,linear,52,0,52,52,0,52,0.1,0.1015625,0.1015625,0.5779902666447602,5.779902666447602e-07,mle,0.13448756697710962,0.46037665273688494,ok,True,True,extraction,
spx,6168,2024-07-12,5656,6167,512,-1.1331050139768792,linear,52,0,52,52,0,52,0.1,0.1015625,0.1015625,0.5806176806209213,5.806176806209213e-07,mle,0.13448756697710962,0.46037665273688494,ok,True,True,extraction,
spx,6169,2024-07-15,5657,6168,512,-1.1276945886057035,linear,52,0,52,52,0,52,0.1,0.1015625,0.1015625,0.5778635302702828,5.778635302702828e-07,mle,0.16423219852898452,0.43493711926959866,ok,True,True,extraction,
spx,6170,2024-07-16,5658,6169,512,-1.1276945886057035,linear,52,0,52,52,0,52,0.1,0.1015625,0.1015625,0.5742790240954068,5.742790240954067e-07,mle,0.16423219852898452,0.43493711926959866,ok,True,True,extraction,
spx,6171,2024-07-17,5659,6170,512,-1.1276945886057035,linear,52,0,52,52,0,52,0.1,0.1015625,0.1015625,0.5700272815836583,5.700272815836583e-07,mle,0.16423219852898452,0.43493711926959866,ok,True,True,extraction,
spx,6172,2024-07-18,5660,6171,512,-1.1331050139768792,linear,52,0,52,52,0,52,0.1,0.1015625,0.1015625,0.5700272815836583,5.700272815836583e-07,mle,0.15332035379802617,0.44011253695440633,ok,True,True,extraction,
spx,6173,2024-07-19,5661,6172,512,-1.1331050139768792,linear,52,0,52,52,0,52,0.1,0.1015625,0.1015625,0.5814068169189237,5.814068169189237e-07,mle,0.15332035379802617,0.44011253695440633,ok,True,True,extraction,
spx,6174,2024-07-22,5662,6173,512,-1.1331050139768792,linear,52,0,52,52,0,52,0.1,0.1015625,0.1015625,0.5841609672695622,5.841609672695622e-07,mle,0.15332035379802617,0.44011253695440633,ok,True,True,extraction,
spx,6175,2024-07-23,5663,6174,512,-1.1331050139768792,linear,52,0,52,52,0,52,0.1,0.1015625,0.1015625,0.5841609672695622,5.841609672695622e-07,mle,0.15332035379802617,0.44011253695440633,ok,True,True,extraction,
spx,6176,2024-07-24,5664,6175,512,-1.1331050139768792,linear,52,0,52,52,0,52,0.1,0.1015625,0.1015625,0.5841609672695622,5.841609672695622e-07,mle,0.15332035379802617,0.44011253695440633,ok,True,True,extraction,
spx,6177,2024-07-25,5665,6176,512,-1.1331050139768792,linear,52,0,52,52,0,52,0.1,0.1015625,0.1015625,0.5841609672695622,5.841609672695622e-07,mle,0.11685869407770294,0.4788755464335812,ok,True,True,extraction,
spx,6178,2024-07-26,5666,6177,512,-1.1331050139768792,linear,52,0,52,52,0,52,0.1,0.1015625,0.1015625,0.5806176806209213,5.806176806209213e-07,mle,0.11685869407770294,0.4788755464335812,ok,True,True,extraction,
spx,6179,2024-07-29,5667,6178,512,-1.1331050139768792,linear,52,0,52,52,0,52,0.1,0.1015625,0.1015625,0.5856585594306722,5.856585594306722e-07,mle,0.11685869407770294,0.4788755464335812,ok,True,True,extraction,
spx,6180,2024-07-30,5668,6179,512,-1.1331050139768792,linear,52,0,52,52,0,52,0.1,0.1015625,0.1015625,0.5856585594306722,5.856585594306722e-07,mle,0.11685869407770294,0.4788755464335812,ok,True,True,extraction,
spx,6181,2024-07-31,5669,6180,512,-1.1331050139768792,linear,52,0,52,52,0,52,0.1,0.1015625,0.1015625,0.5814068169189237,5.814068169189237e-07,mle,0.11685869407770294,0.4788755464335812,ok,True,True,extraction,
spx,6182,2024-08-01,5670,6181,512,-1.1331050139768792,linear,52,0,52,52,0,52,0.1,0.1015625,0.1015625,0.5804986920702752,5.804986920702752e-07,mle,0.11685869407770294,0.4788755464335812,ok,True,True,extraction,
spx,6183,2024-08-02,5671,6182,512,-1.13776564249946,linear,52,0,52,52,0,52,0.1,0.1015625,0.1015625,0.5814068169189237,5.814068169189237e-07,mle,0.10771539793539914,0.4837055584314166,ok,True,True,extraction,
spx,6184,2024-08-05,5672,6183,512,-1.1587535556151973,linear,52,0,52,52,0,52,0.1,0.1015625,0.1015625,0.5841609672695622,5.841609672695622e-07,mle,0.11600965954340584,0.47297377576980104,ok,True,True,extraction,
spx,6185,2024-08-06,5673,6184,512,-1.1617359716413171,linear,52,0,52,52,0,52,0.1,0.1015625,0.1015625,0.588005988132934,5.88005988132934e-07,mle,0.10275926624981668,0.5100082801693966,ok,True,True,extraction,
spx,6186,2024-08-07,5674,6185,512,-1.1617359716413171,linear,52,0,52,52,0,52,0.1,0.1015625,0.1015625,0.5841609672695622,5.841609672695622e-07,mle,0.10275926624981668,0.5100082801693966,ok,True,True,extraction,
spx,6187,2024-08-08,5675,6186,512,-1.1617359716413171,linear,52,0,52,52,0,52,0.1,0.1015625,0.1015625,0.5922550807362272,5.922550807362272e-07,mle,0.10275926624981668,0.5100082801693966,ok,True,True,extraction,
spx,6188,2024-08-09,5676,6187,512,-1.1594552673301786,linear,52,0,52,52,0,52,0.1,0.1015625,0.1015625,0.5896119017640109,5.896119017640109e-07,mle,0.09761640854972362,0.5149454442871315,ok,True,True,extraction,
spx,6189,2024-08-12,5677,6188,512,-1.1594552673301786,linear,52,0,52,52,0,52,0.1,0.1015625,0.1015625,0.5841609672695622,5.841609672695622e-07,mle,0.09761640854972362,0.5149454442871315,ok,True,True,extraction,
spx,6190,2024-08-13,5678,6189,512,-1.1594552673301786,linear,52,0,52,52,0,52,0.1,0.1015625,0.1015625,0.5853628091607176,5.853628091607175e-07,mle,0.09761640854972362,0.5149454442871315,ok,True,True,extraction,
spx,6191,2024-08-14,5679,6190,512,-1.1594552673301786,linear,52,0,52,52,0,52,0.1,0.1015625,0.1015625,0.5853628091607176,5.853628091607175e-07,mle,0.09761640854972362,0.5149454442871315,ok,True,True,extraction,
spx,6192,2024-08-15,5680,6191,512,-1.1594552673301786,linear,52,0,52,52,0,52,0.1,0.1015625,0.1015625,0.5806176806209213,5.806176806209213e-07,mle,0.09761640854972362,0.5149454442871315,ok,True,True,extraction,
spx,6193,2024-08-16,5681,6192,512,-1.1594552673301786,linear,52,0,52,52,0,52,0.1,0.1015625,0.1015625,0.5814068169189237,5.814068169189237e-07,mle,0.09761640854972362,0.5149454442871315,ok,True,True,extraction,
spx,6194,2024-08-19,5682,6193,512,-1.1594552673301786,linear,52,0,52,52,0,52,0.1,0.1015625,0.1015625,0.5762469495585267,5.762469495585267e-07,mle,0.09761640854972362,0.5149454442871315,ok,True,True,extraction,
spx,6195,2024-08-20,5683,6194,512,-1.1594552673301786,linear,52,0,52,52,0,52,0.1,0.1015625,0.1015625,0.5804986920702752,5.804986920702752e-07,mle,0.09761640854972362,0.5149454442871315,ok,True,True,extraction,
spx,6196,2024-08-21,5684,6195,512,-1.1594552673301786,linear,52,0,52,52,0,52,0.1,0.1015625,0.1015625,0.5804986920702752,5.804986920702752e-07,mle,0.09761640854972362,0.5149454442871315,ok,True,True,extraction,
spx,6197,2024-08-22,5685,6196,512,-1.1594552673301786,linear,52,0,52,52,0,52,0.1,0.1015625,0.1015625,0.5804986920702752,5.804986920702752e-07,mle,0.09761640854972362,0.5149454442871315,ok,True,True,extraction,
spx,6198,2024-08-23,5686,6197,512,-1.1594552673301786,linear,52,0,52,52,0,52,0.1,0.1015625,0.1015625,0.5872427950079854,5.872427950079854e-07,mle,0.09761640854972362,0.5149454442871315,ok,True,True,extraction,
spx,6199,2024-08-26,5687,6198,512,-1.1594552673301786,linear,52,0,52,52,0,52,0.1,0.1015625,0.1015625,0.5872427950079854,5.872427950079854e-07,mle,0.09761640854972362,0.5149454442871315,ok,True,True,extraction,
spx,6200,2024-08-27,5688,6199,512,-1.1594552673301786,linear,52,0,52,52,0,52,0.1,0.1015625,0.1015625,0.5872427950079854,5.872427950079854e-07,mle,0.09761640854972362,0.5149454442871315,ok,True,True,extraction,
spx,6201,2024-08-28,5689,6200,512,-1.1594552673301786,linear,52,0,52,52,0,52,0.1,0.1015625,0.1015625,0.5804986920702752,5.804986920702752e-07,mle,0.09761640854972362,0.5149454442871315,ok,True,True,extraction,
spx,6202,2024-08-29,5690,6201,512,-1.1594552673301786,linear,52,0,52,52,0,52,0.1,0.1015625,0.1015625,0.5856585594306722,5.856585594306722e-07,mle,0.09761640854972362,0.5149454442871315,ok,True,True,extraction,
spx,6203,2024-08-30,5691,6202,512,-1.1594552673301786,linear,52,0,52,52,0,52,0.1,0.1015625,0.1015625,0.5856585594306722,5.856585594306722e-07,mle,0.09761640854972362,0.5149454442871315,ok,True,True,extraction,
spx,6204,2024-09-03,5692,6203,512,-1.1594552673301786,linear,52,0,52,52,0,52,0.1,0.1015625,0.1015625,0.5856585594306722,5.856585594306722e-07,mle,0.09761640854972362,0.5149454442871315,ok,True,True,extraction,
spx,6205,2024-09-04,5693,6204,512,-1.1650329952124259,linear,52,0,52,52,0,52,0.1,0.1015625,0.1015625,0.5884127097813108,5.884127097813107e-07,mle,0.06714273027738359,0.5444205427527233,ok,True,True,extraction,
spx,6206,2024-09-05,5694,6205,512,-1.1594552673301786,linear,52,0,52,52,0,52,0.1,0.1015625,0.1015625,0.5856585594306722,5.856585594306722e-07,mle,0.06633344517504422,0.547637698099765,ok,True,True,extraction,
spx,6207,2024-09-06,5695,6206,512,-1.13776564249946,linear,52,0,52,52,0,52,0.1,0.1015625,0.1015625,0.5814068169189237,5.814068169189237e-07,mle,0.06504600816108622,0.5501996971003085,ok,True,True,extraction,
spx,6208,2024-09-09,5696,6207,512,-1.1594552673301786,linear,52,0,52,52,0,52,0.1,0.1015625,0.1015625,0.5856585594306722,5.856585594306722e-07,mle,0.07430021597231937,0.5354609055892385,ok,True,True,extraction,
spx,6209,2024-09-10,5697,6208,512,-1.1594552673301786,linear,52,0,52,52,0,52,0.1,0.1015625,0.1015625,0.5884127097813108,5.884127097813107e-07,mle,0.07430021597231937,0.5354609055892385,ok,True,True,extraction,
spx,6210,2024-09-11,5698,6209,512,-1.1594552673301786,linear,52,0,52,52,0,52,0.1,0.1015625,0.1015625,0.5856585594306722,5.856585594306722e-07,mle,0.07430021597231937,0.5354609055892385,ok,True,True,extraction,
spx,6211,2024-09-12,5699,6210,512,-1.13776564249946,linear,52,0,52,52,0,52,0.1,0.1015625,0.1015625,0.5856585594306722,5.856585594306722e-07,mle,0.03647734136980701,0.5356804174309037,ok,True,True,extraction,
spx,6212,2024-09-13,5700,6211,512,-1.13776564249946,linear,52,0,52,52,0,52,0.1,0.1015625,0.1015625,0.5872427950079854,5.872427950079854e-07,mle,0.03647734136980701,0.5356804174309037,ok,True,True,extraction,
spx,6213,2024-09-16,5701,6212,512,-1.13776564249946,linear,52,0,52,52,0,52,0.1,0.1015625,0.1015625,0.581023127033117,5.810231270331169e-07,mle,0.03647734136980701,0.5356804174309037,ok,True,True,extraction,
spx,6214,2024-09-17,5702,6213,512,-1.13776564249946,linear,52,0,52,52,0,52,0.1,0.1015625,0.1015625,0.5747750626343475,5.747750626343475e-07,mle,0.03647734136980701,0.5356804174309037,ok,True,True,extraction,
spx,6215,2024-09-18,5703,6214,512,-1.13776564249946,linear,52,0,52,52,0,52,0.1,0.1015625,0.1015625,0.5742790240954068,5.742790240954067e-07,mle,0.03647734136980701,0.5356804174309037,ok,True,True,extraction,
spx,6216,2024-09-19,5704,6215,512,-1.13776564249946,linear,52,0,52,52,0,52,0.1,0.1015625,0.1015625,0.5713299591527933,5.713299591527933e-07,mle,0.03647734136980701,0.5356804174309037,ok,True,True,extraction,
spx,6217,2024-09-20,5705,6216,512,-1.13776564249946,linear,52,0,52,52,0,52,0.1,0.1015625,0.1015625,0.5747750626343475,5.747750626343475e-07,mle,0.03647734136980701,0.5356804174309037,ok,True,True,extraction,
spx,6218,2024-09-23,5706,6217,512,-1.13776564249946,linear,52,0,52,52,0,52,0.1,0.1015625,0.1015625,0.5713299591527933,5.713299591527933e-07,mle,0.03647734136980701,0.5356804174309037,ok,True,True,extraction,
spx,6219,2024-09-24,5707,6218,512,-1.13776564249946,linear,52,0,52,52,0,52,0.1,0.1015625,0.1015625,0.5670782166410449,5.670782166410448e-07,mle,0.03647734136980701,0.5356804174309037,ok,True,True,extraction,
spx,6220,2024-09-25,5708,6219,512,-1.13776564249946,linear,52,0,52,52,0,52,0.1,0.1015625,0.1015625,0.5602704518846369,5.602704518846369e-07,mle,0.03647734136980701,0.5356804174309037,ok,True,True,extraction,
spx,6221,2024-09-26,5709,6220,512,-1.13776564249946,linear,52,0,52,52,0,52,0.1,0.1015625,0.1015625,0.5587146942422022,5.587146942422022e-07,mle,0.03647734136980701,0.5356804174309037,ok,True,True,extraction,
spx,6222,2024-09-27,5710,6221,512,-1.1331050139768792,linear,52,0,52,52,0,52,0.1,0.1015625,0.1015625,0.5549555847674226,5.549555847674226e-07,mle,-0.1538356180502542,0.5750849813139463,ok,True,True,extraction,
spx,6223,2024-09-30,5711,6222,512,-1.1331050139768792,linear,52,0,52,52,0,52,0.1,0.1015625,0.1015625,0.5560594120280025,5.560594120280025e-07,mle,-0.1538356180502542,0.5750849813139463,ok,True,True,extraction,
spx,6224,2024-10-01,5712,6223,512,-1.1276945886057035,linear,52,0,52,52,0,52,0.1,0.1015625,0.1015625,0.5544353663411394,5.544353663411395e-07,mle,-0.16434257570822797,0.5864010600245712,ok,True,True,extraction,
spx,6225,2024-10-02,5713,6224,512,-1.1276945886057035,linear,52,0,52,52,0,52,0.1,0.1015625,0.1015625,0.5544353663411394,5.544353663411395e-07,mle,-0.16434257570822797,0.5864010600245712,ok,True,True,extraction,
spx,6226,2024-10-03,5714,6225,512,-1.1276945886057035,linear,52,0,52,52,0,52,0.1,0.1015625,0.1015625,0.5517420313802806,5.517420313802806e-07,mle,-0.16434257570822797,0.5864010600245712,ok,True,True,extraction,
spx,6227,2024-10-04,5715,6226,512,-1.1194473252651644,linear,52,0,52,52,0,52,0.1,0.1015625,0.1015625,0.54940221749029,5.4940221749029e-07,mle,-0.17958887972132412,0.6035099620102609,ok,True,True,extraction,
spx,6228,2024-10-07,5716,6227,512,-1.1136377838565588,linear,52,0,52,52,0,52,0.1,0.1015625,0.1015625,0.5495716214716255,5.495716214716255e-07,mle,-0.15626306745718704,0.5847459701430147,ok,True,True,extraction,
spx,6229,2024-10-08,5717,6228,512,-1.1136377838565588,linear,52,0,52,52,0,52,0.1,0.1015625,0.1015625,0.5495716214716255,5.495716214716255e-07,mle,-0.15626306745718704,0.5847459701430147,ok,True,True,extraction,
spx,6230,2024-10-09,5718,6229,512,-1.103680139975399,linear,52,0,52,52,0,52,0.1,0.1015625,0.1015625,0.5495716214716255,5.495716214716255e-07,mle,-0.13939443461802592,0.5736712675015527,ok,True,True,extraction,
spx,6231,2024-10-10,5719,6230,512,-1.103680139975399,linear,52,0,52,52,0,52,0.1,0.1015625,0.1015625,0.550997981430852,5.50997981430852e-07,mle,-0.13939443461802592,0.5736712675015527,ok,True,True,extraction,
spx,6232,2024-10-11,5720,6231,512,-1.103680139975399,linear,52,0,52,52,0,52,0.1,0.1015625,0.1015625,0.550997981430852,5.50997981430852e-07,mle,-0.13939443461802592,0.5736712675015527,ok,True,True,extraction,
spx,6233,2024-10-14,5721,6232,512,-1.103680139975399,linear,52,0,52,52,0,52,0.1,0.1015625,0.1015625,0.5483426992166522,5.483426992166522e-07,mle,-0.13939443461802592,0.5736712675015527,ok,True,True,extraction,
spx,6234,2024-10-15,5722,6233,512,-1.0637526740738354,linear,52,0,52,52,0,52,0.1,0.1015625,0.1015625,0.5452284082769276,5.452284082769276e-07,mle,-0.17015696952897727,0.6114896285060051,ok,True,True,extraction,
spx,6235,2024-10-16,5723,6234,512,-1.0574977421525311,linear,52,0,52,52,0,52,0.1,0.1015625,0.1015625,0.5452284082769276,5.452284082769276e-07,mle,-0.1558042452751957,0.6011881844465603,ok,True,True,extraction,
spx,6236,2024-10-17,5724,6235,512,-1.0574977421525311,linear,52,0,52,52,0,52,0.1,0.1015625,0.1015625,0.5417508771628028,5.417508771628027e-07,mle,-0.1558042452751957,0.6011881844465603,ok,True,True,extraction,
spx,6237,2024-10-18,5725,6236,512,-1.0574977421525311,linear,52,0,52,52,0,52,0.1,0.1015625,0.1015625,0.5391742324728737,5.391742324728736e-07,mle,-0.1558042452751957,0.6011881844465603,ok,True,True,extraction,
spx,6238,2024-10-21,5726,6237,512,-1.0574977421525311,linear,52,0,52,52,0,52,0.1,0.1015625,0.1015625,0.5400725883612161,5.40072588361216e-07,mle,-0.1558042452751957,0.6011881844465603,ok,True,True,extraction,
spx,6239,2024-10-22,5727,6238,512,-1.0574977421525311,linear,52,0,52,52,0,52,0.1,0.1015625,0.1015625,0.5381570020652229,5.381570020652229e-07,mle,-0.1558042452751957,0.6011881844465603,ok,True,True,extraction,
spx,6240,2024-10-23,5728,6239,512,-1.0392274001148707,linear,52,0,52,52,0,52,0.1,0.1015625,0.1015625,0.5360599415331491,5.36059941533149e-07,mle,-0.175856115085365,0.5915106828688251,ok,True,True,extraction,
spx,6241,2024-10-24,5729,6240,512,-1.0392274001148707,linear,52,0,52,52,0,52,0.1,0.1015625,0.1015625,0.5360599415331491,5.36059941533149e-07,mle,-0.175856115085365,0.5915106828688251,ok,True,True,extraction,
spx,6242,2024-10-25,5730,6241,512,-1.0392274001148707,linear,52,0,52,52,0,52,0.1,0.1015625,0.1015625,0.533325298532771,5.333252985327709e-07,mle,-0.175856115085365,0.5915106828688251,ok,True,True,extraction,
spx,6243,2024-10-28,5731,6242,512,-1.0392274001148707,linear,52,0,52,52,0,52,0.1,0.1015625,0.1015625,0.533325298532771,5.333252985327709e-07,mle,-0.175856115085365,0.5915106828688251,ok,True,True,extraction,
spx,6244,2024-10-29,5732,6243,512,-1.0392274001148707,linear,52,0,52,52,0,52,0.1,0.1015625,0.1015625,0.5265271535215446,5.265271535215445e-07,mle,-0.175856115085365,0.5915106828688251,ok,True,True,extraction,
spx,6245,2024-10-30,5733,6244,512,-1.018409203126507,linear,52,0,52,52,0,52,0.1,0.1015625,0.1015625,0.5130406903678792,5.130406903678792e-07,mle,-0.17233740552452925,0.5823362793402685,ok,True,True,extraction,
spx,6246,2024-10-31,5734,6245,512,-1.018409203126507,linear,52,0,52,52,0,52,0.1,0.1015625,0.1015625,0.5070536816391987,5.070536816391987e-07,mle,-0.17233740552452925,0.5823362793402685,ok,True,True,extraction,
spx,6247,2024-11-01,5735,6246,512,-1.0392274001148707,linear,52,0,52,52,0,52,0.1,0.1015625,0.1015625,0.5074282318346847,5.074282318346846e-07,mle,-0.17387455061404652,0.5780733935869675,ok,True,True,extraction,
spx,6248,2024-11-04,5736,6247,512,-1.0392274001148707,linear,52,0,52,52,0,52,0.1,0.1015625,0.1015625,0.5051541121529782,5.051541121529782e-07,mle,-0.17387455061404652,0.5780733935869675,ok,True,True,extraction,
spx,6249,2024-11-05,5737,6248,512,-1.0392274001148707,linear,52,0,52,52,0,52,0.1,0.1015625,0.1015625,0.5041882026952751,5.041882026952751e-07,mle,-0.17387455061404652,0.5780733935869675,ok,True,True,extraction,
spx,6250,2024-11-06,5738,6249,512,-1.0392274001148707,linear,52,0,52,52,0,52,0.1,0.1015625,0.1015625,0.5041882026952751,5.041882026952751e-07,mle,-0.17387455061404652,0.5780733935869675,ok,True,True,extraction,
spx,6251,2024-11-07,5739,6250,512,-1.0392274001148707,linear,52,0,52,52,0,52,0.1,0.1015625,0.1015625,0.5041882026952751,5.041882026952751e-07,mle,-0.17387455061404652,0.5780733935869675,ok,True,True,extraction,
spx,6252,2024-11-08,5740,6251,512,-1.0392274001148707,linear,52,0,52,52,0,52,0.1,0.1015625,0.1015625,0.5041882026952751,5.041882026952751e-07,mle,-0.17387455061404652,0.5780733935869675,ok,True,True,extraction,
spx,6253,2024-11-11,5741,6252,512,-1.0392274001148707,linear,52,0,52,52,0,52,0.1,0.1015625,0.1015625,0.5029778387613921,5.029778387613921e-07,mle,-0.17387455061404652,0.5780733935869675,ok,True,True,extraction,
spx,6254,2024-11-12,5742,6253,512,-1.0392274001148707,linear,52,0,52,52,0,52,0.1,0.1015625,0.1015625,0.500071982201171,5.00071982201171e-07,mle,-0.17387455061404652,0.5780733935869675,ok,True,True,extraction,
spx,6255,2024-11-13,5743,6254,512,-1.0392274001148707,linear,52,0,52,52,0,52,0.1,0.1015625,0.1015625,0.501495648216754,5.014956482167539e-07,mle,-0.17387455061404652,0.5780733935869675,ok,True,True,extraction,
spx,6256,2024-11-14,5744,6255,512,-1.0392274001148707,linear,52,0,52,52,0,52,0.1,0.1015625,0.1015625,0.49963618871401444,4.996361887140144e-07,mle,-0.17387455061404652,0.5780733935869675,ok,True,True,extraction,
spx,6257,2024-11-15,5745,6256,512,-1.0392274001148707,linear,52,0,52,52,0,52,0.1,0.1015625,0.1015625,0.501495648216754,5.014956482167539e-07,mle,-0.17387455061404652,0.5780733935869675,ok,True,True,extraction,
spx,6258,2024-11-18,5746,6257,512,-1.0392274001148707,linear,52,0,52,52,0,52,0.1,0.1015625,0.1015625,0.501495648216754,5.014956482167539e-07,mle,-0.16065078976949324,0.5439110935038933,ok,True,True,extraction,
spx,6259,2024-11-19,5747,6258,512,-1.018409203126507,linear,52,0,52,52,0,52,0.1,0.1015625,0.1015625,0.49963618871401444,4.996361887140144e-07,mle,-0.18652670421029843,0.5785959462896293,ok,True,True,extraction,
spx,6260,2024-11-20,5748,6259,512,-1.018409203126507,linear,52,0,52,52,0,52,0.1,0.1015625,0.1015625,0.4973784271560328,4.973784271560328e-07,mle,-0.18652670421029843,0.5785959462896293,ok,True,True,extraction,
spx,6261,2024-11-21,5749,6260,512,-1.018409203126507,linear,52,0,52,52,0,52,0.1,0.1015625,0.1015625,0.494819306820482,4.948193068204819e-07,mle,-0.18652670421029843,0.5785959462896293,ok,True,True,extraction,
spx,6262,2024-11-22,5750,6261,512,-1.018409203126507,linear,52,0,52,52,0,52,0.1,0.1015625,0.1015625,0.494819306820482,4.948193068204819e-07,mle,-0.18652670421029843,0.5785959462896293,ok,True,True,extraction,
spx,6263,2024-11-25,5751,6262,512,-0.9619235629671155,linear,52,0,52,52,0,52,0.1,0.1015625,0.1015625,0.49279645393836824,4.927964539383682e-07,mle,-0.22052706418742082,0.6340092275934623,ok,True,True,extraction,
spx,6264,2024-11-26,5752,6263,512,-0.9619235629671155,linear,52,0,52,52,0,52,0.1,0.1015625,0.1015625,0.48959244570392635,4.895924457039264e-07,mle,-0.22052706418742082,0.6340092275934623,ok,True,True,extraction,
spx,6265,2024-11-27,5753,6264,512,-0.9619235629671155,linear,52,0,52,52,0,52,0.1,0.1015625,0.1015625,0.4876925213238139,4.876925213238139e-07,mle,-0.22052706418742082,0.6340092275934623,ok,True,True,extraction,
spx,6266,2024-11-29,5754,6265,512,-0.9619235629671155,linear,52,0,52,52,0,52,0.1,0.1015625,0.1015625,0.4867244805034562,4.867244805034562e-07,mle,-0.22052706418742082,0.6340092275934623,ok,True,True,extraction,
spx,6267,2024-12-02,5755,6266,512,-0.9619235629671155,linear,52,0,52,52,0,52,0.1,0.1015625,0.1015625,0.4857134818268737,4.857134818268736e-07,mle,-0.22052706418742082,0.6340092275934623,ok,True,True,extraction,
spx,6268,2024-12-03,5756,6267,512,-0.9619235629671155,linear,52,0,52,52,0,52,0.1,0.1015625,0.1015625,0.4823530146989829,4.823530146989829e-07,mle,-0.22052706418742082,0.6340092275934623,ok,True,True,extraction,
spx,6269,2024-12-04,5757,6268,512,-0.9619235629671155,linear,52,0,52,52,0,52,0.1,0.1015625,0.1015625,0.4823530146989829,4.823530146989829e-07,mle,-0.22052706418742082,0.6340092275934623,ok,True,True,extraction,
spx,6270,2024-12-05,5758,6269,512,-0.9619235629671155,linear,52,0,52,52,0,52,0.1,0.1015625,0.1015625,0.48369891116462604,4.83698911164626e-07,mle,-0.22052706418742082,0.6340092275934623,ok,True,True,extraction,
spx,6271,2024-12-06,5759,6270,512,-0.9619235629671155,linear,52,0,52,52,0,52,0.1,0.1015625,0.1015625,0.48369891116462604,4.83698911164626e-07,mle,-0.22052706418742082,0.6340092275934623,ok,True,True,extraction,
spx,6272,2024-12-09,5760,6271,512,-0.9619235629671155,linear,52,0,52,52,0,52,0.1,0.1015625,0.1015625,0.4823530146989829,4.823530146989829e-07,mle,-0.22052706418742082,0.6340092275934623,ok,True,True,extraction,
spx,6273,2024-12-10,5761,6272,512,-0.9619235629671155,linear,52,0,52,52,0,52,0.1,0.1015625,0.1015625,0.48493123865041154,4.849312386504115e-07,mle,-0.22052706418742082,0.6340092275934623,ok,True,True,extraction,
spx,6274,2024-12-11,5762,6273,512,-0.9619235629671155,linear,52,0,52,52,0,52,0.1,0.1015625,0.1015625,0.48493123865041154,4.849312386504115e-07,mle,-0.22052706418742082,0.6340092275934623,ok,True,True,extraction,
spx,6275,2024-12-12,5763,6274,512,-0.9495704069620436,linear,52,0,52,52,0,52,0.1,0.1015625,0.1015625,0.4823530146989829,4.823530146989829e-07,mle,-0.21577939512950817,0.633136107675053,ok,True,True,extraction,
spx,6276,2024-12-13,5764,6275,512,-0.9495704069620436,linear,52,0,52,52,0,52,0.1,0.1015625,0.1015625,0.48369891116462604,4.83698911164626e-07,mle,-0.21577939512950817,0.633136107675053,ok,True,True,extraction,
spx,6277,2024-12-16,5765,6276,512,-0.9495704069620436,linear,52,0,52,52,0,52,0.1,0.1015625,0.1015625,0.48493123865041154,4.849312386504115e-07,mle,-0.21577939512950817,0.633136107675053,ok,True,True,extraction,
spx,6278,2024-12-17,5766,6277,512,-0.9495704069620436,linear,52,0,52,52,0,52,0.1,0.1015625,0.1015625,0.4823530146989829,4.823530146989829e-07,mle,-0.21577939512950817,0.633136107675053,ok,True,True,extraction,
spx,6279,2024-12-18,5767,6278,512,-0.9495704069620436,linear,52,0,52,52,0,52,0.1,0.1015625,0.1015625,0.4823530146989829,4.823530146989829e-07,mle,-0.21577939512950817,0.633136107675053,ok,True,True,extraction,
spx,6280,2024-12-19,5768,6279,512,-0.9495704069620436,linear,52,0,52,52,0,52,0.1,0.1015625,0.1015625,0.4823530146989829,4.823530146989829e-07,mle,-0.17936597497274345,0.6444613405852394,ok,True,True,extraction,
spx,6281,2024-12-20,5769,6280,512,-0.9432068655107382,linear,52,0,52,52,0,52,0.1,0.1015625,0.1015625,0.48064255722132,4.8064255722132e-07,mle,-0.16817089609644142,0.6350050457251835,ok,True,True,extraction,
spx,6282,2024-12-23,5770,6281,512,-0.9432068655107382,linear,52,0,52,52,0,52,0.1,0.1015625,0.1015625,0.48097745501038064,4.809774550103806e-07,mle,-0.16817089609644142,0.6350050457251835,ok,True,True,extraction,
spx,6283,2024-12-24,5771,6282,512,-0.9432068655107382,linear,52,0,52,52,0,52,0.1,0.1015625,0.1015625,0.48097745501038064,4.809774550103806e-07,mle,-0.16817089609644142,0.6350050457251835,ok,True,True,extraction,
spx,6284,2024-12-26,5772,6283,512,-0.9432068655107382,linear,52,0,52,52,0,52,0.1,0.1015625,0.1015625,0.4804367059384571,4.804367059384571e-07,mle,-0.16817089609644142,0.6350050457251835,ok,True,True,extraction,
spx,6285,2024-12-27,5773,6284,512,-0.9432068655107382,linear,52,0,52,52,0,52,0.1,0.1015625,0.1015625,0.47975026203232796,4.797502620323279e-07,mle,-0.16817089609644142,0.6350050457251835,ok,True,True,extraction,
spx,6286,2024-12-30,5774,6285,512,-0.9495704069620436,linear,52,0,52,52,0,52,0.1,0.1015625,0.1015625,0.48064255722132,4.8064255722132e-07,mle,-0.16670121917400704,0.630463067144754,ok,True,True,extraction,
spx,6287,2024-12-31,5775,6286,512,-0.9619235629671155,linear,52,0,52,52,0,52,0.1,0.1015625,0.1015625,0.48064255722132,4.8064255722132e-07,mle,-0.15519502821102898,0.6130380229658827,ok,True,True,extraction,
spx,6288,2025-01-02,5776,6287,512,-0.9495704069620436,linear,52,0,52,52,0,52,0.1,0.1015625,0.1015625,0.48064255722132,4.8064255722132e-07,mle,-0.14416174458247058,0.5861308375158004,ok,True,True,extraction,
spx,6289,2025-01-03,5777,6288,512,-0.9432068655107382,linear,52,0,52,52,0,52,0.1,0.1015625,0.1015625,0.47819162977198293,4.781916297719829e-07,mle,-0.14527262561969664,0.5902103609864124,ok,True,True,extraction,
spx,6290,2025-01-06,5778,6289,512,-0.9432068655107382,linear,52,0,52,52,0,52,0.1,0.1015625,0.1015625,0.4785239340069074,4.785239340069074e-07,mle,-0.14527262561969664,0.5902103609864124,ok,True,True,extraction,
spx,6291,2025-01-07,5779,6290,512,-0.9432068655107382,linear,52,0,52,52,0,52,0.1,0.1015625,0.1015625,0.4785239340069074,4.785239340069074e-07,mle,-0.14527262561969664,0.5902103609864124,ok,True,True,extraction,
spx,6292,2025-01-08,5780,6291,512,-0.9495704069620436,linear,52,0,52,52,0,52,0.1,0.1015625,0.1015625,0.47819162977198293,4.781916297719829e-07,mle,-0.14409649949448777,0.5860712815175939,ok,True,True,extraction,
spx,6293,2025-01-10,5781,6292,512,-0.9432068655107382,linear,52,0,52,52,0,52,0.1,0.1015625,0.1015625,0.4764877049050166,4.7648770490501657e-07,mle,-0.132768029273356,0.5767719379966144,ok,True,True,extraction,
spx,6294,2025-01-13,5782,6293,512,-0.9495704069620436,linear,52,0,52,52,0,52,0.1,0.1015625,0.1015625,0.4762798817036085,4.762798817036085e-07,mle,-0.1470258666329347,0.5896223339061999,ok,True,True,extraction,
spx,6295,2025-01-14,5783,6294,512,-0.9495704069620436,linear,52,0,52,52,0,52,0.1,0.1015625,0.1015625,0.47492820769203936,4.7492820769203935e-07,mle,-0.1470258666329347,0.5896223339061999,ok,True,True,extraction,
spx,6296,2025-01-15,5784,6295,512,-0.9432068655107382,linear,52,0,52,52,0,52,0.1,0.1015625,0.1015625,0.47346372884582644,4.7346372884582643e-07,mle,-0.1445966527522929,0.5900204360622314,ok,True,True,extraction,
spx,6297,2025-01-16,5785,6296,512,-0.9432068655107382,linear,52,0,52,52,0,52,0.1,0.1015625,0.1015625,0.47346372884582644,4.7346372884582643e-07,mle,-0.1445966527522929,0.5900204360622314,ok,True,True,extraction,
spx,6298,2025-01-17,5786,6297,512,-0.9432068655107382,linear,52,0,52,52,0,52,0.1,0.1015625,0.1015625,0.47346372884582644,4.7346372884582643e-07,mle,-0.1445966527522929,0.5900204360622314,ok,True,True,extraction,
spx,6299,2025-01-21,5787,6298,512,-0.9432068655107382,linear,52,0,52,52,0,52,0.1,0.1015625,0.1015625,0.4753740141530182,4.753740141530182e-07,mle,-0.1445966527522929,0.5900204360622314,ok,True,True,extraction,
spx,6300,2025-01-22,5788,6299,512,-0.9432068655107382,linear,52,0,52,52,0,52,0.1,0.1015625,0.1015625,0.4753740141530182,4.753740141530182e-07,mle,-0.1445966527522929,0.5900204360622314,ok,True,True,extraction,
spx,6301,2025-01-23,5789,6300,512,-0.9354446251776959,linear,52,0,52,52,0,52,0.1,0.1015625,0.1015625,0.4741690782526083,4.7416907825260826e-07,mle,-0.1451584994644307,0.5941443101514845,ok,True,True,extraction,
spx,6302,2025-01-24,5790,6301,512,-0.9354446251776959,linear,52,0,52,52,0,52,0.1,0.1015625,0.1015625,0.47282318178696514,4.728231817869651e-07,mle,-0.1451584994644307,0.5941443101514845,ok,True,True,extraction,
spx,6303,2025-01-27,5791,6302,512,-0.9354446251776959,linear,52,0,52,52,0,52,0.1,0.1015625,0.1015625,0.47282318178696514,4.728231817869651e-07,mle,-0.1451584994644307,0.5941443101514845,ok,True,True,extraction,
spx,6304,2025-01-28,5792,6303,512,-0.9432068655107382,linear,52,0,52,52,0,52,0.1,0.1015625,0.1015625,0.4743492413847143,4.743492413847143e-07,mle,-0.1550371790168285,0.6016456335786917,ok,True,True,extraction,
spx,6305,2025-01-29,5793,6304,512,-0.9432068655107382,linear,52,0,52,52,0,52,0.1,0.1015625,0.1015625,0.4743492413847143,4.743492413847143e-07,mle,-0.1550371790168285,0.6016456335786917,ok,True,True,extraction,
spx,6306,2025-01-30,5794,6305,512,-0.9432068655107382,linear,52,0,52,52,0,52,0.1,0.1015625,0.1015625,0.47346372884582644,4.7346372884582643e-07,mle,-0.1550371790168285,0.6016456335786917,ok,True,True,extraction,
spx,6307,2025-01-31,5795,6306,512,-0.9432068655107382,linear,52,0,52,52,0,52,0.1,0.1015625,0.1015625,0.47346372884582644,4.7346372884582643e-07,mle,-0.1550371790168285,0.6016456335786917,ok,True,True,extraction,
spx,6308,2025-02-03,5796,6307,512,-0.9432068655107382,linear,52,0,52,52,0,52,0.1,0.1015625,0.1015625,0.47492820769203936,4.7492820769203935e-07,mle,-0.1550371790168285,0.6016456335786917,ok,True,True,extraction,
spx,6309,2025-02-04,5797,6308,512,-0.9354446251776959,linear,52,0,52,52,0,52,0.1,0.1015625,0.1015625,0.47492820769203936,4.7492820769203935e-07,mle,-0.14216683309503017,0.5904770285607099,ok,True,True,extraction,
spx,6310,2025-02-05,5798,6309,512,-0.9354446251776959,linear,52,0,52,52,0,52,0.1,0.1015625,0.1015625,0.4759146562951635,4.759146562951635e-07,mle,-0.14216683309503017,0.5904770285607099,ok,True,True,extraction,
spx,6311,2025-02-06,5799,6310,512,-0.9354446251776959,linear,52,0,52,52,0,52,0.1,0.1015625,0.1015625,0.4753740141530182,4.753740141530182e-07,mle,-0.14216683309503017,0.5904770285607099,ok,True,True,extraction,
spx,6312,2025-02-07,5800,6311,512,-0.9354446251776959,linear,52,0,52,52,0,52,0.1,0.1015625,0.1015625,0.4743492413847143,4.743492413847143e-07,mle,-0.14216683309503017,0.5904770285607099,ok,True,True,extraction,
spx,6313,2025-02-10,5801,6312,512,-0.9432068655107382,linear,52,0,52,52,0,52,0.1,0.1015625,0.1015625,0.4753740141530182,4.753740141530182e-07,mle,-0.13225177765484525,0.5771273341923489,ok,True,True,extraction,
spx,6314,2025-02-11,5802,6313,512,-0.9432068655107382,linear,52,0,52,52,0,52,0.1,0.1015625,0.1015625,0.4755844644603675,4.755844644603675e-07,mle,-0.13225177765484525,0.5771273341923489,ok,True,True,extraction,
spx,6315,2025-02-12,5803,6314,512,-0.9432068655107382,linear,52,0,52,52,0,52,0.1,0.1015625,0.1015625,0.4753740141530182,4.753740141530182e-07,mle,-0.13225177765484525,0.5771273341923489,ok,True,True,extraction,
spx,6316,2025-02-13,5804,6315,512,-0.9432068655107382,linear,52,0,52,52,0,52,0.1,0.1015625,0.1015625,0.47346372884582644,4.7346372884582643e-07,mle,-0.13225177765484525,0.5771273341923489,ok,True,True,extraction,
spx,6317,2025-02-14,5805,6316,512,-0.9354446251776959,linear,52,0,52,52,0,52,0.1,0.1015625,0.1015625,0.4753740141530182,4.753740141530182e-07,mle,-0.1273776372526519,0.5756696371715048,ok,True,True,extraction,
spx,6318,2025-02-18,5806,6317,512,-0.9354446251776959,linear,52,0,52,52,0,52,0.1,0.1015625,0.1015625,0.47262734853818683,4.726273485381868e-07,mle,-0.1273776372526519,0.5756696371715048,ok,True,True,extraction,
spx,6319,2025-02-19,5807,6318,512,-0.9354446251776959,linear,52,0,52,52,0,52,0.1,0.1015625,0.1015625,0.47208670639604156,4.7208670639604153e-07,mle,-0.1273776372526519,0.5756696371715048,ok,True,True,extraction,
spx,6320,2025-02-20,5808,6319,512,-0.9354446251776959,linear,52,0,52,52,0,52,0.1,0.1015625,0.1015625,0.47162220839404595,4.716222083940459e-07,mle,-0.1273776372526519,0.5756696371715048,ok,True,True,extraction,
spx,6321,2025-02-21,5809,6320,512,-0.920773606657733,linear,52,0,52,52,0,52,0.1,0.1015625,0.1015625,0.47162220839404595,4.716222083940459e-07,mle,-0.14252883428004975,0.5972548129387367,ok,True,True,extraction,
spx,6322,2025-02-24,5810,6321,512,-0.9354446251776959,linear,52,0,52,52,0,52,0.1,0.1015625,0.1015625,0.47162220839404595,4.716222083940459e-07,mle,-0.15099164018670874,0.6022084353499795,ok,True,True,extraction,
spx,6323,2025-02-25,5811,6322,512,-0.9354446251776959,linear,52,0,52,52,0,52,0.1,0.1015625,0.1015625,0.47162220839404595,4.716222083940459e-07,mle,-0.15099164018670874,0.6022084353499795,ok,True,True,extraction,
spx,6324,2025-02-26,5812,6323,512,-0.920773606657733,linear,52,0,52,52,0,52,0.1,0.1015625,0.1015625,0.47162220839404595,4.716222083940459e-07,mle,-0.16227103996669134,0.620617937385908,ok,True,True,extraction,
spx,6325,2025-02-27,5813,6324,512,-0.920773606657733,linear,52,0,52,52,0,52,0.1,0.1015625,0.1015625,0.47060557211730775,4.7060557211730774e-07,mle,-0.16227103996669134,0.620617937385908,ok,True,True,extraction,
spx,6326,2025-02-28,5814,6325,512,-0.9354446251776959,linear,52,0,52,52,0,52,0.1,0.1015625,0.1015625,0.470570716161112,4.70570716161112e-07,mle,-0.16750274783368765,0.6211380530871193,ok,True,True,extraction,
spx,6327,2025-03-03,5815,6326,512,-0.9354446251776959,linear,52,0,52,52,0,52,0.1,0.1015625,0.1015625,0.470570716161112,4.70570716161112e-07,mle,-0.16750274783368765,0.6211380530871193,ok,True,True,extraction,
spx,6328,2025-03-04,5816,6327,512,-0.9432068655107382,linear,52,0,52,52,0,52,0.1,0.1015625,0.1015625,0.47203519500732494,4.720351950073249e-07,mle,-0.18496612673132296,0.6395067495368958,ok,True,True,extraction,
spx,6329,2025-03-05,5817,6328,512,-0.9495704069620436,linear,52,0,52,52,0,52,0.1,0.1015625,0.1015625,0.4731799938728559,4.731799938728559e-07,mle,-0.18760795940444372,0.6395052015021007,ok,True,True,extraction,
spx,6330,2025-03-06,5818,6329,512,-0.9432068655107382,linear,52,0,52,52,0,52,0.1,0.1015625,0.1015625,0.47362732938240415,4.7362732938240413e-07,mle,-0.17971662656707968,0.6333722155465055,ok,True,True,extraction,
spx,6331,2025-03-07,5819,6330,512,-0.9495704069620436,linear,52,0,52,52,0,52,0.1,0.1015625,0.1015625,0.4747721282479352,4.7477212824793517e-07,mle,-0.19886102890782173,0.6546556198742903,ok,True,True,extraction,
spx,6332,2025-03-10,5820,6331,512,-0.9432068655107382,linear,52,0,52,52,0,52,0.1,0.1015625,0.1015625,0.47262734853818683,4.726273485381868e-07,mle,-0.17591567289399124,0.6260610841834577,ok,True,True,extraction,
spx,6333,2025-03-11,5821,6332,512,-0.9495704069620436,linear,52,0,52,52,0,52,0.1,0.1015625,0.1015625,0.4736771290369536,4.7367712903695356e-07,mle,-0.18937867771934022,0.6675844516622,ok,True,True,extraction,
spx,6334,2025-03-12,5822,6333,512,-0.9495704069620436,linear,52,0,52,52,0,52,0.1,0.1015625,0.1015625,0.4752366262499308,4.752366262499308e-07,mle,-0.18937867771934022,0.6675844516622,ok,True,True,extraction,
spx,6335,2025-03-13,5823,6334,512,-0.9432068655107382,linear,52,0,52,52,0,52,0.1,0.1015625,0.1015625,0.4736771290369536,4.7367712903695356e-07,mle,-0.19300322611810938,0.6745393618172539,ok,True,True,extraction,
spx,6336,2025-03-14,5824,6335,512,-0.9495704069620436,linear,52,0,52,52,0,52,0.1,0.1015625,0.1015625,0.4752366262499308,4.752366262499308e-07,mle,-0.20201882205214067,0.6818334263245115,ok,True,True,extraction,
spx,6337,2025-03-17,5825,6336,512,-0.9495704069620436,linear,52,0,52,52,0,52,0.1,0.1015625,0.1015625,0.4764877049050166,4.7648770490501657e-07,mle,-0.20201882205214067,0.6818334263245115,ok,True,True,extraction,
spx,6338,2025-03-18,5826,6337,512,-0.9495704069620436,linear,52,0,52,52,0,52,0.1,0.1015625,0.1015625,0.4771471574645305,4.771471574645305e-07,mle,-0.20201882205214067,0.6818334263245115,ok,True,True,extraction,
spx,6339,2025-03-19,5827,6338,512,-0.9509059307515438,linear,52,0,52,52,0,52,0.1,0.1015625,0.1015625,0.4764877049050166,4.7648770490501657e-07,mle,-0.20492712346386388,0.6843639293978537,ok,True,True,extraction,
spx,6340,2025-03-20,5828,6339,512,-0.9509059307515438,linear,52,0,52,52,0,52,0.1,0.1015625,0.1015625,0.4764877049050166,4.7648770490501657e-07,mle,-0.20492712346386388,0.6843639293978537,ok,True,True,extraction,
spx,6341,2025-03-21,5829,6340,512,-0.9509059307515438,linear,52,0,52,52,0,52,0.1,0.1015625,0.1015625,0.4764877049050166,4.7648770490501657e-07,mle,-0.20492712346386388,0.6843639293978537,ok,True,True,extraction,
spx,6342,2025-03-24,5830,6341,512,-0.9495704069620436,linear,52,0,52,52,0,52,0.1,0.1015625,0.1015625,0.47492820769203936,4.7492820769203935e-07,mle,-0.18485644587248468,0.6620941953429189,ok,True,True,extraction,
spx,6343,2025-03-25,5831,6342,512,-0.9495704069620436,linear,52,0,52,52,0,52,0.1,0.1015625,0.1015625,0.4764877049050166,4.7648770490501657e-07,mle,-0.18485644587248468,0.6620941953429189,ok,True,True,extraction,
spx,6344,2025-03-26,5832,6343,512,-0.9432068655107382,linear,52,0,52,52,0,52,0.1,0.1015625,0.1015625,0.47492820769203936,4.7492820769203935e-07,mle,-0.16122467442216756,0.6363423347953453,ok,True,True,extraction,
spx,6345,2025-03-27,5833,6344,512,-0.9432068655107382,linear,52,0,52,52,0,52,0.1,0.1015625,0.1015625,0.47492820769203936,4.7492820769203935e-07,mle,-0.14780448260118825,0.6219191654040106,ok,True,True,extraction,
spx,6346,2025-03-28,5834,6345,512,-0.9432068655107382,linear,52,0,52,52,0,52,0.1,0.1015625,0.1015625,0.47492820769203936,4.7492820769203935e-07,mle,-0.14780448260118825,0.6219191654040106,ok,True,True,extraction,
spx,6347,2025-03-31,5835,6346,512,-0.9495704069620436,linear,52,0,52,52,0,52,0.1,0.1015625,0.1015625,0.47492820769203936,4.7492820769203935e-07,mle,-0.17457344891081905,0.6522985784134689,ok,True,True,extraction,
spx,6348,2025-04-01,5836,6347,512,-0.9495704069620436,linear,52,0,52,52,0,52,0.1,0.1015625,0.1015625,0.47346372884582644,4.7346372884582643e-07,mle,-0.17457344891081905,0.6522985784134689,ok,True,True,extraction,
spx,6349,2025-04-02,5837,6348,512,-0.9495704069620436,linear,52,0,52,52,0,52,0.1,0.1015625,0.1015625,0.47262734853818683,4.726273485381868e-07,mle,-0.17457344891081905,0.6522985784134689,ok,True,True,extraction,
spx,6350,2025-04-03,5838,6349,512,-0.9432068655107382,linear,52,0,52,52,0,52,0.1,0.1015625,0.1015625,0.4743492413847143,4.743492413847143e-07,mle,-0.17626516984536958,0.6570975601282415,ok,True,True,extraction,
spx,6351,2025-04-04,5839,6350,512,-0.9495704069620436,linear,52,0,52,52,0,52,0.1,0.1015625,0.1015625,0.47262734853818683,4.726273485381868e-07,mle,0.02936055043830039,0.6117179735680947,ok,True,True,extraction,
spx,6352,2025-04-07,5840,6351,512,-0.9509059307515438,linear,52,0,52,52,0,52,0.1,0.1015625,0.1015625,0.47262734853818683,4.726273485381868e-07,mle,0.1396287721462737,0.624189870188057,ok,True,True,extraction,
spx,6353,2025-04-08,5841,6352,512,-0.9495704069620436,linear,52,0,52,52,0,52,0.1,0.1015625,0.1015625,0.4721628505361912,4.721628505361912e-07,mle,0.1614821392253552,0.5977074154218864,ok,True,True,extraction,
spx,6354,2025-04-09,5842,6353,512,-0.9509059307515438,linear,52,0,52,52,0,52,0.1,0.1015625,0.1015625,0.47362732938240415,4.7362732938240413e-07,mle,0.14091606975526763,0.6219308556882371,ok,True,True,extraction,
spx,6355,2025-04-10,5843,6354,512,-0.9509059307515438,linear,52,0,52,52,0,52,0.1,0.1015625,0.1015625,0.47388495223836163,4.738849522383616e-07,mle,0.14091606975526763,0.6219308556882371,ok,True,True,extraction,
spx,6356,2025-04-11,5844,6355,512,-0.9620022015815916,linear,52,0,52,52,0,52,0.1,0.1015625,0.1015625,0.4752986170872685,4.7529861708726847e-07,mle,0.1434928727778198,0.6538503999485301,ok,True,True,extraction,
spx,6357,2025-04-14,5845,6356,512,-0.9620022015815916,linear,52,0,52,52,0,52,0.1,0.1015625,0.1015625,0.4762798817036085,4.762798817036085e-07,mle,0.1434928727778198,0.6538503999485301,ok,True,True,extraction,
spx,6358,2025-04-15,5846,6357,512,-0.9620022015815916,linear,52,0,52,52,0,52,0.1,0.1015625,0.1015625,0.4762798817036085,4.762798817036085e-07,mle,0.1434928727778198,0.6538503999485301,ok,True,True,extraction,
spx,6359,2025-04-16,5847,6358,512,-0.9620022015815916,linear,52,0,52,52,0,52,0.1,0.1015625,0.1015625,0.4752986170872685,4.7529861708726847e-07,mle,0.1434928727778198,0.6538503999485301,ok,True,True,extraction,
spx,6360,2025-04-17,5848,6359,512,-1.018409203126507,linear,52,0,52,52,0,52,0.1,0.1015625,0.1015625,0.4752986170872685,4.7529861708726847e-07,mle,0.18547210873218678,0.5964360822727788,ok,True,True,extraction,
spx,6361,2025-04-21,5849,6360,512,-1.018409203126507,linear,52,0,52,52,0,52,0.1,0.1015625,0.1015625,0.4752986170872685,4.7529861708726847e-07,mle,0.18547210873218678,0.5964360822727788,ok,True,True,extraction,
spx,6362,2025-04-22,5850,6361,512,-1.066414099447953,linear,52,0,52,52,0,52,0.1,0.1015625,0.1015625,0.4752986170872685,4.7529861708726847e-07,mle,0.22949810027690815,0.5490717414036899,ok,True,True,extraction,
spx,6363,2025-04-23,5851,6362,512,-1.066414099447953,linear,52,0,52,52,0,52,0.1,0.1015625,0.1015625,0.4773552494643433,4.773552494643433e-07,mle,0.22949810027690815,0.5490717414036899,ok,True,True,extraction,
spx,6364,2025-04-24,5852,6363,512,-1.066414099447953,linear,52,0,52,52,0,52,0.1,0.1015625,0.1015625,0.47885810565503717,4.788581056550371e-07,mle,0.22949810027690815,0.5490717414036899,ok,True,True,extraction,
spx,6365,2025-04-25,5853,6364,512,-1.066414099447953,linear,52,0,52,52,0,52,0.1,0.1015625,0.1015625,0.4824803112010745,4.824803112010745e-07,mle,0.22949810027690815,0.5490717414036899,ok,True,True,extraction,
spx,6366,2025-04-28,5854,6365,512,-1.066414099447953,linear,52,0,52,52,0,52,0.1,0.1015625,0.1015625,0.48369891116462604,4.83698911164626e-07,mle,0.22949810027690815,0.5490717414036899,ok,True,True,extraction,
spx,6367,2025-04-29,5855,6366,512,-1.066414099447953,linear,52,0,52,52,0,52,0.1,0.1015625,0.1015625,0.48097745501038064,4.809774550103806e-07,mle,0.22949810027690815,0.5490717414036899,ok,True,True,extraction,
spx,6368,2025-04-30,5856,6367,512,-1.066414099447953,linear,52,0,52,52,0,52,0.1,0.1015625,0.1015625,0.48097745501038064,4.809774550103806e-07,mle,0.22949810027690815,0.5490717414036899,ok,True,True,extraction,
spx,6369,2025-05-01,5857,6368,512,-1.066414099447953,linear,52,0,52,52,0,52,0.1,0.1015625,0.1015625,0.48097745501038064,4.809774550103806e-07,mle,0.22949810027690815,0.5490717414036899,ok,True,True,extraction,
spx,6370,2025-05-02,5858,6369,512,-1.066414099447953,linear,52,0,52,52,0,52,0.1,0.1015625,0.1015625,0.48198845368696314,4.819884536869631e-07,mle,0.22949810027690815,0.5490717414036899,ok,True,True,extraction,
spx,6371,2025-05-05,5859,6370,512,-1.066414099447953,linear,52,0,52,52,0,52,0.1,0.1015625,0.1015625,0.48239284121813986,4.823928412181398e-07,mle,0.22949810027690815,0.5490717414036899,ok,True,True,extraction,
spx,6372,2025-05-06,5860,6371,512,-1.066414099447953,linear,52,0,52,52,0,52,0.1,0.1015625,0.1015625,0.4849746745250073,4.849746745250073e-07,mle,0.22949810027690815,0.5490717414036899,ok,True,True,extraction,
spx,6373,2025-05-07,5861,6372,512,-1.066414099447953,linear,52,0,52,52,0,52,0.1,0.1015625,0.1015625,0.4849746745250073,4.849746745250073e-07,mle,0.22949810027690815,0.5490717414036899,ok,True,True,extraction,
spx,6374,2025-05-08,5862,6373,512,-1.066414099447953,linear,52,0,52,52,0,52,0.1,0.1015625,0.1015625,0.4849746745250073,4.849746745250073e-07,mle,0.22949810027690815,0.5490717414036899,ok,True,True,extraction,
spx,6375,2025-05-09,5863,6374,512,-1.066414099447953,linear,52,0,52,52,0,52,0.1,0.1015625,0.1015625,0.48379260773477684,4.837926077347768e-07,mle,0.22949810027690815,0.5490717414036899,ok,True,True,extraction,
spx,6376,2025-05-12,5864,6375,512,-1.018409203126507,linear,52,0,52,52,0,52,0.1,0.1015625,0.1015625,0.4826478088692458,4.826478088692458e-07,mle,0.17885843886341835,0.6144102298057369,ok,True,True,extraction,
spx,6377,2025-05-13,5865,6376,512,-1.018409203126507,linear,52,0,52,52,0,52,0.1,0.1015625,0.1015625,0.4834795282194383,4.834795282194383e-07,mle,0.17885843886341835,0.6144102298057369,ok,True,True,extraction,
spx,6378,2025-05-14,5866,6377,512,-1.018409203126507,linear,52,0,52,52,0,52,0.1,0.1015625,0.1015625,0.4834795282194383,4.834795282194383e-07,mle,0.17885843886341835,0.6144102298057369,ok,True,True,extraction,
spx,6379,2025-05-15,5867,6378,512,-1.018409203126507,linear,52,0,52,52,0,52,0.1,0.1015625,0.1015625,0.4811833300230329,4.811833300230329e-07,mle,0.17885843886341835,0.6144102298057369,ok,True,True,extraction,
spx,6380,2025-05-16,5868,6379,512,-1.018409203126507,linear,52,0,52,52,0,52,0.1,0.1015625,0.1015625,0.48241842594113243,4.824184259411324e-07,mle,0.17885843886341835,0.6144102298057369,ok,True,True,extraction,
spx,6381,2025-05-19,5869,6380,512,-0.9620022015815916,linear,52,0,52,52,0,52,0.1,0.1015625,0.1015625,0.48288742671983076,4.828874267198307e-07,mle,0.11660216530460575,0.7075374554128742,ok,True,True,extraction,
spx,6382,2025-05-20,5870,6381,512,-0.9620022015815916,linear,52,0,52,52,0,52,0.1,0.1015625,0.1015625,0.4821247023463341,4.82124702346334e-07,mle,0.11660216530460575,0.7075374554128742,ok,True,True,extraction,
spx,6383,2025-05-21,5871,6382,512,-0.9620022015815916,linear,52,0,52,52,0,52,0.1,0.1015625,0.1015625,0.4821247023463341,4.82124702346334e-07,mle,0.11660216530460575,0.7075374554128742,ok,True,True,extraction,
spx,6384,2025-05-22,5872,6383,512,-1.018409203126507,linear,52,0,52,52,0,52,0.1,0.1015625,0.1015625,0.48115069185352577,4.811506918535258e-07,mle,0.1612655975452374,0.6348124707598447,ok,True,True,extraction,
spx,6385,2025-05-23,5873,6384,512,-1.018409203126507,linear,52,0,52,52,0,52,0.1,0.1015625,0.1015625,0.48115069185352577,4.811506918535258e-07,mle,0.1612655975452374,0.6348124707598447,ok,True,True,extraction,
spx,6386,2025-05-27,5874,6385,512,-1.018409203126507,linear,52,0,52,52,0,52,0.1,0.1015625,0.1015625,0.48115069185352577,4.811506918535258e-07,mle,0.1612655975452374,0.6348124707598447,ok,True,True,extraction,
spx,6387,2025-05-28,5875,6386,512,-1.018409203126507,linear,52,0,52,52,0,52,0.1,0.1015625,0.1015625,0.48241842594113243,4.824184259411324e-07,mle,0.1612655975452374,0.6348124707598447,ok,True,True,extraction,
spx,6388,2025-05-29,5876,6387,512,-1.018409203126507,linear,52,0,52,52,0,52,0.1,0.1015625,0.1015625,0.48342806886197603,4.83428068861976e-07,mle,0.1612655975452374,0.6348124707598447,ok,True,True,extraction,
spx,6389,2025-05-30,5877,6388,512,-1.018409203126507,linear,52,0,52,52,0,52,0.1,0.1015625,0.1015625,0.4832876342992527,4.832876342992526e-07,mle,0.1612655975452374,0.6348124707598447,ok,True,True,extraction,
spx,6390,2025-06-02,5878,6389,512,-1.018409203126507,linear,52,0,52,52,0,52,0.1,0.1015625,0.1015625,0.48342806886197603,4.83428068861976e-07,mle,0.1612655975452374,0.6348124707598447,ok,True,True,extraction,
spx,6391,2025-06-03,5879,6390,512,-1.018409203126507,linear,52,0,52,52,0,52,0.1,0.1015625,0.1015625,0.48288742671983076,4.828874267198307e-07,mle,0.1612655975452374,0.6348124707598447,ok,True,True,extraction,
spx,6392,2025-06-04,5880,6391,512,-1.018409203126507,linear,52,0,52,52,0,52,0.1,0.1015625,0.1015625,0.4821247023463341,4.82124702346334e-07,mle,0.1612655975452374,0.6348124707598447,ok,True,True,extraction,
spx,6393,2025-06-05,5881,6392,512,-1.018409203126507,linear,52,0,52,52,0,52,0.1,0.1015625,0.1015625,0.4799155959354262,4.799155959354262e-07,mle,0.1612655975452374,0.6348124707598447,ok,True,True,extraction,
spx,6394,2025-06-06,5882,6393,512,-1.018409203126507,linear,52,0,52,52,0,52,0.1,0.1015625,0.1015625,0.48115069185352577,4.811506918535258e-07,mle,0.1612655975452374,0.6348124707598447,ok,True,True,extraction,
spx,6395,2025-06-09,5883,6394,512,-1.018409203126507,linear,52,0,52,52,0,52,0.1,0.1015625,0.1015625,0.48288742671983076,4.828874267198307e-07,mle,0.1612655975452374,0.6348124707598447,ok,True,True,extraction,
spx,6396,2025-06-10,5884,6395,512,-0.9620022015815916,linear,52,0,52,52,0,52,0.1,0.1015625,0.1015625,0.4821247023463341,4.82124702346334e-07,mle,0.10172462309591443,0.7281540771114225,ok,True,True,extraction,
spx,6397,2025-06-11,5885,6396,512,-0.9620022015815916,linear,52,0,52,52,0,52,0.1,0.1015625,0.1015625,0.4793793251587869,4.793793251587869e-07,mle,0.10172462309591443,0.7281540771114225,ok,True,True,extraction,
spx,6398,2025-06-12,5886,6397,512,-0.9620022015815916,linear,52,0,52,52,0,52,0.1,0.1015625,0.1015625,0.47749702504579766,4.774970250457977e-07,mle,0.10172462309591443,0.7281540771114225,ok,True,True,extraction,
spx,6399,2025-06-13,5887,6398,512,-0.9620022015815916,linear,52,0,52,52,0,52,0.1,0.1015625,0.1015625,0.4764550681122446,4.7645506811224454e-07,mle,0.10172462309591443,0.7281540771114225,ok,True,True,extraction,
spx,6400,2025-06-16,5888,6399,512,-1.018409203126507,linear,52,0,52,52,0,52,0.1,0.1015625,0.1015625,0.47749702504579766,4.774970250457977e-07,mle,0.160914494082815,0.6351965121079005,ok,True,True,extraction,
spx,6401,2025-06-17,5889,6400,512,-1.018409203126507,linear,52,0,52,52,0,52,0.1,0.1015625,0.1015625,0.4769610679622496,4.769610679622495e-07,mle,0.160914494082815,0.6351965121079005,ok,True,True,extraction,
spx,6402,2025-06-18,5890,6401,512,-1.018409203126507,linear,52,0,52,52,0,52,0.1,0.1015625,0.1015625,0.47749702504579766,4.774970250457977e-07,mle,0.160914494082815,0.6351965121079005,ok,True,True,extraction,
spx,6403,2025-06-20,5891,6402,512,-1.018409203126507,linear,52,0,52,52,0,52,0.1,0.1015625,0.1015625,0.4774290786050529,4.774290786050529e-07,mle,0.160914494082815,0.6351965121079005,ok,True,True,extraction,
spx,6404,2025-06-23,5892,6403,512,-1.018409203126507,linear,52,0,52,52,0,52,0.1,0.1015625,0.1015625,0.4774290786050529,4.774290786050529e-07,mle,0.160914494082815,0.6351965121079005,ok,True,True,extraction,
spx,6405,2025-06-24,5893,6404,512,-1.018409203126507,linear,52,0,52,52,0,52,0.1,0.1015625,0.1015625,0.478471035538606,4.784710355386059e-07,mle,0.160914494082815,0.6351965121079005,ok,True,True,extraction,
spx,6406,2025-06-25,5894,6405,512,-1.018409203126507,linear,52,0,52,52,0,52,0.1,0.1015625,0.1015625,0.47749702504579766,4.774970250457977e-07,mle,0.160914494082815,0.6351965121079005,ok,True,True,extraction,
spx,6407,2025-06-26,5895,6406,512,-1.018409203126507,linear,52,0,52,52,0,52,0.1,0.1015625,0.1015625,0.4774290786050529,4.774290786050529e-07,mle,0.160914494082815,0.6351965121079005,ok,True,True,extraction,
spx,6408,2025-06-27,5896,6407,512,-1.018409203126507,linear,52,0,52,52,0,52,0.1,0.1015625,0.1015625,0.478471035538606,4.784710355386059e-07,mle,0.160914494082815,0.6351965121079005,ok,True,True,extraction,
spx,6409,2025-06-30,5897,6408,512,-1.018409203126507,linear,52,0,52,52,0,52,0.1,0.1015625,0.1015625,0.4774290786050529,4.774290786050529e-07,mle,0.160914494082815,0.6351965121079005,ok,True,True,extraction,
spx,6410,2025-07-01,5898,6409,512,-1.018409203126507,linear,52,0,52,52,0,52,0.1,0.1015625,0.1015625,0.477298058700515,4.77298058700515e-07,mle,0.160914494082815,0.6351965121079005,ok,True,True,extraction,
spx,6411,2025-07-02,5899,6410,512,-1.018409203126507,linear,52,0,52,52,0,52,0.1,0.1015625,0.1015625,0.477298058700515,4.77298058700515e-07,mle,0.160914494082815,0.6351965121079005,ok,True,True,extraction,
spx,6412,2025-07-03,5900,6411,512,-1.018409203126507,linear,52,0,52,52,0,52,0.1,0.1015625,0.1015625,0.4760670099911238,4.7606700999112374e-07,mle,0.160914494082815,0.6351965121079005,ok,True,True,extraction,
spx,6413,2025-07-07,5901,6412,512,-1.018409203126507,linear,52,0,52,52,0,52,0.1,0.1015625,0.1015625,0.4763240482077067,4.7632404820770665e-07,mle,0.160914494082815,0.6351965121079005,ok,True,True,extraction,
spx,6414,2025-07-08,5902,6413,512,-1.018409203126507,linear,52,0,52,52,0,52,0.1,0.1015625,0.1015625,0.4763240482077067,4.7632404820770665e-07,mle,0.160914494082815,0.6351965121079005,ok,True,True,extraction,
spx,6415,2025-07-09,5903,6414,512,-1.018409203126507,linear,52,0,52,52,0,52,0.1,0.1015625,0.1015625,0.4760670099911238,4.7606700999112374e-07,mle,0.160914494082815,0.6351965121079005,ok,True,True,extraction,
spx,6416,2025-07-10,5904,6415,512,-1.018409203126507,linear,52,0,52,52,0,52,0.1,0.1015625,0.1015625,0.4763240482077067,4.7632404820770665e-07,mle,0.160914494082815,0.6351965121079005,ok,True,True,extraction,
spx,6417,2025-07-11,5905,6416,512,-1.018409203126507,linear,52,0,52,52,0,52,0.1,0.1015625,0.1015625,0.4726067958610334,4.7260679586103336e-07,mle,0.160914494082815,0.6351965121079005,ok,True,True,extraction,
spx,6418,2025-07-14,5906,6417,512,-1.018409203126507,linear,52,0,52,52,0,52,0.1,0.1015625,0.1015625,0.47013036306353695,4.7013036306353693e-07,mle,0.160914494082815,0.6351965121079005,ok,True,True,extraction,
spx,6419,2025-07-15,5907,6418,512,-1.018409203126507,linear,52,0,52,52,0,52,0.1,0.1015625,0.1015625,0.4672751621300307,4.6727516213003063e-07,mle,0.160914494082815,0.6351965121079005,ok,True,True,extraction,
spx,6420,2025-07-16,5908,6419,512,-1.018409203126507,linear,52,0,52,52,0,52,0.1,0.1015625,0.1015625,0.47013036306353695,4.7013036306353693e-07,mle,0.160914494082815,0.6351965121079005,ok,True,True,extraction,
spx,6421,2025-07-17,5909,6420,512,-1.018409203126507,linear,52,0,52,52,0,52,0.1,0.1015625,0.1015625,0.47013036306353695,4.7013036306353693e-07,mle,0.160914494082815,0.6351965121079005,ok,True,True,extraction,
spx,6422,2025-07-18,5910,6421,512,-1.018409203126507,linear,52,0,52,52,0,52,0.1,0.1015625,0.1015625,0.4672751621300307,4.6727516213003063e-07,mle,0.160914494082815,0.6351965121079005,ok,True,True,extraction,
spx,6423,2025-07-21,5911,6422,512,-1.018409203126507,linear,52,0,52,52,0,52,0.1,0.1015625,0.1015625,0.470992414476704,4.70992414476704e-07,mle,0.160914494082815,0.6351965121079005,ok,True,True,extraction,
spx,6424,2025-07-22,5912,6423,512,-1.018409203126507,linear,52,0,52,52,0,52,0.1,0.1015625,0.1015625,0.4672751621300307,4.6727516213003063e-07,mle,0.160914494082815,0.6351965121079005,ok,True,True,extraction,
spx,6425,2025-07-23,5913,6424,512,-1.018409203126507,linear,52,0,52,52,0,52,0.1,0.1015625,0.1015625,0.46585977592227146,4.6585977592227144e-07,mle,0.160914494082815,0.6351965121079005,ok,True,True,extraction,
spx,6426,2025-07-24,5914,6425,512,-1.018409203126507,linear,52,0,52,52,0,52,0.1,0.1015625,0.1015625,0.46269671306707144,4.626967130670714e-07,mle,0.160914494082815,0.6351965121079005,ok,True,True,extraction,
spx,6427,2025-07-25,5915,6426,512,-1.018409203126507,linear,52,0,52,52,0,52,0.1,0.1015625,0.1015625,0.4672751621300307,4.6727516213003063e-07,mle,0.160914494082815,0.6351965121079005,ok,True,True,extraction,
spx,6428,2025-07-28,5916,6427,512,-1.018409203126507,linear,52,0,52,52,0,52,0.1,0.1015625,0.1015625,0.46585977592227146,4.6585977592227144e-07,mle,0.160914494082815,0.6351965121079005,ok,True,True,extraction,
spx,6429,2025-07-29,5917,6428,512,-1.018409203126507,linear,52,0,52,52,0,52,0.1,0.1015625,0.1015625,0.46578020435396456,4.657802043539645e-07,mle,0.160914494082815,0.6351965121079005,ok,True,True,extraction,
spx,6430,2025-07-30,5918,6429,512,-1.018409203126507,linear,52,0,52,52,0,52,0.1,0.1015625,0.1015625,0.46313200930073556,4.6313200930073553e-07,mle,0.160914494082815,0.6351965121079005,ok,True,True,extraction,
spx,6431,2025-07-31,5919,6430,512,-1.018409203126507,linear,52,0,52,52,0,52,0.1,0.1015625,0.1015625,0.46313200930073556,4.6313200930073553e-07,mle,0.160914494082815,0.6351965121079005,ok,True,True,extraction,
spx,6432,2025-08-01,5920,6431,512,-1.018409203126507,linear,52,0,52,52,0,52,0.1,0.1015625,0.1015625,0.46758213484352396,4.675821348435239e-07,mle,0.160914494082815,0.6351965121079005,ok,True,True,extraction,
spx,6433,2025-08-04,5921,6432,512,-1.066414099447953,linear,52,0,52,52,0,52,0.1,0.1015625,0.1015625,0.46758213484352396,4.675821348435239e-07,mle,0.2062640825573338,0.5722312397714016,ok,True,True,extraction,
spx,6434,2025-08-05,5922,6433,512,-1.066414099447953,linear,52,0,52,52,0,52,0.1,0.1015625,0.1015625,0.4694149851426373,4.694149851426373e-07,mle,0.2062640825573338,0.5722312397714016,ok,True,True,extraction,
spx,6435,2025-08-06,5923,6434,512,-1.066414099447953,linear,52,0,52,52,0,52,0.1,0.1015625,0.1015625,0.4694149851426373,4.694149851426373e-07,mle,0.2062640825573338,0.5722312397714016,ok,True,True,extraction,
spx,6436,2025-08-07,5924,6435,512,-1.066414099447953,linear,52,0,52,52,0,52,0.1,0.1015625,0.1015625,0.472200810381035,4.72200810381035e-07,mle,0.2062640825573338,0.5722312397714016,ok,True,True,extraction,
spx,6437,2025-08-08,5925,6436,512,-1.066414099447953,linear,52,0,52,52,0,52,0.1,0.1015625,0.1015625,0.472200810381035,4.72200810381035e-07,mle,0.2062640825573338,0.5722312397714016,ok,True,True,extraction,
spx,6438,2025-08-11,5926,6437,512,-1.066414099447953,linear,52,0,52,52,0,52,0.1,0.1015625,0.1015625,0.4741690782526083,4.7416907825260826e-07,mle,0.2062640825573338,0.5722312397714016,ok,True,True,extraction,
spx,6439,2025-08-12,5927,6438,512,-1.066414099447953,linear,52,0,52,52,0,52,0.1,0.1015625,0.1015625,0.4741690782526083,4.7416907825260826e-07,mle,0.2062640825573338,0.5722312397714016,ok,True,True,extraction,
spx,6440,2025-08-13,5928,6439,512,-1.066414099447953,linear,52,0,52,52,0,52,0.1,0.1015625,0.1015625,0.4732118090576175,4.732118090576175e-07,mle,0.2062640825573338,0.5722312397714016,ok,True,True,extraction,
spx,6441,2025-08-14,5929,6440,512,-1.066414099447953,linear,52,0,52,52,0,52,0.1,0.1015625,0.1015625,0.472200810381035,4.72200810381035e-07,mle,0.2062640825573338,0.5722312397714016,ok,True,True,extraction,
spx,6442,2025-08-15,5930,6441,512,-1.066414099447953,linear,52,0,52,52,0,52,0.1,0.1015625,0.1015625,0.472200810381035,4.72200810381035e-07,mle,0.2062640825573338,0.5722312397714016,ok,True,True,extraction,
spx,6443,2025-08-18,5931,6442,512,-1.066414099447953,linear,52,0,52,52,0,52,0.1,0.1015625,0.1015625,0.472200810381035,4.72200810381035e-07,mle,0.2062640825573338,0.5722312397714016,ok,True,True,extraction,
spx,6444,2025-08-19,5932,6443,512,-1.018409203126507,linear,52,0,52,52,0,52,0.1,0.1015625,0.1015625,0.4694149851426373,4.694149851426373e-07,mle,0.15430483261212735,0.643811347894029,ok,True,True,extraction,
spx,6445,2025-08-20,5933,6444,512,-1.018409203126507,linear,52,0,52,52,0,52,0.1,0.1015625,0.1015625,0.472200810381035,4.72200810381035e-07,mle,0.15430483261212735,0.643811347894029,ok,True,True,extraction,
spx,6446,2025-08-21,5934,6445,512,-1.018409203126507,linear,52,0,52,52,0,52,0.1,0.1015625,0.1015625,0.4694149851426373,4.694149851426373e-07,mle,0.15430483261212735,0.643811347894029,ok,True,True,extraction,
spx,6447,2025-08-22,5935,6446,512,-1.018409203126507,linear,52,0,52,52,0,52,0.1,0.1015625,0.1015625,0.46975571587453707,4.6975571587453707e-07,mle,0.15430483261212735,0.643811347894029,ok,True,True,extraction,
spx,6448,2025-08-25,5936,6447,512,-1.018409203126507,linear,52,0,52,52,0,52,0.1,0.1015625,0.1015625,0.4694149851426373,4.694149851426373e-07,mle,0.15430483261212735,0.643811347894029,ok,True,True,extraction,
spx,6449,2025-08-26,5937,6448,512,-1.018409203126507,linear,52,0,52,52,0,52,0.1,0.1015625,0.1015625,0.4694149851426373,4.694149851426373e-07,mle,0.15430483261212735,0.643811347894029,ok,True,True,extraction,
spx,6450,2025-08-27,5938,6449,512,-1.018409203126507,linear,52,0,52,52,0,52,0.1,0.1015625,0.1015625,0.47036796008192167,4.7036796008192165e-07,mle,0.15430483261212735,0.643811347894029,ok,True,True,extraction,
spx,6451,2025-08-28,5939,6450,512,-1.018409203126507,linear,52,0,52,52,0,52,0.1,0.1015625,0.1015625,0.4703679600819216,4.703679600819216e-07,mle,0.15430483261212735,0.643811347894029,ok,True,True,extraction,
spx,6452,2025-08-29,5940,6451,512,-1.018409203126507,linear,52,0,52,52,0,52,0.1,0.1015625,0.1015625,0.4667542148467729,4.6675421484677286e-07,mle,0.15430483261212735,0.643811347894029,ok,True,True,extraction,
spx,6453,2025-09-02,5941,6452,512,-0.9620022015815916,linear,52,0,52,52,0,52,0.1,0.1015625,0.1015625,0.4667542148467729,4.6675421484677286e-07,mle,0.0972985581778204,0.735214306240774,ok,True,True,extraction,
spx,6454,2025-09-03,5942,6453,512,-0.9620022015815916,linear,52,0,52,52,0,52,0.1,0.1015625,0.1015625,0.4667542148467729,4.6675421484677286e-07,mle,0.0972985581778204,0.735214306240774,ok,True,True,extraction,
spx,6455,2025-09-04,5943,6454,512,-0.9620022015815916,linear,52,0,52,52,0,52,0.1,0.1015625,0.1015625,0.46215799880792724,4.6215799880792723e-07,mle,0.0972985581778204,0.735214306240774,ok,True,True,extraction,
spx,6456,2025-09-05,5944,6455,512,-0.9620022015815916,linear,52,0,52,52,0,52,0.1,0.1015625,0.1015625,0.46206295200729125,4.620629520072912e-07,mle,0.0972985581778204,0.735214306240774,ok,True,True,extraction,
spx,6457,2025-09-08,5945,6456,512,-0.9620022015815916,linear,52,0,52,52,0,52,0.1,0.1015625,0.1015625,0.46215799880792724,4.6215799880792723e-07,mle,0.0972985581778204,0.735214306240774,ok,True,True,extraction,
spx,6458,2025-09-09,5946,6457,512,-0.9620022015815916,linear,52,0,52,52,0,52,0.1,0.1015625,0.1015625,0.45844074646125393,4.5844074646125394e-07,mle,0.0972985581778204,0.735214306240774,ok,True,True,extraction,
spx,6459,2025-09-10,5947,6458,512,-0.9620022015815916,linear,52,0,52,52,0,52,0.1,0.1015625,0.1015625,0.4555477337765395,4.555477337765395e-07,mle,0.0972985581778204,0.735214306240774,ok,True,True,extraction,
spx,6460,2025-09-11,5948,6459,512,-0.9509059307515438,linear,52,0,52,52,0,52,0.1,0.1015625,0.1015625,0.4533762353830274,4.533762353830274e-07,mle,0.10073303007935788,0.7354334418991275,ok,True,True,extraction,
spx,6461,2025-09-12,5949,6460,512,-0.9509059307515438,linear,52,0,52,52,0,52,0.1,0.1015625,0.1015625,0.4533762353830274,4.533762353830274e-07,mle,0.10073303007935788,0.7354334418991275,ok,True,True,extraction,
spx,6462,2025-09-15,5950,6461,512,-0.9509059307515438,linear,52,0,52,52,0,52,0.1,0.1015625,0.1015625,0.44950219572815336,4.495021957281533e-07,mle,0.10073303007935788,0.7354334418991275,ok,True,True,extraction,
spx,6463,2025-09-16,5951,6462,512,-0.9509059307515438,linear,52,0,52,52,0,52,0.1,0.1015625,0.1015625,0.4478756010481575,4.4787560104815746e-07,mle,0.10073303007935788,0.7354334418991275,ok,True,True,extraction,
spx,6464,2025-09-17,5952,6463,512,-0.9509059307515438,linear,52,0,52,52,0,52,0.1,0.1015625,0.1015625,0.44940639117960757,4.4940639117960755e-07,mle,0.10073303007935788,0.7354334418991275,ok,True,True,extraction,
spx,6465,2025-09-18,5953,6464,512,-0.9509059307515438,linear,52,0,52,52,0,52,0.1,0.1015625,0.1015625,0.44940639117960757,4.4940639117960755e-07,mle,0.10073303007935788,0.7354334418991275,ok,True,True,extraction,
spx,6466,2025-09-19,5954,6465,512,-0.9509059307515438,linear,52,0,52,52,0,52,0.1,0.1015625,0.1015625,0.44940639117960757,4.4940639117960755e-07,mle,0.10073303007935788,0.7354334418991275,ok,True,True,extraction,
spx,6467,2025-09-22,5955,6466,512,-0.9509059307515438,linear,52,0,52,52,0,52,0.1,0.1015625,0.1015625,0.446579404442497,4.46579404442497e-07,mle,0.10073303007935788,0.7354334418991275,ok,True,True,extraction,
spx,6468,2025-09-23,5956,6467,512,-0.9509059307515438,linear,52,0,52,52,0,52,0.1,0.1015625,0.1015625,0.44176137519751413,4.417613751975141e-07,mle,0.10073303007935788,0.7354334418991275,ok,True,True,extraction,
spx,6469,2025-09-24,5957,6468,512,-0.9509059307515438,linear,52,0,52,52,0,52,0.1,0.1015625,0.1015625,0.44200095537953776,4.4200095537953777e-07,mle,0.10073303007935788,0.7354334418991275,ok,True,True,extraction,
spx,6470,2025-09-25,5958,6469,512,-0.9509059307515438,linear,52,0,52,52,0,52,0.1,0.1015625,0.1015625,0.446579404442497,4.46579404442497e-07,mle,0.10073303007935788,0.7354334418991275,ok,True,True,extraction,
spx,6471,2025-09-26,5959,6470,512,-0.9509059307515438,linear,52,0,52,52,0,52,0.1,0.1015625,0.1015625,0.448361267586955,4.48361267586955e-07,mle,0.10073303007935788,0.7354334418991275,ok,True,True,extraction,
spx,6472,2025-09-29,5960,6471,512,-0.9509059307515438,linear,52,0,52,52,0,52,0.1,0.1015625,0.1015625,0.446579404442497,4.46579404442497e-07,mle,0.10073303007935788,0.7354334418991275,ok,True,True,extraction,
spx,6473,2025-09-30,5961,6472,512,-0.9509059307515438,linear,52,0,52,52,0,52,0.1,0.1015625,0.1015625,0.446579404442497,4.46579404442497e-07,mle,0.10073303007935788,0.7354334418991275,ok,True,True,extraction,
spx,6474,2025-10-01,5962,6473,512,-0.9509059307515438,linear,52,0,52,52,0,52,0.1,0.1015625,0.1015625,0.44568913883293426,4.4568913883293426e-07,mle,0.10073303007935788,0.7354334418991275,ok,True,True,extraction,
spx,6475,2025-10-02,5963,6474,512,-0.9495704069620436,linear,52,0,52,52,0,52,0.1,0.1015625,0.1015625,0.4412070213246684,4.412070213246684e-07,mle,0.11062058531265684,0.7238479290880062,ok,True,True,extraction,
spx,6476,2025-10-03,5964,6475,512,-0.9495704069620436,linear,52,0,52,52,0,52,0.1,0.1015625,0.1015625,0.4412070213246684,4.412070213246684e-07,mle,0.11062058531265684,0.7238479290880062,ok,True,True,extraction,
spx,6477,2025-10-06,5965,6476,512,-0.9495704069620436,linear,52,0,52,52,0,52,0.1,0.1015625,0.1015625,0.4412070213246684,4.412070213246684e-07,mle,0.11062058531265684,0.7238479290880062,ok,True,True,extraction,
spx,6478,2025-10-07,5966,6477,512,-0.9488568518436777,linear,52,0,52,52,0,52,0.1,0.1015625,0.1015625,0.4407341965083524,4.4073419650835236e-07,mle,0.1098570906158276,0.725110987376421,ok,True,True,extraction,
spx,6479,2025-10-08,5967,6478,512,-0.9354446251776959,linear,52,0,52,52,0,52,0.1,0.1015625,0.1015625,0.4407341965083524,4.4073419650835236e-07,mle,0.11912089342858284,0.717314537411709,ok,True,True,extraction,
spx,6480,2025-10-09,5968,6479,512,-0.9354446251776959,linear,52,0,52,52,0,52,0.1,0.1015625,0.1015625,0.4413106065435782,4.4131060654357815e-07,mle,0.11912089342858284,0.717314537411709,ok,True,True,extraction,
spx,6481,2025-10-10,5969,6480,512,-0.9354446251776959,linear,52,0,52,52,0,52,0.1,0.1015625,0.1015625,0.4413106065435782,4.4131060654357815e-07,mle,0.11912089342858284,0.717314537411709,ok,True,True,extraction,
spx,6482,2025-10-13,5970,6481,512,-0.9354446251776959,linear,52,0,52,52,0,52,0.1,0.1015625,0.1015625,0.4413106065435782,4.4131060654357815e-07,mle,0.10927703883680662,0.7474264602034951,ok,True,True,extraction,
spx,6483,2025-10-14,5971,6482,512,-0.9354446251776959,linear,52,0,52,52,0,52,0.1,0.1015625,0.1015625,0.4435074740319917,4.4350747403199167e-07,mle,0.10927703883680662,0.7474264602034951,ok,True,True,extraction,
spx,6484,2025-10-15,5972,6483,512,-0.9354446251776959,linear,52,0,52,52,0,52,0.1,0.1015625,0.1015625,0.4413106065435782,4.4131060654357815e-07,mle,0.10927703883680662,0.7474264602034951,ok,True,True,extraction,
spx,6485,2025-10-16,5973,6484,512,-0.9354446251776959,linear,52,0,52,52,0,52,0.1,0.1015625,0.1015625,0.4413106065435782,4.4131060654357815e-07,mle,0.10927703883680662,0.7474264602034951,ok,True,True,extraction,
spx,6486,2025-10-17,5974,6485,512,-0.9354446251776959,linear,52,0,52,52,0,52,0.1,0.1015625,0.1015625,0.4435074740319917,4.4350747403199167e-07,mle,0.10927703883680662,0.7474264602034951,ok,True,True,extraction,
spx,6487,2025-10-20,5975,6486,512,-0.920773606657733,linear,52,0,52,52,0,52,0.1,0.1015625,0.1015625,0.4402820866194663,4.4028208661946624e-07,mle,0.11064425278127456,0.7515277063543169,ok,True,True,extraction,
spx,6488,2025-10-21,5976,6487,512,-0.920773606657733,linear,52,0,52,52,0,52,0.1,0.1015625,0.1015625,0.4402820866194663,4.4028208661946624e-07,mle,0.11064425278127456,0.7515277063543169,ok,True,True,extraction,
spx,6489,2025-10-22,5977,6488,512,-0.920773606657733,linear,52,0,52,52,0,52,0.1,0.1015625,0.1015625,0.4402820866194663,4.4028208661946624e-07,mle,0.11064425278127456,0.7515277063543169,ok,True,True,extraction,
spx,6490,2025-10-23,5978,6489,512,-0.920773606657733,linear,52,0,52,52,0,52,0.1,0.1015625,0.1015625,0.4413106065435782,4.4131060654357815e-07,mle,0.11064425278127456,0.7515277063543169,ok,True,True,extraction,
spx,6491,2025-10-24,5979,6490,512,-0.920773606657733,linear,52,0,52,52,0,52,0.1,0.1015625,0.1015625,0.4413106065435782,4.4131060654357815e-07,mle,0.11064425278127456,0.7515277063543169,ok,True,True,extraction,
spx,6492,2025-10-27,5980,6491,512,-0.920773606657733,linear,52,0,52,52,0,52,0.1,0.1015625,0.1015625,0.4435074740319917,4.4350747403199167e-07,mle,0.11064425278127456,0.7515277063543169,ok,True,True,extraction,
spx,6493,2025-10-28,5981,6492,512,-0.920773606657733,linear,52,0,52,52,0,52,0.1,0.1015625,0.1015625,0.44398193572730515,4.439819357273051e-07,mle,0.11064425278127456,0.7515277063543169,ok,True,True,extraction,
spx,6494,2025-10-29,5982,6493,512,-0.920773606657733,linear,52,0,52,52,0,52,0.1,0.1015625,0.1015625,0.44475460850137327,4.4475460850137325e-07,mle,0.11064425278127456,0.7515277063543169,ok,True,True,extraction,
spx,6495,2025-10-30,5983,6494,512,-0.920773606657733,linear,52,0,52,52,0,52,0.1,0.1015625,0.1015625,0.4402820866194663,4.4028208661946624e-07,mle,0.11064425278127456,0.7515277063543169,ok,True,True,extraction,
spx,6496,2025-10-31,5984,6495,512,-0.9354446251776959,linear,52,0,52,52,0,52,0.1,0.1015625,0.1015625,0.4413106065435782,4.4131060654357815e-07,mle,0.12574384212005651,0.7272790996700295,ok,True,True,extraction,
spx,6497,2025-11-03,5985,6496,512,-0.9354446251776959,linear,52,0,52,52,0,52,0.1,0.1015625,0.1015625,0.4402820866194663,4.4028208661946624e-07,mle,0.12574384212005651,0.7272790996700295,ok,True,True,extraction,
spx,6498,2025-11-04,5986,6497,512,-0.920773606657733,linear,52,0,52,52,0,52,0.1,0.1015625,0.1015625,0.43577062319140963,4.357706231914096e-07,mle,0.12602986561587107,0.732850051285394,ok,True,True,extraction,
spx,6499,2025-11-05,5987,6498,512,-0.9354446251776959,linear,52,0,52,52,0,52,0.1,0.1015625,0.1015625,0.43577062319140963,4.357706231914096e-07,mle,0.1325728673985489,0.7188791097370228,ok,True,True,extraction,
spx,6500,2025-11-06,5988,6499,512,-0.920773606657733,linear,52,0,52,52,0,52,0.1,0.1015625,0.1015625,0.43754152832037185,4.375415283203718e-07,mle,0.12966268033799655,0.7284056733554231,ok,True,True,extraction,
spx,6501,2025-11-07,5989,6500,512,-0.9354446251776959,linear,52,0,52,52,0,52,0.1,0.1015625,0.1015625,0.4387221551783285,4.387221551783285e-07,mle,0.13914636126420277,0.711226070806394,ok,True,True,extraction,
spx,6502,2025-11-10,5990,6501,512,-0.9354446251776959,linear,52,0,52,52,0,52,0.1,0.1015625,0.1015625,0.43754152832037185,4.375415283203718e-07,mle,0.13914636126420277,0.711226070806394,ok,True,True,extraction,
spx,6503,2025-11-11,5991,6502,512,-0.920773606657733,linear,52,0,52,52,0,52,0.1,0.1015625,0.1015625,0.4354243113170675,4.3542431131706745e-07,mle,0.14288036560138492,0.7123297246071922,ok,True,True,extraction,
spx,6504,2025-11-12,5992,6503,512,-0.8955813027918169,linear,52,0,52,52,0,52,0.1,0.1015625,0.1015625,0.43309997763340324,4.3309997763340325e-07,mle,0.12301678040209253,0.7457576812860268,ok,True,True,extraction,
spx,6505,2025-11-13,5993,6504,512,-0.8955813027918169,linear,52,0,52,52,0,52,0.1,0.1015625,0.1015625,0.43258803894167763,4.325880389416776e-07,mle,0.12301678040209253,0.7457576812860268,ok,True,True,extraction,
spx,6506,2025-11-14,5994,6505,512,-0.920773606657733,linear,52,0,52,52,0,52,0.1,0.1015625,0.1015625,0.43232033763508826,4.3232033763508826e-07,mle,0.12657372236417758,0.7336411040673443,ok,True,True,extraction,
spx,6507,2025-11-17,5995,6506,512,-0.920773606657733,linear,52,0,52,52,0,52,0.1,0.1015625,0.1015625,0.4296322826342307,4.2963228263423067e-07,mle,0.12657372236417758,0.7336411040673443,ok,True,True,extraction,
spx,6508,2025-11-18,5996,6507,512,-0.9230891630342124,linear,52,0,52,52,0,52,0.1,0.1015625,0.1015625,0.433207260753014,4.33207260753014e-07,mle,0.1297791672113262,0.7289875213805277,ok,True,True,extraction,
spx,6509,2025-11-19,5997,6508,512,-0.9230891630342124,linear,52,0,52,52,0,52,0.1,0.1015625,0.1015625,0.43356582006393657,4.3356582006393655e-07,mle,0.1297791672113262,0.7289875213805277,ok,True,True,extraction,
spx,6510,2025-11-20,5998,6509,512,-0.9230891630342124,linear,52,0,52,52,0,52,0.1,0.1015625,0.1015625,0.4319300930800287,4.319300930800287e-07,mle,0.1297791672113262,0.7289875213805277,ok,True,True,extraction,
spx,6511,2025-11-21,5999,6510,512,-0.9354446251776959,linear,52,0,52,52,0,52,0.1,0.1015625,0.1015625,0.43297186254654063,4.329718625465406e-07,mle,0.11931484171676628,0.7375667002901503,ok,True,True,extraction,
spx,6512,2025-11-24,6000,6511,512,-0.9354446251776959,linear,52,0,52,52,0,52,0.1,0.1015625,0.1015625,0.4354195265843044,4.354195265843044e-07,mle,0.11931484171676628,0.7375667002901503,ok,True,True,extraction,
spx,6513,2025-11-25,6001,6512,512,-0.9354446251776959,linear,52,0,52,52,0,52,0.1,0.1015625,0.1015625,0.43487900241807836,4.3487900241807833e-07,mle,0.11931484171676628,0.7375667002901503,ok,True,True,extraction,
spx,6514,2025-11-26,6002,6513,512,-0.9354446251776959,linear,52,0,52,52,0,52,0.1,0.1015625,0.1015625,0.4346095884928205,4.346095884928205e-07,mle,0.11931484171676628,0.7375667002901503,ok,True,True,extraction,
spx,6515,2025-11-28,6003,6514,512,-0.9354446251776959,linear,52,0,52,52,0,52,0.1,0.1015625,0.1015625,0.4346095884928205,4.346095884928205e-07,mle,0.11931484171676628,0.7375667002901503,ok,True,True,extraction,
spx,6516,2025-12-01,6004,6515,512,-0.9354446251776959,linear,52,0,52,52,0,52,0.1,0.1015625,0.1015625,0.4334900245211664,4.334900245211664e-07,mle,0.11931484171676628,0.7375667002901503,ok,True,True,extraction,
spx,6517,2025-12-02,6005,6516,512,-0.9354446251776959,linear,52,0,52,52,0,52,0.1,0.1015625,0.1015625,0.4346095884928205,4.346095884928205e-07,mle,0.11931484171676628,0.7375667002901503,ok,True,True,extraction,
spx,6518,2025-12-03,6006,6517,512,-0.9354446251776959,linear,52,0,52,52,0,52,0.1,0.1015625,0.1015625,0.4346095884928205,4.346095884928205e-07,mle,0.11931484171676628,0.7375667002901503,ok,True,True,extraction,
spx,6519,2025-12-04,6007,6518,512,-0.9354446251776959,linear,52,0,52,52,0,52,0.1,0.1015625,0.1015625,0.4340975263625768,4.3409752636257677e-07,mle,0.11931484171676628,0.7375667002901503,ok,True,True,extraction,
spx,6520,2025-12-05,6008,6519,512,-0.9354446251776959,linear,52,0,52,52,0,52,0.1,0.1015625,0.1015625,0.43487900241807836,4.3487900241807833e-07,mle,0.11931484171676628,0.7375667002901503,ok,True,True,extraction,
spx,6521,2025-12-08,6009,6520,512,-0.9354446251776959,linear,52,0,52,52,0,52,0.1,0.1015625,0.1015625,0.4346644367124546,4.3466443671245455e-07,mle,0.11931484171676628,0.7375667002901503,ok,True,True,extraction,
spx,6522,2025-12-09,6010,6521,512,-0.9354446251776959,linear,52,0,52,52,0,52,0.1,0.1015625,0.1015625,0.43487900241807836,4.3487900241807833e-07,mle,0.11931484171676628,0.7375667002901503,ok,True,True,extraction,
spx,6523,2025-12-10,6011,6522,512,-0.9354446251776959,linear,52,0,52,52,0,52,0.1,0.1015625,0.1015625,0.4372906517746857,4.3729065177468564e-07,mle,0.11931484171676628,0.7375667002901503,ok,True,True,extraction,
spx,6524,2025-12-11,6012,6523,512,-0.9354446251776959,linear,52,0,52,52,0,52,0.1,0.1015625,0.1015625,0.43592412601073094,4.3592412601073094e-07,mle,0.11931484171676628,0.7375667002901503,ok,True,True,extraction,
spx,6525,2025-12-12,6013,6524,512,-0.9354446251776959,linear,52,0,52,52,0,52,0.1,0.1015625,0.1015625,0.4374409697373296,4.374409697373296e-07,mle,0.11931484171676628,0.7375667002901503,ok,True,True,extraction,
spx,6526,2025-12-15,6014,6525,512,-0.9488568518436777,linear,52,0,52,52,0,52,0.1,0.1015625,0.1015625,0.4381146533369182,4.3811465333691814e-07,mle,0.12998876219626881,0.7193137864256913,ok,True,True,extraction,
spx,6527,2025-12-16,6015,6526,512,-0.9488568518436777,linear,52,0,52,52,0,52,0.1,0.1015625,0.1015625,0.4381146533369182,4.3811465333691814e-07,mle,0.12998876219626881,0.7193137864256913,ok,True,True,extraction,
spx,6528,2025-12-17,6016,6527,512,-0.9488568518436777,linear,52,0,52,52,0,52,0.1,0.1015625,0.1015625,0.4368143916202937,4.3681439162029366e-07,mle,0.12998876219626881,0.7193137864256913,ok,True,True,extraction,
spx,6529,2025-12-18,6017,6528,512,-0.9509059307515438,linear,52,0,52,52,0,52,0.1,0.1015625,0.1015625,0.439226040976901,4.3922604097690097e-07,mle,0.12143005275868801,0.7280090602044231,ok,True,True,extraction,
spx,6530,2025-12-19,6018,6529,512,-0.9509059307515438,linear,52,0,52,52,0,52,0.1,0.1015625,0.1015625,0.4368143916202937,4.3681439162029366e-07,mle,0.12143005275868801,0.7280090602044231,ok,True,True,extraction,
spx,6531,2025-12-22,6019,6530,512,-0.9509059307515438,linear,52,0,52,52,0,52,0.1,0.1015625,0.1015625,0.43917725530427976,4.3917725530427974e-07,mle,0.12143005275868801,0.7280090602044231,ok,True,True,extraction,
spx,6532,2025-12-23,6020,6531,512,-0.9509059307515438,linear,52,0,52,52,0,52,0.1,0.1015625,0.1015625,0.4404345410050863,4.4043454100508626e-07,mle,0.12143005275868801,0.7280090602044231,ok,True,True,extraction,
spx,6533,2025-12-24,6021,6532,512,-0.9509059307515438,linear,52,0,52,52,0,52,0.1,0.1015625,0.1015625,0.4383173240017819,4.383173240017819e-07,mle,0.12143005275868801,0.7280090602044231,ok,True,True,extraction,
spx,6534,2025-12-26,6022,6533,512,-0.9509059307515438,linear,52,0,52,52,0,52,0.1,0.1015625,0.1015625,0.4383173240017819,4.383173240017819e-07,mle,0.12143005275868801,0.7280090602044231,ok,True,True,extraction,
spx,6535,2025-12-29,6023,6534,512,-0.9509059307515438,linear,52,0,52,52,0,52,0.1,0.1015625,0.1015625,0.4381146533369182,4.3811465333691814e-07,mle,0.12143005275868801,0.7280090602044231,ok,True,True,extraction,
spx,6536,2025-12-30,6024,6535,512,-0.9509059307515438,linear,52,0,52,52,0,52,0.1,0.1015625,0.1015625,0.4402820866194663,4.4028208661946624e-07,mle,0.12143005275868801,0.7280090602044231,ok,True,True,extraction,
spx,6537,2025-12-31,6025,6536,512,-0.9509059307515438,linear,52,0,52,52,0,52,0.1,0.1015625,0.1015625,0.439226040976901,4.3922604097690097e-07,mle,0.12143005275868801,0.7280090602044231,ok,True,True,extraction,
spx,6538,2026-01-02,6026,6537,512,-0.9509059307515438,linear,52,0,52,52,0,52,0.1,0.1015625,0.1015625,0.4413106065435782,4.4131060654357815e-07,mle,0.12143005275868801,0.7280090602044231,ok,True,True,extraction,
spx,6539,2026-01-05,6027,6538,512,-0.9509059307515438,linear,52,0,52,52,0,52,0.1,0.1015625,0.1015625,0.4413106065435782,4.4131060654357815e-07,mle,0.12143005275868801,0.7280090602044231,ok,True,True,extraction,
spx,6540,2026-01-06,6028,6539,512,-0.9509059307515438,linear,52,0,52,52,0,52,0.1,0.1015625,0.1015625,0.4435074740319917,4.4350747403199167e-07,mle,0.12143005275868801,0.7280090602044231,ok,True,True,extraction,
spx,6541,2026-01-07,6029,6540,512,-0.9509059307515438,linear,52,0,52,52,0,52,0.1,0.1015625,0.1015625,0.4435074740319917,4.4350747403199167e-07,mle,0.12143005275868801,0.7280090602044231,ok,True,True,extraction,
spx,6542,2026-01-08,6030,6541,512,-0.9488568518436777,linear,52,0,52,52,0,52,0.1,0.1015625,0.1015625,0.4435074740319917,4.4350747403199167e-07,mle,0.14253032180379255,0.7039601916963762,ok,True,True,extraction,
spx,6543,2026-01-09,6031,6542,512,-0.9488568518436777,linear,52,0,52,52,0,52,0.1,0.1015625,0.1015625,0.4413106065435782,4.4131060654357815e-07,mle,0.14253032180379255,0.7039601916963762,ok,True,True,extraction,
spx,6544,2026-01-12,6032,6543,512,-0.9488568518436777,linear,52,0,52,52,0,52,0.1,0.1015625,0.1015625,0.4419993185005403,4.419993185005403e-07,mle,0.14253032180379255,0.7039601916963762,ok,True,True,extraction,
spx,6545,2026-01-13,6033,6544,512,-0.9488568518436777,linear,52,0,52,52,0,52,0.1,0.1015625,0.1015625,0.4419993185005403,4.419993185005403e-07,mle,0.14253032180379255,0.7039601916963762,ok,True,True,extraction,
spx,6546,2026-01-14,6034,6545,512,-0.9488568518436777,linear,52,0,52,52,0,52,0.1,0.1015625,0.1015625,0.44176137519751413,4.417613751975141e-07,mle,0.14253032180379255,0.7039601916963762,ok,True,True,extraction,
spx,6547,2026-01-15,6035,6546,512,-0.9488568518436777,linear,52,0,52,52,0,52,0.1,0.1015625,0.1015625,0.44200095537953776,4.4200095537953777e-07,mle,0.14253032180379255,0.7039601916963762,ok,True,True,extraction,
spx,6548,2026-01-16,6036,6547,512,-0.9488568518436777,linear,52,0,52,52,0,52,0.1,0.1015625,0.1015625,0.4424737801958537,4.424737801958537e-07,mle,0.14253032180379255,0.7039601916963762,ok,True,True,extraction,
spx,6549,2026-01-20,6037,6548,512,-0.9488568518436777,linear,52,0,52,52,0,52,0.1,0.1015625,0.1015625,0.4419993185005403,4.419993185005403e-07,mle,0.14253032180379255,0.7039601916963762,ok,True,True,extraction,
spx,6550,2026-01-21,6038,6549,512,-0.9509059307515438,linear,52,0,52,52,0,52,0.1,0.1015625,0.1015625,0.4419993185005403,4.419993185005403e-07,mle,0.10988519334496084,0.7480310544036899,ok,True,True,extraction,
spx,6551,2026-01-22,6039,6550,512,-0.9509059307515438,linear,52,0,52,52,0,52,0.1,0.1015625,0.1015625,0.4435074740319917,4.4350747403199167e-07,mle,0.10988519334496084,0.7480310544036899,ok,True,True,extraction,
spx,6552,2026-01-23,6040,6551,512,-0.9509059307515438,linear,52,0,52,52,0,52,0.1,0.1015625,0.1015625,0.4435074740319917,4.4350747403199167e-07,mle,0.10988519334496084,0.7480310544036899,ok,True,True,extraction,
spx,6553,2026-01-26,6041,6552,512,-0.9509059307515438,linear,52,0,52,52,0,52,0.1,0.1015625,0.1015625,0.4413106065435782,4.4131060654357815e-07,mle,0.10988519334496084,0.7480310544036899,ok,True,True,extraction,
spx,6554,2026-01-27,6042,6553,512,-0.9509059307515438,linear,52,0,52,52,0,52,0.1,0.1015625,0.1015625,0.4413106065435782,4.4131060654357815e-07,mle,0.10988519334496084,0.7480310544036899,ok,True,True,extraction,
spx,6555,2026-01-28,6043,6554,512,-0.9509059307515438,linear,52,0,52,52,0,52,0.1,0.1015625,0.1015625,0.439226040976901,4.3922604097690097e-07,mle,0.10988519334496084,0.7480310544036899,ok,True,True,extraction,
spx,6556,2026-01-29,6044,6555,512,-0.9509059307515438,linear,52,0,52,52,0,52,0.1,0.1015625,0.1015625,0.439226040976901,4.3922604097690097e-07,mle,0.10988519334496084,0.7480310544036899,ok,True,True,extraction,
spx,6557,2026-01-30,6045,6556,512,-0.9509059307515438,linear,52,0,52,52,0,52,0.1,0.1015625,0.1015625,0.439226040976901,4.3922604097690097e-07,mle,0.10988519334496084,0.7480310544036899,ok,True,True,extraction,
spx,6558,2026-02-02,6046,6557,512,-0.9509059307515438,linear,52,0,52,52,0,52,0.1,0.1015625,0.1015625,0.439226040976901,4.3922604097690097e-07,mle,0.10988519334496084,0.7480310544036899,ok,True,True,extraction,
spx,6559,2026-02-03,6047,6558,512,-0.9509059307515438,linear,52,0,52,52,0,52,0.1,0.1015625,0.1015625,0.43592412601073094,4.3592412601073094e-07,mle,0.10988519334496084,0.7480310544036899,ok,True,True,extraction,
spx,6560,2026-02-04,6048,6559,512,-0.9509059307515438,linear,52,0,52,52,0,52,0.1,0.1015625,0.1015625,0.43833577536733825,4.3833577536733825e-07,mle,0.10988519334496084,0.7480310544036899,ok,True,True,extraction,
spx,6561,2026-02-05,6049,6560,512,-0.9509059307515438,linear,52,0,52,52,0,52,0.1,0.1015625,0.1015625,0.43984393089878965,4.3984393089878964e-07,mle,0.10988519334496084,0.7480310544036899,ok,True,True,extraction,
spx,6562,2026-02-06,6050,6561,512,-0.9620022015815916,linear,52,0,52,52,0,52,0.1,0.1015625,0.1015625,0.44073255962935487,4.4073255962935487e-07,mle,0.11051956013688904,0.7423323511568002,ok,True,True,extraction,
spx,6563,2026-02-09,6051,6562,512,-0.9620022015815916,linear,52,0,52,52,0,52,0.1,0.1015625,0.1015625,0.4412070213246684,4.412070213246684e-07,mle,0.11051956013688904,0.7423323511568002,ok,True,True,extraction,
spx,6564,2026-02-10,6052,6563,512,-0.9620022015815916,linear,52,0,52,52,0,52,0.1,0.1015625,0.1015625,0.4413106065435782,4.4131060654357815e-07,mle,0.11051956013688904,0.7423323511568002,ok,True,True,extraction,
spx,6565,2026-02-11,6053,6564,512,-0.9620022015815916,linear,52,0,52,52,0,52,0.1,0.1015625,0.1015625,0.4413815519257977,4.4138155192579765e-07,mle,0.11051956013688904,0.7423323511568002,ok,True,True,extraction,
spx,6566,2026-02-12,6054,6565,512,-0.9620022015815916,linear,52,0,52,52,0,52,0.1,0.1015625,0.1015625,0.4413815519257977,4.4138155192579765e-07,mle,0.11051956013688904,0.7423323511568002,ok,True,True,extraction,
spx,6567,2026-02-13,6055,6566,512,-0.9921998665019937,linear,52,0,52,52,0,52,0.1,0.1015625,0.1015625,0.44185164175536423,4.418516417553642e-07,mle,0.12415048995572905,0.7149014623816611,ok,True,True,extraction,
spx,6568,2026-02-17,6056,6567,512,-0.9921998665019937,linear,52,0,52,52,0,52,0.1,0.1015625,0.1015625,0.44185164175536423,4.418516417553642e-07,mle,0.12415048995572905,0.7149014623816611,ok,True,True,extraction,
spx,6569,2026-02-18,6057,6568,512,-0.9620022015815916,linear,52,0,52,52,0,52,0.1,0.1015625,0.1015625,0.44071625160486155,4.407162516048615e-07,mle,0.11163077903511147,0.7406488922923005,ok,True,True,extraction,
spx,6570,2026-02-19,6058,6569,512,-0.9620022015815916,linear,52,0,52,52,0,52,0.1,0.1015625,0.1015625,0.44071625160486155,4.407162516048615e-07,mle,0.11163077903511147,0.7406488922923005,ok,True,True,extraction,
spx,6571,2026-02-20,6059,6570,512,-0.9620022015815916,linear,52,0,52,52,0,52,0.1,0.1015625,0.1015625,0.44149919534590293,4.414991953459029e-07,mle,0.11163077903511147,0.7406488922923005,ok,True,True,extraction,
spx,6572,2026-02-23,6060,6571,512,-0.9620022015815916,linear,52,0,52,52,0,52,0.1,0.1015625,0.1015625,0.44071625160486155,4.407162516048615e-07,mle,0.11163077903511147,0.7406488922923005,ok,True,True,extraction,
spx,6573,2026-02-24,6061,6572,512,-0.9921998665019937,linear,52,0,52,52,0,52,0.1,0.1015625,0.1015625,0.4448384863894332,4.4483848638943316e-07,mle,0.14838324323952748,0.6860146302653225,ok,True,True,extraction,
spx,6574,2026-02-25,6062,6573,512,-0.9921998665019937,linear,52,0,52,52,0,52,0.1,0.1015625,0.1015625,0.4448384863894332,4.4483848638943316e-07,mle,0.14838324323952748,0.6860146302653225,ok,True,True,extraction,
spx,6575,2026-02-26,6063,6574,512,-0.9921998665019937,linear,52,0,52,52,0,52,0.1,0.1015625,0.1015625,0.4428967653480168,4.4289676534801677e-07,mle,0.14838324323952748,0.6860146302653225,ok,True,True,extraction,
spx,6576,2026-02-27,6064,6575,512,-0.9921998665019937,linear,52,0,52,52,0,52,0.1,0.1015625,0.1015625,0.44588360998208576,4.458836099820857e-07,mle,0.14838324323952748,0.6860146302653225,ok,True,True,extraction,
spx,6577,2026-03-02,6065,6576,512,-0.9921998665019937,linear,52,0,52,52,0,52,0.1,0.1015625,0.1015625,0.4467738755916485,4.467738755916485e-07,mle,0.14838324323952748,0.6860146302653225,ok,True,True,extraction,
spx,6578,2026-03-03,6066,6577,512,-0.9620022015815916,linear,52,0,52,52,0,52,0.1,0.1015625,0.1015625,0.44588360998208576,4.458836099820857e-07,mle,0.1261780727801076,0.7231430875231213,ok,True,True,extraction,
spx,6579,2026-03-04,6067,6578,512,-0.9620022015815916,linear,52,0,52,52,0,52,0.1,0.1015625,0.1015625,0.44738587979876565,4.4738587979876564e-07,mle,0.1261780727801076,0.7231430875231213,ok,True,True,extraction,
spx,6580,2026-03-05,6068,6579,512,-0.9620022015815916,linear,52,0,52,52,0,52,0.1,0.1015625,0.1015625,0.44738587979876565,4.4738587979876564e-07,mle,0.1261780727801076,0.7231430875231213,ok,True,True,extraction,
spx,6581,2026-03-06,6069,6580,512,-0.9620022015815916,linear,52,0,52,52,0,52,0.1,0.1015625,0.1015625,0.44738587979876565,4.4738587979876564e-07,mle,0.1261780727801076,0.7231430875231213,ok,True,True,extraction,
spx,6582,2026-03-09,6070,6581,512,-0.9921998665019937,linear,52,0,52,52,0,52,0.1,0.1015625,0.1015625,0.44738587979876565,4.4738587979876564e-07,mle,0.15002432944062327,0.6840435102777708,ok,True,True,extraction,
spx,6583,2026-03-10,6071,6582,512,-0.9921998665019937,linear,52,0,52,52,0,52,0.1,0.1015625,0.1015625,0.44763085987435075,4.4763085987435075e-07,mle,0.15002432944062327,0.6840435102777708,ok,True,True,extraction,
spx,6584,2026-03-11,6072,6583,512,-0.9921998665019937,linear,52,0,52,52,0,52,0.1,0.1015625,0.1015625,0.44738587979876565,4.4738587979876564e-07,mle,0.15002432944062327,0.6840435102777708,ok,True,True,extraction,
spx,6585,2026-03-12,6073,6584,512,-0.9921998665019937,linear,52,0,52,52,0,52,0.1,0.1015625,0.1015625,0.44738587979876565,4.4738587979876564e-07,mle,0.15002432944062327,0.6840435102777708,ok,True,True,extraction,
spx,6586,2026-03-13,6074,6585,512,-1.0216284790779646,linear,52,0,52,52,0,52,0.1,0.1015625,0.1015625,0.44738587979876565,4.4738587979876564e-07,mle,0.16879984000921056,0.653449293324009,ok,True,True,extraction,
spx,6587,2026-03-16,6075,6586,512,-1.0216284790779646,linear,52,0,52,52,0,52,0.1,0.1015625,0.1015625,0.44853318159197264,4.4853318159197264e-07,mle,0.16879984000921056,0.653449293324009,ok,True,True,extraction,
spx,6588,2026-03-17,6076,6587,512,-1.0216284790779646,linear,52,0,52,52,0,52,0.1,0.1015625,0.1015625,0.44940639117960757,4.4940639117960755e-07,mle,0.16879984000921056,0.653449293324009,ok,True,True,extraction,
spx,6589,2026-03-18,6077,6588,512,-1.0216284790779646,linear,52,0,52,52,0,52,0.1,0.1015625,0.1015625,0.44940639117960757,4.4940639117960755e-07,mle,0.16879984000921056,0.653449293324009,ok,True,True,extraction,
spx,6590,2026-03-19,6078,6589,512,-1.0420504151902612,linear,52,0,52,52,0,52,0.1,0.1015625,0.1015625,0.45000134744512155,4.5000134744512153e-07,mle,0.18206901790841531,0.6319711435204817,ok,True,True,extraction,
spx,6591,2026-03-20,6079,6590,512,-1.0420504151902612,linear,52,0,52,52,0,52,0.1,0.1015625,0.1015625,0.45000134744512155,4.5000134744512153e-07,mle,0.18206901790841531,0.6319711435204817,ok,True,True,extraction,
spx,6592,2026-03-23,6080,6591,512,-1.0683596314033377,linear,52,0,52,52,0,52,0.1,0.1015625,0.1015625,0.45000134744512155,4.5000134744512153e-07,mle,0.20084475699546694,0.6043721420681663,ok,True,True,extraction,
spx,6593,2026-03-24,6081,6592,512,-1.0683596314033377,linear,52,0,52,52,0,52,0.1,0.1015625,0.1015625,0.4511261201529115,4.5112612015291147e-07,mle,0.20084475699546694,0.6043721420681663,ok,True,True,extraction,
spx,6594,2026-03-25,6082,6593,512,-1.0683596314033377,linear,52,0,52,52,0,52,0.1,0.1015625,0.1015625,0.4559589846535648,4.559589846535648e-07,mle,0.20084475699546694,0.6043721420681663,ok,True,True,extraction,
spx,6595,2026-03-26,6083,6594,512,-1.0683596314033377,linear,52,0,52,52,0,52,0.1,0.1015625,0.1015625,0.45000134744512155,4.5000134744512153e-07,mle,0.20084475699546694,0.6043721420681663,ok,True,True,extraction,
spx,6596,2026-03-27,6084,6595,512,-1.0719888820131054,linear,52,0,52,52,0,52,0.1,0.1015625,0.1015625,0.4511261201529115,4.5112612015291147e-07,mle,0.17326901584042476,0.6319477110243344,ok,True,True,extraction,
spx,6597,2026-03-30,6085,6596,512,-1.075579789341221,linear,52,0,52,52,0,52,0.1,0.1015625,0.1015625,0.4559589846535648,4.559589846535648e-07,mle,0.15002587062874867,0.6560876704799363,ok,True,True,extraction,
spx,6598,2026-03-31,6086,6597,512,-1.075579789341221,linear,52,0,52,52,0,52,0.1,0.1015625,0.1015625,0.4570041082462174,4.570041082462174e-07,mle,0.15002587062874867,0.6560876704799363,ok,True,True,extraction,
spx,6599,2026-04-01,6087,6598,512,-1.075579789341221,linear,52,0,52,52,0,52,0.1,0.1015625,0.1015625,0.4530615093551268,4.5306150935512675e-07,mle,0.15002587062874867,0.6560876704799363,ok,True,True,extraction,
spx,6600,2026-04-02,6088,6599,512,-1.075579789341221,linear,52,0,52,52,0,52,0.1,0.1015625,0.1015625,0.45107759871327463,4.510775987132746e-07,mle,0.15002587062874867,0.6560876704799363,ok,True,True,extraction,
spx,6601,2026-04-06,6089,6600,512,-1.075579789341221,linear,52,0,52,52,0,52,0.1,0.1015625,0.1015625,0.45032778446467076,4.503277844646707e-07,mle,0.15002587062874867,0.6560876704799363,ok,True,True,extraction,
spx,6602,2026-04-07,6090,6601,512,-1.075579789341221,linear,52,0,52,52,0,52,0.1,0.1015625,0.1015625,0.4502966567891703,4.5029665678917027e-07,mle,0.15002587062874867,0.6560876704799363,ok,True,True,extraction,
spx,6603,2026-04-08,6091,6602,512,-1.075579789341221,linear,52,0,52,52,0,52,0.1,0.1015625,0.1015625,0.45000134744512155,4.5000134744512153e-07,mle,0.15002587062874867,0.6560876704799363,ok,True,True,extraction,
spx,6604,2026-04-09,6092,6603,512,-1.075579789341221,linear,52,0,52,52,0,52,0.1,0.1015625,0.1015625,0.4511261201529115,4.5112612015291147e-07,mle,0.15002587062874867,0.6560876704799363,ok,True,True,extraction,
spx,6605,2026-04-10,6093,6604,512,-1.075579789341221,linear,52,0,52,52,0,52,0.1,0.1015625,0.1015625,0.45032778446467076,4.503277844646707e-07,mle,0.15002587062874867,0.6560876704799363,ok,True,True,extraction,
spx,6606,2026-04-13,6094,6605,512,-1.075579789341221,linear,52,0,52,52,0,52,0.1,0.1015625,0.1015625,0.45032778446467076,4.503277844646707e-07,mle,0.15002587062874867,0.6560876704799363,ok,True,True,extraction,
spx,6607,2026-04-14,6095,6606,512,-1.075579789341221,linear,52,0,52,52,0,52,0.1,0.1015625,0.1015625,0.4516976076390856,4.516976076390856e-07,mle,0.15002587062874867,0.6560876704799363,ok,True,True,extraction,
spx,6608,2026-04-15,6096,6607,512,-1.075579789341221,linear,52,0,52,52,0,52,0.1,0.1015625,0.1015625,0.4516976076390856,4.516976076390856e-07,mle,0.15002587062874867,0.6560876704799363,ok,True,True,extraction,
spx,6609,2026-04-16,6097,6608,512,-1.075579789341221,linear,52,0,52,52,0,52,0.1,0.1015625,0.1015625,0.45243998725356654,4.524399872535665e-07,mle,0.15002587062874867,0.6560876704799363,ok,True,True,extraction,
spx,6610,2026-04-17,6098,6609,512,-1.075579789341221,linear,52,0,52,52,0,52,0.1,0.1015625,0.1015625,0.4537717864224658,4.5377178642246577e-07,mle,0.15002587062874867,0.6560876704799363,ok,True,True,extraction,
spx,6611,2026-04-20,6099,6610,512,-1.075579789341221,linear,52,0,52,52,0,52,0.1,0.1015625,0.1015625,0.45497175689850944,4.5497175689850944e-07,mle,0.15002587062874867,0.6560876704799363,ok,True,True,extraction,
spx,6612,2026-04-21,6100,6611,512,-1.075579789341221,linear,52,0,52,52,0,52,0.1,0.1015625,0.1015625,0.4537717864224658,4.5377178642246577e-07,mle,0.15002587062874867,0.6560876704799363,ok,True,True,extraction,
spx,6613,2026-04-22,6101,6612,512,-1.0719888820131054,linear,52,0,52,52,0,52,0.1,0.1015625,0.1015625,0.4537717864224658,4.5377178642246577e-07,mle,0.15487044401531325,0.652888152792253,ok,True,True,extraction,
spx,6614,2026-04-23,6102,6613,512,-1.0719888820131054,linear,52,0,52,52,0,52,0.1,0.1015625,0.1015625,0.4537717864224658,4.5377178642246577e-07,mle,0.15487044401531325,0.652888152792253,ok,True,True,extraction,
spx,6615,2026-04-24,6103,6614,512,-1.0719888820131054,linear,52,0,52,52,0,52,0.1,0.1015625,0.1015625,0.4546003799107963,4.546003799107963e-07,mle,0.15487044401531325,0.652888152792253,ok,True,True,extraction,
spx,6616,2026-04-27,6104,6615,512,-1.0719888820131054,linear,52,0,52,52,0,52,0.1,0.1015625,0.1015625,0.46019300396005886,4.6019300396005883e-07,mle,0.15487044401531325,0.652888152792253,ok,True,True,extraction,
spx,6617,2026-04-28,6105,6616,512,-1.0719888820131054,linear,52,0,52,52,0,52,0.1,0.1015625,0.1015625,0.4588338595547324,4.5883385955473237e-07,mle,0.15487044401531325,0.652888152792253,ok,True,True,extraction,
spx,6618,2026-04-29,6106,6617,512,-1.0719888820131054,linear,52,0,52,52,0,52,0.1,0.1015625,0.1015625,0.4546003799107963,4.546003799107963e-07,mle,0.15487044401531325,0.652888152792253,ok,True,True,extraction,
spx,6619,2026-04-30,6107,6618,512,-1.0683596314033377,linear,52,0,52,52,0,52,0.1,0.1015625,0.1015625,0.4537717864224658,4.5377178642246577e-07,mle,0.17090224862596481,0.6376972813698398,ok,True,True,extraction,
spx,6620,2026-05-01,6108,6619,512,-1.0391382666764264,linear,52,0,52,52,0,52,0.1,0.1015625,0.1015625,0.45621839190837643,4.5621839190837643e-07,mle,0.13658028150165252,0.686053168857741,ok,True,True,extraction,
spx,6621,2026-05-04,6109,6620,512,-1.0391382666764264,linear,52,0,52,52,0,52,0.1,0.1015625,0.1015625,0.4575775363137029,4.575775363137029e-07,mle,0.13658028150165252,0.686053168857741,ok,True,True,extraction,
spx,6622,2026-05-05,6110,6621,512,-1.0391382666764264,linear,52,0,52,52,0,52,0.1,0.1015625,0.1015625,0.4575775363137029,4.575775363137029e-07,mle,0.13658028150165252,0.686053168857741,ok,True,True,extraction,
spx,6623,2026-05-06,6111,6622,512,-1.0391382666764264,linear,52,0,52,52,0,52,0.1,0.1015625,0.1015625,0.4597520186529586,4.5975201865295857e-07,mle,0.13658028150165252,0.686053168857741,ok,True,True,extraction,
spx,6624,2026-05-07,6112,6623,512,-1.0391382666764264,linear,52,0,52,52,0,52,0.1,0.1015625,0.1015625,0.46144373592379173,4.614437359237917e-07,mle,0.13658028150165252,0.686053168857741,ok,True,True,extraction,
spx,6625,2026-05-08,6113,6624,512,-1.0391382666764264,linear,52,0,52,52,0,52,0.1,0.1015625,0.1015625,0.4597520186529586,4.5975201865295857e-07,mle,0.13658028150165252,0.686053168857741,ok,True,True,extraction,
spx,6626,2026-05-11,6114,6625,512,-1.0391382666764264,linear,52,0,52,52,0,52,0.1,0.1015625,0.1015625,0.4597520186529586,4.5975201865295857e-07,mle,0.13658028150165252,0.686053168857741,ok,True,True,extraction,
spx,6627,2026-05-12,6115,6626,512,-1.0391382666764264,linear,52,0,52,52,0,52,0.1,0.1015625,0.1015625,0.46144373592379173,4.614437359237917e-07,mle,0.13658028150165252,0.686053168857741,ok,True,True,extraction,
spx,6628,2026-05-13,6116,6627,512,-1.0391382666764264,linear,52,0,52,52,0,52,0.1,0.1015625,0.1015625,0.459846303934995,4.5984630393499495e-07,mle,0.13658028150165252,0.686053168857741,ok,True,True,extraction,
spx,6629,2026-05-14,6117,6628,512,-1.0391382666764264,linear,52,0,52,52,0,52,0.1,0.1015625,0.1015625,0.459846303934995,4.5984630393499495e-07,mle,0.13658028150165252,0.686053168857741,ok,True,True,extraction,
spx,6630,2026-05-15,6118,6629,512,-1.0391382666764264,linear,52,0,52,52,0,52,0.1,0.1015625,0.1015625,0.46144373592379173,4.614437359237917e-07,mle,0.13658028150165252,0.686053168857741,ok,True,True,extraction,
spx,6631,2026-05-18,6119,6630,512,-1.0391382666764264,linear,52,0,52,52,0,52,0.1,0.1015625,0.1015625,0.46144373592379173,4.614437359237917e-07,mle,0.15029420520531,0.6698084565179623,ok,True,True,extraction,
spx,6632,2026-05-19,6120,6631,512,-1.0391382666764264,linear,52,0,52,52,0,52,0.1,0.1015625,0.1015625,0.46144373592379173,4.614437359237917e-07,mle,0.15029420520531,0.6698084565179623,ok,True,True,extraction,
spx,6633,2026-05-20,6121,6632,512,-1.0391382666764264,linear,52,0,52,52,0,52,0.1,0.1015625,0.1015625,0.4597520186529586,4.5975201865295857e-07,mle,0.15029420520531,0.6698084565179623,ok,True,True,extraction,
spx,6634,2026-05-21,6122,6633,512,-1.0391382666764264,linear,52,0,52,52,0,52,0.1,0.1015625,0.1015625,0.4597520186529586,4.5975201865295857e-07,mle,0.15029420520531,0.6698084565179623,ok,True,True,extraction,
spx,6635,2026-05-22,6123,6634,512,-1.0391382666764264,linear,52,0,52,52,0,52,0.1,0.1015625,0.1015625,0.4575775363137029,4.575775363137029e-07,mle,0.15029420520531,0.6698084565179623,ok,True,True,extraction,
spx,6636,2026-05-26,6124,6635,512,-1.0391382666764264,linear,52,0,52,52,0,52,0.1,0.1015625,0.1015625,0.4575775363137029,4.575775363137029e-07,mle,0.15029420520531,0.6698084565179623,ok,True,True,extraction,
spx,6637,2026-05-27,6125,6636,512,-1.0391382666764264,linear,52,0,52,52,0,52,0.1,0.1015625,0.1015625,0.46144373592379173,4.614437359237917e-07,mle,0.15029420520531,0.6698084565179623,ok,True,True,extraction,
spx,6638,2026-05-28,6126,6637,512,-1.0391382666764264,linear,52,0,52,52,0,52,0.1,0.1015625,0.1015625,0.4597520186529586,4.5975201865295857e-07,mle,0.15029420520531,0.6698084565179623,ok,True,True,extraction,
spx,6639,2026-05-29,6127,6638,512,-1.0391382666764264,linear,52,0,52,52,0,52,0.1,0.1015625,0.1015625,0.46102712719320516,4.6102712719320515e-07,mle,0.15029420520531,0.6698084565179623,ok,True,True,extraction,
spx,6640,2026-06-01,6128,6639,512,-1.0391382666764264,linear,52,0,52,52,0,52,0.1,0.1015625,0.1015625,0.46144373592379173,4.614437359237917e-07,mle,0.15029420520531,0.6698084565179623,ok,True,True,extraction,
spx,6641,2026-06-02,6129,6640,512,-1.0391382666764264,linear,52,0,52,52,0,52,0.1,0.1015625,0.1015625,0.46144373592379173,4.614437359237917e-07,mle,0.15029420520531,0.6698084565179623,ok,True,True,extraction,
spx,6642,2026-06-03,6130,6641,512,-1.0391382666764264,linear,52,0,52,52,0,52,0.1,0.1015625,0.1015625,0.45915403916133013,4.591540391613301e-07,mle,0.15029420520531,0.6698084565179623,ok,True,True,extraction,
spx,6643,2026-06-04,6131,6642,512,-1.0391382666764264,linear,52,0,52,52,0,52,0.1,0.1015625,0.1015625,0.46144373592379173,4.614437359237917e-07,mle,0.15029420520531,0.6698084565179623,ok,True,True,extraction,
spx,6644,2026-06-05,6132,6643,512,-1.0391382666764264,linear,52,0,52,52,0,52,0.1,0.1015625,0.1015625,0.4594656674060249,4.594656674060249e-07,mle,0.15029420520531,0.6698084565179623,ok,True,True,extraction,
spx,6645,2026-06-08,6133,6644,512,-1.0683596314033377,linear,52,0,52,52,0,52,0.1,0.1015625,0.1015625,0.4595966873105628,4.595966873105628e-07,mle,0.15800022897496746,0.6662513295860963,ok,True,True,extraction,
spx,6646,2026-06-09,6134,6645,512,-1.0683596314033377,linear,52,0,52,52,0,52,0.1,0.1015625,0.1015625,0.4595966873105628,4.595966873105628e-07,mle,0.15800022897496746,0.6662513295860963,ok,True,True,extraction,
spx,6647,2026-06-10,6135,6646,512,-1.0683596314033377,linear,52,0,52,52,0,52,0.1,0.1015625,0.1015625,0.4595966873105628,4.595966873105628e-07,mle,0.15800022897496746,0.6662513295860963,ok,True,True,extraction,
spx,6648,2026-06-11,6136,6647,512,-1.0719888820131054,linear,52,0,52,52,0,52,0.1,0.1015625,0.1015625,0.4595966873105628,4.595966873105628e-07,mle,0.13606668297689617,0.6891994475855334,ok,True,True,extraction,
spx,6649,2026-06-12,6137,6648,512,-1.0719888820131054,linear,52,0,52,52,0,52,0.1,0.1015625,0.1015625,0.4595966873105628,4.595966873105628e-07,mle,0.13606668297689617,0.6891994475855334,ok,True,True,extraction,
spx,6650,2026-06-15,6138,6649,512,-1.0719888820131054,linear,52,0,52,52,0,52,0.1,0.1015625,0.1015625,0.4554551079751478,4.554551079751478e-07,mle,0.13606668297689617,0.6891994475855334,ok,True,True,extraction,
spx,6651,2026-06-16,6139,6650,512,-1.0719888820131054,linear,52,0,52,52,0,52,0.1,0.1015625,0.1015625,0.4562775330258677,4.562775330258677e-07,mle,0.13606668297689617,0.6891994475855334,ok,True,True,extraction,
spx,6652,2026-06-17,6140,6651,512,-1.0719888820131054,linear,52,0,52,52,0,52,0.1,0.1015625,0.1015625,0.4562775330258677,4.562775330258677e-07,mle,0.13606668297689617,0.6891994475855334,ok,True,True,extraction,
spx,6653,2026-06-18,6141,6652,512,-1.075579789341221,linear,52,0,52,52,0,52,0.1,0.1015625,0.1015625,0.4554551079751478,4.554551079751478e-07,mle,0.13247113923278336,0.6913181824749263,ok,True,True,extraction,
spx,6654,2026-06-22,6142,6653,512,-1.075579789341221,linear,52,0,52,52,0,52,0.1,0.1015625,0.1015625,0.45658805859011087,4.5658805859011084e-07,mle,0.13247113923278336,0.6913181824749263,ok,True,True,extraction,
spx,6655,2026-06-23,6143,6654,512,-1.075579789341221,linear,52,0,52,52,0,52,0.1,0.1015625,0.1015625,0.4566884744170285,4.5668847441702843e-07,mle,0.13247113923278336,0.6913181824749263,ok,True,True,extraction,
spx,6656,2026-06-24,6144,6655,512,-1.1081541862593962,linear,52,0,52,52,0,52,0.1,0.1015625,0.1015625,0.46219935107432936,4.6219935107432934e-07,mle,0.16154182459650965,0.6472095626149611,ok,True,True,extraction,
spx,6657,2026-06-25,6145,6656,512,-1.1081541862593962,linear,52,0,52,52,0,52,0.1,0.1015625,0.1015625,0.46219935107432936,4.6219935107432934e-07,mle,0.16154182459650965,0.6472095626149611,ok,True,True,extraction,
spx,6658,2026-06-26,6146,6657,512,-1.1081541862593962,linear,52,0,52,52,0,52,0.1,0.1015625,0.1015625,0.46219935107432936,4.6219935107432934e-07,mle,0.16154182459650965,0.6472095626149611,ok,True,True,extraction,
spx,6659,2026-06-29,6147,6658,512,-1.1081541862593962,linear,52,0,52,52,0,52,0.1,0.1015625,0.1015625,0.4650341606216667,4.650341606216667e-07,mle,0.16154182459650965,0.6472095626149611,ok,True,True,extraction,
spx,6660,2026-06-30,6148,6659,512,-1.1081541862593962,linear,52,0,52,52,0,52,0.1,0.1015625,0.1015625,0.4651651805262046,4.6516518052620457e-07,mle,0.16154182459650965,0.6472095626149611,ok,True,True,extraction,
spx,6661,2026-07-01,6149,6660,512,-1.1081541862593962,linear,52,0,52,52,0,52,0.1,0.1015625,0.1015625,0.4651651805262046,4.6516518052620457e-07,mle,0.16154182459650965,0.6472095626149611,ok,True,True,extraction,
spx,6662,2026-07-02,6150,6661,512,-1.1081541862593962,linear,52,0,52,52,0,52,0.1,0.1015625,0.1015625,0.4684594116356978,4.684594116356978e-07,mle,0.16154182459650965,0.6472095626149611,ok,True,True,extraction,
