asset,t,date,ctx_start,ctx_end,W,u,quantile_method,n_lt_u,n_eq_u,n_le_u,n_raw_exc,tie_count,n_kept,tau_nominal,tau_strict,tau_fit,scale_ref,beta_floor,fit_branch,xi,beta,status,var_defined,es_defined,layer,exclusion_reason
xom,4024,2016-01-04,3512,4023,512,-1.412262932929178,linear,52,0,52,52,0,52,0.1,0.1015625,0.1015625,0.6613158350540199,6.613158350540199e-07,mle,-0.08000622937003268,0.9919157328441712,ok,True,True,extraction,
xom,4025,2016-01-05,3513,4024,512,-1.412262932929178,linear,52,0,52,52,0,52,0.1,0.1015625,0.1015625,0.6613158350540199,6.613158350540199e-07,mle,-0.08000622937003268,0.9919157328441712,ok,True,True,extraction,
xom,4026,2016-01-06,3514,4025,512,-1.412262932929178,linear,52,0,52,52,0,52,0.1,0.1015625,0.1015625,0.6613158350540199,6.613158350540199e-07,mle,-0.08000622937003268,0.9919157328441712,ok,True,True,extraction,
xom,4027,2016-01-07,3515,4026,512,-1.412262932929178,linear,52,0,52,52,0,52,0.1,0.1015625,0.1015625,0.6648607505134151,6.64860750513415e-07,mle,-0.08000622937003268,0.9919157328441712,ok,True,True,extraction,
xom,4028,2016-01-08,3516,4027,512,-1.4405321817056018,linear,52,0,52,52,0,52,0.1,0.1015625,0.1015625,0.665711429054934,6.657114290549339e-07,mle,-0.04520247187354804,0.9337109160108281,ok,True,True,extraction,
xom,4029,2016-01-11,3517,4028,512,-1.4434191960503657,linear,52,0,52,52,0,52,0.1,0.1015625,0.1015625,0.6664338706092391,6.664338706092391e-07,mle,-0.07173252619692463,0.967068853547395,ok,True,True,extraction,
xom,4030,2016-01-12,3518,4029,512,-1.4434191960503657,linear,52,0,52,52,0,52,0.1,0.1015625,0.1015625,0.6696860737420276,6.696860737420275e-07,mle,-0.07173252619692463,0.967068853547395,ok,True,True,extraction,
xom,4031,2016-01-13,3519,4030,512,-1.4434191960503657,linear,52,0,52,52,0,52,0.1,0.1015625,0.1015625,0.6703482457333574,6.703482457333574e-07,mle,-0.07173252619692463,0.967068853547395,ok,True,True,extraction,
xom,4032,2016-01-14,3520,4031,512,-1.4434191960503657,linear,52,0,52,52,0,52,0.1,0.1015625,0.1015625,0.663617291624029,6.63617291624029e-07,mle,-0.07173252619692463,0.967068853547395,ok,True,True,extraction,
xom,4033,2016-01-15,3521,4032,512,-1.4407987366673574,linear,52,0,52,52,0,52,0.1,0.1015625,0.1015625,0.663617291624029,6.63617291624029e-07,mle,-0.07575438014614999,0.9736204637850848,ok,True,True,extraction,
xom,4034,2016-01-19,3522,4033,512,-1.4605156213788528,linear,52,0,52,52,0,52,0.1,0.1015625,0.1015625,0.6703482457333574,6.703482457333574e-07,mle,-0.07156904617034815,0.9593087532169371,ok,True,True,extraction,
xom,4035,2016-01-20,3523,4034,512,-1.4846838112457472,linear,52,0,52,52,0,52,0.1,0.1015625,0.1015625,0.6727335651946653,6.727335651946652e-07,mle,-0.03635531754328458,0.9036199232552857,ok,True,True,extraction,
xom,4036,2016-01-21,3524,4035,512,-1.4897007180154394,linear,52,0,52,52,0,52,0.1,0.1015625,0.1015625,0.6718951109884997,6.718951109884998e-07,mle,-0.07057905138313937,0.986883812148512,ok,True,True,extraction,
xom,4037,2016-01-22,3525,4036,512,-1.4897007180154394,linear,52,0,52,52,0,52,0.1,0.1015625,0.1015625,0.6735742314274319,6.735742314274319e-07,mle,-0.07057905138313937,0.986883812148512,ok,True,True,extraction,
xom,4038,2016-01-25,3526,4037,512,-1.4897007180154394,linear,52,0,52,52,0,52,0.1,0.1015625,0.1015625,0.6728517898731268,6.728517898731267e-07,mle,-0.07057905138313937,0.986883812148512,ok,True,True,extraction,
xom,4039,2016-01-26,3527,4038,512,-1.5086100562598779,linear,52,0,52,52,0,52,0.1,0.1015625,0.1015625,0.6735742314274319,6.735742314274319e-07,mle,-0.10749456383717111,1.0428741341140975,ok,True,True,extraction,
xom,4040,2016-01-27,3528,4039,512,-1.4897007180154394,linear,52,0,52,52,0,52,0.1,0.1015625,0.1015625,0.6728517898731268,6.728517898731267e-07,mle,-0.11230776496910772,1.058234837304572,ok,True,True,extraction,
xom,4041,2016-01-28,3529,4040,512,-1.5086100562598779,linear,52,0,52,52,0,52,0.1,0.1015625,0.1015625,0.6743486957753755,6.743486957753754e-07,mle,-0.10098474655426057,1.0338831942505895,ok,True,True,extraction,
xom,4042,2016-01-29,3530,4041,512,-1.5086100562598779,linear,52,0,52,52,0,52,0.1,0.1015625,0.1015625,0.6767717126817143,6.767717126817143e-07,mle,-0.10098474655426057,1.0338831942505895,ok,True,True,extraction,
xom,4043,2016-02-01,3531,4042,512,-1.5086100562598779,linear,52,0,52,52,0,52,0.1,0.1015625,0.1015625,0.6783904579301063,6.783904579301063e-07,mle,-0.10098474655426057,1.0338831942505895,ok,True,True,extraction,
xom,4044,2016-02-02,3532,4043,512,-1.5123143886462422,linear,52,0,52,52,0,52,0.1,0.1015625,0.1015625,0.6824346897346534,6.824346897346533e-07,mle,-0.12238360369011797,1.061608015637228,ok,True,True,extraction,
xom,4045,2016-02-03,3533,4044,512,-1.51464600092798,linear,52,0,52,52,0,52,0.1,0.1015625,0.1015625,0.6870265902613746,6.870265902613745e-07,mle,-0.15348238899654756,1.1059123202022008,ok,True,True,extraction,
xom,4046,2016-02-04,3534,4045,512,-1.51464600092798,linear,52,0,52,52,0,52,0.1,0.1015625,0.1015625,0.692628593186899,6.926285931868989e-07,mle,-0.15348238899654756,1.1059123202022008,ok,True,True,extraction,
xom,4047,2016-02-05,3535,4046,512,-1.51464600092798,linear,52,0,52,52,0,52,0.1,0.1015625,0.1015625,0.691967560160315,6.91967560160315e-07,mle,-0.15348238899654756,1.1059123202022008,ok,True,True,extraction,
xom,4048,2016-02-08,3536,4047,512,-1.5123143886462422,linear,52,0,52,52,0,52,0.1,0.1015625,0.1015625,0.6870265902613746,6.870265902613745e-07,mle,-0.12422090957930032,1.0643580229981664,ok,True,True,extraction,
xom,4049,2016-02-09,3537,4048,512,-1.5123143886462422,linear,52,0,52,52,0,52,0.1,0.1015625,0.1015625,0.6916462010609254,6.916462010609255e-07,mle,-0.12422090957930032,1.0643580229981664,ok,True,True,extraction,
xom,4050,2016-02-10,3538,4049,512,-1.5123143886462422,linear,52,0,52,52,0,52,0.1,0.1015625,0.1015625,0.6870265902613746,6.870265902613745e-07,mle,-0.12422090957930032,1.0643580229981664,ok,True,True,extraction,
xom,4051,2016-02-11,3539,4050,512,-1.5123143886462422,linear,52,0,52,52,0,52,0.1,0.1015625,0.1015625,0.691967560160315,6.91967560160315e-07,mle,-0.12422090957930032,1.0643580229981664,ok,True,True,extraction,
xom,4052,2016-02-12,3540,4051,512,-1.5123143886462422,linear,52,0,52,52,0,52,0.1,0.1015625,0.1015625,0.6870265902613746,6.870265902613745e-07,mle,-0.12422090957930032,1.0643580229981664,ok,True,True,extraction,
xom,4053,2016-02-16,3541,4052,512,-1.5086100562598779,linear,52,0,52,52,0,52,0.1,0.1015625,0.1015625,0.6876019692563784,6.876019692563784e-07,mle,-0.10583011949898732,1.0407760000740165,ok,True,True,extraction,
xom,4054,2016-02-17,3542,4053,512,-1.4897007180154394,linear,52,0,52,52,0,52,0.1,0.1015625,0.1015625,0.6901106467504166,6.901106467504165e-07,mle,-0.09484697780541998,1.0334121179301397,ok,True,True,extraction,
xom,4055,2016-02-18,3543,4054,512,-1.4897007180154394,linear,52,0,52,52,0,52,0.1,0.1015625,0.1015625,0.6926518883352166,6.926518883352166e-07,mle,-0.09484697780541998,1.0334121179301397,ok,True,True,extraction,
xom,4056,2016-02-19,3544,4055,512,-1.4897007180154394,linear,52,0,52,52,0,52,0.1,0.1015625,0.1015625,0.6948795584557659,6.948795584557658e-07,mle,-0.09484697780541998,1.0334121179301397,ok,True,True,extraction,
xom,4057,2016-02-22,3545,4056,512,-1.4897007180154394,linear,52,0,52,52,0,52,0.1,0.1015625,0.1015625,0.6923383168709656,6.923383168709655e-07,mle,-0.09484697780541998,1.0334121179301397,ok,True,True,extraction,
xom,4058,2016-02-23,3546,4057,512,-1.4897007180154394,linear,52,0,52,52,0,52,0.1,0.1015625,0.1015625,0.6850607276715783,6.850607276715783e-07,mle,-0.09484697780541998,1.0334121179301397,ok,True,True,extraction,
xom,4059,2016-02-24,3547,4058,512,-1.4897007180154394,linear,52,0,52,52,0,52,0.1,0.1015625,0.1015625,0.6850607276715783,6.850607276715783e-07,mle,-0.09484697780541998,1.0334121179301397,ok,True,True,extraction,
xom,4060,2016-02-25,3548,4059,512,-1.4897007180154394,linear,52,0,52,52,0,52,0.1,0.1015625,0.1015625,0.6783297735622499,6.783297735622498e-07,mle,-0.09484697780541998,1.0334121179301397,ok,True,True,extraction,
xom,4061,2016-02-26,3549,4060,512,-1.4897007180154394,linear,52,0,52,52,0,52,0.1,0.1015625,0.1015625,0.6783297735622499,6.783297735622498e-07,mle,-0.09484697780541998,1.0334121179301397,ok,True,True,extraction,
xom,4062,2016-02-29,3550,4061,512,-1.4897007180154394,linear,52,0,52,52,0,52,0.1,0.1015625,0.1015625,0.6804411168720274,6.804411168720273e-07,mle,-0.09484697780541998,1.0334121179301397,ok,True,True,extraction,
xom,4063,2016-03-01,3551,4062,512,-1.5086100562598779,linear,52,0,52,52,0,52,0.1,0.1015625,0.1015625,0.6784896946002916,6.784896946002915e-07,mle,-0.0897436330543905,1.0179239351004636,ok,True,True,extraction,
xom,4064,2016-03-02,3552,4063,512,-1.5086100562598779,linear,52,0,52,52,0,52,0.1,0.1015625,0.1015625,0.6810309361850917,6.810309361850916e-07,mle,-0.0897436330543905,1.0179239351004636,ok,True,True,extraction,
xom,4065,2016-03-03,3553,4064,512,-1.5086100562598779,linear,52,0,52,52,0,52,0.1,0.1015625,0.1015625,0.6866075929267206,6.866075929267206e-07,mle,-0.0897436330543905,1.0179239351004636,ok,True,True,extraction,
xom,4066,2016-03-04,3554,4065,512,-1.5086100562598779,linear,52,0,52,52,0,52,0.1,0.1015625,0.1015625,0.6810309361850917,6.810309361850916e-07,mle,-0.0897436330543905,1.0179239351004636,ok,True,True,extraction,
xom,4067,2016-03-07,3555,4066,512,-1.5086100562598779,linear,52,0,52,52,0,52,0.1,0.1015625,0.1015625,0.6810309361850917,6.810309361850916e-07,mle,-0.0897436330543905,1.0179239351004636,ok,True,True,extraction,
xom,4068,2016-03-08,3556,4067,512,-1.5086100562598779,linear,52,0,52,52,0,52,0.1,0.1015625,0.1015625,0.6810309361850917,6.810309361850916e-07,mle,-0.0897436330543905,1.0179239351004636,ok,True,True,extraction,
xom,4069,2016-03-09,3557,4068,512,-1.5123143886462422,linear,52,0,52,52,0,52,0.1,0.1015625,0.1015625,0.6829823584568275,6.829823584568275e-07,mle,-0.11941959250921319,1.057171833581608,ok,True,True,extraction,
xom,4070,2016-03-10,3558,4069,512,-1.5123143886462422,linear,52,0,52,52,0,52,0.1,0.1015625,0.1015625,0.6829823584568275,6.829823584568275e-07,mle,-0.11941959250921319,1.057171833581608,ok,True,True,extraction,
xom,4071,2016-03-11,3559,4070,512,-1.5123143886462422,linear,52,0,52,52,0,52,0.1,0.1015625,0.1015625,0.682660999357438,6.82660999357438e-07,mle,-0.11941959250921319,1.057171833581608,ok,True,True,extraction,
xom,4072,2016-03-14,3560,4071,512,-1.5123143886462422,linear,52,0,52,52,0,52,0.1,0.1015625,0.1015625,0.682660999357438,6.82660999357438e-07,mle,-0.11941959250921319,1.057171833581608,ok,True,True,extraction,
xom,4073,2016-03-15,3561,4072,512,-1.5123143886462422,linear,52,0,52,52,0,52,0.1,0.1015625,0.1015625,0.6810309361850917,6.810309361850916e-07,mle,-0.11941959250921319,1.057171833581608,ok,True,True,extraction,
xom,4074,2016-03-16,3562,4073,512,-1.5123143886462422,linear,52,0,52,52,0,52,0.1,0.1015625,0.1015625,0.6784896946002916,6.784896946002915e-07,mle,-0.11941959250921319,1.057171833581608,ok,True,True,extraction,
xom,4075,2016-03-17,3563,4074,512,-1.5086100562598779,linear,52,0,52,52,0,52,0.1,0.1015625,0.1015625,0.673710162762699,6.73710162762699e-07,mle,-0.0653101430447035,0.9806450189200058,ok,True,True,extraction,
xom,4076,2016-03-18,3564,4075,512,-1.5086100562598779,linear,52,0,52,52,0,52,0.1,0.1015625,0.1015625,0.6804411168720274,6.804411168720273e-07,mle,-0.0653101430447035,0.9806450189200058,ok,True,True,extraction,
xom,4077,2016-03-21,3565,4076,512,-1.5086100562598779,linear,52,0,52,52,0,52,0.1,0.1015625,0.1015625,0.673710162762699,6.73710162762699e-07,mle,-0.0653101430447035,0.9806450189200058,ok,True,True,extraction,
xom,4078,2016-03-22,3566,4077,512,-1.5086100562598779,linear,52,0,52,52,0,52,0.1,0.1015625,0.1015625,0.6758492163453063,6.758492163453062e-07,mle,-0.0653101430447035,0.9806450189200058,ok,True,True,extraction,
xom,4079,2016-03-23,3567,4078,512,-1.4897007180154394,linear,52,0,52,52,0,52,0.1,0.1015625,0.1015625,0.6691182622359778,6.691182622359778e-07,mle,-0.09312982696302798,1.026043302971853,ok,True,True,extraction,
xom,4080,2016-03-24,3568,4079,512,-1.4897007180154394,linear,52,0,52,52,0,52,0.1,0.1015625,0.1015625,0.6717082175203901,6.717082175203901e-07,mle,-0.09312982696302798,1.026043302971853,ok,True,True,extraction,
xom,4081,2016-03-28,3569,4080,512,-1.4897007180154394,linear,52,0,52,52,0,52,0.1,0.1015625,0.1015625,0.6691182622359778,6.691182622359778e-07,mle,-0.09312982696302798,1.026043302971853,ok,True,True,extraction,
xom,4082,2016-03-29,3570,4081,512,-1.4897007180154394,linear,52,0,52,52,0,52,0.1,0.1015625,0.1015625,0.6662654099716674,6.662654099716674e-07,mle,-0.09312982696302798,1.026043302971853,ok,True,True,extraction,
xom,4083,2016-03-30,3571,4082,512,-1.4897007180154394,linear,52,0,52,52,0,52,0.1,0.1015625,0.1015625,0.6586261236198732,6.586261236198731e-07,mle,-0.09312982696302798,1.026043302971853,ok,True,True,extraction,
xom,4084,2016-03-31,3572,4083,512,-1.4897007180154394,linear,52,0,52,52,0,52,0.1,0.1015625,0.1015625,0.6586261236198732,6.586261236198731e-07,mle,-0.09312982696302798,1.026043302971853,ok,True,True,extraction,
xom,4085,2016-04-01,3573,4084,512,-1.4897007180154394,linear,52,0,52,52,0,52,0.1,0.1015625,0.1015625,0.6586261236198732,6.586261236198731e-07,mle,-0.09312982696302798,1.026043302971853,ok,True,True,extraction,
xom,4086,2016-04-04,3574,4085,512,-1.4897007180154394,linear,52,0,52,52,0,52,0.1,0.1015625,0.1015625,0.6656353199563665,6.656353199563664e-07,mle,-0.09312982696302798,1.026043302971853,ok,True,True,extraction,
xom,4087,2016-04-05,3575,4086,512,-1.4897007180154394,linear,52,0,52,52,0,52,0.1,0.1015625,0.1015625,0.6586261236198732,6.586261236198731e-07,mle,-0.09312982696302798,1.026043302971853,ok,True,True,extraction,
xom,4088,2016-04-06,3576,4087,512,-1.4897007180154394,linear,52,0,52,52,0,52,0.1,0.1015625,0.1015625,0.6691182622359778,6.691182622359778e-07,mle,-0.09312982696302798,1.026043302971853,ok,True,True,extraction,
xom,4089,2016-04-07,3577,4088,512,-1.4897007180154394,linear,52,0,52,52,0,52,0.1,0.1015625,0.1015625,0.673710162762699,6.73710162762699e-07,mle,-0.09312982696302798,1.026043302971853,ok,True,True,extraction,
xom,4090,2016-04-08,3578,4089,512,-1.4897007180154394,linear,52,0,52,52,0,52,0.1,0.1015625,0.1015625,0.6804411168720274,6.804411168720273e-07,mle,-0.09312982696302798,1.026043302971853,ok,True,True,extraction,
xom,4091,2016-04-11,3579,4090,512,-1.4897007180154394,linear,52,0,52,52,0,52,0.1,0.1015625,0.1015625,0.6804411168720274,6.804411168720273e-07,mle,-0.09312982696302798,1.026043302971853,ok,True,True,extraction,
xom,4092,2016-04-12,3580,4091,512,-1.4897007180154394,linear,52,0,52,52,0,52,0.1,0.1015625,0.1015625,0.673710162762699,6.73710162762699e-07,mle,-0.09312982696302798,1.026043302971853,ok,True,True,extraction,
xom,4093,2016-04-13,3581,4092,512,-1.4897007180154394,linear,52,0,52,52,0,52,0.1,0.1015625,0.1015625,0.6804411168720274,6.804411168720273e-07,mle,-0.09312982696302798,1.026043302971853,ok,True,True,extraction,
xom,4094,2016-04-14,3582,4093,512,-1.4897007180154394,linear,52,0,52,52,0,52,0.1,0.1015625,0.1015625,0.6804411168720274,6.804411168720273e-07,mle,-0.09312982696302798,1.026043302971853,ok,True,True,extraction,
xom,4095,2016-04-15,3583,4094,512,-1.4897007180154394,linear,52,0,52,52,0,52,0.1,0.1015625,0.1015625,0.6845625921643151,6.845625921643151e-07,mle,-0.09312982696302798,1.026043302971853,ok,True,True,extraction,
xom,4096,2016-04-18,3584,4095,512,-1.4897007180154394,linear,52,0,52,52,0,52,0.1,0.1015625,0.1015625,0.6810309361850917,6.810309361850916e-07,mle,-0.09312982696302798,1.026043302971853,ok,True,True,extraction,
xom,4097,2016-04-19,3585,4096,512,-1.4897007180154394,linear,52,0,52,52,0,52,0.1,0.1015625,0.1015625,0.6866075929267206,6.866075929267206e-07,mle,-0.09312982696302798,1.026043302971853,ok,True,True,extraction,
xom,4098,2016-04-20,3586,4097,512,-1.4897007180154394,linear,52,0,52,52,0,52,0.1,0.1015625,0.1015625,0.6915717885008086,6.915717885008086e-07,mle,-0.09312982696302798,1.026043302971853,ok,True,True,extraction,
xom,4099,2016-04-21,3587,4098,512,-1.4897007180154394,linear,52,0,52,52,0,52,0.1,0.1015625,0.1015625,0.6915717885008086,6.915717885008086e-07,mle,-0.09312982696302798,1.026043302971853,ok,True,True,extraction,
xom,4100,2016-04-22,3588,4099,512,-1.4897007180154394,linear,52,0,52,52,0,52,0.1,0.1015625,0.1015625,0.6978435970058958,6.978435970058958e-07,mle,-0.09312982696302798,1.026043302971853,ok,True,True,extraction,
xom,4101,2016-04-25,3589,4100,512,-1.4897007180154394,linear,52,0,52,52,0,52,0.1,0.1015625,0.1015625,0.6993667694897922,6.993667694897921e-07,mle,-0.09312982696302798,1.026043302971853,ok,True,True,extraction,
xom,4102,2016-04-26,3590,4101,512,-1.4897007180154394,linear,52,0,52,52,0,52,0.1,0.1015625,0.1015625,0.6993667694897922,6.993667694897921e-07,mle,-0.09312982696302798,1.026043302971853,ok,True,True,extraction,
xom,4103,2016-04-27,3591,4102,512,-1.4897007180154394,linear,52,0,52,52,0,52,0.1,0.1015625,0.1015625,0.6954181382871155,6.954181382871155e-07,mle,-0.09312982696302798,1.026043302971853,ok,True,True,extraction,
xom,4104,2016-04-28,3592,4103,512,-1.4897007180154394,linear,52,0,52,52,0,52,0.1,0.1015625,0.1015625,0.6954181382871155,6.954181382871155e-07,mle,-0.09312982696302798,1.026043302971853,ok,True,True,extraction,
xom,4105,2016-04-29,3593,4104,512,-1.4897007180154394,linear,52,0,52,52,0,52,0.1,0.1015625,0.1015625,0.6902957128826184,6.902957128826184e-07,mle,-0.09312982696302798,1.026043302971853,ok,True,True,extraction,
xom,4106,2016-05-02,3594,4105,512,-1.4897007180154394,linear,52,0,52,52,0,52,0.1,0.1015625,0.1015625,0.6902957128826184,6.902957128826184e-07,mle,-0.09312982696302798,1.026043302971853,ok,True,True,extraction,
xom,4107,2016-05-03,3595,4106,512,-1.4897007180154394,linear,52,0,52,52,0,52,0.1,0.1015625,0.1015625,0.6978435970058958,6.978435970058958e-07,mle,-0.09312982696302798,1.026043302971853,ok,True,True,extraction,
xom,4108,2016-05-04,3596,4107,512,-1.4897007180154394,linear,52,0,52,52,0,52,0.1,0.1015625,0.1015625,0.6993904622610381,6.99390462261038e-07,mle,-0.09312982696302798,1.026043302971853,ok,True,True,extraction,
xom,4109,2016-05-05,3597,4108,512,-1.4897007180154394,linear,52,0,52,52,0,52,0.1,0.1015625,0.1015625,0.6941130300856087,6.941130300856087e-07,mle,-0.09312982696302798,1.026043302971853,ok,True,True,extraction,
xom,4110,2016-05-06,3598,4109,512,-1.4897007180154394,linear,52,0,52,52,0,52,0.1,0.1015625,0.1015625,0.6993904622610381,6.99390462261038e-07,mle,-0.09312982696302798,1.026043302971853,ok,True,True,extraction,
xom,4111,2016-05-09,3599,4110,512,-1.4897007180154394,linear,52,0,52,52,0,52,0.1,0.1015625,0.1015625,0.6993904622610381,6.99390462261038e-07,mle,-0.09312982696302798,1.026043302971853,ok,True,True,extraction,
xom,4112,2016-05-10,3600,4111,512,-1.4897007180154394,linear,52,0,52,52,0,52,0.1,0.1015625,0.1015625,0.6978435970058958,6.978435970058958e-07,mle,-0.09312982696302798,1.026043302971853,ok,True,True,extraction,
xom,4113,2016-05-11,3601,4112,512,-1.4897007180154394,linear,52,0,52,52,0,52,0.1,0.1015625,0.1015625,0.6993904622610381,6.99390462261038e-07,mle,-0.09312982696302798,1.026043302971853,ok,True,True,extraction,
xom,4114,2016-05-12,3602,4113,512,-1.4897007180154394,linear,52,0,52,52,0,52,0.1,0.1015625,0.1015625,0.6915717885008086,6.915717885008086e-07,mle,-0.09312982696302798,1.026043302971853,ok,True,True,extraction,
xom,4115,2016-05-13,3603,4114,512,-1.4897007180154394,linear,52,0,52,52,0,52,0.1,0.1015625,0.1015625,0.6978435970058958,6.978435970058958e-07,mle,-0.09312982696302798,1.026043302971853,ok,True,True,extraction,
xom,4116,2016-05-16,3604,4115,512,-1.4897007180154394,linear,52,0,52,52,0,52,0.1,0.1015625,0.1015625,0.6941130300856087,6.941130300856087e-07,mle,-0.09312982696302798,1.026043302971853,ok,True,True,extraction,
xom,4117,2016-05-17,3605,4116,512,-1.4897007180154394,linear,52,0,52,52,0,52,0.1,0.1015625,0.1015625,0.6941130300856087,6.941130300856087e-07,mle,-0.09312982696302798,1.026043302971853,ok,True,True,extraction,
xom,4118,2016-05-18,3606,4117,512,-1.4897007180154394,linear,52,0,52,52,0,52,0.1,0.1015625,0.1015625,0.695243704769672,6.95243704769672e-07,mle,-0.09312982696302798,1.026043302971853,ok,True,True,extraction,
xom,4119,2016-05-19,3607,4118,512,-1.4897007180154394,linear,52,0,52,52,0,52,0.1,0.1015625,0.1015625,0.6916285004009575,6.916285004009575e-07,mle,-0.09312982696302798,1.026043302971853,ok,True,True,extraction,
xom,4120,2016-05-20,3608,4119,512,-1.4897007180154394,linear,52,0,52,52,0,52,0.1,0.1015625,0.1015625,0.695243704769672,6.95243704769672e-07,mle,-0.09312982696302798,1.026043302971853,ok,True,True,extraction,
xom,4121,2016-05-23,3609,4120,512,-1.4897007180154394,linear,52,0,52,52,0,52,0.1,0.1015625,0.1015625,0.6916285004009575,6.916285004009575e-07,mle,-0.09312982696302798,1.026043302971853,ok,True,True,extraction,
xom,4122,2016-05-24,3610,4121,512,-1.4897007180154394,linear,52,0,52,52,0,52,0.1,0.1015625,0.1015625,0.6876019692563784,6.876019692563784e-07,mle,-0.09312982696302798,1.026043302971853,ok,True,True,extraction,
xom,4123,2016-05-25,3611,4122,512,-1.4897007180154394,linear,52,0,52,52,0,52,0.1,0.1015625,0.1015625,0.6876019692563784,6.876019692563784e-07,mle,-0.09312982696302798,1.026043302971853,ok,True,True,extraction,
xom,4124,2016-05-26,3612,4123,512,-1.4897007180154394,linear,52,0,52,52,0,52,0.1,0.1015625,0.1015625,0.6966671085351623,6.966671085351623e-07,mle,-0.09312982696302798,1.026043302971853,ok,True,True,extraction,
xom,4125,2016-05-27,3613,4124,512,-1.4872260649204823,linear,52,0,52,52,0,52,0.1,0.1015625,0.1015625,0.6916285004009575,6.916285004009575e-07,mle,-0.09727752161660014,1.0327469018958708,ok,True,True,extraction,
xom,4126,2016-05-31,3614,4125,512,-1.4872260649204823,linear,52,0,52,52,0,52,0.1,0.1015625,0.1015625,0.6916285004009575,6.916285004009575e-07,mle,-0.09727752161660014,1.0327469018958708,ok,True,True,extraction,
xom,4127,2016-06-01,3615,4126,512,-1.4872260649204823,linear,52,0,52,52,0,52,0.1,0.1015625,0.1015625,0.6921424418833201,6.921424418833201e-07,mle,-0.09727752161660014,1.0327469018958708,ok,True,True,extraction,
xom,4128,2016-06-02,3616,4127,512,-1.4872260649204823,linear,52,0,52,52,0,52,0.1,0.1015625,0.1015625,0.6966671085351623,6.966671085351623e-07,mle,-0.09727752161660014,1.0327469018958708,ok,True,True,extraction,
xom,4129,2016-06-03,3617,4128,512,-1.4872260649204823,linear,52,0,52,52,0,52,0.1,0.1015625,0.1015625,0.6921424418833201,6.921424418833201e-07,mle,-0.09727752161660014,1.0327469018958708,ok,True,True,extraction,
xom,4130,2016-06-06,3618,4129,512,-1.4872260649204823,linear,52,0,52,52,0,52,0.1,0.1015625,0.1015625,0.6921424418833201,6.921424418833201e-07,mle,-0.09727752161660014,1.0327469018958708,ok,True,True,extraction,
xom,4131,2016-06-07,3619,4130,512,-1.4872260649204823,linear,52,0,52,52,0,52,0.1,0.1015625,0.1015625,0.7011568753176527,7.011568753176527e-07,mle,-0.09727752161660014,1.0327469018958708,ok,True,True,extraction,
xom,4132,2016-06-08,3620,4131,512,-1.4872260649204823,linear,52,0,52,52,0,52,0.1,0.1015625,0.1015625,0.7048746053731862,7.048746053731862e-07,mle,-0.09727752161660014,1.0327469018958708,ok,True,True,extraction,
xom,4133,2016-06-09,3621,4132,512,-1.4872260649204823,linear,52,0,52,52,0,52,0.1,0.1015625,0.1015625,0.7026682291883926,7.026682291883925e-07,mle,-0.09727752161660014,1.0327469018958708,ok,True,True,extraction,
xom,4134,2016-06-10,3622,4133,512,-1.4872260649204823,linear,52,0,52,52,0,52,0.1,0.1015625,0.1015625,0.7048746053731862,7.048746053731862e-07,mle,-0.09727752161660014,1.0327469018958708,ok,True,True,extraction,
xom,4135,2016-06-13,3623,4134,512,-1.4872260649204823,linear,52,0,52,52,0,52,0.1,0.1015625,0.1015625,0.7094273671345546,7.094273671345546e-07,mle,-0.09727752161660014,1.0327469018958708,ok,True,True,extraction,
xom,4136,2016-06-14,3624,4135,512,-1.4872260649204823,linear,52,0,52,52,0,52,0.1,0.1015625,0.1015625,0.7087871662325449,7.087871662325449e-07,mle,-0.09727752161660014,1.0327469018958708,ok,True,True,extraction,
xom,4137,2016-06-15,3625,4136,512,-1.4872260649204823,linear,52,0,52,52,0,52,0.1,0.1015625,0.1015625,0.7109505396184509,7.109505396184508e-07,mle,-0.09727752161660014,1.0327469018958708,ok,True,True,extraction,
xom,4138,2016-06-16,3626,4137,512,-1.4872260649204823,linear,52,0,52,52,0,52,0.1,0.1015625,0.1015625,0.7109505396184509,7.109505396184508e-07,mle,-0.09727752161660014,1.0327469018958708,ok,True,True,extraction,
xom,4139,2016-06-17,3627,4138,512,-1.4872260649204823,linear,52,0,52,52,0,52,0.1,0.1015625,0.1015625,0.7115542458046638,7.115542458046638e-07,mle,-0.09727752161660014,1.0327469018958708,ok,True,True,extraction,
xom,4140,2016-06-20,3628,4139,512,-1.4872260649204823,linear,52,0,52,52,0,52,0.1,0.1015625,0.1015625,0.7083225045698087,7.083225045698087e-07,mle,-0.09727752161660014,1.0327469018958708,ok,True,True,extraction,
xom,4141,2016-06-21,3629,4140,512,-1.4872260649204823,linear,52,0,52,52,0,52,0.1,0.1015625,0.1015625,0.7109505396184509,7.109505396184508e-07,mle,-0.09727752161660014,1.0327469018958708,ok,True,True,extraction,
xom,4142,2016-06-22,3630,4141,512,-1.4872260649204823,linear,52,0,52,52,0,52,0.1,0.1015625,0.1015625,0.7087871662325449,7.087871662325449e-07,mle,-0.09727752161660014,1.0327469018958708,ok,True,True,extraction,
xom,4143,2016-06-23,3631,4142,512,-1.4872260649204823,linear,52,0,52,52,0,52,0.1,0.1015625,0.1015625,0.7109505396184509,7.109505396184508e-07,mle,-0.09727752161660014,1.0327469018958708,ok,True,True,extraction,
xom,4144,2016-06-24,3632,4143,512,-1.4872260649204823,linear,52,0,52,52,0,52,0.1,0.1015625,0.1015625,0.7109080335969105,7.109080335969104e-07,mle,-0.09727752161660014,1.0327469018958708,ok,True,True,extraction,
xom,4145,2016-06-27,3633,4144,512,-1.5086100562598779,linear,52,0,52,52,0,52,0.1,0.1015625,0.1015625,0.7115542458046638,7.115542458046638e-07,mle,-0.11606895492533437,1.0523418027842462,ok,True,True,extraction,
xom,4146,2016-06-28,3634,4145,512,-1.5086100562598779,linear,52,0,52,52,0,52,0.1,0.1015625,0.1015625,0.7109628983516602,7.109628983516602e-07,mle,-0.11606895492533437,1.0523418027842462,ok,True,True,extraction,
xom,4147,2016-06-29,3635,4146,512,-1.5086100562598779,linear,52,0,52,52,0,52,0.1,0.1015625,0.1015625,0.7128471712216509,7.128471712216508e-07,mle,-0.11606895492533437,1.0523418027842462,ok,True,True,extraction,
xom,4148,2016-06-30,3636,4147,512,-1.5086100562598779,linear,52,0,52,52,0,52,0.1,0.1015625,0.1015625,0.7153209941889621,7.153209941889621e-07,mle,-0.11606895492533437,1.0523418027842462,ok,True,True,extraction,
xom,4149,2016-07-01,3637,4148,512,-1.5086100562598779,linear,52,0,52,52,0,52,0.1,0.1015625,0.1015625,0.7160665166743825,7.160665166743824e-07,mle,-0.11606895492533437,1.0523418027842462,ok,True,True,extraction,
xom,4150,2016-07-05,3638,4149,512,-1.5086100562598779,linear,52,0,52,52,0,52,0.1,0.1015625,0.1015625,0.71365880162144,7.1365880162144e-07,mle,-0.11606895492533437,1.0523418027842462,ok,True,True,extraction,
xom,4151,2016-07-06,3639,4150,512,-1.5086100562598779,linear,52,0,52,52,0,52,0.1,0.1015625,0.1015625,0.7174743297994224,7.174743297994223e-07,mle,-0.11606895492533437,1.0523418027842462,ok,True,True,extraction,
xom,4152,2016-07-07,3640,4151,512,-1.4872260649204823,linear,52,0,52,52,0,52,0.1,0.1015625,0.1015625,0.7160665166743825,7.160665166743824e-07,mle,-0.14330719935053454,1.1013052602873823,ok,True,True,extraction,
xom,4153,2016-07-08,3641,4152,512,-1.4872260649204823,linear,52,0,52,52,0,52,0.1,0.1015625,0.1015625,0.7183133837508258,7.183133837508257e-07,mle,-0.14330719935053454,1.1013052602873823,ok,True,True,extraction,
xom,4154,2016-07-11,3642,4153,512,-1.4872260649204823,linear,52,0,52,52,0,52,0.1,0.1015625,0.1015625,0.7149602058069384,7.149602058069384e-07,mle,-0.14330719935053454,1.1013052602873823,ok,True,True,extraction,
xom,4155,2016-07-12,3643,4154,512,-1.4872260649204823,linear,52,0,52,52,0,52,0.1,0.1015625,0.1015625,0.7109159740023916,7.109159740023916e-07,mle,-0.14330719935053454,1.1013052602873823,ok,True,True,extraction,
xom,4156,2016-07-13,3644,4155,512,-1.4872260649204823,linear,52,0,52,52,0,52,0.1,0.1015625,0.1015625,0.7122115152729422,7.122115152729422e-07,mle,-0.14330719935053454,1.1013052602873823,ok,True,True,extraction,
xom,4157,2016-07-14,3645,4156,512,-1.4872260649204823,linear,52,0,52,52,0,52,0.1,0.1015625,0.1015625,0.7122555969168625,7.122555969168625e-07,mle,-0.14330719935053454,1.1013052602873823,ok,True,True,extraction,
xom,4158,2016-07-15,3646,4157,512,-1.4872260649204823,linear,52,0,52,52,0,52,0.1,0.1015625,0.1015625,0.7122555969168625,7.122555969168625e-07,mle,-0.14330719935053454,1.1013052602873823,ok,True,True,extraction,
xom,4159,2016-07-18,3647,4158,512,-1.4872260649204823,linear,52,0,52,52,0,52,0.1,0.1015625,0.1015625,0.7109159740023916,7.109159740023916e-07,mle,-0.14330719935053454,1.1013052602873823,ok,True,True,extraction,
xom,4160,2016-07-19,3648,4159,512,-1.4872260649204823,linear,52,0,52,52,0,52,0.1,0.1015625,0.1015625,0.7142795084340239,7.142795084340239e-07,mle,-0.14330719935053454,1.1013052602873823,ok,True,True,extraction,
xom,4161,2016-07-20,3649,4160,512,-1.4872260649204823,linear,52,0,52,52,0,52,0.1,0.1015625,0.1015625,0.7160665166743825,7.160665166743824e-07,mle,-0.14330719935053454,1.1013052602873823,ok,True,True,extraction,
xom,4162,2016-07-21,3650,4161,512,-1.4872260649204823,linear,52,0,52,52,0,52,0.1,0.1015625,0.1015625,0.7128471712216509,7.128471712216508e-07,mle,-0.14330719935053454,1.1013052602873823,ok,True,True,extraction,
xom,4163,2016-07-22,3651,4162,512,-1.4872260649204823,linear,52,0,52,52,0,52,0.1,0.1015625,0.1015625,0.7115542458046638,7.115542458046638e-07,mle,-0.14330719935053454,1.1013052602873823,ok,True,True,extraction,
xom,4164,2016-07-25,3652,4163,512,-1.4872260649204823,linear,52,0,52,52,0,52,0.1,0.1015625,0.1015625,0.7087871662325449,7.087871662325449e-07,mle,-0.14330719935053454,1.1013052602873823,ok,True,True,extraction,
xom,4165,2016-07-26,3653,4164,512,-1.5086100562598779,linear,52,0,52,52,0,52,0.1,0.1015625,0.1015625,0.7109505396184509,7.109505396184508e-07,mle,-0.13350743215575783,1.0770246176916918,ok,True,True,extraction,
xom,4166,2016-07-27,3654,4165,512,-1.5086100562598779,linear,52,0,52,52,0,52,0.1,0.1015625,0.1015625,0.7109505396184509,7.109505396184508e-07,mle,-0.13350743215575783,1.0770246176916918,ok,True,True,extraction,
xom,4167,2016-07-28,3655,4166,512,-1.5086100562598779,linear,52,0,52,52,0,52,0.1,0.1015625,0.1015625,0.7067869733527031,7.067869733527031e-07,mle,-0.13350743215575783,1.0770246176916918,ok,True,True,extraction,
xom,4168,2016-07-29,3656,4167,512,-1.5086100562598779,linear,52,0,52,52,0,52,0.1,0.1015625,0.1015625,0.7067869733527031,7.067869733527031e-07,mle,-0.13350743215575783,1.0770246176916918,ok,True,True,extraction,
xom,4169,2016-08-01,3657,4168,512,-1.5086100562598779,linear,52,0,52,52,0,52,0.1,0.1015625,0.1015625,0.7046051282815242,7.046051282815242e-07,mle,-0.13350743215575783,1.0770246176916918,ok,True,True,extraction,
xom,4170,2016-08-02,3658,4169,512,-1.5123143886462422,linear,52,0,52,52,0,52,0.1,0.1015625,0.1015625,0.7062720727506508,7.062720727506508e-07,mle,-0.19420427447913396,1.1803199117197287,ok,True,True,extraction,
xom,4171,2016-08-03,3659,4170,512,-1.5123143886462422,linear,52,0,52,52,0,52,0.1,0.1015625,0.1015625,0.7105113396565372,7.105113396565372e-07,mle,-0.19420427447913396,1.1803199117197287,ok,True,True,extraction,
xom,4172,2016-08-04,3660,4171,512,-1.5123143886462422,linear,52,0,52,52,0,52,0.1,0.1015625,0.1015625,0.7062720727506508,7.062720727506508e-07,mle,-0.19420427447913396,1.1803199117197287,ok,True,True,extraction,
xom,4173,2016-08-05,3661,4172,512,-1.5123143886462422,linear,52,0,52,52,0,52,0.1,0.1015625,0.1015625,0.7062720727506508,7.062720727506508e-07,mle,-0.19420427447913396,1.1803199117197287,ok,True,True,extraction,
xom,4174,2016-08-08,3662,4173,512,-1.5123143886462422,linear,52,0,52,52,0,52,0.1,0.1015625,0.1015625,0.7046051282815242,7.046051282815242e-07,mle,-0.19420427447913396,1.1803199117197287,ok,True,True,extraction,
xom,4175,2016-08-09,3663,4174,512,-1.5123143886462422,linear,52,0,52,52,0,52,0.1,0.1015625,0.1015625,0.7046051282815242,7.046051282815242e-07,mle,-0.19420427447913396,1.1803199117197287,ok,True,True,extraction,
xom,4176,2016-08-10,3664,4175,512,-1.5123143886462422,linear,52,0,52,52,0,52,0.1,0.1015625,0.1015625,0.7067869733527031,7.067869733527031e-07,mle,-0.19420427447913396,1.1803199117197287,ok,True,True,extraction,
xom,4177,2016-08-11,3665,4176,512,-1.51464600092798,linear,52,0,52,52,0,52,0.1,0.1015625,0.1015625,0.7083225045698087,7.083225045698087e-07,mle,-0.20216861641750314,1.191460321444918,ok,True,True,extraction,
xom,4178,2016-08-12,3666,4177,512,-1.5123143886462422,linear,52,0,52,52,0,52,0.1,0.1015625,0.1015625,0.7094273671345546,7.094273671345546e-07,mle,-0.15209291854297063,1.0800606018664731,ok,True,True,extraction,
xom,4179,2016-08-15,3667,4178,512,-1.5123143886462422,linear,52,0,52,52,0,52,0.1,0.1015625,0.1015625,0.7087871662325449,7.087871662325449e-07,mle,-0.15209291854297063,1.0800606018664731,ok,True,True,extraction,
xom,4180,2016-08-16,3668,4179,512,-1.5123143886462422,linear,52,0,52,52,0,52,0.1,0.1015625,0.1015625,0.7089371317541411,7.089371317541411e-07,mle,-0.15209291854297063,1.0800606018664731,ok,True,True,extraction,
xom,4181,2016-08-17,3669,4180,512,-1.5086100562598779,linear,52,0,52,52,0,52,0.1,0.1015625,0.1015625,0.7026682291883926,7.026682291883925e-07,mle,-0.13776613424951845,1.0610416813346693,ok,True,True,extraction,
xom,4182,2016-08-18,3670,4181,512,-1.5086100562598779,linear,52,0,52,52,0,52,0.1,0.1015625,0.1015625,0.700384838590696,7.00384838590696e-07,mle,-0.13776613424951845,1.0610416813346693,ok,True,True,extraction,
xom,4183,2016-08-19,3671,4182,512,-1.5086100562598779,linear,52,0,52,52,0,52,0.1,0.1015625,0.1015625,0.7037485580983401,7.037485580983401e-07,mle,-0.13776613424951845,1.0610416813346693,ok,True,True,extraction,
xom,4184,2016-08-22,3672,4183,512,-1.5086100562598779,linear,52,0,52,52,0,52,0.1,0.1015625,0.1015625,0.7026682291883926,7.026682291883925e-07,mle,-0.13776613424951845,1.0610416813346693,ok,True,True,extraction,
xom,4185,2016-08-23,3673,4184,512,-1.5086100562598779,linear,52,0,52,52,0,52,0.1,0.1015625,0.1015625,0.7037485580983401,7.037485580983401e-07,mle,-0.13776613424951845,1.0610416813346693,ok,True,True,extraction,
xom,4186,2016-08-24,3674,4185,512,-1.5086100562598779,linear,52,0,52,52,0,52,0.1,0.1015625,0.1015625,0.7037485580983401,7.037485580983401e-07,mle,-0.13776613424951845,1.0610416813346693,ok,True,True,extraction,
xom,4187,2016-08-25,3675,4186,512,-1.5086100562598779,linear,52,0,52,52,0,52,0.1,0.1015625,0.1015625,0.7037485580983401,7.037485580983401e-07,mle,-0.13776613424951845,1.0610416813346693,ok,True,True,extraction,
xom,4188,2016-08-26,3676,4187,512,-1.5086100562598779,linear,52,0,52,52,0,52,0.1,0.1015625,0.1015625,0.7026682291883926,7.026682291883925e-07,mle,-0.13776613424951845,1.0610416813346693,ok,True,True,extraction,
xom,4189,2016-08-29,3677,4188,512,-1.5086100562598779,linear,52,0,52,52,0,52,0.1,0.1015625,0.1015625,0.7026682291883926,7.026682291883925e-07,mle,-0.13776613424951845,1.0610416813346693,ok,True,True,extraction,
xom,4190,2016-08-30,3678,4189,512,-1.5086100562598779,linear,52,0,52,52,0,52,0.1,0.1015625,0.1015625,0.7026682291883926,7.026682291883925e-07,mle,-0.13776613424951845,1.0610416813346693,ok,True,True,extraction,
xom,4191,2016-08-31,3679,4190,512,-1.5086100562598779,linear,52,0,52,52,0,52,0.1,0.1015625,0.1015625,0.7044290703952429,7.044290703952429e-07,mle,-0.13776613424951845,1.0610416813346693,ok,True,True,extraction,
xom,4192,2016-09-01,3680,4191,512,-1.5086100562598779,linear,52,0,52,52,0,52,0.1,0.1015625,0.1015625,0.7052724388767178,7.052724388767178e-07,mle,-0.13776613424951845,1.0610416813346693,ok,True,True,extraction,
xom,4193,2016-09-02,3681,4192,512,-1.5086100562598779,linear,52,0,52,52,0,52,0.1,0.1015625,0.1015625,0.7052724388767178,7.052724388767178e-07,mle,-0.13776613424951845,1.0610416813346693,ok,True,True,extraction,
xom,4194,2016-09-06,3682,4193,512,-1.5086100562598779,linear,52,0,52,52,0,52,0.1,0.1015625,0.1015625,0.7044290703952429,7.044290703952429e-07,mle,-0.13776613424951845,1.0610416813346693,ok,True,True,extraction,
xom,4195,2016-09-07,3683,4194,512,-1.5086100562598779,linear,52,0,52,52,0,52,0.1,0.1015625,0.1015625,0.7089371317541411,7.089371317541411e-07,mle,-0.13776613424951845,1.0610416813346693,ok,True,True,extraction,
xom,4196,2016-09-08,3684,4195,512,-1.5086100562598779,linear,52,0,52,52,0,52,0.1,0.1015625,0.1015625,0.7052724388767178,7.052724388767178e-07,mle,-0.13776613424951845,1.0610416813346693,ok,True,True,extraction,
xom,4197,2016-09-09,3685,4196,512,-1.5086100562598779,linear,52,0,52,52,0,52,0.1,0.1015625,0.1015625,0.7089371317541411,7.089371317541411e-07,mle,-0.13776613424951845,1.0610416813346693,ok,True,True,extraction,
xom,4198,2016-09-12,3686,4197,512,-1.5123143886462422,linear,52,0,52,52,0,52,0.1,0.1015625,0.1015625,0.7109138065010139,7.109138065010139e-07,mle,-0.17257916706837836,1.1127244967123737,ok,True,True,extraction,
xom,4199,2016-09-13,3687,4198,512,-1.5123143886462422,linear,52,0,52,52,0,52,0.1,0.1015625,0.1015625,0.7105964641131688,7.105964641131688e-07,mle,-0.17257916706837836,1.1127244967123737,ok,True,True,extraction,
xom,4200,2016-09-14,3688,4199,512,-1.51464600092798,linear,52,0,52,52,0,52,0.1,0.1015625,0.1015625,0.7105964641131688,7.105964641131688e-07,mle,-0.20252058953784974,1.159596004622012,ok,True,True,extraction,
xom,4201,2016-09-15,3689,4200,512,-1.51464600092798,linear,52,0,52,52,0,52,0.1,0.1015625,0.1015625,0.7109138065010139,7.109138065010139e-07,mle,-0.20252058953784974,1.159596004622012,ok,True,True,extraction,
xom,4202,2016-09-16,3690,4201,512,-1.51464600092798,linear,52,0,52,52,0,52,0.1,0.1015625,0.1015625,0.7089371317541411,7.089371317541411e-07,mle,-0.20252058953784974,1.159596004622012,ok,True,True,extraction,
xom,4203,2016-09-19,3691,4202,512,-1.51464600092798,linear,52,0,52,52,0,52,0.1,0.1015625,0.1015625,0.7094273671345546,7.094273671345546e-07,mle,-0.20252058953784974,1.159596004622012,ok,True,True,extraction,
xom,4204,2016-09-20,3692,4203,512,-1.5144643697444817,linear,52,0,52,52,0,52,0.1,0.1015625,0.1015625,0.7052724388767178,7.052724388767178e-07,mle,-0.20276254620514245,1.160082946820312,ok,True,True,extraction,
xom,4205,2016-09-21,3693,4204,512,-1.5308963825559712,linear,52,0,52,52,0,52,0.1,0.1015625,0.1015625,0.7094273671345546,7.094273671345546e-07,mle,-0.18463022158245307,1.123486554127369,ok,True,True,extraction,
xom,4206,2016-09-22,3694,4205,512,-1.5308963825559712,linear,52,0,52,52,0,52,0.1,0.1015625,0.1015625,0.7105964641131688,7.105964641131688e-07,mle,-0.18463022158245307,1.123486554127369,ok,True,True,extraction,
xom,4207,2016-09-23,3695,4206,512,-1.5308963825559712,linear,52,0,52,52,0,52,0.1,0.1015625,0.1015625,0.7105964641131688,7.105964641131688e-07,mle,-0.18463022158245307,1.123486554127369,ok,True,True,extraction,
xom,4208,2016-09-26,3696,4207,512,-1.5308963825559712,linear,52,0,52,52,0,52,0.1,0.1015625,0.1015625,0.7089371317541411,7.089371317541411e-07,mle,-0.18463022158245307,1.123486554127369,ok,True,True,extraction,
xom,4209,2016-09-27,3697,4208,512,-1.5308963825559712,linear,52,0,52,52,0,52,0.1,0.1015625,0.1015625,0.7094273671345546,7.094273671345546e-07,mle,-0.18463022158245307,1.123486554127369,ok,True,True,extraction,
xom,4210,2016-09-28,3698,4209,512,-1.5308963825559712,linear,52,0,52,52,0,52,0.1,0.1015625,0.1015625,0.7052724388767178,7.052724388767178e-07,mle,-0.18463022158245307,1.123486554127369,ok,True,True,extraction,
xom,4211,2016-09-29,3699,4210,512,-1.5308963825559712,linear,52,0,52,52,0,52,0.1,0.1015625,0.1015625,0.7089371317541411,7.089371317541411e-07,mle,-0.18463022158245307,1.123486554127369,ok,True,True,extraction,
xom,4212,2016-09-30,3700,4211,512,-1.5308963825559712,linear,52,0,52,52,0,52,0.1,0.1015625,0.1015625,0.7089371317541411,7.089371317541411e-07,mle,-0.18463022158245307,1.123486554127369,ok,True,True,extraction,
xom,4213,2016-10-03,3701,4212,512,-1.5308963825559712,linear,52,0,52,52,0,52,0.1,0.1015625,0.1015625,0.7105964641131688,7.105964641131688e-07,mle,-0.18463022158245307,1.123486554127369,ok,True,True,extraction,
xom,4214,2016-10-04,3702,4213,512,-1.5308963825559712,linear,52,0,52,52,0,52,0.1,0.1015625,0.1015625,0.7105964641131688,7.105964641131688e-07,mle,-0.18463022158245307,1.123486554127369,ok,True,True,extraction,
xom,4215,2016-10-05,3703,4214,512,-1.5308963825559712,linear,52,0,52,52,0,52,0.1,0.1015625,0.1015625,0.7110866994935823,7.110866994935823e-07,mle,-0.18463022158245307,1.123486554127369,ok,True,True,extraction,
xom,4216,2016-10-06,3704,4215,512,-1.5308963825559712,linear,52,0,52,52,0,52,0.1,0.1015625,0.1015625,0.7113777479189141,7.11377747918914e-07,mle,-0.18463022158245307,1.123486554127369,ok,True,True,extraction,
xom,4217,2016-10-07,3705,4216,512,-1.5144643697444817,linear,52,0,52,52,0,52,0.1,0.1015625,0.1015625,0.706029611800866,7.06029611800866e-07,mle,-0.19900035131003402,1.1541302988588091,ok,True,True,extraction,
xom,4218,2016-10-10,3706,4217,512,-1.5144643697444817,linear,52,0,52,52,0,52,0.1,0.1015625,0.1015625,0.7060884027542706,7.060884027542706e-07,mle,-0.19900035131003402,1.1541302988588091,ok,True,True,extraction,
xom,4219,2016-10-11,3707,4218,512,-1.5144643697444817,linear,52,0,52,52,0,52,0.1,0.1015625,0.1015625,0.7042430101126709,7.042430101126709e-07,mle,-0.19900035131003402,1.1541302988588091,ok,True,True,extraction,
xom,4220,2016-10-12,3708,4219,512,-1.5144643697444817,linear,52,0,52,52,0,52,0.1,0.1015625,0.1015625,0.706029611800866,7.06029611800866e-07,mle,-0.19900035131003402,1.1541302988588091,ok,True,True,extraction,
xom,4221,2016-10-13,3709,4220,512,-1.5144643697444817,linear,52,0,52,52,0,52,0.1,0.1015625,0.1015625,0.7042430101126709,7.042430101126709e-07,mle,-0.19900035131003402,1.1541302988588091,ok,True,True,extraction,
xom,4222,2016-10-14,3710,4221,512,-1.5144643697444817,linear,52,0,52,52,0,52,0.1,0.1015625,0.1015625,0.7060884027542706,7.060884027542706e-07,mle,-0.19900035131003402,1.1541302988588091,ok,True,True,extraction,
xom,4223,2016-10-17,3711,4222,512,-1.5144643697444817,linear,52,0,52,52,0,52,0.1,0.1015625,0.1015625,0.7060884027542706,7.060884027542706e-07,mle,-0.19900035131003402,1.1541302988588091,ok,True,True,extraction,
xom,4224,2016-10-18,3712,4223,512,-1.5144643697444817,linear,52,0,52,52,0,52,0.1,0.1015625,0.1015625,0.7060884027542706,7.060884027542706e-07,mle,-0.19900035131003402,1.1541302988588091,ok,True,True,extraction,
xom,4225,2016-10-19,3713,4224,512,-1.5144643697444817,linear,52,0,52,52,0,52,0.1,0.1015625,0.1015625,0.701961956410145,7.01961956410145e-07,mle,-0.19900035131003402,1.1541302988588091,ok,True,True,extraction,
xom,4226,2016-10-20,3714,4225,512,-1.5144643697444817,linear,52,0,52,52,0,52,0.1,0.1015625,0.1015625,0.700191402549794,7.001914025497939e-07,mle,-0.19900035131003402,1.1541302988588091,ok,True,True,extraction,
xom,4227,2016-10-21,3715,4226,512,-1.5086100562598779,linear,52,0,52,52,0,52,0.1,0.1015625,0.1015625,0.6947474019726503,6.947474019726503e-07,mle,-0.15695797207796813,1.0861678983791307,ok,True,True,extraction,
xom,4228,2016-10-24,3716,4227,512,-1.5086100562598779,linear,52,0,52,52,0,52,0.1,0.1015625,0.1015625,0.6947474019726503,6.947474019726503e-07,mle,-0.15695797207796813,1.0861678983791307,ok,True,True,extraction,
xom,4229,2016-10-25,3717,4228,512,-1.5086100562598779,linear,52,0,52,52,0,52,0.1,0.1015625,0.1015625,0.692048638494376,6.92048638494376e-07,mle,-0.15695797207796813,1.0861678983791307,ok,True,True,extraction,
xom,4230,2016-10-26,3718,4229,512,-1.5086100562598779,linear,52,0,52,52,0,52,0.1,0.1015625,0.1015625,0.692048638494376,6.92048638494376e-07,mle,-0.15695797207796813,1.0861678983791307,ok,True,True,extraction,
xom,4231,2016-10-27,3719,4230,512,-1.5086100562598779,linear,52,0,52,52,0,52,0.1,0.1015625,0.1015625,0.687151812243362,6.87151812243362e-07,mle,-0.15695797207796813,1.0861678983791307,ok,True,True,extraction,
xom,4232,2016-10-28,3720,4231,512,-1.5086100562598779,linear,52,0,52,52,0,52,0.1,0.1015625,0.1015625,0.692048638494376,6.92048638494376e-07,mle,-0.15695797207796813,1.0861678983791307,ok,True,True,extraction,
xom,4233,2016-10-31,3721,4232,512,-1.5144643697444817,linear,52,0,52,52,0,52,0.1,0.1015625,0.1015625,0.692048638494376,6.92048638494376e-07,mle,-0.1857079000032208,1.1291594455649352,ok,True,True,extraction,
xom,4234,2016-11-01,3722,4233,512,-1.5308963825559712,linear,52,0,52,52,0,52,0.1,0.1015625,0.1015625,0.6974926390715196,6.974926390715195e-07,mle,-0.17467174139716599,1.1039734462528104,ok,True,True,extraction,
xom,4235,2016-11-02,3723,4234,512,-1.5308963825559712,linear,52,0,52,52,0,52,0.1,0.1015625,0.1015625,0.6949117700386512,6.949117700386512e-07,mle,-0.17467174139716599,1.1039734462528104,ok,True,True,extraction,
xom,4236,2016-11-03,3724,4235,512,-1.5308963825559712,linear,52,0,52,52,0,52,0.1,0.1015625,0.1015625,0.6949117700386512,6.949117700386512e-07,mle,-0.17467174139716599,1.1039734462528104,ok,True,True,extraction,
xom,4237,2016-11-04,3725,4236,512,-1.5308963825559712,linear,52,0,52,52,0,52,0.1,0.1015625,0.1015625,0.6919124786192447,6.919124786192447e-07,mle,-0.17467174139716599,1.1039734462528104,ok,True,True,extraction,
xom,4238,2016-11-07,3726,4237,512,-1.5308963825559712,linear,52,0,52,52,0,52,0.1,0.1015625,0.1015625,0.6925611116349015,6.925611116349015e-07,mle,-0.17467174139716599,1.1039734462528104,ok,True,True,extraction,
xom,4239,2016-11-08,3727,4238,512,-1.5308963825559712,linear,52,0,52,52,0,52,0.1,0.1015625,0.1015625,0.6919124786192447,6.919124786192447e-07,mle,-0.17467174139716599,1.1039734462528104,ok,True,True,extraction,
xom,4240,2016-11-09,3728,4239,512,-1.5308963825559712,linear,52,0,52,52,0,52,0.1,0.1015625,0.1015625,0.6919124786192447,6.919124786192447e-07,mle,-0.17467174139716599,1.1039734462528104,ok,True,True,extraction,
xom,4241,2016-11-10,3729,4240,512,-1.5308963825559712,linear,52,0,52,52,0,52,0.1,0.1015625,0.1015625,0.692048638494376,6.92048638494376e-07,mle,-0.17467174139716599,1.1039734462528104,ok,True,True,extraction,
xom,4242,2016-11-11,3730,4241,512,-1.5308963825559712,linear,52,0,52,52,0,52,0.1,0.1015625,0.1015625,0.6962639015124641,6.962639015124641e-07,mle,-0.17467174139716599,1.1039734462528104,ok,True,True,extraction,
xom,4243,2016-11-14,3731,4242,512,-1.5490028698591558,linear,52,0,52,52,0,52,0.1,0.1015625,0.1015625,0.6962639015124641,6.962639015124641e-07,mle,-0.1546509230131088,1.065215210294263,ok,True,True,extraction,
xom,4244,2016-11-15,3732,4243,512,-1.5490028698591558,linear,52,0,52,52,0,52,0.1,0.1015625,0.1015625,0.692048638494376,6.92048638494376e-07,mle,-0.1546509230131088,1.065215210294263,ok,True,True,extraction,
xom,4245,2016-11-16,3733,4244,512,-1.5490028698591558,linear,52,0,52,52,0,52,0.1,0.1015625,0.1015625,0.692048638494376,6.92048638494376e-07,mle,-0.1546509230131088,1.065215210294263,ok,True,True,extraction,
xom,4246,2016-11-17,3734,4245,512,-1.5490028698591558,linear,52,0,52,52,0,52,0.1,0.1015625,0.1015625,0.6962639015124641,6.962639015124641e-07,mle,-0.1546509230131088,1.065215210294263,ok,True,True,extraction,
xom,4247,2016-11-18,3735,4246,512,-1.5490028698591558,linear,52,0,52,52,0,52,0.1,0.1015625,0.1015625,0.6949117700386512,6.949117700386512e-07,mle,-0.1546509230131088,1.065215210294263,ok,True,True,extraction,
xom,4248,2016-11-21,3736,4247,512,-1.5490028698591558,linear,52,0,52,52,0,52,0.1,0.1015625,0.1015625,0.6919124786192447,6.919124786192447e-07,mle,-0.1546509230131088,1.065215210294263,ok,True,True,extraction,
xom,4249,2016-11-22,3737,4248,512,-1.5490028698591558,linear,52,0,52,52,0,52,0.1,0.1015625,0.1015625,0.692048638494376,6.92048638494376e-07,mle,-0.1546509230131088,1.065215210294263,ok,True,True,extraction,
xom,4250,2016-11-23,3738,4249,512,-1.5490028698591558,linear,52,0,52,52,0,52,0.1,0.1015625,0.1015625,0.692048638494376,6.92048638494376e-07,mle,-0.1546509230131088,1.065215210294263,ok,True,True,extraction,
xom,4251,2016-11-25,3739,4250,512,-1.5490028698591558,linear,52,0,52,52,0,52,0.1,0.1015625,0.1015625,0.6893650931438816,6.893650931438816e-07,mle,-0.1546509230131088,1.065215210294263,ok,True,True,extraction,
xom,4252,2016-11-28,3740,4251,512,-1.5490028698591558,linear,52,0,52,52,0,52,0.1,0.1015625,0.1015625,0.6815079037819232,6.815079037819231e-07,mle,-0.1546509230131088,1.065215210294263,ok,True,True,extraction,
xom,4253,2016-11-29,3741,4252,512,-1.5490028698591558,linear,52,0,52,52,0,52,0.1,0.1015625,0.1015625,0.6893650931438816,6.893650931438816e-07,mle,-0.1546509230131088,1.065215210294263,ok,True,True,extraction,
xom,4254,2016-11-30,3742,4253,512,-1.5490028698591558,linear,52,0,52,52,0,52,0.1,0.1015625,0.1015625,0.6907462904217159,6.907462904217158e-07,mle,-0.1546509230131088,1.065215210294263,ok,True,True,extraction,
xom,4255,2016-12-01,3743,4254,512,-1.5490028698591558,linear,52,0,52,52,0,52,0.1,0.1015625,0.1015625,0.692048638494376,6.92048638494376e-07,mle,-0.1546509230131088,1.065215210294263,ok,True,True,extraction,
xom,4256,2016-12-02,3744,4255,512,-1.5490028698591558,linear,52,0,52,52,0,52,0.1,0.1015625,0.1015625,0.6907462904217159,6.907462904217158e-07,mle,-0.1546509230131088,1.065215210294263,ok,True,True,extraction,
xom,4257,2016-12-05,3745,4256,512,-1.5490028698591558,linear,52,0,52,52,0,52,0.1,0.1015625,0.1015625,0.6919124786192447,6.919124786192447e-07,mle,-0.1546509230131088,1.065215210294263,ok,True,True,extraction,
xom,4258,2016-12-06,3746,4257,512,-1.5490028698591558,linear,52,0,52,52,0,52,0.1,0.1015625,0.1015625,0.6871171110577581,6.871171110577581e-07,mle,-0.1546509230131088,1.065215210294263,ok,True,True,extraction,
xom,4259,2016-12-07,3747,4258,512,-1.5490028698591558,linear,52,0,52,52,0,52,0.1,0.1015625,0.1015625,0.6786310061220118,6.786310061220117e-07,mle,-0.1546509230131088,1.065215210294263,ok,True,True,extraction,
xom,4260,2016-12-08,3748,4259,512,-1.5490028698591558,linear,52,0,52,52,0,52,0.1,0.1015625,0.1015625,0.674324146918837,6.74324146918837e-07,mle,-0.1546509230131088,1.065215210294263,ok,True,True,extraction,
xom,4261,2016-12-09,3749,4260,512,-1.5490028698591558,linear,52,0,52,52,0,52,0.1,0.1015625,0.1015625,0.6734744212580062,6.734744212580061e-07,mle,-0.1546509230131088,1.065215210294263,ok,True,True,extraction,
xom,4262,2016-12-12,3750,4261,512,-1.5308963825559712,linear,52,0,52,52,0,52,0.1,0.1015625,0.1015625,0.6734744212580062,6.734744212580061e-07,mle,-0.13646766049328474,1.0080302752098174,ok,True,True,extraction,
xom,4263,2016-12-13,3751,4262,512,-1.5308963825559712,linear,52,0,52,52,0,52,0.1,0.1015625,0.1015625,0.6734744212580062,6.734744212580061e-07,mle,-0.13646766049328474,1.0080302752098174,ok,True,True,extraction,
xom,4264,2016-12-14,3752,4263,512,-1.5308963825559712,linear,52,0,52,52,0,52,0.1,0.1015625,0.1015625,0.6734744212580062,6.734744212580061e-07,mle,-0.13646766049328474,1.0080302752098174,ok,True,True,extraction,
xom,4265,2016-12-15,3753,4264,512,-1.5490028698591558,linear,52,0,52,52,0,52,0.1,0.1015625,0.1015625,0.6734744212580062,6.734744212580061e-07,mle,-0.13892166949297374,1.003682017579869,ok,True,True,extraction,
xom,4266,2016-12-16,3754,4265,512,-1.5490028698591558,linear,52,0,52,52,0,52,0.1,0.1015625,0.1015625,0.6734744212580062,6.734744212580061e-07,mle,-0.13892166949297374,1.003682017579869,ok,True,True,extraction,
xom,4267,2016-12-19,3755,4266,512,-1.5490028698591558,linear,52,0,52,52,0,52,0.1,0.1015625,0.1015625,0.6735103895085163,6.735103895085162e-07,mle,-0.13892166949297374,1.003682017579869,ok,True,True,extraction,
xom,4268,2016-12-20,3756,4267,512,-1.5308963825559712,linear,52,0,52,52,0,52,0.1,0.1015625,0.1015625,0.6735103895085163,6.735103895085162e-07,mle,-0.1331755074689263,1.0028413337347595,ok,True,True,extraction,
xom,4269,2016-12-21,3757,4268,512,-1.5308963825559712,linear,52,0,52,52,0,52,0.1,0.1015625,0.1015625,0.6735103895085163,6.735103895085162e-07,mle,-0.1331755074689263,1.0028413337347595,ok,True,True,extraction,
xom,4270,2016-12-22,3758,4269,512,-1.5123947180096027,linear,52,0,52,52,0,52,0.1,0.1015625,0.1015625,0.6691929875965457,6.691929875965457e-07,mle,-0.10979210707527094,0.9703576745874087,ok,True,True,extraction,
xom,4271,2016-12-23,3759,4270,512,-1.5123947180096027,linear,52,0,52,52,0,52,0.1,0.1015625,0.1015625,0.6691929875965457,6.691929875965457e-07,mle,-0.10979210707527094,0.9703576745874087,ok,True,True,extraction,
xom,4272,2016-12-27,3760,4271,512,-1.4872260649204823,linear,52,0,52,52,0,52,0.1,0.1015625,0.1015625,0.6677543381168284,6.677543381168283e-07,mle,-0.09553703118662675,0.9543552333295857,ok,True,True,extraction,
xom,4273,2016-12-28,3761,4272,512,-1.4872260649204823,linear,52,0,52,52,0,52,0.1,0.1015625,0.1015625,0.6677543381168284,6.677543381168283e-07,mle,-0.09553703118662675,0.9543552333295857,ok,True,True,extraction,
xom,4274,2016-12-29,3762,4273,512,-1.4872260649204823,linear,52,0,52,52,0,52,0.1,0.1015625,0.1015625,0.6677543381168284,6.677543381168283e-07,mle,-0.09553703118662675,0.9543552333295857,ok,True,True,extraction,
xom,4275,2016-12-30,3763,4274,512,-1.4872260649204823,linear,52,0,52,52,0,52,0.1,0.1015625,0.1015625,0.6672763724673124,6.672763724673124e-07,mle,-0.09553703118662675,0.9543552333295857,ok,True,True,extraction,
xom,4276,2017-01-03,3764,4275,512,-1.4872260649204823,linear,52,0,52,52,0,52,0.1,0.1015625,0.1015625,0.6650894886570635,6.650894886570634e-07,mle,-0.09553703118662675,0.9543552333295857,ok,True,True,extraction,
xom,4277,2017-01-04,3765,4276,512,-1.4872260649204823,linear,52,0,52,52,0,52,0.1,0.1015625,0.1015625,0.6650894886570635,6.650894886570634e-07,mle,-0.09553703118662675,0.9543552333295857,ok,True,True,extraction,
xom,4278,2017-01-05,3766,4277,512,-1.4872260649204823,linear,52,0,52,52,0,52,0.1,0.1015625,0.1015625,0.6672763724673124,6.672763724673124e-07,mle,-0.09553703118662675,0.9543552333295857,ok,True,True,extraction,
xom,4279,2017-01-06,3767,4278,512,-1.500755146567908,linear,52,0,52,52,0,52,0.1,0.1015625,0.1015625,0.6660567792977192,6.660567792977191e-07,mle,-0.07818609623834893,0.9247237046710488,ok,True,True,extraction,
xom,4280,2017-01-09,3768,4279,512,-1.500755146567908,linear,52,0,52,52,0,52,0.1,0.1015625,0.1015625,0.6650894886570635,6.650894886570634e-07,mle,-0.07818609623834893,0.9247237046710488,ok,True,True,extraction,
xom,4281,2017-01-10,3769,4280,512,-1.5135916020009295,linear,52,0,52,52,0,52,0.1,0.1015625,0.1015625,0.6660567792977192,6.660567792977191e-07,mle,-0.0682184518959667,0.9056296513948603,ok,True,True,extraction,
xom,4282,2017-01-11,3770,4281,512,-1.5135916020009295,linear,52,0,52,52,0,52,0.1,0.1015625,0.1015625,0.6674954287774364,6.674954287774364e-07,mle,-0.0682184518959667,0.9056296513948603,ok,True,True,extraction,
xom,4283,2017-01-12,3771,4282,512,-1.5135916020009295,linear,52,0,52,52,0,52,0.1,0.1015625,0.1015625,0.6690061115583947,6.690061115583947e-07,mle,-0.0682184518959667,0.9056296513948603,ok,True,True,extraction,
xom,4284,2017-01-13,3772,4283,512,-1.5135916020009295,linear,52,0,52,52,0,52,0.1,0.1015625,0.1015625,0.6690061115583947,6.690061115583947e-07,mle,-0.0682184518959667,0.9056296513948603,ok,True,True,extraction,
xom,4285,2017-01-17,3773,4284,512,-1.5135916020009295,linear,52,0,52,52,0,52,0.1,0.1015625,0.1015625,0.6690061115583947,6.690061115583947e-07,mle,-0.0682184518959667,0.9056296513948603,ok,True,True,extraction,
xom,4286,2017-01-18,3774,4285,512,-1.500755146567908,linear,52,0,52,52,0,52,0.1,0.1015625,0.1015625,0.6691929875965457,6.691929875965457e-07,mle,-0.040608790207395475,0.8698837386857774,ok,True,True,extraction,
xom,4287,2017-01-19,3775,4286,512,-1.500755146567908,linear,52,0,52,52,0,52,0.1,0.1015625,0.1015625,0.6735103895085163,6.735103895085162e-07,mle,-0.040608790207395475,0.8698837386857774,ok,True,True,extraction,
xom,4288,2017-01-20,3776,4287,512,-1.5135916020009295,linear,52,0,52,52,0,52,0.1,0.1015625,0.1015625,0.6735103895085163,6.735103895085162e-07,mle,-0.037435803251797475,0.8601144485197745,ok,True,True,extraction,
xom,4289,2017-01-23,3777,4288,512,-1.5135916020009295,linear,52,0,52,52,0,52,0.1,0.1015625,0.1015625,0.6735103895085163,6.735103895085162e-07,mle,-0.037435803251797475,0.8601144485197745,ok,True,True,extraction,
xom,4290,2017-01-24,3778,4289,512,-1.5135916020009295,linear,52,0,52,52,0,52,0.1,0.1015625,0.1015625,0.6771656822111165,6.771656822111165e-07,mle,-0.037435803251797475,0.8601144485197745,ok,True,True,extraction,
xom,4291,2017-01-25,3779,4290,512,-1.500755146567908,linear,52,0,52,52,0,52,0.1,0.1015625,0.1015625,0.6735103895085163,6.735103895085162e-07,mle,-0.034807589664661825,0.8624548134138388,ok,True,True,extraction,
xom,4292,2017-01-26,3780,4291,512,-1.500755146567908,linear,52,0,52,52,0,52,0.1,0.1015625,0.1015625,0.6735039285802814,6.735039285802814e-07,mle,-0.034807589664661825,0.8624548134138388,ok,True,True,extraction,
xom,4293,2017-01-27,3781,4292,512,-1.500755146567908,linear,52,0,52,52,0,52,0.1,0.1015625,0.1015625,0.6748398183286786,6.748398183286785e-07,mle,-0.034807589664661825,0.8624548134138388,ok,True,True,extraction,
xom,4294,2017-01-30,3782,4293,512,-1.500755146567908,linear,52,0,52,52,0,52,0.1,0.1015625,0.1015625,0.672661679214878,6.726616792148779e-07,mle,-0.034807589664661825,0.8624548134138388,ok,True,True,extraction,
xom,4295,2017-01-31,3783,4294,512,-1.500755146567908,linear,52,0,52,52,0,52,0.1,0.1015625,0.1015625,0.6722078999039305,6.722078999039304e-07,mle,-0.034807589664661825,0.8624548134138388,ok,True,True,extraction,
xom,4296,2017-02-01,3784,4295,512,-1.500755146567908,linear,52,0,52,52,0,52,0.1,0.1015625,0.1015625,0.6735039285802814,6.735039285802814e-07,mle,-0.034807589664661825,0.8624548134138388,ok,True,True,extraction,
xom,4297,2017-02-02,3785,4296,512,-1.500755146567908,linear,52,0,52,52,0,52,0.1,0.1015625,0.1015625,0.6735103895085163,6.735103895085162e-07,mle,-0.034807589664661825,0.8624548134138388,ok,True,True,extraction,
xom,4298,2017-02-03,3786,4297,512,-1.500755146567908,linear,52,0,52,52,0,52,0.1,0.1015625,0.1015625,0.6691929875965457,6.691929875965457e-07,mle,-0.034807589664661825,0.8624548134138388,ok,True,True,extraction,
xom,4299,2017-02-06,3787,4298,512,-1.4872260649204823,linear,52,0,52,52,0,52,0.1,0.1015625,0.1015625,0.6712292157095125,6.712292157095125e-07,mle,-0.023865528484101364,0.854064274956245,ok,True,True,extraction,
xom,4300,2017-02-07,3788,4299,512,-1.4872260649204823,linear,52,0,52,52,0,52,0.1,0.1015625,0.1015625,0.6672763724673124,6.672763724673124e-07,mle,-0.023865528484101364,0.854064274956245,ok,True,True,extraction,
xom,4301,2017-02-08,3789,4300,512,-1.4872260649204823,linear,52,0,52,52,0,52,0.1,0.1015625,0.1015625,0.6650650273646121,6.650650273646121e-07,mle,-0.023865528484101364,0.854064274956245,ok,True,True,extraction,
xom,4302,2017-02-09,3790,4301,512,-1.4605156213788528,linear,52,0,52,52,0,52,0.1,0.1015625,0.1015625,0.6626766380630127,6.626766380630127e-07,mle,-0.014572078940650636,0.8364816904857195,ok,True,True,extraction,
xom,4303,2017-02-10,3791,4302,512,-1.4605156213788528,linear,52,0,52,52,0,52,0.1,0.1015625,0.1015625,0.6593154369011591,6.593154369011591e-07,mle,-0.014572078940650636,0.8364816904857195,ok,True,True,extraction,
xom,4304,2017-02-13,3792,4303,512,-1.4605156213788528,linear,52,0,52,52,0,52,0.1,0.1015625,0.1015625,0.6633845954557358,6.633845954557358e-07,mle,-0.014572078940650636,0.8364816904857195,ok,True,True,extraction,
xom,4305,2017-02-14,3793,4304,512,-1.4605156213788528,linear,52,0,52,52,0,52,0.1,0.1015625,0.1015625,0.6609671274365294,6.609671274365294e-07,mle,-0.014572078940650636,0.8364816904857195,ok,True,True,extraction,
xom,4306,2017-02-15,3794,4305,512,-1.4605156213788528,linear,52,0,52,52,0,52,0.1,0.1015625,0.1015625,0.6569270475995597,6.569270475995596e-07,mle,-0.014572078940650636,0.8364816904857195,ok,True,True,extraction,
xom,4307,2017-02-16,3795,4306,512,-1.4605156213788528,linear,52,0,52,52,0,52,0.1,0.1015625,0.1015625,0.6560813011099671,6.560813011099671e-07,mle,-0.014572078940650636,0.8364816904857195,ok,True,True,extraction,
xom,4308,2017-02-17,3796,4307,512,-1.4605156213788528,linear,52,0,52,52,0,52,0.1,0.1015625,0.1015625,0.6562008385926498,6.562008385926497e-07,mle,-0.014572078940650636,0.8364816904857195,ok,True,True,extraction,
xom,4309,2017-02-21,3797,4308,512,-1.4605156213788528,linear,52,0,52,52,0,52,0.1,0.1015625,0.1015625,0.6562008385926498,6.562008385926497e-07,mle,-0.014572078940650636,0.8364816904857195,ok,True,True,extraction,
xom,4310,2017-02-22,3798,4309,512,-1.4605156213788528,linear,52,0,52,52,0,52,0.1,0.1015625,0.1015625,0.6562008385926498,6.562008385926497e-07,mle,-0.014572078940650636,0.8364816904857195,ok,True,True,extraction,
xom,4311,2017-02-23,3799,4310,512,-1.4605156213788528,linear,52,0,52,52,0,52,0.1,0.1015625,0.1015625,0.6569270475995597,6.569270475995596e-07,mle,-0.014572078940650636,0.8364816904857195,ok,True,True,extraction,
xom,4312,2017-02-24,3800,4311,512,-1.4605156213788528,linear,52,0,52,52,0,52,0.1,0.1015625,0.1015625,0.6609671274365294,6.609671274365294e-07,mle,-0.014572078940650636,0.8364816904857195,ok,True,True,extraction,
xom,4313,2017-02-27,3801,4312,512,-1.4605156213788528,linear,52,0,52,52,0,52,0.1,0.1015625,0.1015625,0.6593154369011591,6.593154369011591e-07,mle,-0.014572078940650636,0.8364816904857195,ok,True,True,extraction,
xom,4314,2017-02-28,3802,4313,512,-1.4605156213788528,linear,52,0,52,52,0,52,0.1,0.1015625,0.1015625,0.6569270475995597,6.569270475995596e-07,mle,-0.014572078940650636,0.8364816904857195,ok,True,True,extraction,
xom,4315,2017-03-01,3803,4314,512,-1.4605156213788528,linear,52,0,52,52,0,52,0.1,0.1015625,0.1015625,0.6569270475995597,6.569270475995596e-07,mle,-0.014572078940650636,0.8364816904857195,ok,True,True,extraction,
xom,4316,2017-03-02,3804,4315,512,-1.4408991370229893,linear,52,0,52,52,0,52,0.1,0.1015625,0.1015625,0.6594101155797902,6.594101155797902e-07,mle,-0.009394879023740577,0.8369509474914583,ok,True,True,extraction,
xom,4317,2017-03-03,3805,4316,512,-1.4157067276266344,linear,52,0,52,52,0,52,0.1,0.1015625,0.1015625,0.6573318338909229,6.573318338909228e-07,mle,-0.030522011663820438,0.8741355832072961,ok,True,True,extraction,
xom,4318,2017-03-06,3806,4317,512,-1.4157067276266344,linear,52,0,52,52,0,52,0.1,0.1015625,0.1015625,0.6594101155797902,6.594101155797902e-07,mle,-0.030522011663820438,0.8741355832072961,ok,True,True,extraction,
xom,4319,2017-03-07,3807,4318,512,-1.4157067276266344,linear,52,0,52,52,0,52,0.1,0.1015625,0.1015625,0.6573318338909229,6.573318338909228e-07,mle,-0.030522011663820438,0.8741355832072961,ok,True,True,extraction,
xom,4320,2017-03-08,3808,4319,512,-1.4157067276266344,linear,52,0,52,52,0,52,0.1,0.1015625,0.1015625,0.6573318338909229,6.573318338909228e-07,mle,-0.030522011663820438,0.8741355832072961,ok,True,True,extraction,
xom,4321,2017-03-09,3809,4320,512,-1.4408991370229893,linear,52,0,52,52,0,52,0.1,0.1015625,0.1015625,0.6569270475995597,6.569270475995596e-07,mle,-0.013291955386074932,0.8417757492012906,ok,True,True,extraction,
xom,4322,2017-03-10,3810,4321,512,-1.4408991370229893,linear,52,0,52,52,0,52,0.1,0.1015625,0.1015625,0.6594101155797902,6.594101155797902e-07,mle,-0.013291955386074932,0.8417757492012906,ok,True,True,extraction,
xom,4323,2017-03-13,3811,4322,512,-1.4408991370229893,linear,52,0,52,52,0,52,0.1,0.1015625,0.1015625,0.6594101155797902,6.594101155797902e-07,mle,-0.013291955386074932,0.8417757492012906,ok,True,True,extraction,
xom,4324,2017-03-14,3812,4323,512,-1.4408991370229893,linear,52,0,52,52,0,52,0.1,0.1015625,0.1015625,0.6594101155797902,6.594101155797902e-07,mle,-0.013291955386074932,0.8417757492012906,ok,True,True,extraction,
xom,4325,2017-03-15,3813,4324,512,-1.4408991370229893,linear,52,0,52,52,0,52,0.1,0.1015625,0.1015625,0.6594101155797902,6.594101155797902e-07,mle,-0.013291955386074932,0.8417757492012906,ok,True,True,extraction,
xom,4326,2017-03-16,3814,4325,512,-1.4408991370229893,linear,52,0,52,52,0,52,0.1,0.1015625,0.1015625,0.6609671274365294,6.609671274365294e-07,mle,-0.013291955386074932,0.8417757492012906,ok,True,True,extraction,
xom,4327,2017-03-17,3815,4326,512,-1.4408991370229893,linear,52,0,52,52,0,52,0.1,0.1015625,0.1015625,0.6628675051219928,6.628675051219928e-07,mle,-0.013291955386074932,0.8417757492012906,ok,True,True,extraction,
xom,4328,2017-03-20,3816,4327,512,-1.4408991370229893,linear,52,0,52,52,0,52,0.1,0.1015625,0.1015625,0.661012828546585,6.61012828546585e-07,mle,-0.013291955386074932,0.8417757492012906,ok,True,True,extraction,
xom,4329,2017-03-21,3817,4328,512,-1.4408991370229893,linear,52,0,52,52,0,52,0.1,0.1015625,0.1015625,0.661012828546585,6.61012828546585e-07,mle,-0.013291955386074932,0.8417757492012906,ok,True,True,extraction,
xom,4330,2017-03-22,3818,4329,512,-1.4408991370229893,linear,52,0,52,52,0,52,0.1,0.1015625,0.1015625,0.659972907023589,6.59972907023589e-07,mle,-0.013291955386074932,0.8417757492012906,ok,True,True,extraction,
xom,4331,2017-03-23,3819,4330,512,-1.4408991370229893,linear,52,0,52,52,0,52,0.1,0.1015625,0.1015625,0.659972907023589,6.59972907023589e-07,mle,-0.013291955386074932,0.8417757492012906,ok,True,True,extraction,
xom,4332,2017-03-24,3820,4331,512,-1.4408991370229893,linear,52,0,52,52,0,52,0.1,0.1015625,0.1015625,0.659972907023589,6.59972907023589e-07,mle,-0.013291955386074932,0.8417757492012906,ok,True,True,extraction,
xom,4333,2017-03-27,3821,4332,512,-1.4408991370229893,linear,52,0,52,52,0,52,0.1,0.1015625,0.1015625,0.661012828546585,6.61012828546585e-07,mle,-0.013291955386074932,0.8417757492012906,ok,True,True,extraction,
xom,4334,2017-03-28,3822,4333,512,-1.4408991370229893,linear,52,0,52,52,0,52,0.1,0.1015625,0.1015625,0.659972907023589,6.59972907023589e-07,mle,-0.013291955386074932,0.8417757492012906,ok,True,True,extraction,
xom,4335,2017-03-29,3823,4334,512,-1.4408991370229893,linear,52,0,52,52,0,52,0.1,0.1015625,0.1015625,0.6621801495770612,6.621801495770612e-07,mle,-0.013291955386074932,0.8417757492012906,ok,True,True,extraction,
xom,4336,2017-03-30,3824,4335,512,-1.4408991370229893,linear,52,0,52,52,0,52,0.1,0.1015625,0.1015625,0.6579648865589731,6.579648865589731e-07,mle,-0.013291955386074932,0.8417757492012906,ok,True,True,extraction,
xom,4337,2017-03-31,3825,4336,512,-1.4157067276266344,linear,52,0,52,52,0,52,0.1,0.1015625,0.1015625,0.6579648865589731,6.579648865589731e-07,mle,-0.02531711402789146,0.8671877707079181,ok,True,True,extraction,
xom,4338,2017-04-03,3826,4337,512,-1.4408991370229893,linear,52,0,52,52,0,52,0.1,0.1015625,0.1015625,0.6621801495770612,6.621801495770612e-07,mle,-0.016904909236025417,0.8466409322126072,ok,True,True,extraction,
xom,4339,2017-04-04,3827,4338,512,-1.4408991370229893,linear,52,0,52,52,0,52,0.1,0.1015625,0.1015625,0.6579648865589731,6.579648865589731e-07,mle,-0.016904909236025417,0.8466409322126072,ok,True,True,extraction,
xom,4340,2017-04-05,3828,4339,512,-1.4408991370229893,linear,52,0,52,52,0,52,0.1,0.1015625,0.1015625,0.6538117762585736,6.538117762585736e-07,mle,-0.016904909236025417,0.8466409322126072,ok,True,True,extraction,
xom,4341,2017-04-06,3829,4340,512,-1.4408991370229893,linear,52,0,52,52,0,52,0.1,0.1015625,0.1015625,0.6538117762585736,6.538117762585736e-07,mle,-0.016904909236025417,0.8466409322126072,ok,True,True,extraction,
xom,4342,2017-04-07,3830,4341,512,-1.4408991370229893,linear,52,0,52,52,0,52,0.1,0.1015625,0.1015625,0.6535394854984252,6.535394854984252e-07,mle,-0.016904909236025417,0.8466409322126072,ok,True,True,extraction,
xom,4343,2017-04-10,3831,4342,512,-1.4408991370229893,linear,52,0,52,52,0,52,0.1,0.1015625,0.1015625,0.6518065764763628,6.518065764763627e-07,mle,-0.016904909236025417,0.8466409322126072,ok,True,True,extraction,
xom,4344,2017-04-11,3832,4343,512,-1.4408991370229893,linear,52,0,52,52,0,52,0.1,0.1015625,0.1015625,0.6497390377186052,6.497390377186051e-07,mle,-0.016904909236025417,0.8466409322126072,ok,True,True,extraction,
xom,4345,2017-04-12,3833,4344,512,-1.4408991370229893,linear,52,0,52,52,0,52,0.1,0.1015625,0.1015625,0.6491977807779137,6.491977807779136e-07,mle,-0.016904909236025417,0.8466409322126072,ok,True,True,extraction,
xom,4346,2017-04-13,3834,4345,512,-1.4408991370229893,linear,52,0,52,52,0,52,0.1,0.1015625,0.1015625,0.6471154096011861,6.471154096011861e-07,mle,-0.016904909236025417,0.8466409322126072,ok,True,True,extraction,
xom,4347,2017-04-17,3835,4346,512,-1.4605156213788528,linear,52,0,52,52,0,52,0.1,0.1015625,0.1015625,0.6481151902809776,6.481151902809776e-07,mle,0.007353067799437633,0.8090233493505548,ok,True,True,extraction,
xom,4348,2017-04-18,3836,4347,512,-1.4605156213788528,linear,52,0,52,52,0,52,0.1,0.1015625,0.1015625,0.6464699519741846,6.464699519741845e-07,mle,0.007353067799437633,0.8090233493505548,ok,True,True,extraction,
xom,4349,2017-04-19,3837,4348,512,-1.4605156213788528,linear,52,0,52,52,0,52,0.1,0.1015625,0.1015625,0.6464699519741846,6.464699519741845e-07,mle,0.007353067799437633,0.8090233493505548,ok,True,True,extraction,
xom,4350,2017-04-20,3838,4349,512,-1.4408991370229893,linear,52,0,52,52,0,52,0.1,0.1015625,0.1015625,0.6464699519741846,6.464699519741845e-07,mle,0.00408492408492544,0.8207164055926898,ok,True,True,extraction,
xom,4351,2017-04-21,3839,4350,512,-1.4408991370229893,linear,52,0,52,52,0,52,0.1,0.1015625,0.1015625,0.6431836628443596,6.431836628443596e-07,mle,0.00408492408492544,0.8207164055926898,ok,True,True,extraction,
xom,4352,2017-04-24,3840,4351,512,-1.4408991370229893,linear,52,0,52,52,0,52,0.1,0.1015625,0.1015625,0.6409967790341107,6.409967790341106e-07,mle,0.00408492408492544,0.8207164055926898,ok,True,True,extraction,
xom,4353,2017-04-25,3841,4352,512,-1.4408991370229893,linear,52,0,52,52,0,52,0.1,0.1015625,0.1015625,0.6409967790341107,6.409967790341106e-07,mle,0.00408492408492544,0.8207164055926898,ok,True,True,extraction,
xom,4354,2017-04-26,3842,4353,512,-1.4408991370229893,linear,52,0,52,52,0,52,0.1,0.1015625,0.1015625,0.6409967790341107,6.409967790341106e-07,mle,0.00408492408492544,0.8207164055926898,ok,True,True,extraction,
xom,4355,2017-04-27,3843,4354,512,-1.4408991370229893,linear,52,0,52,52,0,52,0.1,0.1015625,0.1015625,0.6398600892798241,6.398600892798241e-07,mle,0.00408492408492544,0.8207164055926898,ok,True,True,extraction,
xom,4356,2017-04-28,3844,4355,512,-1.4408991370229893,linear,52,0,52,52,0,52,0.1,0.1015625,0.1015625,0.6398600892798241,6.398600892798241e-07,mle,0.00408492408492544,0.8207164055926898,ok,True,True,extraction,
xom,4357,2017-05-01,3845,4356,512,-1.4408991370229893,linear,52,0,52,52,0,52,0.1,0.1015625,0.1015625,0.635800713992493,6.35800713992493e-07,mle,0.00408492408492544,0.8207164055926898,ok,True,True,extraction,
xom,4358,2017-05-02,3846,4357,512,-1.4408991370229893,linear,52,0,52,52,0,52,0.1,0.1015625,0.1015625,0.635800713992493,6.35800713992493e-07,mle,0.00408492408492544,0.8207164055926898,ok,True,True,extraction,
xom,4359,2017-05-03,3847,4358,512,-1.4408991370229893,linear,52,0,52,52,0,52,0.1,0.1015625,0.1015625,0.635800713992493,6.35800713992493e-07,mle,0.00408492408492544,0.8207164055926898,ok,True,True,extraction,
xom,4360,2017-05-04,3848,4359,512,-1.4408991370229893,linear,52,0,52,52,0,52,0.1,0.1015625,0.1015625,0.635800713992493,6.35800713992493e-07,mle,0.00408492408492544,0.8207164055926898,ok,True,True,extraction,
xom,4361,2017-05-05,3849,4360,512,-1.4408991370229893,linear,52,0,52,52,0,52,0.1,0.1015625,0.1015625,0.6398600892798241,6.398600892798241e-07,mle,0.00408492408492544,0.8207164055926898,ok,True,True,extraction,
xom,4362,2017-05-08,3850,4361,512,-1.4408991370229893,linear,52,0,52,52,0,52,0.1,0.1015625,0.1015625,0.635800713992493,6.35800713992493e-07,mle,0.00408492408492544,0.8207164055926898,ok,True,True,extraction,
xom,4363,2017-05-09,3851,4362,512,-1.4408991370229893,linear,52,0,52,52,0,52,0.1,0.1015625,0.1015625,0.6395096081486207,6.395096081486206e-07,mle,0.00408492408492544,0.8207164055926898,ok,True,True,extraction,
xom,4364,2017-05-10,3852,4363,512,-1.4408991370229893,linear,52,0,52,52,0,52,0.1,0.1015625,0.1015625,0.6398600892798241,6.398600892798241e-07,mle,0.00408492408492544,0.8207164055926898,ok,True,True,extraction,
xom,4365,2017-05-11,3853,4364,512,-1.4408991370229893,linear,52,0,52,52,0,52,0.1,0.1015625,0.1015625,0.6398600892798241,6.398600892798241e-07,mle,0.00408492408492544,0.8207164055926898,ok,True,True,extraction,
xom,4366,2017-05-12,3854,4365,512,-1.4408991370229893,linear,52,0,52,52,0,52,0.1,0.1015625,0.1015625,0.6409967790341107,6.409967790341106e-07,mle,0.00408492408492544,0.8207164055926898,ok,True,True,extraction,
xom,4367,2017-05-15,3855,4366,512,-1.4408991370229893,linear,52,0,52,52,0,52,0.1,0.1015625,0.1015625,0.6398600892798241,6.398600892798241e-07,mle,0.00408492408492544,0.8207164055926898,ok,True,True,extraction,
xom,4368,2017-05-16,3856,4367,512,-1.4408991370229893,linear,52,0,52,52,0,52,0.1,0.1015625,0.1015625,0.6398600892798241,6.398600892798241e-07,mle,0.00408492408492544,0.8207164055926898,ok,True,True,extraction,
xom,4369,2017-05-17,3857,4368,512,-1.4408991370229893,linear,52,0,52,52,0,52,0.1,0.1015625,0.1015625,0.6398600892798241,6.398600892798241e-07,mle,0.00408492408492544,0.8207164055926898,ok,True,True,extraction,
xom,4370,2017-05-18,3858,4369,512,-1.4408991370229893,linear,52,0,52,52,0,52,0.1,0.1015625,0.1015625,0.6409967790341107,6.409967790341106e-07,mle,0.00408492408492544,0.8207164055926898,ok,True,True,extraction,
xom,4371,2017-05-19,3859,4370,512,-1.4408991370229893,linear,52,0,52,52,0,52,0.1,0.1015625,0.1015625,0.6398600892798241,6.398600892798241e-07,mle,0.00408492408492544,0.8207164055926898,ok,True,True,extraction,
xom,4372,2017-05-22,3860,4371,512,-1.4408991370229893,linear,52,0,52,52,0,52,0.1,0.1015625,0.1015625,0.6361511951236964,6.361511951236964e-07,mle,0.00408492408492544,0.8207164055926898,ok,True,True,extraction,
xom,4373,2017-05-23,3861,4372,512,-1.4157067276266344,linear,52,0,52,52,0,52,0.1,0.1015625,0.1015625,0.6261258332677726,6.261258332677726e-07,mle,-0.020287774049184647,0.8612229310028202,ok,True,True,extraction,
xom,4374,2017-05-24,3862,4373,512,-1.4157067276266344,linear,52,0,52,52,0,52,0.1,0.1015625,0.1015625,0.6261258332677726,6.261258332677726e-07,mle,-0.020287774049184647,0.8612229310028202,ok,True,True,extraction,
xom,4375,2017-05-25,3863,4374,512,-1.4157067276266344,linear,52,0,52,52,0,52,0.1,0.1015625,0.1015625,0.6261258332677726,6.261258332677726e-07,mle,-0.020287774049184647,0.8612229310028202,ok,True,True,extraction,
xom,4376,2017-05-26,3864,4375,512,-1.4157067276266344,linear,52,0,52,52,0,52,0.1,0.1015625,0.1015625,0.6361511951236964,6.361511951236964e-07,mle,-0.020287774049184647,0.8612229310028202,ok,True,True,extraction,
xom,4377,2017-05-30,3865,4376,512,-1.4157067276266344,linear,52,0,52,52,0,52,0.1,0.1015625,0.1015625,0.637287884877983,6.37287884877983e-07,mle,-0.020287774049184647,0.8612229310028202,ok,True,True,extraction,
xom,4378,2017-05-31,3866,4377,512,-1.4157067276266344,linear,52,0,52,52,0,52,0.1,0.1015625,0.1015625,0.637287884877983,6.37287884877983e-07,mle,-0.020287774049184647,0.8612229310028202,ok,True,True,extraction,
xom,4379,2017-06-01,3867,4378,512,-1.4157067276266344,linear,52,0,52,52,0,52,0.1,0.1015625,0.1015625,0.6376994776325065,6.376994776325065e-07,mle,-0.020287774049184647,0.8612229310028202,ok,True,True,extraction,
xom,4380,2017-06-02,3868,4379,512,-1.4157067276266344,linear,52,0,52,52,0,52,0.1,0.1015625,0.1015625,0.6376994776325065,6.376994776325065e-07,mle,-0.020287774049184647,0.8612229310028202,ok,True,True,extraction,
xom,4381,2017-06-05,3869,4380,512,-1.4408991370229893,linear,52,0,52,52,0,52,0.1,0.1015625,0.1015625,0.6411154309484995,6.411154309484995e-07,mle,0.015419672375836278,0.8078026348224789,ok,True,True,extraction,
xom,4382,2017-06-06,3870,4381,512,-1.4408991370229893,linear,52,0,52,52,0,52,0.1,0.1015625,0.1015625,0.6411154309484995,6.411154309484995e-07,mle,0.015419672375836278,0.8078026348224789,ok,True,True,extraction,
xom,4383,2017-06-07,3871,4382,512,-1.4408991370229893,linear,52,0,52,52,0,52,0.1,0.1015625,0.1015625,0.6432351488635762,6.432351488635762e-07,mle,0.015419672375836278,0.8078026348224789,ok,True,True,extraction,
xom,4384,2017-06-08,3872,4383,512,-1.4408991370229893,linear,52,0,52,52,0,52,0.1,0.1015625,0.1015625,0.6432351488635762,6.432351488635762e-07,mle,0.015419672375836278,0.8078026348224789,ok,True,True,extraction,
xom,4385,2017-06-09,3873,4384,512,-1.4408991370229893,linear,52,0,52,52,0,52,0.1,0.1015625,0.1015625,0.6432351488635762,6.432351488635762e-07,mle,0.015419672375836278,0.8078026348224789,ok,True,True,extraction,
xom,4386,2017-06-12,3874,4385,512,-1.4408991370229893,linear,52,0,52,52,0,52,0.1,0.1015625,0.1015625,0.6446228196132766,6.446228196132765e-07,mle,0.015419672375836278,0.8078026348224789,ok,True,True,extraction,
xom,4387,2017-06-13,3875,4386,512,-1.4408991370229893,linear,52,0,52,52,0,52,0.1,0.1015625,0.1015625,0.6464699519741846,6.464699519741845e-07,mle,0.015419672375836278,0.8078026348224789,ok,True,True,extraction,
xom,4388,2017-06-14,3876,4387,512,-1.4408991370229893,linear,52,0,52,52,0,52,0.1,0.1015625,0.1015625,0.6464699519741846,6.464699519741845e-07,mle,0.015419672375836278,0.8078026348224789,ok,True,True,extraction,
xom,4389,2017-06-15,3877,4388,512,-1.4408991370229893,linear,52,0,52,52,0,52,0.1,0.1015625,0.1015625,0.6490457984973883,6.490457984973883e-07,mle,0.015419672375836278,0.8078026348224789,ok,True,True,extraction,
xom,4390,2017-06-16,3878,4389,512,-1.4408991370229893,linear,52,0,52,52,0,52,0.1,0.1015625,0.1015625,0.6464699519741846,6.464699519741845e-07,mle,0.015419672375836278,0.8078026348224789,ok,True,True,extraction,
xom,4391,2017-06-19,3879,4390,512,-1.4408991370229893,linear,52,0,52,52,0,52,0.1,0.1015625,0.1015625,0.6495930676602788,6.495930676602787e-07,mle,0.015419672375836278,0.8078026348224789,ok,True,True,extraction,
xom,4392,2017-06-20,3880,4391,512,-1.4408991370229893,linear,52,0,52,52,0,52,0.1,0.1015625,0.1015625,0.6490457984973883,6.490457984973883e-07,mle,0.015419672375836278,0.8078026348224789,ok,True,True,extraction,
xom,4393,2017-06-21,3881,4392,512,-1.4408991370229893,linear,52,0,52,52,0,52,0.1,0.1015625,0.1015625,0.6490457984973883,6.490457984973883e-07,mle,0.015419672375836278,0.8078026348224789,ok,True,True,extraction,
xom,4394,2017-06-22,3882,4393,512,-1.4408991370229893,linear,52,0,52,52,0,52,0.1,0.1015625,0.1015625,0.6480591282152355,6.480591282152355e-07,mle,0.015419672375836278,0.8078026348224789,ok,True,True,extraction,
xom,4395,2017-06-23,3883,4394,512,-1.4408991370229893,linear,52,0,52,52,0,52,0.1,0.1015625,0.1015625,0.6480591282152355,6.480591282152355e-07,mle,0.015419672375836278,0.8078026348224789,ok,True,True,extraction,
xom,4396,2017-06-26,3884,4395,512,-1.4408991370229893,linear,52,0,52,52,0,52,0.1,0.1015625,0.1015625,0.6464699519741846,6.464699519741845e-07,mle,0.015419672375836278,0.8078026348224789,ok,True,True,extraction,
xom,4397,2017-06-27,3885,4396,512,-1.4408991370229893,linear,52,0,52,52,0,52,0.1,0.1015625,0.1015625,0.6464699519741846,6.464699519741845e-07,mle,0.015419672375836278,0.8078026348224789,ok,True,True,extraction,
xom,4398,2017-06-28,3886,4397,512,-1.4408991370229893,linear,52,0,52,52,0,52,0.1,0.1015625,0.1015625,0.6456707389136361,6.456707389136361e-07,mle,0.015419672375836278,0.8078026348224789,ok,True,True,extraction,
xom,4399,2017-06-29,3887,4398,512,-1.4408991370229893,linear,52,0,52,52,0,52,0.1,0.1015625,0.1015625,0.6456707389136361,6.456707389136361e-07,mle,0.015419672375836278,0.8078026348224789,ok,True,True,extraction,
xom,4400,2017-06-30,3888,4399,512,-1.4408991370229893,linear,52,0,52,52,0,52,0.1,0.1015625,0.1015625,0.6506449698207557,6.506449698207557e-07,mle,0.015419672375836278,0.8078026348224789,ok,True,True,extraction,
xom,4401,2017-07-03,3889,4400,512,-1.4408991370229893,linear,52,0,52,52,0,52,0.1,0.1015625,0.1015625,0.6456707389136361,6.456707389136361e-07,mle,0.015419672375836278,0.8078026348224789,ok,True,True,extraction,
xom,4402,2017-07-05,3890,4401,512,-1.4408991370229893,linear,52,0,52,52,0,52,0.1,0.1015625,0.1015625,0.6464699519741846,6.464699519741845e-07,mle,0.015419672375836278,0.8078026348224789,ok,True,True,extraction,
xom,4403,2017-07-06,3891,4402,512,-1.4605156213788528,linear,52,0,52,52,0,52,0.1,0.1015625,0.1015625,0.6490457984973883,6.490457984973883e-07,mle,0.04438775450363734,0.7671821611924753,ok,True,True,extraction,
xom,4404,2017-07-07,3892,4403,512,-1.4605156213788528,linear,52,0,52,52,0,52,0.1,0.1015625,0.1015625,0.651942736351494,6.51942736351494e-07,mle,0.04438775450363734,0.7671821611924753,ok,True,True,extraction,
xom,4405,2017-07-10,3893,4404,512,-1.4605156213788528,linear,52,0,52,52,0,52,0.1,0.1015625,0.1015625,0.6495930676602788,6.495930676602787e-07,mle,0.04438775450363734,0.7671821611924753,ok,True,True,extraction,
xom,4406,2017-07-11,3894,4405,512,-1.4605156213788528,linear,52,0,52,52,0,52,0.1,0.1015625,0.1015625,0.6495930676602788,6.495930676602787e-07,mle,0.04438775450363734,0.7671821611924753,ok,True,True,extraction,
xom,4407,2017-07-12,3895,4406,512,-1.4605156213788528,linear,52,0,52,52,0,52,0.1,0.1015625,0.1015625,0.6481151902809776,6.481151902809776e-07,mle,0.04438775450363734,0.7671821611924753,ok,True,True,extraction,
xom,4408,2017-07-13,3896,4407,512,-1.4605156213788528,linear,52,0,52,52,0,52,0.1,0.1015625,0.1015625,0.6481151902809776,6.481151902809776e-07,mle,0.04438775450363734,0.7671821611924753,ok,True,True,extraction,
xom,4409,2017-07-14,3897,4408,512,-1.4605156213788528,linear,52,0,52,52,0,52,0.1,0.1015625,0.1015625,0.6422180832692737,6.422180832692736e-07,mle,0.04438775450363734,0.7671821611924753,ok,True,True,extraction,
xom,4410,2017-07-17,3898,4409,512,-1.4605156213788528,linear,52,0,52,52,0,52,0.1,0.1015625,0.1015625,0.6351833822772719,6.351833822772718e-07,mle,0.04438775450363734,0.7671821611924753,ok,True,True,extraction,
xom,4411,2017-07-18,3899,4410,512,-1.4605156213788528,linear,52,0,52,52,0,52,0.1,0.1015625,0.1015625,0.632996498467023,6.32996498467023e-07,mle,0.04438775450363734,0.7671821611924753,ok,True,True,extraction,
xom,4412,2017-07-19,3900,4411,512,-1.4605156213788528,linear,52,0,52,52,0,52,0.1,0.1015625,0.1015625,0.639223786332575,6.39223786332575e-07,mle,0.04438775450363734,0.7671821611924753,ok,True,True,extraction,
xom,4413,2017-07-20,3901,4412,512,-1.4605156213788528,linear,52,0,52,52,0,52,0.1,0.1015625,0.1015625,0.6327112827208073,6.327112827208073e-07,mle,0.04438775450363734,0.7671821611924753,ok,True,True,extraction,
xom,4414,2017-07-21,3902,4413,512,-1.4605156213788528,linear,52,0,52,52,0,52,0.1,0.1015625,0.1015625,0.6327112827208073,6.327112827208073e-07,mle,0.04438775450363734,0.7671821611924753,ok,True,True,extraction,
xom,4415,2017-07-24,3903,4414,512,-1.4605156213788528,linear,52,0,52,52,0,52,0.1,0.1015625,0.1015625,0.6388492736537894,6.388492736537894e-07,mle,0.04438775450363734,0.7671821611924753,ok,True,True,extraction,
xom,4416,2017-07-25,3904,4415,512,-1.4605156213788528,linear,52,0,52,52,0,52,0.1,0.1015625,0.1015625,0.6389512324242154,6.389512324242153e-07,mle,0.04438775450363734,0.7671821611924753,ok,True,True,extraction,
xom,4417,2017-07-26,3905,4416,512,-1.4605156213788528,linear,52,0,52,52,0,52,0.1,0.1015625,0.1015625,0.6352423382680876,6.352423382680876e-07,mle,0.04438775450363734,0.7671821611924753,ok,True,True,extraction,
xom,4418,2017-07-27,3906,4417,512,-1.4605156213788528,linear,52,0,52,52,0,52,0.1,0.1015625,0.1015625,0.6351403794976618,6.351403794976617e-07,mle,0.04438775450363734,0.7671821611924753,ok,True,True,extraction,
xom,4419,2017-07-28,3907,4418,512,-1.4605156213788528,linear,52,0,52,52,0,52,0.1,0.1015625,0.1015625,0.6351403794976618,6.351403794976617e-07,mle,0.04438775450363734,0.7671821611924753,ok,True,True,extraction,
xom,4420,2017-07-31,3908,4419,512,-1.4872260649204823,linear,52,0,52,52,0,52,0.1,0.1015625,0.1015625,0.6388492736537894,6.388492736537894e-07,mle,0.09368948799681576,0.705640091040701,ok,True,True,extraction,
xom,4421,2017-08-01,3909,4420,512,-1.4872260649204823,linear,52,0,52,52,0,52,0.1,0.1015625,0.1015625,0.6296332219325498,6.296332219325497e-07,mle,0.09368948799681576,0.705640091040701,ok,True,True,extraction,
xom,4422,2017-08-02,3910,4421,512,-1.4872260649204823,linear,52,0,52,52,0,52,0.1,0.1015625,0.1015625,0.623119214195827,6.231192141958271e-07,mle,0.09368948799681576,0.705640091040701,ok,True,True,extraction,
xom,4423,2017-08-03,3911,4422,512,-1.4872260649204823,linear,52,0,52,52,0,52,0.1,0.1015625,0.1015625,0.623119214195827,6.231192141958271e-07,mle,0.09368948799681576,0.705640091040701,ok,True,True,extraction,
xom,4424,2017-08-04,3912,4423,512,-1.4872260649204823,linear,52,0,52,52,0,52,0.1,0.1015625,0.1015625,0.6211107192007568,6.211107192007568e-07,mle,0.09368948799681576,0.705640091040701,ok,True,True,extraction,
xom,4425,2017-08-07,3913,4424,512,-1.4605156213788528,linear,52,0,52,52,0,52,0.1,0.1015625,0.1015625,0.6208255034545411,6.208255034545411e-07,mle,0.04125060875065609,0.7703996955986516,ok,True,True,extraction,
xom,4426,2017-08-08,3914,4425,512,-1.4605156213788528,linear,52,0,52,52,0,52,0.1,0.1015625,0.1015625,0.6171166092984135,6.171166092984135e-07,mle,0.04125060875065609,0.7703996955986516,ok,True,True,extraction,
xom,4427,2017-08-09,3915,4426,512,-1.4605156213788528,linear,52,0,52,52,0,52,0.1,0.1015625,0.1015625,0.6083327369014908,6.083327369014908e-07,mle,0.04125060875065609,0.7703996955986516,ok,True,True,extraction,
xom,4428,2017-08-10,3916,4427,512,-1.4605156213788528,linear,52,0,52,52,0,52,0.1,0.1015625,0.1015625,0.6016747193999363,6.016747193999363e-07,mle,0.04125060875065609,0.7703996955986516,ok,True,True,extraction,
xom,4429,2017-08-11,3917,4428,512,-1.4605156213788528,linear,52,0,52,52,0,52,0.1,0.1015625,0.1015625,0.6077036298939766,6.077036298939766e-07,mle,0.04125060875065609,0.7703996955986516,ok,True,True,extraction,
xom,4430,2017-08-14,3918,4429,512,-1.4408991370229893,linear,52,0,52,52,0,52,0.1,0.1015625,0.1015625,0.6077036298939766,6.077036298939766e-07,mle,0.002233100037426791,0.7589823537936607,ok,True,True,extraction,
xom,4431,2017-08-15,3919,4430,512,-1.4157067276266344,linear,52,0,52,52,0,52,0.1,0.1015625,0.1015625,0.5976050603219889,5.976050603219889e-07,mle,-0.03431070711019671,0.8119244906976726,ok,True,True,extraction,
xom,4432,2017-08-16,3920,4431,512,-1.4157067276266344,linear,52,0,52,52,0,52,0.1,0.1015625,0.1015625,0.5950743418394377,5.950743418394377e-07,mle,-0.03431070711019671,0.8119244906976726,ok,True,True,extraction,
xom,4433,2017-08-17,3921,4432,512,-1.4157067276266344,linear,52,0,52,52,0,52,0.1,0.1015625,0.1015625,0.5976050603219889,5.976050603219889e-07,mle,-0.03431070711019671,0.8119244906976726,ok,True,True,extraction,
xom,4434,2017-08-18,3922,4433,512,-1.4408991370229893,linear,52,0,52,52,0,52,0.1,0.1015625,0.1015625,0.6016747193999363,6.016747193999363e-07,mle,-0.0044878479523946455,0.7661839377686359,ok,True,True,extraction,
xom,4435,2017-08-21,3923,4434,512,-1.4157067276266344,linear,52,0,52,52,0,52,0.1,0.1015625,0.1015625,0.5950743418394377,5.950743418394377e-07,mle,-0.03172665624632122,0.8089183188365608,ok,True,True,extraction,
xom,4436,2017-08-22,3924,4435,512,-1.4157067276266344,linear,52,0,52,52,0,52,0.1,0.1015625,0.1015625,0.594129865699138,5.941298656991379e-07,mle,-0.03172665624632122,0.8089183188365608,ok,True,True,extraction,
xom,4437,2017-08-23,3925,4436,512,-1.4157067276266344,linear,52,0,52,52,0,52,0.1,0.1015625,0.1015625,0.5875294881386395,5.875294881386394e-07,mle,-0.03172665624632122,0.8089183188365608,ok,True,True,extraction,
xom,4438,2017-08-24,3926,4437,512,-1.4157067276266344,linear,52,0,52,52,0,52,0.1,0.1015625,0.1015625,0.5862506592048884,5.862506592048883e-07,mle,-0.03172665624632122,0.8089183188365608,ok,True,True,extraction,
xom,4439,2017-08-25,3927,4438,512,-1.4157067276266344,linear,52,0,52,52,0,52,0.1,0.1015625,0.1015625,0.5862506592048884,5.862506592048883e-07,mle,-0.03172665624632122,0.8089183188365608,ok,True,True,extraction,
xom,4440,2017-08-28,3928,4439,512,-1.4157067276266344,linear,52,0,52,52,0,52,0.1,0.1015625,0.1015625,0.5828122919856676,5.828122919856676e-07,mle,-0.03172665624632122,0.8089183188365608,ok,True,True,extraction,
xom,4441,2017-08-29,3929,4440,512,-1.4157067276266344,linear,52,0,52,52,0,52,0.1,0.1015625,0.1015625,0.5862506592048884,5.862506592048883e-07,mle,-0.03172665624632122,0.8089183188365608,ok,True,True,extraction,
xom,4442,2017-08-30,3930,4441,512,-1.4157067276266344,linear,52,0,52,52,0,52,0.1,0.1015625,0.1015625,0.579456352259192,5.79456352259192e-07,mle,-0.03172665624632122,0.8089183188365608,ok,True,True,extraction,
xom,4443,2017-08-31,3931,4442,512,-1.392958627435945,linear,52,0,52,52,0,52,0.1,0.1015625,0.1015625,0.5778892649208844,5.778892649208844e-07,mle,-0.0317909998091866,0.8171073322070734,ok,True,True,extraction,
xom,4444,2017-09-01,3932,4443,512,-1.36787837369342,linear,52,0,52,52,0,52,0.1,0.1015625,0.1015625,0.5728738207138832,5.728738207138831e-07,mle,-0.033321228499019216,0.8277344488168221,ok,True,True,extraction,
xom,4445,2017-09-05,3933,4444,512,-1.346651162212112,linear,52,0,52,52,0,52,0.1,0.1015625,0.1015625,0.5749233212667405,5.749233212667405e-07,mle,-0.02015655833531175,0.7999363309004139,ok,True,True,extraction,
xom,4446,2017-09-06,3934,4445,512,-1.3307744993964117,linear,52,0,52,52,0,52,0.1,0.1015625,0.1015625,0.576455979701992,5.76455979701992e-07,mle,-0.08710978561123958,0.7965630999006028,ok,True,True,extraction,
xom,4447,2017-09-07,3935,4446,512,-1.3307744993964117,linear,52,0,52,52,0,52,0.1,0.1015625,0.1015625,0.579120912844438,5.79120912844438e-07,mle,-0.08710978561123958,0.7965630999006028,ok,True,True,extraction,
xom,4448,2017-09-08,3936,4447,512,-1.3307744993964117,linear,52,0,52,52,0,52,0.1,0.1015625,0.1015625,0.5750254941981676,5.750254941981676e-07,mle,-0.08710978561123958,0.7965630999006028,ok,True,True,extraction,
xom,4449,2017-09-11,3937,4448,512,-1.3307744993964117,linear,52,0,52,52,0,52,0.1,0.1015625,0.1015625,0.5759597418270341,5.759597418270341e-07,mle,-0.08710978561123958,0.7965630999006028,ok,True,True,extraction,
xom,4450,2017-09-12,3938,4449,512,-1.3307744993964117,linear,52,0,52,52,0,52,0.1,0.1015625,0.1015625,0.5759597418270341,5.759597418270341e-07,mle,-0.08710978561123958,0.7965630999006028,ok,True,True,extraction,
xom,4451,2017-09-13,3939,4450,512,-1.3307744993964117,linear,52,0,52,52,0,52,0.1,0.1015625,0.1015625,0.5759597418270341,5.759597418270341e-07,mle,-0.08710978561123958,0.7965630999006028,ok,True,True,extraction,
xom,4452,2017-09-14,3940,4451,512,-1.2893297912614496,linear,52,0,52,52,0,52,0.1,0.1015625,0.1015625,0.5708740738323109,5.708740738323109e-07,mle,-0.1570403339928137,0.8276249043094817,ok,True,True,extraction,
xom,4453,2017-09-15,3941,4452,512,-1.2893297912614496,linear,52,0,52,52,0,52,0.1,0.1015625,0.1015625,0.564437272611254,5.64437272611254e-07,mle,-0.1570403339928137,0.8276249043094817,ok,True,True,extraction,
xom,4454,2017-09-18,3942,4453,512,-1.2893297912614496,linear,52,0,52,52,0,52,0.1,0.1015625,0.1015625,0.5612862283870883,5.612862283870883e-07,mle,-0.1570403339928137,0.8276249043094817,ok,True,True,extraction,
xom,4455,2017-09-19,3943,4454,512,-1.2807642799125436,linear,52,0,52,52,0,52,0.1,0.1015625,0.1015625,0.5597191410487807,5.597191410487807e-07,mle,-0.14913010288578016,0.8204734924888923,ok,True,True,extraction,
xom,4456,2017-09-20,3944,4455,512,-1.2807642799125436,linear,52,0,52,52,0,52,0.1,0.1015625,0.1015625,0.5579056281327707,5.579056281327707e-07,mle,-0.14913010288578016,0.8204734924888923,ok,True,True,extraction,
xom,4457,2017-09-21,3945,4456,512,-1.2551074607846895,linear,52,0,52,52,0,52,0.1,0.1015625,0.1015625,0.5539239946788311,5.539239946788311e-07,mle,-0.15191929577510682,0.834284381634265,ok,True,True,extraction,
xom,4458,2017-09-22,3946,4457,512,-1.2551074607846895,linear,52,0,52,52,0,52,0.1,0.1015625,0.1015625,0.5555287613548299,5.555287613548299e-07,mle,-0.15191929577510682,0.834284381634265,ok,True,True,extraction,
xom,4459,2017-09-25,3947,4458,512,-1.2551074607846895,linear,52,0,52,52,0,52,0.1,0.1015625,0.1015625,0.5555287613548299,5.555287613548299e-07,mle,-0.15191929577510682,0.834284381634265,ok,True,True,extraction,
xom,4460,2017-09-26,3948,4459,512,-1.2551074607846895,linear,52,0,52,52,0,52,0.1,0.1015625,0.1015625,0.5571975269126457,5.571975269126457e-07,mle,-0.15191929577510682,0.834284381634265,ok,True,True,extraction,
xom,4461,2017-09-27,3949,4460,512,-1.2551074607846895,linear,52,0,52,52,0,52,0.1,0.1015625,0.1015625,0.5579056281327707,5.579056281327707e-07,mle,-0.15191929577510682,0.834284381634265,ok,True,True,extraction,
xom,4462,2017-09-28,3950,4461,512,-1.2551074607846895,linear,52,0,52,52,0,52,0.1,0.1015625,0.1015625,0.5579056281327707,5.579056281327707e-07,mle,-0.15191929577510682,0.834284381634265,ok,True,True,extraction,
xom,4463,2017-09-29,3951,4462,512,-1.2551074607846895,linear,52,0,52,52,0,52,0.1,0.1015625,0.1015625,0.5597191410487807,5.597191410487807e-07,mle,-0.15191929577510682,0.834284381634265,ok,True,True,extraction,
xom,4464,2017-10-02,3952,4463,512,-1.2437156004076357,linear,52,0,52,52,0,52,0.1,0.1015625,0.1015625,0.5579056281327707,5.579056281327707e-07,mle,-0.1311557416739915,0.8069232670329841,ok,True,True,extraction,
xom,4465,2017-10-03,3953,4464,512,-1.2437156004076357,linear,52,0,52,52,0,52,0.1,0.1015625,0.1015625,0.5551245133576488,5.551245133576487e-07,mle,-0.1311557416739915,0.8069232670329841,ok,True,True,extraction,
xom,4466,2017-10-04,3954,4465,512,-1.2437156004076357,linear,52,0,52,52,0,52,0.1,0.1015625,0.1015625,0.5511589544114792,5.511589544114792e-07,mle,-0.1311557416739915,0.8069232670329841,ok,True,True,extraction,
xom,4467,2017-10-05,3955,4466,512,-1.2437156004076357,linear,52,0,52,52,0,52,0.1,0.1015625,0.1015625,0.546204251592538,5.46204251592538e-07,mle,-0.1311557416739915,0.8069232670329841,ok,True,True,extraction,
xom,4468,2017-10-06,3956,4467,512,-1.2437156004076357,linear,52,0,52,52,0,52,0.1,0.1015625,0.1015625,0.5441793527912728,5.441793527912728e-07,mle,-0.1311557416739915,0.8069232670329841,ok,True,True,extraction,
xom,4469,2017-10-09,3957,4468,512,-1.2437156004076357,linear,52,0,52,52,0,52,0.1,0.1015625,0.1015625,0.543799958941793,5.43799958941793e-07,mle,-0.1311557416739915,0.8069232670329841,ok,True,True,extraction,
xom,4470,2017-10-10,3958,4469,512,-1.2437156004076357,linear,52,0,52,52,0,52,0.1,0.1015625,0.1015625,0.5429918328152512,5.429918328152512e-07,mle,-0.1311557416739915,0.8069232670329841,ok,True,True,extraction,
xom,4471,2017-10-11,3959,4470,512,-1.2437156004076357,linear,52,0,52,52,0,52,0.1,0.1015625,0.1015625,0.5429918328152512,5.429918328152512e-07,mle,-0.1311557416739915,0.8069232670329841,ok,True,True,extraction,
xom,4472,2017-10-12,3960,4471,512,-1.2437156004076357,linear,52,0,52,52,0,52,0.1,0.1015625,0.1015625,0.5391306827042757,5.391306827042757e-07,mle,-0.1311557416739915,0.8069232670329841,ok,True,True,extraction,
xom,4473,2017-10-13,3961,4472,512,-1.2437156004076357,linear,52,0,52,52,0,52,0.1,0.1015625,0.1015625,0.5391306827042757,5.391306827042757e-07,mle,-0.1311557416739915,0.8069232670329841,ok,True,True,extraction,
xom,4474,2017-10-16,3962,4473,512,-1.2437156004076357,linear,52,0,52,52,0,52,0.1,0.1015625,0.1015625,0.5350686165479318,5.350686165479318e-07,mle,-0.1311557416739915,0.8069232670329841,ok,True,True,extraction,
xom,4475,2017-10-17,3963,4474,512,-1.2437156004076357,linear,52,0,52,52,0,52,0.1,0.1015625,0.1015625,0.5339033686360772,5.339033686360772e-07,mle,-0.1311557416739915,0.8069232670329841,ok,True,True,extraction,
xom,4476,2017-10-18,3964,4475,512,-1.2437156004076357,linear,52,0,52,52,0,52,0.1,0.1015625,0.1015625,0.5322683382679769,5.322683382679769e-07,mle,-0.1311557416739915,0.8069232670329841,ok,True,True,extraction,
xom,4477,2017-10-19,3965,4476,512,-1.2437156004076357,linear,52,0,52,52,0,52,0.1,0.1015625,0.1015625,0.5348961264936902,5.348961264936902e-07,mle,-0.1311557416739915,0.8069232670329841,ok,True,True,extraction,
xom,4478,2017-10-20,3966,4477,512,-1.2437156004076357,linear,52,0,52,52,0,52,0.1,0.1015625,0.1015625,0.5294419696219853,5.294419696219852e-07,mle,-0.1311557416739915,0.8069232670329841,ok,True,True,extraction,
xom,4479,2017-10-23,3967,4478,512,-1.2437156004076357,linear,52,0,52,52,0,52,0.1,0.1015625,0.1015625,0.5241836492036482,5.241836492036482e-07,mle,-0.1311557416739915,0.8069232670329841,ok,True,True,extraction,
xom,4480,2017-10-24,3968,4479,512,-1.2437156004076357,linear,52,0,52,52,0,52,0.1,0.1015625,0.1015625,0.5241836492036482,5.241836492036482e-07,mle,-0.1311557416739915,0.8069232670329841,ok,True,True,extraction,
xom,4481,2017-10-25,3969,4480,512,-1.2437156004076357,linear,52,0,52,52,0,52,0.1,0.1015625,0.1015625,0.5265355898159794,5.265355898159793e-07,mle,-0.1311557416739915,0.8069232670329841,ok,True,True,extraction,
xom,4482,2017-10-26,3970,4481,512,-1.2437156004076357,linear,52,0,52,52,0,52,0.1,0.1015625,0.1015625,0.5192959406757677,5.192959406757677e-07,mle,-0.1311557416739915,0.8069232670329841,ok,True,True,extraction,
xom,4483,2017-10-27,3971,4482,512,-1.2437156004076357,linear,52,0,52,52,0,52,0.1,0.1015625,0.1015625,0.5173579356532044,5.173579356532044e-07,mle,-0.1311557416739915,0.8069232670329841,ok,True,True,extraction,
xom,4484,2017-10-30,3972,4483,512,-1.2437156004076357,linear,52,0,52,52,0,52,0.1,0.1015625,0.1015625,0.516494252053461,5.16494252053461e-07,mle,-0.1311557416739915,0.8069232670329841,ok,True,True,extraction,
xom,4485,2017-10-31,3973,4484,512,-1.2416128388541046,linear,52,0,52,52,0,52,0.1,0.1015625,0.1015625,0.5151452541083478,5.151452541083478e-07,mle,-0.11235506048443047,0.7838192819191323,ok,True,True,extraction,
xom,4486,2017-11-01,3974,4485,512,-1.2416128388541046,linear,52,0,52,52,0,52,0.1,0.1015625,0.1015625,0.5151452541083478,5.151452541083478e-07,mle,-0.11235506048443047,0.7838192819191323,ok,True,True,extraction,
xom,4487,2017-11-02,3975,4486,512,-1.2416128388541046,linear,52,0,52,52,0,52,0.1,0.1015625,0.1015625,0.5109336119631589,5.109336119631588e-07,mle,-0.11235506048443047,0.7838192819191323,ok,True,True,extraction,
xom,4488,2017-11-03,3976,4487,512,-1.2416128388541046,linear,52,0,52,52,0,52,0.1,0.1015625,0.1015625,0.5135249311644121,5.135249311644121e-07,mle,-0.11235506048443047,0.7838192819191323,ok,True,True,extraction,
xom,4489,2017-11-06,3977,4488,512,-1.2416128388541046,linear,52,0,52,52,0,52,0.1,0.1015625,0.1015625,0.5111325733490952,5.111325733490952e-07,mle,-0.11235506048443047,0.7838192819191323,ok,True,True,extraction,
xom,4490,2017-11-07,3978,4489,512,-1.2368951833653041,linear,52,0,52,52,0,52,0.1,0.1015625,0.1015625,0.5135249311644121,5.135249311644121e-07,mle,-0.08488421947186955,0.7508180666665336,ok,True,True,extraction,
xom,4491,2017-11-08,3979,4490,512,-1.2368951833653041,linear,52,0,52,52,0,52,0.1,0.1015625,0.1015625,0.5135249311644121,5.135249311644121e-07,mle,-0.08488421947186955,0.7508180666665336,ok,True,True,extraction,
xom,4492,2017-11-09,3980,4491,512,-1.2368951833653041,linear,52,0,52,52,0,52,0.1,0.1015625,0.1015625,0.508962327702624,5.089623277026239e-07,mle,-0.08488421947186955,0.7508180666665336,ok,True,True,extraction,
xom,4493,2017-11-10,3981,4492,512,-1.2368951833653041,linear,52,0,52,52,0,52,0.1,0.1015625,0.1015625,0.5135249311644121,5.135249311644121e-07,mle,-0.08488421947186955,0.7508180666665336,ok,True,True,extraction,
xom,4494,2017-11-13,3982,4493,512,-1.2368951833653041,linear,52,0,52,52,0,52,0.1,0.1015625,0.1015625,0.508962327702624,5.089623277026239e-07,mle,-0.08488421947186955,0.7508180666665336,ok,True,True,extraction,
xom,4495,2017-11-14,3983,4494,512,-1.2368951833653041,linear,52,0,52,52,0,52,0.1,0.1015625,0.1015625,0.5076965615774787,5.076965615774786e-07,mle,-0.08488421947186955,0.7508180666665336,ok,True,True,extraction,
xom,4496,2017-11-15,3984,4495,512,-1.2368951833653041,linear,52,0,52,52,0,52,0.1,0.1015625,0.1015625,0.5115075907475664,5.115075907475663e-07,mle,-0.08488421947186955,0.7508180666665336,ok,True,True,extraction,
xom,4497,2017-11-16,3985,4496,512,-1.2416128388541046,linear,52,0,52,52,0,52,0.1,0.1015625,0.1015625,0.5115075907475664,5.115075907475663e-07,mle,-0.07892743636870095,0.7420317447653064,ok,True,True,extraction,
xom,4498,2017-11-17,3986,4497,512,-1.2368951833653041,linear,52,0,52,52,0,52,0.1,0.1015625,0.1015625,0.5115075907475664,5.115075907475663e-07,mle,-0.07928144730429254,0.7446524509058392,ok,True,True,extraction,
xom,4499,2017-11-20,3987,4498,512,-1.2368951833653041,linear,52,0,52,52,0,52,0.1,0.1015625,0.1015625,0.5115075907475664,5.115075907475663e-07,mle,-0.07928144730429254,0.7446524509058392,ok,True,True,extraction,
xom,4500,2017-11-21,3988,4499,512,-1.2053244842681288,linear,52,0,52,52,0,52,0.1,0.1015625,0.1015625,0.5074240381790681,5.074240381790681e-07,mle,-0.08812482189152768,0.7651976920282013,ok,True,True,extraction,
xom,4501,2017-11-22,3989,4500,512,-1.2053244842681288,linear,52,0,52,52,0,52,0.1,0.1015625,0.1015625,0.5074240381790681,5.074240381790681e-07,mle,-0.08812482189152768,0.7651976920282013,ok,True,True,extraction,
xom,4502,2017-11-24,3990,4501,512,-1.2053244842681288,linear,52,0,52,52,0,52,0.1,0.1015625,0.1015625,0.5047326355028747,5.047326355028747e-07,mle,-0.08812482189152768,0.7651976920282013,ok,True,True,extraction,
xom,4503,2017-11-27,3991,4502,512,-1.1781651007744938,linear,52,0,52,52,0,52,0.1,0.1015625,0.1015625,0.4982144612854804,4.982144612854804e-07,mle,-0.08313570046444335,0.7583436676163922,ok,True,True,extraction,
xom,4504,2017-11-28,3992,4503,512,-1.166940624566963,linear,52,0,52,52,0,52,0.1,0.1015625,0.1015625,0.4934056943726707,4.934056943726707e-07,mle,-0.07715362651178954,0.7560303747491666,ok,True,True,extraction,
xom,4505,2017-11-29,3993,4504,512,-1.166940624566963,linear,52,0,52,52,0,52,0.1,0.1015625,0.1015625,0.4934056943726707,4.934056943726707e-07,mle,-0.07715362651178954,0.7560303747491666,ok,True,True,extraction,
xom,4506,2017-11-30,3994,4505,512,-1.15084367646916,linear,52,0,52,52,0,52,0.1,0.1015625,0.1015625,0.4939534605805598,4.939534605805598e-07,mle,-0.0982353165419996,0.7880740020102246,ok,True,True,extraction,
xom,4507,2017-12-01,3995,4506,512,-1.15084367646916,linear,52,0,52,52,0,52,0.1,0.1015625,0.1015625,0.4939534605805598,4.939534605805598e-07,mle,-0.0982353165419996,0.7880740020102246,ok,True,True,extraction,
xom,4508,2017-12-04,3996,4507,512,-1.15084367646916,linear,52,0,52,52,0,52,0.1,0.1015625,0.1015625,0.49227448239622257,4.922744823962225e-07,mle,-0.0982353165419996,0.7880740020102246,ok,True,True,extraction,
xom,4509,2017-12-05,3997,4508,512,-1.15084367646916,linear,52,0,52,52,0,52,0.1,0.1015625,0.1015625,0.49120282175363594,4.912028217536359e-07,mle,-0.0982353165419996,0.7880740020102246,ok,True,True,extraction,
xom,4510,2017-12-06,3998,4509,512,-1.15084367646916,linear,52,0,52,52,0,52,0.1,0.1015625,0.1015625,0.49120282175363594,4.912028217536359e-07,mle,-0.0982353165419996,0.7880740020102246,ok,True,True,extraction,
xom,4511,2017-12-07,3999,4510,512,-1.15084367646916,linear,52,0,52,52,0,52,0.1,0.1015625,0.1015625,0.49120282175363594,4.912028217536359e-07,mle,-0.0982353165419996,0.7880740020102246,ok,True,True,extraction,
xom,4512,2017-12-08,4000,4511,512,-1.15084367646916,linear,52,0,52,52,0,52,0.1,0.1015625,0.1015625,0.48663245814527273,4.866324581452727e-07,mle,-0.0982353165419996,0.7880740020102246,ok,True,True,extraction,
xom,4513,2017-12-11,4001,4512,512,-1.15084367646916,linear,52,0,52,52,0,52,0.1,0.1015625,0.1015625,0.48619959530968215,4.861995953096821e-07,mle,-0.0982353165419996,0.7880740020102246,ok,True,True,extraction,
xom,4514,2017-12-12,4002,4513,512,-1.15084367646916,linear,52,0,52,52,0,52,0.1,0.1015625,0.1015625,0.48110398733315535,4.811039873331553e-07,mle,-0.0982353165419996,0.7880740020102246,ok,True,True,extraction,
xom,4515,2017-12-13,4003,4514,512,-1.15084367646916,linear,52,0,52,52,0,52,0.1,0.1015625,0.1015625,0.48110398733315535,4.811039873331553e-07,mle,-0.0982353165419996,0.7880740020102246,ok,True,True,extraction,
xom,4516,2017-12-14,4004,4515,512,-1.1495614355841677,linear,52,0,52,52,0,52,0.1,0.1015625,0.1015625,0.4799349681404536,4.799349681404536e-07,mle,-0.06048442481195053,0.7265870078458405,ok,True,True,extraction,
xom,4517,2017-12-15,4005,4516,512,-1.1479609130667219,linear,52,0,52,52,0,52,0.1,0.1015625,0.1015625,0.479282912253364,4.792829122533639e-07,mle,-0.04823016409342261,0.7139649294933026,ok,True,True,extraction,
xom,4518,2017-12-18,4006,4517,512,-1.1479609130667219,linear,52,0,52,52,0,52,0.1,0.1015625,0.1015625,0.4787065416962113,4.787065416962113e-07,mle,-0.04823016409342261,0.7139649294933026,ok,True,True,extraction,
xom,4519,2017-12-19,4007,4518,512,-1.138468155371995,linear,52,0,52,52,0,52,0.1,0.1015625,0.1015625,0.4782647344403543,4.782647344403542e-07,mle,-0.02046724898933737,0.6750266214675601,ok,True,True,extraction,
xom,4520,2017-12-20,4008,4519,512,-1.134491284706823,linear,52,0,52,52,0,52,0.1,0.1015625,0.1015625,0.4782647344403543,4.782647344403542e-07,mle,0.010635406677808882,0.6254619682152904,ok,True,True,extraction,
xom,4521,2017-12-21,4009,4520,512,-1.134491284706823,linear,52,0,52,52,0,52,0.1,0.1015625,0.1015625,0.4782647344403543,4.782647344403542e-07,mle,0.010635406677808882,0.6254619682152904,ok,True,True,extraction,
xom,4522,2017-12-22,4010,4521,512,-1.134491284706823,linear,52,0,52,52,0,52,0.1,0.1015625,0.1015625,0.4787065416962113,4.787065416962113e-07,mle,0.010635406677808882,0.6254619682152904,ok,True,True,extraction,
xom,4523,2017-12-26,4011,4522,512,-1.1301211282728811,linear,52,0,52,52,0,52,0.1,0.1015625,0.1015625,0.4759719973476339,4.759719973476339e-07,mle,0.03749302443143537,0.6004360344664769,ok,True,True,extraction,
xom,4524,2017-12-27,4012,4523,512,-1.1301211282728811,linear,52,0,52,52,0,52,0.1,0.1015625,0.1015625,0.47585205630468425,4.758520563046842e-07,mle,0.03749302443143537,0.6004360344664769,ok,True,True,extraction,
xom,4525,2017-12-28,4013,4524,512,-1.1301211282728811,linear,52,0,52,52,0,52,0.1,0.1015625,0.1015625,0.4728680683429878,4.7286806834298773e-07,mle,0.03749302443143537,0.6004360344664769,ok,True,True,extraction,
xom,4526,2017-12-29,4014,4525,512,-1.1301211282728811,linear,52,0,52,52,0,52,0.1,0.1015625,0.1015625,0.47298294865481116,4.7298294865481115e-07,mle,0.03749302443143537,0.6004360344664769,ok,True,True,extraction,
xom,4527,2018-01-02,4015,4526,512,-1.10643405690066,linear,52,0,52,52,0,52,0.1,0.1015625,0.1015625,0.47298294865481116,4.7298294865481115e-07,mle,0.017746314396315615,0.6282155266587084,ok,True,True,extraction,
xom,4528,2018-01-03,4016,4527,512,-1.10643405690066,linear,52,0,52,52,0,52,0.1,0.1015625,0.1015625,0.4752488026769693,4.7524880267696924e-07,mle,0.017746314396315615,0.6282155266587084,ok,True,True,extraction,
xom,4529,2018-01-04,4017,4528,512,-1.10643405690066,linear,52,0,52,52,0,52,0.1,0.1015625,0.1015625,0.4723474165159619,4.723474165159619e-07,mle,0.017746314396315615,0.6282155266587084,ok,True,True,extraction,
xom,4530,2018-01-05,4018,4529,512,-1.10643405690066,linear,52,0,52,52,0,52,0.1,0.1015625,0.1015625,0.4723474165159619,4.723474165159619e-07,mle,0.017746314396315615,0.6282155266587084,ok,True,True,extraction,
xom,4531,2018-01-08,4019,4530,512,-1.10643405690066,linear,52,0,52,52,0,52,0.1,0.1015625,0.1015625,0.4752488026769693,4.7524880267696924e-07,mle,0.017746314396315615,0.6282155266587084,ok,True,True,extraction,
xom,4532,2018-01-09,4020,4531,512,-1.10643405690066,linear,52,0,52,52,0,52,0.1,0.1015625,0.1015625,0.47110773390046506,4.71107733900465e-07,mle,0.017746314396315615,0.6282155266587084,ok,True,True,extraction,
xom,4533,2018-01-10,4021,4532,512,-1.10643405690066,linear,52,0,52,52,0,52,0.1,0.1015625,0.1015625,0.47057065796686315,4.7057065796686313e-07,mle,0.017746314396315615,0.6282155266587084,ok,True,True,extraction,
xom,4534,2018-01-11,4022,4533,512,-1.10643405690066,linear,52,0,52,52,0,52,0.1,0.1015625,0.1015625,0.46874770662891674,4.687477066289167e-07,mle,0.017746314396315615,0.6282155266587084,ok,True,True,extraction,
xom,4535,2018-01-12,4023,4534,512,-1.1063122081176673,linear,52,0,52,52,0,52,0.1,0.1015625,0.1015625,0.47057065796686315,4.7057065796686313e-07,mle,0.033057721201601886,0.6143197615910618,ok,True,True,extraction,
xom,4536,2018-01-16,4024,4535,512,-1.1063122081176673,linear,52,0,52,52,0,52,0.1,0.1015625,0.1015625,0.470738252435357,4.70738252435357e-07,mle,0.033057721201601886,0.6143197615910618,ok,True,True,extraction,
xom,4537,2018-01-17,4025,4536,512,-1.1063122081176673,linear,52,0,52,52,0,52,0.1,0.1015625,0.1015625,0.470738252435357,4.70738252435357e-07,mle,0.033057721201601886,0.6143197615910618,ok,True,True,extraction,
xom,4538,2018-01-18,4026,4537,512,-1.1063122081176673,linear,52,0,52,52,0,52,0.1,0.1015625,0.1015625,0.470738252435357,4.70738252435357e-07,mle,0.033057721201601886,0.6143197615910618,ok,True,True,extraction,
xom,4539,2018-01-19,4027,4538,512,-1.1063122081176673,linear,52,0,52,52,0,52,0.1,0.1015625,0.1015625,0.470738252435357,4.70738252435357e-07,mle,0.033057721201601886,0.6143197615910618,ok,True,True,extraction,
xom,4540,2018-01-22,4028,4539,512,-1.1032222918321763,linear,52,0,52,52,0,52,0.1,0.1015625,0.1015625,0.4701618818782043,4.7016188187820425e-07,mle,0.05995323670887001,0.5912034826789879,ok,True,True,extraction,
xom,4541,2018-01-23,4029,4540,512,-1.0784282342428,linear,52,0,52,52,0,52,0.1,0.1015625,0.1015625,0.46597472341134416,4.6597472341134415e-07,mle,0.05407557012317134,0.6007698599252689,ok,True,True,extraction,
xom,4542,2018-01-24,4030,4541,512,-1.0754786554772662,linear,52,0,52,52,0,52,0.1,0.1015625,0.1015625,0.4615112672783186,4.6151126727831856e-07,mle,0.06899570673792543,0.5893790156679468,ok,True,True,extraction,
xom,4543,2018-01-25,4031,4542,512,-1.0754786554772662,linear,52,0,52,52,0,52,0.1,0.1015625,0.1015625,0.46071069421541466,4.6071069421541464e-07,mle,0.06899570673792543,0.5893790156679468,ok,True,True,extraction,
xom,4544,2018-01-26,4032,4543,512,-1.0754786554772662,linear,52,0,52,52,0,52,0.1,0.1015625,0.1015625,0.4605364015397131,4.605364015397131e-07,mle,0.06899570673792543,0.5893790156679468,ok,True,True,extraction,
xom,4545,2018-01-29,4033,4544,512,-1.0754786554772662,linear,52,0,52,52,0,52,0.1,0.1015625,0.1015625,0.4605364015397131,4.605364015397131e-07,mle,0.06899570673792543,0.5893790156679468,ok,True,True,extraction,
xom,4546,2018-01-30,4034,4545,512,-1.0754786554772662,linear,52,0,52,52,0,52,0.1,0.1015625,0.1015625,0.4605364015397131,4.605364015397131e-07,mle,0.11801084419753147,0.5450548852633974,ok,True,True,extraction,
xom,4547,2018-01-31,4035,4546,512,-1.0754786554772662,linear,52,0,52,52,0,52,0.1,0.1015625,0.1015625,0.4605364015397131,4.605364015397131e-07,mle,0.12650437050504262,0.5379541536537603,ok,True,True,extraction,
xom,4548,2018-02-01,4036,4547,512,-1.0602988256107808,linear,52,0,52,52,0,52,0.1,0.1015625,0.1015625,0.46053677954592304,4.6053677954592304e-07,mle,0.005147192169567374,0.5637965150238967,ok,True,True,extraction,
xom,4549,2018-02-02,4037,4548,512,-1.0602988256107808,linear,52,0,52,52,0,52,0.1,0.1015625,0.1015625,0.46053677954592304,4.6053677954592304e-07,mle,0.005147192169567374,0.5637965150238967,ok,True,True,extraction,
xom,4550,2018-02-05,4038,4549,512,-1.0754786554772662,linear,52,0,52,52,0,52,0.1,0.1015625,0.1015625,0.4605364015397131,4.605364015397131e-07,mle,0.19148171504871192,0.5135426848758465,ok,True,True,extraction,
xom,4551,2018-02-06,4039,4550,512,-1.0754786554772662,linear,52,0,52,52,0,52,0.1,0.1015625,0.1015625,0.4605364015397131,4.605364015397131e-07,mle,0.3013397755208914,0.48016782505977496,ok,True,True,extraction,
xom,4552,2018-02-07,4040,4551,512,-1.0784282342428,linear,52,0,52,52,0,52,0.1,0.1015625,0.1015625,0.46099357302121485,4.6099357302121483e-07,mle,0.2631494550630484,0.5098553210705992,ok,True,True,extraction,
xom,4553,2018-02-08,4041,4552,512,-1.0784282342428,linear,52,0,52,52,0,52,0.1,0.1015625,0.1015625,0.46099357302121485,4.6099357302121483e-07,mle,0.26382235522155467,0.5088256361354278,ok,True,True,extraction,
xom,4554,2018-02-09,4042,4553,512,-1.1032222918321763,linear,52,0,52,52,0,52,0.1,0.1015625,0.1015625,0.4619394250434756,4.619394250434756e-07,mle,0.33143293155030173,0.4530399394234382,ok,True,True,extraction,
xom,4555,2018-02-12,4043,4554,512,-1.1032222918321763,linear,52,0,52,52,0,52,0.1,0.1015625,0.1015625,0.4619394250434756,4.619394250434756e-07,mle,0.33143293155030173,0.4530399394234382,ok,True,True,extraction,
xom,4556,2018-02-13,4044,4555,512,-1.0784282342428,linear,52,0,52,52,0,52,0.1,0.1015625,0.1015625,0.46099357302121485,4.6099357302121483e-07,mle,0.3058338253414489,0.4710475223319953,ok,True,True,extraction,
xom,4557,2018-02-14,4045,4556,512,-1.0754786554772662,linear,52,0,52,52,0,52,0.1,0.1015625,0.1015625,0.45781722723016954,4.578172272301695e-07,mle,0.3478428404864216,0.43332103853408116,ok,True,True,extraction,
xom,4558,2018-02-15,4046,4557,512,-1.0754786554772662,linear,52,0,52,52,0,52,0.1,0.1015625,0.1015625,0.4561431587545009,4.5614315875450087e-07,mle,0.3478428404864216,0.43332103853408116,ok,True,True,extraction,
xom,4559,2018-02-16,4047,4558,512,-1.0754786554772662,linear,52,0,52,52,0,52,0.1,0.1015625,0.1015625,0.45546962264810575,4.554696226481057e-07,mle,0.3478428404864216,0.43332103853408116,ok,True,True,extraction,
xom,4560,2018-02-20,4048,4559,512,-1.0754786554772662,linear,52,0,52,52,0,52,0.1,0.1015625,0.1015625,0.45546962264810575,4.554696226481057e-07,mle,0.3478428404864216,0.43332103853408116,ok,True,True,extraction,
xom,4561,2018-02-21,4049,4560,512,-1.0754786554772662,linear,52,0,52,52,0,52,0.1,0.1015625,0.1015625,0.45896725610132116,4.5896725610132117e-07,mle,0.3478428404864216,0.43332103853408116,ok,True,True,extraction,
xom,4562,2018-02-22,4050,4561,512,-1.0784282342428,linear,52,0,52,52,0,52,0.1,0.1015625,0.1015625,0.45896725610132116,4.5896725610132117e-07,mle,0.3476017492581084,0.4321176923163313,ok,True,True,extraction,
xom,4563,2018-02-23,4051,4562,512,-1.0784282342428,linear,52,0,52,52,0,52,0.1,0.1015625,0.1015625,0.45546962264810575,4.554696226481057e-07,mle,0.3476017492581084,0.4321176923163313,ok,True,True,extraction,
xom,4564,2018-02-26,4052,4563,512,-1.0784282342428,linear,52,0,52,52,0,52,0.1,0.1015625,0.1015625,0.4561431587545009,4.5614315875450087e-07,mle,0.3476017492581084,0.4321176923163313,ok,True,True,extraction,
xom,4565,2018-02-27,4053,4564,512,-1.0784282342428,linear,52,0,52,52,0,52,0.1,0.1015625,0.1015625,0.4561431587545009,4.5614315875450087e-07,mle,0.3476017492581084,0.4321176923163313,ok,True,True,extraction,
xom,4566,2018-02-28,4054,4565,512,-1.1032222918321763,linear,52,0,52,52,0,52,0.1,0.1015625,0.1015625,0.4603729450000521,4.6037294500005207e-07,mle,0.38709120211973147,0.404222317796962,ok,True,True,extraction,
xom,4567,2018-03-01,4055,4566,512,-1.1063122081176673,linear,52,0,52,52,0,52,0.1,0.1015625,0.1015625,0.4627515847172695,4.6275158471726947e-07,mle,0.34134972197711755,0.4419378530366962,ok,True,True,extraction,
xom,4568,2018-03-02,4056,4567,512,-1.1063122081176673,linear,52,0,52,52,0,52,0.1,0.1015625,0.1015625,0.46285785795615375,4.628578579561537e-07,mle,0.34134972197711755,0.4419378530366962,ok,True,True,extraction,
xom,4569,2018-03-05,4057,4568,512,-1.1063122081176673,linear,52,0,52,52,0,52,0.1,0.1015625,0.1015625,0.46285785795615375,4.628578579561537e-07,mle,0.34134972197711755,0.4419378530366962,ok,True,True,extraction,
xom,4570,2018-03-06,4058,4569,512,-1.1063122081176673,linear,52,0,52,52,0,52,0.1,0.1015625,0.1015625,0.46315407585175855,4.631540758517585e-07,mle,0.34134972197711755,0.4419378530366962,ok,True,True,extraction,
xom,4571,2018-03-07,4059,4570,512,-1.1032222918321763,linear,52,0,52,52,0,52,0.1,0.1015625,0.1015625,0.4627515847172695,4.6275158471726947e-07,mle,0.37167413818794015,0.42466520536673025,ok,True,True,extraction,
xom,4572,2018-03-08,4060,4571,512,-1.1063122081176673,linear,52,0,52,52,0,52,0.1,0.1015625,0.1015625,0.46350129327944256,4.6350129327944254e-07,mle,0.32763314760758466,0.4662403592832577,ok,True,True,extraction,
xom,4573,2018-03-09,4061,4572,512,-1.1063122081176673,linear,52,0,52,52,0,52,0.1,0.1015625,0.1015625,0.4633817523908513,4.6338175239085124e-07,mle,0.32763314760758466,0.4662403592832577,ok,True,True,extraction,
xom,4574,2018-03-12,4062,4573,512,-1.1063122081176673,linear,52,0,52,52,0,52,0.1,0.1015625,0.1015625,0.46350129327944256,4.6350129327944254e-07,mle,0.32763314760758466,0.4662403592832577,ok,True,True,extraction,
xom,4575,2018-03-13,4063,4574,512,-1.1032222918321763,linear,52,0,52,52,0,52,0.1,0.1015625,0.1015625,0.46315407585175855,4.631540758517585e-07,mle,0.3809260107743586,0.428300682832205,ok,True,True,extraction,
xom,4576,2018-03-14,4064,4575,512,-1.1032222918321763,linear,52,0,52,52,0,52,0.1,0.1015625,0.1015625,0.46350129327944256,4.6350129327944254e-07,mle,0.3809260107743586,0.428300682832205,ok,True,True,extraction,
xom,4577,2018-03-15,4065,4576,512,-1.1063122081176673,linear,52,0,52,52,0,52,0.1,0.1015625,0.1015625,0.4639519727092155,4.639519727092155e-07,mle,0.3670397871111559,0.43489557101502857,ok,True,True,extraction,
xom,4578,2018-03-16,4066,4577,512,-1.1063122081176673,linear,52,0,52,52,0,52,0.1,0.1015625,0.1015625,0.4643544638437046,4.6435446384370457e-07,mle,0.3670397871111559,0.43489557101502857,ok,True,True,extraction,
xom,4579,2018-03-19,4067,4578,512,-1.1063122081176673,linear,52,0,52,52,0,52,0.1,0.1015625,0.1015625,0.46602853231937325,4.660285323193732e-07,mle,0.3670397871111559,0.43489557101502857,ok,True,True,extraction,
xom,4580,2018-03-20,4068,4579,512,-1.10643405690066,linear,52,0,52,52,0,52,0.1,0.1015625,0.1015625,0.46602853231937325,4.660285323193732e-07,mle,0.3373888355866405,0.4526033781217692,ok,True,True,extraction,
xom,4581,2018-03-21,4069,4580,512,-1.1063122081176673,linear,52,0,52,52,0,52,0.1,0.1015625,0.1015625,0.4643544638437046,4.6435446384370457e-07,mle,0.39843789685120906,0.40638532087421786,ok,True,True,extraction,
xom,4582,2018-03-22,4070,4581,512,-1.1063122081176673,linear,52,0,52,52,0,52,0.1,0.1015625,0.1015625,0.46602853231937325,4.660285323193732e-07,mle,0.39843789685120906,0.40638532087421786,ok,True,True,extraction,
xom,4583,2018-03-23,4071,4582,512,-1.10643405690066,linear,52,0,52,52,0,52,0.1,0.1015625,0.1015625,0.46953823283922186,4.695382328392218e-07,mle,0.33666347002226726,0.4512652120430127,ok,True,True,extraction,
xom,4584,2018-03-26,4072,4583,512,-1.10643405690066,linear,52,0,52,52,0,52,0.1,0.1015625,0.1015625,0.4723722874605888,4.7237228746058875e-07,mle,0.33666347002226726,0.4512652120430127,ok,True,True,extraction,
xom,4585,2018-03-27,4073,4584,512,-1.10643405690066,linear,52,0,52,52,0,52,0.1,0.1015625,0.1015625,0.47535627542228526,4.7535627542228524e-07,mle,0.33666347002226726,0.4512652120430127,ok,True,True,extraction,
xom,4586,2018-03-28,4074,4585,512,-1.10643405690066,linear,52,0,52,52,0,52,0.1,0.1015625,0.1015625,0.4752413951104619,4.752413951104619e-07,mle,0.33666347002226726,0.4512652120430127,ok,True,True,extraction,
xom,4587,2018-03-29,4075,4586,512,-1.117368334262853,linear,52,0,52,52,0,52,0.1,0.1015625,0.1015625,0.4782647344403543,4.782647344403542e-07,mle,0.36005032957607075,0.432696093658002,ok,True,True,extraction,
xom,4588,2018-04-02,4076,4587,512,-1.117368334262853,linear,52,0,52,52,0,52,0.1,0.1015625,0.1015625,0.4782647344403543,4.782647344403542e-07,mle,0.36005032957607075,0.432696093658002,ok,True,True,extraction,
xom,4589,2018-04-03,4077,4588,512,-1.1313350289631074,linear,52,0,52,52,0,52,0.1,0.1015625,0.1015625,0.48146916620632985,4.814691662063298e-07,mle,0.3536270151305084,0.4370204925831688,ok,True,True,extraction,
xom,4590,2018-04-04,4078,4589,512,-1.1313350289631074,linear,52,0,52,52,0,52,0.1,0.1015625,0.1015625,0.4793585975833009,4.793585975833008e-07,mle,0.3536270151305084,0.4370204925831688,ok,True,True,extraction,
xom,4591,2018-04-05,4079,4590,512,-1.1313350289631074,linear,52,0,52,52,0,52,0.1,0.1015625,0.1015625,0.4763352582534085,4.763352582534085e-07,mle,0.3536270151305084,0.4370204925831688,ok,True,True,extraction,
xom,4592,2018-04-06,4080,4591,512,-1.1313350289631074,linear,52,0,52,52,0,52,0.1,0.1015625,0.1015625,0.4793585975833009,4.793585975833008e-07,mle,0.3536270151305084,0.4370204925831688,ok,True,True,extraction,
xom,4593,2018-04-09,4081,4592,512,-1.134491284706823,linear,52,0,52,52,0,52,0.1,0.1015625,0.1015625,0.48449250553622225,4.844925055362223e-07,mle,0.3196315068575779,0.45788817611412613,ok,True,True,extraction,
xom,4594,2018-04-10,4082,4593,512,-1.134491284706823,linear,52,0,52,52,0,52,0.1,0.1015625,0.1015625,0.48060407538427596,4.806040753842759e-07,mle,0.3196315068575779,0.45788817611412613,ok,True,True,extraction,
xom,4595,2018-04-11,4083,4594,512,-1.134491284706823,linear,52,0,52,52,0,52,0.1,0.1015625,0.1015625,0.4828069480033107,4.828069480033107e-07,mle,0.3196315068575779,0.45788817611412613,ok,True,True,extraction,
xom,4596,2018-04-12,4084,4595,512,-1.134491284706823,linear,52,0,52,52,0,52,0.1,0.1015625,0.1015625,0.48505270200235845,4.850527020023584e-07,mle,0.3196315068575779,0.45788817611412613,ok,True,True,extraction,
xom,4597,2018-04-13,4085,4596,512,-1.134491284706823,linear,52,0,52,52,0,52,0.1,0.1015625,0.1015625,0.48449250553622225,4.844925055362223e-07,mle,0.3196315068575779,0.45788817611412613,ok,True,True,extraction,
xom,4598,2018-04-16,4086,4597,512,-1.134491284706823,linear,52,0,52,52,0,52,0.1,0.1015625,0.1015625,0.479761053470962,4.79761053470962e-07,mle,0.3196315068575779,0.45788817611412613,ok,True,True,extraction,
xom,4599,2018-04-17,4087,4598,512,-1.134491284706823,linear,52,0,52,52,0,52,0.1,0.1015625,0.1015625,0.4802396695236521,4.802396695236521e-07,mle,0.3196315068575779,0.45788817611412613,ok,True,True,extraction,
xom,4600,2018-04-18,4088,4599,512,-1.1313350289631074,linear,52,0,52,52,0,52,0.1,0.1015625,0.1015625,0.479761053470962,4.79761053470962e-07,mle,0.3116350354867233,0.46433367916475216,ok,True,True,extraction,
xom,4601,2018-04-19,4089,4600,512,-1.1313350289631074,linear,52,0,52,52,0,52,0.1,0.1015625,0.1015625,0.479761053470962,4.79761053470962e-07,mle,0.3116350354867233,0.46433367916475216,ok,True,True,extraction,
xom,4602,2018-04-20,4090,4601,512,-1.117359163112698,linear,52,0,52,52,0,52,0.1,0.1015625,0.1015625,0.47913940453180187,4.791394045318018e-07,mle,0.2724674392328591,0.4966994658154902,ok,True,True,extraction,
xom,4603,2018-04-23,4091,4602,512,-1.117359163112698,linear,52,0,52,52,0,52,0.1,0.1015625,0.1015625,0.4793585975833009,4.793585975833008e-07,mle,0.2724674392328591,0.4966994658154902,ok,True,True,extraction,
xom,4604,2018-04-24,4092,4603,512,-1.117359163112698,linear,52,0,52,52,0,52,0.1,0.1015625,0.1015625,0.479761053470962,4.79761053470962e-07,mle,0.2724674392328591,0.4966994658154902,ok,True,True,extraction,
xom,4605,2018-04-25,4093,4604,512,-1.1313350289631074,linear,52,0,52,52,0,52,0.1,0.1015625,0.1015625,0.48449250553622225,4.844925055362223e-07,mle,0.27342670180131584,0.49166042472024346,ok,True,True,extraction,
xom,4606,2018-04-26,4094,4605,512,-1.1313350289631074,linear,52,0,52,52,0,52,0.1,0.1015625,0.1015625,0.48449250553622225,4.844925055362223e-07,mle,0.27342670180131584,0.49166042472024346,ok,True,True,extraction,
xom,4607,2018-04-27,4095,4606,512,-1.1313350289631074,linear,52,0,52,52,0,52,0.1,0.1015625,0.1015625,0.48449250553622225,4.844925055362223e-07,mle,0.27342670180131584,0.49166042472024346,ok,True,True,extraction,
xom,4608,2018-04-30,4096,4607,512,-1.1367379359264047,linear,52,0,52,52,0,52,0.1,0.1015625,0.1015625,0.48449250553622225,4.844925055362223e-07,mle,0.2794275205527854,0.524388082673548,ok,True,True,extraction,
xom,4609,2018-05-01,4097,4608,512,-1.1367379359264047,linear,52,0,52,52,0,52,0.1,0.1015625,0.1015625,0.4793101883629225,4.793101883629225e-07,mle,0.2794275205527854,0.524388082673548,ok,True,True,extraction,
xom,4610,2018-05-02,4098,4609,512,-1.1367379359264047,linear,52,0,52,52,0,52,0.1,0.1015625,0.1015625,0.48021621539856896,4.80216215398569e-07,mle,0.2794275205527854,0.524388082673548,ok,True,True,extraction,
xom,4611,2018-05-03,4099,4610,512,-1.1367379359264047,linear,52,0,52,52,0,52,0.1,0.1015625,0.1015625,0.4798101688156553,4.798101688156553e-07,mle,0.2794275205527854,0.524388082673548,ok,True,True,extraction,
xom,4612,2018-05-04,4100,4611,512,-1.1367379359264047,linear,52,0,52,52,0,52,0.1,0.1015625,0.1015625,0.4798101688156553,4.798101688156553e-07,mle,0.2794275205527854,0.524388082673548,ok,True,True,extraction,
xom,4613,2018-05-07,4101,4612,512,-1.1367379359264047,linear,52,0,52,52,0,52,0.1,0.1015625,0.1015625,0.4779434499746629,4.779434499746629e-07,mle,0.2794275205527854,0.524388082673548,ok,True,True,extraction,
xom,4614,2018-05-08,4102,4613,512,-1.1367379359264047,linear,52,0,52,52,0,52,0.1,0.1015625,0.1015625,0.4793101883629225,4.793101883629225e-07,mle,0.2794275205527854,0.524388082673548,ok,True,True,extraction,
xom,4615,2018-05-09,4103,4614,512,-1.1367379359264047,linear,52,0,52,52,0,52,0.1,0.1015625,0.1015625,0.4793101883629225,4.793101883629225e-07,mle,0.2794275205527854,0.524388082673548,ok,True,True,extraction,
xom,4616,2018-05-10,4104,4615,512,-1.1367379359264047,linear,52,0,52,52,0,52,0.1,0.1015625,0.1015625,0.4793101883629225,4.793101883629225e-07,mle,0.2794275205527854,0.524388082673548,ok,True,True,extraction,
xom,4617,2018-05-11,4105,4616,512,-1.1367379359264047,linear,52,0,52,52,0,52,0.1,0.1015625,0.1015625,0.4793101883629225,4.793101883629225e-07,mle,0.2794275205527854,0.524388082673548,ok,True,True,extraction,
xom,4618,2018-05-14,4106,4617,512,-1.1367379359264047,linear,52,0,52,52,0,52,0.1,0.1015625,0.1015625,0.4793101883629225,4.793101883629225e-07,mle,0.2794275205527854,0.524388082673548,ok,True,True,extraction,
xom,4619,2018-05-15,4107,4618,512,-1.1367379359264047,linear,52,0,52,52,0,52,0.1,0.1015625,0.1015625,0.4793101883629225,4.793101883629225e-07,mle,0.2794275205527854,0.524388082673548,ok,True,True,extraction,
xom,4620,2018-05-16,4108,4619,512,-1.1313350289631074,linear,52,0,52,52,0,52,0.1,0.1015625,0.1015625,0.47874999189678635,4.787499918967863e-07,mle,0.2676463087530835,0.5355758288945776,ok,True,True,extraction,
xom,4621,2018-05-17,4109,4620,512,-1.1313350289631074,linear,52,0,52,52,0,52,0.1,0.1015625,0.1015625,0.4763352582534085,4.763352582534085e-07,mle,0.2676463087530835,0.5355758288945776,ok,True,True,extraction,
xom,4622,2018-05-18,4110,4621,512,-1.1313350289631074,linear,52,0,52,52,0,52,0.1,0.1015625,0.1015625,0.47874999189678635,4.787499918967863e-07,mle,0.2676463087530835,0.5355758288945776,ok,True,True,extraction,
xom,4623,2018-05-21,4111,4622,512,-1.1313350289631074,linear,52,0,52,52,0,52,0.1,0.1015625,0.1015625,0.478662803417121,4.78662803417121e-07,mle,0.2676463087530835,0.5355758288945776,ok,True,True,extraction,
xom,4624,2018-05-22,4112,4623,512,-1.1313350289631074,linear,52,0,52,52,0,52,0.1,0.1015625,0.1015625,0.4793101883629225,4.793101883629225e-07,mle,0.2676463087530835,0.5355758288945776,ok,True,True,extraction,
xom,4625,2018-05-23,4113,4624,512,-1.1313350289631074,linear,52,0,52,52,0,52,0.1,0.1015625,0.1015625,0.4798101688156553,4.798101688156553e-07,mle,0.2676463087530835,0.5355758288945776,ok,True,True,extraction,
xom,4626,2018-05-24,4114,4625,512,-1.1313350289631074,linear,52,0,52,52,0,52,0.1,0.1015625,0.1015625,0.4793101883629225,4.793101883629225e-07,mle,0.2676463087530835,0.5355758288945776,ok,True,True,extraction,
xom,4627,2018-05-25,4115,4626,512,-1.1367379359264047,linear,52,0,52,52,0,52,0.1,0.1015625,0.1015625,0.4798101688156553,4.798101688156553e-07,mle,0.23254251332375964,0.5723878740740003,ok,True,True,extraction,
xom,4628,2018-05-29,4116,4627,512,-1.138717783285282,linear,52,0,52,52,0,52,0.1,0.1015625,0.1015625,0.4798101688156553,4.798101688156553e-07,mle,0.1951289934640602,0.6093855302515726,ok,True,True,extraction,
xom,4629,2018-05-30,4117,4628,512,-1.138717783285282,linear,52,0,52,52,0,52,0.1,0.1015625,0.1015625,0.47633974533759904,4.7633974533759903e-07,mle,0.1951289934640602,0.6093855302515726,ok,True,True,extraction,
xom,4630,2018-05-31,4118,4629,512,-1.138717783285282,linear,52,0,52,52,0,52,0.1,0.1015625,0.1015625,0.4798101688156553,4.798101688156553e-07,mle,0.1951289934640602,0.6093855302515726,ok,True,True,extraction,
xom,4631,2018-06-01,4119,4630,512,-1.138717783285282,linear,52,0,52,52,0,52,0.1,0.1015625,0.1015625,0.4798101688156553,4.798101688156553e-07,mle,0.1951289934640602,0.6093855302515726,ok,True,True,extraction,
xom,4632,2018-06-04,4120,4631,512,-1.138717783285282,linear,52,0,52,52,0,52,0.1,0.1015625,0.1015625,0.4798101688156553,4.798101688156553e-07,mle,0.1951289934640602,0.6093855302515726,ok,True,True,extraction,
xom,4633,2018-06-05,4121,4632,512,-1.138717783285282,linear,52,0,52,52,0,52,0.1,0.1015625,0.1015625,0.481705711347281,4.81705711347281e-07,mle,0.1951289934640602,0.6093855302515726,ok,True,True,extraction,
xom,4634,2018-06-06,4122,4633,512,-1.138717783285282,linear,52,0,52,52,0,52,0.1,0.1015625,0.1015625,0.481705711347281,4.81705711347281e-07,mle,0.1951289934640602,0.6093855302515726,ok,True,True,extraction,
xom,4635,2018-06-07,4123,4634,512,-1.138717783285282,linear,52,0,52,52,0,52,0.1,0.1015625,0.1015625,0.4840232151462385,4.840232151462384e-07,mle,0.1951289934640602,0.6093855302515726,ok,True,True,extraction,
xom,4636,2018-06-08,4124,4635,512,-1.138717783285282,linear,52,0,52,52,0,52,0.1,0.1015625,0.1015625,0.4840232151462385,4.840232151462384e-07,mle,0.1951289934640602,0.6093855302515726,ok,True,True,extraction,
xom,4637,2018-06-11,4125,4636,512,-1.138717783285282,linear,52,0,52,52,0,52,0.1,0.1015625,0.1015625,0.4823318995379383,4.823318995379382e-07,mle,0.1951289934640602,0.6093855302515726,ok,True,True,extraction,
xom,4638,2018-06-12,4126,4637,512,-1.138717783285282,linear,52,0,52,52,0,52,0.1,0.1015625,0.1015625,0.48632182789476697,4.863218278947669e-07,mle,0.1951289934640602,0.6093855302515726,ok,True,True,extraction,
xom,4639,2018-06-13,4127,4638,512,-1.138717783285282,linear,52,0,52,52,0,52,0.1,0.1015625,0.1015625,0.48632182789476697,4.863218278947669e-07,mle,0.1951289934640602,0.6093855302515726,ok,True,True,extraction,
xom,4640,2018-06-14,4128,4639,512,-1.138717783285282,linear,52,0,52,52,0,52,0.1,0.1015625,0.1015625,0.4945544488644328,4.945544488644327e-07,mle,0.1951289934640602,0.6093855302515726,ok,True,True,extraction,
xom,4641,2018-06-15,4129,4640,512,-1.138717783285282,linear,52,0,52,52,0,52,0.1,0.1015625,0.1015625,0.48632182789476697,4.863218278947669e-07,mle,0.1951289934640602,0.6093855302515726,ok,True,True,extraction,
xom,4642,2018-06-18,4130,4641,512,-1.1414936163154483,linear,52,0,52,52,0,52,0.1,0.1015625,0.1015625,0.48904100220431046,4.890410022043105e-07,mle,0.17653977369298973,0.6261485896909864,ok,True,True,extraction,
xom,4643,2018-06-19,4131,4642,512,-1.1414936163154483,linear,52,0,52,52,0,52,0.1,0.1015625,0.1015625,0.48632182789476697,4.863218278947669e-07,mle,0.17653977369298973,0.6261485896909864,ok,True,True,extraction,
xom,4644,2018-06-20,4132,4643,512,-1.1414936163154483,linear,52,0,52,52,0,52,0.1,0.1015625,0.1015625,0.4878437022802631,4.87843702280263e-07,mle,0.17653977369298973,0.6261485896909864,ok,True,True,extraction,
xom,4645,2018-06-21,4133,4644,512,-1.1414936163154483,linear,52,0,52,52,0,52,0.1,0.1015625,0.1015625,0.4880772184281561,4.880772184281561e-07,mle,0.17653977369298973,0.6261485896909864,ok,True,True,extraction,
xom,4646,2018-06-22,4134,4645,512,-1.1414936163154483,linear,52,0,52,52,0,52,0.1,0.1015625,0.1015625,0.49039472222711356,4.903947222271136e-07,mle,0.17653977369298973,0.6261485896909864,ok,True,True,extraction,
xom,4647,2018-06-25,4135,4646,512,-1.1414936163154483,linear,52,0,52,52,0,52,0.1,0.1015625,0.1015625,0.4901612060792206,4.901612060792205e-07,mle,0.17653977369298973,0.6261485896909864,ok,True,True,extraction,
xom,4648,2018-06-26,4136,4647,512,-1.1488428470562484,linear,52,0,52,52,0,52,0.1,0.1015625,0.1015625,0.49039472222711356,4.903947222271136e-07,mle,0.15269160123488035,0.6521183309420657,ok,True,True,extraction,
xom,4649,2018-06-27,4137,4648,512,-1.1488428470562484,linear,52,0,52,52,0,52,0.1,0.1015625,0.1015625,0.4945544488644328,4.945544488644327e-07,mle,0.15269160123488035,0.6521183309420657,ok,True,True,extraction,
xom,4650,2018-06-28,4138,4649,512,-1.1488428470562484,linear,52,0,52,52,0,52,0.1,0.1015625,0.1015625,0.4941589715708866,4.941589715708865e-07,mle,0.15269160123488035,0.6521183309420657,ok,True,True,extraction,
xom,4651,2018-06-29,4139,4650,512,-1.1488428470562484,linear,52,0,52,52,0,52,0.1,0.1015625,0.1015625,0.48904100220431046,4.890410022043105e-07,mle,0.15269160123488035,0.6521183309420657,ok,True,True,extraction,
xom,4652,2018-07-02,4140,4651,512,-1.1488428470562484,linear,52,0,52,52,0,52,0.1,0.1015625,0.1015625,0.4878590647915674,4.878590647915674e-07,mle,0.15269160123488035,0.6521183309420657,ok,True,True,extraction,
xom,4653,2018-07-03,4141,4652,512,-1.1762564117817282,linear,52,0,52,52,0,52,0.1,0.1015625,0.1015625,0.4941589715708866,4.941589715708865e-07,mle,0.1969871733217058,0.5977244905074548,ok,True,True,extraction,
xom,4654,2018-07-05,4142,4653,512,-1.1762564117817282,linear,52,0,52,52,0,52,0.1,0.1015625,0.1015625,0.4975847667884401,4.975847667884401e-07,mle,0.1969871733217058,0.5977244905074548,ok,True,True,extraction,
xom,4655,2018-07-06,4143,4654,512,-1.1762564117817282,linear,52,0,52,52,0,52,0.1,0.1015625,0.1015625,0.49186123056627357,4.918612305662736e-07,mle,0.1969871733217058,0.5977244905074548,ok,True,True,extraction,
xom,4656,2018-07-09,4144,4655,512,-1.1762564117817282,linear,52,0,52,52,0,52,0.1,0.1015625,0.1015625,0.4916388478952719,4.916388478952719e-07,mle,0.1969871733217058,0.5977244905074548,ok,True,True,extraction,
xom,4657,2018-07-10,4145,4656,512,-1.1488428470562484,linear,52,0,52,52,0,52,0.1,0.1015625,0.1015625,0.49128486000912086,4.912848600091208e-07,mle,0.18679130679792577,0.6028749704727194,ok,True,True,extraction,
xom,4658,2018-07-11,4146,4657,512,-1.1488428470562484,linear,52,0,52,52,0,52,0.1,0.1015625,0.1015625,0.4908098115437485,4.908098115437485e-07,mle,0.18679130679792577,0.6028749704727194,ok,True,True,extraction,
xom,4659,2018-07-12,4147,4658,512,-1.1762564117817282,linear,52,0,52,52,0,52,0.1,0.1015625,0.1015625,0.49128486000912086,4.912848600091208e-07,mle,0.22736387817855597,0.5551254129269338,ok,True,True,extraction,
xom,4660,2018-07-13,4148,4659,512,-1.1762564117817282,linear,52,0,52,52,0,52,0.1,0.1015625,0.1015625,0.4878590647915674,4.878590647915674e-07,mle,0.22736387817855597,0.5551254129269338,ok,True,True,extraction,
xom,4661,2018-07-16,4149,4660,512,-1.1762564117817282,linear,52,0,52,52,0,52,0.1,0.1015625,0.1015625,0.4878590647915674,4.878590647915674e-07,mle,0.22736387817855597,0.5551254129269338,ok,True,True,extraction,
xom,4662,2018-07-17,4150,4661,512,-1.1762564117817282,linear,52,0,52,52,0,52,0.1,0.1015625,0.1015625,0.4916388478952719,4.916388478952719e-07,mle,0.22736387817855597,0.5551254129269338,ok,True,True,extraction,
xom,4663,2018-07-18,4151,4662,512,-1.1762564117817282,linear,52,0,52,52,0,52,0.1,0.1015625,0.1015625,0.4882130526777184,4.882130526777184e-07,mle,0.22736387817855597,0.5551254129269338,ok,True,True,extraction,
xom,4664,2018-07-19,4152,4663,512,-1.1762564117817282,linear,52,0,52,52,0,52,0.1,0.1015625,0.1015625,0.48632182789476697,4.863218278947669e-07,mle,0.22736387817855597,0.5551254129269338,ok,True,True,extraction,
xom,4665,2018-07-20,4153,4664,512,-1.1488428470562484,linear,52,0,52,52,0,52,0.1,0.1015625,0.1015625,0.4842026253481964,4.842026253481963e-07,mle,0.18146697746145415,0.6078491722940512,ok,True,True,extraction,
xom,4666,2018-07-23,4154,4665,512,-1.1488428470562484,linear,52,0,52,52,0,52,0.1,0.1015625,0.1015625,0.4878437022802631,4.87843702280263e-07,mle,0.18146697746145415,0.6078491722940512,ok,True,True,extraction,
xom,4667,2018-07-24,4155,4666,512,-1.1488428470562484,linear,52,0,52,52,0,52,0.1,0.1015625,0.1015625,0.4880772184281561,4.880772184281561e-07,mle,0.18146697746145415,0.6078491722940512,ok,True,True,extraction,
xom,4668,2018-07-25,4156,4667,512,-1.1488428470562484,linear,52,0,52,52,0,52,0.1,0.1015625,0.1015625,0.4880772184281561,4.880772184281561e-07,mle,0.18146697746145415,0.6078491722940512,ok,True,True,extraction,
xom,4669,2018-07-26,4157,4668,512,-1.1488428470562484,linear,52,0,52,52,0,52,0.1,0.1015625,0.1015625,0.4901612060792206,4.901612060792205e-07,mle,0.18146697746145415,0.6078491722940512,ok,True,True,extraction,
xom,4670,2018-07-27,4158,4669,512,-1.1488428470562484,linear,52,0,52,52,0,52,0.1,0.1015625,0.1015625,0.4945544488644328,4.945544488644327e-07,mle,0.18146697746145415,0.6078491722940512,ok,True,True,extraction,
xom,4671,2018-07-30,4159,4670,512,-1.1762564117817282,linear,52,0,52,52,0,52,0.1,0.1015625,0.1015625,0.5005304786517617,5.005304786517617e-07,mle,0.1923217792926687,0.6043077169554779,ok,True,True,extraction,
xom,4672,2018-07-31,4160,4671,512,-1.1762564117817282,linear,52,0,52,52,0,52,0.1,0.1015625,0.1015625,0.5005304786517617,5.005304786517617e-07,mle,0.1923217792926687,0.6043077169554779,ok,True,True,extraction,
xom,4673,2018-08-01,4161,4672,512,-1.1762564117817282,linear,52,0,52,52,0,52,0.1,0.1015625,0.1015625,0.5005304786517617,5.005304786517617e-07,mle,0.1923217792926687,0.6043077169554779,ok,True,True,extraction,
xom,4674,2018-08-02,4162,4673,512,-1.1794145185737257,linear,52,0,52,52,0,52,0.1,0.1015625,0.1015625,0.5005304786517617,5.005304786517617e-07,mle,0.1834026482449521,0.611105449914028,ok,True,True,extraction,
xom,4675,2018-08-03,4163,4674,512,-1.1794145185737257,linear,52,0,52,52,0,52,0.1,0.1015625,0.1015625,0.5039562738693152,5.039562738693152e-07,mle,0.1834026482449521,0.611105449914028,ok,True,True,extraction,
xom,4676,2018-08-06,4164,4675,512,-1.1794145185737257,linear,52,0,52,52,0,52,0.1,0.1015625,0.1015625,0.5039562738693152,5.039562738693152e-07,mle,0.1834026482449521,0.611105449914028,ok,True,True,extraction,
xom,4677,2018-08-07,4165,4676,512,-1.1762564117817282,linear,52,0,52,52,0,52,0.1,0.1015625,0.1015625,0.5005304786517617,5.005304786517617e-07,mle,0.214562555680686,0.5800143088359044,ok,True,True,extraction,
xom,4678,2018-08-08,4166,4677,512,-1.1762564117817282,linear,52,0,52,52,0,52,0.1,0.1015625,0.1015625,0.5002969625038687,5.002969625038687e-07,mle,0.214562555680686,0.5800143088359044,ok,True,True,extraction,
xom,4679,2018-08-09,4167,4678,512,-1.1762564117817282,linear,52,0,52,52,0,52,0.1,0.1015625,0.1015625,0.5002969625038687,5.002969625038687e-07,mle,0.214562555680686,0.5800143088359044,ok,True,True,extraction,
xom,4680,2018-08-10,4168,4679,512,-1.1762564117817282,linear,52,0,52,52,0,52,0.1,0.1015625,0.1015625,0.5002969625038687,5.002969625038687e-07,mle,0.214562555680686,0.5800143088359044,ok,True,True,extraction,
xom,4681,2018-08-13,4169,4680,512,-1.1488428470562484,linear,52,0,52,52,0,52,0.1,0.1015625,0.1015625,0.4945544488644328,4.945544488644327e-07,mle,0.18142627960338736,0.6218246261195722,ok,True,True,extraction,
xom,4682,2018-08-14,4170,4681,512,-1.1414936163154483,linear,52,0,52,52,0,52,0.1,0.1015625,0.1015625,0.4945544488644328,4.945544488644327e-07,mle,0.18884753068116156,0.583801528620562,ok,True,True,extraction,
xom,4683,2018-08-15,4171,4682,512,-1.1414936163154483,linear,52,0,52,52,0,52,0.1,0.1015625,0.1015625,0.49039472222711356,4.903947222271136e-07,mle,0.18884753068116156,0.583801528620562,ok,True,True,extraction,
xom,4684,2018-08-16,4172,4683,512,-1.1488428470562484,linear,52,0,52,52,0,52,0.1,0.1015625,0.1015625,0.49075630991983177,4.907563099198318e-07,mle,0.1708582216434314,0.6000702463779296,ok,True,True,extraction,
xom,4685,2018-08-17,4173,4684,512,-1.1488428470562484,linear,52,0,52,52,0,52,0.1,0.1015625,0.1015625,0.49478796501232575,4.947879650123257e-07,mle,0.1708582216434314,0.6000702463779296,ok,True,True,extraction,
xom,4686,2018-08-20,4174,4685,512,-1.1488428470562484,linear,52,0,52,52,0,52,0.1,0.1015625,0.1015625,0.49478796501232575,4.947879650123257e-07,mle,0.1708582216434314,0.6000702463779296,ok,True,True,extraction,
xom,4687,2018-08-21,4175,4686,512,-1.1488428470562484,linear,52,0,52,52,0,52,0.1,0.1015625,0.1015625,0.49478796501232575,4.947879650123257e-07,mle,0.1708582216434314,0.6000702463779296,ok,True,True,extraction,
xom,4688,2018-08-22,4176,4687,512,-1.1488428470562484,linear,52,0,52,52,0,52,0.1,0.1015625,0.1015625,0.49478796501232575,4.947879650123257e-07,mle,0.1708582216434314,0.6000702463779296,ok,True,True,extraction,
xom,4689,2018-08-23,4177,4688,512,-1.1414936163154483,linear,52,0,52,52,0,52,0.1,0.1015625,0.1015625,0.4945544488644328,4.945544488644327e-07,mle,0.18885731589150728,0.5837983473548689,ok,True,True,extraction,
xom,4690,2018-08-24,4178,4689,512,-1.1414936163154483,linear,52,0,52,52,0,52,0.1,0.1015625,0.1015625,0.5009329345394228,5.009329345394227e-07,mle,0.18885731589150728,0.5837983473548689,ok,True,True,extraction,
xom,4691,2018-08-27,4179,4690,512,-1.1414936163154483,linear,52,0,52,52,0,52,0.1,0.1015625,0.1015625,0.5009329345394228,5.009329345394227e-07,mle,0.18885731589150728,0.5837983473548689,ok,True,True,extraction,
xom,4692,2018-08-28,4180,4691,512,-1.1414936163154483,linear,52,0,52,52,0,52,0.1,0.1015625,0.1015625,0.5042991282785749,5.042991282785749e-07,mle,0.18885731589150728,0.5837983473548689,ok,True,True,extraction,
xom,4693,2018-08-29,4181,4692,512,-1.1414936163154483,linear,52,0,52,52,0,52,0.1,0.1015625,0.1015625,0.504532644426468,5.045326444264679e-07,mle,0.18885731589150728,0.5837983473548689,ok,True,True,extraction,
xom,4694,2018-08-30,4182,4693,512,-1.1414936163154483,linear,52,0,52,52,0,52,0.1,0.1015625,0.1015625,0.5058755782886613,5.058755782886612e-07,mle,0.18885731589150728,0.5837983473548689,ok,True,True,extraction,
xom,4695,2018-08-31,4183,4694,512,-1.1414936163154483,linear,52,0,52,52,0,52,0.1,0.1015625,0.1015625,0.504894232119186,5.048942321191861e-07,mle,0.18885731589150728,0.5837983473548689,ok,True,True,extraction,
xom,4696,2018-09-04,4184,4695,512,-1.138717783285282,linear,52,0,52,52,0,52,0.1,0.1015625,0.1015625,0.501294522232141,5.012945222321409e-07,mle,0.1927439348138637,0.5816354917734671,ok,True,True,extraction,
xom,4697,2018-09-05,4185,4696,512,-1.138717783285282,linear,52,0,52,52,0,52,0.1,0.1015625,0.1015625,0.501294522232141,5.012945222321409e-07,mle,0.1927439348138637,0.5816354917734671,ok,True,True,extraction,
xom,4698,2018-09-06,4186,4697,512,-1.138717783285282,linear,52,0,52,52,0,52,0.1,0.1015625,0.1015625,0.504532644426468,5.045326444264679e-07,mle,0.1927439348138637,0.5816354917734671,ok,True,True,extraction,
xom,4699,2018-09-07,4187,4698,512,-1.138717783285282,linear,52,0,52,52,0,52,0.1,0.1015625,0.1015625,0.5062371659813795,5.062371659813794e-07,mle,0.1927439348138637,0.5816354917734671,ok,True,True,extraction,
xom,4700,2018-09-10,4188,4699,512,-1.138717783285282,linear,52,0,52,52,0,52,0.1,0.1015625,0.1015625,0.5058755782886613,5.058755782886612e-07,mle,0.1927439348138637,0.5816354917734671,ok,True,True,extraction,
xom,4701,2018-09-11,4189,4700,512,-1.138717783285282,linear,52,0,52,52,0,52,0.1,0.1015625,0.1015625,0.5058755782886613,5.058755782886612e-07,mle,0.1927439348138637,0.5816354917734671,ok,True,True,extraction,
xom,4702,2018-09-12,4190,4701,512,-1.138717783285282,linear,52,0,52,52,0,52,0.1,0.1015625,0.1015625,0.5058755782886613,5.058755782886612e-07,mle,0.1927439348138637,0.5816354917734671,ok,True,True,extraction,
xom,4703,2018-09-13,4191,4702,512,-1.138717783285282,linear,52,0,52,52,0,52,0.1,0.1015625,0.1015625,0.5056420621407682,5.056420621407682e-07,mle,0.1927439348138637,0.5816354917734671,ok,True,True,extraction,
xom,4704,2018-09-14,4192,4703,512,-1.138717783285282,linear,52,0,52,52,0,52,0.1,0.1015625,0.1015625,0.507358771008009,5.07358771008009e-07,mle,0.1927439348138637,0.5816354917734671,ok,True,True,extraction,
xom,4705,2018-09-17,4193,4704,512,-1.138717783285282,linear,52,0,52,52,0,52,0.1,0.1015625,0.1015625,0.5086811212141256,5.086811212141255e-07,mle,0.1927439348138637,0.5816354917734671,ok,True,True,extraction,
xom,4706,2018-09-18,4194,4705,512,-1.138717783285282,linear,52,0,52,52,0,52,0.1,0.1015625,0.1015625,0.5086811212141256,5.086811212141255e-07,mle,0.1927439348138637,0.5816354917734671,ok,True,True,extraction,
xom,4707,2018-09-19,4195,4706,512,-1.138717783285282,linear,52,0,52,52,0,52,0.1,0.1015625,0.1015625,0.5014001902769849,5.014001902769849e-07,mle,0.1927439348138637,0.5816354917734671,ok,True,True,extraction,
xom,4708,2018-09-20,4196,4707,512,-1.138717783285282,linear,52,0,52,52,0,52,0.1,0.1015625,0.1015625,0.503161711519248,5.031617115192481e-07,mle,0.1927439348138637,0.5816354917734671,ok,True,True,extraction,
xom,4709,2018-09-21,4197,4708,512,-1.138717783285282,linear,52,0,52,52,0,52,0.1,0.1015625,0.1015625,0.49527486118185876,4.952748611818587e-07,mle,0.1927439348138637,0.5816354917734671,ok,True,True,extraction,
xom,4710,2018-09-24,4198,4709,512,-1.1353209588141795,linear,52,0,52,52,0,52,0.1,0.1015625,0.1015625,0.49380973128405736,4.938097312840573e-07,mle,0.22414651056984763,0.5415842224113029,ok,True,True,extraction,
xom,4711,2018-09-25,4199,4710,512,-1.1353209588141795,linear,52,0,52,52,0,52,0.1,0.1015625,0.1015625,0.4949208732957077,4.949208732957077e-07,mle,0.22414651056984763,0.5415842224113029,ok,True,True,extraction,
xom,4712,2018-09-26,4200,4711,512,-1.1179575294133997,linear,52,0,52,52,0,52,0.1,0.1015625,0.1015625,0.49380973128405736,4.938097312840573e-07,mle,0.22849078289192415,0.53219736633213,ok,True,True,extraction,
xom,4713,2018-09-27,4201,4712,512,-1.1179575294133997,linear,52,0,52,52,0,52,0.1,0.1015625,0.1015625,0.49380973128405736,4.938097312840573e-07,mle,0.22849078289192415,0.53219736633213,ok,True,True,extraction,
xom,4714,2018-09-28,4202,4713,512,-1.1179575294133997,linear,52,0,52,52,0,52,0.1,0.1015625,0.1015625,0.492466797421864,4.92466797421864e-07,mle,0.22849078289192415,0.53219736633213,ok,True,True,extraction,
xom,4715,2018-10-01,4203,4714,512,-1.112125988865933,linear,52,0,52,52,0,52,0.1,0.1015625,0.1015625,0.492466797421864,4.92466797421864e-07,mle,0.22792511670868487,0.5353714788838513,ok,True,True,extraction,
xom,4716,2018-10-02,4204,4715,512,-1.112125988865933,linear,52,0,52,52,0,52,0.1,0.1015625,0.1015625,0.49380973128405736,4.938097312840573e-07,mle,0.22792511670868487,0.5353714788838513,ok,True,True,extraction,
xom,4717,2018-10-03,4205,4716,512,-1.1098856806627617,linear,52,0,52,52,0,52,0.1,0.1015625,0.1015625,0.49380973128405736,4.938097312840573e-07,mle,0.2535361481174946,0.5146030350481687,ok,True,True,extraction,
xom,4718,2018-10-04,4206,4717,512,-1.1098856806627617,linear,52,0,52,52,0,52,0.1,0.1015625,0.1015625,0.49246679742186394,4.924667974218639e-07,mle,0.2535361481174946,0.5146030350481687,ok,True,True,extraction,
xom,4719,2018-10-05,4207,4718,512,-1.1098856806627617,linear,52,0,52,52,0,52,0.1,0.1015625,0.1015625,0.49380973128405736,4.938097312840573e-07,mle,0.2535361481174946,0.5146030350481687,ok,True,True,extraction,
xom,4720,2018-10-08,4208,4719,512,-1.1098856806627617,linear,52,0,52,52,0,52,0.1,0.1015625,0.1015625,0.49380973128405736,4.938097312840573e-07,mle,0.2535361481174946,0.5146030350481687,ok,True,True,extraction,
xom,4721,2018-10-09,4209,4720,512,-1.1098856806627617,linear,52,0,52,52,0,52,0.1,0.1015625,0.1015625,0.4949208732957077,4.949208732957077e-07,mle,0.2535361481174946,0.5146030350481687,ok,True,True,extraction,
xom,4722,2018-10-10,4210,4721,512,-1.1098856806627617,linear,52,0,52,52,0,52,0.1,0.1015625,0.1015625,0.4949208732957077,4.949208732957077e-07,mle,0.2535361481174946,0.5146030350481687,ok,True,True,extraction,
xom,4723,2018-10-11,4211,4722,512,-1.112125988865933,linear,52,0,52,52,0,52,0.1,0.1015625,0.1015625,0.49527486118185876,4.952748611818587e-07,mle,0.21711644341565012,0.5549490799985666,ok,True,True,extraction,
xom,4724,2018-10-12,4212,4723,512,-1.1179575294133997,linear,52,0,52,52,0,52,0.1,0.1015625,0.1015625,0.49527486118185876,4.952748611818587e-07,mle,0.2086056040622921,0.594102722617972,ok,True,True,extraction,
xom,4725,2018-10-15,4213,4724,512,-1.1179575294133997,linear,52,0,52,52,0,52,0.1,0.1015625,0.1015625,0.4995095667402525,4.995095667402525e-07,mle,0.2086056040622921,0.594102722617972,ok,True,True,extraction,
xom,4726,2018-10-16,4214,4725,512,-1.1179575294133997,linear,52,0,52,52,0,52,0.1,0.1015625,0.1015625,0.5014001902769849,5.014001902769849e-07,mle,0.2086056040622921,0.594102722617972,ok,True,True,extraction,
xom,4727,2018-10-17,4215,4726,512,-1.1179575294133997,linear,52,0,52,52,0,52,0.1,0.1015625,0.1015625,0.49338423764512634,4.933842376451263e-07,mle,0.2086056040622921,0.594102722617972,ok,True,True,extraction,
xom,4728,2018-10-18,4216,4727,512,-1.1179575294133997,linear,52,0,52,52,0,52,0.1,0.1015625,0.1015625,0.4886155085653795,4.886155085653795e-07,mle,0.2086056040622921,0.594102722617972,ok,True,True,extraction,
xom,4729,2018-10-19,4217,4728,512,-1.1179575294133997,linear,52,0,52,52,0,52,0.1,0.1015625,0.1015625,0.4886155085653795,4.886155085653795e-07,mle,0.2086056040622921,0.594102722617972,ok,True,True,extraction,
xom,4730,2018-10-22,4218,4729,512,-1.1179575294133997,linear,52,0,52,52,0,52,0.1,0.1015625,0.1015625,0.48826152067922846,4.882615206792284e-07,mle,0.2086056040622921,0.594102722617972,ok,True,True,extraction,
xom,4731,2018-10-23,4219,4730,512,-1.1179575294133997,linear,52,0,52,52,0,52,0.1,0.1015625,0.1015625,0.4886155085653795,4.886155085653795e-07,mle,0.2086056040622921,0.594102722617972,ok,True,True,extraction,
xom,4732,2018-10-24,4220,4731,512,-1.1353209588141795,linear,52,0,52,52,0,52,0.1,0.1015625,0.1015625,0.4886155085653795,4.886155085653795e-07,mle,0.21079761392597665,0.58638311929132,ok,True,True,extraction,
xom,4733,2018-10-25,4221,4732,512,-1.138717783285282,linear,52,0,52,52,0,52,0.1,0.1015625,0.1015625,0.4886155085653795,4.886155085653795e-07,mle,0.17897424484462707,0.6333590872071886,ok,True,True,extraction,
xom,4734,2018-10-26,4222,4733,512,-1.138717783285282,linear,52,0,52,52,0,52,0.1,0.1015625,0.1015625,0.48826152067922846,4.882615206792284e-07,mle,0.17897424484462707,0.6333590872071886,ok,True,True,extraction,
xom,4735,2018-10-29,4223,4734,512,-1.138717783285282,linear,52,0,52,52,0,52,0.1,0.1015625,0.1015625,0.4930302497589753,4.930302497589753e-07,mle,0.17897424484462707,0.6333590872071886,ok,True,True,extraction,
xom,4736,2018-10-30,4224,4735,512,-1.138717783285282,linear,52,0,52,52,0,52,0.1,0.1015625,0.1015625,0.4949208732957077,4.949208732957077e-07,mle,0.17897424484462707,0.6333590872071886,ok,True,True,extraction,
xom,4737,2018-10-31,4225,4736,512,-1.138717783285282,linear,52,0,52,52,0,52,0.1,0.1015625,0.1015625,0.502807723633097,5.02807723633097e-07,mle,0.17897424484462707,0.6333590872071886,ok,True,True,extraction,
xom,4738,2018-11-01,4226,4737,512,-1.138717783285282,linear,52,0,52,52,0,52,0.1,0.1015625,0.1015625,0.5147094877577355,5.147094877577355e-07,mle,0.17897424484462707,0.6333590872071886,ok,True,True,extraction,
xom,4739,2018-11-02,4227,4738,512,-1.138717783285282,linear,52,0,52,52,0,52,0.1,0.1015625,0.1015625,0.520582885338764,5.20582885338764e-07,mle,0.17897424484462707,0.6333590872071886,ok,True,True,extraction,
xom,4740,2018-11-05,4228,4739,512,-1.138717783285282,linear,52,0,52,52,0,52,0.1,0.1015625,0.1015625,0.52056087431987,5.205608743198699e-07,mle,0.17897424484462707,0.6333590872071886,ok,True,True,extraction,
xom,4741,2018-11-06,4229,4740,512,-1.138717783285282,linear,52,0,52,52,0,52,0.1,0.1015625,0.1015625,0.520582885338764,5.20582885338764e-07,mle,0.17897424484462707,0.6333590872071886,ok,True,True,extraction,
xom,4742,2018-11-07,4230,4741,512,-1.138717783285282,linear,52,0,52,52,0,52,0.1,0.1015625,0.1015625,0.52056087431987,5.205608743198699e-07,mle,0.17897424484462707,0.6333590872071886,ok,True,True,extraction,
xom,4743,2018-11-08,4231,4742,512,-1.138717783285282,linear,52,0,52,52,0,52,0.1,0.1015625,0.1015625,0.522245644181085,5.22245644181085e-07,mle,0.17897424484462707,0.6333590872071886,ok,True,True,extraction,
xom,4744,2018-11-09,4232,4743,512,-1.1414936163154483,linear,52,0,52,52,0,52,0.1,0.1015625,0.1015625,0.5241836492036482,5.241836492036482e-07,mle,0.15777895076967668,0.6540012282507187,ok,True,True,extraction,
xom,4745,2018-11-12,4233,4744,512,-1.138717783285282,linear,52,0,52,52,0,52,0.1,0.1015625,0.1015625,0.522245644181085,5.22245644181085e-07,mle,0.19205834982185951,0.6091654594625042,ok,True,True,extraction,
xom,4746,2018-11-13,4234,4745,512,-1.138717783285282,linear,52,0,52,52,0,52,0.1,0.1015625,0.1015625,0.522245644181085,5.22245644181085e-07,mle,0.21312717468914918,0.5875047883007135,ok,True,True,extraction,
xom,4747,2018-11-14,4235,4746,512,-1.1414936163154483,linear,52,0,52,52,0,52,0.1,0.1015625,0.1015625,0.524535613926729,5.245356139267289e-07,mle,0.17730564572810728,0.629492804976606,ok,True,True,extraction,
xom,4748,2018-11-15,4236,4747,512,-1.1414936163154483,linear,52,0,52,52,0,52,0.1,0.1015625,0.1015625,0.5302128328245537,5.302128328245536e-07,mle,0.17730564572810728,0.629492804976606,ok,True,True,extraction,
xom,4749,2018-11-16,4237,4748,512,-1.1414936163154483,linear,52,0,52,52,0,52,0.1,0.1015625,0.1015625,0.5374566121810593,5.374566121810593e-07,mle,0.17730564572810728,0.629492804976606,ok,True,True,extraction,
xom,4750,2018-11-19,4238,4749,512,-1.1414936163154483,linear,52,0,52,52,0,52,0.1,0.1015625,0.1015625,0.5419156901819665,5.419156901819665e-07,mle,0.17730564572810728,0.629492804976606,ok,True,True,extraction,
xom,4751,2018-11-20,4239,4750,512,-1.1414936163154483,linear,52,0,52,52,0,52,0.1,0.1015625,0.1015625,0.5374566121810593,5.374566121810593e-07,mle,0.17730564572810728,0.629492804976606,ok,True,True,extraction,
xom,4752,2018-11-21,4240,4751,512,-1.1488428470562484,linear,52,0,52,52,0,52,0.1,0.1015625,0.1015625,0.5374566121810593,5.374566121810593e-07,mle,0.15244791340056818,0.6706127521547834,ok,True,True,extraction,
xom,4753,2018-11-23,4241,4752,512,-1.1488428470562484,linear,52,0,52,52,0,52,0.1,0.1015625,0.1015625,0.5374566121810593,5.374566121810593e-07,mle,0.15244791340056818,0.6706127521547834,ok,True,True,extraction,
xom,4754,2018-11-26,4242,4753,512,-1.1762564117817282,linear,52,0,52,52,0,52,0.1,0.1015625,0.1015625,0.5374566121810593,5.374566121810593e-07,mle,0.1565294733248885,0.6700714248196371,ok,True,True,extraction,
xom,4755,2018-11-27,4243,4754,512,-1.1488428470562484,linear,52,0,52,52,0,52,0.1,0.1015625,0.1015625,0.5374566121810593,5.374566121810593e-07,mle,0.13678222346211,0.7015700783929554,ok,True,True,extraction,
xom,4756,2018-11-28,4244,4755,512,-1.1488428470562484,linear,52,0,52,52,0,52,0.1,0.1015625,0.1015625,0.5374566121810593,5.374566121810593e-07,mle,0.13678222346211,0.7015700783929554,ok,True,True,extraction,
xom,4757,2018-11-29,4245,4756,512,-1.1488428470562484,linear,52,0,52,52,0,52,0.1,0.1015625,0.1015625,0.5374566121810593,5.374566121810593e-07,mle,0.13678222346211,0.7015700783929554,ok,True,True,extraction,
xom,4758,2018-11-30,4246,4757,512,-1.1414936163154483,linear,52,0,52,52,0,52,0.1,0.1015625,0.1015625,0.5374566121810593,5.374566121810593e-07,mle,0.13158111651826793,0.7104173472922016,ok,True,True,extraction,
xom,4759,2018-12-03,4247,4758,512,-1.1414936163154483,linear,52,0,52,52,0,52,0.1,0.1015625,0.1015625,0.5314274285601538,5.314274285601538e-07,mle,0.13158111651826793,0.7104173472922016,ok,True,True,extraction,
xom,4760,2018-12-04,4248,4759,512,-1.1414936163154483,linear,52,0,52,52,0,52,0.1,0.1015625,0.1015625,0.5373761967859074,5.373761967859074e-07,mle,0.13158111651826793,0.7104173472922016,ok,True,True,extraction,
xom,4761,2018-12-06,4249,4760,512,-1.1488428470562484,linear,52,0,52,52,0,52,0.1,0.1015625,0.1015625,0.5374566121810593,5.374566121810593e-07,mle,0.10434474729204353,0.7444154622442438,ok,True,True,extraction,
xom,4762,2018-12-07,4250,4761,512,-1.1762564117817282,linear,52,0,52,52,0,52,0.1,0.1015625,0.1015625,0.5419156901819665,5.419156901819665e-07,mle,0.13515063820698983,0.6983792204610213,ok,True,True,extraction,
xom,4763,2018-12-10,4251,4762,512,-1.1762564117817282,linear,52,0,52,52,0,52,0.1,0.1015625,0.1015625,0.54439163025789,5.443916302578899e-07,mle,0.13515063820698983,0.6983792204610213,ok,True,True,extraction,
xom,4764,2018-12-11,4252,4763,512,-1.1794145185737257,linear,52,0,52,52,0,52,0.1,0.1015625,0.1015625,0.5501068496207902,5.501068496207901e-07,mle,0.12551906967533383,0.7072943909152262,ok,True,True,extraction,
xom,4765,2018-12-12,4253,4764,512,-1.1794145185737257,linear,52,0,52,52,0,52,0.1,0.1015625,0.1015625,0.54439163025789,5.443916302578899e-07,mle,0.12551906967533383,0.7072943909152262,ok,True,True,extraction,
xom,4766,2018-12-13,4254,4765,512,-1.1794145185737257,linear,52,0,52,52,0,52,0.1,0.1015625,0.1015625,0.54439163025789,5.443916302578899e-07,mle,0.12551906967533383,0.7072943909152262,ok,True,True,extraction,
xom,4767,2018-12-14,4255,4766,512,-1.1794145185737257,linear,52,0,52,52,0,52,0.1,0.1015625,0.1015625,0.54439163025789,5.443916302578899e-07,mle,0.12551906967533383,0.7072943909152262,ok,True,True,extraction,
xom,4768,2018-12-17,4256,4767,512,-1.2113922473188794,linear,52,0,52,52,0,52,0.1,0.1015625,0.1015625,0.5501068496207902,5.501068496207901e-07,mle,0.14421627634713863,0.6758183934026829,ok,True,True,extraction,
xom,4769,2018-12-18,4257,4768,512,-1.2410315795436389,linear,52,0,52,52,0,52,0.1,0.1015625,0.1015625,0.5546648311837719,5.546648311837718e-07,mle,0.15652150105576174,0.6551128921756145,ok,True,True,extraction,
xom,4770,2018-12-19,4258,4769,512,-1.2544924635075883,linear,52,0,52,52,0,52,0.1,0.1015625,0.1015625,0.5550569999681731,5.550569999681731e-07,mle,0.13745268121488713,0.6839310461149882,ok,True,True,extraction,
xom,4771,2018-12-20,4259,4770,512,-1.2598737322777676,linear,52,0,52,52,0,52,0.1,0.1015625,0.1015625,0.5613866064972362,5.613866064972361e-07,mle,0.12148158005374897,0.6990092451989958,ok,True,True,extraction,
xom,4772,2018-12-21,4260,4771,512,-1.2811634688661382,linear,52,0,52,52,0,52,0.1,0.1015625,0.1015625,0.5579748122223764,5.579748122223764e-07,mle,0.11515364235150655,0.7164718100173595,ok,True,True,extraction,
xom,4773,2018-12-24,4261,4772,512,-1.2811634688661382,linear,52,0,52,52,0,52,0.1,0.1015625,0.1015625,0.5620450677741469,5.620450677741468e-07,mle,0.11515364235150655,0.7164718100173595,ok,True,True,extraction,
xom,4774,2018-12-26,4262,4773,512,-1.2868690949555066,linear,52,0,52,52,0,52,0.1,0.1015625,0.1015625,0.5620450677741469,5.620450677741468e-07,mle,0.09701608905605144,0.7716917200670721,ok,True,True,extraction,
xom,4775,2018-12-27,4263,4774,512,-1.2868690949555066,linear,52,0,52,52,0,52,0.1,0.1015625,0.1015625,0.5620450677741469,5.620450677741468e-07,mle,0.09701608905605144,0.7716917200670721,ok,True,True,extraction,
xom,4776,2018-12-28,4264,4775,512,-1.2868690949555066,linear,52,0,52,52,0,52,0.1,0.1015625,0.1015625,0.5579748122223764,5.579748122223764e-07,mle,0.09701608905605144,0.7716917200670721,ok,True,True,extraction,
xom,4777,2018-12-31,4265,4776,512,-1.2811634688661382,linear,52,0,52,52,0,52,0.1,0.1015625,0.1015625,0.5579748122223764,5.579748122223764e-07,mle,0.12750655415636122,0.7363320800337934,ok,True,True,extraction,
xom,4778,2019-01-02,4266,4777,512,-1.2811634688661382,linear,52,0,52,52,0,52,0.1,0.1015625,0.1015625,0.5579748122223764,5.579748122223764e-07,mle,0.12750655415636122,0.7363320800337934,ok,True,True,extraction,
xom,4779,2019-01-03,4267,4778,512,-1.2811634688661382,linear,52,0,52,52,0,52,0.1,0.1015625,0.1015625,0.5620450677741469,5.620450677741468e-07,mle,0.12750655415636122,0.7363320800337934,ok,True,True,extraction,
xom,4780,2019-01-04,4268,4779,512,-1.2868690949555066,linear,52,0,52,52,0,52,0.1,0.1015625,0.1015625,0.5620450677741469,5.620450677741468e-07,mle,0.1202840251203036,0.7415632461375292,ok,True,True,extraction,
xom,4781,2019-01-07,4269,4780,512,-1.2868690949555066,linear,52,0,52,52,0,52,0.1,0.1015625,0.1015625,0.5666310283651881,5.666310283651881e-07,mle,0.1202840251203036,0.7415632461375292,ok,True,True,extraction,
xom,4782,2019-01-08,4270,4781,512,-1.2868690949555066,linear,52,0,52,52,0,52,0.1,0.1015625,0.1015625,0.5666310283651881,5.666310283651881e-07,mle,0.1202840251203036,0.7415632461375292,ok,True,True,extraction,
xom,4783,2019-01-09,4271,4782,512,-1.2868690949555066,linear,52,0,52,52,0,52,0.1,0.1015625,0.1015625,0.5666310283651881,5.666310283651881e-07,mle,0.1202840251203036,0.7415632461375292,ok,True,True,extraction,
xom,4784,2019-01-10,4272,4783,512,-1.2868690949555066,linear,52,0,52,52,0,52,0.1,0.1015625,0.1015625,0.562613082109755,5.62613082109755e-07,mle,0.1202840251203036,0.7415632461375292,ok,True,True,extraction,
xom,4785,2019-01-11,4273,4784,512,-1.2868690949555066,linear,52,0,52,52,0,52,0.1,0.1015625,0.1015625,0.5666310283651881,5.666310283651881e-07,mle,0.1202840251203036,0.7415632461375292,ok,True,True,extraction,
xom,4786,2019-01-14,4274,4785,512,-1.2868690949555066,linear,52,0,52,52,0,52,0.1,0.1015625,0.1015625,0.5666310283651881,5.666310283651881e-07,mle,0.1202840251203036,0.7415632461375292,ok,True,True,extraction,
xom,4787,2019-01-15,4275,4786,512,-1.2868690949555066,linear,52,0,52,52,0,52,0.1,0.1015625,0.1015625,0.5666310283651881,5.666310283651881e-07,mle,0.1202840251203036,0.7415632461375292,ok,True,True,extraction,
xom,4788,2019-01-16,4276,4787,512,-1.2868690949555066,linear,52,0,52,52,0,52,0.1,0.1015625,0.1015625,0.5666310283651881,5.666310283651881e-07,mle,0.1202840251203036,0.7415632461375292,ok,True,True,extraction,
xom,4789,2019-01-17,4277,4788,512,-1.2868690949555066,linear,52,0,52,52,0,52,0.1,0.1015625,0.1015625,0.5620450677741469,5.620450677741468e-07,mle,0.1202840251203036,0.7415632461375292,ok,True,True,extraction,
xom,4790,2019-01-18,4278,4789,512,-1.2868690949555066,linear,52,0,52,52,0,52,0.1,0.1015625,0.1015625,0.5620450677741469,5.620450677741468e-07,mle,0.1202840251203036,0.7415632461375292,ok,True,True,extraction,
xom,4791,2019-01-22,4279,4790,512,-1.2811634688661382,linear,52,0,52,52,0,52,0.1,0.1015625,0.1015625,0.5616166052738473,5.616166052738473e-07,mle,0.12486699697419221,0.7392109301374821,ok,True,True,extraction,
xom,4792,2019-01-23,4280,4791,512,-1.2868690949555066,linear,52,0,52,52,0,52,0.1,0.1015625,0.1015625,0.562613082109755,5.62613082109755e-07,mle,0.11929852821204373,0.7426112102108003,ok,True,True,extraction,
xom,4793,2019-01-24,4281,4792,512,-1.2811634688661382,linear,52,0,52,52,0,52,0.1,0.1015625,0.1015625,0.562613082109755,5.62613082109755e-07,mle,0.13274687120859505,0.7304605353639146,ok,True,True,extraction,
xom,4794,2019-01-25,4282,4793,512,-1.2598737322777676,linear,52,0,52,52,0,52,0.1,0.1015625,0.1015625,0.5582310024119392,5.582310024119393e-07,mle,0.09885353817572701,0.776774248281848,ok,True,True,extraction,
xom,4795,2019-01-28,4283,4794,512,-1.2598737322777676,linear,52,0,52,52,0,52,0.1,0.1015625,0.1015625,0.5554912761787212,5.554912761787211e-07,mle,0.09885353817572701,0.776774248281848,ok,True,True,extraction,
xom,4796,2019-01-29,4284,4795,512,-1.2598737322777676,linear,52,0,52,52,0,52,0.1,0.1015625,0.1015625,0.5554912761787212,5.554912761787211e-07,mle,0.09885353817572701,0.776774248281848,ok,True,True,extraction,
xom,4797,2019-01-30,4285,4796,512,-1.2598737322777676,linear,52,0,52,52,0,52,0.1,0.1015625,0.1015625,0.5551372882925701,5.551372882925701e-07,mle,0.09885353817572701,0.776774248281848,ok,True,True,extraction,
xom,4798,2019-01-31,4286,4797,512,-1.2598737322777676,linear,52,0,52,52,0,52,0.1,0.1015625,0.1015625,0.5551372882925701,5.551372882925701e-07,mle,0.09885353817572701,0.776774248281848,ok,True,True,extraction,
xom,4799,2019-02-01,4287,4798,512,-1.2598737322777676,linear,52,0,52,52,0,52,0.1,0.1015625,0.1015625,0.5551093092645105,5.551093092645105e-07,mle,0.09885353817572701,0.776774248281848,ok,True,True,extraction,
xom,4800,2019-02-04,4288,4799,512,-1.2515937177401952,linear,52,0,52,52,0,52,0.1,0.1015625,0.1015625,0.555339277706926,5.55339277706926e-07,mle,0.11463933654115938,0.7615381022329435,ok,True,True,extraction,
xom,4801,2019-02-05,4289,4800,512,-1.2598737322777676,linear,52,0,52,52,0,52,0.1,0.1015625,0.1015625,0.5551093092645105,5.551093092645105e-07,mle,0.11527457054571832,0.7570238951587254,ok,True,True,extraction,
xom,4802,2019-02-06,4290,4801,512,-1.2598737322777676,linear,52,0,52,52,0,52,0.1,0.1015625,0.1015625,0.555339277706926,5.55339277706926e-07,mle,0.11527457054571832,0.7570238951587254,ok,True,True,extraction,
xom,4803,2019-02-07,4291,4802,512,-1.2598737322777676,linear,52,0,52,52,0,52,0.1,0.1015625,0.1015625,0.5551093092645105,5.551093092645105e-07,mle,0.11527457054571832,0.7570238951587254,ok,True,True,extraction,
xom,4804,2019-02-08,4292,4803,512,-1.2598737322777676,linear,52,0,52,52,0,52,0.1,0.1015625,0.1015625,0.5578770145257881,5.57877014525788e-07,mle,0.11527457054571832,0.7570238951587254,ok,True,True,extraction,
xom,4805,2019-02-11,4293,4804,512,-1.2598737322777676,linear,52,0,52,52,0,52,0.1,0.1015625,0.1015625,0.5578770145257881,5.57877014525788e-07,mle,0.11527457054571832,0.7570238951587254,ok,True,True,extraction,
xom,4806,2019-02-12,4294,4805,512,-1.2598737322777676,linear,52,0,52,52,0,52,0.1,0.1015625,0.1015625,0.5577967262013912,5.577967262013911e-07,mle,0.11527457054571832,0.7570238951587254,ok,True,True,extraction,
xom,4807,2019-02-13,4295,4806,512,-1.2598737322777676,linear,52,0,52,52,0,52,0.1,0.1015625,0.1015625,0.5577967262013912,5.577967262013911e-07,mle,0.11527457054571832,0.7570238951587254,ok,True,True,extraction,
xom,4808,2019-02-14,4296,4807,512,-1.2598737322777676,linear,52,0,52,52,0,52,0.1,0.1015625,0.1015625,0.5577967262013912,5.577967262013911e-07,mle,0.11527457054571832,0.7570238951587254,ok,True,True,extraction,
xom,4809,2019-02-15,4297,4808,512,-1.2598737322777676,linear,52,0,52,52,0,52,0.1,0.1015625,0.1015625,0.5574325364450494,5.574325364450493e-07,mle,0.11527457054571832,0.7570238951587254,ok,True,True,extraction,
xom,4810,2019-02-19,4298,4809,512,-1.2598737322777676,linear,52,0,52,52,0,52,0.1,0.1015625,0.1015625,0.5574325364450494,5.574325364450493e-07,mle,0.11527457054571832,0.7570238951587254,ok,True,True,extraction,
xom,4811,2019-02-20,4299,4810,512,-1.2598737322777676,linear,52,0,52,52,0,52,0.1,0.1015625,0.1015625,0.5577967262013912,5.577967262013911e-07,mle,0.11527457054571832,0.7570238951587254,ok,True,True,extraction,
xom,4812,2019-02-21,4300,4811,512,-1.2598737322777676,linear,52,0,52,52,0,52,0.1,0.1015625,0.1015625,0.557794428203946,5.577944282039459e-07,mle,0.11527457054571832,0.7570238951587254,ok,True,True,extraction,
xom,4813,2019-02-22,4301,4812,512,-1.2598737322777676,linear,52,0,52,52,0,52,0.1,0.1015625,0.1015625,0.557794428203946,5.577944282039459e-07,mle,0.11527457054571832,0.7570238951587254,ok,True,True,extraction,
xom,4814,2019-02-25,4302,4813,512,-1.2598737322777676,linear,52,0,52,52,0,52,0.1,0.1015625,0.1015625,0.5549729168682673,5.549729168682673e-07,mle,0.11527457054571832,0.7570238951587254,ok,True,True,extraction,
xom,4815,2019-02-26,4303,4814,512,-1.2598737322777676,linear,52,0,52,52,0,52,0.1,0.1015625,0.1015625,0.5549729168682673,5.549729168682673e-07,mle,0.11527457054571832,0.7570238951587254,ok,True,True,extraction,
xom,4816,2019-02-27,4304,4815,512,-1.2598737322777676,linear,52,0,52,52,0,52,0.1,0.1015625,0.1015625,0.5536369650294137,5.536369650294137e-07,mle,0.11527457054571832,0.7570238951587254,ok,True,True,extraction,
xom,4817,2019-02-28,4305,4816,512,-1.2598737322777676,linear,52,0,52,52,0,52,0.1,0.1015625,0.1015625,0.5549729168682673,5.549729168682673e-07,mle,0.11527457054571832,0.7570238951587254,ok,True,True,extraction,
xom,4818,2019-03-01,4306,4817,512,-1.2598737322777676,linear,52,0,52,52,0,52,0.1,0.1015625,0.1015625,0.5581365384317318,5.581365384317318e-07,mle,0.11527457054571832,0.7570238951587254,ok,True,True,extraction,
xom,4819,2019-03-04,4307,4818,512,-1.2598737322777676,linear,52,0,52,52,0,52,0.1,0.1015625,0.1015625,0.5609268388613954,5.609268388613954e-07,mle,0.11527457054571832,0.7570238951587254,ok,True,True,extraction,
xom,4820,2019-03-05,4308,4819,512,-1.2598737322777676,linear,52,0,52,52,0,52,0.1,0.1015625,0.1015625,0.5576553853077157,5.576553853077158e-07,mle,0.11527457054571832,0.7570238951587254,ok,True,True,extraction,
xom,4821,2019-03-06,4309,4820,512,-1.2598737322777676,linear,52,0,52,52,0,52,0.1,0.1015625,0.1015625,0.5549729168682673,5.549729168682673e-07,mle,0.11527457054571832,0.7570238951587254,ok,True,True,extraction,
xom,4822,2019-03-07,4310,4821,512,-1.2598737322777676,linear,52,0,52,52,0,52,0.1,0.1015625,0.1015625,0.5581365384317318,5.581365384317318e-07,mle,0.11527457054571832,0.7570238951587254,ok,True,True,extraction,
xom,4823,2019-03-08,4311,4822,512,-1.2598737322777676,linear,52,0,52,52,0,52,0.1,0.1015625,0.1015625,0.5576553853077157,5.576553853077158e-07,mle,0.11527457054571832,0.7570238951587254,ok,True,True,extraction,
xom,4824,2019-03-11,4312,4823,512,-1.2845555155550634,linear,52,0,52,52,0,52,0.1,0.1015625,0.1015625,0.5581365384317318,5.581365384317318e-07,mle,0.14612345425349618,0.7136205697828627,ok,True,True,extraction,
xom,4825,2019-03-12,4313,4824,512,-1.2845555155550634,linear,52,0,52,52,0,52,0.1,0.1015625,0.1015625,0.5576553853077157,5.576553853077158e-07,mle,0.14612345425349618,0.7136205697828627,ok,True,True,extraction,
xom,4826,2019-03-13,4314,4825,512,-1.2845555155550634,linear,52,0,52,52,0,52,0.1,0.1015625,0.1015625,0.5576553853077157,5.576553853077158e-07,mle,0.14612345425349618,0.7136205697828627,ok,True,True,extraction,
xom,4827,2019-03-14,4315,4826,512,-1.2845555155550634,linear,52,0,52,52,0,52,0.1,0.1015625,0.1015625,0.5599700815911073,5.599700815911073e-07,mle,0.14612345425349618,0.7136205697828627,ok,True,True,extraction,
xom,4828,2019-03-15,4316,4827,512,-1.2845555155550634,linear,52,0,52,52,0,52,0.1,0.1015625,0.1015625,0.5576553853077157,5.576553853077158e-07,mle,0.14612345425349618,0.7136205697828627,ok,True,True,extraction,
xom,4829,2019-03-18,4317,4828,512,-1.2845555155550634,linear,52,0,52,52,0,52,0.1,0.1015625,0.1015625,0.5581365384317318,5.581365384317318e-07,mle,0.14612345425349618,0.7136205697828627,ok,True,True,extraction,
xom,4830,2019-03-19,4318,4829,512,-1.2845555155550634,linear,52,0,52,52,0,52,0.1,0.1015625,0.1015625,0.5576553853077157,5.576553853077158e-07,mle,0.14612345425349618,0.7136205697828627,ok,True,True,extraction,
xom,4831,2019-03-20,4319,4830,512,-1.2845555155550634,linear,52,0,52,52,0,52,0.1,0.1015625,0.1015625,0.5581365384317318,5.581365384317318e-07,mle,0.14612345425349618,0.7136205697828627,ok,True,True,extraction,
xom,4832,2019-03-21,4320,4831,512,-1.2845555155550634,linear,52,0,52,52,0,52,0.1,0.1015625,0.1015625,0.5576553853077157,5.576553853077158e-07,mle,0.14612345425349618,0.7136205697828627,ok,True,True,extraction,
xom,4833,2019-03-22,4321,4832,512,-1.2598737322777676,linear,52,0,52,52,0,52,0.1,0.1015625,0.1015625,0.5549729168682673,5.549729168682673e-07,mle,0.13412367603561215,0.7352907343362363,ok,True,True,extraction,
xom,4834,2019-03-25,4322,4833,512,-1.2845555155550634,linear,52,0,52,52,0,52,0.1,0.1015625,0.1015625,0.5549729168682673,5.549729168682673e-07,mle,0.15638675046745495,0.7021440610751324,ok,True,True,extraction,
xom,4835,2019-03-26,4323,4834,512,-1.2845555155550634,linear,52,0,52,52,0,52,0.1,0.1015625,0.1015625,0.5576553853077157,5.576553853077158e-07,mle,0.15638675046745495,0.7021440610751324,ok,True,True,extraction,
xom,4836,2019-03-27,4324,4835,512,-1.2845555155550634,linear,52,0,52,52,0,52,0.1,0.1015625,0.1015625,0.5599700815911073,5.599700815911073e-07,mle,0.15638675046745495,0.7021440610751324,ok,True,True,extraction,
xom,4837,2019-03-28,4325,4836,512,-1.2845555155550634,linear,52,0,52,52,0,52,0.1,0.1015625,0.1015625,0.5599700815911073,5.599700815911073e-07,mle,0.15638675046745495,0.7021440610751324,ok,True,True,extraction,
xom,4838,2019-03-29,4326,4837,512,-1.2845555155550634,linear,52,0,52,52,0,52,0.1,0.1015625,0.1015625,0.5576553853077157,5.576553853077158e-07,mle,0.15638675046745495,0.7021440610751324,ok,True,True,extraction,
xom,4839,2019-04-01,4327,4838,512,-1.2845555155550634,linear,52,0,52,52,0,52,0.1,0.1015625,0.1015625,0.5576553853077157,5.576553853077158e-07,mle,0.15638675046745495,0.7021440610751324,ok,True,True,extraction,
xom,4840,2019-04-02,4328,4839,512,-1.2845555155550634,linear,52,0,52,52,0,52,0.1,0.1015625,0.1015625,0.5618568791959437,5.618568791959437e-07,mle,0.15638675046745495,0.7021440610751324,ok,True,True,extraction,
xom,4841,2019-04-03,4329,4840,512,-1.2845555155550634,linear,52,0,52,52,0,52,0.1,0.1015625,0.1015625,0.5618568791959437,5.618568791959437e-07,mle,0.15638675046745495,0.7021440610751324,ok,True,True,extraction,
xom,4842,2019-04-04,4330,4841,512,-1.2845555155550634,linear,52,0,52,52,0,52,0.1,0.1015625,0.1015625,0.5699925644880829,5.699925644880829e-07,mle,0.15638675046745495,0.7021440610751324,ok,True,True,extraction,
xom,4843,2019-04-05,4331,4842,512,-1.2845555155550634,linear,52,0,52,52,0,52,0.1,0.1015625,0.1015625,0.5714012951740717,5.714012951740716e-07,mle,0.15638675046745495,0.7021440610751324,ok,True,True,extraction,
xom,4844,2019-04-08,4332,4843,512,-1.2845555155550634,linear,52,0,52,52,0,52,0.1,0.1015625,0.1015625,0.5714012951740717,5.714012951740716e-07,mle,0.15638675046745495,0.7021440610751324,ok,True,True,extraction,
xom,4845,2019-04-09,4333,4844,512,-1.2845555155550634,linear,52,0,52,52,0,52,0.1,0.1015625,0.1015625,0.5722754160640391,5.722754160640391e-07,mle,0.15638675046745495,0.7021440610751324,ok,True,True,extraction,
xom,4846,2019-04-10,4334,4845,512,-1.2897066853379968,linear,52,0,52,52,0,52,0.1,0.1015625,0.1015625,0.5755834974655357,5.755834974655357e-07,mle,0.16588855260723118,0.6906286716718082,ok,True,True,extraction,
xom,4847,2019-04-11,4335,4846,512,-1.2897066853379968,linear,52,0,52,52,0,52,0.1,0.1015625,0.1015625,0.5674972491709944,5.674972491709944e-07,mle,0.16588855260723118,0.6906286716718082,ok,True,True,extraction,
xom,4848,2019-04-12,4336,4847,512,-1.2897066853379968,linear,52,0,52,52,0,52,0.1,0.1015625,0.1015625,0.5674972491709944,5.674972491709944e-07,mle,0.16588855260723118,0.6906286716718082,ok,True,True,extraction,
xom,4849,2019-04-15,4337,4848,512,-1.2897066853379968,linear,52,0,52,52,0,52,0.1,0.1015625,0.1015625,0.5724215992080608,5.724215992080607e-07,mle,0.16588855260723118,0.6906286716718082,ok,True,True,extraction,
xom,4850,2019-04-16,4338,4849,512,-1.2850008170775211,linear,52,0,52,52,0,52,0.1,0.1015625,0.1015625,0.5672087700332107,5.672087700332107e-07,mle,0.20133457707645974,0.6559329305781407,ok,True,True,extraction,
xom,4851,2019-04-17,4339,4850,512,-1.2850008170775211,linear,52,0,52,52,0,52,0.1,0.1015625,0.1015625,0.5724215992080608,5.724215992080607e-07,mle,0.20133457707645974,0.6559329305781407,ok,True,True,extraction,
xom,4852,2019-04-18,4340,4851,512,-1.2850008170775211,linear,52,0,52,52,0,52,0.1,0.1015625,0.1015625,0.5724215992080608,5.724215992080607e-07,mle,0.20133457707645974,0.6559329305781407,ok,True,True,extraction,
xom,4853,2019-04-22,4341,4852,512,-1.2850008170775211,linear,52,0,52,52,0,52,0.1,0.1015625,0.1015625,0.5732881791524527,5.732881791524527e-07,mle,0.20133457707645974,0.6559329305781407,ok,True,True,extraction,
xom,4854,2019-04-23,4342,4853,512,-1.2850008170775211,linear,52,0,52,52,0,52,0.1,0.1015625,0.1015625,0.5807919519976972,5.807919519976972e-07,mle,0.20133457707645974,0.6559329305781407,ok,True,True,extraction,
xom,4855,2019-04-24,4343,4854,512,-1.2850008170775211,linear,52,0,52,52,0,52,0.1,0.1015625,0.1015625,0.5756329344631336,5.756329344631336e-07,mle,0.20133457707645974,0.6559329305781407,ok,True,True,extraction,
xom,4856,2019-04-25,4344,4855,512,-1.2897066853379968,linear,52,0,52,52,0,52,0.1,0.1015625,0.1015625,0.5835757464525694,5.835757464525694e-07,mle,0.1684135941004269,0.6874003317005359,ok,True,True,extraction,
xom,4857,2019-04-26,4345,4856,512,-1.2897066853379968,linear,52,0,52,52,0,52,0.1,0.1015625,0.1015625,0.5764995144075256,5.764995144075255e-07,mle,0.1684135941004269,0.6874003317005359,ok,True,True,extraction,
xom,4858,2019-04-29,4346,4857,512,-1.293910363053976,linear,52,0,52,52,0,52,0.1,0.1015625,0.1015625,0.5849641487618272,5.849641487618272e-07,mle,0.1331580806864493,0.725117054825942,ok,True,True,extraction,
xom,4859,2019-04-30,4347,4858,512,-1.2897066853379968,linear,52,0,52,52,0,52,0.1,0.1015625,0.1015625,0.5849641487618272,5.849641487618272e-07,mle,0.14384642294878153,0.7159906104142328,ok,True,True,extraction,
xom,4860,2019-05-01,4348,4859,512,-1.2897066853379968,linear,52,0,52,52,0,52,0.1,0.1015625,0.1015625,0.5828139031841884,5.828139031841884e-07,mle,0.14384642294878153,0.7159906104142328,ok,True,True,extraction,
xom,4861,2019-05-02,4349,4860,512,-1.293910363053976,linear,52,0,52,52,0,52,0.1,0.1015625,0.1015625,0.5828139031841884,5.828139031841884e-07,mle,0.11334632401489333,0.7491041977752169,ok,True,True,extraction,
xom,4862,2019-05-03,4350,4861,512,-1.2972133335197542,linear,52,0,52,52,0,52,0.1,0.1015625,0.1015625,0.5828139031841884,5.828139031841884e-07,mle,0.09344104652280968,0.7707233490525413,ok,True,True,extraction,
xom,4863,2019-05-06,4351,4862,512,-1.2972133335197542,linear,52,0,52,52,0,52,0.1,0.1015625,0.1015625,0.5764995144075256,5.764995144075255e-07,mle,0.09344104652280968,0.7707233490525413,ok,True,True,extraction,
xom,4864,2019-05-07,4352,4863,512,-1.2972133335197542,linear,52,0,52,52,0,52,0.1,0.1015625,0.1015625,0.5764995144075256,5.764995144075255e-07,mle,0.09344104652280968,0.7707233490525413,ok,True,True,extraction,
xom,4865,2019-05-08,4353,4864,512,-1.2972133335197542,linear,52,0,52,52,0,52,0.1,0.1015625,0.1015625,0.5835757464525694,5.835757464525694e-07,mle,0.09344104652280968,0.7707233490525413,ok,True,True,extraction,
xom,4866,2019-05-09,4354,4865,512,-1.2972133335197542,linear,52,0,52,52,0,52,0.1,0.1015625,0.1015625,0.5807919519976972,5.807919519976972e-07,mle,0.09344104652280968,0.7707233490525413,ok,True,True,extraction,
xom,4867,2019-05-10,4355,4866,512,-1.2972133335197542,linear,52,0,52,52,0,52,0.1,0.1015625,0.1015625,0.5807919519976972,5.807919519976972e-07,mle,0.09344104652280968,0.7707233490525413,ok,True,True,extraction,
xom,4868,2019-05-13,4356,4867,512,-1.2972133335197542,linear,52,0,52,52,0,52,0.1,0.1015625,0.1015625,0.5783032616635402,5.783032616635401e-07,mle,0.09344104652280968,0.7707233490525413,ok,True,True,extraction,
xom,4869,2019-05-14,4357,4868,512,-1.2972133335197542,linear,52,0,52,52,0,52,0.1,0.1015625,0.1015625,0.5849641487618272,5.849641487618272e-07,mle,0.09344104652280968,0.7707233490525413,ok,True,True,extraction,
xom,4870,2019-05-15,4358,4869,512,-1.2972133335197542,linear,52,0,52,52,0,52,0.1,0.1015625,0.1015625,0.5849641487618272,5.849641487618272e-07,mle,0.09344104652280968,0.7707233490525413,ok,True,True,extraction,
xom,4871,2019-05-16,4359,4870,512,-1.2972133335197542,linear,52,0,52,52,0,52,0.1,0.1015625,0.1015625,0.5903176760294329,5.903176760294329e-07,mle,0.09344104652280968,0.7707233490525413,ok,True,True,extraction,
xom,4872,2019-05-17,4360,4871,512,-1.2972133335197542,linear,52,0,52,52,0,52,0.1,0.1015625,0.1015625,0.5849641487618272,5.849641487618272e-07,mle,0.09344104652280968,0.7707233490525413,ok,True,True,extraction,
xom,4873,2019-05-20,4361,4872,512,-1.2972133335197542,linear,52,0,52,52,0,52,0.1,0.1015625,0.1015625,0.5849641487618272,5.849641487618272e-07,mle,0.09344104652280968,0.7707233490525413,ok,True,True,extraction,
xom,4874,2019-05-21,4362,4873,512,-1.2972133335197542,linear,52,0,52,52,0,52,0.1,0.1015625,0.1015625,0.5853970115974179,5.853970115974178e-07,mle,0.09344104652280968,0.7707233490525413,ok,True,True,extraction,
xom,4875,2019-05-22,4363,4874,512,-1.2972133335197542,linear,52,0,52,52,0,52,0.1,0.1015625,0.1015625,0.5835757464525694,5.835757464525694e-07,mle,0.09344104652280968,0.7707233490525413,ok,True,True,extraction,
xom,4876,2019-05-23,4364,4875,512,-1.2972133335197542,linear,52,0,52,52,0,52,0.1,0.1015625,0.1015625,0.5835757464525694,5.835757464525694e-07,mle,0.09344104652280968,0.7707233490525413,ok,True,True,extraction,
xom,4877,2019-05-24,4365,4876,512,-1.299460379442479,linear,52,0,52,52,0,52,0.1,0.1015625,0.1015625,0.5859209060321153,5.859209060321153e-07,mle,0.058996569358012466,0.8169700021082447,ok,True,True,extraction,
xom,4878,2019-05-28,4366,4877,512,-1.299460379442479,linear,52,0,52,52,0,52,0.1,0.1015625,0.1015625,0.5835757464525694,5.835757464525694e-07,mle,0.058996569358012466,0.8169700021082447,ok,True,True,extraction,
xom,4879,2019-05-29,4367,4878,512,-1.3161813306640815,linear,52,0,52,52,0,52,0.1,0.1015625,0.1015625,0.5859209060321153,5.859209060321153e-07,mle,0.05193902699215437,0.8204826496106464,ok,True,True,extraction,
xom,4880,2019-05-30,4368,4879,512,-1.3161813306640815,linear,52,0,52,52,0,52,0.1,0.1015625,0.1015625,0.5885605194656329,5.885605194656329e-07,mle,0.05193902699215437,0.8204826496106464,ok,True,True,extraction,
xom,4881,2019-05-31,4369,4880,512,-1.3161813306640815,linear,52,0,52,52,0,52,0.1,0.1015625,0.1015625,0.5885605194656329,5.885605194656329e-07,mle,0.05193902699215437,0.8204826496106464,ok,True,True,extraction,
xom,4882,2019-06-03,4370,4881,512,-1.3770394710934244,linear,52,0,52,52,0,52,0.1,0.1015625,0.1015625,0.5885605194656329,5.885605194656329e-07,mle,0.12020902499688038,0.7148282183357806,ok,True,True,extraction,
xom,4883,2019-06-04,4371,4882,512,-1.3770394710934244,linear,52,0,52,52,0,52,0.1,0.1015625,0.1015625,0.5907131562380581,5.907131562380581e-07,mle,0.12020902499688038,0.7148282183357806,ok,True,True,extraction,
xom,4884,2019-06-05,4372,4883,512,-1.3770394710934244,linear,52,0,52,52,0,52,0.1,0.1015625,0.1015625,0.5953024490424963,5.953024490424963e-07,mle,0.12020902499688038,0.7148282183357806,ok,True,True,extraction,
xom,4885,2019-06-06,4373,4884,512,-1.3770394710934244,linear,52,0,52,52,0,52,0.1,0.1015625,0.1015625,0.6107442926933105,6.107442926933105e-07,mle,0.12020902499688038,0.7148282183357806,ok,True,True,extraction,
xom,4886,2019-06-07,4374,4885,512,-1.3770394710934244,linear,52,0,52,52,0,52,0.1,0.1015625,0.1015625,0.621317731469812,6.213177314698119e-07,mle,0.12020902499688038,0.7148282183357806,ok,True,True,extraction,
xom,4887,2019-06-10,4375,4886,512,-1.3770394710934244,linear,52,0,52,52,0,52,0.1,0.1015625,0.1015625,0.621317731469812,6.213177314698119e-07,mle,0.12020902499688038,0.7148282183357806,ok,True,True,extraction,
xom,4888,2019-06-11,4376,4887,512,-1.3770394710934244,linear,52,0,52,52,0,52,0.1,0.1015625,0.1015625,0.606544088208097,6.06544088208097e-07,mle,0.12020902499688038,0.7148282183357806,ok,True,True,extraction,
xom,4889,2019-06-12,4377,4888,512,-1.3770394710934244,linear,52,0,52,52,0,52,0.1,0.1015625,0.1015625,0.606544088208097,6.06544088208097e-07,mle,0.12020902499688038,0.7148282183357806,ok,True,True,extraction,
xom,4890,2019-06-13,4378,4889,512,-1.3770394710934244,linear,52,0,52,52,0,52,0.1,0.1015625,0.1015625,0.621317731469812,6.213177314698119e-07,mle,0.12020902499688038,0.7148282183357806,ok,True,True,extraction,
xom,4891,2019-06-14,4379,4890,512,-1.3770394710934244,linear,52,0,52,52,0,52,0.1,0.1015625,0.1015625,0.6210958320032473,6.210958320032472e-07,mle,0.12020902499688038,0.7148282183357806,ok,True,True,extraction,
xom,4892,2019-06-17,4380,4891,512,-1.3770394710934244,linear,52,0,52,52,0,52,0.1,0.1015625,0.1015625,0.621317731469812,6.213177314698119e-07,mle,0.12020902499688038,0.7148282183357806,ok,True,True,extraction,
xom,4893,2019-06-18,4381,4892,512,-1.3161813306640815,linear,52,0,52,52,0,52,0.1,0.1015625,0.1015625,0.6210958320032473,6.210958320032472e-07,mle,0.04469791143349719,0.8300811945127111,ok,True,True,extraction,
xom,4894,2019-06-19,4382,4893,512,-1.3161813306640815,linear,52,0,52,52,0,52,0.1,0.1015625,0.1015625,0.6210958320032473,6.210958320032472e-07,mle,0.04469791143349719,0.8300811945127111,ok,True,True,extraction,
xom,4895,2019-06-20,4383,4894,512,-1.3161813306640815,linear,52,0,52,52,0,52,0.1,0.1015625,0.1015625,0.606544088208097,6.06544088208097e-07,mle,0.04469791143349719,0.8300811945127111,ok,True,True,extraction,
xom,4896,2019-06-21,4384,4895,512,-1.3161813306640815,linear,52,0,52,52,0,52,0.1,0.1015625,0.1015625,0.6210958320032473,6.210958320032472e-07,mle,0.04469791143349719,0.8300811945127111,ok,True,True,extraction,
xom,4897,2019-06-24,4385,4896,512,-1.3161813306640815,linear,52,0,52,52,0,52,0.1,0.1015625,0.1015625,0.6194579874244839,6.194579874244838e-07,mle,0.04469791143349719,0.8300811945127111,ok,True,True,extraction,
xom,4898,2019-06-25,4386,4897,512,-1.3161813306640815,linear,52,0,52,52,0,52,0.1,0.1015625,0.1015625,0.6282115798434,6.282115798434e-07,mle,0.04469791143349719,0.8300811945127111,ok,True,True,extraction,
xom,4899,2019-06-26,4387,4898,512,-1.3161813306640815,linear,52,0,52,52,0,52,0.1,0.1015625,0.1015625,0.6282115798434,6.282115798434e-07,mle,0.04469791143349719,0.8300811945127111,ok,True,True,extraction,
xom,4900,2019-06-27,4388,4899,512,-1.3161813306640815,linear,52,0,52,52,0,52,0.1,0.1015625,0.1015625,0.6282115798434,6.282115798434e-07,mle,0.04469791143349719,0.8300811945127111,ok,True,True,extraction,
xom,4901,2019-06-28,4389,4900,512,-1.3161813306640815,linear,52,0,52,52,0,52,0.1,0.1015625,0.1015625,0.6282115798434,6.282115798434e-07,mle,0.04469791143349719,0.8300811945127111,ok,True,True,extraction,
xom,4902,2019-07-01,4390,4901,512,-1.3161813306640815,linear,52,0,52,52,0,52,0.1,0.1015625,0.1015625,0.6286959592796149,6.286959592796149e-07,mle,0.04469791143349719,0.8300811945127111,ok,True,True,extraction,
xom,4903,2019-07-02,4391,4902,512,-1.3161813306640815,linear,52,0,52,52,0,52,0.1,0.1015625,0.1015625,0.6282115798434,6.282115798434e-07,mle,0.04469791143349719,0.8300811945127111,ok,True,True,extraction,
xom,4904,2019-07-03,4392,4903,512,-1.3161813306640815,linear,52,0,52,52,0,52,0.1,0.1015625,0.1015625,0.6282115798434,6.282115798434e-07,mle,0.04469791143349719,0.8300811945127111,ok,True,True,extraction,
xom,4905,2019-07-05,4393,4904,512,-1.3161813306640815,linear,52,0,52,52,0,52,0.1,0.1015625,0.1015625,0.6286959592796149,6.286959592796149e-07,mle,0.04469791143349719,0.8300811945127111,ok,True,True,extraction,
xom,4906,2019-07-08,4394,4905,512,-1.3161813306640815,linear,52,0,52,52,0,52,0.1,0.1015625,0.1015625,0.6282115798434,6.282115798434e-07,mle,0.04469791143349719,0.8300811945127111,ok,True,True,extraction,
xom,4907,2019-07-09,4395,4906,512,-1.3161813306640815,linear,52,0,52,52,0,52,0.1,0.1015625,0.1015625,0.6194579874244839,6.194579874244838e-07,mle,0.04469791143349719,0.8300811945127111,ok,True,True,extraction,
xom,4908,2019-07-10,4396,4907,512,-1.3161813306640815,linear,52,0,52,52,0,52,0.1,0.1015625,0.1015625,0.6282115798434,6.282115798434e-07,mle,0.04469791143349719,0.8300811945127111,ok,True,True,extraction,
xom,4909,2019-07-11,4397,4908,512,-1.3161813306640815,linear,52,0,52,52,0,52,0.1,0.1015625,0.1015625,0.6239767642801336,6.239767642801336e-07,mle,0.04469791143349719,0.8300811945127111,ok,True,True,extraction,
xom,4910,2019-07-12,4398,4909,512,-1.3161813306640815,linear,52,0,52,52,0,52,0.1,0.1015625,0.1015625,0.6152125030479598,6.152125030479598e-07,mle,0.04469791143349719,0.8300811945127111,ok,True,True,extraction,
xom,4911,2019-07-15,4399,4910,512,-1.3161813306640815,linear,52,0,52,52,0,52,0.1,0.1015625,0.1015625,0.6152125030479598,6.152125030479598e-07,mle,0.04469791143349719,0.8300811945127111,ok,True,True,extraction,
xom,4912,2019-07-16,4400,4911,512,-1.3161813306640815,linear,52,0,52,52,0,52,0.1,0.1015625,0.1015625,0.6152125030479598,6.152125030479598e-07,mle,0.04469791143349719,0.8300811945127111,ok,True,True,extraction,
xom,4913,2019-07-17,4401,4912,512,-1.3770394710934244,linear,52,0,52,52,0,52,0.1,0.1015625,0.1015625,0.6191607878506499,6.191607878506499e-07,mle,0.1199497990659013,0.7151024201063652,ok,True,True,extraction,
xom,4914,2019-07-18,4402,4913,512,-1.3770394710934244,linear,52,0,52,52,0,52,0.1,0.1015625,0.1015625,0.6287052038287778,6.287052038287778e-07,mle,0.1199497990659013,0.7151024201063652,ok,True,True,extraction,
xom,4915,2019-07-19,4403,4914,512,-1.3161813306640815,linear,52,0,52,52,0,52,0.1,0.1015625,0.1015625,0.6287052038287778,6.287052038287778e-07,mle,0.04596267655687955,0.8284487172448286,ok,True,True,extraction,
xom,4916,2019-07-22,4404,4915,512,-1.3161813306640815,linear,52,0,52,52,0,52,0.1,0.1015625,0.1015625,0.6152125030479598,6.152125030479598e-07,mle,0.04596267655687955,0.8284487172448286,ok,True,True,extraction,
xom,4917,2019-07-23,4405,4916,512,-1.3161813306640815,linear,52,0,52,52,0,52,0.1,0.1015625,0.1015625,0.6152125030479598,6.152125030479598e-07,mle,0.04596267655687955,0.8284487172448286,ok,True,True,extraction,
xom,4918,2019-07-24,4406,4917,512,-1.3161813306640815,linear,52,0,52,52,0,52,0.1,0.1015625,0.1015625,0.6125565205827931,6.125565205827931e-07,mle,0.04596267655687955,0.8284487172448286,ok,True,True,extraction,
xom,4919,2019-07-25,4407,4918,512,-1.3161813306640815,linear,52,0,52,52,0,52,0.1,0.1015625,0.1015625,0.6152125030479598,6.152125030479598e-07,mle,0.04596267655687955,0.8284487172448286,ok,True,True,extraction,
xom,4920,2019-07-26,4408,4919,512,-1.3161813306640815,linear,52,0,52,52,0,52,0.1,0.1015625,0.1015625,0.6239767642801336,6.239767642801336e-07,mle,0.04596267655687955,0.8284487172448286,ok,True,True,extraction,
xom,4921,2019-07-29,4409,4920,512,-1.3161813306640815,linear,52,0,52,52,0,52,0.1,0.1015625,0.1015625,0.6239767642801336,6.239767642801336e-07,mle,0.04596267655687955,0.8284487172448286,ok,True,True,extraction,
xom,4922,2019-07-30,4410,4921,512,-1.3161813306640815,linear,52,0,52,52,0,52,0.1,0.1015625,0.1015625,0.6287052038287778,6.287052038287778e-07,mle,0.04596267655687955,0.8284487172448286,ok,True,True,extraction,
xom,4923,2019-07-31,4411,4922,512,-1.3161813306640815,linear,52,0,52,52,0,52,0.1,0.1015625,0.1015625,0.6287052038287778,6.287052038287778e-07,mle,0.04596267655687955,0.8284487172448286,ok,True,True,extraction,
xom,4924,2019-08-01,4412,4923,512,-1.3221439169266724,linear,52,0,52,52,0,52,0.1,0.1015625,0.1015625,0.6313094697457122,6.313094697457122e-07,mle,0.05302469303243634,0.8167768971106428,ok,True,True,extraction,
xom,4925,2019-08-02,4413,4924,512,-1.377498194683678,linear,52,0,52,52,0,52,0.1,0.1015625,0.1015625,0.6310358759544432,6.310358759544432e-07,mle,0.08808937124090821,0.7585699074269241,ok,True,True,extraction,
xom,4926,2019-08-05,4414,4925,512,-1.377498194683678,linear,52,0,52,52,0,52,0.1,0.1015625,0.1015625,0.6337721387253372,6.337721387253372e-07,mle,0.08808937124090821,0.7585699074269241,ok,True,True,extraction,
xom,4927,2019-08-06,4415,4926,512,-1.4050569482755295,linear,52,0,52,52,0,52,0.1,0.1015625,0.1015625,0.6337721387253372,6.337721387253372e-07,mle,0.09840204474312551,0.7371443326470619,ok,True,True,extraction,
xom,4928,2019-08-07,4416,4927,512,-1.4050569482755295,linear,52,0,52,52,0,52,0.1,0.1015625,0.1015625,0.6355894348973752,6.355894348973752e-07,mle,0.09840204474312551,0.7371443326470619,ok,True,True,extraction,
xom,4929,2019-08-08,4417,4928,512,-1.4050569482755295,linear,52,0,52,52,0,52,0.1,0.1015625,0.1015625,0.6371467248920664,6.371467248920663e-07,mle,0.09840204474312551,0.7371443326470619,ok,True,True,extraction,
xom,4930,2019-08-09,4418,4929,512,-1.4050569482755295,linear,52,0,52,52,0,52,0.1,0.1015625,0.1015625,0.6382850741776346,6.382850741776345e-07,mle,0.09840204474312551,0.7371443326470619,ok,True,True,extraction,
xom,4931,2019-08-12,4419,4930,512,-1.4249834261810175,linear,52,0,52,52,0,52,0.1,0.1015625,0.1015625,0.6423942470637412,6.423942470637411e-07,mle,0.09556878600264647,0.7342594732517453,ok,True,True,extraction,
xom,4932,2019-08-13,4420,4931,512,-1.4050569482755295,linear,52,0,52,52,0,52,0.1,0.1015625,0.1015625,0.6395664157403516,6.395664157403515e-07,mle,0.07362828195748593,0.7680412643441383,ok,True,True,extraction,
xom,4933,2019-08-14,4421,4932,512,-1.4050569482755295,linear,52,0,52,52,0,52,0.1,0.1015625,0.1015625,0.6423942470637412,6.423942470637411e-07,mle,0.07362828195748593,0.7680412643441383,ok,True,True,extraction,
xom,4934,2019-08-15,4422,4933,512,-1.4249834261810175,linear,52,0,52,52,0,52,0.1,0.1015625,0.1015625,0.6487134930495548,6.487134930495548e-07,mle,0.07583292957818734,0.7961797223475089,ok,True,True,extraction,
xom,4935,2019-08-16,4423,4934,512,-1.4249834261810175,linear,52,0,52,52,0,52,0.1,0.1015625,0.1015625,0.6480226879913468,6.480226879913467e-07,mle,0.07583292957818734,0.7961797223475089,ok,True,True,extraction,
xom,4936,2019-08-19,4424,4935,512,-1.4249834261810175,linear,52,0,52,52,0,52,0.1,0.1015625,0.1015625,0.6491096351079898,6.491096351079898e-07,mle,0.07583292957818734,0.7961797223475089,ok,True,True,extraction,
xom,4937,2019-08-20,4425,4936,512,-1.4249834261810175,linear,52,0,52,52,0,52,0.1,0.1015625,0.1015625,0.6480789106795302,6.480789106795301e-07,mle,0.07583292957818734,0.7961797223475089,ok,True,True,extraction,
xom,4938,2019-08-21,4426,4937,512,-1.4249834261810175,linear,52,0,52,52,0,52,0.1,0.1015625,0.1015625,0.6480789106795302,6.480789106795301e-07,mle,0.07583292957818734,0.7961797223475089,ok,True,True,extraction,
xom,4939,2019-08-22,4427,4938,512,-1.4249834261810175,linear,52,0,52,52,0,52,0.1,0.1015625,0.1015625,0.645169305246232,6.45169305246232e-07,mle,0.07583292957818734,0.7961797223475089,ok,True,True,extraction,
xom,4940,2019-08-23,4428,4939,512,-1.4249834261810175,linear,52,0,52,52,0,52,0.1,0.1015625,0.1015625,0.6492784781323385,6.492784781323385e-07,mle,0.07583292957818734,0.7961797223475089,ok,True,True,extraction,
xom,4941,2019-08-26,4429,4940,512,-1.44319798173857,linear,52,0,52,52,0,52,0.1,0.1015625,0.1015625,0.6519692967482764,6.519692967482764e-07,mle,0.05699735104700923,0.8241939335062614,ok,True,True,extraction,
xom,4942,2019-08-27,4430,4941,512,-1.44319798173857,linear,52,0,52,52,0,52,0.1,0.1015625,0.1015625,0.645169305246232,6.45169305246232e-07,mle,0.05699735104700923,0.8241939335062614,ok,True,True,extraction,
xom,4943,2019-08-28,4431,4942,512,-1.44319798173857,linear,52,0,52,52,0,52,0.1,0.1015625,0.1015625,0.6483654313373735,6.483654313373734e-07,mle,0.05699735104700923,0.8241939335062614,ok,True,True,extraction,
xom,4944,2019-08-29,4432,4943,512,-1.44319798173857,linear,52,0,52,52,0,52,0.1,0.1015625,0.1015625,0.6505144126945182,6.505144126945181e-07,mle,0.05699735104700923,0.8241939335062614,ok,True,True,extraction,
xom,4945,2019-08-30,4433,4944,512,-1.44319798173857,linear,52,0,52,52,0,52,0.1,0.1015625,0.1015625,0.6524044286730077,6.524044286730077e-07,mle,0.05699735104700923,0.8241939335062614,ok,True,True,extraction,
xom,4946,2019-09-03,4434,4945,512,-1.4249834261810175,linear,52,0,52,52,0,52,0.1,0.1015625,0.1015625,0.6554610753465384,6.554610753465384e-07,mle,0.03930614679854384,0.8543240132695219,ok,True,True,extraction,
xom,4947,2019-09-04,4435,4946,512,-1.4249834261810175,linear,52,0,52,52,0,52,0.1,0.1015625,0.1015625,0.6554610753465384,6.554610753465384e-07,mle,0.03930614679854384,0.8543240132695219,ok,True,True,extraction,
xom,4948,2019-09-05,4436,4947,512,-1.4249834261810175,linear,52,0,52,52,0,52,0.1,0.1015625,0.1015625,0.6503832488400936,6.503832488400936e-07,mle,0.03930614679854384,0.8543240132695219,ok,True,True,extraction,
xom,4949,2019-09-06,4437,4948,512,-1.4249834261810175,linear,52,0,52,52,0,52,0.1,0.1015625,0.1015625,0.6516889361861369,6.516889361861368e-07,mle,0.03930614679854384,0.8543240132695219,ok,True,True,extraction,
xom,4950,2019-09-09,4438,4949,512,-1.4249834261810175,linear,52,0,52,52,0,52,0.1,0.1015625,0.1015625,0.6506404190824048,6.506404190824047e-07,mle,0.03930614679854384,0.8543240132695219,ok,True,True,extraction,
xom,4951,2019-09-10,4439,4950,512,-1.4249834261810175,linear,52,0,52,52,0,52,0.1,0.1015625,0.1015625,0.6521226461691161,6.52122646169116e-07,mle,0.03930614679854384,0.8543240132695219,ok,True,True,extraction,
xom,4952,2019-09-11,4440,4951,512,-1.4249834261810175,linear,52,0,52,52,0,52,0.1,0.1015625,0.1015625,0.6566367204616911,6.566367204616911e-07,mle,0.03930614679854384,0.8543240132695219,ok,True,True,extraction,
xom,4953,2019-09-12,4441,4952,512,-1.4249834261810175,linear,52,0,52,52,0,52,0.1,0.1015625,0.1015625,0.6566367204616911,6.566367204616911e-07,mle,0.03930614679854384,0.8543240132695219,ok,True,True,extraction,
xom,4954,2019-09-13,4442,4953,512,-1.4249834261810175,linear,52,0,52,52,0,52,0.1,0.1015625,0.1015625,0.6566367204616911,6.566367204616911e-07,mle,0.03930614679854384,0.8543240132695219,ok,True,True,extraction,
xom,4955,2019-09-16,4443,4954,512,-1.4249834261810175,linear,52,0,52,52,0,52,0.1,0.1015625,0.1015625,0.6602348483704479,6.602348483704479e-07,mle,0.03930614679854384,0.8543240132695219,ok,True,True,extraction,
xom,4956,2019-09-17,4444,4955,512,-1.4249834261810175,linear,52,0,52,52,0,52,0.1,0.1015625,0.1015625,0.6690262090080328,6.690262090080328e-07,mle,0.03930614679854384,0.8543240132695219,ok,True,True,extraction,
xom,4957,2019-09-18,4445,4956,512,-1.4249834261810175,linear,52,0,52,52,0,52,0.1,0.1015625,0.1015625,0.6692886889776828,6.692886889776827e-07,mle,0.03930614679854384,0.8543240132695219,ok,True,True,extraction,
xom,4958,2019-09-19,4446,4957,512,-1.4249834261810175,linear,52,0,52,52,0,52,0.1,0.1015625,0.1015625,0.667111976212487,6.67111976212487e-07,mle,0.03930614679854384,0.8543240132695219,ok,True,True,extraction,
xom,4959,2019-09-20,4447,4958,512,-1.4249834261810175,linear,52,0,52,52,0,52,0.1,0.1015625,0.1015625,0.6649711587496983,6.649711587496982e-07,mle,0.03930614679854384,0.8543240132695219,ok,True,True,extraction,
xom,4960,2019-09-23,4448,4959,512,-1.4249834261810175,linear,52,0,52,52,0,52,0.1,0.1015625,0.1015625,0.6635799135719738,6.635799135719738e-07,mle,0.03930614679854384,0.8543240132695219,ok,True,True,extraction,
xom,4961,2019-09-24,4449,4960,512,-1.4249834261810175,linear,52,0,52,52,0,52,0.1,0.1015625,0.1015625,0.6635799135719738,6.635799135719738e-07,mle,0.03930614679854384,0.8543240132695219,ok,True,True,extraction,
xom,4962,2019-09-25,4450,4961,512,-1.4249834261810175,linear,52,0,52,52,0,52,0.1,0.1015625,0.1015625,0.663201040981975,6.63201040981975e-07,mle,0.03930614679854384,0.8543240132695219,ok,True,True,extraction,
xom,4963,2019-09-26,4451,4962,512,-1.4249834261810175,linear,52,0,52,52,0,52,0.1,0.1015625,0.1015625,0.663201040981975,6.63201040981975e-07,mle,0.03930614679854384,0.8543240132695219,ok,True,True,extraction,
xom,4964,2019-09-27,4452,4963,512,-1.4249834261810175,linear,52,0,52,52,0,52,0.1,0.1015625,0.1015625,0.6630574266314279,6.630574266314278e-07,mle,0.03930614679854384,0.8543240132695219,ok,True,True,extraction,
xom,4965,2019-09-30,4453,4964,512,-1.4249834261810175,linear,52,0,52,52,0,52,0.1,0.1015625,0.1015625,0.6630574266314279,6.630574266314278e-07,mle,0.03930614679854384,0.8543240132695219,ok,True,True,extraction,
xom,4966,2019-10-01,4454,4965,512,-1.4249834261810175,linear,52,0,52,52,0,52,0.1,0.1015625,0.1015625,0.6634335594244687,6.634335594244687e-07,mle,0.03930614679854384,0.8543240132695219,ok,True,True,extraction,
xom,4967,2019-10-02,4455,4966,512,-1.44319798173857,linear,52,0,52,52,0,52,0.1,0.1015625,0.1015625,0.6656849159281322,6.656849159281322e-07,mle,0.02807671616545577,0.8643370521583986,ok,True,True,extraction,
xom,4968,2019-10-03,4456,4967,512,-1.4580546670135242,linear,52,0,52,52,0,52,0.1,0.1015625,0.1015625,0.6701808057384553,6.701808057384553e-07,mle,0.00863852440890459,0.8897994543605644,ok,True,True,extraction,
xom,4969,2019-10-04,4457,4968,512,-1.4580546670135242,linear,52,0,52,52,0,52,0.1,0.1015625,0.1015625,0.6730621113058783,6.730621113058783e-07,mle,0.00863852440890459,0.8897994543605644,ok,True,True,extraction,
xom,4970,2019-10-07,4458,4969,512,-1.4580546670135242,linear,52,0,52,52,0,52,0.1,0.1015625,0.1015625,0.6692914319699649,6.692914319699649e-07,mle,0.00863852440890459,0.8897994543605644,ok,True,True,extraction,
xom,4971,2019-10-08,4459,4970,512,-1.4580546670135242,linear,52,0,52,52,0,52,0.1,0.1015625,0.1015625,0.6712936858973586,6.712936858973586e-07,mle,0.00863852440890459,0.8897994543605644,ok,True,True,extraction,
xom,4972,2019-10-09,4460,4971,512,-1.4988393101409674,linear,52,0,52,52,0,52,0.1,0.1015625,0.1015625,0.6764963163170027,6.764963163170027e-07,mle,0.039334286820240656,0.8323186335937949,ok,True,True,extraction,
xom,4973,2019-10-10,4461,4972,512,-1.4988393101409674,linear,52,0,52,52,0,52,0.1,0.1015625,0.1015625,0.6784944710404879,6.784944710404879e-07,mle,0.039334286820240656,0.8323186335937949,ok,True,True,extraction,
xom,4974,2019-10-11,4462,4973,512,-1.4988393101409674,linear,52,0,52,52,0,52,0.1,0.1015625,0.1015625,0.684000161319201,6.840001613192011e-07,mle,0.039334286820240656,0.8323186335937949,ok,True,True,extraction,
xom,4975,2019-10-14,4463,4974,512,-1.4988393101409674,linear,52,0,52,52,0,52,0.1,0.1015625,0.1015625,0.684000161319201,6.840001613192011e-07,mle,0.039334286820240656,0.8323186335937949,ok,True,True,extraction,
xom,4976,2019-10-15,4464,4975,512,-1.4988393101409674,linear,52,0,52,52,0,52,0.1,0.1015625,0.1015625,0.6813873405145303,6.813873405145302e-07,mle,0.039334286820240656,0.8323186335937949,ok,True,True,extraction,
xom,4977,2019-10-16,4465,4976,512,-1.4988393101409674,linear,52,0,52,52,0,52,0.1,0.1015625,0.1015625,0.6806194500944445,6.806194500944444e-07,mle,0.039334286820240656,0.8323186335937949,ok,True,True,extraction,
xom,4978,2019-10-17,4466,4977,512,-1.512406403371539,linear,52,0,52,52,0,52,0.1,0.1015625,0.1015625,0.6878243344414823,6.878243344414822e-07,mle,0.04655760198872015,0.8173605693846201,ok,True,True,extraction,
xom,4979,2019-10-18,4467,4978,512,-1.512406403371539,linear,52,0,52,52,0,52,0.1,0.1015625,0.1015625,0.6878243344414823,6.878243344414822e-07,mle,0.04655760198872015,0.8173605693846201,ok,True,True,extraction,
xom,4980,2019-10-21,4468,4979,512,-1.512406403371539,linear,52,0,52,52,0,52,0.1,0.1015625,0.1015625,0.6881427134226108,6.881427134226107e-07,mle,0.04655760198872015,0.8173605693846201,ok,True,True,extraction,
xom,4981,2019-10-22,4469,4980,512,-1.512406403371539,linear,52,0,52,52,0,52,0.1,0.1015625,0.1015625,0.6926432941878675,6.926432941878675e-07,mle,0.04655760198872015,0.8173605693846201,ok,True,True,extraction,
xom,4982,2019-10-23,4470,4981,512,-1.512406403371539,linear,52,0,52,52,0,52,0.1,0.1015625,0.1015625,0.6926432941878675,6.926432941878675e-07,mle,0.04655760198872015,0.8173605693846201,ok,True,True,extraction,
xom,4983,2019-10-24,4471,4982,512,-1.512406403371539,linear,52,0,52,52,0,52,0.1,0.1015625,0.1015625,0.696421811686419,6.96421811686419e-07,mle,0.04655760198872015,0.8173605693846201,ok,True,True,extraction,
xom,4984,2019-10-25,4472,4983,512,-1.512406403371539,linear,52,0,52,52,0,52,0.1,0.1015625,0.1015625,0.7028547064094623,7.028547064094623e-07,mle,0.04655760198872015,0.8173605693846201,ok,True,True,extraction,
xom,4985,2019-10-28,4473,4984,512,-1.512406403371539,linear,52,0,52,52,0,52,0.1,0.1015625,0.1015625,0.6992388735839248,6.992388735839247e-07,mle,0.04655760198872015,0.8173605693846201,ok,True,True,extraction,
xom,4986,2019-10-29,4474,4985,512,-1.512406403371539,linear,52,0,52,52,0,52,0.1,0.1015625,0.1015625,0.7024922279341188,7.024922279341188e-07,mle,0.04655760198872015,0.8173605693846201,ok,True,True,extraction,
xom,4987,2019-10-30,4475,4986,512,-1.512406403371539,linear,52,0,52,52,0,52,0.1,0.1015625,0.1015625,0.7080973155465391,7.080973155465391e-07,mle,0.04655760198872015,0.8173605693846201,ok,True,True,extraction,
xom,4988,2019-10-31,4476,4987,512,-1.512406403371539,linear,52,0,52,52,0,52,0.1,0.1015625,0.1015625,0.7069981581862963,7.069981581862963e-07,mle,0.04655760198872015,0.8173605693846201,ok,True,True,extraction,
xom,4989,2019-11-01,4477,4988,512,-1.512406403371539,linear,52,0,52,52,0,52,0.1,0.1015625,0.1015625,0.7069981581862963,7.069981581862963e-07,mle,0.04655760198872015,0.8173605693846201,ok,True,True,extraction,
xom,4990,2019-11-04,4478,4989,512,-1.512406403371539,linear,52,0,52,52,0,52,0.1,0.1015625,0.1015625,0.7115938554250247,7.115938554250247e-07,mle,0.04655760198872015,0.8173605693846201,ok,True,True,extraction,
xom,4991,2019-11-05,4479,4990,512,-1.512406403371539,linear,52,0,52,52,0,52,0.1,0.1015625,0.1015625,0.7122377812074423,7.122377812074423e-07,mle,0.04655760198872015,0.8173605693846201,ok,True,True,extraction,
xom,4992,2019-11-06,4480,4991,512,-1.512406403371539,linear,52,0,52,52,0,52,0.1,0.1015625,0.1015625,0.7131045748380023,7.131045748380023e-07,mle,0.04655760198872015,0.8173605693846201,ok,True,True,extraction,
xom,4993,2019-11-07,4481,4992,512,-1.5179888990189536,linear,52,0,52,52,0,52,0.1,0.1015625,0.1015625,0.719229469696279,7.19229469696279e-07,mle,0.025561185392099152,0.8428985872560977,ok,True,True,extraction,
xom,4994,2019-11-08,4482,4993,512,-1.5179888990189536,linear,52,0,52,52,0,52,0.1,0.1015625,0.1015625,0.7251130239685959,7.251130239685959e-07,mle,0.025561185392099152,0.8428985872560977,ok,True,True,extraction,
xom,4995,2019-11-11,4483,4994,512,-1.5237593521960595,linear,52,0,52,52,0,52,0.1,0.1015625,0.1015625,0.725329710698644,7.253297106986441e-07,mle,0.01580706555971001,0.8531925567594465,ok,True,True,extraction,
xom,4996,2019-11-12,4484,4995,512,-1.5237593521960595,linear,52,0,52,52,0,52,0.1,0.1015625,0.1015625,0.7287180324569718,7.287180324569717e-07,mle,0.01580706555971001,0.8531925567594465,ok,True,True,extraction,
xom,4997,2019-11-13,4485,4996,512,-1.5237593521960595,linear,52,0,52,52,0,52,0.1,0.1015625,0.1015625,0.731994690603246,7.319946906032459e-07,mle,0.01580706555971001,0.8531925567594465,ok,True,True,extraction,
xom,4998,2019-11-14,4486,4997,512,-1.5237593521960595,linear,52,0,52,52,0,52,0.1,0.1015625,0.1015625,0.732551028527554,7.32551028527554e-07,mle,0.01580706555971001,0.8531925567594465,ok,True,True,extraction,
xom,4999,2019-11-15,4487,4998,512,-1.5237593521960595,linear,52,0,52,52,0,52,0.1,0.1015625,0.1015625,0.738712654906873,7.387126549068729e-07,mle,0.01580706555971001,0.8531925567594465,ok,True,True,extraction,
xom,5000,2019-11-18,4488,4999,512,-1.5237593521960595,linear,52,0,52,52,0,52,0.1,0.1015625,0.1015625,0.7369573884244484,7.369573884244483e-07,mle,0.01580706555971001,0.8531925567594465,ok,True,True,extraction,
xom,5001,2019-11-19,4489,5000,512,-1.5237593521960595,linear,52,0,52,52,0,52,0.1,0.1015625,0.1015625,0.7423079085685372,7.423079085685372e-07,mle,0.01580706555971001,0.8531925567594465,ok,True,True,extraction,
xom,5002,2019-11-20,4490,5001,512,-1.5237593521960595,linear,52,0,52,52,0,52,0.1,0.1015625,0.1015625,0.745033387253403,7.450333872534029e-07,mle,0.01580706555971001,0.8531925567594465,ok,True,True,extraction,
xom,5003,2019-11-21,4491,5002,512,-1.5237593521960595,linear,52,0,52,52,0,52,0.1,0.1015625,0.1015625,0.7486117214148226,7.486117214148225e-07,mle,0.01580706555971001,0.8531925567594465,ok,True,True,extraction,
xom,5004,2019-11-22,4492,5003,512,-1.5237593521960595,linear,52,0,52,52,0,52,0.1,0.1015625,0.1015625,0.7531329884551363,7.531329884551363e-07,mle,0.01580706555971001,0.8531925567594465,ok,True,True,extraction,
xom,5005,2019-11-25,4493,5004,512,-1.5237593521960595,linear,52,0,52,52,0,52,0.1,0.1015625,0.1015625,0.7535248241249003,7.535248241249002e-07,mle,0.01580706555971001,0.8531925567594465,ok,True,True,extraction,
xom,5006,2019-11-26,4494,5005,512,-1.5237593521960595,linear,52,0,52,52,0,52,0.1,0.1015625,0.1015625,0.7535248241249003,7.535248241249002e-07,mle,0.01580706555971001,0.8531925567594465,ok,True,True,extraction,
xom,5007,2019-11-27,4495,5006,512,-1.5237593521960595,linear,52,0,52,52,0,52,0.1,0.1015625,0.1015625,0.7535248241249003,7.535248241249002e-07,mle,0.01580706555971001,0.8531925567594465,ok,True,True,extraction,
xom,5008,2019-11-29,4496,5007,512,-1.5237593521960595,linear,52,0,52,52,0,52,0.1,0.1015625,0.1015625,0.7486117214148226,7.486117214148225e-07,mle,0.01580706555971001,0.8531925567594465,ok,True,True,extraction,
xom,5009,2019-12-02,4497,5008,512,-1.5237593521960595,linear,52,0,52,52,0,52,0.1,0.1015625,0.1015625,0.7486117214148226,7.486117214148225e-07,mle,0.01580706555971001,0.8531925567594465,ok,True,True,extraction,
xom,5010,2019-12-03,4498,5009,512,-1.5237593521960595,linear,52,0,52,52,0,52,0.1,0.1015625,0.1015625,0.7450844558813166,7.450844558813165e-07,mle,0.01580706555971001,0.8531925567594465,ok,True,True,extraction,
xom,5011,2019-12-04,4499,5010,512,-1.5237593521960595,linear,52,0,52,52,0,52,0.1,0.1015625,0.1015625,0.74925966268647,7.4925966268647e-07,mle,0.01580706555971001,0.8531925567594465,ok,True,True,extraction,
xom,5012,2019-12-05,4500,5011,512,-1.5237593521960595,linear,52,0,52,52,0,52,0.1,0.1015625,0.1015625,0.7531329884551363,7.531329884551363e-07,mle,0.01580706555971001,0.8531925567594465,ok,True,True,extraction,
xom,5013,2019-12-06,4501,5012,512,-1.5237593521960595,linear,52,0,52,52,0,52,0.1,0.1015625,0.1015625,0.7535248241249003,7.535248241249002e-07,mle,0.01580706555971001,0.8531925567594465,ok,True,True,extraction,
xom,5014,2019-12-09,4502,5013,512,-1.5237593521960595,linear,52,0,52,52,0,52,0.1,0.1015625,0.1015625,0.7553480787354832,7.553480787354832e-07,mle,0.01580706555971001,0.8531925567594465,ok,True,True,extraction,
xom,5015,2019-12-10,4503,5014,512,-1.5237593521960595,linear,52,0,52,52,0,52,0.1,0.1015625,0.1015625,0.7553480787354832,7.553480787354832e-07,mle,0.01580706555971001,0.8531925567594465,ok,True,True,extraction,
xom,5016,2019-12-11,4504,5015,512,-1.5237593521960595,linear,52,0,52,52,0,52,0.1,0.1015625,0.1015625,0.7575901184032456,7.575901184032456e-07,mle,0.01580706555971001,0.8531925567594465,ok,True,True,extraction,
xom,5017,2019-12-12,4505,5016,512,-1.5237593521960595,linear,52,0,52,52,0,52,0.1,0.1015625,0.1015625,0.7625255305330183,7.625255305330182e-07,mle,0.01580706555971001,0.8531925567594465,ok,True,True,extraction,
xom,5018,2019-12-13,4506,5017,512,-1.5237593521960595,linear,52,0,52,52,0,52,0.1,0.1015625,0.1015625,0.7691754036144639,7.691754036144639e-07,mle,0.01580706555971001,0.8531925567594465,ok,True,True,extraction,
xom,5019,2019-12-16,4507,5018,512,-1.5430664910018221,linear,52,0,52,52,0,52,0.1,0.1015625,0.1015625,0.768074410001647,7.68074410001647e-07,mle,0.03656576685761903,0.8178420558851928,ok,True,True,extraction,
xom,5020,2019-12-17,4508,5019,512,-1.5430664910018221,linear,52,0,52,52,0,52,0.1,0.1015625,0.1015625,0.7720373023965861,7.72037302396586e-07,mle,0.03656576685761903,0.8178420558851928,ok,True,True,extraction,
xom,5021,2019-12-18,4509,5020,512,-1.5430664910018221,linear,52,0,52,52,0,52,0.1,0.1015625,0.1015625,0.7710545025081241,7.710545025081241e-07,mle,0.03656576685761903,0.8178420558851928,ok,True,True,extraction,
xom,5022,2019-12-19,4510,5021,512,-1.5430664910018221,linear,52,0,52,52,0,52,0.1,0.1015625,0.1015625,0.768074410001647,7.68074410001647e-07,mle,0.03656576685761903,0.8178420558851928,ok,True,True,extraction,
xom,5023,2019-12-20,4511,5022,512,-1.5430664910018221,linear,52,0,52,52,0,52,0.1,0.1015625,0.1015625,0.7661315543937994,7.661315543937993e-07,mle,0.03656576685761903,0.8178420558851928,ok,True,True,extraction,
xom,5024,2019-12-23,4512,5023,512,-1.5430664910018221,linear,52,0,52,52,0,52,0.1,0.1015625,0.1015625,0.7676903626156963,7.676903626156963e-07,mle,0.03656576685761903,0.8178420558851928,ok,True,True,extraction,
xom,5025,2019-12-24,4513,5024,512,-1.5430664910018221,linear,52,0,52,52,0,52,0.1,0.1015625,0.1015625,0.7676903626156963,7.676903626156963e-07,mle,0.03656576685761903,0.8178420558851928,ok,True,True,extraction,
xom,5026,2019-12-26,4514,5025,512,-1.5430664910018221,linear,52,0,52,52,0,52,0.1,0.1015625,0.1015625,0.7676903626156963,7.676903626156963e-07,mle,0.03656576685761903,0.8178420558851928,ok,True,True,extraction,
xom,5027,2019-12-27,4515,5026,512,-1.5430664910018221,linear,52,0,52,52,0,52,0.1,0.1015625,0.1015625,0.7676903626156963,7.676903626156963e-07,mle,0.03656576685761903,0.8178420558851928,ok,True,True,extraction,
xom,5028,2019-12-30,4516,5027,512,-1.5430664910018221,linear,52,0,52,52,0,52,0.1,0.1015625,0.1015625,0.7676903626156963,7.676903626156963e-07,mle,0.03656576685761903,0.8178420558851928,ok,True,True,extraction,
xom,5029,2019-12-31,4517,5028,512,-1.5430664910018221,linear,52,0,52,52,0,52,0.1,0.1015625,0.1015625,0.7676903626156963,7.676903626156963e-07,mle,0.03656576685761903,0.8178420558851928,ok,True,True,extraction,
xom,5030,2020-01-02,4518,5029,512,-1.5430664910018221,linear,52,0,52,52,0,52,0.1,0.1015625,0.1015625,0.7676903626156963,7.676903626156963e-07,mle,0.03656576685761903,0.8178420558851928,ok,True,True,extraction,
xom,5031,2020-01-03,4519,5030,512,-1.5430664910018221,linear,52,0,52,52,0,52,0.1,0.1015625,0.1015625,0.7720373023965861,7.72037302396586e-07,mle,0.03656576685761903,0.8178420558851928,ok,True,True,extraction,
xom,5032,2020-01-06,4520,5031,512,-1.5430664910018221,linear,52,0,52,52,0,52,0.1,0.1015625,0.1015625,0.7731382960094029,7.731382960094029e-07,mle,0.03656576685761903,0.8178420558851928,ok,True,True,extraction,
xom,5033,2020-01-07,4521,5032,512,-1.5430664910018221,linear,52,0,52,52,0,52,0.1,0.1015625,0.1015625,0.7731382960094029,7.731382960094029e-07,mle,0.03656576685761903,0.8178420558851928,ok,True,True,extraction,
xom,5034,2020-01-08,4522,5033,512,-1.5430664910018221,linear,52,0,52,52,0,52,0.1,0.1015625,0.1015625,0.7731382960094029,7.731382960094029e-07,mle,0.03656576685761903,0.8178420558851928,ok,True,True,extraction,
xom,5035,2020-01-09,4523,5034,512,-1.5430664910018221,linear,52,0,52,52,0,52,0.1,0.1015625,0.1015625,0.7810427806445013,7.810427806445012e-07,mle,0.03656576685761903,0.8178420558851928,ok,True,True,extraction,
xom,5036,2020-01-10,4524,5035,512,-1.5430664910018221,linear,52,0,52,52,0,52,0.1,0.1015625,0.1015625,0.7790404277816771,7.790404277816771e-07,mle,0.03656576685761903,0.8178420558851928,ok,True,True,extraction,
xom,5037,2020-01-13,4525,5036,512,-1.5430664910018221,linear,52,0,52,52,0,52,0.1,0.1015625,0.1015625,0.7852179874496548,7.852179874496547e-07,mle,0.03656576685761903,0.8178420558851928,ok,True,True,extraction,
xom,5038,2020-01-14,4526,5037,512,-1.5430664910018221,linear,52,0,52,52,0,52,0.1,0.1015625,0.1015625,0.790400515290102,7.90400515290102e-07,mle,0.03656576685761903,0.8178420558851928,ok,True,True,extraction,
xom,5039,2020-01-15,4527,5038,512,-1.5430664910018221,linear,52,0,52,52,0,52,0.1,0.1015625,0.1015625,0.7960204788421835,7.960204788421835e-07,mle,0.03656576685761903,0.8178420558851928,ok,True,True,extraction,
xom,5040,2020-01-16,4528,5039,512,-1.5430664910018221,linear,52,0,52,52,0,52,0.1,0.1015625,0.1015625,0.7883981624272778,7.883981624272778e-07,mle,0.03656576685761903,0.8178420558851928,ok,True,True,extraction,
xom,5041,2020-01-17,4529,5040,512,-1.5430664910018221,linear,52,0,52,52,0,52,0.1,0.1015625,0.1015625,0.7815716793370343,7.815716793370342e-07,mle,0.03656576685761903,0.8178420558851928,ok,True,True,extraction,
xom,5042,2020-01-21,4530,5041,512,-1.5430664910018221,linear,52,0,52,52,0,52,0.1,0.1015625,0.1015625,0.7808677437790227,7.808677437790227e-07,mle,0.03656576685761903,0.8178420558851928,ok,True,True,extraction,
xom,5043,2020-01-22,4531,5042,512,-1.5430664910018221,linear,52,0,52,52,0,52,0.1,0.1015625,0.1015625,0.7829998924654868,7.829998924654868e-07,mle,0.03656576685761903,0.8178420558851928,ok,True,True,extraction,
xom,5044,2020-01-23,4532,5043,512,-1.5430664910018221,linear,52,0,52,52,0,52,0.1,0.1015625,0.1015625,0.7804053345194073,7.804053345194072e-07,mle,0.03656576685761903,0.8178420558851928,ok,True,True,extraction,
xom,5045,2020-01-24,4533,5044,512,-1.5430664910018221,linear,52,0,52,52,0,52,0.1,0.1015625,0.1015625,0.7804053345194073,7.804053345194072e-07,mle,0.03656576685761903,0.8178420558851928,ok,True,True,extraction,
xom,5046,2020-01-27,4534,5045,512,-1.5430664910018221,linear,52,0,52,52,0,52,0.1,0.1015625,0.1015625,0.7798367555816468,7.798367555816468e-07,mle,0.03656576685761903,0.8178420558851928,ok,True,True,extraction,
xom,5047,2020-01-28,4535,5046,512,-1.547068165532283,linear,52,0,52,52,0,52,0.1,0.1015625,0.1015625,0.7802051320346641,7.802051320346641e-07,mle,0.011242282118270677,0.85182083027591,ok,True,True,extraction,
xom,5048,2020-01-29,4536,5047,512,-1.547068165532283,linear,52,0,52,52,0,52,0.1,0.1015625,0.1015625,0.7802051320346641,7.802051320346641e-07,mle,0.011242282118270677,0.85182083027591,ok,True,True,extraction,
xom,5049,2020-01-30,4537,5048,512,-1.547068165532283,linear,52,0,52,52,0,52,0.1,0.1015625,0.1015625,0.7844442266595111,7.844442266595111e-07,mle,0.011242282118270677,0.85182083027591,ok,True,True,extraction,
xom,5050,2020-01-31,4538,5049,512,-1.547068165532283,linear,52,0,52,52,0,52,0.1,0.1015625,0.1015625,0.7844442266595111,7.844442266595111e-07,mle,0.011242282118270677,0.85182083027591,ok,True,True,extraction,
xom,5051,2020-02-03,4539,5050,512,-1.5862829723682206,linear,52,0,52,52,0,52,0.1,0.1015625,0.1015625,0.7877208848057853,7.877208848057852e-07,mle,0.030249579268106876,0.8470822122169187,ok,True,True,extraction,
xom,5052,2020-02-04,4540,5051,512,-1.6013507623093106,linear,52,0,52,52,0,52,0.1,0.1015625,0.1015625,0.7909054253277936,7.909054253277936e-07,mle,0.02240861011911368,0.8518566197949732,ok,True,True,extraction,
xom,5053,2020-02-05,4541,5052,512,-1.6013507623093106,linear,52,0,52,52,0,52,0.1,0.1015625,0.1015625,0.7909054253277936,7.909054253277936e-07,mle,0.02240861011911368,0.8518566197949732,ok,True,True,extraction,
xom,5054,2020-02-06,4542,5053,512,-1.6013507623093106,linear,52,0,52,52,0,52,0.1,0.1015625,0.1015625,0.7967889796001105,7.967889796001105e-07,mle,0.02240861011911368,0.8518566197949732,ok,True,True,extraction,
xom,5055,2020-02-07,4543,5054,512,-1.6013507623093106,linear,52,0,52,52,0,52,0.1,0.1015625,0.1015625,0.8026831079612519,8.026831079612518e-07,mle,0.02240861011911368,0.8518566197949732,ok,True,True,extraction,
xom,5056,2020-02-10,4544,5055,512,-1.6013507623093106,linear,52,0,52,52,0,52,0.1,0.1015625,0.1015625,0.8026831079612519,8.026831079612518e-07,mle,0.02240861011911368,0.8518566197949732,ok,True,True,extraction,
xom,5057,2020-02-11,4545,5056,512,-1.6013507623093106,linear,52,0,52,52,0,52,0.1,0.1015625,0.1015625,0.7994362237044139,7.994362237044139e-07,mle,0.02240861011911368,0.8518566197949732,ok,True,True,extraction,
xom,5058,2020-02-12,4546,5057,512,-1.6013507623093106,linear,52,0,52,52,0,52,0.1,0.1015625,0.1015625,0.803899033737041,8.038990337370409e-07,mle,0.02240861011911368,0.8518566197949732,ok,True,True,extraction,
xom,5059,2020-02-13,4547,5058,512,-1.6013507623093106,linear,52,0,52,52,0,52,0.1,0.1015625,0.1015625,0.8055740687807686,8.055740687807686e-07,mle,0.02240861011911368,0.8518566197949732,ok,True,True,extraction,
xom,5060,2020-02-14,4548,5059,512,-1.6013507623093106,linear,52,0,52,52,0,52,0.1,0.1015625,0.1015625,0.803899033737041,8.038990337370409e-07,mle,0.02240861011911368,0.8518566197949732,ok,True,True,extraction,
xom,5061,2020-02-18,4549,5060,512,-1.6013507623093106,linear,52,0,52,52,0,52,0.1,0.1015625,0.1015625,0.7993243282662637,7.993243282662636e-07,mle,0.02240861011911368,0.8518566197949732,ok,True,True,extraction,
xom,5062,2020-02-19,4550,5061,512,-1.5862829723682206,linear,52,0,52,52,0,52,0.1,0.1015625,0.1015625,0.7993243282662637,7.993243282662636e-07,mle,-0.008750097967429427,0.8235363797078618,ok,True,True,extraction,
xom,5063,2020-02-20,4551,5062,512,-1.547068165532283,linear,52,0,52,52,0,52,0.1,0.1015625,0.1015625,0.7981317062865547,7.981317062865547e-07,mle,-0.21063175922374236,0.9381694814625801,ok,True,True,extraction,
xom,5064,2020-02-21,4552,5063,512,-1.5430664910018221,linear,52,0,52,52,0,52,0.1,0.1015625,0.1015625,0.793605508317548,7.936055083175479e-07,mle,-0.2081522646239987,0.9369379566711651,ok,True,True,extraction,
xom,5065,2020-02-24,4553,5064,512,-1.5238629409055757,linear,52,0,52,52,0,52,0.1,0.1015625,0.1015625,0.793605508317548,7.936055083175479e-07,mle,-0.22132554492016093,0.9641157516468448,ok,True,True,extraction,
xom,5066,2020-02-25,4554,5065,512,-1.5430664910018221,linear,52,0,52,52,0,52,0.1,0.1015625,0.1015625,0.793605508317548,7.936055083175479e-07,mle,-0.1458940652398938,0.9528526849909871,ok,True,True,extraction,
xom,5067,2020-02-26,4555,5066,512,-1.547068165532283,linear,52,0,52,52,0,52,0.1,0.1015625,0.1015625,0.798068318350175,7.980683183501749e-07,mle,-0.1856907731989833,1.0366788294989067,ok,True,True,extraction,
xom,5068,2020-02-27,4556,5067,512,-1.5862829723682206,linear,52,0,52,52,0,52,0.1,0.1015625,0.1015625,0.7984883509370888,7.984883509370888e-07,mle,-0.16274099467831715,0.9855600719112503,ok,True,True,extraction,
xom,5069,2020-02-28,4557,5068,512,-1.6013507623093106,linear,52,0,52,52,0,52,0.1,0.1015625,0.1015625,0.7987960340269044,7.987960340269043e-07,mle,-0.018264649781929154,0.9360425424988815,ok,True,True,extraction,
xom,5070,2020-03-02,4558,5069,512,-1.6013507623093106,linear,52,0,52,52,0,52,0.1,0.1015625,0.1015625,0.7993336969370926,7.993336969370925e-07,mle,-0.018264649781929154,0.9360425424988815,ok,True,True,extraction,
xom,5071,2020-03-03,4559,5070,512,-1.6013507623093106,linear,52,0,52,52,0,52,0.1,0.1015625,0.1015625,0.7998549039066383,7.998549039066382e-07,mle,-0.018264649781929154,0.9360425424988815,ok,True,True,extraction,
xom,5072,2020-03-04,4560,5071,512,-1.6134253328340624,linear,52,0,52,52,0,52,0.1,0.1015625,0.1015625,0.8007205535742891,8.00720553574289e-07,mle,-0.02339216039620859,0.9934843930892868,ok,True,True,extraction,
xom,5073,2020-03-05,4561,5072,512,-1.6134253328340624,linear,52,0,52,52,0,52,0.1,0.1015625,0.1015625,0.8038677002197592,8.038677002197592e-07,mle,-0.02339216039620859,0.9934843930892868,ok,True,True,extraction,
xom,5074,2020-03-06,4562,5073,512,-1.626183216646869,linear,52,0,52,52,0,52,0.1,0.1015625,0.1015625,0.8038677002197592,8.038677002197592e-07,mle,-0.046057778358308696,1.0605300523565133,ok,True,True,extraction,
xom,5075,2020-03-09,4563,5074,512,-1.6760092052560112,linear,52,0,52,52,0,52,0.1,0.1015625,0.1015625,0.8007205535742891,8.00720553574289e-07,mle,-0.01596714444926678,1.0441438473641056,ok,True,True,extraction,
xom,5076,2020-03-10,4564,5075,512,-1.7062057561929131,linear,52,0,52,52,0,52,0.1,0.1015625,0.1015625,0.8085328398417433,8.085328398417432e-07,mle,0.2599817203704281,0.8956877368569685,ok,True,True,extraction,
xom,5077,2020-03-11,4565,5076,512,-1.7062057561929131,linear,52,0,52,52,0,52,0.1,0.1015625,0.1015625,0.8085328398417433,8.085328398417432e-07,mle,0.2599817203704281,0.8956877368569685,ok,True,True,extraction,
xom,5078,2020-03-12,4566,5077,512,-1.7062057561929131,linear,52,0,52,52,0,52,0.1,0.1015625,0.1015625,0.8085328398417433,8.085328398417432e-07,mle,0.22309090768940537,0.9624007202291587,ok,True,True,extraction,
xom,5079,2020-03-13,4567,5078,512,-1.7062057561929131,linear,52,0,52,52,0,52,0.1,0.1015625,0.1015625,0.8085328398417433,8.085328398417432e-07,mle,0.3277225084191777,0.9666982416789396,ok,True,True,extraction,
xom,5080,2020-03-16,4568,5079,512,-1.7062057561929131,linear,52,0,52,52,0,52,0.1,0.1015625,0.1015625,0.801957573506155,8.01957573506155e-07,mle,0.3277225084191777,0.9666982416789396,ok,True,True,extraction,
xom,5081,2020-03-17,4569,5080,512,-1.7270182489708454,linear,52,0,52,52,0,52,0.1,0.1015625,0.1015625,0.8104612178065065,8.104612178065065e-07,mle,0.38132322733726864,0.9933794188415042,ok,True,True,extraction,
xom,5082,2020-03-18,4570,5081,512,-1.7270182489708454,linear,52,0,52,52,0,52,0.1,0.1015625,0.1015625,0.8104612178065065,8.104612178065065e-07,mle,0.38132322733726864,0.9933794188415042,ok,True,True,extraction,
xom,5083,2020-03-19,4571,5082,512,-1.7613397630757093,linear,52,0,52,52,0,52,0.1,0.1015625,0.1015625,0.8120537256893139,8.120537256893138e-07,mle,0.44975673647256087,0.9920224034349399,ok,True,True,extraction,
xom,5084,2020-03-20,4572,5083,512,-1.7270182489708454,linear,52,0,52,52,0,52,0.1,0.1015625,0.1015625,0.8066661111174991,8.066661111174991e-07,mle,0.4409511618499335,1.015663404317206,ok,True,True,extraction,
xom,5085,2020-03-23,4573,5084,512,-1.7613397630757093,linear,52,0,52,52,0,52,0.1,0.1015625,0.1015625,0.8080105029568008,8.080105029568007e-07,mle,0.442557896276124,1.036902337695249,ok,True,True,extraction,
xom,5086,2020-03-24,4574,5085,512,-1.7692235293045782,linear,52,0,52,52,0,52,0.1,0.1015625,0.1015625,0.8184882570803654,8.184882570803654e-07,mle,0.40057750015229965,1.118381132675002,ok,True,True,extraction,
xom,5087,2020-03-25,4575,5086,512,-1.7692235293045782,linear,52,0,52,52,0,52,0.1,0.1015625,0.1015625,0.8184882570803654,8.184882570803654e-07,mle,0.40057750015229965,1.118381132675002,ok,True,True,extraction,
xom,5088,2020-03-26,4576,5087,512,-1.7692235293045782,linear,52,0,52,52,0,52,0.1,0.1015625,0.1015625,0.8130560539589766,8.130560539589765e-07,mle,0.40057750015229965,1.118381132675002,ok,True,True,extraction,
xom,5089,2020-03-27,4577,5088,512,-1.7692235293045782,linear,52,0,52,52,0,52,0.1,0.1015625,0.1015625,0.8125729691858962,8.125729691858962e-07,mle,0.40057750015229965,1.118381132675002,ok,True,True,extraction,
xom,5090,2020-03-30,4578,5089,512,-1.8288471802333313,linear,52,0,52,52,0,52,0.1,0.1015625,0.1015625,0.8130560539589766,8.130560539589765e-07,mle,0.43064991863701596,1.0828554195367455,ok,True,True,extraction,
xom,5091,2020-03-31,4579,5090,512,-1.8288471802333313,linear,52,0,52,52,0,52,0.1,0.1015625,0.1015625,0.8130560539589766,8.130560539589765e-07,mle,0.43064991863701596,1.0828554195367455,ok,True,True,extraction,
xom,5092,2020-04-01,4580,5091,512,-1.8288471802333313,linear,52,0,52,52,0,52,0.1,0.1015625,0.1015625,0.8125729691858962,8.125729691858962e-07,mle,0.43064991863701596,1.0828554195367455,ok,True,True,extraction,
xom,5093,2020-04-02,4581,5092,512,-1.8288471802333313,linear,52,0,52,52,0,52,0.1,0.1015625,0.1015625,0.8141317774077932,8.141317774077931e-07,mle,0.43064991863701596,1.0828554195367455,ok,True,True,extraction,
xom,5094,2020-04-03,4582,5093,512,-1.8288471802333313,linear,52,0,52,52,0,52,0.1,0.1015625,0.1015625,0.8141317774077932,8.141317774077931e-07,mle,0.43064991863701596,1.0828554195367455,ok,True,True,extraction,
xom,5095,2020-04-06,4583,5094,512,-1.8288471802333313,linear,52,0,52,52,0,52,0.1,0.1015625,0.1015625,0.8141317774077932,8.141317774077931e-07,mle,0.39825719199406096,1.1387389941328017,ok,True,True,extraction,
xom,5096,2020-04-07,4584,5095,512,-1.8288471802333313,linear,52,0,52,52,0,52,0.1,0.1015625,0.1015625,0.8192228422673418,8.192228422673417e-07,mle,0.39825719199406096,1.1387389941328017,ok,True,True,extraction,
xom,5097,2020-04-08,4585,5096,512,-1.8288471802333313,linear,52,0,52,52,0,52,0.1,0.1015625,0.1015625,0.8192228422673418,8.192228422673417e-07,mle,0.39825719199406096,1.1387389941328017,ok,True,True,extraction,
xom,5098,2020-04-09,4586,5097,512,-1.8288471802333313,linear,52,0,52,52,0,52,0.1,0.1015625,0.1015625,0.824082233847683,8.240822338476829e-07,mle,0.39825719199406096,1.1387389941328017,ok,True,True,extraction,
xom,5099,2020-04-13,4587,5098,512,-1.8288471802333313,linear,52,0,52,52,0,52,0.1,0.1015625,0.1015625,0.824082233847683,8.240822338476829e-07,mle,0.39825719199406096,1.1387389941328017,ok,True,True,extraction,
xom,5100,2020-04-14,4588,5099,512,-1.8288471802333313,linear,52,0,52,52,0,52,0.1,0.1015625,0.1015625,0.8233980490724953,8.233980490724953e-07,mle,0.39825719199406096,1.1387389941328017,ok,True,True,extraction,
xom,5101,2020-04-15,4589,5100,512,-1.7692235293045782,linear,52,0,52,52,0,52,0.1,0.1015625,0.1015625,0.8192228422673418,8.192228422673417e-07,mle,0.33255988004743064,1.2745703405448032,ok,True,True,extraction,
xom,5102,2020-04-16,4590,5101,512,-1.8288471802333313,linear,52,0,52,52,0,52,0.1,0.1015625,0.1015625,0.8194353173484703,8.194353173484702e-07,mle,0.3475579776964642,1.2520929052780545,ok,True,True,extraction,
xom,5103,2020-04-17,4591,5102,512,-1.9091615044609185,linear,52,0,52,52,0,52,0.1,0.1015625,0.1015625,0.8255894813127391,8.255894813127391e-07,mle,0.40159531881619664,1.140076866887561,ok,True,True,extraction,
xom,5104,2020-04-20,4592,5103,512,-1.9091615044609185,linear,52,0,52,52,0,52,0.1,0.1015625,0.1015625,0.8255894813127391,8.255894813127391e-07,mle,0.40159531881619664,1.140076866887561,ok,True,True,extraction,
xom,5105,2020-04-21,4593,5104,512,-1.9554380983435347,linear,52,0,52,52,0,52,0.1,0.1015625,0.1015625,0.8255894813127391,8.255894813127391e-07,mle,0.41151716306747355,1.1367663491541857,ok,True,True,extraction,
xom,5106,2020-04-22,4594,5105,512,-1.9554380983435347,linear,52,0,52,52,0,52,0.1,0.1015625,0.1015625,0.8255236508448571,8.255236508448571e-07,mle,0.41151716306747355,1.1367663491541857,ok,True,True,extraction,
xom,5107,2020-04-23,4595,5106,512,-1.9554380983435347,linear,52,0,52,52,0,52,0.1,0.1015625,0.1015625,0.8255236508448571,8.255236508448571e-07,mle,0.41151716306747355,1.1367663491541857,ok,True,True,extraction,
xom,5108,2020-04-24,4596,5107,512,-1.9554380983435347,linear,52,0,52,52,0,52,0.1,0.1015625,0.1015625,0.8290186291945112,8.290186291945111e-07,mle,0.41151716306747355,1.1367663491541857,ok,True,True,extraction,
xom,5109,2020-04-27,4597,5108,512,-1.9554380983435347,linear,52,0,52,52,0,52,0.1,0.1015625,0.1015625,0.8297646881178926,8.297646881178926e-07,mle,0.41151716306747355,1.1367663491541857,ok,True,True,extraction,
xom,5110,2020-04-28,4598,5109,512,-1.9554380983435347,linear,52,0,52,52,0,52,0.1,0.1015625,0.1015625,0.8297646881178926,8.297646881178926e-07,mle,0.41151716306747355,1.1367663491541857,ok,True,True,extraction,
xom,5111,2020-04-29,4599,5110,512,-1.9554380983435347,linear,52,0,52,52,0,52,0.1,0.1015625,0.1015625,0.8297646881178926,8.297646881178926e-07,mle,0.41151716306747355,1.1367663491541857,ok,True,True,extraction,
xom,5112,2020-04-30,4600,5111,512,-1.9554380983435347,linear,52,0,52,52,0,52,0.1,0.1015625,0.1015625,0.8375085301959919,8.375085301959918e-07,mle,0.41151716306747355,1.1367663491541857,ok,True,True,extraction,
xom,5113,2020-05-01,4601,5112,512,-1.9617957650702391,linear,52,0,52,52,0,52,0.1,0.1015625,0.1015625,0.8347899225095592,8.347899225095591e-07,mle,0.4102418012064495,1.1358287437147199,ok,True,True,extraction,
xom,5114,2020-05-04,4602,5113,512,-1.9624934410388712,linear,52,0,52,52,0,52,0.1,0.1015625,0.1015625,0.830461123949783,8.30461123949783e-07,mle,0.3691954042542599,1.2685414307683311,ok,True,True,extraction,
xom,5115,2020-05-05,4603,5114,512,-1.9624934410388712,linear,52,0,52,52,0,52,0.1,0.1015625,0.1015625,0.8390354032021698,8.390354032021699e-07,mle,0.3691954042542599,1.2685414307683311,ok,True,True,extraction,
xom,5116,2020-05-06,4604,5115,512,-1.9624934410388712,linear,52,0,52,52,0,52,0.1,0.1015625,0.1015625,0.8313471558342098,8.313471558342098e-07,mle,0.3691954042542599,1.2685414307683311,ok,True,True,extraction,
xom,5117,2020-05-07,4605,5116,512,-1.9624934410388712,linear,52,0,52,52,0,52,0.1,0.1015625,0.1015625,0.8313471558342098,8.313471558342098e-07,mle,0.3691954042542599,1.2685414307683311,ok,True,True,extraction,
xom,5118,2020-05-08,4606,5117,512,-1.9624934410388712,linear,52,0,52,52,0,52,0.1,0.1015625,0.1015625,0.830461123949783,8.30461123949783e-07,mle,0.3691954042542599,1.2685414307683311,ok,True,True,extraction,
xom,5119,2020-05-11,4607,5118,512,-1.9624934410388712,linear,52,0,52,52,0,52,0.1,0.1015625,0.1015625,0.830461123949783,8.30461123949783e-07,mle,0.3691954042542599,1.2685414307683311,ok,True,True,extraction,
xom,5120,2020-05-12,4608,5119,512,-1.9617957650702391,linear,52,0,52,52,0,52,0.1,0.1015625,0.1015625,0.830461123949783,8.30461123949783e-07,mle,0.43578336425900294,1.1489528478877546,ok,True,True,extraction,
xom,5121,2020-05-13,4609,5120,512,-1.9617957650702391,linear,52,0,52,52,0,52,0.1,0.1015625,0.1015625,0.8313471558342098,8.313471558342098e-07,mle,0.43578336425900294,1.1489528478877546,ok,True,True,extraction,
xom,5122,2020-05-14,4610,5121,512,-1.9624934410388712,linear,52,0,52,52,0,52,0.1,0.1015625,0.1015625,0.8313471558342098,8.313471558342098e-07,mle,0.3670159149720596,1.2900316275945651,ok,True,True,extraction,
xom,5123,2020-05-15,4611,5122,512,-1.9624934410388712,linear,52,0,52,52,0,52,0.1,0.1015625,0.1015625,0.8399214350865967,8.399214350865967e-07,mle,0.3670159149720596,1.2900316275945651,ok,True,True,extraction,
xom,5124,2020-05-18,4612,5123,512,-1.9624934410388712,linear,52,0,52,52,0,52,0.1,0.1015625,0.1015625,0.8399214350865967,8.399214350865967e-07,mle,0.3670159149720596,1.2900316275945651,ok,True,True,extraction,
xom,5125,2020-05-19,4613,5124,512,-1.9624934410388712,linear,52,0,52,52,0,52,0.1,0.1015625,0.1015625,0.8468586411743063,8.468586411743062e-07,mle,0.3670159149720596,1.2900316275945651,ok,True,True,extraction,
xom,5126,2020-05-20,4614,5125,512,-2.019558544857644,linear,52,0,52,52,0,52,0.1,0.1015625,0.1015625,0.8431696233525408,8.431696233525407e-07,mle,0.4008284034262807,1.2174848555420066,ok,True,True,extraction,
xom,5127,2020-05-21,4615,5126,512,-2.019558544857644,linear,52,0,52,52,0,52,0.1,0.1015625,0.1015625,0.8481118839321249,8.481118839321248e-07,mle,0.4008284034262807,1.2174848555420066,ok,True,True,extraction,
xom,5128,2020-05-22,4616,5127,512,-2.019558544857644,linear,52,0,52,52,0,52,0.1,0.1015625,0.1015625,0.8407885600749834,8.407885600749833e-07,mle,0.4008284034262807,1.2174848555420066,ok,True,True,extraction,
xom,5129,2020-05-26,4617,5128,512,-2.019558544857644,linear,52,0,52,52,0,52,0.1,0.1015625,0.1015625,0.8371270639855948,8.371270639855947e-07,mle,0.4008284034262807,1.2174848555420066,ok,True,True,extraction,
xom,5130,2020-05-27,4618,5129,512,-2.019558544857644,linear,52,0,52,52,0,52,0.1,0.1015625,0.1015625,0.8407885600749834,8.407885600749833e-07,mle,0.4008284034262807,1.2174848555420066,ok,True,True,extraction,
xom,5131,2020-05-28,4619,5130,512,-2.019558544857644,linear,52,0,52,52,0,52,0.1,0.1015625,0.1015625,0.8407885600749834,8.407885600749833e-07,mle,0.4008284034262807,1.2174848555420066,ok,True,True,extraction,
xom,5132,2020-05-29,4620,5131,512,-2.0307447189626116,linear,52,0,52,52,0,52,0.1,0.1015625,0.1015625,0.8411112273769525,8.411112273769525e-07,mle,0.3811193538547097,1.245320642784252,ok,True,True,extraction,
xom,5133,2020-06-01,4621,5132,512,-2.0307447189626116,linear,52,0,52,52,0,52,0.1,0.1015625,0.1015625,0.8503774990416545,8.503774990416545e-07,mle,0.3811193538547097,1.245320642784252,ok,True,True,extraction,
xom,5134,2020-06-02,4622,5133,512,-2.0307447189626116,linear,52,0,52,52,0,52,0.1,0.1015625,0.1015625,0.8670609349945477,8.670609349945476e-07,mle,0.3811193538547097,1.245320642784252,ok,True,True,extraction,
xom,5135,2020-06-03,4623,5134,512,-2.0307447189626116,linear,52,0,52,52,0,52,0.1,0.1015625,0.1015625,0.8837945160913033,8.837945160913033e-07,mle,0.3811193538547097,1.245320642784252,ok,True,True,extraction,
xom,5136,2020-06-04,4624,5135,512,-2.0307447189626116,linear,52,0,52,52,0,52,0.1,0.1015625,0.1015625,0.8837945160913033,8.837945160913033e-07,mle,0.3811193538547097,1.245320642784252,ok,True,True,extraction,
xom,5137,2020-06-05,4625,5136,512,-2.0307447189626116,linear,52,0,52,52,0,52,0.1,0.1015625,0.1015625,0.8837945160913033,8.837945160913033e-07,mle,0.3811193538547097,1.245320642784252,ok,True,True,extraction,
xom,5138,2020-06-08,4626,5137,512,-2.0307447189626116,linear,52,0,52,52,0,52,0.1,0.1015625,0.1015625,0.8854733199766612,8.854733199766612e-07,mle,0.3811193538547097,1.245320642784252,ok,True,True,extraction,
xom,5139,2020-06-09,4627,5138,512,-2.019558544857644,linear,52,0,52,52,0,52,0.1,0.1015625,0.1015625,0.8844192942304514,8.844192942304514e-07,mle,0.3836532469657824,1.245943894775673,ok,True,True,extraction,
xom,5140,2020-06-10,4628,5139,512,-2.0307447189626116,linear,52,0,52,52,0,52,0.1,0.1015625,0.1015625,0.8844192942304514,8.844192942304514e-07,mle,0.38496981223379434,1.2390189241176985,ok,True,True,extraction,
xom,5141,2020-06-11,4629,5140,512,-2.035368913157576,linear,52,0,52,52,0,52,0.1,0.1015625,0.1015625,0.8870173262174796,8.870173262174796e-07,mle,0.3254016345542324,1.3760173080381428,ok,True,True,extraction,
xom,5142,2020-06-12,4630,5141,512,-2.056360735204176,linear,52,0,52,52,0,52,0.1,0.1015625,0.1015625,0.8883037135140815,8.883037135140815e-07,mle,0.3231990662810423,1.4668614781961158,ok,True,True,extraction,
xom,5143,2020-06-15,4631,5142,512,-2.056360735204176,linear,52,0,52,52,0,52,0.1,0.1015625,0.1015625,0.8896252314781693,8.896252314781692e-07,mle,0.3231990662810423,1.4668614781961158,ok,True,True,extraction,
xom,5144,2020-06-16,4632,5143,512,-2.056360735204176,linear,52,0,52,52,0,52,0.1,0.1015625,0.1015625,0.8902500096173174,8.902500096173173e-07,mle,0.3231990662810423,1.4668614781961158,ok,True,True,extraction,
xom,5145,2020-06-17,4633,5144,512,-2.056360735204176,linear,52,0,52,52,0,52,0.1,0.1015625,0.1015625,0.8896252314781693,8.896252314781692e-07,mle,0.3231990662810423,1.4668614781961158,ok,True,True,extraction,
xom,5146,2020-06-18,4634,5145,512,-2.0689411698909623,linear,52,0,52,52,0,52,0.1,0.1015625,0.1015625,0.8916239002798239,8.916239002798238e-07,mle,0.28947020958876174,1.5329169845150319,ok,True,True,extraction,
xom,5147,2020-06-19,4635,5146,512,-2.0689411698909623,linear,52,0,52,52,0,52,0.1,0.1015625,0.1015625,0.8896252314781693,8.896252314781692e-07,mle,0.28947020958876174,1.5329169845150319,ok,True,True,extraction,
xom,5148,2020-06-22,4636,5147,512,-2.0689411698909623,linear,52,0,52,52,0,52,0.1,0.1015625,0.1015625,0.8902500096173174,8.902500096173173e-07,mle,0.28947020958876174,1.5329169845150319,ok,True,True,extraction,
xom,5149,2020-06-23,4637,5148,512,-2.0689411698909623,linear,52,0,52,52,0,52,0.1,0.1015625,0.1015625,0.8948467104060002,8.948467104060002e-07,mle,0.28947020958876174,1.5329169845150319,ok,True,True,extraction,
xom,5150,2020-06-24,4638,5149,512,-2.0689411698909623,linear,52,0,52,52,0,52,0.1,0.1015625,0.1015625,0.8916239002798239,8.916239002798238e-07,mle,0.28947020958876174,1.5329169845150319,ok,True,True,extraction,
xom,5151,2020-06-25,4639,5150,512,-2.1042375692696016,linear,52,0,52,52,0,52,0.1,0.1015625,0.1015625,0.8953907415040618,8.953907415040618e-07,mle,0.2655298443993609,1.5901915022650441,ok,True,True,extraction,
xom,5152,2020-06-26,4640,5151,512,-2.1042375692696016,linear,52,0,52,52,0,52,0.1,0.1015625,0.1015625,0.8954126308734719,8.954126308734718e-07,mle,0.2655298443993609,1.5901915022650441,ok,True,True,extraction,
xom,5153,2020-06-29,4641,5152,512,-2.124695087648932,linear,52,0,52,52,0,52,0.1,0.1015625,0.1015625,0.9000806579462686,9.000806579462686e-07,mle,0.2414152161079678,1.6388812469571388,ok,True,True,extraction,
xom,5154,2020-06-30,4642,5153,512,-2.124695087648932,linear,52,0,52,52,0,52,0.1,0.1015625,0.1015625,0.8963138167220306,8.963138167220305e-07,mle,0.2414152161079678,1.6388812469571388,ok,True,True,extraction,
xom,5155,2020-07-01,4643,5154,512,-2.124695087648932,linear,52,0,52,52,0,52,0.1,0.1015625,0.1015625,0.8975347967126809,8.975347967126808e-07,mle,0.2414152161079678,1.6388812469571388,ok,True,True,extraction,
xom,5156,2020-07-02,4644,5155,512,-2.1482037834251617,linear,52,0,52,52,0,52,0.1,0.1015625,0.1015625,0.9050186916236087,9.050186916236087e-07,mle,0.25858589549495087,1.5914131294825222,ok,True,True,extraction,
xom,5157,2020-07-06,4645,5156,512,-2.1482037834251617,linear,52,0,52,52,0,52,0.1,0.1015625,0.1015625,0.9049214675071486,9.049214675071485e-07,mle,0.25858589549495087,1.5914131294825222,ok,True,True,extraction,
xom,5158,2020-07-07,4646,5157,512,-2.1482037834251617,linear,52,0,52,52,0,52,0.1,0.1015625,0.1015625,0.8970359007265396,8.970359007265396e-07,mle,0.25858589549495087,1.5914131294825222,ok,True,True,extraction,
xom,5159,2020-07-08,4647,5158,512,-2.2071207266325468,linear,52,0,52,52,0,52,0.1,0.1015625,0.1015625,0.8974375725962208,8.974375725962208e-07,mle,0.3049263951284402,1.4727773393671417,ok,True,True,extraction,
xom,5160,2020-07-09,4648,5159,512,-2.2071207266325468,linear,52,0,52,52,0,52,0.1,0.1015625,0.1015625,0.8963138167220306,8.963138167220305e-07,mle,0.3049263951284402,1.4727773393671417,ok,True,True,extraction,
xom,5161,2020-07-10,4649,5160,512,-2.21938692008978,linear,52,0,52,52,0,52,0.1,0.1015625,0.1015625,0.8963138167220306,8.963138167220305e-07,mle,0.2600979294616303,1.570636928704244,ok,True,True,extraction,
xom,5162,2020-07-13,4650,5161,512,-2.21938692008978,linear,52,0,52,52,0,52,0.1,0.1015625,0.1015625,0.8963138167220306,8.963138167220305e-07,mle,0.2600979294616303,1.570636928704244,ok,True,True,extraction,
xom,5163,2020-07-14,4651,5162,512,-2.21938692008978,linear,52,0,52,52,0,52,0.1,0.1015625,0.1015625,0.8963138167220306,8.963138167220305e-07,mle,0.2600979294616303,1.570636928704244,ok,True,True,extraction,
xom,5164,2020-07-15,4652,5163,512,-2.21938692008978,linear,52,0,52,52,0,52,0.1,0.1015625,0.1015625,0.8963138167220306,8.963138167220305e-07,mle,0.2600979294616303,1.570636928704244,ok,True,True,extraction,
xom,5165,2020-07-16,4653,5164,512,-2.21938692008978,linear,52,0,52,52,0,52,0.1,0.1015625,0.1015625,0.8963138167220306,8.963138167220305e-07,mle,0.2600979294616303,1.570636928704244,ok,True,True,extraction,
xom,5166,2020-07-17,4654,5165,512,-2.21938692008978,linear,52,0,52,52,0,52,0.1,0.1015625,0.1015625,0.8963138167220306,8.963138167220305e-07,mle,0.2600979294616303,1.570636928704244,ok,True,True,extraction,
xom,5167,2020-07-20,4655,5166,512,-2.21938692008978,linear,52,0,52,52,0,52,0.1,0.1015625,0.1015625,0.9033221961079835,9.033221961079834e-07,mle,0.2600979294616303,1.570636928704244,ok,True,True,extraction,
xom,5168,2020-07-21,4656,5167,512,-2.2277056637387926,linear,52,0,52,52,0,52,0.1,0.1015625,0.1015625,0.9166368064057773,9.166368064057772e-07,mle,0.2617711666504925,1.5633482588748626,ok,True,True,extraction,
xom,5169,2020-07-22,4657,5168,512,-2.2277056637387926,linear,52,0,52,52,0,52,0.1,0.1015625,0.1015625,0.9246607450116664,9.246607450116663e-07,mle,0.2617711666504925,1.5633482588748626,ok,True,True,extraction,
xom,5170,2020-07-23,4658,5169,512,-2.25139498789519,linear,52,0,52,52,0,52,0.1,0.1015625,0.1015625,0.9210658159570413,9.210658159570413e-07,mle,0.2821684848163065,1.5114693641868095,ok,True,True,extraction,
xom,5171,2020-07-24,4659,5170,512,-2.25139498789519,linear,52,0,52,52,0,52,0.1,0.1015625,0.1015625,0.9166368064057773,9.166368064057772e-07,mle,0.2821684848163065,1.5114693641868095,ok,True,True,extraction,
xom,5172,2020-07-27,4660,5171,512,-2.25139498789519,linear,52,0,52,52,0,52,0.1,0.1015625,0.1015625,0.9178989341052477,9.178989341052476e-07,mle,0.2821684848163065,1.5114693641868095,ok,True,True,extraction,
xom,5173,2020-07-28,4661,5172,512,-2.25139498789519,linear,52,0,52,52,0,52,0.1,0.1015625,0.1015625,0.9210658159570413,9.210658159570413e-07,mle,0.2821684848163065,1.5114693641868095,ok,True,True,extraction,
xom,5174,2020-07-29,4662,5173,512,-2.25139498789519,linear,52,0,52,52,0,52,0.1,0.1015625,0.1015625,0.9210658159570413,9.210658159570413e-07,mle,0.2821684848163065,1.5114693641868095,ok,True,True,extraction,
xom,5175,2020-07-30,4663,5174,512,-2.25139498789519,linear,52,0,52,52,0,52,0.1,0.1015625,0.1015625,0.9290897545629305,9.290897545629305e-07,mle,0.2821684848163065,1.5114693641868095,ok,True,True,extraction,
xom,5176,2020-07-31,4664,5175,512,-2.2620838079488768,linear,52,0,52,52,0,52,0.1,0.1015625,0.1015625,0.9323955301403883,9.323955301403883e-07,mle,0.23219364086907962,1.6346473104331378,ok,True,True,extraction,
xom,5177,2020-08-03,4665,5176,512,-2.2620838079488768,linear,52,0,52,52,0,52,0.1,0.1015625,0.1015625,0.9349204699497965,9.349204699497964e-07,mle,0.23219364086907962,1.6346473104331378,ok,True,True,extraction,
xom,5178,2020-08-04,4666,5177,512,-2.2620838079488768,linear,52,0,52,52,0,52,0.1,0.1015625,0.1015625,0.9361294009903403,9.361294009903402e-07,mle,0.23219364086907962,1.6346473104331378,ok,True,True,extraction,
xom,5179,2020-08-05,4667,5178,512,-2.2620838079488768,linear,52,0,52,52,0,52,0.1,0.1015625,0.1015625,0.9378430031613344,9.378430031613343e-07,mle,0.23219364086907962,1.6346473104331378,ok,True,True,extraction,
xom,5180,2020-08-06,4668,5179,512,-2.2620838079488768,linear,52,0,52,52,0,52,0.1,0.1015625,0.1015625,0.9361294009903403,9.361294009903402e-07,mle,0.23219364086907962,1.6346473104331378,ok,True,True,extraction,
xom,5181,2020-08-07,4669,5180,512,-2.2620838079488768,linear,52,0,52,52,0,52,0.1,0.1015625,0.1015625,0.9349204699497965,9.349204699497964e-07,mle,0.23219364086907962,1.6346473104331378,ok,True,True,extraction,
xom,5182,2020-08-10,4670,5181,512,-2.2620838079488768,linear,52,0,52,52,0,52,0.1,0.1015625,0.1015625,0.9323955301403883,9.323955301403883e-07,mle,0.23219364086907962,1.6346473104331378,ok,True,True,extraction,
xom,5183,2020-08-11,4671,5182,512,-2.25139498789519,linear,52,0,52,52,0,52,0.1,0.1015625,0.1015625,0.9349204699497965,9.349204699497964e-07,mle,0.24334830906545835,1.6148419221663075,ok,True,True,extraction,
xom,5184,2020-08-12,4672,5183,512,-2.25139498789519,linear,52,0,52,52,0,52,0.1,0.1015625,0.1015625,0.9378430031613344,9.378430031613343e-07,mle,0.24334830906545835,1.6148419221663075,ok,True,True,extraction,
xom,5185,2020-08-13,4673,5184,512,-2.25139498789519,linear,52,0,52,52,0,52,0.1,0.1015625,0.1015625,0.9378430031613344,9.378430031613343e-07,mle,0.24334830906545835,1.6148419221663075,ok,True,True,extraction,
xom,5186,2020-08-14,4674,5185,512,-2.2620838079488768,linear,52,0,52,52,0,52,0.1,0.1015625,0.1015625,0.9378430031613344,9.378430031613343e-07,mle,0.24425628587396137,1.6079837313220207,ok,True,True,extraction,
xom,5187,2020-08-17,4675,5186,512,-2.2620838079488768,linear,52,0,52,52,0,52,0.1,0.1015625,0.1015625,0.9378430031613344,9.378430031613343e-07,mle,0.24425628587396137,1.6079837313220207,ok,True,True,extraction,
xom,5188,2020-08-18,4676,5187,512,-2.2620838079488768,linear,52,0,52,52,0,52,0.1,0.1015625,0.1015625,0.941009885013128,9.41009885013128e-07,mle,0.24425628587396137,1.6079837313220207,ok,True,True,extraction,
xom,5189,2020-08-19,4677,5188,512,-2.2620838079488768,linear,52,0,52,52,0,52,0.1,0.1015625,0.1015625,0.941009885013128,9.41009885013128e-07,mle,0.24425628587396137,1.6079837313220207,ok,True,True,extraction,
xom,5190,2020-08-20,4678,5189,512,-2.2620838079488768,linear,52,0,52,52,0,52,0.1,0.1015625,0.1015625,0.939435176567798,9.394351765677979e-07,mle,0.24425628587396137,1.6079837313220207,ok,True,True,extraction,
xom,5191,2020-08-21,4679,5190,512,-2.2620838079488768,linear,52,0,52,52,0,52,0.1,0.1015625,0.1015625,0.9411918272222806,9.411918272222805e-07,mle,0.24425628587396137,1.6079837313220207,ok,True,True,extraction,
xom,5192,2020-08-24,4680,5191,512,-2.2620838079488768,linear,52,0,52,52,0,52,0.1,0.1015625,0.1015625,0.9411918272222806,9.411918272222805e-07,mle,0.24425628587396137,1.6079837313220207,ok,True,True,extraction,
xom,5193,2020-08-25,4681,5192,512,-2.2620838079488768,linear,52,0,52,52,0,52,0.1,0.1015625,0.1015625,0.9461216652114349,9.461216652114348e-07,mle,0.24425628587396137,1.6079837313220207,ok,True,True,extraction,
xom,5194,2020-08-26,4682,5193,512,-2.282270070394024,linear,52,0,52,52,0,52,0.1,0.1015625,0.1015625,0.9461216652114349,9.461216652114348e-07,mle,0.23007532460905863,1.6322659358222151,ok,True,True,extraction,
xom,5195,2020-08-27,4683,5194,512,-2.282270070394024,linear,52,0,52,52,0,52,0.1,0.1015625,0.1015625,0.94809821455509,9.4809821455509e-07,mle,0.23007532460905863,1.6322659358222151,ok,True,True,extraction,
xom,5196,2020-08-28,4684,5195,512,-2.282270070394024,linear,52,0,52,52,0,52,0.1,0.1015625,0.1015625,0.9461216652114349,9.461216652114348e-07,mle,0.23007532460905863,1.6322659358222151,ok,True,True,extraction,
xom,5197,2020-08-31,4685,5196,512,-2.282270070394024,linear,52,0,52,52,0,52,0.1,0.1015625,0.1015625,0.9461216652114349,9.461216652114348e-07,mle,0.23007532460905863,1.6322659358222151,ok,True,True,extraction,
xom,5198,2020-09-01,4686,5197,512,-2.282270070394024,linear,52,0,52,52,0,52,0.1,0.1015625,0.1015625,0.94809821455509,9.4809821455509e-07,mle,0.23007532460905863,1.6322659358222151,ok,True,True,extraction,
xom,5199,2020-09-02,4687,5198,512,-2.282270070394024,linear,52,0,52,52,0,52,0.1,0.1015625,0.1015625,0.9515710862653438,9.515710862653437e-07,mle,0.23007532460905863,1.6322659358222151,ok,True,True,extraction,
xom,5200,2020-09-03,4688,5199,512,-2.282270070394024,linear,52,0,52,52,0,52,0.1,0.1015625,0.1015625,0.9487035224663605,9.487035224663604e-07,mle,0.23007532460905863,1.6322659358222151,ok,True,True,extraction,
xom,5201,2020-09-04,4689,5200,512,-2.282270070394024,linear,52,0,52,52,0,52,0.1,0.1015625,0.1015625,0.9418460924231675,9.418460924231674e-07,mle,0.23007532460905863,1.6322659358222151,ok,True,True,extraction,
xom,5202,2020-09-08,4690,5201,512,-2.282270070394024,linear,52,0,52,52,0,52,0.1,0.1015625,0.1015625,0.9348512232476909,9.348512232476909e-07,mle,0.23007532460905863,1.6322659358222151,ok,True,True,extraction,
xom,5203,2020-09-09,4691,5202,512,-2.3156020982612,linear,52,0,52,52,0,52,0.1,0.1015625,0.1015625,0.9445004664575736,9.445004664575736e-07,mle,0.26348655433856094,1.546919374747919,ok,True,True,extraction,
xom,5204,2020-09-10,4692,5203,512,-2.3156020982612,linear,52,0,52,52,0,52,0.1,0.1015625,0.1015625,0.9419810123003678,9.419810123003677e-07,mle,0.26348655433856094,1.546919374747919,ok,True,True,extraction,
xom,5205,2020-09-11,4693,5204,512,-2.3263874556659876,linear,52,0,52,52,0,52,0.1,0.1015625,0.1015625,0.9455843732643077,9.455843732643076e-07,mle,0.2649441755196442,1.5390670644883413,ok,True,True,extraction,
xom,5206,2020-09-14,4694,5205,512,-2.3263874556659876,linear,52,0,52,52,0,52,0.1,0.1015625,0.1015625,0.9510168583691507,9.510168583691507e-07,mle,0.2649441755196442,1.5390670644883413,ok,True,True,extraction,
xom,5207,2020-09-15,4695,5206,512,-2.3263874556659876,linear,52,0,52,52,0,52,0.1,0.1015625,0.1015625,0.9510168583691507,9.510168583691507e-07,mle,0.2649441755196442,1.5390670644883413,ok,True,True,extraction,
xom,5208,2020-09-16,4696,5207,512,-2.3263874556659876,linear,52,0,52,52,0,52,0.1,0.1015625,0.1015625,0.9535363125263566,9.535363125263566e-07,mle,0.2649441755196442,1.5390670644883413,ok,True,True,extraction,
xom,5209,2020-09-17,4697,5208,512,-2.3263874556659876,linear,52,0,52,52,0,52,0.1,0.1015625,0.1015625,0.955217099034334,9.55217099034334e-07,mle,0.2649441755196442,1.5390670644883413,ok,True,True,extraction,
xom,5210,2020-09-18,4698,5209,512,-2.3263874556659876,linear,52,0,52,52,0,52,0.1,0.1015625,0.1015625,0.9535363125263566,9.535363125263566e-07,mle,0.2649441755196442,1.5390670644883413,ok,True,True,extraction,
xom,5211,2020-09-21,4699,5210,512,-2.3263874556659876,linear,52,0,52,52,0,52,0.1,0.1015625,0.1015625,0.9535363125263566,9.535363125263566e-07,mle,0.2649441755196442,1.5390670644883413,ok,True,True,extraction,
xom,5212,2020-09-22,4700,5211,512,-2.3263874556659876,linear,52,0,52,52,0,52,0.1,0.1015625,0.1015625,0.9603314162315897,9.603314162315896e-07,mle,0.2649441755196442,1.5390670644883413,ok,True,True,extraction,
xom,5213,2020-09-23,4701,5212,512,-2.329621004940905,linear,52,0,52,52,0,52,0.1,0.1015625,0.1015625,0.9650213326737964,9.650213326737965e-07,mle,0.25982022094850316,1.54789496482391,ok,True,True,extraction,
xom,5214,2020-09-24,4702,5213,512,-2.35408408227137,linear,52,0,52,52,0,52,0.1,0.1015625,0.1015625,0.9680776953303312,9.680776953303312e-07,mle,0.2505959750443539,1.5587455685707,ok,True,True,extraction,
xom,5215,2020-09-25,4703,5214,512,-2.35408408227137,linear,52,0,52,52,0,52,0.1,0.1015625,0.1015625,0.967970177532891,9.67970177532891e-07,mle,0.2505959750443539,1.5587455685707,ok,True,True,extraction,
xom,5216,2020-09-28,4704,5215,512,-2.35408408227137,linear,52,0,52,52,0,52,0.1,0.1015625,0.1015625,0.970140639817892,9.70140639817892e-07,mle,0.2505959750443539,1.5587455685707,ok,True,True,extraction,
xom,5217,2020-09-29,4705,5216,512,-2.35408408227137,linear,52,0,52,52,0,52,0.1,0.1015625,0.1015625,0.9726600939750978,9.726600939750978e-07,mle,0.2505959750443539,1.5587455685707,ok,True,True,extraction,
xom,5218,2020-09-30,4706,5217,512,-2.3690052538609816,linear,52,0,52,52,0,52,0.1,0.1015625,0.1015625,0.9765566223794321,9.76556622379432e-07,mle,0.2416949751942405,1.5715287751587321,ok,True,True,extraction,
xom,5219,2020-10-01,4707,5218,512,-2.3690052538609816,linear,52,0,52,52,0,52,0.1,0.1015625,0.1015625,0.9765566223794321,9.76556622379432e-07,mle,0.2416949751942405,1.5715287751587321,ok,True,True,extraction,
xom,5220,2020-10-02,4708,5219,512,-2.3715406786337154,linear,52,0,52,52,0,52,0.1,0.1015625,0.1015625,0.9833771441587651,9.83377144158765e-07,mle,0.20775894326393643,1.6495543829684858,ok,True,True,extraction,
xom,5221,2020-10-05,4709,5220,512,-2.3715406786337154,linear,52,0,52,52,0,52,0.1,0.1015625,0.1015625,0.9887211818293938,9.887211818293937e-07,mle,0.20775894326393643,1.6495543829684858,ok,True,True,extraction,
xom,5222,2020-10-06,4710,5221,512,-2.3715406786337154,linear,52,0,52,52,0,52,0.1,0.1015625,0.1015625,0.9908916441143947,9.908916441143946e-07,mle,0.20775894326393643,1.6495543829684858,ok,True,True,extraction,
xom,5223,2020-10-07,4711,5222,512,-2.3715406786337154,linear,52,0,52,52,0,52,0.1,0.1015625,0.1015625,0.992111119706405,9.92111119706405e-07,mle,0.20775894326393643,1.6495543829684858,ok,True,True,extraction,
xom,5224,2020-10-08,4712,5223,512,-2.3715406786337154,linear,52,0,52,52,0,52,0.1,0.1015625,0.1015625,0.9907970650864653,9.907970650864653e-07,mle,0.20775894326393643,1.6495543829684858,ok,True,True,extraction,
xom,5225,2020-10-09,4713,5224,512,-2.3715406786337154,linear,52,0,52,52,0,52,0.1,0.1015625,0.1015625,0.9858965983159709,9.85896598315971e-07,mle,0.20775894326393643,1.6495543829684858,ok,True,True,extraction,
xom,5226,2020-10-12,4714,5225,512,-2.3715406786337154,linear,52,0,52,52,0,52,0.1,0.1015625,0.1015625,0.9962219668073107,9.962219668073106e-07,mle,0.20775894326393643,1.6495543829684858,ok,True,True,extraction,
xom,5227,2020-10-13,4715,5226,512,-2.3715406786337154,linear,52,0,52,52,0,52,0.1,0.1015625,0.1015625,0.9962219668073107,9.962219668073106e-07,mle,0.20775894326393643,1.6495543829684858,ok,True,True,extraction,
xom,5228,2020-10-14,4716,5227,512,-2.3715406786337154,linear,52,0,52,52,0,52,0.1,0.1015625,0.1015625,0.996861380411384,9.968613804113838e-07,mle,0.20775894326393643,1.6495543829684858,ok,True,True,extraction,
xom,5229,2020-10-15,4717,5228,512,-2.3715406786337154,linear,52,0,52,52,0,52,0.1,0.1015625,0.1015625,1.0035400712370177,1.0035400712370176e-06,mle,0.20775894326393643,1.6495543829684858,ok,True,True,extraction,
xom,5230,2020-10-16,4718,5229,512,-2.3715406786337154,linear,52,0,52,52,0,52,0.1,0.1015625,0.1015625,1.0010656646113107,1.0010656646113107e-06,mle,0.20775894326393643,1.6495543829684858,ok,True,True,extraction,
xom,5231,2020-10-19,4719,5230,512,-2.3715406786337154,linear,52,0,52,52,0,52,0.1,0.1015625,0.1015625,1.0010656646113107,1.0010656646113107e-06,mle,0.20775894326393643,1.6495543829684858,ok,True,True,extraction,
xom,5232,2020-10-20,4720,5231,512,-2.3715406786337154,linear,52,0,52,52,0,52,0.1,0.1015625,0.1015625,1.0032292227696082,1.003229222769608e-06,mle,0.20775894326393643,1.6495543829684858,ok,True,True,extraction,
xom,5233,2020-10-21,4721,5232,512,-2.3715406786337154,linear,52,0,52,52,0,52,0.1,0.1015625,0.1015625,1.0010656646113107,1.0010656646113107e-06,mle,0.20775894326393643,1.6495543829684858,ok,True,True,extraction,
xom,5234,2020-10-22,4722,5233,512,-2.3715406786337154,linear,52,0,52,52,0,52,0.1,0.1015625,0.1015625,1.007834452777574,1.0078344527775739e-06,mle,0.20775894326393643,1.6495543829684858,ok,True,True,extraction,
xom,5235,2020-10-23,4723,5234,512,-2.3715406786337154,linear,52,0,52,52,0,52,0.1,0.1015625,0.1015625,1.0032292227696082,1.003229222769608e-06,mle,0.20775894326393643,1.6495543829684858,ok,True,True,extraction,
xom,5236,2020-10-26,4724,5235,512,-2.3690052538609816,linear,52,0,52,52,0,52,0.1,0.1015625,0.1015625,1.0032292227696082,1.003229222769608e-06,mle,0.2408196829107475,1.573782814279265,ok,True,True,extraction,
xom,5237,2020-10-27,4725,5236,512,-2.3715406786337154,linear,52,0,52,52,0,52,0.1,0.1015625,0.1015625,1.0053996850546092,1.0053996850546092e-06,mle,0.24202183884553896,1.5700848010223136,ok,True,True,extraction,
xom,5238,2020-10-28,4726,5237,512,-2.3715406786337154,linear,52,0,52,52,0,52,0.1,0.1015625,0.1015625,1.0098664281544232,1.009866428154423e-06,mle,0.24202183884553896,1.5700848010223136,ok,True,True,extraction,
xom,5239,2020-10-29,4727,5238,512,-2.378278198164103,linear,52,0,52,52,0,52,0.1,0.1015625,0.1015625,1.0166352163206867,1.0166352163206867e-06,mle,0.2059793167021759,1.6536878372123742,ok,True,True,extraction,
xom,5240,2020-10-30,4728,5239,512,-2.378278198164103,linear,52,0,52,52,0,52,0.1,0.1015625,0.1015625,1.0198767544824014,1.0198767544824015e-06,mle,0.2059793167021759,1.6536878372123742,ok,True,True,extraction,
xom,5241,2020-11-02,4729,5240,512,-2.378278198164103,linear,52,0,52,52,0,52,0.1,0.1015625,0.1015625,1.024595247584573,1.024595247584573e-06,mle,0.2059793167021759,1.6536878372123742,ok,True,True,extraction,
xom,5242,2020-11-03,4730,5241,512,-2.378278198164103,linear,52,0,52,52,0,52,0.1,0.1015625,0.1015625,1.0263119415161714,1.0263119415161713e-06,mle,0.2059793167021759,1.6536878372123742,ok,True,True,extraction,
xom,5243,2020-11-04,4731,5242,512,-2.378278198164103,linear,52,0,52,52,0,52,0.1,0.1015625,0.1015625,1.0337958364270992,1.033795836427099e-06,mle,0.2059793167021759,1.6536878372123742,ok,True,True,extraction,
xom,5244,2020-11-05,4732,5243,512,-2.378278198164103,linear,52,0,52,52,0,52,0.1,0.1015625,0.1015625,1.0263119415161714,1.0263119415161713e-06,mle,0.2059793167021759,1.6536878372123742,ok,True,True,extraction,
xom,5245,2020-11-06,4733,5244,512,-2.3715406786337154,linear,52,0,52,52,0,52,0.1,0.1015625,0.1015625,1.024595247584573,1.024595247584573e-06,mle,0.21620768543204813,1.6335002901691782,ok,True,True,extraction,
xom,5246,2020-11-09,4734,5245,512,-2.3715406786337154,linear,52,0,52,52,0,52,0.1,0.1015625,0.1015625,1.028283032704592,1.028283032704592e-06,mle,0.21620768543204813,1.6335002901691782,ok,True,True,extraction,
xom,5247,2020-11-10,4735,5246,512,-2.3715406786337154,linear,52,0,52,52,0,52,0.1,0.1015625,0.1015625,1.0330737524225901,1.03307375242259e-06,mle,0.21620768543204813,1.6335002901691782,ok,True,True,extraction,
xom,5248,2020-11-11,4736,5247,512,-2.3715406786337154,linear,52,0,52,52,0,52,0.1,0.1015625,0.1015625,1.0406400808858587,1.0406400808858586e-06,mle,0.21620768543204813,1.6335002901691782,ok,True,True,extraction,
xom,5249,2020-11-12,4737,5248,512,-2.3715406786337154,linear,52,0,52,52,0,52,0.1,0.1015625,0.1015625,1.0330737524225901,1.03307375242259e-06,mle,0.21620768543204813,1.6335002901691782,ok,True,True,extraction,
xom,5250,2020-11-13,4738,5249,512,-2.378278198164103,linear,52,0,52,52,0,52,0.1,0.1015625,0.1015625,1.033156185974931,1.033156185974931e-06,mle,0.18952380634736754,1.695407738743757,ok,True,True,extraction,
xom,5251,2020-11-16,4739,5250,512,-2.378278198164103,linear,52,0,52,52,0,52,0.1,0.1015625,0.1015625,1.033156185974931,1.033156185974931e-06,mle,0.18952380634736754,1.695407738743757,ok,True,True,extraction,
xom,5252,2020-11-17,4740,5251,512,-2.378278198164103,linear,52,0,52,52,0,52,0.1,0.1015625,0.1015625,1.033156185974931,1.033156185974931e-06,mle,0.18952380634736754,1.695407738743757,ok,True,True,extraction,
xom,5253,2020-11-18,4741,5252,512,-2.378278198164103,linear,52,0,52,52,0,52,0.1,0.1015625,0.1015625,1.0406400808858587,1.0406400808858586e-06,mle,0.18952380634736754,1.695407738743757,ok,True,True,extraction,
xom,5254,2020-11-19,4742,5253,512,-2.3977089520743085,linear,52,0,52,52,0,52,0.1,0.1015625,0.1015625,1.041777727931374,1.041777727931374e-06,mle,0.1690381354346504,1.7421597800932946,ok,True,True,extraction,
xom,5255,2020-11-20,4743,5254,512,-2.3977089520743085,linear,52,0,52,52,0,52,0.1,0.1015625,0.1015625,1.0376223950779708,1.0376223950779707e-06,mle,0.1690381354346504,1.7421597800932946,ok,True,True,extraction,
xom,5256,2020-11-23,4744,5255,512,-2.3977089520743085,linear,52,0,52,52,0,52,0.1,0.1015625,0.1015625,1.0376223950779708,1.0376223950779707e-06,mle,0.1690381354346504,1.7421597800932946,ok,True,True,extraction,
xom,5257,2020-11-24,4745,5256,512,-2.3977089520743085,linear,52,0,52,52,0,52,0.1,0.1015625,0.1015625,1.041777727931374,1.041777727931374e-06,mle,0.1690381354346504,1.7421597800932946,ok,True,True,extraction,
xom,5258,2020-11-25,4746,5257,512,-2.3977089520743085,linear,52,0,52,52,0,52,0.1,0.1015625,0.1015625,1.0428350244281062,1.0428350244281061e-06,mle,0.1690381354346504,1.7421597800932946,ok,True,True,extraction,
xom,5259,2020-11-27,4747,5258,512,-2.41008315778122,linear,52,0,52,52,0,52,0.1,0.1015625,0.1015625,1.0428350244281062,1.0428350244281061e-06,mle,0.16548458424674853,1.7453471777245197,ok,True,True,extraction,
xom,5260,2020-11-30,4748,5259,512,-2.41008315778122,linear,52,0,52,52,0,52,0.1,0.1015625,0.1015625,1.0469903572815094,1.0469903572815092e-06,mle,0.16548458424674853,1.7453471777245197,ok,True,True,extraction,
xom,5261,2020-12-01,4749,5260,512,-2.47314638143056,linear,52,0,52,52,0,52,0.1,0.1015625,0.1015625,1.044795413739262,1.0447954137392621e-06,mle,0.16496229466309043,1.7399193215324134,ok,True,True,extraction,
xom,5262,2020-12-02,4750,5261,512,-2.47314638143056,linear,52,0,52,52,0,52,0.1,0.1015625,0.1015625,1.044795413739262,1.0447954137392621e-06,mle,0.16496229466309043,1.7399193215324134,ok,True,True,extraction,
xom,5263,2020-12-03,4751,5262,512,-2.47314638143056,linear,52,0,52,52,0,52,0.1,0.1015625,0.1015625,1.0528607649959043,1.0528607649959042e-06,mle,0.16496229466309043,1.7399193215324134,ok,True,True,extraction,
xom,5264,2020-12-04,4752,5263,512,-2.41008315778122,linear,52,0,52,52,0,52,0.1,0.1015625,0.1015625,1.0469903572815094,1.0469903572815092e-06,mle,0.13410756200678073,1.848086242734737,ok,True,True,extraction,
xom,5265,2020-12-07,4753,5264,512,-2.41008315778122,linear,52,0,52,52,0,52,0.1,0.1015625,0.1015625,1.0518859020515128,1.0518859020515127e-06,mle,0.13410756200678073,1.848086242734737,ok,True,True,extraction,
xom,5266,2020-12-08,4754,5265,512,-2.3977089520743085,linear,52,0,52,52,0,52,0.1,0.1015625,0.1015625,1.0518859020515128,1.0518859020515127e-06,mle,0.13415166764393432,1.8537397844073793,ok,True,True,extraction,
xom,5267,2020-12-09,4755,5266,512,-2.3977089520743085,linear,52,0,52,52,0,52,0.1,0.1015625,0.1015625,1.0518859020515128,1.0518859020515127e-06,mle,0.13415166764393432,1.8537397844073793,ok,True,True,extraction,
xom,5268,2020-12-10,4756,5267,512,-2.3977089520743085,linear,52,0,52,52,0,52,0.1,0.1015625,0.1015625,1.0624111115083252,1.0624111115083252e-06,mle,0.13415166764393432,1.8537397844073793,ok,True,True,extraction,
xom,5269,2020-12-11,4757,5268,512,-2.3977089520743085,linear,52,0,52,52,0,52,0.1,0.1015625,0.1015625,1.0624111115083252,1.0624111115083252e-06,mle,0.13415166764393432,1.8537397844073793,ok,True,True,extraction,
xom,5270,2020-12-14,4758,5269,512,-2.3977089520743085,linear,52,0,52,52,0,52,0.1,0.1015625,0.1015625,1.0676237408584606,1.0676237408584606e-06,mle,0.13415166764393432,1.8537397844073793,ok,True,True,extraction,
xom,5271,2020-12-15,4759,5270,512,-2.41008315778122,linear,52,0,52,52,0,52,0.1,0.1015625,0.1015625,1.0715113203915088,1.0715113203915088e-06,mle,0.11495750074722308,1.9039379510194447,ok,True,True,extraction,
xom,5272,2020-12-16,4760,5271,512,-2.41008315778122,linear,52,0,52,52,0,52,0.1,0.1015625,0.1015625,1.0715113203915088,1.0715113203915088e-06,mle,0.11495750074722308,1.9039379510194447,ok,True,True,extraction,
xom,5273,2020-12-17,4761,5272,512,-2.41008315778122,linear,52,0,52,52,0,52,0.1,0.1015625,0.1015625,1.0763380017283908,1.0763380017283908e-06,mle,0.11495750074722308,1.9039379510194447,ok,True,True,extraction,
xom,5274,2020-12-18,4762,5273,512,-2.41008315778122,linear,52,0,52,52,0,52,0.1,0.1015625,0.1015625,1.0676237408584606,1.0676237408584606e-06,mle,0.11495750074722308,1.9039379510194447,ok,True,True,extraction,
xom,5275,2020-12-21,4763,5274,512,-2.41008315778122,linear,52,0,52,52,0,52,0.1,0.1015625,0.1015625,1.0763380017283908,1.0763380017283908e-06,mle,0.11495750074722308,1.9039379510194447,ok,True,True,extraction,
xom,5276,2020-12-22,4764,5275,512,-2.41008315778122,linear,52,0,52,52,0,52,0.1,0.1015625,0.1015625,1.0763380017283908,1.0763380017283908e-06,mle,0.11495750074722308,1.9039379510194447,ok,True,True,extraction,
xom,5277,2020-12-23,4765,5276,512,-2.41008315778122,linear,52,0,52,52,0,52,0.1,0.1015625,0.1015625,1.0775642532057073,1.0775642532057071e-06,mle,0.11495750074722308,1.9039379510194447,ok,True,True,extraction,
xom,5278,2020-12-24,4766,5277,512,-2.41008315778122,linear,52,0,52,52,0,52,0.1,0.1015625,0.1015625,1.0809638447459027,1.0809638447459025e-06,mle,0.11495750074722308,1.9039379510194447,ok,True,True,extraction,
xom,5279,2020-12-28,4767,5278,512,-2.41008315778122,linear,52,0,52,52,0,52,0.1,0.1015625,0.1015625,1.0775642532057073,1.0775642532057071e-06,mle,0.11495750074722308,1.9039379510194447,ok,True,True,extraction,
xom,5280,2020-12-29,4768,5279,512,-2.41008315778122,linear,52,0,52,52,0,52,0.1,0.1015625,0.1015625,1.0763380017283908,1.0763380017283908e-06,mle,0.11495750074722308,1.9039379510194447,ok,True,True,extraction,
xom,5281,2020-12-30,4769,5280,512,-2.41008315778122,linear,52,0,52,52,0,52,0.1,0.1015625,0.1015625,1.0676237408584606,1.0676237408584606e-06,mle,0.11495750074722308,1.9039379510194447,ok,True,True,extraction,
xom,5282,2020-12-31,4770,5281,512,-2.3977089520743085,linear,52,0,52,52,0,52,0.1,0.1015625,0.1015625,1.0518859020515128,1.0518859020515127e-06,mle,0.11700526822989529,1.9040097243673362,ok,True,True,extraction,
xom,5283,2021-01-04,4771,5282,512,-2.3977089520743085,linear,52,0,52,52,0,52,0.1,0.1015625,0.1015625,1.0469903572815094,1.0469903572815092e-06,mle,0.11700526822989529,1.9040097243673362,ok,True,True,extraction,
xom,5284,2021-01-05,4772,5283,512,-2.378278198164103,linear,52,0,52,52,0,52,0.1,0.1015625,0.1015625,1.0477305691981096,1.0477305691981095e-06,mle,0.12145542594155324,1.9001499613427706,ok,True,True,extraction,
xom,5285,2021-01-06,4773,5284,512,-2.378278198164103,linear,52,0,52,52,0,52,0.1,0.1015625,0.1015625,1.055403056748415,1.055403056748415e-06,mle,0.12145542594155324,1.9001499613427706,ok,True,True,extraction,
xom,5286,2021-01-07,4774,5285,512,-2.3715406786337154,linear,52,0,52,52,0,52,0.1,0.1015625,0.1015625,1.0502417098982526,1.0502417098982525e-06,mle,0.14977360694813097,1.8223742293899658,ok,True,True,extraction,
xom,5287,2021-01-08,4775,5286,512,-2.3715406786337154,linear,52,0,52,52,0,52,0.1,0.1015625,0.1015625,1.0468421183580572,1.0468421183580571e-06,mle,0.14977360694813097,1.8223742293899658,ok,True,True,extraction,
xom,5288,2021-01-11,4776,5287,512,-2.3715406786337154,linear,52,0,52,52,0,52,0.1,0.1015625,0.1015625,1.0502417098982526,1.0502417098982525e-06,mle,0.14977360694813097,1.8223742293899658,ok,True,True,extraction,
xom,5289,2021-01-12,4777,5288,512,-2.3715406786337154,linear,52,0,52,52,0,52,0.1,0.1015625,0.1015625,1.0487628188093157,1.0487628188093157e-06,mle,0.14977360694813097,1.8223742293899658,ok,True,True,extraction,
xom,5290,2021-01-13,4778,5289,512,-2.3715406786337154,linear,52,0,52,52,0,52,0.1,0.1015625,0.1015625,1.0507039747398925,1.0507039747398926e-06,mle,0.14977360694813097,1.8223742293899658,ok,True,True,extraction,
xom,5291,2021-01-14,4779,5290,512,-2.3715406786337154,linear,52,0,52,52,0,52,0.1,0.1015625,0.1015625,1.0507039747398925,1.0507039747398926e-06,mle,0.14977360694813097,1.8223742293899658,ok,True,True,extraction,
xom,5292,2021-01-15,4780,5291,512,-2.3715406786337154,linear,52,0,52,52,0,52,0.1,0.1015625,0.1015625,1.0425531563535049,1.0425531563535048e-06,mle,0.14977360694813097,1.8223742293899658,ok,True,True,extraction,
xom,5293,2021-01-19,4781,5292,512,-2.378278198164103,linear,52,0,52,52,0,52,0.1,0.1015625,0.1015625,1.0507039747398925,1.0507039747398926e-06,mle,0.11098979029061168,1.9398122952685017,ok,True,True,extraction,
xom,5294,2021-01-20,4782,5293,512,-2.378278198164103,linear,52,0,52,52,0,52,0.1,0.1015625,0.1015625,1.0525989523894543,1.0525989523894542e-06,mle,0.11098979029061168,1.9398122952685017,ok,True,True,extraction,
xom,5295,2021-01-21,4783,5294,512,-2.378278198164103,linear,52,0,52,52,0,52,0.1,0.1015625,0.1015625,1.0529583336195696,1.0529583336195695e-06,mle,0.11098979029061168,1.9398122952685017,ok,True,True,extraction,
xom,5296,2021-01-22,4784,5295,512,-2.3977089520743085,linear,52,0,52,52,0,52,0.1,0.1015625,0.1015625,1.0685014765175773,1.0685014765175772e-06,mle,0.11031005510291017,1.9328063362141004,ok,True,True,extraction,
xom,5297,2021-01-25,4785,5296,512,-2.3977089520743085,linear,52,0,52,52,0,52,0.1,0.1015625,0.1015625,1.068646254897752,1.068646254897752e-06,mle,0.11031005510291017,1.9328063362141004,ok,True,True,extraction,
xom,5298,2021-01-26,4786,5297,512,-2.3977089520743085,linear,52,0,52,52,0,52,0.1,0.1015625,0.1015625,1.068646254897752,1.068646254897752e-06,mle,0.11031005510291017,1.9328063362141004,ok,True,True,extraction,
xom,5299,2021-01-27,4787,5298,512,-2.3977089520743085,linear,52,0,52,52,0,52,0.1,0.1015625,0.1015625,1.071877489059582,1.0718774890595818e-06,mle,0.11031005510291017,1.9328063362141004,ok,True,True,extraction,
xom,5300,2021-01-28,4788,5299,512,-2.3977089520743085,linear,52,0,52,52,0,52,0.1,0.1015625,0.1015625,1.085683642588861,1.085683642588861e-06,mle,0.11031005510291017,1.9328063362141004,ok,True,True,extraction,
xom,5301,2021-01-29,4789,5300,512,-2.3977089520743085,linear,52,0,52,52,0,52,0.1,0.1015625,0.1015625,1.0860430238189762,1.0860430238189762e-06,mle,0.11031005510291017,1.9328063362141004,ok,True,True,extraction,
xom,5302,2021-02-01,4790,5301,512,-2.41008315778122,linear,52,0,52,52,0,52,0.1,0.1015625,0.1015625,1.0921188296226307,1.0921188296226307e-06,mle,0.11087963622792292,1.9253820772804617,ok,True,True,extraction,
xom,5303,2021-02-02,4791,5302,512,-2.41008315778122,linear,52,0,52,52,0,52,0.1,0.1015625,0.1015625,1.0902238519730691,1.090223851973069e-06,mle,0.11087963622792292,1.9253820772804617,ok,True,True,extraction,
xom,5304,2021-02-03,4792,5303,512,-2.41008315778122,linear,52,0,52,52,0,52,0.1,0.1015625,0.1015625,1.0860430238189762,1.0860430238189762e-06,mle,0.11087963622792292,1.9253820772804617,ok,True,True,extraction,
xom,5305,2021-02-04,4793,5304,512,-2.41008315778122,linear,52,0,52,52,0,52,0.1,0.1015625,0.1015625,1.07331901270777,1.07331901270777e-06,mle,0.11087963622792292,1.9253820772804617,ok,True,True,extraction,
xom,5306,2021-02-05,4794,5305,512,-2.41008315778122,linear,52,0,52,52,0,52,0.1,0.1015625,0.1015625,1.0794008666573076,1.0794008666573075e-06,mle,0.11087963622792292,1.9253820772804617,ok,True,True,extraction,
xom,5307,2021-02-08,4795,5306,512,-2.41008315778122,linear,52,0,52,52,0,52,0.1,0.1015625,0.1015625,1.0860840266339298,1.0860840266339298e-06,mle,0.11087963622792292,1.9253820772804617,ok,True,True,extraction,
xom,5308,2021-02-09,4796,5307,512,-2.41008315778122,linear,52,0,52,52,0,52,0.1,0.1015625,0.1015625,1.086510234514686,1.086510234514686e-06,mle,0.11087963622792292,1.9253820772804617,ok,True,True,extraction,
xom,5309,2021-02-10,4797,5308,512,-2.41008315778122,linear,52,0,52,52,0,52,0.1,0.1015625,0.1015625,1.0895301338295336,1.0895301338295335e-06,mle,0.11087963622792292,1.9253820772804617,ok,True,True,extraction,
xom,5310,2021-02-11,4798,5309,512,-2.41008315778122,linear,52,0,52,52,0,52,0.1,0.1015625,0.1015625,1.0861899102006891,1.0861899102006891e-06,mle,0.11087963622792292,1.9253820772804617,ok,True,True,extraction,
xom,5311,2021-02-12,4799,5310,512,-2.47314638143056,linear,52,0,52,52,0,52,0.1,0.1015625,0.1015625,1.0949913981646153,1.0949913981646154e-06,mle,0.14930149274350452,1.7935822395653769,ok,True,True,extraction,
xom,5312,2021-02-16,4800,5311,512,-2.47314638143056,linear,52,0,52,52,0,52,0.1,0.1015625,0.1015625,1.0949913981646153,1.0949913981646154e-06,mle,0.14930149274350452,1.7935822395653769,ok,True,True,extraction,
xom,5313,2021-02-17,4801,5312,512,-2.47314638143056,linear,52,0,52,52,0,52,0.1,0.1015625,0.1015625,1.0861899102006891,1.0861899102006891e-06,mle,0.14930149274350452,1.7935822395653769,ok,True,True,extraction,
xom,5314,2021-02-18,4802,5313,512,-2.47314638143056,linear,52,0,52,52,0,52,0.1,0.1015625,0.1015625,1.0861899102006891,1.0861899102006891e-06,mle,0.14930149274350452,1.7935822395653769,ok,True,True,extraction,
xom,5315,2021-02-19,4803,5314,512,-2.47314638143056,linear,52,0,52,52,0,52,0.1,0.1015625,0.1015625,1.0895301338295336,1.0895301338295335e-06,mle,0.14930149274350452,1.7935822395653769,ok,True,True,extraction,
xom,5316,2021-02-22,4804,5315,512,-2.47314638143056,linear,52,0,52,52,0,52,0.1,0.1015625,0.1015625,1.086510234514686,1.086510234514686e-06,mle,0.14930149274350452,1.7935822395653769,ok,True,True,extraction,
xom,5317,2021-02-23,4805,5316,512,-2.47314638143056,linear,52,0,52,52,0,52,0.1,0.1015625,0.1015625,1.09069122015873,1.0906912201587299e-06,mle,0.14930149274350452,1.7935822395653769,ok,True,True,extraction,
xom,5318,2021-02-24,4806,5317,512,-2.47314638143056,linear,52,0,52,52,0,52,0.1,0.1015625,0.1015625,1.0949650359286753,1.0949650359286753e-06,mle,0.14930149274350452,1.7935822395653769,ok,True,True,extraction,
xom,5319,2021-02-25,4807,5318,512,-2.47314638143056,linear,52,0,52,52,0,52,0.1,0.1015625,0.1015625,1.0949650359286753,1.0949650359286753e-06,mle,0.14930149274350452,1.7935822395653769,ok,True,True,extraction,
xom,5320,2021-02-26,4808,5319,512,-2.47314638143056,linear,52,0,52,52,0,52,0.1,0.1015625,0.1015625,1.1040599964385163,1.1040599964385162e-06,mle,0.14930149274350452,1.7935822395653769,ok,True,True,extraction,
xom,5321,2021-03-01,4809,5320,512,-2.4993781752893716,linear,52,0,52,52,0,52,0.1,0.1015625,0.1015625,1.1037037653450756,1.1037037653450756e-06,mle,0.16748738410349562,1.7362936412948262,ok,True,True,extraction,
xom,5322,2021-03-02,4810,5321,512,-2.4993781752893716,linear,52,0,52,52,0,52,0.1,0.1015625,0.1015625,1.1037037653450756,1.1037037653450756e-06,mle,0.16748738410349562,1.7362936412948262,ok,True,True,extraction,
xom,5323,2021-03-03,4811,5322,512,-2.4993781752893716,linear,52,0,52,52,0,52,0.1,0.1015625,0.1015625,1.1097714743925824,1.1097714743925824e-06,mle,0.16748738410349562,1.7362936412948262,ok,True,True,extraction,
xom,5324,2021-03-04,4812,5323,512,-2.4993781752893716,linear,52,0,52,52,0,52,0.1,0.1015625,0.1015625,1.1097714743925824,1.1097714743925824e-06,mle,0.16748738410349562,1.7362936412948262,ok,True,True,extraction,
xom,5325,2021-03-05,4813,5324,512,-2.4993781752893716,linear,52,0,52,52,0,52,0.1,0.1015625,0.1015625,1.1145916677649095,1.1145916677649093e-06,mle,0.16748738410349562,1.7362936412948262,ok,True,True,extraction,
xom,5326,2021-03-08,4814,5325,512,-2.4993781752893716,linear,52,0,52,52,0,52,0.1,0.1015625,0.1015625,1.1248512461673092,1.1248512461673091e-06,mle,0.16748738410349562,1.7362936412948262,ok,True,True,extraction,
xom,5327,2021-03-09,4815,5326,512,-2.4993781752893716,linear,52,0,52,52,0,52,0.1,0.1015625,0.1015625,1.1248512461673092,1.1248512461673091e-06,mle,0.16748738410349562,1.7362936412948262,ok,True,True,extraction,
xom,5328,2021-03-10,4816,5327,512,-2.4993781752893716,linear,52,0,52,52,0,52,0.1,0.1015625,0.1015625,1.1275691802327024,1.1275691802327022e-06,mle,0.16748738410349562,1.7362936412948262,ok,True,True,extraction,
xom,5329,2021-03-11,4817,5328,512,-2.4993781752893716,linear,52,0,52,52,0,52,0.1,0.1015625,0.1015625,1.1275691802327024,1.1275691802327022e-06,mle,0.16748738410349562,1.7362936412948262,ok,True,True,extraction,
xom,5330,2021-03-12,4818,5329,512,-2.4993781752893716,linear,52,0,52,52,0,52,0.1,0.1015625,0.1015625,1.1275691802327024,1.1275691802327022e-06,mle,0.16748738410349562,1.7362936412948262,ok,True,True,extraction,
xom,5331,2021-03-15,4819,5330,512,-2.4993781752893716,linear,52,0,52,52,0,52,0.1,0.1015625,0.1015625,1.1275691802327024,1.1275691802327022e-06,mle,0.16748738410349562,1.7362936412948262,ok,True,True,extraction,
xom,5332,2021-03-16,4820,5331,512,-2.5221309965133147,linear,52,0,52,52,0,52,0.1,0.1015625,0.1015625,1.1340206950932095,1.1340206950932095e-06,mle,0.18281127193904814,1.6890884249724523,ok,True,True,extraction,
xom,5333,2021-03-17,4821,5332,512,-2.5221309965133147,linear,52,0,52,52,0,52,0.1,0.1015625,0.1015625,1.1377420809238212,1.1377420809238212e-06,mle,0.18281127193904814,1.6890884249724523,ok,True,True,extraction,
xom,5334,2021-03-18,4822,5333,512,-2.5221309965133147,linear,52,0,52,52,0,52,0.1,0.1015625,0.1015625,1.1361563480826076,1.1361563480826076e-06,mle,0.18281127193904814,1.6890884249724523,ok,True,True,extraction,
xom,5335,2021-03-19,4823,5334,512,-2.5340871504969447,linear,52,0,52,52,0,52,0.1,0.1015625,0.1015625,1.1377420809238212,1.1377420809238212e-06,mle,0.15114432966265423,1.7707901308994005,ok,True,True,extraction,
xom,5336,2021-03-22,4824,5335,512,-2.5340871504969447,linear,52,0,52,52,0,52,0.1,0.1015625,0.1015625,1.129421176681418,1.129421176681418e-06,mle,0.15114432966265423,1.7707901308994005,ok,True,True,extraction,
xom,5337,2021-03-23,4825,5336,512,-2.5340871504969447,linear,52,0,52,52,0,52,0.1,0.1015625,0.1015625,1.12542387354635,1.12542387354635e-06,mle,0.15114432966265423,1.7707901308994005,ok,True,True,extraction,
xom,5338,2021-03-24,4826,5337,512,-2.5340871504969447,linear,52,0,52,52,0,52,0.1,0.1015625,0.1015625,1.1335174083930193,1.1335174083930193e-06,mle,0.15114432966265423,1.7707901308994005,ok,True,True,extraction,
xom,5339,2021-03-25,4827,5338,512,-2.5340871504969447,linear,52,0,52,52,0,52,0.1,0.1015625,0.1015625,1.1339365105484518,1.1339365105484517e-06,mle,0.15114432966265423,1.7707901308994005,ok,True,True,extraction,
xom,5340,2021-03-26,4828,5339,512,-2.5340871504969447,linear,52,0,52,52,0,52,0.1,0.1015625,0.1015625,1.1339365105484518,1.1339365105484517e-06,mle,0.15114432966265423,1.7707901308994005,ok,True,True,extraction,
xom,5341,2021-03-29,4829,5340,512,-2.5340871504969447,linear,52,0,52,52,0,52,0.1,0.1015625,0.1015625,1.1414619419701897,1.1414619419701895e-06,mle,0.15114432966265423,1.7707901308994005,ok,True,True,extraction,
xom,5342,2021-03-30,4830,5341,512,-2.5340871504969447,linear,52,0,52,52,0,52,0.1,0.1015625,0.1015625,1.1339365105484518,1.1339365105484517e-06,mle,0.15114432966265423,1.7707901308994005,ok,True,True,extraction,
xom,5343,2021-03-31,4831,5342,512,-2.5340871504969447,linear,52,0,52,52,0,52,0.1,0.1015625,0.1015625,1.1339365105484518,1.1339365105484517e-06,mle,0.15114432966265423,1.7707901308994005,ok,True,True,extraction,
xom,5344,2021-04-01,4832,5343,512,-2.5340871504969447,linear,52,0,52,52,0,52,0.1,0.1015625,0.1015625,1.1506228286029256,1.1506228286029255e-06,mle,0.15114432966265423,1.7707901308994005,ok,True,True,extraction,
xom,5345,2021-04-05,4833,5344,512,-2.5340871504969447,linear,52,0,52,52,0,52,0.1,0.1015625,0.1015625,1.152010306823458,1.152010306823458e-06,mle,0.15114432966265423,1.7707901308994005,ok,True,True,extraction,
xom,5346,2021-04-06,4834,5345,512,-2.5340871504969447,linear,52,0,52,52,0,52,0.1,0.1015625,0.1015625,1.152010306823458,1.152010306823458e-06,mle,0.15114432966265423,1.7707901308994005,ok,True,True,extraction,
xom,5347,2021-04-07,4835,5346,512,-2.5340871504969447,linear,52,0,52,52,0,52,0.1,0.1015625,0.1015625,1.152010306823458,1.152010306823458e-06,mle,0.15114432966265423,1.7707901308994005,ok,True,True,extraction,
xom,5348,2021-04-08,4836,5347,512,-2.5340871504969447,linear,52,0,52,52,0,52,0.1,0.1015625,0.1015625,1.1506228286029256,1.1506228286029255e-06,mle,0.15114432966265423,1.7707901308994005,ok,True,True,extraction,
xom,5349,2021-04-09,4837,5348,512,-2.5340871504969447,linear,52,0,52,52,0,52,0.1,0.1015625,0.1015625,1.1506228286029256,1.1506228286029255e-06,mle,0.15114432966265423,1.7707901308994005,ok,True,True,extraction,
xom,5350,2021-04-12,4838,5349,512,-2.5340871504969447,linear,52,0,52,52,0,52,0.1,0.1015625,0.1015625,1.1621376410799096,1.1621376410799094e-06,mle,0.15114432966265423,1.7707901308994005,ok,True,True,extraction,
xom,5351,2021-04-13,4839,5350,512,-2.5340871504969447,linear,52,0,52,52,0,52,0.1,0.1015625,0.1015625,1.1636078534313339,1.163607853431334e-06,mle,0.15114432966265423,1.7707901308994005,ok,True,True,extraction,
xom,5352,2021-04-14,4840,5351,512,-2.5340871504969447,linear,52,0,52,52,0,52,0.1,0.1015625,0.1015625,1.1583121716752438,1.1583121716752439e-06,mle,0.15114432966265423,1.7707901308994005,ok,True,True,extraction,
xom,5353,2021-04-15,4841,5352,512,-2.5340871504969447,linear,52,0,52,52,0,52,0.1,0.1015625,0.1015625,1.1621376410799096,1.1621376410799094e-06,mle,0.15114432966265423,1.7707901308994005,ok,True,True,extraction,
xom,5354,2021-04-16,4842,5353,512,-2.5340871504969447,linear,52,0,52,52,0,52,0.1,0.1015625,0.1015625,1.1621376410799096,1.1621376410799094e-06,mle,0.15114432966265423,1.7707901308994005,ok,True,True,extraction,
xom,5355,2021-04-19,4843,5354,512,-2.5340871504969447,linear,52,0,52,52,0,52,0.1,0.1015625,0.1015625,1.1583121716752438,1.1583121716752439e-06,mle,0.15114432966265423,1.7707901308994005,ok,True,True,extraction,
xom,5356,2021-04-20,4844,5355,512,-2.5340871504969447,linear,52,0,52,52,0,52,0.1,0.1015625,0.1015625,1.1583121716752438,1.1583121716752439e-06,mle,0.15114432966265423,1.7707901308994005,ok,True,True,extraction,
xom,5357,2021-04-21,4845,5356,512,-2.5340871504969447,linear,52,0,52,52,0,52,0.1,0.1015625,0.1015625,1.1671809683176733,1.1671809683176732e-06,mle,0.15114432966265423,1.7707901308994005,ok,True,True,extraction,
xom,5358,2021-04-22,4846,5357,512,-2.5340871504969447,linear,52,0,52,52,0,52,0.1,0.1015625,0.1015625,1.167584960695197,1.167584960695197e-06,mle,0.15114432966265423,1.7707901308994005,ok,True,True,extraction,
xom,5359,2021-04-23,4847,5358,512,-2.5340871504969447,linear,52,0,52,52,0,52,0.1,0.1015625,0.1015625,1.167584960695197,1.167584960695197e-06,mle,0.15114432966265423,1.7707901308994005,ok,True,True,extraction,
xom,5360,2021-04-26,4848,5359,512,-2.5340871504969447,linear,52,0,52,52,0,52,0.1,0.1015625,0.1015625,1.167584960695197,1.167584960695197e-06,mle,0.15114432966265423,1.7707901308994005,ok,True,True,extraction,
xom,5361,2021-04-27,4849,5360,512,-2.5340871504969447,linear,52,0,52,52,0,52,0.1,0.1015625,0.1015625,1.1670748096789052,1.1670748096789052e-06,mle,0.15114432966265423,1.7707901308994005,ok,True,True,extraction,
xom,5362,2021-04-28,4850,5361,512,-2.5340871504969447,linear,52,0,52,52,0,52,0.1,0.1015625,0.1015625,1.164995331651866,1.164995331651866e-06,mle,0.15114432966265423,1.7707901308994005,ok,True,True,extraction,
xom,5363,2021-04-29,4851,5362,512,-2.5340871504969447,linear,52,0,52,52,0,52,0.1,0.1015625,0.1015625,1.174052745991947,1.1740527459919469e-06,mle,0.15114432966265423,1.7707901308994005,ok,True,True,extraction,
xom,5364,2021-04-30,4852,5363,512,-2.5340871504969447,linear,52,0,52,52,0,52,0.1,0.1015625,0.1015625,1.1854084194403474,1.1854084194403473e-06,mle,0.15114432966265423,1.7707901308994005,ok,True,True,extraction,
xom,5365,2021-05-03,4853,5364,512,-2.535750663639866,linear,52,0,52,52,0,52,0.1,0.1015625,0.1015625,1.1886692124777376,1.1886692124777375e-06,mle,0.14119708160814598,1.7953510184214765,ok,True,True,extraction,
xom,5366,2021-05-04,4854,5365,512,-2.535750663639866,linear,52,0,52,52,0,52,0.1,0.1015625,0.1015625,1.1886692124777376,1.1886692124777375e-06,mle,0.14119708160814598,1.7953510184214765,ok,True,True,extraction,
xom,5367,2021-05-05,4855,5366,512,-2.535750663639866,linear,52,0,52,52,0,52,0.1,0.1015625,0.1015625,1.1886692124777376,1.1886692124777375e-06,mle,0.14119708160814598,1.7953510184214765,ok,True,True,extraction,
xom,5368,2021-05-06,4856,5367,512,-2.535750663639866,linear,52,0,52,52,0,52,0.1,0.1015625,0.1015625,1.1860406420714344,1.1860406420714343e-06,mle,0.14119708160814598,1.7953510184214765,ok,True,True,extraction,
xom,5369,2021-05-07,4857,5368,512,-2.535750663639866,linear,52,0,52,52,0,52,0.1,0.1015625,0.1015625,1.1860406420714344,1.1860406420714343e-06,mle,0.14119708160814598,1.7953510184214765,ok,True,True,extraction,
xom,5370,2021-05-10,4858,5369,512,-2.535750663639866,linear,52,0,52,52,0,52,0.1,0.1015625,0.1015625,1.1832902118792004,1.1832902118792002e-06,mle,0.14119708160814598,1.7953510184214765,ok,True,True,extraction,
xom,5371,2021-05-11,4859,5370,512,-2.535750663639866,linear,52,0,52,52,0,52,0.1,0.1015625,0.1015625,1.1753877830561927,1.1753877830561926e-06,mle,0.14119708160814598,1.7953510184214765,ok,True,True,extraction,
xom,5372,2021-05-12,4860,5371,512,-2.578003763013431,linear,52,0,52,52,0,52,0.1,0.1015625,0.1015625,1.196227956337728,1.196227956337728e-06,mle,0.15229075862913644,1.7483627034345548,ok,True,True,extraction,
xom,5373,2021-05-13,4861,5372,512,-2.578003763013431,linear,52,0,52,52,0,52,0.1,0.1015625,0.1015625,1.1753877830561927,1.1753877830561926e-06,mle,0.15229075862913644,1.7483627034345548,ok,True,True,extraction,
xom,5374,2021-05-14,4862,5373,512,-2.578003763013431,linear,52,0,52,52,0,52,0.1,0.1015625,0.1015625,1.1624500385976648,1.1624500385976649e-06,mle,0.15229075862913644,1.7483627034345548,ok,True,True,extraction,
xom,5375,2021-05-17,4863,5374,512,-2.578003763013431,linear,52,0,52,52,0,52,0.1,0.1015625,0.1015625,1.1753877830561927,1.1753877830561926e-06,mle,0.15229075862913644,1.7483627034345548,ok,True,True,extraction,
xom,5376,2021-05-18,4864,5375,512,-2.578003763013431,linear,52,0,52,52,0,52,0.1,0.1015625,0.1015625,1.1936284358276477,1.1936284358276476e-06,mle,0.15229075862913644,1.7483627034345548,ok,True,True,extraction,
xom,5377,2021-05-19,4865,5376,512,-2.587783052232493,linear,52,0,52,52,0,52,0.1,0.1015625,0.1015625,1.2091094715697008,1.2091094715697007e-06,mle,0.1507757725785183,1.7475314740097314,ok,True,True,extraction,
xom,5378,2021-05-20,4866,5377,512,-2.587783052232493,linear,52,0,52,52,0,52,0.1,0.1015625,0.1015625,1.2167801925445183,1.2167801925445182e-06,mle,0.1507757725785183,1.7475314740097314,ok,True,True,extraction,
xom,5379,2021-05-21,4867,5378,512,-2.587783052232493,linear,52,0,52,52,0,52,0.1,0.1015625,0.1015625,1.2140286521272374,1.2140286521272374e-06,mle,0.1507757725785183,1.7475314740097314,ok,True,True,extraction,
xom,5380,2021-05-24,4868,5379,512,-2.587783052232493,linear,52,0,52,52,0,52,0.1,0.1015625,0.1015625,1.2140286521272374,1.2140286521272374e-06,mle,0.1507757725785183,1.7475314740097314,ok,True,True,extraction,
xom,5381,2021-05-25,4869,5380,512,-2.587783052232493,linear,52,0,52,52,0,52,0.1,0.1015625,0.1015625,1.220562539241031,1.220562539241031e-06,mle,0.1507757725785183,1.7475314740097314,ok,True,True,extraction,
xom,5382,2021-05-26,4870,5381,512,-2.587783052232493,linear,52,0,52,52,0,52,0.1,0.1015625,0.1015625,1.2218356346135832,1.2218356346135832e-06,mle,0.1507757725785183,1.7475314740097314,ok,True,True,extraction,
xom,5383,2021-05-27,4871,5382,512,-2.587783052232493,linear,52,0,52,52,0,52,0.1,0.1015625,0.1015625,1.227590768256355,1.2275907682563548e-06,mle,0.1507757725785183,1.7475314740097314,ok,True,True,extraction,
xom,5384,2021-05-28,4872,5383,512,-2.587783052232493,linear,52,0,52,52,0,52,0.1,0.1015625,0.1015625,1.2393119912452657,1.2393119912452657e-06,mle,0.1507757725785183,1.7475314740097314,ok,True,True,extraction,
xom,5385,2021-06-01,4873,5384,512,-2.587783052232493,linear,52,0,52,52,0,52,0.1,0.1015625,0.1015625,1.2393119912452657,1.2393119912452657e-06,mle,0.1507757725785183,1.7475314740097314,ok,True,True,extraction,
xom,5386,2021-06-02,4874,5385,512,-2.587783052232493,linear,52,0,52,52,0,52,0.1,0.1015625,0.1015625,1.2446961884662613,1.2446961884662612e-06,mle,0.1507757725785183,1.7475314740097314,ok,True,True,extraction,
xom,5387,2021-06-03,4875,5386,512,-2.587783052232493,linear,52,0,52,52,0,52,0.1,0.1015625,0.1015625,1.2446961884662613,1.2446961884662612e-06,mle,0.1507757725785183,1.7475314740097314,ok,True,True,extraction,
xom,5388,2021-06-04,4876,5387,512,-2.587783052232493,linear,52,0,52,52,0,52,0.1,0.1015625,0.1015625,1.2313731149528677,1.2313731149528677e-06,mle,0.1507757725785183,1.7475314740097314,ok,True,True,extraction,
xom,5389,2021-06-07,4877,5388,512,-2.587783052232493,linear,52,0,52,52,0,52,0.1,0.1015625,0.1015625,1.2229816405676446,1.2229816405676445e-06,mle,0.1507757725785183,1.7475314740097314,ok,True,True,extraction,
xom,5390,2021-06-08,4878,5389,512,-2.587783052232493,linear,52,0,52,52,0,52,0.1,0.1015625,0.1015625,1.227590768256355,1.2275907682563548e-06,mle,0.1507757725785183,1.7475314740097314,ok,True,True,extraction,
xom,5391,2021-06-09,4879,5390,512,-2.587783052232493,linear,52,0,52,52,0,52,0.1,0.1015625,0.1015625,1.2229816405676446,1.2229816405676445e-06,mle,0.1507757725785183,1.7475314740097314,ok,True,True,extraction,
xom,5392,2021-06-10,4880,5391,512,-2.587783052232493,linear,52,0,52,52,0,52,0.1,0.1015625,0.1015625,1.219344118842414,1.219344118842414e-06,mle,0.1507757725785183,1.7475314740097314,ok,True,True,extraction,
xom,5393,2021-06-11,4881,5392,512,-2.587783052232493,linear,52,0,52,52,0,52,0.1,0.1015625,0.1015625,1.2175167536402607,1.2175167536402607e-06,mle,0.1507757725785183,1.7475314740097314,ok,True,True,extraction,
xom,5394,2021-06-14,4882,5393,512,-2.587783052232493,linear,52,0,52,52,0,52,0.1,0.1015625,0.1015625,1.2093517796792548,1.2093517796792547e-06,mle,0.1507757725785183,1.7475314740097314,ok,True,True,extraction,
xom,5395,2021-06-15,4883,5394,512,-2.587783052232493,linear,52,0,52,52,0,52,0.1,0.1015625,0.1015625,1.2134683049094943,1.2134683049094943e-06,mle,0.1507757725785183,1.7475314740097314,ok,True,True,extraction,
xom,5396,2021-06-16,4884,5395,512,-2.587783052232493,linear,52,0,52,52,0,52,0.1,0.1015625,0.1015625,1.2134683049094943,1.2134683049094943e-06,mle,0.1507757725785183,1.7475314740097314,ok,True,True,extraction,
xom,5397,2021-06-17,4885,5396,512,-2.587783052232493,linear,52,0,52,52,0,52,0.1,0.1015625,0.1015625,1.2134683049094943,1.2134683049094943e-06,mle,0.1507757725785183,1.7475314740097314,ok,True,True,extraction,
xom,5398,2021-06-18,4886,5397,512,-2.621127545029438,linear,52,0,52,52,0,52,0.1,0.1015625,0.1015625,1.220562539241031,1.220562539241031e-06,mle,0.15433265573244676,1.724320428592954,ok,True,True,extraction,
xom,5399,2021-06-21,4887,5398,512,-2.6221323070974076,linear,52,0,52,52,0,52,0.1,0.1015625,0.1015625,1.2223371015519238,1.2223371015519236e-06,mle,0.1550527223003177,1.7221487882698683,ok,True,True,extraction,
xom,5400,2021-06-22,4888,5399,512,-2.6221323070974076,linear,52,0,52,52,0,52,0.1,0.1015625,0.1015625,1.2239128315232768,1.2239128315232767e-06,mle,0.1550527223003177,1.7221487882698683,ok,True,True,extraction,
xom,5401,2021-06-23,4889,5400,512,-2.6221323070974076,linear,52,0,52,52,0,52,0.1,0.1015625,0.1015625,1.2254685173736153,1.2254685173736152e-06,mle,0.1550527223003177,1.7221487882698683,ok,True,True,extraction,
xom,5402,2021-06-24,4890,5401,512,-2.6221323070974076,linear,52,0,52,52,0,52,0.1,0.1015625,0.1015625,1.2254685173736153,1.2254685173736152e-06,mle,0.1550527223003177,1.7221487882698683,ok,True,True,extraction,
xom,5403,2021-06-25,4891,5402,512,-2.6221323070974076,linear,52,0,52,52,0,52,0.1,0.1015625,0.1015625,1.2254685173736153,1.2254685173736152e-06,mle,0.1550527223003177,1.7221487882698683,ok,True,True,extraction,
xom,5404,2021-06-28,4892,5403,512,-2.6221323070974076,linear,52,0,52,52,0,52,0.1,0.1015625,0.1015625,1.2263855502826901,1.2263855502826902e-06,mle,0.1550527223003177,1.7221487882698683,ok,True,True,extraction,
xom,5405,2021-06-29,4893,5404,512,-2.6221323070974076,linear,52,0,52,52,0,52,0.1,0.1015625,0.1015625,1.2281201075972463,1.2281201075972462e-06,mle,0.1550527223003177,1.7221487882698683,ok,True,True,extraction,
xom,5406,2021-06-30,4894,5405,512,-2.6221323070974076,linear,52,0,52,52,0,52,0.1,0.1015625,0.1015625,1.2271736671604345,1.2271736671604346e-06,mle,0.1550527223003177,1.7221487882698683,ok,True,True,extraction,
xom,5407,2021-07-01,4895,5406,512,-2.6221323070974076,linear,52,0,52,52,0,52,0.1,0.1015625,0.1015625,1.2281201075972463,1.2281201075972462e-06,mle,0.1550527223003177,1.7221487882698683,ok,True,True,extraction,
xom,5408,2021-07-02,4896,5407,512,-2.6221323070974076,linear,52,0,52,52,0,52,0.1,0.1015625,0.1015625,1.2254685173736153,1.2254685173736152e-06,mle,0.1550527223003177,1.7221487882698683,ok,True,True,extraction,
xom,5409,2021-07-06,4897,5408,512,-2.6221323070974076,linear,52,0,52,52,0,52,0.1,0.1015625,0.1015625,1.2229816405676446,1.2229816405676445e-06,mle,0.1550527223003177,1.7221487882698683,ok,True,True,extraction,
xom,5410,2021-07-07,4898,5409,512,-2.6289486197288157,linear,52,0,52,52,0,52,0.1,0.1015625,0.1015625,1.2254685173736153,1.2254685173736152e-06,mle,0.1521007532017046,1.7261849363899375,ok,True,True,extraction,
xom,5411,2021-07-08,4899,5410,512,-2.6289486197288157,linear,52,0,52,52,0,52,0.1,0.1015625,0.1015625,1.2281201075972463,1.2281201075972462e-06,mle,0.1521007532017046,1.7261849363899375,ok,True,True,extraction,
xom,5412,2021-07-09,4900,5411,512,-2.6289486197288157,linear,52,0,52,52,0,52,0.1,0.1015625,0.1015625,1.2271736671604345,1.2271736671604346e-06,mle,0.1521007532017046,1.7261849363899375,ok,True,True,extraction,
xom,5413,2021-07-12,4901,5412,512,-2.6289486197288157,linear,52,0,52,52,0,52,0.1,0.1015625,0.1015625,1.2296664300408624,1.2296664300408624e-06,mle,0.1521007532017046,1.7261849363899375,ok,True,True,extraction,
xom,5414,2021-07-13,4902,5413,512,-2.6289486197288157,linear,52,0,52,52,0,52,0.1,0.1015625,0.1015625,1.2296664300408624,1.2296664300408624e-06,mle,0.1521007532017046,1.7261849363899375,ok,True,True,extraction,
xom,5415,2021-07-14,4903,5414,512,-2.6289486197288157,linear,52,0,52,52,0,52,0.1,0.1015625,0.1015625,1.2296664300408624,1.2296664300408624e-06,mle,0.1521007532017046,1.7261849363899375,ok,True,True,extraction,
xom,5416,2021-07-15,4904,5415,512,-2.6289486197288157,linear,52,0,52,52,0,52,0.1,0.1015625,0.1015625,1.244063511941238,1.244063511941238e-06,mle,0.1521007532017046,1.7261849363899375,ok,True,True,extraction,
xom,5417,2021-07-16,4905,5416,512,-2.6289486197288157,linear,52,0,52,52,0,52,0.1,0.1015625,0.1015625,1.2471427866725449,1.2471427866725449e-06,mle,0.1521007532017046,1.7261849363899375,ok,True,True,extraction,
xom,5418,2021-07-19,4906,5417,512,-2.6436741832430055,linear,52,0,52,52,0,52,0.1,0.1015625,0.1015625,1.2598411086446943,1.2598411086446944e-06,mle,0.15706423038077355,1.7067676711162534,ok,True,True,extraction,
xom,5419,2021-07-20,4907,5418,512,-2.680518569014662,linear,52,0,52,52,0,52,0.1,0.1015625,0.1015625,1.2710330674261692,1.2710330674261691e-06,mle,0.16108025295732636,1.6814478755843814,ok,True,True,extraction,
xom,5420,2021-07-21,4908,5419,512,-2.680518569014662,linear,52,0,52,52,0,52,0.1,0.1015625,0.1015625,1.2836819597986928,1.2836819597986928e-06,mle,0.16108025295732636,1.6814478755843814,ok,True,True,extraction,
xom,5421,2021-07-22,4909,5420,512,-2.680518569014662,linear,52,0,52,52,0,52,0.1,0.1015625,0.1015625,1.2836819597986928,1.2836819597986928e-06,mle,0.16108025295732636,1.6814478755843814,ok,True,True,extraction,
xom,5422,2021-07-23,4910,5421,512,-2.680518569014662,linear,52,0,52,52,0,52,0.1,0.1015625,0.1015625,1.2908981974122435,1.2908981974122434e-06,mle,0.16108025295732636,1.6814478755843814,ok,True,True,extraction,
xom,5423,2021-07-26,4911,5422,512,-2.680518569014662,linear,52,0,52,52,0,52,0.1,0.1015625,0.1015625,1.2908981974122435,1.2908981974122434e-06,mle,0.16108025295732636,1.6814478755843814,ok,True,True,extraction,
xom,5424,2021-07-27,4912,5423,512,-2.680518569014662,linear,52,0,52,52,0,52,0.1,0.1015625,0.1015625,1.2866910115226626,1.2866910115226625e-06,mle,0.16108025295732636,1.6814478755843814,ok,True,True,extraction,
xom,5425,2021-07-28,4913,5424,512,-2.680518569014662,linear,52,0,52,52,0,52,0.1,0.1015625,0.1015625,1.2836819597986928,1.2836819597986928e-06,mle,0.16108025295732636,1.6814478755843814,ok,True,True,extraction,
xom,5426,2021-07-29,4914,5425,512,-2.680518569014662,linear,52,0,52,52,0,52,0.1,0.1015625,0.1015625,1.2679376807992075,1.2679376807992074e-06,mle,0.16108025295732636,1.6814478755843814,ok,True,True,extraction,
xom,5427,2021-07-30,4915,5426,512,-2.680518569014662,linear,52,0,52,52,0,52,0.1,0.1015625,0.1015625,1.2634280798845174,1.2634280798845175e-06,mle,0.16108025295732636,1.6814478755843814,ok,True,True,extraction,
xom,5428,2021-08-02,4916,5427,512,-2.680518569014662,linear,52,0,52,52,0,52,0.1,0.1015625,0.1015625,1.2735429881483968,1.2735429881483968e-06,mle,0.16108025295732636,1.6814478755843814,ok,True,True,extraction,
xom,5429,2021-08-03,4917,5428,512,-2.680518569014662,linear,52,0,52,52,0,52,0.1,0.1015625,0.1015625,1.2735429881483968,1.2735429881483968e-06,mle,0.16108025295732636,1.6814478755843814,ok,True,True,extraction,
xom,5430,2021-08-04,4918,5429,512,-2.680518569014662,linear,52,0,52,52,0,52,0.1,0.1015625,0.1015625,1.2735429881483968,1.2735429881483968e-06,mle,0.16108025295732636,1.6814478755843814,ok,True,True,extraction,
xom,5431,2021-08-05,4919,5430,512,-2.680518569014662,linear,52,0,52,52,0,52,0.1,0.1015625,0.1015625,1.2922112007740423,1.2922112007740423e-06,mle,0.16108025295732636,1.6814478755843814,ok,True,True,extraction,
xom,5432,2021-08-06,4920,5431,512,-2.680518569014662,linear,52,0,52,52,0,52,0.1,0.1015625,0.1015625,1.2754762061599534,1.2754762061599533e-06,mle,0.16108025295732636,1.6814478755843814,ok,True,True,extraction,
xom,5433,2021-08-09,4921,5432,512,-2.680518569014662,linear,52,0,52,52,0,52,0.1,0.1015625,0.1015625,1.2768514844740197,1.2768514844740197e-06,mle,0.16108025295732636,1.6814478755843814,ok,True,True,extraction,
xom,5434,2021-08-10,4922,5433,512,-2.680518569014662,linear,52,0,52,52,0,52,0.1,0.1015625,0.1015625,1.2935864790881086,1.2935864790881085e-06,mle,0.16108025295732636,1.6814478755843814,ok,True,True,extraction,
xom,5435,2021-08-11,4923,5434,512,-2.680518569014662,linear,52,0,52,52,0,52,0.1,0.1015625,0.1015625,1.2959098765657588,1.2959098765657587e-06,mle,0.16108025295732636,1.6814478755843814,ok,True,True,extraction,
xom,5436,2021-08-12,4924,5435,512,-2.680518569014662,linear,52,0,52,52,0,52,0.1,0.1015625,0.1015625,1.2846204415917242,1.2846204415917242e-06,mle,0.16108025295732636,1.6814478755843814,ok,True,True,extraction,
xom,5437,2021-08-13,4925,5436,512,-2.680518569014662,linear,52,0,52,52,0,52,0.1,0.1015625,0.1015625,1.2768514844740197,1.2768514844740197e-06,mle,0.16108025295732636,1.6814478755843814,ok,True,True,extraction,
xom,5438,2021-08-16,4926,5437,512,-2.680518569014662,linear,52,0,52,52,0,52,0.1,0.1015625,0.1015625,1.2768514844740197,1.2768514844740197e-06,mle,0.16108025295732636,1.6814478755843814,ok,True,True,extraction,
xom,5439,2021-08-17,4927,5438,512,-2.680518569014662,linear,52,0,52,52,0,52,0.1,0.1015625,0.1015625,1.2768514844740197,1.2768514844740197e-06,mle,0.16108025295732636,1.6814478755843814,ok,True,True,extraction,
xom,5440,2021-08-18,4928,5439,512,-2.680518569014662,linear,52,0,52,52,0,52,0.1,0.1015625,0.1015625,1.2922112007740423,1.2922112007740423e-06,mle,0.16108025295732636,1.6814478755843814,ok,True,True,extraction,
xom,5441,2021-08-19,4929,5440,512,-2.680518569014662,linear,52,0,52,52,0,52,0.1,0.1015625,0.1015625,1.2935864790881086,1.2935864790881085e-06,mle,0.16108025295732636,1.6814478755843814,ok,True,True,extraction,
xom,5442,2021-08-20,4930,5441,512,-2.79203855588618,linear,52,0,52,52,0,52,0.1,0.1015625,0.1015625,1.3037260132510262,1.3037260132510262e-06,mle,0.23605940616983323,1.4617417784665692,ok,True,True,extraction,
xom,5443,2021-08-23,4931,5442,512,-2.79203855588618,linear,52,0,52,52,0,52,0.1,0.1015625,0.1015625,1.2922112007740423,1.2922112007740423e-06,mle,0.23605940616983323,1.4617417784665692,ok,True,True,extraction,
xom,5444,2021-08-24,4932,5443,512,-2.79203855588618,linear,52,0,52,52,0,52,0.1,0.1015625,0.1015625,1.2846204415917242,1.2846204415917242e-06,mle,0.23605940616983323,1.4617417784665692,ok,True,True,extraction,
xom,5445,2021-08-25,4933,5444,512,-2.79203855588618,linear,52,0,52,52,0,52,0.1,0.1015625,0.1015625,1.2768514844740197,1.2768514844740197e-06,mle,0.23605940616983323,1.4617417784665692,ok,True,True,extraction,
xom,5446,2021-08-26,4934,5445,512,-2.680518569014662,linear,52,0,52,52,0,52,0.1,0.1015625,0.1015625,1.266040908762183,1.2660409087621829e-06,mle,0.18089248841409705,1.6278075788710935,ok,True,True,extraction,
xom,5447,2021-08-27,4935,5446,512,-2.680518569014662,linear,52,0,52,52,0,52,0.1,0.1015625,0.1015625,1.266040908762183,1.2660409087621829e-06,mle,0.18089248841409705,1.6278075788710935,ok,True,True,extraction,
xom,5448,2021-08-30,4936,5447,512,-2.680518569014662,linear,52,0,52,52,0,52,0.1,0.1015625,0.1015625,1.266040908762183,1.2660409087621829e-06,mle,0.18089248841409705,1.6278075788710935,ok,True,True,extraction,
xom,5449,2021-08-31,4937,5448,512,-2.680518569014662,linear,52,0,52,52,0,52,0.1,0.1015625,0.1015625,1.2735429881483968,1.2735429881483968e-06,mle,0.18089248841409705,1.6278075788710935,ok,True,True,extraction,
xom,5450,2021-09-01,4938,5449,512,-2.680518569014662,linear,52,0,52,52,0,52,0.1,0.1015625,0.1015625,1.2735429881483968,1.2735429881483968e-06,mle,0.18089248841409705,1.6278075788710935,ok,True,True,extraction,
xom,5451,2021-09-02,4939,5450,512,-2.680518569014662,linear,52,0,52,52,0,52,0.1,0.1015625,0.1015625,1.2874618174081331,1.2874618174081331e-06,mle,0.18089248841409705,1.6278075788710935,ok,True,True,extraction,
xom,5452,2021-09-03,4940,5451,512,-2.680518569014662,linear,52,0,52,52,0,52,0.1,0.1015625,0.1015625,1.2754762061599534,1.2754762061599533e-06,mle,0.18089248841409705,1.6278075788710935,ok,True,True,extraction,
xom,5453,2021-09-07,4941,5452,512,-2.6436741832430055,linear,52,0,52,52,0,52,0.1,0.1015625,0.1015625,1.2735429881483968,1.2735429881483968e-06,mle,0.16575528640299012,1.6810335715116067,ok,True,True,extraction,
xom,5454,2021-09-08,4942,5453,512,-2.6436741832430055,linear,52,0,52,52,0,52,0.1,0.1015625,0.1015625,1.2874618174081331,1.2874618174081331e-06,mle,0.16575528640299012,1.6810335715116067,ok,True,True,extraction,
xom,5455,2021-09-09,4943,5454,512,-2.6436741832430055,linear,52,0,52,52,0,52,0.1,0.1015625,0.1015625,1.2874618174081331,1.2874618174081331e-06,mle,0.16575528640299012,1.6810335715116067,ok,True,True,extraction,
xom,5456,2021-09-10,4944,5455,512,-2.6436741832430055,linear,52,0,52,52,0,52,0.1,0.1015625,0.1015625,1.2874618174081331,1.2874618174081331e-06,mle,0.16575528640299012,1.6810335715116067,ok,True,True,extraction,
xom,5457,2021-09-13,4945,5456,512,-2.6436741832430055,linear,52,0,52,52,0,52,0.1,0.1015625,0.1015625,1.2908981974122438,1.2908981974122437e-06,mle,0.16575528640299012,1.6810335715116067,ok,True,True,extraction,
xom,5458,2021-09-14,4946,5457,512,-2.6436741832430055,linear,52,0,52,52,0,52,0.1,0.1015625,0.1015625,1.2951006680201227,1.2951006680201227e-06,mle,0.16575528640299012,1.6810335715116067,ok,True,True,extraction,
xom,5459,2021-09-15,4947,5458,512,-2.6436741832430055,linear,52,0,52,52,0,52,0.1,0.1015625,0.1015625,1.2997446211580423,1.2997446211580424e-06,mle,0.16575528640299012,1.6810335715116067,ok,True,True,extraction,
xom,5460,2021-09-16,4948,5459,512,-2.6436741832430055,linear,52,0,52,52,0,52,0.1,0.1015625,0.1015625,1.3033810219974913,1.3033810219974912e-06,mle,0.16575528640299012,1.6810335715116067,ok,True,True,extraction,
xom,5461,2021-09-17,4949,5460,512,-2.6436741832430055,linear,52,0,52,52,0,52,0.1,0.1015625,0.1015625,1.3001339408746722,1.3001339408746722e-06,mle,0.16575528640299012,1.6810335715116067,ok,True,True,extraction,
xom,5462,2021-09-20,4950,5461,512,-2.6436741832430055,linear,52,0,52,52,0,52,0.1,0.1015625,0.1015625,1.300644091890964,1.300644091890964e-06,mle,0.16575528640299012,1.6810335715116067,ok,True,True,extraction,
xom,5463,2021-09-21,4951,5462,512,-2.680518569014662,linear,52,0,52,52,0,52,0.1,0.1015625,0.1015625,1.309352928111745,1.309352928111745e-06,mle,0.19139203436936683,1.6033632339950992,ok,True,True,extraction,
xom,5464,2021-09-22,4952,5463,512,-2.680518569014662,linear,52,0,52,52,0,52,0.1,0.1015625,0.1015625,1.309352928111745,1.309352928111745e-06,mle,0.19139203436936683,1.6033632339950992,ok,True,True,extraction,
xom,5465,2021-09-23,4953,5464,512,-2.680518569014662,linear,52,0,52,52,0,52,0.1,0.1015625,0.1015625,1.3124054736027877,1.3124054736027876e-06,mle,0.19139203436936683,1.6033632339950992,ok,True,True,extraction,
xom,5466,2021-09-24,4954,5465,512,-2.680518569014662,linear,52,0,52,52,0,52,0.1,0.1015625,0.1015625,1.3159924448426108,1.3159924448426107e-06,mle,0.19139203436936683,1.6033632339950992,ok,True,True,extraction,
xom,5467,2021-09-27,4955,5466,512,-2.680518569014662,linear,52,0,52,52,0,52,0.1,0.1015625,0.1015625,1.3159924448426108,1.3159924448426107e-06,mle,0.19139203436936683,1.6033632339950992,ok,True,True,extraction,
xom,5468,2021-09-28,4956,5467,512,-2.680518569014662,linear,52,0,52,52,0,52,0.1,0.1015625,0.1015625,1.3159924448426108,1.3159924448426107e-06,mle,0.19139203436936683,1.6033632339950992,ok,True,True,extraction,
xom,5469,2021-09-29,4957,5468,512,-2.680518569014662,linear,52,0,52,52,0,52,0.1,0.1015625,0.1015625,1.31054861118038,1.31054861118038e-06,mle,0.19139203436936683,1.6033632339950992,ok,True,True,extraction,
xom,5470,2021-09-30,4958,5469,512,-2.680518569014662,linear,52,0,52,52,0,52,0.1,0.1015625,0.1015625,1.310038460164088,1.310038460164088e-06,mle,0.19139203436936683,1.6033632339950992,ok,True,True,extraction,
xom,5471,2021-10-01,4959,5470,512,-2.680518569014662,linear,52,0,52,52,0,52,0.1,0.1015625,0.1015625,1.3128015943791616,1.3128015943791614e-06,mle,0.19139203436936683,1.6033632339950992,ok,True,True,extraction,
xom,5472,2021-10-04,4960,5471,512,-2.680518569014662,linear,52,0,52,52,0,52,0.1,0.1015625,0.1015625,1.3204507676703918,1.3204507676703918e-06,mle,0.19139203436936683,1.6033632339950992,ok,True,True,extraction,
xom,5473,2021-10-05,4961,5472,512,-2.680518569014662,linear,52,0,52,52,0,52,0.1,0.1015625,0.1015625,1.3250672708563926,1.3250672708563925e-06,mle,0.19139203436936683,1.6033632339950992,ok,True,True,extraction,
xom,5474,2021-10-06,4962,5473,512,-2.680518569014662,linear,52,0,52,52,0,52,0.1,0.1015625,0.1015625,1.323731153344962,1.323731153344962e-06,mle,0.19139203436936683,1.6033632339950992,ok,True,True,extraction,
xom,5475,2021-10-07,4963,5474,512,-2.680518569014662,linear,52,0,52,52,0,52,0.1,0.1015625,0.1015625,1.3261843941179579,1.3261843941179578e-06,mle,0.19139203436936683,1.6033632339950992,ok,True,True,extraction,
xom,5476,2021-10-08,4964,5475,512,-2.680518569014662,linear,52,0,52,52,0,52,0.1,0.1015625,0.1015625,1.3319655801473753,1.3319655801473753e-06,mle,0.19139203436936683,1.6033632339950992,ok,True,True,extraction,
xom,5477,2021-10-11,4965,5476,512,-2.680518569014662,linear,52,0,52,52,0,52,0.1,0.1015625,0.1015625,1.337648832186456,1.337648832186456e-06,mle,0.19139203436936683,1.6033632339950992,ok,True,True,extraction,
xom,5478,2021-10-12,4966,5477,512,-2.680518569014662,linear,52,0,52,52,0,52,0.1,0.1015625,0.1015625,1.337648832186456,1.337648832186456e-06,mle,0.19139203436936683,1.6033632339950992,ok,True,True,extraction,
xom,5479,2021-10-13,4967,5478,512,-2.680518569014662,linear,52,0,52,52,0,52,0.1,0.1015625,0.1015625,1.3319655801473753,1.3319655801473753e-06,mle,0.19139203436936683,1.6033632339950992,ok,True,True,extraction,
xom,5480,2021-10-14,4968,5479,512,-2.6789339877908596,linear,52,0,52,52,0,52,0.1,0.1015625,0.1015625,1.323731153344962,1.323731153344962e-06,mle,0.19019558549607396,1.6069091647649199,ok,True,True,extraction,
xom,5481,2021-10-15,4969,5480,512,-2.6789339877908596,linear,52,0,52,52,0,52,0.1,0.1015625,0.1015625,1.323731153344962,1.323731153344962e-06,mle,0.19019558549607396,1.6069091647649199,ok,True,True,extraction,
xom,5482,2021-10-18,4970,5481,512,-2.6789339877908596,linear,52,0,52,52,0,52,0.1,0.1015625,0.1015625,1.3168328440539794,1.3168328440539793e-06,mle,0.19019558549607396,1.6069091647649199,ok,True,True,extraction,
xom,5483,2021-10-19,4971,5482,512,-2.6789339877908596,linear,52,0,52,52,0,52,0.1,0.1015625,0.1015625,1.3078813071420534,1.3078813071420534e-06,mle,0.19019558549607396,1.6069091647649199,ok,True,True,extraction,
xom,5484,2021-10-20,4972,5483,512,-2.6789339877908596,linear,52,0,52,52,0,52,0.1,0.1015625,0.1015625,1.310043993345214,1.310043993345214e-06,mle,0.19019558549607396,1.6069091647649199,ok,True,True,extraction,
xom,5485,2021-10-21,4973,5484,512,-2.6789339877908596,linear,52,0,52,52,0,52,0.1,0.1015625,0.1015625,1.310043993345214,1.310043993345214e-06,mle,0.19019558549607396,1.6069091647649199,ok,True,True,extraction,
xom,5486,2021-10-22,4974,5485,512,-2.6789339877908596,linear,52,0,52,52,0,52,0.1,0.1015625,0.1015625,1.3078813071420534,1.3078813071420534e-06,mle,0.19019558549607396,1.6069091647649199,ok,True,True,extraction,
xom,5487,2021-10-25,4975,5486,512,-2.6789339877908596,linear,52,0,52,52,0,52,0.1,0.1015625,0.1015625,1.3078813071420534,1.3078813071420534e-06,mle,0.19019558549607396,1.6069091647649199,ok,True,True,extraction,
xom,5488,2021-10-26,4976,5487,512,-2.6789339877908596,linear,52,0,52,52,0,52,0.1,0.1015625,0.1015625,1.3164894250732941,1.316489425073294e-06,mle,0.19019558549607396,1.6069091647649199,ok,True,True,extraction,
xom,5489,2021-10-27,4977,5488,512,-2.6789339877908596,linear,52,0,52,52,0,52,0.1,0.1015625,0.1015625,1.3252378117130297,1.3252378117130297e-06,mle,0.19019558549607396,1.6069091647649199,ok,True,True,extraction,
xom,5490,2021-10-28,4978,5489,512,-2.679145444427474,linear,52,0,52,52,0,52,0.1,0.1015625,0.1015625,1.3252378117130297,1.3252378117130297e-06,mle,0.19034948111524627,1.6064367074752466,ok,True,True,extraction,
xom,5491,2021-10-29,4979,5490,512,-2.679145444427474,linear,52,0,52,52,0,52,0.1,0.1015625,0.1015625,1.3252378117130297,1.3252378117130297e-06,mle,0.19034948111524627,1.6064367074752466,ok,True,True,extraction,
xom,5492,2021-11-01,4980,5491,512,-2.679145444427474,linear,52,0,52,52,0,52,0.1,0.1015625,0.1015625,1.3230751255098694,1.3230751255098693e-06,mle,0.19034948111524627,1.6064367074752466,ok,True,True,extraction,
xom,5493,2021-11-02,4981,5492,512,-2.679145444427474,linear,52,0,52,52,0,52,0.1,0.1015625,0.1015625,1.3230751255098694,1.3230751255098693e-06,mle,0.19034948111524627,1.6064367074752466,ok,True,True,extraction,
xom,5494,2021-11-03,4982,5493,512,-2.679145444427474,linear,52,0,52,52,0,52,0.1,0.1015625,0.1015625,1.3252378117130297,1.3252378117130297e-06,mle,0.19034948111524627,1.6064367074752466,ok,True,True,extraction,
xom,5495,2021-11-04,4983,5494,512,-2.679145444427474,linear,52,0,52,52,0,52,0.1,0.1015625,0.1015625,1.3319655801473753,1.3319655801473753e-06,mle,0.19034948111524627,1.6064367074752466,ok,True,True,extraction,
xom,5496,2021-11-05,4984,5495,512,-2.679145444427474,linear,52,0,52,52,0,52,0.1,0.1015625,0.1015625,1.3252378117130297,1.3252378117130297e-06,mle,0.19034948111524627,1.6064367074752466,ok,True,True,extraction,
xom,5497,2021-11-08,4985,5496,512,-2.679145444427474,linear,52,0,52,52,0,52,0.1,0.1015625,0.1015625,1.3252378117130297,1.3252378117130297e-06,mle,0.19034948111524627,1.6064367074752466,ok,True,True,extraction,
xom,5498,2021-11-09,4986,5497,512,-2.679145444427474,linear,52,0,52,52,0,52,0.1,0.1015625,0.1015625,1.3230751255098694,1.3230751255098693e-06,mle,0.19034948111524627,1.6064367074752466,ok,True,True,extraction,
xom,5499,2021-11-10,4987,5498,512,-2.679145444427474,linear,52,0,52,52,0,52,0.1,0.1015625,0.1015625,1.3223781320354515,1.3223781320354514e-06,mle,0.19034948111524627,1.6064367074752466,ok,True,True,extraction,
xom,5500,2021-11-11,4988,5499,512,-2.679145444427474,linear,52,0,52,52,0,52,0.1,0.1015625,0.1015625,1.3250124414769282,1.3250124414769282e-06,mle,0.19034948111524627,1.6064367074752466,ok,True,True,extraction,
xom,5501,2021-11-12,4989,5500,512,-2.679145444427474,linear,52,0,52,52,0,52,0.1,0.1015625,0.1015625,1.3273051497939006,1.3273051497939006e-06,mle,0.19034948111524627,1.6064367074752466,ok,True,True,extraction,
xom,5502,2021-11-15,4990,5501,512,-2.679145444427474,linear,52,0,52,52,0,52,0.1,0.1015625,0.1015625,1.3223781320354515,1.3223781320354514e-06,mle,0.19034948111524627,1.6064367074752466,ok,True,True,extraction,
xom,5503,2021-11-16,4991,5502,512,-2.679145444427474,linear,52,0,52,52,0,52,0.1,0.1015625,0.1015625,1.316629693781789,1.3166296937817888e-06,mle,0.19034948111524627,1.6064367074752466,ok,True,True,extraction,
xom,5504,2021-11-17,4992,5503,512,-2.679145444427474,linear,52,0,52,52,0,52,0.1,0.1015625,0.1015625,1.310043993345214,1.310043993345214e-06,mle,0.19034948111524627,1.6064367074752466,ok,True,True,extraction,
xom,5505,2021-11-18,4993,5504,512,-2.679145444427474,linear,52,0,52,52,0,52,0.1,0.1015625,0.1015625,1.2976194256535076,1.2976194256535077e-06,mle,0.19034948111524627,1.6064367074752466,ok,True,True,extraction,
xom,5506,2021-11-19,4994,5505,512,-2.679145444427474,linear,52,0,52,52,0,52,0.1,0.1015625,0.1015625,1.2862579856518757,1.2862579856518755e-06,mle,0.19034948111524627,1.6064367074752466,ok,True,True,extraction,
xom,5507,2021-11-22,4995,5506,512,-2.699469953310785,linear,52,0,52,52,0,52,0.1,0.1015625,0.1015625,1.2862579856518757,1.2862579856518755e-06,mle,0.1652650043924413,1.6691252182836447,ok,True,True,extraction,
xom,5508,2021-11-23,4996,5507,512,-2.699469953310785,linear,52,0,52,52,0,52,0.1,0.1015625,0.1015625,1.2976194256535076,1.2976194256535077e-06,mle,0.1652650043924413,1.6691252182836447,ok,True,True,extraction,
xom,5509,2021-11-24,4997,5508,512,-2.699469953310785,linear,52,0,52,52,0,52,0.1,0.1015625,0.1015625,1.3058139690611825,1.3058139690611825e-06,mle,0.1652650043924413,1.6691252182836447,ok,True,True,extraction,
xom,5510,2021-11-26,4998,5509,512,-2.699469953310785,linear,52,0,52,52,0,52,0.1,0.1015625,0.1015625,1.3000651792972073,1.3000651792972072e-06,mle,0.1652650043924413,1.6691252182836447,ok,True,True,extraction,
xom,5511,2021-11-29,4999,5510,512,-2.79370895902343,linear,52,0,52,52,0,52,0.1,0.1015625,0.1015625,1.3059767783875253,1.3059767783875253e-06,mle,0.21372274323947,1.5168899920651073,ok,True,True,extraction,
xom,5512,2021-11-30,5000,5511,512,-2.79370895902343,linear,52,0,52,52,0,52,0.1,0.1015625,0.1015625,1.3059767783875253,1.3059767783875253e-06,mle,0.21372274323947,1.5168899920651073,ok,True,True,extraction,
xom,5513,2021-12-01,5001,5512,512,-2.8243403973767234,linear,52,0,52,52,0,52,0.1,0.1015625,0.1015625,1.318567009748848,1.3185670097488479e-06,mle,0.23805810456916104,1.4519798578718772,ok,True,True,extraction,
xom,5514,2021-12-02,5002,5513,512,-2.8243403973767234,linear,52,0,52,52,0,52,0.1,0.1015625,0.1015625,1.318567009748848,1.3185670097488479e-06,mle,0.23805810456916104,1.4519798578718772,ok,True,True,extraction,
xom,5515,2021-12-03,5003,5514,512,-2.8243403973767234,linear,52,0,52,52,0,52,0.1,0.1015625,0.1015625,1.338562989900528,1.338562989900528e-06,mle,0.23805810456916104,1.4519798578718772,ok,True,True,extraction,
xom,5516,2021-12-06,5004,5515,512,-2.8243403973767234,linear,52,0,52,52,0,52,0.1,0.1015625,0.1015625,1.318567009748848,1.3185670097488479e-06,mle,0.23805810456916104,1.4519798578718772,ok,True,True,extraction,
xom,5517,2021-12-07,5005,5516,512,-2.8243403973767234,linear,52,0,52,52,0,52,0.1,0.1015625,0.1015625,1.318567009748848,1.3185670097488479e-06,mle,0.23805810456916104,1.4519798578718772,ok,True,True,extraction,
xom,5518,2021-12-08,5006,5517,512,-2.8243403973767234,linear,52,0,52,52,0,52,0.1,0.1015625,0.1015625,1.3254141217724627,1.3254141217724626e-06,mle,0.23805810456916104,1.4519798578718772,ok,True,True,extraction,
xom,5519,2021-12-09,5007,5518,512,-2.8243403973767234,linear,52,0,52,52,0,52,0.1,0.1015625,0.1015625,1.325923396853302,1.3259233968533019e-06,mle,0.23805810456916104,1.4519798578718772,ok,True,True,extraction,
xom,5520,2021-12-10,5008,5519,512,-2.8243403973767234,linear,52,0,52,52,0,52,0.1,0.1015625,0.1015625,1.325923396853302,1.3259233968533019e-06,mle,0.23805810456916104,1.4519798578718772,ok,True,True,extraction,
xom,5521,2021-12-13,5009,5520,512,-2.8243403973767234,linear,52,0,52,52,0,52,0.1,0.1015625,0.1015625,1.3260772648493968,1.3260772648493968e-06,mle,0.23805810456916104,1.4519798578718772,ok,True,True,extraction,
xom,5522,2021-12-14,5010,5521,512,-2.8243403973767234,linear,52,0,52,52,0,52,0.1,0.1015625,0.1015625,1.3306885999635827,1.3306885999635826e-06,mle,0.23805810456916104,1.4519798578718772,ok,True,True,extraction,
xom,5523,2021-12-15,5011,5522,512,-2.8243403973767234,linear,52,0,52,52,0,52,0.1,0.1015625,0.1015625,1.3306885999635827,1.3306885999635826e-06,mle,0.23805810456916104,1.4519798578718772,ok,True,True,extraction,
xom,5524,2021-12-16,5012,5523,512,-2.8243403973767234,linear,52,0,52,52,0,52,0.1,0.1015625,0.1015625,1.3424879113378838,1.3424879113378837e-06,mle,0.23805810456916104,1.4519798578718772,ok,True,True,extraction,
xom,5525,2021-12-17,5013,5524,512,-2.8243403973767234,linear,52,0,52,52,0,52,0.1,0.1015625,0.1015625,1.3306885999635827,1.3306885999635826e-06,mle,0.23805810456916104,1.4519798578718772,ok,True,True,extraction,
xom,5526,2021-12-20,5014,5525,512,-2.8243403973767234,linear,52,0,52,52,0,52,0.1,0.1015625,0.1015625,1.3424879113378838,1.3424879113378837e-06,mle,0.23805810456916104,1.4519798578718772,ok,True,True,extraction,
xom,5527,2021-12-21,5015,5526,512,-2.8243403973767234,linear,52,0,52,52,0,52,0.1,0.1015625,0.1015625,1.338562989900528,1.338562989900528e-06,mle,0.23805810456916104,1.4519798578718772,ok,True,True,extraction,
xom,5528,2021-12-22,5016,5527,512,-2.8243403973767234,linear,52,0,52,52,0,52,0.1,0.1015625,0.1015625,1.344494753492862,1.344494753492862e-06,mle,0.23805810456916104,1.4519798578718772,ok,True,True,extraction,
xom,5529,2021-12-23,5017,5528,512,-2.8243403973767234,linear,52,0,52,52,0,52,0.1,0.1015625,0.1015625,1.3493006235947895,1.3493006235947895e-06,mle,0.23805810456916104,1.4519798578718772,ok,True,True,extraction,
xom,5530,2021-12-27,5018,5529,512,-2.8243403973767234,linear,52,0,52,52,0,52,0.1,0.1015625,0.1015625,1.3375013122204884,1.3375013122204884e-06,mle,0.23805810456916104,1.4519798578718772,ok,True,True,extraction,
xom,5531,2021-12-28,5019,5530,512,-2.8243403973767234,linear,52,0,52,52,0,52,0.1,0.1015625,0.1015625,1.3426559271241603,1.3426559271241602e-06,mle,0.23805810456916104,1.4519798578718772,ok,True,True,extraction,
xom,5532,2021-12-29,5020,5531,512,-2.8243403973767234,linear,52,0,52,52,0,52,0.1,0.1015625,0.1015625,1.3375013122204884,1.3375013122204884e-06,mle,0.23805810456916104,1.4519798578718772,ok,True,True,extraction,
xom,5533,2021-12-30,5021,5532,512,-2.8243403973767234,linear,52,0,52,52,0,52,0.1,0.1015625,0.1015625,1.3375013122204884,1.3375013122204884e-06,mle,0.23805810456916104,1.4519798578718772,ok,True,True,extraction,
xom,5534,2021-12-31,5022,5533,512,-2.8243403973767234,linear,52,0,52,52,0,52,0.1,0.1015625,0.1015625,1.3424879113378838,1.3424879113378837e-06,mle,0.23805810456916104,1.4519798578718772,ok,True,True,extraction,
xom,5535,2022-01-03,5023,5534,512,-2.8243403973767234,linear,52,0,52,52,0,52,0.1,0.1015625,0.1015625,1.3375013122204884,1.3375013122204884e-06,mle,0.23805810456916104,1.4519798578718772,ok,True,True,extraction,
xom,5536,2022-01-04,5024,5535,512,-2.8243403973767234,linear,52,0,52,52,0,52,0.1,0.1015625,0.1015625,1.3493006235947895,1.3493006235947895e-06,mle,0.23805810456916104,1.4519798578718772,ok,True,True,extraction,
xom,5537,2022-01-05,5025,5536,512,-2.8243403973767234,linear,52,0,52,52,0,52,0.1,0.1015625,0.1015625,1.3592204416087421,1.359220441608742e-06,mle,0.23805810456916104,1.4519798578718772,ok,True,True,extraction,
xom,5538,2022-01-06,5026,5537,512,-2.8243403973767234,linear,52,0,52,52,0,52,0.1,0.1015625,0.1015625,1.361319559447768,1.361319559447768e-06,mle,0.23805810456916104,1.4519798578718772,ok,True,True,extraction,
xom,5539,2022-01-07,5027,5538,512,-2.8243403973767234,linear,52,0,52,52,0,52,0.1,0.1015625,0.1015625,1.3678037256393023,1.3678037256393023e-06,mle,0.23805810456916104,1.4519798578718772,ok,True,True,extraction,
xom,5540,2022-01-10,5028,5539,512,-2.8243403973767234,linear,52,0,52,52,0,52,0.1,0.1015625,0.1015625,1.367936186230649,1.3679361862306488e-06,mle,0.23805810456916104,1.4519798578718772,ok,True,True,extraction,
xom,5541,2022-01-11,5029,5540,512,-2.8243403973767234,linear,52,0,52,52,0,52,0.1,0.1015625,0.1015625,1.367936186230649,1.3679361862306488e-06,mle,0.23805810456916104,1.4519798578718772,ok,True,True,extraction,
xom,5542,2022-01-12,5030,5541,512,-2.8243403973767234,linear,52,0,52,52,0,52,0.1,0.1015625,0.1015625,1.3744203524221834,1.3744203524221833e-06,mle,0.23805810456916104,1.4519798578718772,ok,True,True,extraction,
xom,5543,2022-01-13,5031,5542,512,-2.8243403973767234,linear,52,0,52,52,0,52,0.1,0.1015625,0.1015625,1.3678037256393023,1.3678037256393023e-06,mle,0.23805810456916104,1.4519798578718772,ok,True,True,extraction,
xom,5544,2022-01-14,5032,5543,512,-2.8243403973767234,linear,52,0,52,52,0,52,0.1,0.1015625,0.1015625,1.3678037256393023,1.3678037256393023e-06,mle,0.23805810456916104,1.4519798578718772,ok,True,True,extraction,
xom,5545,2022-01-18,5033,5544,512,-2.8243403973767234,linear,52,0,52,52,0,52,0.1,0.1015625,0.1015625,1.3742915441453956,1.3742915441453955e-06,mle,0.23805810456916104,1.4519798578718772,ok,True,True,extraction,
xom,5546,2022-01-19,5034,5545,512,-2.8243403973767234,linear,52,0,52,52,0,52,0.1,0.1015625,0.1015625,1.3749219173771903,1.3749219173771903e-06,mle,0.23805810456916104,1.4519798578718772,ok,True,True,extraction,
xom,5547,2022-01-20,5035,5546,512,-2.8243403973767234,linear,52,0,52,52,0,52,0.1,0.1015625,0.1015625,1.3720840790509592,1.372084079050959e-06,mle,0.23805810456916104,1.4519798578718772,ok,True,True,extraction,
xom,5548,2022-01-21,5036,5547,512,-2.8243403973767234,linear,52,0,52,52,0,52,0.1,0.1015625,0.1015625,1.3720840790509592,1.372084079050959e-06,mle,0.23805810456916104,1.4519798578718772,ok,True,True,extraction,
xom,5549,2022-01-24,5037,5548,512,-2.8243403973767234,linear,52,0,52,52,0,52,0.1,0.1015625,0.1015625,1.3749219173771903,1.3749219173771903e-06,mle,0.23805810456916104,1.4519798578718772,ok,True,True,extraction,
xom,5550,2022-01-25,5038,5549,512,-2.8243403973767234,linear,52,0,52,52,0,52,0.1,0.1015625,0.1015625,1.3749219173771903,1.3749219173771903e-06,mle,0.23805810456916104,1.4519798578718772,ok,True,True,extraction,
xom,5551,2022-01-26,5039,5550,512,-2.8243403973767234,linear,52,0,52,52,0,52,0.1,0.1015625,0.1015625,1.3805465035273514,1.3805465035273513e-06,mle,0.23805810456916104,1.4519798578718772,ok,True,True,extraction,
xom,5552,2022-01-27,5040,5551,512,-2.8243403973767234,linear,52,0,52,52,0,52,0.1,0.1015625,0.1015625,1.3805465035273514,1.3805465035273513e-06,mle,0.23805810456916104,1.4519798578718772,ok,True,True,extraction,
xom,5553,2022-01-28,5041,5552,512,-2.8243403973767234,linear,52,0,52,52,0,52,0.1,0.1015625,0.1015625,1.3812229172960535,1.3812229172960535e-06,mle,0.23805810456916104,1.4519798578718772,ok,True,True,extraction,
xom,5554,2022-01-31,5042,5553,512,-2.8243403973767234,linear,52,0,52,52,0,52,0.1,0.1015625,0.1015625,1.3812229172960535,1.3812229172960535e-06,mle,0.23805810456916104,1.4519798578718772,ok,True,True,extraction,
xom,5555,2022-02-01,5043,5554,512,-2.8243403973767234,linear,52,0,52,52,0,52,0.1,0.1015625,0.1015625,1.3770451709284437,1.3770451709284437e-06,mle,0.23805810456916104,1.4519798578718772,ok,True,True,extraction,
xom,5556,2022-02-02,5044,5555,512,-2.8243403973767234,linear,52,0,52,52,0,52,0.1,0.1015625,0.1015625,1.382335109092347,1.382335109092347e-06,mle,0.23805810456916104,1.4519798578718772,ok,True,True,extraction,
xom,5557,2022-02-03,5045,5556,512,-2.8243403973767234,linear,52,0,52,52,0,52,0.1,0.1015625,0.1015625,1.382335109092347,1.382335109092347e-06,mle,0.23805810456916104,1.4519798578718772,ok,True,True,extraction,
xom,5558,2022-02-04,5046,5557,512,-2.8243403973767234,linear,52,0,52,52,0,52,0.1,0.1015625,0.1015625,1.382335109092347,1.382335109092347e-06,mle,0.23805810456916104,1.4519798578718772,ok,True,True,extraction,
xom,5559,2022-02-07,5047,5558,512,-2.8243403973767234,linear,52,0,52,52,0,52,0.1,0.1015625,0.1015625,1.3893440302514954,1.3893440302514953e-06,mle,0.23805810456916104,1.4519798578718772,ok,True,True,extraction,
xom,5560,2022-02-08,5048,5559,512,-2.8243403973767234,linear,52,0,52,52,0,52,0.1,0.1015625,0.1015625,1.3880398944378978,1.3880398944378978e-06,mle,0.23805810456916104,1.4519798578718772,ok,True,True,extraction,
xom,5561,2022-02-09,5049,5560,512,-2.8243403973767234,linear,52,0,52,52,0,52,0.1,0.1015625,0.1015625,1.3976573089159314,1.3976573089159314e-06,mle,0.23805810456916104,1.4519798578718772,ok,True,True,extraction,
xom,5562,2022-02-10,5050,5561,512,-2.8243403973767234,linear,52,0,52,52,0,52,0.1,0.1015625,0.1015625,1.3960969033279644,1.3960969033279643e-06,mle,0.23805810456916104,1.4519798578718772,ok,True,True,extraction,
xom,5563,2022-02-11,5051,5562,512,-2.79370895902343,linear,52,0,52,52,0,52,0.1,0.1015625,0.1015625,1.3893440302514954,1.3893440302514953e-06,mle,0.24893207020755706,1.4367287675334426,ok,True,True,extraction,
xom,5564,2022-02-14,5052,5563,512,-2.79370895902343,linear,52,0,52,52,0,52,0.1,0.1015625,0.1015625,1.3880398944378978,1.3880398944378978e-06,mle,0.24893207020755706,1.4367287675334426,ok,True,True,extraction,
xom,5565,2022-02-15,5053,5564,512,-2.79370895902343,linear,52,0,52,52,0,52,0.1,0.1015625,0.1015625,1.3976573089159314,1.3976573089159314e-06,mle,0.24893207020755706,1.4367287675334426,ok,True,True,extraction,
xom,5566,2022-02-16,5054,5565,512,-2.79370895902343,linear,52,0,52,52,0,52,0.1,0.1015625,0.1015625,1.3893440302514954,1.3893440302514953e-06,mle,0.24893207020755706,1.4367287675334426,ok,True,True,extraction,
xom,5567,2022-02-17,5055,5566,512,-2.79370895902343,linear,52,0,52,52,0,52,0.1,0.1015625,0.1015625,1.3880398944378978,1.3880398944378978e-06,mle,0.24893207020755706,1.4367287675334426,ok,True,True,extraction,
xom,5568,2022-02-18,5056,5567,512,-2.79370895902343,linear,52,0,52,52,0,52,0.1,0.1015625,0.1015625,1.3880398944378978,1.3880398944378978e-06,mle,0.24893207020755706,1.4367287675334426,ok,True,True,extraction,
xom,5569,2022-02-22,5057,5568,512,-2.79370895902343,linear,52,0,52,52,0,52,0.1,0.1015625,0.1015625,1.3880398944378978,1.3880398944378978e-06,mle,0.24893207020755706,1.4367287675334426,ok,True,True,extraction,
xom,5570,2022-02-23,5058,5569,512,-2.79370895902343,linear,52,0,52,52,0,52,0.1,0.1015625,0.1015625,1.3893440302514954,1.3893440302514953e-06,mle,0.24893207020755706,1.4367287675334426,ok,True,True,extraction,
xom,5571,2022-02-24,5059,5570,512,-2.79370895902343,linear,52,0,52,52,0,52,0.1,0.1015625,0.1015625,1.3893440302514954,1.3893440302514953e-06,mle,0.24893207020755706,1.4367287675334426,ok,True,True,extraction,
xom,5572,2022-02-25,5060,5571,512,-2.79370895902343,linear,52,0,52,52,0,52,0.1,0.1015625,0.1015625,1.3893440302514954,1.3893440302514953e-06,mle,0.24893207020755706,1.4367287675334426,ok,True,True,extraction,
xom,5573,2022-02-28,5061,5572,512,-2.79370895902343,linear,52,0,52,52,0,52,0.1,0.1015625,0.1015625,1.3976573089159314,1.3976573089159314e-06,mle,0.24893207020755706,1.4367287675334426,ok,True,True,extraction,
xom,5574,2022-03-01,5062,5573,512,-2.79370895902343,linear,52,0,52,52,0,52,0.1,0.1015625,0.1015625,1.381226450553449,1.381226450553449e-06,mle,0.24893207020755706,1.4367287675334426,ok,True,True,extraction,
xom,5575,2022-03-02,5063,5574,512,-2.79370895902343,linear,52,0,52,52,0,52,0.1,0.1015625,0.1015625,1.381226450553449,1.381226450553449e-06,mle,0.24893207020755706,1.4367287675334426,ok,True,True,extraction,
xom,5576,2022-03-03,5064,5575,512,-2.79370895902343,linear,52,0,52,52,0,52,0.1,0.1015625,0.1015625,1.3987774065345735,1.3987774065345733e-06,mle,0.24893207020755706,1.4367287675334426,ok,True,True,extraction,
xom,5577,2022-03-04,5065,5576,512,-2.79370895902343,linear,52,0,52,52,0,52,0.1,0.1015625,0.1015625,1.3957447615923422,1.395744761592342e-06,mle,0.24893207020755706,1.4367287675334426,ok,True,True,extraction,
xom,5578,2022-03-07,5066,5577,512,-2.699469953310785,linear,52,0,52,52,0,52,0.1,0.1015625,0.1015625,1.3866452058345058,1.3866452058345057e-06,mle,0.21127473813553366,1.5438259929610332,ok,True,True,extraction,
xom,5579,2022-03-08,5067,5578,512,-2.679145444427474,linear,52,0,52,52,0,52,0.1,0.1015625,0.1015625,1.373785295106423,1.3737852951064231e-06,mle,0.2278010722194545,1.5124735950460941,ok,True,True,extraction,
xom,5580,2022-03-09,5068,5579,512,-2.679145444427474,linear,52,0,52,52,0,52,0.1,0.1015625,0.1015625,1.362172693955132,1.362172693955132e-06,mle,0.2278010722194545,1.5124735950460941,ok,True,True,extraction,
xom,5581,2022-03-10,5069,5580,512,-2.679145444427474,linear,52,0,52,52,0,52,0.1,0.1015625,0.1015625,1.362172693955132,1.362172693955132e-06,mle,0.2271223146246527,1.5078971061501185,ok,True,True,extraction,
xom,5582,2022-03-11,5070,5581,512,-2.679145444427474,linear,52,0,52,52,0,52,0.1,0.1015625,0.1015625,1.362172693955132,1.362172693955132e-06,mle,0.2271223146246527,1.5078971061501185,ok,True,True,extraction,
xom,5583,2022-03-14,5071,5582,512,-2.679145444427474,linear,52,0,52,52,0,52,0.1,0.1015625,0.1015625,1.3641463794103985,1.3641463794103985e-06,mle,0.2271223146246527,1.5078971061501185,ok,True,True,extraction,
xom,5584,2022-03-15,5072,5583,512,-2.679145444427474,linear,52,0,52,52,0,52,0.1,0.1015625,0.1015625,1.3641463794103985,1.3641463794103985e-06,mle,0.24352920700720626,1.4596138694781442,ok,True,True,extraction,
xom,5585,2022-03-16,5073,5584,512,-2.699469953310785,linear,52,0,52,52,0,52,0.1,0.1015625,0.1015625,1.3770062901384814,1.3770062901384813e-06,mle,0.21308094567254734,1.5462800654353994,ok,True,True,extraction,
xom,5586,2022-03-17,5074,5585,512,-2.679145444427474,linear,52,0,52,52,0,52,0.1,0.1015625,0.1015625,1.3575013864367123,1.3575013864367123e-06,mle,0.2384421788956381,1.490082462972349,ok,True,True,extraction,
xom,5587,2022-03-18,5075,5586,512,-2.63131606195832,linear,52,0,52,52,0,52,0.1,0.1015625,0.1015625,1.3575013864367123,1.3575013864367123e-06,mle,0.24333422173728525,1.4834671499022711,ok,True,True,extraction,
xom,5588,2022-03-21,5076,5587,512,-2.6289486197288157,linear,52,0,52,52,0,52,0.1,0.1015625,0.1015625,1.3535667574717276,1.3535667574717275e-06,mle,0.19990722229627622,1.40243099409217,ok,True,True,extraction,
xom,5589,2022-03-22,5077,5588,512,-2.6289486197288157,linear,52,0,52,52,0,52,0.1,0.1015625,0.1015625,1.3535667574717276,1.3535667574717275e-06,mle,0.19990722229627622,1.40243099409217,ok,True,True,extraction,
xom,5590,2022-03-23,5078,5589,512,-2.624216942587485,linear,52,0,52,52,0,52,0.1,0.1015625,0.1015625,1.3400628598732935,1.3400628598732934e-06,mle,0.22192802612671758,1.3607670220644772,ok,True,True,extraction,
xom,5591,2022-03-24,5079,5590,512,-2.6171581453231556,linear,52,0,52,52,0,52,0.1,0.1015625,0.1015625,1.3439974888382782,1.3439974888382782e-06,mle,0.1623640542953106,1.3098692586387737,ok,True,True,extraction,
xom,5592,2022-03-25,5080,5591,512,-2.6171581453231556,linear,52,0,52,52,0,52,0.1,0.1015625,0.1015625,1.337204834511481,1.337204834511481e-06,mle,0.1623640542953106,1.3098692586387737,ok,True,True,extraction,
xom,5593,2022-03-28,5081,5592,512,-2.5970504522716045,linear,52,0,52,52,0,52,0.1,0.1015625,0.1015625,1.3351018468723908,1.3351018468723906e-06,mle,0.11366795292340211,1.2733177088960437,ok,True,True,extraction,
xom,5594,2022-03-29,5082,5593,512,-2.6171581453231556,linear,52,0,52,52,0,52,0.1,0.1015625,0.1015625,1.337204834511481,1.337204834511481e-06,mle,0.12444840230896027,1.2449125220803225,ok,True,True,extraction,
xom,5595,2022-03-30,5083,5594,512,-2.5970504522716045,linear,52,0,52,52,0,52,0.1,0.1015625,0.1015625,1.328055440225121,1.328055440225121e-06,mle,0.015993399224360407,1.2656880638168777,ok,True,True,extraction,
xom,5596,2022-03-31,5084,5595,512,-2.5970504522716045,linear,52,0,52,52,0,52,0.1,0.1015625,0.1015625,1.328055440225121,1.328055440225121e-06,mle,0.015993399224360407,1.2656880638168777,ok,True,True,extraction,
xom,5597,2022-04-01,5085,5596,512,-2.5847121480765387,linear,52,0,52,52,0,52,0.1,0.1015625,0.1015625,1.328055440225121,1.328055440225121e-06,mle,0.05271363846876106,1.1859127436687282,ok,True,True,extraction,
xom,5598,2022-04-04,5086,5597,512,-2.578003763013431,linear,52,0,52,52,0,52,0.1,0.1015625,0.1015625,1.3250992894751767,1.3250992894751767e-06,mle,0.09193709539570441,1.1190233509382892,ok,True,True,extraction,
xom,5599,2022-04-05,5087,5598,512,-2.578003763013431,linear,52,0,52,52,0,52,0.1,0.1015625,0.1015625,1.311825760593729,1.311825760593729e-06,mle,0.09193709539570441,1.1190233509382892,ok,True,True,extraction,
xom,5600,2022-04-06,5088,5599,512,-2.578003763013431,linear,52,0,52,52,0,52,0.1,0.1015625,0.1015625,1.3082689875433235,1.3082689875433234e-06,mle,0.09193709539570441,1.1190233509382892,ok,True,True,extraction,
xom,5601,2022-04-07,5089,5600,512,-2.578003763013431,linear,52,0,52,52,0,52,0.1,0.1015625,0.1015625,1.2998980325174139,1.2998980325174138e-06,mle,0.09193709539570441,1.1190233509382892,ok,True,True,extraction,
xom,5602,2022-04-08,5090,5601,512,-2.535750663639866,linear,52,0,52,52,0,52,0.1,0.1015625,0.1015625,1.3048338026557331,1.304833802655733e-06,mle,0.09243982091916317,1.1146618313163603,ok,True,True,extraction,
xom,5603,2022-04-11,5091,5602,512,-2.535750663639866,linear,52,0,52,52,0,52,0.1,0.1015625,0.1015625,1.3048338026557331,1.304833802655733e-06,mle,0.09243982091916317,1.1146618313163603,ok,True,True,extraction,
xom,5604,2022-04-12,5092,5603,512,-2.578003763013431,linear,52,0,52,52,0,52,0.1,0.1015625,0.1015625,1.3082689875433235,1.3082689875433234e-06,mle,0.10941937688735676,1.0734736120654533,ok,True,True,extraction,
xom,5605,2022-04-13,5093,5604,512,-2.578003763013431,linear,52,0,52,52,0,52,0.1,0.1015625,0.1015625,1.311825760593729,1.311825760593729e-06,mle,0.10941937688735676,1.0734736120654533,ok,True,True,extraction,
xom,5606,2022-04-14,5094,5605,512,-2.578003763013431,linear,52,0,52,52,0,52,0.1,0.1015625,0.1015625,1.311825760593729,1.311825760593729e-06,mle,0.10941937688735676,1.0734736120654533,ok,True,True,extraction,
xom,5607,2022-04-18,5095,5606,512,-2.535750663639866,linear,52,0,52,52,0,52,0.1,0.1015625,0.1015625,1.321921611501538,1.3219216115015379e-06,mle,0.07580298182098082,1.1436453834673586,ok,True,True,extraction,
xom,5608,2022-04-19,5096,5607,512,-2.535750663639866,linear,52,0,52,52,0,52,0.1,0.1015625,0.1015625,1.3214124805877132,1.321412480587713e-06,mle,0.07580298182098082,1.1436453834673586,ok,True,True,extraction,
xom,5609,2022-04-20,5097,5608,512,-2.535750663639866,linear,52,0,52,52,0,52,0.1,0.1015625,0.1015625,1.3034114659832494,1.3034114659832493e-06,mle,0.07580298182098082,1.1436453834673586,ok,True,True,extraction,
xom,5610,2022-04-21,5098,5609,512,-2.535750663639866,linear,52,0,52,52,0,52,0.1,0.1015625,0.1015625,1.3025702896638938,1.3025702896638938e-06,mle,0.07580298182098082,1.1436453834673586,ok,True,True,extraction,
xom,5611,2022-04-22,5099,5610,512,-2.535750663639866,linear,52,0,52,52,0,52,0.1,0.1015625,0.1015625,1.3004623957563133,1.3004623957563133e-06,mle,0.07580298182098082,1.1436453834673586,ok,True,True,extraction,
xom,5612,2022-04-25,5100,5611,512,-2.535750663639866,linear,52,0,52,52,0,52,0.1,0.1015625,0.1015625,1.3025702896638938,1.3025702896638938e-06,mle,0.07580298182098082,1.1436453834673586,ok,True,True,extraction,
xom,5613,2022-04-26,5101,5612,512,-2.578003763013431,linear,52,0,52,52,0,52,0.1,0.1015625,0.1015625,1.3034114659832494,1.3034114659832493e-06,mle,0.09340034608320608,1.0996729197040045,ok,True,True,extraction,
xom,5614,2022-04-27,5102,5613,512,-2.535750663639866,linear,52,0,52,52,0,52,0.1,0.1015625,0.1015625,1.3025702896638938,1.3025702896638938e-06,mle,0.09310382068193016,1.1003592310557315,ok,True,True,extraction,
xom,5615,2022-04-28,5103,5614,512,-2.5340871504969447,linear,52,0,52,52,0,52,0.1,0.1015625,0.1015625,1.3063128517615417,1.3063128517615415e-06,mle,0.12564561173207683,1.0504878737360386,ok,True,True,extraction,
xom,5616,2022-04-29,5104,5615,512,-2.5340871504969447,linear,52,0,52,52,0,52,0.1,0.1015625,0.1015625,1.3063128517615417,1.3063128517615415e-06,mle,0.12564561173207683,1.0504878737360386,ok,True,True,extraction,
xom,5617,2022-05-02,5105,5616,512,-2.5221309965133147,linear,52,0,52,52,0,52,0.1,0.1015625,0.1015625,1.3063128517615417,1.3063128517615415e-06,mle,0.1652155680825633,0.9783627420299155,ok,True,True,extraction,
xom,5618,2022-05-03,5106,5617,512,-2.5221309965133147,linear,52,0,52,52,0,52,0.1,0.1015625,0.1015625,1.3009780376907938,1.3009780376907937e-06,mle,0.1652155680825633,0.9783627420299155,ok,True,True,extraction,
xom,5619,2022-05-04,5107,5618,512,-2.5221309965133147,linear,52,0,52,52,0,52,0.1,0.1015625,0.1015625,1.3009780376907938,1.3009780376907937e-06,mle,0.1652155680825633,0.9783627420299155,ok,True,True,extraction,
xom,5620,2022-05-05,5108,5619,512,-2.5221309965133147,linear,52,0,52,52,0,52,0.1,0.1015625,0.1015625,1.3009780376907938,1.3009780376907937e-06,mle,0.1652155680825633,0.9783627420299155,ok,True,True,extraction,
xom,5621,2022-05-06,5109,5620,512,-2.5221309965133147,linear,52,0,52,52,0,52,0.1,0.1015625,0.1015625,1.3202187516619324,1.3202187516619323e-06,mle,0.1652155680825633,0.9783627420299155,ok,True,True,extraction,
xom,5622,2022-05-09,5110,5621,512,-2.5221309965133147,linear,52,0,52,52,0,52,0.1,0.1015625,0.1015625,1.3214124805877132,1.321412480587713e-06,mle,0.1652155680825633,0.9783627420299155,ok,True,True,extraction,
xom,5623,2022-05-10,5111,5622,512,-2.5340871504969447,linear,52,0,52,52,0,52,0.1,0.1015625,0.1015625,1.3048338026557331,1.304833802655733e-06,mle,0.1984522586501445,1.0220275822582898,ok,True,True,extraction,
xom,5624,2022-05-11,5112,5623,512,-2.5340871504969447,linear,52,0,52,52,0,52,0.1,0.1015625,0.1015625,1.3034114659832494,1.3034114659832493e-06,mle,0.1984522586501445,1.0220275822582898,ok,True,True,extraction,
xom,5625,2022-05-12,5113,5624,512,-2.5340871504969447,linear,52,0,52,52,0,52,0.1,0.1015625,0.1015625,1.3202187516619324,1.3202187516619323e-06,mle,0.1984522586501445,1.0220275822582898,ok,True,True,extraction,
xom,5626,2022-05-13,5114,5625,512,-2.5221309965133147,linear,52,0,52,52,0,52,0.1,0.1015625,0.1015625,1.3009780376907938,1.3009780376907937e-06,mle,0.1899153293685502,0.9633048051963136,ok,True,True,extraction,
xom,5627,2022-05-16,5115,5626,512,-2.5221309965133147,linear,52,0,52,52,0,52,0.1,0.1015625,0.1015625,1.3009780376907938,1.3009780376907937e-06,mle,0.1899153293685502,0.9633048051963136,ok,True,True,extraction,
xom,5628,2022-05-17,5116,5627,512,-2.5221309965133147,linear,52,0,52,52,0,52,0.1,0.1015625,0.1015625,1.3204904948007885,1.3204904948007885e-06,mle,0.1899153293685502,0.9633048051963136,ok,True,True,extraction,
xom,5629,2022-05-18,5117,5628,512,-2.5221309965133147,linear,52,0,52,52,0,52,0.1,0.1015625,0.1015625,1.324134703034367,1.324134703034367e-06,mle,0.1899153293685502,0.9633048051963136,ok,True,True,extraction,
xom,5630,2022-05-19,5118,5629,512,-2.5221309965133147,linear,52,0,52,52,0,52,0.1,0.1015625,0.1015625,1.3204904948007885,1.3204904948007885e-06,mle,0.1899153293685502,0.9633048051963136,ok,True,True,extraction,
xom,5631,2022-05-20,5119,5630,512,-2.5221309965133147,linear,52,0,52,52,0,52,0.1,0.1015625,0.1015625,1.3162669164940113,1.3162669164940113e-06,mle,0.1899153293685502,0.9633048051963136,ok,True,True,extraction,
xom,5632,2022-05-23,5120,5631,512,-2.5221309965133147,linear,52,0,52,52,0,52,0.1,0.1015625,0.1015625,1.324134703034367,1.324134703034367e-06,mle,0.1899153293685502,0.9633048051963136,ok,True,True,extraction,
xom,5633,2022-05-24,5121,5632,512,-2.5221309965133147,linear,52,0,52,52,0,52,0.1,0.1015625,0.1015625,1.3308214861694048,1.3308214861694047e-06,mle,0.1899153293685502,0.9633048051963136,ok,True,True,extraction,
xom,5634,2022-05-25,5122,5633,512,-2.4993781752893716,linear,52,0,52,52,0,52,0.1,0.1015625,0.1015625,1.322235992697546,1.322235992697546e-06,mle,0.2063830476329493,0.9228864806711305,ok,True,True,extraction,
xom,5635,2022-05-26,5123,5634,512,-2.4993781752893716,linear,52,0,52,52,0,52,0.1,0.1015625,0.1015625,1.330720007576748,1.330720007576748e-06,mle,0.2063830476329493,0.9228864806711305,ok,True,True,extraction,
xom,5636,2022-05-27,5124,5635,512,-2.4993781752893716,linear,52,0,52,52,0,52,0.1,0.1015625,0.1015625,1.329296216821116,1.329296216821116e-06,mle,0.2063830476329493,0.9228864806711305,ok,True,True,extraction,
xom,5637,2022-05-31,5125,5636,512,-2.4993781752893716,linear,52,0,52,52,0,52,0.1,0.1015625,0.1015625,1.3230344533442289,1.323034453344229e-06,mle,0.2063830476329493,0.9228864806711305,ok,True,True,extraction,
xom,5638,2022-06-01,5126,5637,512,-2.4748962324821484,linear,52,0,52,52,0,52,0.1,0.1015625,0.1015625,1.3230344533442289,1.323034453344229e-06,mle,0.20212750549410652,0.9370262287959881,ok,True,True,extraction,
xom,5639,2022-06-02,5127,5638,512,-2.4748962324821484,linear,52,0,52,52,0,52,0.1,0.1015625,0.1015625,1.3230344533442289,1.323034453344229e-06,mle,0.20212750549410652,0.9370262287959881,ok,True,True,extraction,
xom,5640,2022-06-03,5128,5639,512,-2.4748962324821484,linear,52,0,52,52,0,52,0.1,0.1015625,0.1015625,1.3172491462180942,1.317249146218094e-06,mle,0.20212750549410652,0.9370262287959881,ok,True,True,extraction,
xom,5641,2022-06-06,5129,5640,512,-2.4748962324821484,linear,52,0,52,52,0,52,0.1,0.1015625,0.1015625,1.319860649365201,1.319860649365201e-06,mle,0.20212750549410652,0.9370262287959881,ok,True,True,extraction,
xom,5642,2022-06-07,5130,5641,512,-2.4748962324821484,linear,52,0,52,52,0,52,0.1,0.1015625,0.1015625,1.3135329967465164,1.3135329967465162e-06,mle,0.20212750549410652,0.9370262287959881,ok,True,True,extraction,
xom,5643,2022-06-08,5131,5642,512,-2.4748962324821484,linear,52,0,52,52,0,52,0.1,0.1015625,0.1015625,1.3172491462180942,1.317249146218094e-06,mle,0.20212750549410652,0.9370262287959881,ok,True,True,extraction,
xom,5644,2022-06-09,5132,5643,512,-2.425831817245515,linear,52,0,52,52,0,52,0.1,0.1015625,0.1015625,1.3156630215095149,1.3156630215095148e-06,mle,0.14337014817194058,1.039659215981974,ok,True,True,extraction,
xom,5645,2022-06-10,5133,5644,512,-2.425831817245515,linear,52,0,52,52,0,52,0.1,0.1015625,0.1015625,1.3172491462180942,1.317249146218094e-06,mle,0.14337014817194058,1.039659215981974,ok,True,True,extraction,
xom,5646,2022-06-13,5134,5645,512,-2.425831817245515,linear,52,0,52,52,0,52,0.1,0.1015625,0.1015625,1.319318303872651,1.319318303872651e-06,mle,0.14337014817194058,1.039659215981974,ok,True,True,extraction,
xom,5647,2022-06-14,5135,5646,512,-2.4748962324821484,linear,52,0,52,52,0,52,0.1,0.1015625,0.1015625,1.3184125008897296,1.3184125008897295e-06,mle,0.15719958593046957,1.0197953710401013,ok,True,True,extraction,
xom,5648,2022-06-15,5136,5647,512,-2.4748962324821484,linear,52,0,52,52,0,52,0.1,0.1015625,0.1015625,1.3050540014411631,1.305054001441163e-06,mle,0.15719958593046957,1.0197953710401013,ok,True,True,extraction,
xom,5649,2022-06-16,5137,5648,512,-2.4748962324821484,linear,52,0,52,52,0,52,0.1,0.1015625,0.1015625,1.3184125008897296,1.3184125008897295e-06,mle,0.15719958593046957,1.0197953710401013,ok,True,True,extraction,
xom,5650,2022-06-17,5138,5649,512,-2.4993781752893716,linear,52,0,52,52,0,52,0.1,0.1015625,0.1015625,1.3149624068704922,1.314962406870492e-06,mle,0.14431681435088603,1.0345275837632113,ok,True,True,extraction,
xom,5651,2022-06-21,5139,5650,512,-2.5221309965133147,linear,52,0,52,52,0,52,0.1,0.1015625,0.1015625,1.309457704219833,1.309457704219833e-06,mle,0.13262255192206313,1.0864342932023148,ok,True,True,extraction,
xom,5652,2022-06-22,5140,5651,512,-2.5221309965133147,linear,52,0,52,52,0,52,0.1,0.1015625,0.1015625,1.3149624068704922,1.314962406870492e-06,mle,0.13262255192206313,1.0864342932023148,ok,True,True,extraction,
xom,5653,2022-06-23,5141,5652,512,-2.5221309965133147,linear,52,0,52,52,0,52,0.1,0.1015625,0.1015625,1.3149624068704922,1.314962406870492e-06,mle,0.13160609095238646,1.0623317250339892,ok,True,True,extraction,
xom,5654,2022-06-24,5142,5653,512,-2.5221309965133147,linear,52,0,52,52,0,52,0.1,0.1015625,0.1015625,1.3149624068704922,1.314962406870492e-06,mle,0.02559193376231738,1.0733964513184948,ok,True,True,extraction,
xom,5655,2022-06-27,5143,5654,512,-2.5221309965133147,linear,52,0,52,52,0,52,0.1,0.1015625,0.1015625,1.3149624068704922,1.314962406870492e-06,mle,0.02559193376231738,1.0733964513184948,ok,True,True,extraction,
xom,5656,2022-06-28,5144,5655,512,-2.5221309965133147,linear,52,0,52,52,0,52,0.1,0.1015625,0.1015625,1.32922670930198,1.32922670930198e-06,mle,0.02559193376231738,1.0733964513184948,ok,True,True,extraction,
xom,5657,2022-06-29,5145,5656,512,-2.5221309965133147,linear,52,0,52,52,0,52,0.1,0.1015625,0.1015625,1.32922670930198,1.32922670930198e-06,mle,0.02559193376231738,1.0733964513184948,ok,True,True,extraction,
xom,5658,2022-06-30,5146,5657,512,-2.5221309965133147,linear,52,0,52,52,0,52,0.1,0.1015625,0.1015625,1.32922670930198,1.32922670930198e-06,mle,0.014740789795521618,1.0938716503574386,ok,True,True,extraction,
xom,5659,2022-07-01,5147,5658,512,-2.5340871504969447,linear,52,0,52,52,0,52,0.1,0.1015625,0.1015625,1.324134703034367,1.324134703034367e-06,mle,0.014795035387465457,1.0882737881530224,ok,True,True,extraction,
xom,5660,2022-07-05,5148,5659,512,-2.5340871504969447,linear,52,0,52,52,0,52,0.1,0.1015625,0.1015625,1.3308214861694048,1.3308214861694047e-06,mle,0.014795035387465457,1.0882737881530224,ok,True,True,extraction,
xom,5661,2022-07-06,5149,5660,512,-2.535750663639866,linear,52,0,52,52,0,52,0.1,0.1015625,0.1015625,1.3280680140972387,1.3280680140972386e-06,mle,-0.006385336776348298,1.1224999969861025,ok,True,True,extraction,
xom,5662,2022-07-07,5150,5661,512,-2.535750663639866,linear,52,0,52,52,0,52,0.1,0.1015625,0.1015625,1.3228024631233097,1.3228024631233096e-06,mle,-0.006385336776348298,1.1224999969861025,ok,True,True,extraction,
xom,5663,2022-07-08,5151,5662,512,-2.5340871504969447,linear,52,0,52,52,0,52,0.1,0.1015625,0.1015625,1.3330321691387497,1.3330321691387496e-06,mle,0.0372683151290462,1.0331578445773206,ok,True,True,extraction,
xom,5664,2022-07-11,5152,5663,512,-2.5340871504969447,linear,52,0,52,52,0,52,0.1,0.1015625,0.1015625,1.3280680140972387,1.3280680140972386e-06,mle,0.0372683151290462,1.0331578445773206,ok,True,True,extraction,
xom,5665,2022-07-12,5153,5664,512,-2.5221309965133147,linear,52,0,52,52,0,52,0.1,0.1015625,0.1015625,1.324134703034367,1.324134703034367e-06,mle,0.058438465380146715,1.0044696531636108,ok,True,True,extraction,
xom,5666,2022-07-13,5154,5665,512,-2.5221309965133147,linear,52,0,52,52,0,52,0.1,0.1015625,0.1015625,1.3162669164940113,1.3162669164940113e-06,mle,0.058438465380146715,1.0044696531636108,ok,True,True,extraction,
xom,5667,2022-07-14,5155,5666,512,-2.5221309965133147,linear,52,0,52,52,0,52,0.1,0.1015625,0.1015625,1.3162669164940113,1.3162669164940113e-06,mle,0.058438465380146715,1.0044696531636108,ok,True,True,extraction,
xom,5668,2022-07-15,5156,5667,512,-2.5221309965133147,linear,52,0,52,52,0,52,0.1,0.1015625,0.1015625,1.3162669164940113,1.3162669164940113e-06,mle,0.058438465380146715,1.0044696531636108,ok,True,True,extraction,
xom,5669,2022-07-18,5157,5668,512,-2.5221309965133147,linear,52,0,52,52,0,52,0.1,0.1015625,0.1015625,1.3204904948007885,1.3204904948007885e-06,mle,0.058438465380146715,1.0044696531636108,ok,True,True,extraction,
xom,5670,2022-07-19,5158,5669,512,-2.5221309965133147,linear,52,0,52,52,0,52,0.1,0.1015625,0.1015625,1.3228024631233097,1.3228024631233096e-06,mle,0.058438465380146715,1.0044696531636108,ok,True,True,extraction,
xom,5671,2022-07-20,5159,5670,512,-2.4993781752893716,linear,52,0,52,52,0,52,0.1,0.1015625,0.1015625,1.3330321691387497,1.3330321691387496e-06,mle,0.035573338538165175,1.048220985866724,ok,True,True,extraction,
xom,5672,2022-07-21,5160,5671,512,-2.4993781752893716,linear,52,0,52,52,0,52,0.1,0.1015625,0.1015625,1.3365656955371918,1.3365656955371917e-06,mle,0.035573338538165175,1.048220985866724,ok,True,True,extraction,
xom,5673,2022-07-22,5161,5672,512,-2.4748962324821484,linear,52,0,52,52,0,52,0.1,0.1015625,0.1015625,1.3365656955371918,1.3365656955371917e-06,mle,0.05285338842871708,1.0212223741693904,ok,True,True,extraction,
xom,5674,2022-07-25,5162,5673,512,-2.4748962324821484,linear,52,0,52,52,0,52,0.1,0.1015625,0.1015625,1.3280680140972387,1.3280680140972386e-06,mle,0.05285338842871708,1.0212223741693904,ok,True,True,extraction,
xom,5675,2022-07-26,5163,5674,512,-2.4748962324821484,linear,52,0,52,52,0,52,0.1,0.1015625,0.1015625,1.3365656955371918,1.3365656955371917e-06,mle,0.05285338842871708,1.0212223741693904,ok,True,True,extraction,
xom,5676,2022-07-27,5164,5675,512,-2.4748962324821484,linear,52,0,52,52,0,52,0.1,0.1015625,0.1015625,1.3280680140972387,1.3280680140972386e-06,mle,0.05285338842871708,1.0212223741693904,ok,True,True,extraction,
xom,5677,2022-07-28,5165,5676,512,-2.4748962324821484,linear,52,0,52,52,0,52,0.1,0.1015625,0.1015625,1.3330321691387497,1.3330321691387496e-06,mle,0.05285338842871708,1.0212223741693904,ok,True,True,extraction,
xom,5678,2022-07-29,5166,5677,512,-2.4748962324821484,linear,52,0,52,52,0,52,0.1,0.1015625,0.1015625,1.3365656955371918,1.3365656955371917e-06,mle,0.05285338842871708,1.0212223741693904,ok,True,True,extraction,
xom,5679,2022-08-01,5167,5678,512,-2.4748962324821484,linear,52,0,52,52,0,52,0.1,0.1015625,0.1015625,1.3383650489136198,1.3383650489136197e-06,mle,0.05285338842871708,1.0212223741693904,ok,True,True,extraction,
xom,5680,2022-08-02,5168,5679,512,-2.4993781752893716,linear,52,0,52,52,0,52,0.1,0.1015625,0.1015625,1.3383650489136198,1.3383650489136197e-06,mle,0.081653423246745,0.9696689891499399,ok,True,True,extraction,
xom,5681,2022-08-03,5169,5680,512,-2.4993781752893716,linear,52,0,52,52,0,52,0.1,0.1015625,0.1015625,1.3326323844743202,1.3326323844743201e-06,mle,0.081653423246745,0.9696689891499399,ok,True,True,extraction,
xom,5682,2022-08-04,5170,5681,512,-2.5221309965133147,linear,52,0,52,52,0,52,0.1,0.1015625,0.1015625,1.3326323844743202,1.3326323844743201e-06,mle,0.07879393267254607,0.9657346668303837,ok,True,True,extraction,
xom,5683,2022-08-05,5171,5682,512,-2.5340871504969447,linear,52,0,52,52,0,52,0.1,0.1015625,0.1015625,1.3330321691387497,1.3330321691387496e-06,mle,0.04493920647770533,1.0217730559426967,ok,True,True,extraction,
xom,5684,2022-08-08,5172,5683,512,-2.5340871504969447,linear,52,0,52,52,0,52,0.1,0.1015625,0.1015625,1.3365656955371918,1.3365656955371917e-06,mle,0.04493920647770533,1.0217730559426967,ok,True,True,extraction,
xom,5685,2022-08-09,5173,5684,512,-2.5340871504969447,linear,52,0,52,52,0,52,0.1,0.1015625,0.1015625,1.3365656955371918,1.3365656955371917e-06,mle,0.04493920647770533,1.0217730559426967,ok,True,True,extraction,
xom,5686,2022-08-10,5174,5685,512,-2.5340871504969447,linear,52,0,52,52,0,52,0.1,0.1015625,0.1015625,1.3383650489136198,1.3383650489136197e-06,mle,0.04493920647770533,1.0217730559426967,ok,True,True,extraction,
xom,5687,2022-08-11,5175,5686,512,-2.5340871504969447,linear,52,0,52,52,0,52,0.1,0.1015625,0.1015625,1.3383650489136198,1.3383650489136197e-06,mle,0.04493920647770533,1.0217730559426967,ok,True,True,extraction,
xom,5688,2022-08-12,5176,5687,512,-2.5221309965133147,linear,52,0,52,52,0,52,0.1,0.1015625,0.1015625,1.3421814022599134,1.3421814022599135e-06,mle,0.07556382758225297,0.955883593751327,ok,True,True,extraction,
xom,5689,2022-08-15,5177,5688,512,-2.5221309965133147,linear,52,0,52,52,0,52,0.1,0.1015625,0.1015625,1.3421814022599134,1.3421814022599135e-06,mle,0.07556382758225297,0.955883593751327,ok,True,True,extraction,
xom,5690,2022-08-16,5178,5689,512,-2.5221309965133147,linear,52,0,52,52,0,52,0.1,0.1015625,0.1015625,1.3433292039551308,1.3433292039551307e-06,mle,0.07556382758225297,0.955883593751327,ok,True,True,extraction,
xom,5691,2022-08-17,5179,5690,512,-2.5221309965133147,linear,52,0,52,52,0,52,0.1,0.1015625,0.1015625,1.3365656955371918,1.3365656955371917e-06,mle,0.07556382758225297,0.955883593751327,ok,True,True,extraction,
xom,5692,2022-08-18,5180,5691,512,-2.5221309965133147,linear,52,0,52,52,0,52,0.1,0.1015625,0.1015625,1.3365656955371918,1.3365656955371917e-06,mle,0.07556382758225297,0.955883593751327,ok,True,True,extraction,
xom,5693,2022-08-19,5181,5692,512,-2.5221309965133147,linear,52,0,52,52,0,52,0.1,0.1015625,0.1015625,1.3433292039551308,1.3433292039551307e-06,mle,0.07556382758225297,0.955883593751327,ok,True,True,extraction,
xom,5694,2022-08-22,5182,5693,512,-2.5221309965133147,linear,52,0,52,52,0,52,0.1,0.1015625,0.1015625,1.3433292039551308,1.3433292039551307e-06,mle,0.07556382758225297,0.955883593751327,ok,True,True,extraction,
xom,5695,2022-08-23,5183,5694,512,-2.5221309965133147,linear,52,0,52,52,0,52,0.1,0.1015625,0.1015625,1.3365656955371918,1.3365656955371917e-06,mle,0.07556382758225297,0.955883593751327,ok,True,True,extraction,
xom,5696,2022-08-24,5184,5695,512,-2.5221309965133147,linear,52,0,52,52,0,52,0.1,0.1015625,0.1015625,1.3415298505787028,1.3415298505787027e-06,mle,0.07556382758225297,0.955883593751327,ok,True,True,extraction,
xom,5697,2022-08-25,5185,5696,512,-2.5221309965133147,linear,52,0,52,52,0,52,0.1,0.1015625,0.1015625,1.3433292039551308,1.3433292039551307e-06,mle,0.07556382758225297,0.955883593751327,ok,True,True,extraction,
xom,5698,2022-08-26,5186,5697,512,-2.5221309965133147,linear,52,0,52,52,0,52,0.1,0.1015625,0.1015625,1.3421814022599134,1.3421814022599135e-06,mle,0.07556382758225297,0.955883593751327,ok,True,True,extraction,
xom,5699,2022-08-29,5187,5698,512,-2.5221309965133147,linear,52,0,52,52,0,52,0.1,0.1015625,0.1015625,1.3433292039551308,1.3433292039551307e-06,mle,0.07556382758225297,0.955883593751327,ok,True,True,extraction,
xom,5700,2022-08-30,5188,5699,512,-2.5221309965133147,linear,52,0,52,52,0,52,0.1,0.1015625,0.1015625,1.3446580717533008,1.3446580717533008e-06,mle,0.07556382758225297,0.955883593751327,ok,True,True,extraction,
xom,5701,2022-08-31,5189,5700,512,-2.5340871504969447,linear,52,0,52,52,0,52,0.1,0.1015625,0.1015625,1.3473102584722905,1.3473102584722905e-06,mle,0.047701169191715416,0.9977274890080736,ok,True,True,extraction,
xom,5702,2022-09-01,5190,5701,512,-2.5340871504969447,linear,52,0,52,52,0,52,0.1,0.1015625,0.1015625,1.3473102584722905,1.3473102584722905e-06,mle,0.047701169191715416,0.9977274890080736,ok,True,True,extraction,
xom,5703,2022-09-02,5191,5702,512,-2.5340871504969447,linear,52,0,52,52,0,52,0.1,0.1015625,0.1015625,1.3473102584722905,1.3473102584722905e-06,mle,0.047701169191715416,0.9977274890080736,ok,True,True,extraction,
xom,5704,2022-09-06,5192,5703,512,-2.5340871504969447,linear,52,0,52,52,0,52,0.1,0.1015625,0.1015625,1.354817709273815,1.354817709273815e-06,mle,0.047701169191715416,0.9977274890080736,ok,True,True,extraction,
xom,5705,2022-09-07,5193,5704,512,-2.5340871504969447,linear,52,0,52,52,0,52,0.1,0.1015625,0.1015625,1.3473102584722905,1.3473102584722905e-06,mle,0.047701169191715416,0.9977274890080736,ok,True,True,extraction,
xom,5706,2022-09-08,5194,5705,512,-2.5221309965133147,linear,52,0,52,52,0,52,0.1,0.1015625,0.1015625,1.3446580717533008,1.3446580717533008e-06,mle,0.06093936327845348,0.9826524103676559,ok,True,True,extraction,
xom,5707,2022-09-09,5195,5706,512,-2.5221309965133147,linear,52,0,52,52,0,52,0.1,0.1015625,0.1015625,1.3444295115376657,1.3444295115376656e-06,mle,0.06093936327845348,0.9826524103676559,ok,True,True,extraction,
xom,5708,2022-09-12,5196,5707,512,-2.5221309965133147,linear,52,0,52,52,0,52,0.1,0.1015625,0.1015625,1.352257092185022,1.352257092185022e-06,mle,0.06093936327845348,0.9826524103676559,ok,True,True,extraction,
xom,5709,2022-09-13,5197,5708,512,-2.5221309965133147,linear,52,0,52,52,0,52,0.1,0.1015625,0.1015625,1.3444295115376657,1.3444295115376656e-06,mle,0.06093936327845348,0.9826524103676559,ok,True,True,extraction,
xom,5710,2022-09-14,5198,5709,512,-2.5221309965133147,linear,52,0,52,52,0,52,0.1,0.1015625,0.1015625,1.3444295115376657,1.3444295115376656e-06,mle,0.06093936327845348,0.9826524103676559,ok,True,True,extraction,
xom,5711,2022-09-15,5199,5710,512,-2.5221309965133147,linear,52,0,52,52,0,52,0.1,0.1015625,0.1015625,1.3458661751813004,1.3458661751813003e-06,mle,0.06093936327845348,0.9826524103676559,ok,True,True,extraction,
xom,5712,2022-09-16,5200,5711,512,-2.5340871504969447,linear,52,0,52,52,0,52,0.1,0.1015625,0.1015625,1.3557745806106294,1.3557745806106293e-06,mle,0.05693000030836315,0.9831149697109001,ok,True,True,extraction,
xom,5713,2022-09-19,5201,5712,512,-2.5340871504969447,linear,52,0,52,52,0,52,0.1,0.1015625,0.1015625,1.3602668220016252,1.360266822001625e-06,mle,0.05693000030836315,0.9831149697109001,ok,True,True,extraction,
xom,5714,2022-09-20,5202,5713,512,-2.5340871504969447,linear,52,0,52,52,0,52,0.1,0.1015625,0.1015625,1.3602668220016252,1.360266822001625e-06,mle,0.05693000030836315,0.9831149697109001,ok,True,True,extraction,
xom,5715,2022-09-21,5203,5714,512,-2.5340871504969447,linear,52,0,52,52,0,52,0.1,0.1015625,0.1015625,1.3557745806106294,1.3557745806106293e-06,mle,0.05693000030836315,0.9831149697109001,ok,True,True,extraction,
xom,5716,2022-09-22,5204,5715,512,-2.5340871504969447,linear,52,0,52,52,0,52,0.1,0.1015625,0.1015625,1.3602668220016252,1.360266822001625e-06,mle,0.05693000030836315,0.9831149697109001,ok,True,True,extraction,
xom,5717,2022-09-23,5205,5716,512,-2.5221309965133147,linear,52,0,52,52,0,52,0.1,0.1015625,0.1015625,1.3557745806106294,1.3557745806106293e-06,mle,0.04296341853649948,1.0088626689698679,ok,True,True,extraction,
xom,5718,2022-09-26,5206,5717,512,-2.5346765553111403,linear,52,0,52,52,0,52,0.1,0.1015625,0.1015625,1.3602668220016252,1.360266822001625e-06,mle,0.01844498921134459,1.077835040473451,ok,True,True,extraction,
xom,5719,2022-09-27,5207,5718,512,-2.5346765553111403,linear,52,0,52,52,0,52,0.1,0.1015625,0.1015625,1.3618615988690501,1.3618615988690502e-06,mle,0.01844498921134459,1.077835040473451,ok,True,True,extraction,
xom,5720,2022-09-28,5208,5719,512,-2.5346765553111403,linear,52,0,52,52,0,52,0.1,0.1015625,0.1015625,1.3676441887077422,1.3676441887077422e-06,mle,0.01844498921134459,1.077835040473451,ok,True,True,extraction,
xom,5721,2022-09-29,5209,5720,512,-2.5346765553111403,linear,52,0,52,52,0,52,0.1,0.1015625,0.1015625,1.3676441887077422,1.3676441887077422e-06,mle,0.01844498921134459,1.077835040473451,ok,True,True,extraction,
xom,5722,2022-09-30,5210,5721,512,-2.5346765553111403,linear,52,0,52,52,0,52,0.1,0.1015625,0.1015625,1.3676441887077422,1.3676441887077422e-06,mle,0.01844498921134459,1.077835040473451,ok,True,True,extraction,
xom,5723,2022-10-03,5211,5722,512,-2.5346765553111403,linear,52,0,52,52,0,52,0.1,0.1015625,0.1015625,1.3676441887077422,1.3676441887077422e-06,mle,0.01844498921134459,1.077835040473451,ok,True,True,extraction,
xom,5724,2022-10-04,5212,5723,512,-2.5346765553111403,linear,52,0,52,52,0,52,0.1,0.1015625,0.1015625,1.3719105900939679,1.3719105900939677e-06,mle,0.01844498921134459,1.077835040473451,ok,True,True,extraction,
xom,5725,2022-10-05,5213,5724,512,-2.5346765553111403,linear,52,0,52,52,0,52,0.1,0.1015625,0.1015625,1.3748289636546938,1.3748289636546937e-06,mle,0.01844498921134459,1.077835040473451,ok,True,True,extraction,
xom,5726,2022-10-06,5214,5725,512,-2.5148507336903583,linear,52,0,52,52,0,52,0.1,0.1015625,0.1015625,1.3802495974210454,1.3802495974210452e-06,mle,0.022814687252672966,1.07858000073847,ok,True,True,extraction,
xom,5727,2022-10-07,5215,5726,512,-2.5148507336903583,linear,52,0,52,52,0,52,0.1,0.1015625,0.1015625,1.4024380966382906,1.4024380966382904e-06,mle,0.022814687252672966,1.07858000073847,ok,True,True,extraction,
xom,5728,2022-10-10,5216,5727,512,-2.5148507336903583,linear,52,0,52,52,0,52,0.1,0.1015625,0.1015625,1.391752779717799,1.391752779717799e-06,mle,0.022814687252672966,1.07858000073847,ok,True,True,extraction,
xom,5729,2022-10-11,5217,5728,512,-2.5148507336903583,linear,52,0,52,52,0,52,0.1,0.1015625,0.1015625,1.3863321459514477,1.3863321459514478e-06,mle,0.022814687252672966,1.07858000073847,ok,True,True,extraction,
xom,5730,2022-10-12,5218,5729,512,-2.425831817245515,linear,52,0,52,52,0,52,0.1,0.1015625,0.1015625,1.3748289636546938,1.3748289636546937e-06,mle,-0.04565337007848567,1.236490341220611,ok,True,True,extraction,
xom,5731,2022-10-13,5219,5730,512,-2.425831817245515,linear,52,0,52,52,0,52,0.1,0.1015625,0.1015625,1.3802495974210454,1.3802495974210452e-06,mle,-0.04565337007848567,1.236490341220611,ok,True,True,extraction,
xom,5732,2022-10-14,5220,5731,512,-2.396258069049114,linear,52,0,52,52,0,52,0.1,0.1015625,0.1015625,1.3909349143415368,1.3909349143415367e-06,mle,-0.04194521468712435,1.2397368320157909,ok,True,True,extraction,
xom,5733,2022-10-17,5221,5732,512,-2.425831817245515,linear,52,0,52,52,0,52,0.1,0.1015625,0.1015625,1.4024380966382906,1.4024380966382904e-06,mle,-0.024359934394424212,1.1937644521600466,ok,True,True,extraction,
xom,5734,2022-10-18,5222,5733,512,-2.425831817245515,linear,52,0,52,52,0,52,0.1,0.1015625,0.1015625,1.3909349143415368,1.3909349143415367e-06,mle,-0.024359934394424212,1.1937644521600466,ok,True,True,extraction,
xom,5735,2022-10-19,5223,5734,512,-2.425831817245515,linear,52,0,52,52,0,52,0.1,0.1015625,0.1015625,1.3909349143415368,1.3909349143415367e-06,mle,-0.024359934394424212,1.1937644521600466,ok,True,True,extraction,
xom,5736,2022-10-20,5224,5735,512,-2.425831817245515,linear,52,0,52,52,0,52,0.1,0.1015625,0.1015625,1.4024380966382906,1.4024380966382904e-06,mle,-0.024359934394424212,1.1937644521600466,ok,True,True,extraction,
xom,5737,2022-10-21,5225,5736,512,-2.425831817245515,linear,52,0,52,52,0,52,0.1,0.1015625,0.1015625,1.3802495974210454,1.3802495974210452e-06,mle,-0.024359934394424212,1.1937644521600466,ok,True,True,extraction,
xom,5738,2022-10-24,5226,5737,512,-2.425831817245515,linear,52,0,52,52,0,52,0.1,0.1015625,0.1015625,1.3909349143415368,1.3909349143415367e-06,mle,-0.024359934394424212,1.1937644521600466,ok,True,True,extraction,
xom,5739,2022-10-25,5227,5738,512,-2.425831817245515,linear,52,0,52,52,0,52,0.1,0.1015625,0.1015625,1.4013542236163796,1.4013542236163796e-06,mle,-0.024359934394424212,1.1937644521600466,ok,True,True,extraction,
xom,5740,2022-10-26,5228,5739,512,-2.425831817245515,linear,52,0,52,52,0,52,0.1,0.1015625,0.1015625,1.3878833622577258,1.3878833622577257e-06,mle,-0.024359934394424212,1.1937644521600466,ok,True,True,extraction,
xom,5741,2022-10-27,5229,5740,512,-2.425831817245515,linear,52,0,52,52,0,52,0.1,0.1015625,0.1015625,1.3958378050725262,1.3958378050725262e-06,mle,-0.024359934394424212,1.1937644521600466,ok,True,True,extraction,
xom,5742,2022-10-28,5230,5741,512,-2.425831817245515,linear,52,0,52,52,0,52,0.1,0.1015625,0.1015625,1.3958378050725262,1.3958378050725262e-06,mle,-0.024359934394424212,1.1937644521600466,ok,True,True,extraction,
xom,5743,2022-10-31,5231,5742,512,-2.425831817245515,linear,52,0,52,52,0,52,0.1,0.1015625,0.1015625,1.402409455155281,1.402409455155281e-06,mle,-0.024359934394424212,1.1937644521600466,ok,True,True,extraction,
xom,5744,2022-11-01,5232,5743,512,-2.425831817245515,linear,52,0,52,52,0,52,0.1,0.1015625,0.1015625,1.3999505085941149,1.3999505085941148e-06,mle,-0.024359934394424212,1.1937644521600466,ok,True,True,extraction,
xom,5745,2022-11-02,5233,5744,512,-2.425831817245515,linear,52,0,52,52,0,52,0.1,0.1015625,0.1015625,1.3999505085941149,1.3999505085941148e-06,mle,-0.024359934394424212,1.1937644521600466,ok,True,True,extraction,
xom,5746,2022-11-03,5234,5745,512,-2.425831817245515,linear,52,0,52,52,0,52,0.1,0.1015625,0.1015625,1.3999505085941149,1.3999505085941148e-06,mle,-0.024359934394424212,1.1937644521600466,ok,True,True,extraction,
xom,5747,2022-11-04,5235,5746,512,-2.425831817245515,linear,52,0,52,52,0,52,0.1,0.1015625,0.1015625,1.3944318512994975,1.3944318512994975e-06,mle,-0.024359934394424212,1.1937644521600466,ok,True,True,extraction,
xom,5748,2022-11-07,5236,5747,512,-2.425831817245515,linear,52,0,52,52,0,52,0.1,0.1015625,0.1015625,1.3925474311310215,1.3925474311310214e-06,mle,-0.024359934394424212,1.1937644521600466,ok,True,True,extraction,
xom,5749,2022-11-08,5237,5748,512,-2.4223035273600546,linear,52,0,52,52,0,52,0.1,0.1015625,0.1015625,1.389236764941914,1.389236764941914e-06,mle,-0.02758486041695289,1.2011398427566395,ok,True,True,extraction,
xom,5750,2022-11-09,5238,5749,512,-2.4223035273600546,linear,52,0,52,52,0,52,0.1,0.1015625,0.1015625,1.384676535485481,1.3846765354854811e-06,mle,-0.02758486041695289,1.2011398427566395,ok,True,True,extraction,
xom,5751,2022-11-10,5239,5750,512,-2.4223035273600546,linear,52,0,52,52,0,52,0.1,0.1015625,0.1015625,1.384676535485481,1.3846765354854811e-06,mle,-0.033997820845493104,1.2224844896325706,ok,True,True,extraction,
xom,5752,2022-11-11,5240,5751,512,-2.4223035273600546,linear,52,0,52,52,0,52,0.1,0.1015625,0.1015625,1.3816759619149113,1.3816759619149112e-06,mle,-0.033997820845493104,1.2224844896325706,ok,True,True,extraction,
xom,5753,2022-11-14,5241,5752,512,-2.4223035273600546,linear,52,0,52,52,0,52,0.1,0.1015625,0.1015625,1.3839164909103525,1.3839164909103524e-06,mle,-0.033997820845493104,1.2224844896325706,ok,True,True,extraction,
xom,5754,2022-11-15,5242,5753,512,-2.4223035273600546,linear,52,0,52,52,0,52,0.1,0.1015625,0.1015625,1.3829149120359263,1.3829149120359263e-06,mle,-0.033997820845493104,1.2224844896325706,ok,True,True,extraction,
xom,5755,2022-11-16,5243,5754,512,-2.4223035273600546,linear,52,0,52,52,0,52,0.1,0.1015625,0.1015625,1.379618287165307,1.379618287165307e-06,mle,-0.033997820845493104,1.2224844896325706,ok,True,True,extraction,
xom,5756,2022-11-17,5244,5755,512,-2.4223035273600546,linear,52,0,52,52,0,52,0.1,0.1015625,0.1015625,1.379618287165307,1.379618287165307e-06,mle,-0.033997820845493104,1.2224844896325706,ok,True,True,extraction,
xom,5757,2022-11-18,5245,5756,512,-2.4223035273600546,linear,52,0,52,52,0,52,0.1,0.1015625,0.1015625,1.379618287165307,1.379618287165307e-06,mle,-0.033997820845493104,1.2224844896325706,ok,True,True,extraction,
xom,5758,2022-11-21,5246,5757,512,-2.4223035273600546,linear,52,0,52,52,0,52,0.1,0.1015625,0.1015625,1.3753848630022711,1.3753848630022711e-06,mle,-0.033997820845493104,1.2224844896325706,ok,True,True,extraction,
xom,5759,2022-11-22,5247,5758,512,-2.4223035273600546,linear,52,0,52,52,0,52,0.1,0.1015625,0.1015625,1.3738086372252658,1.3738086372252658e-06,mle,-0.033997820845493104,1.2224844896325706,ok,True,True,extraction,
xom,5760,2022-11-23,5248,5759,512,-2.4223035273600546,linear,52,0,52,52,0,52,0.1,0.1015625,0.1015625,1.3738086372252658,1.3738086372252658e-06,mle,-0.033997820845493104,1.2224844896325706,ok,True,True,extraction,
xom,5761,2022-11-25,5249,5760,512,-2.4223035273600546,linear,52,0,52,52,0,52,0.1,0.1015625,0.1015625,1.3738086372252658,1.3738086372252658e-06,mle,-0.033997820845493104,1.2224844896325706,ok,True,True,extraction,
xom,5762,2022-11-28,5250,5761,512,-2.3644063873311034,linear,52,0,52,52,0,52,0.1,0.1015625,0.1015625,1.3672554804179486,1.3672554804179486e-06,mle,-0.05463845872534428,1.2852468414878628,ok,True,True,extraction,
xom,5763,2022-11-29,5251,5762,512,-2.4223035273600546,linear,52,0,52,52,0,52,0.1,0.1015625,0.1015625,1.3672554804179484,1.3672554804179484e-06,mle,-0.02379523061499839,1.2017439049538856,ok,True,True,extraction,
xom,5764,2022-11-30,5252,5763,512,-2.4223035273600546,linear,52,0,52,52,0,52,0.1,0.1015625,0.1015625,1.3547174765123524,1.3547174765123524e-06,mle,-0.02379523061499839,1.2017439049538856,ok,True,True,extraction,
xom,5765,2022-12-01,5253,5764,512,-2.4223035273600546,linear,52,0,52,52,0,52,0.1,0.1015625,0.1015625,1.3547174765123524,1.3547174765123524e-06,mle,-0.02379523061499839,1.2017439049538856,ok,True,True,extraction,
xom,5766,2022-12-02,5254,5765,512,-2.3644063873311034,linear,52,0,52,52,0,52,0.1,0.1015625,0.1015625,1.348827905082942,1.348827905082942e-06,mle,-0.039442677897892145,1.250711949494462,ok,True,True,extraction,
xom,5767,2022-12-05,5255,5766,512,-2.3644063873311034,linear,52,0,52,52,0,52,0.1,0.1015625,0.1015625,1.3465082046219503,1.3465082046219503e-06,mle,-0.039442677897892145,1.250711949494462,ok,True,True,extraction,
xom,5768,2022-12-06,5256,5767,512,-2.4223035273600546,linear,52,0,52,52,0,52,0.1,0.1015625,0.1015625,1.3465082046219503,1.3465082046219503e-06,mle,0.0018254160426310671,1.151086096117138,ok,True,True,extraction,
xom,5769,2022-12-07,5257,5768,512,-2.5148507336903583,linear,52,0,52,52,0,52,0.1,0.1015625,0.1015625,1.336443323196946,1.336443323196946e-06,mle,0.10626296445176117,0.9568293236133578,ok,True,True,extraction,
xom,5770,2022-12-08,5258,5769,512,-2.5148507336903583,linear,52,0,52,52,0,52,0.1,0.1015625,0.1015625,1.3155887277435117,1.3155887277435116e-06,mle,0.10626296445176117,0.9568293236133578,ok,True,True,extraction,
xom,5771,2022-12-09,5259,5770,512,-2.4223035273600546,linear,52,0,52,52,0,52,0.1,0.1015625,0.1015625,1.3104293427021572,1.3104293427021572e-06,mle,0.0020868554527694546,1.1506411349006034,ok,True,True,extraction,
xom,5772,2022-12-12,5260,5771,512,-2.4223035273600546,linear,52,0,52,52,0,52,0.1,0.1015625,0.1015625,1.3001313095417932,1.3001313095417932e-06,mle,0.0020868554527694546,1.1506411349006034,ok,True,True,extraction,
xom,5773,2022-12-13,5261,5772,512,-2.3644063873311034,linear,52,0,52,52,0,52,0.1,0.1015625,0.1015625,1.306217369373171,1.3062173693731708e-06,mle,-0.012211030708524818,1.169335209588637,ok,True,True,extraction,
xom,5774,2022-12-14,5262,5773,512,-2.3644063873311034,linear,52,0,52,52,0,52,0.1,0.1015625,0.1015625,1.306217369373171,1.3062173693731708e-06,mle,-0.012211030708524818,1.169335209588637,ok,True,True,extraction,
xom,5775,2022-12-15,5263,5774,512,-2.3644063873311034,linear,52,0,52,52,0,52,0.1,0.1015625,0.1015625,1.2956984855948976,1.2956984855948975e-06,mle,-0.012211030708524818,1.169335209588637,ok,True,True,extraction,
xom,5776,2022-12-16,5264,5775,512,-2.3644063873311034,linear,52,0,52,52,0,52,0.1,0.1015625,0.1015625,1.3005352024878039,1.3005352024878038e-06,mle,-0.012211030708524818,1.169335209588637,ok,True,True,extraction,
xom,5777,2022-12-19,5265,5776,512,-2.3644063873311034,linear,52,0,52,52,0,52,0.1,0.1015625,0.1015625,1.2962692016278186,1.2962692016278185e-06,mle,-0.012211030708524818,1.169335209588637,ok,True,True,extraction,
xom,5778,2022-12-20,5266,5777,512,-2.3644063873311034,linear,52,0,52,52,0,52,0.1,0.1015625,0.1015625,1.2882617014446804,1.2882617014446803e-06,mle,-0.012211030708524818,1.169335209588637,ok,True,True,extraction,
xom,5779,2022-12-21,5267,5778,512,-2.3644063873311034,linear,52,0,52,52,0,52,0.1,0.1015625,0.1015625,1.2819923468738281,1.2819923468738281e-06,mle,-0.012211030708524818,1.169335209588637,ok,True,True,extraction,
xom,5780,2022-12-22,5268,5779,512,-2.3644063873311034,linear,52,0,52,52,0,52,0.1,0.1015625,0.1015625,1.2819923468738281,1.2819923468738281e-06,mle,-0.012211030708524818,1.169335209588637,ok,True,True,extraction,
xom,5781,2022-12-23,5269,5780,512,-2.3644063873311034,linear,52,0,52,52,0,52,0.1,0.1015625,0.1015625,1.2779219589577586,1.2779219589577585e-06,mle,-0.012211030708524818,1.169335209588637,ok,True,True,extraction,
xom,5782,2022-12-27,5270,5781,512,-2.3644063873311034,linear,52,0,52,52,0,52,0.1,0.1015625,0.1015625,1.2882617014446804,1.2882617014446803e-06,mle,-0.012211030708524818,1.169335209588637,ok,True,True,extraction,
xom,5783,2022-12-28,5271,5782,512,-2.3606663432502937,linear,52,0,52,52,0,52,0.1,0.1015625,0.1015625,1.2858165668866786,1.2858165668866785e-06,mle,0.01916623119660836,1.1120866812619798,ok,True,True,extraction,
xom,5784,2022-12-29,5272,5783,512,-2.3606663432502937,linear,52,0,52,52,0,52,0.1,0.1015625,0.1015625,1.2819923468738281,1.2819923468738281e-06,mle,0.01916623119660836,1.1120866812619798,ok,True,True,extraction,
xom,5785,2022-12-30,5273,5784,512,-2.3606663432502937,linear,52,0,52,52,0,52,0.1,0.1015625,0.1015625,1.2819923468738281,1.2819923468738281e-06,mle,0.01916623119660836,1.1120866812619798,ok,True,True,extraction,
xom,5786,2023-01-03,5274,5785,512,-2.3606663432502937,linear,52,0,52,52,0,52,0.1,0.1015625,0.1015625,1.2858165668866786,1.2858165668866785e-06,mle,0.01916623119660836,1.1120866812619798,ok,True,True,extraction,
xom,5787,2023-01-04,5275,5786,512,-2.3644063873311034,linear,52,0,52,52,0,52,0.1,0.1015625,0.1015625,1.2858165668866786,1.2858165668866785e-06,mle,-0.009198580514650754,1.162460858129827,ok,True,True,extraction,
xom,5788,2023-01-05,5276,5787,512,-2.3644063873311034,linear,52,0,52,52,0,52,0.1,0.1015625,0.1015625,1.2830211981029647,1.2830211981029645e-06,mle,-0.009198580514650754,1.162460858129827,ok,True,True,extraction,
xom,5789,2023-01-06,5277,5788,512,-2.3644063873311034,linear,52,0,52,52,0,52,0.1,0.1015625,0.1015625,1.2830211981029647,1.2830211981029645e-06,mle,-0.009198580514650754,1.162460858129827,ok,True,True,extraction,
xom,5790,2023-01-09,5278,5789,512,-2.3644063873311034,linear,52,0,52,52,0,52,0.1,0.1015625,0.1015625,1.2830211981029647,1.2830211981029645e-06,mle,-0.009198580514650754,1.162460858129827,ok,True,True,extraction,
xom,5791,2023-01-10,5279,5790,512,-2.3644063873311034,linear,52,0,52,52,0,52,0.1,0.1015625,0.1015625,1.2851634890726347,1.2851634890726346e-06,mle,-0.009198580514650754,1.162460858129827,ok,True,True,extraction,
xom,5792,2023-01-11,5280,5791,512,-2.3644063873311034,linear,52,0,52,52,0,52,0.1,0.1015625,0.1015625,1.2851634890726347,1.2851634890726346e-06,mle,-0.009198580514650754,1.162460858129827,ok,True,True,extraction,
xom,5793,2023-01-12,5281,5792,512,-2.3644063873311034,linear,52,0,52,52,0,52,0.1,0.1015625,0.1015625,1.2817714478813276,1.2817714478813274e-06,mle,-0.009198580514650754,1.162460858129827,ok,True,True,extraction,
xom,5794,2023-01-13,5282,5793,512,-2.3644063873311034,linear,52,0,52,52,0,52,0.1,0.1015625,0.1015625,1.2854808947203866,1.2854808947203867e-06,mle,-0.009198580514650754,1.162460858129827,ok,True,True,extraction,
xom,5795,2023-01-17,5283,5794,512,-2.3644063873311034,linear,52,0,52,52,0,52,0.1,0.1015625,0.1015625,1.2854808947203866,1.2854808947203867e-06,mle,-0.009198580514650754,1.162460858129827,ok,True,True,extraction,
xom,5796,2023-01-18,5284,5795,512,-2.3644063873311034,linear,52,0,52,52,0,52,0.1,0.1015625,0.1015625,1.2851634890726347,1.2851634890726346e-06,mle,-0.009198580514650754,1.162460858129827,ok,True,True,extraction,
xom,5797,2023-01-19,5285,5796,512,-2.3644063873311034,linear,52,0,52,52,0,52,0.1,0.1015625,0.1015625,1.2856336041698933,1.2856336041698932e-06,mle,-0.009198580514650754,1.162460858129827,ok,True,True,extraction,
xom,5798,2023-01-20,5286,5797,512,-2.3644063873311034,linear,52,0,52,52,0,52,0.1,0.1015625,0.1015625,1.2830211981029647,1.2830211981029645e-06,mle,-0.009198580514650754,1.162460858129827,ok,True,True,extraction,
xom,5799,2023-01-23,5287,5798,512,-2.3644063873311034,linear,52,0,52,52,0,52,0.1,0.1015625,0.1015625,1.2856336041698933,1.2856336041698932e-06,mle,-0.009198580514650754,1.162460858129827,ok,True,True,extraction,
xom,5800,2023-01-24,5288,5799,512,-2.3644063873311034,linear,52,0,52,52,0,52,0.1,0.1015625,0.1015625,1.2858165668866786,1.2858165668866785e-06,mle,-0.009198580514650754,1.162460858129827,ok,True,True,extraction,
xom,5801,2023-01-25,5289,5800,512,-2.3644063873311034,linear,52,0,52,52,0,52,0.1,0.1015625,0.1015625,1.2839232602081876,1.2839232602081876e-06,mle,-0.009198580514650754,1.162460858129827,ok,True,True,extraction,
xom,5802,2023-01-26,5290,5801,512,-2.3644063873311034,linear,52,0,52,52,0,52,0.1,0.1015625,0.1015625,1.2736024832876554,1.2736024832876553e-06,mle,-0.009198580514650754,1.162460858129827,ok,True,True,extraction,
xom,5803,2023-01-27,5291,5802,512,-2.3644063873311034,linear,52,0,52,52,0,52,0.1,0.1015625,0.1015625,1.2761638113442917,1.2761638113442916e-06,mle,-0.009198580514650754,1.162460858129827,ok,True,True,extraction,
xom,5804,2023-01-30,5292,5803,512,-2.3644063873311034,linear,52,0,52,52,0,52,0.1,0.1015625,0.1015625,1.270147365952907,1.2701473659529069e-06,mle,-0.009198580514650754,1.162460858129827,ok,True,True,extraction,
xom,5805,2023-01-31,5293,5804,512,-2.3606663432502937,linear,52,0,52,52,0,52,0.1,0.1015625,0.1015625,1.270147365952907,1.2701473659529069e-06,mle,0.0276091166599641,1.0756920696976475,ok,True,True,extraction,
xom,5806,2023-02-01,5294,5805,512,-2.3606663432502937,linear,52,0,52,52,0,52,0.1,0.1015625,0.1015625,1.270147365952907,1.2701473659529069e-06,mle,0.0276091166599641,1.0756920696976475,ok,True,True,extraction,
xom,5807,2023-02-02,5295,5806,512,-2.3606663432502937,linear,52,0,52,52,0,52,0.1,0.1015625,0.1015625,1.274269291376045,1.2742692913760448e-06,mle,0.0276091166599641,1.0756920696976475,ok,True,True,extraction,
xom,5808,2023-02-03,5296,5807,512,-2.3606663432502937,linear,52,0,52,52,0,52,0.1,0.1015625,0.1015625,1.274269291376045,1.2742692913760448e-06,mle,0.020557021464054432,1.0885545698082408,ok,True,True,extraction,
xom,5809,2023-02-06,5297,5808,512,-2.3606663432502937,linear,52,0,52,52,0,52,0.1,0.1015625,0.1015625,1.270147365952907,1.2701473659529069e-06,mle,0.020557021464054432,1.0885545698082408,ok,True,True,extraction,
xom,5810,2023-02-07,5298,5809,512,-2.3606663432502937,linear,52,0,52,52,0,52,0.1,0.1015625,0.1015625,1.2675860378962707,1.2675860378962706e-06,mle,0.020557021464054432,1.0885545698082408,ok,True,True,extraction,
xom,5811,2023-02-08,5299,5810,512,-2.3606663432502937,linear,52,0,52,52,0,52,0.1,0.1015625,0.1015625,1.2736024832876554,1.2736024832876553e-06,mle,0.020557021464054432,1.0885545698082408,ok,True,True,extraction,
xom,5812,2023-02-09,5300,5811,512,-2.3606663432502937,linear,52,0,52,52,0,52,0.1,0.1015625,0.1015625,1.2664092558233484,1.2664092558233483e-06,mle,0.020557021464054432,1.0885545698082408,ok,True,True,extraction,
xom,5813,2023-02-10,5301,5812,512,-2.3606663432502937,linear,52,0,52,52,0,52,0.1,0.1015625,0.1015625,1.2593014709068864,1.2593014709068864e-06,mle,0.020557021464054432,1.0885545698082408,ok,True,True,extraction,
xom,5814,2023-02-13,5302,5813,512,-2.3304563275358077,linear,52,0,52,52,0,52,0.1,0.1015625,0.1015625,1.2690941603893946,1.2690941603893946e-06,mle,0.0037269129320072415,1.1306749768339635,ok,True,True,extraction,
xom,5815,2023-02-14,5303,5814,512,-2.3304563275358077,linear,52,0,52,52,0,52,0.1,0.1015625,0.1015625,1.2690941603893946,1.2690941603893946e-06,mle,0.0037269129320072415,1.1306749768339635,ok,True,True,extraction,
xom,5816,2023-02-15,5304,5815,512,-2.3304563275358077,linear,52,0,52,52,0,52,0.1,0.1015625,0.1015625,1.2593014709068864,1.2593014709068864e-06,mle,0.0037269129320072415,1.1306749768339635,ok,True,True,extraction,
xom,5817,2023-02-16,5305,5816,512,-2.3304563275358077,linear,52,0,52,52,0,52,0.1,0.1015625,0.1015625,1.2567239226153375,1.2567239226153374e-06,mle,0.0037269129320072415,1.1306749768339635,ok,True,True,extraction,
xom,5818,2023-02-17,5306,5817,512,-2.3304563275358077,linear,52,0,52,52,0,52,0.1,0.1015625,0.1015625,1.2467460096668723,1.2467460096668722e-06,mle,0.0037269129320072415,1.1306749768339635,ok,True,True,extraction,
xom,5819,2023-02-21,5307,5818,512,-2.3606663432502937,linear,52,0,52,52,0,52,0.1,0.1015625,0.1015625,1.2484034164192597,1.2484034164192596e-06,mle,-0.005196894588340621,1.1410834567529138,ok,True,True,extraction,
xom,5820,2023-02-22,5308,5819,512,-2.3606663432502937,linear,52,0,52,52,0,52,0.1,0.1015625,0.1015625,1.2364746634691968,1.2364746634691968e-06,mle,-0.005196894588340621,1.1410834567529138,ok,True,True,extraction,
xom,5821,2023-02-23,5309,5820,512,-2.3606663432502937,linear,52,0,52,52,0,52,0.1,0.1015625,0.1015625,1.2364746634691968,1.2364746634691968e-06,mle,-0.005196894588340621,1.1410834567529138,ok,True,True,extraction,
xom,5822,2023-02-24,5310,5821,512,-2.3606663432502937,linear,52,0,52,52,0,52,0.1,0.1015625,0.1015625,1.2364746634691968,1.2364746634691968e-06,mle,-0.005196894588340621,1.1410834567529138,ok,True,True,extraction,
xom,5823,2023-02-27,5311,5822,512,-2.3304563275358077,linear,52,0,52,52,0,52,0.1,0.1015625,0.1015625,1.2303375256275269,1.2303375256275269e-06,mle,-0.024751891200921305,1.1902553148788027,ok,True,True,extraction,
xom,5824,2023-02-28,5312,5823,512,-2.3304563275358077,linear,52,0,52,52,0,52,0.1,0.1015625,0.1015625,1.2288958568614388,1.2288958568614387e-06,mle,-0.024751891200921305,1.1902553148788027,ok,True,True,extraction,
xom,5825,2023-03-01,5313,5824,512,-2.3304563275358077,linear,52,0,52,52,0,52,0.1,0.1015625,0.1015625,1.2244177644426364,1.2244177644426363e-06,mle,-0.024751891200921305,1.1902553148788027,ok,True,True,extraction,
xom,5826,2023-03-02,5314,5825,512,-2.3304563275358077,linear,52,0,52,52,0,52,0.1,0.1015625,0.1015625,1.2200784008269885,1.2200784008269885e-06,mle,-0.024751891200921305,1.1902553148788027,ok,True,True,extraction,
xom,5827,2023-03-03,5315,5826,512,-2.3304563275358077,linear,52,0,52,52,0,52,0.1,0.1015625,0.1015625,1.2171600272662624,1.2171600272662624e-06,mle,-0.024751891200921305,1.1902553148788027,ok,True,True,extraction,
xom,5828,2023-03-06,5316,5827,512,-2.3304563275358077,linear,52,0,52,52,0,52,0.1,0.1015625,0.1015625,1.2171600272662624,1.2171600272662624e-06,mle,-0.024751891200921305,1.1902553148788027,ok,True,True,extraction,
xom,5829,2023-03-07,5317,5828,512,-2.3304563275358077,linear,52,0,52,52,0,52,0.1,0.1015625,0.1015625,1.2153795660616251,1.215379566061625e-06,mle,-0.024751891200921305,1.1902553148788027,ok,True,True,extraction,
xom,5830,2023-03-08,5318,5829,512,-2.3304563275358077,linear,52,0,52,52,0,52,0.1,0.1015625,0.1015625,1.218419355404121,1.218419355404121e-06,mle,-0.024751891200921305,1.1902553148788027,ok,True,True,extraction,
xom,5831,2023-03-09,5319,5830,512,-2.3304563275358077,linear,52,0,52,52,0,52,0.1,0.1015625,0.1015625,1.220667182577164,1.220667182577164e-06,mle,-0.024751891200921305,1.1902553148788027,ok,True,True,extraction,
xom,5832,2023-03-10,5320,5831,512,-2.3304563275358077,linear,52,0,52,52,0,52,0.1,0.1015625,0.1015625,1.2169886506345073,1.2169886506345074e-06,mle,-0.024751891200921305,1.1902553148788027,ok,True,True,extraction,
xom,5833,2023-03-13,5321,5832,512,-2.287832377235272,linear,52,0,52,52,0,52,0.1,0.1015625,0.1015625,1.2169886506345073,1.2169886506345074e-06,mle,-0.050988669901382164,1.2607298622391818,ok,True,True,extraction,
xom,5834,2023-03-14,5322,5833,512,-2.287832377235272,linear,52,0,52,52,0,52,0.1,0.1015625,0.1015625,1.2175890351814256,1.2175890351814255e-06,mle,-0.050988669901382164,1.2607298622391818,ok,True,True,extraction,
xom,5835,2023-03-15,5323,5834,512,-2.287832377235272,linear,52,0,52,52,0,52,0.1,0.1015625,0.1015625,1.2169886506345073,1.2169886506345074e-06,mle,-0.050988669901382164,1.2607298622391818,ok,True,True,extraction,
xom,5836,2023-03-16,5324,5835,512,-2.3304563275358077,linear,52,0,52,52,0,52,0.1,0.1015625,0.1015625,1.223858389752278,1.2238583897522779e-06,mle,-0.05632749740753935,1.2792869491206504,ok,True,True,extraction,
xom,5837,2023-03-17,5325,5836,512,-2.3304563275358077,linear,52,0,52,52,0,52,0.1,0.1015625,0.1015625,1.217846995653907,1.217846995653907e-06,mle,-0.05632749740753935,1.2792869491206504,ok,True,True,extraction,
xom,5838,2023-03-20,5326,5837,512,-2.3304563275358077,linear,52,0,52,52,0,52,0.1,0.1015625,0.1015625,1.217846995653907,1.217846995653907e-06,mle,-0.05632749740753935,1.2792869491206504,ok,True,True,extraction,
xom,5839,2023-03-21,5327,5838,512,-2.3304563275358077,linear,52,0,52,52,0,52,0.1,0.1015625,0.1015625,1.2258544958370454,1.2258544958370454e-06,mle,-0.05632749740753935,1.2792869491206504,ok,True,True,extraction,
xom,5840,2023-03-22,5328,5839,512,-2.3304563275358077,linear,52,0,52,52,0,52,0.1,0.1015625,0.1015625,1.223858389752278,1.2238583897522779e-06,mle,-0.05632749740753935,1.2792869491206504,ok,True,True,extraction,
xom,5841,2023-03-23,5329,5840,512,-2.332926597139921,linear,52,0,52,52,0,52,0.1,0.1015625,0.1015625,1.2258544958370454,1.2258544958370454e-06,mle,-0.0544290774834643,1.274396922606549,ok,True,True,extraction,
xom,5842,2023-03-24,5330,5841,512,-2.332926597139921,linear,52,0,52,52,0,52,0.1,0.1015625,0.1015625,1.2318658899354162,1.2318658899354162e-06,mle,-0.0544290774834643,1.274396922606549,ok,True,True,extraction,
xom,5843,2023-03-27,5331,5842,512,-2.332926597139921,linear,52,0,52,52,0,52,0.1,0.1015625,0.1015625,1.2318658899354162,1.2318658899354162e-06,mle,-0.0544290774834643,1.274396922606549,ok,True,True,extraction,
xom,5844,2023-03-28,5332,5843,512,-2.312976149162234,linear,52,0,52,52,0,52,0.1,0.1015625,0.1015625,1.2318658899354162,1.2318658899354162e-06,mle,-0.06235518890181097,1.2997170931522997,ok,True,True,extraction,
xom,5845,2023-03-29,5333,5844,512,-2.312976149162234,linear,52,0,52,52,0,52,0.1,0.1015625,0.1015625,1.223858389752278,1.2238583897522779e-06,mle,-0.06235518890181097,1.2997170931522997,ok,True,True,extraction,
xom,5846,2023-03-30,5334,5845,512,-2.312976149162234,linear,52,0,52,52,0,52,0.1,0.1015625,0.1015625,1.2251163319873228,1.2251163319873228e-06,mle,-0.06235518890181097,1.2997170931522997,ok,True,True,extraction,
xom,5847,2023-03-31,5335,5846,512,-2.287832377235272,linear,52,0,52,52,0,52,0.1,0.1015625,0.1015625,1.220667182577164,1.220667182577164e-06,mle,-0.04447647280478463,1.2616056674312879,ok,True,True,extraction,
xom,5848,2023-04-03,5336,5847,512,-2.287832377235272,linear,52,0,52,52,0,52,0.1,0.1015625,0.1015625,1.220667182577164,1.220667182577164e-06,mle,-0.04447647280478463,1.2616056674312879,ok,True,True,extraction,
xom,5849,2023-04-04,5337,5848,512,-2.287832377235272,linear,52,0,52,52,0,52,0.1,0.1015625,0.1015625,1.218419355404121,1.218419355404121e-06,mle,-0.04447647280478463,1.2616056674312879,ok,True,True,extraction,
xom,5850,2023-04-05,5338,5849,512,-2.287832377235272,linear,52,0,52,52,0,52,0.1,0.1015625,0.1015625,1.2167361804713117,1.2167361804713117e-06,mle,-0.04447647280478463,1.2616056674312879,ok,True,True,extraction,
xom,5851,2023-04-06,5339,5850,512,-2.287832377235272,linear,52,0,52,52,0,52,0.1,0.1015625,0.1015625,1.2167361804713117,1.2167361804713117e-06,mle,-0.04447647280478463,1.2616056674312879,ok,True,True,extraction,
xom,5852,2023-04-10,5340,5851,512,-2.287832377235272,linear,52,0,52,52,0,52,0.1,0.1015625,0.1015625,1.218419355404121,1.218419355404121e-06,mle,-0.04447647280478463,1.2616056674312879,ok,True,True,extraction,
xom,5853,2023-04-11,5341,5852,512,-2.287832377235272,linear,52,0,52,52,0,52,0.1,0.1015625,0.1015625,1.2169886506345073,1.2169886506345074e-06,mle,-0.04447647280478463,1.2616056674312879,ok,True,True,extraction,
xom,5854,2023-04-12,5342,5853,512,-2.287832377235272,linear,52,0,52,52,0,52,0.1,0.1015625,0.1015625,1.2167361804713117,1.2167361804713117e-06,mle,-0.04447647280478463,1.2616056674312879,ok,True,True,extraction,
xom,5855,2023-04-13,5343,5854,512,-2.287832377235272,linear,52,0,52,52,0,52,0.1,0.1015625,0.1015625,1.2133441392800046,1.2133441392800045e-06,mle,-0.04447647280478463,1.2616056674312879,ok,True,True,extraction,
xom,5856,2023-04-14,5344,5855,512,-2.287832377235272,linear,52,0,52,52,0,52,0.1,0.1015625,0.1015625,1.2074594716015303,1.2074594716015303e-06,mle,-0.04447647280478463,1.2616056674312879,ok,True,True,extraction,
xom,5857,2023-04-17,5345,5856,512,-2.287832377235272,linear,52,0,52,52,0,52,0.1,0.1015625,0.1015625,1.2012240544971942,1.2012240544971942e-06,mle,-0.04447647280478463,1.2616056674312879,ok,True,True,extraction,
xom,5858,2023-04-18,5346,5857,512,-2.287832377235272,linear,52,0,52,52,0,52,0.1,0.1015625,0.1015625,1.2012240544971942,1.2012240544971942e-06,mle,-0.04447647280478463,1.2616056674312879,ok,True,True,extraction,
xom,5859,2023-04-19,5347,5858,512,-2.287832377235272,linear,52,0,52,52,0,52,0.1,0.1015625,0.1015625,1.2052293478144782,1.2052293478144783e-06,mle,-0.04447647280478463,1.2616056674312879,ok,True,True,extraction,
xom,5860,2023-04-20,5348,5859,512,-2.287832377235272,linear,52,0,52,52,0,52,0.1,0.1015625,0.1015625,1.2074594716015303,1.2074594716015303e-06,mle,-0.04447647280478463,1.2616056674312879,ok,True,True,extraction,
xom,5861,2023-04-21,5349,5860,512,-2.287832377235272,linear,52,0,52,52,0,52,0.1,0.1015625,0.1015625,1.2012240544971942,1.2012240544971942e-06,mle,-0.04447647280478463,1.2616056674312879,ok,True,True,extraction,
xom,5862,2023-04-24,5350,5861,512,-2.287832377235272,linear,52,0,52,52,0,52,0.1,0.1015625,0.1015625,1.1993446801360035,1.1993446801360034e-06,mle,-0.04447647280478463,1.2616056674312879,ok,True,True,extraction,
xom,5863,2023-04-25,5351,5862,512,-2.287832377235272,linear,52,0,52,52,0,52,0.1,0.1015625,0.1015625,1.2007242837411551,1.200724283741155e-06,mle,-0.04447647280478463,1.2616056674312879,ok,True,True,extraction,
xom,5864,2023-04-26,5352,5863,512,-2.287832377235272,linear,52,0,52,52,0,52,0.1,0.1015625,0.1015625,1.2099589322952737,1.2099589322952737e-06,mle,-0.04447647280478463,1.2616056674312879,ok,True,True,extraction,
xom,5865,2023-04-27,5353,5864,512,-2.287832377235272,linear,52,0,52,52,0,52,0.1,0.1015625,0.1015625,1.2074594716015303,1.2074594716015303e-06,mle,-0.04447647280478463,1.2616056674312879,ok,True,True,extraction,
xom,5866,2023-04-28,5354,5865,512,-2.287832377235272,linear,52,0,52,52,0,52,0.1,0.1015625,0.1015625,1.2052293478144782,1.2052293478144783e-06,mle,-0.04447647280478463,1.2616056674312879,ok,True,True,extraction,
xom,5867,2023-05-01,5355,5866,512,-2.287832377235272,linear,52,0,52,52,0,52,0.1,0.1015625,0.1015625,1.2007242837411551,1.200724283741155e-06,mle,-0.04447647280478463,1.2616056674312879,ok,True,True,extraction,
xom,5868,2023-05-02,5356,5867,512,-2.312976149162234,linear,52,0,52,52,0,52,0.1,0.1015625,0.1015625,1.2010540765794195,1.2010540765794195e-06,mle,-0.04600614444797946,1.2543976904166563,ok,True,True,extraction,
xom,5869,2023-05-03,5357,5868,512,-2.332926597139921,linear,52,0,52,52,0,52,0.1,0.1015625,0.1015625,1.2010540765794195,1.2010540765794195e-06,mle,-0.06412665870151646,1.2906127513397294,ok,True,True,extraction,
xom,5870,2023-05-04,5358,5869,512,-2.332926597139921,linear,52,0,52,52,0,52,0.1,0.1015625,0.1015625,1.211739393499911,1.2117393934999108e-06,mle,-0.06412665870151646,1.2906127513397294,ok,True,True,extraction,
xom,5871,2023-05-05,5359,5870,512,-2.332926597139921,linear,52,0,52,52,0,52,0.1,0.1015625,0.1015625,1.211739393499911,1.2117393934999108e-06,mle,-0.06412665870151646,1.2906127513397294,ok,True,True,extraction,
xom,5872,2023-05-08,5360,5871,512,-2.332926597139921,linear,52,0,52,52,0,52,0.1,0.1015625,0.1015625,1.2151246004846419,1.2151246004846419e-06,mle,-0.06412665870151646,1.2906127513397294,ok,True,True,extraction,
xom,5873,2023-05-09,5361,5872,512,-2.332926597139921,linear,52,0,52,52,0,52,0.1,0.1015625,0.1015625,1.2112518863629351,1.211251886362935e-06,mle,-0.06412665870151646,1.2906127513397294,ok,True,True,extraction,
xom,5874,2023-05-10,5362,5873,512,-2.332926597139921,linear,52,0,52,52,0,52,0.1,0.1015625,0.1015625,1.2151246004846419,1.2151246004846419e-06,mle,-0.06412665870151646,1.2906127513397294,ok,True,True,extraction,
xom,5875,2023-05-11,5363,5874,512,-2.332926597139921,linear,52,0,52,52,0,52,0.1,0.1015625,0.1015625,1.2171600272662624,1.2171600272662624e-06,mle,-0.06412665870151646,1.2906127513397294,ok,True,True,extraction,
xom,5876,2023-05-12,5364,5875,512,-2.332926597139921,linear,52,0,52,52,0,52,0.1,0.1015625,0.1015625,1.2200784008269885,1.2200784008269885e-06,mle,-0.06412665870151646,1.2906127513397294,ok,True,True,extraction,
xom,5877,2023-05-15,5365,5876,512,-2.312976149162234,linear,52,0,52,52,0,52,0.1,0.1015625,0.1015625,1.218419355404121,1.218419355404121e-06,mle,-0.06405188075018024,1.29927439400712,ok,True,True,extraction,
xom,5878,2023-05-16,5366,5877,512,-2.312976149162234,linear,52,0,52,52,0,52,0.1,0.1015625,0.1015625,1.2169886506345071,1.2169886506345072e-06,mle,-0.06405188075018024,1.29927439400712,ok,True,True,extraction,
xom,5879,2023-05-17,5367,5878,512,-2.332926597139921,linear,52,0,52,52,0,52,0.1,0.1015625,0.1015625,1.221049177437307,1.2210491774373068e-06,mle,-0.053142523388617385,1.2679204515977378,ok,True,True,extraction,
xom,5880,2023-05-18,5368,5879,512,-2.332926597139921,linear,52,0,52,52,0,52,0.1,0.1015625,0.1015625,1.221049177437307,1.2210491774373068e-06,mle,-0.053142523388617385,1.2679204515977378,ok,True,True,extraction,
xom,5881,2023-05-19,5369,5880,512,-2.332926597139921,linear,52,0,52,52,0,52,0.1,0.1015625,0.1015625,1.221049177437307,1.2210491774373068e-06,mle,-0.053142523388617385,1.2679204515977378,ok,True,True,extraction,
xom,5882,2023-05-22,5370,5881,512,-2.332926597139921,linear,52,0,52,52,0,52,0.1,0.1015625,0.1015625,1.2115776410830548,1.2115776410830546e-06,mle,-0.053142523388617385,1.2679204515977378,ok,True,True,extraction,
xom,5883,2023-05-23,5371,5882,512,-2.332926597139921,linear,52,0,52,52,0,52,0.1,0.1015625,0.1015625,1.2260688284204857,1.2260688284204856e-06,mle,-0.053142523388617385,1.2679204515977378,ok,True,True,extraction,
xom,5884,2023-05-24,5372,5883,512,-2.312976149162234,linear,52,0,52,52,0,52,0.1,0.1015625,0.1015625,1.2115776410830548,1.2115776410830546e-06,mle,-0.04660259119635813,1.2625964918796053,ok,True,True,extraction,
xom,5885,2023-05-25,5373,5884,512,-2.312976149162234,linear,52,0,52,52,0,52,0.1,0.1015625,0.1015625,1.2115776410830548,1.2115776410830546e-06,mle,-0.04660259119635813,1.2625964918796053,ok,True,True,extraction,
xom,5886,2023-05-26,5374,5885,512,-2.312976149162234,linear,52,0,52,52,0,52,0.1,0.1015625,0.1015625,1.2115776410830548,1.2115776410830546e-06,mle,-0.04660259119635813,1.2625964918796053,ok,True,True,extraction,
xom,5887,2023-05-30,5375,5886,512,-2.312976149162234,linear,52,0,52,52,0,52,0.1,0.1015625,0.1015625,1.2015926094099953,1.2015926094099953e-06,mle,-0.04660259119635813,1.2625964918796053,ok,True,True,extraction,
xom,5888,2023-05-31,5376,5887,512,-2.312976149162234,linear,52,0,52,52,0,52,0.1,0.1015625,0.1015625,1.1975854333691698,1.1975854333691698e-06,mle,-0.04660259119635813,1.2625964918796053,ok,True,True,extraction,
xom,5889,2023-06-01,5377,5888,512,-2.287832377235272,linear,52,0,52,52,0,52,0.1,0.1015625,0.1015625,1.1975854333691698,1.1975854333691698e-06,mle,-0.05118684505702528,1.2828180158010367,ok,True,True,extraction,
xom,5890,2023-06-02,5378,5889,512,-2.2597105184600736,linear,52,0,52,52,0,52,0.1,0.1015625,0.1015625,1.197106578322585,1.197106578322585e-06,mle,-0.0677658685350863,1.3295293361774316,ok,True,True,extraction,
xom,5891,2023-06-05,5379,5890,512,-2.2597105184600736,linear,52,0,52,52,0,52,0.1,0.1015625,0.1015625,1.2040509323365378,1.2040509323365378e-06,mle,-0.0677658685350863,1.3295293361774316,ok,True,True,extraction,
xom,5892,2023-06-06,5380,5891,512,-2.2597105184600736,linear,52,0,52,52,0,52,0.1,0.1015625,0.1015625,1.2040509323365378,1.2040509323365378e-06,mle,-0.0677658685350863,1.3295293361774316,ok,True,True,extraction,
xom,5893,2023-06-07,5381,5892,512,-2.2597105184600736,linear,52,0,52,52,0,52,0.1,0.1015625,0.1015625,1.2040509323365378,1.2040509323365378e-06,mle,-0.0677658685350863,1.3295293361774316,ok,True,True,extraction,
xom,5894,2023-06-08,5382,5893,512,-2.2396362023181857,linear,52,0,52,52,0,52,0.1,0.1015625,0.1015625,1.2088905692831193,1.2088905692831192e-06,mle,-0.08043077324983151,1.3658222839771228,ok,True,True,extraction,
xom,5895,2023-06-09,5383,5894,512,-2.2396362023181857,linear,52,0,52,52,0,52,0.1,0.1015625,0.1015625,1.2040509323365378,1.2040509323365378e-06,mle,-0.08043077324983151,1.3658222839771228,ok,True,True,extraction,
xom,5896,2023-06-12,5384,5895,512,-2.2396362023181857,linear,52,0,52,52,0,52,0.1,0.1015625,0.1015625,1.2040509323365378,1.2040509323365378e-06,mle,-0.08043077324983151,1.3658222839771228,ok,True,True,extraction,
xom,5897,2023-06-13,5385,5896,512,-2.2396362023181857,linear,52,0,52,52,0,52,0.1,0.1015625,0.1015625,1.2040509323365378,1.2040509323365378e-06,mle,-0.08043077324983151,1.3658222839771228,ok,True,True,extraction,
xom,5898,2023-06-14,5386,5897,512,-2.2396362023181857,linear,52,0,52,52,0,52,0.1,0.1015625,0.1015625,1.197106578322585,1.197106578322585e-06,mle,-0.08043077324983151,1.3658222839771228,ok,True,True,extraction,
xom,5899,2023-06-15,5387,5898,512,-2.2396362023181857,linear,52,0,52,52,0,52,0.1,0.1015625,0.1015625,1.1975854333691698,1.1975854333691698e-06,mle,-0.08043077324983151,1.3658222839771228,ok,True,True,extraction,
xom,5900,2023-06-16,5388,5899,512,-2.2396362023181857,linear,52,0,52,52,0,52,0.1,0.1015625,0.1015625,1.1975854333691698,1.1975854333691698e-06,mle,-0.08043077324983151,1.3658222839771228,ok,True,True,extraction,
xom,5901,2023-06-20,5389,5900,512,-2.2396362023181857,linear,52,0,52,52,0,52,0.1,0.1015625,0.1015625,1.1972631053297735,1.1972631053297735e-06,mle,-0.08043077324983151,1.3658222839771228,ok,True,True,extraction,
xom,5902,2023-06-21,5390,5901,512,-2.2597105184600736,linear,52,0,52,52,0,52,0.1,0.1015625,0.1015625,1.2065433358568556,1.2065433358568555e-06,mle,-0.06849386782231758,1.3309827403852188,ok,True,True,extraction,
xom,5903,2023-06-22,5391,5902,512,-2.2597105184600736,linear,52,0,52,52,0,52,0.1,0.1015625,0.1015625,1.1972631053297735,1.1972631053297735e-06,mle,-0.06849386782231758,1.3309827403852188,ok,True,True,extraction,
xom,5904,2023-06-23,5392,5903,512,-2.2597105184600736,linear,52,0,52,52,0,52,0.1,0.1015625,0.1015625,1.2011567984041334,1.2011567984041332e-06,mle,-0.06849386782231758,1.3309827403852188,ok,True,True,extraction,
xom,5905,2023-06-26,5393,5904,512,-2.2597105184600736,linear,52,0,52,52,0,52,0.1,0.1015625,0.1015625,1.2011567984041334,1.2011567984041332e-06,mle,-0.06849386782231758,1.3309827403852188,ok,True,True,extraction,
xom,5906,2023-06-27,5394,5905,512,-2.2597105184600736,linear,52,0,52,52,0,52,0.1,0.1015625,0.1015625,1.2065433358568556,1.2065433358568555e-06,mle,-0.06849386782231758,1.3309827403852188,ok,True,True,extraction,
xom,5907,2023-06-28,5395,5906,512,-2.2597105184600736,linear,52,0,52,52,0,52,0.1,0.1015625,0.1015625,1.1996679063792213,1.1996679063792213e-06,mle,-0.06849386782231758,1.3309827403852188,ok,True,True,extraction,
xom,5908,2023-06-29,5396,5907,512,-2.2597105184600736,linear,52,0,52,52,0,52,0.1,0.1015625,0.1015625,1.1975854333691698,1.1975854333691698e-06,mle,-0.06849386782231758,1.3309827403852188,ok,True,True,extraction,
xom,5909,2023-06-30,5397,5908,512,-2.2597105184600736,linear,52,0,52,52,0,52,0.1,0.1015625,0.1015625,1.199031281353359,1.199031281353359e-06,mle,-0.06849386782231758,1.3309827403852188,ok,True,True,extraction,
xom,5910,2023-07-03,5398,5909,512,-2.2396362023181857,linear,52,0,52,52,0,52,0.1,0.1015625,0.1015625,1.197106578322585,1.197106578322585e-06,mle,-0.05879288821068644,1.3177961319993512,ok,True,True,extraction,
xom,5911,2023-07-05,5399,5910,512,-2.2137870183316175,linear,52,0,52,52,0,52,0.1,0.1015625,0.1015625,1.1917623988050738,1.1917623988050738e-06,mle,-0.06826122938865894,1.3493256685923865,ok,True,True,extraction,
xom,5912,2023-07-06,5400,5911,512,-2.2137870183316175,linear,52,0,52,52,0,52,0.1,0.1015625,0.1015625,1.1885646394314673,1.1885646394314672e-06,mle,-0.06826122938865894,1.3493256685923865,ok,True,True,extraction,
xom,5913,2023-07-07,5401,5912,512,-2.2396362023181857,linear,52,0,52,52,0,52,0.1,0.1015625,0.1015625,1.1885646394314673,1.1885646394314672e-06,mle,-0.08070214408637297,1.3699341261767448,ok,True,True,extraction,
xom,5914,2023-07-10,5402,5913,512,-2.2396362023181857,linear,52,0,52,52,0,52,0.1,0.1015625,0.1015625,1.1885646394314673,1.1885646394314672e-06,mle,-0.08070214408637297,1.3699341261767448,ok,True,True,extraction,
xom,5915,2023-07-11,5403,5914,512,-2.2396362023181857,linear,52,0,52,52,0,52,0.1,0.1015625,0.1015625,1.1938331638650002,1.193833163865e-06,mle,-0.08070214408637297,1.3699341261767448,ok,True,True,extraction,
xom,5916,2023-07-12,5404,5915,512,-2.2396362023181857,linear,52,0,52,52,0,52,0.1,0.1015625,0.1015625,1.1938331638650002,1.193833163865e-06,mle,-0.08070214408637297,1.3699341261767448,ok,True,True,extraction,
xom,5917,2023-07-13,5405,5916,512,-2.2137870183316175,linear,52,0,52,52,0,52,0.1,0.1015625,0.1015625,1.1885646394314673,1.1885646394314672e-06,mle,-0.089614226258588,1.4015525026750952,ok,True,True,extraction,
xom,5918,2023-07-14,5406,5917,512,-2.2137870183316175,linear,52,0,52,52,0,52,0.1,0.1015625,0.1015625,1.190969440480915,1.190969440480915e-06,mle,-0.089614226258588,1.4015525026750952,ok,True,True,extraction,
xom,5919,2023-07-17,5407,5918,512,-2.2396362023181857,linear,52,0,52,52,0,52,0.1,0.1015625,0.1015625,1.197106578322585,1.197106578322585e-06,mle,-0.09720243020808955,1.4099015754537292,ok,True,True,extraction,
xom,5920,2023-07-18,5408,5919,512,-2.2396362023181857,linear,52,0,52,52,0,52,0.1,0.1015625,0.1015625,1.197106578322585,1.197106578322585e-06,mle,-0.09720243020808955,1.4099015754537292,ok,True,True,extraction,
xom,5921,2023-07-19,5409,5920,512,-2.2396362023181857,linear,52,0,52,52,0,52,0.1,0.1015625,0.1015625,1.197106578322585,1.197106578322585e-06,mle,-0.09720243020808955,1.4099015754537292,ok,True,True,extraction,
xom,5922,2023-07-20,5410,5921,512,-2.2137870183316175,linear,52,0,52,52,0,52,0.1,0.1015625,0.1015625,1.190969440480915,1.190969440480915e-06,mle,-0.09976799765962227,1.4273481820336513,ok,True,True,extraction,
xom,5923,2023-07-21,5411,5922,512,-2.2137870183316175,linear,52,0,52,52,0,52,0.1,0.1015625,0.1015625,1.1917623988050738,1.1917623988050738e-06,mle,-0.09976799765962227,1.4273481820336513,ok,True,True,extraction,
xom,5924,2023-07-24,5412,5923,512,-2.2137870183316175,linear,52,0,52,52,0,52,0.1,0.1015625,0.1015625,1.1994871339934414,1.1994871339934415e-06,mle,-0.09976799765962227,1.4273481820336513,ok,True,True,extraction,
xom,5925,2023-07-25,5413,5924,512,-2.2137870183316175,linear,52,0,52,52,0,52,0.1,0.1015625,0.1015625,1.1994871339934414,1.1994871339934415e-06,mle,-0.09976799765962227,1.4273481820336513,ok,True,True,extraction,
xom,5926,2023-07-26,5414,5925,512,-2.2137870183316175,linear,52,0,52,52,0,52,0.1,0.1015625,0.1015625,1.1994871339934414,1.1994871339934415e-06,mle,-0.09976799765962227,1.4273481820336513,ok,True,True,extraction,
xom,5927,2023-07-27,5415,5926,512,-2.2137870183316175,linear,52,0,52,52,0,52,0.1,0.1015625,0.1015625,1.1994871339934414,1.1994871339934415e-06,mle,-0.09976799765962227,1.4273481820336513,ok,True,True,extraction,
xom,5928,2023-07-28,5416,5927,512,-2.2076328709834696,linear,52,0,52,52,0,52,0.1,0.1015625,0.1015625,1.1913723425279148,1.1913723425279147e-06,mle,-0.10282260712868771,1.4372895186338415,ok,True,True,extraction,
xom,5929,2023-07-31,5417,5928,512,-2.2076328709834696,linear,52,0,52,52,0,52,0.1,0.1015625,0.1015625,1.1940097146822346,1.1940097146822346e-06,mle,-0.10282260712868771,1.4372895186338415,ok,True,True,extraction,
xom,5930,2023-08-01,5418,5929,512,-2.205747826692055,linear,52,0,52,52,0,52,0.1,0.1015625,0.1015625,1.1911954976201535,1.1911954976201535e-06,mle,-0.09177807315046166,1.4128707872916801,ok,True,True,extraction,
xom,5931,2023-08-02,5419,5930,512,-2.190817334177578,linear,52,0,52,52,0,52,0.1,0.1015625,0.1015625,1.1878201270500441,1.1878201270500441e-06,mle,-0.07571036807649446,1.381393736844643,ok,True,True,extraction,
xom,5932,2023-08-03,5420,5931,512,-2.190817334177578,linear,52,0,52,52,0,52,0.1,0.1015625,0.1015625,1.1940097146822346,1.1940097146822346e-06,mle,-0.07571036807649446,1.381393736844643,ok,True,True,extraction,
xom,5933,2023-08-04,5421,5932,512,-2.190817334177578,linear,52,0,52,52,0,52,0.1,0.1015625,0.1015625,1.1940097146822346,1.1940097146822346e-06,mle,-0.07571036807649446,1.381393736844643,ok,True,True,extraction,
xom,5934,2023-08-07,5422,5933,512,-2.190817334177578,linear,52,0,52,52,0,52,0.1,0.1015625,0.1015625,1.1878201270500441,1.1878201270500441e-06,mle,-0.07571036807649446,1.381393736844643,ok,True,True,extraction,
xom,5935,2023-08-08,5423,5934,512,-2.190817334177578,linear,52,0,52,52,0,52,0.1,0.1015625,0.1015625,1.1878201270500441,1.1878201270500441e-06,mle,-0.07571036807649446,1.381393736844643,ok,True,True,extraction,
xom,5936,2023-08-09,5424,5935,512,-2.190817334177578,linear,52,0,52,52,0,52,0.1,0.1015625,0.1015625,1.1846865213463529,1.1846865213463528e-06,mle,-0.07571036807649446,1.381393736844643,ok,True,True,extraction,
xom,5937,2023-08-10,5425,5936,512,-2.190817334177578,linear,52,0,52,52,0,52,0.1,0.1015625,0.1015625,1.1880618919164623,1.1880618919164622e-06,mle,-0.07571036807649446,1.381393736844643,ok,True,True,extraction,
xom,5938,2023-08-11,5426,5937,512,-2.190817334177578,linear,52,0,52,52,0,52,0.1,0.1015625,0.1015625,1.1880618919164623,1.1880618919164622e-06,mle,-0.07571036807649446,1.381393736844643,ok,True,True,extraction,
xom,5939,2023-08-14,5427,5938,512,-2.190817334177578,linear,52,0,52,52,0,52,0.1,0.1015625,0.1015625,1.191852965959748,1.191852965959748e-06,mle,-0.07571036807649446,1.381393736844643,ok,True,True,extraction,
xom,5940,2023-08-15,5428,5939,512,-2.1788702346299944,linear,52,0,52,52,0,52,0.1,0.1015625,0.1015625,1.1880618919164623,1.1880618919164622e-06,mle,-0.08054820527083469,1.3973796074822098,ok,True,True,extraction,
xom,5941,2023-08-16,5429,5940,512,-2.190817334177578,linear,52,0,52,52,0,52,0.1,0.1015625,0.1015625,1.191852965959748,1.191852965959748e-06,mle,-0.08196793283454684,1.3948713054156774,ok,True,True,extraction,
xom,5942,2023-08-17,5430,5941,512,-2.190817334177578,linear,52,0,52,52,0,52,0.1,0.1015625,0.1015625,1.1911954976201535,1.1911954976201535e-06,mle,-0.08196793283454684,1.3948713054156774,ok,True,True,extraction,
xom,5943,2023-08-18,5431,5942,512,-2.1788702346299944,linear,52,0,52,52,0,52,0.1,0.1015625,0.1015625,1.1949865716634394,1.1949865716634393e-06,mle,-0.08594192063340667,1.4091978243947891,ok,True,True,extraction,
xom,5944,2023-08-21,5432,5943,512,-2.1788702346299944,linear,52,0,52,52,0,52,0.1,0.1015625,0.1015625,1.1990411088083461,1.1990411088083461e-06,mle,-0.08594192063340667,1.4091978243947891,ok,True,True,extraction,
xom,5945,2023-08-22,5433,5944,512,-2.1788702346299944,linear,52,0,52,52,0,52,0.1,0.1015625,0.1015625,1.2099589322952737,1.2099589322952737e-06,mle,-0.08594192063340667,1.4091978243947891,ok,True,True,extraction,
xom,5946,2023-08-23,5434,5945,512,-2.1788702346299944,linear,52,0,52,52,0,52,0.1,0.1015625,0.1015625,1.2004301461742721,1.200430146174272e-06,mle,-0.08594192063340667,1.4091978243947891,ok,True,True,extraction,
xom,5947,2023-08-24,5435,5946,512,-2.1788702346299944,linear,52,0,52,52,0,52,0.1,0.1015625,0.1015625,1.1940097146822346,1.1940097146822346e-06,mle,-0.08594192063340667,1.4091978243947891,ok,True,True,extraction,
xom,5948,2023-08-25,5436,5947,512,-2.1788702346299944,linear,52,0,52,52,0,52,0.1,0.1015625,0.1015625,1.1994871339934414,1.1994871339934415e-06,mle,-0.08594192063340667,1.4091978243947891,ok,True,True,extraction,
xom,5949,2023-08-28,5437,5948,512,-2.1788702346299944,linear,52,0,52,52,0,52,0.1,0.1015625,0.1015625,1.2054985280918122,1.2054985280918121e-06,mle,-0.08594192063340667,1.4091978243947891,ok,True,True,extraction,
xom,5950,2023-08-29,5438,5949,512,-2.1788702346299944,linear,52,0,52,52,0,52,0.1,0.1015625,0.1015625,1.1911954976201535,1.1911954976201535e-06,mle,-0.08594192063340667,1.4091978243947891,ok,True,True,extraction,
xom,5951,2023-08-30,5439,5950,512,-2.1788702346299944,linear,52,0,52,52,0,52,0.1,0.1015625,0.1015625,1.191852965959748,1.191852965959748e-06,mle,-0.08594192063340667,1.4091978243947891,ok,True,True,extraction,
xom,5952,2023-08-31,5440,5951,512,-2.1788702346299944,linear,52,0,52,52,0,52,0.1,0.1015625,0.1015625,1.195824894095118,1.195824894095118e-06,mle,-0.08594192063340667,1.4091978243947891,ok,True,True,extraction,
xom,5953,2023-09-01,5441,5952,512,-2.174606642837339,linear,52,0,52,52,0,52,0.1,0.1015625,0.1015625,1.1836468625287497,1.1836468625287497e-06,mle,-0.0888807702927365,1.4175834543684571,ok,True,True,extraction,
xom,5954,2023-09-05,5442,5953,512,-2.084811617207959,linear,52,0,52,52,0,52,0.1,0.1015625,0.1015625,1.18364686252875,1.1836468625287499e-06,mle,-0.1247314264770365,1.5424190771098942,ok,True,True,extraction,
xom,5955,2023-09-06,5443,5954,512,-2.084811617207959,linear,52,0,52,52,0,52,0.1,0.1015625,0.1015625,1.18364686252875,1.1836468625287499e-06,mle,-0.1247314264770365,1.5424190771098942,ok,True,True,extraction,
xom,5956,2023-09-07,5444,5955,512,-2.084811617207959,linear,52,0,52,52,0,52,0.1,0.1015625,0.1015625,1.1769730065843103,1.1769730065843103e-06,mle,-0.1247314264770365,1.5424190771098942,ok,True,True,extraction,
xom,5957,2023-09-08,5445,5956,512,-2.084811617207959,linear,52,0,52,52,0,52,0.1,0.1015625,0.1015625,1.1758012513405574,1.1758012513405572e-06,mle,-0.1247314264770365,1.5424190771098942,ok,True,True,extraction,
xom,5958,2023-09-11,5446,5957,512,-2.084811617207959,linear,52,0,52,52,0,52,0.1,0.1015625,0.1015625,1.18364686252875,1.1836468625287499e-06,mle,-0.1247314264770365,1.5424190771098942,ok,True,True,extraction,
xom,5959,2023-09-12,5447,5958,512,-2.084811617207959,linear,52,0,52,52,0,52,0.1,0.1015625,0.1015625,1.18364686252875,1.1836468625287499e-06,mle,-0.1247314264770365,1.5424190771098942,ok,True,True,extraction,
xom,5960,2023-09-13,5448,5959,512,-2.084811617207959,linear,52,0,52,52,0,52,0.1,0.1015625,0.1015625,1.18364686252875,1.1836468625287499e-06,mle,-0.1247314264770365,1.5424190771098942,ok,True,True,extraction,
xom,5961,2023-09-14,5449,5960,512,-2.084811617207959,linear,52,0,52,52,0,52,0.1,0.1015625,0.1015625,1.1769730065843103,1.1769730065843103e-06,mle,-0.1247314264770365,1.5424190771098942,ok,True,True,extraction,
xom,5962,2023-09-15,5450,5961,512,-2.084811617207959,linear,52,0,52,52,0,52,0.1,0.1015625,0.1015625,1.1769730065843103,1.1769730065843103e-06,mle,-0.1247314264770365,1.5424190771098942,ok,True,True,extraction,
xom,5963,2023-09-18,5451,5962,512,-2.084811617207959,linear,52,0,52,52,0,52,0.1,0.1015625,0.1015625,1.1769730065843103,1.1769730065843103e-06,mle,-0.1247314264770365,1.5424190771098942,ok,True,True,extraction,
xom,5964,2023-09-19,5452,5963,512,-2.084811617207959,linear,52,0,52,52,0,52,0.1,0.1015625,0.1015625,1.1741295002316465,1.1741295002316465e-06,mle,-0.1247314264770365,1.5424190771098942,ok,True,True,extraction,
xom,5965,2023-09-20,5453,5964,512,-2.084811617207959,linear,52,0,52,52,0,52,0.1,0.1015625,0.1015625,1.1741295002316465,1.1741295002316465e-06,mle,-0.1247314264770365,1.5424190771098942,ok,True,True,extraction,
xom,5966,2023-09-21,5454,5965,512,-2.084811617207959,linear,52,0,52,52,0,52,0.1,0.1015625,0.1015625,1.1741295002316465,1.1741295002316465e-06,mle,-0.1247314264770365,1.5424190771098942,ok,True,True,extraction,
xom,5967,2023-09-22,5455,5966,512,-2.084811617207959,linear,52,0,52,52,0,52,0.1,0.1015625,0.1015625,1.1769730065843103,1.1769730065843103e-06,mle,-0.1247314264770365,1.5424190771098942,ok,True,True,extraction,
xom,5968,2023-09-25,5456,5967,512,-2.084811617207959,linear,52,0,52,52,0,52,0.1,0.1015625,0.1015625,1.1769730065843103,1.1769730065843103e-06,mle,-0.1247314264770365,1.5424190771098942,ok,True,True,extraction,
xom,5969,2023-09-26,5457,5968,512,-2.084811617207959,linear,52,0,52,52,0,52,0.1,0.1015625,0.1015625,1.1748834178937542,1.174883417893754e-06,mle,-0.1247314264770365,1.5424190771098942,ok,True,True,extraction,
xom,5970,2023-09-27,5458,5969,512,-2.084811617207959,linear,52,0,52,52,0,52,0.1,0.1015625,0.1015625,1.1691273953961177,1.1691273953961176e-06,mle,-0.1247314264770365,1.5424190771098942,ok,True,True,extraction,
xom,5971,2023-09-28,5459,5970,512,-2.084811617207959,linear,52,0,52,52,0,52,0.1,0.1015625,0.1015625,1.1693744914773467,1.1693744914773468e-06,mle,-0.1247314264770365,1.5424190771098942,ok,True,True,extraction,
xom,5972,2023-09-29,5460,5971,512,-2.084811617207959,linear,52,0,52,52,0,52,0.1,0.1015625,0.1015625,1.1615288802891541,1.1615288802891541e-06,mle,-0.1247314264770365,1.5424190771098942,ok,True,True,extraction,
xom,5973,2023-10-02,5461,5972,512,-2.084811617207959,linear,52,0,52,52,0,52,0.1,0.1015625,0.1015625,1.1615288802891541,1.1615288802891541e-06,mle,-0.1247314264770365,1.5424190771098942,ok,True,True,extraction,
xom,5974,2023-10-03,5462,5973,512,-2.084811617207959,linear,52,0,52,52,0,52,0.1,0.1015625,0.1015625,1.1615288802891541,1.1615288802891541e-06,mle,-0.1247314264770365,1.5424190771098942,ok,True,True,extraction,
xom,5975,2023-10-04,5463,5974,512,-2.076557648253698,linear,52,0,52,52,0,52,0.1,0.1015625,0.1015625,1.1555174861907833,1.1555174861907833e-06,mle,-0.11806468379714925,1.5295621879949286,ok,True,True,extraction,
xom,5976,2023-10-05,5464,5975,512,-2.084811617207959,linear,52,0,52,52,0,52,0.1,0.1015625,0.1015625,1.1615288802891541,1.1615288802891541e-06,mle,-0.13996008064499785,1.5867553677521284,ok,True,True,extraction,
xom,5977,2023-10-06,5465,5976,512,-2.174606642837339,linear,52,0,52,52,0,52,0.1,0.1015625,0.1015625,1.1615288802891541,1.1615288802891541e-06,mle,-0.09046635713609949,1.425814183078597,ok,True,True,extraction,
xom,5978,2023-10-09,5466,5977,512,-2.174606642837339,linear,52,0,52,52,0,52,0.1,0.1015625,0.1015625,1.1631160012977468,1.1631160012977467e-06,mle,-0.09046635713609949,1.425814183078597,ok,True,True,extraction,
xom,5979,2023-10-10,5467,5978,512,-2.174606642837339,linear,52,0,52,52,0,52,0.1,0.1015625,0.1015625,1.1691273953961177,1.1691273953961176e-06,mle,-0.09046635713609949,1.425814183078597,ok,True,True,extraction,
xom,5980,2023-10-11,5468,5979,512,-2.174606642837339,linear,52,0,52,52,0,52,0.1,0.1015625,0.1015625,1.1631160012977468,1.1631160012977467e-06,mle,-0.09046635713609949,1.425814183078597,ok,True,True,extraction,
xom,5981,2023-10-12,5469,5980,512,-2.190817334177578,linear,52,0,52,52,0,52,0.1,0.1015625,0.1015625,1.1697898572421865,1.1697898572421866e-06,mle,-0.10707392790532903,1.4603538343866973,ok,True,True,extraction,
xom,5982,2023-10-13,5470,5981,512,-2.190817334177578,linear,52,0,52,52,0,52,0.1,0.1015625,0.1015625,1.1697898572421865,1.1697898572421866e-06,mle,-0.10707392790532903,1.4603538343866973,ok,True,True,extraction,
xom,5983,2023-10-16,5471,5982,512,-2.190817334177578,linear,52,0,52,52,0,52,0.1,0.1015625,0.1015625,1.1697898572421865,1.1697898572421866e-06,mle,-0.10707392790532903,1.4603538343866973,ok,True,True,extraction,
xom,5984,2023-10-17,5472,5983,512,-2.190817334177578,linear,52,0,52,52,0,52,0.1,0.1015625,0.1015625,1.1595105563639907,1.1595105563639906e-06,mle,-0.10707392790532903,1.4603538343866973,ok,True,True,extraction,
xom,5985,2023-10-18,5473,5984,512,-2.190817334177578,linear,52,0,52,52,0,52,0.1,0.1015625,0.1015625,1.1595105563639907,1.1595105563639906e-06,mle,-0.10707392790532903,1.4603538343866973,ok,True,True,extraction,
xom,5986,2023-10-19,5474,5985,512,-2.190817334177578,linear,52,0,52,52,0,52,0.1,0.1015625,0.1015625,1.1631160012977468,1.1631160012977467e-06,mle,-0.10707392790532903,1.4603538343866973,ok,True,True,extraction,
xom,5987,2023-10-20,5475,5986,512,-2.190817334177578,linear,52,0,52,52,0,52,0.1,0.1015625,0.1015625,1.1566672976849883,1.1566672976849883e-06,mle,-0.10707392790532903,1.4603538343866973,ok,True,True,extraction,
xom,5988,2023-10-23,5476,5987,512,-2.190817334177578,linear,52,0,52,52,0,52,0.1,0.1015625,0.1015625,1.163341153629428,1.1633411536294279e-06,mle,-0.10707392790532903,1.4603538343866973,ok,True,True,extraction,
xom,5989,2023-10-24,5477,5988,512,-2.190817334177578,linear,52,0,52,52,0,52,0.1,0.1015625,0.1015625,1.1633411536294278,1.1633411536294277e-06,mle,-0.10707392790532903,1.4603538343866973,ok,True,True,extraction,
xom,5990,2023-10-25,5478,5989,512,-2.190817334177578,linear,52,0,52,52,0,52,0.1,0.1015625,0.1015625,1.1633411536294278,1.1633411536294277e-06,mle,-0.10707392790532903,1.4603538343866973,ok,True,True,extraction,
xom,5991,2023-10-26,5479,5990,512,-2.190817334177578,linear,52,0,52,52,0,52,0.1,0.1015625,0.1015625,1.1633411536294278,1.1633411536294277e-06,mle,-0.10707392790532903,1.4603538343866973,ok,True,True,extraction,
xom,5992,2023-10-27,5480,5991,512,-2.190817334177578,linear,52,0,52,52,0,52,0.1,0.1015625,0.1015625,1.1633411536294278,1.1633411536294277e-06,mle,-0.10707392790532903,1.4603538343866973,ok,True,True,extraction,
xom,5993,2023-10-30,5481,5992,512,-2.190817334177578,linear,52,0,52,52,0,52,0.1,0.1015625,0.1015625,1.1696398822672716,1.1696398822672715e-06,mle,-0.10707392790532903,1.4603538343866973,ok,True,True,extraction,
xom,5994,2023-10-31,5482,5993,512,-2.190817334177578,linear,52,0,52,52,0,52,0.1,0.1015625,0.1015625,1.1696398822672716,1.1696398822672715e-06,mle,-0.10707392790532903,1.4603538343866973,ok,True,True,extraction,
xom,5995,2023-11-01,5483,5994,512,-2.190817334177578,linear,52,0,52,52,0,52,0.1,0.1015625,0.1015625,1.1696398822672716,1.1696398822672715e-06,mle,-0.10707392790532903,1.4603538343866973,ok,True,True,extraction,
xom,5996,2023-11-02,5484,5995,512,-2.190817334177578,linear,52,0,52,52,0,52,0.1,0.1015625,0.1015625,1.1657631087281846,1.1657631087281844e-06,mle,-0.10707392790532903,1.4603538343866973,ok,True,True,extraction,
xom,5997,2023-11-03,5485,5996,512,-2.190817334177578,linear,52,0,52,52,0,52,0.1,0.1015625,0.1015625,1.1688832345643183,1.1688832345643182e-06,mle,-0.10707392790532903,1.4603538343866973,ok,True,True,extraction,
xom,5998,2023-11-06,5486,5997,512,-2.190817334177578,linear,52,0,52,52,0,52,0.1,0.1015625,0.1015625,1.1688832345643183,1.1688832345643182e-06,mle,-0.10707392790532903,1.4603538343866973,ok,True,True,extraction,
xom,5999,2023-11-07,5487,5998,512,-2.190817334177578,linear,52,0,52,52,0,52,0.1,0.1015625,0.1015625,1.1631434360590713,1.1631434360590714e-06,mle,-0.10707392790532903,1.4603538343866973,ok,True,True,extraction,
xom,6000,2023-11-08,5488,5999,512,-2.190817334177578,linear,52,0,52,52,0,52,0.1,0.1015625,0.1015625,1.1636889860759982,1.1636889860759982e-06,mle,-0.10707392790532903,1.4603538343866973,ok,True,True,extraction,
xom,6001,2023-11-09,5489,6000,512,-2.190817334177578,linear,52,0,52,52,0,52,0.1,0.1015625,0.1015625,1.1667773053026131,1.166777305302613e-06,mle,-0.10707392790532903,1.4603538343866973,ok,True,True,extraction,
xom,6002,2023-11-10,5490,6001,512,-2.174606642837339,linear,52,0,52,52,0,52,0.1,0.1015625,0.1015625,1.1653332013718993,1.1653332013718993e-06,mle,-0.10804705798562161,1.4702239470266836,ok,True,True,extraction,
xom,6003,2023-11-13,5491,6002,512,-2.174606642837339,linear,52,0,52,52,0,52,0.1,0.1015625,0.1015625,1.1653332013718993,1.1653332013718993e-06,mle,-0.10804705798562161,1.4702239470266836,ok,True,True,extraction,
xom,6004,2023-11-14,5492,6003,512,-2.174606642837339,linear,52,0,52,52,0,52,0.1,0.1015625,0.1015625,1.1653332013718993,1.1653332013718993e-06,mle,-0.10804705798562161,1.4702239470266836,ok,True,True,extraction,
xom,6005,2023-11-15,5493,6004,512,-2.174606642837339,linear,52,0,52,52,0,52,0.1,0.1015625,0.1015625,1.1616993321283575,1.1616993321283574e-06,mle,-0.10804705798562161,1.4702239470266836,ok,True,True,extraction,
xom,6006,2023-11-16,5494,6005,512,-2.174606642837339,linear,52,0,52,52,0,52,0.1,0.1015625,0.1015625,1.1554887927255841,1.155488792725584e-06,mle,-0.10804705798562161,1.4702239470266836,ok,True,True,extraction,
xom,6007,2023-11-17,5495,6006,512,-2.174606642837339,linear,52,0,52,52,0,52,0.1,0.1015625,0.1015625,1.1554887927255841,1.155488792725584e-06,mle,-0.10804705798562161,1.4702239470266836,ok,True,True,extraction,
xom,6008,2023-11-20,5496,6007,512,-2.174606642837339,linear,52,0,52,52,0,52,0.1,0.1015625,0.1015625,1.1616993321283575,1.1616993321283574e-06,mle,-0.10804705798562161,1.4702239470266836,ok,True,True,extraction,
xom,6009,2023-11-21,5497,6008,512,-2.174606642837339,linear,52,0,52,52,0,52,0.1,0.1015625,0.1015625,1.1616993321283575,1.1616993321283574e-06,mle,-0.10804705798562161,1.4702239470266836,ok,True,True,extraction,
xom,6010,2023-11-22,5498,6009,512,-2.174606642837339,linear,52,0,52,52,0,52,0.1,0.1015625,0.1015625,1.1600257338357096,1.1600257338357096e-06,mle,-0.10804705798562161,1.4702239470266836,ok,True,True,extraction,
xom,6011,2023-11-24,5499,6010,512,-2.174606642837339,linear,52,0,52,52,0,52,0.1,0.1015625,0.1015625,1.152193850205454,1.152193850205454e-06,mle,-0.10804705798562161,1.4702239470266836,ok,True,True,extraction,
xom,6012,2023-11-27,5500,6011,512,-2.174606642837339,linear,52,0,52,52,0,52,0.1,0.1015625,0.1015625,1.145722703364051,1.145722703364051e-06,mle,-0.10804705798562161,1.4702239470266836,ok,True,True,extraction,
xom,6013,2023-11-28,5501,6012,512,-2.174606642837339,linear,52,0,52,52,0,52,0.1,0.1015625,0.1015625,1.1378908197337954,1.1378908197337952e-06,mle,-0.10804705798562161,1.4702239470266836,ok,True,True,extraction,
xom,6014,2023-11-29,5502,6013,512,-2.174606642837339,linear,52,0,52,52,0,52,0.1,0.1015625,0.1015625,1.1378908197337954,1.1378908197337952e-06,mle,-0.10804705798562161,1.4702239470266836,ok,True,True,extraction,
xom,6015,2023-11-30,5503,6014,512,-2.174606642837339,linear,52,0,52,52,0,52,0.1,0.1015625,0.1015625,1.148241571408791,1.148241571408791e-06,mle,-0.10804705798562161,1.4702239470266836,ok,True,True,extraction,
xom,6016,2023-12-01,5504,6015,512,-2.174606642837339,linear,52,0,52,52,0,52,0.1,0.1015625,0.1015625,1.148241571408791,1.148241571408791e-06,mle,-0.10804705798562161,1.4702239470266836,ok,True,True,extraction,
xom,6017,2023-12-04,5505,6016,512,-2.174606642837339,linear,52,0,52,52,0,52,0.1,0.1015625,0.1015625,1.1378908197337954,1.1378908197337952e-06,mle,-0.10804705798562161,1.4702239470266836,ok,True,True,extraction,
xom,6018,2023-12-05,5506,6017,512,-2.174606642837339,linear,52,0,52,52,0,52,0.1,0.1015625,0.1015625,1.133938540937132,1.133938540937132e-06,mle,-0.10804705798562161,1.4702239470266836,ok,True,True,extraction,
xom,6019,2023-12-06,5507,6018,512,-2.084811617207959,linear,52,0,52,52,0,52,0.1,0.1015625,0.1015625,1.133938540937132,1.133938540937132e-06,mle,-0.12496020070267996,1.5352686631012393,ok,True,True,extraction,
xom,6020,2023-12-07,5508,6019,512,-2.084811617207959,linear,52,0,52,52,0,52,0.1,0.1015625,0.1015625,1.1328562054234392,1.1328562054234392e-06,mle,-0.12496020070267996,1.5352686631012393,ok,True,True,extraction,
xom,6021,2023-12-08,5509,6020,512,-2.084811617207959,linear,52,0,52,52,0,52,0.1,0.1015625,0.1015625,1.1254407706066816,1.1254407706066816e-06,mle,-0.12496020070267996,1.5352686631012393,ok,True,True,extraction,
xom,6022,2023-12-11,5510,6021,512,-2.084811617207959,linear,52,0,52,52,0,52,0.1,0.1015625,0.1015625,1.1254407706066816,1.1254407706066816e-06,mle,-0.12496020070267996,1.5352686631012393,ok,True,True,extraction,
xom,6023,2023-12-12,5511,6022,512,-2.076557648253698,linear,52,0,52,52,0,52,0.1,0.1015625,0.1015625,1.1234544374024984,1.1234544374024983e-06,mle,-0.1050220600472821,1.486298495251734,ok,True,True,extraction,
xom,6024,2023-12-13,5512,6023,512,-2.076557648253698,linear,52,0,52,52,0,52,0.1,0.1015625,0.1015625,1.1254407706066814,1.1254407706066814e-06,mle,-0.1050220600472821,1.486298495251734,ok,True,True,extraction,
xom,6025,2023-12-14,5513,6024,512,-2.0720087195357326,linear,52,0,52,52,0,52,0.1,0.1015625,0.1015625,1.1234544374024984,1.1234544374024983e-06,mle,-0.09160035744642309,1.4567722791269366,ok,True,True,extraction,
xom,6026,2023-12-15,5514,6025,512,-2.0720087195357326,linear,52,0,52,52,0,52,0.1,0.1015625,0.1015625,1.1276231839716864,1.1276231839716863e-06,mle,-0.09160035744642309,1.4567722791269366,ok,True,True,extraction,
xom,6027,2023-12-18,5515,6026,512,-2.0720087195357326,linear,52,0,52,52,0,52,0.1,0.1015625,0.1015625,1.1234544374024984,1.1234544374024983e-06,mle,-0.09160035744642309,1.4567722791269366,ok,True,True,extraction,
xom,6028,2023-12-19,5516,6027,512,-2.0720087195357326,linear,52,0,52,52,0,52,0.1,0.1015625,0.1015625,1.1244895782679953,1.1244895782679954e-06,mle,-0.09160035744642309,1.4567722791269366,ok,True,True,extraction,
xom,6029,2023-12-20,5517,6028,512,-2.0720087195357326,linear,52,0,52,52,0,52,0.1,0.1015625,0.1015625,1.1276231839716864,1.1276231839716863e-06,mle,-0.09160035744642309,1.4567722791269366,ok,True,True,extraction,
xom,6030,2023-12-21,5518,6029,512,-2.0720087195357326,linear,52,0,52,52,0,52,0.1,0.1015625,0.1015625,1.1296859700031,1.1296859700030998e-06,mle,-0.09160035744642309,1.4567722791269366,ok,True,True,extraction,
xom,6031,2023-12-22,5519,6030,512,-2.0720087195357326,linear,52,0,52,52,0,52,0.1,0.1015625,0.1015625,1.1296859700031,1.1296859700030998e-06,mle,-0.09160035744642309,1.4567722791269366,ok,True,True,extraction,
xom,6032,2023-12-26,5520,6031,512,-2.0720087195357326,linear,52,0,52,52,0,52,0.1,0.1015625,0.1015625,1.1296859700031,1.1296859700030998e-06,mle,-0.09160035744642309,1.4567722791269366,ok,True,True,extraction,
xom,6033,2023-12-27,5521,6032,512,-2.0720087195357326,linear,52,0,52,52,0,52,0.1,0.1015625,0.1015625,1.1296859700031,1.1296859700030998e-06,mle,-0.09160035744642309,1.4567722791269366,ok,True,True,extraction,
xom,6034,2023-12-28,5522,6033,512,-2.0366426639411404,linear,52,0,52,52,0,52,0.1,0.1015625,0.1015625,1.1254407706066816,1.1254407706066816e-06,mle,-0.11028266635668327,1.5168223570769535,ok,True,True,extraction,
xom,6035,2023-12-29,5523,6034,512,-2.0366426639411404,linear,52,0,52,52,0,52,0.1,0.1015625,0.1015625,1.1296859700031,1.1296859700030998e-06,mle,-0.11028266635668327,1.5168223570769535,ok,True,True,extraction,
xom,6036,2024-01-02,5524,6035,512,-2.0366426639411404,linear,52,0,52,52,0,52,0.1,0.1015625,0.1015625,1.1296859700031,1.1296859700030998e-06,mle,-0.11028266635668327,1.5168223570769535,ok,True,True,extraction,
xom,6037,2024-01-03,5525,6036,512,-2.0366426639411404,linear,52,0,52,52,0,52,0.1,0.1015625,0.1015625,1.1371852291847018,1.1371852291847017e-06,mle,-0.11028266635668327,1.5168223570769535,ok,True,True,extraction,
xom,6038,2024-01-04,5526,6037,512,-2.0207538366979887,linear,52,0,52,52,0,52,0.1,0.1015625,0.1015625,1.133938540937132,1.133938540937132e-06,mle,-0.11611990769398528,1.5384746125179536,ok,True,True,extraction,
xom,6039,2024-01-05,5527,6038,512,-2.0207538366979887,linear,52,0,52,52,0,52,0.1,0.1015625,0.1015625,1.1319522077329491,1.1319522077329491e-06,mle,-0.11611990769398528,1.5384746125179536,ok,True,True,extraction,
xom,6040,2024-01-08,5528,6039,512,-2.0207538366979887,linear,52,0,52,52,0,52,0.1,0.1015625,0.1015625,1.1293649926548814,1.1293649926548814e-06,mle,-0.11611990769398528,1.5384746125179536,ok,True,True,extraction,
xom,6041,2024-01-09,5529,6040,512,-2.0207538366979887,linear,52,0,52,52,0,52,0.1,0.1015625,0.1015625,1.1254407706066816,1.1254407706066816e-06,mle,-0.11611990769398528,1.5384746125179536,ok,True,True,extraction,
xom,6042,2024-01-10,5530,6041,512,-2.0207538366979887,linear,52,0,52,52,0,52,0.1,0.1015625,0.1015625,1.1296859700031,1.1296859700030998e-06,mle,-0.11611990769398528,1.5384746125179536,ok,True,True,extraction,
xom,6043,2024-01-11,5531,6042,512,-2.0207538366979887,linear,52,0,52,52,0,52,0.1,0.1015625,0.1015625,1.1286874588542513,1.1286874588542513e-06,mle,-0.11611990769398528,1.5384746125179536,ok,True,True,extraction,
xom,6044,2024-01-12,5532,6043,512,-2.0207538366979887,linear,52,0,52,52,0,52,0.1,0.1015625,0.1015625,1.1286874588542513,1.1286874588542513e-06,mle,-0.11611990769398528,1.5384746125179536,ok,True,True,extraction,
xom,6045,2024-01-16,5533,6044,512,-2.0207538366979887,linear,52,0,52,52,0,52,0.1,0.1015625,0.1015625,1.1310453315552313,1.1310453315552312e-06,mle,-0.11611990769398528,1.5384746125179536,ok,True,True,extraction,
xom,6046,2024-01-17,5534,6045,512,-2.0366426639411404,linear,52,0,52,52,0,52,0.1,0.1015625,0.1015625,1.1371852291847018,1.1371852291847017e-06,mle,-0.11190312953052478,1.5206647752978406,ok,True,True,extraction,
xom,6047,2024-01-18,5535,6046,512,-2.0366426639411404,linear,52,0,52,52,0,52,0.1,0.1015625,0.1015625,1.13850036948039,1.1385003694803898e-06,mle,-0.11190312953052478,1.5206647752978406,ok,True,True,extraction,
xom,6048,2024-01-19,5536,6047,512,-2.0366426639411404,linear,52,0,52,52,0,52,0.1,0.1015625,0.1015625,1.131599038516113,1.1315990385161128e-06,mle,-0.11190312953052478,1.5206647752978406,ok,True,True,extraction,
xom,6049,2024-01-22,5537,6048,512,-2.0366426639411404,linear,52,0,52,52,0,52,0.1,0.1015625,0.1015625,1.1286874588542513,1.1286874588542513e-06,mle,-0.11190312953052478,1.5206647752978406,ok,True,True,extraction,
xom,6050,2024-01-23,5538,6049,512,-2.0366426639411404,linear,52,0,52,52,0,52,0.1,0.1015625,0.1015625,1.1286874588542513,1.1286874588542513e-06,mle,-0.11190312953052478,1.5206647752978406,ok,True,True,extraction,
xom,6051,2024-01-24,5539,6050,512,-2.0366426639411404,linear,52,0,52,52,0,52,0.1,0.1015625,0.1015625,1.1245508753848719,1.1245508753848719e-06,mle,-0.11190312953052478,1.5206647752978406,ok,True,True,extraction,
xom,6052,2024-01-25,5540,6051,512,-2.0366426639411404,linear,52,0,52,52,0,52,0.1,0.1015625,0.1015625,1.1286874588542513,1.1286874588542513e-06,mle,-0.11190312953052478,1.5206647752978406,ok,True,True,extraction,
xom,6053,2024-01-26,5541,6052,512,-2.0366426639411404,linear,52,0,52,52,0,52,0.1,0.1015625,0.1015625,1.1317680589616925,1.1317680589616925e-06,mle,-0.11190312953052478,1.5206647752978406,ok,True,True,extraction,
xom,6054,2024-01-29,5542,6053,512,-2.0366426639411404,linear,52,0,52,52,0,52,0.1,0.1015625,0.1015625,1.1286874588542513,1.1286874588542513e-06,mle,-0.11190312953052478,1.5206647752978406,ok,True,True,extraction,
xom,6055,2024-01-30,5543,6054,512,-2.0366426639411404,linear,52,0,52,52,0,52,0.1,0.1015625,0.1015625,1.1286874588542513,1.1286874588542513e-06,mle,-0.11190312953052478,1.5206647752978406,ok,True,True,extraction,
xom,6056,2024-01-31,5544,6055,512,-2.0366426639411404,linear,52,0,52,52,0,52,0.1,0.1015625,0.1015625,1.1315608294407067,1.1315608294407066e-06,mle,-0.11190312953052478,1.5206647752978406,ok,True,True,extraction,
xom,6057,2024-02-01,5545,6056,512,-2.0366426639411404,linear,52,0,52,52,0,52,0.1,0.1015625,0.1015625,1.1317680589616925,1.1317680589616925e-06,mle,-0.11190312953052478,1.5206647752978406,ok,True,True,extraction,
xom,6058,2024-02-02,5546,6057,512,-2.0366426639411404,linear,52,0,52,52,0,52,0.1,0.1015625,0.1015625,1.1286874588542513,1.1286874588542513e-06,mle,-0.11190312953052478,1.5206647752978406,ok,True,True,extraction,
xom,6059,2024-02-05,5547,6058,512,-2.0366426639411404,linear,52,0,52,52,0,52,0.1,0.1015625,0.1015625,1.1286874588542513,1.1286874588542513e-06,mle,-0.11190312953052478,1.5206647752978406,ok,True,True,extraction,
xom,6060,2024-02-06,5548,6059,512,-2.0366426639411404,linear,52,0,52,52,0,52,0.1,0.1015625,0.1015625,1.1320059133100306,1.1320059133100307e-06,mle,-0.11190312953052478,1.5206647752978406,ok,True,True,extraction,
xom,6061,2024-02-07,5549,6060,512,-2.0366426639411404,linear,52,0,52,52,0,52,0.1,0.1015625,0.1015625,1.1245508753848719,1.1245508753848719e-06,mle,-0.11190312953052478,1.5206647752978406,ok,True,True,extraction,
xom,6062,2024-02-08,5550,6061,512,-2.0366426639411404,linear,52,0,52,52,0,52,0.1,0.1015625,0.1015625,1.1304165856247086,1.1304165856247085e-06,mle,-0.11190312953052478,1.5206647752978406,ok,True,True,extraction,
xom,6063,2024-02-09,5551,6062,512,-2.0366426639411404,linear,52,0,52,52,0,52,0.1,0.1015625,0.1015625,1.1304165856247086,1.1304165856247085e-06,mle,-0.11190312953052478,1.5206647752978406,ok,True,True,extraction,
xom,6064,2024-02-12,5552,6063,512,-2.0720087195357326,linear,52,0,52,52,0,52,0.1,0.1015625,0.1015625,1.1304165856247086,1.1304165856247085e-06,mle,-0.0916625194443281,1.456935688265977,ok,True,True,extraction,
xom,6065,2024-02-13,5553,6064,512,-2.0720087195357326,linear,52,0,52,52,0,52,0.1,0.1015625,0.1015625,1.1320059133100306,1.1320059133100307e-06,mle,-0.0916625194443281,1.456935688265977,ok,True,True,extraction,
xom,6066,2024-02-14,5554,6065,512,-2.0720087195357326,linear,52,0,52,52,0,52,0.1,0.1015625,0.1015625,1.1313219787236481,1.1313219787236482e-06,mle,-0.0916625194443281,1.456935688265977,ok,True,True,extraction,
xom,6067,2024-02-15,5555,6066,512,-2.0720087195357326,linear,52,0,52,52,0,52,0.1,0.1015625,0.1015625,1.1330995388042666,1.1330995388042665e-06,mle,-0.0916625194443281,1.456935688265977,ok,True,True,extraction,
xom,6068,2024-02-16,5556,6067,512,-2.0720087195357326,linear,52,0,52,52,0,52,0.1,0.1015625,0.1015625,1.1330995388042666,1.1330995388042665e-06,mle,-0.0916625194443281,1.456935688265977,ok,True,True,extraction,
xom,6069,2024-02-20,5557,6068,512,-2.0720087195357326,linear,52,0,52,52,0,52,0.1,0.1015625,0.1015625,1.1330995388042666,1.1330995388042665e-06,mle,-0.0916625194443281,1.456935688265977,ok,True,True,extraction,
xom,6070,2024-02-21,5558,6069,512,-2.0720087195357326,linear,52,0,52,52,0,52,0.1,0.1015625,0.1015625,1.126535792017325,1.1265357920173247e-06,mle,-0.0916625194443281,1.456935688265977,ok,True,True,extraction,
xom,6071,2024-02-22,5559,6070,512,-2.0720087195357326,linear,52,0,52,52,0,52,0.1,0.1015625,0.1015625,1.126535792017325,1.1265357920173247e-06,mle,-0.0916625194443281,1.456935688265977,ok,True,True,extraction,
xom,6072,2024-02-23,5560,6071,512,-2.0720087195357326,linear,52,0,52,52,0,52,0.1,0.1015625,0.1015625,1.1271423782918062,1.1271423782918062e-06,mle,-0.0916625194443281,1.456935688265977,ok,True,True,extraction,
xom,6073,2024-02-26,5561,6072,512,-2.0366426639411404,linear,52,0,52,52,0,52,0.1,0.1015625,0.1015625,1.1176131992588292,1.1176131992588292e-06,mle,-0.1023585821346641,1.4977390720837698,ok,True,True,extraction,
xom,6074,2024-02-27,5562,6073,512,-2.0366426639411404,linear,52,0,52,52,0,52,0.1,0.1015625,0.1015625,1.121156927637776,1.1211569276377759e-06,mle,-0.1023585821346641,1.4977390720837698,ok,True,True,extraction,
xom,6075,2024-02-28,5563,6074,512,-2.0366426639411404,linear,52,0,52,52,0,52,0.1,0.1015625,0.1015625,1.121156927637776,1.1211569276377759e-06,mle,-0.1023585821346641,1.4977390720837698,ok,True,True,extraction,
xom,6076,2024-02-29,5564,6075,512,-2.0366426639411404,linear,52,0,52,52,0,52,0.1,0.1015625,0.1015625,1.1140118949598985,1.1140118949598984e-06,mle,-0.1023585821346641,1.4977390720837698,ok,True,True,extraction,
xom,6077,2024-03-01,5565,6076,512,-2.0366426639411404,linear,52,0,52,52,0,52,0.1,0.1015625,0.1015625,1.1065568570347402,1.10655685703474e-06,mle,-0.1023585821346641,1.4977390720837698,ok,True,True,extraction,
xom,6078,2024-03-04,5566,6077,512,-2.0366426639411404,linear,52,0,52,52,0,52,0.1,0.1015625,0.1015625,1.1088718753551439,1.1088718753551438e-06,mle,-0.1023585821346641,1.4977390720837698,ok,True,True,extraction,
xom,6079,2024-03-05,5567,6078,512,-2.0366426639411404,linear,52,0,52,52,0,52,0.1,0.1015625,0.1015625,1.1141048968068967,1.1141048968068967e-06,mle,-0.1023585821346641,1.4977390720837698,ok,True,True,extraction,
xom,6080,2024-03-06,5568,6079,512,-2.0366426639411404,linear,52,0,52,52,0,52,0.1,0.1015625,0.1015625,1.1132452900021788,1.1132452900021787e-06,mle,-0.1023585821346641,1.4977390720837698,ok,True,True,extraction,
xom,6081,2024-03-07,5569,6080,512,-2.0366426639411404,linear,52,0,52,52,0,52,0.1,0.1015625,0.1015625,1.109099155841975,1.1090991558419748e-06,mle,-0.1023585821346641,1.4977390720837698,ok,True,True,extraction,
xom,6082,2024-03-08,5570,6081,512,-2.0366426639411404,linear,52,0,52,52,0,52,0.1,0.1015625,0.1015625,1.1035185021092637,1.1035185021092637e-06,mle,-0.1023585821346641,1.4977390720837698,ok,True,True,extraction,
xom,6083,2024-03-11,5571,6082,512,-2.0366426639411404,linear,52,0,52,52,0,52,0.1,0.1015625,0.1015625,1.1035185021092637,1.1035185021092637e-06,mle,-0.1023585821346641,1.4977390720837698,ok,True,True,extraction,
xom,6084,2024-03-12,5572,6083,512,-2.0366426639411404,linear,52,0,52,52,0,52,0.1,0.1015625,0.1015625,1.1014123856313565,1.1014123856313564e-06,mle,-0.1023585821346641,1.4977390720837698,ok,True,True,extraction,
xom,6085,2024-03-13,5573,6084,512,-2.0366426639411404,linear,52,0,52,52,0,52,0.1,0.1015625,0.1015625,1.0954639622797309,1.0954639622797308e-06,mle,-0.1023585821346641,1.4977390720837698,ok,True,True,extraction,
xom,6086,2024-03-14,5574,6085,512,-2.0366426639411404,linear,52,0,52,52,0,52,0.1,0.1015625,0.1015625,1.0954639622797309,1.0954639622797308e-06,mle,-0.1023585821346641,1.4977390720837698,ok,True,True,extraction,
xom,6087,2024-03-15,5575,6086,512,-2.0366426639411404,linear,52,0,52,52,0,52,0.1,0.1015625,0.1015625,1.1016196151523425,1.1016196151523425e-06,mle,-0.1023585821346641,1.4977390720837698,ok,True,True,extraction,
xom,6088,2024-03-18,5576,6087,512,-2.0366426639411404,linear,52,0,52,52,0,52,0.1,0.1015625,0.1015625,1.0954639622797309,1.0954639622797308e-06,mle,-0.1023585821346641,1.4977390720837698,ok,True,True,extraction,
xom,6089,2024-03-19,5577,6088,512,-2.0366426639411404,linear,52,0,52,52,0,52,0.1,0.1015625,0.1015625,1.0954639622797309,1.0954639622797308e-06,mle,-0.1023585821346641,1.4977390720837698,ok,True,True,extraction,
xom,6090,2024-03-20,5578,6089,512,-2.0366426639411404,linear,52,0,52,52,0,52,0.1,0.1015625,0.1015625,1.0879159225075743,1.0879159225075743e-06,mle,-0.1023585821346641,1.4977390720837698,ok,True,True,extraction,
xom,6091,2024-03-21,5579,6090,512,-2.0366426639411404,linear,52,0,52,52,0,52,0.1,0.1015625,0.1015625,1.0808748421452274,1.0808748421452273e-06,mle,-0.1023585821346641,1.4977390720837698,ok,True,True,extraction,
xom,6092,2024-03-22,5580,6091,512,-2.0366426639411404,linear,52,0,52,52,0,52,0.1,0.1015625,0.1015625,1.0808748421452274,1.0808748421452273e-06,mle,-0.1023585821346641,1.4977390720837698,ok,True,True,extraction,
xom,6093,2024-03-25,5581,6092,512,-2.0207538366979887,linear,52,0,52,52,0,52,0.1,0.1015625,0.1015625,1.0774842513802447,1.0774842513802447e-06,mle,-0.08062488456979347,1.4055941321319572,ok,True,True,extraction,
xom,6094,2024-03-26,5582,6093,512,-2.0207538366979887,linear,52,0,52,52,0,52,0.1,0.1015625,0.1015625,1.074002749419121,1.0740027494191211e-06,mle,-0.08062488456979347,1.4055941321319572,ok,True,True,extraction,
xom,6095,2024-03-27,5583,6094,512,-2.0207538366979887,linear,52,0,52,52,0,52,0.1,0.1015625,0.1015625,1.074002749419121,1.0740027494191211e-06,mle,-0.08062488456979347,1.4055941321319572,ok,True,True,extraction,
xom,6096,2024-03-28,5584,6095,512,-1.9880514521681514,linear,52,0,52,52,0,52,0.1,0.1015625,0.1015625,1.0674702034928107,1.0674702034928107e-06,mle,-0.07227857044017459,1.3958478490057469,ok,True,True,extraction,
xom,6097,2024-04-01,5585,6096,512,-1.964522532678644,linear,52,0,52,52,0,52,0.1,0.1015625,0.1015625,1.0632118803288417,1.0632118803288416e-06,mle,-0.060341230159650615,1.3256834271039208,ok,True,True,extraction,
xom,6098,2024-04-02,5586,6097,512,-1.964522532678644,linear,52,0,52,52,0,52,0.1,0.1015625,0.1015625,1.0632118803288417,1.0632118803288416e-06,mle,-0.060341230159650615,1.3256834271039208,ok,True,True,extraction,
xom,6099,2024-04-03,5587,6098,512,-1.964522532678644,linear,52,0,52,52,0,52,0.1,0.1015625,0.1015625,1.0632118803288417,1.0632118803288416e-06,mle,-0.060341230159650615,1.3256834271039208,ok,True,True,extraction,
xom,6100,2024-04-04,5588,6099,512,-1.964522532678644,linear,52,0,52,52,0,52,0.1,0.1015625,0.1015625,1.0632118803288417,1.0632118803288416e-06,mle,-0.060341230159650615,1.3256834271039208,ok,True,True,extraction,
xom,6101,2024-04-05,5589,6100,512,-1.964522532678644,linear,52,0,52,52,0,52,0.1,0.1015625,0.1015625,1.061303314531095,1.061303314531095e-06,mle,-0.060341230159650615,1.3256834271039208,ok,True,True,extraction,
xom,6102,2024-04-08,5590,6101,512,-1.964522532678644,linear,52,0,52,52,0,52,0.1,0.1015625,0.1015625,1.0632118803288417,1.0632118803288416e-06,mle,-0.060341230159650615,1.3256834271039208,ok,True,True,extraction,
xom,6103,2024-04-09,5591,6102,512,-1.964522532678644,linear,52,0,52,52,0,52,0.1,0.1015625,0.1015625,1.061303314531095,1.061303314531095e-06,mle,-0.060341230159650615,1.3256834271039208,ok,True,True,extraction,
xom,6104,2024-04-10,5592,6103,512,-1.964522532678644,linear,52,0,52,52,0,52,0.1,0.1015625,0.1015625,1.061303314531095,1.061303314531095e-06,mle,-0.060341230159650615,1.3256834271039208,ok,True,True,extraction,
xom,6105,2024-04-11,5593,6104,512,-1.964522532678644,linear,52,0,52,52,0,52,0.1,0.1015625,0.1015625,1.056477717709977,1.0564777177099768e-06,mle,-0.060341230159650615,1.3256834271039208,ok,True,True,extraction,
xom,6106,2024-04-12,5594,6105,512,-1.9609275900484477,linear,52,0,52,52,0,52,0.1,0.1015625,0.1015625,1.0519152768539022,1.0519152768539021e-06,mle,-0.04329675244534107,1.2905285474290937,ok,True,True,extraction,
xom,6107,2024-04-15,5595,6106,512,-1.9609275900484477,linear,52,0,52,52,0,52,0.1,0.1015625,0.1015625,1.056477717709977,1.0564777177099768e-06,mle,-0.04329675244534107,1.2905285474290937,ok,True,True,extraction,
xom,6108,2024-04-16,5596,6107,512,-1.9609275900484477,linear,52,0,52,52,0,52,0.1,0.1015625,0.1015625,1.051708047332916,1.0517080473329158e-06,mle,-0.04329675244534107,1.2905285474290937,ok,True,True,extraction,
xom,6109,2024-04-17,5597,6108,512,-1.9609275900484477,linear,52,0,52,52,0,52,0.1,0.1015625,0.1015625,1.048792599983813,1.048792599983813e-06,mle,-0.04329675244534107,1.2905285474290937,ok,True,True,extraction,
xom,6110,2024-04-18,5598,6109,512,-1.9609275900484477,linear,52,0,52,52,0,52,0.1,0.1015625,0.1015625,1.048792599983813,1.048792599983813e-06,mle,-0.04329675244534107,1.2905285474290937,ok,True,True,extraction,
xom,6111,2024-04-19,5599,6110,512,-1.9609275900484477,linear,52,0,52,52,0,52,0.1,0.1015625,0.1015625,1.048792599983813,1.048792599983813e-06,mle,-0.04329675244534107,1.2905285474290937,ok,True,True,extraction,
xom,6112,2024-04-22,5600,6111,512,-1.9609275900484477,linear,52,0,52,52,0,52,0.1,0.1015625,0.1015625,1.048792599983813,1.048792599983813e-06,mle,-0.04329675244534107,1.2905285474290937,ok,True,True,extraction,
xom,6113,2024-04-23,5601,6112,512,-1.9609275900484477,linear,52,0,52,52,0,52,0.1,0.1015625,0.1015625,1.048792599983813,1.048792599983813e-06,mle,-0.04329675244534107,1.2905285474290937,ok,True,True,extraction,
xom,6114,2024-04-24,5602,6113,512,-1.9609275900484477,linear,52,0,52,52,0,52,0.1,0.1015625,0.1015625,1.0456687701071092,1.0456687701071092e-06,mle,-0.04329675244534107,1.2905285474290937,ok,True,True,extraction,
xom,6115,2024-04-25,5603,6114,512,-1.9609275900484477,linear,52,0,52,52,0,52,0.1,0.1015625,0.1015625,1.0394383261694435,1.0394383261694435e-06,mle,-0.04329675244534107,1.2905285474290937,ok,True,True,extraction,
xom,6116,2024-04-26,5604,6115,512,-1.9491382916520892,linear,52,0,52,52,0,52,0.1,0.1015625,0.1015625,1.0371731241833673,1.0371731241833673e-06,mle,-0.01920976238223813,1.242351235766632,ok,True,True,extraction,
xom,6117,2024-04-29,5605,6116,512,-1.9609275900484477,linear,52,0,52,52,0,52,0.1,0.1015625,0.1015625,1.0355284785510008,1.0355284785510007e-06,mle,-0.032146349321003256,1.2630970076139572,ok,True,True,extraction,
xom,6118,2024-04-30,5606,6117,512,-1.9609275900484477,linear,52,0,52,52,0,52,0.1,0.1015625,0.1015625,1.0355284785510008,1.0355284785510007e-06,mle,-0.032146349321003256,1.2630970076139572,ok,True,True,extraction,
xom,6119,2024-05-01,5607,6118,512,-1.9609275900484477,linear,52,0,52,52,0,52,0.1,0.1015625,0.1015625,1.0395792437961013,1.0395792437961012e-06,mle,-0.032146349321003256,1.2630970076139572,ok,True,True,extraction,
xom,6120,2024-05-02,5608,6119,512,-1.9609275900484477,linear,52,0,52,52,0,52,0.1,0.1015625,0.1015625,1.0423182089891538,1.0423182089891538e-06,mle,-0.032146349321003256,1.2630970076139572,ok,True,True,extraction,
xom,6121,2024-05-03,5609,6120,512,-1.9609275900484477,linear,52,0,52,52,0,52,0.1,0.1015625,0.1015625,1.040358123111601,1.0403581231116009e-06,mle,-0.032146349321003256,1.2630970076139572,ok,True,True,extraction,
xom,6122,2024-05-06,5610,6121,512,-1.9609275900484477,linear,52,0,52,52,0,52,0.1,0.1015625,0.1015625,1.0423182089891538,1.0423182089891538e-06,mle,-0.032146349321003256,1.2630970076139572,ok,True,True,extraction,
xom,6123,2024-05-07,5611,6122,512,-1.9609275900484477,linear,52,0,52,52,0,52,0.1,0.1015625,0.1015625,1.0369894834810574,1.0369894834810574e-06,mle,-0.032146349321003256,1.2630970076139572,ok,True,True,extraction,
xom,6124,2024-05-08,5612,6123,512,-1.9491382916520892,linear,52,0,52,52,0,52,0.1,0.1015625,0.1015625,1.0335899029758324,1.0335899029758323e-06,mle,-0.03428805684801452,1.2728430340276562,ok,True,True,extraction,
xom,6125,2024-05-09,5613,6124,512,-1.9224295398981366,linear,52,0,52,52,0,52,0.1,0.1015625,0.1015625,1.0316097895285912,1.0316097895285912e-06,mle,-0.022600528273884306,1.2561599022003658,ok,True,True,extraction,
xom,6126,2024-05-10,5614,6125,512,-1.9224295398981366,linear,52,0,52,52,0,52,0.1,0.1015625,0.1015625,1.0351677894644606,1.0351677894644606e-06,mle,-0.022600528273884306,1.2561599022003658,ok,True,True,extraction,
xom,6127,2024-05-13,5615,6126,512,-1.9224295398981366,linear,52,0,52,52,0,52,0.1,0.1015625,0.1015625,1.0316097895285912,1.0316097895285912e-06,mle,-0.022600528273884306,1.2561599022003658,ok,True,True,extraction,
xom,6128,2024-05-14,5616,6127,512,-1.9224295398981366,linear,52,0,52,52,0,52,0.1,0.1015625,0.1015625,1.0258252529505474,1.0258252529505473e-06,mle,-0.022600528273884306,1.2561599022003658,ok,True,True,extraction,
xom,6129,2024-05-15,5617,6128,512,-1.9090504988432475,linear,52,0,52,52,0,52,0.1,0.1015625,0.1015625,1.0255474493335313,1.0255474493335311e-06,mle,-0.023474490669727913,1.2640731113984893,ok,True,True,extraction,
xom,6130,2024-05-16,5618,6129,512,-1.9090504988432475,linear,52,0,52,52,0,52,0.1,0.1015625,0.1015625,1.0220760287743627,1.0220760287743626e-06,mle,-0.023474490669727913,1.2640731113984893,ok,True,True,extraction,
xom,6131,2024-05-17,5619,6130,512,-1.9090504988432475,linear,52,0,52,52,0,52,0.1,0.1015625,0.1015625,1.0161675668946115,1.0161675668946114e-06,mle,-0.023474490669727913,1.2640731113984893,ok,True,True,extraction,
xom,6132,2024-05-20,5620,6131,512,-1.9090504988432475,linear,52,0,52,52,0,52,0.1,0.1015625,0.1015625,1.0161675668946115,1.0161675668946114e-06,mle,-0.023474490669727913,1.2640731113984893,ok,True,True,extraction,
xom,6133,2024-05-21,5621,6132,512,-1.9090504988432475,linear,52,0,52,52,0,52,0.1,0.1015625,0.1015625,1.0151424732638201,1.01514247326382e-06,mle,-0.023474490669727913,1.2640731113984893,ok,True,True,extraction,
xom,6134,2024-05-22,5622,6133,512,-1.9090504988432475,linear,52,0,52,52,0,52,0.1,0.1015625,0.1015625,1.012157400907775,1.0121574009077748e-06,mle,-0.023474490669727913,1.2640731113984893,ok,True,True,extraction,
xom,6135,2024-05-23,5623,6134,512,-1.9090504988432475,linear,52,0,52,52,0,52,0.1,0.1015625,0.1015625,1.012157400907775,1.0121574009077748e-06,mle,-0.2158288397786693,1.3661536692103402,ok,True,True,extraction,
xom,6136,2024-05-24,5624,6135,512,-1.9090504988432475,linear,52,0,52,52,0,52,0.1,0.1015625,0.1015625,1.0193333156766788,1.0193333156766787e-06,mle,-0.2158288397786693,1.3661536692103402,ok,True,True,extraction,
xom,6137,2024-05-28,5625,6136,512,-1.9090504988432475,linear,52,0,52,52,0,52,0.1,0.1015625,0.1015625,1.0101423154549103,1.0101423154549102e-06,mle,-0.2158288397786693,1.3661536692103402,ok,True,True,extraction,
xom,6138,2024-05-29,5626,6137,512,-1.9090504988432475,linear,52,0,52,52,0,52,0.1,0.1015625,0.1015625,1.0134283982712269,1.013428398271227e-06,mle,-0.2158288397786693,1.3661536692103402,ok,True,True,extraction,
xom,6139,2024-05-30,5627,6138,512,-1.9090504988432475,linear,52,0,52,52,0,52,0.1,0.1015625,0.1015625,1.022884962987177,1.022884962987177e-06,mle,-0.2158288397786693,1.3661536692103402,ok,True,True,extraction,
xom,6140,2024-05-31,5628,6139,512,-1.9090504988432475,linear,52,0,52,52,0,52,0.1,0.1015625,0.1015625,1.0216497392920818,1.0216497392920817e-06,mle,-0.2158288397786693,1.3661536692103402,ok,True,True,extraction,
xom,6141,2024-06-03,5629,6140,512,-1.9090504988432475,linear,52,0,52,52,0,52,0.1,0.1015625,0.1015625,1.0216497392920818,1.0216497392920817e-06,mle,-0.2158288397786693,1.3661536692103402,ok,True,True,extraction,
xom,6142,2024-06-04,5630,6141,512,-1.9224295398981366,linear,52,0,52,52,0,52,0.1,0.1015625,0.1015625,1.0216497392920818,1.0216497392920817e-06,mle,-0.21845092445540248,1.3644231364659942,ok,True,True,extraction,
xom,6143,2024-06-05,5631,6142,512,-1.9224295398981366,linear,52,0,52,52,0,52,0.1,0.1015625,0.1015625,1.0300620822187472,1.030062082218747e-06,mle,-0.21845092445540248,1.3644231364659942,ok,True,True,extraction,
xom,6144,2024-06-06,5632,6143,512,-1.9224295398981366,linear,52,0,52,52,0,52,0.1,0.1015625,0.1015625,1.0300620822187472,1.030062082218747e-06,mle,-0.21845092445540248,1.3644231364659942,ok,True,True,extraction,
xom,6145,2024-06-07,5633,6144,512,-1.9224295398981366,linear,52,0,52,52,0,52,0.1,0.1015625,0.1015625,1.0239210161156764,1.0239210161156764e-06,mle,-0.21845092445540248,1.3644231364659942,ok,True,True,extraction,
xom,6146,2024-06-10,5634,6145,512,-1.9224295398981366,linear,52,0,52,52,0,52,0.1,0.1015625,0.1015625,1.0295016698483876,1.0295016698483876e-06,mle,-0.21845092445540248,1.3644231364659942,ok,True,True,extraction,
xom,6147,2024-06-11,5635,6146,512,-1.9224295398981366,linear,52,0,52,52,0,52,0.1,0.1015625,0.1015625,1.0241901251607628,1.0241901251607628e-06,mle,-0.21845092445540248,1.3644231364659942,ok,True,True,extraction,
xom,6148,2024-06-12,5636,6147,512,-1.9224295398981366,linear,52,0,52,52,0,52,0.1,0.1015625,0.1015625,1.0266579963116365,1.0266579963116365e-06,mle,-0.21845092445540248,1.3644231364659942,ok,True,True,extraction,
xom,6149,2024-06-13,5637,6148,512,-1.9224295398981366,linear,52,0,52,52,0,52,0.1,0.1015625,0.1015625,1.0356537537468982,1.0356537537468981e-06,mle,-0.21845092445540248,1.3644231364659942,ok,True,True,extraction,
xom,6150,2024-06-14,5638,6149,512,-1.9224295398981366,linear,52,0,52,52,0,52,0.1,0.1015625,0.1015625,1.0261928771790927,1.0261928771790927e-06,mle,-0.21845092445540248,1.3644231364659942,ok,True,True,extraction,
xom,6151,2024-06-17,5639,6150,512,-1.9224295398981366,linear,52,0,52,52,0,52,0.1,0.1015625,0.1015625,1.0166089426164924,1.0166089426164924e-06,mle,-0.21845092445540248,1.3644231364659942,ok,True,True,extraction,
xom,6152,2024-06-18,5640,6151,512,-1.9224295398981366,linear,52,0,52,52,0,52,0.1,0.1015625,0.1015625,1.0166089426164924,1.0166089426164924e-06,mle,-0.21845092445540248,1.3644231364659942,ok,True,True,extraction,
xom,6153,2024-06-20,5641,6152,512,-1.9224295398981366,linear,52,0,52,52,0,52,0.1,0.1015625,0.1015625,1.0098865953361478,1.0098865953361478e-06,mle,-0.21845092445540248,1.3644231364659942,ok,True,True,extraction,
xom,6154,2024-06-21,5642,6153,512,-1.9224295398981366,linear,52,0,52,52,0,52,0.1,0.1015625,0.1015625,1.018593162659182,1.0185931626591818e-06,mle,-0.21845092445540248,1.3644231364659942,ok,True,True,extraction,
xom,6155,2024-06-24,5643,6154,512,-1.9224295398981366,linear,52,0,52,52,0,52,0.1,0.1015625,0.1015625,1.0098865953361478,1.0098865953361478e-06,mle,-0.21845092445540248,1.3644231364659942,ok,True,True,extraction,
xom,6156,2024-06-25,5644,6155,512,-1.9224295398981366,linear,52,0,52,52,0,52,0.1,0.1015625,0.1015625,1.0098865953361478,1.0098865953361478e-06,mle,-0.21845092445540248,1.3644231364659942,ok,True,True,extraction,
xom,6157,2024-06-26,5645,6156,512,-1.9090504988432475,linear,52,0,52,52,0,52,0.1,0.1015625,0.1015625,1.0071245238509205,1.0071245238509206e-06,mle,-0.2230908131879421,1.3800204961235019,ok,True,True,extraction,
xom,6158,2024-06-27,5646,6157,512,-1.9090504988432475,linear,52,0,52,52,0,52,0.1,0.1015625,0.1015625,1.0033079832315197,1.0033079832315196e-06,mle,-0.2230908131879421,1.3800204961235019,ok,True,True,extraction,
xom,6159,2024-06-28,5647,6158,512,-1.878022643382306,linear,52,0,52,52,0,52,0.1,0.1015625,0.1015625,0.9999522281320162,9.999522281320161e-07,mle,-0.19872796680758748,1.3219170163136544,ok,True,True,extraction,
xom,6160,2024-07-01,5648,6159,512,-1.878022643382306,linear,52,0,52,52,0,52,0.1,0.1015625,0.1015625,0.9999522281320162,9.999522281320161e-07,mle,-0.19872796680758748,1.3219170163136544,ok,True,True,extraction,
xom,6161,2024-07-02,5649,6160,512,-1.878022643382306,linear,52,0,52,52,0,52,0.1,0.1015625,0.1015625,0.9932783721875766,9.932783721875767e-07,mle,-0.19872796680758748,1.3219170163136544,ok,True,True,extraction,
xom,6162,2024-07-03,5650,6161,512,-1.8475696048547976,linear,52,0,52,52,0,52,0.1,0.1015625,0.1015625,0.9853383860235688,9.853383860235687e-07,mle,-0.17948062842642493,1.2924778960147827,ok,True,True,extraction,
xom,6163,2024-07-05,5651,6162,512,-1.8410050486432112,linear,52,0,52,52,0,52,0.1,0.1015625,0.1015625,0.9831618409086142,9.831618409086142e-07,mle,-0.23521539168276415,1.2682374239831473,ok,True,True,extraction,
xom,6164,2024-07-08,5652,6163,512,-1.8410050486432112,linear,52,0,52,52,0,52,0.1,0.1015625,0.1015625,0.9804989222767341,9.80498922276734e-07,mle,-0.23521539168276415,1.2682374239831473,ok,True,True,extraction,
xom,6165,2024-07-09,5653,6164,512,-1.8258843377251186,linear,52,0,52,52,0,52,0.1,0.1015625,0.1015625,0.9804989222767341,9.80498922276734e-07,mle,-0.1948459287775552,1.1916245912314372,ok,True,True,extraction,
xom,6166,2024-07-10,5654,6165,512,-1.8200347665846381,linear,52,0,52,52,0,52,0.1,0.1015625,0.1015625,0.9804989222767341,9.80498922276734e-07,mle,-0.15678880502499132,1.1314555073241022,ok,True,True,extraction,
xom,6167,2024-07-11,5655,6166,512,-1.8200347665846381,linear,52,0,52,52,0,52,0.1,0.1015625,0.1015625,0.9762405991127648,9.762405991127647e-07,mle,-0.15678880502499132,1.1314555073241022,ok,True,True,extraction,
xom,6168,2024-07-12,5656,6167,512,-1.8200347665846381,linear,52,0,52,52,0,52,0.1,0.1015625,0.1015625,0.9762405991127648,9.762405991127647e-07,mle,-0.15678880502499132,1.1314555073241022,ok,True,True,extraction,
xom,6169,2024-07-15,5657,6168,512,-1.8200347665846381,linear,52,0,52,52,0,52,0.1,0.1015625,0.1015625,0.9664083417434642,9.664083417434642e-07,mle,-0.15678880502499132,1.1314555073241022,ok,True,True,extraction,
xom,6170,2024-07-16,5658,6169,512,-1.8151573834509156,linear,52,0,52,52,0,52,0.1,0.1015625,0.1015625,0.9695182518324204,9.695182518324204e-07,mle,-0.09655161494628212,1.0340835007979803,ok,True,True,extraction,
xom,6171,2024-07-17,5659,6170,512,-1.809506202589516,linear,52,0,52,52,0,52,0.1,0.1015625,0.1015625,0.9653496149102052,9.653496149102052e-07,mle,-0.04980804051702847,0.9734542594102222,ok,True,True,extraction,
xom,6172,2024-07-18,5660,6171,512,-1.809506202589516,linear,52,0,52,52,0,52,0.1,0.1015625,0.1015625,0.9653496149102052,9.653496149102052e-07,mle,-0.04980804051702847,0.9734542594102222,ok,True,True,extraction,
xom,6173,2024-07-19,5661,6172,512,-1.803897440412038,linear,52,0,52,52,0,52,0.1,0.1015625,0.1015625,0.9629309989619372,9.629309989619371e-07,mle,0.01780260668889371,0.8898275790796878,ok,True,True,extraction,
xom,6174,2024-07-22,5662,6173,512,-1.803897440412038,linear,52,0,52,52,0,52,0.1,0.1015625,0.1015625,0.9629309989619372,9.629309989619371e-07,mle,-0.023067536675663435,0.9367835228186685,ok,True,True,extraction,
xom,6175,2024-07-23,5663,6174,512,-1.803897440412038,linear,52,0,52,52,0,52,0.1,0.1015625,0.1015625,0.9571914093569002,9.571914093569e-07,mle,-0.023067536675663435,0.9367835228186685,ok,True,True,extraction,
xom,6176,2024-07-24,5664,6175,512,-1.803897440412038,linear,52,0,52,52,0,52,0.1,0.1015625,0.1015625,0.9599276449181962,9.59927644918196e-07,mle,-0.023067536675663435,0.9367835228186685,ok,True,True,extraction,
xom,6177,2024-07-25,5665,6176,512,-1.803897440412038,linear,52,0,52,52,0,52,0.1,0.1015625,0.1015625,0.9653496149102052,9.653496149102052e-07,mle,-0.023067536675663435,0.9367835228186685,ok,True,True,extraction,
xom,6178,2024-07-26,5666,6177,512,-1.803897440412038,linear,52,0,52,52,0,52,0.1,0.1015625,0.1015625,0.9675122930994433,9.675122930994432e-07,mle,-0.023067536675663435,0.9367835228186685,ok,True,True,extraction,
xom,6179,2024-07-29,5667,6178,512,-1.803897440412038,linear,52,0,52,52,0,52,0.1,0.1015625,0.1015625,0.9653496149102052,9.653496149102052e-07,mle,-0.023067536675663435,0.9367835228186685,ok,True,True,extraction,
xom,6180,2024-07-30,5668,6179,512,-1.8019671703019966,linear,52,0,52,52,0,52,0.1,0.1015625,0.1015625,0.9653496149102052,9.653496149102052e-07,mle,-0.009091289134023413,0.9215491590472992,ok,True,True,extraction,
xom,6181,2024-07-31,5669,6180,512,-1.8019671703019966,linear,52,0,52,52,0,52,0.1,0.1015625,0.1015625,0.9653496149102052,9.653496149102052e-07,mle,-0.009091289134023413,0.9215491590472992,ok,True,True,extraction,
xom,6182,2024-08-01,5670,6181,512,-1.8019671703019966,linear,52,0,52,52,0,52,0.1,0.1015625,0.1015625,0.9607899458190987,9.607899458190987e-07,mle,-0.009091289134023413,0.9215491590472992,ok,True,True,extraction,
xom,6183,2024-08-02,5671,6182,512,-1.8019671703019966,linear,52,0,52,52,0,52,0.1,0.1015625,0.1015625,0.9599276449181962,9.59927644918196e-07,mle,-0.009091289134023413,0.9215491590472992,ok,True,True,extraction,
xom,6184,2024-08-05,5672,6183,512,-1.8019671703019966,linear,52,0,52,52,0,52,0.1,0.1015625,0.1015625,0.9500055061488445,9.500055061488444e-07,mle,-0.009091289134023413,0.9215491590472992,ok,True,True,extraction,
xom,6185,2024-08-06,5673,6184,512,-1.803897440412038,linear,52,0,52,52,0,52,0.1,0.1015625,0.1015625,0.9500055061488445,9.500055061488444e-07,mle,-0.006072910702709655,0.9171984695758484,ok,True,True,extraction,
xom,6186,2024-08-07,5674,6185,512,-1.803897440412038,linear,52,0,52,52,0,52,0.1,0.1015625,0.1015625,0.9500055061488445,9.500055061488444e-07,mle,-0.006072910702709655,0.9171984695758484,ok,True,True,extraction,
xom,6187,2024-08-08,5675,6186,512,-1.803897440412038,linear,52,0,52,52,0,52,0.1,0.1015625,0.1015625,0.9500055061488445,9.500055061488444e-07,mle,-0.006072910702709655,0.9171984695758484,ok,True,True,extraction,
xom,6188,2024-08-09,5676,6187,512,-1.803897440412038,linear,52,0,52,52,0,52,0.1,0.1015625,0.1015625,0.9599276449181962,9.59927644918196e-07,mle,-0.006072910702709655,0.9171984695758484,ok,True,True,extraction,
xom,6189,2024-08-12,5677,6188,512,-1.803897440412038,linear,52,0,52,52,0,52,0.1,0.1015625,0.1015625,0.9534217125661735,9.534217125661734e-07,mle,-0.006072910702709655,0.9171984695758484,ok,True,True,extraction,
xom,6190,2024-08-13,5678,6189,512,-1.803897440412038,linear,52,0,52,52,0,52,0.1,0.1015625,0.1015625,0.9498231761039748,9.498231761039748e-07,mle,-0.006072910702709655,0.9171984695758484,ok,True,True,extraction,
xom,6191,2024-08-14,5679,6190,512,-1.803897440412038,linear,52,0,52,52,0,52,0.1,0.1015625,0.1015625,0.942762805356487,9.42762805356487e-07,mle,-0.006072910702709655,0.9171984695758484,ok,True,True,extraction,
xom,6192,2024-08-15,5680,6191,512,-1.8019671703019966,linear,52,0,52,52,0,52,0.1,0.1015625,0.1015625,0.9485165516453513,9.485165516453512e-07,mle,0.052032191622758864,0.8530249333458298,ok,True,True,extraction,
xom,6193,2024-08-16,5681,6192,512,-1.8019671703019966,linear,52,0,52,52,0,52,0.1,0.1015625,0.1015625,0.9530283449981929,9.530283449981929e-07,mle,0.052032191622758864,0.8530249333458298,ok,True,True,extraction,
xom,6194,2024-08-19,5682,6193,512,-1.789015292925261,linear,52,0,52,52,0,52,0.1,0.1015625,0.1015625,0.9498682355952683,9.498682355952683e-07,mle,0.11140257170041538,0.7880675412803805,ok,True,True,extraction,
xom,6195,2024-08-20,5683,6194,512,-1.78587424148378,linear,52,0,52,52,0,52,0.1,0.1015625,0.1015625,0.952039213005532,9.520392130055319e-07,mle,0.17891461322679572,0.6961711517411299,ok,True,True,extraction,
xom,6196,2024-08-21,5684,6195,512,-1.789015292925261,linear,52,0,52,52,0,52,0.1,0.1015625,0.1015625,0.946956583299398,9.46956583299398e-07,mle,0.0907401564902248,0.7890807614574081,ok,True,True,extraction,
xom,6197,2024-08-22,5685,6196,512,-1.789015292925261,linear,52,0,52,52,0,52,0.1,0.1015625,0.1015625,0.9444462656032593,9.444462656032592e-07,mle,0.0907401564902248,0.7890807614574081,ok,True,True,extraction,
xom,6198,2024-08-23,5686,6197,512,-1.789015292925261,linear,52,0,52,52,0,52,0.1,0.1015625,0.1015625,0.941534613307389,9.415346133073889e-07,mle,0.0907401564902248,0.7890807614574081,ok,True,True,extraction,
xom,6199,2024-08-26,5687,6198,512,-1.789015292925261,linear,52,0,52,52,0,52,0.1,0.1015625,0.1015625,0.9444462656032593,9.444462656032592e-07,mle,0.0907401564902248,0.7890807614574081,ok,True,True,extraction,
xom,6200,2024-08-27,5688,6199,512,-1.789015292925261,linear,52,0,52,52,0,52,0.1,0.1015625,0.1015625,0.9444462656032593,9.444462656032592e-07,mle,0.0907401564902248,0.7890807614574081,ok,True,True,extraction,
xom,6201,2024-08-28,5689,6200,512,-1.789015292925261,linear,52,0,52,52,0,52,0.1,0.1015625,0.1015625,0.93556804686536,9.3556804686536e-07,mle,0.0907401564902248,0.7890807614574081,ok,True,True,extraction,
xom,6202,2024-08-29,5690,6201,512,-1.78587424148378,linear,52,0,52,52,0,52,0.1,0.1015625,0.1015625,0.93556804686536,9.3556804686536e-07,mle,0.08264319411528973,0.798333473333336,ok,True,True,extraction,
xom,6203,2024-08-30,5691,6202,512,-1.78587424148378,linear,52,0,52,52,0,52,0.1,0.1015625,0.1015625,0.9476063750061838,9.476063750061837e-07,mle,0.08264319411528973,0.798333473333336,ok,True,True,extraction,
xom,6204,2024-09-03,5692,6203,512,-1.78587424148378,linear,52,0,52,52,0,52,0.1,0.1015625,0.1015625,0.93556804686536,9.3556804686536e-07,mle,0.08264319411528973,0.798333473333336,ok,True,True,extraction,
xom,6205,2024-09-04,5693,6204,512,-1.789015292925261,linear,52,0,52,52,0,52,0.1,0.1015625,0.1015625,0.9337077580298012,9.337077580298012e-07,mle,0.057486712654757396,0.8222338411234493,ok,True,True,extraction,
xom,6206,2024-09-05,5694,6205,512,-1.789015292925261,linear,52,0,52,52,0,52,0.1,0.1015625,0.1015625,0.9385333548509194,9.385333548509193e-07,mle,0.057486712654757396,0.8222338411234493,ok,True,True,extraction,
xom,6207,2024-09-06,5695,6206,512,-1.789015292925261,linear,52,0,52,52,0,52,0.1,0.1015625,0.1015625,0.9385333548509194,9.385333548509193e-07,mle,0.057486712654757396,0.8222338411234493,ok,True,True,extraction,
xom,6208,2024-09-09,5696,6207,512,-1.789015292925261,linear,52,0,52,52,0,52,0.1,0.1015625,0.1015625,0.9308551902614595,9.308551902614594e-07,mle,0.057486712654757396,0.8222338411234493,ok,True,True,extraction,
xom,6209,2024-09-10,5697,6208,512,-1.789015292925261,linear,52,0,52,52,0,52,0.1,0.1015625,0.1015625,0.9385333548509194,9.385333548509193e-07,mle,0.057486712654757396,0.8222338411234493,ok,True,True,extraction,
xom,6210,2024-09-11,5698,6209,512,-1.802470754428085,linear,52,0,52,52,0,52,0.1,0.1015625,0.1015625,0.9423659228869596,9.423659228869596e-07,mle,0.006711408207137608,0.8890381241943524,ok,True,True,extraction,
xom,6211,2024-09-12,5699,6210,512,-1.802470754428085,linear,52,0,52,52,0,52,0.1,0.1015625,0.1015625,0.9423659228869596,9.423659228869596e-07,mle,0.006711408207137608,0.8890381241943524,ok,True,True,extraction,
xom,6212,2024-09-13,5700,6211,512,-1.802470754428085,linear,52,0,52,52,0,52,0.1,0.1015625,0.1015625,0.9423659228869596,9.423659228869596e-07,mle,0.006711408207137608,0.8890381241943524,ok,True,True,extraction,
xom,6213,2024-09-16,5701,6212,512,-1.789015292925261,linear,52,0,52,52,0,52,0.1,0.1015625,0.1015625,0.934767407779996,9.34767407779996e-07,mle,0.054549178910256346,0.8216259048275256,ok,True,True,extraction,
xom,6214,2024-09-17,5702,6213,512,-1.789015292925261,linear,52,0,52,52,0,52,0.1,0.1015625,0.1015625,0.9427916780148886,9.427916780148886e-07,mle,0.054549178910256346,0.8216259048275256,ok,True,True,extraction,
xom,6215,2024-09-18,5703,6214,512,-1.78587424148378,linear,52,0,52,52,0,52,0.1,0.1015625,0.1015625,0.9436726885975256,9.436726885975256e-07,mle,0.0489301472920127,0.8288339381739523,ok,True,True,extraction,
xom,6216,2024-09-19,5704,6215,512,-1.78587424148378,linear,52,0,52,52,0,52,0.1,0.1015625,0.1015625,0.9385333548509194,9.385333548509193e-07,mle,0.0489301472920127,0.8288339381739523,ok,True,True,extraction,
xom,6217,2024-09-20,5705,6216,512,-1.78587424148378,linear,52,0,52,52,0,52,0.1,0.1015625,0.1015625,0.942762805356487,9.42762805356487e-07,mle,0.0489301472920127,0.8288339381739523,ok,True,True,extraction,
xom,6218,2024-09-23,5706,6217,512,-1.78587424148378,linear,52,0,52,52,0,52,0.1,0.1015625,0.1015625,0.942762805356487,9.42762805356487e-07,mle,0.0489301472920127,0.8288339381739523,ok,True,True,extraction,
xom,6219,2024-09-24,5707,6218,512,-1.78587424148378,linear,52,0,52,52,0,52,0.1,0.1015625,0.1015625,0.9500055061488445,9.500055061488444e-07,mle,0.0489301472920127,0.8288339381739523,ok,True,True,extraction,
xom,6220,2024-09-25,5708,6219,512,-1.78587424148378,linear,52,0,52,52,0,52,0.1,0.1015625,0.1015625,0.9436726885975256,9.436726885975256e-07,mle,0.0489301472920127,0.8288339381739523,ok,True,True,extraction,
xom,6221,2024-09-26,5709,6220,512,-1.789015292925261,linear,52,0,52,52,0,52,0.1,0.1015625,0.1015625,0.9427916780148886,9.427916780148886e-07,mle,0.03973132097507186,0.8369706481709547,ok,True,True,extraction,
xom,6222,2024-09-27,5710,6221,512,-1.78587424148378,linear,52,0,52,52,0,52,0.1,0.1015625,0.1015625,0.9427916780148886,9.427916780148886e-07,mle,0.08225913006969024,0.793915769186265,ok,True,True,extraction,
xom,6223,2024-09-30,5711,6222,512,-1.78587424148378,linear,52,0,52,52,0,52,0.1,0.1015625,0.1015625,0.9427916780148886,9.427916780148886e-07,mle,0.08225913006969024,0.793915769186265,ok,True,True,extraction,
xom,6224,2024-10-01,5712,6223,512,-1.763130063566434,linear,52,0,52,52,0,52,0.1,0.1015625,0.1015625,0.9436726885975256,9.436726885975256e-07,mle,0.09819783395806848,0.780810086292161,ok,True,True,extraction,
xom,6225,2024-10-02,5713,6224,512,-1.763130063566434,linear,52,0,52,52,0,52,0.1,0.1015625,0.1015625,0.942762805356487,9.42762805356487e-07,mle,0.09819783395806848,0.780810086292161,ok,True,True,extraction,
xom,6226,2024-10-03,5714,6225,512,-1.763130063566434,linear,52,0,52,52,0,52,0.1,0.1015625,0.1015625,0.9534217125661735,9.534217125661734e-07,mle,0.09819783395806848,0.780810086292161,ok,True,True,extraction,
xom,6227,2024-10-04,5715,6226,512,-1.763130063566434,linear,52,0,52,52,0,52,0.1,0.1015625,0.1015625,0.9571914093569002,9.571914093569e-07,mle,0.09819783395806848,0.780810086292161,ok,True,True,extraction,
xom,6228,2024-10-07,5716,6227,512,-1.763130063566434,linear,52,0,52,52,0,52,0.1,0.1015625,0.1015625,0.9590211513434943,9.590211513434943e-07,mle,0.09819783395806848,0.780810086292161,ok,True,True,extraction,
xom,6229,2024-10-08,5717,6228,512,-1.763130063566434,linear,52,0,52,52,0,52,0.1,0.1015625,0.1015625,0.9713734986629361,9.71373498662936e-07,mle,0.09819783395806848,0.780810086292161,ok,True,True,extraction,
xom,6230,2024-10-09,5718,6229,512,-1.763130063566434,linear,52,0,52,52,0,52,0.1,0.1015625,0.1015625,0.9713734986629361,9.71373498662936e-07,mle,0.0005572152221198347,0.8093928727015958,ok,True,True,extraction,
xom,6231,2024-10-10,5719,6230,512,-1.7314214094964289,linear,52,0,52,52,0,52,0.1,0.1015625,0.1015625,0.9682133892600118,9.682133892600117e-07,mle,-0.048779061535662034,0.8759817123562773,ok,True,True,extraction,
xom,6232,2024-10-11,5720,6231,512,-1.7314214094964289,linear,52,0,52,52,0,52,0.1,0.1015625,0.1015625,0.9653017369641415,9.653017369641414e-07,mle,-0.048779061535662034,0.8759817123562773,ok,True,True,extraction,
xom,6233,2024-10-14,5721,6232,512,-1.7314214094964289,linear,52,0,52,52,0,52,0.1,0.1015625,0.1015625,0.9644143373839322,9.644143373839321e-07,mle,-0.048779061535662034,0.8759817123562773,ok,True,True,extraction,
xom,6234,2024-10-15,5722,6233,512,-1.7314214094964289,linear,52,0,52,52,0,52,0.1,0.1015625,0.1015625,0.9768865891178768,9.768865891178768e-07,mle,-0.048779061535662034,0.8759817123562773,ok,True,True,extraction,
xom,6235,2024-10-16,5723,6234,512,-1.763130063566434,linear,52,0,52,52,0,52,0.1,0.1015625,0.1015625,0.9768865891178768,9.768865891178768e-07,mle,-0.05075622618916632,0.871045700291283,ok,True,True,extraction,
xom,6236,2024-10-17,5724,6235,512,-1.763130063566434,linear,52,0,52,52,0,52,0.1,0.1015625,0.1015625,0.973913339774374,9.73913339774374e-07,mle,-0.05075622618916632,0.871045700291283,ok,True,True,extraction,
xom,6237,2024-10-18,5725,6236,512,-1.763130063566434,linear,52,0,52,52,0,52,0.1,0.1015625,0.1015625,0.9578417779874712,9.578417779874712e-07,mle,-0.05075622618916632,0.871045700291283,ok,True,True,extraction,
xom,6238,2024-10-21,5726,6237,512,-1.763130063566434,linear,52,0,52,52,0,52,0.1,0.1015625,0.1015625,0.9489016637105872,9.489016637105871e-07,mle,-0.05075622618916632,0.871045700291283,ok,True,True,extraction,
xom,6239,2024-10-22,5727,6238,512,-1.763130063566434,linear,52,0,52,52,0,52,0.1,0.1015625,0.1015625,0.9437511974542013,9.437511974542013e-07,mle,-0.05075622618916632,0.871045700291283,ok,True,True,extraction,
xom,6240,2024-10-23,5728,6239,512,-1.763130063566434,linear,52,0,52,52,0,52,0.1,0.1015625,0.1015625,0.9407779481106984,9.407779481106983e-07,mle,-0.05075622618916632,0.871045700291283,ok,True,True,extraction,
xom,6241,2024-10-24,5729,6240,512,-1.7314214094964289,linear,52,0,52,52,0,52,0.1,0.1015625,0.1015625,0.935210634104088,9.35210634104088e-07,mle,-0.08757822476855573,0.9274868332101562,ok,True,True,extraction,
xom,6242,2024-10-25,5730,6241,512,-1.7314214094964289,linear,52,0,52,52,0,52,0.1,0.1015625,0.1015625,0.9344649154697011,9.344649154697011e-07,mle,-0.08757822476855573,0.9274868332101562,ok,True,True,extraction,
xom,6243,2024-10-28,5731,6242,512,-1.7314214094964289,linear,52,0,52,52,0,52,0.1,0.1015625,0.1015625,0.933459032501166,9.33459032501166e-07,mle,-0.08757822476855573,0.9274868332101562,ok,True,True,extraction,
xom,6244,2024-10-29,5732,6243,512,-1.7314214094964289,linear,52,0,52,52,0,52,0.1,0.1015625,0.1015625,0.9262163317088086,9.262163317088086e-07,mle,-0.08757822476855573,0.9274868332101562,ok,True,True,extraction,
xom,6245,2024-10-30,5733,6244,512,-1.7303090571060926,linear,52,0,52,52,0,52,0.1,0.1015625,0.1015625,0.9262163317088086,9.262163317088086e-07,mle,-0.02744462801352457,0.8575274487814757,ok,True,True,extraction,
xom,6246,2024-10-31,5734,6245,512,-1.7303090571060926,linear,52,0,52,52,0,52,0.1,0.1015625,0.1015625,0.922924282409885,9.229242824098849e-07,mle,-0.02744462801352457,0.8575274487814757,ok,True,True,extraction,
xom,6247,2024-11-01,5735,6246,512,-1.7303090571060926,linear,52,0,52,52,0,52,0.1,0.1015625,0.1015625,0.922924282409885,9.229242824098849e-07,mle,-0.02744462801352457,0.8575274487814757,ok,True,True,extraction,
xom,6248,2024-11-04,5736,6247,512,-1.7303090571060926,linear,52,0,52,52,0,52,0.1,0.1015625,0.1015625,0.9201345337256257,9.201345337256257e-07,mle,-0.02744462801352457,0.8575274487814757,ok,True,True,extraction,
xom,6249,2024-11-05,5737,6248,512,-1.7303090571060926,linear,52,0,52,52,0,52,0.1,0.1015625,0.1015625,0.9219191364109689,9.219191364109688e-07,mle,-0.02744462801352457,0.8575274487814757,ok,True,True,extraction,
xom,6250,2024-11-06,5738,6249,512,-1.7303090571060926,linear,52,0,52,52,0,52,0.1,0.1015625,0.1015625,0.9201345337256257,9.201345337256257e-07,mle,-0.02744462801352457,0.8575274487814757,ok,True,True,extraction,
xom,6251,2024-11-07,5739,6250,512,-1.7303090571060926,linear,52,0,52,52,0,52,0.1,0.1015625,0.1015625,0.9219191364109689,9.219191364109688e-07,mle,-0.02744462801352457,0.8575274487814757,ok,True,True,extraction,
xom,6252,2024-11-08,5740,6251,512,-1.7303090571060926,linear,52,0,52,52,0,52,0.1,0.1015625,0.1015625,0.9262163317088086,9.262163317088086e-07,mle,-0.02744462801352457,0.8575274487814757,ok,True,True,extraction,
xom,6253,2024-11-11,5741,6252,512,-1.7303090571060926,linear,52,0,52,52,0,52,0.1,0.1015625,0.1015625,0.9201345337256257,9.201345337256257e-07,mle,-0.02744462801352457,0.8575274487814757,ok,True,True,extraction,
xom,6254,2024-11-12,5742,6253,512,-1.7303090571060926,linear,52,0,52,52,0,52,0.1,0.1015625,0.1015625,0.9102421361964246,9.102421361964246e-07,mle,-0.02744462801352457,0.8575274487814757,ok,True,True,extraction,
xom,6255,2024-11-13,5743,6254,512,-1.7303090571060926,linear,52,0,52,52,0,52,0.1,0.1015625,0.1015625,0.9045401175999119,9.045401175999119e-07,mle,-0.02744462801352457,0.8575274487814757,ok,True,True,extraction,
xom,6256,2024-11-14,5744,6255,512,-1.7303090571060926,linear,52,0,52,52,0,52,0.1,0.1015625,0.1015625,0.9045401175999119,9.045401175999119e-07,mle,-0.02744462801352457,0.8575274487814757,ok,True,True,extraction,
xom,6257,2024-11-15,5745,6256,512,-1.7303090571060926,linear,52,0,52,52,0,52,0.1,0.1015625,0.1015625,0.9034218318950471,9.03421831895047e-07,mle,-0.02744462801352457,0.8575274487814757,ok,True,True,extraction,
xom,6258,2024-11-18,5746,6257,512,-1.7182860219127951,linear,52,0,52,52,0,52,0.1,0.1015625,0.1015625,0.9034218318950471,9.03421831895047e-07,mle,-0.02708415608571961,0.8625321505444674,ok,True,True,extraction,
xom,6259,2024-11-19,5747,6258,512,-1.7182860219127951,linear,52,0,52,52,0,52,0.1,0.1015625,0.1015625,0.8996434738394661,8.996434738394661e-07,mle,-0.02708415608571961,0.8625321505444674,ok,True,True,extraction,
xom,6260,2024-11-20,5748,6259,512,-1.7182860219127951,linear,52,0,52,52,0,52,0.1,0.1015625,0.1015625,0.8987195890590702,8.987195890590702e-07,mle,-0.02708415608571961,0.8625321505444674,ok,True,True,extraction,
xom,6261,2024-11-21,5749,6260,512,-1.7182860219127951,linear,52,0,52,52,0,52,0.1,0.1015625,0.1015625,0.8987195890590702,8.987195890590702e-07,mle,-0.02708415608571961,0.8625321505444674,ok,True,True,extraction,
xom,6262,2024-11-22,5750,6261,512,-1.7182860219127951,linear,52,0,52,52,0,52,0.1,0.1015625,0.1015625,0.9005963033423858,9.005963033423858e-07,mle,-0.02708415608571961,0.8625321505444674,ok,True,True,extraction,
xom,6263,2024-11-25,5751,6262,512,-1.6957225985682707,linear,52,0,52,52,0,52,0.1,0.1015625,0.1015625,0.8987195890590702,8.987195890590702e-07,mle,-0.048110207624742204,0.8460891954880001,ok,True,True,extraction,
xom,6264,2024-11-26,5752,6263,512,-1.6957225985682707,linear,52,0,52,52,0,52,0.1,0.1015625,0.1015625,0.8982428749922753,8.982428749922752e-07,mle,-0.048110207624742204,0.8460891954880001,ok,True,True,extraction,
xom,6265,2024-11-27,5753,6264,512,-1.6957225985682707,linear,52,0,52,52,0,52,0.1,0.1015625,0.1015625,0.8985545029776527,8.985545029776527e-07,mle,-0.048110207624742204,0.8460891954880001,ok,True,True,extraction,
xom,6266,2024-11-29,5754,6265,512,-1.6957225985682707,linear,52,0,52,52,0,52,0.1,0.1015625,0.1015625,0.8985545029776527,8.985545029776527e-07,mle,-0.048110207624742204,0.8460891954880001,ok,True,True,extraction,
xom,6267,2024-12-02,5755,6266,512,-1.6957225985682707,linear,52,0,52,52,0,52,0.1,0.1015625,0.1015625,0.8985545029776527,8.985545029776527e-07,mle,-0.048110207624742204,0.8460891954880001,ok,True,True,extraction,
xom,6268,2024-12-03,5756,6267,512,-1.6957225985682707,linear,52,0,52,52,0,52,0.1,0.1015625,0.1015625,0.8955327142584959,8.955327142584958e-07,mle,-0.048110207624742204,0.8460891954880001,ok,True,True,extraction,
xom,6269,2024-12-04,5757,6268,512,-1.6957225985682707,linear,52,0,52,52,0,52,0.1,0.1015625,0.1015625,0.8949750099749634,8.949750099749633e-07,mle,-0.048110207624742204,0.8460891954880001,ok,True,True,extraction,
xom,6270,2024-12-05,5758,6269,512,-1.7182860219127951,linear,52,0,52,52,0,52,0.1,0.1015625,0.1015625,0.8981351193778879,8.981351193778879e-07,mle,-0.06765307414368191,0.8634245951696502,ok,True,True,extraction,
xom,6271,2024-12-06,5759,6270,512,-1.7182860219127951,linear,52,0,52,52,0,52,0.1,0.1015625,0.1015625,0.8955327142584959,8.955327142584958e-07,mle,-0.06765307414368191,0.8634245951696502,ok,True,True,extraction,
xom,6272,2024-12-09,5760,6271,512,-1.7182860219127951,linear,52,0,52,52,0,52,0.1,0.1015625,0.1015625,0.8949750099749634,8.949750099749633e-07,mle,-0.06765307414368191,0.8634245951696502,ok,True,True,extraction,
xom,6273,2024-12-10,5761,6272,512,-1.7182860219127951,linear,52,0,52,52,0,52,0.1,0.1015625,0.1015625,0.8949750099749634,8.949750099749633e-07,mle,-0.06765307414368191,0.8634245951696502,ok,True,True,extraction,
xom,6274,2024-12-11,5762,6273,512,-1.7182860219127951,linear,52,0,52,52,0,52,0.1,0.1015625,0.1015625,0.8949750099749634,8.949750099749633e-07,mle,-0.06765307414368191,0.8634245951696502,ok,True,True,extraction,
xom,6275,2024-12-12,5763,6274,512,-1.6957225985682707,linear,52,0,52,52,0,52,0.1,0.1015625,0.1015625,0.8920633576790931,8.920633576790931e-07,mle,-0.04518698161491383,0.841149813649426,ok,True,True,extraction,
xom,6276,2024-12-13,5764,6275,512,-1.6957225985682707,linear,52,0,52,52,0,52,0.1,0.1015625,0.1015625,0.8889976926997567,8.889976926997567e-07,mle,-0.04518698161491383,0.841149813649426,ok,True,True,extraction,
xom,6277,2024-12-16,5765,6276,512,-1.6957225985682707,linear,52,0,52,52,0,52,0.1,0.1015625,0.1015625,0.8895184146514403,8.895184146514402e-07,mle,-0.04518698161491383,0.841149813649426,ok,True,True,extraction,
xom,6278,2024-12-17,5766,6277,512,-1.7182860219127951,linear,52,0,52,52,0,52,0.1,0.1015625,0.1015625,0.8904185569646292,8.904185569646292e-07,mle,-0.027422384865759042,0.8125952938770726,ok,True,True,extraction,
xom,6279,2024-12-18,5767,6278,512,-1.7182860219127951,linear,52,0,52,52,0,52,0.1,0.1015625,0.1015625,0.8904185569646292,8.904185569646292e-07,mle,-0.027422384865759042,0.8125952938770726,ok,True,True,extraction,
xom,6280,2024-12-19,5768,6279,512,-1.6957225985682707,linear,52,0,52,52,0,52,0.1,0.1015625,0.1015625,0.8904185569646292,8.904185569646292e-07,mle,-0.013156838567430967,0.8029655199960763,ok,True,True,extraction,
xom,6281,2024-12-20,5769,6280,512,-1.6841492135878164,linear,52,0,52,52,0,52,0.1,0.1015625,0.1015625,0.8895184146514403,8.895184146514402e-07,mle,0.03242543782419553,0.7571143341982348,ok,True,True,extraction,
xom,6282,2024-12-23,5770,6281,512,-1.6841492135878164,linear,52,0,52,52,0,52,0.1,0.1015625,0.1015625,0.8912576597894921,8.912576597894921e-07,mle,0.03242543782419553,0.7571143341982348,ok,True,True,extraction,
xom,6283,2024-12-24,5771,6282,512,-1.6841492135878164,linear,52,0,52,52,0,52,0.1,0.1015625,0.1015625,0.8912576597894921,8.912576597894921e-07,mle,0.03242543782419553,0.7571143341982348,ok,True,True,extraction,
xom,6284,2024-12-26,5772,6283,512,-1.6841492135878164,linear,52,0,52,52,0,52,0.1,0.1015625,0.1015625,0.8946737331446979,8.946737331446979e-07,mle,0.03242543782419553,0.7571143341982348,ok,True,True,extraction,
xom,6285,2024-12-27,5773,6284,512,-1.6841492135878164,linear,52,0,52,52,0,52,0.1,0.1015625,0.1015625,0.8920633576790931,8.920633576790931e-07,mle,0.03242543782419553,0.7571143341982348,ok,True,True,extraction,
xom,6286,2024-12-30,5774,6285,512,-1.6841492135878164,linear,52,0,52,52,0,52,0.1,0.1015625,0.1015625,0.8882014251357997,8.882014251357996e-07,mle,0.03242543782419553,0.7571143341982348,ok,True,True,extraction,
xom,6287,2024-12-31,5775,6286,512,-1.6841492135878164,linear,52,0,52,52,0,52,0.1,0.1015625,0.1015625,0.8882014251357997,8.882014251357996e-07,mle,0.03242543782419553,0.7571143341982348,ok,True,True,extraction,
xom,6288,2025-01-02,5776,6287,512,-1.6841492135878164,linear,52,0,52,52,0,52,0.1,0.1015625,0.1015625,0.8911759580988838,8.911759580988838e-07,mle,0.03242543782419553,0.7571143341982348,ok,True,True,extraction,
xom,6289,2025-01-03,5777,6288,512,-1.6841492135878164,linear,52,0,52,52,0,52,0.1,0.1015625,0.1015625,0.8911759580988838,8.911759580988838e-07,mle,0.03242543782419553,0.7571143341982348,ok,True,True,extraction,
xom,6290,2025-01-06,5778,6289,512,-1.6841492135878164,linear,52,0,52,52,0,52,0.1,0.1015625,0.1015625,0.8911759580988838,8.911759580988838e-07,mle,0.03242543782419553,0.7571143341982348,ok,True,True,extraction,
xom,6291,2025-01-07,5779,6290,512,-1.6841492135878164,linear,52,0,52,52,0,52,0.1,0.1015625,0.1015625,0.8873140255555905,8.873140255555904e-07,mle,0.03242543782419553,0.7571143341982348,ok,True,True,extraction,
xom,6292,2025-01-08,5780,6291,512,-1.6841492135878164,linear,52,0,52,52,0,52,0.1,0.1015625,0.1015625,0.8873140255555905,8.873140255555904e-07,mle,0.03242543782419553,0.7571143341982348,ok,True,True,extraction,
xom,6293,2025-01-10,5781,6292,512,-1.6841492135878164,linear,52,0,52,52,0,52,0.1,0.1015625,0.1015625,0.8873140255555905,8.873140255555904e-07,mle,0.07140986454719428,0.7213104243704589,ok,True,True,extraction,
xom,6294,2025-01-13,5782,6293,512,-1.6841492135878164,linear,52,0,52,52,0,52,0.1,0.1015625,0.1015625,0.8808239943336507,8.808239943336506e-07,mle,0.07140986454719428,0.7213104243704589,ok,True,True,extraction,
xom,6295,2025-01-14,5783,6294,512,-1.6841492135878164,linear,52,0,52,52,0,52,0.1,0.1015625,0.1015625,0.8808239943336507,8.808239943336506e-07,mle,0.07140986454719428,0.7213104243704589,ok,True,True,extraction,
xom,6296,2025-01-15,5784,6295,512,-1.6841492135878164,linear,52,0,52,52,0,52,0.1,0.1015625,0.1015625,0.876137586479752,8.76137586479752e-07,mle,0.07140986454719428,0.7213104243704589,ok,True,True,extraction,
xom,6297,2025-01-16,5785,6296,512,-1.6841492135878164,linear,52,0,52,52,0,52,0.1,0.1015625,0.1015625,0.8820906264973519,8.820906264973519e-07,mle,0.07140986454719428,0.7213104243704589,ok,True,True,extraction,
xom,6298,2025-01-17,5786,6297,512,-1.6841492135878164,linear,52,0,52,52,0,52,0.1,0.1015625,0.1015625,0.8765931755324388,8.765931755324387e-07,mle,0.07140986454719428,0.7213104243704589,ok,True,True,extraction,
xom,6299,2025-01-21,5787,6298,512,-1.6836756678399436,linear,52,0,52,52,0,52,0.1,0.1015625,0.1015625,0.876137586479752,8.76137586479752e-07,mle,0.15922821376399016,0.6287170438240295,ok,True,True,extraction,
xom,6300,2025-01-22,5788,6299,512,-1.6836756678399436,linear,52,0,52,52,0,52,0.1,0.1015625,0.1015625,0.8765931755324388,8.765931755324387e-07,mle,0.15922821376399016,0.6287170438240295,ok,True,True,extraction,
xom,6301,2025-01-23,5789,6300,512,-1.6841492135878164,linear,52,0,52,52,0,52,0.1,0.1015625,0.1015625,0.8786915856800734,8.786915856800734e-07,mle,0.14926575488521562,0.6361532619942927,ok,True,True,extraction,
xom,6302,2025-01-24,5790,6301,512,-1.6841492135878164,linear,52,0,52,52,0,52,0.1,0.1015625,0.1015625,0.8782625411826617,8.782625411826616e-07,mle,0.14926575488521562,0.6361532619942927,ok,True,True,extraction,
xom,6303,2025-01-27,5791,6302,512,-1.6836756678399436,linear,52,0,52,52,0,52,0.1,0.1015625,0.1015625,0.8782625411826617,8.782625411826616e-07,mle,0.178780860240451,0.6138705188500243,ok,True,True,extraction,
xom,6304,2025-01-28,5792,6303,512,-1.6836756678399436,linear,52,0,52,52,0,52,0.1,0.1015625,0.1015625,0.8782625411826617,8.782625411826616e-07,mle,0.178780860240451,0.6138705188500243,ok,True,True,extraction,
xom,6305,2025-01-29,5793,6304,512,-1.6841492135878164,linear,52,0,52,52,0,52,0.1,0.1015625,0.1015625,0.8754158594229469,8.754158594229468e-07,mle,0.14041749504836712,0.6433035578864232,ok,True,True,extraction,
xom,6306,2025-01-30,5794,6305,512,-1.6841492135878164,linear,52,0,52,52,0,52,0.1,0.1015625,0.1015625,0.8745284598427376,8.745284598427376e-07,mle,0.14041749504836712,0.6433035578864232,ok,True,True,extraction,
xom,6307,2025-01-31,5795,6306,512,-1.6841492135878164,linear,52,0,52,52,0,52,0.1,0.1015625,0.1015625,0.8765931119088863,8.765931119088863e-07,mle,0.14041749504836712,0.6433035578864232,ok,True,True,extraction,
xom,6308,2025-02-03,5796,6307,512,-1.6873684906592716,linear,52,0,52,52,0,52,0.1,0.1015625,0.1015625,0.8782625411826617,8.782625411826616e-07,mle,0.07449086944948224,0.7012613075234535,ok,True,True,extraction,
xom,6309,2025-02-04,5797,6308,512,-1.6841492135878164,linear,52,0,52,52,0,52,0.1,0.1015625,0.1015625,0.873576133328763,8.73576133328763e-07,mle,0.10869931688159098,0.6729945294652568,ok,True,True,extraction,
xom,6310,2025-02-05,5798,6309,512,-1.6841492135878164,linear,52,0,52,52,0,52,0.1,0.1015625,0.1015625,0.8740317223814498,8.740317223814497e-07,mle,0.10869931688159098,0.6729945294652568,ok,True,True,extraction,
xom,6311,2025-02-06,5799,6310,512,-1.6841492135878164,linear,52,0,52,52,0,52,0.1,0.1015625,0.1015625,0.8765931119088863,8.765931119088863e-07,mle,0.10869931688159098,0.6729945294652568,ok,True,True,extraction,
xom,6312,2025-02-07,5800,6311,512,-1.6841492135878164,linear,52,0,52,52,0,52,0.1,0.1015625,0.1015625,0.8782625411826617,8.782625411826616e-07,mle,0.10869931688159098,0.6729945294652568,ok,True,True,extraction,
xom,6313,2025-02-10,5801,6312,512,-1.6841492135878164,linear,52,0,52,52,0,52,0.1,0.1015625,0.1015625,0.8765931119088863,8.765931119088863e-07,mle,0.10869931688159098,0.6729945294652568,ok,True,True,extraction,
xom,6314,2025-02-11,5802,6313,512,-1.6841492135878164,linear,52,0,52,52,0,52,0.1,0.1015625,0.1015625,0.8740317223814498,8.740317223814497e-07,mle,0.10869931688159098,0.6729945294652568,ok,True,True,extraction,
xom,6315,2025-02-12,5803,6314,512,-1.6841492135878164,linear,52,0,52,52,0,52,0.1,0.1015625,0.1015625,0.873576133328763,8.73576133328763e-07,mle,0.10869931688159098,0.6729945294652568,ok,True,True,extraction,
xom,6316,2025-02-13,5804,6315,512,-1.6841492135878164,linear,52,0,52,52,0,52,0.1,0.1015625,0.1015625,0.873576133328763,8.73576133328763e-07,mle,0.03864049320183256,0.7458695821211525,ok,True,True,extraction,
xom,6317,2025-02-14,5805,6316,512,-1.6836756678399436,linear,52,0,52,52,0,52,0.1,0.1015625,0.1015625,0.8701770925114847,8.701770925114846e-07,mle,0.04996136243692936,0.7358352580833518,ok,True,True,extraction,
xom,6318,2025-02-18,5806,6317,512,-1.6836756678399436,linear,52,0,52,52,0,52,0.1,0.1015625,0.1015625,0.8682177632976356,8.682177632976355e-07,mle,0.04996136243692936,0.7358352580833518,ok,True,True,extraction,
xom,6319,2025-02-19,5807,6318,512,-1.6836756678399436,linear,52,0,52,52,0,52,0.1,0.1015625,0.1015625,0.8656435954894465,8.656435954894464e-07,mle,0.04996136243692936,0.7358352580833518,ok,True,True,extraction,
xom,6320,2025-02-20,5808,6319,512,-1.6810458379691917,linear,52,0,52,52,0,52,0.1,0.1015625,0.1015625,0.8637981264708097,8.637981264708097e-07,mle,0.1360540443889177,0.6501927591242868,ok,True,True,extraction,
xom,6321,2025-02-21,5809,6320,512,-1.6810458379691917,linear,52,0,52,52,0,52,0.1,0.1015625,0.1015625,0.8656435954894465,8.656435954894464e-07,mle,0.1360540443889177,0.6501927591242868,ok,True,True,extraction,
xom,6322,2025-02-24,5810,6321,512,-1.6810458379691917,linear,52,0,52,52,0,52,0.1,0.1015625,0.1015625,0.8660726399868584,8.660726399868583e-07,mle,0.1360540443889177,0.6501927591242868,ok,True,True,extraction,
xom,6323,2025-02-25,5811,6322,512,-1.6810458379691917,linear,52,0,52,52,0,52,0.1,0.1015625,0.1015625,0.8656435954894465,8.656435954894464e-07,mle,0.1360540443889177,0.6501927591242868,ok,True,True,extraction,
xom,6324,2025-02-26,5812,6323,512,-1.6810458379691917,linear,52,0,52,52,0,52,0.1,0.1015625,0.1015625,0.8656435954894465,8.656435954894464e-07,mle,0.1360540443889177,0.6501927591242868,ok,True,True,extraction,
xom,6325,2025-02-27,5813,6324,512,-1.6810458379691917,linear,52,0,52,52,0,52,0.1,0.1015625,0.1015625,0.8656435954894465,8.656435954894464e-07,mle,0.1360540443889177,0.6501927591242868,ok,True,True,extraction,
xom,6326,2025-02-28,5814,6325,512,-1.6810458379691917,linear,52,0,52,52,0,52,0.1,0.1015625,0.1015625,0.8641133107730092,8.641133107730092e-07,mle,0.1360540443889177,0.6501927591242868,ok,True,True,extraction,
xom,6327,2025-03-03,5815,6326,512,-1.6810458379691917,linear,52,0,52,52,0,52,0.1,0.1015625,0.1015625,0.8656435954894465,8.656435954894464e-07,mle,0.1360540443889177,0.6501927591242868,ok,True,True,extraction,
xom,6328,2025-03-04,5816,6327,512,-1.6836756678399436,linear,52,0,52,52,0,52,0.1,0.1015625,0.1015625,0.8656435954894465,8.656435954894464e-07,mle,0.050272486175737624,0.7371184095855093,ok,True,True,extraction,
xom,6329,2025-03-05,5817,6328,512,-1.6836756678399436,linear,52,0,52,52,0,52,0.1,0.1015625,0.1015625,0.8656435954894465,8.656435954894464e-07,mle,0.050272486175737624,0.7371184095855093,ok,True,True,extraction,
xom,6330,2025-03-06,5818,6329,512,-1.6841492135878164,linear,52,0,52,52,0,52,0.1,0.1015625,0.1015625,0.8660726399868584,8.660726399868583e-07,mle,0.02015494916254732,0.7649427780249451,ok,True,True,extraction,
xom,6331,2025-03-07,5819,6330,512,-1.6836756678399436,linear,52,0,52,52,0,52,0.1,0.1015625,0.1015625,0.8660726399868584,8.660726399868583e-07,mle,0.0841427981821597,0.677365308643501,ok,True,True,extraction,
xom,6332,2025-03-10,5820,6331,512,-1.6836756678399436,linear,52,0,52,52,0,52,0.1,0.1015625,0.1015625,0.8678359866930653,8.678359866930652e-07,mle,0.0841427981821597,0.677365308643501,ok,True,True,extraction,
xom,6333,2025-03-11,5821,6332,512,-1.6836756678399436,linear,52,0,52,52,0,52,0.1,0.1015625,0.1015625,0.8626642842265144,8.626642842265143e-07,mle,0.0841427981821597,0.677365308643501,ok,True,True,extraction,
xom,6334,2025-03-12,5822,6333,512,-1.6841492135878164,linear,52,0,52,52,0,52,0.1,0.1015625,0.1015625,0.8678359866930653,8.678359866930652e-07,mle,0.024787606049594527,0.732653684429441,ok,True,True,extraction,
xom,6335,2025-03-13,5823,6334,512,-1.6841492135878164,linear,52,0,52,52,0,52,0.1,0.1015625,0.1015625,0.8678359866930653,8.678359866930652e-07,mle,0.024787606049594527,0.732653684429441,ok,True,True,extraction,
xom,6336,2025-03-14,5824,6335,512,-1.6841492135878164,linear,52,0,52,52,0,52,0.1,0.1015625,0.1015625,0.8678359866930653,8.678359866930652e-07,mle,0.024787606049594527,0.732653684429441,ok,True,True,extraction,
xom,6337,2025-03-17,5825,6336,512,-1.6841492135878164,linear,52,0,52,52,0,52,0.1,0.1015625,0.1015625,0.8699505830124112,8.699505830124112e-07,mle,0.024787606049594527,0.732653684429441,ok,True,True,extraction,
xom,6338,2025-03-18,5826,6337,512,-1.6841492135878164,linear,52,0,52,52,0,52,0.1,0.1015625,0.1015625,0.8754913474263324,8.754913474263323e-07,mle,0.024787606049594527,0.732653684429441,ok,True,True,extraction,
xom,6339,2025-03-19,5827,6338,512,-1.6841492135878164,linear,52,0,52,52,0,52,0.1,0.1015625,0.1015625,0.8754913474263324,8.754913474263323e-07,mle,0.024787606049594527,0.732653684429441,ok,True,True,extraction,
xom,6340,2025-03-20,5828,6339,512,-1.6841492135878164,linear,52,0,52,52,0,52,0.1,0.1015625,0.1015625,0.8754913474263324,8.754913474263323e-07,mle,0.024787606049594527,0.732653684429441,ok,True,True,extraction,
xom,6341,2025-03-21,5829,6340,512,-1.6841492135878164,linear,52,0,52,52,0,52,0.1,0.1015625,0.1015625,0.8754913474263324,8.754913474263323e-07,mle,0.024787606049594527,0.732653684429441,ok,True,True,extraction,
xom,6342,2025-03-24,5830,6341,512,-1.6836756678399436,linear,52,0,52,52,0,52,0.1,0.1015625,0.1015625,0.8715308060524302,8.715308060524302e-07,mle,0.05026017455001101,0.7094419681216579,ok,True,True,extraction,
xom,6343,2025-03-25,5831,6342,512,-1.6836756678399436,linear,52,0,52,52,0,52,0.1,0.1015625,0.1015625,0.8624821308220514,8.624821308220514e-07,mle,0.05026017455001101,0.7094419681216579,ok,True,True,extraction,
xom,6344,2025-03-26,5832,6343,512,-1.6836756678399436,linear,52,0,52,52,0,52,0.1,0.1015625,0.1015625,0.8624821308220514,8.624821308220514e-07,mle,0.05026017455001101,0.7094419681216579,ok,True,True,extraction,
xom,6345,2025-03-27,5833,6344,512,-1.6836756678399436,linear,52,0,52,52,0,52,0.1,0.1015625,0.1015625,0.8603047501583725,8.603047501583724e-07,mle,0.05026017455001101,0.7094419681216579,ok,True,True,extraction,
xom,6346,2025-03-28,5834,6345,512,-1.6836756678399436,linear,52,0,52,52,0,52,0.1,0.1015625,0.1015625,0.8541934807872735,8.541934807872735e-07,mle,0.05026017455001101,0.7094419681216579,ok,True,True,extraction,
xom,6347,2025-03-31,5835,6346,512,-1.6836756678399436,linear,52,0,52,52,0,52,0.1,0.1015625,0.1015625,0.8567982972219585,8.567982972219585e-07,mle,0.05026017455001101,0.7094419681216579,ok,True,True,extraction,
xom,6348,2025-04-01,5836,6347,512,-1.6810458379691917,linear,52,0,52,52,0,52,0.1,0.1015625,0.1015625,0.8541934807872735,8.541934807872735e-07,mle,-0.038329796443027725,0.7098113954463092,ok,True,True,extraction,
xom,6349,2025-04-02,5837,6348,512,-1.6810458379691917,linear,52,0,52,52,0,52,0.1,0.1015625,0.1015625,0.8564013595132207,8.564013595132207e-07,mle,-0.038329796443027725,0.7098113954463092,ok,True,True,extraction,
xom,6350,2025-04-03,5838,6349,512,-1.6810458379691917,linear,52,0,52,52,0,52,0.1,0.1015625,0.1015625,0.8538778805396297,8.538778805396297e-07,mle,-0.038329796443027725,0.7098113954463092,ok,True,True,extraction,
xom,6351,2025-04-04,5839,6350,512,-1.6836756678399436,linear,52,0,52,52,0,52,0.1,0.1015625,0.1015625,0.8490005009202226,8.490005009202226e-07,mle,0.08052513525599034,0.6928033774576684,ok,True,True,extraction,
xom,6352,2025-04-07,5840,6351,512,-1.6841492135878164,linear,52,0,52,52,0,52,0.1,0.1015625,0.1015625,0.8493808019425377,8.493808019425377e-07,mle,0.22343541025034475,0.6766423434395104,ok,True,True,extraction,
xom,6353,2025-04-08,5841,6352,512,-1.6836756678399436,linear,52,0,52,52,0,52,0.1,0.1015625,0.1015625,0.8493808019425377,8.493808019425377e-07,mle,0.2732930734745793,0.6309401125503593,ok,True,True,extraction,
xom,6354,2025-04-09,5842,6353,512,-1.6841492135878164,linear,52,0,52,52,0,52,0.1,0.1015625,0.1015625,0.8493808019425377,8.493808019425377e-07,mle,0.2326560754258824,0.666720766836427,ok,True,True,extraction,
xom,6355,2025-04-10,5843,6354,512,-1.6841492135878164,linear,52,0,52,52,0,52,0.1,0.1015625,0.1015625,0.8567982972219585,8.567982972219585e-07,mle,0.2326560754258824,0.666720766836427,ok,True,True,extraction,
xom,6356,2025-04-11,5844,6355,512,-1.6873684906592716,linear,52,0,52,52,0,52,0.1,0.1015625,0.1015625,0.8570239647564796,8.570239647564795e-07,mle,0.24333929362476103,0.7162542567509046,ok,True,True,extraction,
xom,6357,2025-04-14,5845,6356,512,-1.6873684906592716,linear,52,0,52,52,0,52,0.1,0.1015625,0.1015625,0.8570239647564796,8.570239647564795e-07,mle,0.24333929362476103,0.7162542567509046,ok,True,True,extraction,
xom,6358,2025-04-15,5846,6357,512,-1.6873684906592716,linear,52,0,52,52,0,52,0.1,0.1015625,0.1015625,0.8531143802935164,8.531143802935163e-07,mle,0.24333929362476103,0.7162542567509046,ok,True,True,extraction,
xom,6359,2025-04-16,5847,6358,512,-1.6873684906592716,linear,52,0,52,52,0,52,0.1,0.1015625,0.1015625,0.8550646355426306,8.550646355426305e-07,mle,0.24333929362476103,0.7162542567509046,ok,True,True,extraction,
xom,6360,2025-04-17,5848,6359,512,-1.6873684906592716,linear,52,0,52,52,0,52,0.1,0.1015625,0.1015625,0.8582860827600673,8.582860827600674e-07,mle,0.24333929362476103,0.7162542567509046,ok,True,True,extraction,
xom,6361,2025-04-21,5849,6360,512,-1.6873684906592716,linear,52,0,52,52,0,52,0.1,0.1015625,0.1015625,0.8582860827600673,8.582860827600674e-07,mle,0.24333929362476103,0.7162542567509046,ok,True,True,extraction,
xom,6362,2025-04-22,5850,6361,512,-1.6873684906592716,linear,52,0,52,52,0,52,0.1,0.1015625,0.1015625,0.8582860827600673,8.582860827600674e-07,mle,0.24333929362476103,0.7162542567509046,ok,True,True,extraction,
xom,6363,2025-04-23,5851,6362,512,-1.6873684906592716,linear,52,0,52,52,0,52,0.1,0.1015625,0.1015625,0.8582860827600673,8.582860827600674e-07,mle,0.24333929362476103,0.7162542567509046,ok,True,True,extraction,
xom,6364,2025-04-24,5852,6363,512,-1.6873684906592716,linear,52,0,52,52,0,52,0.1,0.1015625,0.1015625,0.8582860827600673,8.582860827600674e-07,mle,0.24333929362476103,0.7162542567509046,ok,True,True,extraction,
xom,6365,2025-04-25,5853,6364,512,-1.6873684906592716,linear,52,0,52,52,0,52,0.1,0.1015625,0.1015625,0.8624821308220514,8.624821308220514e-07,mle,0.24333929362476103,0.7162542567509046,ok,True,True,extraction,
xom,6366,2025-04-28,5854,6365,512,-1.6873684906592716,linear,52,0,52,52,0,52,0.1,0.1015625,0.1015625,0.8657035780394882,8.657035780394881e-07,mle,0.24333929362476103,0.7162542567509046,ok,True,True,extraction,
xom,6367,2025-04-29,5855,6366,512,-1.6873684906592716,linear,52,0,52,52,0,52,0.1,0.1015625,0.1015625,0.8624821308220514,8.624821308220514e-07,mle,0.24333929362476103,0.7162542567509046,ok,True,True,extraction,
xom,6368,2025-04-30,5856,6367,512,-1.6873684906592716,linear,52,0,52,52,0,52,0.1,0.1015625,0.1015625,0.8657035780394882,8.657035780394881e-07,mle,0.24333929362476103,0.7162542567509046,ok,True,True,extraction,
xom,6369,2025-05-01,5857,6368,512,-1.696077932827795,linear,52,0,52,52,0,52,0.1,0.1015625,0.1015625,0.8715308060524302,8.715308060524302e-07,mle,0.2105430013201197,0.7496862877251383,ok,True,True,extraction,
xom,6370,2025-05-02,5858,6369,512,-1.696077932827795,linear,52,0,52,52,0,52,0.1,0.1015625,0.1015625,0.8657035780394882,8.657035780394881e-07,mle,0.2105430013201197,0.7496862877251383,ok,True,True,extraction,
xom,6371,2025-05-05,5859,6370,512,-1.696077932827795,linear,52,0,52,52,0,52,0.1,0.1015625,0.1015625,0.8582860827600673,8.582860827600674e-07,mle,0.2105430013201197,0.7496862877251383,ok,True,True,extraction,
xom,6372,2025-05-06,5860,6371,512,-1.7182860219127951,linear,52,0,52,52,0,52,0.1,0.1015625,0.1015625,0.8657035780394882,8.657035780394881e-07,mle,0.2018183985922,0.7565796758398271,ok,True,True,extraction,
xom,6373,2025-05-07,5861,6372,512,-1.7182860219127951,linear,52,0,52,52,0,52,0.1,0.1015625,0.1015625,0.8699505830124112,8.699505830124112e-07,mle,0.2018183985922,0.7565796758398271,ok,True,True,extraction,
xom,6374,2025-05-08,5862,6373,512,-1.7182860219127951,linear,52,0,52,52,0,52,0.1,0.1015625,0.1015625,0.8715308060524302,8.715308060524302e-07,mle,0.2018183985922,0.7565796758398271,ok,True,True,extraction,
xom,6375,2025-05-09,5863,6374,512,-1.7182860219127951,linear,52,0,52,52,0,52,0.1,0.1015625,0.1015625,0.8715308060524302,8.715308060524302e-07,mle,0.2018183985922,0.7565796758398271,ok,True,True,extraction,
xom,6376,2025-05-12,5864,6375,512,-1.7182860219127951,linear,52,0,52,52,0,52,0.1,0.1015625,0.1015625,0.8699505830124112,8.699505830124112e-07,mle,0.2018183985922,0.7565796758398271,ok,True,True,extraction,
xom,6377,2025-05-13,5865,6376,512,-1.7182860219127951,linear,52,0,52,52,0,52,0.1,0.1015625,0.1015625,0.8664426721959535,8.664426721959534e-07,mle,0.2018183985922,0.7565796758398271,ok,True,True,extraction,
xom,6378,2025-05-14,5866,6377,512,-1.7182860219127951,linear,52,0,52,52,0,52,0.1,0.1015625,0.1015625,0.8624821308220514,8.624821308220514e-07,mle,0.2018183985922,0.7565796758398271,ok,True,True,extraction,
xom,6379,2025-05-15,5867,6378,512,-1.7182860219127951,linear,52,0,52,52,0,52,0.1,0.1015625,0.1015625,0.8624821308220514,8.624821308220514e-07,mle,0.2018183985922,0.7565796758398271,ok,True,True,extraction,
xom,6380,2025-05-16,5868,6379,512,-1.696077932827795,linear,52,0,52,52,0,52,0.1,0.1015625,0.1015625,0.8624821308220514,8.624821308220514e-07,mle,0.21336168039594275,0.7417470510731368,ok,True,True,extraction,
xom,6381,2025-05-19,5869,6380,512,-1.6873684906592716,linear,52,0,52,52,0,52,0.1,0.1015625,0.1015625,0.8567982972219585,8.567982972219585e-07,mle,0.240581751843429,0.6891281723285536,ok,True,True,extraction,
xom,6382,2025-05-20,5870,6381,512,-1.6841492135878164,linear,52,0,52,52,0,52,0.1,0.1015625,0.1015625,0.8567982972219585,8.567982972219585e-07,mle,0.26025921385550405,0.6719129888778897,ok,True,True,extraction,
xom,6383,2025-05-21,5871,6382,512,-1.6836756678399436,linear,52,0,52,52,0,52,0.1,0.1015625,0.1015625,0.8567982972219585,8.567982972219585e-07,mle,0.26842946419540753,0.6649765608628192,ok,True,True,extraction,
xom,6384,2025-05-22,5872,6383,512,-1.6836756678399436,linear,52,0,52,52,0,52,0.1,0.1015625,0.1015625,0.8570239647564796,8.570239647564795e-07,mle,0.26842946419540753,0.6649765608628192,ok,True,True,extraction,
xom,6385,2025-05-23,5873,6384,512,-1.6836756678399436,linear,52,0,52,52,0,52,0.1,0.1015625,0.1015625,0.8582860827600673,8.582860827600674e-07,mle,0.26842946419540753,0.6649765608628192,ok,True,True,extraction,
xom,6386,2025-05-27,5874,6385,512,-1.6836756678399436,linear,52,0,52,52,0,52,0.1,0.1015625,0.1015625,0.8574638900219071,8.574638900219072e-07,mle,0.26842946419540753,0.6649765608628192,ok,True,True,extraction,
xom,6387,2025-05-28,5875,6386,512,-1.6836756678399436,linear,52,0,52,52,0,52,0.1,0.1015625,0.1015625,0.8493808019425377,8.493808019425377e-07,mle,0.26842946419540753,0.6649765608628192,ok,True,True,extraction,
xom,6388,2025-05-29,5876,6387,512,-1.6810458379691917,linear,52,0,52,52,0,52,0.1,0.1015625,0.1015625,0.8493808019425377,8.493808019425377e-07,mle,0.2778849437500592,0.6579238931756,ok,True,True,extraction,
xom,6389,2025-05-30,5877,6388,512,-1.6810458379691917,linear,52,0,52,52,0,52,0.1,0.1015625,0.1015625,0.8490005009202226,8.490005009202226e-07,mle,0.2778849437500592,0.6579238931756,ok,True,True,extraction,
xom,6390,2025-06-02,5878,6389,512,-1.6810458379691917,linear,52,0,52,52,0,52,0.1,0.1015625,0.1015625,0.8493808019425377,8.493808019425377e-07,mle,0.2778849437500592,0.6579238931756,ok,True,True,extraction,
xom,6391,2025-06-03,5879,6390,512,-1.6794427658907116,linear,52,0,52,52,0,52,0.1,0.1015625,0.1015625,0.8456930628518476,8.456930628518476e-07,mle,0.33534062813762344,0.6066726188930628,ok,True,True,extraction,
xom,6392,2025-06-04,5880,6391,512,-1.6794427658907116,linear,52,0,52,52,0,52,0.1,0.1015625,0.1015625,0.8444591731001556,8.444591731001556e-07,mle,0.33534062813762344,0.6066726188930628,ok,True,True,extraction,
xom,6393,2025-06-05,5881,6392,512,-1.6794427658907116,linear,52,0,52,52,0,52,0.1,0.1015625,0.1015625,0.8430882464171626,8.430882464171626e-07,mle,0.33534062813762344,0.6066726188930628,ok,True,True,extraction,
xom,6394,2025-06-06,5882,6393,512,-1.6794427658907116,linear,52,0,52,52,0,52,0.1,0.1015625,0.1015625,0.8412901691868533,8.412901691868533e-07,mle,0.33534062813762344,0.6066726188930628,ok,True,True,extraction,
xom,6395,2025-06-09,5883,6394,512,-1.6794427658907116,linear,52,0,52,52,0,52,0.1,0.1015625,0.1015625,0.8430882464171626,8.430882464171626e-07,mle,0.33534062813762344,0.6066726188930628,ok,True,True,extraction,
xom,6396,2025-06-10,5884,6395,512,-1.6794427658907116,linear,52,0,52,52,0,52,0.1,0.1015625,0.1015625,0.8388121047956165,8.388121047956164e-07,mle,0.33534062813762344,0.6066726188930628,ok,True,True,extraction,
xom,6397,2025-06-11,5885,6396,512,-1.6794427658907116,linear,52,0,52,52,0,52,0.1,0.1015625,0.1015625,0.8388121047956165,8.388121047956164e-07,mle,0.33534062813762344,0.6066726188930628,ok,True,True,extraction,
xom,6398,2025-06-12,5886,6397,512,-1.667800170061945,linear,52,0,52,52,0,52,0.1,0.1015625,0.1015625,0.8424998438863066,8.424998438863065e-07,mle,0.3160589806003597,0.6267561842811255,ok,True,True,extraction,
xom,6399,2025-06-13,5887,6398,512,-1.667800170061945,linear,52,0,52,52,0,52,0.1,0.1015625,0.1015625,0.8395927294917915,8.395927294917915e-07,mle,0.3160589806003597,0.6267561842811255,ok,True,True,extraction,
xom,6400,2025-06-16,5888,6399,512,-1.667800170061945,linear,52,0,52,52,0,52,0.1,0.1015625,0.1015625,0.8388233327290355,8.388233327290355e-07,mle,0.3160589806003597,0.6267561842811255,ok,True,True,extraction,
xom,6401,2025-06-17,5889,6400,512,-1.6243373543948298,linear,52,0,52,52,0,52,0.1,0.1015625,0.1015625,0.830574269972449,8.30574269972449e-07,mle,0.22260390954426296,0.7291896602200786,ok,True,True,extraction,
xom,6402,2025-06-18,5890,6401,512,-1.6243373543948298,linear,52,0,52,52,0,52,0.1,0.1015625,0.1015625,0.830574269972449,8.30574269972449e-07,mle,0.22260390954426296,0.7291896602200786,ok,True,True,extraction,
xom,6403,2025-06-20,5891,6402,512,-1.6243373543948298,linear,52,0,52,52,0,52,0.1,0.1015625,0.1015625,0.8246939637487887,8.246939637487886e-07,mle,0.22260390954426296,0.7291896602200786,ok,True,True,extraction,
xom,6404,2025-06-23,5892,6403,512,-1.6243373543948298,linear,52,0,52,52,0,52,0.1,0.1015625,0.1015625,0.830574269972449,8.30574269972449e-07,mle,0.22260390954426296,0.7291896602200786,ok,True,True,extraction,
xom,6405,2025-06-24,5893,6404,512,-1.667800170061945,linear,52,0,52,52,0,52,0.1,0.1015625,0.1015625,0.8388233327290355,8.388233327290355e-07,mle,0.2679997257217235,0.6743568378389587,ok,True,True,extraction,
xom,6406,2025-06-25,5894,6405,512,-1.6794427658907116,linear,52,0,52,52,0,52,0.1,0.1015625,0.1015625,0.8395927294917915,8.395927294917915e-07,mle,0.23325982503815743,0.7143463751013224,ok,True,True,extraction,
xom,6407,2025-06-26,5895,6406,512,-1.6794427658907116,linear,52,0,52,52,0,52,0.1,0.1015625,0.1015625,0.8395927294917915,8.395927294917915e-07,mle,0.23325982503815743,0.7143463751013224,ok,True,True,extraction,
xom,6408,2025-06-27,5896,6407,512,-1.6794427658907116,linear,52,0,52,52,0,52,0.1,0.1015625,0.1015625,0.8463046031926175,8.463046031926174e-07,mle,0.23325982503815743,0.7143463751013224,ok,True,True,extraction,
xom,6409,2025-06-30,5897,6408,512,-1.6794427658907116,linear,52,0,52,52,0,52,0.1,0.1015625,0.1015625,0.8388233327290355,8.388233327290355e-07,mle,0.23325982503815743,0.7143463751013224,ok,True,True,extraction,
xom,6410,2025-07-01,5898,6409,512,-1.6794427658907116,linear,52,0,52,52,0,52,0.1,0.1015625,0.1015625,0.8463046031926175,8.463046031926174e-07,mle,0.23325982503815743,0.7143463751013224,ok,True,True,extraction,
xom,6411,2025-07-02,5899,6410,512,-1.6794427658907116,linear,52,0,52,52,0,52,0.1,0.1015625,0.1015625,0.8478417922483781,8.478417922483781e-07,mle,0.23325982503815743,0.7143463751013224,ok,True,True,extraction,
xom,6412,2025-07-03,5900,6411,512,-1.6794427658907116,linear,52,0,52,52,0,52,0.1,0.1015625,0.1015625,0.8581781821148755,8.581781821148755e-07,mle,0.23325982503815743,0.7143463751013224,ok,True,True,extraction,
xom,6413,2025-07-07,5901,6412,512,-1.6794427658907116,linear,52,0,52,52,0,52,0.1,0.1015625,0.1015625,0.86085463339673,8.6085463339673e-07,mle,0.23325982503815743,0.7143463751013224,ok,True,True,extraction,
xom,6414,2025-07-08,5902,6413,512,-1.667800170061945,linear,52,0,52,52,0,52,0.1,0.1015625,0.1015625,0.86085463339673,8.6085463339673e-07,mle,0.2533231838771006,0.6979006330037125,ok,True,True,extraction,
xom,6415,2025-07-09,5903,6414,512,-1.667800170061945,linear,52,0,52,52,0,52,0.1,0.1015625,0.1015625,0.86085463339673,8.6085463339673e-07,mle,0.2533231838771006,0.6979006330037125,ok,True,True,extraction,
xom,6416,2025-07-10,5904,6415,512,-1.667800170061945,linear,52,0,52,52,0,52,0.1,0.1015625,0.1015625,0.86085463339673,8.6085463339673e-07,mle,0.2533231838771006,0.6979006330037125,ok,True,True,extraction,
xom,6417,2025-07-11,5905,6416,512,-1.667800170061945,linear,52,0,52,52,0,52,0.1,0.1015625,0.1015625,0.8586070275996533,8.586070275996533e-07,mle,0.2533231838771006,0.6979006330037125,ok,True,True,extraction,
xom,6418,2025-07-14,5906,6417,512,-1.667800170061945,linear,52,0,52,52,0,52,0.1,0.1015625,0.1015625,0.8568230469826852,8.568230469826851e-07,mle,0.2533231838771006,0.6979006330037125,ok,True,True,extraction,
xom,6419,2025-07-15,5907,6418,512,-1.667800170061945,linear,52,0,52,52,0,52,0.1,0.1015625,0.1015625,0.86085463339673,8.6085463339673e-07,mle,0.2533231838771006,0.6979006330037125,ok,True,True,extraction,
xom,6420,2025-07-16,5908,6419,512,-1.667800170061945,linear,52,0,52,52,0,52,0.1,0.1015625,0.1015625,0.8634734712080174,8.634734712080174e-07,mle,0.2533231838771006,0.6979006330037125,ok,True,True,extraction,
xom,6421,2025-07-17,5909,6420,512,-1.667800170061945,linear,52,0,52,52,0,52,0.1,0.1015625,0.1015625,0.8630446257232396,8.630446257232395e-07,mle,0.2533231838771006,0.6979006330037125,ok,True,True,extraction,
xom,6422,2025-07-18,5910,6421,512,-1.667800170061945,linear,52,0,52,52,0,52,0.1,0.1015625,0.1015625,0.8548641704574602,8.548641704574602e-07,mle,0.2533231838771006,0.6979006330037125,ok,True,True,extraction,
xom,6423,2025-07-21,5911,6422,512,-1.6794427658907116,linear,52,0,52,52,0,52,0.1,0.1015625,0.1015625,0.8541934807872735,8.541934807872735e-07,mle,0.2183827325486704,0.7461928834412117,ok,True,True,extraction,
xom,6424,2025-07-22,5912,6423,512,-1.6794427658907116,linear,52,0,52,52,0,52,0.1,0.1015625,0.1015625,0.8591403120790062,8.591403120790061e-07,mle,0.2183827325486704,0.7461928834412117,ok,True,True,extraction,
xom,6425,2025-07-23,5913,6424,512,-1.667800170061945,linear,52,0,52,52,0,52,0.1,0.1015625,0.1015625,0.8630446257232396,8.630446257232395e-07,mle,0.2491722359515891,0.6971322409849061,ok,True,True,extraction,
xom,6426,2025-07-24,5914,6425,512,-1.667800170061945,linear,52,0,52,52,0,52,0.1,0.1015625,0.1015625,0.8642530436935836,8.642530436935836e-07,mle,0.2491722359515891,0.6971322409849061,ok,True,True,extraction,
xom,6427,2025-07-25,5915,6426,512,-1.667800170061945,linear,52,0,52,52,0,52,0.1,0.1015625,0.1015625,0.8630446257232396,8.630446257232395e-07,mle,0.2491722359515891,0.6971322409849061,ok,True,True,extraction,
xom,6428,2025-07-28,5916,6427,512,-1.667800170061945,linear,52,0,52,52,0,52,0.1,0.1015625,0.1015625,0.8499173391657275,8.499173391657275e-07,mle,0.2491722359515891,0.6971322409849061,ok,True,True,extraction,
xom,6429,2025-07-29,5917,6428,512,-1.667800170061945,linear,52,0,52,52,0,52,0.1,0.1015625,0.1015625,0.8548641704574602,8.548641704574602e-07,mle,0.2491722359515891,0.6971322409849061,ok,True,True,extraction,
xom,6430,2025-07-30,5918,6429,512,-1.6243373543948298,linear,52,0,52,52,0,52,0.1,0.1015625,0.1015625,0.8630446257232396,8.630446257232395e-07,mle,0.1745040174278402,0.7910703382767212,ok,True,True,extraction,
xom,6431,2025-07-31,5919,6430,512,-1.6017778215697482,linear,52,0,52,52,0,52,0.1,0.1015625,0.1015625,0.8630446257232396,8.630446257232395e-07,mle,0.18507339832587322,0.7695182936448233,ok,True,True,extraction,
xom,6432,2025-08-01,5920,6431,512,-1.6017778215697482,linear,52,0,52,52,0,52,0.1,0.1015625,0.1015625,0.8548641704574602,8.548641704574602e-07,mle,0.18507339832587322,0.7695182936448233,ok,True,True,extraction,
xom,6433,2025-08-04,5921,6432,512,-1.6243373543948298,linear,52,0,52,52,0,52,0.1,0.1015625,0.1015625,0.8591403120790062,8.591403120790061e-07,mle,0.21201629606645833,0.7313207188310217,ok,True,True,extraction,
xom,6434,2025-08-05,5922,6433,512,-1.667800170061945,linear,52,0,52,52,0,52,0.1,0.1015625,0.1015625,0.8624821308220514,8.624821308220514e-07,mle,0.27609653633647424,0.6539307600949813,ok,True,True,extraction,
xom,6435,2025-08-06,5923,6434,512,-1.667800170061945,linear,52,0,52,52,0,52,0.1,0.1015625,0.1015625,0.8567982972219585,8.567982972219585e-07,mle,0.27609653633647424,0.6539307600949813,ok,True,True,extraction,
xom,6436,2025-08-07,5924,6435,512,-1.667800170061945,linear,52,0,52,52,0,52,0.1,0.1015625,0.1015625,0.8570239647564796,8.570239647564795e-07,mle,0.27609653633647424,0.6539307600949813,ok,True,True,extraction,
xom,6437,2025-08-08,5925,6436,512,-1.667800170061945,linear,52,0,52,52,0,52,0.1,0.1015625,0.1015625,0.8550646355426306,8.550646355426305e-07,mle,0.27609653633647424,0.6539307600949813,ok,True,True,extraction,
xom,6438,2025-08-11,5926,6437,512,-1.667800170061945,linear,52,0,52,52,0,52,0.1,0.1015625,0.1015625,0.8550646355426306,8.550646355426305e-07,mle,0.27609653633647424,0.6539307600949813,ok,True,True,extraction,
xom,6439,2025-08-12,5927,6438,512,-1.667800170061945,linear,52,0,52,52,0,52,0.1,0.1015625,0.1015625,0.858761676885754,8.587616768857539e-07,mle,0.27609653633647424,0.6539307600949813,ok,True,True,extraction,
xom,6440,2025-08-13,5928,6439,512,-1.667800170061945,linear,52,0,52,52,0,52,0.1,0.1015625,0.1015625,0.858761676885754,8.587616768857539e-07,mle,0.27609653633647424,0.6539307600949813,ok,True,True,extraction,
xom,6441,2025-08-14,5929,6440,512,-1.667800170061945,linear,52,0,52,52,0,52,0.1,0.1015625,0.1015625,0.8570239647564796,8.570239647564795e-07,mle,0.27609653633647424,0.6539307600949813,ok,True,True,extraction,
xom,6442,2025-08-15,5930,6441,512,-1.667800170061945,linear,52,0,52,52,0,52,0.1,0.1015625,0.1015625,0.8550646355426306,8.550646355426305e-07,mle,0.27609653633647424,0.6539307600949813,ok,True,True,extraction,
xom,6443,2025-08-18,5931,6442,512,-1.667800170061945,linear,52,0,52,52,0,52,0.1,0.1015625,0.1015625,0.8530141351645815,8.530141351645814e-07,mle,0.27609653633647424,0.6539307600949813,ok,True,True,extraction,
xom,6444,2025-08-19,5932,6443,512,-1.667800170061945,linear,52,0,52,52,0,52,0.1,0.1015625,0.1015625,0.8467759855078527,8.467759855078527e-07,mle,0.27609653633647424,0.6539307600949813,ok,True,True,extraction,
xom,6445,2025-08-20,5933,6444,512,-1.667800170061945,linear,52,0,52,52,0,52,0.1,0.1015625,0.1015625,0.8430882464171626,8.430882464171626e-07,mle,0.27609653633647424,0.6539307600949813,ok,True,True,extraction,
xom,6446,2025-08-21,5934,6445,512,-1.667800170061945,linear,52,0,52,52,0,52,0.1,0.1015625,0.1015625,0.8467759855078527,8.467759855078527e-07,mle,0.27609653633647424,0.6539307600949813,ok,True,True,extraction,
xom,6447,2025-08-22,5935,6446,512,-1.667800170061945,linear,52,0,52,52,0,52,0.1,0.1015625,0.1015625,0.8456930628518476,8.456930628518476e-07,mle,0.27609653633647424,0.6539307600949813,ok,True,True,extraction,
xom,6448,2025-08-25,5936,6447,512,-1.667800170061945,linear,52,0,52,52,0,52,0.1,0.1015625,0.1015625,0.8490005009202226,8.490005009202226e-07,mle,0.27609653633647424,0.6539307600949813,ok,True,True,extraction,
xom,6449,2025-08-26,5937,6448,512,-1.667800170061945,linear,52,0,52,52,0,52,0.1,0.1015625,0.1015625,0.8456930628518476,8.456930628518476e-07,mle,0.27609653633647424,0.6539307600949813,ok,True,True,extraction,
xom,6450,2025-08-27,5938,6449,512,-1.667800170061945,linear,52,0,52,52,0,52,0.1,0.1015625,0.1015625,0.8467759855078527,8.467759855078527e-07,mle,0.27609653633647424,0.6539307600949813,ok,True,True,extraction,
xom,6451,2025-08-28,5939,6450,512,-1.667800170061945,linear,52,0,52,52,0,52,0.1,0.1015625,0.1015625,0.8467759855078527,8.467759855078527e-07,mle,0.27609653633647424,0.6539307600949813,ok,True,True,extraction,
xom,6452,2025-08-29,5940,6451,512,-1.667800170061945,linear,52,0,52,52,0,52,0.1,0.1015625,0.1015625,0.8467759855078527,8.467759855078527e-07,mle,0.27609653633647424,0.6539307600949813,ok,True,True,extraction,
xom,6453,2025-09-02,5941,6452,512,-1.6243373543948298,linear,52,0,52,52,0,52,0.1,0.1015625,0.1015625,0.8444591731001556,8.444591731001556e-07,mle,0.22886948640783544,0.709439901168658,ok,True,True,extraction,
xom,6454,2025-09-03,5942,6453,512,-1.6017778215697482,linear,52,0,52,52,0,52,0.1,0.1015625,0.1015625,0.8395927294917915,8.395927294917915e-07,mle,0.19294682610319813,0.7561022748087205,ok,True,True,extraction,
xom,6455,2025-09-04,5943,6454,512,-1.6243373543948298,linear,52,0,52,52,0,52,0.1,0.1015625,0.1015625,0.8424998438863066,8.424998438863065e-07,mle,0.1906707132620501,0.7529851765748199,ok,True,True,extraction,
xom,6456,2025-09-05,5944,6455,512,-1.6243373543948298,linear,52,0,52,52,0,52,0.1,0.1015625,0.1015625,0.8376334002779425,8.376334002779425e-07,mle,0.1906707132620501,0.7529851765748199,ok,True,True,extraction,
xom,6457,2025-09-08,5945,6456,512,-1.667800170061945,linear,52,0,52,52,0,52,0.1,0.1015625,0.1015625,0.8376334002779425,8.376334002779425e-07,mle,0.22325337341264484,0.7104145675327505,ok,True,True,extraction,
xom,6458,2025-09-09,5946,6457,512,-1.667800170061945,linear,52,0,52,52,0,52,0.1,0.1015625,0.1015625,0.8333651666634636,8.333651666634635e-07,mle,0.22325337341264484,0.7104145675327505,ok,True,True,extraction,
xom,6459,2025-09-10,5947,6458,512,-1.667800170061945,linear,52,0,52,52,0,52,0.1,0.1015625,0.1015625,0.8246939637487887,8.246939637487886e-07,mle,0.22325337341264484,0.7104145675327505,ok,True,True,extraction,
xom,6460,2025-09-11,5948,6459,512,-1.667800170061945,linear,52,0,52,52,0,52,0.1,0.1015625,0.1015625,0.830574269972449,8.30574269972449e-07,mle,0.22325337341264484,0.7104145675327505,ok,True,True,extraction,
xom,6461,2025-09-12,5949,6460,512,-1.667800170061945,linear,52,0,52,52,0,52,0.1,0.1015625,0.1015625,0.8246939637487887,8.246939637487886e-07,mle,0.22325337341264484,0.7104145675327505,ok,True,True,extraction,
xom,6462,2025-09-15,5950,6461,512,-1.667800170061945,linear,52,0,52,52,0,52,0.1,0.1015625,0.1015625,0.8314058374496146,8.314058374496146e-07,mle,0.22325337341264484,0.7104145675327505,ok,True,True,extraction,
xom,6463,2025-09-16,5951,6462,512,-1.667800170061945,linear,52,0,52,52,0,52,0.1,0.1015625,0.1015625,0.8314058374496146,8.314058374496146e-07,mle,0.22325337341264484,0.7104145675327505,ok,True,True,extraction,
xom,6464,2025-09-17,5952,6463,512,-1.667800170061945,linear,52,0,52,52,0,52,0.1,0.1015625,0.1015625,0.8314058374496146,8.314058374496146e-07,mle,0.22325337341264484,0.7104145675327505,ok,True,True,extraction,
xom,6465,2025-09-18,5953,6464,512,-1.667800170061945,linear,52,0,52,52,0,52,0.1,0.1015625,0.1015625,0.8314058374496146,8.314058374496146e-07,mle,0.22325337341264484,0.7104145675327505,ok,True,True,extraction,
xom,6466,2025-09-19,5954,6465,512,-1.667800170061945,linear,52,0,52,52,0,52,0.1,0.1015625,0.1015625,0.8321475839569432,8.321475839569432e-07,mle,0.22325337341264484,0.7104145675327505,ok,True,True,extraction,
xom,6467,2025-09-22,5955,6466,512,-1.667800170061945,linear,52,0,52,52,0,52,0.1,0.1015625,0.1015625,0.8376334002779425,8.376334002779425e-07,mle,0.22325337341264484,0.7104145675327505,ok,True,True,extraction,
xom,6468,2025-09-23,5956,6467,512,-1.667800170061945,linear,52,0,52,52,0,52,0.1,0.1015625,0.1015625,0.8370140275653073,8.370140275653073e-07,mle,0.22325337341264484,0.7104145675327505,ok,True,True,extraction,
xom,6469,2025-09-24,5957,6468,512,-1.667800170061945,linear,52,0,52,52,0,52,0.1,0.1015625,0.1015625,0.8424998438863066,8.424998438863065e-07,mle,0.22325337341264484,0.7104145675327505,ok,True,True,extraction,
xom,6470,2025-09-25,5958,6469,512,-1.667800170061945,linear,52,0,52,52,0,52,0.1,0.1015625,0.1015625,0.8376334002779425,8.376334002779425e-07,mle,0.22325337341264484,0.7104145675327505,ok,True,True,extraction,
xom,6471,2025-09-26,5959,6470,512,-1.667800170061945,linear,52,0,52,52,0,52,0.1,0.1015625,0.1015625,0.8333651666634636,8.333651666634635e-07,mle,0.22325337341264484,0.7104145675327505,ok,True,True,extraction,
xom,6472,2025-09-29,5960,6471,512,-1.667800170061945,linear,52,0,52,52,0,52,0.1,0.1015625,0.1015625,0.8333651666634636,8.333651666634635e-07,mle,0.22325337341264484,0.7104145675327505,ok,True,True,extraction,
xom,6473,2025-09-30,5961,6472,512,-1.6794427658907116,linear,52,0,52,52,0,52,0.1,0.1015625,0.1015625,0.8333651666634636,8.333651666634635e-07,mle,0.19818585362432664,0.7358700891213059,ok,True,True,extraction,
xom,6474,2025-10-01,5962,6473,512,-1.6794427658907116,linear,52,0,52,52,0,52,0.1,0.1015625,0.1015625,0.8376334002779425,8.376334002779425e-07,mle,0.19818585362432664,0.7358700891213059,ok,True,True,extraction,
xom,6475,2025-10-02,5963,6474,512,-1.6794427658907116,linear,52,0,52,52,0,52,0.1,0.1015625,0.1015625,0.8321475839569432,8.321475839569432e-07,mle,0.19818585362432664,0.7358700891213059,ok,True,True,extraction,
xom,6476,2025-10-03,5964,6475,512,-1.6794427658907116,linear,52,0,52,52,0,52,0.1,0.1015625,0.1015625,0.8321475839569432,8.321475839569432e-07,mle,0.19818585362432664,0.7358700891213059,ok,True,True,extraction,
xom,6477,2025-10-06,5965,6476,512,-1.6794427658907116,linear,52,0,52,52,0,52,0.1,0.1015625,0.1015625,0.8376334002779425,8.376334002779425e-07,mle,0.19818585362432664,0.7358700891213059,ok,True,True,extraction,
xom,6478,2025-10-07,5966,6477,512,-1.6794427658907116,linear,52,0,52,52,0,52,0.1,0.1015625,0.1015625,0.8314058374496146,8.314058374496146e-07,mle,0.19818585362432664,0.7358700891213059,ok,True,True,extraction,
xom,6479,2025-10-08,5967,6478,512,-1.6794427658907116,linear,52,0,52,52,0,52,0.1,0.1015625,0.1015625,0.8201007416279743,8.201007416279743e-07,mle,0.19818585362432664,0.7358700891213059,ok,True,True,extraction,
xom,6480,2025-10-09,5968,6479,512,-1.6794427658907116,linear,52,0,52,52,0,52,0.1,0.1015625,0.1015625,0.8259200211286153,8.259200211286153e-07,mle,0.19818585362432664,0.7358700891213059,ok,True,True,extraction,
xom,6481,2025-10-10,5969,6480,512,-1.6794427658907116,linear,52,0,52,52,0,52,0.1,0.1015625,0.1015625,0.8259200211286153,8.259200211286153e-07,mle,0.19818585362432664,0.7358700891213059,ok,True,True,extraction,
xom,6482,2025-10-13,5970,6481,512,-1.6810458379691917,linear,52,0,52,52,0,52,0.1,0.1015625,0.1015625,0.8370140275653073,8.370140275653073e-07,mle,0.181708349496776,0.7524597149393017,ok,True,True,extraction,
xom,6483,2025-10-14,5971,6482,512,-1.6810458379691917,linear,52,0,52,52,0,52,0.1,0.1015625,0.1015625,0.8370140275653073,8.370140275653073e-07,mle,0.181708349496776,0.7524597149393017,ok,True,True,extraction,
xom,6484,2025-10-15,5972,6483,512,-1.6810458379691917,linear,52,0,52,52,0,52,0.1,0.1015625,0.1015625,0.8360234019046293,8.360234019046293e-07,mle,0.181708349496776,0.7524597149393017,ok,True,True,extraction,
xom,6485,2025-10-16,5973,6484,512,-1.6810458379691917,linear,52,0,52,52,0,52,0.1,0.1015625,0.1015625,0.8259200211286153,8.259200211286153e-07,mle,0.181708349496776,0.7524597149393017,ok,True,True,extraction,
xom,6486,2025-10-17,5974,6485,512,-1.6810458379691917,linear,52,0,52,52,0,52,0.1,0.1015625,0.1015625,0.8259200211286153,8.259200211286153e-07,mle,0.181708349496776,0.7524597149393017,ok,True,True,extraction,
xom,6487,2025-10-20,5975,6486,512,-1.6810458379691917,linear,52,0,52,52,0,52,0.1,0.1015625,0.1015625,0.8360234019046293,8.360234019046293e-07,mle,0.181708349496776,0.7524597149393017,ok,True,True,extraction,
xom,6488,2025-10-21,5976,6487,512,-1.6748822742753733,linear,52,0,52,52,0,52,0.1,0.1015625,0.1015625,0.8259200211286153,8.259200211286153e-07,mle,0.21391344358980907,0.6966471074287042,ok,True,True,extraction,
xom,6489,2025-10-22,5977,6488,512,-1.6243373543948298,linear,52,0,52,52,0,52,0.1,0.1015625,0.1015625,0.819669865922741,8.19669865922741e-07,mle,0.16254653293890875,0.770977720853192,ok,True,True,extraction,
xom,6490,2025-10-23,5978,6489,512,-1.6011688075741881,linear,52,0,52,52,0,52,0.1,0.1015625,0.1015625,0.8140774146879832,8.140774146879832e-07,mle,0.1348503062130533,0.8143398322602293,ok,True,True,extraction,
xom,6491,2025-10-24,5979,6490,512,-1.6011688075741881,linear,52,0,52,52,0,52,0.1,0.1015625,0.1015625,0.8140774146879832,8.140774146879832e-07,mle,0.1348503062130533,0.8143398322602293,ok,True,True,extraction,
xom,6492,2025-10-27,5980,6491,512,-1.6011688075741881,linear,52,0,52,52,0,52,0.1,0.1015625,0.1015625,0.8140774146879832,8.140774146879832e-07,mle,0.1348503062130533,0.8143398322602293,ok,True,True,extraction,
xom,6493,2025-10-28,5981,6492,512,-1.587726414906105,linear,52,0,52,52,0,52,0.1,0.1015625,0.1015625,0.8101903858252517,8.101903858252517e-07,mle,0.1542885317610903,0.77376401785415,ok,True,True,extraction,
xom,6494,2025-10-29,5982,6493,512,-1.587726414906105,linear,52,0,52,52,0,52,0.1,0.1015625,0.1015625,0.8140774146879832,8.140774146879832e-07,mle,0.1542885317610903,0.77376401785415,ok,True,True,extraction,
xom,6495,2025-10-30,5983,6494,512,-1.587726414906105,linear,52,0,52,52,0,52,0.1,0.1015625,0.1015625,0.8140774146879832,8.140774146879832e-07,mle,0.1542885317610903,0.77376401785415,ok,True,True,extraction,
xom,6496,2025-10-31,5984,6495,512,-1.587726414906105,linear,52,0,52,52,0,52,0.1,0.1015625,0.1015625,0.8254506835945798,8.254506835945798e-07,mle,0.1542885317610903,0.77376401785415,ok,True,True,extraction,
xom,6497,2025-11-03,5985,6496,512,-1.587726414906105,linear,52,0,52,52,0,52,0.1,0.1015625,0.1015625,0.819669865922741,8.19669865922741e-07,mle,0.1542885317610903,0.77376401785415,ok,True,True,extraction,
xom,6498,2025-11-04,5986,6497,512,-1.587726414906105,linear,52,0,52,52,0,52,0.1,0.1015625,0.1015625,0.8143301512305972,8.143301512305971e-07,mle,0.1542885317610903,0.77376401785415,ok,True,True,extraction,
xom,6499,2025-11-05,5987,6498,512,-1.587726414906105,linear,52,0,52,52,0,52,0.1,0.1015625,0.1015625,0.8143301512305972,8.143301512305971e-07,mle,0.1542885317610903,0.77376401785415,ok,True,True,extraction,
xom,6500,2025-11-06,5988,6499,512,-1.5802973721719744,linear,52,0,52,52,0,52,0.1,0.1015625,0.1015625,0.8052602861449395,8.052602861449395e-07,mle,0.1527300103996184,0.7791435627696263,ok,True,True,extraction,
xom,6501,2025-11-07,5989,6500,512,-1.5802973721719744,linear,52,0,52,52,0,52,0.1,0.1015625,0.1015625,0.7990575947407745,7.990575947407745e-07,mle,0.1527300103996184,0.7791435627696263,ok,True,True,extraction,
xom,6502,2025-11-10,5990,6501,512,-1.5802973721719744,linear,52,0,52,52,0,52,0.1,0.1015625,0.1015625,0.8005983125599216,8.005983125599216e-07,mle,0.1527300103996184,0.7791435627696263,ok,True,True,extraction,
xom,6503,2025-11-11,5991,6502,512,-1.5802973721719744,linear,52,0,52,52,0,52,0.1,0.1015625,0.1015625,0.8012131118919246,8.012131118919245e-07,mle,0.1527300103996184,0.7791435627696263,ok,True,True,extraction,
xom,6504,2025-11-12,5992,6503,512,-1.5802973721719744,linear,52,0,52,52,0,52,0.1,0.1015625,0.1015625,0.799022290285945,7.990222902859449e-07,mle,0.1527300103996184,0.7791435627696263,ok,True,True,extraction,
xom,6505,2025-11-13,5993,6504,512,-1.5782658683855175,linear,52,0,52,52,0,52,0.1,0.1015625,0.1015625,0.799022290285945,7.990222902859449e-07,mle,0.16825893278770046,0.7617899060695849,ok,True,True,extraction,
xom,6506,2025-11-14,5994,6505,512,-1.5782658683855175,linear,52,0,52,52,0,52,0.1,0.1015625,0.1015625,0.799022290285945,7.990222902859449e-07,mle,0.16825893278770046,0.7617899060695849,ok,True,True,extraction,
xom,6507,2025-11-17,5995,6506,512,-1.5782658683855175,linear,52,0,52,52,0,52,0.1,0.1015625,0.1015625,0.8046500459755324,8.046500459755323e-07,mle,0.16825893278770046,0.7617899060695849,ok,True,True,extraction,
xom,6508,2025-11-18,5996,6507,512,-1.5782658683855175,linear,52,0,52,52,0,52,0.1,0.1015625,0.1015625,0.8107278964442435,8.107278964442435e-07,mle,0.16825893278770046,0.7617899060695849,ok,True,True,extraction,
xom,6509,2025-11-19,5997,6508,512,-1.5782658683855175,linear,52,0,52,52,0,52,0.1,0.1015625,0.1015625,0.8107278964442435,8.107278964442435e-07,mle,0.16825893278770046,0.7617899060695849,ok,True,True,extraction,
xom,6510,2025-11-20,5998,6509,512,-1.5782658683855175,linear,52,0,52,52,0,52,0.1,0.1015625,0.1015625,0.8107278964442435,8.107278964442435e-07,mle,0.16825893278770046,0.7617899060695849,ok,True,True,extraction,
xom,6511,2025-11-21,5999,6510,512,-1.563030684008052,linear,52,0,52,52,0,52,0.1,0.1015625,0.1015625,0.8046500459755324,8.046500459755323e-07,mle,0.15867553740213514,0.7795750480390256,ok,True,True,extraction,
xom,6512,2025-11-24,6000,6511,512,-1.5219031329613313,linear,52,0,52,52,0,52,0.1,0.1015625,0.1015625,0.796170366871911,7.96170366871911e-07,mle,0.10925944030714481,0.8598485156040601,ok,True,True,extraction,
xom,6513,2025-11-25,6001,6512,512,-1.5219031329613313,linear,52,0,52,52,0,52,0.1,0.1015625,0.1015625,0.796170366871911,7.96170366871911e-07,mle,0.10925944030714481,0.8598485156040601,ok,True,True,extraction,
xom,6514,2025-11-26,6002,6513,512,-1.5219031329613313,linear,52,0,52,52,0,52,0.1,0.1015625,0.1015625,0.8046500459755324,8.046500459755323e-07,mle,0.10925944030714481,0.8598485156040601,ok,True,True,extraction,
xom,6515,2025-11-28,6003,6514,512,-1.5219031329613313,linear,52,0,52,52,0,52,0.1,0.1015625,0.1015625,0.8046500459755324,8.046500459755323e-07,mle,0.10925944030714481,0.8598485156040601,ok,True,True,extraction,
xom,6516,2025-12-01,6004,6515,512,-1.5219031329613313,linear,52,0,52,52,0,52,0.1,0.1015625,0.1015625,0.8046500459755324,8.046500459755323e-07,mle,0.10925944030714481,0.8598485156040601,ok,True,True,extraction,
xom,6517,2025-12-02,6005,6516,512,-1.5219031329613313,linear,52,0,52,52,0,52,0.1,0.1015625,0.1015625,0.8046500459755324,8.046500459755323e-07,mle,0.10925944030714481,0.8598485156040601,ok,True,True,extraction,
xom,6518,2025-12-03,6006,6517,512,-1.5219031329613313,linear,52,0,52,52,0,52,0.1,0.1015625,0.1015625,0.8107278964442435,8.107278964442435e-07,mle,0.10925944030714481,0.8598485156040601,ok,True,True,extraction,
xom,6519,2025-12-04,6007,6518,512,-1.5219031329613313,linear,52,0,52,52,0,52,0.1,0.1015625,0.1015625,0.8107278964442435,8.107278964442435e-07,mle,0.10925944030714481,0.8598485156040601,ok,True,True,extraction,
xom,6520,2025-12-05,6008,6519,512,-1.5219031329613313,linear,52,0,52,52,0,52,0.1,0.1015625,0.1015625,0.8046500459755324,8.046500459755323e-07,mle,0.10925944030714481,0.8598485156040601,ok,True,True,extraction,
xom,6521,2025-12-08,6009,6520,512,-1.5219031329613313,linear,52,0,52,52,0,52,0.1,0.1015625,0.1015625,0.8046500459755324,8.046500459755323e-07,mle,0.10925944030714481,0.8598485156040601,ok,True,True,extraction,
xom,6522,2025-12-09,6010,6521,512,-1.5219031329613313,linear,52,0,52,52,0,52,0.1,0.1015625,0.1015625,0.8046500459755324,8.046500459755323e-07,mle,0.10925944030714481,0.8598485156040601,ok,True,True,extraction,
xom,6523,2025-12-10,6011,6522,512,-1.5219031329613313,linear,52,0,52,52,0,52,0.1,0.1015625,0.1015625,0.8107278964442435,8.107278964442435e-07,mle,0.10925944030714481,0.8598485156040601,ok,True,True,extraction,
xom,6524,2025-12-11,6012,6523,512,-1.5219031329613313,linear,52,0,52,52,0,52,0.1,0.1015625,0.1015625,0.8145794982950463,8.145794982950462e-07,mle,0.10925944030714481,0.8598485156040601,ok,True,True,extraction,
xom,6525,2025-12-12,6013,6524,512,-1.5219031329613313,linear,52,0,52,52,0,52,0.1,0.1015625,0.1015625,0.8145794982950463,8.145794982950462e-07,mle,0.10925944030714481,0.8598485156040601,ok,True,True,extraction,
xom,6526,2025-12-15,6014,6525,512,-1.5219031329613313,linear,52,0,52,52,0,52,0.1,0.1015625,0.1015625,0.8145794982950463,8.145794982950462e-07,mle,0.10925944030714481,0.8598485156040601,ok,True,True,extraction,
xom,6527,2025-12-16,6015,6526,512,-1.5211842733783425,linear,52,0,52,52,0,52,0.1,0.1015625,0.1015625,0.8145794982950463,8.145794982950462e-07,mle,0.10846343934245262,0.8612765334240954,ok,True,True,extraction,
xom,6528,2025-12-17,6016,6527,512,-1.563030684008052,linear,52,0,52,52,0,52,0.1,0.1015625,0.1015625,0.8195632310089824,8.195632310089823e-07,mle,0.12316338642999734,0.8295432452114119,ok,True,True,extraction,
xom,6529,2025-12-18,6017,6528,512,-1.563030684008052,linear,52,0,52,52,0,52,0.1,0.1015625,0.1015625,0.8246939637487887,8.246939637487886e-07,mle,0.12316338642999734,0.8295432452114119,ok,True,True,extraction,
xom,6530,2025-12-19,6018,6529,512,-1.563030684008052,linear,52,0,52,52,0,52,0.1,0.1015625,0.1015625,0.8246939637487887,8.246939637487886e-07,mle,0.12316338642999734,0.8295432452114119,ok,True,True,extraction,
xom,6531,2025-12-22,6019,6530,512,-1.5211842733783425,linear,52,0,52,52,0,52,0.1,0.1015625,0.1015625,0.8195632310089824,8.195632310089823e-07,mle,0.0935376114496051,0.8876847882622978,ok,True,True,extraction,
xom,6532,2025-12-23,6020,6531,512,-1.5211842733783425,linear,52,0,52,52,0,52,0.1,0.1015625,0.1015625,0.8190838294865859,8.190838294865858e-07,mle,0.0935376114496051,0.8876847882622978,ok,True,True,extraction,
xom,6533,2025-12-24,6021,6532,512,-1.5211842733783425,linear,52,0,52,52,0,52,0.1,0.1015625,0.1015625,0.8236312080446637,8.236312080446637e-07,mle,0.0935376114496051,0.8876847882622978,ok,True,True,extraction,
xom,6534,2025-12-26,6022,6533,512,-1.5211842733783425,linear,52,0,52,52,0,52,0.1,0.1015625,0.1015625,0.8190838294865859,8.190838294865858e-07,mle,0.0935376114496051,0.8876847882622978,ok,True,True,extraction,
xom,6535,2025-12-29,6023,6534,512,-1.5211842733783425,linear,52,0,52,52,0,52,0.1,0.1015625,0.1015625,0.8195632310089824,8.195632310089823e-07,mle,0.0935376114496051,0.8876847882622978,ok,True,True,extraction,
xom,6536,2025-12-30,6024,6535,512,-1.5033853056065885,linear,52,0,52,52,0,52,0.1,0.1015625,0.1015625,0.8190838294865859,8.190838294865858e-07,mle,0.07883523159243849,0.9170416027762578,ok,True,True,extraction,
xom,6537,2025-12-31,6025,6536,512,-1.5033853056065885,linear,52,0,52,52,0,52,0.1,0.1015625,0.1015625,0.8162137127652428,8.162137127652428e-07,mle,0.07883523159243849,0.9170416027762578,ok,True,True,extraction,
xom,6538,2026-01-02,6026,6537,512,-1.5033853056065885,linear,52,0,52,52,0,52,0.1,0.1015625,0.1015625,0.8107278964442435,8.107278964442435e-07,mle,0.07883523159243849,0.9170416027762578,ok,True,True,extraction,
xom,6539,2026-01-05,6027,6538,512,-1.5033853056065885,linear,52,0,52,52,0,52,0.1,0.1015625,0.1015625,0.8162137127652428,8.162137127652428e-07,mle,0.07883523159243849,0.9170416027762578,ok,True,True,extraction,
xom,6540,2026-01-06,6028,6539,512,-1.5033853056065885,linear,52,0,52,52,0,52,0.1,0.1015625,0.1015625,0.8195632310089824,8.195632310089823e-07,mle,0.07883523159243849,0.9170416027762578,ok,True,True,extraction,
xom,6541,2026-01-07,6029,6540,512,-1.5211842733783425,linear,52,0,52,52,0,52,0.1,0.1015625,0.1015625,0.8195632310089824,8.195632310089823e-07,mle,0.06186282026631548,0.9533483364761616,ok,True,True,extraction,
xom,6542,2026-01-08,6030,6541,512,-1.5211842733783425,linear,52,0,52,52,0,52,0.1,0.1015625,0.1015625,0.8195632310089824,8.195632310089823e-07,mle,0.04896496006355466,0.9747596268435953,ok,True,True,extraction,
xom,6543,2026-01-09,6031,6542,512,-1.5211842733783425,linear,52,0,52,52,0,52,0.1,0.1015625,0.1015625,0.8286149407585999,8.286149407585998e-07,mle,0.04896496006355466,0.9747596268435953,ok,True,True,extraction,
xom,6544,2026-01-12,6032,6543,512,-1.5211842733783425,linear,52,0,52,52,0,52,0.1,0.1015625,0.1015625,0.8364117978092954,8.364117978092954e-07,mle,0.04896496006355466,0.9747596268435953,ok,True,True,extraction,
xom,6545,2026-01-13,6033,6544,512,-1.5211842733783425,linear,52,0,52,52,0,52,0.1,0.1015625,0.1015625,0.837948986865056,8.37948986865056e-07,mle,0.04896496006355466,0.9747596268435953,ok,True,True,extraction,
xom,6546,2026-01-14,6034,6545,512,-1.5211842733783425,linear,52,0,52,52,0,52,0.1,0.1015625,0.1015625,0.8392026945003102,8.392026945003102e-07,mle,0.04896496006355466,0.9747596268435953,ok,True,True,extraction,
xom,6547,2026-01-15,6035,6546,512,-1.5211842733783425,linear,52,0,52,52,0,52,0.1,0.1015625,0.1015625,0.8392026945003102,8.392026945003102e-07,mle,0.04896496006355466,0.9747596268435953,ok,True,True,extraction,
xom,6548,2026-01-16,6036,6547,512,-1.5211842733783425,linear,52,0,52,52,0,52,0.1,0.1015625,0.1015625,0.8480120304367633,8.480120304367633e-07,mle,0.04896496006355466,0.9747596268435953,ok,True,True,extraction,
xom,6549,2026-01-20,6037,6548,512,-1.5211842733783425,linear,52,0,52,52,0,52,0.1,0.1015625,0.1015625,0.8392026945003102,8.392026945003102e-07,mle,0.04896496006355466,0.9747596268435953,ok,True,True,extraction,
xom,6550,2026-01-21,6038,6549,512,-1.5211842733783425,linear,52,0,52,52,0,52,0.1,0.1015625,0.1015625,0.8392026945003102,8.392026945003102e-07,mle,0.04896496006355466,0.9747596268435953,ok,True,True,extraction,
xom,6551,2026-01-22,6039,6550,512,-1.5211842733783425,linear,52,0,52,52,0,52,0.1,0.1015625,0.1015625,0.8401080128459155,8.401080128459155e-07,mle,0.04896496006355466,0.9747596268435953,ok,True,True,extraction,
xom,6552,2026-01-23,6040,6551,512,-1.5211842733783425,linear,52,0,52,52,0,52,0.1,0.1015625,0.1015625,0.8392026945003102,8.392026945003102e-07,mle,0.04896496006355466,0.9747596268435953,ok,True,True,extraction,
xom,6553,2026-01-26,6041,6552,512,-1.5033853056065885,linear,52,0,52,52,0,52,0.1,0.1015625,0.1015625,0.8401080128459155,8.401080128459155e-07,mle,0.03942096264158278,0.9984667203047419,ok,True,True,extraction,
xom,6554,2026-01-27,6042,6553,512,-1.5033853056065885,linear,52,0,52,52,0,52,0.1,0.1015625,0.1015625,0.8280434775624295,8.280434775624295e-07,mle,0.03942096264158278,0.9984667203047419,ok,True,True,extraction,
xom,6555,2026-01-28,6043,6554,512,-1.5033853056065885,linear,52,0,52,52,0,52,0.1,0.1015625,0.1015625,0.8367584946021758,8.367584946021757e-07,mle,0.03942096264158278,0.9984667203047419,ok,True,True,extraction,
xom,6556,2026-01-29,6044,6555,512,-1.5033853056065885,linear,52,0,52,52,0,52,0.1,0.1015625,0.1015625,0.8325897577158089,8.325897577158089e-07,mle,0.03942096264158278,0.9984667203047419,ok,True,True,extraction,
xom,6557,2026-01-30,6045,6556,512,-1.5033853056065885,linear,52,0,52,52,0,52,0.1,0.1015625,0.1015625,0.8325897577158089,8.325897577158089e-07,mle,0.03942096264158278,0.9984667203047419,ok,True,True,extraction,
xom,6558,2026-02-02,6046,6557,512,-1.4826645910459004,linear,52,0,52,52,0,52,0.1,0.1015625,0.1015625,0.8277905188048382,8.277905188048382e-07,mle,0.043322579901988886,0.9995163803090211,ok,True,True,extraction,
xom,6559,2026-02-03,6047,6558,512,-1.5033853056065885,linear,52,0,52,52,0,52,0.1,0.1015625,0.1015625,0.8306704495597013,8.306704495597013e-07,mle,0.04243454379221854,0.9927511749513903,ok,True,True,extraction,
xom,6560,2026-02-04,6048,6559,512,-1.5033853056065885,linear,52,0,52,52,0,52,0.1,0.1015625,0.1015625,0.8350408429858942,8.350408429858941e-07,mle,0.04243454379221854,0.9927511749513903,ok,True,True,extraction,
xom,6561,2026-02-05,6049,6560,512,-1.5033853056065885,linear,52,0,52,52,0,52,0.1,0.1015625,0.1015625,0.8384157348008783,8.384157348008782e-07,mle,0.04243454379221854,0.9927511749513903,ok,True,True,extraction,
xom,6562,2026-02-06,6050,6561,512,-1.5033853056065885,linear,52,0,52,52,0,52,0.1,0.1015625,0.1015625,0.840683358668137,8.40683358668137e-07,mle,0.04243454379221854,0.9927511749513903,ok,True,True,extraction,
xom,6563,2026-02-09,6051,6562,512,-1.5033853056065885,linear,52,0,52,52,0,52,0.1,0.1015625,0.1015625,0.840683358668137,8.40683358668137e-07,mle,0.04243454379221854,0.9927511749513903,ok,True,True,extraction,
xom,6564,2026-02-10,6052,6563,512,-1.5033853056065885,linear,52,0,52,52,0,52,0.1,0.1015625,0.1015625,0.840683358668137,8.40683358668137e-07,mle,0.04243454379221854,0.9927511749513903,ok,True,True,extraction,
xom,6565,2026-02-11,6053,6564,512,-1.5033853056065885,linear,52,0,52,52,0,52,0.1,0.1015625,0.1015625,0.8384157348008783,8.384157348008782e-07,mle,0.04243454379221854,0.9927511749513903,ok,True,True,extraction,
xom,6566,2026-02-12,6054,6565,512,-1.5033853056065885,linear,52,0,52,52,0,52,0.1,0.1015625,0.1015625,0.840683358668137,8.40683358668137e-07,mle,0.04243454379221854,0.9927511749513903,ok,True,True,extraction,
xom,6567,2026-02-13,6055,6566,512,-1.5211842733783425,linear,52,0,52,52,0,52,0.1,0.1015625,0.1015625,0.8433907545174176,8.433907545174176e-07,mle,0.027063036017070802,1.0198567576109965,ok,True,True,extraction,
xom,6568,2026-02-17,6056,6567,512,-1.5211842733783425,linear,52,0,52,52,0,52,0.1,0.1015625,0.1015625,0.846176933141689,8.461769331416889e-07,mle,0.027063036017070802,1.0198567576109965,ok,True,True,extraction,
xom,6569,2026-02-18,6057,6568,512,-1.5211842733783425,linear,52,0,52,52,0,52,0.1,0.1015625,0.1015625,0.846176933141689,8.461769331416889e-07,mle,0.0395875923565253,0.9986976984957205,ok,True,True,extraction,
xom,6570,2026-02-19,6058,6569,512,-1.5211842733783425,linear,52,0,52,52,0,52,0.1,0.1015625,0.1015625,0.844058036880335,8.440580368803349e-07,mle,0.0395875923565253,0.9986976984957205,ok,True,True,extraction,
xom,6571,2026-02-20,6059,6570,512,-1.5211842733783425,linear,52,0,52,52,0,52,0.1,0.1015625,0.1015625,0.8432669475562793,8.432669475562792e-07,mle,0.0395875923565253,0.9986976984957205,ok,True,True,extraction,
xom,6572,2026-02-23,6060,6571,512,-1.532978228630822,linear,52,0,52,52,0,52,0.1,0.1015625,0.1015625,0.8452837290673784,8.452837290673783e-07,mle,0.02587108687772818,1.0193403841676953,ok,True,True,extraction,
xom,6573,2026-02-24,6061,6572,512,-1.532978228630822,linear,52,0,52,52,0,52,0.1,0.1015625,0.1015625,0.8502959234520866,8.502959234520865e-07,mle,0.02587108687772818,1.0193403841676953,ok,True,True,extraction,
xom,6574,2026-02-25,6062,6573,512,-1.532978228630822,linear,52,0,52,52,0,52,0.1,0.1015625,0.1015625,0.8654880481364584,8.654880481364583e-07,mle,0.02587108687772818,1.0193403841676953,ok,True,True,extraction,
xom,6575,2026-02-26,6063,6574,512,-1.532978228630822,linear,52,0,52,52,0,52,0.1,0.1015625,0.1015625,0.8495048341280309,8.495048341280309e-07,mle,0.02587108687772818,1.0193403841676953,ok,True,True,extraction,
xom,6576,2026-02-27,6064,6575,512,-1.5211842733783425,linear,52,0,52,52,0,52,0.1,0.1015625,0.1015625,0.8452837290673784,8.452837290673783e-07,mle,0.03291892089081365,1.0118775977322934,ok,True,True,extraction,
xom,6577,2026-03-02,6065,6576,512,-1.5211842733783425,linear,52,0,52,52,0,52,0.1,0.1015625,0.1015625,0.8452837290673784,8.452837290673783e-07,mle,0.03291892089081365,1.0118775977322934,ok,True,True,extraction,
xom,6578,2026-03-03,6066,6577,512,-1.5211842733783425,linear,52,0,52,52,0,52,0.1,0.1015625,0.1015625,0.8452837290673784,8.452837290673783e-07,mle,0.03291892089081365,1.0118775977322934,ok,True,True,extraction,
xom,6579,2026-03-04,6067,6578,512,-1.532978228630822,linear,52,0,52,52,0,52,0.1,0.1015625,0.1015625,0.8502959234520866,8.502959234520865e-07,mle,0.04177507932894507,0.9920159541966257,ok,True,True,extraction,
xom,6580,2026-03-05,6068,6579,512,-1.532978228630822,linear,52,0,52,52,0,52,0.1,0.1015625,0.1015625,0.8495048341280309,8.495048341280309e-07,mle,0.04177507932894507,0.9920159541966257,ok,True,True,extraction,
xom,6581,2026-03-06,6069,6580,512,-1.532978228630822,linear,52,0,52,52,0,52,0.1,0.1015625,0.1015625,0.8502959234520866,8.502959234520865e-07,mle,0.04177507932894507,0.9920159541966257,ok,True,True,extraction,
xom,6582,2026-03-09,6070,6581,512,-1.532978228630822,linear,52,0,52,52,0,52,0.1,0.1015625,0.1015625,0.8462146268619113,8.462146268619112e-07,mle,0.04177507932894507,0.9920159541966257,ok,True,True,extraction,
xom,6583,2026-03-10,6071,6582,512,-1.532978228630822,linear,52,0,52,52,0,52,0.1,0.1015625,0.1015625,0.8432669475562793,8.432669475562792e-07,mle,0.04177507932894507,0.9920159541966257,ok,True,True,extraction,
xom,6584,2026-03-11,6072,6583,512,-1.5460705893073612,linear,52,0,52,52,0,52,0.1,0.1015625,0.1015625,0.8452837290673784,8.452837290673783e-07,mle,0.053148709732536735,0.9680393408767825,ok,True,True,extraction,
xom,6585,2026-03-12,6073,6584,512,-1.5460705893073612,linear,52,0,52,52,0,52,0.1,0.1015625,0.1015625,0.8462146268619113,8.462146268619112e-07,mle,0.053148709732536735,0.9680393408767825,ok,True,True,extraction,
xom,6586,2026-03-13,6074,6585,512,-1.5460705893073612,linear,52,0,52,52,0,52,0.1,0.1015625,0.1015625,0.8541617274767956,8.541617274767956e-07,mle,0.053148709732536735,0.9680393408767825,ok,True,True,extraction,
xom,6587,2026-03-16,6075,6586,512,-1.5460705893073612,linear,52,0,52,52,0,52,0.1,0.1015625,0.1015625,0.8704416648065416,8.704416648065416e-07,mle,0.053148709732536735,0.9680393408767825,ok,True,True,extraction,
xom,6588,2026-03-17,6076,6587,512,-1.5460705893073612,linear,52,0,52,52,0,52,0.1,0.1015625,0.1015625,0.8704416648065416,8.704416648065416e-07,mle,0.053148709732536735,0.9680393408767825,ok,True,True,extraction,
xom,6589,2026-03-18,6077,6588,512,-1.5460705893073612,linear,52,0,52,52,0,52,0.1,0.1015625,0.1015625,0.8738630411367894,8.738630411367893e-07,mle,0.053148709732536735,0.9680393408767825,ok,True,True,extraction,
xom,6590,2026-03-19,6078,6589,512,-1.5460705893073612,linear,52,0,52,52,0,52,0.1,0.1015625,0.1015625,0.8751174342698016,8.751174342698015e-07,mle,0.053148709732536735,0.9680393408767825,ok,True,True,extraction,
xom,6591,2026-03-20,6079,6590,512,-1.5460705893073612,linear,52,0,52,52,0,52,0.1,0.1015625,0.1015625,0.8704416648065416,8.704416648065416e-07,mle,0.053148709732536735,0.9680393408767825,ok,True,True,extraction,
xom,6592,2026-03-23,6080,6591,512,-1.5460705893073612,linear,52,0,52,52,0,52,0.1,0.1015625,0.1015625,0.8670921465628019,8.670921465628019e-07,mle,0.053148709732536735,0.9680393408767825,ok,True,True,extraction,
xom,6593,2026-03-24,6081,6592,512,-1.5460705893073612,linear,52,0,52,52,0,52,0.1,0.1015625,0.1015625,0.8611454130707847,8.611454130707847e-07,mle,0.053148709732536735,0.9680393408767825,ok,True,True,extraction,
xom,6594,2026-03-25,6082,6593,512,-1.5460705893073612,linear,52,0,52,52,0,52,0.1,0.1015625,0.1015625,0.8670921465628019,8.670921465628019e-07,mle,0.053148709732536735,0.9680393408767825,ok,True,True,extraction,
xom,6595,2026-03-26,6083,6594,512,-1.5460705893073612,linear,52,0,52,52,0,52,0.1,0.1015625,0.1015625,0.8632748278291694,8.632748278291694e-07,mle,0.053148709732536735,0.9680393408767825,ok,True,True,extraction,
xom,6596,2026-03-27,6084,6595,512,-1.5460705893073612,linear,52,0,52,52,0,52,0.1,0.1015625,0.1015625,0.8751174342698016,8.751174342698015e-07,mle,0.053148709732536735,0.9680393408767825,ok,True,True,extraction,
xom,6597,2026-03-30,6085,6596,512,-1.5460705893073612,linear,52,0,52,52,0,52,0.1,0.1015625,0.1015625,0.8763932726617956,8.763932726617956e-07,mle,0.053148709732536735,0.9680393408767825,ok,True,True,extraction,
xom,6598,2026-03-31,6086,6597,512,-1.5460705893073612,linear,52,0,52,52,0,52,0.1,0.1015625,0.1015625,0.8738630411367894,8.738630411367893e-07,mle,0.053148709732536735,0.9680393408767825,ok,True,True,extraction,
xom,6599,2026-04-01,6087,6598,512,-1.5460705893073612,linear,52,0,52,52,0,52,0.1,0.1015625,0.1015625,0.8751174342698016,8.751174342698015e-07,mle,0.053148709732536735,0.9680393408767825,ok,True,True,extraction,
xom,6600,2026-04-02,6088,6599,512,-1.560420587276093,linear,52,0,52,52,0,52,0.1,0.1015625,0.1015625,0.8822842712471737,8.822842712471737e-07,mle,0.054586174333887086,1.022766448827205,ok,True,True,extraction,
xom,6601,2026-04-06,6089,6600,512,-1.560420587276093,linear,52,0,52,52,0,52,0.1,0.1015625,0.1015625,0.8796555103873613,8.796555103873613e-07,mle,0.054586174333887086,1.022766448827205,ok,True,True,extraction,
xom,6602,2026-04-07,6090,6601,512,-1.560420587276093,linear,52,0,52,52,0,52,0.1,0.1015625,0.1015625,0.8846091270574445,8.846091270574445e-07,mle,0.054586174333887086,1.022766448827205,ok,True,True,extraction,
xom,6603,2026-04-08,6091,6602,512,-1.560420587276093,linear,52,0,52,52,0,52,0.1,0.1015625,0.1015625,0.8846091270574445,8.846091270574445e-07,mle,0.054586174333887086,1.022766448827205,ok,True,True,extraction,
xom,6604,2026-04-09,6092,6603,512,-1.5669263261522495,linear,52,0,52,52,0,52,0.1,0.1015625,0.1015625,0.8906592642475046,8.906592642475045e-07,mle,0.030831820991870963,1.1026363544570037,ok,True,True,extraction,
xom,6605,2026-04-10,6093,6604,512,-1.5669263261522495,linear,52,0,52,52,0,52,0.1,0.1015625,0.1015625,0.8906592642475046,8.906592642475045e-07,mle,0.030831820991870963,1.1026363544570037,ok,True,True,extraction,
xom,6606,2026-04-13,6094,6605,512,-1.5782658683855175,linear,52,0,52,52,0,52,0.1,0.1015625,0.1015625,0.8914503535715603,8.914503535715603e-07,mle,0.03888183978853073,1.0840679545135652,ok,True,True,extraction,
xom,6607,2026-04-14,6095,6606,512,-1.5782658683855175,linear,52,0,52,52,0,52,0.1,0.1015625,0.1015625,0.8914503535715603,8.914503535715603e-07,mle,0.03888183978853073,1.0840679545135652,ok,True,True,extraction,
xom,6608,2026-04-15,6096,6607,512,-1.6002609867364428,linear,52,0,52,52,0,52,0.1,0.1015625,0.1015625,0.8933782776838657,8.933782776838657e-07,mle,0.0385676473852619,1.0757333653970491,ok,True,True,extraction,
xom,6609,2026-04-16,6097,6608,512,-1.6002609867364428,linear,52,0,52,52,0,52,0.1,0.1015625,0.1015625,0.8816374854672011,8.816374854672011e-07,mle,0.0385676473852619,1.0757333653970491,ok,True,True,extraction,
xom,6610,2026-04-17,6098,6609,512,-1.6002609867364428,linear,52,0,52,52,0,52,0.1,0.1015625,0.1015625,0.8916405258453142,8.916405258453141e-07,mle,0.0385676473852619,1.0757333653970491,ok,True,True,extraction,
xom,6611,2026-04-20,6099,6610,512,-1.6243373543948298,linear,52,0,52,52,0,52,0.1,0.1015625,0.1015625,0.8875842237687193,8.875842237687192e-07,mle,0.021409610234703672,1.1110129804871323,ok,True,True,extraction,
xom,6612,2026-04-21,6100,6611,512,-1.6243373543948298,linear,52,0,52,52,0,52,0.1,0.1015625,0.1015625,0.8916405258453142,8.916405258453141e-07,mle,0.021409610234703672,1.1110129804871323,ok,True,True,extraction,
xom,6613,2026-04-22,6101,6612,512,-1.6243373543948298,linear,52,0,52,52,0,52,0.1,0.1015625,0.1015625,0.8916405258453142,8.916405258453141e-07,mle,0.021409610234703672,1.1110129804871323,ok,True,True,extraction,
xom,6614,2026-04-23,6102,6613,512,-1.6243373543948298,linear,52,0,52,52,0,52,0.1,0.1015625,0.1015625,0.8816374854672011,8.816374854672011e-07,mle,0.021409610234703672,1.1110129804871323,ok,True,True,extraction,
xom,6615,2026-04-24,6103,6614,512,-1.6243373543948298,linear,52,0,52,52,0,52,0.1,0.1015625,0.1015625,0.8846091270574445,8.846091270574445e-07,mle,0.021409610234703672,1.1110129804871323,ok,True,True,extraction,
xom,6616,2026-04-27,6104,6615,512,-1.6243373543948298,linear,52,0,52,52,0,52,0.1,0.1015625,0.1015625,0.8916405258453142,8.916405258453141e-07,mle,0.021409610234703672,1.1110129804871323,ok,True,True,extraction,
xom,6617,2026-04-28,6105,6616,512,-1.6243373543948298,linear,52,0,52,52,0,52,0.1,0.1015625,0.1015625,0.8875842237687193,8.875842237687192e-07,mle,0.021409610234703672,1.1110129804871323,ok,True,True,extraction,
xom,6618,2026-04-29,6106,6617,512,-1.6243373543948298,linear,52,0,52,52,0,52,0.1,0.1015625,0.1015625,0.8946121674355576,8.946121674355575e-07,mle,0.021409610234703672,1.1110129804871323,ok,True,True,extraction,
xom,6619,2026-04-30,6107,6618,512,-1.6243373543948298,linear,52,0,52,52,0,52,0.1,0.1015625,0.1015625,0.8955906199958958,8.955906199958958e-07,mle,0.021409610234703672,1.1110129804871323,ok,True,True,extraction,
xom,6620,2026-05-01,6108,6619,512,-1.6243373543948298,linear,52,0,52,52,0,52,0.1,0.1015625,0.1015625,0.8955906199958958,8.955906199958958e-07,mle,0.021409610234703672,1.1110129804871323,ok,True,True,extraction,
xom,6621,2026-05-04,6109,6620,512,-1.6243373543948298,linear,52,0,52,52,0,52,0.1,0.1015625,0.1015625,0.8955906199958958,8.955906199958958e-07,mle,0.021409610234703672,1.1110129804871323,ok,True,True,extraction,
xom,6622,2026-05-05,6110,6621,512,-1.6243373543948298,linear,52,0,52,52,0,52,0.1,0.1015625,0.1015625,0.8959809522194337,8.959809522194338e-07,mle,0.021409610234703672,1.1110129804871323,ok,True,True,extraction,
xom,6623,2026-05-06,6111,6622,512,-1.6243373543948298,linear,52,0,52,52,0,52,0.1,0.1015625,0.1015625,0.8951898628953782,8.951898628953781e-07,mle,0.021409610234703672,1.1110129804871323,ok,True,True,extraction,
xom,6624,2026-05-07,6112,6623,512,-1.6434504849664011,linear,52,0,52,52,0,52,0.1,0.1015625,0.1015625,0.8959809522194337,8.959809522194338e-07,mle,-0.0012976170819428317,1.164836729269887,ok,True,True,extraction,
xom,6625,2026-05-08,6113,6624,512,-1.6434504849664011,linear,52,0,52,52,0,52,0.1,0.1015625,0.1015625,0.8980335437658055,8.980335437658054e-07,mle,-0.0012976170819428317,1.164836729269887,ok,True,True,extraction,
xom,6626,2026-05-11,6114,6625,512,-1.6434504849664011,linear,52,0,52,52,0,52,0.1,0.1015625,0.1015625,0.9010757956356595,9.010757956356595e-07,mle,-0.0012976170819428317,1.164836729269887,ok,True,True,extraction,
xom,6627,2026-05-12,6115,6626,512,-1.6434504849664011,linear,52,0,52,52,0,52,0.1,0.1015625,0.1015625,0.9021850179532852,9.021850179532852e-07,mle,-0.0012976170819428317,1.164836729269887,ok,True,True,extraction,
xom,6628,2026-05-13,6116,6627,512,-1.6434504849664011,linear,52,0,52,52,0,52,0.1,0.1015625,0.1015625,0.9021850179532852,9.021850179532852e-07,mle,-0.0012976170819428317,1.164836729269887,ok,True,True,extraction,
xom,6629,2026-05-14,6117,6628,512,-1.6243373543948298,linear,52,0,52,52,0,52,0.1,0.1015625,0.1015625,0.8999614678781109,8.999614678781108e-07,mle,0.01276899163127892,1.144817865018794,ok,True,True,extraction,
xom,6630,2026-05-15,6118,6629,512,-1.6243373543948298,linear,52,0,52,52,0,52,0.1,0.1015625,0.1015625,0.8979088763317391,8.979088763317391e-07,mle,0.01276899163127892,1.144817865018794,ok,True,True,extraction,
xom,6631,2026-05-18,6119,6630,512,-1.6243373543948298,linear,52,0,52,52,0,52,0.1,0.1015625,0.1015625,0.8979088763317391,8.979088763317391e-07,mle,0.01276899163127892,1.144817865018794,ok,True,True,extraction,
xom,6632,2026-05-19,6120,6631,512,-1.6002609867364428,linear,52,0,52,52,0,52,0.1,0.1015625,0.1015625,0.8957987086570457,8.957987086570456e-07,mle,0.0006045850477340319,1.177006980266124,ok,True,True,extraction,
xom,6633,2026-05-20,6121,6632,512,-1.6002609867364428,linear,52,0,52,52,0,52,0.1,0.1015625,0.1015625,0.9005950269272569,9.005950269272569e-07,mle,0.0006045850477340319,1.177006980266124,ok,True,True,extraction,
xom,6634,2026-05-21,6122,6633,512,-1.6243373543948298,linear,52,0,52,52,0,52,0.1,0.1015625,0.1015625,0.9027051946019504,9.027051946019504e-07,mle,-0.019763924609009803,1.2221610440429194,ok,True,True,extraction,
xom,6635,2026-05-22,6123,6634,512,-1.6243373543948298,linear,52,0,52,52,0,52,0.1,0.1015625,0.1015625,0.902508193552182,9.02508193552182e-07,mle,-0.019763924609009803,1.2221610440429194,ok,True,True,extraction,
xom,6636,2026-05-26,6124,6635,512,-1.6243373543948298,linear,52,0,52,52,0,52,0.1,0.1015625,0.1015625,0.902508193552182,9.02508193552182e-07,mle,-0.019763924609009803,1.2221610440429194,ok,True,True,extraction,
xom,6637,2026-05-27,6125,6636,512,-1.6434504849664011,linear,52,0,52,52,0,52,0.1,0.1015625,0.1015625,0.9044608309519659,9.044608309519659e-07,mle,-0.04058525187511923,1.2618317954072094,ok,True,True,extraction,
xom,6638,2026-05-28,6126,6637,512,-1.6434504849664011,linear,52,0,52,52,0,52,0.1,0.1015625,0.1015625,0.9052519202760216,9.052519202760216e-07,mle,-0.04058525187511923,1.2618317954072094,ok,True,True,extraction,
xom,6639,2026-05-29,6127,6638,512,-1.6434504849664011,linear,52,0,52,52,0,52,0.1,0.1015625,0.1015625,0.9052519202760216,9.052519202760216e-07,mle,-0.04058525187511923,1.2618317954072094,ok,True,True,extraction,
xom,6640,2026-06-01,6128,6639,512,-1.6434504849664011,linear,52,0,52,52,0,52,0.1,0.1015625,0.1015625,0.9069813362234964,9.069813362234963e-07,mle,-0.04058525187511923,1.2618317954072094,ok,True,True,extraction,
xom,6641,2026-06-02,6129,6640,512,-1.6434504849664011,linear,52,0,52,52,0,52,0.1,0.1015625,0.1015625,0.911506018886851,9.11506018886851e-07,mle,-0.04058525187511923,1.2618317954072094,ok,True,True,extraction,
xom,6642,2026-06-03,6130,6641,512,-1.6434504849664011,linear,52,0,52,52,0,52,0.1,0.1015625,0.1015625,0.911506018886851,9.11506018886851e-07,mle,-0.04058525187511923,1.2618317954072094,ok,True,True,extraction,
xom,6643,2026-06-04,6131,6642,512,-1.6434504849664011,linear,52,0,52,52,0,52,0.1,0.1015625,0.1015625,0.9170611050555684,9.170611050555683e-07,mle,-0.04058525187511923,1.2618317954072094,ok,True,True,extraction,
xom,6644,2026-06-05,6132,6643,512,-1.6434504849664011,linear,52,0,52,52,0,52,0.1,0.1015625,0.1015625,0.911506018886851,9.11506018886851e-07,mle,-0.04058525187511923,1.2618317954072094,ok,True,True,extraction,
xom,6645,2026-06-08,6133,6644,512,-1.6434504849664011,linear,52,0,52,52,0,52,0.1,0.1015625,0.1015625,0.9170611050555684,9.170611050555683e-07,mle,-0.04058525187511923,1.2618317954072094,ok,True,True,extraction,
xom,6646,2026-06-09,6134,6645,512,-1.6434504849664011,linear,52,0,52,52,0,52,0.1,0.1015625,0.1015625,0.919650329268767,9.196503292687669e-07,mle,-0.04058525187511923,1.2618317954072094,ok,True,True,extraction,
xom,6647,2026-06-10,6135,6646,512,-1.6434504849664011,linear,52,0,52,52,0,52,0.1,0.1015625,0.1015625,0.919650329268767,9.196503292687669e-07,mle,-0.036770864637309573,1.2543993094274035,ok,True,True,extraction,
xom,6648,2026-06-11,6136,6647,512,-1.6243373543948298,linear,52,0,52,52,0,52,0.1,0.1015625,0.1015625,0.919650329268767,9.196503292687669e-07,mle,-0.04933906915067714,1.2877413960082347,ok,True,True,extraction,
xom,6649,2026-06-12,6137,6648,512,-1.6434504849664011,linear,52,0,52,52,0,52,0.1,0.1015625,0.1015625,0.9266050129914785,9.266050129914785e-07,mle,-0.05952371254336625,1.3018618510567694,ok,True,True,extraction,
xom,6650,2026-06-15,6138,6649,512,-1.6434504849664011,linear,52,0,52,52,0,52,0.1,0.1015625,0.1015625,0.919650329268767,9.196503292687669e-07,mle,-0.05952371254336625,1.3018618510567694,ok,True,True,extraction,
xom,6651,2026-06-16,6139,6650,512,-1.6775534169348614,linear,52,0,52,52,0,52,0.1,0.1015625,0.1015625,0.919650329268767,9.196503292687669e-07,mle,-0.07302139697703267,1.3352319678465838,ok,True,True,extraction,
xom,6652,2026-06-17,6140,6651,512,-1.6775534169348614,linear,52,0,52,52,0,52,0.1,0.1015625,0.1015625,0.919650329268767,9.196503292687669e-07,mle,-0.07302139697703267,1.3352319678465838,ok,True,True,extraction,
xom,6653,2026-06-18,6141,6652,512,-1.6775534169348614,linear,52,0,52,52,0,52,0.1,0.1015625,0.1015625,0.9170611050555684,9.170611050555683e-07,mle,-0.07302139697703267,1.3352319678465838,ok,True,True,extraction,
xom,6654,2026-06-22,6142,6653,512,-1.6775534169348614,linear,52,0,52,52,0,52,0.1,0.1015625,0.1015625,0.9170611050555684,9.170611050555683e-07,mle,-0.06590305393691263,1.3198619571248136,ok,True,True,extraction,
xom,6655,2026-06-23,6143,6654,512,-1.6775534169348614,linear,52,0,52,52,0,52,0.1,0.1015625,0.1015625,0.9084637670169969,9.084637670169969e-07,mle,-0.06590305393691263,1.3198619571248136,ok,True,True,extraction,
xom,6656,2026-06-24,6144,6655,512,-1.6775534169348614,linear,52,0,52,52,0,52,0.1,0.1015625,0.1015625,0.9084637670169969,9.084637670169969e-07,mle,-0.06590305393691263,1.3198619571248136,ok,True,True,extraction,
xom,6657,2026-06-25,6145,6656,512,-1.6870650947972836,linear,52,0,52,52,0,52,0.1,0.1015625,0.1015625,0.9170611050555684,9.170611050555683e-07,mle,-0.06814380537454881,1.3199091313305986,ok,True,True,extraction,
xom,6658,2026-06-26,6146,6657,512,-1.6870650947972836,linear,52,0,52,52,0,52,0.1,0.1015625,0.1015625,0.9084637670169969,9.084637670169969e-07,mle,-0.06814380537454881,1.3199091313305986,ok,True,True,extraction,
xom,6659,2026-06-29,6147,6658,512,-1.6870650947972836,linear,52,0,52,52,0,52,0.1,0.1015625,0.1015625,0.9104164044167808,9.104164044167808e-07,mle,-0.06814380537454881,1.3199091313305986,ok,True,True,extraction,
xom,6660,2026-06-30,6148,6659,512,-1.6870650947972836,linear,52,0,52,52,0,52,0.1,0.1015625,0.1015625,0.9104164044167808,9.104164044167808e-07,mle,-0.06814380537454881,1.3199091313305986,ok,True,True,extraction,
xom,6661,2026-07-01,6149,6660,512,-1.6870650947972836,linear,52,0,52,52,0,52,0.1,0.1015625,0.1015625,0.9027051946019504,9.027051946019504e-07,mle,-0.06814380537454881,1.3199091313305986,ok,True,True,extraction,
xom,6662,2026-07-02,6150,6661,512,-1.6870650947972836,linear,52,0,52,52,0,52,0.1,0.1015625,0.1015625,0.9005950269272569,9.005950269272569e-07,mle,-0.06814380537454881,1.3199091313305986,ok,True,True,extraction,
