asset,t,date,ctx_start,ctx_end,W,u,quantile_method,n_lt_u,n_eq_u,n_le_u,n_raw_exc,tie_count,n_kept,tau_nominal,tau_strict,tau_fit,scale_ref,beta_floor,fit_branch,xi,beta,status,var_defined,es_defined,layer,exclusion_reason
xrp,512,2019-04-06,0,511,512,-6.529867131111333,linear,52,0,52,52,0,52,0.1,0.1015625,0.1015625,2.5970940481709004,2.5970940481709004e-06,mle,0.14335664419147243,4.226242646066546,ok,True,True,extraction,
xrp,513,2019-04-07,1,512,512,-6.529867131111333,linear,52,0,52,52,0,52,0.1,0.1015625,0.1015625,2.589673645358859,2.589673645358859e-06,mle,0.14335664419147243,4.226242646066546,ok,True,True,extraction,
xrp,514,2019-04-08,2,513,512,-6.529867131111333,linear,52,0,52,52,0,52,0.1,0.1015625,0.1015625,2.589673645358859,2.589673645358859e-06,mle,0.14335664419147243,4.226242646066546,ok,True,True,extraction,
xrp,515,2019-04-09,3,514,512,-6.529867131111333,linear,52,0,52,52,0,52,0.1,0.1015625,0.1015625,2.5783617219043737,2.578361721904374e-06,mle,0.14335664419147243,4.226242646066546,ok,True,True,extraction,
xrp,516,2019-04-10,4,515,512,-6.529867131111333,linear,52,0,52,52,0,52,0.1,0.1015625,0.1015625,2.5611262812905125,2.5611262812905123e-06,mle,0.14335664419147243,4.226242646066546,ok,True,True,extraction,
xrp,517,2019-04-11,5,516,512,-6.529867131111333,linear,52,0,52,52,0,52,0.1,0.1015625,0.1015625,2.5460144164959617,2.5460144164959616e-06,mle,0.14335664419147243,4.226242646066546,ok,True,True,extraction,
xrp,518,2019-04-12,6,517,512,-6.580818811152666,linear,52,0,52,52,0,52,0.1,0.1015625,0.1015625,2.5599936706203685,2.5599936706203684e-06,mle,0.15342183338516563,4.1420661416984945,ok,True,True,extraction,
xrp,519,2019-04-13,7,518,512,-6.580818811152666,linear,52,0,52,52,0,52,0.1,0.1015625,0.1015625,2.543997733600308,2.543997733600308e-06,mle,0.15342183338516563,4.1420661416984945,ok,True,True,extraction,
xrp,520,2019-04-14,8,519,512,-6.580818811152666,linear,52,0,52,52,0,52,0.1,0.1015625,0.1015625,2.543997733600308,2.543997733600308e-06,mle,0.15342183338516563,4.1420661416984945,ok,True,True,extraction,
xrp,521,2019-04-15,9,520,512,-6.580818811152666,linear,52,0,52,52,0,52,0.1,0.1015625,0.1015625,2.543997733600308,2.543997733600308e-06,mle,0.15342183338516563,4.1420661416984945,ok,True,True,extraction,
xrp,522,2019-04-16,10,521,512,-6.580818811152666,linear,52,0,52,52,0,52,0.1,0.1015625,0.1015625,2.543270307861481,2.5432703078614806e-06,mle,0.15342183338516563,4.1420661416984945,ok,True,True,extraction,
xrp,523,2019-04-17,11,522,512,-6.580818811152666,linear,52,0,52,52,0,52,0.1,0.1015625,0.1015625,2.529833007947355,2.529833007947355e-06,mle,0.15342183338516563,4.1420661416984945,ok,True,True,extraction,
xrp,524,2019-04-18,12,523,512,-6.580818811152666,linear,52,0,52,52,0,52,0.1,0.1015625,0.1015625,2.543997733600308,2.543997733600308e-06,mle,0.15342183338516563,4.1420661416984945,ok,True,True,extraction,
xrp,525,2019-04-19,13,524,512,-6.580818811152666,linear,52,0,52,52,0,52,0.1,0.1015625,0.1015625,2.529833007947355,2.529833007947355e-06,mle,0.15342183338516563,4.1420661416984945,ok,True,True,extraction,
xrp,526,2019-04-20,14,525,512,-6.580818811152666,linear,52,0,52,52,0,52,0.1,0.1015625,0.1015625,2.529833007947355,2.529833007947355e-06,mle,0.15342183338516563,4.1420661416984945,ok,True,True,extraction,
xrp,527,2019-04-21,15,526,512,-6.580818811152666,linear,52,0,52,52,0,52,0.1,0.1015625,0.1015625,2.5315270608390312,2.531527060839031e-06,mle,0.15342183338516563,4.1420661416984945,ok,True,True,extraction,
xrp,528,2019-04-22,16,527,512,-6.580818811152666,linear,52,0,52,52,0,52,0.1,0.1015625,0.1015625,2.5225696326187586,2.5225696326187586e-06,mle,0.15342183338516563,4.1420661416984945,ok,True,True,extraction,
xrp,529,2019-04-23,17,528,512,-6.580818811152666,linear,52,0,52,52,0,52,0.1,0.1015625,0.1015625,2.5276467639306794,2.5276467639306792e-06,mle,0.15342183338516563,4.1420661416984945,ok,True,True,extraction,
xrp,530,2019-04-24,18,529,512,-6.580818811152666,linear,52,0,52,52,0,52,0.1,0.1015625,0.1015625,2.5225696326187586,2.5225696326187586e-06,mle,0.15342183338516563,4.1420661416984945,ok,True,True,extraction,
xrp,531,2019-04-25,19,530,512,-6.580818811152666,linear,52,0,52,52,0,52,0.1,0.1015625,0.1015625,2.50436364638422,2.50436364638422e-06,mle,0.15342183338516563,4.1420661416984945,ok,True,True,extraction,
xrp,532,2019-04-26,20,531,512,-6.529867131111333,linear,52,0,52,52,0,52,0.1,0.1015625,0.1015625,2.50436364638422,2.50436364638422e-06,mle,0.16913890113259886,3.8786726708889665,ok,True,True,extraction,
xrp,533,2019-04-27,21,532,512,-6.529867131111333,linear,52,0,52,52,0,52,0.1,0.1015625,0.1015625,2.50436364638422,2.50436364638422e-06,mle,0.16913890113259886,3.8786726708889665,ok,True,True,extraction,
xrp,534,2019-04-28,22,533,512,-6.529867131111333,linear,52,0,52,52,0,52,0.1,0.1015625,0.1015625,2.494122640440519,2.4941226404405185e-06,mle,0.16913890113259886,3.8786726708889665,ok,True,True,extraction,
xrp,535,2019-04-29,23,534,512,-6.529867131111333,linear,52,0,52,52,0,52,0.1,0.1015625,0.1015625,2.494122640440519,2.4941226404405185e-06,mle,0.16913890113259886,3.8786726708889665,ok,True,True,extraction,
xrp,536,2019-04-30,24,535,512,-6.529867131111333,linear,52,0,52,52,0,52,0.1,0.1015625,0.1015625,2.494122640440519,2.4941226404405185e-06,mle,0.16913890113259886,3.8786726708889665,ok,True,True,extraction,
xrp,537,2019-05-01,25,536,512,-6.529867131111333,linear,52,0,52,52,0,52,0.1,0.1015625,0.1015625,2.5054345638950046,2.5054345638950045e-06,mle,0.16913890113259886,3.8786726708889665,ok,True,True,extraction,
xrp,538,2019-05-02,26,537,512,-6.529867131111333,linear,52,0,52,52,0,52,0.1,0.1015625,0.1015625,2.494122640440519,2.4941226404405185e-06,mle,0.16913890113259886,3.8786726708889665,ok,True,True,extraction,
xrp,539,2019-05-03,27,538,512,-6.529867131111333,linear,52,0,52,52,0,52,0.1,0.1015625,0.1015625,2.487405005550931,2.487405005550931e-06,mle,0.16913890113259886,3.8786726708889665,ok,True,True,extraction,
xrp,540,2019-05-04,28,539,512,-6.529867131111333,linear,52,0,52,52,0,52,0.1,0.1015625,0.1015625,2.4857304406705065,2.4857304406705063e-06,mle,0.16913890113259886,3.8786726708889665,ok,True,True,extraction,
xrp,541,2019-05-05,29,540,512,-6.529867131111333,linear,52,0,52,52,0,52,0.1,0.1015625,0.1015625,2.4713311936847986,2.4713311936847985e-06,mle,0.16913890113259886,3.8786726708889665,ok,True,True,extraction,
xrp,542,2019-05-06,30,541,512,-6.529867131111333,linear,52,0,52,52,0,52,0.1,0.1015625,0.1015625,2.4545053295018837,2.4545053295018837e-06,mle,0.16913890113259886,3.8786726708889665,ok,True,True,extraction,
xrp,543,2019-05-07,31,542,512,-6.529867131111333,linear,52,0,52,52,0,52,0.1,0.1015625,0.1015625,2.436425144109009,2.4364251441090087e-06,mle,0.16913890113259886,3.8786726708889665,ok,True,True,extraction,
xrp,544,2019-05-08,32,543,512,-6.529867131111333,linear,52,0,52,52,0,52,0.1,0.1015625,0.1015625,2.4326874216349,2.4326874216349e-06,mle,0.16913890113259886,3.8786726708889665,ok,True,True,extraction,
xrp,545,2019-05-09,33,544,512,-6.529867131111333,linear,52,0,52,52,0,52,0.1,0.1015625,0.1015625,2.4220662056602498,2.4220662056602497e-06,mle,0.16913890113259886,3.8786726708889665,ok,True,True,extraction,
xrp,546,2019-05-10,34,545,512,-6.529867131111333,linear,52,0,52,52,0,52,0.1,0.1015625,0.1015625,2.410867357169473,2.4108673571694732e-06,mle,0.16913890113259886,3.8786726708889665,ok,True,True,extraction,
xrp,547,2019-05-11,35,546,512,-6.529867131111333,linear,52,0,52,52,0,52,0.1,0.1015625,0.1015625,2.403194559696981,2.4031945596969806e-06,mle,0.16913890113259886,3.8786726708889665,ok,True,True,extraction,
xrp,548,2019-05-12,36,547,512,-6.453159557813177,linear,52,0,52,52,0,52,0.1,0.1015625,0.1015625,2.411498394225855,2.411498394225855e-06,mle,0.19010778339140388,3.7397580981486875,ok,True,True,extraction,
xrp,549,2019-05-13,37,548,512,-6.453159557813177,linear,52,0,52,52,0,52,0.1,0.1015625,0.1015625,2.410867357169473,2.4108673571694732e-06,mle,0.19010778339140388,3.7397580981486875,ok,True,True,extraction,
xrp,550,2019-05-14,38,549,512,-6.453159557813177,linear,52,0,52,52,0,52,0.1,0.1015625,0.1015625,2.419171191698348,2.4191711916983476e-06,mle,0.19010778339140388,3.7397580981486875,ok,True,True,extraction,
xrp,551,2019-05-15,39,550,512,-6.453159557813177,linear,52,0,52,52,0,52,0.1,0.1015625,0.1015625,2.419171191698348,2.4191711916983476e-06,mle,0.19010778339140388,3.7397580981486875,ok,True,True,extraction,
xrp,552,2019-05-16,40,551,512,-6.453159557813177,linear,52,0,52,52,0,52,0.1,0.1015625,0.1015625,2.4220662056602498,2.4220662056602497e-06,mle,0.19010778339140388,3.7397580981486875,ok,True,True,extraction,
xrp,553,2019-05-17,41,552,512,-6.529867131111333,linear,52,0,52,52,0,52,0.1,0.1015625,0.1015625,2.4326874216349,2.4326874216349e-06,mle,0.19308394765937345,3.692272813220228,ok,True,True,extraction,
xrp,554,2019-05-18,42,553,512,-6.580818811152666,linear,52,0,52,52,0,52,0.1,0.1015625,0.1015625,2.4405266010840734,2.440526601084073e-06,mle,0.18796075488875424,3.6993645772241335,ok,True,True,extraction,
xrp,555,2019-05-19,43,554,512,-6.580818811152666,linear,52,0,52,52,0,52,0.1,0.1015625,0.1015625,2.4405266010840734,2.440526601084073e-06,mle,0.18796075488875424,3.6993645772241335,ok,True,True,extraction,
xrp,556,2019-05-20,44,555,512,-6.580818811152666,linear,52,0,52,52,0,52,0.1,0.1015625,0.1015625,2.4405266010840734,2.440526601084073e-06,mle,0.18796075488875424,3.6993645772241335,ok,True,True,extraction,
xrp,557,2019-05-21,45,556,512,-6.529867131111333,linear,52,0,52,52,0,52,0.1,0.1015625,0.1015625,2.4405266010840734,2.440526601084073e-06,mle,0.21400856056756648,3.5497466450720863,ok,True,True,extraction,
xrp,558,2019-05-22,46,557,512,-6.529867131111333,linear,52,0,52,52,0,52,0.1,0.1015625,0.1015625,2.4220662056602498,2.4220662056602497e-06,mle,0.21400856056756648,3.5497466450720863,ok,True,True,extraction,
xrp,559,2019-05-23,47,558,512,-6.529867131111333,linear,52,0,52,52,0,52,0.1,0.1015625,0.1015625,2.4167965058520258,2.4167965058520256e-06,mle,0.21400856056756648,3.5497466450720863,ok,True,True,extraction,
xrp,560,2019-05-24,48,559,512,-6.529867131111333,linear,52,0,52,52,0,52,0.1,0.1015625,0.1015625,2.3965341992035247,2.3965341992035246e-06,mle,0.21400856056756648,3.5497466450720863,ok,True,True,extraction,
xrp,561,2019-05-25,49,560,512,-6.529867131111333,linear,52,0,52,52,0,52,0.1,0.1015625,0.1015625,2.388861401731032,2.388861401731032e-06,mle,0.21400856056756648,3.5497466450720863,ok,True,True,extraction,
xrp,562,2019-05-26,50,561,512,-6.529867131111333,linear,52,0,52,52,0,52,0.1,0.1015625,0.1015625,2.3712760227193534,2.3712760227193534e-06,mle,0.21400856056756648,3.5497466450720863,ok,True,True,extraction,
xrp,563,2019-05-27,51,562,512,-6.529867131111333,linear,52,0,52,52,0,52,0.1,0.1015625,0.1015625,2.403194559696981,2.4031945596969806e-06,mle,0.21400856056756648,3.5497466450720863,ok,True,True,extraction,
xrp,564,2019-05-28,52,563,512,-6.529867131111333,linear,52,0,52,52,0,52,0.1,0.1015625,0.1015625,2.403194559696981,2.4031945596969806e-06,mle,0.21400856056756648,3.5497466450720863,ok,True,True,extraction,
xrp,565,2019-05-29,53,564,512,-6.529867131111333,linear,52,0,52,52,0,52,0.1,0.1015625,0.1015625,2.403194559696981,2.4031945596969806e-06,mle,0.21400856056756648,3.5497466450720863,ok,True,True,extraction,
xrp,566,2019-05-30,54,565,512,-6.529867131111333,linear,52,0,52,52,0,52,0.1,0.1015625,0.1015625,2.3712760227193534,2.3712760227193534e-06,mle,0.21400856056756648,3.5497466450720863,ok,True,True,extraction,
xrp,567,2019-05-31,55,566,512,-6.529867131111333,linear,52,0,52,52,0,52,0.1,0.1015625,0.1015625,2.374841067621343,2.3748410676213433e-06,mle,0.21400856056756648,3.5497466450720863,ok,True,True,extraction,
xrp,568,2019-06-01,56,567,512,-6.529867131111333,linear,52,0,52,52,0,52,0.1,0.1015625,0.1015625,2.374841067621343,2.3748410676213433e-06,mle,0.21400856056756648,3.5497466450720863,ok,True,True,extraction,
xrp,569,2019-06-02,57,568,512,-6.529867131111333,linear,52,0,52,52,0,52,0.1,0.1015625,0.1015625,2.3704072332132093,2.3704072332132093e-06,mle,0.21400856056756648,3.5497466450720863,ok,True,True,extraction,
xrp,570,2019-06-03,58,569,512,-6.529867131111333,linear,52,0,52,52,0,52,0.1,0.1015625,0.1015625,2.374841067621343,2.3748410676213433e-06,mle,0.21400856056756648,3.5497466450720863,ok,True,True,extraction,
xrp,571,2019-06-04,59,570,512,-6.529867131111333,linear,52,0,52,52,0,52,0.1,0.1015625,0.1015625,2.3737876100766426,2.3737876100766427e-06,mle,0.21400856056756648,3.5497466450720863,ok,True,True,extraction,
xrp,572,2019-06-05,60,571,512,-6.453159557813177,linear,52,0,52,52,0,52,0.1,0.1015625,0.1015625,2.3737876100766426,2.3737876100766427e-06,mle,0.13338515371306647,3.5393093738270167,ok,True,True,extraction,
xrp,573,2019-06-06,61,572,512,-6.415690330089258,linear,52,0,52,52,0,52,0.1,0.1015625,0.1015625,2.3704072332132093,2.3704072332132093e-06,mle,0.1603248618860047,3.3139418206954026,ok,True,True,extraction,
xrp,574,2019-06-07,62,573,512,-6.415690330089258,linear,52,0,52,52,0,52,0.1,0.1015625,0.1015625,2.3589588480018095,2.3589588480018093e-06,mle,0.1603248618860047,3.3139418206954026,ok,True,True,extraction,
xrp,575,2019-06-08,63,574,512,-6.415690330089258,linear,52,0,52,52,0,52,0.1,0.1015625,0.1015625,2.3589588480018095,2.3589588480018093e-06,mle,0.1603248618860047,3.3139418206954026,ok,True,True,extraction,
xrp,576,2019-06-09,64,575,512,-6.415690330089258,linear,52,0,52,52,0,52,0.1,0.1015625,0.1015625,2.3580900584956654,2.3580900584956655e-06,mle,0.1603248618860047,3.3139418206954026,ok,True,True,extraction,
xrp,577,2019-06-10,65,576,512,-6.415690330089258,linear,52,0,52,52,0,52,0.1,0.1015625,0.1015625,2.3589588480018095,2.3589588480018093e-06,mle,0.1603248618860047,3.3139418206954026,ok,True,True,extraction,
xrp,578,2019-06-11,66,577,512,-6.376454899329829,linear,52,0,52,52,0,52,0.1,0.1015625,0.1015625,2.3589588480018095,2.3589588480018093e-06,mle,0.17026056363964095,3.280248671384657,ok,True,True,extraction,
xrp,579,2019-06-12,67,578,512,-6.341435636316919,linear,52,0,52,52,0,52,0.1,0.1015625,0.1015625,2.3443595824833965,2.3443595824833963e-06,mle,0.19904947680284477,3.139407085296656,ok,True,True,extraction,
xrp,580,2019-06-13,68,579,512,-6.1650981960305,linear,52,0,52,52,0,52,0.1,0.1015625,0.1015625,2.332428408149858,2.332428408149858e-06,mle,-0.1143691948855745,3.9364999286888915,ok,True,True,extraction,
xrp,581,2019-06-14,69,580,512,-6.1650981960305,linear,52,0,52,52,0,52,0.1,0.1015625,0.1015625,2.328135987540799,2.3281359875407988e-06,mle,-0.1143691948855745,3.9364999286888915,ok,True,True,extraction,
xrp,582,2019-06-15,70,581,512,-6.1650981960305,linear,52,0,52,52,0,52,0.1,0.1015625,0.1015625,2.32154466103116,2.3215446610311596e-06,mle,-0.1143691948855745,3.9364999286888915,ok,True,True,extraction,
xrp,583,2019-06-16,71,582,512,-6.1650981960305,linear,52,0,52,52,0,52,0.1,0.1015625,0.1015625,2.3084377715693214,2.3084377715693214e-06,mle,-0.1143691948855745,3.9364999286888915,ok,True,True,extraction,
xrp,584,2019-06-17,72,583,512,-6.1650981960305,linear,52,0,52,52,0,52,0.1,0.1015625,0.1015625,2.313495227768421,2.3134952277684208e-06,mle,-0.1143691948855745,3.9364999286888915,ok,True,True,extraction,
xrp,585,2019-06-18,73,584,512,-6.139893164752272,linear,52,0,52,52,0,52,0.1,0.1015625,0.1015625,2.3024475456610793,2.3024475456610793e-06,mle,-0.05606880396676325,3.601809441323468,ok,True,True,extraction,
xrp,586,2019-06-19,74,585,512,-6.139893164752272,linear,52,0,52,52,0,52,0.1,0.1015625,0.1015625,2.3076087557762825,2.3076087557762827e-06,mle,-0.05606880396676325,3.601809441323468,ok,True,True,extraction,
xrp,587,2019-06-20,75,586,512,-6.139893164752272,linear,52,0,52,52,0,52,0.1,0.1015625,0.1015625,2.2892840362921936,2.2892840362921933e-06,mle,-0.05606880396676325,3.601809441323468,ok,True,True,extraction,
xrp,588,2019-06-21,76,587,512,-6.139893164752272,linear,52,0,52,52,0,52,0.1,0.1015625,0.1015625,2.3076087557762825,2.3076087557762827e-06,mle,-0.05606880396676325,3.601809441323468,ok,True,True,extraction,
xrp,589,2019-06-22,77,588,512,-6.139893164752272,linear,52,0,52,52,0,52,0.1,0.1015625,0.1015625,2.2892840362921936,2.2892840362921933e-06,mle,-0.05606880396676325,3.601809441323468,ok,True,True,extraction,
xrp,590,2019-06-23,78,589,512,-6.074435427891961,linear,52,0,52,52,0,52,0.1,0.1015625,0.1015625,2.2747179752748177,2.2747179752748174e-06,mle,-0.06429711304810139,3.6709369090127626,ok,True,True,extraction,
xrp,591,2019-06-24,79,590,512,-6.074435427891961,linear,52,0,52,52,0,52,0.1,0.1015625,0.1015625,2.2892840362921936,2.2892840362921933e-06,mle,-0.06429711304810139,3.6709369090127626,ok,True,True,extraction,
xrp,592,2019-06-25,80,591,512,-6.074435427891961,linear,52,0,52,52,0,52,0.1,0.1015625,0.1015625,2.2841228261769904,2.2841228261769904e-06,mle,-0.06429711304810139,3.6709369090127626,ok,True,True,extraction,
xrp,593,2019-06-26,81,592,512,-6.074435427891961,linear,52,0,52,52,0,52,0.1,0.1015625,0.1015625,2.274772949368831,2.274772949368831e-06,mle,-0.06429711304810139,3.6709369090127626,ok,True,True,extraction,
xrp,594,2019-06-27,82,593,512,-6.062070379463693,linear,52,0,52,52,0,52,0.1,0.1015625,0.1015625,2.260838659333549,2.260838659333549e-06,mle,-0.008654351548406958,3.313486097021735,ok,True,True,extraction,
xrp,595,2019-06-28,83,594,512,-6.074435427891961,linear,52,0,52,52,0,52,0.1,0.1015625,0.1015625,2.2630449304468803,2.26304493044688e-06,mle,-0.06976333976907961,3.6557480335462307,ok,True,True,extraction,
xrp,596,2019-06-29,84,595,512,-6.062070379463693,linear,52,0,52,52,0,52,0.1,0.1015625,0.1015625,2.260838659333549,2.260838659333549e-06,mle,-0.07975000888882154,3.438076614728792,ok,True,True,extraction,
xrp,597,2019-06-30,85,596,512,-6.017697452818895,linear,52,0,52,52,0,52,0.1,0.1015625,0.1015625,2.2488781211156494,2.248878121115649e-06,mle,-0.06430327662185262,3.3860179319675834,ok,True,True,extraction,
xrp,598,2019-07-01,86,597,512,-6.062070379463693,linear,52,0,52,52,0,52,0.1,0.1015625,0.1015625,2.2557812031344495,2.2557812031344493e-06,mle,-0.07394696629340858,3.4101426592163646,ok,True,True,extraction,
xrp,599,2019-07-02,87,598,512,-6.017697452818895,linear,52,0,52,52,0,52,0.1,0.1015625,0.1015625,2.2488781211156494,2.248878121115649e-06,mle,-0.02966680331067558,3.1847888065926155,ok,True,True,extraction,
xrp,600,2019-07-03,88,599,512,-5.868400680882974,linear,52,0,52,52,0,52,0.1,0.1015625,0.1015625,2.23450735152882,2.23450735152882e-06,mle,-0.07245466473857953,3.2604606183557183,ok,True,True,extraction,
xrp,601,2019-07-04,89,600,512,-5.868400680882974,linear,52,0,52,52,0,52,0.1,0.1015625,0.1015625,2.23450735152882,2.23450735152882e-06,mle,-0.07245466473857953,3.2604606183557183,ok,True,True,extraction,
xrp,602,2019-07-05,90,601,512,-5.7577586750403285,linear,52,0,52,52,0,52,0.1,0.1015625,0.1015625,2.23450735152882,2.23450735152882e-06,mle,-0.10005141495982815,3.4414335215297878,ok,True,True,extraction,
xrp,603,2019-07-06,91,602,512,-5.7577586750403285,linear,52,0,52,52,0,52,0.1,0.1015625,0.1015625,2.2342892847926397,2.2342892847926395e-06,mle,-0.10005141495982815,3.4414335215297878,ok,True,True,extraction,
xrp,604,2019-07-07,92,603,512,-5.7577586750403285,linear,52,0,52,52,0,52,0.1,0.1015625,0.1015625,2.2342892847926397,2.2342892847926395e-06,mle,-0.10005141495982815,3.4414335215297878,ok,True,True,extraction,
xrp,605,2019-07-08,93,604,512,-5.7577586750403285,linear,52,0,52,52,0,52,0.1,0.1015625,0.1015625,2.2342892847926397,2.2342892847926395e-06,mle,-0.10005141495982815,3.4414335215297878,ok,True,True,extraction,
xrp,606,2019-07-09,94,605,512,-5.706209450121327,linear,52,0,52,52,0,52,0.1,0.1015625,0.1015625,2.203767667845069,2.2037676678450688e-06,mle,-0.1102740120832972,3.516336825074929,ok,True,True,extraction,
xrp,607,2019-07-10,95,606,512,-5.706209450121327,linear,52,0,52,52,0,52,0.1,0.1015625,0.1015625,2.184227140811473,2.1842271408114728e-06,mle,-0.1102740120832972,3.516336825074929,ok,True,True,extraction,
xrp,608,2019-07-11,96,607,512,-5.7577586750403285,linear,52,0,52,52,0,52,0.1,0.1015625,0.1015625,2.184227140811473,2.1842271408114728e-06,mle,-0.11748267770350587,3.531008142473448,ok,True,True,extraction,
xrp,609,2019-07-12,97,608,512,-5.868400680882974,linear,52,0,52,52,0,52,0.1,0.1015625,0.1015625,2.1987932018288494,2.1987932018288495e-06,mle,-0.11709756166063362,3.489428953509119,ok,True,True,extraction,
xrp,610,2019-07-13,98,609,512,-5.868400680882974,linear,52,0,52,52,0,52,0.1,0.1015625,0.1015625,2.2128629144966183,2.2128629144966183e-06,mle,-0.11709756166063362,3.489428953509119,ok,True,True,extraction,
xrp,611,2019-07-14,99,610,512,-5.868400680882974,linear,52,0,52,52,0,52,0.1,0.1015625,0.1015625,2.2296683081450874,2.2296683081450873e-06,mle,-0.11709756166063362,3.489428953509119,ok,True,True,extraction,
xrp,612,2019-07-15,100,611,512,-6.017697452818895,linear,52,0,52,52,0,52,0.1,0.1015625,0.1015625,2.225041519450698,2.225041519450698e-06,mle,-0.08720503443698044,3.278143968423803,ok,True,True,extraction,
xrp,613,2019-07-16,101,612,512,-5.868400680882974,linear,52,0,52,52,0,52,0.1,0.1015625,0.1015625,2.2296683081450874,2.2296683081450873e-06,mle,-0.1249823753248674,3.5314940351169772,ok,True,True,extraction,
xrp,614,2019-07-17,102,613,512,-6.017697452818895,linear,52,0,52,52,0,52,0.1,0.1015625,0.1015625,2.225041519450698,2.225041519450698e-06,mle,-0.07066997023811991,3.2029601663403042,ok,True,True,extraction,
xrp,615,2019-07-18,103,614,512,-6.017697452818895,linear,52,0,52,52,0,52,0.1,0.1015625,0.1015625,2.2296683081450874,2.2296683081450873e-06,mle,-0.07066997023811991,3.2029601663403042,ok,True,True,extraction,
xrp,616,2019-07-19,104,615,512,-5.868400680882974,linear,52,0,52,52,0,52,0.1,0.1015625,0.1015625,2.2342892847926397,2.2342892847926395e-06,mle,-0.11408792234102659,3.476573605534186,ok,True,True,extraction,
xrp,617,2019-07-20,105,616,512,-5.7577586750403285,linear,52,0,52,52,0,52,0.1,0.1015625,0.1015625,2.2128629144966183,2.2128629144966183e-06,mle,-0.13272012846636613,3.6227781649812463,ok,True,True,extraction,
xrp,618,2019-07-21,106,617,512,-5.7577586750403285,linear,52,0,52,52,0,52,0.1,0.1015625,0.1015625,2.2128629144966183,2.2128629144966183e-06,mle,-0.13272012846636613,3.6227781649812463,ok,True,True,extraction,
xrp,619,2019-07-22,107,618,512,-5.7577586750403285,linear,52,0,52,52,0,52,0.1,0.1015625,0.1015625,2.184227140811473,2.1842271408114728e-06,mle,-0.13272012846636613,3.6227781649812463,ok,True,True,extraction,
xrp,620,2019-07-23,108,619,512,-5.7577586750403285,linear,52,0,52,52,0,52,0.1,0.1015625,0.1015625,2.2128629144966183,2.2128629144966183e-06,mle,-0.13272012846636613,3.6227781649812463,ok,True,True,extraction,
xrp,621,2019-07-24,109,620,512,-5.7577586750403285,linear,52,0,52,52,0,52,0.1,0.1015625,0.1015625,2.2296683081450874,2.2296683081450873e-06,mle,-0.13272012846636613,3.6227781649812463,ok,True,True,extraction,
xrp,622,2019-07-25,110,621,512,-5.7577586750403285,linear,52,0,52,52,0,52,0.1,0.1015625,0.1015625,2.2350516471844544,2.235051647184454e-06,mle,-0.13272012846636613,3.6227781649812463,ok,True,True,extraction,
xrp,623,2019-07-26,111,622,512,-5.7577586750403285,linear,52,0,52,52,0,52,0.1,0.1015625,0.1015625,2.232818126600198,2.2328181266001977e-06,mle,-0.13272012846636613,3.6227781649812463,ok,True,True,extraction,
xrp,624,2019-07-27,112,623,512,-5.7577586750403285,linear,52,0,52,52,0,52,0.1,0.1015625,0.1015625,2.232818126600198,2.2328181266001977e-06,mle,-0.13272012846636613,3.6227781649812463,ok,True,True,extraction,
xrp,625,2019-07-28,113,624,512,-5.7577586750403285,linear,52,0,52,52,0,52,0.1,0.1015625,0.1015625,2.2350516471844544,2.235051647184454e-06,mle,-0.13272012846636613,3.6227781649812463,ok,True,True,extraction,
xrp,626,2019-07-29,114,625,512,-5.7577586750403285,linear,52,0,52,52,0,52,0.1,0.1015625,0.1015625,2.2350516471844544,2.235051647184454e-06,mle,-0.13272012846636613,3.6227781649812463,ok,True,True,extraction,
xrp,627,2019-07-30,115,626,512,-5.7577586750403285,linear,52,0,52,52,0,52,0.1,0.1015625,0.1015625,2.2296683081450874,2.2296683081450873e-06,mle,-0.13272012846636613,3.6227781649812463,ok,True,True,extraction,
xrp,628,2019-07-31,116,627,512,-5.7577586750403285,linear,52,0,52,52,0,52,0.1,0.1015625,0.1015625,2.232818126600198,2.2328181266001977e-06,mle,-0.13272012846636613,3.6227781649812463,ok,True,True,extraction,
xrp,629,2019-08-01,117,628,512,-5.7577586750403285,linear,52,0,52,52,0,52,0.1,0.1015625,0.1015625,2.2022965096526272,2.202296509652627e-06,mle,-0.13272012846636613,3.6227781649812463,ok,True,True,extraction,
xrp,630,2019-08-02,118,629,512,-5.706209450121327,linear,52,0,52,52,0,52,0.1,0.1015625,0.1015625,2.1816663666027933,2.181666366602793e-06,mle,-0.14863444025988068,3.7320708016898108,ok,True,True,extraction,
xrp,631,2019-08-03,119,630,512,-5.706209450121327,linear,52,0,52,52,0,52,0.1,0.1015625,0.1015625,2.17942465262216,2.17942465262216e-06,mle,-0.14863444025988068,3.7320708016898108,ok,True,True,extraction,
xrp,632,2019-08-04,120,631,512,-5.706209450121327,linear,52,0,52,52,0,52,0.1,0.1015625,0.1015625,2.174631504035558,2.174631504035558e-06,mle,-0.14863444025988068,3.7320708016898108,ok,True,True,extraction,
xrp,633,2019-08-05,121,632,512,-5.604326532969273,linear,52,0,52,52,0,52,0.1,0.1015625,0.1015625,2.170346208485037,2.170346208485037e-06,mle,-0.17040609889098332,3.903250469894996,ok,True,True,extraction,
xrp,634,2019-08-06,122,633,512,-5.604326532969273,linear,52,0,52,52,0,52,0.1,0.1015625,0.1015625,2.1654872918190042,2.1654872918190042e-06,mle,-0.17040609889098332,3.903250469894996,ok,True,True,extraction,
xrp,635,2019-08-07,123,634,512,-5.604326532969273,linear,52,0,52,52,0,52,0.1,0.1015625,0.1015625,2.1654872918190042,2.1654872918190042e-06,mle,-0.17040609889098332,3.903250469894996,ok,True,True,extraction,
xrp,636,2019-08-08,124,635,512,-5.604326532969273,linear,52,0,52,52,0,52,0.1,0.1015625,0.1015625,2.1654872918190042,2.1654872918190042e-06,mle,-0.17040609889098332,3.903250469894996,ok,True,True,extraction,
xrp,637,2019-08-09,125,636,512,-5.4912635196134705,linear,52,0,52,52,0,52,0.1,0.1015625,0.1015625,2.1595248030148193,2.1595248030148194e-06,mle,-0.1588805619072549,3.8542569522095875,ok,True,True,extraction,
xrp,638,2019-08-10,126,637,512,-5.4912635196134705,linear,52,0,52,52,0,52,0.1,0.1015625,0.1015625,2.1654872918190042,2.1654872918190042e-06,mle,-0.1588805619072549,3.8542569522095875,ok,True,True,extraction,
xrp,639,2019-08-11,127,638,512,-5.4912635196134705,linear,52,0,52,52,0,52,0.1,0.1015625,0.1015625,2.161325832027323,2.1613258320273232e-06,mle,-0.1588805619072549,3.8542569522095875,ok,True,True,extraction,
xrp,640,2019-08-12,128,639,512,-5.465767441852022,linear,52,0,52,52,0,52,0.1,0.1015625,0.1015625,2.1468952951964706,2.1468952951964707e-06,mle,-0.14573097441976918,3.7905629727341066,ok,True,True,extraction,
xrp,641,2019-08-13,129,640,512,-5.465767441852022,linear,52,0,52,52,0,52,0.1,0.1015625,0.1015625,2.1460825293900117,2.1460825293900114e-06,mle,-0.14573097441976918,3.7905629727341066,ok,True,True,extraction,
xrp,642,2019-08-14,130,641,512,-5.465767441852022,linear,52,0,52,52,0,52,0.1,0.1015625,0.1015625,2.1207146196957978,2.120714619695798e-06,mle,-0.14573097441976918,3.7905629727341066,ok,True,True,extraction,
xrp,643,2019-08-15,131,642,512,-5.4912635196134705,linear,52,0,52,52,0,52,0.1,0.1015625,0.1015625,2.1207146196957978,2.120714619695798e-06,mle,-0.18265466598461072,4.029887535533058,ok,True,True,extraction,
xrp,644,2019-08-16,132,643,512,-5.4912635196134705,linear,52,0,52,52,0,52,0.1,0.1015625,0.1015625,2.130270478348489,2.130270478348489e-06,mle,-0.18265466598461072,4.029887535533058,ok,True,True,extraction,
xrp,645,2019-08-17,133,644,512,-5.4912635196134705,linear,52,0,52,52,0,52,0.1,0.1015625,0.1015625,2.1163987495168097,2.1163987495168097e-06,mle,-0.18265466598461072,4.029887535533058,ok,True,True,extraction,
xrp,646,2019-08-18,134,645,512,-5.4912635196134705,linear,52,0,52,52,0,52,0.1,0.1015625,0.1015625,2.1007845150398117,2.1007845150398115e-06,mle,-0.18265466598461072,4.029887535533058,ok,True,True,extraction,
xrp,647,2019-08-19,135,646,512,-5.4912635196134705,linear,52,0,52,52,0,52,0.1,0.1015625,0.1015625,2.1026984787316274,2.1026984787316272e-06,mle,-0.18265466598461072,4.029887535533058,ok,True,True,extraction,
xrp,648,2019-08-20,136,647,512,-5.4912635196134705,linear,52,0,52,52,0,52,0.1,0.1015625,0.1015625,2.1026984787316274,2.1026984787316272e-06,mle,-0.18265466598461072,4.029887535533058,ok,True,True,extraction,
xrp,649,2019-08-21,137,648,512,-5.465767441852022,linear,52,0,52,52,0,52,0.1,0.1015625,0.1015625,2.1026984787316274,2.1026984787316272e-06,mle,-0.17793300839957243,4.014216764575854,ok,True,True,extraction,
xrp,650,2019-08-22,138,649,512,-5.465767441852022,linear,52,0,52,52,0,52,0.1,0.1015625,0.1015625,2.1026984787316274,2.1026984787316272e-06,mle,-0.17793300839957243,4.014216764575854,ok,True,True,extraction,
xrp,651,2019-08-23,139,650,512,-5.465767441852022,linear,52,0,52,52,0,52,0.1,0.1015625,0.1015625,2.1026984787316274,2.1026984787316272e-06,mle,-0.17793300839957243,4.014216764575854,ok,True,True,extraction,
xrp,652,2019-08-24,140,651,512,-5.4282601027295865,linear,52,0,52,52,0,52,0.1,0.1015625,0.1015625,2.0981836999129015,2.0981836999129015e-06,mle,-0.14275176345891077,3.7860432314678025,ok,True,True,extraction,
xrp,653,2019-08-25,141,652,512,-5.4282601027295865,linear,52,0,52,52,0,52,0.1,0.1015625,0.1015625,2.0981836999129015,2.0981836999129015e-06,mle,-0.14275176345891077,3.7860432314678025,ok,True,True,extraction,
xrp,654,2019-08-26,142,653,512,-5.4282601027295865,linear,52,0,52,52,0,52,0.1,0.1015625,0.1015625,2.1026984787316274,2.1026984787316272e-06,mle,-0.14275176345891077,3.7860432314678025,ok,True,True,extraction,
xrp,655,2019-08-27,143,654,512,-5.408459022618045,linear,52,0,52,52,0,52,0.1,0.1015625,0.1015625,2.086826812247706,2.086826812247706e-06,mle,-0.14823886216988352,3.825887019924642,ok,True,True,extraction,
xrp,656,2019-08-28,144,655,512,-5.408459022618045,linear,52,0,52,52,0,52,0.1,0.1015625,0.1015625,2.06468457430642,2.0646845743064197e-06,mle,-0.14823886216988352,3.825887019924642,ok,True,True,extraction,
xrp,657,2019-08-29,145,656,512,-5.408459022618045,linear,52,0,52,52,0,52,0.1,0.1015625,0.1015625,2.06736670829289,2.06736670829289e-06,mle,-0.14823886216988352,3.825887019924642,ok,True,True,extraction,
xrp,658,2019-08-30,146,657,512,-5.323715970654742,linear,52,0,52,52,0,52,0.1,0.1015625,0.1015625,2.0332763625324985,2.0332763625324984e-06,mle,-0.1316257650443672,3.7497135743796424,ok,True,True,extraction,
xrp,659,2019-08-31,147,658,512,-5.323715970654742,linear,52,0,52,52,0,52,0.1,0.1015625,0.1015625,2.0332763625324985,2.0332763625324984e-06,mle,-0.1316257650443672,3.7497135743796424,ok,True,True,extraction,
xrp,660,2019-09-01,148,659,512,-5.323715970654742,linear,52,0,52,52,0,52,0.1,0.1015625,0.1015625,2.028343920941151,2.028343920941151e-06,mle,-0.1316257650443672,3.7497135743796424,ok,True,True,extraction,
xrp,661,2019-09-02,149,660,512,-5.323715970654742,linear,52,0,52,52,0,52,0.1,0.1015625,0.1015625,2.000773488518048,2.000773488518048e-06,mle,-0.1316257650443672,3.7497135743796424,ok,True,True,extraction,
xrp,662,2019-09-03,150,661,512,-5.323715970654742,linear,52,0,52,52,0,52,0.1,0.1015625,0.1015625,1.9741680848885168,1.9741680848885167e-06,mle,-0.1316257650443672,3.7497135743796424,ok,True,True,extraction,
xrp,663,2019-09-04,151,662,512,-5.323715970654742,linear,52,0,52,52,0,52,0.1,0.1015625,0.1015625,1.9659109939824133,1.965910993982413e-06,mle,-0.1316257650443672,3.7497135743796424,ok,True,True,extraction,
xrp,664,2019-09-05,152,663,512,-5.323715970654742,linear,52,0,52,52,0,52,0.1,0.1015625,0.1015625,1.9741680848885168,1.9741680848885167e-06,mle,-0.1316257650443672,3.7497135743796424,ok,True,True,extraction,
xrp,665,2019-09-06,153,664,512,-5.323715970654742,linear,52,0,52,52,0,52,0.1,0.1015625,0.1015625,1.9959239708728258,1.9959239708728257e-06,mle,-0.1316257650443672,3.7497135743796424,ok,True,True,extraction,
xrp,666,2019-09-07,154,665,512,-5.323715970654742,linear,52,0,52,52,0,52,0.1,0.1015625,0.1015625,2.005025297811342,2.005025297811342e-06,mle,-0.1316257650443672,3.7497135743796424,ok,True,True,extraction,
xrp,667,2019-09-08,155,666,512,-5.323715970654742,linear,52,0,52,52,0,52,0.1,0.1015625,0.1015625,2.0191169764419716,2.0191169764419717e-06,mle,-0.1316257650443672,3.7497135743796424,ok,True,True,extraction,
xrp,668,2019-09-09,156,667,512,-5.323715970654742,linear,52,0,52,52,0,52,0.1,0.1015625,0.1015625,1.9959239708728258,1.9959239708728257e-06,mle,-0.1316257650443672,3.7497135743796424,ok,True,True,extraction,
xrp,669,2019-09-10,157,668,512,-5.323715970654742,linear,52,0,52,52,0,52,0.1,0.1015625,0.1015625,2.005025297811342,2.005025297811342e-06,mle,-0.1316257650443672,3.7497135743796424,ok,True,True,extraction,
xrp,670,2019-09-11,158,669,512,-5.323715970654742,linear,52,0,52,52,0,52,0.1,0.1015625,0.1015625,1.9919370998737096,1.9919370998737093e-06,mle,-0.1316257650443672,3.7497135743796424,ok,True,True,extraction,
xrp,671,2019-09-12,159,670,512,-5.323715970654742,linear,52,0,52,52,0,52,0.1,0.1015625,0.1015625,1.9919370998737096,1.9919370998737093e-06,mle,-0.1316257650443672,3.7497135743796424,ok,True,True,extraction,
xrp,672,2019-09-13,160,671,512,-5.323715970654742,linear,52,0,52,52,0,52,0.1,0.1015625,0.1015625,1.9861889042243233,1.9861889042243233e-06,mle,-0.1316257650443672,3.7497135743796424,ok,True,True,extraction,
xrp,673,2019-09-14,161,672,512,-5.323715970654742,linear,52,0,52,52,0,52,0.1,0.1015625,0.1015625,1.9688108014778618,1.968810801477862e-06,mle,-0.1316257650443672,3.7497135743796424,ok,True,True,extraction,
xrp,674,2019-09-15,162,673,512,-5.323715970654742,linear,52,0,52,52,0,52,0.1,0.1015625,0.1015625,1.9688108014778618,1.968810801477862e-06,mle,-0.1316257650443672,3.7497135743796424,ok,True,True,extraction,
xrp,675,2019-09-16,163,674,512,-5.266590746754461,linear,52,0,52,52,0,52,0.1,0.1015625,0.1015625,1.9555928566028413,1.9555928566028413e-06,mle,-0.1446707893300569,3.8489986587944536,ok,True,True,extraction,
xrp,676,2019-09-17,164,675,512,-5.266590746754461,linear,52,0,52,52,0,52,0.1,0.1015625,0.1015625,1.94575341883543,1.9457534188354297e-06,mle,-0.1446707893300569,3.8489986587944536,ok,True,True,extraction,
xrp,677,2019-09-18,165,676,512,-5.266590746754461,linear,52,0,52,52,0,52,0.1,0.1015625,0.1015625,1.9737777916705948,1.9737777916705948e-06,mle,-0.1446707893300569,3.8489986587944536,ok,True,True,extraction,
xrp,678,2019-09-19,166,677,512,-5.266590746754461,linear,52,0,52,52,0,52,0.1,0.1015625,0.1015625,1.9737777916705948,1.9737777916705948e-06,mle,-0.1446707893300569,3.8489986587944536,ok,True,True,extraction,
xrp,679,2019-09-20,167,678,512,-5.225893743013204,linear,52,0,52,52,0,52,0.1,0.1015625,0.1015625,1.9737777916705948,1.9737777916705948e-06,mle,-0.12498851317385228,3.6030923156562653,ok,True,True,extraction,
xrp,680,2019-09-21,168,679,512,-5.225893743013204,linear,52,0,52,52,0,52,0.1,0.1015625,0.1015625,1.9783913213241808,1.978391321324181e-06,mle,-0.12498851317385228,3.6030923156562653,ok,True,True,extraction,
xrp,681,2019-09-22,169,680,512,-5.225893743013204,linear,52,0,52,52,0,52,0.1,0.1015625,0.1015625,1.9555928566028413,1.9555928566028413e-06,mle,-0.12498851317385228,3.6030923156562653,ok,True,True,extraction,
xrp,682,2019-09-23,170,681,512,-5.225893743013204,linear,52,0,52,52,0,52,0.1,0.1015625,0.1015625,1.955592856602841,1.955592856602841e-06,mle,-0.12498851317385228,3.6030923156562653,ok,True,True,extraction,
xrp,683,2019-09-24,171,682,512,-5.225893743013204,linear,52,0,52,52,0,52,0.1,0.1015625,0.1015625,1.9668187797758359,1.9668187797758356e-06,mle,-0.12498851317385228,3.6030923156562653,ok,True,True,extraction,
xrp,684,2019-09-25,172,683,512,-5.266590746754461,linear,52,0,52,52,0,52,0.1,0.1015625,0.1015625,1.9668187797758359,1.9668187797758356e-06,mle,-0.15579051239671907,3.8357130749564843,ok,True,True,extraction,
xrp,685,2019-09-26,173,684,512,-5.266590746754461,linear,52,0,52,52,0,52,0.1,0.1015625,0.1015625,1.9861889042243233,1.9861889042243233e-06,mle,-0.15579051239671907,3.8357130749564843,ok,True,True,extraction,
xrp,686,2019-09-27,174,685,512,-5.266590746754461,linear,52,0,52,52,0,52,0.1,0.1015625,0.1015625,1.9585157032211884,1.958515703221188e-06,mle,-0.15579051239671907,3.8357130749564843,ok,True,True,extraction,
xrp,687,2019-09-28,175,686,512,-5.266590746754461,linear,52,0,52,52,0,52,0.1,0.1015625,0.1015625,1.9554900125400305,1.9554900125400304e-06,mle,-0.15579051239671907,3.8357130749564843,ok,True,True,extraction,
xrp,688,2019-09-29,176,687,512,-5.266590746754461,linear,52,0,52,52,0,52,0.1,0.1015625,0.1015625,1.9489046275670998,1.9489046275670996e-06,mle,-0.15579051239671907,3.8357130749564843,ok,True,True,extraction,
xrp,689,2019-09-30,177,688,512,-5.266590746754461,linear,52,0,52,52,0,52,0.1,0.1015625,0.1015625,1.952031403839427,1.952031403839427e-06,mle,-0.15579051239671907,3.8357130749564843,ok,True,True,extraction,
xrp,690,2019-10-01,178,689,512,-5.266590746754461,linear,52,0,52,52,0,52,0.1,0.1015625,0.1015625,1.9489046275670998,1.9489046275670996e-06,mle,-0.15579051239671907,3.8357130749564843,ok,True,True,extraction,
xrp,691,2019-10-02,179,690,512,-5.266590746754461,linear,52,0,52,52,0,52,0.1,0.1015625,0.1015625,1.9489046275670998,1.9489046275670996e-06,mle,-0.15579051239671907,3.8357130749564843,ok,True,True,extraction,
xrp,692,2019-10-03,180,691,512,-5.266590746754461,linear,52,0,52,52,0,52,0.1,0.1015625,0.1015625,1.9459817809487523,1.9459817809487524e-06,mle,-0.15579051239671907,3.8357130749564843,ok,True,True,extraction,
xrp,693,2019-10-04,181,692,512,-5.266590746754461,linear,52,0,52,52,0,52,0.1,0.1015625,0.1015625,1.954216791171575,1.954216791171575e-06,mle,-0.15579051239671907,3.8357130749564843,ok,True,True,extraction,
xrp,694,2019-10-05,182,693,512,-5.225893743013204,linear,52,0,52,52,0,52,0.1,0.1015625,0.1015625,1.955592856602841,1.955592856602841e-06,mle,-0.16335754751120404,3.8994591233032367,ok,True,True,extraction,
xrp,695,2019-10-06,183,694,512,-5.134293780462071,linear,52,0,52,52,0,52,0.1,0.1015625,0.1015625,1.9356866826920789,1.935686682692079e-06,mle,-0.15173993590271195,3.855318693318389,ok,True,True,extraction,
xrp,696,2019-10-07,184,695,512,-5.134293780462071,linear,52,0,52,52,0,52,0.1,0.1015625,0.1015625,1.9356866826920789,1.935686682692079e-06,mle,-0.15173993590271195,3.855318693318389,ok,True,True,extraction,
xrp,697,2019-10-08,185,696,512,-5.134293780462071,linear,52,0,52,52,0,52,0.1,0.1015625,0.1015625,1.9356866826920789,1.935686682692079e-06,mle,-0.15173993590271195,3.855318693318389,ok,True,True,extraction,
xrp,698,2019-10-09,186,697,512,-5.134293780462071,linear,52,0,52,52,0,52,0.1,0.1015625,0.1015625,1.92610616284576,1.92610616284576e-06,mle,-0.15173993590271195,3.855318693318389,ok,True,True,extraction,
xrp,699,2019-10-10,187,698,512,-4.968086087541925,linear,52,0,52,52,0,52,0.1,0.1015625,0.1015625,1.9145469813021605,1.9145469813021605e-06,mle,-0.1865718673683962,4.146045160589546,ok,True,True,extraction,
xrp,700,2019-10-11,188,699,512,-4.968086087541925,linear,52,0,52,52,0,52,0.1,0.1015625,0.1015625,1.9134152099308306,1.9134152099308305e-06,mle,-0.1865718673683962,4.146045160589546,ok,True,True,extraction,
xrp,701,2019-10-12,189,700,512,-4.937184243509579,linear,52,0,52,52,0,52,0.1,0.1015625,0.1015625,1.9053892649173656,1.9053892649173655e-06,mle,-0.18042818412724138,4.121480672777866,ok,True,True,extraction,
xrp,702,2019-10-13,190,701,512,-4.937184243509579,linear,52,0,52,52,0,52,0.1,0.1015625,0.1015625,1.8969099606346067,1.8969099606346065e-06,mle,-0.18042818412724138,4.121480672777866,ok,True,True,extraction,
xrp,703,2019-10-14,191,702,512,-4.937184243509579,linear,52,0,52,52,0,52,0.1,0.1015625,0.1015625,1.9107979344974744,1.910797934497474e-06,mle,-0.18042818412724138,4.121480672777866,ok,True,True,extraction,
xrp,704,2019-10-15,192,703,512,-4.937184243509579,linear,52,0,52,52,0,52,0.1,0.1015625,0.1015625,1.9107979344974744,1.910797934497474e-06,mle,-0.18042818412724138,4.121480672777866,ok,True,True,extraction,
xrp,705,2019-10-16,193,704,512,-4.937184243509579,linear,52,0,52,52,0,52,0.1,0.1015625,0.1015625,1.9107979344974744,1.910797934497474e-06,mle,-0.18042818412724138,4.121480672777866,ok,True,True,extraction,
xrp,706,2019-10-17,194,705,512,-4.9143782069845,linear,52,0,52,52,0,52,0.1,0.1015625,0.1015625,1.9041978078379593,1.9041978078379592e-06,mle,-0.18206243366854338,4.143000601236253,ok,True,True,extraction,
xrp,707,2019-10-18,195,706,512,-4.829851276945886,linear,52,0,52,52,0,52,0.1,0.1015625,0.1015625,1.8858982181391601,1.88589821813916e-06,mle,-0.18375965719666307,4.192090256202814,ok,True,True,extraction,
xrp,708,2019-10-19,196,707,512,-4.829851276945886,linear,52,0,52,52,0,52,0.1,0.1015625,0.1015625,1.9041978078379593,1.9041978078379592e-06,mle,-0.18375965719666307,4.192090256202814,ok,True,True,extraction,
xrp,709,2019-10-20,197,708,512,-4.829851276945886,linear,52,0,52,52,0,52,0.1,0.1015625,0.1015625,1.8952559017277157,1.8952559017277158e-06,mle,-0.18375965719666307,4.192090256202814,ok,True,True,extraction,
xrp,710,2019-10-21,198,709,512,-4.829851276945886,linear,52,0,52,52,0,52,0.1,0.1015625,0.1015625,1.8952559017277157,1.8952559017277158e-06,mle,-0.18375965719666307,4.192090256202814,ok,True,True,extraction,
xrp,711,2019-10-22,199,710,512,-4.829851276945886,linear,52,0,52,52,0,52,0.1,0.1015625,0.1015625,1.8952559017277157,1.8952559017277158e-06,mle,-0.18375965719666307,4.192090256202814,ok,True,True,extraction,
xrp,712,2019-10-23,200,711,512,-4.819563973503665,linear,52,0,52,52,0,52,0.1,0.1015625,0.1015625,1.8739075472543552,1.873907547254355e-06,mle,-0.15155220747854153,3.9858673471088344,ok,True,True,extraction,
xrp,713,2019-10-24,201,712,512,-4.829851276945886,linear,52,0,52,52,0,52,0.1,0.1015625,0.1015625,1.8828494533645985,1.8828494533645985e-06,mle,-0.16070473257557039,4.03482332361752,ok,True,True,extraction,
xrp,714,2019-10-25,202,713,512,-4.829851276945886,linear,52,0,52,52,0,52,0.1,0.1015625,0.1015625,1.8828494533645985,1.8828494533645985e-06,mle,-0.16070473257557039,4.03482332361752,ok,True,True,extraction,
xrp,715,2019-10-26,203,714,512,-4.829851276945886,linear,52,0,52,52,0,52,0.1,0.1015625,0.1015625,1.8926386262943595,1.8926386262943594e-06,mle,-0.16070473257557039,4.03482332361752,ok,True,True,extraction,
xrp,716,2019-10-27,204,715,512,-4.829851276945886,linear,52,0,52,52,0,52,0.1,0.1015625,0.1015625,1.8828494533645985,1.8828494533645985e-06,mle,-0.16070473257557039,4.03482332361752,ok,True,True,extraction,
xrp,717,2019-10-28,205,716,512,-4.829851276945886,linear,52,0,52,52,0,52,0.1,0.1015625,0.1015625,1.8791559356992367,1.8791559356992366e-06,mle,-0.16070473257557039,4.03482332361752,ok,True,True,extraction,
xrp,718,2019-10-29,206,717,512,-4.829851276945886,linear,52,0,52,52,0,52,0.1,0.1015625,0.1015625,1.8748631111138496,1.8748631111138494e-06,mle,-0.16070473257557039,4.03482332361752,ok,True,True,extraction,
xrp,719,2019-10-30,207,718,512,-4.829851276945886,linear,52,0,52,52,0,52,0.1,0.1015625,0.1015625,1.8791559356992367,1.8791559356992366e-06,mle,-0.16070473257557039,4.03482332361752,ok,True,True,extraction,
xrp,720,2019-10-31,208,719,512,-4.829851276945886,linear,52,0,52,52,0,52,0.1,0.1015625,0.1015625,1.8748631111138496,1.8748631111138494e-06,mle,-0.16070473257557039,4.03482332361752,ok,True,True,extraction,
xrp,721,2019-11-01,209,720,512,-4.829851276945886,linear,52,0,52,52,0,52,0.1,0.1015625,0.1015625,1.8728710894118237,1.8728710894118235e-06,mle,-0.16070473257557039,4.03482332361752,ok,True,True,extraction,
xrp,722,2019-11-02,210,721,512,-4.829851276945886,linear,52,0,52,52,0,52,0.1,0.1015625,0.1015625,1.8748631111138496,1.8748631111138494e-06,mle,-0.16070473257557039,4.03482332361752,ok,True,True,extraction,
xrp,723,2019-11-03,211,722,512,-4.829851276945886,linear,52,0,52,52,0,52,0.1,0.1015625,0.1015625,1.8728710894118237,1.8728710894118235e-06,mle,-0.16070473257557039,4.03482332361752,ok,True,True,extraction,
xrp,724,2019-11-04,212,723,512,-4.829851276945886,linear,52,0,52,52,0,52,0.1,0.1015625,0.1015625,1.850274090288695,1.8502740902886948e-06,mle,-0.16070473257557039,4.03482332361752,ok,True,True,extraction,
xrp,725,2019-11-05,213,724,512,-4.819563973503665,linear,52,0,52,52,0,52,0.1,0.1015625,0.1015625,1.8461829311435207,1.8461829311435207e-06,mle,-0.1182832698016563,3.7538882356660332,ok,True,True,extraction,
xrp,726,2019-11-06,214,725,512,-4.819563973503665,linear,52,0,52,52,0,52,0.1,0.1015625,0.1015625,1.8267067053691135,1.8267067053691133e-06,mle,-0.1182832698016563,3.7538882356660332,ok,True,True,extraction,
xrp,727,2019-11-07,215,726,512,-4.762950465779079,linear,52,0,52,52,0,52,0.1,0.1015625,0.1015625,1.822534262239261,1.822534262239261e-06,mle,-0.1134134115078129,3.752026837485073,ok,True,True,extraction,
xrp,728,2019-11-08,216,727,512,-4.762950465779079,linear,52,0,52,52,0,52,0.1,0.1015625,0.1015625,1.822534262239261,1.822534262239261e-06,mle,-0.12087576949991902,3.792493204643665,ok,True,True,extraction,
xrp,729,2019-11-09,217,728,512,-4.819563973503665,linear,52,0,52,52,0,52,0.1,0.1015625,0.1015625,1.8267067053691135,1.8267067053691133e-06,mle,-0.10985968944500266,3.706079884301151,ok,True,True,extraction,
xrp,730,2019-11-10,218,729,512,-4.819563973503665,linear,52,0,52,52,0,52,0.1,0.1015625,0.1015625,1.801394642120938,1.8013946421209377e-06,mle,-0.10985968944500266,3.706079884301151,ok,True,True,extraction,
xrp,731,2019-11-11,219,730,512,-4.819563973503665,linear,52,0,52,52,0,52,0.1,0.1015625,0.1015625,1.8197683409664938,1.8197683409664937e-06,mle,-0.10985968944500266,3.706079884301151,ok,True,True,extraction,
xrp,732,2019-11-12,220,731,512,-4.819563973503665,linear,52,0,52,52,0,52,0.1,0.1015625,0.1015625,1.8197683409664938,1.8197683409664937e-06,mle,-0.10985968944500266,3.706079884301151,ok,True,True,extraction,
xrp,733,2019-11-13,221,732,512,-4.819563973503665,linear,52,0,52,52,0,52,0.1,0.1015625,0.1015625,1.798941173025294,1.7989411730252939e-06,mle,-0.10985968944500266,3.706079884301151,ok,True,True,extraction,
xrp,734,2019-11-14,222,733,512,-4.819563973503665,linear,52,0,52,52,0,52,0.1,0.1015625,0.1015625,1.7978386460964426,1.7978386460964425e-06,mle,-0.10985968944500266,3.706079884301151,ok,True,True,extraction,
xrp,735,2019-11-15,223,734,512,-4.819563973503665,linear,52,0,52,52,0,52,0.1,0.1015625,0.1015625,1.7978386460964426,1.7978386460964425e-06,mle,-0.10985968944500266,3.706079884301151,ok,True,True,extraction,
xrp,736,2019-11-16,224,735,512,-4.819563973503665,linear,52,0,52,52,0,52,0.1,0.1015625,0.1015625,1.798941173025294,1.7989411730252939e-06,mle,-0.10985968944500266,3.706079884301151,ok,True,True,extraction,
xrp,737,2019-11-17,225,736,512,-4.762950465779079,linear,52,0,52,52,0,52,0.1,0.1015625,0.1015625,1.7933218230758767,1.7933218230758767e-06,mle,-0.0866432814627274,3.592935480620124,ok,True,True,extraction,
xrp,738,2019-11-18,226,737,512,-4.762950465779079,linear,52,0,52,52,0,52,0.1,0.1015625,0.1015625,1.7933218230758767,1.7933218230758767e-06,mle,-0.0866432814627274,3.592935480620124,ok,True,True,extraction,
xrp,739,2019-11-19,227,738,512,-4.762950465779079,linear,52,0,52,52,0,52,0.1,0.1015625,0.1015625,1.7933218230758767,1.7933218230758767e-06,mle,-0.0866432814627274,3.592935480620124,ok,True,True,extraction,
xrp,740,2019-11-20,228,739,512,-4.762950465779079,linear,52,0,52,52,0,52,0.1,0.1015625,0.1015625,1.7933218230758767,1.7933218230758767e-06,mle,-0.0866432814627274,3.592935480620124,ok,True,True,extraction,
xrp,741,2019-11-21,229,740,512,-4.693174162941404,linear,52,0,52,52,0,52,0.1,0.1015625,0.1015625,1.7865681597431433,1.7865681597431433e-06,mle,-0.10163314127711957,3.703314925331002,ok,True,True,extraction,
xrp,742,2019-11-22,230,741,512,-4.693174162941404,linear,52,0,52,52,0,52,0.1,0.1015625,0.1015625,1.7961627452933915,1.7961627452933914e-06,mle,-0.10163314127711957,3.703314925331002,ok,True,True,extraction,
xrp,743,2019-11-23,231,742,512,-4.693174162941404,linear,52,0,52,52,0,52,0.1,0.1015625,0.1015625,1.7961627452933915,1.7961627452933914e-06,mle,-0.1056942370881925,3.72446416449076,ok,True,True,extraction,
xrp,744,2019-11-24,232,743,512,-4.693174162941404,linear,52,0,52,52,0,52,0.1,0.1015625,0.1015625,1.7978386460964426,1.7978386460964425e-06,mle,-0.1056942370881925,3.72446416449076,ok,True,True,extraction,
xrp,745,2019-11-25,233,744,512,-4.81205374172785,linear,52,0,52,52,0,52,0.1,0.1015625,0.1015625,1.8070506428922557,1.8070506428922555e-06,mle,-0.07499783246112818,3.51170381049839,ok,True,True,extraction,
xrp,746,2019-11-26,234,745,512,-4.81205374172785,linear,52,0,52,52,0,52,0.1,0.1015625,0.1015625,1.8070506428922557,1.8070506428922555e-06,mle,-0.07499783246112818,3.51170381049839,ok,True,True,extraction,
xrp,747,2019-11-27,235,746,512,-4.81205374172785,linear,52,0,52,52,0,52,0.1,0.1015625,0.1015625,1.8070506428922557,1.8070506428922555e-06,mle,-0.07499783246112818,3.51170381049839,ok,True,True,extraction,
xrp,748,2019-11-28,236,747,512,-4.81205374172785,linear,52,0,52,52,0,52,0.1,0.1015625,0.1015625,1.8070506428922557,1.8070506428922555e-06,mle,-0.07499783246112818,3.51170381049839,ok,True,True,extraction,
xrp,749,2019-11-29,237,748,512,-4.81205374172785,linear,52,0,52,52,0,52,0.1,0.1015625,0.1015625,1.8070506428922557,1.8070506428922555e-06,mle,-0.07499783246112818,3.51170381049839,ok,True,True,extraction,
xrp,750,2019-11-30,238,749,512,-4.81205374172785,linear,52,0,52,52,0,52,0.1,0.1015625,0.1015625,1.798941173025294,1.7989411730252939e-06,mle,-0.07499783246112818,3.51170381049839,ok,True,True,extraction,
xrp,751,2019-12-01,239,750,512,-4.81205374172785,linear,52,0,52,52,0,52,0.1,0.1015625,0.1015625,1.798941173025294,1.7989411730252939e-06,mle,-0.07499783246112818,3.51170381049839,ok,True,True,extraction,
xrp,752,2019-12-02,240,751,512,-4.81205374172785,linear,52,0,52,52,0,52,0.1,0.1015625,0.1015625,1.8070506428922557,1.8070506428922555e-06,mle,-0.07499783246112818,3.51170381049839,ok,True,True,extraction,
xrp,753,2019-12-03,241,752,512,-4.81205374172785,linear,52,0,52,52,0,52,0.1,0.1015625,0.1015625,1.8070506428922557,1.8070506428922555e-06,mle,-0.07499783246112818,3.51170381049839,ok,True,True,extraction,
xrp,754,2019-12-04,242,753,512,-4.81205374172785,linear,52,0,52,52,0,52,0.1,0.1015625,0.1015625,1.7978386460964426,1.7978386460964425e-06,mle,-0.07499783246112818,3.51170381049839,ok,True,True,extraction,
xrp,755,2019-12-05,243,754,512,-4.693174162941404,linear,52,0,52,52,0,52,0.1,0.1015625,0.1015625,1.7971658032114308,1.7971658032114307e-06,mle,-0.09833363411525842,3.684691296230193,ok,True,True,extraction,
xrp,756,2019-12-06,244,755,512,-4.693174162941404,linear,52,0,52,52,0,52,0.1,0.1015625,0.1015625,1.7978386460964426,1.7978386460964425e-06,mle,-0.09833363411525842,3.684691296230193,ok,True,True,extraction,
xrp,757,2019-12-07,245,756,512,-4.693174162941404,linear,52,0,52,52,0,52,0.1,0.1015625,0.1015625,1.7933218230758767,1.7933218230758767e-06,mle,-0.09833363411525842,3.684691296230193,ok,True,True,extraction,
xrp,758,2019-12-08,246,757,512,-4.693174162941404,linear,52,0,52,52,0,52,0.1,0.1015625,0.1015625,1.7933218230758767,1.7933218230758767e-06,mle,-0.09833363411525842,3.684691296230193,ok,True,True,extraction,
xrp,759,2019-12-09,247,758,512,-4.693174162941404,linear,52,0,52,52,0,52,0.1,0.1015625,0.1015625,1.7933218230758767,1.7933218230758767e-06,mle,-0.09833363411525842,3.684691296230193,ok,True,True,extraction,
xrp,760,2019-12-10,248,759,512,-4.693174162941404,linear,52,0,52,52,0,52,0.1,0.1015625,0.1015625,1.7978386460964426,1.7978386460964425e-06,mle,-0.09833363411525842,3.684691296230193,ok,True,True,extraction,
xrp,761,2019-12-11,249,760,512,-4.693174162941404,linear,52,0,52,52,0,52,0.1,0.1015625,0.1015625,1.8007092570641814,1.8007092570641814e-06,mle,-0.09833363411525842,3.684691296230193,ok,True,True,extraction,
xrp,762,2019-12-12,250,761,512,-4.693174162941404,linear,52,0,52,52,0,52,0.1,0.1015625,0.1015625,1.7966913095833004,1.7966913095833004e-06,mle,-0.09833363411525842,3.684691296230193,ok,True,True,extraction,
xrp,763,2019-12-13,251,762,512,-4.693174162941404,linear,52,0,52,52,0,52,0.1,0.1015625,0.1015625,1.7777588429167202,1.77775884291672e-06,mle,-0.09833363411525842,3.684691296230193,ok,True,True,extraction,
xrp,764,2019-12-14,252,763,512,-4.693174162941404,linear,52,0,52,52,0,52,0.1,0.1015625,0.1015625,1.779006495008316,1.779006495008316e-06,mle,-0.09833363411525842,3.684691296230193,ok,True,True,extraction,
xrp,765,2019-12-15,253,764,512,-4.668500759278334,linear,52,0,52,52,0,52,0.1,0.1015625,0.1015625,1.7762959252799804,1.7762959252799804e-06,mle,-0.08722415459296703,3.638262957853615,ok,True,True,extraction,
xrp,766,2019-12-16,254,765,512,-4.668500759278334,linear,52,0,52,52,0,52,0.1,0.1015625,0.1015625,1.7641272640898844,1.7641272640898844e-06,mle,-0.08722415459296703,3.638262957853615,ok,True,True,extraction,
xrp,767,2019-12-17,255,766,512,-4.693174162941404,linear,52,0,52,52,0,52,0.1,0.1015625,0.1015625,1.7762959252799804,1.7762959252799804e-06,mle,-0.08666461870516708,3.62351762072496,ok,True,True,extraction,
xrp,768,2019-12-18,256,767,512,-4.81205374172785,linear,52,0,52,52,0,52,0.1,0.1015625,0.1015625,1.779006495008316,1.779006495008316e-06,mle,-0.09740565276443149,3.6856579949536625,ok,True,True,extraction,
xrp,769,2019-12-19,257,768,512,-4.81205374172785,linear,52,0,52,52,0,52,0.1,0.1015625,0.1015625,1.779006495008316,1.779006495008316e-06,mle,-0.09740565276443149,3.6856579949536625,ok,True,True,extraction,
xrp,770,2019-12-20,258,769,512,-4.81205374172785,linear,52,0,52,52,0,52,0.1,0.1015625,0.1015625,1.7966913095833004,1.7966913095833004e-06,mle,-0.09740565276443149,3.6856579949536625,ok,True,True,extraction,
xrp,771,2019-12-21,259,770,512,-4.81205374172785,linear,52,0,52,52,0,52,0.1,0.1015625,0.1015625,1.789821359465317,1.7898213594653168e-06,mle,-0.09740565276443149,3.6856579949536625,ok,True,True,extraction,
xrp,772,2019-12-22,260,771,512,-4.81205374172785,linear,52,0,52,52,0,52,0.1,0.1015625,0.1015625,1.7966913095833004,1.7966913095833004e-06,mle,-0.09740565276443149,3.6856579949536625,ok,True,True,extraction,
xrp,773,2019-12-23,261,772,512,-4.81205374172785,linear,52,0,52,52,0,52,0.1,0.1015625,0.1015625,1.7966913095833004,1.7966913095833004e-06,mle,-0.09740565276443149,3.6856579949536625,ok,True,True,extraction,
xrp,774,2019-12-24,262,773,512,-4.81205374172785,linear,52,0,52,52,0,52,0.1,0.1015625,0.1015625,1.8122817986125264,1.8122817986125262e-06,mle,-0.09740565276443149,3.6856579949536625,ok,True,True,extraction,
xrp,775,2019-12-25,263,774,512,-4.81205374172785,linear,52,0,52,52,0,52,0.1,0.1015625,0.1015625,1.8102897769105004,1.8102897769105003e-06,mle,-0.09740565276443149,3.6856579949536625,ok,True,True,extraction,
xrp,776,2019-12-26,264,775,512,-4.81205374172785,linear,52,0,52,52,0,52,0.1,0.1015625,0.1015625,1.7966913095833004,1.7966913095833004e-06,mle,-0.09740565276443149,3.6856579949536625,ok,True,True,extraction,
xrp,777,2019-12-27,265,776,512,-4.81205374172785,linear,52,0,52,52,0,52,0.1,0.1015625,0.1015625,1.7804119794702842,1.780411979470284e-06,mle,-0.09740565276443149,3.6856579949536625,ok,True,True,extraction,
xrp,778,2019-12-28,266,777,512,-4.81205374172785,linear,52,0,52,52,0,52,0.1,0.1015625,0.1015625,1.7762959252799804,1.7762959252799804e-06,mle,-0.09740565276443149,3.6856579949536625,ok,True,True,extraction,
xrp,779,2019-12-29,267,778,512,-4.81205374172785,linear,52,0,52,52,0,52,0.1,0.1015625,0.1015625,1.7708314596239652,1.770831459623965e-06,mle,-0.09740565276443149,3.6856579949536625,ok,True,True,extraction,
xrp,780,2019-12-30,268,779,512,-4.81205374172785,linear,52,0,52,52,0,52,0.1,0.1015625,0.1015625,1.7712731865723916,1.7712731865723916e-06,mle,-0.09740565276443149,3.6856579949536625,ok,True,True,extraction,
xrp,781,2019-12-31,269,780,512,-4.81205374172785,linear,52,0,52,52,0,52,0.1,0.1015625,0.1015625,1.7708314596239652,1.770831459623965e-06,mle,-0.09740565276443149,3.6856579949536625,ok,True,True,extraction,
xrp,782,2020-01-01,270,781,512,-4.81205374172785,linear,52,0,52,52,0,52,0.1,0.1015625,0.1015625,1.7610129774543164,1.7610129774543164e-06,mle,-0.09740565276443149,3.6856579949536625,ok,True,True,extraction,
xrp,783,2020-01-02,271,782,512,-4.693174162941404,linear,52,0,52,52,0,52,0.1,0.1015625,0.1015625,1.7550095084305701,1.75500950843057e-06,mle,-0.10216193470746993,3.756198152690048,ok,True,True,extraction,
xrp,784,2020-01-03,272,783,512,-4.668500759278334,linear,52,0,52,52,0,52,0.1,0.1015625,0.1015625,1.7550095084305701,1.75500950843057e-06,mle,-0.06228254446889511,3.4569071896316075,ok,True,True,extraction,
xrp,785,2020-01-04,273,784,512,-4.668500759278334,linear,52,0,52,52,0,52,0.1,0.1015625,0.1015625,1.7550095084305701,1.75500950843057e-06,mle,-0.06228254446889511,3.4569071896316075,ok,True,True,extraction,
xrp,786,2020-01-05,274,785,512,-4.622831293040559,linear,52,0,52,52,0,52,0.1,0.1015625,0.1015625,1.7605013123575814,1.7605013123575813e-06,mle,-0.04090935358679397,3.3682768798942604,ok,True,True,extraction,
xrp,787,2020-01-06,275,786,512,-4.617427674761878,linear,52,0,52,52,0,52,0.1,0.1015625,0.1015625,1.7458242158558634,1.7458242158558634e-06,mle,-0.018783160434423987,3.271221525792317,ok,True,True,extraction,
xrp,788,2020-01-07,276,787,512,-4.617427674761878,linear,52,0,52,52,0,52,0.1,0.1015625,0.1015625,1.7487850734545738,1.7487850734545736e-06,mle,-0.018783160434423987,3.271221525792317,ok,True,True,extraction,
xrp,789,2020-01-08,277,788,512,-4.606652183683817,linear,52,0,52,52,0,52,0.1,0.1015625,0.1015625,1.7487850734545738,1.7487850734545736e-06,mle,0.01773272339827899,3.117641567872097,ok,True,True,extraction,
xrp,790,2020-01-09,278,789,512,-4.606652183683817,linear,52,0,52,52,0,52,0.1,0.1015625,0.1015625,1.7563689362359476,1.7563689362359476e-06,mle,0.01773272339827899,3.117641567872097,ok,True,True,extraction,
xrp,791,2020-01-10,279,790,512,-4.606652183683817,linear,52,0,52,52,0,52,0.1,0.1015625,0.1015625,1.7597494644653116,1.7597494644653115e-06,mle,0.01773272339827899,3.117641567872097,ok,True,True,extraction,
xrp,792,2020-01-11,280,791,512,-4.606652183683817,linear,52,0,52,52,0,52,0.1,0.1015625,0.1015625,1.7597494644653116,1.7597494644653115e-06,mle,0.01773272339827899,3.117641567872097,ok,True,True,extraction,
xrp,793,2020-01-12,281,792,512,-4.606652183683817,linear,52,0,52,52,0,52,0.1,0.1015625,0.1015625,1.752165601683938,1.752165601683938e-06,mle,0.01773272339827899,3.117641567872097,ok,True,True,extraction,
xrp,794,2020-01-13,282,793,512,-4.552263508612145,linear,52,0,52,52,0,52,0.1,0.1015625,0.1015625,1.7487850734545738,1.7487850734545736e-06,mle,0.0550279953933846,2.9279153555436874,ok,True,True,extraction,
xrp,795,2020-01-14,283,794,512,-4.552263508612145,linear,52,0,52,52,0,52,0.1,0.1015625,0.1015625,1.7458242158558634,1.7458242158558634e-06,mle,0.0550279953933846,2.9279153555436874,ok,True,True,extraction,
xrp,796,2020-01-15,284,795,512,-4.469379937115227,linear,52,0,52,52,0,52,0.1,0.1015625,0.1015625,1.7424436876264995,1.7424436876264995e-06,mle,0.057038378270087536,2.94608801168675,ok,True,True,extraction,
xrp,797,2020-01-16,285,796,512,-4.469379937115227,linear,52,0,52,52,0,52,0.1,0.1015625,0.1015625,1.7322257485286634,1.7322257485286633e-06,mle,0.057038378270087536,2.94608801168675,ok,True,True,extraction,
xrp,798,2020-01-17,286,797,512,-4.403740703183318,linear,52,0,52,52,0,52,0.1,0.1015625,0.1015625,1.7159464184156472,1.715946418415647e-06,mle,0.02429300668580074,3.1050261847823712,ok,True,True,extraction,
xrp,799,2020-01-18,287,798,512,-4.403740703183318,linear,52,0,52,52,0,52,0.1,0.1015625,0.1015625,1.7159464184156472,1.715946418415647e-06,mle,0.02429300668580074,3.1050261847823712,ok,True,True,extraction,
xrp,800,2020-01-19,288,799,512,-4.403740703183318,linear,52,0,52,52,0,52,0.1,0.1015625,0.1015625,1.7322257485286634,1.7322257485286633e-06,mle,0.02429300668580074,3.1050261847823712,ok,True,True,extraction,
xrp,801,2020-01-20,289,800,512,-4.403740703183318,linear,52,0,52,52,0,52,0.1,0.1015625,0.1015625,1.7473270746624345,1.7473270746624345e-06,mle,0.02429300668580074,3.1050261847823712,ok,True,True,extraction,
xrp,802,2020-01-21,290,801,512,-4.403740703183318,linear,52,0,52,52,0,52,0.1,0.1015625,0.1015625,1.7473270746624345,1.7473270746624345e-06,mle,0.02429300668580074,3.1050261847823712,ok,True,True,extraction,
xrp,803,2020-01-22,291,802,512,-4.403740703183318,linear,52,0,52,52,0,52,0.1,0.1015625,0.1015625,1.7473270746624345,1.7473270746624345e-06,mle,0.02429300668580074,3.1050261847823712,ok,True,True,extraction,
xrp,804,2020-01-23,292,803,512,-4.403740703183318,linear,52,0,52,52,0,52,0.1,0.1015625,0.1015625,1.735815614940161,1.735815614940161e-06,mle,0.02429300668580074,3.1050261847823712,ok,True,True,extraction,
xrp,805,2020-01-24,293,804,512,-4.403740703183318,linear,52,0,52,52,0,52,0.1,0.1015625,0.1015625,1.735815614940161,1.735815614940161e-06,mle,0.02429300668580074,3.1050261847823712,ok,True,True,extraction,
xrp,806,2020-01-25,294,805,512,-4.403740703183318,linear,52,0,52,52,0,52,0.1,0.1015625,0.1015625,1.7252784381589494,1.7252784381589493e-06,mle,0.02429300668580074,3.1050261847823712,ok,True,True,extraction,
xrp,807,2020-01-26,295,806,512,-4.403740703183318,linear,52,0,52,52,0,52,0.1,0.1015625,0.1015625,1.717447326566059,1.717447326566059e-06,mle,0.02429300668580074,3.1050261847823712,ok,True,True,extraction,
xrp,808,2020-01-27,296,807,512,-4.403740703183318,linear,52,0,52,52,0,52,0.1,0.1015625,0.1015625,1.717447326566059,1.717447326566059e-06,mle,0.02429300668580074,3.1050261847823712,ok,True,True,extraction,
xrp,809,2020-01-28,297,808,512,-4.403740703183318,linear,52,0,52,52,0,52,0.1,0.1015625,0.1015625,1.7252784381589494,1.7252784381589493e-06,mle,0.02429300668580074,3.1050261847823712,ok,True,True,extraction,
xrp,810,2020-01-29,298,809,512,-4.403740703183318,linear,52,0,52,52,0,52,0.1,0.1015625,0.1015625,1.7403142053595517,1.7403142053595516e-06,mle,0.02429300668580074,3.1050261847823712,ok,True,True,extraction,
xrp,811,2020-01-30,299,810,512,-4.403740703183318,linear,52,0,52,52,0,52,0.1,0.1015625,0.1015625,1.7403142053595517,1.7403142053595516e-06,mle,0.02429300668580074,3.1050261847823712,ok,True,True,extraction,
xrp,812,2020-01-31,300,811,512,-4.372300557702554,linear,52,0,52,52,0,52,0.1,0.1015625,0.1015625,1.7322257485286634,1.7322257485286633e-06,mle,0.02910112771441766,2.9097460724463318,ok,True,True,extraction,
xrp,813,2020-02-01,301,812,512,-4.372300557702554,linear,52,0,52,52,0,52,0.1,0.1015625,0.1015625,1.7306235149173652,1.7306235149173652e-06,mle,0.02910112771441766,2.9097460724463318,ok,True,True,extraction,
xrp,814,2020-02-02,302,813,512,-4.372300557702554,linear,52,0,52,52,0,52,0.1,0.1015625,0.1015625,1.6924729854992102,1.6924729854992101e-06,mle,0.02910112771441766,2.9097460724463318,ok,True,True,extraction,
xrp,815,2020-02-03,303,814,512,-4.372300557702554,linear,52,0,52,52,0,52,0.1,0.1015625,0.1015625,1.689092457269846,1.689092457269846e-06,mle,0.02910112771441766,2.9097460724463318,ok,True,True,extraction,
xrp,816,2020-02-04,304,815,512,-4.372300557702554,linear,52,0,52,52,0,52,0.1,0.1015625,0.1015625,1.7066486583053517,1.7066486583053516e-06,mle,0.02910112771441766,2.9097460724463318,ok,True,True,extraction,
xrp,817,2020-02-05,305,816,512,-4.372300557702554,linear,52,0,52,52,0,52,0.1,0.1015625,0.1015625,1.7002767734412625,1.7002767734412624e-06,mle,0.02910112771441766,2.9097460724463318,ok,True,True,extraction,
xrp,818,2020-02-06,306,817,512,-4.372300557702554,linear,52,0,52,52,0,52,0.1,0.1015625,0.1015625,1.6961932494444005,1.6961932494444004e-06,mle,0.02910112771441766,2.9097460724463318,ok,True,True,extraction,
xrp,819,2020-02-07,307,818,512,-4.372300557702554,linear,52,0,52,52,0,52,0.1,0.1015625,0.1015625,1.6961932494444005,1.6961932494444004e-06,mle,0.02910112771441766,2.9097460724463318,ok,True,True,extraction,
xrp,820,2020-02-08,308,819,512,-4.372300557702554,linear,52,0,52,52,0,52,0.1,0.1015625,0.1015625,1.676950712220488,1.6769507122204881e-06,mle,0.02910112771441766,2.9097460724463318,ok,True,True,extraction,
xrp,821,2020-02-09,309,820,512,-4.372300557702554,linear,52,0,52,52,0,52,0.1,0.1015625,0.1015625,1.676950712220488,1.6769507122204881e-06,mle,0.02910112771441766,2.9097460724463318,ok,True,True,extraction,
xrp,822,2020-02-10,310,821,512,-4.372300557702554,linear,52,0,52,52,0,52,0.1,0.1015625,0.1015625,1.676950712220488,1.6769507122204881e-06,mle,0.02910112771441766,2.9097460724463318,ok,True,True,extraction,
xrp,823,2020-02-11,311,822,512,-4.372300557702554,linear,52,0,52,52,0,52,0.1,0.1015625,0.1015625,1.7002767734412625,1.7002767734412624e-06,mle,0.02910112771441766,2.9097460724463318,ok,True,True,extraction,
xrp,824,2020-02-12,312,823,512,-4.372300557702554,linear,52,0,52,52,0,52,0.1,0.1015625,0.1015625,1.6961932494444005,1.6961932494444004e-06,mle,0.02910112771441766,2.9097460724463318,ok,True,True,extraction,
xrp,825,2020-02-13,313,824,512,-4.372300557702554,linear,52,0,52,52,0,52,0.1,0.1015625,0.1015625,1.6961932494444005,1.6961932494444004e-06,mle,0.02910112771441766,2.9097460724463318,ok,True,True,extraction,
xrp,826,2020-02-14,314,825,512,-4.372300557702554,linear,52,0,52,52,0,52,0.1,0.1015625,0.1015625,1.7124725795574167,1.7124725795574166e-06,mle,0.02910112771441766,2.9097460724463318,ok,True,True,extraction,
xrp,827,2020-02-15,315,826,512,-4.372300557702554,linear,52,0,52,52,0,52,0.1,0.1015625,0.1015625,1.7124725795574167,1.7124725795574166e-06,mle,0.02910112771441766,2.9097460724463318,ok,True,True,extraction,
xrp,828,2020-02-16,316,827,512,-4.403740703183318,linear,52,0,52,52,0,52,0.1,0.1015625,0.1015625,1.7165561035542787,1.7165561035542786e-06,mle,-0.01071087032276038,3.085309315767085,ok,True,True,extraction,
xrp,829,2020-02-17,317,828,512,-4.403740703183318,linear,52,0,52,52,0,52,0.1,0.1015625,0.1015625,1.722927988418368,1.722927988418368e-06,mle,-0.01071087032276038,3.085309315767085,ok,True,True,extraction,
xrp,830,2020-02-18,318,829,512,-4.403740703183318,linear,52,0,52,52,0,52,0.1,0.1015625,0.1015625,1.7424436876264995,1.7424436876264995e-06,mle,-0.01071087032276038,3.085309315767085,ok,True,True,extraction,
xrp,831,2020-02-19,319,830,512,-4.372300557702554,linear,52,0,52,52,0,52,0.1,0.1015625,0.1015625,1.736526455745568,1.7365264557455679e-06,mle,0.005051073894072774,2.878700693766745,ok,True,True,extraction,
xrp,832,2020-02-20,320,831,512,-4.403740703183318,linear,52,0,52,52,0,52,0.1,0.1015625,0.1015625,1.7424436876264995,1.7424436876264995e-06,mle,-0.01661827767776206,2.962119108408089,ok,True,True,extraction,
xrp,833,2020-02-21,321,832,512,-4.403740703183318,linear,52,0,52,52,0,52,0.1,0.1015625,0.1015625,1.7288452202992994,1.7288452202992993e-06,mle,-0.01661827767776206,2.962119108408089,ok,True,True,extraction,
xrp,834,2020-02-22,322,833,512,-4.403740703183318,linear,52,0,52,52,0,52,0.1,0.1015625,0.1015625,1.7125658901862832,1.7125658901862831e-06,mle,-0.01661827767776206,2.962119108408089,ok,True,True,extraction,
xrp,835,2020-02-23,323,834,512,-4.403740703183318,linear,52,0,52,52,0,52,0.1,0.1015625,0.1015625,1.7066486583053517,1.7066486583053516e-06,mle,-0.01661827767776206,2.962119108408089,ok,True,True,extraction,
xrp,836,2020-02-24,324,835,512,-4.403740703183318,linear,52,0,52,52,0,52,0.1,0.1015625,0.1015625,1.7066486583053517,1.7066486583053516e-06,mle,-0.01661827767776206,2.962119108408089,ok,True,True,extraction,
xrp,837,2020-02-25,325,836,512,-4.403740703183318,linear,52,0,52,52,0,52,0.1,0.1015625,0.1015625,1.7125658901862832,1.7125658901862831e-06,mle,-0.01661827767776206,2.962119108408089,ok,True,True,extraction,
xrp,838,2020-02-26,326,837,512,-4.469379937115227,linear,52,0,52,52,0,52,0.1,0.1015625,0.1015625,1.7288452202992994,1.7288452202992993e-06,mle,-0.017651192083936704,2.940675624488402,ok,True,True,extraction,
xrp,839,2020-02-27,327,838,512,-4.469379937115227,linear,52,0,52,52,0,52,0.1,0.1015625,0.1015625,1.7288452202992994,1.7288452202992993e-06,mle,-0.01628656839855966,2.920667333783883,ok,True,True,extraction,
xrp,840,2020-02-28,328,839,512,-4.469379937115227,linear,52,0,52,52,0,52,0.1,0.1015625,0.1015625,1.7424436876264995,1.7424436876264995e-06,mle,-0.01628656839855966,2.920667333783883,ok,True,True,extraction,
xrp,841,2020-02-29,329,840,512,-4.469379937115227,linear,52,0,52,52,0,52,0.1,0.1015625,0.1015625,1.7424436876264995,1.7424436876264995e-06,mle,-0.01628656839855966,2.920667333783883,ok,True,True,extraction,
xrp,842,2020-03-01,330,841,512,-4.469379937115227,linear,52,0,52,52,0,52,0.1,0.1015625,0.1015625,1.7487850734545738,1.7487850734545736e-06,mle,-0.01628656839855966,2.920667333783883,ok,True,True,extraction,
xrp,843,2020-03-02,331,842,512,-4.403740703183318,linear,52,0,52,52,0,52,0.1,0.1015625,0.1015625,1.7424436876264995,1.7424436876264995e-06,mle,-0.019822911098560846,2.963660627979264,ok,True,True,extraction,
xrp,844,2020-03-03,332,843,512,-4.403740703183318,linear,52,0,52,52,0,52,0.1,0.1015625,0.1015625,1.7428678415736423,1.7428678415736423e-06,mle,-0.019822911098560846,2.963660627979264,ok,True,True,extraction,
xrp,845,2020-03-04,333,844,512,-4.403740703183318,linear,52,0,52,52,0,52,0.1,0.1015625,0.1015625,1.7424436876264995,1.7424436876264995e-06,mle,-0.019822911098560846,2.963660627979264,ok,True,True,extraction,
xrp,846,2020-03-05,334,845,512,-4.403740703183318,linear,52,0,52,52,0,52,0.1,0.1015625,0.1015625,1.722927988418368,1.722927988418368e-06,mle,-0.019822911098560846,2.963660627979264,ok,True,True,extraction,
xrp,847,2020-03-06,335,846,512,-4.403740703183318,linear,52,0,52,52,0,52,0.1,0.1015625,0.1015625,1.7165561035542787,1.7165561035542786e-06,mle,-0.019822911098560846,2.963660627979264,ok,True,True,extraction,
xrp,848,2020-03-07,336,847,512,-4.372300557702554,linear,52,0,52,52,0,52,0.1,0.1015625,0.1015625,1.7124725795574167,1.7124725795574166e-06,mle,-0.2024582907835873,3.2214337531464716,ok,True,True,extraction,
xrp,849,2020-03-08,337,848,512,-4.372300557702554,linear,52,0,52,52,0,52,0.1,0.1015625,0.1015625,1.7165561035542787,1.7165561035542786e-06,mle,-0.2024582907835873,3.2214337531464716,ok,True,True,extraction,
xrp,850,2020-03-09,338,849,512,-4.403740703183318,linear,52,0,52,52,0,52,0.1,0.1015625,0.1015625,1.736526455745568,1.7365264557455679e-06,mle,-0.20747475238453778,3.4155772874170394,ok,True,True,extraction,
xrp,851,2020-03-10,339,850,512,-4.403740703183318,linear,52,0,52,52,0,52,0.1,0.1015625,0.1015625,1.7165561035542787,1.7165561035542786e-06,mle,-0.20747475238453778,3.4155772874170394,ok,True,True,extraction,
xrp,852,2020-03-11,340,851,512,-4.403740703183318,linear,52,0,52,52,0,52,0.1,0.1015625,0.1015625,1.7002767734412625,1.7002767734412624e-06,mle,-0.20747475238453778,3.4155772874170394,ok,True,True,extraction,
xrp,853,2020-03-12,341,852,512,-4.403740703183318,linear,52,0,52,52,0,52,0.1,0.1015625,0.1015625,1.7066486583053517,1.7066486583053516e-06,mle,-0.20747475238453778,3.4155772874170394,ok,True,True,extraction,
xrp,854,2020-03-13,342,853,512,-4.469379937115227,linear,52,0,52,52,0,52,0.1,0.1015625,0.1015625,1.722927988418368,1.722927988418368e-06,mle,0.23870739519474482,2.571322140548586,ok,True,True,extraction,
xrp,855,2020-03-14,343,854,512,-4.469379937115227,linear,52,0,52,52,0,52,0.1,0.1015625,0.1015625,1.7165561035542787,1.7165561035542786e-06,mle,0.23870739519474482,2.571322140548586,ok,True,True,extraction,
xrp,856,2020-03-15,344,855,512,-4.552263508612145,linear,52,0,52,52,0,52,0.1,0.1015625,0.1015625,1.7301545708814787,1.7301545708814787e-06,mle,0.2364997309242809,2.5645835789951854,ok,True,True,extraction,
xrp,857,2020-03-16,345,856,512,-4.552263508612145,linear,52,0,52,52,0,52,0.1,0.1015625,0.1015625,1.736495956709553,1.736495956709553e-06,mle,0.2364997309242809,2.5645835789951854,ok,True,True,extraction,
xrp,858,2020-03-17,346,857,512,-4.606652183683817,linear,52,0,52,52,0,52,0.1,0.1015625,0.1015625,1.7440798194909268,1.7440798194909267e-06,mle,0.22193745341831683,2.6316546843841606,ok,True,True,extraction,
xrp,859,2020-03-18,347,858,512,-4.606652183683817,linear,52,0,52,52,0,52,0.1,0.1015625,0.1015625,1.74412566539276,1.7441256653927598e-06,mle,0.22193745341831683,2.6316546843841606,ok,True,True,extraction,
xrp,860,2020-03-19,348,859,512,-4.606652183683817,linear,52,0,52,52,0,52,0.1,0.1015625,0.1015625,1.7440798194909268,1.7440798194909267e-06,mle,0.22193745341831683,2.6316546843841606,ok,True,True,extraction,
xrp,861,2020-03-20,349,860,512,-4.606652183683817,linear,52,0,52,52,0,52,0.1,0.1015625,0.1015625,1.74412566539276,1.7441256653927598e-06,mle,0.22193745341831683,2.6316546843841606,ok,True,True,extraction,
xrp,862,2020-03-21,350,861,512,-4.617427674761878,linear,52,0,52,52,0,52,0.1,0.1015625,0.1015625,1.7520473372511092,1.752047337251109e-06,mle,0.2185166408666152,2.6406737006170675,ok,True,True,extraction,
xrp,863,2020-03-22,351,862,512,-4.617427674761878,linear,52,0,52,52,0,52,0.1,0.1015625,0.1015625,1.7520473372511092,1.752047337251109e-06,mle,0.2185166408666152,2.6406737006170675,ok,True,True,extraction,
xrp,864,2020-03-23,352,863,512,-4.622831293040559,linear,52,0,52,52,0,52,0.1,0.1015625,0.1015625,1.7550867202466431,1.7550867202466431e-06,mle,0.21236167926721244,2.6640611680057225,ok,True,True,extraction,
xrp,865,2020-03-24,353,864,512,-4.622831293040559,linear,52,0,52,52,0,52,0.1,0.1015625,0.1015625,1.7669893875593035,1.7669893875593034e-06,mle,0.21236167926721244,2.6640611680057225,ok,True,True,extraction,
xrp,866,2020-03-25,354,865,512,-4.617427674761878,linear,52,0,52,52,0,52,0.1,0.1015625,0.1015625,1.7694182073264746,1.7694182073264745e-06,mle,0.21073539209573225,2.6736686379687447,ok,True,True,extraction,
xrp,867,2020-03-26,355,866,512,-4.617427674761878,linear,52,0,52,52,0,52,0.1,0.1015625,0.1015625,1.7669893875593035,1.7669893875593034e-06,mle,0.21073539209573225,2.6736686379687447,ok,True,True,extraction,
xrp,868,2020-03-27,356,867,512,-4.617427674761878,linear,52,0,52,52,0,52,0.1,0.1015625,0.1015625,1.7776738161385373,1.7776738161385371e-06,mle,0.21073539209573225,2.6736686379687447,ok,True,True,extraction,
xrp,869,2020-03-28,357,868,512,-4.617427674761878,linear,52,0,52,52,0,52,0.1,0.1015625,0.1015625,1.7669893875593035,1.7669893875593034e-06,mle,0.21073539209573225,2.6736686379687447,ok,True,True,extraction,
xrp,870,2020-03-29,358,869,512,-4.617427674761878,linear,52,0,52,52,0,52,0.1,0.1015625,0.1015625,1.7669893875593035,1.7669893875593034e-06,mle,0.21073539209573225,2.6736686379687447,ok,True,True,extraction,
xrp,871,2020-03-30,359,870,512,-4.667970360725277,linear,52,0,52,52,0,52,0.1,0.1015625,0.1015625,1.771301931274448,1.771301931274448e-06,mle,0.20246288471697982,2.6970488986869823,ok,True,True,extraction,
xrp,872,2020-03-31,360,871,512,-4.667970360725277,linear,52,0,52,52,0,52,0.1,0.1015625,0.1015625,1.7818391080556595,1.7818391080556594e-06,mle,0.20246288471697982,2.6970488986869823,ok,True,True,extraction,
xrp,873,2020-04-01,361,872,512,-4.667970360725277,linear,52,0,52,52,0,52,0.1,0.1015625,0.1015625,1.771301931274448,1.771301931274448e-06,mle,0.20246288471697982,2.6970488986869823,ok,True,True,extraction,
xrp,874,2020-04-02,362,873,512,-4.667970360725277,linear,52,0,52,52,0,52,0.1,0.1015625,0.1015625,1.7669893875593035,1.7669893875593034e-06,mle,0.20246288471697982,2.6970488986869823,ok,True,True,extraction,
xrp,875,2020-04-03,363,874,512,-4.667970360725277,linear,52,0,52,52,0,52,0.1,0.1015625,0.1015625,1.7669893875593035,1.7669893875593034e-06,mle,0.20246288471697982,2.6970488986869823,ok,True,True,extraction,
xrp,876,2020-04-04,364,875,512,-4.617427674761878,linear,52,0,52,52,0,52,0.1,0.1015625,0.1015625,1.7550867202466431,1.7550867202466431e-06,mle,0.2156109327719679,2.638897994573722,ok,True,True,extraction,
xrp,877,2020-04-05,365,876,512,-4.617427674761878,linear,52,0,52,52,0,52,0.1,0.1015625,0.1015625,1.7550867202466431,1.7550867202466431e-06,mle,0.2156109327719679,2.638897994573722,ok,True,True,extraction,
xrp,878,2020-04-06,366,877,512,-4.617427674761878,linear,52,0,52,52,0,52,0.1,0.1015625,0.1015625,1.7550867202466431,1.7550867202466431e-06,mle,0.2156109327719679,2.638897994573722,ok,True,True,extraction,
xrp,879,2020-04-07,367,878,512,-4.617427674761878,linear,52,0,52,52,0,52,0.1,0.1015625,0.1015625,1.7669893875593035,1.7669893875593034e-06,mle,0.2156109327719679,2.638897994573722,ok,True,True,extraction,
xrp,880,2020-04-08,368,879,512,-4.617427674761878,linear,52,0,52,52,0,52,0.1,0.1015625,0.1015625,1.760073926344889,1.760073926344889e-06,mle,0.2156109327719679,2.638897994573722,ok,True,True,extraction,
xrp,881,2020-04-09,369,880,512,-4.617427674761878,linear,52,0,52,52,0,52,0.1,0.1015625,0.1015625,1.7669893875593035,1.7669893875593034e-06,mle,0.2156109327719679,2.638897994573722,ok,True,True,extraction,
xrp,882,2020-04-10,370,881,512,-4.606652183683817,linear,52,0,52,52,0,52,0.1,0.1015625,0.1015625,1.7550867202466431,1.7550867202466431e-06,mle,0.23973959537685507,2.5311051964808664,ok,True,True,extraction,
xrp,883,2020-04-11,371,882,512,-4.617427674761878,linear,52,0,52,52,0,52,0.1,0.1015625,0.1015625,1.7669893875593035,1.7669893875593034e-06,mle,0.2289678842229826,2.570194154211102,ok,True,True,extraction,
xrp,884,2020-04-12,372,883,512,-4.617427674761878,linear,52,0,52,52,0,52,0.1,0.1015625,0.1015625,1.7550867202466431,1.7550867202466431e-06,mle,0.2289678842229826,2.570194154211102,ok,True,True,extraction,
xrp,885,2020-04-13,373,884,512,-4.617427674761878,linear,52,0,52,52,0,52,0.1,0.1015625,0.1015625,1.747917967352414,1.7479179673524139e-06,mle,0.2289678842229826,2.570194154211102,ok,True,True,extraction,
xrp,886,2020-04-14,374,885,512,-4.617427674761878,linear,52,0,52,52,0,52,0.1,0.1015625,0.1015625,1.7420100053740915,1.7420100053740915e-06,mle,0.2289678842229826,2.570194154211102,ok,True,True,extraction,
xrp,887,2020-04-15,375,886,512,-4.606652183683817,linear,52,0,52,52,0,52,0.1,0.1015625,0.1015625,1.736526455745568,1.7365264557455679e-06,mle,0.24969898019584746,2.4863761321741693,ok,True,True,extraction,
xrp,888,2020-04-16,376,887,512,-4.552263508612145,linear,52,0,52,52,0,52,0.1,0.1015625,0.1015625,1.736526455745568,1.7365264557455679e-06,mle,0.26507799962933426,2.406427413290417,ok,True,True,extraction,
xrp,889,2020-04-17,377,888,512,-4.552263508612145,linear,52,0,52,52,0,52,0.1,0.1015625,0.1015625,1.736526455745568,1.7365264557455679e-06,mle,0.26507799962933426,2.406427413290417,ok,True,True,extraction,
xrp,890,2020-04-18,378,889,512,-4.469379937115227,linear,52,0,52,52,0,52,0.1,0.1015625,0.1015625,1.7165561035542787,1.7165561035542786e-06,mle,0.23980115118488174,2.5408582299704765,ok,True,True,extraction,
xrp,891,2020-04-19,379,890,512,-4.403740703183318,linear,52,0,52,52,0,52,0.1,0.1015625,0.1015625,1.7124725795574167,1.7124725795574166e-06,mle,0.21816285709814728,2.6611297771316353,ok,True,True,extraction,
xrp,892,2020-04-20,380,891,512,-4.372300557702554,linear,52,0,52,52,0,52,0.1,0.1015625,0.1015625,1.7124725795574167,1.7124725795574166e-06,mle,0.2393149936910785,2.5592786937931002,ok,True,True,extraction,
xrp,893,2020-04-21,381,892,512,-4.372300557702554,linear,52,0,52,52,0,52,0.1,0.1015625,0.1015625,1.7301545708814787,1.7301545708814787e-06,mle,0.2393149936910785,2.5592786937931002,ok,True,True,extraction,
xrp,894,2020-04-22,382,893,512,-4.370361619659794,linear,52,0,52,52,0,52,0.1,0.1015625,0.1015625,1.703418313483961,1.703418313483961e-06,mle,0.2525164842473326,2.507875213477628,ok,True,True,extraction,
xrp,895,2020-04-23,383,894,512,-4.370361619659794,linear,52,0,52,52,0,52,0.1,0.1015625,0.1015625,1.7155966348103808,1.7155966348103808e-06,mle,0.2525164842473326,2.507875213477628,ok,True,True,extraction,
xrp,896,2020-04-24,384,895,512,-4.370361619659794,linear,52,0,52,52,0,52,0.1,0.1015625,0.1015625,1.7155966348103808,1.7155966348103808e-06,mle,0.2525164842473326,2.507875213477628,ok,True,True,extraction,
xrp,897,2020-04-25,385,896,512,-4.370361619659794,linear,52,0,52,52,0,52,0.1,0.1015625,0.1015625,1.6936634661832564,1.6936634661832562e-06,mle,0.2525164842473326,2.507875213477628,ok,True,True,extraction,
xrp,898,2020-04-26,386,897,512,-4.362273786594716,linear,52,0,52,52,0,52,0.1,0.1015625,0.1015625,1.6832181437187943,1.6832181437187942e-06,mle,0.2538780408092348,2.506772252685272,ok,True,True,extraction,
xrp,899,2020-04-27,387,898,512,-4.362273786594716,linear,52,0,52,52,0,52,0.1,0.1015625,0.1015625,1.6829042201930848,1.6829042201930848e-06,mle,0.2538780408092348,2.506772252685272,ok,True,True,extraction,
xrp,900,2020-04-28,388,899,512,-4.362273786594716,linear,52,0,52,52,0,52,0.1,0.1015625,0.1015625,1.6860044434309651,1.686004443430965e-06,mle,0.2538780408092348,2.506772252685272,ok,True,True,extraction,
xrp,901,2020-04-29,389,900,512,-4.286834083436183,linear,52,0,52,52,0,52,0.1,0.1015625,0.1015625,1.6941951207638217,1.6941951207638216e-06,mle,0.23954414170986338,2.596680278581786,ok,True,True,extraction,
xrp,902,2020-04-30,390,901,512,-4.286834083436183,linear,52,0,52,52,0,52,0.1,0.1015625,0.1015625,1.6975941024723455,1.6975941024723454e-06,mle,0.23954414170986338,2.596680278581786,ok,True,True,extraction,
xrp,903,2020-05-01,391,902,512,-4.362273786594716,linear,52,0,52,52,0,52,0.1,0.1015625,0.1015625,1.6975941024723455,1.6975941024723454e-06,mle,0.23989637335402536,2.571235563858048,ok,True,True,extraction,
xrp,904,2020-05-02,392,903,512,-4.286834083436183,linear,52,0,52,52,0,52,0.1,0.1015625,0.1015625,1.7088684366679636,1.7088684366679635e-06,mle,0.24649421189747353,2.5467689994305043,ok,True,True,extraction,
xrp,905,2020-05-03,393,904,512,-4.286834083436183,linear,52,0,52,52,0,52,0.1,0.1015625,0.1015625,1.709331830744265,1.709331830744265e-06,mle,0.24649421189747353,2.5467689994305043,ok,True,True,extraction,
xrp,906,2020-05-04,394,905,512,-4.286834083436183,linear,52,0,52,52,0,52,0.1,0.1015625,0.1015625,1.7088684366679636,1.7088684366679635e-06,mle,0.24649421189747353,2.5467689994305043,ok,True,True,extraction,
xrp,907,2020-05-05,395,906,512,-4.286834083436183,linear,52,0,52,52,0,52,0.1,0.1015625,0.1015625,1.6941951207638217,1.6941951207638216e-06,mle,0.24649421189747353,2.5467689994305043,ok,True,True,extraction,
xrp,908,2020-05-06,396,907,512,-4.286834083436183,linear,52,0,52,52,0,52,0.1,0.1015625,0.1015625,1.6897742146166703,1.6897742146166702e-06,mle,0.24649421189747353,2.5467689994305043,ok,True,True,extraction,
xrp,909,2020-05-07,397,908,512,-4.286834083436183,linear,52,0,52,52,0,52,0.1,0.1015625,0.1015625,1.6897742146166703,1.6897742146166702e-06,mle,0.24649421189747353,2.5467689994305043,ok,True,True,extraction,
xrp,910,2020-05-08,398,909,512,-4.286834083436183,linear,52,0,52,52,0,52,0.1,0.1015625,0.1015625,1.6897742146166703,1.6897742146166702e-06,mle,0.24649421189747353,2.5467689994305043,ok,True,True,extraction,
xrp,911,2020-05-09,399,910,512,-4.286834083436183,linear,52,0,52,52,0,52,0.1,0.1015625,0.1015625,1.6885964045130935,1.6885964045130933e-06,mle,0.24649421189747353,2.5467689994305043,ok,True,True,extraction,
xrp,912,2020-05-10,400,911,512,-4.286834083436183,linear,52,0,52,52,0,52,0.1,0.1015625,0.1015625,1.678112945052078,1.6781129450520778e-06,mle,0.24649421189747353,2.5467689994305043,ok,True,True,extraction,
xrp,913,2020-05-11,401,912,512,-4.362273786594716,linear,52,0,52,52,0,52,0.1,0.1015625,0.1015625,1.6885964045130935,1.6885964045130933e-06,mle,0.23912946634641175,2.5835947696732875,ok,True,True,extraction,
xrp,914,2020-05-12,402,913,512,-4.362273786594716,linear,52,0,52,52,0,52,0.1,0.1015625,0.1015625,1.6897742146166703,1.6897742146166702e-06,mle,0.23912946634641175,2.5835947696732875,ok,True,True,extraction,
xrp,915,2020-05-13,403,914,512,-4.362273786594716,linear,52,0,52,52,0,52,0.1,0.1015625,0.1015625,1.6897742146166703,1.6897742146166702e-06,mle,0.23912946634641175,2.5835947696732875,ok,True,True,extraction,
xrp,916,2020-05-14,404,915,512,-4.362273786594716,linear,52,0,52,52,0,52,0.1,0.1015625,0.1015625,1.6897742146166703,1.6897742146166702e-06,mle,0.23912946634641175,2.5835947696732875,ok,True,True,extraction,
xrp,917,2020-05-15,405,916,512,-4.362273786594716,linear,52,0,52,52,0,52,0.1,0.1015625,0.1015625,1.6897742146166703,1.6897742146166702e-06,mle,0.23912946634641175,2.5835947696732875,ok,True,True,extraction,
xrp,918,2020-05-16,406,917,512,-4.362273786594716,linear,52,0,52,52,0,52,0.1,0.1015625,0.1015625,1.6826612326358303,1.6826612326358303e-06,mle,0.23912946634641175,2.5835947696732875,ok,True,True,extraction,
xrp,919,2020-05-17,407,918,512,-4.286834083436183,linear,52,0,52,52,0,52,0.1,0.1015625,0.1015625,1.6834514475476041,1.683451447547604e-06,mle,0.22670088195037047,2.6684709140566807,ok,True,True,extraction,
xrp,920,2020-05-18,408,919,512,-4.286834083436183,linear,52,0,52,52,0,52,0.1,0.1015625,0.1015625,1.6834514475476041,1.683451447547604e-06,mle,0.22670088195037047,2.6684709140566807,ok,True,True,extraction,
xrp,921,2020-05-19,409,920,512,-4.286834083436183,linear,52,0,52,52,0,52,0.1,0.1015625,0.1015625,1.6834514475476041,1.683451447547604e-06,mle,0.22670088195037047,2.6684709140566807,ok,True,True,extraction,
xrp,922,2020-05-20,410,921,512,-4.286834083436183,linear,52,0,52,52,0,52,0.1,0.1015625,0.1015625,1.6766974997441189,1.6766974997441188e-06,mle,0.22670088195037047,2.6684709140566807,ok,True,True,extraction,
xrp,923,2020-05-21,411,922,512,-4.100070792406755,linear,52,0,52,52,0,52,0.1,0.1015625,0.1015625,1.675987320232391,1.6759873202323908e-06,mle,0.19387175484668975,2.8930407630097714,ok,True,True,extraction,
xrp,924,2020-05-22,412,923,512,-4.100070792406755,linear,52,0,52,52,0,52,0.1,0.1015625,0.1015625,1.6766974997441189,1.6766974997441188e-06,mle,0.19387175484668975,2.8930407630097714,ok,True,True,extraction,
xrp,925,2020-05-23,413,924,512,-4.070046125682069,linear,52,0,52,52,0,52,0.1,0.1015625,0.1015625,1.6762826946533753,1.6762826946533752e-06,mle,0.2152103159536478,2.742038619973356,ok,True,True,extraction,
xrp,926,2020-05-24,414,925,512,-4.070046125682069,linear,52,0,52,52,0,52,0.1,0.1015625,0.1015625,1.675987320232391,1.6759873202323908e-06,mle,0.2152103159536478,2.742038619973356,ok,True,True,extraction,
xrp,927,2020-05-25,415,926,512,-4.070046125682069,linear,52,0,52,52,0,52,0.1,0.1015625,0.1015625,1.6699413088253008,1.6699413088253006e-06,mle,0.2152103159536478,2.742038619973356,ok,True,True,extraction,
xrp,928,2020-05-26,416,927,512,-4.070046125682069,linear,52,0,52,52,0,52,0.1,0.1015625,0.1015625,1.6699413088253008,1.6699413088253006e-06,mle,0.2152103159536478,2.742038619973356,ok,True,True,extraction,
xrp,929,2020-05-27,417,928,512,-3.9292977411282566,linear,52,0,52,52,0,52,0.1,0.1015625,0.1015625,1.6589902187724364,1.6589902187724362e-06,mle,0.18459134602436783,2.953266032354774,ok,True,True,extraction,
xrp,930,2020-05-28,418,929,512,-3.9292977411282566,linear,52,0,52,52,0,52,0.1,0.1015625,0.1015625,1.6589902187724364,1.6589902187724362e-06,mle,0.18459134602436783,2.953266032354774,ok,True,True,extraction,
xrp,931,2020-05-29,419,930,512,-3.9292977411282566,linear,52,0,52,52,0,52,0.1,0.1015625,0.1015625,1.6514377628523265,1.6514377628523264e-06,mle,0.18459134602436783,2.953266032354774,ok,True,True,extraction,
xrp,932,2020-05-30,420,931,512,-3.855540367434949,linear,52,0,52,52,0,52,0.1,0.1015625,0.1015625,1.6461095227921747,1.6461095227921747e-06,mle,0.16943001741396096,3.0674406478627,ok,True,True,extraction,
xrp,933,2020-05-31,421,932,512,-3.855540367434949,linear,52,0,52,52,0,52,0.1,0.1015625,0.1015625,1.6592713351740025,1.6592713351740024e-06,mle,0.16943001741396096,3.0674406478627,ok,True,True,extraction,
xrp,934,2020-06-01,422,933,512,-3.855540367434949,linear,52,0,52,52,0,52,0.1,0.1015625,0.1015625,1.6592713351740025,1.6592713351740024e-06,mle,0.16943001741396096,3.0674406478627,ok,True,True,extraction,
xrp,935,2020-06-02,423,934,512,-3.855540367434949,linear,52,0,52,52,0,52,0.1,0.1015625,0.1015625,1.6592713351740025,1.6592713351740024e-06,mle,0.16943001741396096,3.0674406478627,ok,True,True,extraction,
xrp,936,2020-06-03,424,935,512,-3.855540367434949,linear,52,0,52,52,0,52,0.1,0.1015625,0.1015625,1.6610544503958757,1.6610544503958757e-06,mle,0.16943001741396096,3.0674406478627,ok,True,True,extraction,
xrp,937,2020-06-04,425,936,512,-3.855540367434949,linear,52,0,52,52,0,52,0.1,0.1015625,0.1015625,1.6610544503958757,1.6610544503958757e-06,mle,0.16943001741396096,3.0674406478627,ok,True,True,extraction,
xrp,938,2020-06-05,426,937,512,-3.855540367434949,linear,52,0,52,52,0,52,0.1,0.1015625,0.1015625,1.6592713351740025,1.6592713351740024e-06,mle,0.16943001741396096,3.0674406478627,ok,True,True,extraction,
xrp,939,2020-06-06,427,938,512,-3.8438607472126662,linear,52,0,52,52,0,52,0.1,0.1015625,0.1015625,1.6461062916965543,1.6461062916965542e-06,mle,0.19247373230052822,2.8778520119568216,ok,True,True,extraction,
xrp,940,2020-06-07,428,939,512,-3.8438607472126662,linear,52,0,52,52,0,52,0.1,0.1015625,0.1015625,1.6461095227921747,1.6461095227921747e-06,mle,0.19247373230052822,2.8778520119568216,ok,True,True,extraction,
xrp,941,2020-06-08,429,940,512,-3.8438607472126662,linear,52,0,52,52,0,52,0.1,0.1015625,0.1015625,1.6461062916965543,1.6461062916965542e-06,mle,0.19247373230052822,2.8778520119568216,ok,True,True,extraction,
xrp,942,2020-06-09,430,941,512,-3.8438607472126662,linear,52,0,52,52,0,52,0.1,0.1015625,0.1015625,1.6242517909351681,1.624251790935168e-06,mle,0.19247373230052822,2.8778520119568216,ok,True,True,extraction,
xrp,943,2020-06-10,431,942,512,-3.8438607472126662,linear,52,0,52,52,0,52,0.1,0.1015625,0.1015625,1.6211375042996001,1.6211375042996001e-06,mle,0.19247373230052822,2.8778520119568216,ok,True,True,extraction,
xrp,944,2020-06-11,432,943,512,-3.8438607472126662,linear,52,0,52,52,0,52,0.1,0.1015625,0.1015625,1.6150901929738373,1.6150901929738372e-06,mle,0.19247373230052822,2.8778520119568216,ok,True,True,extraction,
xrp,945,2020-06-12,433,944,512,-3.855540367434949,linear,52,0,52,52,0,52,0.1,0.1015625,0.1015625,1.6211375042996001,1.6211375042996001e-06,mle,0.17489416377715955,2.973145092904765,ok,True,True,extraction,
xrp,946,2020-06-13,434,945,512,-3.855540367434949,linear,52,0,52,52,0,52,0.1,0.1015625,0.1015625,1.6311766529556595,1.6311766529556594e-06,mle,0.17489416377715955,2.973145092904765,ok,True,True,extraction,
xrp,947,2020-06-14,435,946,512,-3.855540367434949,linear,52,0,52,52,0,52,0.1,0.1015625,0.1015625,1.6311766529556595,1.6311766529556594e-06,mle,0.17489416377715955,2.973145092904765,ok,True,True,extraction,
xrp,948,2020-06-15,436,947,512,-3.855540367434949,linear,52,0,52,52,0,52,0.1,0.1015625,0.1015625,1.6271423366230495,1.6271423366230494e-06,mle,0.17489416377715955,2.973145092904765,ok,True,True,extraction,
xrp,949,2020-06-16,437,948,512,-3.855540367434949,linear,52,0,52,52,0,52,0.1,0.1015625,0.1015625,1.608165330953346,1.6081653309533459e-06,mle,0.17489416377715955,2.973145092904765,ok,True,True,extraction,
xrp,950,2020-06-17,438,949,512,-3.855540367434949,linear,52,0,52,52,0,52,0.1,0.1015625,0.1015625,1.6052878358616633,1.6052878358616632e-06,mle,0.17489416377715955,2.973145092904765,ok,True,True,extraction,
xrp,951,2020-06-18,439,950,512,-3.855540367434949,linear,52,0,52,52,0,52,0.1,0.1015625,0.1015625,1.608165330953346,1.6081653309533459e-06,mle,0.17489416377715955,2.973145092904765,ok,True,True,extraction,
xrp,952,2020-06-19,440,951,512,-3.855540367434949,linear,52,0,52,52,0,52,0.1,0.1015625,0.1015625,1.608165330953346,1.6081653309533459e-06,mle,0.17489416377715955,2.973145092904765,ok,True,True,extraction,
xrp,953,2020-06-20,441,952,512,-3.855540367434949,linear,52,0,52,52,0,52,0.1,0.1015625,0.1015625,1.6271423366230495,1.6271423366230494e-06,mle,0.17489416377715955,2.973145092904765,ok,True,True,extraction,
xrp,954,2020-06-21,442,953,512,-3.855540367434949,linear,52,0,52,52,0,52,0.1,0.1015625,0.1015625,1.6271423366230495,1.6271423366230494e-06,mle,0.17489416377715955,2.973145092904765,ok,True,True,extraction,
xrp,955,2020-06-22,443,954,512,-3.855540367434949,linear,52,0,52,52,0,52,0.1,0.1015625,0.1015625,1.6271423366230495,1.6271423366230494e-06,mle,0.17489416377715955,2.973145092904765,ok,True,True,extraction,
xrp,956,2020-06-23,444,955,512,-3.855540367434949,linear,52,0,52,52,0,52,0.1,0.1015625,0.1015625,1.6270098277484564,1.6270098277484563e-06,mle,0.17489416377715955,2.973145092904765,ok,True,True,extraction,
xrp,957,2020-06-24,445,956,512,-3.8438607472126662,linear,52,0,52,52,0,52,0.1,0.1015625,0.1015625,1.6211375042996001,1.6211375042996001e-06,mle,0.18152866987373603,2.943884196649482,ok,True,True,extraction,
xrp,958,2020-06-25,446,957,512,-3.8438607472126662,linear,52,0,52,52,0,52,0.1,0.1015625,0.1015625,1.6211375042996001,1.6211375042996001e-06,mle,0.18152866987373603,2.943884196649482,ok,True,True,extraction,
xrp,959,2020-06-26,447,958,512,-3.8438607472126662,linear,52,0,52,52,0,52,0.1,0.1015625,0.1015625,1.6052878358616633,1.6052878358616632e-06,mle,0.18152866987373603,2.943884196649482,ok,True,True,extraction,
xrp,960,2020-06-27,448,959,512,-3.8438607472126662,linear,52,0,52,52,0,52,0.1,0.1015625,0.1015625,1.5932324611168307,1.5932324611168306e-06,mle,0.18152866987373603,2.943884196649482,ok,True,True,extraction,
xrp,961,2020-06-28,449,960,512,-3.8438607472126662,linear,52,0,52,52,0,52,0.1,0.1015625,0.1015625,1.6052878358616633,1.6052878358616632e-06,mle,0.18152866987373603,2.943884196649482,ok,True,True,extraction,
xrp,962,2020-06-29,450,961,512,-3.8438607472126662,linear,52,0,52,52,0,52,0.1,0.1015625,0.1015625,1.6052878358616633,1.6052878358616632e-06,mle,0.18152866987373603,2.943884196649482,ok,True,True,extraction,
xrp,963,2020-06-30,451,962,512,-3.8438607472126662,linear,52,0,52,52,0,52,0.1,0.1015625,0.1015625,1.6004374555339114,1.6004374555339113e-06,mle,0.18152866987373603,2.943884196649482,ok,True,True,extraction,
xrp,964,2020-07-01,452,963,512,-3.8438607472126662,linear,52,0,52,52,0,52,0.1,0.1015625,0.1015625,1.6004374555339114,1.6004374555339113e-06,mle,0.18152866987373603,2.943884196649482,ok,True,True,extraction,
xrp,965,2020-07-02,453,964,512,-3.8438607472126662,linear,52,0,52,52,0,52,0.1,0.1015625,0.1015625,1.6071617150347106,1.6071617150347105e-06,mle,0.18152866987373603,2.943884196649482,ok,True,True,extraction,
xrp,966,2020-07-03,454,965,512,-3.8438607472126662,linear,52,0,52,52,0,52,0.1,0.1015625,0.1015625,1.600326740407711,1.600326740407711e-06,mle,0.18152866987373603,2.943884196649482,ok,True,True,extraction,
xrp,967,2020-07-04,455,966,512,-3.8438607472126662,linear,52,0,52,52,0,52,0.1,0.1015625,0.1015625,1.601505452050869,1.601505452050869e-06,mle,0.18152866987373603,2.943884196649482,ok,True,True,extraction,
xrp,968,2020-07-05,456,967,512,-3.8438607472126662,linear,52,0,52,52,0,52,0.1,0.1015625,0.1015625,1.5946704774238694,1.5946704774238694e-06,mle,0.18152866987373603,2.943884196649482,ok,True,True,extraction,
xrp,969,2020-07-06,457,968,512,-3.8438607472126662,linear,52,0,52,52,0,52,0.1,0.1015625,0.1015625,1.5856557836129321,1.585655783612932e-06,mle,0.18152866987373603,2.943884196649482,ok,True,True,extraction,
xrp,970,2020-07-07,458,969,512,-3.8438607472126662,linear,52,0,52,52,0,52,0.1,0.1015625,0.1015625,1.600326740407711,1.600326740407711e-06,mle,0.18152866987373603,2.943884196649482,ok,True,True,extraction,
xrp,971,2020-07-08,459,970,512,-3.8438607472126662,linear,52,0,52,52,0,52,0.1,0.1015625,0.1015625,1.600326740407711,1.600326740407711e-06,mle,0.18152866987373603,2.943884196649482,ok,True,True,extraction,
xrp,972,2020-07-09,460,971,512,-3.8438607472126662,linear,52,0,52,52,0,52,0.1,0.1015625,0.1015625,1.6084407815376505,1.6084407815376503e-06,mle,0.18152866987373603,2.943884196649482,ok,True,True,extraction,
xrp,973,2020-07-10,461,972,512,-3.8438607472126662,linear,52,0,52,52,0,52,0.1,0.1015625,0.1015625,1.6084407815376505,1.6084407815376503e-06,mle,0.18152866987373603,2.943884196649482,ok,True,True,extraction,
xrp,974,2020-07-11,462,973,512,-3.8438607472126662,linear,52,0,52,52,0,52,0.1,0.1015625,0.1015625,1.617784782163885,1.617784782163885e-06,mle,0.18152866987373603,2.943884196649482,ok,True,True,extraction,
xrp,975,2020-07-12,463,974,512,-3.8438607472126662,linear,52,0,52,52,0,52,0.1,0.1015625,0.1015625,1.617784782163885,1.617784782163885e-06,mle,0.18152866987373603,2.943884196649482,ok,True,True,extraction,
xrp,976,2020-07-13,464,975,512,-3.8438607472126662,linear,52,0,52,52,0,52,0.1,0.1015625,0.1015625,1.6150901929738373,1.6150901929738372e-06,mle,0.18152866987373603,2.943884196649482,ok,True,True,extraction,
xrp,977,2020-07-14,465,976,512,-3.8438607472126662,linear,52,0,52,52,0,52,0.1,0.1015625,0.1015625,1.6052878358616633,1.6052878358616632e-06,mle,0.18152866987373603,2.943884196649482,ok,True,True,extraction,
xrp,978,2020-07-15,466,977,512,-3.8438607472126662,linear,52,0,52,52,0,52,0.1,0.1015625,0.1015625,1.5932324611168307,1.5932324611168306e-06,mle,0.18152866987373603,2.943884196649482,ok,True,True,extraction,
xrp,979,2020-07-16,467,978,512,-3.8438607472126662,linear,52,0,52,52,0,52,0.1,0.1015625,0.1015625,1.5912268041581312,1.5912268041581312e-06,mle,0.18152866987373603,2.943884196649482,ok,True,True,extraction,
xrp,980,2020-07-17,468,979,512,-3.8438607472126662,linear,52,0,52,52,0,52,0.1,0.1015625,0.1015625,1.575617837607371,1.575617837607371e-06,mle,0.18152866987373603,2.943884196649482,ok,True,True,extraction,
xrp,981,2020-07-18,469,980,512,-3.8438607472126662,linear,52,0,52,52,0,52,0.1,0.1015625,0.1015625,1.5747832977580662,1.5747832977580661e-06,mle,0.18152866987373603,2.943884196649482,ok,True,True,extraction,
xrp,982,2020-07-19,470,981,512,-3.8438607472126662,linear,52,0,52,52,0,52,0.1,0.1015625,0.1015625,1.5851794928323684,1.5851794928323683e-06,mle,0.18152866987373603,2.943884196649482,ok,True,True,extraction,
xrp,983,2020-07-20,471,982,512,-3.8438607472126662,linear,52,0,52,52,0,52,0.1,0.1015625,0.1015625,1.5747832977580662,1.5747832977580661e-06,mle,0.18152866987373603,2.943884196649482,ok,True,True,extraction,
xrp,984,2020-07-21,472,983,512,-3.744229422081421,linear,52,0,52,52,0,52,0.1,0.1015625,0.1015625,1.5747832977580662,1.5747832977580661e-06,mle,0.18424177864560712,2.9177249125427753,ok,True,True,extraction,
xrp,985,2020-07-22,473,984,512,-3.744229422081421,linear,52,0,52,52,0,52,0.1,0.1015625,0.1015625,1.5747832977580662,1.5747832977580661e-06,mle,0.18424177864560712,2.9177249125427753,ok,True,True,extraction,
xrp,986,2020-07-23,474,985,512,-3.744229422081421,linear,52,0,52,52,0,52,0.1,0.1015625,0.1015625,1.5793321035314936,1.5793321035314934e-06,mle,0.18424177864560712,2.9177249125427753,ok,True,True,extraction,
xrp,987,2020-07-24,475,986,512,-3.744229422081421,linear,52,0,52,52,0,52,0.1,0.1015625,0.1015625,1.5856557836129321,1.585655783612932e-06,mle,0.18424177864560712,2.9177249125427753,ok,True,True,extraction,
xrp,988,2020-07-25,476,987,512,-3.744229422081421,linear,52,0,52,52,0,52,0.1,0.1015625,0.1015625,1.5793321035314936,1.5793321035314934e-06,mle,0.18424177864560712,2.9177249125427753,ok,True,True,extraction,
xrp,989,2020-07-26,477,988,512,-3.744229422081421,linear,52,0,52,52,0,52,0.1,0.1015625,0.1015625,1.5851794928323684,1.5851794928323683e-06,mle,0.18424177864560712,2.9177249125427753,ok,True,True,extraction,
xrp,990,2020-07-27,478,989,512,-3.744229422081421,linear,52,0,52,52,0,52,0.1,0.1015625,0.1015625,1.5933931352350257,1.5933931352350256e-06,mle,0.18424177864560712,2.9177249125427753,ok,True,True,extraction,
xrp,991,2020-07-28,479,990,512,-3.744229422081421,linear,52,0,52,52,0,52,0.1,0.1015625,0.1015625,1.6077236630475984,1.6077236630475982e-06,mle,0.18424177864560712,2.9177249125427753,ok,True,True,extraction,
xrp,992,2020-07-29,480,991,512,-3.744229422081421,linear,52,0,52,52,0,52,0.1,0.1015625,0.1015625,1.614193045934677,1.614193045934677e-06,mle,0.18424177864560712,2.9177249125427753,ok,True,True,extraction,
xrp,993,2020-07-30,481,992,512,-3.744229422081421,linear,52,0,52,52,0,52,0.1,0.1015625,0.1015625,1.614193045934677,1.614193045934677e-06,mle,0.18424177864560712,2.9177249125427753,ok,True,True,extraction,
xrp,994,2020-07-31,482,993,512,-3.744229422081421,linear,52,0,52,52,0,52,0.1,0.1015625,0.1015625,1.614193045934677,1.614193045934677e-06,mle,0.18424177864560712,2.9177249125427753,ok,True,True,extraction,
xrp,995,2020-08-01,483,994,512,-3.744229422081421,linear,52,0,52,52,0,52,0.1,0.1015625,0.1015625,1.6197279628940893,1.6197279628940892e-06,mle,0.18424177864560712,2.9177249125427753,ok,True,True,extraction,
xrp,996,2020-08-02,484,995,512,-3.744229422081421,linear,52,0,52,52,0,52,0.1,0.1015625,0.1015625,1.6324822691733387,1.6324822691733387e-06,mle,0.18424177864560712,2.9177249125427753,ok,True,True,extraction,
xrp,997,2020-08-03,485,996,512,-3.744229422081421,linear,52,0,52,52,0,52,0.1,0.1015625,0.1015625,1.6241261679919594,1.6241261679919594e-06,mle,0.18424177864560712,2.9177249125427753,ok,True,True,extraction,
xrp,998,2020-08-04,486,997,512,-3.744229422081421,linear,52,0,52,52,0,52,0.1,0.1015625,0.1015625,1.6367752674520646,1.6367752674520646e-06,mle,0.18424177864560712,2.9177249125427753,ok,True,True,extraction,
xrp,999,2020-08-05,487,998,512,-3.744229422081421,linear,52,0,52,52,0,52,0.1,0.1015625,0.1015625,1.647731763665062,1.647731763665062e-06,mle,0.18424177864560712,2.9177249125427753,ok,True,True,extraction,
xrp,1000,2020-08-06,488,999,512,-3.744229422081421,linear,52,0,52,52,0,52,0.1,0.1015625,0.1015625,1.6536861562569884,1.6536861562569884e-06,mle,0.18424177864560712,2.9177249125427753,ok,True,True,extraction,
xrp,1001,2020-08-07,489,1000,512,-3.744229422081421,linear,52,0,52,52,0,52,0.1,0.1015625,0.1015625,1.6536861562569884,1.6536861562569884e-06,mle,0.18424177864560712,2.9177249125427753,ok,True,True,extraction,
xrp,1002,2020-08-08,490,1001,512,-3.744229422081421,linear,52,0,52,52,0,52,0.1,0.1015625,0.1015625,1.6566570250755017,1.6566570250755016e-06,mle,0.18424177864560712,2.9177249125427753,ok,True,True,extraction,
xrp,1003,2020-08-09,491,1002,512,-3.744229422081421,linear,52,0,52,52,0,52,0.1,0.1015625,0.1015625,1.6554691152871555,1.6554691152871553e-06,mle,0.18424177864560712,2.9177249125427753,ok,True,True,extraction,
xrp,1004,2020-08-10,492,1003,512,-3.744229422081421,linear,52,0,52,52,0,52,0.1,0.1015625,0.1015625,1.6448796618091568,1.6448796618091567e-06,mle,0.18424177864560712,2.9177249125427753,ok,True,True,extraction,
xrp,1005,2020-08-11,493,1004,512,-3.744229422081421,linear,52,0,52,52,0,52,0.1,0.1015625,0.1015625,1.658589888635877,1.658589888635877e-06,mle,0.18424177864560712,2.9177249125427753,ok,True,True,extraction,
xrp,1006,2020-08-12,494,1005,512,-3.744229422081421,linear,52,0,52,52,0,52,0.1,0.1015625,0.1015625,1.6673638159137931,1.667363815913793e-06,mle,0.18424177864560712,2.9177249125427753,ok,True,True,extraction,
xrp,1007,2020-08-13,495,1006,512,-3.744229422081421,linear,52,0,52,52,0,52,0.1,0.1015625,0.1015625,1.6673638159137931,1.667363815913793e-06,mle,0.18424177864560712,2.9177249125427753,ok,True,True,extraction,
xrp,1008,2020-08-14,496,1007,512,-3.744229422081421,linear,52,0,52,52,0,52,0.1,0.1015625,0.1015625,1.675264601555548,1.6752646015555478e-06,mle,0.18424177864560712,2.9177249125427753,ok,True,True,extraction,
xrp,1009,2020-08-15,497,1008,512,-3.744229422081421,linear,52,0,52,52,0,52,0.1,0.1015625,0.1015625,1.6644372779367518,1.6644372779367516e-06,mle,0.18424177864560712,2.9177249125427753,ok,True,True,extraction,
xrp,1010,2020-08-16,498,1009,512,-3.744229422081421,linear,52,0,52,52,0,52,0.1,0.1015625,0.1015625,1.6644372779367518,1.6644372779367516e-06,mle,0.18424177864560712,2.9177249125427753,ok,True,True,extraction,
xrp,1011,2020-08-17,499,1010,512,-3.744229422081421,linear,52,0,52,52,0,52,0.1,0.1015625,0.1015625,1.6644372779367518,1.6644372779367516e-06,mle,0.18424177864560712,2.9177249125427753,ok,True,True,extraction,
xrp,1012,2020-08-18,500,1011,512,-3.744229422081421,linear,52,0,52,52,0,52,0.1,0.1015625,0.1015625,1.686487087324044,1.686487087324044e-06,mle,0.18424177864560712,2.9177249125427753,ok,True,True,extraction,
xrp,1013,2020-08-19,501,1012,512,-3.744229422081421,linear,52,0,52,52,0,52,0.1,0.1015625,0.1015625,1.6911541851729148,1.6911541851729147e-06,mle,0.18424177864560712,2.9177249125427753,ok,True,True,extraction,
xrp,1014,2020-08-20,502,1013,512,-3.8438607472126662,linear,52,0,52,52,0,52,0.1,0.1015625,0.1015625,1.6957761667759432,1.6957761667759432e-06,mle,0.20233660794629807,2.7813399518322783,ok,True,True,extraction,
xrp,1015,2020-08-21,503,1014,512,-3.8438607472126662,linear,52,0,52,52,0,52,0.1,0.1015625,0.1015625,1.6798808135534413,1.6798808135534413e-06,mle,0.20233660794629807,2.7813399518322783,ok,True,True,extraction,
xrp,1016,2020-08-22,504,1015,512,-3.855540367434949,linear,52,0,52,52,0,52,0.1,0.1015625,0.1015625,1.6957761667759432,1.6957761667759432e-06,mle,0.20182188766093953,2.7777843284596537,ok,True,True,extraction,
xrp,1017,2020-08-23,505,1016,512,-3.855540367434949,linear,52,0,52,52,0,52,0.1,0.1015625,0.1015625,1.699744469869381,1.6997444698693811e-06,mle,0.20182188766093953,2.7777843284596537,ok,True,True,extraction,
xrp,1018,2020-08-24,506,1017,512,-3.855540367434949,linear,52,0,52,52,0,52,0.1,0.1015625,0.1015625,1.7173809621626233,1.7173809621626232e-06,mle,0.20182188766093953,2.7777843284596537,ok,True,True,extraction,
xrp,1019,2020-08-25,507,1018,512,-3.855540367434949,linear,52,0,52,52,0,52,0.1,0.1015625,0.1015625,1.699744469869381,1.6997444698693811e-06,mle,0.20182188766093953,2.7777843284596537,ok,True,True,extraction,
xrp,1020,2020-08-26,508,1019,512,-3.9292977411282566,linear,52,0,52,52,0,52,0.1,0.1015625,0.1015625,1.725041430346558,1.725041430346558e-06,mle,0.2213961865748808,2.6538560922060173,ok,True,True,extraction,
xrp,1021,2020-08-27,509,1020,512,-3.9292977411282566,linear,52,0,52,52,0,52,0.1,0.1015625,0.1015625,1.7169627787948305,1.7169627787948304e-06,mle,0.2213961865748808,2.6538560922060173,ok,True,True,extraction,
xrp,1022,2020-08-28,510,1021,512,-3.976812182331701,linear,52,0,52,52,0,52,0.1,0.1015625,0.1015625,1.7169627787948305,1.7169627787948304e-06,mle,0.22494246824765396,2.616351066849364,ok,True,True,extraction,
xrp,1023,2020-08-29,511,1022,512,-3.976812182331701,linear,52,0,52,52,0,52,0.1,0.1015625,0.1015625,1.7173809621626233,1.7173809621626232e-06,mle,0.22494246824765396,2.616351066849364,ok,True,True,extraction,
xrp,1024,2020-08-30,512,1023,512,-3.976812182331701,linear,52,0,52,52,0,52,0.1,0.1015625,0.1015625,1.6957761667759432,1.6957761667759432e-06,mle,0.22494246824765396,2.616351066849364,ok,True,True,extraction,
xrp,1025,2020-08-31,513,1024,512,-3.976812182331701,linear,52,0,52,52,0,52,0.1,0.1015625,0.1015625,1.6930824798669502,1.69308247986695e-06,mle,0.22494246824765396,2.616351066849364,ok,True,True,extraction,
xrp,1026,2020-09-01,514,1025,512,-3.976812182331701,linear,52,0,52,52,0,52,0.1,0.1015625,0.1015625,1.6957761667759432,1.6957761667759432e-06,mle,0.22494246824765396,2.616351066849364,ok,True,True,extraction,
xrp,1027,2020-09-02,515,1026,512,-3.976812182331701,linear,52,0,52,52,0,52,0.1,0.1015625,0.1015625,1.699744469869381,1.6997444698693811e-06,mle,0.22494246824765396,2.616351066849364,ok,True,True,extraction,
xrp,1028,2020-09-03,516,1027,512,-4.0897114653678255,linear,52,0,52,52,0,52,0.1,0.1015625,0.1015625,1.699744469869381,1.6997444698693811e-06,mle,0.23475158385530254,2.53645513257815,ok,True,True,extraction,
xrp,1029,2020-09-04,517,1028,512,-4.1444460483703995,linear,52,0,52,52,0,52,0.1,0.1015625,0.1015625,1.725041430346558,1.725041430346558e-06,mle,0.2246662359822152,2.641594266487516,ok,True,True,extraction,
xrp,1030,2020-09-05,518,1029,512,-4.0897114653678255,linear,52,0,52,52,0,52,0.1,0.1015625,0.1015625,1.7114009160983144,1.7114009160983142e-06,mle,0.23425616315128348,2.6110431326140167,ok,True,True,extraction,
xrp,1031,2020-09-06,519,1030,512,-4.1444460483703995,linear,52,0,52,52,0,52,0.1,0.1015625,0.1015625,1.7225264864911027,1.7225264864911027e-06,mle,0.22291585262775182,2.654348045856164,ok,True,True,extraction,
xrp,1032,2020-09-07,520,1031,512,-4.1444460483703995,linear,52,0,52,52,0,52,0.1,0.1015625,0.1015625,1.7326957116948023,1.7326957116948022e-06,mle,0.22291585262775182,2.654348045856164,ok,True,True,extraction,
xrp,1033,2020-09-08,521,1032,512,-4.1444460483703995,linear,52,0,52,52,0,52,0.1,0.1015625,0.1015625,1.7326957116948023,1.7326957116948022e-06,mle,0.22291585262775182,2.654348045856164,ok,True,True,extraction,
xrp,1034,2020-09-09,522,1033,512,-4.1444460483703995,linear,52,0,52,52,0,52,0.1,0.1015625,0.1015625,1.7326957116948023,1.7326957116948022e-06,mle,0.22291585262775182,2.654348045856164,ok,True,True,extraction,
xrp,1035,2020-09-10,523,1034,512,-4.1444460483703995,linear,52,0,52,52,0,52,0.1,0.1015625,0.1015625,1.727488542168739,1.7274885421687388e-06,mle,0.22291585262775182,2.654348045856164,ok,True,True,extraction,
xrp,1036,2020-09-11,524,1035,512,-4.1444460483703995,linear,52,0,52,52,0,52,0.1,0.1015625,0.1015625,1.723195543890013,1.723195543890013e-06,mle,0.22291585262775182,2.654348045856164,ok,True,True,extraction,
xrp,1037,2020-09-12,525,1036,512,-4.1444460483703995,linear,52,0,52,52,0,52,0.1,0.1015625,0.1015625,1.699744469869381,1.6997444698693811e-06,mle,0.22291585262775182,2.654348045856164,ok,True,True,extraction,
xrp,1038,2020-09-13,526,1037,512,-4.1444460483703995,linear,52,0,52,52,0,52,0.1,0.1015625,0.1015625,1.727488542168739,1.7274885421687388e-06,mle,0.22291585262775182,2.654348045856164,ok,True,True,extraction,
xrp,1039,2020-09-14,527,1038,512,-4.1444460483703995,linear,52,0,52,52,0,52,0.1,0.1015625,0.1015625,1.7326957116948023,1.7326957116948022e-06,mle,0.22291585262775182,2.654348045856164,ok,True,True,extraction,
xrp,1040,2020-09-15,528,1039,512,-4.1444460483703995,linear,52,0,52,52,0,52,0.1,0.1015625,0.1015625,1.7475403304391697,1.7475403304391696e-06,mle,0.22291585262775182,2.654348045856164,ok,True,True,extraction,
xrp,1041,2020-09-16,529,1040,512,-4.1444460483703995,linear,52,0,52,52,0,52,0.1,0.1015625,0.1015625,1.7326957116948023,1.7326957116948022e-06,mle,0.22291585262775182,2.654348045856164,ok,True,True,extraction,
xrp,1042,2020-09-17,530,1041,512,-4.1444460483703995,linear,52,0,52,52,0,52,0.1,0.1015625,0.1015625,1.7475403304391697,1.7475403304391696e-06,mle,0.22291585262775182,2.654348045856164,ok,True,True,extraction,
xrp,1043,2020-09-18,531,1042,512,-4.0897114653678255,linear,52,0,52,52,0,52,0.1,0.1015625,0.1015625,1.7635944996185284,1.7635944996185284e-06,mle,0.2271764292595441,2.654887731246195,ok,True,True,extraction,
xrp,1044,2020-09-19,532,1043,512,-3.976812182331701,linear,52,0,52,52,0,52,0.1,0.1015625,0.1015625,1.7361292701881041,1.736129270188104e-06,mle,0.19845157011384126,2.8376057499869876,ok,True,True,extraction,
xrp,1045,2020-09-20,533,1044,512,-3.976812182331701,linear,52,0,52,52,0,52,0.1,0.1015625,0.1015625,1.7097162340194416,1.7097162340194415e-06,mle,0.19845157011384126,2.8376057499869876,ok,True,True,extraction,
xrp,1046,2020-09-21,534,1045,512,-3.976812182331701,linear,52,0,52,52,0,52,0.1,0.1015625,0.1015625,1.7361292701881041,1.736129270188104e-06,mle,0.19845157011384126,2.8376057499869876,ok,True,True,extraction,
xrp,1047,2020-09-22,535,1046,512,-4.0897114653678255,linear,52,0,52,52,0,52,0.1,0.1015625,0.1015625,1.7415841875579166,1.7415841875579166e-06,mle,0.2096865954331146,2.739216850387723,ok,True,True,extraction,
xrp,1048,2020-09-23,536,1047,512,-4.0897114653678255,linear,52,0,52,52,0,52,0.1,0.1015625,0.1015625,1.7635944996185284,1.7635944996185284e-06,mle,0.2096865954331146,2.739216850387723,ok,True,True,extraction,
xrp,1049,2020-09-24,537,1048,512,-4.1444460483703995,linear,52,0,52,52,0,52,0.1,0.1015625,0.1015625,1.7415841875579166,1.7415841875579166e-06,mle,0.21115705195162188,2.708528229594622,ok,True,True,extraction,
xrp,1050,2020-09-25,538,1049,512,-4.1444460483703995,linear,52,0,52,52,0,52,0.1,0.1015625,0.1015625,1.7688493804502639,1.7688493804502638e-06,mle,0.21115705195162188,2.708528229594622,ok,True,True,extraction,
xrp,1051,2020-09-26,539,1050,512,-4.1444460483703995,linear,52,0,52,52,0,52,0.1,0.1015625,0.1015625,1.778637021368215,1.778637021368215e-06,mle,0.21115705195162188,2.708528229594622,ok,True,True,extraction,
xrp,1052,2020-09-27,540,1051,512,-4.1444460483703995,linear,52,0,52,52,0,52,0.1,0.1015625,0.1015625,1.778637021368215,1.778637021368215e-06,mle,0.21115705195162188,2.708528229594622,ok,True,True,extraction,
xrp,1053,2020-09-28,541,1052,512,-4.1444460483703995,linear,52,0,52,52,0,52,0.1,0.1015625,0.1015625,1.7644041608002046,1.7644041608002046e-06,mle,0.21115705195162188,2.708528229594622,ok,True,True,extraction,
xrp,1054,2020-09-29,542,1053,512,-4.1444460483703995,linear,52,0,52,52,0,52,0.1,0.1015625,0.1015625,1.7644041608002046,1.7644041608002046e-06,mle,0.21115705195162188,2.708528229594622,ok,True,True,extraction,
xrp,1055,2020-09-30,543,1054,512,-4.1444460483703995,linear,52,0,52,52,0,52,0.1,0.1015625,0.1015625,1.7602248716747595,1.7602248716747594e-06,mle,0.21115705195162188,2.708528229594622,ok,True,True,extraction,
xrp,1056,2020-10-01,544,1055,512,-4.1444460483703995,linear,52,0,52,52,0,52,0.1,0.1015625,0.1015625,1.7602248716747595,1.7602248716747594e-06,mle,0.21115705195162188,2.708528229594622,ok,True,True,extraction,
xrp,1057,2020-10-02,545,1056,512,-4.1444460483703995,linear,52,0,52,52,0,52,0.1,0.1015625,0.1015625,1.7644041608002046,1.7644041608002046e-06,mle,0.21115705195162188,2.708528229594622,ok,True,True,extraction,
xrp,1058,2020-10-03,546,1057,512,-4.1444460483703995,linear,52,0,52,52,0,52,0.1,0.1015625,0.1015625,1.7687593826903378,1.7687593826903377e-06,mle,0.21115705195162188,2.708528229594622,ok,True,True,extraction,
xrp,1059,2020-10-04,547,1058,512,-4.1444460483703995,linear,52,0,52,52,0,52,0.1,0.1015625,0.1015625,1.782126476781365,1.7821264767813648e-06,mle,0.21115705195162188,2.708528229594622,ok,True,True,extraction,
xrp,1060,2020-10-05,548,1059,512,-4.1444460483703995,linear,52,0,52,52,0,52,0.1,0.1015625,0.1015625,1.782126476781365,1.7821264767813648e-06,mle,0.21115705195162188,2.708528229594622,ok,True,True,extraction,
xrp,1061,2020-10-06,549,1060,512,-4.0897114653678255,linear,52,0,52,52,0,52,0.1,0.1015625,0.1015625,1.7644041608002046,1.7644041608002046e-06,mle,0.2014570262987101,2.779392031165809,ok,True,True,extraction,
xrp,1062,2020-10-07,550,1061,512,-4.0897114653678255,linear,52,0,52,52,0,52,0.1,0.1015625,0.1015625,1.778637021368215,1.778637021368215e-06,mle,0.2014570262987101,2.779392031165809,ok,True,True,extraction,
xrp,1063,2020-10-08,551,1062,512,-4.0897114653678255,linear,52,0,52,52,0,52,0.1,0.1015625,0.1015625,1.7712859651002055,1.7712859651002054e-06,mle,0.2014570262987101,2.779392031165809,ok,True,True,extraction,
xrp,1064,2020-10-09,552,1063,512,-4.0897114653678255,linear,52,0,52,52,0,52,0.1,0.1015625,0.1015625,1.756243443350519,1.756243443350519e-06,mle,0.2014570262987101,2.779392031165809,ok,True,True,extraction,
xrp,1065,2020-10-10,553,1064,512,-3.976812182331701,linear,52,0,52,52,0,52,0.1,0.1015625,0.1015625,1.7381607038546962,1.738160703854696e-06,mle,0.1988165494177867,2.812635423573148,ok,True,True,extraction,
xrp,1066,2020-10-11,554,1065,512,-3.9292977411282566,linear,52,0,52,52,0,52,0.1,0.1015625,0.1015625,1.7318089022925118,1.7318089022925118e-06,mle,0.21387751506825048,2.7303637867669597,ok,True,True,extraction,
xrp,1067,2020-10-12,555,1066,512,-3.9292977411282566,linear,52,0,52,52,0,52,0.1,0.1015625,0.1015625,1.7254973528065958,1.7254973528065958e-06,mle,0.21387751506825048,2.7303637867669597,ok,True,True,extraction,
xrp,1068,2020-10-13,556,1067,512,-3.9292977411282566,linear,52,0,52,52,0,52,0.1,0.1015625,0.1015625,1.722499360278424,1.722499360278424e-06,mle,0.21387751506825048,2.7303637867669597,ok,True,True,extraction,
xrp,1069,2020-10-14,557,1068,512,-3.855540367434949,linear,52,0,52,52,0,52,0.1,0.1015625,0.1015625,1.7192406918209895,1.7192406918209893e-06,mle,0.20440508738634244,2.808421449248329,ok,True,True,extraction,
xrp,1070,2020-10-15,558,1069,512,-3.855540367434949,linear,52,0,52,52,0,52,0.1,0.1015625,0.1015625,1.722499360278424,1.722499360278424e-06,mle,0.20440508738634244,2.808421449248329,ok,True,True,extraction,
xrp,1071,2020-10-16,559,1070,512,-3.8438607472126662,linear,52,0,52,52,0,52,0.1,0.1015625,0.1015625,1.7192406918209895,1.7192406918209893e-06,mle,0.21808609532388862,2.747724789661902,ok,True,True,extraction,
xrp,1072,2020-10-17,560,1071,512,-3.8438607472126662,linear,52,0,52,52,0,52,0.1,0.1015625,0.1015625,1.7151996167553265,1.7151996167553264e-06,mle,0.21808609532388862,2.747724789661902,ok,True,True,extraction,
xrp,1073,2020-10-18,561,1072,512,-3.8438607472126662,linear,52,0,52,52,0,52,0.1,0.1015625,0.1015625,1.7151996167553265,1.7151996167553264e-06,mle,0.21808609532388862,2.747724789661902,ok,True,True,extraction,
xrp,1074,2020-10-19,562,1073,512,-3.8438607472126662,linear,52,0,52,52,0,52,0.1,0.1015625,0.1015625,1.7151996167553265,1.7151996167553264e-06,mle,0.21808609532388862,2.747724789661902,ok,True,True,extraction,
xrp,1075,2020-10-20,563,1074,512,-3.8438607472126662,linear,52,0,52,52,0,52,0.1,0.1015625,0.1015625,1.7122016242271545,1.7122016242271544e-06,mle,0.21808609532388862,2.747724789661902,ok,True,True,extraction,
xrp,1076,2020-10-21,564,1075,512,-3.8438607472126662,linear,52,0,52,52,0,52,0.1,0.1015625,0.1015625,1.6917754623905652,1.6917754623905652e-06,mle,0.21808609532388862,2.747724789661902,ok,True,True,extraction,
xrp,1077,2020-10-22,565,1076,512,-3.8438607472126662,linear,52,0,52,52,0,52,0.1,0.1015625,0.1015625,1.6917754623905652,1.6917754623905652e-06,mle,0.21808609532388862,2.747724789661902,ok,True,True,extraction,
xrp,1078,2020-10-23,566,1077,512,-3.8438607472126662,linear,52,0,52,52,0,52,0.1,0.1015625,0.1015625,1.7122016242271545,1.7122016242271544e-06,mle,0.21808609532388862,2.747724789661902,ok,True,True,extraction,
xrp,1079,2020-10-24,567,1078,512,-3.744229422081421,linear,52,0,52,52,0,52,0.1,0.1015625,0.1015625,1.692326272266838,1.692326272266838e-06,mle,0.20267770606473973,2.864176461007249,ok,True,True,extraction,
xrp,1080,2020-10-25,568,1079,512,-3.744229422081421,linear,52,0,52,52,0,52,0.1,0.1015625,0.1015625,1.6722707237776606,1.6722707237776606e-06,mle,0.20267770606473973,2.864176461007249,ok,True,True,extraction,
xrp,1081,2020-10-26,569,1080,512,-3.744229422081421,linear,52,0,52,52,0,52,0.1,0.1015625,0.1015625,1.6678073325469298,1.6678073325469297e-06,mle,0.20267770606473973,2.864176461007249,ok,True,True,extraction,
xrp,1082,2020-10-27,570,1081,512,-3.744229422081421,linear,52,0,52,52,0,52,0.1,0.1015625,0.1015625,1.6641788532977575,1.6641788532977574e-06,mle,0.20267770606473973,2.864176461007249,ok,True,True,extraction,
xrp,1083,2020-10-28,571,1082,512,-3.724764232556445,linear,52,0,52,52,0,52,0.1,0.1015625,0.1015625,1.6567418690562028,1.6567418690562026e-06,mle,0.20511374190311737,2.862097992199529,ok,True,True,extraction,
xrp,1084,2020-10-29,572,1083,512,-3.7077880865678225,linear,52,0,52,52,0,52,0.1,0.1015625,0.1015625,1.6567418690562028,1.6567418690562026e-06,mle,0.22389498109108674,2.7753112053087734,ok,True,True,extraction,
xrp,1085,2020-10-30,573,1084,512,-3.7077880865678225,linear,52,0,52,52,0,52,0.1,0.1015625,0.1015625,1.6548258949431667,1.6548258949431667e-06,mle,0.22389498109108674,2.7753112053087734,ok,True,True,extraction,
xrp,1086,2020-10-31,574,1085,512,-3.7077880865678225,linear,52,0,52,52,0,52,0.1,0.1015625,0.1015625,1.6473683043074727,1.6473683043074726e-06,mle,0.22389498109108674,2.7753112053087734,ok,True,True,extraction,
xrp,1087,2020-11-01,575,1086,512,-3.7077880865678225,linear,52,0,52,52,0,52,0.1,0.1015625,0.1015625,1.6473683043074727,1.6473683043074726e-06,mle,0.22389498109108674,2.7753112053087734,ok,True,True,extraction,
xrp,1088,2020-11-02,576,1087,512,-3.7077880865678225,linear,52,0,52,52,0,52,0.1,0.1015625,0.1015625,1.6369882453817328,1.6369882453817327e-06,mle,0.22389498109108674,2.7753112053087734,ok,True,True,extraction,
xrp,1089,2020-11-03,577,1088,512,-3.6980844045258605,linear,52,0,52,52,0,52,0.1,0.1015625,0.1015625,1.6369882453817328,1.6369882453817327e-06,mle,0.24772163029301203,2.66966858110269,ok,True,True,extraction,
xrp,1090,2020-11-04,578,1089,512,-3.6980844045258605,linear,52,0,52,52,0,52,0.1,0.1015625,0.1015625,1.6369882453817328,1.6369882453817327e-06,mle,0.24772163029301203,2.66966858110269,ok,True,True,extraction,
xrp,1091,2020-11-05,579,1090,512,-3.6980844045258605,linear,52,0,52,52,0,52,0.1,0.1015625,0.1015625,1.6369882453817328,1.6369882453817327e-06,mle,0.24772163029301203,2.66966858110269,ok,True,True,extraction,
xrp,1092,2020-11-06,580,1091,512,-3.6980844045258605,linear,52,0,52,52,0,52,0.1,0.1015625,0.1015625,1.6369882453817328,1.6369882453817327e-06,mle,0.24772163029301203,2.66966858110269,ok,True,True,extraction,
xrp,1093,2020-11-07,581,1092,512,-3.6980844045258605,linear,52,0,52,52,0,52,0.1,0.1015625,0.1015625,1.6451932214650542,1.6451932214650541e-06,mle,0.24772163029301203,2.66966858110269,ok,True,True,extraction,
xrp,1094,2020-11-08,582,1093,512,-3.6980844045258605,linear,52,0,52,52,0,52,0.1,0.1015625,0.1015625,1.6485232027954428,1.6485232027954428e-06,mle,0.24772163029301203,2.66966858110269,ok,True,True,extraction,
xrp,1095,2020-11-09,583,1094,512,-3.6980844045258605,linear,52,0,52,52,0,52,0.1,0.1015625,0.1015625,1.6528653423961053,1.6528653423961052e-06,mle,0.24772163029301203,2.66966858110269,ok,True,True,extraction,
xrp,1096,2020-11-10,584,1095,512,-3.6980844045258605,linear,52,0,52,52,0,52,0.1,0.1015625,0.1015625,1.6573593370949062,1.6573593370949062e-06,mle,0.24772163029301203,2.66966858110269,ok,True,True,extraction,
xrp,1097,2020-11-11,585,1096,512,-3.6980844045258605,linear,52,0,52,52,0,52,0.1,0.1015625,0.1015625,1.6443714543466932,1.6443714543466932e-06,mle,0.24772163029301203,2.66966858110269,ok,True,True,extraction,
xrp,1098,2020-11-12,586,1097,512,-3.6856083906572583,linear,52,0,52,52,0,52,0.1,0.1015625,0.1015625,1.6369882453817328,1.6369882453817327e-06,mle,0.25524080853609166,2.6453715710781665,ok,True,True,extraction,
xrp,1099,2020-11-13,587,1098,512,-3.6856083906572583,linear,52,0,52,52,0,52,0.1,0.1015625,0.1015625,1.6281521110822692,1.628152111082269e-06,mle,0.25524080853609166,2.6453715710781665,ok,True,True,extraction,
xrp,1100,2020-11-14,588,1099,512,-3.6856083906572583,linear,52,0,52,52,0,52,0.1,0.1015625,0.1015625,1.6297626877905307,1.6297626877905307e-06,mle,0.25524080853609166,2.6453715710781665,ok,True,True,extraction,
xrp,1101,2020-11-15,589,1100,512,-3.6856083906572583,linear,52,0,52,52,0,52,0.1,0.1015625,0.1015625,1.6251244957992537,1.6251244957992537e-06,mle,0.25524080853609166,2.6453715710781665,ok,True,True,extraction,
xrp,1102,2020-11-16,590,1101,512,-3.6856083906572583,linear,52,0,52,52,0,52,0.1,0.1015625,0.1015625,1.6205170691302127,1.6205170691302126e-06,mle,0.25524080853609166,2.6453715710781665,ok,True,True,extraction,
xrp,1103,2020-11-17,591,1102,512,-3.6856083906572583,linear,52,0,52,52,0,52,0.1,0.1015625,0.1015625,1.6213325948794184,1.6213325948794183e-06,mle,0.25524080853609166,2.6453715710781665,ok,True,True,extraction,
xrp,1104,2020-11-18,592,1103,512,-3.6856083906572583,linear,52,0,52,52,0,52,0.1,0.1015625,0.1015625,1.6327463006630598,1.6327463006630598e-06,mle,0.25524080853609166,2.6453715710781665,ok,True,True,extraction,
xrp,1105,2020-11-19,593,1104,512,-3.6856083906572583,linear,52,0,52,52,0,52,0.1,0.1015625,0.1015625,1.6378470914790886,1.6378470914790885e-06,mle,0.25524080853609166,2.6453715710781665,ok,True,True,extraction,
xrp,1106,2020-11-20,594,1105,512,-3.6856083906572583,linear,52,0,52,52,0,52,0.1,0.1015625,0.1015625,1.6418639193699707,1.6418639193699706e-06,mle,0.25524080853609166,2.6453715710781665,ok,True,True,extraction,
xrp,1107,2020-11-21,595,1106,512,-3.673876401402176,linear,52,0,52,52,0,52,0.1,0.1015625,0.1015625,1.6330521867556822,1.6330521867556822e-06,mle,0.2772369105267152,2.4377621477184928,ok,True,True,extraction,
xrp,1108,2020-11-22,596,1107,512,-3.673876401402176,linear,52,0,52,52,0,52,0.1,0.1015625,0.1015625,1.6330521867556822,1.6330521867556822e-06,mle,0.2772369105267152,2.4377621477184928,ok,True,True,extraction,
xrp,1109,2020-11-23,597,1108,512,-3.673876401402176,linear,52,0,52,52,0,52,0.1,0.1015625,0.1015625,1.6442710352568808,1.6442710352568807e-06,mle,0.2772369105267152,2.4377621477184928,ok,True,True,extraction,
xrp,1110,2020-11-24,598,1109,512,-3.6155891243072698,linear,52,0,52,52,0,52,0.1,0.1015625,0.1015625,1.6442710352568808,1.6442710352568807e-06,mle,0.29192327209738694,2.3736585063320033,ok,True,True,extraction,
xrp,1111,2020-11-25,599,1110,512,-3.6155891243072698,linear,52,0,52,52,0,52,0.1,0.1015625,0.1015625,1.6442710352568808,1.6442710352568807e-06,mle,0.29192327209738694,2.3736585063320033,ok,True,True,extraction,
xrp,1112,2020-11-26,600,1111,512,-3.673876401402176,linear,52,0,52,52,0,52,0.1,0.1015625,0.1015625,1.6442710352568808,1.6442710352568807e-06,mle,0.2768985375494314,2.4473609781756758,ok,True,True,extraction,
xrp,1113,2020-11-27,601,1112,512,-3.6856083906572583,linear,52,0,52,52,0,52,0.1,0.1015625,0.1015625,1.6442710352568808,1.6442710352568807e-06,mle,0.27790009536522664,2.6410322513477524,ok,True,True,extraction,
xrp,1114,2020-11-28,602,1113,512,-3.673876401402176,linear,52,0,52,52,0,52,0.1,0.1015625,0.1015625,1.6442710352568808,1.6442710352568807e-06,mle,0.29637421475505166,2.5746781094932567,ok,True,True,extraction,
xrp,1115,2020-11-29,603,1114,512,-3.673876401402176,linear,52,0,52,52,0,52,0.1,0.1015625,0.1015625,1.6393146122075701,1.63931461220757e-06,mle,0.29637421475505166,2.5746781094932567,ok,True,True,extraction,
xrp,1116,2020-11-30,604,1115,512,-3.673876401402176,linear,52,0,52,52,0,52,0.1,0.1015625,0.1015625,1.6442710352568808,1.6442710352568807e-06,mle,0.29637421475505166,2.5746781094932567,ok,True,True,extraction,
xrp,1117,2020-12-01,605,1116,512,-3.673876401402176,linear,52,0,52,52,0,52,0.1,0.1015625,0.1015625,1.6442710352568808,1.6442710352568807e-06,mle,0.29637421475505166,2.5746781094932567,ok,True,True,extraction,
xrp,1118,2020-12-02,606,1117,512,-3.6856083906572583,linear,52,0,52,52,0,52,0.1,0.1015625,0.1015625,1.6476003373519645,1.6476003373519644e-06,mle,0.2575400568737184,2.7548795115692766,ok,True,True,extraction,
xrp,1119,2020-12-03,607,1118,512,-3.6856083906572583,linear,52,0,52,52,0,52,0.1,0.1015625,0.1015625,1.656412069966253,1.656412069966253e-06,mle,0.2575400568737184,2.7548795115692766,ok,True,True,extraction,
xrp,1120,2020-12-04,608,1119,512,-3.673876401402176,linear,52,0,52,52,0,52,0.1,0.1015625,0.1015625,1.6393146122075701,1.63931461220757e-06,mle,0.29632017085445783,2.575344524774511,ok,True,True,extraction,
xrp,1121,2020-12-05,609,1120,512,-3.673876401402176,linear,52,0,52,52,0,52,0.1,0.1015625,0.1015625,1.6393146122075701,1.63931461220757e-06,mle,0.30532862494919294,2.5905738426987224,ok,True,True,extraction,
xrp,1122,2020-12-06,610,1121,512,-3.673876401402176,linear,52,0,52,52,0,52,0.1,0.1015625,0.1015625,1.6393146122075701,1.63931461220757e-06,mle,0.30532862494919294,2.5905738426987224,ok,True,True,extraction,
xrp,1123,2020-12-07,611,1122,512,-3.673876401402176,linear,52,0,52,52,0,52,0.1,0.1015625,0.1015625,1.6393146122075701,1.63931461220757e-06,mle,0.30532862494919294,2.5905738426987224,ok,True,True,extraction,
xrp,1124,2020-12-08,612,1123,512,-3.61513006017681,linear,52,0,52,52,0,52,0.1,0.1015625,0.1015625,1.6393146122075701,1.63931461220757e-06,mle,0.32406821675958536,2.5117366761425415,ok,True,True,extraction,
xrp,1125,2020-12-09,613,1124,512,-3.673876401402176,linear,52,0,52,52,0,52,0.1,0.1015625,0.1015625,1.6393146122075701,1.63931461220757e-06,mle,0.3046337613006243,2.600739675253326,ok,True,True,extraction,
xrp,1126,2020-12-10,614,1125,512,-3.61513006017681,linear,52,0,52,52,0,52,0.1,0.1015625,0.1015625,1.6393146122075701,1.63931461220757e-06,mle,0.3137220080397506,2.5816977620015,ok,True,True,extraction,
xrp,1127,2020-12-11,615,1126,512,-3.61513006017681,linear,52,0,52,52,0,52,0.1,0.1015625,0.1015625,1.6393146122075701,1.63931461220757e-06,mle,0.3137220080397506,2.5816977620015,ok,True,True,extraction,
xrp,1128,2020-12-12,616,1127,512,-3.673876401402176,linear,52,0,52,52,0,52,0.1,0.1015625,0.1015625,1.6442710352568808,1.6442710352568807e-06,mle,0.32250690834265583,2.52681374555621,ok,True,True,extraction,
xrp,1129,2020-12-13,617,1128,512,-3.6856083906572583,linear,52,0,52,52,0,52,0.1,0.1015625,0.1015625,1.656412069966253,1.656412069966253e-06,mle,0.2800560946750067,2.7074508146887752,ok,True,True,extraction,
xrp,1130,2020-12-14,618,1129,512,-3.6856083906572583,linear,52,0,52,52,0,52,0.1,0.1015625,0.1015625,1.6442710352568808,1.6442710352568807e-06,mle,0.2800560946750067,2.7074508146887752,ok,True,True,extraction,
xrp,1131,2020-12-15,619,1130,512,-3.6856083906572583,linear,52,0,52,52,0,52,0.1,0.1015625,0.1015625,1.656412069966253,1.656412069966253e-06,mle,0.2800560946750067,2.7074508146887752,ok,True,True,extraction,
xrp,1132,2020-12-16,620,1131,512,-3.6980844045258605,linear,52,0,52,52,0,52,0.1,0.1015625,0.1015625,1.656412069966253,1.656412069966253e-06,mle,0.25453685686944394,2.812050886698784,ok,True,True,extraction,
xrp,1133,2020-12-17,621,1132,512,-3.6856083906572583,linear,52,0,52,52,0,52,0.1,0.1015625,0.1015625,1.6572524728606437,1.6572524728606437e-06,mle,0.25270425250351347,2.8256175302738664,ok,True,True,extraction,
xrp,1134,2020-12-18,622,1133,512,-3.6856083906572583,linear,52,0,52,52,0,52,0.1,0.1015625,0.1015625,1.6393146122075701,1.63931461220757e-06,mle,0.25270425250351347,2.8256175302738664,ok,True,True,extraction,
xrp,1135,2020-12-19,623,1134,512,-3.6856083906572583,linear,52,0,52,52,0,52,0.1,0.1015625,0.1015625,1.6393146122075701,1.63931461220757e-06,mle,0.25270425250351347,2.8256175302738664,ok,True,True,extraction,
xrp,1136,2020-12-20,624,1135,512,-3.6856083906572583,linear,52,0,52,52,0,52,0.1,0.1015625,0.1015625,1.626333174603807,1.6263331746038069e-06,mle,0.25270425250351347,2.8256175302738664,ok,True,True,extraction,
xrp,1137,2020-12-21,625,1136,512,-3.6856083906572583,linear,52,0,52,52,0,52,0.1,0.1015625,0.1015625,1.626333174603807,1.6263331746038069e-06,mle,0.253221109600777,2.8234122932993966,ok,True,True,extraction,
xrp,1138,2020-12-22,626,1137,512,-3.6980844045258605,linear,52,0,52,52,0,52,0.1,0.1015625,0.1015625,1.6442710352568808,1.6442710352568807e-06,mle,0.222662307085424,2.974815350885236,ok,True,True,extraction,
xrp,1139,2020-12-23,627,1138,512,-3.7077880865678225,linear,52,0,52,52,0,52,0.1,0.1015625,0.1015625,1.656412069966253,1.656412069966253e-06,mle,0.19931572829759664,3.2220935196489937,ok,True,True,extraction,
xrp,1140,2020-12-24,628,1139,512,-3.724764232556445,linear,52,0,52,52,0,52,0.1,0.1015625,0.1015625,1.6476003373519645,1.6476003373519644e-06,mle,0.3513848408314405,3.198997610141072,ok,True,True,extraction,
xrp,1141,2020-12-25,629,1140,512,-3.724764232556445,linear,52,0,52,52,0,52,0.1,0.1015625,0.1015625,1.6566691936012694,1.6566691936012694e-06,mle,0.3513848408314405,3.198997610141072,ok,True,True,extraction,
xrp,1142,2020-12-26,630,1141,512,-3.744229422081421,linear,52,0,52,52,0,52,0.1,0.1015625,0.1015625,1.6678073325469298,1.6678073325469297e-06,mle,0.33254715432947757,3.2936597355750292,ok,True,True,extraction,
xrp,1143,2020-12-27,631,1142,512,-3.844688523850575,linear,52,0,52,52,0,52,0.1,0.1015625,0.1015625,1.6678073325469298,1.6678073325469297e-06,mle,0.3294862966405683,3.2876193164963885,ok,True,True,extraction,
xrp,1144,2020-12-28,632,1143,512,-3.9292977411282566,linear,52,0,52,52,0,52,0.1,0.1015625,0.1015625,1.6722707237776606,1.6722707237776606e-06,mle,0.35127340496377285,3.1377876415217845,ok,True,True,extraction,
xrp,1145,2020-12-29,633,1144,512,-3.976812182331701,linear,52,0,52,52,0,52,0.1,0.1015625,0.1015625,1.6921460757379774,1.6921460757379773e-06,mle,0.3336550865047808,3.3142822422014135,ok,True,True,extraction,
xrp,1146,2020-12-30,634,1145,512,-4.035671537423552,linear,52,0,52,52,0,52,0.1,0.1015625,0.1015625,1.6913622352583246,1.6913622352583246e-06,mle,0.3156521655293962,3.4612606328109585,ok,True,True,extraction,
xrp,1147,2020-12-31,635,1146,512,-4.068198310432572,linear,52,0,52,52,0,52,0.1,0.1015625,0.1015625,1.6913622352583246,1.6913622352583246e-06,mle,0.3219689285054016,3.411550582821618,ok,True,True,extraction,
xrp,1148,2021-01-01,636,1147,512,-4.068198310432572,linear,52,0,52,52,0,52,0.1,0.1015625,0.1015625,1.7043436728620875,1.7043436728620874e-06,mle,0.3219689285054016,3.411550582821618,ok,True,True,extraction,
xrp,1149,2021-01-02,637,1148,512,-4.068198310432572,linear,52,0,52,52,0,52,0.1,0.1015625,0.1015625,1.7318089022925118,1.7318089022925118e-06,mle,0.3219689285054016,3.411550582821618,ok,True,True,extraction,
xrp,1150,2021-01-03,638,1149,512,-4.14138298890722,linear,52,0,52,52,0,52,0.1,0.1015625,0.1015625,1.7318089022925118,1.7318089022925118e-06,mle,0.31572600395733974,3.4231987061754605,ok,True,True,extraction,
xrp,1151,2021-01-04,639,1150,512,-4.14138298890722,linear,52,0,52,52,0,52,0.1,0.1015625,0.1015625,1.756243443350519,1.756243443350519e-06,mle,0.31572600395733974,3.4231987061754605,ok,True,True,extraction,
xrp,1152,2021-01-05,640,1151,512,-4.14138298890722,linear,52,0,52,52,0,52,0.1,0.1015625,0.1015625,1.7712859651002055,1.7712859651002054e-06,mle,0.31572600395733974,3.4231987061754605,ok,True,True,extraction,
xrp,1153,2021-01-06,641,1152,512,-4.2143732347702265,linear,52,0,52,52,0,52,0.1,0.1015625,0.1015625,1.778637021368215,1.778637021368215e-06,mle,0.33411090879714367,3.291923787684068,ok,True,True,extraction,
xrp,1154,2021-01-07,642,1153,512,-4.2143732347702265,linear,52,0,52,52,0,52,0.1,0.1015625,0.1015625,1.7696788960150767,1.7696788960150766e-06,mle,0.33411090879714367,3.291923787684068,ok,True,True,extraction,
xrp,1155,2021-01-08,643,1154,512,-4.14138298890722,linear,52,0,52,52,0,52,0.1,0.1015625,0.1015625,1.7654996068896316,1.7654996068896314e-06,mle,0.3470927233208131,3.1763925084758227,ok,True,True,extraction,
xrp,1156,2021-01-09,644,1155,512,-4.14138298890722,linear,52,0,52,52,0,52,0.1,0.1015625,0.1015625,1.7696788960150767,1.7696788960150766e-06,mle,0.3470927233208131,3.1763925084758227,ok,True,True,extraction,
xrp,1157,2021-01-10,645,1156,512,-4.14138298890722,linear,52,0,52,52,0,52,0.1,0.1015625,0.1015625,1.7654996068896316,1.7654996068896314e-06,mle,0.3470927233208131,3.1763925084758227,ok,True,True,extraction,
xrp,1158,2021-01-11,646,1157,512,-4.14138298890722,linear,52,0,52,52,0,52,0.1,0.1015625,0.1015625,1.7736720935412484,1.7736720935412483e-06,mle,0.3470927233208131,3.1763925084758227,ok,True,True,extraction,
xrp,1159,2021-01-12,647,1158,512,-4.2143732347702265,linear,52,0,52,52,0,52,0.1,0.1015625,0.1015625,1.7864894450053614,1.7864894450053614e-06,mle,0.3335580514920008,3.2599266214932285,ok,True,True,extraction,
xrp,1160,2021-01-13,648,1159,512,-4.2143732347702265,linear,52,0,52,52,0,52,0.1,0.1015625,0.1015625,1.7864894450053614,1.7864894450053614e-06,mle,0.3335580514920008,3.2599266214932285,ok,True,True,extraction,
xrp,1161,2021-01-14,649,1160,512,-4.2143732347702265,linear,52,0,52,52,0,52,0.1,0.1015625,0.1015625,1.7736720935412484,1.7736720935412483e-06,mle,0.3335580514920008,3.2599266214932285,ok,True,True,extraction,
xrp,1162,2021-01-15,650,1161,512,-4.2143732347702265,linear,52,0,52,52,0,52,0.1,0.1015625,0.1015625,1.7736720935412484,1.7736720935412483e-06,mle,0.3335580514920008,3.2599266214932285,ok,True,True,extraction,
xrp,1163,2021-01-16,651,1162,512,-4.278506129404534,linear,52,0,52,52,0,52,0.1,0.1015625,0.1015625,1.7883008709378392,1.7883008709378392e-06,mle,0.33898516536515944,3.202718095398542,ok,True,True,extraction,
xrp,1164,2021-01-17,652,1163,512,-4.278506129404534,linear,52,0,52,52,0,52,0.1,0.1015625,0.1015625,1.7817456112015422,1.7817456112015422e-06,mle,0.33898516536515944,3.202718095398542,ok,True,True,extraction,
xrp,1165,2021-01-18,653,1164,512,-4.278506129404534,linear,52,0,52,52,0,52,0.1,0.1015625,0.1015625,1.7817456112015422,1.7817456112015422e-06,mle,0.33898516536515944,3.202718095398542,ok,True,True,extraction,
xrp,1166,2021-01-19,654,1165,512,-4.278506129404534,linear,52,0,52,52,0,52,0.1,0.1015625,0.1015625,1.7883008709378392,1.7883008709378392e-06,mle,0.33898516536515944,3.202718095398542,ok,True,True,extraction,
xrp,1167,2021-01-20,655,1166,512,-4.278506129404534,linear,52,0,52,52,0,52,0.1,0.1015625,0.1015625,1.7907598120720791,1.790759812072079e-06,mle,0.33898516536515944,3.202718095398542,ok,True,True,extraction,
xrp,1168,2021-01-21,656,1167,512,-4.278506129404534,linear,52,0,52,52,0,52,0.1,0.1015625,0.1015625,1.7805649699946073,1.7805649699946073e-06,mle,0.33898516536515944,3.202718095398542,ok,True,True,extraction,
xrp,1169,2021-01-22,657,1168,512,-4.278506129404534,linear,52,0,52,52,0,52,0.1,0.1015625,0.1015625,1.7805649699946073,1.7805649699946073e-06,mle,0.31078692883798553,3.3989686459764665,ok,True,True,extraction,
xrp,1170,2021-01-23,658,1169,512,-4.278506129404534,linear,52,0,52,52,0,52,0.1,0.1015625,0.1015625,1.7763856808691623,1.776385680869162e-06,mle,0.31078692883798553,3.3989686459764665,ok,True,True,extraction,
xrp,1171,2021-01-24,659,1170,512,-4.278506129404534,linear,52,0,52,52,0,52,0.1,0.1015625,0.1015625,1.7763856808691623,1.776385680869162e-06,mle,0.31078692883798553,3.3989686459764665,ok,True,True,extraction,
xrp,1172,2021-01-25,660,1171,512,-4.278506129404534,linear,52,0,52,52,0,52,0.1,0.1015625,0.1015625,1.7763856808691623,1.776385680869162e-06,mle,0.31078692883798553,3.3989686459764665,ok,True,True,extraction,
xrp,1173,2021-01-26,661,1172,512,-4.278506129404534,linear,52,0,52,52,0,52,0.1,0.1015625,0.1015625,1.7763856808691623,1.776385680869162e-06,mle,0.31078692883798553,3.3989686459764665,ok,True,True,extraction,
xrp,1174,2021-01-27,662,1173,512,-4.278506129404534,linear,52,0,52,52,0,52,0.1,0.1015625,0.1015625,1.7805649699946073,1.7805649699946073e-06,mle,0.31078692883798553,3.3989686459764665,ok,True,True,extraction,
xrp,1175,2021-01-28,663,1174,512,-4.3051397800456845,linear,52,0,52,52,0,52,0.1,0.1015625,0.1015625,1.792941583665773,1.792941583665773e-06,mle,0.2970710225795654,3.469889559557749,ok,True,True,extraction,
xrp,1176,2021-01-29,664,1175,512,-4.3051397800456845,linear,52,0,52,52,0,52,0.1,0.1015625,0.1015625,1.8016142181811108,1.8016142181811106e-06,mle,0.2970710225795654,3.469889559557749,ok,True,True,extraction,
xrp,1177,2021-01-30,665,1176,512,-4.3051397800456845,linear,52,0,52,52,0,52,0.1,0.1015625,0.1015625,1.811749650187809,1.8117496501878089e-06,mle,0.2970710225795654,3.469889559557749,ok,True,True,extraction,
xrp,1178,2021-01-31,666,1177,512,-4.3051397800456845,linear,52,0,52,52,0,52,0.1,0.1015625,0.1015625,1.8214185291383718,1.8214185291383718e-06,mle,0.2970710225795654,3.469889559557749,ok,True,True,extraction,
xrp,1179,2021-02-01,667,1178,512,-4.3051397800456845,linear,52,0,52,52,0,52,0.1,0.1015625,0.1015625,1.8214185291383718,1.8214185291383718e-06,mle,0.2970710225795654,3.469889559557749,ok,True,True,extraction,
xrp,1180,2021-02-02,668,1179,512,-4.362273786594716,linear,52,0,52,52,0,52,0.1,0.1015625,0.1015625,1.8238455665262787,1.8238455665262786e-06,mle,0.32399498713108604,3.6423050063641265,ok,True,True,extraction,
xrp,1181,2021-02-03,669,1180,512,-4.362273786594716,linear,52,0,52,52,0,52,0.1,0.1015625,0.1015625,1.8238455665262787,1.8238455665262786e-06,mle,0.32399498713108604,3.6423050063641265,ok,True,True,extraction,
xrp,1182,2021-02-04,670,1181,512,-4.362273786594716,linear,52,0,52,52,0,52,0.1,0.1015625,0.1015625,1.8263403845178043,1.8263403845178043e-06,mle,0.32399498713108604,3.6423050063641265,ok,True,True,extraction,
xrp,1183,2021-02-05,671,1182,512,-4.362273786594716,linear,52,0,52,52,0,52,0.1,0.1015625,0.1015625,1.8362684068949393,1.8362684068949393e-06,mle,0.32399498713108604,3.6423050063641265,ok,True,True,extraction,
xrp,1184,2021-02-06,672,1183,512,-4.362273786594716,linear,52,0,52,52,0,52,0.1,0.1015625,0.1015625,1.8347140833536302,1.83471408335363e-06,mle,0.32399498713108604,3.6423050063641265,ok,True,True,extraction,
xrp,1185,2021-02-07,673,1184,512,-4.362273786594716,linear,52,0,52,52,0,52,0.1,0.1015625,0.1015625,1.839058195854785,1.8390581958547847e-06,mle,0.32399498713108604,3.6423050063641265,ok,True,True,extraction,
xrp,1186,2021-02-08,674,1185,512,-4.398332050265379,linear,52,0,52,52,0,52,0.1,0.1015625,0.1015625,1.8455521337570873,1.8455521337570872e-06,mle,0.3260000556944861,3.613015401864759,ok,True,True,extraction,
xrp,1187,2021-02-09,675,1186,512,-4.398332050265379,linear,52,0,52,52,0,52,0.1,0.1015625,0.1015625,1.8471021770961513,1.8471021770961512e-06,mle,0.3260000556944861,3.613015401864759,ok,True,True,extraction,
xrp,1188,2021-02-10,676,1187,512,-4.398332050265379,linear,52,0,52,52,0,52,0.1,0.1015625,0.1015625,1.84175777551116,1.84175777551116e-06,mle,0.3260000556944861,3.613015401864759,ok,True,True,extraction,
xrp,1189,2021-02-11,677,1188,512,-4.398332050265379,linear,52,0,52,52,0,52,0.1,0.1015625,0.1015625,1.84175777551116,1.84175777551116e-06,mle,0.3260000556944861,3.613015401864759,ok,True,True,extraction,
xrp,1190,2021-02-12,678,1189,512,-4.398332050265379,linear,52,0,52,52,0,52,0.1,0.1015625,0.1015625,1.84175777551116,1.84175777551116e-06,mle,0.3260000556944861,3.613015401864759,ok,True,True,extraction,
xrp,1191,2021-02-13,679,1190,512,-4.398332050265379,linear,52,0,52,52,0,52,0.1,0.1015625,0.1015625,1.839763528744435,1.8397635287444348e-06,mle,0.3260000556944861,3.613015401864759,ok,True,True,extraction,
xrp,1192,2021-02-14,680,1191,512,-4.398332050265379,linear,52,0,52,52,0,52,0.1,0.1015625,0.1015625,1.842158359043328,1.8421583590433278e-06,mle,0.3260000556944861,3.613015401864759,ok,True,True,extraction,
xrp,1193,2021-02-15,681,1192,512,-4.697370280437218,linear,52,0,52,52,0,52,0.1,0.1015625,0.1015625,1.842158359043328,1.8421583590433278e-06,mle,0.3961118257224706,3.111099197244362,ok,True,True,extraction,
xrp,1194,2021-02-16,682,1193,512,-4.784536997308757,linear,52,0,52,52,0,52,0.1,0.1015625,0.1015625,1.842158359043328,1.8421583590433278e-06,mle,0.3925818511537058,3.106948292920455,ok,True,True,extraction,
xrp,1195,2021-02-17,683,1194,512,-4.919400486551126,linear,52,0,52,52,0,52,0.1,0.1015625,0.1015625,1.842158359043328,1.8421583590433278e-06,mle,0.4345452184680182,2.8592095854787964,ok,True,True,extraction,
xrp,1196,2021-02-18,684,1195,512,-4.784536997308757,linear,52,0,52,52,0,52,0.1,0.1015625,0.1015625,1.8350957929045064,1.8350957929045062e-06,mle,0.41970354627661627,2.8848450875031633,ok,True,True,extraction,
xrp,1197,2021-02-19,685,1196,512,-4.784536997308757,linear,52,0,52,52,0,52,0.1,0.1015625,0.1015625,1.835257262069637,1.835257262069637e-06,mle,0.41970354627661627,2.8848450875031633,ok,True,True,extraction,
xrp,1198,2021-02-20,686,1197,512,-4.784536997308757,linear,52,0,52,52,0,52,0.1,0.1015625,0.1015625,1.8350957929045064,1.8350957929045062e-06,mle,0.41970354627661627,2.8848450875031633,ok,True,True,extraction,
xrp,1199,2021-02-21,687,1198,512,-4.919400486551126,linear,52,0,52,52,0,52,0.1,0.1015625,0.1015625,1.8399151379603376,1.8399151379603375e-06,mle,0.43175833504866296,2.8081040613888373,ok,True,True,extraction,
xrp,1200,2021-02-22,688,1199,512,-4.919400486551126,linear,52,0,52,52,0,52,0.1,0.1015625,0.1015625,1.846977704099159,1.846977704099159e-06,mle,0.43175833504866296,2.8081040613888373,ok,True,True,extraction,
xrp,1201,2021-02-23,689,1200,512,-4.919400486551126,linear,52,0,52,52,0,52,0.1,0.1015625,0.1015625,1.862773431872814,1.862773431872814e-06,mle,0.43175833504866296,2.8081040613888373,ok,True,True,extraction,
xrp,1202,2021-02-24,690,1201,512,-5.062227549684772,linear,52,0,52,52,0,52,0.1,0.1015625,0.1015625,1.8592051981003026,1.8592051981003026e-06,mle,0.4720193013509761,2.7575565135619042,ok,True,True,extraction,
xrp,1203,2021-02-25,691,1202,512,-5.062227549684772,linear,52,0,52,52,0,52,0.1,0.1015625,0.1015625,1.846977704099159,1.846977704099159e-06,mle,0.4720193013509761,2.7575565135619042,ok,True,True,extraction,
xrp,1204,2021-02-26,692,1203,512,-5.115378502950416,linear,52,0,52,52,0,52,0.1,0.1015625,0.1015625,1.8586200587329413,1.8586200587329412e-06,mle,0.4545552635992363,2.8247574779125837,ok,True,True,extraction,
xrp,1205,2021-02-27,693,1204,512,-5.115378502950416,linear,52,0,52,52,0,52,0.1,0.1015625,0.1015625,1.846977704099159,1.846977704099159e-06,mle,0.4545552635992363,2.8247574779125837,ok,True,True,extraction,
xrp,1206,2021-02-28,694,1205,512,-5.115378502950416,linear,52,0,52,52,0,52,0.1,0.1015625,0.1015625,1.846977704099159,1.846977704099159e-06,mle,0.4545552635992363,2.8247574779125837,ok,True,True,extraction,
xrp,1207,2021-03-01,695,1206,512,-5.161941170316744,linear,52,0,52,52,0,52,0.1,0.1015625,0.1015625,1.8586200587329413,1.8586200587329412e-06,mle,0.47048886528029976,2.7405419041968004,ok,True,True,extraction,
xrp,1208,2021-03-02,696,1207,512,-5.161941170316744,linear,52,0,52,52,0,52,0.1,0.1015625,0.1015625,1.8645762016141945,1.8645762016141945e-06,mle,0.47048886528029976,2.7405419041968004,ok,True,True,extraction,
xrp,1209,2021-03-03,697,1208,512,-5.161941170316744,linear,52,0,52,52,0,52,0.1,0.1015625,0.1015625,1.8548375876733953,1.8548375876733953e-06,mle,0.47048886528029976,2.7405419041968004,ok,True,True,extraction,
xrp,1210,2021-03-04,698,1209,512,-5.161941170316744,linear,52,0,52,52,0,52,0.1,0.1015625,0.1015625,1.866867937574215,1.866867937574215e-06,mle,0.47048886528029976,2.7405419041968004,ok,True,True,extraction,
xrp,1211,2021-03-05,699,1210,512,-5.161941170316744,linear,52,0,52,52,0,52,0.1,0.1015625,0.1015625,1.8842863162283277,1.8842863162283275e-06,mle,0.47048886528029976,2.7405419041968004,ok,True,True,extraction,
xrp,1212,2021-03-06,700,1211,512,-5.216501827263563,linear,52,0,52,52,0,52,0.1,0.1015625,0.1015625,1.8842863162283277,1.8842863162283275e-06,mle,0.47756077440289835,2.6897047088972776,ok,True,True,extraction,
xrp,1213,2021-03-07,701,1212,512,-5.216501827263563,linear,52,0,52,52,0,52,0.1,0.1015625,0.1015625,1.8899157234125372,1.889915723412537e-06,mle,0.47756077440289835,2.6897047088972776,ok,True,True,extraction,
xrp,1214,2021-03-08,702,1213,512,-5.216501827263563,linear,52,0,52,52,0,52,0.1,0.1015625,0.1015625,1.8899157234125372,1.889915723412537e-06,mle,0.47756077440289835,2.6897047088972776,ok,True,True,extraction,
xrp,1215,2021-03-09,703,1214,512,-5.216501827263563,linear,52,0,52,52,0,52,0.1,0.1015625,0.1015625,1.8899157234125372,1.889915723412537e-06,mle,0.47756077440289835,2.6897047088972776,ok,True,True,extraction,
xrp,1216,2021-03-10,704,1215,512,-5.216501827263563,linear,52,0,52,52,0,52,0.1,0.1015625,0.1015625,1.8899157234125372,1.889915723412537e-06,mle,0.47756077440289835,2.6897047088972776,ok,True,True,extraction,
xrp,1217,2021-03-11,705,1216,512,-5.216501827263563,linear,52,0,52,52,0,52,0.1,0.1015625,0.1015625,1.8899157234125372,1.889915723412537e-06,mle,0.47756077440289835,2.6897047088972776,ok,True,True,extraction,
xrp,1218,2021-03-12,706,1217,512,-5.216501827263563,linear,52,0,52,52,0,52,0.1,0.1015625,0.1015625,1.896005014215348,1.8960050142153479e-06,mle,0.47756077440289835,2.6897047088972776,ok,True,True,extraction,
xrp,1219,2021-03-13,707,1218,512,-5.216501827263563,linear,52,0,52,52,0,52,0.1,0.1015625,0.1015625,1.8960050142153482,1.896005014215348e-06,mle,0.47756077440289835,2.6897047088972776,ok,True,True,extraction,
xrp,1220,2021-03-14,708,1219,512,-5.216501827263563,linear,52,0,52,52,0,52,0.1,0.1015625,0.1015625,1.896005014215348,1.8960050142153479e-06,mle,0.47756077440289835,2.6897047088972776,ok,True,True,extraction,
xrp,1221,2021-03-15,709,1220,512,-5.216501827263563,linear,52,0,52,52,0,52,0.1,0.1015625,0.1015625,1.904442785449031,1.9044427854490308e-06,mle,0.47756077440289835,2.6897047088972776,ok,True,True,extraction,
xrp,1222,2021-03-16,710,1221,512,-5.216501827263563,linear,52,0,52,52,0,52,0.1,0.1015625,0.1015625,1.9018104240391749,1.9018104240391747e-06,mle,0.47756077440289835,2.6897047088972776,ok,True,True,extraction,
xrp,1223,2021-03-17,711,1222,512,-5.216501827263563,linear,52,0,52,52,0,52,0.1,0.1015625,0.1015625,1.9099903928334478,1.9099903928334476e-06,mle,0.47756077440289835,2.6897047088972776,ok,True,True,extraction,
xrp,1224,2021-03-18,712,1223,512,-5.216501827263563,linear,52,0,52,52,0,52,0.1,0.1015625,0.1015625,1.911467238180181,1.911467238180181e-06,mle,0.47756077440289835,2.6897047088972776,ok,True,True,extraction,
xrp,1225,2021-03-19,713,1224,512,-5.161941170316744,linear,52,0,52,52,0,52,0.1,0.1015625,0.1015625,1.9094052534660866,1.9094052534660864e-06,mle,0.4729670274192863,2.7302175212112276,ok,True,True,extraction,
xrp,1226,2021-03-20,714,1225,512,-5.161941170316744,linear,52,0,52,52,0,52,0.1,0.1015625,0.1015625,1.9099903928334478,1.9099903928334476e-06,mle,0.4729670274192863,2.7302175212112276,ok,True,True,extraction,
xrp,1227,2021-03-21,715,1226,512,-5.161941170316744,linear,52,0,52,52,0,52,0.1,0.1015625,0.1015625,1.9099903928334478,1.9099903928334476e-06,mle,0.4729670274192863,2.7302175212112276,ok,True,True,extraction,
xrp,1228,2021-03-22,716,1227,512,-5.161941170316744,linear,52,0,52,52,0,52,0.1,0.1015625,0.1015625,1.9099903928334478,1.9099903928334476e-06,mle,0.4729670274192863,2.7302175212112276,ok,True,True,extraction,
xrp,1229,2021-03-23,717,1228,512,-5.161941170316744,linear,52,0,52,52,0,52,0.1,0.1015625,0.1015625,1.911467238180181,1.911467238180181e-06,mle,0.4729670274192863,2.7302175212112276,ok,True,True,extraction,
xrp,1230,2021-03-24,718,1229,512,-5.161941170316744,linear,52,0,52,52,0,52,0.1,0.1015625,0.1015625,1.911467238180181,1.911467238180181e-06,mle,0.4729670274192863,2.7302175212112276,ok,True,True,extraction,
xrp,1231,2021-03-25,719,1230,512,-5.216501827263563,linear,52,0,52,52,0,52,0.1,0.1015625,0.1015625,1.9144090075665667,1.9144090075665668e-06,mle,0.4530203095891887,2.873080136294686,ok,True,True,extraction,
xrp,1232,2021-03-26,720,1231,512,-5.216501827263563,linear,52,0,52,52,0,52,0.1,0.1015625,0.1015625,1.9144090075665667,1.9144090075665668e-06,mle,0.4530203095891887,2.873080136294686,ok,True,True,extraction,
xrp,1233,2021-03-27,721,1232,512,-5.216501827263563,linear,52,0,52,52,0,52,0.1,0.1015625,0.1015625,1.92376733868023,1.92376733868023e-06,mle,0.4530203095891887,2.873080136294686,ok,True,True,extraction,
xrp,1234,2021-03-28,722,1233,512,-5.216501827263563,linear,52,0,52,52,0,52,0.1,0.1015625,0.1015625,1.9384290943834108,1.9384290943834105e-06,mle,0.4530203095891887,2.873080136294686,ok,True,True,extraction,
xrp,1235,2021-03-29,723,1234,512,-5.216501827263563,linear,52,0,52,52,0,52,0.1,0.1015625,0.1015625,1.9384290943834108,1.9384290943834105e-06,mle,0.4530203095891887,2.873080136294686,ok,True,True,extraction,
xrp,1236,2021-03-30,724,1235,512,-5.216501827263563,linear,52,0,52,52,0,52,0.1,0.1015625,0.1015625,1.9481626156391605,1.9481626156391603e-06,mle,0.4530203095891887,2.873080136294686,ok,True,True,extraction,
xrp,1237,2021-03-31,725,1236,512,-5.216501827263563,linear,52,0,52,52,0,52,0.1,0.1015625,0.1015625,1.9384290943834108,1.9384290943834105e-06,mle,0.4530203095891887,2.873080136294686,ok,True,True,extraction,
xrp,1238,2021-04-01,726,1237,512,-5.216501827263563,linear,52,0,52,52,0,52,0.1,0.1015625,0.1015625,1.9384290943834108,1.9384290943834105e-06,mle,0.4530203095891887,2.873080136294686,ok,True,True,extraction,
xrp,1239,2021-04-02,727,1238,512,-5.216501827263563,linear,52,0,52,52,0,52,0.1,0.1015625,0.1015625,1.9222979324873333,1.922297932487333e-06,mle,0.4530203095891887,2.873080136294686,ok,True,True,extraction,
xrp,1240,2021-04-03,728,1239,512,-5.161941170316744,linear,52,0,52,52,0,52,0.1,0.1015625,0.1015625,1.92376733868023,1.92376733868023e-06,mle,0.44330098530111395,2.9374192832711064,ok,True,True,extraction,
xrp,1241,2021-04-04,729,1240,512,-5.115378502950416,linear,52,0,52,52,0,52,0.1,0.1015625,0.1015625,1.92376733868023,1.92376733868023e-06,mle,0.43005882233730897,3.014795511469734,ok,True,True,extraction,
xrp,1242,2021-04-05,730,1241,512,-5.115378502950416,linear,52,0,52,52,0,52,0.1,0.1015625,0.1015625,1.9384290943834108,1.9384290943834105e-06,mle,0.43005882233730897,3.014795511469734,ok,True,True,extraction,
xrp,1243,2021-04-06,731,1242,512,-5.115378502950416,linear,52,0,52,52,0,52,0.1,0.1015625,0.1015625,1.9413897848567463,1.9413897848567463e-06,mle,0.43005882233730897,3.014795511469734,ok,True,True,extraction,
xrp,1244,2021-04-07,732,1243,512,-5.115378502950416,linear,52,0,52,52,0,52,0.1,0.1015625,0.1015625,1.9461850794516669,1.9461850794516666e-06,mle,0.43005882233730897,3.014795511469734,ok,True,True,extraction,
xrp,1245,2021-04-08,733,1244,512,-5.161941170316744,linear,52,0,52,52,0,52,0.1,0.1015625,0.1015625,1.9548868811857059,1.954886881185706e-06,mle,0.41627198526822623,3.213139120640949,ok,True,True,extraction,
xrp,1246,2021-04-09,734,1245,512,-5.161941170316744,linear,52,0,52,52,0,52,0.1,0.1015625,0.1015625,1.970701066621592,1.970701066621592e-06,mle,0.41627198526822623,3.213139120640949,ok,True,True,extraction,
xrp,1247,2021-04-10,735,1246,512,-5.161941170316744,linear,52,0,52,52,0,52,0.1,0.1015625,0.1015625,1.9838333165702808,1.9838333165702807e-06,mle,0.41627198526822623,3.213139120640949,ok,True,True,extraction,
xrp,1248,2021-04-11,736,1247,512,-5.161941170316744,linear,52,0,52,52,0,52,0.1,0.1015625,0.1015625,1.9864549981499295,1.9864549981499295e-06,mle,0.41627198526822623,3.213139120640949,ok,True,True,extraction,
xrp,1249,2021-04-12,737,1248,512,-5.161941170316744,linear,52,0,52,52,0,52,0.1,0.1015625,0.1015625,1.9838333165702808,1.9838333165702807e-06,mle,0.41627198526822623,3.213139120640949,ok,True,True,extraction,
xrp,1250,2021-04-13,738,1249,512,-5.161941170316744,linear,52,0,52,52,0,52,0.1,0.1015625,0.1015625,1.9952433042226794,1.9952433042226794e-06,mle,0.41627198526822623,3.213139120640949,ok,True,True,extraction,
xrp,1251,2021-04-14,739,1250,512,-5.161941170316744,linear,52,0,52,52,0,52,0.1,0.1015625,0.1015625,2.007476173019385,2.007476173019385e-06,mle,0.41627198526822623,3.213139120640949,ok,True,True,extraction,
xrp,1252,2021-04-15,740,1251,512,-5.161941170316744,linear,52,0,52,52,0,52,0.1,0.1015625,0.1015625,2.032111722511303,2.0321117225113025e-06,mle,0.41627198526822623,3.213139120640949,ok,True,True,extraction,
xrp,1253,2021-04-16,741,1252,512,-5.161941170316744,linear,52,0,52,52,0,52,0.1,0.1015625,0.1015625,2.032111722511303,2.0321117225113025e-06,mle,0.41627198526822623,3.213139120640949,ok,True,True,extraction,
xrp,1254,2021-04-17,742,1253,512,-5.216501827263563,linear,52,0,52,52,0,52,0.1,0.1015625,0.1015625,2.032111722511303,2.0321117225113025e-06,mle,0.3909398188297037,3.3845836408453494,ok,True,True,extraction,
xrp,1255,2021-04-18,743,1254,512,-5.216501827263563,linear,52,0,52,52,0,52,0.1,0.1015625,0.1015625,2.007476173019385,2.007476173019385e-06,mle,0.3909398188297037,3.3845836408453494,ok,True,True,extraction,
xrp,1256,2021-04-19,744,1255,512,-5.246234437818447,linear,52,0,52,52,0,52,0.1,0.1015625,0.1015625,2.006746603765908,2.006746603765908e-06,mle,0.35855710756712456,3.5763913436381936,ok,True,True,extraction,
xrp,1257,2021-04-20,745,1256,512,-5.246234437818447,linear,52,0,52,52,0,52,0.1,0.1015625,0.1015625,2.006746603765908,2.006746603765908e-06,mle,0.3458868010314805,3.646564102124443,ok,True,True,extraction,
xrp,1258,2021-04-21,746,1257,512,-5.246234437818447,linear,52,0,52,52,0,52,0.1,0.1015625,0.1015625,2.032111722511303,2.0321117225113025e-06,mle,0.3458868010314805,3.646564102124443,ok,True,True,extraction,
xrp,1259,2021-04-22,747,1258,512,-5.334764985921274,linear,52,0,52,52,0,52,0.1,0.1015625,0.1015625,2.0186087043826175,2.0186087043826173e-06,mle,0.35651288465961195,3.550152109945701,ok,True,True,extraction,
xrp,1260,2021-04-23,748,1259,512,-5.360003106981354,linear,52,0,52,52,0,52,0.1,0.1015625,0.1015625,2.007897924141309,2.007897924141309e-06,mle,0.3254122161902706,3.758189210963577,ok,True,True,extraction,
xrp,1261,2021-04-24,749,1260,512,-5.360003106981354,linear,52,0,52,52,0,52,0.1,0.1015625,0.1015625,2.0263758919665973,2.0263758919665972e-06,mle,0.3254122161902706,3.758189210963577,ok,True,True,extraction,
xrp,1262,2021-04-25,750,1261,512,-5.365968101026075,linear,52,0,52,52,0,52,0.1,0.1015625,0.1015625,2.007897924141309,2.007897924141309e-06,mle,0.292321421429577,3.9961930204996046,ok,True,True,extraction,
xrp,1263,2021-04-26,751,1262,512,-5.365968101026075,linear,52,0,52,52,0,52,0.1,0.1015625,0.1015625,2.007897924141309,2.007897924141309e-06,mle,0.292321421429577,3.9961930204996046,ok,True,True,extraction,
xrp,1264,2021-04-27,752,1263,512,-5.365968101026075,linear,52,0,52,52,0,52,0.1,0.1015625,0.1015625,2.028183250600443,2.028183250600443e-06,mle,0.292321421429577,3.9961930204996046,ok,True,True,extraction,
xrp,1265,2021-04-28,753,1264,512,-5.365968101026075,linear,52,0,52,52,0,52,0.1,0.1015625,0.1015625,2.0597513675646666,2.0597513675646665e-06,mle,0.292321421429577,3.9961930204996046,ok,True,True,extraction,
xrp,1266,2021-04-29,754,1265,512,-5.365968101026075,linear,52,0,52,52,0,52,0.1,0.1015625,0.1015625,2.0617059287582764,2.061705928758276e-06,mle,0.292321421429577,3.9961930204996046,ok,True,True,extraction,
xrp,1267,2021-04-30,755,1266,512,-5.365968101026075,linear,52,0,52,52,0,52,0.1,0.1015625,0.1015625,2.07725466855691,2.07725466855691e-06,mle,0.292321421429577,3.9961930204996046,ok,True,True,extraction,
xrp,1268,2021-05-01,756,1267,512,-5.365968101026075,linear,52,0,52,52,0,52,0.1,0.1015625,0.1015625,2.07725466855691,2.07725466855691e-06,mle,0.292321421429577,3.9961930204996046,ok,True,True,extraction,
xrp,1269,2021-05-02,757,1268,512,-5.365968101026075,linear,52,0,52,52,0,52,0.1,0.1015625,0.1015625,2.0874928667724664,2.087492866772466e-06,mle,0.292321421429577,3.9961930204996046,ok,True,True,extraction,
xrp,1270,2021-05-03,758,1269,512,-5.488352561566345,linear,52,0,52,52,0,52,0.1,0.1015625,0.1015625,2.100380760221396,2.1003807602213957e-06,mle,0.3215985106488906,3.7637381661594187,ok,True,True,extraction,
xrp,1271,2021-05-04,759,1270,512,-5.488352561566345,linear,52,0,52,52,0,52,0.1,0.1015625,0.1015625,2.0912365995704545,2.0912365995704545e-06,mle,0.3215985106488906,3.7637381661594187,ok,True,True,extraction,
xrp,1272,2021-05-05,760,1271,512,-5.5881508813210585,linear,52,0,52,52,0,52,0.1,0.1015625,0.1015625,2.0912365995704545,2.0912365995704545e-06,mle,0.31210615213720094,3.8166272690814766,ok,True,True,extraction,
xrp,1273,2021-05-06,761,1272,512,-5.5881508813210585,linear,52,0,52,52,0,52,0.1,0.1015625,0.1015625,2.111248122653537,2.111248122653537e-06,mle,0.31210615213720094,3.8166272690814766,ok,True,True,extraction,
xrp,1274,2021-05-07,762,1273,512,-5.5881508813210585,linear,52,0,52,52,0,52,0.1,0.1015625,0.1015625,2.111248122653537,2.111248122653537e-06,mle,0.31210615213720094,3.8166272690814766,ok,True,True,extraction,
xrp,1275,2021-05-08,763,1274,512,-5.5881508813210585,linear,52,0,52,52,0,52,0.1,0.1015625,0.1015625,2.111248122653537,2.111248122653537e-06,mle,0.31210615213720094,3.8166272690814766,ok,True,True,extraction,
xrp,1276,2021-05-09,764,1275,512,-5.5881508813210585,linear,52,0,52,52,0,52,0.1,0.1015625,0.1015625,2.1234838078163625,2.123483807816362e-06,mle,0.31210615213720094,3.8166272690814766,ok,True,True,extraction,
xrp,1277,2021-05-10,765,1276,512,-5.5881508813210585,linear,52,0,52,52,0,52,0.1,0.1015625,0.1015625,2.1234838078163625,2.123483807816362e-06,mle,0.31210615213720094,3.8166272690814766,ok,True,True,extraction,
xrp,1278,2021-05-11,766,1277,512,-5.682642649439907,linear,52,0,52,52,0,52,0.1,0.1015625,0.1015625,2.1473712568381766,2.1473712568381767e-06,mle,0.30396336259094237,3.8487009568643575,ok,True,True,extraction,
xrp,1279,2021-05-12,767,1278,512,-5.682642649439907,linear,52,0,52,52,0,52,0.1,0.1015625,0.1015625,2.1494063906939154,2.1494063906939154e-06,mle,0.30396336259094237,3.8487009568643575,ok,True,True,extraction,
xrp,1280,2021-05-13,768,1279,512,-5.682642649439907,linear,52,0,52,52,0,52,0.1,0.1015625,0.1015625,2.1494063906939154,2.1494063906939154e-06,mle,0.3073824386532049,3.9076757031049265,ok,True,True,extraction,
xrp,1281,2021-05-14,769,1280,512,-5.682642649439907,linear,52,0,52,52,0,52,0.1,0.1015625,0.1015625,2.1494063906939154,2.1494063906939154e-06,mle,0.3073824386532049,3.9076757031049265,ok,True,True,extraction,
xrp,1282,2021-05-15,770,1281,512,-5.682642649439907,linear,52,0,52,52,0,52,0.1,0.1015625,0.1015625,2.1189802051009288,2.1189802051009287e-06,mle,0.3073824386532049,3.9076757031049265,ok,True,True,extraction,
xrp,1283,2021-05-16,771,1282,512,-5.682642649439907,linear,52,0,52,52,0,52,0.1,0.1015625,0.1015625,2.1564593818596234,2.156459381859623e-06,mle,0.3073824386532049,3.9076757031049265,ok,True,True,extraction,
xrp,1284,2021-05-17,772,1283,512,-5.682642649439907,linear,52,0,52,52,0,52,0.1,0.1015625,0.1015625,2.1966786176645723,2.1966786176645722e-06,mle,0.3073824386532049,3.9076757031049265,ok,True,True,extraction,
xrp,1285,2021-05-18,773,1284,512,-5.682642649439907,linear,52,0,52,52,0,52,0.1,0.1015625,0.1015625,2.209017750473497,2.2090177504734967e-06,mle,0.3073824386532049,3.9076757031049265,ok,True,True,extraction,
xrp,1286,2021-05-19,774,1285,512,-5.682642649439907,linear,52,0,52,52,0,52,0.1,0.1015625,0.1015625,2.203888596541884,2.2038885965418837e-06,mle,0.3073824386532049,3.9076757031049265,ok,True,True,extraction,
xrp,1287,2021-05-20,775,1286,512,-5.780756881471126,linear,52,0,52,52,0,52,0.1,0.1015625,0.1015625,2.212198097481196,2.212198097481196e-06,mle,0.3676932646468238,3.9818716448414557,ok,True,True,extraction,
xrp,1288,2021-05-21,776,1287,512,-5.780756881471126,linear,52,0,52,52,0,52,0.1,0.1015625,0.1015625,2.214665387713035,2.214665387713035e-06,mle,0.3676932646468238,3.9818716448414557,ok,True,True,extraction,
xrp,1289,2021-05-22,777,1288,512,-5.994609186729606,linear,52,0,52,52,0,52,0.1,0.1015625,0.1015625,2.220361372760771,2.220361372760771e-06,mle,0.3911214795784089,3.8700876098641945,ok,True,True,extraction,
xrp,1290,2021-05-23,778,1289,512,-6.0308601839988745,linear,52,0,52,52,0,52,0.1,0.1015625,0.1015625,2.230214127511669,2.230214127511669e-06,mle,0.36242480239904873,4.0467986881509095,ok,True,True,extraction,
xrp,1291,2021-05-24,779,1290,512,-6.094613145555759,linear,52,0,52,52,0,52,0.1,0.1015625,0.1015625,2.2516623532320073,2.251662353232007e-06,mle,0.3380766435285586,4.223723466374605,ok,True,True,extraction,
xrp,1292,2021-05-25,780,1291,512,-6.094613145555759,linear,52,0,52,52,0,52,0.1,0.1015625,0.1015625,2.254527822681469,2.254527822681469e-06,mle,0.3380766435285586,4.223723466374605,ok,True,True,extraction,
xrp,1293,2021-05-26,781,1292,512,-6.094613145555759,linear,52,0,52,52,0,52,0.1,0.1015625,0.1015625,2.254527822681469,2.254527822681469e-06,mle,0.3380766435285586,4.223723466374605,ok,True,True,extraction,
xrp,1294,2021-05-27,782,1293,512,-6.094613145555759,linear,52,0,52,52,0,52,0.1,0.1015625,0.1015625,2.2449802725772408,2.2449802725772408e-06,mle,0.3380766435285586,4.223723466374605,ok,True,True,extraction,
xrp,1295,2021-05-28,783,1294,512,-6.31487353699452,linear,52,0,52,52,0,52,0.1,0.1015625,0.1015625,2.260183447347533,2.2601834473475327e-06,mle,0.4043391832881189,3.746170756644147,ok,True,True,extraction,
xrp,1296,2021-05-29,784,1295,512,-6.466261328467403,linear,52,0,52,52,0,52,0.1,0.1015625,0.1015625,2.260183447347533,2.2601834473475327e-06,mle,0.44492254101536605,3.478296787373137,ok,True,True,extraction,
xrp,1297,2021-05-30,785,1296,512,-6.485910780240485,linear,52,0,52,52,0,52,0.1,0.1015625,0.1015625,2.267478229523629,2.267478229523629e-06,mle,0.42775109935018785,3.555087795291115,ok,True,True,extraction,
xrp,1298,2021-05-31,786,1297,512,-6.485910780240485,linear,52,0,52,52,0,52,0.1,0.1015625,0.1015625,2.2752929099988153,2.2752929099988154e-06,mle,0.42775109935018785,3.555087795291115,ok,True,True,extraction,
xrp,1299,2021-06-01,787,1298,512,-6.485910780240485,linear,52,0,52,52,0,52,0.1,0.1015625,0.1015625,2.283411423036615,2.283411423036615e-06,mle,0.42775109935018785,3.555087795291115,ok,True,True,extraction,
xrp,1300,2021-06-02,788,1299,512,-6.485910780240485,linear,52,0,52,52,0,52,0.1,0.1015625,0.1015625,2.2816239607328677,2.2816239607328677e-06,mle,0.42775109935018785,3.555087795291115,ok,True,True,extraction,
xrp,1301,2021-06-03,789,1300,512,-6.485910780240485,linear,52,0,52,52,0,52,0.1,0.1015625,0.1015625,2.2752929099988153,2.2752929099988154e-06,mle,0.42775109935018785,3.555087795291115,ok,True,True,extraction,
xrp,1302,2021-06-04,790,1301,512,-6.485910780240485,linear,52,0,52,52,0,52,0.1,0.1015625,0.1015625,2.260183447347533,2.2601834473475327e-06,mle,0.42775109935018785,3.555087795291115,ok,True,True,extraction,
xrp,1303,2021-06-05,791,1302,512,-6.49230935159933,linear,52,0,52,52,0,52,0.1,0.1015625,0.1015625,2.2776055823703674,2.2776055823703674e-06,mle,0.4127964846247827,3.627543638539849,ok,True,True,extraction,
xrp,1304,2021-06-06,792,1303,512,-6.49230935159933,linear,52,0,52,52,0,52,0.1,0.1015625,0.1015625,2.2752929099988153,2.2752929099988154e-06,mle,0.4127964846247827,3.627543638539849,ok,True,True,extraction,
xrp,1305,2021-06-07,793,1304,512,-6.49230935159933,linear,52,0,52,52,0,52,0.1,0.1015625,0.1015625,2.2776055823703674,2.2776055823703674e-06,mle,0.4127964846247827,3.627543638539849,ok,True,True,extraction,
xrp,1306,2021-06-08,794,1305,512,-6.564527646691172,linear,52,0,52,52,0,52,0.1,0.1015625,0.1015625,2.283411423036615,2.283411423036615e-06,mle,0.4034872216561843,3.6559466159004756,ok,True,True,extraction,
xrp,1307,2021-06-09,795,1306,512,-6.564527646691172,linear,52,0,52,52,0,52,0.1,0.1015625,0.1015625,2.298299572465841,2.298299572465841e-06,mle,0.4034872216561843,3.6559466159004756,ok,True,True,extraction,
xrp,1308,2021-06-10,796,1307,512,-6.564527646691172,linear,52,0,52,52,0,52,0.1,0.1015625,0.1015625,2.298299572465841,2.298299572465841e-06,mle,0.4034872216561843,3.6559466159004756,ok,True,True,extraction,
xrp,1309,2021-06-11,797,1308,512,-6.564527646691172,linear,52,0,52,52,0,52,0.1,0.1015625,0.1015625,2.314979540000839,2.3149795400008387e-06,mle,0.4034872216561843,3.6559466159004756,ok,True,True,extraction,
xrp,1310,2021-06-12,798,1309,512,-6.564527646691172,linear,52,0,52,52,0,52,0.1,0.1015625,0.1015625,2.320600059268575,2.320600059268575e-06,mle,0.4034872216561843,3.6559466159004756,ok,True,True,extraction,
xrp,1311,2021-06-13,799,1310,512,-6.564527646691172,linear,52,0,52,52,0,52,0.1,0.1015625,0.1015625,2.2890319423043515,2.2890319423043513e-06,mle,0.4034872216561843,3.6559466159004756,ok,True,True,extraction,
xrp,1312,2021-06-14,800,1311,512,-6.564527646691172,linear,52,0,52,52,0,52,0.1,0.1015625,0.1015625,2.299092593271088,2.299092593271088e-06,mle,0.4034872216561843,3.6559466159004756,ok,True,True,extraction,
xrp,1313,2021-06-15,801,1312,512,-6.564527646691172,linear,52,0,52,52,0,52,0.1,0.1015625,0.1015625,2.314979540000839,2.3149795400008387e-06,mle,0.4034872216561843,3.6559466159004756,ok,True,True,extraction,
xrp,1314,2021-06-16,802,1313,512,-6.564527646691172,linear,52,0,52,52,0,52,0.1,0.1015625,0.1015625,2.314979540000839,2.3149795400008387e-06,mle,0.4034872216561843,3.6559466159004756,ok,True,True,extraction,
xrp,1315,2021-06-17,803,1314,512,-6.658611233464038,linear,52,0,52,52,0,52,0.1,0.1015625,0.1015625,2.299092593271088,2.299092593271088e-06,mle,0.4363811218133444,3.4492694738661562,ok,True,True,extraction,
xrp,1316,2021-06-18,804,1315,512,-6.658611233464038,linear,52,0,52,52,0,52,0.1,0.1015625,0.1015625,2.320600059268575,2.320600059268575e-06,mle,0.4363811218133444,3.4492694738661562,ok,True,True,extraction,
xrp,1317,2021-06-19,805,1316,512,-6.658611233464038,linear,52,0,52,52,0,52,0.1,0.1015625,0.1015625,2.320600059268575,2.320600059268575e-06,mle,0.4363811218133444,3.4492694738661562,ok,True,True,extraction,
xrp,1318,2021-06-20,806,1317,512,-6.658611233464038,linear,52,0,52,52,0,52,0.1,0.1015625,0.1015625,2.3318136191483507,2.3318136191483504e-06,mle,0.4363811218133444,3.4492694738661562,ok,True,True,extraction,
xrp,1319,2021-06-21,807,1318,512,-6.658611233464038,linear,52,0,52,52,0,52,0.1,0.1015625,0.1015625,2.339562850670669,2.339562850670669e-06,mle,0.4363811218133444,3.4492694738661562,ok,True,True,extraction,
xrp,1320,2021-06-22,808,1319,512,-6.685766601016261,linear,52,0,52,52,0,52,0.1,0.1015625,0.1015625,2.3318136191483507,2.3318136191483504e-06,mle,0.4190720038946832,3.743141794911451,ok,True,True,extraction,
xrp,1321,2021-06-23,809,1320,512,-6.722359772487901,linear,52,0,52,52,0,52,0.1,0.1015625,0.1015625,2.337869431581853,2.3378694315818526e-06,mle,0.38702288619586545,3.931370600273419,ok,True,True,extraction,
xrp,1322,2021-06-24,810,1321,512,-6.722359772487901,linear,52,0,52,52,0,52,0.1,0.1015625,0.1015625,2.337869431581853,2.3378694315818526e-06,mle,0.38702288619586545,3.931370600273419,ok,True,True,extraction,
xrp,1323,2021-06-25,811,1322,512,-6.722359772487901,linear,52,0,52,52,0,52,0.1,0.1015625,0.1015625,2.3586269496199264,2.3586269496199265e-06,mle,0.38702288619586545,3.931370600273419,ok,True,True,extraction,
xrp,1324,2021-06-26,812,1323,512,-6.727360877865376,linear,52,0,52,52,0,52,0.1,0.1015625,0.1015625,2.377186780068395,2.3771867800683947e-06,mle,0.35994864903556706,4.092484370945256,ok,True,True,extraction,
xrp,1325,2021-06-27,813,1324,512,-6.727360877865376,linear,52,0,52,52,0,52,0.1,0.1015625,0.1015625,2.3586269496199264,2.3586269496199265e-06,mle,0.35994864903556706,4.092484370945256,ok,True,True,extraction,
xrp,1326,2021-06-28,814,1325,512,-6.727360877865376,linear,52,0,52,52,0,52,0.1,0.1015625,0.1015625,2.3829774212798203,2.3829774212798203e-06,mle,0.35994864903556706,4.092484370945256,ok,True,True,extraction,
xrp,1327,2021-06-29,815,1326,512,-6.727360877865376,linear,52,0,52,52,0,52,0.1,0.1015625,0.1015625,2.377186780068395,2.3771867800683947e-06,mle,0.35994864903556706,4.092484370945256,ok,True,True,extraction,
xrp,1328,2021-06-30,816,1327,512,-6.727360877865376,linear,52,0,52,52,0,52,0.1,0.1015625,0.1015625,2.388730168065594,2.388730168065594e-06,mle,0.35994864903556706,4.092484370945256,ok,True,True,extraction,
xrp,1329,2021-07-01,817,1328,512,-6.727360877865376,linear,52,0,52,52,0,52,0.1,0.1015625,0.1015625,2.377186780068395,2.3771867800683947e-06,mle,0.35994864903556706,4.092484370945256,ok,True,True,extraction,
xrp,1330,2021-07-02,818,1329,512,-6.727360877865376,linear,52,0,52,52,0,52,0.1,0.1015625,0.1015625,2.3603449060035917,2.3603449060035916e-06,mle,0.35994864903556706,4.092484370945256,ok,True,True,extraction,
xrp,1331,2021-07-03,819,1330,512,-6.727360877865376,linear,52,0,52,52,0,52,0.1,0.1015625,0.1015625,2.3549430102815796,2.3549430102815796e-06,mle,0.35994864903556706,4.092484370945256,ok,True,True,extraction,
xrp,1332,2021-07-04,820,1331,512,-6.727360877865376,linear,52,0,52,52,0,52,0.1,0.1015625,0.1015625,2.3603449060035917,2.3603449060035916e-06,mle,0.35994864903556706,4.092484370945256,ok,True,True,extraction,
xrp,1333,2021-07-05,821,1332,512,-6.727360877865376,linear,52,0,52,52,0,52,0.1,0.1015625,0.1015625,2.388730168065594,2.388730168065594e-06,mle,0.35994864903556706,4.092484370945256,ok,True,True,extraction,
xrp,1334,2021-07-06,822,1333,512,-6.727360877865376,linear,52,0,52,52,0,52,0.1,0.1015625,0.1015625,2.377954456903382,2.377954456903382e-06,mle,0.35994864903556706,4.092484370945256,ok,True,True,extraction,
xrp,1335,2021-07-07,823,1334,512,-6.727360877865376,linear,52,0,52,52,0,52,0.1,0.1015625,0.1015625,2.388730168065594,2.388730168065594e-06,mle,0.35994864903556706,4.092484370945256,ok,True,True,extraction,
xrp,1336,2021-07-08,824,1335,512,-6.727360877865376,linear,52,0,52,52,0,52,0.1,0.1015625,0.1015625,2.3722498464793498,2.3722498464793496e-06,mle,0.35994864903556706,4.092484370945256,ok,True,True,extraction,
xrp,1337,2021-07-09,825,1336,512,-6.727360877865376,linear,52,0,52,52,0,52,0.1,0.1015625,0.1015625,2.3668479507573377,2.3668479507573377e-06,mle,0.35994864903556706,4.092484370945256,ok,True,True,extraction,
xrp,1338,2021-07-10,826,1337,512,-6.727360877865376,linear,52,0,52,52,0,52,0.1,0.1015625,0.1015625,2.3549430102815796,2.3549430102815796e-06,mle,0.35994864903556706,4.092484370945256,ok,True,True,extraction,
xrp,1339,2021-07-11,827,1338,512,-6.727360877865376,linear,52,0,52,52,0,52,0.1,0.1015625,0.1015625,2.34951068995725,2.34951068995725e-06,mle,0.35994864903556706,4.092484370945256,ok,True,True,extraction,
xrp,1340,2021-07-12,828,1339,512,-6.722359772487901,linear,52,0,52,52,0,52,0.1,0.1015625,0.1015625,2.336716522668814,2.336716522668814e-06,mle,0.3852201372299364,3.9431499046710963,ok,True,True,extraction,
xrp,1341,2021-07-13,829,1340,512,-6.722359772487901,linear,52,0,52,52,0,52,0.1,0.1015625,0.1015625,2.3113446157093116,2.3113446157093117e-06,mle,0.3852201372299364,3.9431499046710963,ok,True,True,extraction,
xrp,1342,2021-07-14,830,1341,512,-6.722359772487901,linear,52,0,52,52,0,52,0.1,0.1015625,0.1015625,2.287469466657038,2.287469466657038e-06,mle,0.3852201372299364,3.9431499046710963,ok,True,True,extraction,
xrp,1343,2021-07-15,831,1342,512,-6.722359772487901,linear,52,0,52,52,0,52,0.1,0.1015625,0.1015625,2.2856473651869447,2.2856473651869444e-06,mle,0.3852201372299364,3.9431499046710963,ok,True,True,extraction,
xrp,1344,2021-07-16,832,1343,512,-6.685766601016261,linear,52,0,52,52,0,52,0.1,0.1015625,0.1015625,2.2856473651869447,2.2856473651869444e-06,mle,0.3793097546412677,3.99347073798583,ok,True,True,extraction,
xrp,1345,2021-07-17,833,1344,512,-6.685766601016261,linear,52,0,52,52,0,52,0.1,0.1015625,0.1015625,2.2856473651869447,2.2856473651869444e-06,mle,0.3793097546412677,3.99347073798583,ok,True,True,extraction,
xrp,1346,2021-07-18,834,1345,512,-6.685766601016261,linear,52,0,52,52,0,52,0.1,0.1015625,0.1015625,2.289215598959456,2.289215598959456e-06,mle,0.3793097546412677,3.99347073798583,ok,True,True,extraction,
xrp,1347,2021-07-19,835,1346,512,-6.685766601016261,linear,52,0,52,52,0,52,0.1,0.1015625,0.1015625,2.289215598959456,2.289215598959456e-06,mle,0.3793097546412677,3.99347073798583,ok,True,True,extraction,
xrp,1348,2021-07-20,836,1347,512,-6.685766601016261,linear,52,0,52,52,0,52,0.1,0.1015625,0.1015625,2.297055160121241,2.297055160121241e-06,mle,0.3793097546412677,3.99347073798583,ok,True,True,extraction,
xrp,1349,2021-07-21,837,1348,512,-6.685766601016261,linear,52,0,52,52,0,52,0.1,0.1015625,0.1015625,2.297055160121241,2.297055160121241e-06,mle,0.3793097546412677,3.99347073798583,ok,True,True,extraction,
xrp,1350,2021-07-22,838,1349,512,-6.685766601016261,linear,52,0,52,52,0,52,0.1,0.1015625,0.1015625,2.2964700207538797,2.2964700207538797e-06,mle,0.3793097546412677,3.99347073798583,ok,True,True,extraction,
xrp,1351,2021-07-23,839,1350,512,-6.662550001026704,linear,52,0,52,52,0,52,0.1,0.1015625,0.1015625,2.2929017869813686,2.2929017869813686e-06,mle,0.40465465861839445,3.8541155680951342,ok,True,True,extraction,
xrp,1352,2021-07-24,840,1351,512,-6.662550001026704,linear,52,0,52,52,0,52,0.1,0.1015625,0.1015625,2.2929017869813686,2.2929017869813686e-06,mle,0.40465465861839445,3.8541155680951342,ok,True,True,extraction,
xrp,1353,2021-07-25,841,1352,512,-6.662550001026704,linear,52,0,52,52,0,52,0.1,0.1015625,0.1015625,2.2929017869813686,2.2929017869813686e-06,mle,0.40465465861839445,3.8541155680951342,ok,True,True,extraction,
xrp,1354,2021-07-26,842,1353,512,-6.662550001026704,linear,52,0,52,52,0,52,0.1,0.1015625,0.1015625,2.2816239607328677,2.2816239607328677e-06,mle,0.40465465861839445,3.8541155680951342,ok,True,True,extraction,
xrp,1355,2021-07-27,843,1354,512,-6.662550001026704,linear,52,0,52,52,0,52,0.1,0.1015625,0.1015625,2.287469466657038,2.287469466657038e-06,mle,0.40465465861839445,3.8541155680951342,ok,True,True,extraction,
xrp,1356,2021-07-28,844,1355,512,-6.662550001026704,linear,52,0,52,52,0,52,0.1,0.1015625,0.1015625,2.287469466657038,2.287469466657038e-06,mle,0.40465465861839445,3.8541155680951342,ok,True,True,extraction,
xrp,1357,2021-07-29,845,1356,512,-6.662550001026704,linear,52,0,52,52,0,52,0.1,0.1015625,0.1015625,2.3059427199872995,2.3059427199872994e-06,mle,0.40465465861839445,3.8541155680951342,ok,True,True,extraction,
xrp,1358,2021-07-30,846,1357,512,-6.662550001026704,linear,52,0,52,52,0,52,0.1,0.1015625,0.1015625,2.345969367184721,2.345969367184721e-06,mle,0.40465465861839445,3.8541155680951342,ok,True,True,extraction,
xrp,1359,2021-07-31,847,1358,512,-6.662550001026704,linear,52,0,52,52,0,52,0.1,0.1015625,0.1015625,2.345969367184721,2.345969367184721e-06,mle,0.40465465861839445,3.8541155680951342,ok,True,True,extraction,
xrp,1360,2021-08-01,848,1359,512,-6.662550001026704,linear,52,0,52,52,0,52,0.1,0.1015625,0.1015625,2.348259910666014,2.3482599106660136e-06,mle,0.40465465861839445,3.8541155680951342,ok,True,True,extraction,
xrp,1361,2021-08-02,849,1360,512,-6.662550001026704,linear,52,0,52,52,0,52,0.1,0.1015625,0.1015625,2.348259910666014,2.3482599106660136e-06,mle,0.40465465861839445,3.8541155680951342,ok,True,True,extraction,
xrp,1362,2021-08-03,850,1361,512,-6.599976554755158,linear,52,0,52,52,0,52,0.1,0.1015625,0.1015625,2.305499109785141,2.305499109785141e-06,mle,0.4328768098951152,3.6691556192615833,ok,True,True,extraction,
xrp,1363,2021-08-04,851,1362,512,-6.599976554755158,linear,52,0,52,52,0,52,0.1,0.1015625,0.1015625,2.348259910666014,2.3482599106660136e-06,mle,0.4328768098951152,3.6691556192615833,ok,True,True,extraction,
xrp,1364,2021-08-05,852,1363,512,-6.599976554755158,linear,52,0,52,52,0,52,0.1,0.1015625,0.1015625,2.348259910666014,2.3482599106660136e-06,mle,0.4328768098951152,3.6691556192615833,ok,True,True,extraction,
xrp,1365,2021-08-06,853,1364,512,-6.599976554755158,linear,52,0,52,52,0,52,0.1,0.1015625,0.1015625,2.345969367184721,2.345969367184721e-06,mle,0.4328768098951152,3.6691556192615833,ok,True,True,extraction,
xrp,1366,2021-08-07,854,1365,512,-6.49230935159933,linear,52,0,52,52,0,52,0.1,0.1015625,0.1015625,2.3326959094468895,2.3326959094468895e-06,mle,0.3630878889560447,3.6520363917518193,ok,True,True,extraction,
xrp,1367,2021-08-08,855,1366,512,-6.49230935159933,linear,52,0,52,52,0,52,0.1,0.1015625,0.1015625,2.3326959094468895,2.3326959094468895e-06,mle,0.3630878889560447,3.6520363917518193,ok,True,True,extraction,
xrp,1368,2021-08-09,856,1367,512,-6.485910780240485,linear,52,0,52,52,0,52,0.1,0.1015625,0.1015625,2.3326959094468895,2.3326959094468895e-06,mle,0.38279470105571634,3.5533477603197574,ok,True,True,extraction,
xrp,1369,2021-08-10,857,1368,512,-6.485910780240485,linear,52,0,52,52,0,52,0.1,0.1015625,0.1015625,2.3326959094468895,2.3326959094468895e-06,mle,0.38279470105571634,3.5533477603197574,ok,True,True,extraction,
xrp,1370,2021-08-11,858,1369,512,-6.466261328467403,linear,52,0,52,52,0,52,0.1,0.1015625,0.1015625,2.3412997257528803,2.3412997257528802e-06,mle,0.4091514905999407,3.4276470644064982,ok,True,True,extraction,
xrp,1371,2021-08-12,859,1370,512,-6.466261328467403,linear,52,0,52,52,0,52,0.1,0.1015625,0.1015625,2.345353491882095,2.3453534918820946e-06,mle,0.4091514905999407,3.4276470644064982,ok,True,True,extraction,
xrp,1372,2021-08-13,860,1371,512,-6.466261328467403,linear,52,0,52,52,0,52,0.1,0.1015625,0.1015625,2.3540193882128375,2.354019388212837e-06,mle,0.4091514905999407,3.4276470644064982,ok,True,True,extraction,
xrp,1373,2021-08-14,861,1372,512,-6.466261328467403,linear,52,0,52,52,0,52,0.1,0.1015625,0.1015625,2.3540193882128375,2.354019388212837e-06,mle,0.4091514905999407,3.4276470644064982,ok,True,True,extraction,
xrp,1374,2021-08-15,862,1373,512,-6.466261328467403,linear,52,0,52,52,0,52,0.1,0.1015625,0.1015625,2.363148481807901,2.3631484818079007e-06,mle,0.4091514905999407,3.4276470644064982,ok,True,True,extraction,
xrp,1375,2021-08-16,863,1374,512,-6.466261328467403,linear,52,0,52,52,0,52,0.1,0.1015625,0.1015625,2.363148481807901,2.3631484818079007e-06,mle,0.4091514905999407,3.4276470644064982,ok,True,True,extraction,
xrp,1376,2021-08-17,864,1375,512,-6.485910780240485,linear,52,0,52,52,0,52,0.1,0.1015625,0.1015625,2.363148481807901,2.3631484818079007e-06,mle,0.3927395740515195,3.49886133620737,ok,True,True,extraction,
xrp,1377,2021-08-18,865,1376,512,-6.49230935159933,linear,52,0,52,52,0,52,0.1,0.1015625,0.1015625,2.3540193882128375,2.354019388212837e-06,mle,0.3693930598265089,3.615355279940995,ok,True,True,extraction,
xrp,1378,2021-08-19,866,1377,512,-6.49230935159933,linear,52,0,52,52,0,52,0.1,0.1015625,0.1015625,2.3540193882128375,2.354019388212837e-06,mle,0.3693930598265089,3.615355279940995,ok,True,True,extraction,
xrp,1379,2021-08-20,867,1378,512,-6.49230935159933,linear,52,0,52,52,0,52,0.1,0.1015625,0.1015625,2.3741730253027775,2.3741730253027774e-06,mle,0.3693930598265089,3.615355279940995,ok,True,True,extraction,
xrp,1380,2021-08-21,868,1379,512,-6.49230935159933,linear,52,0,52,52,0,52,0.1,0.1015625,0.1015625,2.363148481807901,2.3631484818079007e-06,mle,0.3693930598265089,3.615355279940995,ok,True,True,extraction,
xrp,1381,2021-08-22,869,1380,512,-6.49230935159933,linear,52,0,52,52,0,52,0.1,0.1015625,0.1015625,2.3741730253027775,2.3741730253027774e-06,mle,0.3693930598265089,3.615355279940995,ok,True,True,extraction,
xrp,1382,2021-08-23,870,1381,512,-6.49230935159933,linear,52,0,52,52,0,52,0.1,0.1015625,0.1015625,2.3741730253027775,2.3741730253027774e-06,mle,0.3693930598265089,3.615355279940995,ok,True,True,extraction,
xrp,1383,2021-08-24,871,1382,512,-6.485910780240485,linear,52,0,52,52,0,52,0.1,0.1015625,0.1015625,2.371934716544614,2.3719347165446136e-06,mle,0.3771103227452087,3.5796697218778215,ok,True,True,extraction,
xrp,1384,2021-08-25,872,1383,512,-6.49230935159933,linear,52,0,52,52,0,52,0.1,0.1015625,0.1015625,2.363148481807901,2.3631484818079007e-06,mle,0.3457264292029375,3.751750839328146,ok,True,True,extraction,
xrp,1385,2021-08-26,873,1384,512,-6.49230935159933,linear,52,0,52,52,0,52,0.1,0.1015625,0.1015625,2.3741730253027775,2.3741730253027774e-06,mle,0.3457264292029375,3.751750839328146,ok,True,True,extraction,
xrp,1386,2021-08-27,874,1385,512,-6.599976554755158,linear,52,0,52,52,0,52,0.1,0.1015625,0.1015625,2.41693382618365,2.41693382618365e-06,mle,0.3540759776329599,3.6645300953747864,ok,True,True,extraction,
xrp,1387,2021-08-28,875,1386,512,-6.599976554755158,linear,52,0,52,52,0,52,0.1,0.1015625,0.1015625,2.446309058967194,2.446309058967194e-06,mle,0.3540759776329599,3.6645300953747864,ok,True,True,extraction,
xrp,1388,2021-08-29,876,1387,512,-6.599976554755158,linear,52,0,52,52,0,52,0.1,0.1015625,0.1015625,2.4306901906252785,2.4306901906252785e-06,mle,0.3540759776329599,3.6645300953747864,ok,True,True,extraction,
xrp,1389,2021-08-30,877,1388,512,-6.599976554755158,linear,52,0,52,52,0,52,0.1,0.1015625,0.1015625,2.408799946559908,2.408799946559908e-06,mle,0.3540759776329599,3.6645300953747864,ok,True,True,extraction,
xrp,1390,2021-08-31,878,1389,512,-6.599976554755158,linear,52,0,52,52,0,52,0.1,0.1015625,0.1015625,2.427855541859601,2.427855541859601e-06,mle,0.3540759776329599,3.6645300953747864,ok,True,True,extraction,
xrp,1391,2021-09-01,879,1390,512,-6.599976554755158,linear,52,0,52,52,0,52,0.1,0.1015625,0.1015625,2.427855541859601,2.427855541859601e-06,mle,0.3540759776329599,3.6645300953747864,ok,True,True,extraction,
xrp,1392,2021-09-02,880,1391,512,-6.599976554755158,linear,52,0,52,52,0,52,0.1,0.1015625,0.1015625,2.4626103284990664,2.4626103284990664e-06,mle,0.3540759776329599,3.6645300953747864,ok,True,True,extraction,
xrp,1393,2021-09-03,881,1392,512,-6.599976554755158,linear,52,0,52,52,0,52,0.1,0.1015625,0.1015625,2.44125035382267,2.4412503538226698e-06,mle,0.3540759776329599,3.6645300953747864,ok,True,True,extraction,
xrp,1394,2021-09-04,882,1393,512,-6.599976554755158,linear,52,0,52,52,0,52,0.1,0.1015625,0.1015625,2.4796138696048375,2.4796138696048376e-06,mle,0.3540759776329599,3.6645300953747864,ok,True,True,extraction,
xrp,1395,2021-09-05,883,1394,512,-6.599976554755158,linear,52,0,52,52,0,52,0.1,0.1015625,0.1015625,2.4796138696048375,2.4796138696048376e-06,mle,0.3540759776329599,3.6645300953747864,ok,True,True,extraction,
xrp,1396,2021-09-06,884,1395,512,-6.599976554755158,linear,52,0,52,52,0,52,0.1,0.1015625,0.1015625,2.4957567390293156,2.4957567390293156e-06,mle,0.3540759776329599,3.6645300953747864,ok,True,True,extraction,
xrp,1397,2021-09-07,885,1396,512,-6.599976554755158,linear,52,0,52,52,0,52,0.1,0.1015625,0.1015625,2.5018037162664086,2.5018037162664086e-06,mle,0.3540759776329599,3.6645300953747864,ok,True,True,extraction,
xrp,1398,2021-09-08,886,1397,512,-6.662550001026704,linear,52,0,52,52,0,52,0.1,0.1015625,0.1015625,2.503979702275049,2.503979702275049e-06,mle,0.3420163691062931,3.8863348577214065,ok,True,True,extraction,
xrp,1399,2021-09-09,887,1398,512,-6.662550001026704,linear,52,0,52,52,0,52,0.1,0.1015625,0.1015625,2.503979702275049,2.503979702275049e-06,mle,0.3420163691062931,3.8863348577214065,ok,True,True,extraction,
xrp,1400,2021-09-10,888,1399,512,-6.662550001026704,linear,52,0,52,52,0,52,0.1,0.1015625,0.1015625,2.503979702275049,2.503979702275049e-06,mle,0.3420163691062931,3.8863348577214065,ok,True,True,extraction,
xrp,1401,2021-09-11,889,1400,512,-6.662550001026704,linear,52,0,52,52,0,52,0.1,0.1015625,0.1015625,2.497932725037956,2.497932725037956e-06,mle,0.3420163691062931,3.8863348577214065,ok,True,True,extraction,
xrp,1402,2021-09-12,890,1401,512,-6.662550001026704,linear,52,0,52,52,0,52,0.1,0.1015625,0.1015625,2.503979702275049,2.503979702275049e-06,mle,0.3420163691062931,3.8863348577214065,ok,True,True,extraction,
xrp,1403,2021-09-13,891,1402,512,-6.662550001026704,linear,52,0,52,52,0,52,0.1,0.1015625,0.1015625,2.5106004526342556,2.5106004526342554e-06,mle,0.3420163691062931,3.8863348577214065,ok,True,True,extraction,
xrp,1404,2021-09-14,892,1403,512,-6.662550001026704,linear,52,0,52,52,0,52,0.1,0.1015625,0.1015625,2.5293518858042106,2.5293518858042105e-06,mle,0.3420163691062931,3.8863348577214065,ok,True,True,extraction,
xrp,1405,2021-09-15,893,1404,512,-6.662550001026704,linear,52,0,52,52,0,52,0.1,0.1015625,0.1015625,2.5231800818767276,2.5231800818767277e-06,mle,0.3420163691062931,3.8863348577214065,ok,True,True,extraction,
xrp,1406,2021-09-16,894,1405,512,-6.662550001026704,linear,52,0,52,52,0,52,0.1,0.1015625,0.1015625,2.5231800818767276,2.5231800818767277e-06,mle,0.3420163691062931,3.8863348577214065,ok,True,True,extraction,
xrp,1407,2021-09-17,895,1406,512,-6.662550001026704,linear,52,0,52,52,0,52,0.1,0.1015625,0.1015625,2.55557209399393,2.55557209399393e-06,mle,0.3420163691062931,3.8863348577214065,ok,True,True,extraction,
xrp,1408,2021-09-18,896,1407,512,-6.662550001026704,linear,52,0,52,52,0,52,0.1,0.1015625,0.1015625,2.5774831490429833,2.577483149042983e-06,mle,0.3420163691062931,3.8863348577214065,ok,True,True,extraction,
xrp,1409,2021-09-19,897,1408,512,-6.662550001026704,linear,52,0,52,52,0,52,0.1,0.1015625,0.1015625,2.5774831490429833,2.577483149042983e-06,mle,0.3420163691062931,3.8863348577214065,ok,True,True,extraction,
xrp,1410,2021-09-20,898,1409,512,-6.662550001026704,linear,52,0,52,52,0,52,0.1,0.1015625,0.1015625,2.5915243000030364,2.5915243000030363e-06,mle,0.3420163691062931,3.8863348577214065,ok,True,True,extraction,
xrp,1411,2021-09-21,899,1410,512,-6.685766601016261,linear,52,0,52,52,0,52,0.1,0.1015625,0.1015625,2.603411098292055,2.6034110982920546e-06,mle,0.3050044340000336,4.148320054305254,ok,True,True,extraction,
xrp,1412,2021-09-22,900,1411,512,-6.685766601016261,linear,52,0,52,52,0,52,0.1,0.1015625,0.1015625,2.6189487712021657,2.6189487712021656e-06,mle,0.3050044340000336,4.148320054305254,ok,True,True,extraction,
xrp,1413,2021-09-23,901,1412,512,-6.685766601016261,linear,52,0,52,52,0,52,0.1,0.1015625,0.1015625,2.6189487712021657,2.6189487712021656e-06,mle,0.3050044340000336,4.148320054305254,ok,True,True,extraction,
xrp,1414,2021-09-24,902,1413,512,-6.685766601016261,linear,52,0,52,52,0,52,0.1,0.1015625,0.1015625,2.6063691419596937,2.6063691419596937e-06,mle,0.3050044340000336,4.148320054305254,ok,True,True,extraction,
xrp,1415,2021-09-25,903,1414,512,-6.680135275981883,linear,52,0,52,52,0,52,0.1,0.1015625,0.1015625,2.6063691419596937,2.6063691419596937e-06,mle,0.3034084696747992,4.1605948457367585,ok,True,True,extraction,
xrp,1416,2021-09-26,904,1415,512,-6.680135275981883,linear,52,0,52,52,0,52,0.1,0.1015625,0.1015625,2.5925661912721365,2.5925661912721363e-06,mle,0.3034084696747992,4.1605948457367585,ok,True,True,extraction,
xrp,1417,2021-09-27,905,1416,512,-6.680135275981883,linear,52,0,52,52,0,52,0.1,0.1015625,0.1015625,2.5925661912721365,2.5925661912721363e-06,mle,0.3034084696747992,4.1605948457367585,ok,True,True,extraction,
xrp,1418,2021-09-28,906,1417,512,-6.680135275981883,linear,52,0,52,52,0,52,0.1,0.1015625,0.1015625,2.5925661912721365,2.5925661912721363e-06,mle,0.3034084696747992,4.1605948457367585,ok,True,True,extraction,
xrp,1419,2021-09-29,907,1418,512,-6.680135275981883,linear,52,0,52,52,0,52,0.1,0.1015625,0.1015625,2.6063691419596937,2.6063691419596937e-06,mle,0.3034084696747992,4.1605948457367585,ok,True,True,extraction,
xrp,1420,2021-09-30,908,1419,512,-6.680135275981883,linear,52,0,52,52,0,52,0.1,0.1015625,0.1015625,2.6145975562648935,2.6145975562648934e-06,mle,0.3034084696747992,4.1605948457367585,ok,True,True,extraction,
xrp,1421,2021-10-01,909,1420,512,-6.680135275981883,linear,52,0,52,52,0,52,0.1,0.1015625,0.1015625,2.6189487712021657,2.6189487712021656e-06,mle,0.3034084696747992,4.1605948457367585,ok,True,True,extraction,
xrp,1422,2021-10-02,910,1421,512,-6.680135275981883,linear,52,0,52,52,0,52,0.1,0.1015625,0.1015625,2.6224737286435964,2.6224737286435963e-06,mle,0.3034084696747992,4.1605948457367585,ok,True,True,extraction,
xrp,1423,2021-10-03,911,1422,512,-6.680135275981883,linear,52,0,52,52,0,52,0.1,0.1015625,0.1015625,2.6224737286435964,2.6224737286435963e-06,mle,0.3034084696747992,4.1605948457367585,ok,True,True,extraction,
xrp,1424,2021-10-04,912,1423,512,-6.680135275981883,linear,52,0,52,52,0,52,0.1,0.1015625,0.1015625,2.6224737286435964,2.6224737286435963e-06,mle,0.3034084696747992,4.1605948457367585,ok,True,True,extraction,
xrp,1425,2021-10-05,913,1424,512,-6.599976554755158,linear,52,0,52,52,0,52,0.1,0.1015625,0.1015625,2.6189487712021657,2.6189487712021656e-06,mle,0.3063580209714287,4.172498681961104,ok,True,True,extraction,
xrp,1426,2021-10-06,914,1425,512,-6.599976554755158,linear,52,0,52,52,0,52,0.1,0.1015625,0.1015625,2.6254317723112353,2.625431772311235e-06,mle,0.3063580209714287,4.172498681961104,ok,True,True,extraction,
xrp,1427,2021-10-07,915,1426,512,-6.599976554755158,linear,52,0,52,52,0,52,0.1,0.1015625,0.1015625,2.6224737286435964,2.6224737286435963e-06,mle,0.3063580209714287,4.172498681961104,ok,True,True,extraction,
xrp,1428,2021-10-08,916,1427,512,-6.599976554755158,linear,52,0,52,52,0,52,0.1,0.1015625,0.1015625,2.6224737286435964,2.6224737286435963e-06,mle,0.3063580209714287,4.172498681961104,ok,True,True,extraction,
xrp,1429,2021-10-09,917,1428,512,-6.599976554755158,linear,52,0,52,52,0,52,0.1,0.1015625,0.1015625,2.6224737286435964,2.6224737286435963e-06,mle,0.3063580209714287,4.172498681961104,ok,True,True,extraction,
xrp,1430,2021-10-10,918,1429,512,-6.599976554755158,linear,52,0,52,52,0,52,0.1,0.1015625,0.1015625,2.6404655225281166,2.6404655225281166e-06,mle,0.3063580209714287,4.172498681961104,ok,True,True,extraction,
xrp,1431,2021-10-11,919,1430,512,-6.599976554755158,linear,52,0,52,52,0,52,0.1,0.1015625,0.1015625,2.6440337563006278,2.6440337563006277e-06,mle,0.3063580209714287,4.172498681961104,ok,True,True,extraction,
xrp,1432,2021-10-12,920,1431,512,-6.599976554755158,linear,52,0,52,52,0,52,0.1,0.1015625,0.1015625,2.644618895667989,2.644618895667989e-06,mle,0.3063580209714287,4.172498681961104,ok,True,True,extraction,
xrp,1433,2021-10-13,921,1432,512,-6.599976554755158,linear,52,0,52,52,0,52,0.1,0.1015625,0.1015625,2.6813134075508795,2.6813134075508794e-06,mle,0.3063580209714287,4.172498681961104,ok,True,True,extraction,
xrp,1434,2021-10-14,922,1433,512,-6.599976554755158,linear,52,0,52,52,0,52,0.1,0.1015625,0.1015625,2.670416001984079,2.670416001984079e-06,mle,0.3063580209714287,4.172498681961104,ok,True,True,extraction,
xrp,1435,2021-10-15,923,1434,512,-6.599976554755158,linear,52,0,52,52,0,52,0.1,0.1015625,0.1015625,2.6698308626167178,2.6698308626167177e-06,mle,0.3063580209714287,4.172498681961104,ok,True,True,extraction,
xrp,1436,2021-10-16,924,1435,512,-6.599976554755158,linear,52,0,52,52,0,52,0.1,0.1015625,0.1015625,2.6404655225281166,2.6404655225281166e-06,mle,0.3063580209714287,4.172498681961104,ok,True,True,extraction,
xrp,1437,2021-10-17,925,1436,512,-6.599976554755158,linear,52,0,52,52,0,52,0.1,0.1015625,0.1015625,2.6440337563006278,2.6440337563006277e-06,mle,0.3063580209714287,4.172498681961104,ok,True,True,extraction,
xrp,1438,2021-10-18,926,1437,512,-6.599976554755158,linear,52,0,52,52,0,52,0.1,0.1015625,0.1015625,2.6698308626167178,2.6698308626167177e-06,mle,0.3063580209714287,4.172498681961104,ok,True,True,extraction,
xrp,1439,2021-10-19,927,1438,512,-6.599976554755158,linear,52,0,52,52,0,52,0.1,0.1015625,0.1015625,2.6698308626167178,2.6698308626167177e-06,mle,0.3063580209714287,4.172498681961104,ok,True,True,extraction,
xrp,1440,2021-10-20,928,1439,512,-6.599976554755158,linear,52,0,52,52,0,52,0.1,0.1015625,0.1015625,2.6698308626167178,2.6698308626167177e-06,mle,0.3063580209714287,4.172498681961104,ok,True,True,extraction,
xrp,1441,2021-10-21,929,1440,512,-6.599976554755158,linear,52,0,52,52,0,52,0.1,0.1015625,0.1015625,2.6990694672268023,2.699069467226802e-06,mle,0.3063580209714287,4.172498681961104,ok,True,True,extraction,
xrp,1442,2021-10-22,930,1441,512,-6.599976554755158,linear,52,0,52,52,0,52,0.1,0.1015625,0.1015625,2.737606160308962,2.7376061603089618e-06,mle,0.3063580209714287,4.172498681961104,ok,True,True,extraction,
xrp,1443,2021-10-23,931,1442,512,-6.599976554755158,linear,52,0,52,52,0,52,0.1,0.1015625,0.1015625,2.737606160308962,2.7376061603089618e-06,mle,0.3063580209714287,4.172498681961104,ok,True,True,extraction,
xrp,1444,2021-10-24,932,1443,512,-6.599976554755158,linear,52,0,52,52,0,52,0.1,0.1015625,0.1015625,2.737606160308962,2.7376061603089618e-06,mle,0.3063580209714287,4.172498681961104,ok,True,True,extraction,
xrp,1445,2021-10-25,933,1444,512,-6.599976554755158,linear,52,0,52,52,0,52,0.1,0.1015625,0.1015625,2.6990694672268023,2.699069467226802e-06,mle,0.3063580209714287,4.172498681961104,ok,True,True,extraction,
xrp,1446,2021-10-26,934,1445,512,-6.599976554755158,linear,52,0,52,52,0,52,0.1,0.1015625,0.1015625,2.6990694672268023,2.699069467226802e-06,mle,0.3063580209714287,4.172498681961104,ok,True,True,extraction,
xrp,1447,2021-10-27,935,1446,512,-6.599976554755158,linear,52,0,52,52,0,52,0.1,0.1015625,0.1015625,2.6698308626167178,2.6698308626167177e-06,mle,0.3063580209714287,4.172498681961104,ok,True,True,extraction,
xrp,1448,2021-10-28,936,1447,512,-6.680135275981883,linear,52,0,52,52,0,52,0.1,0.1015625,0.1015625,2.6698308626167178,2.6698308626167177e-06,mle,0.2936159839035649,4.236101199015594,ok,True,True,extraction,
xrp,1449,2021-10-29,937,1448,512,-6.680135275981883,linear,52,0,52,52,0,52,0.1,0.1015625,0.1015625,2.6990694672268023,2.699069467226802e-06,mle,0.2936159839035649,4.236101199015594,ok,True,True,extraction,
xrp,1450,2021-10-30,938,1449,512,-6.680135275981883,linear,52,0,52,52,0,52,0.1,0.1015625,0.1015625,2.6990694672268023,2.699069467226802e-06,mle,0.2936159839035649,4.236101199015594,ok,True,True,extraction,
xrp,1451,2021-10-31,939,1450,512,-6.680135275981883,linear,52,0,52,52,0,52,0.1,0.1015625,0.1015625,2.6990694672268023,2.699069467226802e-06,mle,0.2936159839035649,4.236101199015594,ok,True,True,extraction,
xrp,1452,2021-11-01,940,1451,512,-6.680135275981883,linear,52,0,52,52,0,52,0.1,0.1015625,0.1015625,2.6990694672268023,2.699069467226802e-06,mle,0.2936159839035649,4.236101199015594,ok,True,True,extraction,
xrp,1453,2021-11-02,941,1452,512,-6.680135275981883,linear,52,0,52,52,0,52,0.1,0.1015625,0.1015625,2.6990694672268023,2.699069467226802e-06,mle,0.2936159839035649,4.236101199015594,ok,True,True,extraction,
xrp,1454,2021-11-03,942,1453,512,-6.680135275981883,linear,52,0,52,52,0,52,0.1,0.1015625,0.1015625,2.737606160308962,2.7376061603089618e-06,mle,0.2936159839035649,4.236101199015594,ok,True,True,extraction,
xrp,1455,2021-11-04,943,1454,512,-6.680135275981883,linear,52,0,52,52,0,52,0.1,0.1015625,0.1015625,2.75841261716448,2.75841261716448e-06,mle,0.2936159839035649,4.236101199015594,ok,True,True,extraction,
xrp,1456,2021-11-05,944,1455,512,-6.680135275981883,linear,52,0,52,52,0,52,0.1,0.1015625,0.1015625,2.7654647831865455,2.7654647831865453e-06,mle,0.2936159839035649,4.236101199015594,ok,True,True,extraction,
xrp,1457,2021-11-06,945,1456,512,-6.680135275981883,linear,52,0,52,52,0,52,0.1,0.1015625,0.1015625,2.7654647831865455,2.7654647831865453e-06,mle,0.2936159839035649,4.236101199015594,ok,True,True,extraction,
xrp,1458,2021-11-07,946,1457,512,-6.680135275981883,linear,52,0,52,52,0,52,0.1,0.1015625,0.1015625,2.7742807625058807,2.7742807625058804e-06,mle,0.2936159839035649,4.236101199015594,ok,True,True,extraction,
xrp,1459,2021-11-08,947,1458,512,-6.680135275981883,linear,52,0,52,52,0,52,0.1,0.1015625,0.1015625,2.788326630590114,2.7883266305901138e-06,mle,0.2936159839035649,4.236101199015594,ok,True,True,extraction,
xrp,1460,2021-11-09,948,1459,512,-6.680135275981883,linear,52,0,52,52,0,52,0.1,0.1015625,0.1015625,2.77393421895389,2.7739342189538896e-06,mle,0.2936159839035649,4.236101199015594,ok,True,True,extraction,
xrp,1461,2021-11-10,949,1460,512,-6.680135275981883,linear,52,0,52,52,0,52,0.1,0.1015625,0.1015625,2.7942195454130236,2.7942195454130234e-06,mle,0.2936159839035649,4.236101199015594,ok,True,True,extraction,
xrp,1462,2021-11-11,950,1461,512,-6.680135275981883,linear,52,0,52,52,0,52,0.1,0.1015625,0.1015625,2.804910116653561,2.8049101166535608e-06,mle,0.2936159839035649,4.236101199015594,ok,True,True,extraction,
xrp,1463,2021-11-12,951,1462,512,-6.680135275981883,linear,52,0,52,52,0,52,0.1,0.1015625,0.1015625,2.804910116653561,2.8049101166535608e-06,mle,0.2936159839035649,4.236101199015594,ok,True,True,extraction,
xrp,1464,2021-11-13,952,1463,512,-6.680135275981883,linear,52,0,52,52,0,52,0.1,0.1015625,0.1015625,2.804910116653561,2.8049101166535608e-06,mle,0.2936159839035649,4.236101199015594,ok,True,True,extraction,
xrp,1465,2021-11-14,953,1464,512,-6.680135275981883,linear,52,0,52,52,0,52,0.1,0.1015625,0.1015625,2.790774900751852,2.790774900751852e-06,mle,0.2936159839035649,4.236101199015594,ok,True,True,extraction,
xrp,1466,2021-11-15,954,1465,512,-6.680135275981883,linear,52,0,52,52,0,52,0.1,0.1015625,0.1015625,2.804910116653561,2.8049101166535608e-06,mle,0.2936159839035649,4.236101199015594,ok,True,True,extraction,
xrp,1467,2021-11-16,955,1466,512,-6.680135275981883,linear,52,0,52,52,0,52,0.1,0.1015625,0.1015625,2.804910116653561,2.8049101166535608e-06,mle,0.2936159839035649,4.236101199015594,ok,True,True,extraction,
xrp,1468,2021-11-17,956,1467,512,-6.722359772487901,linear,52,0,52,52,0,52,0.1,0.1015625,0.1015625,2.8116024169598255,2.8116024169598253e-06,mle,0.29961771832155243,4.179064498552398,ok,True,True,extraction,
xrp,1469,2021-11-18,957,1468,512,-6.722359772487901,linear,52,0,52,52,0,52,0.1,0.1015625,0.1015625,2.8179132741766644,2.817913274176664e-06,mle,0.29961771832155243,4.179064498552398,ok,True,True,extraction,
xrp,1470,2021-11-19,958,1469,512,-6.722359772487901,linear,52,0,52,52,0,52,0.1,0.1015625,0.1015625,2.824605574482929,2.8246055744829288e-06,mle,0.29961771832155243,4.179064498552398,ok,True,True,extraction,
xrp,1471,2021-11-20,959,1470,512,-6.722359772487901,linear,52,0,52,52,0,52,0.1,0.1015625,0.1015625,2.845155518611433,2.845155518611433e-06,mle,0.29961771832155243,4.179064498552398,ok,True,True,extraction,
xrp,1472,2021-11-21,960,1471,512,-6.722359772487901,linear,52,0,52,52,0,52,0.1,0.1015625,0.1015625,2.8432817786512303,2.8432817786512304e-06,mle,0.29961771832155243,4.179064498552398,ok,True,True,extraction,
xrp,1473,2021-11-22,961,1472,512,-6.722359772487901,linear,52,0,52,52,0,52,0.1,0.1015625,0.1015625,2.8432817786512303,2.8432817786512304e-06,mle,0.29961771832155243,4.179064498552398,ok,True,True,extraction,
xrp,1474,2021-11-23,962,1473,512,-6.722359772487901,linear,52,0,52,52,0,52,0.1,0.1015625,0.1015625,2.845155518611433,2.845155518611433e-06,mle,0.29961771832155243,4.179064498552398,ok,True,True,extraction,
xrp,1475,2021-11-24,963,1474,512,-6.722359772487901,linear,52,0,52,52,0,52,0.1,0.1015625,0.1015625,2.8432817786512303,2.8432817786512304e-06,mle,0.29961771832155243,4.179064498552398,ok,True,True,extraction,
xrp,1476,2021-11-25,964,1475,512,-6.722359772487901,linear,52,0,52,52,0,52,0.1,0.1015625,0.1015625,2.8432817786512303,2.8432817786512304e-06,mle,0.29961771832155243,4.179064498552398,ok,True,True,extraction,
xrp,1477,2021-11-26,965,1476,512,-6.722359772487901,linear,52,0,52,52,0,52,0.1,0.1015625,0.1015625,2.845155518611433,2.845155518611433e-06,mle,0.29961771832155243,4.179064498552398,ok,True,True,extraction,
xrp,1478,2021-11-27,966,1477,512,-6.727360877865376,linear,52,0,52,52,0,52,0.1,0.1015625,0.1015625,2.852801000086072,2.852801000086072e-06,mle,0.27371602490501534,4.351972518182076,ok,True,True,extraction,
xrp,1479,2021-11-28,967,1478,512,-6.727360877865376,linear,52,0,52,52,0,52,0.1,0.1015625,0.1015625,2.8516060374335694,2.851606037433569e-06,mle,0.27371602490501534,4.351972518182076,ok,True,True,extraction,
xrp,1480,2021-11-29,968,1479,512,-6.727360877865376,linear,52,0,52,52,0,52,0.1,0.1015625,0.1015625,2.8516060374335694,2.851606037433569e-06,mle,0.27371602490501534,4.351972518182076,ok,True,True,extraction,
xrp,1481,2021-11-30,969,1480,512,-6.727360877865376,linear,52,0,52,52,0,52,0.1,0.1015625,0.1015625,2.840029423481572,2.8400294234815717e-06,mle,0.27371602490501534,4.351972518182076,ok,True,True,extraction,
xrp,1482,2021-12-01,970,1481,512,-6.727360877865376,linear,52,0,52,52,0,52,0.1,0.1015625,0.1015625,2.831705164699233,2.8317051646992325e-06,mle,0.27371602490501534,4.351972518182076,ok,True,True,extraction,
xrp,1483,2021-12-02,971,1482,512,-6.727360877865376,linear,52,0,52,52,0,52,0.1,0.1015625,0.1015625,2.831705164699233,2.8317051646992325e-06,mle,0.27371602490501534,4.351972518182076,ok,True,True,extraction,
xrp,1484,2021-12-03,972,1483,512,-6.727360877865376,linear,52,0,52,52,0,52,0.1,0.1015625,0.1015625,2.8285262295287326,2.8285262295287322e-06,mle,0.27371602490501534,4.351972518182076,ok,True,True,extraction,
xrp,1485,2021-12-04,973,1484,512,-6.727360877865376,linear,52,0,52,52,0,52,0.1,0.1015625,0.1015625,2.8432817786512303,2.8432817786512304e-06,mle,0.27371602490501534,4.351972518182076,ok,True,True,extraction,
xrp,1486,2021-12-05,974,1485,512,-6.865621663716276,linear,52,0,52,52,0,52,0.1,0.1015625,0.1015625,2.8516060374335694,2.851606037433569e-06,mle,0.29005267892123565,4.185673202556071,ok,True,True,extraction,
xrp,1487,2021-12-06,975,1486,512,-6.865621663716276,linear,52,0,52,52,0,52,0.1,0.1015625,0.1015625,2.8672789771291005,2.8672789771291005e-06,mle,0.29005267892123565,4.185673202556071,ok,True,True,extraction,
xrp,1488,2021-12-07,976,1487,512,-6.865621663716276,linear,52,0,52,52,0,52,0.1,0.1015625,0.1015625,2.853511263072212,2.853511263072212e-06,mle,0.29005267892123565,4.185673202556071,ok,True,True,extraction,
xrp,1489,2021-12-08,977,1488,512,-6.865621663716276,linear,52,0,52,52,0,52,0.1,0.1015625,0.1015625,2.853511263072212,2.853511263072212e-06,mle,0.29005267892123565,4.185673202556071,ok,True,True,extraction,
xrp,1490,2021-12-09,978,1489,512,-6.865621663716276,linear,52,0,52,52,0,52,0.1,0.1015625,0.1015625,2.8551239930663086,2.8551239930663084e-06,mle,0.29005267892123565,4.185673202556071,ok,True,True,extraction,
xrp,1491,2021-12-10,979,1490,512,-6.865621663716276,linear,52,0,52,52,0,52,0.1,0.1015625,0.1015625,2.8551239930663086,2.8551239930663084e-06,mle,0.29005267892123565,4.185673202556071,ok,True,True,extraction,
xrp,1492,2021-12-11,980,1491,512,-7.090750814077948,linear,52,0,52,52,0,52,0.1,0.1015625,0.1015625,2.8743146028145055,2.874314602814505e-06,mle,0.3520379366385432,3.724930098295511,ok,True,True,extraction,
xrp,1493,2021-12-12,981,1492,512,-7.090750814077948,linear,52,0,52,52,0,52,0.1,0.1015625,0.1015625,2.893343500387575,2.893343500387575e-06,mle,0.3520379366385432,3.724930098295511,ok,True,True,extraction,
xrp,1494,2021-12-13,982,1493,512,-7.090750814077948,linear,52,0,52,52,0,52,0.1,0.1015625,0.1015625,2.893343500387575,2.893343500387575e-06,mle,0.3520379366385432,3.724930098295511,ok,True,True,extraction,
xrp,1495,2021-12-14,983,1494,512,-7.189559021964577,linear,52,0,52,52,0,52,0.1,0.1015625,0.1015625,2.912799158639932,2.9127991586399317e-06,mle,0.3878071745254786,3.4992247136067682,ok,True,True,extraction,
xrp,1496,2021-12-15,984,1495,512,-7.189559021964577,linear,52,0,52,52,0,52,0.1,0.1015625,0.1015625,2.9156201743370405,2.91562017433704e-06,mle,0.3878071745254786,3.4992247136067682,ok,True,True,extraction,
xrp,1497,2021-12-16,985,1496,512,-7.189559021964577,linear,52,0,52,52,0,52,0.1,0.1015625,0.1015625,2.9427858310242616,2.9427858310242615e-06,mle,0.3878071745254786,3.4992247136067682,ok,True,True,extraction,
xrp,1498,2021-12-17,986,1497,512,-7.189559021964577,linear,52,0,52,52,0,52,0.1,0.1015625,0.1015625,2.938520696291108,2.938520696291108e-06,mle,0.3878071745254786,3.4992247136067682,ok,True,True,extraction,
xrp,1499,2021-12-18,987,1498,512,-7.189559021964577,linear,52,0,52,52,0,52,0.1,0.1015625,0.1015625,2.9300674875062156,2.9300674875062153e-06,mle,0.3878071745254786,3.4992247136067682,ok,True,True,extraction,
xrp,1500,2021-12-19,988,1499,512,-7.189559021964577,linear,52,0,52,52,0,52,0.1,0.1015625,0.1015625,2.952055390399054,2.952055390399054e-06,mle,0.3878071745254786,3.4992247136067682,ok,True,True,extraction,
xrp,1501,2021-12-20,989,1500,512,-7.189559021964577,linear,52,0,52,52,0,52,0.1,0.1015625,0.1015625,2.938520696291108,2.938520696291108e-06,mle,0.3878071745254786,3.4992247136067682,ok,True,True,extraction,
xrp,1502,2021-12-21,990,1501,512,-7.189559021964577,linear,52,0,52,52,0,52,0.1,0.1015625,0.1015625,2.952055390399054,2.952055390399054e-06,mle,0.3878071745254786,3.4992247136067682,ok,True,True,extraction,
xrp,1503,2021-12-22,991,1502,512,-7.189559021964577,linear,52,0,52,52,0,52,0.1,0.1015625,0.1015625,2.952055390399054,2.952055390399054e-06,mle,0.3878071745254786,3.4992247136067682,ok,True,True,extraction,
xrp,1504,2021-12-23,992,1503,512,-7.189559021964577,linear,52,0,52,52,0,52,0.1,0.1015625,0.1015625,2.952055390399054,2.952055390399054e-06,mle,0.3878071745254786,3.4992247136067682,ok,True,True,extraction,
xrp,1505,2021-12-24,993,1504,512,-7.189559021964577,linear,52,0,52,52,0,52,0.1,0.1015625,0.1015625,2.952055390399054,2.952055390399054e-06,mle,0.3878071745254786,3.4992247136067682,ok,True,True,extraction,
xrp,1506,2021-12-25,994,1505,512,-7.238344653033923,linear,52,0,52,52,0,52,0.1,0.1015625,0.1015625,2.9563205251322078,2.9563205251322076e-06,mle,0.384662845134064,3.49469382862563,ok,True,True,extraction,
xrp,1507,2021-12-26,995,1506,512,-7.238344653033923,linear,52,0,52,52,0,52,0.1,0.1015625,0.1015625,2.943602181614162,2.9436021816141622e-06,mle,0.384662845134064,3.49469382862563,ok,True,True,extraction,
xrp,1508,2021-12-27,996,1507,512,-7.238344653033923,linear,52,0,52,52,0,52,0.1,0.1015625,0.1015625,2.922948426520664,2.922948426520664e-06,mle,0.384662845134064,3.49469382862563,ok,True,True,extraction,
xrp,1509,2021-12-28,997,1508,512,-7.238344653033923,linear,52,0,52,52,0,52,0.1,0.1015625,0.1015625,2.9300674875062156,2.9300674875062153e-06,mle,0.384662845134064,3.49469382862563,ok,True,True,extraction,
xrp,1510,2021-12-29,998,1509,512,-7.288708023773723,linear,52,0,52,52,0,52,0.1,0.1015625,0.1015625,2.922948426520664,2.922948426520664e-06,mle,0.38693513196774815,3.4616008088076278,ok,True,True,extraction,
xrp,1511,2021-12-30,999,1510,512,-7.288708023773723,linear,52,0,52,52,0,52,0.1,0.1015625,0.1015625,2.922948426520664,2.922948426520664e-06,mle,0.38693513196774815,3.4616008088076278,ok,True,True,extraction,
xrp,1512,2021-12-31,1000,1511,512,-7.288708023773723,linear,52,0,52,52,0,52,0.1,0.1015625,0.1015625,2.922948426520664,2.922948426520664e-06,mle,0.38693513196774815,3.4616008088076278,ok,True,True,extraction,
xrp,1513,2022-01-01,1001,1512,512,-7.288708023773723,linear,52,0,52,52,0,52,0.1,0.1015625,0.1015625,2.922948426520664,2.922948426520664e-06,mle,0.38693513196774815,3.4616008088076278,ok,True,True,extraction,
xrp,1514,2022-01-02,1002,1513,512,-7.288708023773723,linear,52,0,52,52,0,52,0.1,0.1015625,0.1015625,2.912799158639932,2.9127991586399317e-06,mle,0.38693513196774815,3.4616008088076278,ok,True,True,extraction,
xrp,1515,2022-01-03,1003,1514,512,-7.288708023773723,linear,52,0,52,52,0,52,0.1,0.1015625,0.1015625,2.912799158639932,2.9127991586399317e-06,mle,0.38693513196774815,3.4616008088076278,ok,True,True,extraction,
xrp,1516,2022-01-04,1004,1515,512,-7.288708023773723,linear,52,0,52,52,0,52,0.1,0.1015625,0.1015625,2.938520696291108,2.938520696291108e-06,mle,0.38693513196774815,3.4616008088076278,ok,True,True,extraction,
xrp,1517,2022-01-05,1005,1516,512,-7.288708023773723,linear,52,0,52,52,0,52,0.1,0.1015625,0.1015625,2.9300674875062156,2.9300674875062153e-06,mle,0.38693513196774815,3.4616008088076278,ok,True,True,extraction,
xrp,1518,2022-01-06,1006,1517,512,-7.288708023773723,linear,52,0,52,52,0,52,0.1,0.1015625,0.1015625,2.9300674875062156,2.9300674875062153e-06,mle,0.38693513196774815,3.4616008088076278,ok,True,True,extraction,
xrp,1519,2022-01-07,1007,1518,512,-7.288708023773723,linear,52,0,52,52,0,52,0.1,0.1015625,0.1015625,2.938520696291108,2.938520696291108e-06,mle,0.38693513196774815,3.4616008088076278,ok,True,True,extraction,
xrp,1520,2022-01-08,1008,1519,512,-7.288708023773723,linear,52,0,52,52,0,52,0.1,0.1015625,0.1015625,2.912799158639932,2.9127991586399317e-06,mle,0.38693513196774815,3.4616008088076278,ok,True,True,extraction,
xrp,1521,2022-01-09,1009,1520,512,-7.288708023773723,linear,52,0,52,52,0,52,0.1,0.1015625,0.1015625,2.912799158639932,2.9127991586399317e-06,mle,0.38693513196774815,3.4616008088076278,ok,True,True,extraction,
xrp,1522,2022-01-10,1010,1521,512,-7.288708023773723,linear,52,0,52,52,0,52,0.1,0.1015625,0.1015625,2.912799158639932,2.9127991586399317e-06,mle,0.38693513196774815,3.4616008088076278,ok,True,True,extraction,
xrp,1523,2022-01-11,1011,1522,512,-7.288708023773723,linear,52,0,52,52,0,52,0.1,0.1015625,0.1015625,2.912799158639932,2.9127991586399317e-06,mle,0.38693513196774815,3.4616008088076278,ok,True,True,extraction,
xrp,1524,2022-01-12,1012,1523,512,-7.288708023773723,linear,52,0,52,52,0,52,0.1,0.1015625,0.1015625,2.912799158639932,2.9127991586399317e-06,mle,0.38693513196774815,3.4616008088076278,ok,True,True,extraction,
xrp,1525,2022-01-13,1013,1524,512,-7.288708023773723,linear,52,0,52,52,0,52,0.1,0.1015625,0.1015625,2.912799158639932,2.9127991586399317e-06,mle,0.38693513196774815,3.4616008088076278,ok,True,True,extraction,
xrp,1526,2022-01-14,1014,1525,512,-7.288708023773723,linear,52,0,52,52,0,52,0.1,0.1015625,0.1015625,2.912799158639932,2.9127991586399317e-06,mle,0.38693513196774815,3.4616008088076278,ok,True,True,extraction,
xrp,1527,2022-01-15,1015,1526,512,-7.288708023773723,linear,52,0,52,52,0,52,0.1,0.1015625,0.1015625,2.912799158639932,2.9127991586399317e-06,mle,0.38693513196774815,3.4616008088076278,ok,True,True,extraction,
xrp,1528,2022-01-16,1016,1527,512,-7.288708023773723,linear,52,0,52,52,0,52,0.1,0.1015625,0.1015625,2.893343500387575,2.893343500387575e-06,mle,0.38693513196774815,3.4616008088076278,ok,True,True,extraction,
xrp,1529,2022-01-17,1017,1528,512,-7.288708023773723,linear,52,0,52,52,0,52,0.1,0.1015625,0.1015625,2.893343500387575,2.893343500387575e-06,mle,0.38693513196774815,3.4616008088076278,ok,True,True,extraction,
xrp,1530,2022-01-18,1018,1529,512,-7.288708023773723,linear,52,0,52,52,0,52,0.1,0.1015625,0.1015625,2.893343500387575,2.893343500387575e-06,mle,0.38693513196774815,3.4616008088076278,ok,True,True,extraction,
xrp,1531,2022-01-19,1019,1530,512,-7.288708023773723,linear,52,0,52,52,0,52,0.1,0.1015625,0.1015625,2.8888859474211293,2.888885947421129e-06,mle,0.38693513196774815,3.4616008088076278,ok,True,True,extraction,
xrp,1532,2022-01-20,1020,1531,512,-7.288708023773723,linear,52,0,52,52,0,52,0.1,0.1015625,0.1015625,2.862737988862508,2.8627379888625077e-06,mle,0.38693513196774815,3.4616008088076278,ok,True,True,extraction,
xrp,1533,2022-01-21,1021,1532,512,-7.288708023773723,linear,52,0,52,52,0,52,0.1,0.1015625,0.1015625,2.8888859474211293,2.888885947421129e-06,mle,0.38693513196774815,3.4616008088076278,ok,True,True,extraction,
xrp,1534,2022-01-22,1022,1533,512,-7.366397170919955,linear,52,0,52,52,0,52,0.1,0.1015625,0.1015625,2.8888859474211293,2.888885947421129e-06,mle,0.3698385948725031,3.551362157919087,ok,True,True,extraction,
xrp,1535,2022-01-23,1023,1534,512,-7.366397170919955,linear,52,0,52,52,0,52,0.1,0.1015625,0.1015625,2.891421219505662,2.8914212195056617e-06,mle,0.3698385948725031,3.551362157919087,ok,True,True,extraction,
xrp,1536,2022-01-24,1024,1535,512,-7.366397170919955,linear,52,0,52,52,0,52,0.1,0.1015625,0.1015625,2.904644710189289,2.904644710189289e-06,mle,0.3698385948725031,3.551362157919087,ok,True,True,extraction,
xrp,1537,2022-01-25,1025,1536,512,-7.366397170919955,linear,52,0,52,52,0,52,0.1,0.1015625,0.1015625,2.9074318386495586,2.9074318386495586e-06,mle,0.3698385948725031,3.551362157919087,ok,True,True,extraction,
xrp,1538,2022-01-26,1026,1537,512,-7.366397170919955,linear,52,0,52,52,0,52,0.1,0.1015625,0.1015625,2.904644710189289,2.904644710189289e-06,mle,0.3698385948725031,3.551362157919087,ok,True,True,extraction,
xrp,1539,2022-01-27,1027,1538,512,-7.366397170919955,linear,52,0,52,52,0,52,0.1,0.1015625,0.1015625,2.891421219505662,2.8914212195056617e-06,mle,0.3698385948725031,3.551362157919087,ok,True,True,extraction,
xrp,1540,2022-01-28,1028,1539,512,-7.366397170919955,linear,52,0,52,52,0,52,0.1,0.1015625,0.1015625,2.88127195162493,2.8812719516249297e-06,mle,0.3698385948725031,3.551362157919087,ok,True,True,extraction,
xrp,1541,2022-01-29,1029,1540,512,-7.288708023773723,linear,52,0,52,52,0,52,0.1,0.1015625,0.1015625,2.8788332276378616,2.8788332276378613e-06,mle,0.38400726320798295,3.488072017655379,ok,True,True,extraction,
xrp,1542,2022-01-30,1030,1541,512,-7.288708023773723,linear,52,0,52,52,0,52,0.1,0.1015625,0.1015625,2.862737988862508,2.8627379888625077e-06,mle,0.38400726320798295,3.488072017655379,ok,True,True,extraction,
xrp,1543,2022-01-31,1031,1542,512,-7.238344653033923,linear,52,0,52,52,0,52,0.1,0.1015625,0.1015625,2.8551239930663086,2.8551239930663084e-06,mle,0.3673418659793202,3.59397439173014,ok,True,True,extraction,
xrp,1544,2022-02-01,1032,1543,512,-7.238344653033923,linear,52,0,52,52,0,52,0.1,0.1015625,0.1015625,2.8551239930663086,2.8551239930663084e-06,mle,0.3673418659793202,3.59397439173014,ok,True,True,extraction,
xrp,1545,2022-02-02,1033,1544,512,-7.238344653033923,linear,52,0,52,52,0,52,0.1,0.1015625,0.1015625,2.8551239930663086,2.8551239930663084e-06,mle,0.3673418659793202,3.59397439173014,ok,True,True,extraction,
xrp,1546,2022-02-03,1034,1545,512,-7.238344653033923,linear,52,0,52,52,0,52,0.1,0.1015625,0.1015625,2.862737988862508,2.8627379888625077e-06,mle,0.3673418659793202,3.59397439173014,ok,True,True,extraction,
xrp,1547,2022-02-04,1035,1546,512,-7.238344653033923,linear,52,0,52,52,0,52,0.1,0.1015625,0.1015625,2.862737988862508,2.8627379888625077e-06,mle,0.3673418659793202,3.59397439173014,ok,True,True,extraction,
xrp,1548,2022-02-05,1036,1547,512,-7.238344653033923,linear,52,0,52,52,0,52,0.1,0.1015625,0.1015625,2.8788332276378616,2.8788332276378613e-06,mle,0.3673418659793202,3.59397439173014,ok,True,True,extraction,
xrp,1549,2022-02-06,1037,1548,512,-7.238344653033923,linear,52,0,52,52,0,52,0.1,0.1015625,0.1015625,2.890409841589859,2.890409841589859e-06,mle,0.3673418659793202,3.59397439173014,ok,True,True,extraction,
xrp,1550,2022-02-07,1038,1549,512,-7.238344653033923,linear,52,0,52,52,0,52,0.1,0.1015625,0.1015625,2.890409841589859,2.890409841589859e-06,mle,0.3673418659793202,3.59397439173014,ok,True,True,extraction,
xrp,1551,2022-02-08,1039,1550,512,-7.238344653033923,linear,52,0,52,52,0,52,0.1,0.1015625,0.1015625,2.9027464388566644,2.9027464388566644e-06,mle,0.3673418659793202,3.59397439173014,ok,True,True,extraction,
xrp,1552,2022-02-09,1040,1551,512,-7.238344653033923,linear,52,0,52,52,0,52,0.1,0.1015625,0.1015625,2.9183187086271083,2.9183187086271082e-06,mle,0.3673418659793202,3.59397439173014,ok,True,True,extraction,
xrp,1553,2022-02-10,1041,1552,512,-7.238344653033923,linear,52,0,52,52,0,52,0.1,0.1015625,0.1015625,2.9183187086271083,2.9183187086271082e-06,mle,0.3673418659793202,3.59397439173014,ok,True,True,extraction,
xrp,1554,2022-02-11,1042,1553,512,-7.238344653033923,linear,52,0,52,52,0,52,0.1,0.1015625,0.1015625,2.9300674875062156,2.9300674875062153e-06,mle,0.3673418659793202,3.59397439173014,ok,True,True,extraction,
xrp,1555,2022-02-12,1043,1554,512,-7.288708023773723,linear,52,0,52,52,0,52,0.1,0.1015625,0.1015625,2.9320255676621647,2.9320255676621648e-06,mle,0.3625466331084161,3.5984972087664246,ok,True,True,extraction,
xrp,1556,2022-02-13,1044,1555,512,-7.288708023773723,linear,52,0,52,52,0,52,0.1,0.1015625,0.1015625,2.9563205251322078,2.9563205251322076e-06,mle,0.3625466331084161,3.5984972087664246,ok,True,True,extraction,
xrp,1557,2022-02-14,1045,1556,512,-7.288708023773723,linear,52,0,52,52,0,52,0.1,0.1015625,0.1015625,2.9447571904255434,2.944757190425543e-06,mle,0.3625466331084161,3.5984972087664246,ok,True,True,extraction,
xrp,1558,2022-02-15,1046,1557,512,-7.288708023773723,linear,52,0,52,52,0,52,0.1,0.1015625,0.1015625,2.9447571904255434,2.944757190425543e-06,mle,0.3625466331084161,3.5984972087664246,ok,True,True,extraction,
xrp,1559,2022-02-16,1047,1558,512,-7.288708023773723,linear,52,0,52,52,0,52,0.1,0.1015625,0.1015625,2.9563205251322078,2.9563205251322076e-06,mle,0.3625466331084161,3.5984972087664246,ok,True,True,extraction,
xrp,1560,2022-02-17,1048,1559,512,-7.288708023773723,linear,52,0,52,52,0,52,0.1,0.1015625,0.1015625,2.9447571904255434,2.944757190425543e-06,mle,0.3625466331084161,3.5984972087664246,ok,True,True,extraction,
xrp,1561,2022-02-18,1049,1560,512,-7.441684977431077,linear,52,0,52,52,0,52,0.1,0.1015625,0.1015625,2.9447571904255434,2.944757190425543e-06,mle,0.3947518030889341,3.3740605892258504,ok,True,True,extraction,
xrp,1562,2022-02-19,1050,1561,512,-7.441684977431077,linear,52,0,52,52,0,52,0.1,0.1015625,0.1015625,2.9320255676621647,2.9320255676621648e-06,mle,0.3947518030889341,3.3740605892258504,ok,True,True,extraction,
xrp,1563,2022-02-20,1051,1562,512,-7.441684977431077,linear,52,0,52,52,0,52,0.1,0.1015625,0.1015625,2.9320255676621647,2.9320255676621648e-06,mle,0.3947518030889341,3.3740605892258504,ok,True,True,extraction,
xrp,1564,2022-02-21,1052,1563,512,-7.441684977431077,linear,52,0,52,52,0,52,0.1,0.1015625,0.1015625,2.9447571904255434,2.944757190425543e-06,mle,0.3947518030889341,3.3740605892258504,ok,True,True,extraction,
xrp,1565,2022-02-22,1053,1564,512,-7.493933675311501,linear,52,0,52,52,0,52,0.1,0.1015625,0.1015625,2.956762073574361,2.956762073574361e-06,mle,0.3799207684019059,3.434208037526786,ok,True,True,extraction,
xrp,1566,2022-02-23,1054,1565,512,-7.493933675311501,linear,52,0,52,52,0,52,0.1,0.1015625,0.1015625,2.965666721668372,2.965666721668372e-06,mle,0.3799207684019059,3.434208037526786,ok,True,True,extraction,
xrp,1567,2022-02-24,1055,1566,512,-7.493933675311501,linear,52,0,52,52,0,52,0.1,0.1015625,0.1015625,2.9755710636647583,2.9755710636647583e-06,mle,0.3799207684019059,3.434208037526786,ok,True,True,extraction,
xrp,1568,2022-02-25,1056,1567,512,-7.493933675311501,linear,52,0,52,52,0,52,0.1,0.1015625,0.1015625,2.9755710636647583,2.9755710636647583e-06,mle,0.3799207684019059,3.434208037526786,ok,True,True,extraction,
xrp,1569,2022-02-26,1057,1568,512,-7.493933675311501,linear,52,0,52,52,0,52,0.1,0.1015625,0.1015625,2.9893664909205278,2.9893664909205278e-06,mle,0.3799207684019059,3.434208037526786,ok,True,True,extraction,
xrp,1570,2022-02-27,1058,1569,512,-7.493933675311501,linear,52,0,52,52,0,52,0.1,0.1015625,0.1015625,2.9893664909205278,2.9893664909205278e-06,mle,0.3799207684019059,3.434208037526786,ok,True,True,extraction,
xrp,1571,2022-02-28,1059,1570,512,-7.493933675311501,linear,52,0,52,52,0,52,0.1,0.1015625,0.1015625,3.0029519211376337,3.0029519211376334e-06,mle,0.3799207684019059,3.434208037526786,ok,True,True,extraction,
xrp,1572,2022-03-01,1060,1571,512,-7.493933675311501,linear,52,0,52,52,0,52,0.1,0.1015625,0.1015625,3.0029519211376337,3.0029519211376334e-06,mle,0.3799207684019059,3.434208037526786,ok,True,True,extraction,
xrp,1573,2022-03-02,1061,1572,512,-7.493933675311501,linear,52,0,52,52,0,52,0.1,0.1015625,0.1015625,3.0029519211376337,3.0029519211376334e-06,mle,0.3799207684019059,3.434208037526786,ok,True,True,extraction,
xrp,1574,2022-03-03,1062,1573,512,-7.493933675311501,linear,52,0,52,52,0,52,0.1,0.1015625,0.1015625,3.0029519211376337,3.0029519211376334e-06,mle,0.3799207684019059,3.434208037526786,ok,True,True,extraction,
xrp,1575,2022-03-04,1063,1574,512,-7.493933675311501,linear,52,0,52,52,0,52,0.1,0.1015625,0.1015625,3.003916429577218,3.0039164295772177e-06,mle,0.3799207684019059,3.434208037526786,ok,True,True,extraction,
xrp,1576,2022-03-05,1064,1575,512,-7.493933675311501,linear,52,0,52,52,0,52,0.1,0.1015625,0.1015625,3.0439978613352023,3.043997861335202e-06,mle,0.3799207684019059,3.434208037526786,ok,True,True,extraction,
xrp,1577,2022-03-06,1065,1576,512,-7.493933675311501,linear,52,0,52,52,0,52,0.1,0.1015625,0.1015625,3.0631492121620214,3.0631492121620215e-06,mle,0.3799207684019059,3.434208037526786,ok,True,True,extraction,
xrp,1578,2022-03-07,1066,1577,512,-7.493933675311501,linear,52,0,52,52,0,52,0.1,0.1015625,0.1015625,3.088066058539802,3.088066058539802e-06,mle,0.3799207684019059,3.434208037526786,ok,True,True,extraction,
xrp,1579,2022-03-08,1067,1578,512,-7.493933675311501,linear,52,0,52,52,0,52,0.1,0.1015625,0.1015625,3.087132301439893,3.087132301439893e-06,mle,0.3799207684019059,3.434208037526786,ok,True,True,extraction,
xrp,1580,2022-03-09,1068,1579,512,-7.493933675311501,linear,52,0,52,52,0,52,0.1,0.1015625,0.1015625,3.0905779176828094,3.0905779176828093e-06,mle,0.3799207684019059,3.434208037526786,ok,True,True,extraction,
xrp,1581,2022-03-10,1069,1580,512,-7.493933675311501,linear,52,0,52,52,0,52,0.1,0.1015625,0.1015625,3.093195662644647,3.0931956626446467e-06,mle,0.3799207684019059,3.434208037526786,ok,True,True,extraction,
xrp,1582,2022-03-11,1070,1581,512,-7.493933675311501,linear,52,0,52,52,0,52,0.1,0.1015625,0.1015625,3.109729268509628,3.109729268509628e-06,mle,0.3799207684019059,3.434208037526786,ok,True,True,extraction,
xrp,1583,2022-03-12,1071,1582,512,-7.493933675311501,linear,52,0,52,52,0,52,0.1,0.1015625,0.1015625,3.1212100640348437,3.1212100640348435e-06,mle,0.3799207684019059,3.434208037526786,ok,True,True,extraction,
xrp,1584,2022-03-13,1072,1583,512,-7.493933675311501,linear,52,0,52,52,0,52,0.1,0.1015625,0.1015625,3.1212100640348437,3.1212100640348435e-06,mle,0.3799207684019059,3.434208037526786,ok,True,True,extraction,
xrp,1585,2022-03-14,1073,1584,512,-7.493933675311501,linear,52,0,52,52,0,52,0.1,0.1015625,0.1015625,3.1591033047090153,3.1591033047090154e-06,mle,0.3799207684019059,3.434208037526786,ok,True,True,extraction,
xrp,1586,2022-03-15,1074,1585,512,-7.493933675311501,linear,52,0,52,52,0,52,0.1,0.1015625,0.1015625,3.1591033047090153,3.1591033047090154e-06,mle,0.3799207684019059,3.434208037526786,ok,True,True,extraction,
xrp,1587,2022-03-16,1075,1586,512,-7.493933675311501,linear,52,0,52,52,0,52,0.1,0.1015625,0.1015625,3.152246447235546,3.1522464472355456e-06,mle,0.3799207684019059,3.434208037526786,ok,True,True,extraction,
xrp,1588,2022-03-17,1076,1587,512,-7.493933675311501,linear,52,0,52,52,0,52,0.1,0.1015625,0.1015625,3.176926129698674,3.1769261296986737e-06,mle,0.3799207684019059,3.434208037526786,ok,True,True,extraction,
xrp,1589,2022-03-18,1077,1588,512,-7.493933675311501,linear,52,0,52,52,0,52,0.1,0.1015625,0.1015625,3.152246447235546,3.1522464472355456e-06,mle,0.3799207684019059,3.434208037526786,ok,True,True,extraction,
xrp,1590,2022-03-19,1078,1589,512,-7.493933675311501,linear,52,0,52,52,0,52,0.1,0.1015625,0.1015625,3.152246447235546,3.1522464472355456e-06,mle,0.3799207684019059,3.434208037526786,ok,True,True,extraction,
xrp,1591,2022-03-20,1079,1590,512,-7.493933675311501,linear,52,0,52,52,0,52,0.1,0.1015625,0.1015625,3.176926129698674,3.1769261296986737e-06,mle,0.3799207684019059,3.434208037526786,ok,True,True,extraction,
xrp,1592,2022-03-21,1080,1591,512,-7.493933675311501,linear,52,0,52,52,0,52,0.1,0.1015625,0.1015625,3.152246447235546,3.1522464472355456e-06,mle,0.3799207684019059,3.434208037526786,ok,True,True,extraction,
xrp,1593,2022-03-22,1081,1592,512,-7.493933675311501,linear,52,0,52,52,0,52,0.1,0.1015625,0.1015625,3.1878753170409557,3.1878753170409555e-06,mle,0.3799207684019059,3.434208037526786,ok,True,True,extraction,
xrp,1594,2022-03-23,1082,1593,512,-7.493933675311501,linear,52,0,52,52,0,52,0.1,0.1015625,0.1015625,3.1878753170409557,3.1878753170409555e-06,mle,0.3799207684019059,3.434208037526786,ok,True,True,extraction,
xrp,1595,2022-03-24,1083,1594,512,-7.493933675311501,linear,52,0,52,52,0,52,0.1,0.1015625,0.1015625,3.1865894282134075,3.1865894282134073e-06,mle,0.3799207684019059,3.434208037526786,ok,True,True,extraction,
xrp,1596,2022-03-25,1084,1595,512,-7.493933675311501,linear,52,0,52,52,0,52,0.1,0.1015625,0.1015625,3.1878753170409557,3.1878753170409555e-06,mle,0.3799207684019059,3.434208037526786,ok,True,True,extraction,
xrp,1597,2022-03-26,1085,1596,512,-7.493933675311501,linear,52,0,52,52,0,52,0.1,0.1015625,0.1015625,3.1878753170409557,3.1878753170409555e-06,mle,0.3799207684019059,3.434208037526786,ok,True,True,extraction,
xrp,1598,2022-03-27,1086,1597,512,-7.493933675311501,linear,52,0,52,52,0,52,0.1,0.1015625,0.1015625,3.1821349073127223,3.182134907312722e-06,mle,0.3799207684019059,3.434208037526786,ok,True,True,extraction,
xrp,1599,2022-03-28,1087,1598,512,-7.493933675311501,linear,52,0,52,52,0,52,0.1,0.1015625,0.1015625,3.1821349073127223,3.182134907312722e-06,mle,0.3799207684019059,3.434208037526786,ok,True,True,extraction,
xrp,1600,2022-03-29,1088,1599,512,-7.493933675311501,linear,52,0,52,52,0,52,0.1,0.1015625,0.1015625,3.154145907484281,3.1541459074842807e-06,mle,0.3799207684019059,3.434208037526786,ok,True,True,extraction,
xrp,1601,2022-03-30,1089,1600,512,-7.493933675311501,linear,52,0,52,52,0,52,0.1,0.1015625,0.1015625,3.154145907484281,3.1541459074842807e-06,mle,0.3799207684019059,3.434208037526786,ok,True,True,extraction,
xrp,1602,2022-03-31,1090,1601,512,-7.493933675311501,linear,52,0,52,52,0,52,0.1,0.1015625,0.1015625,3.154145907484281,3.1541459074842807e-06,mle,0.3799207684019059,3.434208037526786,ok,True,True,extraction,
xrp,1603,2022-04-01,1091,1602,512,-7.493933675311501,linear,52,0,52,52,0,52,0.1,0.1015625,0.1015625,3.1859323027850475,3.1859323027850474e-06,mle,0.3799207684019059,3.434208037526786,ok,True,True,extraction,
xrp,1604,2022-04-02,1092,1603,512,-7.493933675311501,linear,52,0,52,52,0,52,0.1,0.1015625,0.1015625,3.183775805039831,3.183775805039831e-06,mle,0.3799207684019059,3.434208037526786,ok,True,True,extraction,
xrp,1605,2022-04-03,1093,1604,512,-7.493933675311501,linear,52,0,52,52,0,52,0.1,0.1015625,0.1015625,3.1795795521058636,3.1795795521058634e-06,mle,0.3799207684019059,3.434208037526786,ok,True,True,extraction,
xrp,1606,2022-04-04,1094,1605,512,-7.493933675311501,linear,52,0,52,52,0,52,0.1,0.1015625,0.1015625,3.1454837069040167,3.1454837069040164e-06,mle,0.3799207684019059,3.434208037526786,ok,True,True,extraction,
xrp,1607,2022-04-05,1095,1606,512,-7.493933675311501,linear,52,0,52,52,0,52,0.1,0.1015625,0.1015625,3.1454837069040167,3.1454837069040164e-06,mle,0.3799207684019059,3.434208037526786,ok,True,True,extraction,
xrp,1608,2022-04-06,1096,1607,512,-7.493933675311501,linear,52,0,52,52,0,52,0.1,0.1015625,0.1015625,3.1454837069040167,3.1454837069040164e-06,mle,0.3799207684019059,3.434208037526786,ok,True,True,extraction,
xrp,1609,2022-04-07,1097,1608,512,-7.493933675311501,linear,52,0,52,52,0,52,0.1,0.1015625,0.1015625,3.176926129698674,3.1769261296986737e-06,mle,0.3799207684019059,3.434208037526786,ok,True,True,extraction,
xrp,1610,2022-04-08,1098,1609,512,-7.493933675311501,linear,52,0,52,52,0,52,0.1,0.1015625,0.1015625,3.1878753170409557,3.1878753170409555e-06,mle,0.3799207684019059,3.434208037526786,ok,True,True,extraction,
xrp,1611,2022-04-09,1099,1610,512,-7.493933675311501,linear,52,0,52,52,0,52,0.1,0.1015625,0.1015625,3.194724992382113,3.1947249923821128e-06,mle,0.3799207684019059,3.434208037526786,ok,True,True,extraction,
xrp,1612,2022-04-10,1100,1611,512,-7.493933675311501,linear,52,0,52,52,0,52,0.1,0.1015625,0.1015625,3.1878753170409557,3.1878753170409555e-06,mle,0.3799207684019059,3.434208037526786,ok,True,True,extraction,
xrp,1613,2022-04-11,1101,1612,512,-7.493933675311501,linear,52,0,52,52,0,52,0.1,0.1015625,0.1015625,3.1865894282134075,3.1865894282134073e-06,mle,0.3799207684019059,3.434208037526786,ok,True,True,extraction,
xrp,1614,2022-04-12,1102,1613,512,-7.6054795691020365,linear,52,0,52,52,0,52,0.1,0.1015625,0.1015625,3.198977408473323,3.198977408473323e-06,mle,0.40622053607455544,3.2599316976171253,ok,True,True,extraction,
xrp,1615,2022-04-13,1103,1614,512,-7.6054795691020365,linear,52,0,52,52,0,52,0.1,0.1015625,0.1015625,3.1655500622644057,3.1655500622644057e-06,mle,0.40622053607455544,3.2599316976171253,ok,True,True,extraction,
xrp,1616,2022-04-14,1104,1615,512,-7.6054795691020365,linear,52,0,52,52,0,52,0.1,0.1015625,0.1015625,3.152120878646567,3.152120878646567e-06,mle,0.40622053607455544,3.2599316976171253,ok,True,True,extraction,
xrp,1617,2022-04-15,1105,1616,512,-7.6054795691020365,linear,52,0,52,52,0,52,0.1,0.1015625,0.1015625,3.1709889673182734,3.170988967318273e-06,mle,0.40622053607455544,3.2599316976171253,ok,True,True,extraction,
xrp,1618,2022-04-16,1106,1617,512,-7.6054795691020365,linear,52,0,52,52,0,52,0.1,0.1015625,0.1015625,3.1865894282134075,3.1865894282134073e-06,mle,0.40622053607455544,3.2599316976171253,ok,True,True,extraction,
xrp,1619,2022-04-17,1107,1618,512,-7.6054795691020365,linear,52,0,52,52,0,52,0.1,0.1015625,0.1015625,3.152120878646567,3.152120878646567e-06,mle,0.40622053607455544,3.2599316976171253,ok,True,True,extraction,
xrp,1620,2022-04-18,1108,1619,512,-7.6054795691020365,linear,52,0,52,52,0,52,0.1,0.1015625,0.1015625,3.144071619252115,3.144071619252115e-06,mle,0.40622053607455544,3.2599316976171253,ok,True,True,extraction,
xrp,1621,2022-04-19,1109,1620,512,-7.6054795691020365,linear,52,0,52,52,0,52,0.1,0.1015625,0.1015625,3.1476225091838,3.1476225091838e-06,mle,0.40622053607455544,3.2599316976171253,ok,True,True,extraction,
xrp,1622,2022-04-20,1110,1621,512,-7.6054795691020365,linear,52,0,52,52,0,52,0.1,0.1015625,0.1015625,3.128471158356981,3.1284711583569807e-06,mle,0.40622053607455544,3.2599316976171253,ok,True,True,extraction,
xrp,1623,2022-04-21,1111,1622,512,-7.6054795691020365,linear,52,0,52,52,0,52,0.1,0.1015625,0.1015625,3.098484485972652,3.0984844859726518e-06,mle,0.40622053607455544,3.2599316976171253,ok,True,True,extraction,
xrp,1624,2022-04-22,1112,1623,512,-7.493933675311501,linear,52,0,52,52,0,52,0.1,0.1015625,0.1015625,3.06695727895765,3.06695727895765e-06,mle,0.3805142397344469,3.431013122916096,ok,True,True,extraction,
xrp,1625,2022-04-23,1113,1624,512,-7.441684977431077,linear,52,0,52,52,0,52,0.1,0.1015625,0.1015625,3.0359273331867334,3.035927333186733e-06,mle,0.4021127556360656,3.2327041854765586,ok,True,True,extraction,
xrp,1626,2022-04-24,1114,1625,512,-7.441684977431077,linear,52,0,52,52,0,52,0.1,0.1015625,0.1015625,3.0654014232408313,3.065401423240831e-06,mle,0.4021127556360656,3.2327041854765586,ok,True,True,extraction,
xrp,1627,2022-04-25,1115,1626,512,-7.441684977431077,linear,52,0,52,52,0,52,0.1,0.1015625,0.1015625,3.0453470209631397,3.0453470209631398e-06,mle,0.4021127556360656,3.2327041854765586,ok,True,True,extraction,
xrp,1628,2022-04-26,1116,1627,512,-7.441684977431077,linear,52,0,52,52,0,52,0.1,0.1015625,0.1015625,3.032343863440036,3.032343863440036e-06,mle,0.4021127556360656,3.2327041854765586,ok,True,True,extraction,
xrp,1629,2022-04-27,1117,1628,512,-7.493933675311501,linear,52,0,52,52,0,52,0.1,0.1015625,0.1015625,3.0418855261517543,3.0418855261517543e-06,mle,0.4144537862007789,3.1526038400437995,ok,True,True,extraction,
xrp,1630,2022-04-28,1118,1629,512,-7.441684977431077,linear,52,0,52,52,0,52,0.1,0.1015625,0.1015625,3.0234956498431775,3.0234956498431774e-06,mle,0.40494170472314595,3.2196532365133286,ok,True,True,extraction,
xrp,1631,2022-04-29,1119,1630,512,-7.441684977431077,linear,52,0,52,52,0,52,0.1,0.1015625,0.1015625,3.0359926113288447,3.0359926113288447e-06,mle,0.40494170472314595,3.2196532365133286,ok,True,True,extraction,
xrp,1632,2022-04-30,1120,1631,512,-7.441684977431077,linear,52,0,52,52,0,52,0.1,0.1015625,0.1015625,3.0517080753484453,3.0517080753484453e-06,mle,0.40494170472314595,3.2196532365133286,ok,True,True,extraction,
xrp,1633,2022-05-01,1121,1632,512,-7.288708023773723,linear,52,0,52,52,0,52,0.1,0.1015625,0.1015625,3.0517080753484453,3.0517080753484453e-06,mle,0.3915433692797634,3.3071542812852184,ok,True,True,extraction,
xrp,1634,2022-05-02,1122,1633,512,-7.288708023773723,linear,52,0,52,52,0,52,0.1,0.1015625,0.1015625,3.0517080753484453,3.0517080753484453e-06,mle,0.3915433692797634,3.3071542812852184,ok,True,True,extraction,
xrp,1635,2022-05-03,1123,1634,512,-7.288708023773723,linear,52,0,52,52,0,52,0.1,0.1015625,0.1015625,3.0458151605255357,3.0458151605255357e-06,mle,0.3915433692797634,3.3071542812852184,ok,True,True,extraction,
xrp,1636,2022-05-04,1124,1635,512,-7.288708023773723,linear,52,0,52,52,0,52,0.1,0.1015625,0.1015625,3.0458151605255357,3.0458151605255357e-06,mle,0.3915433692797634,3.3071542812852184,ok,True,True,extraction,
xrp,1637,2022-05-05,1125,1636,512,-7.238344653033923,linear,52,0,52,52,0,52,0.1,0.1015625,0.1015625,3.0359926113288447,3.0359926113288447e-06,mle,0.3941637581091033,3.315398245966783,ok,True,True,extraction,
xrp,1638,2022-05-06,1126,1637,512,-7.288708023773723,linear,52,0,52,52,0,52,0.1,0.1015625,0.1015625,3.0458151605255357,3.0458151605255357e-06,mle,0.4058787397550792,3.237221932310766,ok,True,True,extraction,
xrp,1639,2022-05-07,1127,1638,512,-7.288708023773723,linear,52,0,52,52,0,52,0.1,0.1015625,0.1015625,3.0359926113288447,3.0359926113288447e-06,mle,0.4058787397550792,3.237221932310766,ok,True,True,extraction,
xrp,1640,2022-05-08,1128,1639,512,-7.288708023773723,linear,52,0,52,52,0,52,0.1,0.1015625,0.1015625,3.0359926113288447,3.0359926113288447e-06,mle,0.4058787397550792,3.237221932310766,ok,True,True,extraction,
xrp,1641,2022-05-09,1129,1640,512,-7.238344653033923,linear,52,0,52,52,0,52,0.1,0.1015625,0.1015625,3.0264509486171263,3.0264509486171263e-06,mle,0.3936387365223656,3.3178277359294714,ok,True,True,extraction,
xrp,1642,2022-05-10,1130,1641,512,-7.288708023773723,linear,52,0,52,52,0,52,0.1,0.1015625,0.1015625,3.0458151605255357,3.0458151605255357e-06,mle,0.36692105812176534,3.49092604309734,ok,True,True,extraction,
xrp,1643,2022-05-11,1131,1642,512,-7.288708023773723,linear,52,0,52,52,0,52,0.1,0.1015625,0.1015625,3.0418855261517543,3.0418855261517543e-06,mle,0.36692105812176534,3.49092604309734,ok,True,True,extraction,
xrp,1644,2022-05-12,1132,1643,512,-7.441684977431077,linear,52,0,52,52,0,52,0.1,0.1015625,0.1015625,3.0418855261517543,3.0418855261517543e-06,mle,0.3914858704111235,3.4835084678575887,ok,True,True,extraction,
xrp,1645,2022-05-13,1133,1644,512,-7.441684977431077,linear,52,0,52,52,0,52,0.1,0.1015625,0.1015625,3.0517080753484453,3.0517080753484453e-06,mle,0.3914858704111235,3.4835084678575887,ok,True,True,extraction,
xrp,1646,2022-05-14,1134,1645,512,-7.441684977431077,linear,52,0,52,52,0,52,0.1,0.1015625,0.1015625,3.0685487571464076,3.0685487571464076e-06,mle,0.3914858704111235,3.4835084678575887,ok,True,True,extraction,
xrp,1647,2022-05-15,1135,1646,512,-7.441684977431077,linear,52,0,52,52,0,52,0.1,0.1015625,0.1015625,3.0685487571464076,3.0685487571464076e-06,mle,0.3914858704111235,3.4835084678575887,ok,True,True,extraction,
xrp,1648,2022-05-16,1136,1647,512,-7.441684977431077,linear,52,0,52,52,0,52,0.1,0.1015625,0.1015625,3.092279309601324,3.092279309601324e-06,mle,0.3914858704111235,3.4835084678575887,ok,True,True,extraction,
xrp,1649,2022-05-17,1137,1648,512,-7.441684977431077,linear,52,0,52,52,0,52,0.1,0.1015625,0.1015625,3.092279309601324,3.092279309601324e-06,mle,0.3914858704111235,3.4835084678575887,ok,True,True,extraction,
xrp,1650,2022-05-18,1138,1649,512,-7.436587773657729,linear,52,0,52,52,0,52,0.1,0.1015625,0.1015625,3.0738894332927473,3.0738894332927473e-06,mle,0.38946147023735755,3.495712092217636,ok,True,True,extraction,
xrp,1651,2022-05-19,1139,1650,512,-7.436587773657729,linear,52,0,52,52,0,52,0.1,0.1015625,0.1015625,3.0738894332927473,3.0738894332927473e-06,mle,0.44111483120204287,3.189986453465528,ok,True,True,extraction,
xrp,1652,2022-05-20,1140,1651,512,-7.238344653033923,linear,52,0,52,52,0,52,0.1,0.1015625,0.1015625,3.0654014232408313,3.065401423240831e-06,mle,0.24868137771535068,3.588124759118887,ok,True,True,extraction,
xrp,1653,2022-05-21,1141,1652,512,-7.238344653033923,linear,52,0,52,52,0,52,0.1,0.1015625,0.1015625,3.0453470209631397,3.0453470209631398e-06,mle,0.24868137771535068,3.588124759118887,ok,True,True,extraction,
xrp,1654,2022-05-22,1142,1653,512,-7.238344653033923,linear,52,0,52,52,0,52,0.1,0.1015625,0.1015625,3.047335436089594,3.047335436089594e-06,mle,0.24868137771535068,3.588124759118887,ok,True,True,extraction,
xrp,1655,2022-05-23,1143,1654,512,-7.1919400484432785,linear,52,0,52,52,0,52,0.1,0.1015625,0.1015625,3.020048744996977,3.020048744996977e-06,mle,0.23883864697482618,3.659983012601125,ok,True,True,extraction,
xrp,1656,2022-05-24,1144,1655,512,-7.1919400484432785,linear,52,0,52,52,0,52,0.1,0.1015625,0.1015625,3.020048744996977,3.020048744996977e-06,mle,0.23883864697482618,3.659983012601125,ok,True,True,extraction,
xrp,1657,2022-05-25,1145,1656,512,-7.135489059802225,linear,52,0,52,52,0,52,0.1,0.1015625,0.1015625,2.984153745269613,2.984153745269613e-06,mle,0.26617620197016956,3.4962695754846562,ok,True,True,extraction,
xrp,1658,2022-05-26,1146,1657,512,-7.108446905627537,linear,52,0,52,52,0,52,0.1,0.1015625,0.1015625,2.977043677621755,2.9770436776217548e-06,mle,0.3021323663404431,3.3082612195046908,ok,True,True,extraction,
xrp,1659,2022-05-27,1147,1658,512,-7.108446905627537,linear,52,0,52,52,0,52,0.1,0.1015625,0.1015625,2.977043677621755,2.9770436776217548e-06,mle,0.3021323663404431,3.3082612195046908,ok,True,True,extraction,
xrp,1660,2022-05-28,1148,1659,512,-7.108446905627537,linear,52,0,52,52,0,52,0.1,0.1015625,0.1015625,2.9965748571175697,2.9965748571175694e-06,mle,0.3021323663404431,3.3082612195046908,ok,True,True,extraction,
xrp,1661,2022-05-29,1149,1660,512,-7.108446905627537,linear,52,0,52,52,0,52,0.1,0.1015625,0.1015625,2.9788917760529663,2.978891776052966e-06,mle,0.3021323663404431,3.3082612195046908,ok,True,True,extraction,
xrp,1662,2022-05-30,1150,1661,512,-7.108446905627537,linear,52,0,52,52,0,52,0.1,0.1015625,0.1015625,2.9345918323580107,2.9345918323580106e-06,mle,0.3021323663404431,3.3082612195046908,ok,True,True,extraction,
xrp,1663,2022-05-31,1151,1662,512,-7.108446905627537,linear,52,0,52,52,0,52,0.1,0.1015625,0.1015625,2.962787257961154,2.9627872579611538e-06,mle,0.3021323663404431,3.3082612195046908,ok,True,True,extraction,
xrp,1664,2022-06-01,1152,1663,512,-7.108446905627537,linear,52,0,52,52,0,52,0.1,0.1015625,0.1015625,2.9345918323580107,2.9345918323580106e-06,mle,0.3021323663404431,3.3082612195046908,ok,True,True,extraction,
xrp,1665,2022-06-02,1153,1664,512,-7.108446905627537,linear,52,0,52,52,0,52,0.1,0.1015625,0.1015625,2.9345918323580107,2.9345918323580106e-06,mle,0.3021323663404431,3.3082612195046908,ok,True,True,extraction,
xrp,1666,2022-06-03,1154,1665,512,-7.108446905627537,linear,52,0,52,52,0,52,0.1,0.1015625,0.1015625,2.901038730706403,2.901038730706403e-06,mle,0.3021323663404431,3.3082612195046908,ok,True,True,extraction,
xrp,1667,2022-06-04,1155,1666,512,-7.108446905627537,linear,52,0,52,52,0,52,0.1,0.1015625,0.1015625,2.950407963522984,2.950407963522984e-06,mle,0.3021323663404431,3.3082612195046908,ok,True,True,extraction,
xrp,1668,2022-06-05,1156,1667,512,-7.108446905627537,linear,52,0,52,52,0,52,0.1,0.1015625,0.1015625,2.901038730706403,2.901038730706403e-06,mle,0.3021323663404431,3.3082612195046908,ok,True,True,extraction,
xrp,1669,2022-06-06,1157,1668,512,-7.108446905627537,linear,52,0,52,52,0,52,0.1,0.1015625,0.1015625,2.901038730706403,2.901038730706403e-06,mle,0.3021323663404431,3.3082612195046908,ok,True,True,extraction,
xrp,1670,2022-06-07,1158,1669,512,-7.108446905627537,linear,52,0,52,52,0,52,0.1,0.1015625,0.1015625,2.8947086332650045,2.8947086332650043e-06,mle,0.3021323663404431,3.3082612195046908,ok,True,True,extraction,
xrp,1671,2022-06-08,1159,1670,512,-7.024886487662575,linear,52,0,52,52,0,52,0.1,0.1015625,0.1015625,2.888024147669715,2.888024147669715e-06,mle,0.30333570245797775,3.3284400695260983,ok,True,True,extraction,
xrp,1672,2022-06-09,1160,1671,512,-7.024886487662575,linear,52,0,52,52,0,52,0.1,0.1015625,0.1015625,2.888024147669715,2.888024147669715e-06,mle,0.30333570245797775,3.3284400695260983,ok,True,True,extraction,
xrp,1673,2022-06-10,1161,1672,512,-7.024886487662575,linear,52,0,52,52,0,52,0.1,0.1015625,0.1015625,2.8783051340855312,2.878305134085531e-06,mle,0.30333570245797775,3.3284400695260983,ok,True,True,extraction,
xrp,1674,2022-06-11,1162,1673,512,-7.024886487662575,linear,52,0,52,52,0,52,0.1,0.1015625,0.1015625,2.8783051340855312,2.878305134085531e-06,mle,0.30333570245797775,3.3284400695260983,ok,True,True,extraction,
xrp,1675,2022-06-12,1163,1674,512,-7.024886487662575,linear,52,0,52,52,0,52,0.1,0.1015625,0.1015625,2.8783051340855312,2.878305134085531e-06,mle,0.30333570245797775,3.3284400695260983,ok,True,True,extraction,
xrp,1676,2022-06-13,1164,1675,512,-7.024886487662575,linear,52,0,52,52,0,52,0.1,0.1015625,0.1015625,2.884198048908441,2.8841980489084407e-06,mle,0.30333570245797775,3.3284400695260983,ok,True,True,extraction,
xrp,1677,2022-06-14,1165,1676,512,-7.108446905627537,linear,52,0,52,52,0,52,0.1,0.1015625,0.1015625,2.901038730706403,2.901038730706403e-06,mle,0.29551305541658907,3.347561636300771,ok,True,True,extraction,
xrp,1678,2022-06-15,1166,1677,512,-7.108446905627537,linear,52,0,52,52,0,52,0.1,0.1015625,0.1015625,2.9345918323580107,2.9345918323580106e-06,mle,0.29551305541658907,3.347561636300771,ok,True,True,extraction,
xrp,1679,2022-06-16,1167,1678,512,-7.108446905627537,linear,52,0,52,52,0,52,0.1,0.1015625,0.1015625,2.9345918323580107,2.9345918323580106e-06,mle,0.29551305541658907,3.347561636300771,ok,True,True,extraction,
xrp,1680,2022-06-17,1168,1679,512,-7.135489059802225,linear,52,0,52,52,0,52,0.1,0.1015625,0.1015625,2.9788917760529663,2.978891776052966e-06,mle,0.2712583888928808,3.4601145150870645,ok,True,True,extraction,
xrp,1681,2022-06-18,1169,1680,512,-7.108446905627537,linear,52,0,52,52,0,52,0.1,0.1015625,0.1015625,2.9345918323580107,2.9345918323580106e-06,mle,0.2964142473960639,3.3425405784267888,ok,True,True,extraction,
xrp,1682,2022-06-19,1170,1681,512,-7.108446905627537,linear,52,0,52,52,0,52,0.1,0.1015625,0.1015625,2.9788917760529663,2.978891776052966e-06,mle,0.2964142473960639,3.3425405784267888,ok,True,True,extraction,
xrp,1683,2022-06-20,1171,1682,512,-7.108446905627537,linear,52,0,52,52,0,52,0.1,0.1015625,0.1015625,2.977043677621755,2.9770436776217548e-06,mle,0.2964142473960639,3.3425405784267888,ok,True,True,extraction,
xrp,1684,2022-06-21,1172,1683,512,-7.108446905627537,linear,52,0,52,52,0,52,0.1,0.1015625,0.1015625,2.9965748571175697,2.9965748571175694e-06,mle,0.2964142473960639,3.3425405784267888,ok,True,True,extraction,
xrp,1685,2022-06-22,1173,1684,512,-7.108446905627537,linear,52,0,52,52,0,52,0.1,0.1015625,0.1015625,2.977043677621755,2.9770436776217548e-06,mle,0.2964142473960639,3.3425405784267888,ok,True,True,extraction,
xrp,1686,2022-06-23,1174,1685,512,-7.108446905627537,linear,52,0,52,52,0,52,0.1,0.1015625,0.1015625,2.977043677621755,2.9770436776217548e-06,mle,0.2964142473960639,3.3425405784267888,ok,True,True,extraction,
xrp,1687,2022-06-24,1175,1686,512,-7.108446905627537,linear,52,0,52,52,0,52,0.1,0.1015625,0.1015625,2.956004311672753,2.9560043116727528e-06,mle,0.2964142473960639,3.3425405784267888,ok,True,True,extraction,
xrp,1688,2022-06-25,1176,1687,512,-7.108446905627537,linear,52,0,52,52,0,52,0.1,0.1015625,0.1015625,2.956004311672753,2.9560043116727528e-06,mle,0.2964142473960639,3.3425405784267888,ok,True,True,extraction,
xrp,1689,2022-06-26,1177,1688,512,-7.108446905627537,linear,52,0,52,52,0,52,0.1,0.1015625,0.1015625,2.962787257961154,2.9627872579611538e-06,mle,0.2964142473960639,3.3425405784267888,ok,True,True,extraction,
xrp,1690,2022-06-27,1178,1689,512,-7.108446905627537,linear,52,0,52,52,0,52,0.1,0.1015625,0.1015625,2.9637752727307323,2.9637752727307323e-06,mle,0.2964142473960639,3.3425405784267888,ok,True,True,extraction,
xrp,1691,2022-06-28,1179,1690,512,-7.108446905627537,linear,52,0,52,52,0,52,0.1,0.1015625,0.1015625,2.9616869425703594,2.961686942570359e-06,mle,0.2964142473960639,3.3425405784267888,ok,True,True,extraction,
xrp,1692,2022-06-29,1180,1691,512,-7.024886487662575,linear,52,0,52,52,0,52,0.1,0.1015625,0.1015625,2.9616869425703594,2.961686942570359e-06,mle,0.25126762931829416,3.276270830384628,ok,True,True,extraction,
xrp,1693,2022-06-30,1181,1692,512,-7.024886487662575,linear,52,0,52,52,0,52,0.1,0.1015625,0.1015625,2.9616869425703594,2.961686942570359e-06,mle,0.25126762931829416,3.276270830384628,ok,True,True,extraction,
xrp,1694,2022-07-01,1182,1693,512,-7.024886487662575,linear,52,0,52,52,0,52,0.1,0.1015625,0.1015625,2.959631552022308,2.959631552022308e-06,mle,0.25126762931829416,3.276270830384628,ok,True,True,extraction,
xrp,1695,2022-07-02,1183,1694,512,-7.024886487662575,linear,52,0,52,52,0,52,0.1,0.1015625,0.1015625,2.954644114090863,2.9546441140908627e-06,mle,0.25126762931829416,3.276270830384628,ok,True,True,extraction,
xrp,1696,2022-07-03,1184,1695,512,-7.024886487662575,linear,52,0,52,52,0,52,0.1,0.1015625,0.1015625,2.954644114090863,2.9546441140908627e-06,mle,0.25126762931829416,3.276270830384628,ok,True,True,extraction,
xrp,1697,2022-07-04,1185,1696,512,-7.024886487662575,linear,52,0,52,52,0,52,0.1,0.1015625,0.1015625,2.959631552022308,2.959631552022308e-06,mle,0.25126762931829416,3.276270830384628,ok,True,True,extraction,
xrp,1698,2022-07-05,1186,1697,512,-7.024886487662575,linear,52,0,52,52,0,52,0.1,0.1015625,0.1015625,2.927674366902112,2.9276743669021116e-06,mle,0.25126762931829416,3.276270830384628,ok,True,True,extraction,
xrp,1699,2022-07-06,1187,1698,512,-7.024886487662575,linear,52,0,52,52,0,52,0.1,0.1015625,0.1015625,2.9411943857833767,2.9411943857833765e-06,mle,0.25126762931829416,3.276270830384628,ok,True,True,extraction,
xrp,1700,2022-07-07,1188,1699,512,-7.024886487662575,linear,52,0,52,52,0,52,0.1,0.1015625,0.1015625,2.922869851980467,2.922869851980467e-06,mle,0.25126762931829416,3.276270830384628,ok,True,True,extraction,
xrp,1701,2022-07-08,1189,1700,512,-7.024886487662575,linear,52,0,52,52,0,52,0.1,0.1015625,0.1015625,2.922869851980467,2.922869851980467e-06,mle,0.25126762931829416,3.276270830384628,ok,True,True,extraction,
xrp,1702,2022-07-09,1190,1701,512,-7.024886487662575,linear,52,0,52,52,0,52,0.1,0.1015625,0.1015625,2.9158113989119707,2.9158113989119705e-06,mle,0.25126762931829416,3.276270830384628,ok,True,True,extraction,
xrp,1703,2022-07-10,1191,1702,512,-7.024886487662575,linear,52,0,52,52,0,52,0.1,0.1015625,0.1015625,2.8855360504470413,2.8855360504470414e-06,mle,0.25126762931829416,3.276270830384628,ok,True,True,extraction,
xrp,1704,2022-07-11,1192,1703,512,-7.024886487662575,linear,52,0,52,52,0,52,0.1,0.1015625,0.1015625,2.8855360504470413,2.8855360504470414e-06,mle,0.25126762931829416,3.276270830384628,ok,True,True,extraction,
xrp,1705,2022-07-12,1193,1704,512,-7.024886487662575,linear,52,0,52,52,0,52,0.1,0.1015625,0.1015625,2.8855360504470413,2.8855360504470414e-06,mle,0.25126762931829416,3.276270830384628,ok,True,True,extraction,
xrp,1706,2022-07-13,1194,1705,512,-6.723512072084024,linear,52,0,52,52,0,52,0.1,0.1015625,0.1015625,2.859738944130951,2.8597389441309506e-06,mle,0.16881104461790553,3.843003004448316,ok,True,True,extraction,
xrp,1707,2022-07-14,1195,1706,512,-6.723512072084024,linear,52,0,52,52,0,52,0.1,0.1015625,0.1015625,2.8363920082148337,2.8363920082148337e-06,mle,0.16881104461790553,3.843003004448316,ok,True,True,extraction,
xrp,1708,2022-07-15,1196,1707,512,-6.723512072084024,linear,52,0,52,52,0,52,0.1,0.1015625,0.1015625,2.8855360504470413,2.8855360504470414e-06,mle,0.16881104461790553,3.843003004448316,ok,True,True,extraction,
xrp,1709,2022-07-16,1197,1708,512,-6.723512072084024,linear,52,0,52,52,0,52,0.1,0.1015625,0.1015625,2.8678002504828646,2.8678002504828644e-06,mle,0.16881104461790553,3.843003004448316,ok,True,True,extraction,
xrp,1710,2022-07-17,1198,1709,512,-6.723512072084024,linear,52,0,52,52,0,52,0.1,0.1015625,0.1015625,2.8678002504828646,2.8678002504828644e-06,mle,0.16881104461790553,3.843003004448316,ok,True,True,extraction,
xrp,1711,2022-07-18,1199,1710,512,-6.680135275981883,linear,52,0,52,52,0,52,0.1,0.1015625,0.1015625,2.8164694109813135,2.8164694109813133e-06,mle,0.18048558703186074,3.7893824213427125,ok,True,True,extraction,
xrp,1712,2022-07-19,1200,1711,512,-6.680135275981883,linear,52,0,52,52,0,52,0.1,0.1015625,0.1015625,2.8164694109813135,2.8164694109813133e-06,mle,0.18048558703186074,3.7893824213427125,ok,True,True,extraction,
xrp,1713,2022-07-20,1201,1712,512,-6.680135275981883,linear,52,0,52,52,0,52,0.1,0.1015625,0.1015625,2.788885901795341,2.788885901795341e-06,mle,0.18048558703186074,3.7893824213427125,ok,True,True,extraction,
xrp,1714,2022-07-21,1202,1713,512,-6.598726099368874,linear,52,0,52,52,0,52,0.1,0.1015625,0.1015625,2.788885901795341,2.788885901795341e-06,mle,0.18761076507795055,3.626536410911104,ok,True,True,extraction,
xrp,1715,2022-07-22,1203,1714,512,-6.598726099368874,linear,52,0,52,52,0,52,0.1,0.1015625,0.1015625,2.809784925386024,2.809784925386024e-06,mle,0.18761076507795055,3.626536410911104,ok,True,True,extraction,
xrp,1716,2022-07-23,1204,1715,512,-6.4771580427702204,linear,52,0,52,52,0,52,0.1,0.1015625,0.1015625,2.793659699776964,2.793659699776964e-06,mle,0.1723795703684655,3.7660850960176027,ok,True,True,extraction,
xrp,1717,2022-07-24,1205,1716,512,-6.4771580427702204,linear,52,0,52,52,0,52,0.1,0.1015625,0.1015625,2.7940513661327797,2.7940513661327797e-06,mle,0.1723795703684655,3.7660850960176027,ok,True,True,extraction,
xrp,1718,2022-07-25,1206,1717,512,-6.4771580427702204,linear,52,0,52,52,0,52,0.1,0.1015625,0.1015625,2.793659699776964,2.793659699776964e-06,mle,0.1723795703684655,3.7660850960176027,ok,True,True,extraction,
xrp,1719,2022-07-26,1207,1718,512,-6.4771580427702204,linear,52,0,52,52,0,52,0.1,0.1015625,0.1015625,2.793659699776964,2.793659699776964e-06,mle,0.1723795703684655,3.7660850960176027,ok,True,True,extraction,
xrp,1720,2022-07-27,1208,1719,512,-6.4771580427702204,linear,52,0,52,52,0,52,0.1,0.1015625,0.1015625,2.766076190590992,2.7660761905909917e-06,mle,0.1723795703684655,3.7660850960176027,ok,True,True,extraction,
xrp,1721,2022-07-28,1209,1720,512,-6.4771580427702204,linear,52,0,52,52,0,52,0.1,0.1015625,0.1015625,2.7940513661327797,2.7940513661327797e-06,mle,0.1723795703684655,3.7660850960176027,ok,True,True,extraction,
xrp,1722,2022-07-29,1210,1721,512,-6.4771580427702204,linear,52,0,52,52,0,52,0.1,0.1015625,0.1015625,2.7940513661327797,2.7940513661327797e-06,mle,0.1723795703684655,3.7660850960176027,ok,True,True,extraction,
xrp,1723,2022-07-30,1211,1722,512,-6.4771580427702204,linear,52,0,52,52,0,52,0.1,0.1015625,0.1015625,2.766076190590992,2.7660761905909917e-06,mle,0.1723795703684655,3.7660850960176027,ok,True,True,extraction,
xrp,1724,2022-07-31,1212,1723,512,-6.4771580427702204,linear,52,0,52,52,0,52,0.1,0.1015625,0.1015625,2.765822010451595,2.765822010451595e-06,mle,0.1723795703684655,3.7660850960176027,ok,True,True,extraction,
xrp,1725,2022-08-01,1213,1724,512,-6.4771580427702204,linear,52,0,52,52,0,52,0.1,0.1015625,0.1015625,2.766076190590992,2.7660761905909917e-06,mle,0.1723795703684655,3.7660850960176027,ok,True,True,extraction,
xrp,1726,2022-08-02,1214,1725,512,-6.4771580427702204,linear,52,0,52,52,0,52,0.1,0.1015625,0.1015625,2.7779605563985483,2.777960556398548e-06,mle,0.1723795703684655,3.7660850960176027,ok,True,True,extraction,
xrp,1727,2022-08-03,1215,1726,512,-6.4771580427702204,linear,52,0,52,52,0,52,0.1,0.1015625,0.1015625,2.778092675422751,2.778092675422751e-06,mle,0.1723795703684655,3.7660850960176027,ok,True,True,extraction,
xrp,1728,2022-08-04,1216,1727,512,-6.4771580427702204,linear,52,0,52,52,0,52,0.1,0.1015625,0.1015625,2.800046892724663,2.800046892724663e-06,mle,0.1723795703684655,3.7660850960176027,ok,True,True,extraction,
xrp,1729,2022-08-05,1217,1728,512,-6.4771580427702204,linear,52,0,52,52,0,52,0.1,0.1015625,0.1015625,2.7640652218364132,2.764065221836413e-06,mle,0.1723795703684655,3.7660850960176027,ok,True,True,extraction,
xrp,1730,2022-08-06,1218,1729,512,-6.4771580427702204,linear,52,0,52,52,0,52,0.1,0.1015625,0.1015625,2.7693697902556424,2.769369790255642e-06,mle,0.1723795703684655,3.7660850960176027,ok,True,True,extraction,
xrp,1731,2022-08-07,1219,1730,512,-6.4771580427702204,linear,52,0,52,52,0,52,0.1,0.1015625,0.1015625,2.7693697902556424,2.769369790255642e-06,mle,0.1723795703684655,3.7660850960176027,ok,True,True,extraction,
xrp,1732,2022-08-08,1220,1731,512,-6.4771580427702204,linear,52,0,52,52,0,52,0.1,0.1015625,0.1015625,2.7552829642184014,2.7552829642184012e-06,mle,0.1723795703684655,3.7660850960176027,ok,True,True,extraction,
xrp,1733,2022-08-09,1221,1732,512,-6.4771580427702204,linear,52,0,52,52,0,52,0.1,0.1015625,0.1015625,2.7274452748930327,2.7274452748930324e-06,mle,0.1723795703684655,3.7660850960176027,ok,True,True,extraction,
xrp,1734,2022-08-10,1222,1733,512,-6.4771580427702204,linear,52,0,52,52,0,52,0.1,0.1015625,0.1015625,2.7367315719326677,2.7367315719326674e-06,mle,0.1723795703684655,3.7660850960176027,ok,True,True,extraction,
xrp,1735,2022-08-11,1223,1734,512,-6.4771580427702204,linear,52,0,52,52,0,52,0.1,0.1015625,0.1015625,2.7367315719326677,2.7367315719326674e-06,mle,0.1723795703684655,3.7660850960176027,ok,True,True,extraction,
xrp,1736,2022-08-12,1224,1735,512,-6.4771580427702204,linear,52,0,52,52,0,52,0.1,0.1015625,0.1015625,2.7552829642184014,2.7552829642184012e-06,mle,0.1723795703684655,3.7660850960176027,ok,True,True,extraction,
xrp,1737,2022-08-13,1225,1736,512,-6.4771580427702204,linear,52,0,52,52,0,52,0.1,0.1015625,0.1015625,2.75114181703338,2.75114181703338e-06,mle,0.1723795703684655,3.7660850960176027,ok,True,True,extraction,
xrp,1738,2022-08-14,1226,1737,512,-6.4771580427702204,linear,52,0,52,52,0,52,0.1,0.1015625,0.1015625,2.75114181703338,2.75114181703338e-06,mle,0.1723795703684655,3.7660850960176027,ok,True,True,extraction,
xrp,1739,2022-08-15,1227,1738,512,-6.4771580427702204,linear,52,0,52,52,0,52,0.1,0.1015625,0.1015625,2.726718705300821,2.726718705300821e-06,mle,0.1723795703684655,3.7660850960176027,ok,True,True,extraction,
xrp,1740,2022-08-16,1228,1739,512,-6.4771580427702204,linear,52,0,52,52,0,52,0.1,0.1015625,0.1015625,2.726718705300821,2.726718705300821e-06,mle,0.1723795703684655,3.7660850960176027,ok,True,True,extraction,
xrp,1741,2022-08-17,1229,1740,512,-6.4771580427702204,linear,52,0,52,52,0,52,0.1,0.1015625,0.1015625,2.7063778885271184,2.7063778885271182e-06,mle,0.1723795703684655,3.7660850960176027,ok,True,True,extraction,
xrp,1742,2022-08-18,1230,1741,512,-6.4771580427702204,linear,52,0,52,52,0,52,0.1,0.1015625,0.1015625,2.7063778885271184,2.7063778885271182e-06,mle,0.1723795703684655,3.7660850960176027,ok,True,True,extraction,
xrp,1743,2022-08-19,1231,1742,512,-6.4366489033017835,linear,52,0,52,52,0,52,0.1,0.1015625,0.1015625,2.683518444921817,2.683518444921817e-06,mle,0.19905829770395128,3.5798162615488747,ok,True,True,extraction,
xrp,1744,2022-08-20,1232,1743,512,-6.4771580427702204,linear,52,0,52,52,0,52,0.1,0.1015625,0.1015625,2.6908578049861696,2.6908578049861693e-06,mle,0.17941241370952193,3.6888459277700103,ok,True,True,extraction,
xrp,1745,2022-08-21,1233,1744,512,-6.4771580427702204,linear,52,0,52,52,0,52,0.1,0.1015625,0.1015625,2.681962634399598,2.681962634399598e-06,mle,0.17941241370952193,3.6888459277700103,ok,True,True,extraction,
xrp,1746,2022-08-22,1234,1745,512,-6.4771580427702204,linear,52,0,52,52,0,52,0.1,0.1015625,0.1015625,2.6600507511077747,2.6600507511077747e-06,mle,0.17941241370952193,3.6888459277700103,ok,True,True,extraction,
xrp,1747,2022-08-23,1235,1746,512,-6.4771580427702204,linear,52,0,52,52,0,52,0.1,0.1015625,0.1015625,2.6683407796262353,2.6683407796262353e-06,mle,0.17941241370952193,3.6888459277700103,ok,True,True,extraction,
xrp,1748,2022-08-24,1236,1747,512,-6.4771580427702204,linear,52,0,52,52,0,52,0.1,0.1015625,0.1015625,2.640503090300866,2.640503090300866e-06,mle,0.17941241370952193,3.6888459277700103,ok,True,True,extraction,
xrp,1749,2022-08-25,1237,1748,512,-6.4771580427702204,linear,52,0,52,52,0,52,0.1,0.1015625,0.1015625,2.640503090300866,2.640503090300866e-06,mle,0.17941241370952193,3.6888459277700103,ok,True,True,extraction,
xrp,1750,2022-08-26,1238,1749,512,-6.4771580427702204,linear,52,0,52,52,0,52,0.1,0.1015625,0.1015625,2.640503090300866,2.640503090300866e-06,mle,0.17941241370952193,3.6888459277700103,ok,True,True,extraction,
xrp,1751,2022-08-27,1239,1750,512,-6.4771580427702204,linear,52,0,52,52,0,52,0.1,0.1015625,0.1015625,2.6683407796262353,2.6683407796262353e-06,mle,0.17941241370952193,3.6888459277700103,ok,True,True,extraction,
xrp,1752,2022-08-28,1240,1751,512,-6.4771580427702204,linear,52,0,52,52,0,52,0.1,0.1015625,0.1015625,2.622182993359228,2.622182993359228e-06,mle,0.17941241370952193,3.6888459277700103,ok,True,True,extraction,
xrp,1753,2022-08-29,1241,1752,512,-6.4771580427702204,linear,52,0,52,52,0,52,0.1,0.1015625,0.1015625,2.622182993359228,2.622182993359228e-06,mle,0.17941241370952193,3.6888459277700103,ok,True,True,extraction,
xrp,1754,2022-08-30,1242,1753,512,-6.4771580427702204,linear,52,0,52,52,0,52,0.1,0.1015625,0.1015625,2.622182993359228,2.622182993359228e-06,mle,0.17941241370952193,3.6888459277700103,ok,True,True,extraction,
xrp,1755,2022-08-31,1243,1754,512,-6.4771580427702204,linear,52,0,52,52,0,52,0.1,0.1015625,0.1015625,2.6020369335541087,2.6020369335541085e-06,mle,0.17941241370952193,3.6888459277700103,ok,True,True,extraction,
xrp,1756,2022-09-01,1244,1755,512,-6.4771580427702204,linear,52,0,52,52,0,52,0.1,0.1015625,0.1015625,2.579999368271376,2.579999368271376e-06,mle,0.17941241370952193,3.6888459277700103,ok,True,True,extraction,
xrp,1757,2022-09-02,1245,1756,512,-6.4366489033017835,linear,52,0,52,52,0,52,0.1,0.1015625,0.1015625,2.569772951039811,2.5697729510398107e-06,mle,0.1973686220817384,3.461770707919213,ok,True,True,extraction,
xrp,1758,2022-09-03,1246,1757,512,-6.4366489033017835,linear,52,0,52,52,0,52,0.1,0.1015625,0.1015625,2.5664237008323014,2.5664237008323015e-06,mle,0.1973686220817384,3.461770707919213,ok,True,True,extraction,
xrp,1759,2022-09-04,1247,1758,512,-6.4366489033017835,linear,52,0,52,52,0,52,0.1,0.1015625,0.1015625,2.5563709810490334,2.5563709810490333e-06,mle,0.1973686220817384,3.461770707919213,ok,True,True,extraction,
xrp,1760,2022-09-05,1248,1759,512,-6.4366489033017835,linear,52,0,52,52,0,52,0.1,0.1015625,0.1015625,2.5519751714417707,2.5519751714417706e-06,mle,0.1973686220817384,3.461770707919213,ok,True,True,extraction,
xrp,1761,2022-09-06,1249,1760,512,-6.4366489033017835,linear,52,0,52,52,0,52,0.1,0.1015625,0.1015625,2.536146309044953,2.5361463090449532e-06,mle,0.1973686220817384,3.461770707919213,ok,True,True,extraction,
xrp,1762,2022-09-07,1250,1761,512,-6.4366489033017835,linear,52,0,52,52,0,52,0.1,0.1015625,0.1015625,2.5519751714417707,2.5519751714417706e-06,mle,0.1973686220817384,3.461770707919213,ok,True,True,extraction,
xrp,1763,2022-09-08,1251,1762,512,-6.4366489033017835,linear,52,0,52,52,0,52,0.1,0.1015625,0.1015625,2.5519751714417707,2.5519751714417706e-06,mle,0.1973686220817384,3.461770707919213,ok,True,True,extraction,
xrp,1764,2022-09-09,1252,1763,512,-6.4366489033017835,linear,52,0,52,52,0,52,0.1,0.1015625,0.1015625,2.544365377523456,2.544365377523456e-06,mle,0.1973686220817384,3.461770707919213,ok,True,True,extraction,
xrp,1765,2022-09-10,1253,1764,512,-6.4366489033017835,linear,52,0,52,52,0,52,0.1,0.1015625,0.1015625,2.5241941358138984,2.524194135813898e-06,mle,0.1973686220817384,3.461770707919213,ok,True,True,extraction,
xrp,1766,2022-09-11,1254,1765,512,-6.335012115685039,linear,52,0,52,52,0,52,0.1,0.1015625,0.1015625,2.5016704914855312,2.501670491485531e-06,mle,0.2049043875104813,3.414618797665905,ok,True,True,extraction,
xrp,1767,2022-09-12,1255,1766,512,-6.335012115685039,linear,52,0,52,52,0,52,0.1,0.1015625,0.1015625,2.5030583984749426,2.5030583984749427e-06,mle,0.2049043875104813,3.414618797665905,ok,True,True,extraction,
xrp,1768,2022-09-13,1256,1767,512,-6.302150141330145,linear,52,0,52,52,0,52,0.1,0.1015625,0.1015625,2.4877189843764542,2.4877189843764542e-06,mle,0.22836774095407814,3.283829048337116,ok,True,True,extraction,
xrp,1769,2022-09-14,1257,1768,512,-6.302150141330145,linear,52,0,52,52,0,52,0.1,0.1015625,0.1015625,2.4877189843764542,2.4877189843764542e-06,mle,0.21944741013289043,3.3300194769232445,ok,True,True,extraction,
xrp,1770,2022-09-15,1258,1769,512,-6.302150141330145,linear,52,0,52,52,0,52,0.1,0.1015625,0.1015625,2.4877189843764542,2.4877189843764542e-06,mle,0.21944741013289043,3.3300194769232445,ok,True,True,extraction,
xrp,1771,2022-09-16,1259,1770,512,-6.279113388407077,linear,52,0,52,52,0,52,0.1,0.1015625,0.1015625,2.4877189843764542,2.4877189843764542e-06,mle,0.21510147668309154,3.3632997145158834,ok,True,True,extraction,
xrp,1772,2022-09-17,1260,1771,512,-6.123021721990506,linear,52,0,52,52,0,52,0.1,0.1015625,0.1015625,2.4877189843764542,2.4877189843764542e-06,mle,0.2053823904324658,3.4504094640430076,ok,True,True,extraction,
xrp,1773,2022-09-18,1261,1772,512,-6.123021721990506,linear,52,0,52,52,0,52,0.1,0.1015625,0.1015625,2.4975515231417766,2.4975515231417764e-06,mle,0.2053823904324658,3.4504094640430076,ok,True,True,extraction,
xrp,1774,2022-09-19,1262,1773,512,-6.004253419654634,linear,52,0,52,52,0,52,0.1,0.1015625,0.1015625,2.4975515231417766,2.4975515231417764e-06,mle,0.20618066764572968,3.466705708916635,ok,True,True,extraction,
xrp,1775,2022-09-20,1263,1774,512,-6.004253419654634,linear,52,0,52,52,0,52,0.1,0.1015625,0.1015625,2.4996711576075086,2.4996711576075084e-06,mle,0.20618066764572968,3.466705708916635,ok,True,True,extraction,
xrp,1776,2022-09-21,1264,1775,512,-6.004253419654634,linear,52,0,52,52,0,52,0.1,0.1015625,0.1015625,2.4996711576075086,2.4996711576075084e-06,mle,0.20618066764572968,3.466705708916635,ok,True,True,extraction,
xrp,1777,2022-09-22,1265,1776,512,-6.004253419654634,linear,52,0,52,52,0,52,0.1,0.1015625,0.1015625,2.5150105717059974,2.5150105717059973e-06,mle,0.20618066764572968,3.466705708916635,ok,True,True,extraction,
xrp,1778,2022-09-23,1266,1777,512,-6.004253419654634,linear,52,0,52,52,0,52,0.1,0.1015625,0.1015625,2.5055551955263335,2.5055551955263336e-06,mle,0.20618066764572968,3.466705708916635,ok,True,True,extraction,
xrp,1779,2022-09-24,1267,1778,512,-6.004253419654634,linear,52,0,52,52,0,52,0.1,0.1015625,0.1015625,2.5055551955263335,2.5055551955263336e-06,mle,0.20618066764572968,3.466705708916635,ok,True,True,extraction,
xrp,1780,2022-09-25,1268,1779,512,-6.004253419654634,linear,52,0,52,52,0,52,0.1,0.1015625,0.1015625,2.5150105717059974,2.5150105717059973e-06,mle,0.20618066764572968,3.466705708916635,ok,True,True,extraction,
xrp,1781,2022-09-26,1269,1780,512,-6.004253419654634,linear,52,0,52,52,0,52,0.1,0.1015625,0.1015625,2.5095036963728314,2.5095036963728314e-06,mle,0.20618066764572968,3.466705708916635,ok,True,True,extraction,
xrp,1782,2022-09-27,1270,1781,512,-6.004253419654634,linear,52,0,52,52,0,52,0.1,0.1015625,0.1015625,2.5095036963728314,2.5095036963728314e-06,mle,0.20618066764572968,3.466705708916635,ok,True,True,extraction,
xrp,1783,2022-09-28,1271,1782,512,-6.004253419654634,linear,52,0,52,52,0,52,0.1,0.1015625,0.1015625,2.5150105717059974,2.5150105717059973e-06,mle,0.20618066764572968,3.466705708916635,ok,True,True,extraction,
xrp,1784,2022-09-29,1272,1783,512,-5.798522714093749,linear,52,0,52,52,0,52,0.1,0.1015625,0.1015625,2.4996711576075086,2.4996711576075084e-06,mle,0.1861282932268712,3.636044947459223,ok,True,True,extraction,
xrp,1785,2022-09-30,1273,1784,512,-5.798522714093749,linear,52,0,52,52,0,52,0.1,0.1015625,0.1015625,2.4996711576075086,2.4996711576075084e-06,mle,0.1861282932268712,3.636044947459223,ok,True,True,extraction,
xrp,1786,2022-10-01,1274,1785,512,-5.798522714093749,linear,52,0,52,52,0,52,0.1,0.1015625,0.1015625,2.4996711576075086,2.4996711576075084e-06,mle,0.1861282932268712,3.636044947459223,ok,True,True,extraction,
xrp,1787,2022-10-02,1275,1786,512,-5.798522714093749,linear,52,0,52,52,0,52,0.1,0.1015625,0.1015625,2.4996711576075086,2.4996711576075084e-06,mle,0.1861282932268712,3.636044947459223,ok,True,True,extraction,
xrp,1788,2022-10-03,1276,1787,512,-5.798522714093749,linear,52,0,52,52,0,52,0.1,0.1015625,0.1015625,2.5055551955263335,2.5055551955263336e-06,mle,0.1861282932268712,3.636044947459223,ok,True,True,extraction,
xrp,1789,2022-10-04,1277,1788,512,-5.798522714093749,linear,52,0,52,52,0,52,0.1,0.1015625,0.1015625,2.5208240490665723,2.520824049066572e-06,mle,0.1861282932268712,3.636044947459223,ok,True,True,extraction,
xrp,1790,2022-10-05,1278,1789,512,-5.762213040079013,linear,52,0,52,52,0,52,0.1,0.1015625,0.1015625,2.5261947672900606,2.5261947672900607e-06,mle,0.20729868252132755,3.5087898744368027,ok,True,True,extraction,
xrp,1791,2022-10-06,1279,1790,512,-5.762213040079013,linear,52,0,52,52,0,52,0.1,0.1015625,0.1015625,2.4949916152266445,2.4949916152266444e-06,mle,0.20729868252132755,3.5087898744368027,ok,True,True,extraction,
xrp,1792,2022-10-07,1280,1791,512,-5.750803703718184,linear,52,0,52,52,0,52,0.1,0.1015625,0.1015625,2.451452431539331,2.451452431539331e-06,mle,0.23135558614552595,3.2422935976956464,ok,True,True,extraction,
xrp,1793,2022-10-08,1281,1792,512,-5.750803703718184,linear,52,0,52,52,0,52,0.1,0.1015625,0.1015625,2.451452431539331,2.451452431539331e-06,mle,0.23135558614552595,3.2422935976956464,ok,True,True,extraction,
xrp,1794,2022-10-09,1282,1793,512,-5.750803703718184,linear,52,0,52,52,0,52,0.1,0.1015625,0.1015625,2.4600602834726955,2.460060283472695e-06,mle,0.23135558614552595,3.2422935976956464,ok,True,True,extraction,
xrp,1795,2022-10-10,1283,1794,512,-5.750803703718184,linear,52,0,52,52,0,52,0.1,0.1015625,0.1015625,2.4600602834726955,2.460060283472695e-06,mle,0.23135558614552595,3.2422935976956464,ok,True,True,extraction,
xrp,1796,2022-10-11,1284,1795,512,-5.762213040079013,linear,52,0,52,52,0,52,0.1,0.1015625,0.1015625,2.478599556273902,2.478599556273902e-06,mle,0.21850193151731512,3.3052197214904173,ok,True,True,extraction,
xrp,1797,2022-10-12,1285,1796,512,-5.762213040079013,linear,52,0,52,52,0,52,0.1,0.1015625,0.1015625,2.4764523424254383,2.476452342425438e-06,mle,0.21850193151731512,3.3052197214904173,ok,True,True,extraction,
xrp,1798,2022-10-13,1286,1797,512,-5.762213040079013,linear,52,0,52,52,0,52,0.1,0.1015625,0.1015625,2.469276533211162,2.469276533211162e-06,mle,0.21850193151731512,3.3052197214904173,ok,True,True,extraction,
xrp,1799,2022-10-14,1287,1798,512,-5.750803703718184,linear,52,0,52,52,0,52,0.1,0.1015625,0.1015625,2.458996685685074,2.4589966856850737e-06,mle,0.07756852749380169,3.3301553580132155,ok,True,True,extraction,
xrp,1800,2022-10-15,1288,1799,512,-5.750803703718184,linear,52,0,52,52,0,52,0.1,0.1015625,0.1015625,2.4470445124540197,2.4470445124540195e-06,mle,0.07756852749380169,3.3301553580132155,ok,True,True,extraction,
xrp,1801,2022-10-16,1289,1800,512,-5.716685195066759,linear,52,0,52,52,0,52,0.1,0.1015625,0.1015625,2.424006758168285,2.424006758168285e-06,mle,0.09317633674910968,3.1187924177740327,ok,True,True,extraction,
xrp,1802,2022-10-17,1290,1801,512,-5.6858036518979125,linear,52,0,52,52,0,52,0.1,0.1015625,0.1015625,2.402590534385812,2.402590534385812e-06,mle,0.11885846617345118,2.976120314575116,ok,True,True,extraction,
xrp,1803,2022-10-18,1291,1802,512,-5.669937999316289,linear,52,0,52,52,0,52,0.1,0.1015625,0.1015625,2.3992165477488,2.3992165477488e-06,mle,0.14903333600404542,2.7705781043965323,ok,True,True,extraction,
xrp,1804,2022-10-19,1292,1803,512,-5.669937999316289,linear,52,0,52,52,0,52,0.1,0.1015625,0.1015625,2.3908767519356138,2.390876751935614e-06,mle,0.14903333600404542,2.7705781043965323,ok,True,True,extraction,
xrp,1805,2022-10-20,1293,1804,512,-5.669937999316289,linear,52,0,52,52,0,52,0.1,0.1015625,0.1015625,2.402590534385812,2.402590534385812e-06,mle,0.14903333600404542,2.7705781043965323,ok,True,True,extraction,
xrp,1806,2022-10-21,1294,1805,512,-5.669937999316289,linear,52,0,52,52,0,52,0.1,0.1015625,0.1015625,2.425146617092642,2.425146617092642e-06,mle,0.14903333600404542,2.7705781043965323,ok,True,True,extraction,
xrp,1807,2022-10-22,1295,1806,512,-5.5270604959771745,linear,52,0,52,52,0,52,0.1,0.1015625,0.1015625,2.3908767519356138,2.390876751935614e-06,mle,0.11165430757436409,3.003892529210408,ok,True,True,extraction,
xrp,1808,2022-10-23,1296,1807,512,-5.521359940009001,linear,52,0,52,52,0,52,0.1,0.1015625,0.1015625,2.390935143734707,2.390935143734707e-06,mle,0.1317053245359669,2.9093654948275645,ok,True,True,extraction,
xrp,1809,2022-10-24,1297,1808,512,-5.49924595905996,linear,52,0,52,52,0,52,0.1,0.1015625,0.1015625,2.389747121867365,2.389747121867365e-06,mle,0.15119168707271113,2.826044974309372,ok,True,True,extraction,
xrp,1810,2022-10-25,1298,1809,512,-5.49924595905996,linear,52,0,52,52,0,52,0.1,0.1015625,0.1015625,2.3863527587049695,2.3863527587049695e-06,mle,0.15119168707271113,2.826044974309372,ok,True,True,extraction,
xrp,1811,2022-10-26,1299,1810,512,-5.49924595905996,linear,52,0,52,52,0,52,0.1,0.1015625,0.1015625,2.3799723146565688,2.3799723146565685e-06,mle,0.15119168707271113,2.826044974309372,ok,True,True,extraction,
xrp,1812,2022-10-27,1300,1811,512,-5.49924595905996,linear,52,0,52,52,0,52,0.1,0.1015625,0.1015625,2.386433778767782,2.386433778767782e-06,mle,0.15119168707271113,2.826044974309372,ok,True,True,extraction,
xrp,1813,2022-10-28,1301,1812,512,-5.49924595905996,linear,52,0,52,52,0,52,0.1,0.1015625,0.1015625,2.368330898084893,2.368330898084893e-06,mle,0.15119168707271113,2.826044974309372,ok,True,True,extraction,
xrp,1814,2022-10-29,1302,1813,512,-5.49924595905996,linear,52,0,52,52,0,52,0.1,0.1015625,0.1015625,2.3799723146565688,2.3799723146565685e-06,mle,0.15119168707271113,2.826044974309372,ok,True,True,extraction,
xrp,1815,2022-10-30,1303,1814,512,-5.391274730318794,linear,52,0,52,52,0,52,0.1,0.1015625,0.1015625,2.368330898084893,2.368330898084893e-06,mle,0.13666385494184158,2.9325248644376414,ok,True,True,extraction,
xrp,1816,2022-10-31,1304,1815,512,-5.391274730318794,linear,52,0,52,52,0,52,0.1,0.1015625,0.1015625,2.368330898084893,2.368330898084893e-06,mle,0.13666385494184158,2.9325248644376414,ok,True,True,extraction,
xrp,1817,2022-11-01,1305,1816,512,-5.391274730318794,linear,52,0,52,52,0,52,0.1,0.1015625,0.1015625,2.368330898084893,2.368330898084893e-06,mle,0.13666385494184158,2.9325248644376414,ok,True,True,extraction,
xrp,1818,2022-11-02,1306,1817,512,-5.34750571478529,linear,52,0,52,52,0,52,0.1,0.1015625,0.1015625,2.3612576046412403,2.36125760464124e-06,mle,0.1578696187852756,2.8352725777493983,ok,True,True,extraction,
xrp,1819,2022-11-03,1307,1818,512,-5.34750571478529,linear,52,0,52,52,0,52,0.1,0.1015625,0.1015625,2.3520931224040504,2.3520931224040505e-06,mle,0.1578696187852756,2.8352725777493983,ok,True,True,extraction,
xrp,1820,2022-11-04,1308,1819,512,-5.34750571478529,linear,52,0,52,52,0,52,0.1,0.1015625,0.1015625,2.338639384911996,2.3386393849119962e-06,mle,0.1578696187852756,2.8352725777493983,ok,True,True,extraction,
xrp,1821,2022-11-05,1309,1820,512,-5.340355765463222,linear,52,0,52,52,0,52,0.1,0.1015625,0.1015625,2.3612576046412403,2.36125760464124e-06,mle,0.16083830015490874,2.8264942902430032,ok,True,True,extraction,
xrp,1822,2022-11-06,1310,1821,512,-5.340355765463222,linear,52,0,52,52,0,52,0.1,0.1015625,0.1015625,2.3592866540332107,2.3592866540332106e-06,mle,0.16083830015490874,2.8264942902430032,ok,True,True,extraction,
xrp,1823,2022-11-07,1311,1822,512,-5.340355765463222,linear,52,0,52,52,0,52,0.1,0.1015625,0.1015625,2.3612576046412403,2.36125760464124e-06,mle,0.16083830015490874,2.8264942902430032,ok,True,True,extraction,
xrp,1824,2022-11-08,1312,1823,512,-5.340355765463222,linear,52,0,52,52,0,52,0.1,0.1015625,0.1015625,2.3366684343039674,2.336668434303967e-06,mle,0.16083830015490874,2.8264942902430032,ok,True,True,extraction,
xrp,1825,2022-11-09,1313,1824,512,-5.34750571478529,linear,52,0,52,52,0,52,0.1,0.1015625,0.1015625,2.32369588203249,2.32369588203249e-06,mle,0.12607044002846185,3.0759541584362653,ok,True,True,extraction,
xrp,1826,2022-11-10,1314,1825,512,-5.391274730318794,linear,52,0,52,52,0,52,0.1,0.1015625,0.1015625,2.3332260082982725,2.3332260082982723e-06,mle,0.13671093910358562,3.245369134438266,ok,True,True,extraction,
xrp,1827,2022-11-11,1315,1826,512,-5.34750571478529,linear,52,0,52,52,0,52,0.1,0.1015625,0.1015625,2.3520931224040504,2.3520931224040505e-06,mle,0.139571698428068,3.250461153483049,ok,True,True,extraction,
xrp,1828,2022-11-12,1316,1827,512,-5.34750571478529,linear,52,0,52,52,0,52,0.1,0.1015625,0.1015625,2.337362782400138,2.337362782400138e-06,mle,0.139571698428068,3.250461153483049,ok,True,True,extraction,
xrp,1829,2022-11-13,1317,1828,512,-5.391274730318794,linear,52,0,52,52,0,52,0.1,0.1015625,0.1015625,2.337362782400138,2.337362782400138e-06,mle,0.15510238637924662,3.1597779980326175,ok,True,True,extraction,
xrp,1830,2022-11-14,1318,1829,512,-5.470748653221078,linear,52,0,52,52,0,52,0.1,0.1015625,0.1015625,2.337362782400138,2.337362782400138e-06,mle,0.1689555933580857,3.0643307417406906,ok,True,True,extraction,
xrp,1831,2022-11-15,1319,1830,512,-5.470748653221078,linear,52,0,52,52,0,52,0.1,0.1015625,0.1015625,2.3417207059146117,2.3417207059146118e-06,mle,0.1689555933580857,3.0643307417406906,ok,True,True,extraction,
xrp,1832,2022-11-16,1320,1831,512,-5.391274730318794,linear,52,0,52,52,0,52,0.1,0.1015625,0.1015625,2.376598328019557,2.376598328019557e-06,mle,0.09655267256042616,3.067493843790544,ok,True,True,extraction,
xrp,1833,2022-11-17,1321,1832,512,-5.343370049133709,linear,52,0,52,52,0,52,0.1,0.1015625,0.1015625,2.376598328019557,2.376598328019557e-06,mle,0.12295894749790272,2.9210940205609663,ok,True,True,extraction,
xrp,1834,2022-11-18,1322,1833,512,-5.343370049133709,linear,52,0,52,52,0,52,0.1,0.1015625,0.1015625,2.3683169240054633,2.368316924005463e-06,mle,0.12295894749790272,2.9210940205609663,ok,True,True,extraction,
xrp,1835,2022-11-19,1323,1834,512,-5.343370049133709,linear,52,0,52,52,0,52,0.1,0.1015625,0.1015625,2.3520931224040504,2.3520931224040505e-06,mle,0.12295894749790272,2.9210940205609663,ok,True,True,extraction,
xrp,1836,2022-11-20,1324,1835,512,-5.301489991173206,linear,52,0,52,52,0,52,0.1,0.1015625,0.1015625,2.3612576046412403,2.36125760464124e-06,mle,0.14756614991346506,2.8153544084766913,ok,True,True,extraction,
xrp,1837,2022-11-21,1325,1836,512,-5.343370049133709,linear,52,0,52,52,0,52,0.1,0.1015625,0.1015625,2.3520931224040504,2.3520931224040505e-06,mle,0.15251880987204536,2.7768541898769783,ok,True,True,extraction,
xrp,1838,2022-11-22,1326,1837,512,-5.343370049133709,linear,52,0,52,52,0,52,0.1,0.1015625,0.1015625,2.338639384911996,2.3386393849119962e-06,mle,0.15251880987204536,2.7768541898769783,ok,True,True,extraction,
xrp,1839,2022-11-23,1327,1838,512,-5.343370049133709,linear,52,0,52,52,0,52,0.1,0.1015625,0.1015625,2.368330898084893,2.368330898084893e-06,mle,0.15251880987204536,2.7768541898769783,ok,True,True,extraction,
xrp,1840,2022-11-24,1328,1839,512,-5.343370049133709,linear,52,0,52,52,0,52,0.1,0.1015625,0.1015625,2.3612576046412403,2.36125760464124e-06,mle,0.15251880987204536,2.7768541898769783,ok,True,True,extraction,
xrp,1841,2022-11-25,1329,1840,512,-5.343370049133709,linear,52,0,52,52,0,52,0.1,0.1015625,0.1015625,2.368330898084893,2.368330898084893e-06,mle,0.15251880987204536,2.7768541898769783,ok,True,True,extraction,
xrp,1842,2022-11-26,1330,1841,512,-5.301489991173206,linear,52,0,52,52,0,52,0.1,0.1015625,0.1015625,2.3830362357375754,2.3830362357375753e-06,mle,0.15536621199329492,2.782801695797572,ok,True,True,extraction,
xrp,1843,2022-11-27,1331,1842,512,-5.301489991173206,linear,52,0,52,52,0,52,0.1,0.1015625,0.1015625,2.386433778767782,2.386433778767782e-06,mle,0.15536621199329492,2.782801695797572,ok,True,True,extraction,
xrp,1844,2022-11-28,1332,1843,512,-5.301489991173206,linear,52,0,52,52,0,52,0.1,0.1015625,0.1015625,2.3830362357375754,2.3830362357375753e-06,mle,0.15536621199329492,2.782801695797572,ok,True,True,extraction,
xrp,1845,2022-11-29,1333,1844,512,-5.301489991173206,linear,52,0,52,52,0,52,0.1,0.1015625,0.1015625,2.3592866540332107,2.3592866540332106e-06,mle,0.15536621199329492,2.782801695797572,ok,True,True,extraction,
xrp,1846,2022-11-30,1334,1845,512,-5.2830120594733785,linear,52,0,52,52,0,52,0.1,0.1015625,0.1015625,2.354353024516876,2.3543530245168757e-06,mle,0.16070708185269883,2.770260023937234,ok,True,True,extraction,
xrp,1847,2022-12-01,1335,1846,512,-5.2830120594733785,linear,52,0,52,52,0,52,0.1,0.1015625,0.1015625,2.3695014781827095,2.3695014781827092e-06,mle,0.16070708185269883,2.770260023937234,ok,True,True,extraction,
xrp,1848,2022-12-02,1336,1847,512,-5.2830120594733785,linear,52,0,52,52,0,52,0.1,0.1015625,0.1015625,2.3830362357375754,2.3830362357375753e-06,mle,0.16070708185269883,2.770260023937234,ok,True,True,extraction,
xrp,1849,2022-12-03,1337,1848,512,-5.2830120594733785,linear,52,0,52,52,0,52,0.1,0.1015625,0.1015625,2.3695014781827095,2.3695014781827092e-06,mle,0.16070708185269883,2.770260023937234,ok,True,True,extraction,
xrp,1850,2022-12-04,1338,1849,512,-5.2830120594733785,linear,52,0,52,52,0,52,0.1,0.1015625,0.1015625,2.3592866540332107,2.3592866540332106e-06,mle,0.16070708185269883,2.770260023937234,ok,True,True,extraction,
xrp,1851,2022-12-05,1339,1850,512,-5.2830120594733785,linear,52,0,52,52,0,52,0.1,0.1015625,0.1015625,2.3695014781827095,2.3695014781827092e-06,mle,0.16070708185269883,2.770260023937234,ok,True,True,extraction,
xrp,1852,2022-12-06,1340,1851,512,-5.2830120594733785,linear,52,0,52,52,0,52,0.1,0.1015625,0.1015625,2.3592866540332107,2.3592866540332106e-06,mle,0.16070708185269883,2.770260023937234,ok,True,True,extraction,
xrp,1853,2022-12-07,1341,1852,512,-5.2830120594733785,linear,52,0,52,52,0,52,0.1,0.1015625,0.1015625,2.3695014781827095,2.3695014781827092e-06,mle,0.16070708185269883,2.770260023937234,ok,True,True,extraction,
xrp,1854,2022-12-08,1342,1853,512,-5.2830120594733785,linear,52,0,52,52,0,52,0.1,0.1015625,0.1015625,2.3695014781827095,2.3695014781827092e-06,mle,0.16070708185269883,2.770260023937234,ok,True,True,extraction,
xrp,1855,2022-12-09,1343,1854,512,-5.2830120594733785,linear,52,0,52,52,0,52,0.1,0.1015625,0.1015625,2.3830362357375754,2.3830362357375753e-06,mle,0.16070708185269883,2.770260023937234,ok,True,True,extraction,
xrp,1856,2022-12-10,1344,1855,512,-5.2830120594733785,linear,52,0,52,52,0,52,0.1,0.1015625,0.1015625,2.3695014781827095,2.3695014781827092e-06,mle,0.16070708185269883,2.770260023937234,ok,True,True,extraction,
xrp,1857,2022-12-11,1345,1856,512,-5.2830120594733785,linear,52,0,52,52,0,52,0.1,0.1015625,0.1015625,2.3695014781827095,2.3695014781827092e-06,mle,0.16070708185269883,2.770260023937234,ok,True,True,extraction,
xrp,1858,2022-12-12,1346,1857,512,-5.2830120594733785,linear,52,0,52,52,0,52,0.1,0.1015625,0.1015625,2.3695014781827095,2.3695014781827092e-06,mle,0.16070708185269883,2.770260023937234,ok,True,True,extraction,
xrp,1859,2022-12-13,1347,1858,512,-5.2830120594733785,linear,52,0,52,52,0,52,0.1,0.1015625,0.1015625,2.3695014781827095,2.3695014781827092e-06,mle,0.16070708185269883,2.770260023937234,ok,True,True,extraction,
xrp,1860,2022-12-14,1348,1859,512,-5.244666694830116,linear,52,0,52,52,0,52,0.1,0.1015625,0.1015625,2.3672856994960454,2.3672856994960454e-06,mle,0.14338096673194023,2.856229172695583,ok,True,True,extraction,
xrp,1861,2022-12-15,1349,1860,512,-5.244666694830116,linear,52,0,52,52,0,52,0.1,0.1015625,0.1015625,2.3478403834557335,2.3478403834557336e-06,mle,0.14338096673194023,2.856229172695583,ok,True,True,extraction,
xrp,1862,2022-12-16,1350,1861,512,-5.244666694830116,linear,52,0,52,52,0,52,0.1,0.1015625,0.1015625,2.345869475713573,2.345869475713573e-06,mle,0.14338096673194023,2.856229172695583,ok,True,True,extraction,
xrp,1863,2022-12-17,1351,1862,512,-5.2830120594733785,linear,52,0,52,52,0,52,0.1,0.1015625,0.1015625,2.3202501855738804,2.32025018557388e-06,mle,0.13146015338736855,2.892785035126411,ok,True,True,extraction,
xrp,1864,2022-12-18,1352,1863,512,-5.2830120594733785,linear,52,0,52,52,0,52,0.1,0.1015625,0.1015625,2.2986775584274053,2.298677558427405e-06,mle,0.13146015338736855,2.892785035126411,ok,True,True,extraction,
xrp,1865,2022-12-19,1353,1864,512,-5.2830120594733785,linear,52,0,52,52,0,52,0.1,0.1015625,0.1015625,2.2976319658446362,2.2976319658446363e-06,mle,0.13146015338736855,2.892785035126411,ok,True,True,extraction,
xrp,1866,2022-12-20,1354,1865,512,-5.2830120594733785,linear,52,0,52,52,0,52,0.1,0.1015625,0.1015625,2.3012262741101783,2.301226274110178e-06,mle,0.13146015338736855,2.892785035126411,ok,True,True,extraction,
xrp,1867,2022-12-21,1355,1866,512,-5.2830120594733785,linear,52,0,52,52,0,52,0.1,0.1015625,0.1015625,2.3012262741101783,2.301226274110178e-06,mle,0.13146015338736855,2.892785035126411,ok,True,True,extraction,
xrp,1868,2022-12-22,1356,1867,512,-5.2830120594733785,linear,52,0,52,52,0,52,0.1,0.1015625,0.1015625,2.297022830768725,2.297022830768725e-06,mle,0.13146015338736855,2.892785035126411,ok,True,True,extraction,
xrp,1869,2022-12-23,1357,1868,512,-5.2830120594733785,linear,52,0,52,52,0,52,0.1,0.1015625,0.1015625,2.2804515130882983,2.2804515130882983e-06,mle,0.13146015338736855,2.892785035126411,ok,True,True,extraction,
xrp,1870,2022-12-24,1358,1869,512,-5.2830120594733785,linear,52,0,52,52,0,52,0.1,0.1015625,0.1015625,2.2627543437396915,2.2627543437396913e-06,mle,0.13146015338736855,2.892785035126411,ok,True,True,extraction,
xrp,1871,2022-12-25,1359,1870,512,-5.2830120594733785,linear,52,0,52,52,0,52,0.1,0.1015625,0.1015625,2.2585264146178883,2.258526414617888e-06,mle,0.13146015338736855,2.892785035126411,ok,True,True,extraction,
xrp,1872,2022-12-26,1360,1871,512,-5.2830120594733785,linear,52,0,52,52,0,52,0.1,0.1015625,0.1015625,2.2585264146178883,2.258526414617888e-06,mle,0.13146015338736855,2.892785035126411,ok,True,True,extraction,
xrp,1873,2022-12-27,1361,1872,512,-5.2830120594733785,linear,52,0,52,52,0,52,0.1,0.1015625,0.1015625,2.2627543437396915,2.2627543437396913e-06,mle,0.13146015338736855,2.892785035126411,ok,True,True,extraction,
xrp,1874,2022-12-28,1362,1873,512,-5.2830120594733785,linear,52,0,52,52,0,52,0.1,0.1015625,0.1015625,2.2627543437396915,2.2627543437396913e-06,mle,0.13146015338736855,2.892785035126411,ok,True,True,extraction,
xrp,1875,2022-12-29,1363,1874,512,-5.2830120594733785,linear,52,0,52,52,0,52,0.1,0.1015625,0.1015625,2.2627543437396915,2.2627543437396913e-06,mle,0.13146015338736855,2.892785035126411,ok,True,True,extraction,
xrp,1876,2022-12-30,1364,1875,512,-5.2830120594733785,linear,52,0,52,52,0,52,0.1,0.1015625,0.1015625,2.2585264146178883,2.258526414617888e-06,mle,0.13146015338736855,2.892785035126411,ok,True,True,extraction,
xrp,1877,2022-12-31,1365,1876,512,-5.2830120594733785,linear,52,0,52,52,0,52,0.1,0.1015625,0.1015625,2.2585264146178883,2.258526414617888e-06,mle,0.13146015338736855,2.892785035126411,ok,True,True,extraction,
xrp,1878,2023-01-01,1366,1877,512,-5.2830120594733785,linear,52,0,52,52,0,52,0.1,0.1015625,0.1015625,2.262645382961643,2.2626453829616427e-06,mle,0.13146015338736855,2.892785035126411,ok,True,True,extraction,
xrp,1879,2023-01-02,1367,1878,512,-5.2830120594733785,linear,52,0,52,52,0,52,0.1,0.1015625,0.1015625,2.2608805703999555,2.2608805703999553e-06,mle,0.13146015338736855,2.892785035126411,ok,True,True,extraction,
xrp,1880,2023-01-03,1368,1879,512,-5.2830120594733785,linear,52,0,52,52,0,52,0.1,0.1015625,0.1015625,2.2542398238543426,2.2542398238543425e-06,mle,0.13146015338736855,2.892785035126411,ok,True,True,extraction,
xrp,1881,2023-01-04,1369,1880,512,-5.2830120594733785,linear,52,0,52,52,0,52,0.1,0.1015625,0.1015625,2.2457321167341218,2.2457321167341217e-06,mle,0.13146015338736855,2.892785035126411,ok,True,True,extraction,
xrp,1882,2023-01-05,1370,1881,512,-5.2830120594733785,linear,52,0,52,52,0,52,0.1,0.1015625,0.1015625,2.2285988058723327,2.2285988058723325e-06,mle,0.13146015338736855,2.892785035126411,ok,True,True,extraction,
xrp,1883,2023-01-06,1371,1882,512,-5.2830120594733785,linear,52,0,52,52,0,52,0.1,0.1015625,0.1015625,2.2370072603482294,2.2370072603482292e-06,mle,0.13146015338736855,2.892785035126411,ok,True,True,extraction,
xrp,1884,2023-01-07,1372,1883,512,-5.2830120594733785,linear,52,0,52,52,0,52,0.1,0.1015625,0.1015625,2.2218951998654273,2.221895199865427e-06,mle,0.13146015338736855,2.892785035126411,ok,True,True,extraction,
xrp,1885,2023-01-08,1373,1884,512,-5.2830120594733785,linear,52,0,52,52,0,52,0.1,0.1015625,0.1015625,2.217087695965855,2.217087695965855e-06,mle,0.13146015338736855,2.892785035126411,ok,True,True,extraction,
xrp,1886,2023-01-09,1374,1885,512,-5.2830120594733785,linear,52,0,52,52,0,52,0.1,0.1015625,0.1015625,2.2054921057557353,2.205492105755735e-06,mle,0.13146015338736855,2.892785035126411,ok,True,True,extraction,
xrp,1887,2023-01-10,1375,1886,512,-5.2830120594733785,linear,52,0,52,52,0,52,0.1,0.1015625,0.1015625,2.2054921057557353,2.205492105755735e-06,mle,0.13146015338736855,2.892785035126411,ok,True,True,extraction,
xrp,1888,2023-01-11,1376,1887,512,-5.244666694830116,linear,52,0,52,52,0,52,0.1,0.1015625,0.1015625,2.1827679512911815,2.1827679512911815e-06,mle,0.1498051559039989,2.8250719261129777,ok,True,True,extraction,
xrp,1889,2023-01-12,1377,1888,512,-5.1858491830267734,linear,52,0,52,52,0,52,0.1,0.1015625,0.1015625,2.1707494535920926,2.1707494535920925e-06,mle,0.1619735493530225,2.789629479133385,ok,True,True,extraction,
xrp,1890,2023-01-13,1378,1889,512,-5.1858491830267734,linear,52,0,52,52,0,52,0.1,0.1015625,0.1015625,2.16935644136906,2.16935644136906e-06,mle,0.1619735493530225,2.789629479133385,ok,True,True,extraction,
xrp,1891,2023-01-14,1379,1890,512,-5.1858491830267734,linear,52,0,52,52,0,52,0.1,0.1015625,0.1015625,2.16935644136906,2.16935644136906e-06,mle,0.1619735493530225,2.789629479133385,ok,True,True,extraction,
xrp,1892,2023-01-15,1380,1891,512,-5.1858491830267734,linear,52,0,52,52,0,52,0.1,0.1015625,0.1015625,2.16935644136906,2.16935644136906e-06,mle,0.1619735493530225,2.789629479133385,ok,True,True,extraction,
xrp,1893,2023-01-16,1381,1892,512,-5.1858491830267734,linear,52,0,52,52,0,52,0.1,0.1015625,0.1015625,2.16935644136906,2.16935644136906e-06,mle,0.1619735493530225,2.789629479133385,ok,True,True,extraction,
xrp,1894,2023-01-17,1382,1893,512,-5.1858491830267734,linear,52,0,52,52,0,52,0.1,0.1015625,0.1015625,2.16935644136906,2.16935644136906e-06,mle,0.1619735493530225,2.789629479133385,ok,True,True,extraction,
xrp,1895,2023-01-18,1383,1894,512,-5.1858491830267734,linear,52,0,52,52,0,52,0.1,0.1015625,0.1015625,2.16935644136906,2.16935644136906e-06,mle,0.1619735493530225,2.789629479133385,ok,True,True,extraction,
xrp,1896,2023-01-19,1384,1895,512,-5.083339713413613,linear,52,0,52,52,0,52,0.1,0.1015625,0.1015625,2.167325854646881,2.167325854646881e-06,mle,0.1604978211121701,2.8130740189647256,ok,True,True,extraction,
xrp,1897,2023-01-20,1385,1896,512,-5.083339713413613,linear,52,0,52,52,0,52,0.1,0.1015625,0.1015625,2.167325854646881,2.167325854646881e-06,mle,0.1604978211121701,2.8130740189647256,ok,True,True,extraction,
xrp,1898,2023-01-21,1386,1897,512,-5.077199166607416,linear,52,0,52,52,0,52,0.1,0.1015625,0.1015625,2.1666679930423514,2.1666679930423514e-06,mle,0.2047020517318437,2.626174032687011,ok,True,True,extraction,
xrp,1899,2023-01-22,1387,1898,512,-5.077199166607416,linear,52,0,52,52,0,52,0.1,0.1015625,0.1015625,2.167325854646881,2.167325854646881e-06,mle,0.2047020517318437,2.626174032687011,ok,True,True,extraction,
xrp,1900,2023-01-23,1388,1899,512,-5.077199166607416,linear,52,0,52,52,0,52,0.1,0.1015625,0.1015625,2.164637406320172,2.164637406320172e-06,mle,0.2047020517318437,2.626174032687011,ok,True,True,extraction,
xrp,1901,2023-01-24,1389,1900,512,-5.077199166607416,linear,52,0,52,52,0,52,0.1,0.1015625,0.1015625,2.1666679930423514,2.1666679930423514e-06,mle,0.2047020517318437,2.626174032687011,ok,True,True,extraction,
xrp,1902,2023-01-25,1390,1901,512,-5.077199166607416,linear,52,0,52,52,0,52,0.1,0.1015625,0.1015625,2.1666679930423514,2.1666679930423514e-06,mle,0.2047020517318437,2.626174032687011,ok,True,True,extraction,
xrp,1903,2023-01-26,1391,1902,512,-5.077199166607416,linear,52,0,52,52,0,52,0.1,0.1015625,0.1015625,2.1666679930423514,2.1666679930423514e-06,mle,0.2047020517318437,2.626174032687011,ok,True,True,extraction,
xrp,1904,2023-01-27,1392,1903,512,-5.077199166607416,linear,52,0,52,52,0,52,0.1,0.1015625,0.1015625,2.164637406320172,2.164637406320172e-06,mle,0.2047020517318437,2.626174032687011,ok,True,True,extraction,
xrp,1905,2023-01-28,1393,1904,512,-5.077199166607416,linear,52,0,52,52,0,52,0.1,0.1015625,0.1015625,2.164637406320172,2.164637406320172e-06,mle,0.2047020517318437,2.626174032687011,ok,True,True,extraction,
xrp,1906,2023-01-29,1394,1905,512,-5.077199166607416,linear,52,0,52,52,0,52,0.1,0.1015625,0.1015625,2.151225896398051,2.151225896398051e-06,mle,0.2047020517318437,2.626174032687011,ok,True,True,extraction,
xrp,1907,2023-01-30,1395,1906,512,-5.077199166607416,linear,52,0,52,52,0,52,0.1,0.1015625,0.1015625,2.147994349690581,2.147994349690581e-06,mle,0.2047020517318437,2.626174032687011,ok,True,True,extraction,
xrp,1908,2023-01-31,1396,1907,512,-5.077199166607416,linear,52,0,52,52,0,52,0.1,0.1015625,0.1015625,2.1370321458953097,2.1370321458953097e-06,mle,0.2047020517318437,2.626174032687011,ok,True,True,extraction,
xrp,1909,2023-02-01,1397,1908,512,-5.077199166607416,linear,52,0,52,52,0,52,0.1,0.1015625,0.1015625,2.1370321458953097,2.1370321458953097e-06,mle,0.2047020517318437,2.626174032687011,ok,True,True,extraction,
xrp,1910,2023-02-02,1398,1909,512,-5.031356891209756,linear,52,0,52,52,0,52,0.1,0.1015625,0.1015625,2.1380280612433182,2.138028061243318e-06,mle,0.15072621291708316,2.566487197034633,ok,True,True,extraction,
xrp,1911,2023-02-03,1399,1910,512,-5.031356891209756,linear,52,0,52,52,0,52,0.1,0.1015625,0.1015625,2.1380280612433182,2.138028061243318e-06,mle,0.15072621291708316,2.566487197034633,ok,True,True,extraction,
xrp,1912,2023-02-04,1400,1911,512,-5.031356891209756,linear,52,0,52,52,0,52,0.1,0.1015625,0.1015625,2.1421470295870724,2.142147029587072e-06,mle,0.15072621291708316,2.566487197034633,ok,True,True,extraction,
xrp,1913,2023-02-05,1401,1912,512,-5.031356891209756,linear,52,0,52,52,0,52,0.1,0.1015625,0.1015625,2.11117848695785,2.1111784869578497e-06,mle,0.15072621291708316,2.566487197034633,ok,True,True,extraction,
xrp,1914,2023-02-06,1402,1913,512,-5.031356891209756,linear,52,0,52,52,0,52,0.1,0.1015625,0.1015625,2.1070595186140952,2.107059518614095e-06,mle,0.15072621291708316,2.566487197034633,ok,True,True,extraction,
xrp,1915,2023-02-07,1403,1914,512,-5.031356891209756,linear,52,0,52,52,0,52,0.1,0.1015625,0.1015625,2.065845806251888,2.065845806251888e-06,mle,0.15072621291708316,2.566487197034633,ok,True,True,extraction,
xrp,1916,2023-02-08,1404,1915,512,-4.9915996433293595,linear,52,0,52,52,0,52,0.1,0.1015625,0.1015625,2.076391303859997,2.076391303859997e-06,mle,0.13085780403311878,2.65774276447435,ok,True,True,extraction,
xrp,1917,2023-02-09,1405,1916,512,-4.9915996433293595,linear,52,0,52,52,0,52,0.1,0.1015625,0.1015625,2.0621197062277554,2.062119706227755e-06,mle,0.13085780403311878,2.65774276447435,ok,True,True,extraction,
xrp,1918,2023-02-10,1406,1917,512,-4.9915996433293595,linear,52,0,52,52,0,52,0.1,0.1015625,0.1015625,2.0671763996885963,2.067176399688596e-06,mle,0.13085780403311878,2.65774276447435,ok,True,True,extraction,
xrp,1919,2023-02-11,1407,1918,512,-4.9915996433293595,linear,52,0,52,52,0,52,0.1,0.1015625,0.1015625,2.0597780214281434,2.0597780214281433e-06,mle,0.13085780403311878,2.65774276447435,ok,True,True,extraction,
xrp,1920,2023-02-12,1408,1919,512,-4.9915996433293595,linear,52,0,52,52,0,52,0.1,0.1015625,0.1015625,2.061949307648535,2.061949307648535e-06,mle,0.13085780403311878,2.65774276447435,ok,True,True,extraction,
xrp,1921,2023-02-13,1409,1920,512,-4.9915996433293595,linear,52,0,52,52,0,52,0.1,0.1015625,0.1015625,2.0597780214281434,2.0597780214281433e-06,mle,0.13085780403311878,2.65774276447435,ok,True,True,extraction,
xrp,1922,2023-02-14,1410,1921,512,-4.9915996433293595,linear,52,0,52,52,0,52,0.1,0.1015625,0.1015625,2.0570902679181717,2.0570902679181716e-06,mle,0.13085780403311878,2.65774276447435,ok,True,True,extraction,
xrp,1923,2023-02-15,1411,1922,512,-4.775278142049476,linear,52,0,52,52,0,52,0.1,0.1015625,0.1015625,2.061949307648535,2.061949307648535e-06,mle,0.07773000670002754,2.861725014283119,ok,True,True,extraction,
xrp,1924,2023-02-16,1412,1923,512,-4.775278142049476,linear,52,0,52,52,0,52,0.1,0.1015625,0.1015625,2.066068275992289,2.0660682759922887e-06,mle,0.07773000670002754,2.861725014283119,ok,True,True,extraction,
xrp,1925,2023-02-17,1413,1924,512,-4.775278142049476,linear,52,0,52,52,0,52,0.1,0.1015625,0.1015625,2.061949307648535,2.061949307648535e-06,mle,0.07773000670002754,2.861725014283119,ok,True,True,extraction,
xrp,1926,2023-02-18,1414,1925,512,-4.775278142049476,linear,52,0,52,52,0,52,0.1,0.1015625,0.1015625,2.070021559125726,2.0700215591257256e-06,mle,0.07773000670002754,2.861725014283119,ok,True,True,extraction,
xrp,1927,2023-02-19,1415,1926,512,-4.754232018419496,linear,52,0,52,52,0,52,0.1,0.1015625,0.1015625,2.066068275992289,2.0660682759922887e-06,mle,0.08356953807081882,2.84547539864876,ok,True,True,extraction,
xrp,1928,2023-02-20,1416,1927,512,-4.754232018419496,linear,52,0,52,52,0,52,0.1,0.1015625,0.1015625,2.066068275992289,2.0660682759922887e-06,mle,0.08356953807081882,2.84547539864876,ok,True,True,extraction,
xrp,1929,2023-02-21,1417,1928,512,-4.754232018419496,linear,52,0,52,52,0,52,0.1,0.1015625,0.1015625,2.070021559125726,2.0700215591257256e-06,mle,0.08356953807081882,2.84547539864876,ok,True,True,extraction,
xrp,1930,2023-02-22,1418,1929,512,-4.754232018419496,linear,52,0,52,52,0,52,0.1,0.1015625,0.1015625,2.066068275992289,2.0660682759922887e-06,mle,0.08356953807081882,2.84547539864876,ok,True,True,extraction,
xrp,1931,2023-02-23,1419,1930,512,-4.754232018419496,linear,52,0,52,52,0,52,0.1,0.1015625,0.1015625,2.0783185737394314,2.0783185737394314e-06,mle,0.08356953807081882,2.84547539864876,ok,True,True,extraction,
xrp,1932,2023-02-24,1420,1931,512,-4.754232018419496,linear,52,0,52,52,0,52,0.1,0.1015625,0.1015625,2.059452354755483,2.0594523547554828e-06,mle,0.08356953807081882,2.84547539864876,ok,True,True,extraction,
xrp,1933,2023-02-25,1421,1932,512,-4.754232018419496,linear,52,0,52,52,0,52,0.1,0.1015625,0.1015625,2.0553333864117285,2.0553333864117286e-06,mle,0.08356953807081882,2.84547539864876,ok,True,True,extraction,
xrp,1934,2023-02-26,1422,1933,512,-4.754232018419496,linear,52,0,52,52,0,52,0.1,0.1015625,0.1015625,2.0497603023966953,2.0497603023966952e-06,mle,0.08356953807081882,2.84547539864876,ok,True,True,extraction,
xrp,1935,2023-02-27,1423,1934,512,-4.754232018419496,linear,52,0,52,52,0,52,0.1,0.1015625,0.1015625,2.054497886974267,2.0544978869742668e-06,mle,0.08356953807081882,2.84547539864876,ok,True,True,extraction,
xrp,1936,2023-02-28,1424,1935,512,-4.754232018419496,linear,52,0,52,52,0,52,0.1,0.1015625,0.1015625,2.054497886974267,2.0544978869742668e-06,mle,0.08356953807081882,2.84547539864876,ok,True,True,extraction,
xrp,1937,2023-03-01,1425,1936,512,-4.754232018419496,linear,52,0,52,52,0,52,0.1,0.1015625,0.1015625,2.054497886974267,2.0544978869742668e-06,mle,0.08356953807081882,2.84547539864876,ok,True,True,extraction,
xrp,1938,2023-03-02,1426,1937,512,-4.754232018419496,linear,52,0,52,52,0,52,0.1,0.1015625,0.1015625,2.0495997153445082,2.049599715344508e-06,mle,0.08356953807081882,2.84547539864876,ok,True,True,extraction,
xrp,1939,2023-03-03,1427,1938,512,-4.754232018419496,linear,52,0,52,52,0,52,0.1,0.1015625,0.1015625,2.0495997153445082,2.049599715344508e-06,mle,0.08356953807081882,2.84547539864876,ok,True,True,extraction,
xrp,1940,2023-03-04,1428,1939,512,-4.754232018419496,linear,52,0,52,52,0,52,0.1,0.1015625,0.1015625,2.0495997153445087,2.049599715344509e-06,mle,0.08356953807081882,2.84547539864876,ok,True,True,extraction,
xrp,1941,2023-03-05,1429,1940,512,-4.754232018419496,linear,52,0,52,52,0,52,0.1,0.1015625,0.1015625,2.0495997153445087,2.049599715344509e-06,mle,0.08356953807081882,2.84547539864876,ok,True,True,extraction,
xrp,1942,2023-03-06,1430,1941,512,-4.754232018419496,linear,52,0,52,52,0,52,0.1,0.1015625,0.1015625,2.04500198275384,2.04500198275384e-06,mle,0.08356953807081882,2.84547539864876,ok,True,True,extraction,
xrp,1943,2023-03-07,1431,1942,512,-4.754232018419496,linear,52,0,52,52,0,52,0.1,0.1015625,0.1015625,2.048522573972942,2.048522573972942e-06,mle,0.08356953807081882,2.84547539864876,ok,True,True,extraction,
xrp,1944,2023-03-08,1432,1943,512,-4.754232018419496,linear,52,0,52,52,0,52,0.1,0.1015625,0.1015625,2.0495997153445087,2.049599715344509e-06,mle,0.08356953807081882,2.84547539864876,ok,True,True,extraction,
xrp,1945,2023-03-09,1433,1944,512,-4.754232018419496,linear,52,0,52,52,0,52,0.1,0.1015625,0.1015625,2.083157204467672,2.083157204467672e-06,mle,0.08356953807081882,2.84547539864876,ok,True,True,extraction,
xrp,1946,2023-03-10,1434,1945,512,-4.754232018419496,linear,52,0,52,52,0,52,0.1,0.1015625,0.1015625,2.0495997153445087,2.049599715344509e-06,mle,0.08356953807081882,2.84547539864876,ok,True,True,extraction,
xrp,1947,2023-03-11,1435,1946,512,-4.754232018419496,linear,52,0,52,52,0,52,0.1,0.1015625,0.1015625,2.0495997153445082,2.049599715344508e-06,mle,0.08356953807081882,2.84547539864876,ok,True,True,extraction,
xrp,1948,2023-03-12,1436,1947,512,-4.754232018419496,linear,52,0,52,52,0,52,0.1,0.1015625,0.1015625,2.0466913408694563,2.046691340869456e-06,mle,0.08356953807081882,2.84547539864876,ok,True,True,extraction,
xrp,1949,2023-03-13,1437,1948,512,-4.754232018419496,linear,52,0,52,52,0,52,0.1,0.1015625,0.1015625,2.0495997153445082,2.049599715344508e-06,mle,0.08356953807081882,2.84547539864876,ok,True,True,extraction,
xrp,1950,2023-03-14,1438,1949,512,-4.754232018419496,linear,52,0,52,52,0,52,0.1,0.1015625,0.1015625,2.048522573972942,2.048522573972942e-06,mle,0.08356953807081882,2.84547539864876,ok,True,True,extraction,
xrp,1951,2023-03-15,1439,1950,512,-4.754232018419496,linear,52,0,52,52,0,52,0.1,0.1015625,0.1015625,2.0765315549040535,2.0765315549040534e-06,mle,0.08356953807081882,2.84547539864876,ok,True,True,extraction,
xrp,1952,2023-03-16,1440,1951,512,-4.754232018419496,linear,52,0,52,52,0,52,0.1,0.1015625,0.1015625,2.0495997153445087,2.049599715344509e-06,mle,0.08356953807081882,2.84547539864876,ok,True,True,extraction,
xrp,1953,2023-03-17,1441,1952,512,-4.754232018419496,linear,52,0,52,52,0,52,0.1,0.1015625,0.1015625,2.048522573972942,2.048522573972942e-06,mle,0.08356953807081882,2.84547539864876,ok,True,True,extraction,
xrp,1954,2023-03-18,1442,1953,512,-4.753499741112908,linear,52,0,52,52,0,52,0.1,0.1015625,0.1015625,2.0765315549040535,2.0765315549040534e-06,mle,0.08330345138819772,2.8469688823328987,ok,True,True,extraction,
xrp,1955,2023-03-19,1443,1954,512,-4.753499741112908,linear,52,0,52,52,0,52,0.1,0.1015625,0.1015625,2.0765315549040535,2.0765315549040534e-06,mle,0.08330345138819772,2.8469688823328987,ok,True,True,extraction,
xrp,1956,2023-03-20,1444,1955,512,-4.753499741112908,linear,52,0,52,52,0,52,0.1,0.1015625,0.1015625,2.083157204467672,2.083157204467672e-06,mle,0.08330345138819772,2.8469688823328987,ok,True,True,extraction,
xrp,1957,2023-03-21,1445,1956,512,-4.753499741112908,linear,52,0,52,52,0,52,0.1,0.1015625,0.1015625,2.089020944746557,2.089020944746557e-06,mle,0.08330345138819772,2.8469688823328987,ok,True,True,extraction,
xrp,1958,2023-03-22,1446,1957,512,-4.753499741112908,linear,52,0,52,52,0,52,0.1,0.1015625,0.1015625,2.094086985250213,2.094086985250213e-06,mle,0.08330345138819772,2.8469688823328987,ok,True,True,extraction,
xrp,1959,2023-03-23,1447,1958,512,-4.775278142049476,linear,52,0,52,52,0,52,0.1,0.1015625,0.1015625,2.0626891851566187,2.0626891851566187e-06,mle,0.05239345114924187,3.028549651022438,ok,True,True,extraction,
xrp,1960,2023-03-24,1448,1959,512,-4.753499741112908,linear,52,0,52,52,0,52,0.1,0.1015625,0.1015625,2.0973238156513494,2.097323815651349e-06,mle,0.08325347724984247,2.844947986303429,ok,True,True,extraction,
xrp,1961,2023-03-25,1449,1960,512,-4.753499741112908,linear,52,0,52,52,0,52,0.1,0.1015625,0.1015625,2.0626891851566187,2.0626891851566187e-06,mle,0.08325347724984247,2.844947986303429,ok,True,True,extraction,
xrp,1962,2023-03-26,1450,1961,512,-4.753499741112908,linear,52,0,52,52,0,52,0.1,0.1015625,0.1015625,2.0626891851566187,2.0626891851566187e-06,mle,0.08325347724984247,2.844947986303429,ok,True,True,extraction,
xrp,1963,2023-03-27,1451,1962,512,-4.753499741112908,linear,52,0,52,52,0,52,0.1,0.1015625,0.1015625,2.0626891851566187,2.0626891851566187e-06,mle,0.08325347724984247,2.844947986303429,ok,True,True,extraction,
xrp,1964,2023-03-28,1452,1963,512,-4.753499741112908,linear,52,0,52,52,0,52,0.1,0.1015625,0.1015625,2.0626891851566187,2.0626891851566187e-06,mle,0.08325347724984247,2.844947986303429,ok,True,True,extraction,
xrp,1965,2023-03-29,1453,1964,512,-4.753499741112908,linear,52,0,52,52,0,52,0.1,0.1015625,0.1015625,2.1007029064870193,2.100702906487019e-06,mle,0.08325347724984247,2.844947986303429,ok,True,True,extraction,
xrp,1966,2023-03-30,1454,1965,512,-4.753499741112908,linear,52,0,52,52,0,52,0.1,0.1015625,0.1015625,2.1007029064870193,2.100702906487019e-06,mle,0.08325347724984247,2.844947986303429,ok,True,True,extraction,
xrp,1967,2023-03-31,1455,1966,512,-4.753499741112908,linear,52,0,52,52,0,52,0.1,0.1015625,0.1015625,2.0626891851566187,2.0626891851566187e-06,mle,0.08325347724984247,2.844947986303429,ok,True,True,extraction,
xrp,1968,2023-04-01,1456,1967,512,-4.753499741112908,linear,52,0,52,52,0,52,0.1,0.1015625,0.1015625,2.0973238156513494,2.097323815651349e-06,mle,0.08325347724984247,2.844947986303429,ok,True,True,extraction,
xrp,1969,2023-04-02,1457,1968,512,-4.753499741112908,linear,52,0,52,52,0,52,0.1,0.1015625,0.1015625,2.0973238156513494,2.097323815651349e-06,mle,0.08325347724984247,2.844947986303429,ok,True,True,extraction,
xrp,1970,2023-04-03,1458,1969,512,-4.753499741112908,linear,52,0,52,52,0,52,0.1,0.1015625,0.1015625,2.118034826572617,2.118034826572617e-06,mle,0.08325347724984247,2.844947986303429,ok,True,True,extraction,
xrp,1971,2023-04-04,1459,1970,512,-4.753499741112908,linear,52,0,52,52,0,52,0.1,0.1015625,0.1015625,2.0973238156513494,2.097323815651349e-06,mle,0.08325347724984247,2.844947986303429,ok,True,True,extraction,
xrp,1972,2023-04-05,1460,1971,512,-4.753499741112908,linear,52,0,52,52,0,52,0.1,0.1015625,0.1015625,2.094086985250213,2.094086985250213e-06,mle,0.08325347724984247,2.844947986303429,ok,True,True,extraction,
xrp,1973,2023-04-06,1461,1972,512,-4.753499741112908,linear,52,0,52,52,0,52,0.1,0.1015625,0.1015625,2.1114091770089987,2.1114091770089984e-06,mle,0.08325347724984247,2.844947986303429,ok,True,True,extraction,
xrp,1974,2023-04-07,1462,1973,512,-4.741396689360095,linear,52,0,52,52,0,52,0.1,0.1015625,0.1015625,2.1014854577319397,2.1014854577319396e-06,mle,0.08747812640009674,2.832570575632664,ok,True,True,extraction,
xrp,1975,2023-04-08,1463,1974,512,-4.741396689360095,linear,52,0,52,52,0,52,0.1,0.1015625,0.1015625,2.1014854577319397,2.1014854577319396e-06,mle,0.08747812640009674,2.832570575632664,ok,True,True,extraction,
xrp,1976,2023-04-09,1464,1975,512,-4.741396689360095,linear,52,0,52,52,0,52,0.1,0.1015625,0.1015625,2.0970587694035316,2.0970587694035316e-06,mle,0.08747812640009674,2.832570575632664,ok,True,True,extraction,
xrp,1977,2023-04-10,1465,1976,512,-4.741396689360095,linear,52,0,52,52,0,52,0.1,0.1015625,0.1015625,2.0970587694035316,2.0970587694035316e-06,mle,0.08747812640009674,2.832570575632664,ok,True,True,extraction,
xrp,1978,2023-04-11,1466,1977,512,-4.741396689360095,linear,52,0,52,52,0,52,0.1,0.1015625,0.1015625,2.105098435549266,2.1050984355492656e-06,mle,0.08747812640009674,2.832570575632664,ok,True,True,extraction,
xrp,1979,2023-04-12,1467,1978,512,-4.741396689360095,linear,52,0,52,52,0,52,0.1,0.1015625,0.1015625,2.105098435549266,2.1050984355492656e-06,mle,0.08747812640009674,2.832570575632664,ok,True,True,extraction,
xrp,1980,2023-04-13,1468,1979,512,-4.711546834203382,linear,52,0,52,52,0,52,0.1,0.1015625,0.1015625,2.105098435549266,2.1050984355492656e-06,mle,0.1049586259088871,2.7648315780082893,ok,True,True,extraction,
xrp,1981,2023-04-14,1469,1980,512,-4.711546834203382,linear,52,0,52,52,0,52,0.1,0.1015625,0.1015625,2.105098435549266,2.1050984355492656e-06,mle,0.1049586259088871,2.7648315780082893,ok,True,True,extraction,
xrp,1982,2023-04-15,1470,1981,512,-4.692646018288809,linear,52,0,52,52,0,52,0.1,0.1015625,0.1015625,2.1146951547734676,2.1146951547734676e-06,mle,0.10353437700819562,2.779619596580466,ok,True,True,extraction,
xrp,1983,2023-04-16,1471,1982,512,-4.692646018288809,linear,52,0,52,52,0,52,0.1,0.1015625,0.1015625,2.095041946303625,2.0950419463036246e-06,mle,0.10353437700819562,2.779619596580466,ok,True,True,extraction,
xrp,1984,2023-04-17,1472,1983,512,-4.692646018288809,linear,52,0,52,52,0,52,0.1,0.1015625,0.1015625,2.095041946303625,2.0950419463036246e-06,mle,0.10353437700819562,2.779619596580466,ok,True,True,extraction,
xrp,1985,2023-04-18,1473,1984,512,-4.692646018288809,linear,52,0,52,52,0,52,0.1,0.1015625,0.1015625,2.0921077516839883,2.092107751683988e-06,mle,0.10353437700819562,2.779619596580466,ok,True,True,extraction,
xrp,1986,2023-04-19,1474,1985,512,-4.692646018288809,linear,52,0,52,52,0,52,0.1,0.1015625,0.1015625,2.0940937252948677,2.0940937252948674e-06,mle,0.10353437700819562,2.779619596580466,ok,True,True,extraction,
xrp,1987,2023-04-20,1475,1986,512,-4.711546834203382,linear,52,0,52,52,0,52,0.1,0.1015625,0.1015625,2.0921077516839883,2.092107751683988e-06,mle,0.0762986618109195,2.902829320544655,ok,True,True,extraction,
xrp,1988,2023-04-21,1476,1987,512,-4.711546834203382,linear,52,0,52,52,0,52,0.1,0.1015625,0.1015625,2.0921077516839883,2.092107751683988e-06,mle,0.0762986618109195,2.902829320544655,ok,True,True,extraction,
xrp,1989,2023-04-22,1477,1988,512,-4.741396689360095,linear,52,0,52,52,0,52,0.1,0.1015625,0.1015625,2.095041946303625,2.0950419463036246e-06,mle,0.0761397065521672,2.8898011684160405,ok,True,True,extraction,
xrp,1990,2023-04-23,1478,1989,512,-4.711546834203382,linear,52,0,52,52,0,52,0.1,0.1015625,0.1015625,2.1097441370539247,2.1097441370539245e-06,mle,0.10447959458034245,2.7425146305744796,ok,True,True,extraction,
xrp,1991,2023-04-24,1479,1990,512,-4.711546834203382,linear,52,0,52,52,0,52,0.1,0.1015625,0.1015625,2.095041946303625,2.0950419463036246e-06,mle,0.10447959458034245,2.7425146305744796,ok,True,True,extraction,
xrp,1992,2023-04-25,1480,1991,512,-4.711546834203382,linear,52,0,52,52,0,52,0.1,0.1015625,0.1015625,2.093011359581446,2.093011359581446e-06,mle,0.10447959458034245,2.7425146305744796,ok,True,True,extraction,
xrp,1993,2023-04-26,1481,1992,512,-4.711546834203382,linear,52,0,52,52,0,52,0.1,0.1015625,0.1015625,2.0900771649618095,2.0900771649618096e-06,mle,0.10447959458034245,2.7425146305744796,ok,True,True,extraction,
xrp,1994,2023-04-27,1482,1993,512,-4.711546834203382,linear,52,0,52,52,0,52,0.1,0.1015625,0.1015625,2.0666078356269946,2.0666078356269945e-06,mle,0.10447959458034245,2.7425146305744796,ok,True,True,extraction,
xrp,1995,2023-04-28,1483,1994,512,-4.711546834203382,linear,52,0,52,52,0,52,0.1,0.1015625,0.1015625,2.0900771649618095,2.0900771649618096e-06,mle,0.10447959458034245,2.7425146305744796,ok,True,True,extraction,
xrp,1996,2023-04-29,1484,1995,512,-4.711546834203382,linear,52,0,52,52,0,52,0.1,0.1015625,0.1015625,2.0921077516839883,2.092107751683988e-06,mle,0.10447959458034245,2.7425146305744796,ok,True,True,extraction,
xrp,1997,2023-04-30,1485,1996,512,-4.692646018288809,linear,52,0,52,52,0,52,0.1,0.1015625,0.1015625,2.0900771649618095,2.0900771649618096e-06,mle,0.10614101145914931,2.7445971653838663,ok,True,True,extraction,
xrp,1998,2023-05-01,1486,1997,512,-4.5989021690382605,linear,52,0,52,52,0,52,0.1,0.1015625,0.1015625,2.079493246878383,2.079493246878383e-06,mle,0.10735520789932232,2.7575807832612447,ok,True,True,extraction,
xrp,1999,2023-05-02,1487,1998,512,-4.52057124641408,linear,52,0,52,52,0,52,0.1,0.1015625,0.1015625,2.067632626524766,2.067632626524766e-06,mle,0.08505333299876422,2.888505863090744,ok,True,True,extraction,
xrp,2000,2023-05-03,1488,1999,512,-4.52057124641408,linear,52,0,52,52,0,52,0.1,0.1015625,0.1015625,2.062316723376779,2.062316723376779e-06,mle,0.08505333299876422,2.888505863090744,ok,True,True,extraction,
xrp,2001,2023-05-04,1489,2000,512,-4.52057124641408,linear,52,0,52,52,0,52,0.1,0.1015625,0.1015625,2.062316723376779,2.062316723376779e-06,mle,0.08505333299876422,2.888505863090744,ok,True,True,extraction,
xrp,2002,2023-05-05,1490,2001,512,-4.52057124641408,linear,52,0,52,52,0,52,0.1,0.1015625,0.1015625,2.044387554865962,2.044387554865962e-06,mle,0.08505333299876422,2.888505863090744,ok,True,True,extraction,
xrp,2003,2023-05-06,1491,2002,512,-4.52057124641408,linear,52,0,52,52,0,52,0.1,0.1015625,0.1015625,2.0448169285912945,2.0448169285912945e-06,mle,0.08505333299876422,2.888505863090744,ok,True,True,extraction,
xrp,2004,2023-05-07,1492,2003,512,-4.5108271875018175,linear,52,0,52,52,0,52,0.1,0.1015625,0.1015625,2.0275771440068695,2.0275771440068694e-06,mle,0.11268107475529221,2.765092226457144,ok,True,True,extraction,
xrp,2005,2023-05-08,1493,2004,512,-4.5108271875018175,linear,52,0,52,52,0,52,0.1,0.1015625,0.1015625,2.014976668974774,2.014976668974774e-06,mle,0.11268107475529221,2.765092226457144,ok,True,True,extraction,
xrp,2006,2023-05-09,1494,2005,512,-4.52057124641408,linear,52,0,52,52,0,52,0.1,0.1015625,0.1015625,2.01047892498155,2.01047892498155e-06,mle,0.11049661733900806,2.769185564342969,ok,True,True,extraction,
xrp,2007,2023-05-10,1495,2006,512,-4.5108271875018175,linear,52,0,52,52,0,52,0.1,0.1015625,0.1015625,2.014976668974774,2.014976668974774e-06,mle,0.14087803370513557,2.6419151321340335,ok,True,True,extraction,
xrp,2008,2023-05-11,1496,2007,512,-4.5108271875018175,linear,52,0,52,52,0,52,0.1,0.1015625,0.1015625,2.014976668974774,2.014976668974774e-06,mle,0.14087803370513557,2.6419151321340335,ok,True,True,extraction,
xrp,2009,2023-05-12,1497,2008,512,-4.5108271875018175,linear,52,0,52,52,0,52,0.1,0.1015625,0.1015625,2.002504510002842,2.0025045100028417e-06,mle,0.14087803370513557,2.6419151321340335,ok,True,True,extraction,
xrp,2010,2023-05-13,1498,2009,512,-4.5108271875018175,linear,52,0,52,52,0,52,0.1,0.1015625,0.1015625,2.014976668974774,2.014976668974774e-06,mle,0.14087803370513557,2.6419151321340335,ok,True,True,extraction,
xrp,2011,2023-05-14,1499,2010,512,-4.5108271875018175,linear,52,0,52,52,0,52,0.1,0.1015625,0.1015625,2.014976668974774,2.014976668974774e-06,mle,0.14087803370513557,2.6419151321340335,ok,True,True,extraction,
xrp,2012,2023-05-15,1500,2011,512,-4.5108271875018175,linear,52,0,52,52,0,52,0.1,0.1015625,0.1015625,1.994555900559106,1.9945559005591057e-06,mle,0.14087803370513557,2.6419151321340335,ok,True,True,extraction,
xrp,2013,2023-05-16,1501,2012,512,-4.5108271875018175,linear,52,0,52,52,0,52,0.1,0.1015625,0.1015625,1.994555900559106,1.9945559005591057e-06,mle,0.14087803370513557,2.6419151321340335,ok,True,True,extraction,
xrp,2014,2023-05-17,1502,2013,512,-4.5108271875018175,linear,52,0,52,52,0,52,0.1,0.1015625,0.1015625,1.994555900559106,1.9945559005591057e-06,mle,0.14087803370513557,2.6419151321340335,ok,True,True,extraction,
xrp,2015,2023-05-18,1503,2014,512,-4.5108271875018175,linear,52,0,52,52,0,52,0.1,0.1015625,0.1015625,1.9792853084724351,1.979285308472435e-06,mle,0.14087803370513557,2.6419151321340335,ok,True,True,extraction,
xrp,2016,2023-05-19,1504,2015,512,-4.5108271875018175,linear,52,0,52,52,0,52,0.1,0.1015625,0.1015625,1.994555900559106,1.9945559005591057e-06,mle,0.14087803370513557,2.6419151321340335,ok,True,True,extraction,
xrp,2017,2023-05-20,1505,2016,512,-4.5108271875018175,linear,52,0,52,52,0,52,0.1,0.1015625,0.1015625,1.9792853084724351,1.979285308472435e-06,mle,0.14087803370513557,2.6419151321340335,ok,True,True,extraction,
xrp,2018,2023-05-21,1506,2017,512,-4.507495543917116,linear,52,0,52,52,0,52,0.1,0.1015625,0.1015625,1.9719883250592791,1.971988325059279e-06,mle,0.18640753938844679,2.449435561709304,ok,True,True,extraction,
xrp,2019,2023-05-22,1507,2018,512,-4.507495543917116,linear,52,0,52,52,0,52,0.1,0.1015625,0.1015625,1.9792853084724351,1.979285308472435e-06,mle,0.18640753938844679,2.449435561709304,ok,True,True,extraction,
xrp,2020,2023-05-23,1508,2019,512,-4.507495543917116,linear,52,0,52,52,0,52,0.1,0.1015625,0.1015625,1.9792853084724351,1.979285308472435e-06,mle,0.18640753938844679,2.449435561709304,ok,True,True,extraction,
xrp,2021,2023-05-24,1509,2020,512,-4.507495543917116,linear,52,0,52,52,0,52,0.1,0.1015625,0.1015625,1.9792853084724351,1.979285308472435e-06,mle,0.18640753938844679,2.449435561709304,ok,True,True,extraction,
xrp,2022,2023-05-25,1510,2021,512,-4.474044726495129,linear,52,0,52,52,0,52,0.1,0.1015625,0.1015625,1.9792853084724351,1.979285308472435e-06,mle,0.21751448954791727,2.333082589274686,ok,True,True,extraction,
xrp,2023,2023-05-26,1511,2022,512,-4.474044726495129,linear,52,0,52,52,0,52,0.1,0.1015625,0.1015625,1.9693842510234925,1.9693842510234923e-06,mle,0.21751448954791727,2.333082589274686,ok,True,True,extraction,
xrp,2024,2023-05-27,1512,2023,512,-4.474044726495129,linear,52,0,52,52,0,52,0.1,0.1015625,0.1015625,1.9693842510234925,1.9693842510234923e-06,mle,0.21751448954791727,2.333082589274686,ok,True,True,extraction,
xrp,2025,2023-05-28,1513,2024,512,-4.474044726495129,linear,52,0,52,52,0,52,0.1,0.1015625,0.1015625,1.9650099437172037,1.9650099437172035e-06,mle,0.21751448954791727,2.333082589274686,ok,True,True,extraction,
xrp,2026,2023-05-29,1514,2025,512,-4.474044726495129,linear,52,0,52,52,0,52,0.1,0.1015625,0.1015625,1.9650099437172037,1.9650099437172035e-06,mle,0.21751448954791727,2.333082589274686,ok,True,True,extraction,
xrp,2027,2023-05-30,1515,2026,512,-4.474044726495129,linear,52,0,52,52,0,52,0.1,0.1015625,0.1015625,1.9841789436730313,1.984178943673031e-06,mle,0.21751448954791727,2.333082589274686,ok,True,True,extraction,
xrp,2028,2023-05-31,1516,2027,512,-4.474044726495129,linear,52,0,52,52,0,52,0.1,0.1015625,0.1015625,1.9978421084769877,1.9978421084769876e-06,mle,0.21751448954791727,2.333082589274686,ok,True,True,extraction,
xrp,2029,2023-06-01,1517,2028,512,-4.474044726495129,linear,52,0,52,52,0,52,0.1,0.1015625,0.1015625,1.9978421084769877,1.9978421084769876e-06,mle,0.21751448954791727,2.333082589274686,ok,True,True,extraction,
xrp,2030,2023-06-02,1518,2029,512,-4.398110685940822,linear,52,0,52,52,0,52,0.1,0.1015625,0.1015625,1.9862984968933106,1.9862984968933106e-06,mle,0.20820135458747896,2.3901249751698694,ok,True,True,extraction,
xrp,2031,2023-06-03,1519,2030,512,-4.398110685940822,linear,52,0,52,52,0,52,0.1,0.1015625,0.1015625,2.000573861648542,2.000573861648542e-06,mle,0.20820135458747896,2.3901249751698694,ok,True,True,extraction,
xrp,2032,2023-06-04,1520,2031,512,-4.398110685940822,linear,52,0,52,52,0,52,0.1,0.1015625,0.1015625,1.9862984968933106,1.9862984968933106e-06,mle,0.20820135458747896,2.3901249751698694,ok,True,True,extraction,
xrp,2033,2023-06-05,1521,2032,512,-4.398110685940822,linear,52,0,52,52,0,52,0.1,0.1015625,0.1015625,1.9884161973477708,1.9884161973477706e-06,mle,0.20820135458747896,2.3901249751698694,ok,True,True,extraction,
xrp,2034,2023-06-06,1522,2033,512,-4.474044726495129,linear,52,0,52,52,0,52,0.1,0.1015625,0.1015625,2.000573861648542,2.000573861648542e-06,mle,0.24557626060731047,2.23871402929643,ok,True,True,extraction,
xrp,2035,2023-06-07,1523,2034,512,-4.474044726495129,linear,52,0,52,52,0,52,0.1,0.1015625,0.1015625,2.002691562103002,2.0026915621030017e-06,mle,0.24557626060731047,2.23871402929643,ok,True,True,extraction,
xrp,2036,2023-06-08,1524,2035,512,-4.474044726495129,linear,52,0,52,52,0,52,0.1,0.1015625,0.1015625,2.000573861648542,2.000573861648542e-06,mle,0.24557626060731047,2.23871402929643,ok,True,True,extraction,
xrp,2037,2023-06-09,1525,2036,512,-4.474044726495129,linear,52,0,52,52,0,52,0.1,0.1015625,0.1015625,1.9862984968933106,1.9862984968933106e-06,mle,0.24557626060731047,2.23871402929643,ok,True,True,extraction,
xrp,2038,2023-06-10,1526,2037,512,-4.474044726495129,linear,52,0,52,52,0,52,0.1,0.1015625,0.1015625,1.9884161973477708,1.9884161973477706e-06,mle,0.24557626060731047,2.23871402929643,ok,True,True,extraction,
xrp,2039,2023-06-11,1527,2038,512,-4.507495543917116,linear,52,0,52,52,0,52,0.1,0.1015625,0.1015625,2.000573861648542,2.000573861648542e-06,mle,0.23833726616934964,2.2485491678973046,ok,True,True,extraction,
xrp,2040,2023-06-12,1528,2039,512,-4.507495543917116,linear,52,0,52,52,0,52,0.1,0.1015625,0.1015625,2.0205588392898544,2.0205588392898543e-06,mle,0.23833726616934964,2.2485491678973046,ok,True,True,extraction,
xrp,2041,2023-06-13,1529,2040,512,-4.507495543917116,linear,52,0,52,52,0,52,0.1,0.1015625,0.1015625,2.020558839289854,2.020558839289854e-06,mle,0.23833726616934964,2.2485491678973046,ok,True,True,extraction,
xrp,2042,2023-06-14,1530,2041,512,-4.507495543917116,linear,52,0,52,52,0,52,0.1,0.1015625,0.1015625,2.002691562103002,2.0026915621030017e-06,mle,0.23833726616934964,2.2485491678973046,ok,True,True,extraction,
xrp,2043,2023-06-15,1531,2042,512,-4.5108271875018175,linear,52,0,52,52,0,52,0.1,0.1015625,0.1015625,2.020558839289854,2.020558839289854e-06,mle,0.1894682936732684,2.4296530044735856,ok,True,True,extraction,
xrp,2044,2023-06-16,1532,2043,512,-4.5108271875018175,linear,52,0,52,52,0,52,0.1,0.1015625,0.1015625,2.020558839289854,2.020558839289854e-06,mle,0.1894682936732684,2.4296530044735856,ok,True,True,extraction,
xrp,2045,2023-06-17,1533,2044,512,-4.5108271875018175,linear,52,0,52,52,0,52,0.1,0.1015625,0.1015625,2.002691562103002,2.0026915621030017e-06,mle,0.1894682936732684,2.4296530044735856,ok,True,True,extraction,
xrp,2046,2023-06-18,1534,2045,512,-4.507495543917116,linear,52,0,52,52,0,52,0.1,0.1015625,0.1015625,1.9992960832425988,1.9992960832425986e-06,mle,0.22713502616499529,2.2076559780330784,ok,True,True,extraction,
xrp,2047,2023-06-19,1535,2046,512,-4.474044726495129,linear,52,0,52,52,0,52,0.1,0.1015625,0.1015625,1.989126688968398,1.989126688968398e-06,mle,0.24524803187232147,2.159206193394496,ok,True,True,extraction,
xrp,2048,2023-06-20,1536,2047,512,-4.474044726495129,linear,52,0,52,52,0,52,0.1,0.1015625,0.1015625,1.9602565060974153,1.9602565060974152e-06,mle,0.24524803187232147,2.159206193394496,ok,True,True,extraction,
xrp,2049,2023-06-21,1537,2048,512,-4.474044726495129,linear,52,0,52,52,0,52,0.1,0.1015625,0.1015625,1.9373589453666153,1.9373589453666153e-06,mle,0.24524803187232147,2.159206193394496,ok,True,True,extraction,
xrp,2050,2023-06-22,1538,2049,512,-4.474044726495129,linear,52,0,52,52,0,52,0.1,0.1015625,0.1015625,1.9373589453666153,1.9373589453666153e-06,mle,0.24524803187232147,2.159206193394496,ok,True,True,extraction,
xrp,2051,2023-06-23,1539,2050,512,-4.474044726495129,linear,52,0,52,52,0,52,0.1,0.1015625,0.1015625,1.936139760846221,1.936139760846221e-06,mle,0.24524803187232147,2.159206193394496,ok,True,True,extraction,
xrp,2052,2023-06-24,1540,2051,512,-4.474044726495129,linear,52,0,52,52,0,52,0.1,0.1015625,0.1015625,1.9250552700765844,1.9250552700765842e-06,mle,0.24524803187232147,2.159206193394496,ok,True,True,extraction,
xrp,2053,2023-06-25,1541,2052,512,-4.474044726495129,linear,52,0,52,52,0,52,0.1,0.1015625,0.1015625,1.9288578247726946,1.9288578247726946e-06,mle,0.24524803187232147,2.159206193394496,ok,True,True,extraction,
xrp,2054,2023-06-26,1542,2053,512,-4.474044726495129,linear,52,0,52,52,0,52,0.1,0.1015625,0.1015625,1.9288578247726946,1.9288578247726946e-06,mle,0.24524803187232147,2.159206193394496,ok,True,True,extraction,
xrp,2055,2023-06-27,1543,2054,512,-4.474044726495129,linear,52,0,52,52,0,52,0.1,0.1015625,0.1015625,1.9288578247726946,1.9288578247726946e-06,mle,0.24524803187232147,2.159206193394496,ok,True,True,extraction,
xrp,2056,2023-06-28,1544,2055,512,-4.474044726495129,linear,52,0,52,52,0,52,0.1,0.1015625,0.1015625,1.9209733625457683,1.9209733625457684e-06,mle,0.24524803187232147,2.159206193394496,ok,True,True,extraction,
xrp,2057,2023-06-29,1545,2056,512,-4.474044726495129,linear,52,0,52,52,0,52,0.1,0.1015625,0.1015625,1.9317632956888147,1.9317632956888146e-06,mle,0.24524803187232147,2.159206193394496,ok,True,True,extraction,
xrp,2058,2023-06-30,1546,2057,512,-4.398110685940822,linear,52,0,52,52,0,52,0.1,0.1015625,0.1015625,1.9288578247726946,1.9288578247726946e-06,mle,0.20053472666237088,2.332856288794291,ok,True,True,extraction,
xrp,2059,2023-07-01,1547,2058,512,-4.398110685940822,linear,52,0,52,52,0,52,0.1,0.1015625,0.1015625,1.9317632956888147,1.9317632956888146e-06,mle,0.20053472666237088,2.332856288794291,ok,True,True,extraction,
xrp,2060,2023-07-02,1548,2059,512,-4.398110685940822,linear,52,0,52,52,0,52,0.1,0.1015625,0.1015625,1.9281653458675128,1.9281653458675125e-06,mle,0.20053472666237088,2.332856288794291,ok,True,True,extraction,
xrp,2061,2023-07-03,1549,2060,512,-4.398110685940822,linear,52,0,52,52,0,52,0.1,0.1015625,0.1015625,1.9338809961432748,1.9338809961432747e-06,mle,0.20053472666237088,2.332856288794291,ok,True,True,extraction,
xrp,2062,2023-07-04,1550,2061,512,-4.398110685940822,linear,52,0,52,52,0,52,0.1,0.1015625,0.1015625,1.9281653458675128,1.9281653458675125e-06,mle,0.20053472666237088,2.332856288794291,ok,True,True,extraction,
xrp,2063,2023-07-05,1551,2062,512,-4.398110685940822,linear,52,0,52,52,0,52,0.1,0.1015625,0.1015625,1.9187359731455518,1.9187359731455515e-06,mle,0.20053472666237088,2.332856288794291,ok,True,True,extraction,
xrp,2064,2023-07-06,1552,2063,512,-4.398110685940822,linear,52,0,52,52,0,52,0.1,0.1015625,0.1015625,1.9238542239458414,1.9238542239458414e-06,mle,0.20053472666237088,2.332856288794291,ok,True,True,extraction,
xrp,2065,2023-07-07,1553,2064,512,-4.398110685940822,linear,52,0,52,52,0,52,0.1,0.1015625,0.1015625,1.9324795890519488,1.9324795890519486e-06,mle,0.20053472666237088,2.332856288794291,ok,True,True,extraction,
xrp,2066,2023-07-08,1554,2065,512,-4.350544295542594,linear,52,0,52,52,0,52,0.1,0.1015625,0.1015625,1.9187359731455518,1.9187359731455515e-06,mle,0.18437145160094048,2.4091623090680905,ok,True,True,extraction,
xrp,2067,2023-07-09,1555,2066,512,-4.32463345909685,linear,52,0,52,52,0,52,0.1,0.1015625,0.1015625,1.9081673074357677,1.9081673074357674e-06,mle,0.21796186441586635,2.2694523641513364,ok,True,True,extraction,
xrp,2068,2023-07-10,1556,2067,512,-4.32463345909685,linear,52,0,52,52,0,52,0.1,0.1015625,0.1015625,1.9067619831778857,1.9067619831778856e-06,mle,0.21796186441586635,2.2694523641513364,ok,True,True,extraction,
xrp,2069,2023-07-11,1557,2068,512,-4.32463345909685,linear,52,0,52,52,0,52,0.1,0.1015625,0.1015625,1.90417322150037,1.9041732215003698e-06,mle,0.21796186441586635,2.2694523641513364,ok,True,True,extraction,
xrp,2070,2023-07-12,1558,2069,512,-4.32463345909685,linear,52,0,52,52,0,52,0.1,0.1015625,0.1015625,1.90417322150037,1.9041732215003698e-06,mle,0.21796186441586635,2.2694523641513364,ok,True,True,extraction,
xrp,2071,2023-07-13,1559,2070,512,-4.32463345909685,linear,52,0,52,52,0,52,0.1,0.1015625,0.1015625,1.9067619831778857,1.9067619831778856e-06,mle,0.21796186441586635,2.2694523641513364,ok,True,True,extraction,
xrp,2072,2023-07-14,1560,2071,512,-4.32463345909685,linear,52,0,52,52,0,52,0.1,0.1015625,0.1015625,1.90417322150037,1.9041732215003698e-06,mle,0.21796186441586635,2.2694523641513364,ok,True,True,extraction,
xrp,2073,2023-07-15,1561,2072,512,-4.32463345909685,linear,52,0,52,52,0,52,0.1,0.1015625,0.1015625,1.90417322150037,1.9041732215003698e-06,mle,0.23225949853400346,2.288942835702059,ok,True,True,extraction,
xrp,2074,2023-07-16,1562,2073,512,-4.32463345909685,linear,52,0,52,52,0,52,0.1,0.1015625,0.1015625,1.9067619831778857,1.9067619831778856e-06,mle,0.23225949853400346,2.288942835702059,ok,True,True,extraction,
xrp,2075,2023-07-17,1563,2074,512,-4.32463345909685,linear,52,0,52,52,0,52,0.1,0.1015625,0.1015625,1.9067619831778857,1.9067619831778856e-06,mle,0.23225949853400346,2.288942835702059,ok,True,True,extraction,
xrp,2076,2023-07-18,1564,2075,512,-4.267976404881915,linear,52,0,52,52,0,52,0.1,0.1015625,0.1015625,1.8990109786917047,1.8990109786917046e-06,mle,0.22537566549706545,2.3335138626672087,ok,True,True,extraction,
xrp,2077,2023-07-19,1565,2076,512,-4.215247685406167,linear,52,0,52,52,0,52,0.1,0.1015625,0.1015625,1.9005084222209283,1.9005084222209281e-06,mle,0.2430445836966012,2.2363753767478958,ok,True,True,extraction,
xrp,2078,2023-07-20,1566,2077,512,-4.215247685406167,linear,52,0,52,52,0,52,0.1,0.1015625,0.1015625,1.9005084222209283,1.9005084222209281e-06,mle,0.2430445836966012,2.2363753767478958,ok,True,True,extraction,
xrp,2079,2023-07-21,1567,2078,512,-4.215247685406167,linear,52,0,52,52,0,52,0.1,0.1015625,0.1015625,1.9005084222209283,1.9005084222209281e-06,mle,0.2430445836966012,2.2363753767478958,ok,True,True,extraction,
xrp,2080,2023-07-22,1568,2079,512,-4.215247685406167,linear,52,0,52,52,0,52,0.1,0.1015625,0.1015625,1.9032091554464046,1.9032091554464045e-06,mle,0.2430445836966012,2.2363753767478958,ok,True,True,extraction,
xrp,2081,2023-07-23,1569,2080,512,-4.267976404881915,linear,52,0,52,52,0,52,0.1,0.1015625,0.1015625,1.9067619831778857,1.9067619831778856e-06,mle,0.2526208725674179,2.1850025905269046,ok,True,True,extraction,
xrp,2082,2023-07-24,1570,2081,512,-4.267976404881915,linear,52,0,52,52,0,52,0.1,0.1015625,0.1015625,1.9005084222209283,1.9005084222209281e-06,mle,0.2526208725674179,2.1850025905269046,ok,True,True,extraction,
xrp,2083,2023-07-25,1571,2082,512,-4.32463345909685,linear,52,0,52,52,0,52,0.1,0.1015625,0.1015625,1.9005084222209283,1.9005084222209281e-06,mle,0.27117816772706793,2.1051641352021297,ok,True,True,extraction,
xrp,2084,2023-07-26,1572,2083,512,-4.32463345909685,linear,52,0,52,52,0,52,0.1,0.1015625,0.1015625,1.8930988183739292,1.8930988183739291e-06,mle,0.27117816772706793,2.1051641352021297,ok,True,True,extraction,
xrp,2085,2023-07-27,1573,2084,512,-4.32463345909685,linear,52,0,52,52,0,52,0.1,0.1015625,0.1015625,1.8930988183739292,1.8930988183739291e-06,mle,0.27117816772706793,2.1051641352021297,ok,True,True,extraction,
xrp,2086,2023-07-28,1574,2085,512,-4.32463345909685,linear,52,0,52,52,0,52,0.1,0.1015625,0.1015625,1.8853478138877482,1.885347813887748e-06,mle,0.27117816772706793,2.1051641352021297,ok,True,True,extraction,
xrp,2087,2023-07-29,1575,2086,512,-4.32463345909685,linear,52,0,52,52,0,52,0.1,0.1015625,0.1015625,1.8809190991931892,1.8809190991931892e-06,mle,0.27117816772706793,2.1051641352021297,ok,True,True,extraction,
xrp,2088,2023-07-30,1576,2087,512,-4.267976404881915,linear,52,0,52,52,0,52,0.1,0.1015625,0.1015625,1.868652767716461,1.868652767716461e-06,mle,0.2610014586159405,2.1578267184278195,ok,True,True,extraction,
xrp,2089,2023-07-31,1577,2088,512,-4.267976404881915,linear,52,0,52,52,0,52,0.1,0.1015625,0.1015625,1.8535152437973879,1.8535152437973878e-06,mle,0.2610014586159405,2.1578267184278195,ok,True,True,extraction,
xrp,2090,2023-08-01,1578,2089,512,-4.267976404881915,linear,52,0,52,52,0,52,0.1,0.1015625,0.1015625,1.8298660054684162,1.829866005468416e-06,mle,0.2610014586159405,2.1578267184278195,ok,True,True,extraction,
xrp,2091,2023-08-02,1579,2090,512,-4.267976404881915,linear,52,0,52,52,0,52,0.1,0.1015625,0.1015625,1.8298660054684162,1.829866005468416e-06,mle,0.2610014586159405,2.1578267184278195,ok,True,True,extraction,
xrp,2092,2023-08-03,1580,2091,512,-4.267976404881915,linear,52,0,52,52,0,52,0.1,0.1015625,0.1015625,1.8535152437973879,1.8535152437973878e-06,mle,0.2610014586159405,2.1578267184278195,ok,True,True,extraction,
xrp,2093,2023-08-04,1581,2092,512,-4.267976404881915,linear,52,0,52,52,0,52,0.1,0.1015625,0.1015625,1.8535152437973879,1.8535152437973878e-06,mle,0.2610014586159405,2.1578267184278195,ok,True,True,extraction,
xrp,2094,2023-08-05,1582,2093,512,-4.32463345909685,linear,52,0,52,52,0,52,0.1,0.1015625,0.1015625,1.8535152437973879,1.8535152437973878e-06,mle,0.2980489256969502,2.026846133883969,ok,True,True,extraction,
xrp,2095,2023-08-06,1583,2094,512,-4.32463345909685,linear,52,0,52,52,0,52,0.1,0.1015625,0.1015625,1.8325829784763426,1.8325829784763424e-06,mle,0.2980489256969502,2.026846133883969,ok,True,True,extraction,
xrp,2096,2023-08-07,1584,2095,512,-4.32463345909685,linear,52,0,52,52,0,52,0.1,0.1015625,0.1015625,1.8203285704586145,1.8203285704586144e-06,mle,0.2980489256969502,2.026846133883969,ok,True,True,extraction,
xrp,2097,2023-08-08,1585,2096,512,-4.32463345909685,linear,52,0,52,52,0,52,0.1,0.1015625,0.1015625,1.807980959837192,1.807980959837192e-06,mle,0.2980489256969502,2.026846133883969,ok,True,True,extraction,
xrp,2098,2023-08-09,1586,2097,512,-4.32463345909685,linear,52,0,52,52,0,52,0.1,0.1015625,0.1015625,1.8203285704586145,1.8203285704586144e-06,mle,0.2980489256969502,2.026846133883969,ok,True,True,extraction,
xrp,2099,2023-08-10,1587,2098,512,-4.32463345909685,linear,52,0,52,52,0,52,0.1,0.1015625,0.1015625,1.8089337401473708,1.8089337401473708e-06,mle,0.2980489256969502,2.026846133883969,ok,True,True,extraction,
xrp,2100,2023-08-11,1588,2099,512,-4.32463345909685,linear,52,0,52,52,0,52,0.1,0.1015625,0.1015625,1.807980959837192,1.807980959837192e-06,mle,0.2980489256969502,2.026846133883969,ok,True,True,extraction,
xrp,2101,2023-08-12,1589,2100,512,-4.32463345909685,linear,52,0,52,52,0,52,0.1,0.1015625,0.1015625,1.807980959837192,1.807980959837192e-06,mle,0.2980489256969502,2.026846133883969,ok,True,True,extraction,
xrp,2102,2023-08-13,1590,2101,512,-4.32463345909685,linear,52,0,52,52,0,52,0.1,0.1015625,0.1015625,1.8175373879271035,1.8175373879271033e-06,mle,0.2980489256969502,2.026846133883969,ok,True,True,extraction,
xrp,2103,2023-08-14,1591,2102,512,-4.32463345909685,linear,52,0,52,52,0,52,0.1,0.1015625,0.1015625,1.8089979570223234,1.8089979570223232e-06,mle,0.2980489256969502,2.026846133883969,ok,True,True,extraction,
xrp,2104,2023-08-15,1592,2103,512,-4.32463345909685,linear,52,0,52,52,0,52,0.1,0.1015625,0.1015625,1.8047924107583326,1.8047924107583326e-06,mle,0.2980489256969502,2.026846133883969,ok,True,True,extraction,
xrp,2105,2023-08-16,1593,2104,512,-4.32463345909685,linear,52,0,52,52,0,52,0.1,0.1015625,0.1015625,1.8089979570223234,1.8089979570223232e-06,mle,0.2980489256969502,2.026846133883969,ok,True,True,extraction,
xrp,2106,2023-08-17,1594,2105,512,-4.32463345909685,linear,52,0,52,52,0,52,0.1,0.1015625,0.1015625,1.8175373879271035,1.8175373879271033e-06,mle,0.2980489256969502,2.026846133883969,ok,True,True,extraction,
xrp,2107,2023-08-18,1595,2106,512,-4.350544295542594,linear,52,0,52,52,0,52,0.1,0.1015625,0.1015625,1.8283056411177667,1.8283056411177665e-06,mle,0.2956122383724751,2.1668266348833525,ok,True,True,extraction,
xrp,2108,2023-08-19,1596,2107,512,-4.350544295542594,linear,52,0,52,52,0,52,0.1,0.1015625,0.1015625,1.8307477395297722,1.830747739529772e-06,mle,0.2956122383724751,2.1668266348833525,ok,True,True,extraction,
xrp,2109,2023-08-20,1597,2108,512,-4.350544295542594,linear,52,0,52,52,0,52,0.1,0.1015625,0.1015625,1.8283056411177667,1.8283056411177665e-06,mle,0.2956122383724751,2.1668266348833525,ok,True,True,extraction,
xrp,2110,2023-08-21,1598,2109,512,-4.350544295542594,linear,52,0,52,52,0,52,0.1,0.1015625,0.1015625,1.8423984513568272,1.8423984513568272e-06,mle,0.2956122383724751,2.1668266348833525,ok,True,True,extraction,
xrp,2111,2023-08-22,1599,2110,512,-4.350544295542594,linear,52,0,52,52,0,52,0.1,0.1015625,0.1015625,1.8388330861146334,1.8388330861146332e-06,mle,0.2956122383724751,2.1668266348833525,ok,True,True,extraction,
xrp,2112,2023-08-23,1600,2111,512,-4.350544295542594,linear,52,0,52,52,0,52,0.1,0.1015625,0.1015625,1.8392012893343672,1.8392012893343671e-06,mle,0.2956122383724751,2.1668266348833525,ok,True,True,extraction,
xrp,2113,2023-08-24,1601,2112,512,-4.350544295542594,linear,52,0,52,52,0,52,0.1,0.1015625,0.1015625,1.8388330861146334,1.8388330861146332e-06,mle,0.2956122383724751,2.1668266348833525,ok,True,True,extraction,
xrp,2114,2023-08-25,1602,2113,512,-4.350544295542594,linear,52,0,52,52,0,52,0.1,0.1015625,0.1015625,1.8470916628408394,1.8470916628408393e-06,mle,0.2956122383724751,2.1668266348833525,ok,True,True,extraction,
xrp,2115,2023-08-26,1603,2114,512,-4.32463345909685,linear,52,0,52,52,0,52,0.1,0.1015625,0.1015625,1.8388330861146334,1.8388330861146332e-06,mle,0.30990766027788436,2.134299796124084,ok,True,True,extraction,
xrp,2116,2023-08-27,1604,2115,512,-4.32463345909685,linear,52,0,52,52,0,52,0.1,0.1015625,0.1015625,1.8392012893343672,1.8392012893343671e-06,mle,0.30990766027788436,2.134299796124084,ok,True,True,extraction,
xrp,2117,2023-08-28,1605,2116,512,-4.32463345909685,linear,52,0,52,52,0,52,0.1,0.1015625,0.1015625,1.8388330861146334,1.8388330861146332e-06,mle,0.30990766027788436,2.134299796124084,ok,True,True,extraction,
xrp,2118,2023-08-29,1606,2117,512,-4.32463345909685,linear,52,0,52,52,0,52,0.1,0.1015625,0.1015625,1.8273882193732036,1.8273882193732036e-06,mle,0.30990766027788436,2.134299796124084,ok,True,True,extraction,
xrp,2119,2023-08-30,1607,2118,512,-4.32463345909685,linear,52,0,52,52,0,52,0.1,0.1015625,0.1015625,1.8388330861146334,1.8388330861146332e-06,mle,0.30990766027788436,2.134299796124084,ok,True,True,extraction,
xrp,2120,2023-08-31,1608,2119,512,-4.32463345909685,linear,52,0,52,52,0,52,0.1,0.1015625,0.1015625,1.848677547238299,1.848677547238299e-06,mle,0.30990766027788436,2.134299796124084,ok,True,True,extraction,
xrp,2121,2023-09-01,1609,2120,512,-4.267976404881915,linear,52,0,52,52,0,52,0.1,0.1015625,0.1015625,1.848677547238299,1.848677547238299e-06,mle,0.3220703310706452,2.1046867650311953,ok,True,True,extraction,
xrp,2122,2023-09-02,1610,2121,512,-4.267976404881915,linear,52,0,52,52,0,52,0.1,0.1015625,0.1015625,1.8470916628408394,1.8470916628408393e-06,mle,0.3220703310706452,2.1046867650311953,ok,True,True,extraction,
xrp,2123,2023-09-03,1611,2122,512,-4.215247685406167,linear,52,0,52,52,0,52,0.1,0.1015625,0.1015625,1.8388330861146334,1.8388330861146332e-06,mle,0.2864424147365745,2.230067234662557,ok,True,True,extraction,
xrp,2124,2023-09-04,1612,2123,512,-4.215247685406167,linear,52,0,52,52,0,52,0.1,0.1015625,0.1015625,1.8388330861146334,1.8388330861146332e-06,mle,0.2864424147365745,2.230067234662557,ok,True,True,extraction,
xrp,2125,2023-09-05,1613,2124,512,-4.215247685406167,linear,52,0,52,52,0,52,0.1,0.1015625,0.1015625,1.8283056411177667,1.8283056411177665e-06,mle,0.2864424147365745,2.230067234662557,ok,True,True,extraction,
xrp,2126,2023-09-06,1614,2125,512,-4.139123985534637,linear,52,0,52,52,0,52,0.1,0.1015625,0.1015625,1.8175373879271035,1.8175373879271033e-06,mle,0.2904191078923889,2.211608870075419,ok,True,True,extraction,
xrp,2127,2023-09-07,1615,2126,512,-4.139123985534637,linear,52,0,52,52,0,52,0.1,0.1015625,0.1015625,1.8119075425743683,1.8119075425743682e-06,mle,0.2904191078923889,2.211608870075419,ok,True,True,extraction,
xrp,2128,2023-09-08,1616,2127,512,-4.139123985534637,linear,52,0,52,52,0,52,0.1,0.1015625,0.1015625,1.8119075425743683,1.8119075425743682e-06,mle,0.2904191078923889,2.211608870075419,ok,True,True,extraction,
xrp,2129,2023-09-09,1617,2128,512,-4.139123985534637,linear,52,0,52,52,0,52,0.1,0.1015625,0.1015625,1.8119075425743683,1.8119075425743682e-06,mle,0.2904191078923889,2.211608870075419,ok,True,True,extraction,
xrp,2130,2023-09-10,1618,2129,512,-4.139123985534637,linear,52,0,52,52,0,52,0.1,0.1015625,0.1015625,1.7943078132031216,1.7943078132031215e-06,mle,0.2904191078923889,2.211608870075419,ok,True,True,extraction,
xrp,2131,2023-09-11,1619,2130,512,-4.139123985534637,linear,52,0,52,52,0,52,0.1,0.1015625,0.1015625,1.7943078132031216,1.7943078132031215e-06,mle,0.2904191078923889,2.211608870075419,ok,True,True,extraction,
xrp,2132,2023-09-12,1620,2131,512,-4.215247685406167,linear,52,0,52,52,0,52,0.1,0.1015625,0.1015625,1.7943078132031216,1.7943078132031215e-06,mle,0.3269278619235806,2.073791453636963,ok,True,True,extraction,
xrp,2133,2023-09-13,1621,2132,512,-4.215247685406167,linear,52,0,52,52,0,52,0.1,0.1015625,0.1015625,1.781505428607598,1.781505428607598e-06,mle,0.3269278619235806,2.073791453636963,ok,True,True,extraction,
xrp,2134,2023-09-14,1622,2133,512,-4.215247685406167,linear,52,0,52,52,0,52,0.1,0.1015625,0.1015625,1.781505428607598,1.781505428607598e-06,mle,0.3269278619235806,2.073791453636963,ok,True,True,extraction,
xrp,2135,2023-09-15,1623,2134,512,-4.215247685406167,linear,52,0,52,52,0,52,0.1,0.1015625,0.1015625,1.7707371754169348,1.7707371754169347e-06,mle,0.3269278619235806,2.073791453636963,ok,True,True,extraction,
xrp,2136,2023-09-16,1624,2135,512,-4.215247685406167,linear,52,0,52,52,0,52,0.1,0.1015625,0.1015625,1.769599677548261,1.7695996775482609e-06,mle,0.3269278619235806,2.073791453636963,ok,True,True,extraction,
xrp,2137,2023-09-17,1625,2136,512,-4.215247685406167,linear,52,0,52,52,0,52,0.1,0.1015625,0.1015625,1.7660931639688118,1.7660931639688117e-06,mle,0.3269278619235806,2.073791453636963,ok,True,True,extraction,
xrp,2138,2023-09-18,1626,2137,512,-4.215247685406167,linear,52,0,52,52,0,52,0.1,0.1015625,0.1015625,1.7660931639688118,1.7660931639688117e-06,mle,0.3269278619235806,2.073791453636963,ok,True,True,extraction,
xrp,2139,2023-09-19,1627,2138,512,-4.215247685406167,linear,52,0,52,52,0,52,0.1,0.1015625,0.1015625,1.7729968889958339,1.7729968889958337e-06,mle,0.3269278619235806,2.073791453636963,ok,True,True,extraction,
xrp,2140,2023-09-20,1628,2139,512,-4.215247685406167,linear,52,0,52,52,0,52,0.1,0.1015625,0.1015625,1.7774900510547331,1.777490051054733e-06,mle,0.3269278619235806,2.073791453636963,ok,True,True,extraction,
xrp,2141,2023-09-21,1629,2140,512,-4.139123985534637,linear,52,0,52,52,0,52,0.1,0.1015625,0.1015625,1.7739835374752841,1.7739835374752841e-06,mle,0.32631867650743873,2.075518689671177,ok,True,True,extraction,
xrp,2142,2023-09-22,1630,2141,512,-4.139123985534637,linear,52,0,52,52,0,52,0.1,0.1015625,0.1015625,1.7774900510547331,1.777490051054733e-06,mle,0.32631867650743873,2.075518689671177,ok,True,True,extraction,
xrp,2143,2023-09-23,1631,2142,512,-4.139123985534637,linear,52,0,52,52,0,52,0.1,0.1015625,0.1015625,1.7807219690111133,1.7807219690111132e-06,mle,0.32631867650743873,2.075518689671177,ok,True,True,extraction,
xrp,2144,2023-09-24,1632,2143,512,-4.124932033402699,linear,52,0,52,52,0,52,0.1,0.1015625,0.1015625,1.7739835374752841,1.7739835374752841e-06,mle,0.34890659701696947,2.0169909491700584,ok,True,True,extraction,
xrp,2145,2023-09-25,1633,2144,512,-4.124932033402699,linear,52,0,52,52,0,52,0.1,0.1015625,0.1015625,1.7628612460124313,1.7628612460124312e-06,mle,0.34890659701696947,2.0169909491700584,ok,True,True,extraction,
xrp,2146,2023-09-26,1634,2145,512,-4.124932033402699,linear,52,0,52,52,0,52,0.1,0.1015625,0.1015625,1.7489952247446992,1.748995224744699e-06,mle,0.34890659701696947,2.0169909491700584,ok,True,True,extraction,
xrp,2147,2023-09-27,1635,2146,512,-4.124932033402699,linear,52,0,52,52,0,52,0.1,0.1015625,0.1015625,1.7489952247446992,1.748995224744699e-06,mle,0.34890659701696947,2.0169909491700584,ok,True,True,extraction,
xrp,2148,2023-09-28,1636,2147,512,-4.124932033402699,linear,52,0,52,52,0,52,0.1,0.1015625,0.1015625,1.7489952247446992,1.748995224744699e-06,mle,0.34890659701696947,2.0169909491700584,ok,True,True,extraction,
xrp,2149,2023-09-29,1637,2148,512,-4.124932033402699,linear,52,0,52,52,0,52,0.1,0.1015625,0.1015625,1.7489952247446992,1.748995224744699e-06,mle,0.34890659701696947,2.0169909491700584,ok,True,True,extraction,
xrp,2150,2023-09-30,1638,2149,512,-4.106331695379652,linear,52,0,52,52,0,52,0.1,0.1015625,0.1015625,1.7489952247446992,1.748995224744699e-06,mle,0.39437745889907017,1.8760033884411556,ok,True,True,extraction,
xrp,2151,2023-10-01,1639,2150,512,-4.106331695379652,linear,52,0,52,52,0,52,0.1,0.1015625,0.1015625,1.7489952247446992,1.748995224744699e-06,mle,0.39437745889907017,1.8760033884411556,ok,True,True,extraction,
xrp,2152,2023-10-02,1640,2151,512,-4.106331695379652,linear,52,0,52,52,0,52,0.1,0.1015625,0.1015625,1.73582360340672,1.73582360340672e-06,mle,0.39437745889907017,1.8760033884411556,ok,True,True,extraction,
xrp,2153,2023-10-03,1641,2152,512,-4.106331695379652,linear,52,0,52,52,0,52,0.1,0.1015625,0.1015625,1.73582360340672,1.73582360340672e-06,mle,0.39437745889907017,1.8760033884411556,ok,True,True,extraction,
xrp,2154,2023-10-04,1642,2153,512,-3.9917872148868905,linear,52,0,52,52,0,52,0.1,0.1015625,0.1015625,1.74179925116798,1.74179925116798e-06,mle,0.32520587737745854,1.9759735868163928,ok,True,True,extraction,
xrp,2155,2023-10-05,1643,2154,512,-3.9917872148868905,linear,52,0,52,52,0,52,0.1,0.1015625,0.1015625,1.7192875107076822,1.719287510707682e-06,mle,0.32520587737745854,1.9759735868163928,ok,True,True,extraction,
xrp,2156,2023-10-06,1644,2155,512,-3.9647010005666163,linear,52,0,52,52,0,52,0.1,0.1015625,0.1015625,1.7192875107076822,1.719287510707682e-06,mle,0.2460849929101946,1.9412930563230504,ok,True,True,extraction,
xrp,2157,2023-10-07,1645,2156,512,-3.922956235467006,linear,52,0,52,52,0,52,0.1,0.1015625,0.1015625,1.7076729542966804,1.7076729542966804e-06,mle,0.2663995402395231,1.880881174045503,ok,True,True,extraction,
xrp,2158,2023-10-08,1646,2157,512,-3.922956235467006,linear,52,0,52,52,0,52,0.1,0.1015625,0.1015625,1.7002512423258236,1.7002512423258235e-06,mle,0.2663995402395231,1.880881174045503,ok,True,True,extraction,
xrp,2159,2023-10-09,1647,2158,512,-3.922956235467006,linear,52,0,52,52,0,52,0.1,0.1015625,0.1015625,1.7002512423258236,1.7002512423258235e-06,mle,0.2663995402395231,1.880881174045503,ok,True,True,extraction,
xrp,2160,2023-10-10,1648,2159,512,-3.922956235467006,linear,52,0,52,52,0,52,0.1,0.1015625,0.1015625,1.7002512423258236,1.7002512423258235e-06,mle,0.2663995402395231,1.880881174045503,ok,True,True,extraction,
xrp,2161,2023-10-11,1649,2160,512,-3.9068642811498995,linear,52,0,52,52,0,52,0.1,0.1015625,0.1015625,1.6975811234710183,1.6975811234710182e-06,mle,0.2972170812952408,1.8009762759769188,ok,True,True,extraction,
xrp,2162,2023-10-12,1650,2161,512,-3.9068642811498995,linear,52,0,52,52,0,52,0.1,0.1015625,0.1015625,1.7015018035402827,1.7015018035402825e-06,mle,0.2972170812952408,1.8009762759769188,ok,True,True,extraction,
xrp,2163,2023-10-13,1651,2162,512,-3.832033849355635,linear,52,0,52,52,0,52,0.1,0.1015625,0.1015625,1.6986024680688323,1.6986024680688322e-06,mle,0.2901288974053919,1.8175615731100392,ok,True,True,extraction,
xrp,2164,2023-10-14,1652,2163,512,-3.832033849355635,linear,52,0,52,52,0,52,0.1,0.1015625,0.1015625,1.694681787999568,1.6946817879995679e-06,mle,0.2901288974053919,1.8175615731100392,ok,True,True,extraction,
xrp,2165,2023-10-15,1653,2164,512,-3.832033849355635,linear,52,0,52,52,0,52,0.1,0.1015625,0.1015625,1.6825502078525765,1.6825502078525765e-06,mle,0.2901288974053919,1.8175615731100392,ok,True,True,extraction,
xrp,2166,2023-10-16,1654,2165,512,-3.832033849355635,linear,52,0,52,52,0,52,0.1,0.1015625,0.1015625,1.6825502078525765,1.6825502078525765e-06,mle,0.2901288974053919,1.8175615731100392,ok,True,True,extraction,
xrp,2167,2023-10-17,1655,2166,512,-3.832033849355635,linear,52,0,52,52,0,52,0.1,0.1015625,0.1015625,1.6825502078525765,1.6825502078525765e-06,mle,0.2901288974053919,1.8175615731100392,ok,True,True,extraction,
xrp,2168,2023-10-18,1656,2167,512,-3.7335726105974225,linear,52,0,52,52,0,52,0.1,0.1015625,0.1015625,1.6694007253432592,1.669400725343259e-06,mle,0.23464362096114216,2.009349001372878,ok,True,True,extraction,
xrp,2169,2023-10-19,1657,2168,512,-3.7335726105974225,linear,52,0,52,52,0,52,0.1,0.1015625,0.1015625,1.675804165682494,1.675804165682494e-06,mle,0.23464362096114216,2.009349001372878,ok,True,True,extraction,
xrp,2170,2023-10-20,1658,2169,512,-3.7335726105974225,linear,52,0,52,52,0,52,0.1,0.1015625,0.1015625,1.6825502078525765,1.6825502078525765e-06,mle,0.23464362096114216,2.009349001372878,ok,True,True,extraction,
xrp,2171,2023-10-21,1659,2170,512,-3.7335726105974225,linear,52,0,52,52,0,52,0.1,0.1015625,0.1015625,1.6694007253432592,1.669400725343259e-06,mle,0.23464362096114216,2.009349001372878,ok,True,True,extraction,
xrp,2172,2023-10-22,1660,2171,512,-3.7335726105974225,linear,52,0,52,52,0,52,0.1,0.1015625,0.1015625,1.6651951790792685,1.6651951790792685e-06,mle,0.23464362096114216,2.009349001372878,ok,True,True,extraction,
xrp,2173,2023-10-23,1661,2172,512,-3.7335726105974225,linear,52,0,52,52,0,52,0.1,0.1015625,0.1015625,1.6651951790792685,1.6651951790792685e-06,mle,0.23464362096114216,2.009349001372878,ok,True,True,extraction,
xrp,2174,2023-10-24,1662,2173,512,-3.7335726105974225,linear,52,0,52,52,0,52,0.1,0.1015625,0.1015625,1.6692254058887583,1.6692254058887582e-06,mle,0.23464362096114216,2.009349001372878,ok,True,True,extraction,
xrp,2175,2023-10-25,1663,2174,512,-3.7335726105974225,linear,52,0,52,52,0,52,0.1,0.1015625,0.1015625,1.6692254058887583,1.6692254058887582e-06,mle,0.23464362096114216,2.009349001372878,ok,True,True,extraction,
xrp,2176,2023-10-26,1664,2175,512,-3.7335726105974225,linear,52,0,52,52,0,52,0.1,0.1015625,0.1015625,1.6694007253432592,1.669400725343259e-06,mle,0.23464362096114216,2.009349001372878,ok,True,True,extraction,
xrp,2177,2023-10-27,1665,2176,512,-3.720414760353224,linear,52,0,52,52,0,52,0.1,0.1015625,0.1015625,1.665215854533283,1.665215854533283e-06,mle,0.26754690356594946,1.9136753154274295,ok,True,True,extraction,
xrp,2178,2023-10-28,1666,2177,512,-3.720414760353224,linear,52,0,52,52,0,52,0.1,0.1015625,0.1015625,1.6602559978259606,1.6602559978259604e-06,mle,0.26754690356594946,1.9136753154274295,ok,True,True,extraction,
xrp,2179,2023-10-29,1667,2178,512,-3.720414760353224,linear,52,0,52,52,0,52,0.1,0.1015625,0.1015625,1.6495222305374866,1.6495222305374865e-06,mle,0.26754690356594946,1.9136753154274295,ok,True,True,extraction,
xrp,2180,2023-10-30,1668,2179,512,-3.720414760353224,linear,52,0,52,52,0,52,0.1,0.1015625,0.1015625,1.6602559978259606,1.6602559978259604e-06,mle,0.26754690356594946,1.9136753154274295,ok,True,True,extraction,
xrp,2181,2023-10-31,1669,2180,512,-3.720414760353224,linear,52,0,52,52,0,52,0.1,0.1015625,0.1015625,1.6668347576196962,1.6668347576196961e-06,mle,0.26754690356594946,1.9136753154274295,ok,True,True,extraction,
xrp,2182,2023-11-01,1670,2181,512,-3.720414760353224,linear,52,0,52,52,0,52,0.1,0.1015625,0.1015625,1.6668347576196962,1.6668347576196961e-06,mle,0.26754690356594946,1.9136753154274295,ok,True,True,extraction,
xrp,2183,2023-11-02,1671,2182,512,-3.720414760353224,linear,52,0,52,52,0,52,0.1,0.1015625,0.1015625,1.6668347576196962,1.6668347576196961e-06,mle,0.26754690356594946,1.9136753154274295,ok,True,True,extraction,
xrp,2184,2023-11-03,1672,2183,512,-3.720414760353224,linear,52,0,52,52,0,52,0.1,0.1015625,0.1015625,1.6602559978259606,1.6602559978259604e-06,mle,0.26754690356594946,1.9136753154274295,ok,True,True,extraction,
xrp,2185,2023-11-04,1673,2184,512,-3.720414760353224,linear,52,0,52,52,0,52,0.1,0.1015625,0.1015625,1.6602559978259606,1.6602559978259604e-06,mle,0.26754690356594946,1.9136753154274295,ok,True,True,extraction,
xrp,2186,2023-11-05,1674,2185,512,-3.698690644677272,linear,52,0,52,52,0,52,0.1,0.1015625,0.1015625,1.6511411336239,1.6511411336238999e-06,mle,0.2804254811466411,1.8869756983989379,ok,True,True,extraction,
xrp,2187,2023-11-06,1675,2186,512,-3.6195014209078784,linear,52,0,52,52,0,52,0.1,0.1015625,0.1015625,1.6533627248437561,1.653362724843756e-06,mle,0.2689359606150448,1.93540633739288,ok,True,True,extraction,
xrp,2188,2023-11-07,1676,2187,512,-3.5523936075373412,linear,52,0,52,52,0,52,0.1,0.1015625,0.1015625,1.6598768226989482,1.659876822698948e-06,mle,0.23077435038179286,2.072062118604918,ok,True,True,extraction,
xrp,2189,2023-11-08,1677,2188,512,-3.5523936075373412,linear,52,0,52,52,0,52,0.1,0.1015625,0.1015625,1.6598768226989482,1.659876822698948e-06,mle,0.25055345304574916,1.9249168029380535,ok,True,True,extraction,
xrp,2190,2023-11-09,1678,2189,512,-3.5523936075373412,linear,52,0,52,52,0,52,0.1,0.1015625,0.1015625,1.654427105205769,1.654427105205769e-06,mle,0.25055345304574916,1.9249168029380535,ok,True,True,extraction,
xrp,2191,2023-11-10,1679,2190,512,-3.5523936075373412,linear,52,0,52,52,0,52,0.1,0.1015625,0.1015625,1.6511139906828043,1.6511139906828042e-06,mle,0.25055345304574916,1.9249168029380535,ok,True,True,extraction,
xrp,2192,2023-11-11,1680,2191,512,-3.543844719898619,linear,52,0,52,52,0,52,0.1,0.1015625,0.1015625,1.6488923994629479,1.6488923994629478e-06,mle,0.28183038869759197,1.7690769953634553,ok,True,True,extraction,
xrp,2193,2023-11-12,1681,2192,512,-3.543844719898619,linear,52,0,52,52,0,52,0.1,0.1015625,0.1015625,1.6454576971429713,1.6454576971429712e-06,mle,0.28183038869759197,1.7690769953634553,ok,True,True,extraction,
xrp,2194,2023-11-13,1682,2193,512,-3.4725246950877153,linear,52,0,52,52,0,52,0.1,0.1015625,0.1015625,1.6357589983405396,1.6357589983405396e-06,mle,0.25419828251777954,1.8732600296477249,ok,True,True,extraction,
xrp,2195,2023-11-14,1683,2194,512,-3.4725246950877153,linear,52,0,52,52,0,52,0.1,0.1015625,0.1015625,1.6262169423754234,1.6262169423754233e-06,mle,0.25419828251777954,1.8732600296477249,ok,True,True,extraction,
xrp,2196,2023-11-15,1684,2195,512,-3.543844719898619,linear,52,0,52,52,0,52,0.1,0.1015625,0.1015625,1.6357589983405396,1.6357589983405396e-06,mle,0.2566901073189126,1.8575465193433236,ok,True,True,extraction,
xrp,2197,2023-11-16,1685,2196,512,-3.543844719898619,linear,52,0,52,52,0,52,0.1,0.1015625,0.1015625,1.6454576971429713,1.6454576971429712e-06,mle,0.2566901073189126,1.8575465193433236,ok,True,True,extraction,
xrp,2198,2023-11-17,1686,2197,512,-3.5523936075373412,linear,52,0,52,52,0,52,0.1,0.1015625,0.1015625,1.6454576971429713,1.6454576971429712e-06,mle,0.22295254454436597,1.963287614598738,ok,True,True,extraction,
xrp,2199,2023-11-18,1687,2198,512,-3.5523936075373412,linear,52,0,52,52,0,52,0.1,0.1015625,0.1015625,1.6357589983405396,1.6357589983405396e-06,mle,0.22295254454436597,1.963287614598738,ok,True,True,extraction,
xrp,2200,2023-11-19,1688,2199,512,-3.5523936075373412,linear,52,0,52,52,0,52,0.1,0.1015625,0.1015625,1.6226974086241346,1.6226974086241346e-06,mle,0.22295254454436597,1.963287614598738,ok,True,True,extraction,
xrp,2201,2023-11-20,1689,2200,512,-3.5523936075373412,linear,52,0,52,52,0,52,0.1,0.1015625,0.1015625,1.6357589983405396,1.6357589983405396e-06,mle,0.22295254454436597,1.963287614598738,ok,True,True,extraction,
xrp,2202,2023-11-21,1690,2201,512,-3.5523936075373412,linear,52,0,52,52,0,52,0.1,0.1015625,0.1015625,1.6357589983405396,1.6357589983405396e-06,mle,0.22295254454436597,1.963287614598738,ok,True,True,extraction,
xrp,2203,2023-11-22,1691,2202,512,-3.6195014209078784,linear,52,0,52,52,0,52,0.1,0.1015625,0.1015625,1.6454576971429713,1.6454576971429712e-06,mle,0.2285643227770245,1.9253780140601415,ok,True,True,extraction,
xrp,2204,2023-11-23,1692,2203,512,-3.5523936075373412,linear,52,0,52,52,0,52,0.1,0.1015625,0.1015625,1.64300753846275,1.64300753846275e-06,mle,0.2125497696245359,2.0004515085013486,ok,True,True,extraction,
xrp,2205,2023-11-24,1693,2204,512,-3.5523936075373412,linear,52,0,52,52,0,52,0.1,0.1015625,0.1015625,1.6357081482037559,1.6357081482037559e-06,mle,0.2125497696245359,2.0004515085013486,ok,True,True,extraction,
xrp,2206,2023-11-25,1694,2205,512,-3.5523936075373412,linear,52,0,52,52,0,52,0.1,0.1015625,0.1015625,1.6357081482037559,1.6357081482037559e-06,mle,0.2125497696245359,2.0004515085013486,ok,True,True,extraction,
xrp,2207,2023-11-26,1695,2206,512,-3.543844719898619,linear,52,0,52,52,0,52,0.1,0.1015625,0.1015625,1.62634868198789,1.62634868198789e-06,mle,0.24216664532793458,1.9094737060145826,ok,True,True,extraction,
xrp,2208,2023-11-27,1696,2207,512,-3.543844719898619,linear,52,0,52,52,0,52,0.1,0.1015625,0.1015625,1.626738740140958,1.626738740140958e-06,mle,0.24216664532793458,1.9094737060145826,ok,True,True,extraction,
xrp,2209,2023-11-28,1697,2208,512,-3.543844719898619,linear,52,0,52,52,0,52,0.1,0.1015625,0.1015625,1.635915641177855,1.6359156411778549e-06,mle,0.24216664532793458,1.9094737060145826,ok,True,True,extraction,
xrp,2210,2023-11-29,1698,2209,512,-3.543844719898619,linear,52,0,52,52,0,52,0.1,0.1015625,0.1015625,1.6188078576322362,1.618807857632236e-06,mle,0.24216664532793458,1.9094737060145826,ok,True,True,extraction,
xrp,2211,2023-11-30,1699,2210,512,-3.543844719898619,linear,52,0,52,52,0,52,0.1,0.1015625,0.1015625,1.6188078576322362,1.618807857632236e-06,mle,0.24216664532793458,1.9094737060145826,ok,True,True,extraction,
xrp,2212,2023-12-01,1700,2211,512,-3.543844719898619,linear,52,0,52,52,0,52,0.1,0.1015625,0.1015625,1.614744218251953,1.6147442182519528e-06,mle,0.24216664532793458,1.9094737060145826,ok,True,True,extraction,
xrp,2213,2023-12-02,1701,2212,512,-3.543844719898619,linear,52,0,52,52,0,52,0.1,0.1015625,0.1015625,1.6129804080401633,1.6129804080401633e-06,mle,0.24216664532793458,1.9094737060145826,ok,True,True,extraction,
xrp,2214,2023-12-03,1702,2213,512,-3.543844719898619,linear,52,0,52,52,0,52,0.1,0.1015625,0.1015625,1.5997073013892749,1.5997073013892748e-06,mle,0.24216664532793458,1.9094737060145826,ok,True,True,extraction,
xrp,2215,2023-12-04,1703,2214,512,-3.543844719898619,linear,52,0,52,52,0,52,0.1,0.1015625,0.1015625,1.5997073013892749,1.5997073013892748e-06,mle,0.24216664532793458,1.9094737060145826,ok,True,True,extraction,
xrp,2216,2023-12-05,1704,2215,512,-3.4725246950877153,linear,52,0,52,52,0,52,0.1,0.1015625,0.1015625,1.5929458183703202,1.59294581837032e-06,mle,0.23693850653818738,1.9428718424219422,ok,True,True,extraction,
xrp,2217,2023-12-06,1705,2216,512,-3.453154430622311,linear,52,0,52,52,0,52,0.1,0.1015625,0.1015625,1.5887767211277293,1.5887767211277293e-06,mle,0.2275402417447182,1.9785682517126777,ok,True,True,extraction,
xrp,2218,2023-12-07,1706,2217,512,-3.453154430622311,linear,52,0,52,52,0,52,0.1,0.1015625,0.1015625,1.5929458183703202,1.59294581837032e-06,mle,0.2275402417447182,1.9785682517126777,ok,True,True,extraction,
xrp,2219,2023-12-08,1707,2218,512,-3.453154430622311,linear,52,0,52,52,0,52,0.1,0.1015625,0.1015625,1.5883866629746612,1.5883866629746611e-06,mle,0.2275402417447182,1.9785682517126777,ok,True,True,extraction,
xrp,2220,2023-12-09,1708,2219,512,-3.453154430622311,linear,52,0,52,52,0,52,0.1,0.1015625,0.1015625,1.5883866629746612,1.5883866629746611e-06,mle,0.2275402417447182,1.9785682517126777,ok,True,True,extraction,
xrp,2221,2023-12-10,1709,2220,512,-3.453154430622311,linear,52,0,52,52,0,52,0.1,0.1015625,0.1015625,1.5929458183703202,1.59294581837032e-06,mle,0.2275402417447182,1.9785682517126777,ok,True,True,extraction,
xrp,2222,2023-12-11,1710,2221,512,-3.453154430622311,linear,52,0,52,52,0,52,0.1,0.1015625,0.1015625,1.5887767211277293,1.5887767211277293e-06,mle,0.2275402417447182,1.9785682517126777,ok,True,True,extraction,
xrp,2223,2023-12-12,1711,2222,512,-3.4725246950877153,linear,52,0,52,52,0,52,0.1,0.1015625,0.1015625,1.5887767211277293,1.5887767211277293e-06,mle,0.19821934102211852,2.0793249424398015,ok,True,True,extraction,
xrp,2224,2023-12-13,1712,2223,512,-3.4725246950877153,linear,52,0,52,52,0,52,0.1,0.1015625,0.1015625,1.5858314769839397,1.5858314769839397e-06,mle,0.19821934102211852,2.0793249424398015,ok,True,True,extraction,
xrp,2225,2023-12-14,1713,2224,512,-3.4725246950877153,linear,52,0,52,52,0,52,0.1,0.1015625,0.1015625,1.5835686250273087,1.5835686250273085e-06,mle,0.19821934102211852,2.0793249424398015,ok,True,True,extraction,
xrp,2226,2023-12-15,1714,2225,512,-3.453154430622311,linear,52,0,52,52,0,52,0.1,0.1015625,0.1015625,1.5844227540910962,1.5844227540910963e-06,mle,0.18812033157380775,2.119760406759143,ok,True,True,extraction,
xrp,2227,2023-12-16,1715,2226,512,-3.453154430622311,linear,52,0,52,52,0,52,0.1,0.1015625,0.1015625,1.5781083995506364,1.5781083995506363e-06,mle,0.18812033157380775,2.119760406759143,ok,True,True,extraction,
xrp,2228,2023-12-17,1716,2227,512,-3.453154430622311,linear,52,0,52,52,0,52,0.1,0.1015625,0.1015625,1.5755972254143735,1.5755972254143734e-06,mle,0.18812033157380775,2.119760406759143,ok,True,True,extraction,
xrp,2229,2023-12-18,1717,2228,512,-3.453154430622311,linear,52,0,52,52,0,52,0.1,0.1015625,0.1015625,1.5720635182920668,1.5720635182920667e-06,mle,0.18812033157380775,2.119760406759143,ok,True,True,extraction,
xrp,2230,2023-12-19,1718,2229,512,-3.453154430622311,linear,52,0,52,52,0,52,0.1,0.1015625,0.1015625,1.5755972254143735,1.5755972254143734e-06,mle,0.18812033157380775,2.119760406759143,ok,True,True,extraction,
xrp,2231,2023-12-20,1719,2230,512,-3.3447537852055054,linear,52,0,52,52,0,52,0.1,0.1015625,0.1015625,1.564357623536334,1.5643576235363338e-06,mle,0.17171115546674798,2.203398954045192,ok,True,True,extraction,
xrp,2232,2023-12-21,1720,2231,512,-3.3447537852055054,linear,52,0,52,52,0,52,0.1,0.1015625,0.1015625,1.5755972254143735,1.5755972254143734e-06,mle,0.17171115546674798,2.203398954045192,ok,True,True,extraction,
xrp,2233,2023-12-22,1721,2232,512,-3.3447537852055054,linear,52,0,52,52,0,52,0.1,0.1015625,0.1015625,1.564357623536334,1.5643576235363338e-06,mle,0.17171115546674798,2.203398954045192,ok,True,True,extraction,
xrp,2234,2023-12-23,1722,2233,512,-3.3447537852055054,linear,52,0,52,52,0,52,0.1,0.1015625,0.1015625,1.5608239164140274,1.5608239164140273e-06,mle,0.17171115546674798,2.203398954045192,ok,True,True,extraction,
xrp,2235,2023-12-24,1723,2234,512,-3.3447537852055054,linear,52,0,52,52,0,52,0.1,0.1015625,0.1015625,1.5608239164140274,1.5608239164140273e-06,mle,0.17171115546674798,2.203398954045192,ok,True,True,extraction,
xrp,2236,2023-12-25,1724,2235,512,-3.3447537852055054,linear,52,0,52,52,0,52,0.1,0.1015625,0.1015625,1.5516632330629987,1.5516632330629985e-06,mle,0.17171115546674798,2.203398954045192,ok,True,True,extraction,
xrp,2237,2023-12-26,1725,2236,512,-3.3447537852055054,linear,52,0,52,52,0,52,0.1,0.1015625,0.1015625,1.5576830777151396,1.5576830777151396e-06,mle,0.17171115546674798,2.203398954045192,ok,True,True,extraction,
xrp,2238,2023-12-27,1726,2237,512,-3.453154430622311,linear,52,0,52,52,0,52,0.1,0.1015625,0.1015625,1.5608239164140274,1.5608239164140273e-06,mle,0.21909930951801238,2.0051760324773404,ok,True,True,extraction,
xrp,2239,2023-12-28,1727,2238,512,-3.453154430622311,linear,52,0,52,52,0,52,0.1,0.1015625,0.1015625,1.5608239164140274,1.5608239164140273e-06,mle,0.21909930951801238,2.0051760324773404,ok,True,True,extraction,
xrp,2240,2023-12-29,1728,2239,512,-3.453154430622311,linear,52,0,52,52,0,52,0.1,0.1015625,0.1015625,1.5608239164140274,1.5608239164140273e-06,mle,0.21909930951801238,2.0051760324773404,ok,True,True,extraction,
xrp,2241,2023-12-30,1729,2240,512,-3.453154430622311,linear,52,0,52,52,0,52,0.1,0.1015625,0.1015625,1.564357623536334,1.5643576235363338e-06,mle,0.21909930951801238,2.0051760324773404,ok,True,True,extraction,
xrp,2242,2023-12-31,1730,2241,512,-3.453154430622311,linear,52,0,52,52,0,52,0.1,0.1015625,0.1015625,1.5643069203671054,1.5643069203671053e-06,mle,0.21909930951801238,2.0051760324773404,ok,True,True,extraction,
xrp,2243,2024-01-01,1731,2242,512,-3.453154430622311,linear,52,0,52,52,0,52,0.1,0.1015625,0.1015625,1.5643069203671054,1.5643069203671053e-06,mle,0.21909930951801238,2.0051760324773404,ok,True,True,extraction,
xrp,2244,2024-01-02,1732,2243,512,-3.453154430622311,linear,52,0,52,52,0,52,0.1,0.1015625,0.1015625,1.5747847781085933,1.5747847781085932e-06,mle,0.21909930951801238,2.0051760324773404,ok,True,True,extraction,
xrp,2245,2024-01-03,1733,2244,512,-3.453154430622311,linear,52,0,52,52,0,52,0.1,0.1015625,0.1015625,1.5674304645173043,1.5674304645173042e-06,mle,0.21909930951801238,2.0051760324773404,ok,True,True,extraction,
xrp,2246,2024-01-04,1734,2245,512,-3.542981397561794,linear,52,0,52,52,0,52,0.1,0.1015625,0.1015625,1.5674304645173043,1.5674304645173042e-06,mle,0.22874560552341705,1.9679013483605163,ok,True,True,extraction,
xrp,2247,2024-01-05,1735,2246,512,-3.542981397561794,linear,52,0,52,52,0,52,0.1,0.1015625,0.1015625,1.5596738665923429,1.5596738665923428e-06,mle,0.22874560552341705,1.9679013483605163,ok,True,True,extraction,
xrp,2248,2024-01-06,1736,2247,512,-3.542981397561794,linear,52,0,52,52,0,52,0.1,0.1015625,0.1015625,1.5674304645173043,1.5674304645173042e-06,mle,0.22874560552341705,1.9679013483605163,ok,True,True,extraction,
xrp,2249,2024-01-07,1737,2248,512,-3.542981397561794,linear,52,0,52,52,0,52,0.1,0.1015625,0.1015625,1.5674304645173043,1.5674304645173042e-06,mle,0.22874560552341705,1.9679013483605163,ok,True,True,extraction,
xrp,2250,2024-01-08,1738,2249,512,-3.542981397561794,linear,52,0,52,52,0,52,0.1,0.1015625,0.1015625,1.5720635182920668,1.5720635182920667e-06,mle,0.22874560552341705,1.9679013483605163,ok,True,True,extraction,
xrp,2251,2024-01-09,1739,2250,512,-3.542981397561794,linear,52,0,52,52,0,52,0.1,0.1015625,0.1015625,1.5844227540910962,1.5844227540910963e-06,mle,0.22874560552341705,1.9679013483605163,ok,True,True,extraction,
xrp,2252,2024-01-10,1740,2251,512,-3.542981397561794,linear,52,0,52,52,0,52,0.1,0.1015625,0.1015625,1.5870185049575025,1.5870185049575024e-06,mle,0.22874560552341705,1.9679013483605163,ok,True,True,extraction,
xrp,2253,2024-01-11,1741,2252,512,-3.542981397561794,linear,52,0,52,52,0,52,0.1,0.1015625,0.1015625,1.5878253582217199,1.5878253582217197e-06,mle,0.22874560552341705,1.9679013483605163,ok,True,True,extraction,
xrp,2254,2024-01-12,1742,2253,512,-3.542981397561794,linear,52,0,52,52,0,52,0.1,0.1015625,0.1015625,1.5878253582217199,1.5878253582217197e-06,mle,0.22874560552341705,1.9679013483605163,ok,True,True,extraction,
xrp,2255,2024-01-13,1743,2254,512,-3.6194213803365893,linear,52,0,52,52,0,52,0.1,0.1015625,0.1015625,1.5878253582217199,1.5878253582217197e-06,mle,0.24102752043352613,1.9078233869408958,ok,True,True,extraction,
xrp,2256,2024-01-14,1744,2255,512,-3.542981397561794,linear,52,0,52,52,0,52,0.1,0.1015625,0.1015625,1.5862060576517223,1.5862060576517222e-06,mle,0.22677687670767976,1.896033787664268,ok,True,True,extraction,
xrp,2257,2024-01-15,1745,2256,512,-3.542981397561794,linear,52,0,52,52,0,52,0.1,0.1015625,0.1015625,1.5862060576517223,1.5862060576517222e-06,mle,0.22677687670767976,1.896033787664268,ok,True,True,extraction,
xrp,2258,2024-01-16,1746,2257,512,-3.542981397561794,linear,52,0,52,52,0,52,0.1,0.1015625,0.1015625,1.5844227540910962,1.5844227540910963e-06,mle,0.22677687670767976,1.896033787664268,ok,True,True,extraction,
xrp,2259,2024-01-17,1747,2258,512,-3.542981397561794,linear,52,0,52,52,0,52,0.1,0.1015625,0.1015625,1.5844227540910962,1.5844227540910963e-06,mle,0.22677687670767976,1.896033787664268,ok,True,True,extraction,
xrp,2260,2024-01-18,1748,2259,512,-3.542981397561794,linear,52,0,52,52,0,52,0.1,0.1015625,0.1015625,1.5792692827126809,1.5792692827126808e-06,mle,0.22677687670767976,1.896033787664268,ok,True,True,extraction,
xrp,2261,2024-01-19,1749,2260,512,-3.542981397561794,linear,52,0,52,52,0,52,0.1,0.1015625,0.1015625,1.5861335936154202,1.5861335936154202e-06,mle,0.22677687670767976,1.896033787664268,ok,True,True,extraction,
xrp,2262,2024-01-20,1750,2261,512,-3.542981397561794,linear,52,0,52,52,0,52,0.1,0.1015625,0.1015625,1.5765145024044962,1.576514502404496e-06,mle,0.22677687670767976,1.896033787664268,ok,True,True,extraction,
xrp,2263,2024-01-21,1751,2262,512,-3.542981397561794,linear,52,0,52,52,0,52,0.1,0.1015625,0.1015625,1.5861335936154202,1.5861335936154202e-06,mle,0.22677687670767976,1.896033787664268,ok,True,True,extraction,
xrp,2264,2024-01-22,1752,2263,512,-3.542981397561794,linear,52,0,52,52,0,52,0.1,0.1015625,0.1015625,1.5861335936154202,1.5861335936154202e-06,mle,0.22677687670767976,1.896033787664268,ok,True,True,extraction,
xrp,2265,2024-01-23,1753,2264,512,-3.542981397561794,linear,52,0,52,52,0,52,0.1,0.1015625,0.1015625,1.5861335936154202,1.5861335936154202e-06,mle,0.2295455182264084,1.8882711519868445,ok,True,True,extraction,
xrp,2266,2024-01-24,1754,2265,512,-3.542981397561794,linear,52,0,52,52,0,52,0.1,0.1015625,0.1015625,1.5765145024044962,1.576514502404496e-06,mle,0.2295455182264084,1.8882711519868445,ok,True,True,extraction,
xrp,2267,2024-01-25,1755,2266,512,-3.542981397561794,linear,52,0,52,52,0,52,0.1,0.1015625,0.1015625,1.5792692827126809,1.5792692827126808e-06,mle,0.2295455182264084,1.8882711519868445,ok,True,True,extraction,
xrp,2268,2024-01-26,1756,2267,512,-3.542981397561794,linear,52,0,52,52,0,52,0.1,0.1015625,0.1015625,1.5742947754200436,1.5742947754200435e-06,mle,0.2295455182264084,1.8882711519868445,ok,True,True,extraction,
xrp,2269,2024-01-27,1757,2268,512,-3.542981397561794,linear,52,0,52,52,0,52,0.1,0.1015625,0.1015625,1.5742947754200436,1.5742947754200435e-06,mle,0.2295455182264084,1.8882711519868445,ok,True,True,extraction,
xrp,2270,2024-01-28,1758,2269,512,-3.542981397561794,linear,52,0,52,52,0,52,0.1,0.1015625,0.1015625,1.5742947754200436,1.5742947754200435e-06,mle,0.2295455182264084,1.8882711519868445,ok,True,True,extraction,
xrp,2271,2024-01-29,1759,2270,512,-3.542981397561794,linear,52,0,52,52,0,52,0.1,0.1015625,0.1015625,1.5742947754200436,1.5742947754200435e-06,mle,0.2295455182264084,1.8882711519868445,ok,True,True,extraction,
xrp,2272,2024-01-30,1760,2271,512,-3.542981397561794,linear,52,0,52,52,0,52,0.1,0.1015625,0.1015625,1.5765145024044962,1.576514502404496e-06,mle,0.2295455182264084,1.8882711519868445,ok,True,True,extraction,
xrp,2273,2024-01-31,1761,2272,512,-3.609633650709499,linear,52,0,52,52,0,52,0.1,0.1015625,0.1015625,1.5821076565942598,1.5821076565942598e-06,mle,0.2454038061486756,1.817164334182174,ok,True,True,extraction,
xrp,2274,2024-02-01,1762,2273,512,-3.609633650709499,linear,52,0,52,52,0,52,0.1,0.1015625,0.1015625,1.575738197732505,1.5757381977325047e-06,mle,0.2454038061486756,1.817164334182174,ok,True,True,extraction,
xrp,2275,2024-02-02,1763,2274,512,-3.609633650709499,linear,52,0,52,52,0,52,0.1,0.1015625,0.1015625,1.5725583703330512,1.5725583703330512e-06,mle,0.2454038061486756,1.817164334182174,ok,True,True,extraction,
xrp,2276,2024-02-03,1764,2275,512,-3.609633650709499,linear,52,0,52,52,0,52,0.1,0.1015625,0.1015625,1.5725583703330512,1.5725583703330512e-06,mle,0.2454038061486756,1.817164334182174,ok,True,True,extraction,
xrp,2277,2024-02-04,1765,2276,512,-3.609633650709499,linear,52,0,52,52,0,52,0.1,0.1015625,0.1015625,1.5725583703330512,1.5725583703330512e-06,mle,0.2454038061486756,1.817164334182174,ok,True,True,extraction,
xrp,2278,2024-02-05,1766,2277,512,-3.609633650709499,linear,52,0,52,52,0,52,0.1,0.1015625,0.1015625,1.575738197732505,1.5757381977325047e-06,mle,0.2454038061486756,1.817164334182174,ok,True,True,extraction,
xrp,2279,2024-02-06,1767,2278,512,-3.609633650709499,linear,52,0,52,52,0,52,0.1,0.1015625,0.1015625,1.575738197732505,1.5757381977325047e-06,mle,0.2454038061486756,1.817164334182174,ok,True,True,extraction,
xrp,2280,2024-02-07,1768,2279,512,-3.609633650709499,linear,52,0,52,52,0,52,0.1,0.1015625,0.1015625,1.575738197732505,1.5757381977325047e-06,mle,0.2454038061486756,1.817164334182174,ok,True,True,extraction,
xrp,2281,2024-02-08,1769,2280,512,-3.542981397561794,linear,52,0,52,52,0,52,0.1,0.1015625,0.1015625,1.575738197732505,1.5757381977325047e-06,mle,0.24568870575041812,1.8083608327818825,ok,True,True,extraction,
xrp,2282,2024-02-09,1770,2281,512,-3.542981397561794,linear,52,0,52,52,0,52,0.1,0.1015625,0.1015625,1.5725583703330512,1.5725583703330512e-06,mle,0.24568870575041812,1.8083608327818825,ok,True,True,extraction,
xrp,2283,2024-02-10,1771,2282,512,-3.453154430622311,linear,52,0,52,52,0,52,0.1,0.1015625,0.1015625,1.5742947754200436,1.5742947754200435e-06,mle,0.21963924817223163,1.9191227507651794,ok,True,True,extraction,
xrp,2284,2024-02-11,1772,2283,512,-3.453154430622311,linear,52,0,52,52,0,52,0.1,0.1015625,0.1015625,1.5702955183764202,1.5702955183764202e-06,mle,0.21963924817223163,1.9191227507651794,ok,True,True,extraction,
xrp,2285,2024-02-12,1773,2284,512,-3.453154430622311,linear,52,0,52,52,0,52,0.1,0.1015625,0.1015625,1.563431207473681,1.5634312074736809e-06,mle,0.21963924817223163,1.9191227507651794,ok,True,True,extraction,
xrp,2286,2024-02-13,1774,2285,512,-3.3447537852055054,linear,52,0,52,52,0,52,0.1,0.1015625,0.1015625,1.5535858603615949,1.5535858603615948e-06,mle,0.1925763949911249,2.0439874197181345,ok,True,True,extraction,
xrp,2287,2024-02-14,1775,2286,512,-3.3447537852055054,linear,52,0,52,52,0,52,0.1,0.1015625,0.1015625,1.5383901264121103,1.5383901264121103e-06,mle,0.1925763949911249,2.0439874197181345,ok,True,True,extraction,
xrp,2288,2024-02-15,1776,2287,512,-3.3447537852055054,linear,52,0,52,52,0,52,0.1,0.1015625,0.1015625,1.5383901264121103,1.5383901264121103e-06,mle,0.1925763949911249,2.0439874197181345,ok,True,True,extraction,
xrp,2289,2024-02-16,1777,2288,512,-3.3078378905577135,linear,52,0,52,52,0,52,0.1,0.1015625,0.1015625,1.5423462584835552,1.5423462584835551e-06,mle,0.1959384611929414,2.0476120661180257,ok,True,True,extraction,
xrp,2290,2024-02-17,1778,2289,512,-3.3078378905577135,linear,52,0,52,52,0,52,0.1,0.1015625,0.1015625,1.5357224158315894,1.5357224158315893e-06,mle,0.1959384611929414,2.0476120661180257,ok,True,True,extraction,
xrp,2291,2024-02-18,1779,2290,512,-3.3078378905577135,linear,52,0,52,52,0,52,0.1,0.1015625,0.1015625,1.5336956991383042,1.5336956991383042e-06,mle,0.1959384611929414,2.0476120661180257,ok,True,True,extraction,
xrp,2292,2024-02-19,1780,2291,512,-3.2991467545748336,linear,52,0,52,52,0,52,0.1,0.1015625,0.1015625,1.5305548604394164,1.5305548604394163e-06,mle,0.2004279350896403,2.0379390194795652,ok,True,True,extraction,
xrp,2293,2024-02-20,1781,2292,512,-3.2991467545748336,linear,52,0,52,52,0,52,0.1,0.1015625,0.1015625,1.5305548604394164,1.5305548604394163e-06,mle,0.2004279350896403,2.0379390194795652,ok,True,True,extraction,
xrp,2294,2024-02-21,1782,2293,512,-3.2889826348088156,linear,52,0,52,52,0,52,0.1,0.1015625,0.1015625,1.5130232328018416,1.5130232328018416e-06,mle,0.22665211442638733,1.9553859948524632,ok,True,True,extraction,
xrp,2295,2024-02-22,1783,2294,512,-3.214958166090493,linear,52,0,52,52,0,52,0.1,0.1015625,0.1015625,1.5130232328018416,1.5130232328018416e-06,mle,0.20473215007253265,2.052971961986924,ok,True,True,extraction,
xrp,2296,2024-02-23,1784,2295,512,-3.214958166090493,linear,52,0,52,52,0,52,0.1,0.1015625,0.1015625,1.5158802596171224,1.5158802596171222e-06,mle,0.20473215007253265,2.052971961986924,ok,True,True,extraction,
xrp,2297,2024-02-24,1785,2296,512,-3.214958166090493,linear,52,0,52,52,0,52,0.1,0.1015625,0.1015625,1.5045770329207433,1.5045770329207433e-06,mle,0.20473215007253265,2.052971961986924,ok,True,True,extraction,
xrp,2298,2024-02-25,1786,2297,512,-3.214958166090493,linear,52,0,52,52,0,52,0.1,0.1015625,0.1015625,1.5158802596171224,1.5158802596171222e-06,mle,0.20473215007253265,2.052971961986924,ok,True,True,extraction,
xrp,2299,2024-02-26,1787,2298,512,-3.214958166090493,linear,52,0,52,52,0,52,0.1,0.1015625,0.1015625,1.5158802596171224,1.5158802596171222e-06,mle,0.20473215007253265,2.052971961986924,ok,True,True,extraction,
xrp,2300,2024-02-27,1788,2299,512,-3.199948280446794,linear,52,0,52,52,0,52,0.1,0.1015625,0.1015625,1.5130232328018416,1.5130232328018416e-06,mle,0.23411850405943796,1.95743621385795,ok,True,True,extraction,
xrp,2301,2024-02-28,1789,2300,512,-3.199948280446794,linear,52,0,52,52,0,52,0.1,0.1015625,0.1015625,1.5130232328018416,1.5130232328018416e-06,mle,0.23411850405943796,1.95743621385795,ok,True,True,extraction,
xrp,2302,2024-02-29,1790,2301,512,-3.199948280446794,linear,52,0,52,52,0,52,0.1,0.1015625,0.1015625,1.5158802596171224,1.5158802596171222e-06,mle,0.23411850405943796,1.95743621385795,ok,True,True,extraction,
xrp,2303,2024-03-01,1791,2302,512,-3.199948280446794,linear,52,0,52,52,0,52,0.1,0.1015625,0.1015625,1.5158802596171224,1.5158802596171222e-06,mle,0.23411850405943796,1.95743621385795,ok,True,True,extraction,
xrp,2304,2024-03-02,1792,2303,512,-3.199948280446794,linear,52,0,52,52,0,52,0.1,0.1015625,0.1015625,1.5305548604394164,1.5305548604394163e-06,mle,0.23411850405943796,1.95743621385795,ok,True,True,extraction,
xrp,2305,2024-03-03,1793,2304,512,-3.199948280446794,linear,52,0,52,52,0,52,0.1,0.1015625,0.1015625,1.5305548604394164,1.5305548604394163e-06,mle,0.23411850405943796,1.95743621385795,ok,True,True,extraction,
xrp,2306,2024-03-04,1794,2305,512,-3.199948280446794,linear,52,0,52,52,0,52,0.1,0.1015625,0.1015625,1.5357224158315894,1.5357224158315893e-06,mle,0.23411850405943796,1.95743621385795,ok,True,True,extraction,
xrp,2307,2024-03-05,1795,2306,512,-3.199948280446794,linear,52,0,52,52,0,52,0.1,0.1015625,0.1015625,1.5357224158315894,1.5357224158315893e-06,mle,0.23411850405943796,1.95743621385795,ok,True,True,extraction,
xrp,2308,2024-03-06,1796,2307,512,-3.199948280446794,linear,52,0,52,52,0,52,0.1,0.1015625,0.1015625,1.5357224158315894,1.5357224158315893e-06,mle,0.24030627337730315,1.9754938596360572,ok,True,True,extraction,
xrp,2309,2024-03-07,1797,2308,512,-3.199948280446794,linear,52,0,52,52,0,52,0.1,0.1015625,0.1015625,1.5476043589991444,1.5476043589991443e-06,mle,0.24030627337730315,1.9754938596360572,ok,True,True,extraction,
xrp,2310,2024-03-08,1798,2309,512,-3.199948280446794,linear,52,0,52,52,0,52,0.1,0.1015625,0.1015625,1.5542282016511102,1.5542282016511102e-06,mle,0.24030627337730315,1.9754938596360572,ok,True,True,extraction,
xrp,2311,2024-03-09,1799,2310,512,-3.199948280446794,linear,52,0,52,52,0,52,0.1,0.1015625,0.1015625,1.5476043589991444,1.5476043589991443e-06,mle,0.24030627337730315,1.9754938596360572,ok,True,True,extraction,
xrp,2312,2024-03-10,1800,2311,512,-3.199948280446794,linear,52,0,52,52,0,52,0.1,0.1015625,0.1015625,1.5305548604394164,1.5305548604394163e-06,mle,0.24030627337730315,1.9754938596360572,ok,True,True,extraction,
xrp,2313,2024-03-11,1801,2312,512,-3.199948280446794,linear,52,0,52,52,0,52,0.1,0.1015625,0.1015625,1.5305548604394164,1.5305548604394163e-06,mle,0.24030627337730315,1.9754938596360572,ok,True,True,extraction,
xrp,2314,2024-03-12,1802,2313,512,-3.199948280446794,linear,52,0,52,52,0,52,0.1,0.1015625,0.1015625,1.5510873629522224,1.5510873629522223e-06,mle,0.24030627337730315,1.9754938596360572,ok,True,True,extraction,
xrp,2315,2024-03-13,1803,2314,512,-3.214958166090493,linear,52,0,52,52,0,52,0.1,0.1015625,0.1015625,1.5596307416201642,1.5596307416201642e-06,mle,0.22569498534479754,2.0129025001337126,ok,True,True,extraction,
xrp,2316,2024-03-14,1804,2315,512,-3.214958166090493,linear,52,0,52,52,0,52,0.1,0.1015625,0.1015625,1.5510873629522224,1.5510873629522223e-06,mle,0.22569498534479754,2.0129025001337126,ok,True,True,extraction,
xrp,2317,2024-03-15,1805,2316,512,-3.199948280446794,linear,52,0,52,52,0,52,0.1,0.1015625,0.1015625,1.5510873629522224,1.5510873629522223e-06,mle,0.21738318342377994,2.0443863577001533,ok,True,True,extraction,
xrp,2318,2024-03-16,1806,2317,512,-3.287366260929721,linear,52,0,52,52,0,52,0.1,0.1015625,0.1015625,1.5596738665923429,1.5596738665923428e-06,mle,0.2301172829979728,1.9808297655690699,ok,True,True,extraction,
xrp,2319,2024-03-17,1807,2318,512,-3.2991467545748336,linear,52,0,52,52,0,52,0.1,0.1015625,0.1015625,1.5596307416201642,1.5596307416201642e-06,mle,0.2062785800677931,2.0530248709603662,ok,True,True,extraction,
xrp,2320,2024-03-18,1808,2319,512,-3.2991467545748336,linear,52,0,52,52,0,52,0.1,0.1015625,0.1015625,1.573475345775874,1.5734753457758738e-06,mle,0.2062785800677931,2.0530248709603662,ok,True,True,extraction,
xrp,2321,2024-03-19,1809,2320,512,-3.2991467545748336,linear,52,0,52,52,0,52,0.1,0.1015625,0.1015625,1.5742947754200436,1.5742947754200435e-06,mle,0.2062785800677931,2.0530248709603662,ok,True,True,extraction,
xrp,2322,2024-03-20,1810,2321,512,-3.3078378905577135,linear,52,0,52,52,0,52,0.1,0.1015625,0.1015625,1.5742947754200436,1.5742947754200435e-06,mle,0.17798940362498494,2.228846308862017,ok,True,True,extraction,
xrp,2323,2024-03-21,1811,2322,512,-3.3078378905577135,linear,52,0,52,52,0,52,0.1,0.1015625,0.1015625,1.5742947754200436,1.5742947754200435e-06,mle,0.17798940362498494,2.228846308862017,ok,True,True,extraction,
xrp,2324,2024-03-22,1812,2323,512,-3.3078378905577135,linear,52,0,52,52,0,52,0.1,0.1015625,0.1015625,1.5742947754200436,1.5742947754200435e-06,mle,0.17798940362498494,2.228846308862017,ok,True,True,extraction,
xrp,2325,2024-03-23,1813,2324,512,-3.3447537852055054,linear,52,0,52,52,0,52,0.1,0.1015625,0.1015625,1.5765145024044962,1.576514502404496e-06,mle,0.1714041750184116,2.23759729514562,ok,True,True,extraction,
xrp,2326,2024-03-24,1814,2325,512,-3.3447537852055054,linear,52,0,52,52,0,52,0.1,0.1015625,0.1015625,1.5742947754200436,1.5742947754200435e-06,mle,0.1714041750184116,2.23759729514562,ok,True,True,extraction,
xrp,2327,2024-03-25,1815,2326,512,-3.3447537852055054,linear,52,0,52,52,0,52,0.1,0.1015625,0.1015625,1.5861335936154202,1.5861335936154202e-06,mle,0.1714041750184116,2.23759729514562,ok,True,True,extraction,
xrp,2328,2024-03-26,1816,2327,512,-3.3447537852055054,linear,52,0,52,52,0,52,0.1,0.1015625,0.1015625,1.5766661561661346,1.5766661561661344e-06,mle,0.1714041750184116,2.23759729514562,ok,True,True,extraction,
xrp,2329,2024-03-27,1817,2328,512,-3.3447537852055054,linear,52,0,52,52,0,52,0.1,0.1015625,0.1015625,1.5662695813552598,1.5662695813552598e-06,mle,0.1714041750184116,2.23759729514562,ok,True,True,extraction,
xrp,2330,2024-03-28,1818,2329,512,-3.3447537852055054,linear,52,0,52,52,0,52,0.1,0.1015625,0.1015625,1.5781083995506364,1.5781083995506363e-06,mle,0.1714041750184116,2.23759729514562,ok,True,True,extraction,
xrp,2331,2024-03-29,1819,2330,512,-3.3447537852055054,linear,52,0,52,52,0,52,0.1,0.1015625,0.1015625,1.5766661561661346,1.5766661561661344e-06,mle,0.1714041750184116,2.23759729514562,ok,True,True,extraction,
xrp,2332,2024-03-30,1820,2331,512,-3.3447537852055054,linear,52,0,52,52,0,52,0.1,0.1015625,0.1015625,1.5766661561661346,1.5766661561661344e-06,mle,0.1714041750184116,2.23759729514562,ok,True,True,extraction,
xrp,2333,2024-03-31,1821,2332,512,-3.3447537852055054,linear,52,0,52,52,0,52,0.1,0.1015625,0.1015625,1.5662695813552598,1.5662695813552598e-06,mle,0.1714041750184116,2.23759729514562,ok,True,True,extraction,
xrp,2334,2024-04-01,1822,2333,512,-3.3447537852055054,linear,52,0,52,52,0,52,0.1,0.1015625,0.1015625,1.5576830777151396,1.5576830777151396e-06,mle,0.1714041750184116,2.23759729514562,ok,True,True,extraction,
xrp,2335,2024-04-02,1823,2334,512,-3.3078378905577135,linear,52,0,52,52,0,52,0.1,0.1015625,0.1015625,1.5576830777151396,1.5576830777151396e-06,mle,0.17732645244748174,2.231275332218691,ok,True,True,extraction,
xrp,2336,2024-04-03,1824,2335,512,-3.3447537852055054,linear,52,0,52,52,0,52,0.1,0.1015625,0.1015625,1.5643069203671054,1.5643069203671053e-06,mle,0.17686761220571048,2.2173052373533073,ok,True,True,extraction,
xrp,2337,2024-04-04,1825,2336,512,-3.3078378905577135,linear,52,0,52,52,0,52,0.1,0.1015625,0.1015625,1.5643069203671054,1.5643069203671053e-06,mle,0.16308435734562465,2.113021237594662,ok,True,True,extraction,
xrp,2338,2024-04-05,1826,2337,512,-3.295605756663538,linear,52,0,52,52,0,52,0.1,0.1015625,0.1015625,1.5643069203671054,1.5643069203671053e-06,mle,0.052640512643817014,2.1033779992646746,ok,True,True,extraction,
xrp,2339,2024-04-06,1827,2338,512,-3.295605756663538,linear,52,0,52,52,0,52,0.1,0.1015625,0.1015625,1.5576830777151396,1.5576830777151396e-06,mle,0.052640512643817014,2.1033779992646746,ok,True,True,extraction,
xrp,2340,2024-04-07,1828,2339,512,-3.295605756663538,linear,52,0,52,52,0,52,0.1,0.1015625,0.1015625,1.553050023940377,1.553050023940377e-06,mle,0.052640512643817014,2.1033779992646746,ok,True,True,extraction,
xrp,2341,2024-04-08,1829,2340,512,-3.2554972797280635,linear,52,0,52,52,0,52,0.1,0.1015625,0.1015625,1.530424809222489,1.530424809222489e-06,mle,0.06463736996506597,2.074624792931397,ok,True,True,extraction,
xrp,2342,2024-04-09,1830,2341,512,-3.199948280446794,linear,52,0,52,52,0,52,0.1,0.1015625,0.1015625,1.530424809222489,1.530424809222489e-06,mle,0.076012371766613,2.0396454395110792,ok,True,True,extraction,
xrp,2343,2024-04-10,1831,2342,512,-3.199948280446794,linear,52,0,52,52,0,52,0.1,0.1015625,0.1015625,1.5091638186455092,1.5091638186455091e-06,mle,0.076012371766613,2.0396454395110792,ok,True,True,extraction,
xrp,2344,2024-04-11,1832,2343,512,-3.199948280446794,linear,52,0,52,52,0,52,0.1,0.1015625,0.1015625,1.507360893464265,1.507360893464265e-06,mle,0.076012371766613,2.0396454395110792,ok,True,True,extraction,
xrp,2345,2024-04-12,1833,2344,512,-3.1966255121667855,linear,52,0,52,52,0,52,0.1,0.1015625,0.1015625,1.505318925616673,1.505318925616673e-06,mle,0.07420807664066031,2.0466769170641337,ok,True,True,extraction,
xrp,2346,2024-04-13,1834,2345,512,-3.2554972797280635,linear,52,0,52,52,0,52,0.1,0.1015625,0.1015625,1.505318925616673,1.505318925616673e-06,mle,0.08013894190589484,2.1087074499603244,ok,True,True,extraction,
xrp,2347,2024-04-14,1835,2346,512,-3.295605756663538,linear,52,0,52,52,0,52,0.1,0.1015625,0.1015625,1.507360893464265,1.507360893464265e-06,mle,0.10546236773870966,2.1874037097370156,ok,True,True,extraction,
xrp,2348,2024-04-15,1836,2347,512,-3.295605756663538,linear,52,0,52,52,0,52,0.1,0.1015625,0.1015625,1.507961313186661,1.5079613131866608e-06,mle,0.10546236773870966,2.1874037097370156,ok,True,True,extraction,
xrp,2349,2024-04-16,1837,2348,512,-3.2554972797280635,linear,52,0,52,52,0,52,0.1,0.1015625,0.1015625,1.507360893464265,1.507360893464265e-06,mle,0.12653149172001277,2.125406220268089,ok,True,True,extraction,
xrp,2350,2024-04-17,1838,2349,512,-3.2554972797280635,linear,52,0,52,52,0,52,0.1,0.1015625,0.1015625,1.4986443386072175,1.4986443386072174e-06,mle,0.12653149172001277,2.125406220268089,ok,True,True,extraction,
xrp,2351,2024-04-18,1839,2350,512,-3.2554972797280635,linear,52,0,52,52,0,52,0.1,0.1015625,0.1015625,1.4974493318466648,1.4974493318466649e-06,mle,0.12653149172001277,2.125406220268089,ok,True,True,extraction,
xrp,2352,2024-04-19,1840,2351,512,-3.2554972797280635,linear,52,0,52,52,0,52,0.1,0.1015625,0.1015625,1.5006209008492983,1.5006209008492982e-06,mle,0.12653149172001277,2.125406220268089,ok,True,True,extraction,
xrp,2353,2024-04-20,1841,2352,512,-3.2554972797280635,linear,52,0,52,52,0,52,0.1,0.1015625,0.1015625,1.4974493318466648,1.4974493318466649e-06,mle,0.12653149172001277,2.125406220268089,ok,True,True,extraction,
xrp,2354,2024-04-21,1842,2353,512,-3.2554972797280635,linear,52,0,52,52,0,52,0.1,0.1015625,0.1015625,1.4974493318466648,1.4974493318466649e-06,mle,0.12653149172001277,2.125406220268089,ok,True,True,extraction,
xrp,2355,2024-04-22,1843,2354,512,-3.2554972797280635,linear,52,0,52,52,0,52,0.1,0.1015625,0.1015625,1.492110192589886,1.492110192589886e-06,mle,0.12653149172001277,2.125406220268089,ok,True,True,extraction,
xrp,2356,2024-04-23,1844,2355,512,-3.2554972797280635,linear,52,0,52,52,0,52,0.1,0.1015625,0.1015625,1.4974493318466648,1.4974493318466649e-06,mle,0.12653149172001277,2.125406220268089,ok,True,True,extraction,
xrp,2357,2024-04-24,1845,2356,512,-3.2554972797280635,linear,52,0,52,52,0,52,0.1,0.1015625,0.1015625,1.4974493318466648,1.4974493318466649e-06,mle,0.12653149172001277,2.125406220268089,ok,True,True,extraction,
xrp,2358,2024-04-25,1846,2357,512,-3.295605756663538,linear,52,0,52,52,0,52,0.1,0.1015625,0.1015625,1.5014054639181098,1.5014054639181098e-06,mle,0.15295870478103962,2.0314493734002084,ok,True,True,extraction,
xrp,2359,2024-04-26,1847,2358,512,-3.295605756663538,linear,52,0,52,52,0,52,0.1,0.1015625,0.1015625,1.492110192589886,1.492110192589886e-06,mle,0.15295870478103962,2.0314493734002084,ok,True,True,extraction,
xrp,2360,2024-04-27,1848,2359,512,-3.295605756663538,linear,52,0,52,52,0,52,0.1,0.1015625,0.1015625,1.4828062633682175,1.4828062633682175e-06,mle,0.15295870478103962,2.0314493734002084,ok,True,True,extraction,
xrp,2361,2024-04-28,1849,2360,512,-3.295605756663538,linear,52,0,52,52,0,52,0.1,0.1015625,0.1015625,1.492110192589886,1.492110192589886e-06,mle,0.15295870478103962,2.0314493734002084,ok,True,True,extraction,
xrp,2362,2024-04-29,1850,2361,512,-3.295605756663538,linear,52,0,52,52,0,52,0.1,0.1015625,0.1015625,1.4828062633682175,1.4828062633682175e-06,mle,0.15295870478103962,2.0314493734002084,ok,True,True,extraction,
xrp,2363,2024-04-30,1851,2362,512,-3.295605756663538,linear,52,0,52,52,0,52,0.1,0.1015625,0.1015625,1.4828062633682175,1.4828062633682175e-06,mle,0.15295870478103962,2.0314493734002084,ok,True,True,extraction,
xrp,2364,2024-05-01,1852,2363,512,-3.295605756663538,linear,52,0,52,52,0,52,0.1,0.1015625,0.1015625,1.492110192589886,1.492110192589886e-06,mle,0.15295870478103962,2.0314493734002084,ok,True,True,extraction,
xrp,2365,2024-05-02,1853,2364,512,-3.295605756663538,linear,52,0,52,52,0,52,0.1,0.1015625,0.1015625,1.5014054639181098,1.5014054639181098e-06,mle,0.15295870478103962,2.0314493734002084,ok,True,True,extraction,
xrp,2366,2024-05-03,1854,2365,512,-3.295605756663538,linear,52,0,52,52,0,52,0.1,0.1015625,0.1015625,1.492110192589886,1.492110192589886e-06,mle,0.15295870478103962,2.0314493734002084,ok,True,True,extraction,
xrp,2367,2024-05-04,1855,2366,512,-3.295605756663538,linear,52,0,52,52,0,52,0.1,0.1015625,0.1015625,1.492110192589886,1.492110192589886e-06,mle,0.15295870478103962,2.0314493734002084,ok,True,True,extraction,
xrp,2368,2024-05-05,1856,2367,512,-3.295605756663538,linear,52,0,52,52,0,52,0.1,0.1015625,0.1015625,1.492110192589886,1.492110192589886e-06,mle,0.15295870478103962,2.0314493734002084,ok,True,True,extraction,
xrp,2369,2024-05-06,1857,2368,512,-3.295605756663538,linear,52,0,52,52,0,52,0.1,0.1015625,0.1015625,1.492110192589886,1.492110192589886e-06,mle,0.15295870478103962,2.0314493734002084,ok,True,True,extraction,
xrp,2370,2024-05-07,1858,2369,512,-3.295605756663538,linear,52,0,52,52,0,52,0.1,0.1015625,0.1015625,1.496033618502362,1.4960336185023618e-06,mle,0.15295870478103962,2.0314493734002084,ok,True,True,extraction,
xrp,2371,2024-05-08,1859,2370,512,-3.295605756663538,linear,52,0,52,52,0,52,0.1,0.1015625,0.1015625,1.5006209008492983,1.5006209008492982e-06,mle,0.15295870478103962,2.0314493734002084,ok,True,True,extraction,
xrp,2372,2024-05-09,1860,2371,512,-3.295605756663538,linear,52,0,52,52,0,52,0.1,0.1015625,0.1015625,1.5014054639181098,1.5014054639181098e-06,mle,0.15295870478103962,2.0314493734002084,ok,True,True,extraction,
xrp,2373,2024-05-10,1861,2372,512,-3.295605756663538,linear,52,0,52,52,0,52,0.1,0.1015625,0.1015625,1.492110192589886,1.492110192589886e-06,mle,0.15295870478103962,2.0314493734002084,ok,True,True,extraction,
xrp,2374,2024-05-11,1862,2373,512,-3.3078378905577135,linear,52,0,52,52,0,52,0.1,0.1015625,0.1015625,1.492110192589886,1.492110192589886e-06,mle,0.1513232035482333,2.0302968198089744,ok,True,True,extraction,
xrp,2375,2024-05-12,1863,2374,512,-3.295605756663538,linear,52,0,52,52,0,52,0.1,0.1015625,0.1015625,1.4887389576817434,1.4887389576817434e-06,mle,0.1961959630029443,1.8794141430705968,ok,True,True,extraction,
xrp,2376,2024-05-13,1864,2375,512,-3.295605756663538,linear,52,0,52,52,0,52,0.1,0.1015625,0.1015625,1.4867623954396625,1.4867623954396624e-06,mle,0.1961959630029443,1.8794141430705968,ok,True,True,extraction,
xrp,2377,2024-05-14,1865,2376,512,-3.295605756663538,linear,52,0,52,52,0,52,0.1,0.1015625,0.1015625,1.4887389576817434,1.4887389576817434e-06,mle,0.1961959630029443,1.8794141430705968,ok,True,True,extraction,
xrp,2378,2024-05-15,1866,2377,512,-3.2554972797280635,linear,52,0,52,52,0,52,0.1,0.1015625,0.1015625,1.4855673886791099,1.4855673886791098e-06,mle,0.16760900962173098,1.9734759336992895,ok,True,True,extraction,
xrp,2379,2024-05-16,1867,2378,512,-3.2554972797280635,linear,52,0,52,52,0,52,0.1,0.1015625,0.1015625,1.4855673886791099,1.4855673886791098e-06,mle,0.16760900962173098,1.9734759336992895,ok,True,True,extraction,
xrp,2380,2024-05-17,1868,2379,512,-3.2554972797280635,linear,52,0,52,52,0,52,0.1,0.1015625,0.1015625,1.4855673886791099,1.4855673886791098e-06,mle,0.16760900962173098,1.9734759336992895,ok,True,True,extraction,
xrp,2381,2024-05-18,1869,2380,512,-3.2554972797280635,linear,52,0,52,52,0,52,0.1,0.1015625,0.1015625,1.4887389576817434,1.4887389576817434e-06,mle,0.16760900962173098,1.9734759336992895,ok,True,True,extraction,
xrp,2382,2024-05-19,1870,2381,512,-3.2554972797280635,linear,52,0,52,52,0,52,0.1,0.1015625,0.1015625,1.4867623954396625,1.4867623954396624e-06,mle,0.16760900962173098,1.9734759336992895,ok,True,True,extraction,
xrp,2383,2024-05-20,1871,2382,512,-3.2554972797280635,linear,52,0,52,52,0,52,0.1,0.1015625,0.1015625,1.492110192589886,1.492110192589886e-06,mle,0.16760900962173098,1.9734759336992895,ok,True,True,extraction,
xrp,2384,2024-05-21,1872,2383,512,-3.2554972797280635,linear,52,0,52,52,0,52,0.1,0.1015625,0.1015625,1.492671041487664,1.492671041487664e-06,mle,0.16760900962173098,1.9734759336992895,ok,True,True,extraction,
xrp,2385,2024-05-22,1873,2384,512,-3.2554972797280635,linear,52,0,52,52,0,52,0.1,0.1015625,0.1015625,1.4867623954396625,1.4867623954396624e-06,mle,0.16760900962173098,1.9734759336992895,ok,True,True,extraction,
xrp,2386,2024-05-23,1874,2385,512,-3.2554972797280635,linear,52,0,52,52,0,52,0.1,0.1015625,0.1015625,1.492110192589886,1.492110192589886e-06,mle,0.16760900962173098,1.9734759336992895,ok,True,True,extraction,
xrp,2387,2024-05-24,1875,2386,512,-3.251711990716208,linear,52,0,52,52,0,52,0.1,0.1015625,0.1015625,1.4867623954396625,1.4867623954396624e-06,mle,0.16488722955744786,1.9826613797205757,ok,True,True,extraction,
xrp,2388,2024-05-25,1876,2387,512,-3.1584831246710903,linear,52,0,52,52,0,52,0.1,0.1015625,0.1015625,1.4855673886791099,1.4855673886791098e-06,mle,0.1219232368235558,2.1484150313285824,ok,True,True,extraction,
xrp,2389,2024-05-26,1877,2388,512,-3.1584831246710903,linear,52,0,52,52,0,52,0.1,0.1015625,0.1015625,1.4855673886791099,1.4855673886791098e-06,mle,0.1219232368235558,2.1484150313285824,ok,True,True,extraction,
xrp,2390,2024-05-27,1878,2389,512,-3.1584831246710903,linear,52,0,52,52,0,52,0.1,0.1015625,0.1015625,1.4855673886791099,1.4855673886791098e-06,mle,0.1219232368235558,2.1484150313285824,ok,True,True,extraction,
xrp,2391,2024-05-28,1879,2390,512,-3.1584831246710903,linear,52,0,52,52,0,52,0.1,0.1015625,0.1015625,1.4794219831022999,1.4794219831022998e-06,mle,0.1219232368235558,2.1484150313285824,ok,True,True,extraction,
xrp,2392,2024-05-29,1880,2391,512,-3.1584831246710903,linear,52,0,52,52,0,52,0.1,0.1015625,0.1015625,1.4789951886405248,1.4789951886405247e-06,mle,0.1219232368235558,2.1484150313285824,ok,True,True,extraction,
xrp,2393,2024-05-30,1881,2392,512,-3.1584831246710903,linear,52,0,52,52,0,52,0.1,0.1015625,0.1015625,1.4789951886405248,1.4789951886405247e-06,mle,0.1219232368235558,2.1484150313285824,ok,True,True,extraction,
xrp,2394,2024-05-31,1882,2393,512,-3.1584831246710903,linear,52,0,52,52,0,52,0.1,0.1015625,0.1015625,1.4716054236427087,1.4716054236427086e-06,mle,0.1219232368235558,2.1484150313285824,ok,True,True,extraction,
xrp,2395,2024-06-01,1883,2394,512,-3.1584831246710903,linear,52,0,52,52,0,52,0.1,0.1015625,0.1015625,1.4525181008527317,1.4525181008527317e-06,mle,0.1219232368235558,2.1484150313285824,ok,True,True,extraction,
xrp,2396,2024-06-02,1884,2395,512,-3.1584831246710903,linear,52,0,52,52,0,52,0.1,0.1015625,0.1015625,1.4423480384021252,1.4423480384021252e-06,mle,0.1219232368235558,2.1484150313285824,ok,True,True,extraction,
xrp,2397,2024-06-03,1885,2396,512,-3.1584831246710903,linear,52,0,52,52,0,52,0.1,0.1015625,0.1015625,1.4423480384021252,1.4423480384021252e-06,mle,0.1219232368235558,2.1484150313285824,ok,True,True,extraction,
xrp,2398,2024-06-04,1886,2397,512,-3.1584831246710903,linear,52,0,52,52,0,52,0.1,0.1015625,0.1015625,1.4423480384021252,1.4423480384021252e-06,mle,0.1219232368235558,2.1484150313285824,ok,True,True,extraction,
xrp,2399,2024-06-05,1887,2398,512,-3.1584831246710903,linear,52,0,52,52,0,52,0.1,0.1015625,0.1015625,1.4423480384021252,1.4423480384021252e-06,mle,0.1219232368235558,2.1484150313285824,ok,True,True,extraction,
xrp,2400,2024-06-06,1888,2399,512,-3.1584831246710903,linear,52,0,52,52,0,52,0.1,0.1015625,0.1015625,1.4383919063306803,1.4383919063306801e-06,mle,0.1219232368235558,2.1484150313285824,ok,True,True,extraction,
xrp,2401,2024-06-07,1889,2400,512,-3.1584831246710903,linear,52,0,52,52,0,52,0.1,0.1015625,0.1015625,1.4339526696572622,1.433952669657262e-06,mle,0.1219232368235558,2.1484150313285824,ok,True,True,extraction,
xrp,2402,2024-06-08,1890,2401,512,-3.251711990716208,linear,52,0,52,52,0,52,0.1,0.1015625,0.1015625,1.4372418196058088,1.4372418196058087e-06,mle,0.15411740477861435,2.015019658323765,ok,True,True,extraction,
xrp,2403,2024-06-09,1891,2402,512,-3.251711990716208,linear,52,0,52,52,0,52,0.1,0.1015625,0.1015625,1.4251916724953735,1.4251916724953735e-06,mle,0.15411740477861435,2.015019658323765,ok,True,True,extraction,
xrp,2404,2024-06-10,1892,2403,512,-3.251711990716208,linear,52,0,52,52,0,52,0.1,0.1015625,0.1015625,1.423604648990238,1.423604648990238e-06,mle,0.15411740477861435,2.015019658323765,ok,True,True,extraction,
xrp,2405,2024-06-11,1893,2404,512,-3.251711990716208,linear,52,0,52,52,0,52,0.1,0.1015625,0.1015625,1.4213312203740514,1.4213312203740512e-06,mle,0.15411740477861435,2.015019658323765,ok,True,True,extraction,
xrp,2406,2024-06-12,1894,2405,512,-3.295605756663538,linear,52,0,52,52,0,52,0.1,0.1015625,0.1015625,1.4229182438791868,1.4229182438791867e-06,mle,0.1832903557464372,1.915546246357869,ok,True,True,extraction,
xrp,2407,2024-06-13,1895,2406,512,-3.295605756663538,linear,52,0,52,52,0,52,0.1,0.1015625,0.1015625,1.4284993413898115,1.4284993413898113e-06,mle,0.1832903557464372,1.915546246357869,ok,True,True,extraction,
xrp,2408,2024-06-14,1896,2407,512,-3.295605756663538,linear,52,0,52,52,0,52,0.1,0.1015625,0.1015625,1.4284993413898115,1.4284993413898113e-06,mle,0.1832903557464372,1.915546246357869,ok,True,True,extraction,
xrp,2409,2024-06-15,1897,2408,512,-3.295605756663538,linear,52,0,52,52,0,52,0.1,0.1015625,0.1015625,1.4254362236688598,1.4254362236688597e-06,mle,0.1832903557464372,1.915546246357869,ok,True,True,extraction,
xrp,2410,2024-06-16,1898,2409,512,-3.295605756663538,linear,52,0,52,52,0,52,0.1,0.1015625,0.1015625,1.4254362236688598,1.4254362236688597e-06,mle,0.1832903557464372,1.915546246357869,ok,True,True,extraction,
xrp,2411,2024-06-17,1899,2410,512,-3.295605756663538,linear,52,0,52,52,0,52,0.1,0.1015625,0.1015625,1.414735712250884,1.4147357122508839e-06,mle,0.1832903557464372,1.915546246357869,ok,True,True,extraction,
xrp,2412,2024-06-18,1900,2411,512,-3.295605756663538,linear,52,0,52,52,0,52,0.1,0.1015625,0.1015625,1.4229182438791868,1.4229182438791867e-06,mle,0.1832903557464372,1.915546246357869,ok,True,True,extraction,
xrp,2413,2024-06-19,1901,2412,512,-3.295605756663538,linear,52,0,52,52,0,52,0.1,0.1015625,0.1015625,1.4254362236688598,1.4254362236688597e-06,mle,0.1832903557464372,1.915546246357869,ok,True,True,extraction,
xrp,2414,2024-06-20,1902,2413,512,-3.251711990716208,linear,52,0,52,52,0,52,0.1,0.1015625,0.1015625,1.4180235514796136,1.4180235514796136e-06,mle,0.17479444481729037,1.9567127925833527,ok,True,True,extraction,
xrp,2415,2024-06-21,1903,2414,512,-3.251711990716208,linear,52,0,52,52,0,52,0.1,0.1015625,0.1015625,1.4061526733054128,1.4061526733054127e-06,mle,0.17479444481729037,1.9567127925833527,ok,True,True,extraction,
xrp,2416,2024-06-22,1904,2415,512,-3.251711990716208,linear,52,0,52,52,0,52,0.1,0.1015625,0.1015625,1.407368677678391,1.4073686776783909e-06,mle,0.17479444481729037,1.9567127925833527,ok,True,True,extraction,
xrp,2417,2024-06-23,1905,2416,512,-3.251711990716208,linear,52,0,52,52,0,52,0.1,0.1015625,0.1015625,1.4014727838848349,1.4014727838848349e-06,mle,0.17479444481729037,1.9567127925833527,ok,True,True,extraction,
xrp,2418,2024-06-24,1906,2417,512,-3.251711990716208,linear,52,0,52,52,0,52,0.1,0.1015625,0.1015625,1.4061526733054128,1.4061526733054127e-06,mle,0.17479444481729037,1.9567127925833527,ok,True,True,extraction,
xrp,2419,2024-06-25,1907,2418,512,-3.251711990716208,linear,52,0,52,52,0,52,0.1,0.1015625,0.1015625,1.3997570162504507,1.3997570162504506e-06,mle,0.17479444481729037,1.9567127925833527,ok,True,True,extraction,
xrp,2420,2024-06-26,1908,2419,512,-3.1584831246710903,linear,52,0,52,52,0,52,0.1,0.1015625,0.1015625,1.3966796325152022,1.3966796325152022e-06,mle,0.1449606660744365,2.0767242874592755,ok,True,True,extraction,
xrp,2421,2024-06-27,1909,2420,512,-3.1584831246710903,linear,52,0,52,52,0,52,0.1,0.1015625,0.1015625,1.387464769113315,1.387464769113315e-06,mle,0.1449606660744365,2.0767242874592755,ok,True,True,extraction,
xrp,2422,2024-06-28,1910,2421,512,-3.1584831246710903,linear,52,0,52,52,0,52,0.1,0.1015625,0.1015625,1.3809514703956156,1.3809514703956156e-06,mle,0.1449606660744365,2.0767242874592755,ok,True,True,extraction,
xrp,2423,2024-06-29,1911,2422,512,-3.1584831246710903,linear,52,0,52,52,0,52,0.1,0.1015625,0.1015625,1.3809514703956156,1.3809514703956156e-06,mle,0.1449606660744365,2.0767242874592755,ok,True,True,extraction,
xrp,2424,2024-06-30,1912,2423,512,-3.1584831246710903,linear,52,0,52,52,0,52,0.1,0.1015625,0.1015625,1.3809514703956156,1.3809514703956156e-06,mle,0.1449606660744365,2.0767242874592755,ok,True,True,extraction,
xrp,2425,2024-07-01,1913,2424,512,-3.1584831246710903,linear,52,0,52,52,0,52,0.1,0.1015625,0.1015625,1.3816894702599818,1.3816894702599817e-06,mle,0.1449606660744365,2.0767242874592755,ok,True,True,extraction,
xrp,2426,2024-07-02,1914,2425,512,-3.1584831246710903,linear,52,0,52,52,0,52,0.1,0.1015625,0.1015625,1.3751172049846652,1.3751172049846651e-06,mle,0.1449606660744365,2.0767242874592755,ok,True,True,extraction,
xrp,2427,2024-07-03,1915,2426,512,-3.1584831246710903,linear,52,0,52,52,0,52,0.1,0.1015625,0.1015625,1.3786424858643347,1.3786424858643345e-06,mle,0.1449606660744365,2.0767242874592755,ok,True,True,extraction,
xrp,2428,2024-07-04,1916,2427,512,-3.251711990716208,linear,52,0,52,52,0,52,0.1,0.1015625,0.1015625,1.3751172049846652,1.3751172049846651e-06,mle,0.19673779852950612,1.8934157345426867,ok,True,True,extraction,
xrp,2429,2024-07-05,1917,2428,512,-3.295605756663538,linear,52,0,52,52,0,52,0.1,0.1015625,0.1015625,1.3751172049846652,1.3751172049846651e-06,mle,0.1750685004407333,1.97049271582277,ok,True,True,extraction,
xrp,2430,2024-07-06,1918,2429,512,-3.251711990716208,linear,52,0,52,52,0,52,0.1,0.1015625,0.1015625,1.3751172049846652,1.3751172049846651e-06,mle,0.16261458167912518,2.0232434642088992,ok,True,True,extraction,
xrp,2431,2024-07-07,1919,2430,512,-3.251711990716208,linear,52,0,52,52,0,52,0.1,0.1015625,0.1015625,1.3849551032708936,1.3849551032708936e-06,mle,0.16261458167912518,2.0232434642088992,ok,True,True,extraction,
xrp,2432,2024-07-08,1920,2431,512,-3.295605756663538,linear,52,0,52,52,0,52,0.1,0.1015625,0.1015625,1.38878214897534,1.38878214897534e-06,mle,0.13932855119582538,2.0957738895987603,ok,True,True,extraction,
xrp,2433,2024-07-09,1921,2432,512,-3.295605756663538,linear,52,0,52,52,0,52,0.1,0.1015625,0.1015625,1.3968145151903073,1.3968145151903073e-06,mle,0.13932855119582538,2.0957738895987603,ok,True,True,extraction,
xrp,2434,2024-07-10,1922,2433,512,-3.295605756663538,linear,52,0,52,52,0,52,0.1,0.1015625,0.1015625,1.4030543496868595,1.4030543496868595e-06,mle,0.13932855119582538,2.0957738895987603,ok,True,True,extraction,
xrp,2435,2024-07-11,1923,2434,512,-3.295605756663538,linear,52,0,52,52,0,52,0.1,0.1015625,0.1015625,1.3893894056961846,1.3893894056961846e-06,mle,0.13932855119582538,2.0957738895987603,ok,True,True,extraction,
xrp,2436,2024-07-12,1924,2435,512,-3.295605756663538,linear,52,0,52,52,0,52,0.1,0.1015625,0.1015625,1.3893894056961846,1.3893894056961846e-06,mle,0.13932855119582538,2.0957738895987603,ok,True,True,extraction,
xrp,2437,2024-07-13,1925,2436,512,-3.251711990716208,linear,52,0,52,52,0,52,0.1,0.1015625,0.1015625,1.3937037336877163,1.3937037336877162e-06,mle,0.13036166525834844,2.140411913906112,ok,True,True,extraction,
xrp,2438,2024-07-14,1926,2437,512,-3.251711990716208,linear,52,0,52,52,0,52,0.1,0.1015625,0.1015625,1.3937037336877163,1.3937037336877162e-06,mle,0.13036166525834844,2.140411913906112,ok,True,True,extraction,
xrp,2439,2024-07-15,1927,2438,512,-3.251711990716208,linear,52,0,52,52,0,52,0.1,0.1015625,0.1015625,1.3937037336877163,1.3937037336877162e-06,mle,0.13036166525834844,2.140411913906112,ok,True,True,extraction,
xrp,2440,2024-07-16,1928,2439,512,-3.251711990716208,linear,52,0,52,52,0,52,0.1,0.1015625,0.1015625,1.3937037336877163,1.3937037336877162e-06,mle,0.13036166525834844,2.140411913906112,ok,True,True,extraction,
xrp,2441,2024-07-17,1929,2440,512,-3.251711990716208,linear,52,0,52,52,0,52,0.1,0.1015625,0.1015625,1.3937037336877163,1.3937037336877162e-06,mle,0.13036166525834844,2.140411913906112,ok,True,True,extraction,
xrp,2442,2024-07-18,1930,2441,512,-3.251711990716208,linear,52,0,52,52,0,52,0.1,0.1015625,0.1015625,1.3937037336877163,1.3937037336877162e-06,mle,0.13036166525834844,2.140411913906112,ok,True,True,extraction,
xrp,2443,2024-07-19,1931,2442,512,-3.295605756663538,linear,52,0,52,52,0,52,0.1,0.1015625,0.1015625,1.4035416319739444,1.4035416319739444e-06,mle,0.10868604861049075,2.2603509709469503,ok,True,True,extraction,
xrp,2444,2024-07-20,1932,2443,512,-3.295605756663538,linear,52,0,52,52,0,52,0.1,0.1015625,0.1015625,1.3937037336877163,1.3937037336877162e-06,mle,0.10868604861049075,2.2603509709469503,ok,True,True,extraction,
xrp,2445,2024-07-21,1933,2444,512,-3.295605756663538,linear,52,0,52,52,0,52,0.1,0.1015625,0.1015625,1.3967271382902942,1.3967271382902942e-06,mle,0.10868604861049075,2.2603509709469503,ok,True,True,extraction,
xrp,2446,2024-07-22,1934,2445,512,-3.295605756663538,linear,52,0,52,52,0,52,0.1,0.1015625,0.1015625,1.4004768765451734,1.4004768765451732e-06,mle,0.10868604861049075,2.2603509709469503,ok,True,True,extraction,
xrp,2447,2024-07-23,1935,2446,512,-3.295605756663538,linear,52,0,52,52,0,52,0.1,0.1015625,0.1015625,1.4125270236556084,1.4125270236556085e-06,mle,0.10868604861049075,2.2603509709469503,ok,True,True,extraction,
xrp,2448,2024-07-24,1936,2447,512,-3.295605756663538,linear,52,0,52,52,0,52,0.1,0.1015625,0.1015625,1.4086090814578491,1.408609081457849e-06,mle,0.10868604861049075,2.2603509709469503,ok,True,True,extraction,
xrp,2449,2024-07-25,1937,2448,512,-3.295605756663538,linear,52,0,52,52,0,52,0.1,0.1015625,0.1015625,1.4179260560372926,1.4179260560372926e-06,mle,0.10868604861049075,2.2603509709469503,ok,True,True,extraction,
xrp,2450,2024-07-26,1938,2449,512,-3.295605756663538,linear,52,0,52,52,0,52,0.1,0.1015625,0.1015625,1.4140923685701363,1.4140923685701362e-06,mle,0.10868604861049075,2.2603509709469503,ok,True,True,extraction,
xrp,2451,2024-07-27,1939,2450,512,-3.295605756663538,linear,52,0,52,52,0,52,0.1,0.1015625,0.1015625,1.416360711122765,1.416360711122765e-06,mle,0.10868604861049075,2.2603509709469503,ok,True,True,extraction,
xrp,2452,2024-07-28,1940,2451,512,-3.295605756663538,linear,52,0,52,52,0,52,0.1,0.1015625,0.1015625,1.4086090814578491,1.408609081457849e-06,mle,0.10868604861049075,2.2603509709469503,ok,True,True,extraction,
xrp,2453,2024-07-29,1941,2452,512,-3.295605756663538,linear,52,0,52,52,0,52,0.1,0.1015625,0.1015625,1.416360711122765,1.416360711122765e-06,mle,0.10868604861049075,2.2603509709469503,ok,True,True,extraction,
xrp,2454,2024-07-30,1942,2453,512,-3.295605756663538,linear,52,0,52,52,0,52,0.1,0.1015625,0.1015625,1.4125270236556084,1.4125270236556085e-06,mle,0.10868604861049075,2.2603509709469503,ok,True,True,extraction,
xrp,2455,2024-07-31,1943,2454,512,-3.295605756663538,linear,52,0,52,52,0,52,0.1,0.1015625,0.1015625,1.4167197116283048,1.4167197116283046e-06,mle,0.10868604861049075,2.2603509709469503,ok,True,True,extraction,
xrp,2456,2024-08-01,1944,2455,512,-3.295605756663538,linear,52,0,52,52,0,52,0.1,0.1015625,0.1015625,1.4125270236556084,1.4125270236556085e-06,mle,0.10868604861049075,2.2603509709469503,ok,True,True,extraction,
xrp,2457,2024-08-02,1945,2456,512,-3.3098908616006324,linear,52,0,52,52,0,52,0.1,0.1015625,0.1015625,1.4070437365433215,1.4070437365433213e-06,mle,0.08931637330043392,2.315146904045671,ok,True,True,extraction,
xrp,2458,2024-08-03,1946,2457,512,-3.3098908616006324,linear,52,0,52,52,0,52,0.1,0.1015625,0.1015625,1.4070437365433215,1.4070437365433213e-06,mle,0.0658881545698898,2.4032797041764082,ok,True,True,extraction,
xrp,2459,2024-08-04,1947,2458,512,-3.3098908616006324,linear,52,0,52,52,0,52,0.1,0.1015625,0.1015625,1.4070437365433215,1.4070437365433213e-06,mle,0.0658881545698898,2.4032797041764082,ok,True,True,extraction,
xrp,2460,2024-08-05,1948,2459,512,-3.3360857322166377,linear,52,0,52,52,0,52,0.1,0.1015625,0.1015625,1.4086090814578491,1.408609081457849e-06,mle,0.034617363083232586,2.508908719849782,ok,True,True,extraction,
xrp,2461,2024-08-06,1949,2460,512,-3.3477626973962265,linear,52,0,52,52,0,52,0.1,0.1015625,0.1015625,1.4041748544672998,1.4041748544672997e-06,mle,-0.006767206392092862,2.6693352246602324,ok,True,True,extraction,
xrp,2462,2024-08-07,1950,2461,512,-3.3477626973962265,linear,52,0,52,52,0,52,0.1,0.1015625,0.1015625,1.4118801197459296,1.4118801197459296e-06,mle,-0.006767206392092862,2.6693352246602324,ok,True,True,extraction,
xrp,2463,2024-08-08,1951,2462,512,-3.3477626973962265,linear,52,0,52,52,0,52,0.1,0.1015625,0.1015625,1.421139002112819,1.421139002112819e-06,mle,-0.006767206392092862,2.6693352246602324,ok,True,True,extraction,
xrp,2464,2024-08-09,1952,2463,512,-3.3360857322166377,linear,52,0,52,52,0,52,0.1,0.1015625,0.1015625,1.4239302668563645,1.4239302668563644e-06,mle,-0.005243749167617077,2.669349768895615,ok,True,True,extraction,
xrp,2465,2024-08-10,1953,2464,512,-3.3477626973962265,linear,52,0,52,52,0,52,0.1,0.1015625,0.1015625,1.421139002112819,1.421139002112819e-06,mle,-0.03822904096653421,2.7999774153637262,ok,True,True,extraction,
xrp,2466,2024-08-11,1954,2465,512,-3.3477626973962265,linear,52,0,52,52,0,52,0.1,0.1015625,0.1015625,1.4118801197459296,1.4118801197459296e-06,mle,-0.03822904096653421,2.7999774153637262,ok,True,True,extraction,
xrp,2467,2024-08-12,1955,2466,512,-3.453154430622311,linear,52,0,52,52,0,52,0.1,0.1015625,0.1015625,1.4118801197459296,1.4118801197459296e-06,mle,-0.02262172062533519,2.696801305523403,ok,True,True,extraction,
xrp,2468,2024-08-13,1956,2467,512,-3.453154430622311,linear,52,0,52,52,0,52,0.1,0.1015625,0.1015625,1.4118801197459296,1.4118801197459296e-06,mle,-0.02262172062533519,2.696801305523403,ok,True,True,extraction,
xrp,2469,2024-08-14,1957,2468,512,-3.3477626973962265,linear,52,0,52,52,0,52,0.1,0.1015625,0.1015625,1.4086090814578491,1.408609081457849e-06,mle,-0.06543948655792207,2.9171834319797902,ok,True,True,extraction,
xrp,2470,2024-08-15,1958,2469,512,-3.3477626973962265,linear,52,0,52,52,0,52,0.1,0.1015625,0.1015625,1.3997687928435143,1.3997687928435142e-06,mle,-0.06543948655792207,2.9171834319797902,ok,True,True,extraction,
xrp,2471,2024-08-16,1959,2470,512,-3.3360857322166377,linear,52,0,52,52,0,52,0.1,0.1015625,0.1015625,1.3997687928435143,1.3997687928435142e-06,mle,-0.028898859533599695,2.6846352726771485,ok,True,True,extraction,
xrp,2472,2024-08-17,1960,2471,512,-3.3360857322166377,linear,52,0,52,52,0,52,0.1,0.1015625,0.1015625,1.3967271382902942,1.3967271382902942e-06,mle,-0.028898859533599695,2.6846352726771485,ok,True,True,extraction,
xrp,2473,2024-08-18,1961,2472,512,-3.3098908616006324,linear,52,0,52,52,0,52,0.1,0.1015625,0.1015625,1.3936925090556587,1.3936925090556587e-06,mle,-0.024713011576079295,2.680001006684736,ok,True,True,extraction,
xrp,2474,2024-08-19,1962,2473,512,-3.3098908616006324,linear,52,0,52,52,0,52,0.1,0.1015625,0.1015625,1.3921383887731884,1.3921383887731883e-06,mle,-0.024713011576079295,2.680001006684736,ok,True,True,extraction,
xrp,2475,2024-08-20,1963,2474,512,-3.3098908616006324,linear,52,0,52,52,0,52,0.1,0.1015625,0.1015625,1.3951617933757665,1.3951617933757665e-06,mle,-0.024713011576079295,2.680001006684736,ok,True,True,extraction,
xrp,2476,2024-08-21,1964,2475,512,-3.3098908616006324,linear,52,0,52,52,0,52,0.1,0.1015625,0.1015625,1.3912056613043216,1.3912056613043216e-06,mle,-0.024713011576079295,2.680001006684736,ok,True,True,extraction,
xrp,2477,2024-08-22,1965,2476,512,-3.3098908616006324,linear,52,0,52,52,0,52,0.1,0.1015625,0.1015625,1.3837649704459007,1.3837649704459008e-06,mle,-0.024713011576079295,2.680001006684736,ok,True,True,extraction,
xrp,2478,2024-08-23,1966,2477,512,-3.3098908616006324,linear,52,0,52,52,0,52,0.1,0.1015625,0.1015625,1.3717654334199065,1.3717654334199064e-06,mle,-0.024713011576079295,2.680001006684736,ok,True,True,extraction,
xrp,2479,2024-08-24,1967,2478,512,-3.3098908616006324,linear,52,0,52,52,0,52,0.1,0.1015625,0.1015625,1.3762046700933244,1.3762046700933242e-06,mle,-0.024713011576079295,2.680001006684736,ok,True,True,extraction,
xrp,2480,2024-08-25,1968,2479,512,-3.3098908616006324,linear,52,0,52,52,0,52,0.1,0.1015625,0.1015625,1.3762046700933244,1.3762046700933242e-06,mle,-0.024713011576079295,2.680001006684736,ok,True,True,extraction,
xrp,2481,2024-08-26,1969,2480,512,-3.295605756663538,linear,52,0,52,52,0,52,0.1,0.1015625,0.1015625,1.3762046700933244,1.3762046700933242e-06,mle,-0.012456384202680002,2.6387777283914,ok,True,True,extraction,
xrp,2482,2024-08-27,1970,2481,512,-3.295605756663538,linear,52,0,52,52,0,52,0.1,0.1015625,0.1015625,1.3793257337724825,1.3793257337724823e-06,mle,-0.012456384202680002,2.6387777283914,ok,True,True,extraction,
xrp,2483,2024-08-28,1971,2482,512,-3.295605756663538,linear,52,0,52,52,0,52,0.1,0.1015625,0.1015625,1.3793257337724825,1.3793257337724823e-06,mle,0.002294832768893539,2.5833230114159775,ok,True,True,extraction,
xrp,2484,2024-08-29,1972,2483,512,-3.295605756663538,linear,52,0,52,52,0,52,0.1,0.1015625,0.1015625,1.3793257337724825,1.3793257337724823e-06,mle,0.002294832768893539,2.5833230114159775,ok,True,True,extraction,
xrp,2485,2024-08-30,1973,2484,512,-3.295605756663538,linear,52,0,52,52,0,52,0.1,0.1015625,0.1015625,1.3735518600701373,1.3735518600701372e-06,mle,0.002294832768893539,2.5833230114159775,ok,True,True,extraction,
xrp,2486,2024-08-31,1974,2485,512,-3.295605756663538,linear,52,0,52,52,0,52,0.1,0.1015625,0.1015625,1.3793257337724825,1.3793257337724823e-06,mle,0.002294832768893539,2.5833230114159775,ok,True,True,extraction,
xrp,2487,2024-09-01,1975,2486,512,-3.295605756663538,linear,52,0,52,52,0,52,0.1,0.1015625,0.1015625,1.3667674925806228,1.3667674925806227e-06,mle,0.002294832768893539,2.5833230114159775,ok,True,True,extraction,
xrp,2488,2024-09-02,1976,2487,512,-3.298342920258596,linear,52,0,52,52,0,52,0.1,0.1015625,0.1015625,1.3667674925806228,1.3667674925806227e-06,mle,0.003675817577524802,2.5770706706322537,ok,True,True,extraction,
xrp,2489,2024-09-03,1977,2488,512,-3.298342920258596,linear,52,0,52,52,0,52,0.1,0.1015625,0.1015625,1.3735518600701373,1.3735518600701372e-06,mle,0.003675817577524802,2.5770706706322537,ok,True,True,extraction,
xrp,2490,2024-09-04,1978,2489,512,-3.298342920258596,linear,52,0,52,52,0,52,0.1,0.1015625,0.1015625,1.3708373064532549,1.3708373064532548e-06,mle,0.003675817577524802,2.5770706706322537,ok,True,True,extraction,
xrp,2491,2024-09-05,1979,2490,512,-3.298342920258596,linear,52,0,52,52,0,52,0.1,0.1015625,0.1015625,1.3735518600701373,1.3735518600701372e-06,mle,0.003675817577524802,2.5770706706322537,ok,True,True,extraction,
xrp,2492,2024-09-06,1980,2491,512,-3.298342920258596,linear,52,0,52,52,0,52,0.1,0.1015625,0.1015625,1.3735518600701373,1.3735518600701372e-06,mle,0.003675817577524802,2.5770706706322537,ok,True,True,extraction,
xrp,2493,2024-09-07,1981,2492,512,-3.3098908616006324,linear,52,0,52,52,0,52,0.1,0.1015625,0.1015625,1.3708373064532549,1.3708373064532548e-06,mle,-0.0077160641788611515,2.6140191954558976,ok,True,True,extraction,
xrp,2494,2024-09-08,1982,2493,512,-3.3098908616006324,linear,52,0,52,52,0,52,0.1,0.1015625,0.1015625,1.3664591813547795,1.3664591813547793e-06,mle,-0.0077160641788611515,2.6140191954558976,ok,True,True,extraction,
xrp,2495,2024-09-09,1983,2494,512,-3.3098908616006324,linear,52,0,52,52,0,52,0.1,0.1015625,0.1015625,1.3667674925806228,1.3667674925806227e-06,mle,-0.0077160641788611515,2.6140191954558976,ok,True,True,extraction,
xrp,2496,2024-09-10,1984,2495,512,-3.3098908616006324,linear,52,0,52,52,0,52,0.1,0.1015625,0.1015625,1.3735518600701373,1.3735518600701372e-06,mle,-0.0077160641788611515,2.6140191954558976,ok,True,True,extraction,
xrp,2497,2024-09-11,1985,2496,512,-3.3098908616006324,linear,52,0,52,52,0,52,0.1,0.1015625,0.1015625,1.3717654334199065,1.3717654334199064e-06,mle,-0.0077160641788611515,2.6140191954558976,ok,True,True,extraction,
xrp,2498,2024-09-12,1986,2497,512,-3.3098908616006324,linear,52,0,52,52,0,52,0.1,0.1015625,0.1015625,1.3627579190448849,1.3627579190448847e-06,mle,-0.0077160641788611515,2.6140191954558976,ok,True,True,extraction,
xrp,2499,2024-09-13,1987,2498,512,-3.298342920258596,linear,52,0,52,52,0,52,0.1,0.1015625,0.1015625,1.3709052865844162,1.370905286584416e-06,mle,0.03558297349959433,2.427021652594221,ok,True,True,extraction,
xrp,2500,2024-09-14,1988,2499,512,-3.2862524719224058,linear,52,0,52,52,0,52,0.1,0.1015625,0.1015625,1.375344523257834,1.375344523257834e-06,mle,0.0327398657823284,2.4425349376280816,ok,True,True,extraction,
xrp,2501,2024-09-15,1989,2500,512,-3.251711990716208,linear,52,0,52,52,0,52,0.1,0.1015625,0.1015625,1.379300655329279,1.379300655329279e-06,mle,0.0508048921375012,2.3892305277789125,ok,True,True,extraction,
xrp,2502,2024-09-16,1990,2501,512,-3.2862524719224058,linear,52,0,52,52,0,52,0.1,0.1015625,0.1015625,1.375344523257834,1.375344523257834e-06,mle,0.049278313842339924,2.3795423211079463,ok,True,True,extraction,
xrp,2503,2024-09-17,1991,2502,512,-3.2862524719224058,linear,52,0,52,52,0,52,0.1,0.1015625,0.1015625,1.379300655329279,1.379300655329279e-06,mle,0.049278313842339924,2.3795423211079463,ok,True,True,extraction,
xrp,2504,2024-09-18,1992,2503,512,-3.2862524719224058,linear,52,0,52,52,0,52,0.1,0.1015625,0.1015625,1.379300655329279,1.379300655329279e-06,mle,0.049278313842339924,2.3795423211079463,ok,True,True,extraction,
xrp,2505,2024-09-19,1993,2504,512,-3.2862524719224058,linear,52,0,52,52,0,52,0.1,0.1015625,0.1015625,1.3791080597362768,1.3791080597362768e-06,mle,0.049278313842339924,2.3795423211079463,ok,True,True,extraction,
xrp,2506,2024-09-20,1994,2505,512,-3.2862524719224058,linear,52,0,52,52,0,52,0.1,0.1015625,0.1015625,1.3753431337038142,1.3753431337038141e-06,mle,0.049278313842339924,2.3795423211079463,ok,True,True,extraction,
xrp,2507,2024-09-21,1995,2506,512,-3.2862524719224058,linear,52,0,52,52,0,52,0.1,0.1015625,0.1015625,1.3699573189919079,1.3699573189919077e-06,mle,0.049278313842339924,2.3795423211079463,ok,True,True,extraction,
xrp,2508,2024-09-22,1996,2507,512,-3.2862524719224058,linear,52,0,52,52,0,52,0.1,0.1015625,0.1015625,1.3699573189919079,1.3699573189919077e-06,mle,0.049278313842339924,2.3795423211079463,ok,True,True,extraction,
xrp,2509,2024-09-23,1997,2508,512,-3.2862524719224058,linear,52,0,52,52,0,52,0.1,0.1015625,0.1015625,1.3791080597362768,1.3791080597362768e-06,mle,0.049278313842339924,2.3795423211079463,ok,True,True,extraction,
xrp,2510,2024-09-24,1998,2509,512,-3.2862524719224058,linear,52,0,52,52,0,52,0.1,0.1015625,0.1015625,1.3791080597362768,1.3791080597362768e-06,mle,0.049278313842339924,2.3795423211079463,ok,True,True,extraction,
xrp,2511,2024-09-25,1999,2510,512,-3.2862524719224058,linear,52,0,52,52,0,52,0.1,0.1015625,0.1015625,1.3753431337038142,1.3753431337038141e-06,mle,0.049278313842339924,2.3795423211079463,ok,True,True,extraction,
xrp,2512,2024-09-26,2000,2511,512,-3.2862524719224058,linear,52,0,52,52,0,52,0.1,0.1015625,0.1015625,1.3767767893472895,1.3767767893472895e-06,mle,0.049278313842339924,2.3795423211079463,ok,True,True,extraction,
xrp,2513,2024-09-27,2001,2512,512,-3.2862524719224058,linear,52,0,52,52,0,52,0.1,0.1015625,0.1015625,1.3814081928596125,1.3814081928596123e-06,mle,0.049278313842339924,2.3795423211079463,ok,True,True,extraction,
xrp,2514,2024-09-28,2002,2513,512,-3.2862524719224058,linear,52,0,52,52,0,52,0.1,0.1015625,0.1015625,1.3814081928596125,1.3814081928596123e-06,mle,0.049278313842339924,2.3795423211079463,ok,True,True,extraction,
xrp,2515,2024-09-29,2003,2514,512,-3.2862524719224058,linear,52,0,52,52,0,52,0.1,0.1015625,0.1015625,1.3834308299962945,1.3834308299962944e-06,mle,0.049278313842339924,2.3795423211079463,ok,True,True,extraction,
xrp,2516,2024-09-30,2004,2515,512,-3.2862524719224058,linear,52,0,52,52,0,52,0.1,0.1015625,0.1015625,1.3842432773020747,1.3842432773020746e-06,mle,0.049278313842339924,2.3795423211079463,ok,True,True,extraction,
xrp,2517,2024-10-01,2005,2516,512,-3.298342920258596,linear,52,0,52,52,0,52,0.1,0.1015625,0.1015625,1.3842432773020747,1.3842432773020746e-06,mle,0.02800715106244514,2.449799450939342,ok,True,True,extraction,
xrp,2518,2024-10-02,2006,2517,512,-3.2862524719224058,linear,52,0,52,52,0,52,0.1,0.1015625,0.1015625,1.3842432773020747,1.3842432773020746e-06,mle,0.04955789780724761,2.37849897415289,ok,True,True,extraction,
xrp,2519,2024-10-03,2007,2518,512,-3.298342920258596,linear,52,0,52,52,0,52,0.1,0.1015625,0.1015625,1.3924731891200903,1.3924731891200903e-06,mle,0.010386866736981644,2.5944271051826675,ok,True,True,extraction,
xrp,2520,2024-10-04,2008,2519,512,-3.3098908616006324,linear,52,0,52,52,0,52,0.1,0.1015625,0.1015625,1.3909900029038318,1.3909900029038316e-06,mle,0.015240482420769856,2.571723231459715,ok,True,True,extraction,
xrp,2521,2024-10-05,2009,2520,512,-3.3098908616006324,linear,52,0,52,52,0,52,0.1,0.1015625,0.1015625,1.4001902742209844,1.4001902742209844e-06,mle,0.015240482420769856,2.571723231459715,ok,True,True,extraction,
xrp,2522,2024-10-06,2010,2521,512,-3.3098908616006324,linear,52,0,52,52,0,52,0.1,0.1015625,0.1015625,1.3904505519834083,1.3904505519834082e-06,mle,0.015240482420769856,2.571723231459715,ok,True,True,extraction,
xrp,2523,2024-10-07,2011,2522,512,-3.3098908616006324,linear,52,0,52,52,0,52,0.1,0.1015625,0.1015625,1.3924731891200903,1.3924731891200903e-06,mle,0.015240482420769856,2.571723231459715,ok,True,True,extraction,
xrp,2524,2024-10-08,2012,2523,512,-3.3098908616006324,linear,52,0,52,52,0,52,0.1,0.1015625,0.1015625,1.3904505519834083,1.3904505519834082e-06,mle,0.015240482420769856,2.571723231459715,ok,True,True,extraction,
xrp,2525,2024-10-09,2013,2524,512,-3.3098908616006324,linear,52,0,52,52,0,52,0.1,0.1015625,0.1015625,1.3904505519834083,1.3904505519834082e-06,mle,0.015240482420769856,2.571723231459715,ok,True,True,extraction,
xrp,2526,2024-10-10,2014,2525,512,-3.3098908616006324,linear,52,0,52,52,0,52,0.1,0.1015625,0.1015625,1.3791080597362768,1.3791080597362768e-06,mle,0.015240482420769856,2.571723231459715,ok,True,True,extraction,
xrp,2527,2024-10-11,2015,2526,512,-3.3098908616006324,linear,52,0,52,52,0,52,0.1,0.1015625,0.1015625,1.371390974635383,1.371390974635383e-06,mle,0.015240482420769856,2.571723231459715,ok,True,True,extraction,
xrp,2528,2024-10-12,2016,2527,512,-3.3098908616006324,linear,52,0,52,52,0,52,0.1,0.1015625,0.1015625,1.371390974635383,1.371390974635383e-06,mle,0.015240482420769856,2.571723231459715,ok,True,True,extraction,
xrp,2529,2024-10-13,2017,2528,512,-3.3098908616006324,linear,52,0,52,52,0,52,0.1,0.1015625,0.1015625,1.3581902606442386,1.3581902606442387e-06,mle,0.015240482420769856,2.571723231459715,ok,True,True,extraction,
xrp,2530,2024-10-14,2018,2529,512,-3.3098908616006324,linear,52,0,52,52,0,52,0.1,0.1015625,0.1015625,1.3657989641245591,1.3657989641245591e-06,mle,0.015240482420769856,2.571723231459715,ok,True,True,extraction,
xrp,2531,2024-10-15,2019,2530,512,-3.3098908616006324,linear,52,0,52,52,0,52,0.1,0.1015625,0.1015625,1.371390974635383,1.371390974635383e-06,mle,0.015240482420769856,2.571723231459715,ok,True,True,extraction,
xrp,2532,2024-10-16,2020,2531,512,-3.3098908616006324,linear,52,0,52,52,0,52,0.1,0.1015625,0.1015625,1.3657989641245591,1.3657989641245591e-06,mle,0.015240482420769856,2.571723231459715,ok,True,True,extraction,
xrp,2533,2024-10-17,2021,2532,512,-3.3098908616006324,linear,52,0,52,52,0,52,0.1,0.1015625,0.1015625,1.3657989641245591,1.3657989641245591e-06,mle,0.015240482420769856,2.571723231459715,ok,True,True,extraction,
xrp,2534,2024-10-18,2022,2533,512,-3.3098908616006324,linear,52,0,52,52,0,52,0.1,0.1015625,0.1015625,1.3581902606442386,1.3581902606442387e-06,mle,0.015240482420769856,2.571723231459715,ok,True,True,extraction,
xrp,2535,2024-10-19,2023,2534,512,-3.3098908616006324,linear,52,0,52,52,0,52,0.1,0.1015625,0.1015625,1.3581902606442386,1.3581902606442387e-06,mle,0.015240482420769856,2.571723231459715,ok,True,True,extraction,
xrp,2536,2024-10-20,2024,2535,512,-3.3098908616006324,linear,52,0,52,52,0,52,0.1,0.1015625,0.1015625,1.3484522194670394,1.3484522194670394e-06,mle,0.015240482420769856,2.571723231459715,ok,True,True,extraction,
xrp,2537,2024-10-21,2025,2536,512,-3.3098908616006324,linear,52,0,52,52,0,52,0.1,0.1015625,0.1015625,1.3484522194670394,1.3484522194670394e-06,mle,0.015240482420769856,2.571723231459715,ok,True,True,extraction,
xrp,2538,2024-10-22,2026,2537,512,-3.3098908616006324,linear,52,0,52,52,0,52,0.1,0.1015625,0.1015625,1.3470664877128713,1.3470664877128713e-06,mle,0.015240482420769856,2.571723231459715,ok,True,True,extraction,
xrp,2539,2024-10-23,2027,2538,512,-3.3098908616006324,linear,52,0,52,52,0,52,0.1,0.1015625,0.1015625,1.3382328052189867,1.3382328052189867e-06,mle,0.015240482420769856,2.571723231459715,ok,True,True,extraction,
xrp,2540,2024-10-24,2028,2539,512,-3.3098908616006324,linear,52,0,52,52,0,52,0.1,0.1015625,0.1015625,1.328308509379326,1.328308509379326e-06,mle,0.015240482420769856,2.571723231459715,ok,True,True,extraction,
xrp,2541,2024-10-25,2029,2540,512,-3.3098908616006324,linear,52,0,52,52,0,52,0.1,0.1015625,0.1015625,1.3382328052189867,1.3382328052189867e-06,mle,0.015240482420769856,2.571723231459715,ok,True,True,extraction,
xrp,2542,2024-10-26,2030,2541,512,-3.3360857322166377,linear,52,0,52,52,0,52,0.1,0.1015625,0.1015625,1.3382328052189867,1.3382328052189867e-06,mle,-0.009047533771147137,2.656437244170826,ok,True,True,extraction,
xrp,2543,2024-10-27,2031,2542,512,-3.3360857322166377,linear,52,0,52,52,0,52,0.1,0.1015625,0.1015625,1.3382328052189867,1.3382328052189867e-06,mle,-0.009047533771147137,2.656437244170826,ok,True,True,extraction,
xrp,2544,2024-10-28,2032,2543,512,-3.3360857322166377,linear,52,0,52,52,0,52,0.1,0.1015625,0.1015625,1.3470664877128713,1.3470664877128713e-06,mle,-0.009047533771147137,2.656437244170826,ok,True,True,extraction,
xrp,2545,2024-10-29,2033,2544,512,-3.3360857322166377,linear,52,0,52,52,0,52,0.1,0.1015625,0.1015625,1.3343752231208756,1.3343752231208755e-06,mle,-0.009047533771147137,2.656437244170826,ok,True,True,extraction,
xrp,2546,2024-10-30,2034,2545,512,-3.3098908616006324,linear,52,0,52,52,0,52,0.1,0.1015625,0.1015625,1.3343752231208756,1.3343752231208755e-06,mle,0.003947307314377253,2.618336538317686,ok,True,True,extraction,
xrp,2547,2024-10-31,2035,2546,512,-3.3098908616006324,linear,52,0,52,52,0,52,0.1,0.1015625,0.1015625,1.325004263516261,1.325004263516261e-06,mle,0.003947307314377253,2.618336538317686,ok,True,True,extraction,
xrp,2548,2024-11-01,2036,2547,512,-3.3098908616006324,linear,52,0,52,52,0,52,0.1,0.1015625,0.1015625,1.325004263516261,1.325004263516261e-06,mle,0.003947307314377253,2.618336538317686,ok,True,True,extraction,
xrp,2549,2024-11-02,2037,2548,512,-3.3098908616006324,linear,52,0,52,52,0,52,0.1,0.1015625,0.1015625,1.325004263516261,1.325004263516261e-06,mle,0.003947307314377253,2.618336538317686,ok,True,True,extraction,
xrp,2550,2024-11-03,2038,2549,512,-3.3098908616006324,linear,52,0,52,52,0,52,0.1,0.1015625,0.1015625,1.3213758862993175,1.3213758862993175e-06,mle,0.003947307314377253,2.618336538317686,ok,True,True,extraction,
xrp,2551,2024-11-04,2039,2550,512,-3.298342920258596,linear,52,0,52,52,0,52,0.1,0.1015625,0.1015625,1.3213758862993175,1.3213758862993175e-06,mle,0.037288556002307155,2.498192758003023,ok,True,True,extraction,
xrp,2552,2024-11-05,2040,2551,512,-3.298342920258596,linear,52,0,52,52,0,52,0.1,0.1015625,0.1015625,1.3140895462509958,1.3140895462509958e-06,mle,0.037288556002307155,2.498192758003023,ok,True,True,extraction,
xrp,2553,2024-11-06,2041,2552,512,-3.298342920258596,linear,52,0,52,52,0,52,0.1,0.1015625,0.1015625,1.3213758862993175,1.3213758862993175e-06,mle,0.037288556002307155,2.498192758003023,ok,True,True,extraction,
xrp,2554,2024-11-07,2042,2553,512,-3.298342920258596,linear,52,0,52,52,0,52,0.1,0.1015625,0.1015625,1.325004263516261,1.325004263516261e-06,mle,0.037288556002307155,2.498192758003023,ok,True,True,extraction,
xrp,2555,2024-11-08,2043,2554,512,-3.2862524719224058,linear,52,0,52,52,0,52,0.1,0.1015625,0.1015625,1.3216062516199814,1.3216062516199812e-06,mle,0.08788318022742023,2.298682601571717,ok,True,True,extraction,
xrp,2556,2024-11-09,2044,2555,512,-3.2862524719224058,linear,52,0,52,52,0,52,0.1,0.1015625,0.1015625,1.3216062516199814,1.3216062516199812e-06,mle,0.08788318022742023,2.298682601571717,ok,True,True,extraction,
xrp,2557,2024-11-10,2045,2556,512,-3.2862524719224058,linear,52,0,52,52,0,52,0.1,0.1015625,0.1015625,1.3216062516199814,1.3216062516199812e-06,mle,0.08788318022742023,2.298682601571717,ok,True,True,extraction,
xrp,2558,2024-11-11,2046,2557,512,-3.2862524719224058,linear,52,0,52,52,0,52,0.1,0.1015625,0.1015625,1.3346194022363216,1.3346194022363215e-06,mle,0.08788318022742023,2.298682601571717,ok,True,True,extraction,
xrp,2559,2024-11-12,2047,2558,512,-3.2862524719224058,linear,52,0,52,52,0,52,0.1,0.1015625,0.1015625,1.3346194022363216,1.3346194022363215e-06,mle,0.08788318022742023,2.298682601571717,ok,True,True,extraction,
xrp,2560,2024-11-13,2048,2559,512,-3.2862524719224058,linear,52,0,52,52,0,52,0.1,0.1015625,0.1015625,1.3385292453765156,1.3385292453765155e-06,mle,0.08788318022742023,2.298682601571717,ok,True,True,extraction,
xrp,2561,2024-11-14,2049,2560,512,-3.2862524719224058,linear,52,0,52,52,0,52,0.1,0.1015625,0.1015625,1.3474432337650013,1.3474432337650012e-06,mle,0.08788318022742023,2.298682601571717,ok,True,True,extraction,
xrp,2562,2024-11-15,2050,2561,512,-3.2862524719224058,linear,52,0,52,52,0,52,0.1,0.1015625,0.1015625,1.3474432337650013,1.3474432337650012e-06,mle,0.08788318022742023,2.298682601571717,ok,True,True,extraction,
xrp,2563,2024-11-16,2051,2562,512,-3.2862524719224058,linear,52,0,52,52,0,52,0.1,0.1015625,0.1015625,1.3581902606442386,1.3581902606442387e-06,mle,0.08788318022742023,2.298682601571717,ok,True,True,extraction,
xrp,2564,2024-11-17,2052,2563,512,-3.2862524719224058,linear,52,0,52,52,0,52,0.1,0.1015625,0.1015625,1.3658965396321956,1.3658965396321955e-06,mle,0.08788318022742023,2.298682601571717,ok,True,True,extraction,
xrp,2565,2024-11-18,2053,2564,512,-3.298342920258596,linear,52,0,52,52,0,52,0.1,0.1015625,0.1015625,1.3658965396321956,1.3658965396321955e-06,mle,0.04848801844236271,2.4326304137267956,ok,True,True,extraction,
xrp,2566,2024-11-19,2054,2565,512,-3.298342920258596,linear,52,0,52,52,0,52,0.1,0.1015625,0.1015625,1.373505243112516,1.373505243112516e-06,mle,0.04848801844236271,2.4326304137267956,ok,True,True,extraction,
xrp,2567,2024-11-20,2055,2566,512,-3.298342920258596,linear,52,0,52,52,0,52,0.1,0.1015625,0.1015625,1.373505243112516,1.373505243112516e-06,mle,0.04848801844236271,2.4326304137267956,ok,True,True,extraction,
xrp,2568,2024-11-21,2056,2567,512,-3.298342920258596,linear,52,0,52,52,0,52,0.1,0.1015625,0.1015625,1.373505243112516,1.373505243112516e-06,mle,0.04848801844236271,2.4326304137267956,ok,True,True,extraction,
xrp,2569,2024-11-22,2057,2568,512,-3.2862524719224058,linear,52,0,52,52,0,52,0.1,0.1015625,0.1015625,1.378891057824423,1.3788910578244228e-06,mle,0.05549704169290339,2.4149597007064676,ok,True,True,extraction,
xrp,2570,2024-11-23,2058,2569,512,-3.2862524719224058,linear,52,0,52,52,0,52,0.1,0.1015625,0.1015625,1.378891057824423,1.3788910578244228e-06,mle,0.05549704169290339,2.4149597007064676,ok,True,True,extraction,
xrp,2571,2024-11-24,2059,2570,512,-3.2862524719224058,linear,52,0,52,52,0,52,0.1,0.1015625,0.1015625,1.378891057824423,1.3788910578244228e-06,mle,0.05549704169290339,2.4149597007064676,ok,True,True,extraction,
xrp,2572,2024-11-25,2060,2571,512,-3.2862524719224058,linear,52,0,52,52,0,52,0.1,0.1015625,0.1015625,1.384956116980221,1.3849561169802208e-06,mle,0.05549704169290339,2.4149597007064676,ok,True,True,extraction,
xrp,2573,2024-11-26,2061,2572,512,-3.2862524719224058,linear,52,0,52,52,0,52,0.1,0.1015625,0.1015625,1.3738244724652278,1.3738244724652277e-06,mle,0.05549704169290339,2.4149597007064676,ok,True,True,extraction,
xrp,2574,2024-11-27,2062,2573,512,-3.2862524719224058,linear,52,0,52,52,0,52,0.1,0.1015625,0.1015625,1.3707838001092854,1.3707838001092852e-06,mle,0.05549704169290339,2.4149597007064676,ok,True,True,extraction,
xrp,2575,2024-11-28,2063,2574,512,-3.2862524719224058,linear,52,0,52,52,0,52,0.1,0.1015625,0.1015625,1.3794272890889885,1.3794272890889885e-06,mle,0.05549704169290339,2.4149597007064676,ok,True,True,extraction,
xrp,2576,2024-11-29,2064,2575,512,-3.2862524719224058,linear,52,0,52,52,0,52,0.1,0.1015625,0.1015625,1.384956116980221,1.3849561169802208e-06,mle,0.05549704169290339,2.4149597007064676,ok,True,True,extraction,
xrp,2577,2024-11-30,2065,2576,512,-3.2862524719224058,linear,52,0,52,52,0,52,0.1,0.1015625,0.1015625,1.3869787541169032,1.386978754116903e-06,mle,0.05549704169290339,2.4149597007064676,ok,True,True,extraction,
xrp,2578,2024-12-01,2066,2577,512,-3.2862524719224058,linear,52,0,52,52,0,52,0.1,0.1015625,0.1015625,1.3945874575972237,1.3945874575972235e-06,mle,0.05549704169290339,2.4149597007064676,ok,True,True,extraction,
xrp,2579,2024-12-02,2067,2578,512,-3.2862524719224058,linear,52,0,52,52,0,52,0.1,0.1015625,0.1015625,1.4001902742209844,1.4001902742209844e-06,mle,0.05549704169290339,2.4149597007064676,ok,True,True,extraction,
xrp,2580,2024-12-03,2068,2579,512,-3.2862524719224058,linear,52,0,52,52,0,52,0.1,0.1015625,0.1015625,1.4011953171197669,1.4011953171197667e-06,mle,0.05549704169290339,2.4149597007064676,ok,True,True,extraction,
xrp,2581,2024-12-04,2069,2580,512,-3.298342920258596,linear,52,0,52,52,0,52,0.1,0.1015625,0.1015625,1.4003828698139866,1.4003828698139866e-06,mle,0.009811980499010609,2.59278849665536,ok,True,True,extraction,
xrp,2582,2024-12-05,2070,2581,512,-3.3098908616006324,linear,52,0,52,52,0,52,0.1,0.1015625,0.1015625,1.401243016649477,1.401243016649477e-06,mle,-0.031572015672865356,2.7632261708953982,ok,True,True,extraction,
xrp,2583,2024-12-06,2071,2582,512,-3.3098908616006324,linear,52,0,52,52,0,52,0.1,0.1015625,0.1015625,1.405742656166094,1.405742656166094e-06,mle,-0.031572015672865356,2.7632261708953982,ok,True,True,extraction,
xrp,2584,2024-12-07,2072,2583,512,-3.3098908616006324,linear,52,0,52,52,0,52,0.1,0.1015625,0.1015625,1.405742656166094,1.405742656166094e-06,mle,-0.031572015672865356,2.7632261708953982,ok,True,True,extraction,
xrp,2585,2024-12-08,2073,2584,512,-3.298342920258596,linear,52,0,52,52,0,52,0.1,0.1015625,0.1015625,1.405742656166094,1.405742656166094e-06,mle,-0.018727005883061858,2.5589917255161825,ok,True,True,extraction,
xrp,2586,2024-12-09,2074,2585,512,-3.298342920258596,linear,52,0,52,52,0,52,0.1,0.1015625,0.1015625,1.405742656166094,1.405742656166094e-06,mle,-0.018727005883061858,2.5589917255161825,ok,True,True,extraction,
xrp,2587,2024-12-10,2075,2586,512,-3.3098908616006324,linear,52,0,52,52,0,52,0.1,0.1015625,0.1015625,1.405742656166094,1.405742656166094e-06,mle,0.03447079878197505,2.6533572971906763,ok,True,True,extraction,
xrp,2588,2024-12-11,2076,2587,512,-3.3098908616006324,linear,52,0,52,52,0,52,0.1,0.1015625,0.1015625,1.4125270236556084,1.4125270236556085e-06,mle,0.03447079878197505,2.6533572971906763,ok,True,True,extraction,
xrp,2589,2024-12-12,2077,2588,512,-3.3098908616006324,linear,52,0,52,52,0,52,0.1,0.1015625,0.1015625,1.405742656166094,1.405742656166094e-06,mle,0.03447079878197505,2.6533572971906763,ok,True,True,extraction,
xrp,2590,2024-12-13,2078,2589,512,-3.3098908616006324,linear,52,0,52,52,0,52,0.1,0.1015625,0.1015625,1.405742656166094,1.405742656166094e-06,mle,0.03447079878197505,2.6533572971906763,ok,True,True,extraction,
xrp,2591,2024-12-14,2079,2590,512,-3.3088516077405066,linear,52,0,52,52,0,52,0.1,0.1015625,0.1015625,1.405742656166094,1.405742656166094e-06,mle,0.034001049524039005,2.6557002071553577,ok,True,True,extraction,
xrp,2592,2024-12-15,2080,2591,512,-3.3088516077405066,linear,52,0,52,52,0,52,0.1,0.1015625,0.1015625,1.4020554639552572,1.402055463955257e-06,mle,0.034001049524039005,2.6557002071553577,ok,True,True,extraction,
xrp,2593,2024-12-16,2081,2592,512,-3.2862524719224058,linear,52,0,52,52,0,52,0.1,0.1015625,0.1015625,1.405713186494006,1.405713186494006e-06,mle,0.05254963198051914,2.591642345116191,ok,True,True,extraction,
xrp,2594,2024-12-17,2082,2593,512,-3.2862524719224058,linear,52,0,52,52,0,52,0.1,0.1015625,0.1015625,1.4065733333294963,1.4065733333294962e-06,mle,0.05254963198051914,2.591642345116191,ok,True,True,extraction,
xrp,2595,2024-12-18,2083,2594,512,-3.251711990716208,linear,52,0,52,52,0,52,0.1,0.1015625,0.1015625,1.4188150361231098,1.4188150361231097e-06,mle,0.06379185357891076,2.562830025837227,ok,True,True,extraction,
xrp,2596,2024-12-19,2084,2595,512,-3.2862524719224058,linear,52,0,52,52,0,52,0.1,0.1015625,0.1015625,1.4141336336820722,1.414133633682072e-06,mle,0.03618740376659392,2.7432552727278567,ok,True,True,extraction,
xrp,2597,2024-12-20,2085,2596,512,-3.2862524719224058,linear,52,0,52,52,0,52,0.1,0.1015625,0.1015625,1.4170564551662541,1.417056455166254e-06,mle,0.03618740376659392,2.7432552727278567,ok,True,True,extraction,
xrp,2598,2024-12-21,2086,2597,512,-3.2862524719224058,linear,52,0,52,52,0,52,0.1,0.1015625,0.1015625,1.4215743245404933,1.421574324540493e-06,mle,0.03618740376659392,2.7432552727278567,ok,True,True,extraction,
xrp,2599,2024-12-22,2087,2598,512,-3.2862524719224058,linear,52,0,52,52,0,52,0.1,0.1015625,0.1015625,1.4231396694550211,1.423139669455021e-06,mle,0.03618740376659392,2.7432552727278567,ok,True,True,extraction,
xrp,2600,2024-12-23,2088,2599,512,-3.2862524719224058,linear,52,0,52,52,0,52,0.1,0.1015625,0.1015625,1.4334331424866305,1.4334331424866304e-06,mle,0.03618740376659392,2.7432552727278567,ok,True,True,extraction,
xrp,2601,2024-12-24,2089,2600,512,-3.2862524719224058,linear,52,0,52,52,0,52,0.1,0.1015625,0.1015625,1.4571005969456097,1.4571005969456096e-06,mle,0.03618740376659392,2.7432552727278567,ok,True,True,extraction,
xrp,2602,2024-12-25,2090,2601,512,-3.2862524719224058,linear,52,0,52,52,0,52,0.1,0.1015625,0.1015625,1.4576606913094277,1.4576606913094276e-06,mle,0.03618740376659392,2.7432552727278567,ok,True,True,extraction,
xrp,2603,2024-12-26,2091,2602,512,-3.2862524719224058,linear,52,0,52,52,0,52,0.1,0.1015625,0.1015625,1.4587950978883248,1.4587950978883248e-06,mle,0.03618740376659392,2.7432552727278567,ok,True,True,extraction,
xrp,2604,2024-12-27,2092,2603,512,-3.3088516077405066,linear,52,0,52,52,0,52,0.1,0.1015625,0.1015625,1.4587950978883248,1.4587950978883248e-06,mle,0.005168191818112953,2.867462251410948,ok,True,True,extraction,
xrp,2605,2024-12-28,2093,2604,512,-3.3088516077405066,linear,52,0,52,52,0,52,0.1,0.1015625,0.1015625,1.4571005969456097,1.4571005969456096e-06,mle,0.005168191818112953,2.867462251410948,ok,True,True,extraction,
xrp,2606,2024-12-29,2094,2605,512,-3.2862524719224058,linear,52,0,52,52,0,52,0.1,0.1015625,0.1015625,1.4503094214304966,1.4503094214304965e-06,mle,0.012809606334065514,2.8466746027537244,ok,True,True,extraction,
xrp,2607,2024-12-30,2095,2606,512,-3.3088516077405066,linear,52,0,52,52,0,52,0.1,0.1015625,0.1015625,1.4576606913094277,1.4576606913094276e-06,mle,0.009632166476878017,2.8488951344963063,ok,True,True,extraction,
xrp,2608,2024-12-31,2096,2607,512,-3.3088516077405066,linear,52,0,52,52,0,52,0.1,0.1015625,0.1015625,1.4682789125289872,1.4682789125289873e-06,mle,0.009632166476878017,2.8488951344963063,ok,True,True,extraction,
xrp,2609,2025-01-01,2097,2608,512,-3.3088516077405066,linear,52,0,52,52,0,52,0.1,0.1015625,0.1015625,1.472917105174528,1.472917105174528e-06,mle,0.009632166476878017,2.8488951344963063,ok,True,True,extraction,
xrp,2610,2025-01-02,2098,2609,512,-3.3088516077405066,linear,52,0,52,52,0,52,0.1,0.1015625,0.1015625,1.472917105174528,1.472917105174528e-06,mle,0.009632166476878017,2.8488951344963063,ok,True,True,extraction,
xrp,2611,2025-01-03,2099,2610,512,-3.3088516077405066,linear,52,0,52,52,0,52,0.1,0.1015625,0.1015625,1.4767470957816982,1.4767470957816982e-06,mle,0.009632166476878017,2.8488951344963063,ok,True,True,extraction,
xrp,2612,2025-01-04,2100,2611,512,-3.3088516077405066,linear,52,0,52,52,0,52,0.1,0.1015625,0.1015625,1.4776870190809812,1.477687019080981e-06,mle,0.009632166476878017,2.8488951344963063,ok,True,True,extraction,
xrp,2613,2025-01-05,2101,2612,512,-3.3088516077405066,linear,52,0,52,52,0,52,0.1,0.1015625,0.1015625,1.4776870190809812,1.477687019080981e-06,mle,0.009632166476878017,2.8488951344963063,ok,True,True,extraction,
xrp,2614,2025-01-06,2102,2613,512,-3.3088516077405066,linear,52,0,52,52,0,52,0.1,0.1015625,0.1015625,1.4776870190809812,1.477687019080981e-06,mle,0.009632166476878017,2.8488951344963063,ok,True,True,extraction,
xrp,2615,2025-01-07,2103,2614,512,-3.3088516077405066,linear,52,0,52,52,0,52,0.1,0.1015625,0.1015625,1.484521534599689,1.4845215345996889e-06,mle,0.009632166476878017,2.8488951344963063,ok,True,True,extraction,
xrp,2616,2025-01-08,2104,2615,512,-3.3360857322166377,linear,52,0,52,52,0,52,0.1,0.1015625,0.1015625,1.48941154832529,1.4894115483252901e-06,mle,-0.015860013662796504,2.951947846426358,ok,True,True,extraction,
xrp,2617,2025-01-09,2105,2616,512,-3.3088516077405066,linear,52,0,52,52,0,52,0.1,0.1015625,0.1015625,1.4904989600692233,1.4904989600692233e-06,mle,-0.017388225817803315,2.9712049057641314,ok,True,True,extraction,
xrp,2618,2025-01-10,2106,2617,512,-3.3088516077405066,linear,52,0,52,52,0,52,0.1,0.1015625,0.1015625,1.4904989600692233,1.4904989600692233e-06,mle,-0.02798274735957438,3.0171755650687198,ok,True,True,extraction,
xrp,2619,2025-01-11,2107,2618,512,-3.2862524719224058,linear,52,0,52,52,0,52,0.1,0.1015625,0.1015625,1.4910523981141366,1.4910523981141365e-06,mle,-0.04383063177720464,2.8552751960447322,ok,True,True,extraction,
xrp,2620,2025-01-12,2108,2619,512,-3.2862524719224058,linear,52,0,52,52,0,52,0.1,0.1015625,0.1015625,1.5161377270449776,1.5161377270449776e-06,mle,-0.04383063177720464,2.8552751960447322,ok,True,True,extraction,
xrp,2621,2025-01-13,2109,2620,512,-3.2862524719224058,linear,52,0,52,52,0,52,0.1,0.1015625,0.1015625,1.5047173421048115,1.5047173421048114e-06,mle,-0.04383063177720464,2.8552751960447322,ok,True,True,extraction,
xrp,2622,2025-01-14,2110,2621,512,-3.2862524719224058,linear,52,0,52,52,0,52,0.1,0.1015625,0.1015625,1.4910523981141366,1.4910523981141365e-06,mle,-0.04383063177720464,2.8552751960447322,ok,True,True,extraction,
xrp,2623,2025-01-15,2111,2622,512,-3.2862524719224058,linear,52,0,52,52,0,52,0.1,0.1015625,0.1015625,1.5062998287587492,1.5062998287587491e-06,mle,-0.04383063177720464,2.8552751960447322,ok,True,True,extraction,
xrp,2624,2025-01-16,2112,2623,512,-3.2862524719224058,linear,52,0,52,52,0,52,0.1,0.1015625,0.1015625,1.5150776701891393,1.5150776701891393e-06,mle,-0.04383063177720464,2.8552751960447322,ok,True,True,extraction,
xrp,2625,2025-01-17,2113,2624,512,-3.2862524719224058,linear,52,0,52,52,0,52,0.1,0.1015625,0.1015625,1.5150776701891393,1.5150776701891393e-06,mle,-0.04383063177720464,2.8552751960447322,ok,True,True,extraction,
xrp,2626,2025-01-18,2114,2625,512,-3.2862524719224058,linear,52,0,52,52,0,52,0.1,0.1015625,0.1015625,1.514602621991808,1.514602621991808e-06,mle,-0.04383063177720464,2.8552751960447322,ok,True,True,extraction,
xrp,2627,2025-01-19,2115,2626,512,-3.2862524719224058,linear,52,0,52,52,0,52,0.1,0.1015625,0.1015625,1.5104391169087945,1.5104391169087943e-06,mle,-0.04383063177720464,2.8552751960447322,ok,True,True,extraction,
xrp,2628,2025-01-20,2116,2627,512,-3.3088516077405066,linear,52,0,52,52,0,52,0.1,0.1015625,0.1015625,1.5181237512953092,1.5181237512953091e-06,mle,-0.07656830987485676,3.0653846089887336,ok,True,True,extraction,
xrp,2629,2025-01-21,2117,2628,512,-3.3088516077405066,linear,52,0,52,52,0,52,0.1,0.1015625,0.1015625,1.5177493393340034,1.5177493393340033e-06,mle,-0.07656830987485676,3.0653846089887336,ok,True,True,extraction,
xrp,2630,2025-01-22,2118,2629,512,-3.3088516077405066,linear,52,0,52,52,0,52,0.1,0.1015625,0.1015625,1.5262282814583794,1.5262282814583794e-06,mle,-0.07656830987485676,3.0653846089887336,ok,True,True,extraction,
xrp,2631,2025-01-23,2119,2630,512,-3.3088516077405066,linear,52,0,52,52,0,52,0.1,0.1015625,0.1015625,1.5177493393340034,1.5177493393340033e-06,mle,-0.07656830987485676,3.0653846089887336,ok,True,True,extraction,
xrp,2632,2025-01-24,2120,2631,512,-3.3088516077405066,linear,52,0,52,52,0,52,0.1,0.1015625,0.1015625,1.5177493393340034,1.5177493393340033e-06,mle,-0.07656830987485676,3.0653846089887336,ok,True,True,extraction,
xrp,2633,2025-01-25,2121,2632,512,-3.2862524719224058,linear,52,0,52,52,0,52,0.1,0.1015625,0.1015625,1.5161679669063357,1.5161679669063357e-06,mle,-0.08365762220268481,3.108869359871805,ok,True,True,extraction,
xrp,2634,2025-01-26,2122,2633,512,-3.2862524719224058,linear,52,0,52,52,0,52,0.1,0.1015625,0.1015625,1.5129104176570407,1.5129104176570406e-06,mle,-0.08365762220268481,3.108869359871805,ok,True,True,extraction,
xrp,2635,2025-01-27,2123,2634,512,-3.2862524719224058,linear,52,0,52,52,0,52,0.1,0.1015625,0.1015625,1.5161679669063357,1.5161679669063357e-06,mle,-0.08365762220268481,3.108869359871805,ok,True,True,extraction,
xrp,2636,2025-01-28,2124,2635,512,-3.2862524719224058,linear,52,0,52,52,0,52,0.1,0.1015625,0.1015625,1.5161679669063357,1.5161679669063357e-06,mle,-0.08365762220268481,3.108869359871805,ok,True,True,extraction,
xrp,2637,2025-01-29,2125,2636,512,-3.2862524719224058,linear,52,0,52,52,0,52,0.1,0.1015625,0.1015625,1.5161679669063357,1.5161679669063357e-06,mle,-0.08365762220268481,3.108869359871805,ok,True,True,extraction,
xrp,2638,2025-01-30,2126,2637,512,-3.2862524719224058,linear,52,0,52,52,0,52,0.1,0.1015625,0.1015625,1.5180535314079222,1.5180535314079222e-06,mle,-0.08365762220268481,3.108869359871805,ok,True,True,extraction,
xrp,2639,2025-01-31,2127,2638,512,-3.2862524719224058,linear,52,0,52,52,0,52,0.1,0.1015625,0.1015625,1.520841859501052,1.520841859501052e-06,mle,-0.08365762220268481,3.108869359871805,ok,True,True,extraction,
xrp,2640,2025-02-01,2128,2639,512,-3.2862524719224058,linear,52,0,52,52,0,52,0.1,0.1015625,0.1015625,1.5262282814583794,1.5262282814583794e-06,mle,-0.08365762220268481,3.108869359871805,ok,True,True,extraction,
xrp,2641,2025-02-02,2129,2640,512,-3.3088516077405066,linear,52,0,52,52,0,52,0.1,0.1015625,0.1015625,1.527911408868038,1.5279114088680378e-06,mle,-0.09506624983663775,3.154574136124557,ok,True,True,extraction,
xrp,2642,2025-02-03,2130,2641,512,-3.3360857322166377,linear,52,0,52,52,0,52,0.1,0.1015625,0.1015625,1.5294767537825655,1.5294767537825655e-06,mle,-0.12472550250525045,3.3802266570648203,ok,True,True,extraction,
xrp,2643,2025-02-04,2131,2642,512,-3.3360857322166377,linear,52,0,52,52,0,52,0.1,0.1015625,0.1015625,1.5419235052457494,1.5419235052457493e-06,mle,-0.12472550250525045,3.3802266570648203,ok,True,True,extraction,
xrp,2644,2025-02-05,2132,2643,512,-3.3360857322166377,linear,52,0,52,52,0,52,0.1,0.1015625,0.1015625,1.5419235052457494,1.5419235052457493e-06,mle,-0.13667397773701345,3.448572986010187,ok,True,True,extraction,
xrp,2645,2025-02-06,2133,2644,512,-3.36495844604071,linear,52,0,52,52,0,52,0.1,0.1015625,0.1015625,1.5517614035319778,1.5517614035319777e-06,mle,-0.1521213517977678,3.5242142430123993,ok,True,True,extraction,
xrp,2646,2025-02-07,2134,2645,512,-3.36495844604071,linear,52,0,52,52,0,52,0.1,0.1015625,0.1015625,1.552304359973169,1.5523043599731688e-06,mle,-0.1521213517977678,3.5242142430123993,ok,True,True,extraction,
xrp,2647,2025-02-08,2135,2646,512,-3.36495844604071,linear,52,0,52,52,0,52,0.1,0.1015625,0.1015625,1.5609236869637653,1.5609236869637652e-06,mle,-0.1521213517977678,3.5242142430123993,ok,True,True,extraction,
xrp,2648,2025-02-09,2136,2647,512,-3.36495844604071,linear,52,0,52,52,0,52,0.1,0.1015625,0.1015625,1.552304359973169,1.5523043599731688e-06,mle,-0.1521213517977678,3.5242142430123993,ok,True,True,extraction,
xrp,2649,2025-02-10,2137,2648,512,-3.36495844604071,linear,52,0,52,52,0,52,0.1,0.1015625,0.1015625,1.552304359973169,1.5523043599731688e-06,mle,-0.1521213517977678,3.5242142430123993,ok,True,True,extraction,
xrp,2650,2025-02-11,2138,2649,512,-3.36495844604071,linear,52,0,52,52,0,52,0.1,0.1015625,0.1015625,1.5545948261592863,1.5545948261592862e-06,mle,-0.1521213517977678,3.5242142430123993,ok,True,True,extraction,
xrp,2651,2025-02-12,2139,2650,512,-3.36495844604071,linear,52,0,52,52,0,52,0.1,0.1015625,0.1015625,1.5414585703635821,1.5414585703635822e-06,mle,-0.1521213517977678,3.5242142430123993,ok,True,True,extraction,
xrp,2652,2025-02-13,2140,2651,512,-3.36495844604071,linear,52,0,52,52,0,52,0.1,0.1015625,0.1015625,1.5414585703635821,1.5414585703635822e-06,mle,-0.1521213517977678,3.5242142430123993,ok,True,True,extraction,
xrp,2653,2025-02-14,2141,2652,512,-3.36495844604071,linear,52,0,52,52,0,52,0.1,0.1015625,0.1015625,1.552304359973169,1.5523043599731688e-06,mle,-0.1521213517977678,3.5242142430123993,ok,True,True,extraction,
xrp,2654,2025-02-15,2142,2653,512,-3.36495844604071,linear,52,0,52,52,0,52,0.1,0.1015625,0.1015625,1.5545948261592863,1.5545948261592862e-06,mle,-0.1521213517977678,3.5242142430123993,ok,True,True,extraction,
xrp,2655,2025-02-16,2143,2654,512,-3.36495844604071,linear,52,0,52,52,0,52,0.1,0.1015625,0.1015625,1.5545948261592863,1.5545948261592862e-06,mle,-0.1521213517977678,3.5242142430123993,ok,True,True,extraction,
xrp,2656,2025-02-17,2144,2655,512,-3.36495844604071,linear,52,0,52,52,0,52,0.1,0.1015625,0.1015625,1.5545948261592863,1.5545948261592862e-06,mle,-0.1521213517977678,3.5242142430123993,ok,True,True,extraction,
xrp,2657,2025-02-18,2145,2656,512,-3.36495844604071,linear,52,0,52,52,0,52,0.1,0.1015625,0.1015625,1.556722040232399,1.556722040232399e-06,mle,-0.1521213517977678,3.5242142430123993,ok,True,True,extraction,
xrp,2658,2025-02-19,2146,2657,512,-3.440820829862931,linear,52,0,52,52,0,52,0.1,0.1015625,0.1015625,1.5625107104689007,1.5625107104689007e-06,mle,-0.13541191564388255,3.397896376383192,ok,True,True,extraction,
xrp,2659,2025-02-20,2147,2658,512,-3.440820829862931,linear,52,0,52,52,0,52,0.1,0.1015625,0.1015625,1.559566404508969,1.559566404508969e-06,mle,-0.13541191564388255,3.397896376383192,ok,True,True,extraction,
xrp,2660,2025-02-21,2148,2659,512,-3.440820829862931,linear,52,0,52,52,0,52,0.1,0.1015625,0.1015625,1.5671226096636328,1.5671226096636327e-06,mle,-0.13541191564388255,3.397896376383192,ok,True,True,extraction,
xrp,2661,2025-02-22,2149,2660,512,-3.599359112598036,linear,52,0,52,52,0,52,0.1,0.1015625,0.1015625,1.5679036130355164,1.5679036130355162e-06,mle,-0.09797539614267664,3.136793597865361,ok,True,True,extraction,
xrp,2662,2025-02-23,2150,2661,512,-3.599359112598036,linear,52,0,52,52,0,52,0.1,0.1015625,0.1015625,1.5650729562814218,1.5650729562814218e-06,mle,-0.09797539614267664,3.136793597865361,ok,True,True,extraction,
xrp,2663,2025-02-24,2151,2662,512,-3.599359112598036,linear,52,0,52,52,0,52,0.1,0.1015625,0.1015625,1.5650729562814218,1.5650729562814218e-06,mle,-0.09797539614267664,3.136793597865361,ok,True,True,extraction,
xrp,2664,2025-02-25,2152,2663,512,-3.6495332184602916,linear,52,0,52,52,0,52,0.1,0.1015625,0.1015625,1.5592182923500482,1.5592182923500481e-06,mle,-0.11595318383920264,3.321374618990028,ok,True,True,extraction,
xrp,2665,2025-02-26,2153,2664,512,-3.6495332184602916,linear,52,0,52,52,0,52,0.1,0.1015625,0.1015625,1.5650729562814218,1.5650729562814218e-06,mle,-0.11595318383920264,3.321374618990028,ok,True,True,extraction,
xrp,2666,2025-02-27,2154,2665,512,-3.7262363726779744,linear,52,0,52,52,0,52,0.1,0.1015625,0.1015625,1.5592182923500482,1.5592182923500481e-06,mle,-0.11142587906961945,3.265635288188345,ok,True,True,extraction,
xrp,2667,2025-02-28,2155,2666,512,-3.7262363726779744,linear,52,0,52,52,0,52,0.1,0.1015625,0.1015625,1.5650729562814218,1.5650729562814218e-06,mle,-0.11142587906961945,3.265635288188345,ok,True,True,extraction,
xrp,2668,2025-03-01,2156,2667,512,-3.7262363726779744,linear,52,0,52,52,0,52,0.1,0.1015625,0.1015625,1.5650729562814218,1.5650729562814218e-06,mle,-0.11142587906961945,3.265635288188345,ok,True,True,extraction,
xrp,2669,2025-03-02,2157,2668,512,-3.7262363726779744,linear,52,0,52,52,0,52,0.1,0.1015625,0.1015625,1.5679036130355164,1.5679036130355162e-06,mle,-0.11142587906961945,3.265635288188345,ok,True,True,extraction,
xrp,2670,2025-03-03,2158,2669,512,-3.7262363726779744,linear,52,0,52,52,0,52,0.1,0.1015625,0.1015625,1.5758194973451307,1.5758194973451307e-06,mle,-0.11142587906961945,3.265635288188345,ok,True,True,extraction,
xrp,2671,2025-03-04,2159,2670,512,-3.774340798589456,linear,52,0,52,52,0,52,0.1,0.1015625,0.1015625,1.5843974459633614,1.5843974459633612e-06,mle,0.021459141944145024,3.1465737968581498,ok,True,True,extraction,
xrp,2672,2025-03-05,2160,2671,512,-3.774340798589456,linear,52,0,52,52,0,52,0.1,0.1015625,0.1015625,1.5923288878073727,1.5923288878073726e-06,mle,0.021459141944145024,3.1465737968581498,ok,True,True,extraction,
xrp,2673,2025-03-06,2161,2672,512,-3.774340798589456,linear,52,0,52,52,0,52,0.1,0.1015625,0.1015625,1.6188143249171896,1.6188143249171894e-06,mle,0.021459141944145024,3.1465737968581498,ok,True,True,extraction,
xrp,2674,2025-03-07,2162,2673,512,-3.774340798589456,linear,52,0,52,52,0,52,0.1,0.1015625,0.1015625,1.6335912680844262,1.633591268084426e-06,mle,0.021459141944145024,3.1465737968581498,ok,True,True,extraction,
xrp,2675,2025-03-08,2163,2674,512,-3.8076125097013316,linear,52,0,52,52,0,52,0.1,0.1015625,0.1015625,1.6429657194348655,1.6429657194348655e-06,mle,-0.0051290558637036585,3.296468319436751,ok,True,True,extraction,
xrp,2676,2025-03-09,2164,2675,512,-3.8076125097013316,linear,52,0,52,52,0,52,0.1,0.1015625,0.1015625,1.6342309498666376,1.6342309498666376e-06,mle,-0.0051290558637036585,3.296468319436751,ok,True,True,extraction,
xrp,2677,2025-03-10,2165,2676,512,-4.0727369647578975,linear,52,0,52,52,0,52,0.1,0.1015625,0.1015625,1.6333826414148835,1.6333826414148834e-06,mle,0.04540773582539216,2.9636704354778,ok,True,True,extraction,
xrp,2678,2025-03-11,2166,2677,512,-4.1489496609975465,linear,52,0,52,52,0,52,0.1,0.1015625,0.1015625,1.6486451665460238,1.6486451665460236e-06,mle,0.0552067636967354,2.888666342354683,ok,True,True,extraction,
xrp,2679,2025-03-12,2167,2678,512,-4.1489496609975465,linear,52,0,52,52,0,52,0.1,0.1015625,0.1015625,1.6486451665460238,1.6486451665460236e-06,mle,0.0552067636967354,2.888666342354683,ok,True,True,extraction,
xrp,2680,2025-03-13,2168,2679,512,-4.1489496609975465,linear,52,0,52,52,0,52,0.1,0.1015625,0.1015625,1.6687193488420982,1.668719348842098e-06,mle,0.0552067636967354,2.888666342354683,ok,True,True,extraction,
xrp,2681,2025-03-14,2169,2680,512,-4.1489496609975465,linear,52,0,52,52,0,52,0.1,0.1015625,0.1015625,1.65932113164655,1.6593211316465498e-06,mle,0.0552067636967354,2.888666342354683,ok,True,True,extraction,
xrp,2682,2025-03-15,2170,2681,512,-4.1489496609975465,linear,52,0,52,52,0,52,0.1,0.1015625,0.1015625,1.65932113164655,1.6593211316465498e-06,mle,0.0552067636967354,2.888666342354683,ok,True,True,extraction,
xrp,2683,2025-03-16,2171,2682,512,-4.1489496609975465,linear,52,0,52,52,0,52,0.1,0.1015625,0.1015625,1.6576760789811762,1.6576760789811761e-06,mle,0.0552067636967354,2.888666342354683,ok,True,True,extraction,
xrp,2684,2025-03-17,2172,2683,512,-4.1489496609975465,linear,52,0,52,52,0,52,0.1,0.1015625,0.1015625,1.6699894204695602,1.6699894204695602e-06,mle,0.0552067636967354,2.888666342354683,ok,True,True,extraction,
xrp,2685,2025-03-18,2173,2684,512,-4.1489496609975465,linear,52,0,52,52,0,52,0.1,0.1015625,0.1015625,1.6808700459563275,1.6808700459563275e-06,mle,0.0552067636967354,2.888666342354683,ok,True,True,extraction,
xrp,2686,2025-03-19,2174,2685,512,-4.1489496609975465,linear,52,0,52,52,0,52,0.1,0.1015625,0.1015625,1.6794072667493136,1.6794072667493136e-06,mle,0.0552067636967354,2.888666342354683,ok,True,True,extraction,
xrp,2687,2025-03-20,2175,2686,512,-4.1489496609975465,linear,52,0,52,52,0,52,0.1,0.1015625,0.1015625,1.6794072667493136,1.6794072667493136e-06,mle,0.0552067636967354,2.888666342354683,ok,True,True,extraction,
xrp,2688,2025-03-21,2176,2687,512,-4.233860525049755,linear,52,0,52,52,0,52,0.1,0.1015625,0.1015625,1.687014678236657,1.687014678236657e-06,mle,0.0869999532263348,2.720998947313957,ok,True,True,extraction,
xrp,2689,2025-03-22,2177,2688,512,-4.233860525049755,linear,52,0,52,52,0,52,0.1,0.1015625,0.1015625,1.6951834999239468,1.6951834999239468e-06,mle,0.0869999532263348,2.720998947313957,ok,True,True,extraction,
xrp,2690,2025-03-23,2178,2689,512,-4.233860525049755,linear,52,0,52,52,0,52,0.1,0.1015625,0.1015625,1.6951834999239468,1.6951834999239468e-06,mle,0.0869999532263348,2.720998947313957,ok,True,True,extraction,
xrp,2691,2025-03-24,2179,2690,512,-4.233860525049755,linear,52,0,52,52,0,52,0.1,0.1015625,0.1015625,1.7020868895774266,1.7020868895774265e-06,mle,0.0869999532263348,2.720998947313957,ok,True,True,extraction,
xrp,2692,2025-03-25,2180,2691,512,-4.233860525049755,linear,52,0,52,52,0,52,0.1,0.1015625,0.1015625,1.693720720716933,1.6937207207169329e-06,mle,0.0869999532263348,2.720998947313957,ok,True,True,extraction,
xrp,2693,2025-03-26,2181,2692,512,-4.233860525049755,linear,52,0,52,52,0,52,0.1,0.1015625,0.1015625,1.687014678236657,1.687014678236657e-06,mle,0.0869999532263348,2.720998947313957,ok,True,True,extraction,
xrp,2694,2025-03-27,2182,2693,512,-4.259327451764071,linear,52,0,52,52,0,52,0.1,0.1015625,0.1015625,1.687014678236657,1.687014678236657e-06,mle,0.09907346704389357,2.6634340356405355,ok,True,True,extraction,
xrp,2695,2025-03-28,2183,2694,512,-4.259327451764071,linear,52,0,52,52,0,52,0.1,0.1015625,0.1015625,1.692620718520855,1.692620718520855e-06,mle,0.09907346704389357,2.6634340356405355,ok,True,True,extraction,
xrp,2696,2025-03-29,2184,2695,512,-4.286547928861836,linear,52,0,52,52,0,52,0.1,0.1015625,0.1015625,1.7084165807796934,1.7084165807796932e-06,mle,0.08539812837977506,2.706586659940199,ok,True,True,extraction,
xrp,2697,2025-03-30,2185,2696,512,-4.286547928861836,linear,52,0,52,52,0,52,0.1,0.1015625,0.1015625,1.720777691284064,1.720777691284064e-06,mle,0.08539812837977506,2.706586659940199,ok,True,True,extraction,
xrp,2698,2025-03-31,2186,2697,512,-4.286547928861836,linear,52,0,52,52,0,52,0.1,0.1015625,0.1015625,1.7282940953812713,1.7282940953812712e-06,mle,0.08539812837977506,2.706586659940199,ok,True,True,extraction,
xrp,2699,2025-04-01,2187,2698,512,-4.286547928861836,linear,52,0,52,52,0,52,0.1,0.1015625,0.1015625,1.729504833052974,1.729504833052974e-06,mle,0.08539812837977506,2.706586659940199,ok,True,True,extraction,
xrp,2700,2025-04-02,2188,2699,512,-4.286547928861836,linear,52,0,52,52,0,52,0.1,0.1015625,0.1015625,1.729504833052974,1.729504833052974e-06,mle,0.08539812837977506,2.706586659940199,ok,True,True,extraction,
xrp,2701,2025-04-03,2189,2700,512,-4.303667788522977,linear,52,0,52,52,0,52,0.1,0.1015625,0.1015625,1.729504833052974,1.729504833052974e-06,mle,0.07372682437597997,2.7460840158863875,ok,True,True,extraction,
xrp,2702,2025-04-04,2190,2701,512,-4.303667788522977,linear,52,0,52,52,0,52,0.1,0.1015625,0.1015625,1.729504833052974,1.729504833052974e-06,mle,0.07372682437597997,2.7460840158863875,ok,True,True,extraction,
xrp,2703,2025-04-05,2191,2702,512,-4.303667788522977,linear,52,0,52,52,0,52,0.1,0.1015625,0.1015625,1.7282940953812713,1.7282940953812712e-06,mle,0.07372682437597997,2.7460840158863875,ok,True,True,extraction,
xrp,2704,2025-04-06,2192,2703,512,-4.303667788522977,linear,52,0,52,52,0,52,0.1,0.1015625,0.1015625,1.720777691284064,1.720777691284064e-06,mle,0.07372682437597997,2.7460840158863875,ok,True,True,extraction,
xrp,2705,2025-04-07,2193,2704,512,-4.310508672520224,linear,52,0,52,52,0,52,0.1,0.1015625,0.1015625,1.73621087553325,1.7362108755332498e-06,mle,0.033975146977258085,2.9832180292452417,ok,True,True,extraction,
xrp,2706,2025-04-08,2194,2705,512,-4.310508672520224,linear,52,0,52,52,0,52,0.1,0.1015625,0.1015625,1.73621087553325,1.7362108755332498e-06,mle,0.033975146977258085,2.9832180292452417,ok,True,True,extraction,
xrp,2707,2025-04-09,2195,2706,512,-4.321721746673808,linear,52,0,52,52,0,52,0.1,0.1015625,0.1015625,1.7509110875969398,1.7509110875969398e-06,mle,0.02177267213511757,3.0338679447803467,ok,True,True,extraction,
xrp,2708,2025-04-10,2196,2707,512,-4.310508672520224,linear,52,0,52,52,0,52,0.1,0.1015625,0.1015625,1.7445770443937436,1.7445770443937436e-06,mle,0.042851292010657176,2.9404279436646656,ok,True,True,extraction,
xrp,2709,2025-04-11,2197,2708,512,-4.310508672520224,linear,52,0,52,52,0,52,0.1,0.1015625,0.1015625,1.7509110875969398,1.7509110875969398e-06,mle,0.042851292010657176,2.9404279436646656,ok,True,True,extraction,
xrp,2710,2025-04-12,2198,2709,512,-4.303667788522977,linear,52,0,52,52,0,52,0.1,0.1015625,0.1015625,1.7445770443937436,1.7445770443937436e-06,mle,0.06311064210007615,2.855887089145255,ok,True,True,extraction,
xrp,2711,2025-04-13,2199,2710,512,-4.303667788522977,linear,52,0,52,52,0,52,0.1,0.1015625,0.1015625,1.7522339132601124,1.7522339132601122e-06,mle,0.06311064210007615,2.855887089145255,ok,True,True,extraction,
xrp,2712,2025-04-14,2200,2711,512,-4.303667788522977,linear,52,0,52,52,0,52,0.1,0.1015625,0.1015625,1.775743867521598,1.7757438675215978e-06,mle,0.06311064210007615,2.855887089145255,ok,True,True,extraction,
xrp,2713,2025-04-15,2201,2712,512,-4.303667788522977,linear,52,0,52,52,0,52,0.1,0.1015625,0.1015625,1.7522339132601124,1.7522339132601122e-06,mle,0.06311064210007615,2.855887089145255,ok,True,True,extraction,
xrp,2714,2025-04-16,2202,2713,512,-4.303667788522977,linear,52,0,52,52,0,52,0.1,0.1015625,0.1015625,1.7522339132601124,1.7522339132601122e-06,mle,0.06311064210007615,2.855887089145255,ok,True,True,extraction,
xrp,2715,2025-04-17,2203,2714,512,-4.286547928861836,linear,52,0,52,52,0,52,0.1,0.1015625,0.1015625,1.7445770443937436,1.7445770443937436e-06,mle,0.07402651169104328,2.818923375078149,ok,True,True,extraction,
xrp,2716,2025-04-18,2204,2715,512,-4.286547928861836,linear,52,0,52,52,0,52,0.1,0.1015625,0.1015625,1.73621087553325,1.7362108755332498e-06,mle,0.07402651169104328,2.818923375078149,ok,True,True,extraction,
xrp,2717,2025-04-19,2205,2716,512,-4.286547928861836,linear,52,0,52,52,0,52,0.1,0.1015625,0.1015625,1.7586806152878192,1.7586806152878191e-06,mle,0.07402651169104328,2.818923375078149,ok,True,True,extraction,
xrp,2718,2025-04-20,2206,2717,512,-4.286547928861836,linear,52,0,52,52,0,52,0.1,0.1015625,0.1015625,1.7586806152878192,1.7586806152878191e-06,mle,0.07402651169104328,2.818923375078149,ok,True,True,extraction,
xrp,2719,2025-04-21,2207,2718,512,-4.286547928861836,linear,52,0,52,52,0,52,0.1,0.1015625,0.1015625,1.7722102457956561,1.7722102457956561e-06,mle,0.07402651169104328,2.818923375078149,ok,True,True,extraction,
xrp,2720,2025-04-22,2208,2719,512,-4.286547928861836,linear,52,0,52,52,0,52,0.1,0.1015625,0.1015625,1.7586806152878192,1.7586806152878191e-06,mle,0.07402651169104328,2.818923375078149,ok,True,True,extraction,
xrp,2721,2025-04-23,2209,2720,512,-4.286547928861836,linear,52,0,52,52,0,52,0.1,0.1015625,0.1015625,1.73621087553325,1.7362108755332498e-06,mle,0.07402651169104328,2.818923375078149,ok,True,True,extraction,
xrp,2722,2025-04-24,2210,2721,512,-4.286547928861836,linear,52,0,52,52,0,52,0.1,0.1015625,0.1015625,1.7455192501208947,1.7455192501208947e-06,mle,0.07402651169104328,2.818923375078149,ok,True,True,extraction,
xrp,2723,2025-04-25,2211,2722,512,-4.286547928861836,linear,52,0,52,52,0,52,0.1,0.1015625,0.1015625,1.7455192501208947,1.7455192501208947e-06,mle,0.07402651169104328,2.818923375078149,ok,True,True,extraction,
xrp,2724,2025-04-26,2212,2723,512,-4.286547928861836,linear,52,0,52,52,0,52,0.1,0.1015625,0.1015625,1.7455192501208947,1.7455192501208947e-06,mle,0.07402651169104328,2.818923375078149,ok,True,True,extraction,
xrp,2725,2025-04-27,2213,2724,512,-4.286547928861836,linear,52,0,52,52,0,52,0.1,0.1015625,0.1015625,1.7455192501208947,1.7455192501208947e-06,mle,0.07402651169104328,2.818923375078149,ok,True,True,extraction,
xrp,2726,2025-04-28,2214,2725,512,-4.286547928861836,linear,52,0,52,52,0,52,0.1,0.1015625,0.1015625,1.7605914614616642,1.760591461461664e-06,mle,0.07402651169104328,2.818923375078149,ok,True,True,extraction,
xrp,2727,2025-04-29,2215,2726,512,-4.286547928861836,linear,52,0,52,52,0,52,0.1,0.1015625,0.1015625,1.7605914614616642,1.760591461461664e-06,mle,0.07402651169104328,2.818923375078149,ok,True,True,extraction,
xrp,2728,2025-04-30,2216,2727,512,-4.286547928861836,linear,52,0,52,52,0,52,0.1,0.1015625,0.1015625,1.780023246899986,1.7800232468999858e-06,mle,0.07402651169104328,2.818923375078149,ok,True,True,extraction,
xrp,2729,2025-05-01,2217,2728,512,-4.286547928861836,linear,52,0,52,52,0,52,0.1,0.1015625,0.1015625,1.7883894157604796,1.7883894157604795e-06,mle,0.07402651169104328,2.818923375078149,ok,True,True,extraction,
xrp,2730,2025-05-02,2218,2729,512,-4.286547928861836,linear,52,0,52,52,0,52,0.1,0.1015625,0.1015625,1.780023246899986,1.7800232468999858e-06,mle,0.07402651169104328,2.818923375078149,ok,True,True,extraction,
xrp,2731,2025-05-03,2219,2730,512,-4.286547928861836,linear,52,0,52,52,0,52,0.1,0.1015625,0.1015625,1.774913365802056,1.774913365802056e-06,mle,0.07402651169104328,2.818923375078149,ok,True,True,extraction,
xrp,2732,2025-05-04,2220,2731,512,-4.286547928861836,linear,52,0,52,52,0,52,0.1,0.1015625,0.1015625,1.773806407178002,1.773806407178002e-06,mle,0.07402651169104328,2.818923375078149,ok,True,True,extraction,
xrp,2733,2025-05-05,2221,2732,512,-4.286547928861836,linear,52,0,52,52,0,52,0.1,0.1015625,0.1015625,1.7724850551262246,1.7724850551262245e-06,mle,0.07402651169104328,2.818923375078149,ok,True,True,extraction,
xrp,2734,2025-05-06,2222,2733,512,-4.286547928861836,linear,52,0,52,52,0,52,0.1,0.1015625,0.1015625,1.7691069485250734,1.7691069485250733e-06,mle,0.07402651169104328,2.818923375078149,ok,True,True,extraction,
xrp,2735,2025-05-07,2223,2734,512,-4.259466795032069,linear,52,0,52,52,0,52,0.1,0.1015625,0.1015625,1.7642273846411476,1.7642273846411474e-06,mle,0.09518178609251504,2.742832259169519,ok,True,True,extraction,
xrp,2736,2025-05-08,2224,2735,512,-4.259466795032069,linear,52,0,52,52,0,52,0.1,0.1015625,0.1015625,1.7642273846411476,1.7642273846411474e-06,mle,0.09518178609251504,2.742832259169519,ok,True,True,extraction,
xrp,2737,2025-05-09,2225,2736,512,-4.259466795032069,linear,52,0,52,52,0,52,0.1,0.1015625,0.1015625,1.7724850551262246,1.7724850551262245e-06,mle,0.09518178609251504,2.742832259169519,ok,True,True,extraction,
xrp,2738,2025-05-10,2226,2737,512,-4.259466795032069,linear,52,0,52,52,0,52,0.1,0.1015625,0.1015625,1.7724850551262246,1.7724850551262245e-06,mle,0.09518178609251504,2.742832259169519,ok,True,True,extraction,
xrp,2739,2025-05-11,2227,2738,512,-4.259466795032069,linear,52,0,52,52,0,52,0.1,0.1015625,0.1015625,1.7722102457956561,1.7722102457956561e-06,mle,0.09518178609251504,2.742832259169519,ok,True,True,extraction,
xrp,2740,2025-05-12,2228,2739,512,-4.286547928861836,linear,52,0,52,52,0,52,0.1,0.1015625,0.1015625,1.773806407178002,1.773806407178002e-06,mle,0.10778928884019515,2.683674899293659,ok,True,True,extraction,
xrp,2741,2025-05-13,2229,2740,512,-4.286547928861836,linear,52,0,52,52,0,52,0.1,0.1015625,0.1015625,1.774913365802056,1.774913365802056e-06,mle,0.10778928884019515,2.683674899293659,ok,True,True,extraction,
xrp,2742,2025-05-14,2230,2741,512,-4.286547928861836,linear,52,0,52,52,0,52,0.1,0.1015625,0.1015625,1.774913365802056,1.774913365802056e-06,mle,0.10778928884019515,2.683674899293659,ok,True,True,extraction,
xrp,2743,2025-05-15,2231,2742,512,-4.286547928861836,linear,52,0,52,52,0,52,0.1,0.1015625,0.1015625,1.774913365802056,1.774913365802056e-06,mle,0.10778928884019515,2.683674899293659,ok,True,True,extraction,
xrp,2744,2025-05-16,2232,2743,512,-4.303667788522977,linear,52,0,52,52,0,52,0.1,0.1015625,0.1015625,1.7746385564714875,1.7746385564714874e-06,mle,0.07553257222284421,2.8094179494833944,ok,True,True,extraction,
xrp,2745,2025-05-17,2233,2744,512,-4.303667788522977,linear,52,0,52,52,0,52,0.1,0.1015625,0.1015625,1.7747105783745285,1.7747105783745285e-06,mle,0.07553257222284421,2.8094179494833944,ok,True,True,extraction,
xrp,2746,2025-05-18,2234,2745,512,-4.303667788522977,linear,52,0,52,52,0,52,0.1,0.1015625,0.1015625,1.7747105783745285,1.7747105783745285e-06,mle,0.07553257222284421,2.8094179494833944,ok,True,True,extraction,
xrp,2747,2025-05-19,2235,2746,512,-4.303667788522977,linear,52,0,52,52,0,52,0.1,0.1015625,0.1015625,1.7780166630726386,1.7780166630726385e-06,mle,0.07553257222284421,2.8094179494833944,ok,True,True,extraction,
xrp,2748,2025-05-20,2236,2747,512,-4.303667788522977,linear,52,0,52,52,0,52,0.1,0.1015625,0.1015625,1.7851229575690493,1.7851229575690492e-06,mle,0.07553257222284421,2.8094179494833944,ok,True,True,extraction,
xrp,2749,2025-05-21,2237,2748,512,-4.303667788522977,linear,52,0,52,52,0,52,0.1,0.1015625,0.1015625,1.7803582663032609,1.7803582663032608e-06,mle,0.07553257222284421,2.8094179494833944,ok,True,True,extraction,
xrp,2750,2025-05-22,2238,2749,512,-4.303667788522977,linear,52,0,52,52,0,52,0.1,0.1015625,0.1015625,1.7747105783745285,1.7747105783745285e-06,mle,0.07553257222284421,2.8094179494833944,ok,True,True,extraction,
xrp,2751,2025-05-23,2239,2750,512,-4.303667788522977,linear,52,0,52,52,0,52,0.1,0.1015625,0.1015625,1.7709005744960264,1.7709005744960263e-06,mle,0.07553257222284421,2.8094179494833944,ok,True,True,extraction,
xrp,2752,2025-05-24,2240,2751,512,-4.310508672520224,linear,52,0,52,52,0,52,0.1,0.1015625,0.1015625,1.7747105783745285,1.7747105783745285e-06,mle,0.056070883330546495,2.8868770289578296,ok,True,True,extraction,
xrp,2753,2025-05-25,2241,2752,512,-4.310508672520224,linear,52,0,52,52,0,52,0.1,0.1015625,0.1015625,1.773806407178002,1.773806407178002e-06,mle,0.056070883330546495,2.8868770289578296,ok,True,True,extraction,
xrp,2754,2025-05-26,2242,2753,512,-4.310508672520224,linear,52,0,52,52,0,52,0.1,0.1015625,0.1015625,1.77331720441971,1.77331720441971e-06,mle,0.056070883330546495,2.8868770289578296,ok,True,True,extraction,
xrp,2755,2025-05-27,2243,2754,512,-4.310508672520224,linear,52,0,52,52,0,52,0.1,0.1015625,0.1015625,1.77331720441971,1.77331720441971e-06,mle,0.056070883330546495,2.8868770289578296,ok,True,True,extraction,
xrp,2756,2025-05-28,2244,2755,512,-4.310508672520224,linear,52,0,52,52,0,52,0.1,0.1015625,0.1015625,1.7722102457956561,1.7722102457956561e-06,mle,0.056070883330546495,2.8868770289578296,ok,True,True,extraction,
xrp,2757,2025-05-29,2245,2756,512,-4.310508672520224,linear,52,0,52,52,0,52,0.1,0.1015625,0.1015625,1.77331720441971,1.77331720441971e-06,mle,0.056070883330546495,2.8868770289578296,ok,True,True,extraction,
xrp,2758,2025-05-30,2246,2757,512,-4.303667788522977,linear,52,0,52,52,0,52,0.1,0.1015625,0.1015625,1.7722102457956561,1.7722102457956561e-06,mle,0.09090086008629884,2.740346355749243,ok,True,True,extraction,
xrp,2759,2025-05-31,2247,2758,512,-4.310508672520224,linear,52,0,52,52,0,52,0.1,0.1015625,0.1015625,1.773806407178002,1.773806407178002e-06,mle,0.08424743771261703,2.7624919551784046,ok,True,True,extraction,
xrp,2760,2025-06-01,2248,2759,512,-4.310508672520224,linear,52,0,52,52,0,52,0.1,0.1015625,0.1015625,1.7722102457956561,1.7722102457956561e-06,mle,0.08424743771261703,2.7624919551784046,ok,True,True,extraction,
xrp,2761,2025-06-02,2249,2760,512,-4.310508672520224,linear,52,0,52,52,0,52,0.1,0.1015625,0.1015625,1.7601702185032506,1.7601702185032505e-06,mle,0.08424743771261703,2.7624919551784046,ok,True,True,extraction,
xrp,2762,2025-06-03,2250,2761,512,-4.310508672520224,linear,52,0,52,52,0,52,0.1,0.1015625,0.1015625,1.7384129556244843,1.7384129556244842e-06,mle,0.08424743771261703,2.7624919551784046,ok,True,True,extraction,
xrp,2763,2025-06-04,2251,2762,512,-4.310508672520224,linear,52,0,52,52,0,52,0.1,0.1015625,0.1015625,1.7384129556244843,1.7384129556244842e-06,mle,0.08424743771261703,2.7624919551784046,ok,True,True,extraction,
xrp,2764,2025-06-05,2252,2763,512,-4.310508672520224,linear,52,0,52,52,0,52,0.1,0.1015625,0.1015625,1.7384129556244843,1.7384129556244842e-06,mle,0.08424743771261703,2.7624919551784046,ok,True,True,extraction,
xrp,2765,2025-06-06,2253,2764,512,-4.321721746673808,linear,52,0,52,52,0,52,0.1,0.1015625,0.1015625,1.7586087631296063,1.7586087631296063e-06,mle,0.07924831501594035,2.7766422534386725,ok,True,True,extraction,
xrp,2766,2025-06-07,2254,2765,512,-4.321721746673808,linear,52,0,52,52,0,52,0.1,0.1015625,0.1015625,1.7601702185032506,1.7601702185032505e-06,mle,0.07924831501594035,2.7766422534386725,ok,True,True,extraction,
xrp,2767,2025-06-08,2255,2766,512,-4.310508672520224,linear,52,0,52,52,0,52,0.1,0.1015625,0.1015625,1.7384129556244843,1.7384129556244842e-06,mle,0.09362333410295429,2.7254068394800663,ok,True,True,extraction,
xrp,2768,2025-06-09,2256,2767,512,-4.310508672520224,linear,52,0,52,52,0,52,0.1,0.1015625,0.1015625,1.7455192501208947,1.7455192501208947e-06,mle,0.09362333410295429,2.7254068394800663,ok,True,True,extraction,
xrp,2769,2025-06-10,2257,2768,512,-4.310508672520224,linear,52,0,52,52,0,52,0.1,0.1015625,0.1015625,1.7605914614616642,1.760591461461664e-06,mle,0.09362333410295429,2.7254068394800663,ok,True,True,extraction,
xrp,2770,2025-06-11,2258,2769,512,-4.310508672520224,linear,52,0,52,52,0,52,0.1,0.1015625,0.1015625,1.7605914614616642,1.760591461461664e-06,mle,0.09362333410295429,2.7254068394800663,ok,True,True,extraction,
xrp,2771,2025-06-12,2259,2770,512,-4.310508672520224,linear,52,0,52,52,0,52,0.1,0.1015625,0.1015625,1.7605914614616642,1.760591461461664e-06,mle,0.09362333410295429,2.7254068394800663,ok,True,True,extraction,
xrp,2772,2025-06-13,2260,2771,512,-4.310508672520224,linear,52,0,52,52,0,52,0.1,0.1015625,0.1015625,1.7694590679997357,1.7694590679997356e-06,mle,0.09362333410295429,2.7254068394800663,ok,True,True,extraction,
xrp,2773,2025-06-14,2261,2772,512,-4.310508672520224,linear,52,0,52,52,0,52,0.1,0.1015625,0.1015625,1.7694590679997357,1.7694590679997356e-06,mle,0.09362333410295429,2.7254068394800663,ok,True,True,extraction,
xrp,2774,2025-06-15,2262,2773,512,-4.310508672520224,linear,52,0,52,52,0,52,0.1,0.1015625,0.1015625,1.7694590679997357,1.7694590679997356e-06,mle,0.09362333410295429,2.7254068394800663,ok,True,True,extraction,
xrp,2775,2025-06-16,2263,2774,512,-4.310508672520224,linear,52,0,52,52,0,52,0.1,0.1015625,0.1015625,1.7694590679997357,1.7694590679997356e-06,mle,0.09362333410295429,2.7254068394800663,ok,True,True,extraction,
xrp,2776,2025-06-17,2264,2775,512,-4.310508672520224,linear,52,0,52,52,0,52,0.1,0.1015625,0.1015625,1.775743867521598,1.7757438675215978e-06,mle,0.09362333410295429,2.7254068394800663,ok,True,True,extraction,
xrp,2777,2025-06-18,2265,2776,512,-4.310508672520224,linear,52,0,52,52,0,52,0.1,0.1015625,0.1015625,1.775743867521598,1.7757438675215978e-06,mle,0.09362333410295429,2.7254068394800663,ok,True,True,extraction,
xrp,2778,2025-06-19,2266,2777,512,-4.310508672520224,linear,52,0,52,52,0,52,0.1,0.1015625,0.1015625,1.7450784820713214,1.7450784820713213e-06,mle,0.09362333410295429,2.7254068394800663,ok,True,True,extraction,
xrp,2779,2025-06-20,2267,2778,512,-4.310508672520224,linear,52,0,52,52,0,52,0.1,0.1015625,0.1015625,1.7450784820713214,1.7450784820713213e-06,mle,0.09362333410295429,2.7254068394800663,ok,True,True,extraction,
xrp,2780,2025-06-21,2268,2779,512,-4.310508672520224,linear,52,0,52,52,0,52,0.1,0.1015625,0.1015625,1.7799573653923126,1.7799573653923126e-06,mle,0.09362333410295429,2.7254068394800663,ok,True,True,extraction,
xrp,2781,2025-06-22,2269,2780,512,-4.310508672520224,linear,52,0,52,52,0,52,0.1,0.1015625,0.1015625,1.775743867521598,1.7757438675215978e-06,mle,0.09362333410295429,2.7254068394800663,ok,True,True,extraction,
xrp,2782,2025-06-23,2270,2781,512,-4.310508672520224,linear,52,0,52,52,0,52,0.1,0.1015625,0.1015625,1.8092534384954386,1.8092534384954385e-06,mle,0.09362333410295429,2.7254068394800663,ok,True,True,extraction,
xrp,2783,2025-06-24,2271,2782,512,-4.310508672520224,linear,52,0,52,52,0,52,0.1,0.1015625,0.1015625,1.8259235004304526,1.8259235004304525e-06,mle,0.09362333410295429,2.7254068394800663,ok,True,True,extraction,
xrp,2784,2025-06-25,2272,2783,512,-4.310508672520224,linear,52,0,52,52,0,52,0.1,0.1015625,0.1015625,1.812776514513993,1.812776514513993e-06,mle,0.09362333410295429,2.7254068394800663,ok,True,True,extraction,
xrp,2785,2025-06-26,2273,2784,512,-4.303667788522977,linear,52,0,52,52,0,52,0.1,0.1015625,0.1015625,1.7799573653923126,1.7799573653923126e-06,mle,0.09754844662191611,2.7140176267898988,ok,True,True,extraction,
xrp,2786,2025-06-27,2274,2785,512,-4.303667788522977,linear,52,0,52,52,0,52,0.1,0.1015625,0.1015625,1.812776514513993,1.812776514513993e-06,mle,0.09754844662191611,2.7140176267898988,ok,True,True,extraction,
xrp,2787,2025-06-28,2275,2786,512,-4.303667788522977,linear,52,0,52,52,0,52,0.1,0.1015625,0.1015625,1.812776514513993,1.812776514513993e-06,mle,0.09754844662191611,2.7140176267898988,ok,True,True,extraction,
xrp,2788,2025-06-29,2276,2787,512,-4.303667788522977,linear,52,0,52,52,0,52,0.1,0.1015625,0.1015625,1.8259235004304526,1.8259235004304525e-06,mle,0.09754844662191611,2.7140176267898988,ok,True,True,extraction,
xrp,2789,2025-06-30,2277,2788,512,-4.303667788522977,linear,52,0,52,52,0,52,0.1,0.1015625,0.1015625,1.8259235004304526,1.8259235004304525e-06,mle,0.09754844662191611,2.7140176267898988,ok,True,True,extraction,
xrp,2790,2025-07-01,2278,2789,512,-4.303667788522977,linear,52,0,52,52,0,52,0.1,0.1015625,0.1015625,1.8127765145139931,1.8127765145139931e-06,mle,0.09754844662191611,2.7140176267898988,ok,True,True,extraction,
xrp,2791,2025-07-02,2279,2790,512,-4.303667788522977,linear,52,0,52,52,0,52,0.1,0.1015625,0.1015625,1.8259235004304526,1.8259235004304525e-06,mle,0.09754844662191611,2.7140176267898988,ok,True,True,extraction,
xrp,2792,2025-07-03,2280,2791,512,-4.303667788522977,linear,52,0,52,52,0,52,0.1,0.1015625,0.1015625,1.838261213663487,1.8382612136634869e-06,mle,0.09754844662191611,2.7140176267898988,ok,True,True,extraction,
xrp,2793,2025-07-04,2281,2792,512,-4.303667788522977,linear,52,0,52,52,0,52,0.1,0.1015625,0.1015625,1.838261213663487,1.8382612136634869e-06,mle,0.09754844662191611,2.7140176267898988,ok,True,True,extraction,
xrp,2794,2025-07-05,2282,2793,512,-4.303667788522977,linear,52,0,52,52,0,52,0.1,0.1015625,0.1015625,1.8378061774499348,1.8378061774499347e-06,mle,0.09754844662191611,2.7140176267898988,ok,True,True,extraction,
xrp,2795,2025-07-06,2283,2794,512,-4.303667788522977,linear,52,0,52,52,0,52,0.1,0.1015625,0.1015625,1.8232898791863248,1.8232898791863248e-06,mle,0.09754844662191611,2.7140176267898988,ok,True,True,extraction,
xrp,2796,2025-07-07,2284,2795,512,-4.303667788522977,linear,52,0,52,52,0,52,0.1,0.1015625,0.1015625,1.8378061774499348,1.8378061774499347e-06,mle,0.09754844662191611,2.7140176267898988,ok,True,True,extraction,
xrp,2797,2025-07-08,2285,2796,512,-4.303667788522977,linear,52,0,52,52,0,52,0.1,0.1015625,0.1015625,1.8268129552048793,1.8268129552048792e-06,mle,0.09754844662191611,2.7140176267898988,ok,True,True,extraction,
xrp,2798,2025-07-09,2286,2797,512,-4.303667788522977,linear,52,0,52,52,0,52,0.1,0.1015625,0.1015625,1.8268129552048793,1.8268129552048792e-06,mle,0.09754844662191611,2.7140176267898988,ok,True,True,extraction,
xrp,2799,2025-07-10,2287,2798,512,-4.303667788522977,linear,52,0,52,52,0,52,0.1,0.1015625,0.1015625,1.8391506684379137,1.8391506684379136e-06,mle,0.09754844662191611,2.7140176267898988,ok,True,True,extraction,
xrp,2800,2025-07-11,2288,2799,512,-4.303667788522977,linear,52,0,52,52,0,52,0.1,0.1015625,0.1015625,1.8391506684379137,1.8391506684379136e-06,mle,0.09754844662191611,2.7140176267898988,ok,True,True,extraction,
xrp,2801,2025-07-12,2289,2800,512,-4.303667788522977,linear,52,0,52,52,0,52,0.1,0.1015625,0.1015625,1.8391506684379137,1.8391506684379136e-06,mle,0.09754844662191611,2.7140176267898988,ok,True,True,extraction,
xrp,2802,2025-07-13,2290,2801,512,-4.303667788522977,linear,52,0,52,52,0,52,0.1,0.1015625,0.1015625,1.8406429614359574,1.8406429614359574e-06,mle,0.09754844662191611,2.7140176267898988,ok,True,True,extraction,
xrp,2803,2025-07-14,2291,2802,512,-4.303667788522977,linear,52,0,52,52,0,52,0.1,0.1015625,0.1015625,1.8391506684379137,1.8391506684379136e-06,mle,0.09754844662191611,2.7140176267898988,ok,True,True,extraction,
xrp,2804,2025-07-15,2292,2803,512,-4.303667788522977,linear,52,0,52,52,0,52,0.1,0.1015625,0.1015625,1.8542952202002796,1.8542952202002795e-06,mle,0.09754844662191611,2.7140176267898988,ok,True,True,extraction,
xrp,2805,2025-07-16,2293,2804,512,-4.303667788522977,linear,52,0,52,52,0,52,0.1,0.1015625,0.1015625,1.8542952202002794,1.8542952202002792e-06,mle,0.09754844662191611,2.7140176267898988,ok,True,True,extraction,
xrp,2806,2025-07-17,2294,2805,512,-4.303667788522977,linear,52,0,52,52,0,52,0.1,0.1015625,0.1015625,1.8696143648169024,1.8696143648169024e-06,mle,0.09754844662191611,2.7140176267898988,ok,True,True,extraction,
xrp,2807,2025-07-18,2295,2806,512,-4.303667788522977,linear,52,0,52,52,0,52,0.1,0.1015625,0.1015625,1.8696143648169024,1.8696143648169024e-06,mle,0.09754844662191611,2.7140176267898988,ok,True,True,extraction,
xrp,2808,2025-07-19,2296,2807,512,-4.303667788522977,linear,52,0,52,52,0,52,0.1,0.1015625,0.1015625,1.8771803966148646,1.8771803966148644e-06,mle,0.09754844662191611,2.7140176267898988,ok,True,True,extraction,
xrp,2809,2025-07-20,2297,2808,512,-4.303667788522977,linear,52,0,52,52,0,52,0.1,0.1015625,0.1015625,1.8734090958497704,1.8734090958497703e-06,mle,0.09754844662191611,2.7140176267898988,ok,True,True,extraction,
xrp,2810,2025-07-21,2298,2809,512,-4.303667788522977,linear,52,0,52,52,0,52,0.1,0.1015625,0.1015625,1.8734090958497704,1.8734090958497703e-06,mle,0.09754844662191611,2.7140176267898988,ok,True,True,extraction,
xrp,2811,2025-07-22,2299,2810,512,-4.303667788522977,linear,52,0,52,52,0,52,0.1,0.1015625,0.1015625,1.8714406209046985,1.8714406209046985e-06,mle,0.09754844662191611,2.7140176267898988,ok,True,True,extraction,
xrp,2812,2025-07-23,2300,2811,512,-4.303667788522977,linear,52,0,52,52,0,52,0.1,0.1015625,0.1015625,1.879557852336012,1.8795578523360118e-06,mle,0.09754844662191611,2.7140176267898988,ok,True,True,extraction,
xrp,2813,2025-07-24,2301,2812,512,-4.310508672520224,linear,52,0,52,52,0,52,0.1,0.1015625,0.1015625,1.8797463653372892,1.879746365337289e-06,mle,0.04966524613261975,2.9688842831526907,ok,True,True,extraction,
xrp,2814,2025-07-25,2302,2813,512,-4.310508672520224,linear,52,0,52,52,0,52,0.1,0.1015625,0.1015625,1.8771803966148646,1.8771803966148644e-06,mle,0.04966524613261975,2.9688842831526907,ok,True,True,extraction,
xrp,2815,2025-07-26,2303,2814,512,-4.310508672520224,linear,52,0,52,52,0,52,0.1,0.1015625,0.1015625,1.8778100256826742,1.8778100256826741e-06,mle,0.04966524613261975,2.9688842831526907,ok,True,True,extraction,
xrp,2816,2025-07-27,2304,2815,512,-4.310508672520224,linear,52,0,52,52,0,52,0.1,0.1015625,0.1015625,1.8696143648169024,1.8696143648169024e-06,mle,0.04966524613261975,2.9688842831526907,ok,True,True,extraction,
xrp,2817,2025-07-28,2305,2816,512,-4.310508672520224,linear,52,0,52,52,0,52,0.1,0.1015625,0.1015625,1.8696143648169024,1.8696143648169024e-06,mle,0.04966524613261975,2.9688842831526907,ok,True,True,extraction,
xrp,2818,2025-07-29,2306,2817,512,-4.310508672520224,linear,52,0,52,52,0,52,0.1,0.1015625,0.1015625,1.8696143648169024,1.8696143648169024e-06,mle,0.04966524613261975,2.9688842831526907,ok,True,True,extraction,
xrp,2819,2025-07-30,2307,2818,512,-4.310508672520224,linear,52,0,52,52,0,52,0.1,0.1015625,0.1015625,1.8538401839867271,1.853840183986727e-06,mle,0.04966524613261975,2.9688842831526907,ok,True,True,extraction,
xrp,2820,2025-07-31,2308,2819,512,-4.303667788522977,linear,52,0,52,52,0,52,0.1,0.1015625,0.1015625,1.8378061774499348,1.8378061774499347e-06,mle,0.09862200791462128,2.7405880173017962,ok,True,True,extraction,
xrp,2821,2025-08-01,2309,2820,512,-4.303667788522977,linear,52,0,52,52,0,52,0.1,0.1015625,0.1015625,1.826812955204879,1.826812955204879e-06,mle,0.09862200791462128,2.7405880173017962,ok,True,True,extraction,
xrp,2822,2025-08-02,2310,2821,512,-4.303667788522977,linear,52,0,52,52,0,52,0.1,0.1015625,0.1015625,1.8268129552048793,1.8268129552048792e-06,mle,0.09862200791462128,2.7405880173017962,ok,True,True,extraction,
xrp,2823,2025-08-03,2311,2822,512,-4.310508672520224,linear,52,0,52,52,0,52,0.1,0.1015625,0.1015625,1.841957506967245,1.8419575069672448e-06,mle,0.06301612935066278,2.8863061480943077,ok,True,True,extraction,
xrp,2824,2025-08-04,2312,2823,512,-4.310508672520224,linear,52,0,52,52,0,52,0.1,0.1015625,0.1015625,1.8688815336333446,1.8688815336333446e-06,mle,0.06301612935066278,2.8863061480943077,ok,True,True,extraction,
xrp,2825,2025-08-05,2313,2824,512,-4.310508672520224,linear,52,0,52,52,0,52,0.1,0.1015625,0.1015625,1.8696143648169024,1.8696143648169024e-06,mle,0.06301612935066278,2.8863061480943077,ok,True,True,extraction,
xrp,2826,2025-08-06,2314,2825,512,-4.310508672520224,linear,52,0,52,52,0,52,0.1,0.1015625,0.1015625,1.8688815336333446,1.8688815336333446e-06,mle,0.06301612935066278,2.8863061480943077,ok,True,True,extraction,
xrp,2827,2025-08-07,2315,2826,512,-4.310508672520224,linear,52,0,52,52,0,52,0.1,0.1015625,0.1015625,1.8538401839867271,1.853840183986727e-06,mle,0.06301612935066278,2.8863061480943077,ok,True,True,extraction,
xrp,2828,2025-08-08,2316,2827,512,-4.310508672520224,linear,52,0,52,52,0,52,0.1,0.1015625,0.1015625,1.8696143648169024,1.8696143648169024e-06,mle,0.06301612935066278,2.8863061480943077,ok,True,True,extraction,
xrp,2829,2025-08-09,2317,2828,512,-4.310508672520224,linear,52,0,52,52,0,52,0.1,0.1015625,0.1015625,1.8538401839867271,1.853840183986727e-06,mle,0.06301612935066278,2.8863061480943077,ok,True,True,extraction,
xrp,2830,2025-08-10,2318,2829,512,-4.303667788522977,linear,52,0,52,52,0,52,0.1,0.1015625,0.1015625,1.8538401839867271,1.853840183986727e-06,mle,0.08121039566196694,2.815800154047042,ok,True,True,extraction,
xrp,2831,2025-08-11,2319,2830,512,-4.286547928861836,linear,52,0,52,52,0,52,0.1,0.1015625,0.1015625,1.8378061774499348,1.8378061774499347e-06,mle,0.08564706422466295,2.806581466555312,ok,True,True,extraction,
xrp,2832,2025-08-12,2320,2831,512,-4.286547928861836,linear,52,0,52,52,0,52,0.1,0.1015625,0.1015625,1.8244312074324092,1.8244312074324091e-06,mle,0.08564706422466295,2.806581466555312,ok,True,True,extraction,
xrp,2833,2025-08-13,2321,2832,512,-4.286547928861836,linear,52,0,52,52,0,52,0.1,0.1015625,0.1015625,1.8244312074324092,1.8244312074324091e-06,mle,0.08564706422466295,2.806581466555312,ok,True,True,extraction,
xrp,2834,2025-08-14,2322,2833,512,-4.259466795032069,linear,52,0,52,52,0,52,0.1,0.1015625,0.1015625,1.812776514513993,1.812776514513993e-06,mle,0.12729901956272782,2.606360838943374,ok,True,True,extraction,
xrp,2835,2025-08-15,2323,2834,512,-4.286547928861836,linear,52,0,52,52,0,52,0.1,0.1015625,0.1015625,1.8103947667415228,1.8103947667415226e-06,mle,0.1070269805479459,2.672679188958872,ok,True,True,extraction,
xrp,2836,2025-08-16,2324,2835,512,-4.286547928861836,linear,52,0,52,52,0,52,0.1,0.1015625,0.1015625,1.7886562868778624,1.7886562868778624e-06,mle,0.1070269805479459,2.672679188958872,ok,True,True,extraction,
xrp,2837,2025-08-17,2325,2836,512,-4.259466795032069,linear,52,0,52,52,0,52,0.1,0.1015625,0.1015625,1.7746971544492958,1.7746971544492957e-06,mle,0.10290606592036175,2.7004665508435686,ok,True,True,extraction,
xrp,2838,2025-08-18,2326,2837,512,-4.259466795032069,linear,52,0,52,52,0,52,0.1,0.1015625,0.1015625,1.7746971544492958,1.7746971544492957e-06,mle,0.10290606592036175,2.7004665508435686,ok,True,True,extraction,
xrp,2839,2025-08-19,2327,2838,512,-4.259466795032069,linear,52,0,52,52,0,52,0.1,0.1015625,0.1015625,1.7694590679997357,1.7694590679997356e-06,mle,0.10290606592036175,2.7004665508435686,ok,True,True,extraction,
xrp,2840,2025-08-20,2328,2839,512,-4.286547928861836,linear,52,0,52,52,0,52,0.1,0.1015625,0.1015625,1.7763031412884922,1.7763031412884921e-06,mle,0.07593736945914277,2.803687255639823,ok,True,True,extraction,
xrp,2841,2025-08-21,2329,2840,512,-4.286547928861836,linear,52,0,52,52,0,52,0.1,0.1015625,0.1015625,1.7804805162935802,1.7804805162935801e-06,mle,0.07593736945914277,2.803687255639823,ok,True,True,extraction,
xrp,2842,2025-08-22,2330,2841,512,-4.286547928861836,linear,52,0,52,52,0,52,0.1,0.1015625,0.1015625,1.7804805162935802,1.7804805162935801e-06,mle,0.07593736945914277,2.803687255639823,ok,True,True,extraction,
xrp,2843,2025-08-23,2331,2842,512,-4.286547928861836,linear,52,0,52,52,0,52,0.1,0.1015625,0.1015625,1.7804805162935802,1.7804805162935801e-06,mle,0.07593736945914277,2.803687255639823,ok,True,True,extraction,
xrp,2844,2025-08-24,2332,2843,512,-4.286547928861836,linear,52,0,52,52,0,52,0.1,0.1015625,0.1015625,1.7851707478265637,1.7851707478265637e-06,mle,0.07593736945914277,2.803687255639823,ok,True,True,extraction,
xrp,2845,2025-08-25,2333,2844,512,-4.286547928861836,linear,52,0,52,52,0,52,0.1,0.1015625,0.1015625,1.7851707478265637,1.7851707478265637e-06,mle,0.07593736945914277,2.803687255639823,ok,True,True,extraction,
xrp,2846,2025-08-26,2334,2845,512,-4.303667788522977,linear,52,0,52,52,0,52,0.1,0.1015625,0.1015625,1.7894645064554167,1.7894645064554166e-06,mle,0.06290308974998703,2.849784192549747,ok,True,True,extraction,
xrp,2847,2025-08-27,2335,2846,512,-4.303667788522977,linear,52,0,52,52,0,52,0.1,0.1015625,0.1015625,1.7888908534380574,1.7888908534380574e-06,mle,0.06290308974998703,2.849784192549747,ok,True,True,extraction,
xrp,2848,2025-08-28,2336,2847,512,-4.286547928861836,linear,52,0,52,52,0,52,0.1,0.1015625,0.1015625,1.7851707478265637,1.7851707478265637e-06,mle,0.05594901565981211,2.88640272052289,ok,True,True,extraction,
xrp,2849,2025-08-29,2337,2848,512,-4.286547928861836,linear,52,0,52,52,0,52,0.1,0.1015625,0.1015625,1.7763031412884922,1.7763031412884921e-06,mle,0.05594901565981211,2.88640272052289,ok,True,True,extraction,
xrp,2850,2025-08-30,2338,2849,512,-4.303667788522977,linear,52,0,52,52,0,52,0.1,0.1015625,0.1015625,1.7798376109794756,1.7798376109794756e-06,mle,0.051810882755858115,2.8958816169792643,ok,True,True,extraction,
xrp,2851,2025-08-31,2339,2850,512,-4.303667788522977,linear,52,0,52,52,0,52,0.1,0.1015625,0.1015625,1.7798376109794756,1.7798376109794756e-06,mle,0.051810882755858115,2.8958816169792643,ok,True,True,extraction,
xrp,2852,2025-09-01,2340,2851,512,-4.303667788522977,linear,52,0,52,52,0,52,0.1,0.1015625,0.1015625,1.7742066591941366,1.7742066591941366e-06,mle,0.051810882755858115,2.8958816169792643,ok,True,True,extraction,
xrp,2853,2025-09-02,2341,2852,512,-4.303667788522977,linear,52,0,52,52,0,52,0.1,0.1015625,0.1015625,1.7780166630726386,1.7780166630726385e-06,mle,0.051810882755858115,2.8958816169792643,ok,True,True,extraction,
xrp,2854,2025-09-03,2342,2853,512,-4.303667788522977,linear,52,0,52,52,0,52,0.1,0.1015625,0.1015625,1.7780166630726386,1.7780166630726385e-06,mle,0.051810882755858115,2.8958816169792643,ok,True,True,extraction,
xrp,2855,2025-09-04,2343,2854,512,-4.303667788522977,linear,52,0,52,52,0,52,0.1,0.1015625,0.1015625,1.7780166630726386,1.7780166630726385e-06,mle,0.051810882755858115,2.8958816169792643,ok,True,True,extraction,
xrp,2856,2025-09-05,2344,2855,512,-4.303667788522977,linear,52,0,52,52,0,52,0.1,0.1015625,0.1015625,1.7852918576184913,1.7852918576184913e-06,mle,0.051810882755858115,2.8958816169792643,ok,True,True,extraction,
xrp,2857,2025-09-06,2345,2856,512,-4.303667788522977,linear,52,0,52,52,0,52,0.1,0.1015625,0.1015625,1.7851229575690493,1.7851229575690492e-06,mle,0.051810882755858115,2.8958816169792643,ok,True,True,extraction,
xrp,2858,2025-09-07,2346,2857,512,-4.286547928861836,linear,52,0,52,52,0,52,0.1,0.1015625,0.1015625,1.7780166630726386,1.7780166630726385e-06,mle,0.08960998366219255,2.689397331552022,ok,True,True,extraction,
xrp,2859,2025-09-08,2347,2858,512,-4.259466795032069,linear,52,0,52,52,0,52,0.1,0.1015625,0.1015625,1.7742066591941366,1.7742066591941366e-06,mle,0.10725545083700071,2.5087125656305282,ok,True,True,extraction,
xrp,2860,2025-09-09,2348,2859,512,-4.259466795032069,linear,52,0,52,52,0,52,0.1,0.1015625,0.1015625,1.7742066591941366,1.7742066591941366e-06,mle,0.10725545083700071,2.5087125656305282,ok,True,True,extraction,
xrp,2861,2025-09-10,2349,2860,512,-4.259466795032069,linear,52,0,52,52,0,52,0.1,0.1015625,0.1015625,1.7742066591941366,1.7742066591941366e-06,mle,0.10725545083700071,2.5087125656305282,ok,True,True,extraction,
xrp,2862,2025-09-11,2350,2861,512,-4.259466795032069,linear,52,0,52,52,0,52,0.1,0.1015625,0.1015625,1.7798376109794756,1.7798376109794756e-06,mle,0.10725545083700071,2.5087125656305282,ok,True,True,extraction,
xrp,2863,2025-09-12,2351,2862,512,-4.259466795032069,linear,52,0,52,52,0,52,0.1,0.1015625,0.1015625,1.7851707478265637,1.7851707478265637e-06,mle,0.10725545083700071,2.5087125656305282,ok,True,True,extraction,
xrp,2864,2025-09-13,2352,2863,512,-4.259466795032069,linear,52,0,52,52,0,52,0.1,0.1015625,0.1015625,1.7888908534380574,1.7888908534380574e-06,mle,0.10725545083700071,2.5087125656305282,ok,True,True,extraction,
xrp,2865,2025-09-14,2353,2864,512,-4.259466795032069,linear,52,0,52,52,0,52,0.1,0.1015625,0.1015625,1.7888908534380574,1.7888908534380574e-06,mle,0.10725545083700071,2.5087125656305282,ok,True,True,extraction,
xrp,2866,2025-09-15,2354,2865,512,-4.259466795032069,linear,52,0,52,52,0,52,0.1,0.1015625,0.1015625,1.7894645064554167,1.7894645064554166e-06,mle,0.10725545083700071,2.5087125656305282,ok,True,True,extraction,
xrp,2867,2025-09-16,2355,2866,512,-4.259466795032069,linear,52,0,52,52,0,52,0.1,0.1015625,0.1015625,1.7894645064554167,1.7894645064554166e-06,mle,0.10725545083700071,2.5087125656305282,ok,True,True,extraction,
xrp,2868,2025-09-17,2356,2867,512,-4.259466795032069,linear,52,0,52,52,0,52,0.1,0.1015625,0.1015625,1.7809127016744126,1.7809127016744125e-06,mle,0.10725545083700071,2.5087125656305282,ok,True,True,extraction,
xrp,2869,2025-09-18,2357,2868,512,-4.259466795032069,linear,52,0,52,52,0,52,0.1,0.1015625,0.1015625,1.7763031412884922,1.7763031412884921e-06,mle,0.10725545083700071,2.5087125656305282,ok,True,True,extraction,
xrp,2870,2025-09-19,2358,2869,512,-4.259466795032069,linear,52,0,52,52,0,52,0.1,0.1015625,0.1015625,1.7668762609835262,1.7668762609835262e-06,mle,0.10725545083700071,2.5087125656305282,ok,True,True,extraction,
xrp,2871,2025-09-20,2359,2870,512,-4.259466795032069,linear,52,0,52,52,0,52,0.1,0.1015625,0.1015625,1.7763031412884922,1.7763031412884921e-06,mle,0.10725545083700071,2.5087125656305282,ok,True,True,extraction,
xrp,2872,2025-09-21,2360,2871,512,-4.259466795032069,linear,52,0,52,52,0,52,0.1,0.1015625,0.1015625,1.7798376109794756,1.7798376109794756e-06,mle,0.10725545083700071,2.5087125656305282,ok,True,True,extraction,
xrp,2873,2025-09-22,2361,2872,512,-4.259466795032069,linear,52,0,52,52,0,52,0.1,0.1015625,0.1015625,1.7798376109794756,1.7798376109794756e-06,mle,0.10725545083700071,2.5087125656305282,ok,True,True,extraction,
xrp,2874,2025-09-23,2362,2873,512,-4.259466795032069,linear,52,0,52,52,0,52,0.1,0.1015625,0.1015625,1.7809127016744126,1.7809127016744125e-06,mle,0.10725545083700071,2.5087125656305282,ok,True,True,extraction,
xrp,2875,2025-09-24,2363,2874,512,-4.259466795032069,linear,52,0,52,52,0,52,0.1,0.1015625,0.1015625,1.7813047334687726,1.7813047334687725e-06,mle,0.10725545083700071,2.5087125656305282,ok,True,True,extraction,
xrp,2876,2025-09-25,2364,2875,512,-4.259466795032069,linear,52,0,52,52,0,52,0.1,0.1015625,0.1015625,1.7809127016744126,1.7809127016744125e-06,mle,0.10725545083700071,2.5087125656305282,ok,True,True,extraction,
xrp,2877,2025-09-26,2365,2876,512,-4.286547928861836,linear,52,0,52,52,0,52,0.1,0.1015625,0.1015625,1.7813047334687726,1.7813047334687725e-06,mle,0.08828155316279886,2.576198861241945,ok,True,True,extraction,
xrp,2878,2025-09-27,2366,2877,512,-4.286547928861836,linear,52,0,52,52,0,52,0.1,0.1015625,0.1015625,1.7813047334687726,1.7813047334687725e-06,mle,0.08828155316279886,2.576198861241945,ok,True,True,extraction,
xrp,2879,2025-09-28,2367,2878,512,-4.286547928861836,linear,52,0,52,52,0,52,0.1,0.1015625,0.1015625,1.7742066591941366,1.7742066591941366e-06,mle,0.08828155316279886,2.576198861241945,ok,True,True,extraction,
xrp,2880,2025-09-29,2368,2879,512,-4.286547928861836,linear,52,0,52,52,0,52,0.1,0.1015625,0.1015625,1.7809127016744126,1.7809127016744125e-06,mle,0.08828155316279886,2.576198861241945,ok,True,True,extraction,
xrp,2881,2025-09-30,2369,2880,512,-4.286547928861836,linear,52,0,52,52,0,52,0.1,0.1015625,0.1015625,1.7851707478265637,1.7851707478265637e-06,mle,0.08828155316279886,2.576198861241945,ok,True,True,extraction,
xrp,2882,2025-10-01,2370,2881,512,-4.286547928861836,linear,52,0,52,52,0,52,0.1,0.1015625,0.1015625,1.7798376109794756,1.7798376109794756e-06,mle,0.08828155316279886,2.576198861241945,ok,True,True,extraction,
xrp,2883,2025-10-02,2371,2882,512,-4.286547928861836,linear,52,0,52,52,0,52,0.1,0.1015625,0.1015625,1.7763031412884922,1.7763031412884921e-06,mle,0.08828155316279886,2.576198861241945,ok,True,True,extraction,
xrp,2884,2025-10-03,2372,2883,512,-4.286547928861836,linear,52,0,52,52,0,52,0.1,0.1015625,0.1015625,1.7804805162935802,1.7804805162935801e-06,mle,0.08828155316279886,2.576198861241945,ok,True,True,extraction,
xrp,2885,2025-10-04,2373,2884,512,-4.286547928861836,linear,52,0,52,52,0,52,0.1,0.1015625,0.1015625,1.7851707478265637,1.7851707478265637e-06,mle,0.08828155316279886,2.576198861241945,ok,True,True,extraction,
xrp,2886,2025-10-05,2374,2885,512,-4.286547928861836,linear,52,0,52,52,0,52,0.1,0.1015625,0.1015625,1.7851707478265637,1.7851707478265637e-06,mle,0.08828155316279886,2.576198861241945,ok,True,True,extraction,
xrp,2887,2025-10-06,2375,2886,512,-4.286547928861836,linear,52,0,52,52,0,52,0.1,0.1015625,0.1015625,1.7809127016744126,1.7809127016744125e-06,mle,0.08828155316279886,2.576198861241945,ok,True,True,extraction,
xrp,2888,2025-10-07,2376,2887,512,-4.286547928861836,linear,52,0,52,52,0,52,0.1,0.1015625,0.1015625,1.7851707478265637,1.7851707478265637e-06,mle,0.08828155316279886,2.576198861241945,ok,True,True,extraction,
xrp,2889,2025-10-08,2377,2888,512,-4.303667788522977,linear,52,0,52,52,0,52,0.1,0.1015625,0.1015625,1.7894645064554167,1.7894645064554166e-06,mle,0.09007901507815157,2.5611478637490706,ok,True,True,extraction,
xrp,2890,2025-10-09,2378,2889,512,-4.303667788522977,linear,52,0,52,52,0,52,0.1,0.1015625,0.1015625,1.7888908534380574,1.7888908534380574e-06,mle,0.09007901507815157,2.5611478637490706,ok,True,True,extraction,
xrp,2891,2025-10-10,2379,2890,512,-4.303667788522977,linear,52,0,52,52,0,52,0.1,0.1015625,0.1015625,1.7894645064554167,1.7894645064554166e-06,mle,0.09007901507815157,2.5611478637490706,ok,True,True,extraction,
xrp,2892,2025-10-11,2380,2891,512,-4.321138197504454,linear,52,0,52,52,0,52,0.1,0.1015625,0.1015625,1.7983321129934882,1.7983321129934881e-06,mle,0.1083241284148109,2.7196656930689795,ok,True,True,extraction,
xrp,2893,2025-10-12,2381,2892,512,-4.321138197504454,linear,52,0,52,52,0,52,0.1,0.1015625,0.1015625,1.7983321129934882,1.7983321129934881e-06,mle,0.1083241284148109,2.7196656930689795,ok,True,True,extraction,
xrp,2894,2025-10-13,2382,2893,512,-4.321138197504454,linear,52,0,52,52,0,52,0.1,0.1015625,0.1015625,1.8049736293451812,1.8049736293451812e-06,mle,0.1083241284148109,2.7196656930689795,ok,True,True,extraction,
xrp,2895,2025-10-14,2383,2894,512,-4.321138197504454,linear,52,0,52,52,0,52,0.1,0.1015625,0.1015625,1.820685309172009,1.8206853091720088e-06,mle,0.1083241284148109,2.7196656930689795,ok,True,True,extraction,
xrp,2896,2025-10-15,2384,2895,512,-4.321138197504454,linear,52,0,52,52,0,52,0.1,0.1015625,0.1015625,1.8049736293451812,1.8049736293451812e-06,mle,0.1083241284148109,2.7196656930689795,ok,True,True,extraction,
xrp,2897,2025-10-16,2385,2896,512,-4.321138197504454,linear,52,0,52,52,0,52,0.1,0.1015625,0.1015625,1.8201181811075469,1.8201181811075469e-06,mle,0.1083241284148109,2.7196656930689795,ok,True,True,extraction,
xrp,2898,2025-10-17,2386,2897,512,-4.321138197504454,linear,52,0,52,52,0,52,0.1,0.1015625,0.1015625,1.8201181811075469,1.8201181811075469e-06,mle,0.1083241284148109,2.7196656930689795,ok,True,True,extraction,
xrp,2899,2025-10-18,2387,2898,512,-4.321138197504454,linear,52,0,52,52,0,52,0.1,0.1015625,0.1015625,1.8069568159406224,1.8069568159406224e-06,mle,0.1083241284148109,2.7196656930689795,ok,True,True,extraction,
xrp,2900,2025-10-19,2388,2899,512,-4.321138197504454,linear,52,0,52,52,0,52,0.1,0.1015625,0.1015625,1.824287937180411,1.824287937180411e-06,mle,0.1083241284148109,2.7196656930689795,ok,True,True,extraction,
xrp,2901,2025-10-20,2389,2900,512,-4.321138197504454,linear,52,0,52,52,0,52,0.1,0.1015625,0.1015625,1.824287937180411,1.824287937180411e-06,mle,0.1083241284148109,2.7196656930689795,ok,True,True,extraction,
xrp,2902,2025-10-21,2390,2901,512,-4.321138197504454,linear,52,0,52,52,0,52,0.1,0.1015625,0.1015625,1.8374493023473355,1.8374493023473355e-06,mle,0.1083241284148109,2.7196656930689795,ok,True,True,extraction,
xrp,2903,2025-10-22,2391,2902,512,-4.321138197504454,linear,52,0,52,52,0,52,0.1,0.1015625,0.1015625,1.8483021502492178,1.8483021502492178e-06,mle,0.1083241284148109,2.7196656930689795,ok,True,True,extraction,
xrp,2904,2025-10-23,2392,2903,512,-4.321138197504454,linear,52,0,52,52,0,52,0.1,0.1015625,0.1015625,1.8659717200360517,1.8659717200360515e-06,mle,0.1083241284148109,2.7196656930689795,ok,True,True,extraction,
xrp,2905,2025-10-24,2393,2904,512,-4.321138197504454,linear,52,0,52,52,0,52,0.1,0.1015625,0.1015625,1.8659717200360517,1.8659717200360515e-06,mle,0.1083241284148109,2.7196656930689795,ok,True,True,extraction,
xrp,2906,2025-10-25,2394,2905,512,-4.321138197504454,linear,52,0,52,52,0,52,0.1,0.1015625,0.1015625,1.8813836996533893,1.881383699653389e-06,mle,0.1083241284148109,2.7196656930689795,ok,True,True,extraction,
xrp,2907,2025-10-26,2395,2906,512,-4.321138197504454,linear,52,0,52,52,0,52,0.1,0.1015625,0.1015625,1.893628577885709,1.8936285778857089e-06,mle,0.1083241284148109,2.7196656930689795,ok,True,True,extraction,
xrp,2908,2025-10-27,2396,2907,512,-4.321138197504454,linear,52,0,52,52,0,52,0.1,0.1015625,0.1015625,1.8904521645166423,1.8904521645166423e-06,mle,0.1083241284148109,2.7196656930689795,ok,True,True,extraction,
xrp,2909,2025-10-28,2397,2908,512,-4.321138197504454,linear,52,0,52,52,0,52,0.1,0.1015625,0.1015625,1.8904521645166423,1.8904521645166423e-06,mle,0.1083241284148109,2.7196656930689795,ok,True,True,extraction,
xrp,2910,2025-10-29,2398,2909,512,-4.321138197504454,linear,52,0,52,52,0,52,0.1,0.1015625,0.1015625,1.893628577885709,1.8936285778857089e-06,mle,0.1083241284148109,2.7196656930689795,ok,True,True,extraction,
xrp,2911,2025-10-30,2399,2910,512,-4.321138197504454,linear,52,0,52,52,0,52,0.1,0.1015625,0.1015625,1.8897901496733476,1.8897901496733474e-06,mle,0.1083241284148109,2.7196656930689795,ok,True,True,extraction,
xrp,2912,2025-10-31,2400,2911,512,-4.357823699655409,linear,52,0,52,52,0,52,0.1,0.1015625,0.1015625,1.892686172128646,1.892686172128646e-06,mle,0.12147251293494749,2.651446873728777,ok,True,True,extraction,
xrp,2913,2025-11-01,2401,2912,512,-4.357823699655409,linear,52,0,52,52,0,52,0.1,0.1015625,0.1015625,1.9087678911512989,1.9087678911512987e-06,mle,0.12147251293494749,2.651446873728777,ok,True,True,extraction,
xrp,2914,2025-11-02,2402,2913,512,-4.321138197504454,linear,52,0,52,52,0,52,0.1,0.1015625,0.1015625,1.9058593420095855,1.9058593420095854e-06,mle,0.10715928227321639,2.7242160095195533,ok,True,True,extraction,
xrp,2915,2025-11-03,2403,2914,512,-4.321138197504454,linear,52,0,52,52,0,52,0.1,0.1015625,0.1015625,1.910599385735871,1.910599385735871e-06,mle,0.10715928227321639,2.7242160095195533,ok,True,True,extraction,
xrp,2916,2025-11-04,2404,2915,512,-4.357823699655409,linear,52,0,52,52,0,52,0.1,0.1015625,0.1015625,1.9087678911512989,1.9087678911512987e-06,mle,0.07938790191849157,2.8581086373037303,ok,True,True,extraction,
xrp,2917,2025-11-05,2405,2916,512,-4.369793575756724,linear,52,0,52,52,0,52,0.1,0.1015625,0.1015625,1.9124970821589282,1.912497082158928e-06,mle,0.08407738355449271,2.832966066333985,ok,True,True,extraction,
xrp,2918,2025-11-06,2406,2917,512,-4.369793575756724,linear,52,0,52,52,0,52,0.1,0.1015625,0.1015625,1.9262331525181426,1.9262331525181426e-06,mle,0.08407738355449271,2.832966066333985,ok,True,True,extraction,
xrp,2919,2025-11-07,2407,2918,512,-4.455403834768871,linear,52,0,52,52,0,52,0.1,0.1015625,0.1015625,1.9124970821589282,1.912497082158928e-06,mle,0.09750840455451569,2.7412810262569893,ok,True,True,extraction,
xrp,2920,2025-11-08,2408,2919,512,-4.455403834768871,linear,52,0,52,52,0,52,0.1,0.1015625,0.1015625,1.9262331525181426,1.9262331525181426e-06,mle,0.09750840455451569,2.7412810262569893,ok,True,True,extraction,
xrp,2921,2025-11-09,2409,2920,512,-4.455403834768871,linear,52,0,52,52,0,52,0.1,0.1015625,0.1015625,1.9262331525181426,1.9262331525181426e-06,mle,0.09750840455451569,2.7412810262569893,ok,True,True,extraction,
xrp,2922,2025-11-10,2410,2921,512,-4.455403834768871,linear,52,0,52,52,0,52,0.1,0.1015625,0.1015625,1.9262331525181426,1.9262331525181426e-06,mle,0.09750840455451569,2.7412810262569893,ok,True,True,extraction,
xrp,2923,2025-11-11,2411,2922,512,-4.455403834768871,linear,52,0,52,52,0,52,0.1,0.1015625,0.1015625,1.9418206831047025,1.9418206831047025e-06,mle,0.09750840455451569,2.7412810262569893,ok,True,True,extraction,
xrp,2924,2025-11-12,2412,2923,512,-4.496878788986889,linear,52,0,52,52,0,52,0.1,0.1015625,0.1015625,1.9274100826113933,1.9274100826113934e-06,mle,0.09920460822516808,2.7161554285648863,ok,True,True,extraction,
xrp,2925,2025-11-13,2413,2924,512,-4.496878788986889,linear,52,0,52,52,0,52,0.1,0.1015625,0.1015625,1.9262331525181426,1.9262331525181426e-06,mle,0.09920460822516808,2.7161554285648863,ok,True,True,extraction,
xrp,2926,2025-11-14,2414,2925,512,-4.496878788986889,linear,52,0,52,52,0,52,0.1,0.1015625,0.1015625,1.9227350267634586,1.9227350267634584e-06,mle,0.09920460822516808,2.7161554285648863,ok,True,True,extraction,
xrp,2927,2025-11-15,2415,2926,512,-4.496878788986889,linear,52,0,52,52,0,52,0.1,0.1015625,0.1015625,1.9327001793966478,1.932700179396648e-06,mle,0.09920460822516808,2.7161554285648863,ok,True,True,extraction,
xrp,2928,2025-11-16,2416,2927,512,-4.496878788986889,linear,52,0,52,52,0,52,0.1,0.1015625,0.1015625,1.9327001793966478,1.932700179396648e-06,mle,0.09920460822516808,2.7161554285648863,ok,True,True,extraction,
xrp,2929,2025-11-17,2417,2928,512,-4.496878788986889,linear,52,0,52,52,0,52,0.1,0.1015625,0.1015625,1.9327001793966478,1.932700179396648e-06,mle,0.09920460822516808,2.7161554285648863,ok,True,True,extraction,
xrp,2930,2025-11-18,2418,2929,512,-4.496878788986889,linear,52,0,52,52,0,52,0.1,0.1015625,0.1015625,1.939940022845376,1.939940022845376e-06,mle,0.09920460822516808,2.7161554285648863,ok,True,True,extraction,
xrp,2931,2025-11-19,2419,2930,512,-4.496878788986889,linear,52,0,52,52,0,52,0.1,0.1015625,0.1015625,1.9572465817361921,1.957246581736192e-06,mle,0.09920460822516808,2.7161554285648863,ok,True,True,extraction,
xrp,2932,2025-11-20,2420,2931,512,-4.50307894804951,linear,52,0,52,52,0,52,0.1,0.1015625,0.1015625,1.9780006262636194,1.9780006262636194e-06,mle,0.09301931706347746,2.7380280380615867,ok,True,True,extraction,
xrp,2933,2025-11-21,2421,2932,512,-4.5803163449950715,linear,52,0,52,52,0,52,0.1,0.1015625,0.1015625,1.9820451721520966,1.9820451721520964e-06,mle,0.11266584673535437,2.6248427124806124,ok,True,True,extraction,
xrp,2934,2025-11-22,2422,2933,512,-4.5803163449950715,linear,52,0,52,52,0,52,0.1,0.1015625,0.1015625,2.0051451355628576,2.0051451355628576e-06,mle,0.11266584673535437,2.6248427124806124,ok,True,True,extraction,
xrp,2935,2025-11-23,2423,2934,512,-4.5803163449950715,linear,52,0,52,52,0,52,0.1,0.1015625,0.1015625,2.0051451355628576,2.0051451355628576e-06,mle,0.11266584673535437,2.6248427124806124,ok,True,True,extraction,
xrp,2936,2025-11-24,2424,2935,512,-4.5803163449950715,linear,52,0,52,52,0,52,0.1,0.1015625,0.1015625,2.02916902470953,2.0291690247095297e-06,mle,0.11266584673535437,2.6248427124806124,ok,True,True,extraction,
xrp,2937,2025-11-25,2425,2936,512,-4.5803163449950715,linear,52,0,52,52,0,52,0.1,0.1015625,0.1015625,2.054296089037694,2.054296089037694e-06,mle,0.11266584673535437,2.6248427124806124,ok,True,True,extraction,
xrp,2938,2025-11-26,2426,2937,512,-4.5803163449950715,linear,52,0,52,52,0,52,0.1,0.1015625,0.1015625,2.0630068567138244,2.063006856713824e-06,mle,0.11266584673535437,2.6248427124806124,ok,True,True,extraction,
xrp,2939,2025-11-27,2427,2938,512,-4.5803163449950715,linear,52,0,52,52,0,52,0.1,0.1015625,0.1015625,2.0630068567138244,2.063006856713824e-06,mle,0.11266584673535437,2.6248427124806124,ok,True,True,extraction,
xrp,2940,2025-11-28,2428,2939,512,-4.5803163449950715,linear,52,0,52,52,0,52,0.1,0.1015625,0.1015625,2.0368959991959557,2.0368959991959555e-06,mle,0.11266584673535437,2.6248427124806124,ok,True,True,extraction,
xrp,2941,2025-11-29,2429,2940,512,-4.50307894804951,linear,52,0,52,52,0,52,0.1,0.1015625,0.1015625,2.012059545391933,2.012059545391933e-06,mle,0.11461820573111635,2.6388283663555816,ok,True,True,extraction,
xrp,2942,2025-11-30,2430,2941,512,-4.50307894804951,linear,52,0,52,52,0,52,0.1,0.1015625,0.1015625,2.0051451355628576,2.0051451355628576e-06,mle,0.11461820573111635,2.6388283663555816,ok,True,True,extraction,
xrp,2943,2025-12-01,2431,2942,512,-4.50307894804951,linear,52,0,52,52,0,52,0.1,0.1015625,0.1015625,2.0089498318123074,2.008949831812307e-06,mle,0.11461820573111635,2.6388283663555816,ok,True,True,extraction,
xrp,2944,2025-12-02,2432,2943,512,-4.50307894804951,linear,52,0,52,52,0,52,0.1,0.1015625,0.1015625,2.0089498318123074,2.008949831812307e-06,mle,0.11991892569904092,2.614592672089782,ok,True,True,extraction,
xrp,2945,2025-12-03,2433,2944,512,-4.50307894804951,linear,52,0,52,52,0,52,0.1,0.1015625,0.1015625,2.0089498318123074,2.008949831812307e-06,mle,0.11991892569904092,2.614592672089782,ok,True,True,extraction,
xrp,2946,2025-12-04,2434,2945,512,-4.50307894804951,linear,52,0,52,52,0,52,0.1,0.1015625,0.1015625,2.012059545391933,2.012059545391933e-06,mle,0.11991892569904092,2.614592672089782,ok,True,True,extraction,
xrp,2947,2025-12-05,2435,2946,512,-4.5803163449950715,linear,52,0,52,52,0,52,0.1,0.1015625,0.1015625,2.0389829675671525,2.0389829675671525e-06,mle,0.14908498223232508,2.4711849807208575,ok,True,True,extraction,
xrp,2948,2025-12-06,2436,2947,512,-4.5803163449950715,linear,52,0,52,52,0,52,0.1,0.1015625,0.1015625,2.0389829675671525,2.0389829675671525e-06,mle,0.14908498223232508,2.4711849807208575,ok,True,True,extraction,
xrp,2949,2025-12-07,2437,2948,512,-4.5803163449950715,linear,52,0,52,52,0,52,0.1,0.1015625,0.1015625,2.02407412092182,2.0240741209218196e-06,mle,0.14908498223232508,2.4711849807208575,ok,True,True,extraction,
xrp,2950,2025-12-08,2438,2949,512,-4.5803163449950715,linear,52,0,52,52,0,52,0.1,0.1015625,0.1015625,2.0089498318123074,2.008949831812307e-06,mle,0.14908498223232508,2.4711849807208575,ok,True,True,extraction,
xrp,2951,2025-12-09,2439,2950,512,-4.5803163449950715,linear,52,0,52,52,0,52,0.1,0.1015625,0.1015625,2.008949831812307,2.0089498318123067e-06,mle,0.14908498223232508,2.4711849807208575,ok,True,True,extraction,
xrp,2952,2025-12-10,2440,2951,512,-4.5803163449950715,linear,52,0,52,52,0,52,0.1,0.1015625,0.1015625,1.991643272921491,1.991643272921491e-06,mle,0.14908498223232508,2.4711849807208575,ok,True,True,extraction,
xrp,2953,2025-12-11,2441,2952,512,-4.5803163449950715,linear,52,0,52,52,0,52,0.1,0.1015625,0.1015625,1.991643272921491,1.991643272921491e-06,mle,0.14908498223232508,2.4711849807208575,ok,True,True,extraction,
xrp,2954,2025-12-12,2442,2953,512,-4.5803163449950715,linear,52,0,52,52,0,52,0.1,0.1015625,0.1015625,1.986165955774164,1.986165955774164e-06,mle,0.14908498223232508,2.4711849807208575,ok,True,True,extraction,
xrp,2955,2025-12-13,2443,2954,512,-4.50307894804951,linear,52,0,52,52,0,52,0.1,0.1015625,0.1015625,1.9797861685659637,1.9797861685659636e-06,mle,0.1565435714273794,2.4330920493298978,ok,True,True,extraction,
xrp,2956,2025-12-14,2444,2955,512,-4.50307894804951,linear,52,0,52,52,0,52,0.1,0.1015625,0.1015625,1.9797861685659637,1.9797861685659636e-06,mle,0.1565435714273794,2.4330920493298978,ok,True,True,extraction,
xrp,2957,2025-12-15,2445,2956,512,-4.50307894804951,linear,52,0,52,52,0,52,0.1,0.1015625,0.1015625,1.9767285895101594,1.9767285895101594e-06,mle,0.1565435714273794,2.4330920493298978,ok,True,True,extraction,
xrp,2958,2025-12-16,2446,2957,512,-4.50307894804951,linear,52,0,52,52,0,52,0.1,0.1015625,0.1015625,1.9868478685414734,1.986847868541473e-06,mle,0.1565435714273794,2.4330920493298978,ok,True,True,extraction,
xrp,2959,2025-12-17,2447,2958,512,-4.50307894804951,linear,52,0,52,52,0,52,0.1,0.1015625,0.1015625,1.9868478685414734,1.986847868541473e-06,mle,0.1565435714273794,2.4330920493298978,ok,True,True,extraction,
xrp,2960,2025-12-18,2448,2959,512,-4.50307894804951,linear,52,0,52,52,0,52,0.1,0.1015625,0.1015625,2.003492488042401,2.003492488042401e-06,mle,0.1565435714273794,2.4330920493298978,ok,True,True,extraction,
xrp,2961,2025-12-19,2449,2960,512,-4.50307894804951,linear,52,0,52,52,0,52,0.1,0.1015625,0.1015625,2.008010357416641,2.0080103574166405e-06,mle,0.1565435714273794,2.4330920493298978,ok,True,True,extraction,
xrp,2962,2025-12-20,2450,2961,512,-4.50307894804951,linear,52,0,52,52,0,52,0.1,0.1015625,0.1015625,2.003492488042401,2.003492488042401e-06,mle,0.1565435714273794,2.4330920493298978,ok,True,True,extraction,
xrp,2963,2025-12-21,2451,2962,512,-4.50307894804951,linear,52,0,52,52,0,52,0.1,0.1015625,0.1015625,2.003492488042401,2.003492488042401e-06,mle,0.1565435714273794,2.4330920493298978,ok,True,True,extraction,
xrp,2964,2025-12-22,2452,2963,512,-4.50307894804951,linear,52,0,52,52,0,52,0.1,0.1015625,0.1015625,2.003492488042401,2.003492488042401e-06,mle,0.1565435714273794,2.4330920493298978,ok,True,True,extraction,
xrp,2965,2025-12-23,2453,2964,512,-4.50307894804951,linear,52,0,52,52,0,52,0.1,0.1015625,0.1015625,2.008010357416641,2.0080103574166405e-06,mle,0.1565435714273794,2.4330920493298978,ok,True,True,extraction,
xrp,2966,2025-12-24,2454,2965,512,-4.50307894804951,linear,52,0,52,52,0,52,0.1,0.1015625,0.1015625,2.0115186607267885,2.0115186607267886e-06,mle,0.1565435714273794,2.4330920493298978,ok,True,True,extraction,
xrp,2967,2025-12-25,2455,2966,512,-4.50307894804951,linear,52,0,52,52,0,52,0.1,0.1015625,0.1015625,2.0042192245180583,2.004219224518058e-06,mle,0.1565435714273794,2.4330920493298978,ok,True,True,extraction,
xrp,2968,2025-12-26,2456,2967,512,-4.50307894804951,linear,52,0,52,52,0,52,0.1,0.1015625,0.1015625,2.0042192245180583,2.004219224518058e-06,mle,0.1565435714273794,2.4330920493298978,ok,True,True,extraction,
xrp,2969,2025-12-27,2457,2968,512,-4.496878788986889,linear,52,0,52,52,0,52,0.1,0.1015625,0.1015625,1.9779032333756985,1.9779032333756984e-06,mle,0.15356867007213096,2.4465289345495984,ok,True,True,extraction,
xrp,2970,2025-12-28,2458,2969,512,-4.455403834768871,linear,52,0,52,52,0,52,0.1,0.1015625,0.1015625,1.9679369534450535,1.9679369534450535e-06,mle,0.16124343495894683,2.4331884208415135,ok,True,True,extraction,
xrp,2971,2025-12-29,2459,2970,512,-4.455403834768871,linear,52,0,52,52,0,52,0.1,0.1015625,0.1015625,1.9679369534450535,1.9679369534450535e-06,mle,0.16124343495894683,2.4331884208415135,ok,True,True,extraction,
xrp,2972,2025-12-30,2460,2971,512,-4.369793575756724,linear,52,0,52,52,0,52,0.1,0.1015625,0.1015625,1.9628153607158016,1.9628153607158016e-06,mle,0.14787448314039858,2.515056791713901,ok,True,True,extraction,
xrp,2973,2025-12-31,2461,2972,512,-4.357823699655409,linear,52,0,52,52,0,52,0.1,0.1015625,0.1015625,1.9412745145959232,1.941274514595923e-06,mle,0.17769504044317352,2.4051495777721863,ok,True,True,extraction,
xrp,2974,2026-01-01,2462,2973,512,-4.357823699655409,linear,52,0,52,52,0,52,0.1,0.1015625,0.1015625,1.9394818104958307,1.9394818104958307e-06,mle,0.17769504044317352,2.4051495777721863,ok,True,True,extraction,
xrp,2975,2026-01-02,2463,2974,512,-4.357823699655409,linear,52,0,52,52,0,52,0.1,0.1015625,0.1015625,1.9394818104958307,1.9394818104958307e-06,mle,0.17769504044317352,2.4051495777721863,ok,True,True,extraction,
xrp,2976,2026-01-03,2464,2975,512,-4.357823699655409,linear,52,0,52,52,0,52,0.1,0.1015625,0.1015625,1.9394818104958307,1.9394818104958307e-06,mle,0.17769504044317352,2.4051495777721863,ok,True,True,extraction,
xrp,2977,2026-01-04,2465,2976,512,-4.321138197504454,linear,52,0,52,52,0,52,0.1,0.1015625,0.1015625,1.9136176567462657,1.9136176567462655e-06,mle,0.18969611436208988,2.375501997712769,ok,True,True,extraction,
xrp,2978,2026-01-05,2466,2977,512,-4.321138197504454,linear,52,0,52,52,0,52,0.1,0.1015625,0.1015625,1.9394818104958307,1.9394818104958307e-06,mle,0.18969611436208988,2.375501997712769,ok,True,True,extraction,
xrp,2979,2026-01-06,2467,2978,512,-4.303667788522977,linear,52,0,52,52,0,52,0.1,0.1015625,0.1015625,1.9318371483319186,1.9318371483319183e-06,mle,0.2093626443975542,2.3156808519824064,ok,True,True,extraction,
xrp,2980,2026-01-07,2468,2979,512,-4.303667788522977,linear,52,0,52,52,0,52,0.1,0.1015625,0.1015625,1.9136176567462657,1.9136176567462655e-06,mle,0.2093626443975542,2.3156808519824064,ok,True,True,extraction,
xrp,2981,2026-01-08,2469,2980,512,-4.321138197504454,linear,52,0,52,52,0,52,0.1,0.1015625,0.1015625,1.9394818104958307,1.9394818104958307e-06,mle,0.18288919797712808,2.4021446049918187,ok,True,True,extraction,
xrp,2982,2026-01-09,2470,2981,512,-4.321138197504454,linear,52,0,52,52,0,52,0.1,0.1015625,0.1015625,1.9517266887281504,1.9517266887281503e-06,mle,0.18288919797712808,2.4021446049918187,ok,True,True,extraction,
xrp,2983,2026-01-10,2471,2982,512,-4.321138197504454,linear,52,0,52,52,0,52,0.1,0.1015625,0.1015625,1.9517266887281504,1.9517266887281503e-06,mle,0.18288919797712808,2.4021446049918187,ok,True,True,extraction,
xrp,2984,2026-01-11,2472,2983,512,-4.321138197504454,linear,52,0,52,52,0,52,0.1,0.1015625,0.1015625,1.950570482483482,1.950570482483482e-06,mle,0.18288919797712808,2.4021446049918187,ok,True,True,extraction,
xrp,2985,2026-01-12,2473,2984,512,-4.321138197504454,linear,52,0,52,52,0,52,0.1,0.1015625,0.1015625,1.946574357197365,1.9465743571973648e-06,mle,0.18288919797712808,2.4021446049918187,ok,True,True,extraction,
xrp,2986,2026-01-13,2474,2985,512,-4.321138197504454,linear,52,0,52,52,0,52,0.1,0.1015625,0.1015625,1.946574357197365,1.9465743571973648e-06,mle,0.18288919797712808,2.4021446049918187,ok,True,True,extraction,
xrp,2987,2026-01-14,2475,2986,512,-4.321138197504454,linear,52,0,52,52,0,52,0.1,0.1015625,0.1015625,1.946574357197365,1.9465743571973648e-06,mle,0.18288919797712808,2.4021446049918187,ok,True,True,extraction,
xrp,2988,2026-01-15,2476,2987,512,-4.321138197504454,linear,52,0,52,52,0,52,0.1,0.1015625,0.1015625,1.946574357197365,1.9465743571973648e-06,mle,0.18288919797712808,2.4021446049918187,ok,True,True,extraction,
xrp,2989,2026-01-16,2477,2988,512,-4.321138197504454,linear,52,0,52,52,0,52,0.1,0.1015625,0.1015625,1.9685241067100647,1.9685241067100646e-06,mle,0.18288919797712808,2.4021446049918187,ok,True,True,extraction,
xrp,2990,2026-01-17,2478,2989,512,-4.321138197504454,linear,52,0,52,52,0,52,0.1,0.1015625,0.1015625,1.9685241067100647,1.9685241067100646e-06,mle,0.18288919797712808,2.4021446049918187,ok,True,True,extraction,
xrp,2991,2026-01-18,2479,2990,512,-4.321138197504454,linear,52,0,52,52,0,52,0.1,0.1015625,0.1015625,1.9319636878780435,1.9319636878780432e-06,mle,0.18288919797712808,2.4021446049918187,ok,True,True,extraction,
xrp,2992,2026-01-19,2480,2991,512,-4.321138197504454,linear,52,0,52,52,0,52,0.1,0.1015625,0.1015625,1.9535819576960956,1.9535819576960954e-06,mle,0.18288919797712808,2.4021446049918187,ok,True,True,extraction,
xrp,2993,2026-01-20,2481,2992,512,-4.321138197504454,linear,52,0,52,52,0,52,0.1,0.1015625,0.1015625,1.9517179552073691,1.9517179552073692e-06,mle,0.18288919797712808,2.4021446049918187,ok,True,True,extraction,
xrp,2994,2026-01-21,2482,2993,512,-4.357823699655409,linear,52,0,52,52,0,52,0.1,0.1015625,0.1015625,1.9517179552073691,1.9517179552073692e-06,mle,0.18837012605510317,2.367320162698525,ok,True,True,extraction,
xrp,2995,2026-01-22,2483,2994,512,-4.357823699655409,linear,52,0,52,52,0,52,0.1,0.1015625,0.1015625,1.9319636878780435,1.9319636878780432e-06,mle,0.18837012605510317,2.367320162698525,ok,True,True,extraction,
xrp,2996,2026-01-23,2484,2995,512,-4.357823699655409,linear,52,0,52,52,0,52,0.1,0.1015625,0.1015625,1.9517179552073691,1.9517179552073692e-06,mle,0.18837012605510317,2.367320162698525,ok,True,True,extraction,
xrp,2997,2026-01-24,2485,2996,512,-4.357823699655409,linear,52,0,52,52,0,52,0.1,0.1015625,0.1015625,1.9499540115145677,1.9499540115145675e-06,mle,0.18837012605510317,2.367320162698525,ok,True,True,extraction,
xrp,2998,2026-01-25,2486,2997,512,-4.357823699655409,linear,52,0,52,52,0,52,0.1,0.1015625,0.1015625,1.9728830630508634,1.9728830630508633e-06,mle,0.18837012605510317,2.367320162698525,ok,True,True,extraction,
xrp,2999,2026-01-26,2487,2998,512,-4.357823699655409,linear,52,0,52,52,0,52,0.1,0.1015625,0.1015625,1.9747470655395898,1.9747470655395895e-06,mle,0.18837012605510317,2.367320162698525,ok,True,True,extraction,
xrp,3000,2026-01-27,2488,2999,512,-4.357823699655409,linear,52,0,52,52,0,52,0.1,0.1015625,0.1015625,1.9518180140032941,1.951818014003294e-06,mle,0.18837012605510317,2.367320162698525,ok,True,True,extraction,
xrp,3001,2026-01-28,2489,3000,512,-4.357823699655409,linear,52,0,52,52,0,52,0.1,0.1015625,0.1015625,1.9499540115145677,1.9499540115145675e-06,mle,0.18837012605510317,2.367320162698525,ok,True,True,extraction,
xrp,3002,2026-01-29,2490,3001,512,-4.357823699655409,linear,52,0,52,52,0,52,0.1,0.1015625,0.1015625,1.9499540115145677,1.9499540115145675e-06,mle,0.18837012605510317,2.367320162698525,ok,True,True,extraction,
xrp,3003,2026-01-30,2491,3002,512,-4.369793575756724,linear,52,0,52,52,0,52,0.1,0.1015625,0.1015625,1.9747470655395898,1.9747470655395895e-06,mle,0.1706702964155247,2.42429981230173,ok,True,True,extraction,
xrp,3004,2026-01-31,2492,3003,512,-4.369793575756724,linear,52,0,52,52,0,52,0.1,0.1015625,0.1015625,1.9747470655395898,1.9747470655395895e-06,mle,0.1706702964155247,2.42429981230173,ok,True,True,extraction,
xrp,3005,2026-02-01,2493,3004,512,-4.455403834768871,linear,52,0,52,52,0,52,0.1,0.1015625,0.1015625,1.9747470655395898,1.9747470655395895e-06,mle,0.20087990732895034,2.2849286458522475,ok,True,True,extraction,
xrp,3006,2026-02-02,2494,3005,512,-4.455403834768871,linear,52,0,52,52,0,52,0.1,0.1015625,0.1015625,1.9778759422752814,1.9778759422752814e-06,mle,0.20087990732895034,2.2849286458522475,ok,True,True,extraction,
xrp,3007,2026-02-03,2495,3006,512,-4.455403834768871,linear,52,0,52,52,0,52,0.1,0.1015625,0.1015625,1.9778759422752814,1.9778759422752814e-06,mle,0.20087990732895034,2.2849286458522475,ok,True,True,extraction,
xrp,3008,2026-02-04,2496,3007,512,-4.455403834768871,linear,52,0,52,52,0,52,0.1,0.1015625,0.1015625,1.9792896861831093,1.9792896861831094e-06,mle,0.20087990732895034,2.2849286458522475,ok,True,True,extraction,
xrp,3009,2026-02-05,2497,3008,512,-4.455403834768871,linear,52,0,52,52,0,52,0.1,0.1015625,0.1015625,1.9853923936090063,1.9853923936090064e-06,mle,0.20087990732895034,2.2849286458522475,ok,True,True,extraction,
xrp,3010,2026-02-06,2498,3009,512,-4.496878788986889,linear,52,0,52,52,0,52,0.1,0.1015625,0.1015625,1.9872563960977327,1.9872563960977326e-06,mle,0.26960531433972246,2.323008581317074,ok,True,True,extraction,
xrp,3011,2026-02-07,2499,3010,512,-4.496878788986889,linear,52,0,52,52,0,52,0.1,0.1015625,0.1015625,1.9872563960977327,1.9872563960977326e-06,mle,0.26960531433972246,2.323008581317074,ok,True,True,extraction,
xrp,3012,2026-02-08,2500,3011,512,-4.496878788986889,linear,52,0,52,52,0,52,0.1,0.1015625,0.1015625,1.9942169314719234,1.994216931471923e-06,mle,0.26960531433972246,2.323008581317074,ok,True,True,extraction,
xrp,3013,2026-02-09,2501,3012,512,-4.496878788986889,linear,52,0,52,52,0,52,0.1,0.1015625,0.1015625,1.992001215576663,1.992001215576663e-06,mle,0.26960531433972246,2.323008581317074,ok,True,True,extraction,
xrp,3014,2026-02-10,2502,3013,512,-4.496878788986889,linear,52,0,52,52,0,52,0.1,0.1015625,0.1015625,1.9821224245394609,1.982122424539461e-06,mle,0.26960531433972246,2.323008581317074,ok,True,True,extraction,
xrp,3015,2026-02-11,2503,3014,512,-4.496878788986889,linear,52,0,52,52,0,52,0.1,0.1015625,0.1015625,1.985794696415157,1.985794696415157e-06,mle,0.26960531433972246,2.323008581317074,ok,True,True,extraction,
xrp,3016,2026-02-12,2504,3015,512,-4.496878788986889,linear,52,0,52,52,0,52,0.1,0.1015625,0.1015625,1.992001215576663,1.992001215576663e-06,mle,0.26960531433972246,2.323008581317074,ok,True,True,extraction,
xrp,3017,2026-02-13,2505,3016,512,-4.496878788986889,linear,52,0,52,52,0,52,0.1,0.1015625,0.1015625,1.9878775862283127,1.9878775862283125e-06,mle,0.26960531433972246,2.323008581317074,ok,True,True,extraction,
xrp,3018,2026-02-14,2506,3017,512,-4.496878788986889,linear,52,0,52,52,0,52,0.1,0.1015625,0.1015625,1.9933488989664436,1.9933488989664436e-06,mle,0.26960531433972246,2.323008581317074,ok,True,True,extraction,
xrp,3019,2026-02-15,2507,3018,512,-4.496878788986889,linear,52,0,52,52,0,52,0.1,0.1015625,0.1015625,1.9963765811709109,1.9963765811709106e-06,mle,0.26960531433972246,2.323008581317074,ok,True,True,extraction,
xrp,3020,2026-02-16,2508,3019,512,-4.496878788986889,linear,52,0,52,52,0,52,0.1,0.1015625,0.1015625,1.9982696132026327,1.9982696132026325e-06,mle,0.26960531433972246,2.323008581317074,ok,True,True,extraction,
xrp,3021,2026-02-17,2509,3020,512,-4.496878788986889,linear,52,0,52,52,0,52,0.1,0.1015625,0.1015625,1.9963765811709109,1.9963765811709106e-06,mle,0.26960531433972246,2.323008581317074,ok,True,True,extraction,
xrp,3022,2026-02-18,2510,3021,512,-4.496878788986889,linear,52,0,52,52,0,52,0.1,0.1015625,0.1015625,1.9963765811709109,1.9963765811709106e-06,mle,0.26960531433972246,2.323008581317074,ok,True,True,extraction,
xrp,3023,2026-02-19,2511,3022,512,-4.496878788986889,linear,52,0,52,52,0,52,0.1,0.1015625,0.1015625,2.0005002105192613,2.000500210519261e-06,mle,0.26960531433972246,2.323008581317074,ok,True,True,extraction,
xrp,3024,2026-02-20,2512,3023,512,-4.496878788986889,linear,52,0,52,52,0,52,0.1,0.1015625,0.1015625,2.0005002105192613,2.000500210519261e-06,mle,0.26960531433972246,2.323008581317074,ok,True,True,extraction,
xrp,3025,2026-02-21,2513,3024,512,-4.496878788986889,linear,52,0,52,52,0,52,0.1,0.1015625,0.1015625,2.0005002105192613,2.000500210519261e-06,mle,0.26960531433972246,2.323008581317074,ok,True,True,extraction,
xrp,3026,2026-02-22,2514,3025,512,-4.496878788986889,linear,52,0,52,52,0,52,0.1,0.1015625,0.1015625,1.9996321780137816,1.9996321780137816e-06,mle,0.26960531433972246,2.323008581317074,ok,True,True,extraction,
xrp,3027,2026-02-23,2515,3026,512,-4.496878788986889,linear,52,0,52,52,0,52,0.1,0.1015625,0.1015625,2.0005002105192613,2.000500210519261e-06,mle,0.26960531433972246,2.323008581317074,ok,True,True,extraction,
xrp,3028,2026-02-24,2516,3027,512,-4.496878788986889,linear,52,0,52,52,0,52,0.1,0.1015625,0.1015625,2.009362209443367,2.009362209443367e-06,mle,0.26960531433972246,2.323008581317074,ok,True,True,extraction,
xrp,3029,2026-02-25,2517,3028,512,-4.455403834768871,linear,52,0,52,52,0,52,0.1,0.1015625,0.1015625,2.000996040582873,2.0009960405828726e-06,mle,0.2556134031884507,2.3880837376340858,ok,True,True,extraction,
xrp,3030,2026-02-26,2518,3029,512,-4.455403834768871,linear,52,0,52,52,0,52,0.1,0.1015625,0.1015625,1.9982696132026327,1.9982696132026325e-06,mle,0.2556134031884507,2.3880837376340858,ok,True,True,extraction,
xrp,3031,2026-02-27,2519,3030,512,-4.369793575756724,linear,52,0,52,52,0,52,0.1,0.1015625,0.1015625,1.9982696132026327,1.9982696132026325e-06,mle,0.256026764834299,2.363762496454133,ok,True,True,extraction,
xrp,3032,2026-02-28,2520,3031,512,-4.369793575756724,linear,52,0,52,52,0,52,0.1,0.1015625,0.1015625,1.9982696132026327,1.9982696132026325e-06,mle,0.256026764834299,2.363762496454133,ok,True,True,extraction,
xrp,3033,2026-03-01,2521,3032,512,-4.369793575756724,linear,52,0,52,52,0,52,0.1,0.1015625,0.1015625,1.9933488989664436,1.9933488989664436e-06,mle,0.256026764834299,2.363762496454133,ok,True,True,extraction,
xrp,3034,2026-03-02,2522,3033,512,-4.369793575756724,linear,52,0,52,52,0,52,0.1,0.1015625,0.1015625,1.9933488989664436,1.9933488989664436e-06,mle,0.256026764834299,2.363762496454133,ok,True,True,extraction,
xrp,3035,2026-03-03,2523,3034,512,-4.369793575756724,linear,52,0,52,52,0,52,0.1,0.1015625,0.1015625,1.9982696132026327,1.9982696132026325e-06,mle,0.256026764834299,2.363762496454133,ok,True,True,extraction,
xrp,3036,2026-03-04,2524,3035,512,-4.369793575756724,linear,52,0,52,52,0,52,0.1,0.1015625,0.1015625,2.0005002105192613,2.000500210519261e-06,mle,0.256026764834299,2.363762496454133,ok,True,True,extraction,
xrp,3037,2026-03-05,2525,3036,512,-4.369793575756724,linear,52,0,52,52,0,52,0.1,0.1015625,0.1015625,2.024830684570316,2.024830684570316e-06,mle,0.256026764834299,2.363762496454133,ok,True,True,extraction,
xrp,3038,2026-03-06,2526,3037,512,-4.369793575756724,linear,52,0,52,52,0,52,0.1,0.1015625,0.1015625,2.024830684570316,2.024830684570316e-06,mle,0.256026764834299,2.363762496454133,ok,True,True,extraction,
xrp,3039,2026-03-07,2527,3038,512,-4.369793575756724,linear,52,0,52,52,0,52,0.1,0.1015625,0.1015625,2.0409084359880643,2.0409084359880644e-06,mle,0.256026764834299,2.363762496454133,ok,True,True,extraction,
xrp,3040,2026-03-08,2528,3039,512,-4.369793575756724,linear,52,0,52,52,0,52,0.1,0.1015625,0.1015625,2.026802525672263,2.026802525672263e-06,mle,0.256026764834299,2.363762496454133,ok,True,True,extraction,
xrp,3041,2026-03-09,2529,3040,512,-4.369793575756724,linear,52,0,52,52,0,52,0.1,0.1015625,0.1015625,2.0322370916035055,2.0322370916035052e-06,mle,0.256026764834299,2.363762496454133,ok,True,True,extraction,
xrp,3042,2026-03-10,2530,3041,512,-4.369793575756724,linear,52,0,52,52,0,52,0.1,0.1015625,0.1015625,2.026802525672263,2.026802525672263e-06,mle,0.256026764834299,2.363762496454133,ok,True,True,extraction,
xrp,3043,2026-03-11,2531,3042,512,-4.369793575756724,linear,52,0,52,52,0,52,0.1,0.1015625,0.1015625,2.0248306845703166,2.0248306845703166e-06,mle,0.256026764834299,2.363762496454133,ok,True,True,extraction,
xrp,3044,2026-03-12,2532,3043,512,-4.369793575756724,linear,52,0,52,52,0,52,0.1,0.1015625,0.1015625,2.0248306845703166,2.0248306845703166e-06,mle,0.256026764834299,2.363762496454133,ok,True,True,extraction,
xrp,3045,2026-03-13,2533,3044,512,-4.369793575756724,linear,52,0,52,52,0,52,0.1,0.1015625,0.1015625,2.0248306845703166,2.0248306845703166e-06,mle,0.256026764834299,2.363762496454133,ok,True,True,extraction,
xrp,3046,2026-03-14,2534,3045,512,-4.369793575756724,linear,52,0,52,52,0,52,0.1,0.1015625,0.1015625,2.024830684570316,2.024830684570316e-06,mle,0.256026764834299,2.363762496454133,ok,True,True,extraction,
xrp,3047,2026-03-15,2535,3046,512,-4.369793575756724,linear,52,0,52,52,0,52,0.1,0.1015625,0.1015625,2.024830684570316,2.024830684570316e-06,mle,0.256026764834299,2.363762496454133,ok,True,True,extraction,
xrp,3048,2026-03-16,2536,3047,512,-4.369793575756724,linear,52,0,52,52,0,52,0.1,0.1015625,0.1015625,2.0538940642605197,2.0538940642605194e-06,mle,0.256026764834299,2.363762496454133,ok,True,True,extraction,
xrp,3049,2026-03-17,2537,3048,512,-4.369793575756724,linear,52,0,52,52,0,52,0.1,0.1015625,0.1015625,2.064961993230217,2.064961993230217e-06,mle,0.256026764834299,2.363762496454133,ok,True,True,extraction,
xrp,3050,2026-03-18,2538,3049,512,-4.369793575756724,linear,52,0,52,52,0,52,0.1,0.1015625,0.1015625,2.064961993230217,2.064961993230217e-06,mle,0.256026764834299,2.363762496454133,ok,True,True,extraction,
xrp,3051,2026-03-19,2539,3050,512,-4.369793575756724,linear,52,0,52,52,0,52,0.1,0.1015625,0.1015625,2.0796954807982577,2.0796954807982577e-06,mle,0.256026764834299,2.363762496454133,ok,True,True,extraction,
xrp,3052,2026-03-20,2540,3051,512,-4.369793575756724,linear,52,0,52,52,0,52,0.1,0.1015625,0.1015625,2.0796954807982577,2.0796954807982577e-06,mle,0.256026764834299,2.363762496454133,ok,True,True,extraction,
xrp,3053,2026-03-21,2541,3052,512,-4.369793575756724,linear,52,0,52,52,0,52,0.1,0.1015625,0.1015625,2.0796954807982577,2.0796954807982577e-06,mle,0.256026764834299,2.363762496454133,ok,True,True,extraction,
xrp,3054,2026-03-22,2542,3053,512,-4.3560590921544735,linear,52,0,52,52,0,52,0.1,0.1015625,0.1015625,2.0796954807982577,2.0796954807982577e-06,mle,0.2769864912670894,2.2966318097888196,ok,True,True,extraction,
xrp,3055,2026-03-23,2543,3054,512,-4.3560590921544735,linear,52,0,52,52,0,52,0.1,0.1015625,0.1015625,2.0608383638818664,2.060838363881866e-06,mle,0.2769864912670894,2.2966318097888196,ok,True,True,extraction,
xrp,3056,2026-03-24,2544,3055,512,-4.3560590921544735,linear,52,0,52,52,0,52,0.1,0.1015625,0.1015625,2.075571851449907,2.0755718514499068e-06,mle,0.2769864912670894,2.2966318097888196,ok,True,True,extraction,
xrp,3057,2026-03-25,2545,3056,512,-4.3560590921544735,linear,52,0,52,52,0,52,0.1,0.1015625,0.1015625,2.0667098525258023,2.0667098525258023e-06,mle,0.2769864912670894,2.2966318097888196,ok,True,True,extraction,
xrp,3058,2026-03-26,2546,3057,512,-4.3560590921544735,linear,52,0,52,52,0,52,0.1,0.1015625,0.1015625,2.0667098525258023,2.0667098525258023e-06,mle,0.2769864912670894,2.2966318097888196,ok,True,True,extraction,
xrp,3059,2026-03-27,2547,3058,512,-4.3560590921544735,linear,52,0,52,52,0,52,0.1,0.1015625,0.1015625,2.073922820610399,2.0739228206103986e-06,mle,0.2769864912670894,2.2966318097888196,ok,True,True,extraction,
xrp,3060,2026-03-28,2548,3059,512,-4.3560590921544735,linear,52,0,52,52,0,52,0.1,0.1015625,0.1015625,2.073922820610399,2.0739228206103986e-06,mle,0.2769864912670894,2.2966318097888196,ok,True,True,extraction,
xrp,3061,2026-03-29,2549,3060,512,-4.3560590921544735,linear,52,0,52,52,0,52,0.1,0.1015625,0.1015625,2.073922820610399,2.0739228206103986e-06,mle,0.2769864912670894,2.2966318097888196,ok,True,True,extraction,
xrp,3062,2026-03-30,2550,3061,512,-4.3560590921544735,linear,52,0,52,52,0,52,0.1,0.1015625,0.1015625,2.073922820610399,2.0739228206103986e-06,mle,0.2769864912670894,2.2966318097888196,ok,True,True,extraction,
xrp,3063,2026-03-31,2551,3062,512,-4.3560590921544735,linear,52,0,52,52,0,52,0.1,0.1015625,0.1015625,2.073922820610399,2.0739228206103986e-06,mle,0.2769864912670894,2.2966318097888196,ok,True,True,extraction,
xrp,3064,2026-04-01,2552,3063,512,-4.3560590921544735,linear,52,0,52,52,0,52,0.1,0.1015625,0.1015625,2.073922820610399,2.0739228206103986e-06,mle,0.2769864912670894,2.2966318097888196,ok,True,True,extraction,
xrp,3065,2026-04-02,2553,3064,512,-4.3560590921544735,linear,52,0,52,52,0,52,0.1,0.1015625,0.1015625,2.0667098525258023,2.0667098525258023e-06,mle,0.2769864912670894,2.2966318097888196,ok,True,True,extraction,
xrp,3066,2026-04-03,2554,3065,512,-4.3560590921544735,linear,52,0,52,52,0,52,0.1,0.1015625,0.1015625,2.036993943713597,2.0369939437135968e-06,mle,0.2769864912670894,2.2966318097888196,ok,True,True,extraction,
xrp,3067,2026-04-04,2555,3066,512,-4.3560590921544735,linear,52,0,52,52,0,52,0.1,0.1015625,0.1015625,2.026802525672263,2.026802525672263e-06,mle,0.2769864912670894,2.2966318097888196,ok,True,True,extraction,
xrp,3068,2026-04-05,2556,3067,512,-4.3560590921544735,linear,52,0,52,52,0,52,0.1,0.1015625,0.1015625,2.0322370916035055,2.0322370916035052e-06,mle,0.2769864912670894,2.2966318097888196,ok,True,True,extraction,
xrp,3069,2026-04-06,2557,3068,512,-4.3560590921544735,linear,52,0,52,52,0,52,0.1,0.1015625,0.1015625,2.0322370916035055,2.0322370916035052e-06,mle,0.2769864912670894,2.2966318097888196,ok,True,True,extraction,
xrp,3070,2026-04-07,2558,3069,512,-4.3560590921544735,linear,52,0,52,52,0,52,0.1,0.1015625,0.1015625,2.0264908486890563,2.026490848689056e-06,mle,0.2769864912670894,2.2966318097888196,ok,True,True,extraction,
xrp,3071,2026-04-08,2559,3070,512,-4.3560590921544735,linear,52,0,52,52,0,52,0.1,0.1015625,0.1015625,2.0264908486890563,2.026490848689056e-06,mle,0.2769864912670894,2.2966318097888196,ok,True,True,extraction,
xrp,3072,2026-04-09,2560,3071,512,-4.3560590921544735,linear,52,0,52,52,0,52,0.1,0.1015625,0.1015625,2.0275324446795198,2.0275324446795195e-06,mle,0.2769864912670894,2.2966318097888196,ok,True,True,extraction,
xrp,3073,2026-04-10,2561,3072,512,-4.3560590921544735,linear,52,0,52,52,0,52,0.1,0.1015625,0.1015625,2.018436356811769,2.018436356811769e-06,mle,0.2769864912670894,2.2966318097888196,ok,True,True,extraction,
xrp,3074,2026-04-11,2562,3073,512,-4.3560590921544735,linear,52,0,52,52,0,52,0.1,0.1015625,0.1015625,2.0154136278818804,2.01541362788188e-06,mle,0.2769864912670894,2.2966318097888196,ok,True,True,extraction,
xrp,3075,2026-04-12,2563,3074,512,-4.3560590921544735,linear,52,0,52,52,0,52,0.1,0.1015625,0.1015625,2.009758473229547,2.0097584732295466e-06,mle,0.2769864912670894,2.2966318097888196,ok,True,True,extraction,
xrp,3076,2026-04-13,2564,3075,512,-4.3560590921544735,linear,52,0,52,52,0,52,0.1,0.1015625,0.1015625,2.009758473229547,2.0097584732295466e-06,mle,0.2769864912670894,2.2966318097888196,ok,True,True,extraction,
xrp,3077,2026-04-14,2565,3076,512,-4.302455921661893,linear,52,0,52,52,0,52,0.1,0.1015625,0.1015625,2.009758473229547,2.0097584732295466e-06,mle,0.2788397785275179,2.3088464144152194,ok,True,True,extraction,
xrp,3078,2026-04-15,2566,3077,512,-4.302455921661893,linear,52,0,52,52,0,52,0.1,0.1015625,0.1015625,2.0080021593653785,2.0080021593653782e-06,mle,0.2788397785275179,2.3088464144152194,ok,True,True,extraction,
xrp,3079,2026-04-16,2567,3078,512,-4.302455921661893,linear,52,0,52,52,0,52,0.1,0.1015625,0.1015625,2.009758473229547,2.0097584732295466e-06,mle,0.2788397785275179,2.3088464144152194,ok,True,True,extraction,
xrp,3080,2026-04-17,2568,3079,512,-4.302455921661893,linear,52,0,52,52,0,52,0.1,0.1015625,0.1015625,2.0154136278818804,2.01541362788188e-06,mle,0.2788397785275179,2.3088464144152194,ok,True,True,extraction,
xrp,3081,2026-04-18,2569,3080,512,-4.302455921661893,linear,52,0,52,52,0,52,0.1,0.1015625,0.1015625,2.009758473229547,2.0097584732295466e-06,mle,0.2788397785275179,2.3088464144152194,ok,True,True,extraction,
xrp,3082,2026-04-19,2570,3081,512,-4.302455921661893,linear,52,0,52,52,0,52,0.1,0.1015625,0.1015625,2.009758473229547,2.0097584732295466e-06,mle,0.2788397785275179,2.3088464144152194,ok,True,True,extraction,
xrp,3083,2026-04-20,2571,3082,512,-4.302455921661893,linear,52,0,52,52,0,52,0.1,0.1015625,0.1015625,2.011985378207319,2.011985378207319e-06,mle,0.2788397785275179,2.3088464144152194,ok,True,True,extraction,
xrp,3084,2026-04-21,2572,3083,512,-4.302455921661893,linear,52,0,52,52,0,52,0.1,0.1015625,0.1015625,2.013086376179527,2.013086376179527e-06,mle,0.2788397785275179,2.3088464144152194,ok,True,True,extraction,
xrp,3085,2026-04-22,2573,3084,512,-4.302455921661893,linear,52,0,52,52,0,52,0.1,0.1015625,0.1015625,2.0154136278818804,2.01541362788188e-06,mle,0.2788397785275179,2.3088464144152194,ok,True,True,extraction,
xrp,3086,2026-04-23,2574,3085,512,-4.302455921661893,linear,52,0,52,52,0,52,0.1,0.1015625,0.1015625,2.0164645157098224,2.0164645157098223e-06,mle,0.2788397785275179,2.3088464144152194,ok,True,True,extraction,
xrp,3087,2026-04-24,2575,3086,512,-4.302455921661893,linear,52,0,52,52,0,52,0.1,0.1015625,0.1015625,2.0121486815730094,2.0121486815730094e-06,mle,0.2788397785275179,2.3088464144152194,ok,True,True,extraction,
xrp,3088,2026-04-25,2576,3087,512,-4.302455921661893,linear,52,0,52,52,0,52,0.1,0.1015625,0.1015625,2.005845442076578,2.005845442076578e-06,mle,0.2788397785275179,2.3088464144152194,ok,True,True,extraction,
xrp,3089,2026-04-26,2577,3088,512,-4.302455921661893,linear,52,0,52,52,0,52,0.1,0.1015625,0.1015625,2.005445190060443,2.0054451900604427e-06,mle,0.2788397785275179,2.3088464144152194,ok,True,True,extraction,
xrp,3090,2026-04-27,2578,3089,512,-4.302455921661893,linear,52,0,52,52,0,52,0.1,0.1015625,0.1015625,1.9997480829760566,1.9997480829760566e-06,mle,0.2788397785275179,2.3088464144152194,ok,True,True,extraction,
xrp,3091,2026-04-28,2579,3090,512,-4.302455921661893,linear,52,0,52,52,0,52,0.1,0.1015625,0.1015625,1.9967556222980152,1.9967556222980152e-06,mle,0.2788397785275179,2.3088464144152194,ok,True,True,extraction,
xrp,3092,2026-04-29,2580,3091,512,-4.302455921661893,linear,52,0,52,52,0,52,0.1,0.1015625,0.1015625,1.9849565735422363,1.984956573542236e-06,mle,0.2788397785275179,2.3088464144152194,ok,True,True,extraction,
xrp,3093,2026-04-30,2581,3092,512,-4.275641127112081,linear,52,0,52,52,0,52,0.1,0.1015625,0.1015625,1.9773165968233202,1.97731659682332e-06,mle,0.3094175787201572,2.20514761564596,ok,True,True,extraction,
xrp,3094,2026-05-01,2582,3093,512,-4.259466795032069,linear,52,0,52,52,0,52,0.1,0.1015625,0.1015625,1.9636710981386707,1.9636710981386706e-06,mle,0.34811447423117325,2.079687634399194,ok,True,True,extraction,
xrp,3095,2026-05-02,2583,3094,512,-4.259466795032069,linear,52,0,52,52,0,52,0.1,0.1015625,0.1015625,1.9559301863055158,1.9559301863055157e-06,mle,0.34811447423117325,2.079687634399194,ok,True,True,extraction,
xrp,3096,2026-05-03,2584,3095,512,-4.259466795032069,linear,52,0,52,52,0,52,0.1,0.1015625,0.1015625,1.950458873567385,1.950458873567385e-06,mle,0.34811447423117325,2.079687634399194,ok,True,True,extraction,
xrp,3097,2026-05-04,2585,3096,512,-4.259466795032069,linear,52,0,52,52,0,52,0.1,0.1015625,0.1015625,1.9351158017212675,1.9351158017212676e-06,mle,0.34811447423117325,2.079687634399194,ok,True,True,extraction,
xrp,3098,2026-05-05,2586,3097,512,-4.259466795032069,linear,52,0,52,52,0,52,0.1,0.1015625,0.1015625,1.939099020563208,1.939099020563208e-06,mle,0.34811447423117325,2.079687634399194,ok,True,True,extraction,
xrp,3099,2026-05-06,2587,3098,512,-4.235510617581732,linear,52,0,52,52,0,52,0.1,0.1015625,0.1015625,1.9275726474669566,1.9275726474669565e-06,mle,0.33942228978300004,1.9529355988022057,ok,True,True,extraction,
xrp,3100,2026-05-07,2588,3099,512,-4.235510617581732,linear,52,0,52,52,0,52,0.1,0.1015625,0.1015625,1.9206664185747069,1.920666418574707e-06,mle,0.33942228978300004,1.9529355988022057,ok,True,True,extraction,
xrp,3101,2026-05-08,2589,3100,512,-4.235510617581732,linear,52,0,52,52,0,52,0.1,0.1015625,0.1015625,1.925245395764603,1.925245395764603e-06,mle,0.33942228978300004,1.9529355988022057,ok,True,True,extraction,
xrp,3102,2026-05-09,2590,3101,512,-4.235510617581732,linear,52,0,52,52,0,52,0.1,0.1015625,0.1015625,1.9275726474669566,1.9275726474669565e-06,mle,0.33942228978300004,1.9529355988022057,ok,True,True,extraction,
xrp,3103,2026-05-10,2591,3102,512,-4.235510617581732,linear,52,0,52,52,0,52,0.1,0.1015625,0.1015625,1.9206664185747069,1.920666418574707e-06,mle,0.33942228978300004,1.9529355988022057,ok,True,True,extraction,
xrp,3104,2026-05-11,2592,3103,512,-4.235510617581732,linear,52,0,52,52,0,52,0.1,0.1015625,0.1015625,1.9301925734130014,1.9301925734130012e-06,mle,0.33942228978300004,1.9529355988022057,ok,True,True,extraction,
xrp,3105,2026-05-12,2593,3104,512,-4.235510617581732,linear,52,0,52,52,0,52,0.1,0.1015625,0.1015625,1.9232863445207518,1.9232863445207515e-06,mle,0.33942228978300004,1.9529355988022057,ok,True,True,extraction,
xrp,3106,2026-05-13,2594,3105,512,-4.235510617581732,linear,52,0,52,52,0,52,0.1,0.1015625,0.1015625,1.9275726474669566,1.9275726474669565e-06,mle,0.33942228978300004,1.9529355988022057,ok,True,True,extraction,
xrp,3107,2026-05-14,2595,3106,512,-4.235510617581732,linear,52,0,52,52,0,52,0.1,0.1015625,0.1015625,1.9183391668723533,1.918339166872353e-06,mle,0.33942228978300004,1.9529355988022057,ok,True,True,extraction,
xrp,3108,2026-05-15,2596,3107,512,-4.155675045245293,linear,52,0,52,52,0,52,0.1,0.1015625,0.1015625,1.9206664185747069,1.920666418574707e-06,mle,0.3252577258588313,1.946419907586486,ok,True,True,extraction,
xrp,3109,2026-05-16,2597,3108,512,-4.155675045245293,linear,52,0,52,52,0,52,0.1,0.1015625,0.1015625,1.9206664185747069,1.920666418574707e-06,mle,0.3252577258588313,1.946419907586486,ok,True,True,extraction,
xrp,3110,2026-05-17,2598,3109,512,-4.155675045245293,linear,52,0,52,52,0,52,0.1,0.1015625,0.1015625,1.9183391668723533,1.918339166872353e-06,mle,0.3252577258588313,1.946419907586486,ok,True,True,extraction,
xrp,3111,2026-05-18,2599,3110,512,-4.155675045245293,linear,52,0,52,52,0,52,0.1,0.1015625,0.1015625,1.9183391668723533,1.918339166872353e-06,mle,0.3252577258588313,1.946419907586486,ok,True,True,extraction,
xrp,3112,2026-05-19,2600,3111,512,-4.155675045245293,linear,52,0,52,52,0,52,0.1,0.1015625,0.1015625,1.9183391668723533,1.918339166872353e-06,mle,0.3252577258588313,1.946419907586486,ok,True,True,extraction,
xrp,3113,2026-05-20,2601,3112,512,-4.155675045245293,linear,52,0,52,52,0,52,0.1,0.1015625,0.1015625,1.911468956113385,1.911468956113385e-06,mle,0.3252577258588313,1.946419907586486,ok,True,True,extraction,
xrp,3114,2026-05-21,2602,3113,512,-4.155675045245293,linear,52,0,52,52,0,52,0.1,0.1015625,0.1015625,1.9050794619165314,1.9050794619165313e-06,mle,0.3252577258588313,1.946419907586486,ok,True,True,extraction,
xrp,3115,2026-05-22,2603,3114,512,-4.155675045245293,linear,52,0,52,52,0,52,0.1,0.1015625,0.1015625,1.9059209500181893,1.9059209500181892e-06,mle,0.3252577258588313,1.946419907586486,ok,True,True,extraction,
xrp,3116,2026-05-23,2604,3115,512,-4.133324794710097,linear,52,0,52,52,0,52,0.1,0.1015625,0.1015625,1.9059209500181893,1.9059209500181892e-06,mle,0.35308330434186697,1.8672586929158015,ok,True,True,extraction,
xrp,3117,2026-05-24,2605,3116,512,-4.133324794710097,linear,52,0,52,52,0,52,0.1,0.1015625,0.1015625,1.911468956113385,1.911468956113385e-06,mle,0.35308330434186697,1.8672586929158015,ok,True,True,extraction,
xrp,3118,2026-05-25,2606,3117,512,-4.133324794710097,linear,52,0,52,52,0,52,0.1,0.1015625,0.1015625,1.9059209500181893,1.9059209500181892e-06,mle,0.35308330434186697,1.8672586929158015,ok,True,True,extraction,
xrp,3119,2026-05-26,2607,3118,512,-4.133324794710097,linear,52,0,52,52,0,52,0.1,0.1015625,0.1015625,1.8952818472930932,1.895281847293093e-06,mle,0.35308330434186697,1.8672586929158015,ok,True,True,extraction,
xrp,3120,2026-05-27,2608,3119,512,-4.133324794710097,linear,52,0,52,52,0,52,0.1,0.1015625,0.1015625,1.8952818472930932,1.895281847293093e-06,mle,0.35308330434186697,1.8672586929158015,ok,True,True,extraction,
xrp,3121,2026-05-28,2609,3120,512,-4.133324794710097,linear,52,0,52,52,0,52,0.1,0.1015625,0.1015625,1.8952818472930932,1.895281847293093e-06,mle,0.35308330434186697,1.8672586929158015,ok,True,True,extraction,
xrp,3122,2026-05-29,2610,3121,512,-4.133324794710097,linear,52,0,52,52,0,52,0.1,0.1015625,0.1015625,1.8769820272033777,1.8769820272033776e-06,mle,0.35308330434186697,1.8672586929158015,ok,True,True,extraction,
xrp,3123,2026-05-30,2611,3122,512,-4.133324794710097,linear,52,0,52,52,0,52,0.1,0.1015625,0.1015625,1.866704409069611,1.866704409069611e-06,mle,0.35308330434186697,1.8672586929158015,ok,True,True,extraction,
xrp,3124,2026-05-31,2612,3123,512,-4.133324794710097,linear,52,0,52,52,0,52,0.1,0.1015625,0.1015625,1.8557595857637552,1.8557595857637551e-06,mle,0.35308330434186697,1.8672586929158015,ok,True,True,extraction,
xrp,3125,2026-06-01,2613,3124,512,-4.133324794710097,linear,52,0,52,52,0,52,0.1,0.1015625,0.1015625,1.8557595857637552,1.8557595857637551e-06,mle,0.35308330434186697,1.8672586929158015,ok,True,True,extraction,
xrp,3126,2026-06-02,2614,3125,512,-4.133324794710097,linear,52,0,52,52,0,52,0.1,0.1015625,0.1015625,1.866704409069611,1.866704409069611e-06,mle,0.35308330434186697,1.8672586929158015,ok,True,True,extraction,
xrp,3127,2026-06-03,2615,3126,512,-4.155675045245293,linear,52,0,52,52,0,52,0.1,0.1015625,0.1015625,1.8809652460453181,1.880965246045318e-06,mle,0.3224467270535372,1.9596003843199283,ok,True,True,extraction,
xrp,3128,2026-06-04,2616,3127,512,-4.133324794710097,linear,52,0,52,52,0,52,0.1,0.1015625,0.1015625,1.8706876279115514,1.8706876279115513e-06,mle,0.34932841641579215,1.8840211755441456,ok,True,True,extraction,
xrp,3129,2026-06-05,2617,3128,512,-4.133324794710097,linear,52,0,52,52,0,52,0.1,0.1015625,0.1015625,1.8775186891840971,1.877518689184097e-06,mle,0.34932841641579215,1.8840211755441456,ok,True,True,extraction,
xrp,3130,2026-06-06,2618,3129,512,-4.133324794710097,linear,52,0,52,52,0,52,0.1,0.1015625,0.1015625,1.8775186891840971,1.877518689184097e-06,mle,0.31346802035602883,1.99461624055421,ok,True,True,extraction,
xrp,3131,2026-06-07,2619,3130,512,-4.133324794710097,linear,52,0,52,52,0,52,0.1,0.1015625,0.1015625,1.8715713296391097,1.8715713296391095e-06,mle,0.31346802035602883,1.99461624055421,ok,True,True,extraction,
xrp,3132,2026-06-08,2620,3131,512,-4.133324794710097,linear,52,0,52,52,0,52,0.1,0.1015625,0.1015625,1.8715713296391097,1.8715713296391095e-06,mle,0.31346802035602883,1.99461624055421,ok,True,True,extraction,
xrp,3133,2026-06-09,2621,3132,512,-4.133324794710097,linear,52,0,52,52,0,52,0.1,0.1015625,0.1015625,1.8549078048185963,1.8549078048185963e-06,mle,0.31346802035602883,1.99461624055421,ok,True,True,extraction,
xrp,3134,2026-06-10,2622,3133,512,-4.133324794710097,linear,52,0,52,52,0,52,0.1,0.1015625,0.1015625,1.8715713296391097,1.8715713296391095e-06,mle,0.31346802035602883,1.99461624055421,ok,True,True,extraction,
xrp,3135,2026-06-11,2623,3134,512,-4.133324794710097,linear,52,0,52,52,0,52,0.1,0.1015625,0.1015625,1.873937344107868,1.8739373441078679e-06,mle,0.31346802035602883,1.99461624055421,ok,True,True,extraction,
xrp,3136,2026-06-12,2624,3135,512,-4.133324794710097,linear,52,0,52,52,0,52,0.1,0.1015625,0.1015625,1.873937344107868,1.8739373441078679e-06,mle,0.31346802035602883,1.99461624055421,ok,True,True,extraction,
xrp,3137,2026-06-13,2625,3136,512,-4.133324794710097,linear,52,0,52,52,0,52,0.1,0.1015625,0.1015625,1.8694386320160246,1.8694386320160244e-06,mle,0.31346802035602883,1.99461624055421,ok,True,True,extraction,
xrp,3138,2026-06-14,2626,3137,512,-4.133324794710097,linear,52,0,52,52,0,52,0.1,0.1015625,0.1015625,1.8694386320160246,1.8694386320160244e-06,mle,0.31346802035602883,1.99461624055421,ok,True,True,extraction,
xrp,3139,2026-06-15,2627,3138,512,-4.133324794710097,linear,52,0,52,52,0,52,0.1,0.1015625,0.1015625,1.873937344107868,1.8739373441078679e-06,mle,0.31346802035602883,1.99461624055421,ok,True,True,extraction,
xrp,3140,2026-06-16,2628,3139,512,-4.129693225835563,linear,52,0,52,52,0,52,0.1,0.1015625,0.1015625,1.8715713296391097,1.8715713296391095e-06,mle,0.3515823519094374,1.8188352087224982,ok,True,True,extraction,
xrp,3141,2026-06-17,2629,3140,512,-4.129693225835563,linear,52,0,52,52,0,52,0.1,0.1015625,0.1015625,1.8654355761903112,1.8654355761903112e-06,mle,0.3515823519094374,1.8188352087224982,ok,True,True,extraction,
xrp,3142,2026-06-18,2630,3141,512,-4.129693225835563,linear,52,0,52,52,0,52,0.1,0.1015625,0.1015625,1.8694386320160246,1.8694386320160244e-06,mle,0.3515823519094374,1.8188352087224982,ok,True,True,extraction,
xrp,3143,2026-06-19,2631,3142,512,-4.129693225835563,linear,52,0,52,52,0,52,0.1,0.1015625,0.1015625,1.879218861354714,1.879218861354714e-06,mle,0.3515823519094374,1.8188352087224982,ok,True,True,extraction,
xrp,3144,2026-06-20,2632,3143,512,-4.129693225835563,linear,52,0,52,52,0,52,0.1,0.1015625,0.1015625,1.879218861354714,1.879218861354714e-06,mle,0.3515823519094374,1.8188352087224982,ok,True,True,extraction,
xrp,3145,2026-06-21,2633,3144,512,-4.129693225835563,linear,52,0,52,52,0,52,0.1,0.1015625,0.1015625,1.873937344107868,1.8739373441078679e-06,mle,0.3515823519094374,1.8188352087224982,ok,True,True,extraction,
xrp,3146,2026-06-22,2634,3145,512,-4.129693225835563,linear,52,0,52,52,0,52,0.1,0.1015625,0.1015625,1.8813594506420825,1.8813594506420825e-06,mle,0.3515823519094374,1.8188352087224982,ok,True,True,extraction,
xrp,3147,2026-06-23,2635,3146,512,-4.129693225835563,linear,52,0,52,52,0,52,0.1,0.1015625,0.1015625,1.873937344107868,1.8739373441078679e-06,mle,0.3515823519094374,1.8188352087224982,ok,True,True,extraction,
xrp,3148,2026-06-24,2636,3147,512,-4.129693225835563,linear,52,0,52,52,0,52,0.1,0.1015625,0.1015625,1.879218861354714,1.879218861354714e-06,mle,0.3515823519094374,1.8188352087224982,ok,True,True,extraction,
xrp,3149,2026-06-25,2637,3148,512,-4.129693225835563,linear,52,0,52,52,0,52,0.1,0.1015625,0.1015625,1.8731390799645011,1.873139079964501e-06,mle,0.3515823519094374,1.8188352087224982,ok,True,True,extraction,
xrp,3150,2026-06-26,2638,3149,512,-4.129693225835563,linear,52,0,52,52,0,52,0.1,0.1015625,0.1015625,1.8859486869615942,1.8859486869615942e-06,mle,0.3515823519094374,1.8188352087224982,ok,True,True,extraction,
xrp,3151,2026-06-27,2639,3150,512,-4.129693225835563,linear,52,0,52,52,0,52,0.1,0.1015625,0.1015625,1.8804773742234633,1.8804773742234633e-06,mle,0.3515823519094374,1.8188352087224982,ok,True,True,extraction,
xrp,3152,2026-06-28,2640,3151,512,-4.129693225835563,linear,52,0,52,52,0,52,0.1,0.1015625,0.1015625,1.8698014982984223,1.8698014982984222e-06,mle,0.3515823519094374,1.8188352087224982,ok,True,True,extraction,
xrp,3153,2026-06-29,2641,3152,512,-4.103306694161462,linear,52,0,52,52,0,52,0.1,0.1015625,0.1015625,1.8717967548204995,1.8717967548204993e-06,mle,0.36030208287536514,1.805778835256456,ok,True,True,extraction,
xrp,3154,2026-06-30,2642,3153,512,-4.054631272480829,linear,52,0,52,52,0,52,0.1,0.1015625,0.1015625,1.8561861328852125,1.8561861328852123e-06,mle,0.3572832657331376,1.744547018432292,ok,True,True,extraction,
xrp,3155,2026-07-01,2643,3154,512,-4.054631272480829,linear,52,0,52,52,0,52,0.1,0.1015625,0.1015625,1.851783359562729,1.851783359562729e-06,mle,0.3572832657331376,1.744547018432292,ok,True,True,extraction,
xrp,3156,2026-07-02,2644,3155,512,-3.9468134547441562,linear,52,0,52,52,0,52,0.1,0.1015625,0.1015625,1.8320095122995386,1.8320095122995386e-06,mle,0.3268045350251191,1.8559495703500852,ok,True,True,extraction,
xrp,3157,2026-07-03,2645,3156,512,-3.9412720587830368,linear,52,0,52,52,0,52,0.1,0.1015625,0.1015625,1.8281026199154053,1.8281026199154052e-06,mle,0.3636868706982903,1.7461694333495987,ok,True,True,extraction,
xrp,3158,2026-07-04,2646,3157,512,-3.9412720587830368,linear,52,0,52,52,0,52,0.1,0.1015625,0.1015625,1.8281026199154053,1.8281026199154052e-06,mle,0.3636868706982903,1.7461694333495987,ok,True,True,extraction,
