model,asset,alpha,arm,in_mcs,mcs_p,n
chronos_bolt,aapl,0.01,F1,True,0.1128,2058
chronos_bolt,aapl,0.01,H,True,0.1128,2058
chronos_bolt,aapl,0.01,F2,True,0.1128,2058
chronos_bolt,aapl,0.01,F3,False,0.0494,2058
chronos_bolt,aapl,0.01,F4,True,0.1128,2058
chronos_bolt,aapl,0.01,garch_evt,True,0.1128,2058
chronos_bolt,aapl,0.01,fhs,True,0.1128,2058
chronos_bolt,aapl,0.025,F1,True,0.2622,2139
chronos_bolt,aapl,0.025,H,True,0.2622,2139
chronos_bolt,aapl,0.025,F2,True,0.2622,2139
chronos_bolt,aapl,0.025,F3,False,0.0678,2139
chronos_bolt,aapl,0.025,F4,True,0.2622,2139
chronos_bolt,aapl,0.025,garch_evt,True,0.2622,2139
chronos_bolt,aapl,0.025,fhs,True,0.2622,2139
chronos_bolt,aapl,0.05,F1,True,0.1074,2139
chronos_bolt,aapl,0.05,H,True,0.1074,2139
chronos_bolt,aapl,0.05,F2,True,0.1074,2139
chronos_bolt,aapl,0.05,F3,False,0.0014,2139
chronos_bolt,aapl,0.05,F4,True,0.1074,2139
chronos_bolt,aapl,0.05,garch_evt,True,0.1074,2139
chronos_bolt,aapl,0.05,fhs,True,0.1074,2139
chronos_bolt,amzn,0.01,F1,False,0.0994,2082
chronos_bolt,amzn,0.01,H,True,0.4936,2082
chronos_bolt,amzn,0.01,F2,True,0.4936,2082
chronos_bolt,amzn,0.01,F3,False,0.0994,2082
chronos_bolt,amzn,0.01,F4,False,0.0084,2082
chronos_bolt,amzn,0.01,garch_evt,True,0.4936,2082
chronos_bolt,amzn,0.01,fhs,True,0.4936,2082
chronos_bolt,amzn,0.025,F1,True,0.1046,2112
chronos_bolt,amzn,0.025,H,True,0.1046,2112
chronos_bolt,amzn,0.025,F2,True,0.1046,2112
chronos_bolt,amzn,0.025,F3,True,0.1046,2112
chronos_bolt,amzn,0.025,F4,True,0.1046,2112
chronos_bolt,amzn,0.025,garch_evt,True,0.1046,2112
chronos_bolt,amzn,0.025,fhs,True,0.1046,2112
chronos_bolt,amzn,0.05,F1,True,0.1506,2139
chronos_bolt,amzn,0.05,H,True,0.1506,2139
chronos_bolt,amzn,0.05,F2,True,0.1506,2139
chronos_bolt,amzn,0.05,F3,True,0.1506,2139
chronos_bolt,amzn,0.05,F4,True,0.1506,2139
chronos_bolt,amzn,0.05,garch_evt,True,0.1506,2139
chronos_bolt,amzn,0.05,fhs,True,0.1506,2139
chronos_bolt,audusd,0.01,F1,True,0.2372,2205
chronos_bolt,audusd,0.01,H,True,0.2372,2205
chronos_bolt,audusd,0.01,F2,True,0.2372,2205
chronos_bolt,audusd,0.01,F3,True,0.2372,2205
chronos_bolt,audusd,0.01,F4,True,0.2372,2205
chronos_bolt,audusd,0.01,garch_evt,True,0.2372,2205
chronos_bolt,audusd,0.01,fhs,True,0.2372,2205
chronos_bolt,audusd,0.025,F1,True,0.2514,2202
chronos_bolt,audusd,0.025,H,True,0.2514,2202
chronos_bolt,audusd,0.025,F2,True,0.2514,2202
chronos_bolt,audusd,0.025,F3,True,0.2514,2202
chronos_bolt,audusd,0.025,F4,True,0.2514,2202
chronos_bolt,audusd,0.025,garch_evt,True,0.2514,2202
chronos_bolt,audusd,0.025,fhs,True,0.2514,2202
chronos_bolt,audusd,0.05,F1,True,0.1508,2234
chronos_bolt,audusd,0.05,H,True,0.1508,2234
chronos_bolt,audusd,0.05,F2,True,0.1508,2234
chronos_bolt,audusd,0.05,F3,False,0.0128,2234
chronos_bolt,audusd,0.05,F4,True,0.1508,2234
chronos_bolt,audusd,0.05,garch_evt,True,0.1508,2234
chronos_bolt,audusd,0.05,fhs,True,0.1508,2234
chronos_bolt,brent,0.01,F1,True,0.3284,2088
chronos_bolt,brent,0.01,H,True,0.3284,2088
chronos_bolt,brent,0.01,F2,True,0.3284,2088
chronos_bolt,brent,0.01,F3,True,0.3284,2088
chronos_bolt,brent,0.01,F4,True,0.3284,2088
chronos_bolt,brent,0.01,garch_evt,True,0.3284,2088
chronos_bolt,brent,0.01,fhs,True,0.3284,2088
chronos_bolt,brent,0.025,F1,True,0.1292,2136
chronos_bolt,brent,0.025,H,True,0.1292,2136
chronos_bolt,brent,0.025,F2,True,0.1292,2136
chronos_bolt,brent,0.025,F3,False,0.0056,2136
chronos_bolt,brent,0.025,F4,True,0.1292,2136
chronos_bolt,brent,0.025,garch_evt,True,0.1292,2136
chronos_bolt,brent,0.025,fhs,True,0.1292,2136
chronos_bolt,brent,0.05,F1,True,0.1026,2140
chronos_bolt,brent,0.05,H,True,0.1026,2140
chronos_bolt,brent,0.05,F2,True,0.1026,2140
chronos_bolt,brent,0.05,F3,False,0.0248,2140
chronos_bolt,brent,0.05,F4,True,0.1026,2140
chronos_bolt,brent,0.05,garch_evt,True,0.1026,2140
chronos_bolt,brent,0.05,fhs,True,0.1026,2140
chronos_bolt,btc,0.01,F1,True,0.2744,2747
chronos_bolt,btc,0.01,H,True,0.2744,2747
chronos_bolt,btc,0.01,F2,True,0.2744,2747
chronos_bolt,btc,0.01,F3,True,0.2744,2747
chronos_bolt,btc,0.01,F4,True,0.2744,2747
chronos_bolt,btc,0.01,garch_evt,True,0.2744,2747
chronos_bolt,btc,0.01,fhs,True,0.2744,2747
chronos_bolt,btc,0.025,F1,True,0.4374,2808
chronos_bolt,btc,0.025,H,True,0.4374,2808
chronos_bolt,btc,0.025,F2,True,0.4374,2808
chronos_bolt,btc,0.025,F3,True,0.4374,2808
chronos_bolt,btc,0.025,F4,True,0.4374,2808
chronos_bolt,btc,0.025,garch_evt,True,0.4374,2808
chronos_bolt,btc,0.025,fhs,True,0.4374,2808
chronos_bolt,btc,0.05,F1,True,0.2458,2808
chronos_bolt,btc,0.05,H,True,0.2458,2808
chronos_bolt,btc,0.05,F2,True,0.2458,2808
chronos_bolt,btc,0.05,F3,True,0.2458,2808
chronos_bolt,btc,0.05,F4,True,0.2458,2808
chronos_bolt,btc,0.05,garch_evt,True,0.2458,2808
chronos_bolt,btc,0.05,fhs,True,0.2458,2808
chronos_bolt,copper,0.01,F1,True,0.7976,2105
chronos_bolt,copper,0.01,H,True,0.7976,2105
chronos_bolt,copper,0.01,F2,True,0.7976,2105
chronos_bolt,copper,0.01,F3,True,0.7976,2105
chronos_bolt,copper,0.01,F4,True,0.7976,2105
chronos_bolt,copper,0.01,garch_evt,True,0.7976,2105
chronos_bolt,copper,0.01,fhs,True,0.7976,2105
chronos_bolt,copper,0.025,F1,True,0.3384,2139
chronos_bolt,copper,0.025,H,True,0.3384,2139
chronos_bolt,copper,0.025,F2,True,0.3384,2139
chronos_bolt,copper,0.025,F3,True,0.3384,2139
chronos_bolt,copper,0.025,F4,True,0.3384,2139
chronos_bolt,copper,0.025,garch_evt,True,0.3384,2139
chronos_bolt,copper,0.025,fhs,True,0.3384,2139
chronos_bolt,copper,0.05,F1,True,0.3084,2140
chronos_bolt,copper,0.05,H,True,0.3084,2140
chronos_bolt,copper,0.05,F2,True,0.3084,2140
chronos_bolt,copper,0.05,F3,True,0.3084,2140
chronos_bolt,copper,0.05,F4,True,0.3084,2140
chronos_bolt,copper,0.05,garch_evt,True,0.3084,2140
chronos_bolt,copper,0.05,fhs,True,0.3084,2140
chronos_bolt,csi300,0.01,F1,True,0.1222,1678
chronos_bolt,csi300,0.01,H,True,0.1222,1678
chronos_bolt,csi300,0.01,F2,True,0.1222,1678
chronos_bolt,csi300,0.01,F3,False,0.0472,1678
chronos_bolt,csi300,0.01,F4,True,0.1222,1678
chronos_bolt,csi300,0.01,garch_evt,True,0.1222,1678
chronos_bolt,csi300,0.01,fhs,True,0.1222,1678
chronos_bolt,csi300,0.025,F1,True,0.1996,1680
chronos_bolt,csi300,0.025,H,True,0.1996,1680
chronos_bolt,csi300,0.025,F2,True,0.1996,1680
chronos_bolt,csi300,0.025,F3,True,0.1996,1680
chronos_bolt,csi300,0.025,F4,False,0.0988,1680
chronos_bolt,csi300,0.025,garch_evt,True,0.1996,1680
chronos_bolt,csi300,0.025,fhs,True,0.1996,1680
chronos_bolt,csi300,0.05,F1,True,0.2084,1680
chronos_bolt,csi300,0.05,H,True,0.2084,1680
chronos_bolt,csi300,0.05,F2,True,0.2084,1680
chronos_bolt,csi300,0.05,F3,True,0.2084,1680
chronos_bolt,csi300,0.05,F4,True,0.2084,1680
chronos_bolt,csi300,0.05,garch_evt,True,0.2084,1680
chronos_bolt,csi300,0.05,fhs,True,0.2084,1680
chronos_bolt,dax,0.01,F1,True,0.2156,2149
chronos_bolt,dax,0.01,H,True,0.2156,2149
chronos_bolt,dax,0.01,F2,True,0.2156,2149
chronos_bolt,dax,0.01,F3,False,0.0404,2149
chronos_bolt,dax,0.01,F4,True,0.2156,2149
chronos_bolt,dax,0.01,garch_evt,True,0.2156,2149
chronos_bolt,dax,0.01,fhs,True,0.2156,2149
chronos_bolt,dax,0.025,F1,True,0.2034,2151
chronos_bolt,dax,0.025,H,True,0.2034,2151
chronos_bolt,dax,0.025,F2,True,0.2034,2151
chronos_bolt,dax,0.025,F3,False,0.076,2151
chronos_bolt,dax,0.025,F4,False,0.0866,2151
chronos_bolt,dax,0.025,garch_evt,True,0.2034,2151
chronos_bolt,dax,0.025,fhs,True,0.2034,2151
chronos_bolt,dax,0.05,F1,True,0.1666,2160
chronos_bolt,dax,0.05,H,True,0.1666,2160
chronos_bolt,dax,0.05,F2,True,0.1666,2160
chronos_bolt,dax,0.05,F3,True,0.1666,2160
chronos_bolt,dax,0.05,F4,True,0.1666,2160
chronos_bolt,dax,0.05,garch_evt,True,0.1666,2160
chronos_bolt,dax,0.05,fhs,True,0.1666,2160
chronos_bolt,dgs10,0.01,F1,True,0.4822,2124
chronos_bolt,dgs10,0.01,H,True,0.4822,2124
chronos_bolt,dgs10,0.01,F2,True,0.4822,2124
chronos_bolt,dgs10,0.01,F3,True,0.4822,2124
chronos_bolt,dgs10,0.01,F4,True,0.4822,2124
chronos_bolt,dgs10,0.01,garch_evt,True,0.4822,2124
chronos_bolt,dgs10,0.01,fhs,True,0.4822,2124
chronos_bolt,dgs10,0.025,F1,True,0.69,2124
chronos_bolt,dgs10,0.025,H,True,0.69,2124
chronos_bolt,dgs10,0.025,F2,True,0.69,2124
chronos_bolt,dgs10,0.025,F3,True,0.69,2124
chronos_bolt,dgs10,0.025,F4,True,0.69,2124
chronos_bolt,dgs10,0.025,garch_evt,True,0.69,2124
chronos_bolt,dgs10,0.025,fhs,True,0.69,2124
chronos_bolt,dgs10,0.05,F1,True,0.628,2124
chronos_bolt,dgs10,0.05,H,True,0.628,2124
chronos_bolt,dgs10,0.05,F2,True,0.628,2124
chronos_bolt,dgs10,0.05,F3,True,0.628,2124
chronos_bolt,dgs10,0.05,F4,True,0.628,2124
chronos_bolt,dgs10,0.05,garch_evt,True,0.628,2124
chronos_bolt,dgs10,0.05,fhs,True,0.628,2124
chronos_bolt,dgs2,0.01,F1,True,0.3938,2102
chronos_bolt,dgs2,0.01,H,True,0.3938,2102
chronos_bolt,dgs2,0.01,F2,True,0.3938,2102
chronos_bolt,dgs2,0.01,F3,True,0.3938,2102
chronos_bolt,dgs2,0.01,F4,True,0.3938,2102
chronos_bolt,dgs2,0.01,garch_evt,True,0.3938,2102
chronos_bolt,dgs2,0.01,fhs,True,0.3938,2102
chronos_bolt,dgs2,0.025,F1,True,0.337,2098
chronos_bolt,dgs2,0.025,H,True,0.337,2098
chronos_bolt,dgs2,0.025,F2,True,0.337,2098
chronos_bolt,dgs2,0.025,F3,True,0.337,2098
chronos_bolt,dgs2,0.025,F4,True,0.337,2098
chronos_bolt,dgs2,0.025,garch_evt,True,0.337,2098
chronos_bolt,dgs2,0.025,fhs,True,0.337,2098
chronos_bolt,dgs2,0.05,F1,True,0.125,2102
chronos_bolt,dgs2,0.05,H,True,0.125,2102
chronos_bolt,dgs2,0.05,F2,True,0.125,2102
chronos_bolt,dgs2,0.05,F3,False,0.0554,2102
chronos_bolt,dgs2,0.05,F4,True,0.125,2102
chronos_bolt,dgs2,0.05,garch_evt,True,0.125,2102
chronos_bolt,dgs2,0.05,fhs,True,0.125,2102
chronos_bolt,dgs30,0.01,F1,True,0.3742,2041
chronos_bolt,dgs30,0.01,H,True,0.3742,2041
chronos_bolt,dgs30,0.01,F2,False,0.0358,2041
chronos_bolt,dgs30,0.01,F3,False,0.0092,2041
chronos_bolt,dgs30,0.01,F4,False,0.0358,2041
chronos_bolt,dgs30,0.01,garch_evt,True,0.3742,2041
chronos_bolt,dgs30,0.01,fhs,True,0.3742,2041
chronos_bolt,dgs30,0.025,F1,True,0.5636,2052
chronos_bolt,dgs30,0.025,H,True,0.5636,2052
chronos_bolt,dgs30,0.025,F2,False,0.0286,2052
chronos_bolt,dgs30,0.025,F3,False,0.0122,2052
chronos_bolt,dgs30,0.025,F4,False,0.016,2052
chronos_bolt,dgs30,0.025,garch_evt,True,0.5636,2052
chronos_bolt,dgs30,0.025,fhs,True,0.5636,2052
chronos_bolt,dgs30,0.05,F1,True,0.2258,2064
chronos_bolt,dgs30,0.05,H,True,0.2258,2064
chronos_bolt,dgs30,0.05,F2,False,0.0076,2064
chronos_bolt,dgs30,0.05,F3,False,0.0004,2064
chronos_bolt,dgs30,0.05,F4,False,0.0008,2064
chronos_bolt,dgs30,0.05,garch_evt,True,0.2258,2064
chronos_bolt,dgs30,0.05,fhs,True,0.2258,2064
chronos_bolt,dgs5,0.01,F1,True,0.9152,2125
chronos_bolt,dgs5,0.01,H,True,0.9152,2125
chronos_bolt,dgs5,0.01,F2,True,0.9152,2125
chronos_bolt,dgs5,0.01,F3,True,0.9152,2125
chronos_bolt,dgs5,0.01,F4,True,0.9152,2125
chronos_bolt,dgs5,0.01,garch_evt,True,0.9152,2125
chronos_bolt,dgs5,0.01,fhs,True,0.9152,2125
chronos_bolt,dgs5,0.025,F1,True,0.8796,2125
chronos_bolt,dgs5,0.025,H,True,0.8796,2125
chronos_bolt,dgs5,0.025,F2,True,0.8796,2125
chronos_bolt,dgs5,0.025,F3,True,0.8796,2125
chronos_bolt,dgs5,0.025,F4,True,0.8796,2125
chronos_bolt,dgs5,0.025,garch_evt,True,0.8796,2125
chronos_bolt,dgs5,0.025,fhs,True,0.8796,2125
chronos_bolt,dgs5,0.05,F1,True,0.2388,2125
chronos_bolt,dgs5,0.05,H,True,0.2388,2125
chronos_bolt,dgs5,0.05,F2,True,0.2388,2125
chronos_bolt,dgs5,0.05,F3,True,0.2388,2125
chronos_bolt,dgs5,0.05,F4,True,0.2388,2125
chronos_bolt,dgs5,0.05,garch_evt,True,0.2388,2125
chronos_bolt,dgs5,0.05,fhs,True,0.2388,2125
chronos_bolt,eth,0.01,F1,True,0.1164,1658
chronos_bolt,eth,0.01,H,True,0.1164,1658
chronos_bolt,eth,0.01,F2,True,0.1164,1658
chronos_bolt,eth,0.01,F3,False,0.098,1658
chronos_bolt,eth,0.01,F4,True,0.1164,1658
chronos_bolt,eth,0.01,garch_evt,True,0.1164,1658
chronos_bolt,eth,0.01,fhs,True,0.1164,1658
chronos_bolt,eth,0.025,F1,True,0.54,1659
chronos_bolt,eth,0.025,H,True,0.54,1659
chronos_bolt,eth,0.025,F2,True,0.54,1659
chronos_bolt,eth,0.025,F3,True,0.54,1659
chronos_bolt,eth,0.025,F4,True,0.54,1659
chronos_bolt,eth,0.025,garch_evt,True,0.54,1659
chronos_bolt,eth,0.025,fhs,True,0.54,1659
chronos_bolt,eth,0.05,F1,True,0.8734,1659
chronos_bolt,eth,0.05,H,True,0.8734,1659
chronos_bolt,eth,0.05,F2,True,0.8734,1659
chronos_bolt,eth,0.05,F3,True,0.8734,1659
chronos_bolt,eth,0.05,F4,True,0.8734,1659
chronos_bolt,eth,0.05,garch_evt,True,0.8734,1659
chronos_bolt,eth,0.05,fhs,True,0.8734,1659
chronos_bolt,ftse,0.01,F1,True,0.121,2152
chronos_bolt,ftse,0.01,H,True,0.121,2152
chronos_bolt,ftse,0.01,F2,True,0.121,2152
chronos_bolt,ftse,0.01,F3,False,0.024,2152
chronos_bolt,ftse,0.01,F4,True,0.121,2152
chronos_bolt,ftse,0.01,garch_evt,True,0.121,2152
chronos_bolt,ftse,0.01,fhs,True,0.121,2152
chronos_bolt,ftse,0.025,F1,True,0.1694,2152
chronos_bolt,ftse,0.025,H,True,0.1694,2152
chronos_bolt,ftse,0.025,F2,True,0.1694,2152
chronos_bolt,ftse,0.025,F3,False,0.0394,2152
chronos_bolt,ftse,0.025,F4,False,0.0526,2152
chronos_bolt,ftse,0.025,garch_evt,True,0.1694,2152
chronos_bolt,ftse,0.025,fhs,True,0.1694,2152
chronos_bolt,ftse,0.05,F1,True,0.1134,2152
chronos_bolt,ftse,0.05,H,True,0.1134,2152
chronos_bolt,ftse,0.05,F2,True,0.1134,2152
chronos_bolt,ftse,0.05,F3,False,0.0378,2152
chronos_bolt,ftse,0.05,F4,True,0.1134,2152
chronos_bolt,ftse,0.05,garch_evt,True,0.1134,2152
chronos_bolt,ftse,0.05,fhs,True,0.1134,2152
chronos_bolt,gbpusd,0.01,F1,True,0.2024,2169
chronos_bolt,gbpusd,0.01,H,True,0.2024,2169
chronos_bolt,gbpusd,0.01,F2,True,0.2024,2169
chronos_bolt,gbpusd,0.01,F3,False,0.0182,2169
chronos_bolt,gbpusd,0.01,F4,False,0.0082,2169
chronos_bolt,gbpusd,0.01,garch_evt,True,0.2024,2169
chronos_bolt,gbpusd,0.01,fhs,True,0.2024,2169
chronos_bolt,gbpusd,0.025,F1,True,0.249,2214
chronos_bolt,gbpusd,0.025,H,True,0.249,2214
chronos_bolt,gbpusd,0.025,F2,True,0.249,2214
chronos_bolt,gbpusd,0.025,F3,False,0.0372,2214
chronos_bolt,gbpusd,0.025,F4,False,0.0356,2214
chronos_bolt,gbpusd,0.025,garch_evt,True,0.249,2214
chronos_bolt,gbpusd,0.025,fhs,True,0.249,2214
chronos_bolt,gbpusd,0.05,F1,True,0.1384,2234
chronos_bolt,gbpusd,0.05,H,True,0.1384,2234
chronos_bolt,gbpusd,0.05,F2,True,0.1384,2234
chronos_bolt,gbpusd,0.05,F3,True,0.1384,2234
chronos_bolt,gbpusd,0.05,F4,False,0.0328,2234
chronos_bolt,gbpusd,0.05,garch_evt,True,0.1384,2234
chronos_bolt,gbpusd,0.05,fhs,True,0.1384,2234
chronos_bolt,gold,0.01,F1,True,0.132,2108
chronos_bolt,gold,0.01,H,True,0.132,2108
chronos_bolt,gold,0.01,F2,True,0.132,2108
chronos_bolt,gold,0.01,F3,True,0.132,2108
chronos_bolt,gold,0.01,F4,True,0.132,2108
chronos_bolt,gold,0.01,garch_evt,True,0.132,2108
chronos_bolt,gold,0.01,fhs,True,0.132,2108
chronos_bolt,gold,0.025,F1,True,0.1286,2114
chronos_bolt,gold,0.025,H,True,0.1286,2114
chronos_bolt,gold,0.025,F2,True,0.1286,2114
chronos_bolt,gold,0.025,F3,True,0.1286,2114
chronos_bolt,gold,0.025,F4,True,0.1286,2114
chronos_bolt,gold,0.025,garch_evt,True,0.1286,2114
chronos_bolt,gold,0.025,fhs,True,0.1286,2114
chronos_bolt,gold,0.05,F1,True,0.11,2139
chronos_bolt,gold,0.05,H,True,0.11,2139
chronos_bolt,gold,0.05,F2,True,0.11,2139
chronos_bolt,gold,0.05,F3,True,0.11,2139
chronos_bolt,gold,0.05,F4,True,0.11,2139
chronos_bolt,gold,0.05,garch_evt,True,0.11,2139
chronos_bolt,gold,0.05,fhs,True,0.11,2139
chronos_bolt,hsi,0.01,F1,True,0.2712,2080
chronos_bolt,hsi,0.01,H,True,0.2712,2080
chronos_bolt,hsi,0.01,F2,True,0.2712,2080
chronos_bolt,hsi,0.01,F3,True,0.2712,2080
chronos_bolt,hsi,0.01,F4,True,0.2712,2080
chronos_bolt,hsi,0.01,garch_evt,True,0.2712,2080
chronos_bolt,hsi,0.01,fhs,True,0.2712,2080
chronos_bolt,hsi,0.025,F1,True,0.2274,2080
chronos_bolt,hsi,0.025,H,True,0.2274,2080
chronos_bolt,hsi,0.025,F2,True,0.2274,2080
chronos_bolt,hsi,0.025,F3,True,0.2274,2080
chronos_bolt,hsi,0.025,F4,True,0.2274,2080
chronos_bolt,hsi,0.025,garch_evt,True,0.2274,2080
chronos_bolt,hsi,0.025,fhs,True,0.2274,2080
chronos_bolt,hsi,0.05,F1,True,0.3842,2080
chronos_bolt,hsi,0.05,H,True,0.3842,2080
chronos_bolt,hsi,0.05,F2,True,0.3842,2080
chronos_bolt,hsi,0.05,F3,True,0.3842,2080
chronos_bolt,hsi,0.05,F4,True,0.3842,2080
chronos_bolt,hsi,0.05,garch_evt,True,0.3842,2080
chronos_bolt,hsi,0.05,fhs,True,0.3842,2080
chronos_bolt,jnj,0.01,F1,True,0.4532,2095
chronos_bolt,jnj,0.01,H,True,0.4532,2095
chronos_bolt,jnj,0.01,F2,True,0.4532,2095
chronos_bolt,jnj,0.01,F3,True,0.4532,2095
chronos_bolt,jnj,0.01,F4,True,0.4532,2095
chronos_bolt,jnj,0.01,garch_evt,True,0.4532,2095
chronos_bolt,jnj,0.01,fhs,True,0.4532,2095
chronos_bolt,jnj,0.025,F1,True,0.1706,2091
chronos_bolt,jnj,0.025,H,True,0.1706,2091
chronos_bolt,jnj,0.025,F2,True,0.1706,2091
chronos_bolt,jnj,0.025,F3,True,0.1706,2091
chronos_bolt,jnj,0.025,F4,True,0.1706,2091
chronos_bolt,jnj,0.025,garch_evt,True,0.1706,2091
chronos_bolt,jnj,0.025,fhs,True,0.1706,2091
chronos_bolt,jnj,0.05,F1,True,0.871,2092
chronos_bolt,jnj,0.05,H,True,0.871,2092
chronos_bolt,jnj,0.05,F2,True,0.871,2092
chronos_bolt,jnj,0.05,F3,False,0.0162,2092
chronos_bolt,jnj,0.05,F4,True,0.871,2092
chronos_bolt,jnj,0.05,garch_evt,True,0.871,2092
chronos_bolt,jnj,0.05,fhs,True,0.871,2092
chronos_bolt,jpm,0.01,F1,False,0.0566,2061
chronos_bolt,jpm,0.01,H,True,0.1034,2061
chronos_bolt,jpm,0.01,F2,False,0.0566,2061
chronos_bolt,jpm,0.01,F3,False,0.0224,2061
chronos_bolt,jpm,0.01,F4,False,0.0566,2061
chronos_bolt,jpm,0.01,garch_evt,True,0.1034,2061
chronos_bolt,jpm,0.01,fhs,True,0.1034,2061
chronos_bolt,jpm,0.025,F1,True,0.1654,2072
chronos_bolt,jpm,0.025,H,True,0.1654,2072
chronos_bolt,jpm,0.025,F2,True,0.1654,2072
chronos_bolt,jpm,0.025,F3,False,0.0104,2072
chronos_bolt,jpm,0.025,F4,True,0.1654,2072
chronos_bolt,jpm,0.025,garch_evt,True,0.1654,2072
chronos_bolt,jpm,0.025,fhs,True,0.1654,2072
chronos_bolt,jpm,0.05,F1,True,0.2154,2139
chronos_bolt,jpm,0.05,H,True,0.2154,2139
chronos_bolt,jpm,0.05,F2,True,0.2154,2139
chronos_bolt,jpm,0.05,F3,False,0.012,2139
chronos_bolt,jpm,0.05,F4,True,0.2154,2139
chronos_bolt,jpm,0.05,garch_evt,True,0.2154,2139
chronos_bolt,jpm,0.05,fhs,True,0.2154,2139
chronos_bolt,ltc,0.01,F1,True,0.193,2722
chronos_bolt,ltc,0.01,H,True,0.193,2722
chronos_bolt,ltc,0.01,F2,True,0.193,2722
chronos_bolt,ltc,0.01,F3,True,0.193,2722
chronos_bolt,ltc,0.01,F4,True,0.193,2722
chronos_bolt,ltc,0.01,garch_evt,True,0.193,2722
chronos_bolt,ltc,0.01,fhs,True,0.193,2722
chronos_bolt,ltc,0.025,F1,True,0.986,2790
chronos_bolt,ltc,0.025,H,True,0.986,2790
chronos_bolt,ltc,0.025,F2,True,0.986,2790
chronos_bolt,ltc,0.025,F3,True,0.986,2790
chronos_bolt,ltc,0.025,F4,True,0.986,2790
chronos_bolt,ltc,0.025,garch_evt,True,0.986,2790
chronos_bolt,ltc,0.025,fhs,True,0.986,2790
chronos_bolt,ltc,0.05,F1,True,0.9288,2808
chronos_bolt,ltc,0.05,H,True,0.9288,2808
chronos_bolt,ltc,0.05,F2,True,0.9288,2808
chronos_bolt,ltc,0.05,F3,True,0.9288,2808
chronos_bolt,ltc,0.05,F4,True,0.9288,2808
chronos_bolt,ltc,0.05,garch_evt,True,0.9288,2808
chronos_bolt,ltc,0.05,fhs,True,0.9288,2808
chronos_bolt,msft,0.01,F1,True,0.1292,2088
chronos_bolt,msft,0.01,H,True,0.1292,2088
chronos_bolt,msft,0.01,F2,True,0.1292,2088
chronos_bolt,msft,0.01,F3,False,0.0206,2088
chronos_bolt,msft,0.01,F4,True,0.1292,2088
chronos_bolt,msft,0.01,garch_evt,True,0.1292,2088
chronos_bolt,msft,0.01,fhs,True,0.1292,2088
chronos_bolt,msft,0.025,F1,True,0.1634,2115
chronos_bolt,msft,0.025,H,True,0.1634,2115
chronos_bolt,msft,0.025,F2,True,0.1634,2115
chronos_bolt,msft,0.025,F3,False,0.0248,2115
chronos_bolt,msft,0.025,F4,True,0.1634,2115
chronos_bolt,msft,0.025,garch_evt,True,0.1634,2115
chronos_bolt,msft,0.025,fhs,True,0.1634,2115
chronos_bolt,msft,0.05,F1,True,0.1468,2132
chronos_bolt,msft,0.05,H,True,0.1468,2132
chronos_bolt,msft,0.05,F2,True,0.1468,2132
chronos_bolt,msft,0.05,F3,True,0.1468,2132
chronos_bolt,msft,0.05,F4,True,0.1468,2132
chronos_bolt,msft,0.05,garch_evt,True,0.1468,2132
chronos_bolt,msft,0.05,fhs,True,0.1468,2132
chronos_bolt,natgas,0.01,F1,True,0.2004,2098
chronos_bolt,natgas,0.01,H,True,0.2004,2098
chronos_bolt,natgas,0.01,F2,True,0.2004,2098
chronos_bolt,natgas,0.01,F3,False,0.0738,2098
chronos_bolt,natgas,0.01,F4,False,0.0302,2098
chronos_bolt,natgas,0.01,garch_evt,True,0.2004,2098
chronos_bolt,natgas,0.01,fhs,True,0.2004,2098
chronos_bolt,natgas,0.025,F1,True,0.1754,2103
chronos_bolt,natgas,0.025,H,True,0.1754,2103
chronos_bolt,natgas,0.025,F2,True,0.1754,2103
chronos_bolt,natgas,0.025,F3,True,0.1754,2103
chronos_bolt,natgas,0.025,F4,False,0.089,2103
chronos_bolt,natgas,0.025,garch_evt,True,0.1754,2103
chronos_bolt,natgas,0.025,fhs,True,0.1754,2103
chronos_bolt,natgas,0.05,F1,True,0.2876,2119
chronos_bolt,natgas,0.05,H,True,0.2876,2119
chronos_bolt,natgas,0.05,F2,True,0.2876,2119
chronos_bolt,natgas,0.05,F3,True,0.2876,2119
chronos_bolt,natgas,0.05,F4,True,0.2876,2119
chronos_bolt,natgas,0.05,garch_evt,True,0.2876,2119
chronos_bolt,natgas,0.05,fhs,True,0.2876,2119
chronos_bolt,ndx,0.01,F1,True,0.708,2120
chronos_bolt,ndx,0.01,H,True,0.708,2120
chronos_bolt,ndx,0.01,F2,True,0.708,2120
chronos_bolt,ndx,0.01,F3,False,0.098,2120
chronos_bolt,ndx,0.01,F4,True,0.708,2120
chronos_bolt,ndx,0.01,garch_evt,True,0.708,2120
chronos_bolt,ndx,0.01,fhs,True,0.708,2120
chronos_bolt,ndx,0.025,F1,True,0.2544,2115
chronos_bolt,ndx,0.025,H,True,0.2544,2115
chronos_bolt,ndx,0.025,F2,True,0.2544,2115
chronos_bolt,ndx,0.025,F3,True,0.2544,2115
chronos_bolt,ndx,0.025,F4,True,0.2544,2115
chronos_bolt,ndx,0.025,garch_evt,True,0.2544,2115
chronos_bolt,ndx,0.025,fhs,True,0.2544,2115
chronos_bolt,ndx,0.05,F1,True,0.1456,2139
chronos_bolt,ndx,0.05,H,True,0.1456,2139
chronos_bolt,ndx,0.05,F2,True,0.1456,2139
chronos_bolt,ndx,0.05,F3,False,0.0686,2139
chronos_bolt,ndx,0.05,F4,True,0.1456,2139
chronos_bolt,ndx,0.05,garch_evt,True,0.1456,2139
chronos_bolt,ndx,0.05,fhs,True,0.1456,2139
chronos_bolt,nikkei,0.01,F1,True,0.2936,1986
chronos_bolt,nikkei,0.01,H,True,0.2936,1986
chronos_bolt,nikkei,0.01,F2,True,0.2936,1986
chronos_bolt,nikkei,0.01,F3,True,0.2936,1986
chronos_bolt,nikkei,0.01,F4,True,0.2936,1986
chronos_bolt,nikkei,0.01,garch_evt,True,0.2936,1986
chronos_bolt,nikkei,0.01,fhs,True,0.2936,1986
chronos_bolt,nikkei,0.025,F1,True,0.2766,2040
chronos_bolt,nikkei,0.025,H,True,0.2766,2040
chronos_bolt,nikkei,0.025,F2,True,0.2766,2040
chronos_bolt,nikkei,0.025,F3,True,0.2766,2040
chronos_bolt,nikkei,0.025,F4,True,0.2766,2040
chronos_bolt,nikkei,0.025,garch_evt,True,0.2766,2040
chronos_bolt,nikkei,0.025,fhs,True,0.2766,2040
chronos_bolt,nikkei,0.05,F1,True,0.3808,2066
chronos_bolt,nikkei,0.05,H,True,0.3808,2066
chronos_bolt,nikkei,0.05,F2,True,0.3808,2066
chronos_bolt,nikkei,0.05,F3,False,0.0118,2066
chronos_bolt,nikkei,0.05,F4,True,0.3808,2066
chronos_bolt,nikkei,0.05,garch_evt,True,0.3808,2066
chronos_bolt,nikkei,0.05,fhs,True,0.3808,2066
chronos_bolt,nvda,0.01,F1,True,0.4952,2051
chronos_bolt,nvda,0.01,H,True,0.4952,2051
chronos_bolt,nvda,0.01,F2,True,0.4952,2051
chronos_bolt,nvda,0.01,F3,True,0.4952,2051
chronos_bolt,nvda,0.01,F4,True,0.4952,2051
chronos_bolt,nvda,0.01,garch_evt,True,0.4952,2051
chronos_bolt,nvda,0.01,fhs,True,0.4952,2051
chronos_bolt,nvda,0.025,F1,True,0.5878,2096
chronos_bolt,nvda,0.025,H,True,0.5878,2096
chronos_bolt,nvda,0.025,F2,True,0.5878,2096
chronos_bolt,nvda,0.025,F3,True,0.5878,2096
chronos_bolt,nvda,0.025,F4,True,0.5878,2096
chronos_bolt,nvda,0.025,garch_evt,True,0.5878,2096
chronos_bolt,nvda,0.025,fhs,True,0.5878,2096
chronos_bolt,nvda,0.05,F1,True,0.2972,2139
chronos_bolt,nvda,0.05,H,True,0.2972,2139
chronos_bolt,nvda,0.05,F2,True,0.2972,2139
chronos_bolt,nvda,0.05,F3,True,0.2972,2139
chronos_bolt,nvda,0.05,F4,True,0.2972,2139
chronos_bolt,nvda,0.05,garch_evt,True,0.2972,2139
chronos_bolt,nvda,0.05,fhs,True,0.2972,2139
chronos_bolt,rut,0.01,F1,False,0.0686,2044
chronos_bolt,rut,0.01,H,True,0.6868,2044
chronos_bolt,rut,0.01,F2,False,0.0568,2044
chronos_bolt,rut,0.01,F3,False,0.0052,2044
chronos_bolt,rut,0.01,F4,False,0.0054,2044
chronos_bolt,rut,0.01,garch_evt,True,0.6868,2044
chronos_bolt,rut,0.01,fhs,True,0.6868,2044
chronos_bolt,rut,0.025,F1,False,0.0728,2051
chronos_bolt,rut,0.025,H,True,0.483,2051
chronos_bolt,rut,0.025,F2,False,0.0728,2051
chronos_bolt,rut,0.025,F3,False,0.006,2051
chronos_bolt,rut,0.025,F4,False,0.039,2051
chronos_bolt,rut,0.025,garch_evt,True,0.483,2051
chronos_bolt,rut,0.025,fhs,True,0.483,2051
chronos_bolt,rut,0.05,F1,False,0.067,2106
chronos_bolt,rut,0.05,H,True,0.28,2106
chronos_bolt,rut,0.05,F2,False,0.0508,2106
chronos_bolt,rut,0.05,F3,False,0.0014,2106
chronos_bolt,rut,0.05,F4,False,0.0384,2106
chronos_bolt,rut,0.05,garch_evt,True,0.28,2106
chronos_bolt,rut,0.05,fhs,True,0.28,2106
chronos_bolt,spx,0.01,F1,True,0.4484,2091
chronos_bolt,spx,0.01,H,True,0.4484,2091
chronos_bolt,spx,0.01,F2,True,0.4484,2091
chronos_bolt,spx,0.01,F3,False,0.0984,2091
chronos_bolt,spx,0.01,F4,True,0.4484,2091
chronos_bolt,spx,0.01,garch_evt,True,0.4484,2091
chronos_bolt,spx,0.01,fhs,True,0.4484,2091
chronos_bolt,spx,0.025,F1,True,0.1144,2110
chronos_bolt,spx,0.025,H,True,0.1144,2110
chronos_bolt,spx,0.025,F2,True,0.1144,2110
chronos_bolt,spx,0.025,F3,True,0.1144,2110
chronos_bolt,spx,0.025,F4,True,0.1144,2110
chronos_bolt,spx,0.025,garch_evt,True,0.1144,2110
chronos_bolt,spx,0.025,fhs,True,0.1144,2110
chronos_bolt,spx,0.05,F1,True,0.1602,2117
chronos_bolt,spx,0.05,H,True,0.1602,2117
chronos_bolt,spx,0.05,F2,True,0.1602,2117
chronos_bolt,spx,0.05,F3,False,0.0174,2117
chronos_bolt,spx,0.05,F4,True,0.1602,2117
chronos_bolt,spx,0.05,garch_evt,True,0.1602,2117
chronos_bolt,spx,0.05,fhs,True,0.1602,2117
chronos_bolt,usdcad,0.01,F1,True,0.4934,2202
chronos_bolt,usdcad,0.01,H,True,0.4934,2202
chronos_bolt,usdcad,0.01,F2,True,0.4934,2202
chronos_bolt,usdcad,0.01,F3,True,0.4934,2202
chronos_bolt,usdcad,0.01,F4,True,0.4934,2202
chronos_bolt,usdcad,0.01,garch_evt,True,0.4934,2202
chronos_bolt,usdcad,0.01,fhs,True,0.4934,2202
chronos_bolt,usdcad,0.025,F1,True,0.2904,2234
chronos_bolt,usdcad,0.025,H,True,0.2904,2234
chronos_bolt,usdcad,0.025,F2,True,0.2904,2234
chronos_bolt,usdcad,0.025,F3,True,0.2904,2234
chronos_bolt,usdcad,0.025,F4,True,0.2904,2234
chronos_bolt,usdcad,0.025,garch_evt,True,0.2904,2234
chronos_bolt,usdcad,0.025,fhs,True,0.2904,2234
chronos_bolt,usdcad,0.05,F1,True,0.3848,2234
chronos_bolt,usdcad,0.05,H,False,0.0508,2234
chronos_bolt,usdcad,0.05,F2,True,0.3848,2234
chronos_bolt,usdcad,0.05,F3,True,0.3848,2234
chronos_bolt,usdcad,0.05,F4,True,0.3848,2234
chronos_bolt,usdcad,0.05,garch_evt,True,0.3848,2234
chronos_bolt,usdcad,0.05,fhs,True,0.3848,2234
chronos_bolt,usdchf,0.01,F1,True,0.1414,2175
chronos_bolt,usdchf,0.01,H,True,0.1414,2175
chronos_bolt,usdchf,0.01,F2,True,0.1414,2175
chronos_bolt,usdchf,0.01,F3,True,0.1414,2175
chronos_bolt,usdchf,0.01,F4,True,0.1414,2175
chronos_bolt,usdchf,0.01,garch_evt,True,0.1414,2175
chronos_bolt,usdchf,0.01,fhs,True,0.1414,2175
chronos_bolt,usdchf,0.025,F1,False,0.0206,2228
chronos_bolt,usdchf,0.025,H,True,0.8098,2228
chronos_bolt,usdchf,0.025,F2,False,0.0894,2228
chronos_bolt,usdchf,0.025,F3,False,0.0206,2228
chronos_bolt,usdchf,0.025,F4,False,0.0294,2228
chronos_bolt,usdchf,0.025,garch_evt,True,0.8098,2228
chronos_bolt,usdchf,0.025,fhs,True,0.8098,2228
chronos_bolt,usdchf,0.05,F1,False,0.0148,2233
chronos_bolt,usdchf,0.05,H,True,0.1844,2233
chronos_bolt,usdchf,0.05,F2,True,0.1844,2233
chronos_bolt,usdchf,0.05,F3,False,0.0148,2233
chronos_bolt,usdchf,0.05,F4,False,0.059,2233
chronos_bolt,usdchf,0.05,garch_evt,True,0.1844,2233
chronos_bolt,usdchf,0.05,fhs,True,0.1844,2233
chronos_bolt,wmt,0.01,F1,True,0.107,2135
chronos_bolt,wmt,0.01,H,True,0.107,2135
chronos_bolt,wmt,0.01,F2,True,0.107,2135
chronos_bolt,wmt,0.01,F3,True,0.107,2135
chronos_bolt,wmt,0.01,F4,True,0.107,2135
chronos_bolt,wmt,0.01,garch_evt,True,0.107,2135
chronos_bolt,wmt,0.01,fhs,True,0.107,2135
chronos_bolt,wmt,0.025,F1,True,0.2498,2136
chronos_bolt,wmt,0.025,H,True,0.2498,2136
chronos_bolt,wmt,0.025,F2,True,0.2498,2136
chronos_bolt,wmt,0.025,F3,True,0.2498,2136
chronos_bolt,wmt,0.025,F4,True,0.2498,2136
chronos_bolt,wmt,0.025,garch_evt,True,0.2498,2136
chronos_bolt,wmt,0.025,fhs,True,0.2498,2136
chronos_bolt,wmt,0.05,F1,True,0.2134,2139
chronos_bolt,wmt,0.05,H,True,0.2134,2139
chronos_bolt,wmt,0.05,F2,True,0.2134,2139
chronos_bolt,wmt,0.05,F3,False,0.0622,2139
chronos_bolt,wmt,0.05,F4,True,0.2134,2139
chronos_bolt,wmt,0.05,garch_evt,True,0.2134,2139
chronos_bolt,wmt,0.05,fhs,True,0.2134,2139
chronos_bolt,xom,0.01,F1,False,0.0744,2139
chronos_bolt,xom,0.01,H,True,0.2736,2139
chronos_bolt,xom,0.01,F2,False,0.0318,2139
chronos_bolt,xom,0.01,F3,False,0.0044,2139
chronos_bolt,xom,0.01,F4,False,0.0044,2139
chronos_bolt,xom,0.01,garch_evt,True,0.2736,2139
chronos_bolt,xom,0.01,fhs,True,0.2736,2139
chronos_bolt,xom,0.025,F1,False,0.045,2137
chronos_bolt,xom,0.025,H,True,0.4508,2137
chronos_bolt,xom,0.025,F2,False,0.0236,2137
chronos_bolt,xom,0.025,F3,False,0.0072,2137
chronos_bolt,xom,0.025,F4,False,0.0072,2137
chronos_bolt,xom,0.025,garch_evt,True,0.4508,2137
chronos_bolt,xom,0.025,fhs,True,0.4508,2137
chronos_bolt,xom,0.05,F1,False,0.0976,2136
chronos_bolt,xom,0.05,H,True,0.1984,2136
chronos_bolt,xom,0.05,F2,False,0.046,2136
chronos_bolt,xom,0.05,F3,False,0.006,2136
chronos_bolt,xom,0.05,F4,False,0.0158,2136
chronos_bolt,xom,0.05,garch_evt,True,0.1984,2136
chronos_bolt,xom,0.05,fhs,True,0.1984,2136
chronos_bolt,xrp,0.01,F1,True,0.7384,1613
chronos_bolt,xrp,0.01,H,True,0.7384,1613
chronos_bolt,xrp,0.01,F2,True,0.7384,1613
chronos_bolt,xrp,0.01,F3,True,0.7384,1613
chronos_bolt,xrp,0.01,F4,True,0.7384,1613
chronos_bolt,xrp,0.01,garch_evt,True,0.7384,1613
chronos_bolt,xrp,0.01,fhs,True,0.7384,1613
chronos_bolt,xrp,0.025,F1,True,0.6234,1659
chronos_bolt,xrp,0.025,H,True,0.6234,1659
chronos_bolt,xrp,0.025,F2,True,0.6234,1659
chronos_bolt,xrp,0.025,F3,True,0.6234,1659
chronos_bolt,xrp,0.025,F4,True,0.6234,1659
chronos_bolt,xrp,0.025,garch_evt,True,0.6234,1659
chronos_bolt,xrp,0.025,fhs,True,0.6234,1659
chronos_bolt,xrp,0.05,F1,True,0.2602,1659
chronos_bolt,xrp,0.05,H,True,0.2602,1659
chronos_bolt,xrp,0.05,F2,True,0.2602,1659
chronos_bolt,xrp,0.05,F3,True,0.2602,1659
chronos_bolt,xrp,0.05,F4,True,0.2602,1659
chronos_bolt,xrp,0.05,garch_evt,True,0.2602,1659
chronos_bolt,xrp,0.05,fhs,True,0.2602,1659
chronos_2,aapl,0.01,F1,True,0.1412,2062
chronos_2,aapl,0.01,H,True,0.1412,2062
chronos_2,aapl,0.01,F2,True,0.1412,2062
chronos_2,aapl,0.01,F3,False,0.0894,2062
chronos_2,aapl,0.01,F4,True,0.1412,2062
chronos_2,aapl,0.01,garch_evt,True,0.1412,2062
chronos_2,aapl,0.01,fhs,True,0.1412,2062
chronos_2,aapl,0.025,F1,True,0.3942,2135
chronos_2,aapl,0.025,H,True,0.3942,2135
chronos_2,aapl,0.025,F2,True,0.3942,2135
chronos_2,aapl,0.025,F3,False,0.0638,2135
chronos_2,aapl,0.025,F4,True,0.3942,2135
chronos_2,aapl,0.025,garch_evt,True,0.3942,2135
chronos_2,aapl,0.025,fhs,True,0.3942,2135
chronos_2,aapl,0.05,F1,True,0.214,2139
chronos_2,aapl,0.05,H,True,0.214,2139
chronos_2,aapl,0.05,F2,True,0.214,2139
chronos_2,aapl,0.05,F3,False,0.0432,2139
chronos_2,aapl,0.05,F4,True,0.214,2139
chronos_2,aapl,0.05,garch_evt,True,0.214,2139
chronos_2,aapl,0.05,fhs,True,0.214,2139
chronos_2,amzn,0.01,F1,True,0.1944,2102
chronos_2,amzn,0.01,H,True,0.1944,2102
chronos_2,amzn,0.01,F2,True,0.1944,2102
chronos_2,amzn,0.01,F3,True,0.1944,2102
chronos_2,amzn,0.01,F4,True,0.1944,2102
chronos_2,amzn,0.01,garch_evt,True,0.1944,2102
chronos_2,amzn,0.01,fhs,True,0.1944,2102
chronos_2,amzn,0.025,F1,True,0.4542,2123
chronos_2,amzn,0.025,H,True,0.4542,2123
chronos_2,amzn,0.025,F2,True,0.4542,2123
chronos_2,amzn,0.025,F3,True,0.4542,2123
chronos_2,amzn,0.025,F4,True,0.4542,2123
chronos_2,amzn,0.025,garch_evt,True,0.4542,2123
chronos_2,amzn,0.025,fhs,True,0.4542,2123
chronos_2,amzn,0.05,F1,True,0.6556,2139
chronos_2,amzn,0.05,H,True,0.6556,2139
chronos_2,amzn,0.05,F2,True,0.6556,2139
chronos_2,amzn,0.05,F3,True,0.6556,2139
chronos_2,amzn,0.05,F4,True,0.6556,2139
chronos_2,amzn,0.05,garch_evt,True,0.6556,2139
chronos_2,amzn,0.05,fhs,True,0.6556,2139
chronos_2,audusd,0.01,F1,True,0.1196,2200
chronos_2,audusd,0.01,H,True,0.1196,2200
chronos_2,audusd,0.01,F2,True,0.1196,2200
chronos_2,audusd,0.01,F3,True,0.1196,2200
chronos_2,audusd,0.01,F4,False,0.0722,2200
chronos_2,audusd,0.01,garch_evt,True,0.1196,2200
chronos_2,audusd,0.01,fhs,True,0.1196,2200
chronos_2,audusd,0.025,F1,True,0.427,2214
chronos_2,audusd,0.025,H,True,0.427,2214
chronos_2,audusd,0.025,F2,True,0.427,2214
chronos_2,audusd,0.025,F3,True,0.427,2214
chronos_2,audusd,0.025,F4,False,0.0672,2214
chronos_2,audusd,0.025,garch_evt,True,0.427,2214
chronos_2,audusd,0.025,fhs,True,0.427,2214
chronos_2,audusd,0.05,F1,True,0.1292,2234
chronos_2,audusd,0.05,H,True,0.1292,2234
chronos_2,audusd,0.05,F2,True,0.1292,2234
chronos_2,audusd,0.05,F3,True,0.1292,2234
chronos_2,audusd,0.05,F4,True,0.1292,2234
chronos_2,audusd,0.05,garch_evt,True,0.1292,2234
chronos_2,audusd,0.05,fhs,True,0.1292,2234
chronos_2,brent,0.01,F1,True,0.2332,2094
chronos_2,brent,0.01,H,True,0.2332,2094
chronos_2,brent,0.01,F2,True,0.2332,2094
chronos_2,brent,0.01,F3,True,0.2332,2094
chronos_2,brent,0.01,F4,True,0.2332,2094
chronos_2,brent,0.01,garch_evt,True,0.2332,2094
chronos_2,brent,0.01,fhs,True,0.2332,2094
chronos_2,brent,0.025,F1,True,0.172,2136
chronos_2,brent,0.025,H,True,0.172,2136
chronos_2,brent,0.025,F2,True,0.172,2136
chronos_2,brent,0.025,F3,False,0.0816,2136
chronos_2,brent,0.025,F4,True,0.172,2136
chronos_2,brent,0.025,garch_evt,True,0.172,2136
chronos_2,brent,0.025,fhs,True,0.172,2136
chronos_2,brent,0.05,F1,False,0.039,2141
chronos_2,brent,0.05,H,True,0.6606,2141
chronos_2,brent,0.05,F2,False,0.039,2141
chronos_2,brent,0.05,F3,False,0.039,2141
chronos_2,brent,0.05,F4,False,0.039,2141
chronos_2,brent,0.05,garch_evt,True,0.6606,2141
chronos_2,brent,0.05,fhs,True,0.6606,2141
chronos_2,btc,0.01,F1,True,0.1458,2792
chronos_2,btc,0.01,H,True,0.1458,2792
chronos_2,btc,0.01,F2,True,0.1458,2792
chronos_2,btc,0.01,F3,True,0.1458,2792
chronos_2,btc,0.01,F4,True,0.1458,2792
chronos_2,btc,0.01,garch_evt,True,0.1458,2792
chronos_2,btc,0.01,fhs,True,0.1458,2792
chronos_2,btc,0.025,F1,True,0.5426,2799
chronos_2,btc,0.025,H,True,0.5426,2799
chronos_2,btc,0.025,F2,True,0.5426,2799
chronos_2,btc,0.025,F3,True,0.5426,2799
chronos_2,btc,0.025,F4,True,0.5426,2799
chronos_2,btc,0.025,garch_evt,True,0.5426,2799
chronos_2,btc,0.025,fhs,True,0.5426,2799
chronos_2,btc,0.05,F1,True,0.2706,2804
chronos_2,btc,0.05,H,True,0.2706,2804
chronos_2,btc,0.05,F2,True,0.2706,2804
chronos_2,btc,0.05,F3,True,0.2706,2804
chronos_2,btc,0.05,F4,True,0.2706,2804
chronos_2,btc,0.05,garch_evt,True,0.2706,2804
chronos_2,btc,0.05,fhs,True,0.2706,2804
chronos_2,copper,0.01,F1,True,0.638,2111
chronos_2,copper,0.01,H,True,0.638,2111
chronos_2,copper,0.01,F2,True,0.638,2111
chronos_2,copper,0.01,F3,False,0.0466,2111
chronos_2,copper,0.01,F4,True,0.638,2111
chronos_2,copper,0.01,garch_evt,True,0.638,2111
chronos_2,copper,0.01,fhs,True,0.638,2111
chronos_2,copper,0.025,F1,True,0.2666,2137
chronos_2,copper,0.025,H,True,0.2666,2137
chronos_2,copper,0.025,F2,True,0.2666,2137
chronos_2,copper,0.025,F3,True,0.2666,2137
chronos_2,copper,0.025,F4,True,0.2666,2137
chronos_2,copper,0.025,garch_evt,True,0.2666,2137
chronos_2,copper,0.025,fhs,True,0.2666,2137
chronos_2,copper,0.05,F1,True,0.7912,2140
chronos_2,copper,0.05,H,True,0.7912,2140
chronos_2,copper,0.05,F2,True,0.7912,2140
chronos_2,copper,0.05,F3,True,0.7912,2140
chronos_2,copper,0.05,F4,True,0.7912,2140
chronos_2,copper,0.05,garch_evt,True,0.7912,2140
chronos_2,copper,0.05,fhs,True,0.7912,2140
chronos_2,csi300,0.01,F1,True,0.1142,1662
chronos_2,csi300,0.01,H,True,0.1142,1662
chronos_2,csi300,0.01,F2,True,0.1142,1662
chronos_2,csi300,0.01,F3,False,0.0618,1662
chronos_2,csi300,0.01,F4,True,0.1142,1662
chronos_2,csi300,0.01,garch_evt,True,0.1142,1662
chronos_2,csi300,0.01,fhs,True,0.1142,1662
chronos_2,csi300,0.025,F1,True,0.4044,1680
chronos_2,csi300,0.025,H,True,0.4044,1680
chronos_2,csi300,0.025,F2,True,0.4044,1680
chronos_2,csi300,0.025,F3,True,0.4044,1680
chronos_2,csi300,0.025,F4,False,0.0718,1680
chronos_2,csi300,0.025,garch_evt,True,0.4044,1680
chronos_2,csi300,0.025,fhs,True,0.4044,1680
chronos_2,csi300,0.05,F1,True,0.1192,1680
chronos_2,csi300,0.05,H,True,0.1192,1680
chronos_2,csi300,0.05,F2,True,0.1192,1680
chronos_2,csi300,0.05,F3,False,0.036,1680
chronos_2,csi300,0.05,F4,True,0.1192,1680
chronos_2,csi300,0.05,garch_evt,True,0.1192,1680
chronos_2,csi300,0.05,fhs,True,0.1192,1680
chronos_2,dax,0.01,F1,True,0.2088,2165
chronos_2,dax,0.01,H,True,0.2088,2165
chronos_2,dax,0.01,F2,True,0.2088,2165
chronos_2,dax,0.01,F3,False,0.0566,2165
chronos_2,dax,0.01,F4,True,0.2088,2165
chronos_2,dax,0.01,garch_evt,True,0.2088,2165
chronos_2,dax,0.01,fhs,True,0.2088,2165
chronos_2,dax,0.025,F1,True,0.1762,2165
chronos_2,dax,0.025,H,True,0.1762,2165
chronos_2,dax,0.025,F2,True,0.1762,2165
chronos_2,dax,0.025,F3,True,0.1762,2165
chronos_2,dax,0.025,F4,True,0.1762,2165
chronos_2,dax,0.025,garch_evt,True,0.1762,2165
chronos_2,dax,0.025,fhs,True,0.1762,2165
chronos_2,dax,0.05,F1,True,0.1112,2165
chronos_2,dax,0.05,H,True,0.1112,2165
chronos_2,dax,0.05,F2,True,0.1112,2165
chronos_2,dax,0.05,F3,True,0.1112,2165
chronos_2,dax,0.05,F4,True,0.1112,2165
chronos_2,dax,0.05,garch_evt,True,0.1112,2165
chronos_2,dax,0.05,fhs,True,0.1112,2165
chronos_2,dgs10,0.01,F1,True,0.764,2124
chronos_2,dgs10,0.01,H,True,0.764,2124
chronos_2,dgs10,0.01,F2,True,0.764,2124
chronos_2,dgs10,0.01,F3,True,0.764,2124
chronos_2,dgs10,0.01,F4,True,0.764,2124
chronos_2,dgs10,0.01,garch_evt,True,0.764,2124
chronos_2,dgs10,0.01,fhs,True,0.764,2124
chronos_2,dgs10,0.025,F1,True,0.5268,2124
chronos_2,dgs10,0.025,H,True,0.5268,2124
chronos_2,dgs10,0.025,F2,True,0.5268,2124
chronos_2,dgs10,0.025,F3,True,0.5268,2124
chronos_2,dgs10,0.025,F4,True,0.5268,2124
chronos_2,dgs10,0.025,garch_evt,True,0.5268,2124
chronos_2,dgs10,0.025,fhs,True,0.5268,2124
chronos_2,dgs10,0.05,F1,True,0.6498,2124
chronos_2,dgs10,0.05,H,True,0.6498,2124
chronos_2,dgs10,0.05,F2,True,0.6498,2124
chronos_2,dgs10,0.05,F3,True,0.6498,2124
chronos_2,dgs10,0.05,F4,True,0.6498,2124
chronos_2,dgs10,0.05,garch_evt,True,0.6498,2124
chronos_2,dgs10,0.05,fhs,True,0.6498,2124
chronos_2,dgs2,0.01,F1,True,0.2266,2092
chronos_2,dgs2,0.01,H,True,0.2266,2092
chronos_2,dgs2,0.01,F2,True,0.2266,2092
chronos_2,dgs2,0.01,F3,True,0.2266,2092
chronos_2,dgs2,0.01,F4,True,0.2266,2092
chronos_2,dgs2,0.01,garch_evt,True,0.2266,2092
chronos_2,dgs2,0.01,fhs,True,0.2266,2092
chronos_2,dgs2,0.025,F1,True,0.1252,2098
chronos_2,dgs2,0.025,H,True,0.1252,2098
chronos_2,dgs2,0.025,F2,True,0.1252,2098
chronos_2,dgs2,0.025,F3,True,0.1252,2098
chronos_2,dgs2,0.025,F4,True,0.1252,2098
chronos_2,dgs2,0.025,garch_evt,True,0.1252,2098
chronos_2,dgs2,0.025,fhs,True,0.1252,2098
chronos_2,dgs2,0.05,F1,True,0.2362,2100
chronos_2,dgs2,0.05,H,True,0.2362,2100
chronos_2,dgs2,0.05,F2,True,0.2362,2100
chronos_2,dgs2,0.05,F3,False,0.0856,2100
chronos_2,dgs2,0.05,F4,False,0.0856,2100
chronos_2,dgs2,0.05,garch_evt,True,0.2362,2100
chronos_2,dgs2,0.05,fhs,True,0.2362,2100
chronos_2,dgs30,0.01,F1,True,0.7792,2039
chronos_2,dgs30,0.01,H,True,0.7792,2039
chronos_2,dgs30,0.01,F2,False,0.0322,2039
chronos_2,dgs30,0.01,F3,False,0.0276,2039
chronos_2,dgs30,0.01,F4,False,0.0322,2039
chronos_2,dgs30,0.01,garch_evt,True,0.7792,2039
chronos_2,dgs30,0.01,fhs,True,0.7792,2039
chronos_2,dgs30,0.025,F1,True,0.9024,2064
chronos_2,dgs30,0.025,H,True,0.9024,2064
chronos_2,dgs30,0.025,F2,False,0.0208,2064
chronos_2,dgs30,0.025,F3,False,0.013,2064
chronos_2,dgs30,0.025,F4,False,0.013,2064
chronos_2,dgs30,0.025,garch_evt,True,0.9024,2064
chronos_2,dgs30,0.025,fhs,True,0.9024,2064
chronos_2,dgs30,0.05,F1,True,0.673,2064
chronos_2,dgs30,0.05,H,True,0.673,2064
chronos_2,dgs30,0.05,F2,False,0.002,2064
chronos_2,dgs30,0.05,F3,False,0.0006,2064
chronos_2,dgs30,0.05,F4,False,0.0006,2064
chronos_2,dgs30,0.05,garch_evt,True,0.673,2064
chronos_2,dgs30,0.05,fhs,True,0.673,2064
chronos_2,dgs5,0.01,F1,True,0.5844,2125
chronos_2,dgs5,0.01,H,True,0.5844,2125
chronos_2,dgs5,0.01,F2,True,0.5844,2125
chronos_2,dgs5,0.01,F3,True,0.5844,2125
chronos_2,dgs5,0.01,F4,True,0.5844,2125
chronos_2,dgs5,0.01,garch_evt,True,0.5844,2125
chronos_2,dgs5,0.01,fhs,True,0.5844,2125
chronos_2,dgs5,0.025,F1,True,0.5836,2125
chronos_2,dgs5,0.025,H,True,0.5836,2125
chronos_2,dgs5,0.025,F2,True,0.5836,2125
chronos_2,dgs5,0.025,F3,True,0.5836,2125
chronos_2,dgs5,0.025,F4,True,0.5836,2125
chronos_2,dgs5,0.025,garch_evt,True,0.5836,2125
chronos_2,dgs5,0.025,fhs,True,0.5836,2125
chronos_2,dgs5,0.05,F1,True,0.5484,2125
chronos_2,dgs5,0.05,H,True,0.5484,2125
chronos_2,dgs5,0.05,F2,True,0.5484,2125
chronos_2,dgs5,0.05,F3,True,0.5484,2125
chronos_2,dgs5,0.05,F4,True,0.5484,2125
chronos_2,dgs5,0.05,garch_evt,True,0.5484,2125
chronos_2,dgs5,0.05,fhs,True,0.5484,2125
chronos_2,eth,0.01,F1,True,0.1468,1643
chronos_2,eth,0.01,H,True,0.1468,1643
chronos_2,eth,0.01,F2,True,0.1468,1643
chronos_2,eth,0.01,F3,True,0.1468,1643
chronos_2,eth,0.01,F4,True,0.1468,1643
chronos_2,eth,0.01,garch_evt,True,0.1468,1643
chronos_2,eth,0.01,fhs,True,0.1468,1643
chronos_2,eth,0.025,F1,True,0.1276,1656
chronos_2,eth,0.025,H,True,0.1276,1656
chronos_2,eth,0.025,F2,True,0.1276,1656
chronos_2,eth,0.025,F3,True,0.1276,1656
chronos_2,eth,0.025,F4,True,0.1276,1656
chronos_2,eth,0.025,garch_evt,True,0.1276,1656
chronos_2,eth,0.025,fhs,True,0.1276,1656
chronos_2,eth,0.05,F1,True,0.5758,1659
chronos_2,eth,0.05,H,True,0.5758,1659
chronos_2,eth,0.05,F2,True,0.5758,1659
chronos_2,eth,0.05,F3,True,0.5758,1659
chronos_2,eth,0.05,F4,True,0.5758,1659
chronos_2,eth,0.05,garch_evt,True,0.5758,1659
chronos_2,eth,0.05,fhs,True,0.5758,1659
chronos_2,ftse,0.01,F1,True,0.5788,2140
chronos_2,ftse,0.01,H,True,0.5788,2140
chronos_2,ftse,0.01,F2,True,0.5788,2140
chronos_2,ftse,0.01,F3,True,0.5788,2140
chronos_2,ftse,0.01,F4,True,0.5788,2140
chronos_2,ftse,0.01,garch_evt,True,0.5788,2140
chronos_2,ftse,0.01,fhs,True,0.5788,2140
chronos_2,ftse,0.025,F1,True,0.3038,2152
chronos_2,ftse,0.025,H,True,0.3038,2152
chronos_2,ftse,0.025,F2,True,0.3038,2152
chronos_2,ftse,0.025,F3,True,0.3038,2152
chronos_2,ftse,0.025,F4,True,0.3038,2152
chronos_2,ftse,0.025,garch_evt,True,0.3038,2152
chronos_2,ftse,0.025,fhs,True,0.3038,2152
chronos_2,ftse,0.05,F1,True,0.5764,2152
chronos_2,ftse,0.05,H,True,0.5764,2152
chronos_2,ftse,0.05,F2,True,0.5764,2152
chronos_2,ftse,0.05,F3,True,0.5764,2152
chronos_2,ftse,0.05,F4,True,0.5764,2152
chronos_2,ftse,0.05,garch_evt,True,0.5764,2152
chronos_2,ftse,0.05,fhs,True,0.5764,2152
chronos_2,gbpusd,0.01,F1,True,0.1338,2173
chronos_2,gbpusd,0.01,H,True,0.1338,2173
chronos_2,gbpusd,0.01,F2,True,0.1338,2173
chronos_2,gbpusd,0.01,F3,False,0.0374,2173
chronos_2,gbpusd,0.01,F4,False,0.0026,2173
chronos_2,gbpusd,0.01,garch_evt,True,0.1338,2173
chronos_2,gbpusd,0.01,fhs,True,0.1338,2173
chronos_2,gbpusd,0.025,F1,True,0.1824,2183
chronos_2,gbpusd,0.025,H,True,0.1824,2183
chronos_2,gbpusd,0.025,F2,False,0.0298,2183
chronos_2,gbpusd,0.025,F3,False,0.0078,2183
chronos_2,gbpusd,0.025,F4,False,0.0022,2183
chronos_2,gbpusd,0.025,garch_evt,True,0.1824,2183
chronos_2,gbpusd,0.025,fhs,True,0.1824,2183
chronos_2,gbpusd,0.05,F1,True,0.1344,2234
chronos_2,gbpusd,0.05,H,True,0.1344,2234
chronos_2,gbpusd,0.05,F2,True,0.1344,2234
chronos_2,gbpusd,0.05,F3,False,0.0786,2234
chronos_2,gbpusd,0.05,F4,False,0.0076,2234
chronos_2,gbpusd,0.05,garch_evt,True,0.1344,2234
chronos_2,gbpusd,0.05,fhs,True,0.1344,2234
chronos_2,gold,0.01,F1,True,0.6676,2096
chronos_2,gold,0.01,H,True,0.6676,2096
chronos_2,gold,0.01,F2,True,0.6676,2096
chronos_2,gold,0.01,F3,True,0.6676,2096
chronos_2,gold,0.01,F4,True,0.6676,2096
chronos_2,gold,0.01,garch_evt,True,0.6676,2096
chronos_2,gold,0.01,fhs,True,0.6676,2096
chronos_2,gold,0.025,F1,True,0.6112,2104
chronos_2,gold,0.025,H,True,0.6112,2104
chronos_2,gold,0.025,F2,True,0.6112,2104
chronos_2,gold,0.025,F3,True,0.6112,2104
chronos_2,gold,0.025,F4,True,0.6112,2104
chronos_2,gold,0.025,garch_evt,True,0.6112,2104
chronos_2,gold,0.025,fhs,True,0.6112,2104
chronos_2,gold,0.05,F1,True,0.669,2139
chronos_2,gold,0.05,H,True,0.669,2139
chronos_2,gold,0.05,F2,True,0.669,2139
chronos_2,gold,0.05,F3,True,0.669,2139
chronos_2,gold,0.05,F4,True,0.669,2139
chronos_2,gold,0.05,garch_evt,True,0.669,2139
chronos_2,gold,0.05,fhs,True,0.669,2139
chronos_2,hsi,0.01,F1,True,0.2874,2080
chronos_2,hsi,0.01,H,True,0.2874,2080
chronos_2,hsi,0.01,F2,True,0.2874,2080
chronos_2,hsi,0.01,F3,True,0.2874,2080
chronos_2,hsi,0.01,F4,True,0.2874,2080
chronos_2,hsi,0.01,garch_evt,True,0.2874,2080
chronos_2,hsi,0.01,fhs,True,0.2874,2080
chronos_2,hsi,0.025,F1,True,0.253,2080
chronos_2,hsi,0.025,H,True,0.253,2080
chronos_2,hsi,0.025,F2,True,0.253,2080
chronos_2,hsi,0.025,F3,True,0.253,2080
chronos_2,hsi,0.025,F4,True,0.253,2080
chronos_2,hsi,0.025,garch_evt,True,0.253,2080
chronos_2,hsi,0.025,fhs,True,0.253,2080
chronos_2,hsi,0.05,F1,True,0.232,2080
chronos_2,hsi,0.05,H,True,0.232,2080
chronos_2,hsi,0.05,F2,True,0.232,2080
chronos_2,hsi,0.05,F3,True,0.232,2080
chronos_2,hsi,0.05,F4,True,0.232,2080
chronos_2,hsi,0.05,garch_evt,True,0.232,2080
chronos_2,hsi,0.05,fhs,True,0.232,2080
chronos_2,jnj,0.01,F1,True,0.2868,2084
chronos_2,jnj,0.01,H,True,0.2868,2084
chronos_2,jnj,0.01,F2,True,0.2868,2084
chronos_2,jnj,0.01,F3,True,0.2868,2084
chronos_2,jnj,0.01,F4,True,0.2868,2084
chronos_2,jnj,0.01,garch_evt,True,0.2868,2084
chronos_2,jnj,0.01,fhs,True,0.2868,2084
chronos_2,jnj,0.025,F1,True,0.1142,2090
chronos_2,jnj,0.025,H,True,0.1142,2090
chronos_2,jnj,0.025,F2,True,0.1142,2090
chronos_2,jnj,0.025,F3,True,0.1142,2090
chronos_2,jnj,0.025,F4,True,0.1142,2090
chronos_2,jnj,0.025,garch_evt,True,0.1142,2090
chronos_2,jnj,0.025,fhs,True,0.1142,2090
chronos_2,jnj,0.05,F1,True,0.574,2106
chronos_2,jnj,0.05,H,True,0.574,2106
chronos_2,jnj,0.05,F2,True,0.574,2106
chronos_2,jnj,0.05,F3,True,0.574,2106
chronos_2,jnj,0.05,F4,True,0.574,2106
chronos_2,jnj,0.05,garch_evt,True,0.574,2106
chronos_2,jnj,0.05,fhs,True,0.574,2106
chronos_2,jpm,0.01,F1,True,0.272,2082
chronos_2,jpm,0.01,H,True,0.272,2082
chronos_2,jpm,0.01,F2,True,0.272,2082
chronos_2,jpm,0.01,F3,True,0.272,2082
chronos_2,jpm,0.01,F4,True,0.272,2082
chronos_2,jpm,0.01,garch_evt,True,0.272,2082
chronos_2,jpm,0.01,fhs,True,0.272,2082
chronos_2,jpm,0.025,F1,True,0.3472,2089
chronos_2,jpm,0.025,H,True,0.3472,2089
chronos_2,jpm,0.025,F2,True,0.3472,2089
chronos_2,jpm,0.025,F3,True,0.3472,2089
chronos_2,jpm,0.025,F4,True,0.3472,2089
chronos_2,jpm,0.025,garch_evt,True,0.3472,2089
chronos_2,jpm,0.025,fhs,True,0.3472,2089
chronos_2,jpm,0.05,F1,True,0.2238,2114
chronos_2,jpm,0.05,H,True,0.2238,2114
chronos_2,jpm,0.05,F2,True,0.2238,2114
chronos_2,jpm,0.05,F3,True,0.2238,2114
chronos_2,jpm,0.05,F4,False,0.0842,2114
chronos_2,jpm,0.05,garch_evt,True,0.2238,2114
chronos_2,jpm,0.05,fhs,True,0.2238,2114
chronos_2,ltc,0.01,F1,True,0.4548,2768
chronos_2,ltc,0.01,H,True,0.4548,2768
chronos_2,ltc,0.01,F2,True,0.4548,2768
chronos_2,ltc,0.01,F3,True,0.4548,2768
chronos_2,ltc,0.01,F4,True,0.4548,2768
chronos_2,ltc,0.01,garch_evt,True,0.4548,2768
chronos_2,ltc,0.01,fhs,True,0.4548,2768
chronos_2,ltc,0.025,F1,True,0.3946,2791
chronos_2,ltc,0.025,H,True,0.3946,2791
chronos_2,ltc,0.025,F2,True,0.3946,2791
chronos_2,ltc,0.025,F3,True,0.3946,2791
chronos_2,ltc,0.025,F4,True,0.3946,2791
chronos_2,ltc,0.025,garch_evt,True,0.3946,2791
chronos_2,ltc,0.025,fhs,True,0.3946,2791
chronos_2,ltc,0.05,F1,True,0.8646,2805
chronos_2,ltc,0.05,H,True,0.8646,2805
chronos_2,ltc,0.05,F2,True,0.8646,2805
chronos_2,ltc,0.05,F3,True,0.8646,2805
chronos_2,ltc,0.05,F4,True,0.8646,2805
chronos_2,ltc,0.05,garch_evt,True,0.8646,2805
chronos_2,ltc,0.05,fhs,True,0.8646,2805
chronos_2,msft,0.01,F1,True,0.4912,2097
chronos_2,msft,0.01,H,True,0.4912,2097
chronos_2,msft,0.01,F2,True,0.4912,2097
chronos_2,msft,0.01,F3,True,0.4912,2097
chronos_2,msft,0.01,F4,True,0.4912,2097
chronos_2,msft,0.01,garch_evt,True,0.4912,2097
chronos_2,msft,0.01,fhs,True,0.4912,2097
chronos_2,msft,0.025,F1,True,0.3048,2133
chronos_2,msft,0.025,H,True,0.3048,2133
chronos_2,msft,0.025,F2,True,0.3048,2133
chronos_2,msft,0.025,F3,True,0.3048,2133
chronos_2,msft,0.025,F4,True,0.3048,2133
chronos_2,msft,0.025,garch_evt,True,0.3048,2133
chronos_2,msft,0.025,fhs,True,0.3048,2133
chronos_2,msft,0.05,F1,True,0.4616,2139
chronos_2,msft,0.05,H,True,0.4616,2139
chronos_2,msft,0.05,F2,True,0.4616,2139
chronos_2,msft,0.05,F3,True,0.4616,2139
chronos_2,msft,0.05,F4,True,0.4616,2139
chronos_2,msft,0.05,garch_evt,True,0.4616,2139
chronos_2,msft,0.05,fhs,True,0.4616,2139
chronos_2,natgas,0.01,F1,True,0.4124,2077
chronos_2,natgas,0.01,H,True,0.4124,2077
chronos_2,natgas,0.01,F2,False,0.0952,2077
chronos_2,natgas,0.01,F3,False,0.0952,2077
chronos_2,natgas,0.01,F4,False,0.0304,2077
chronos_2,natgas,0.01,garch_evt,True,0.4124,2077
chronos_2,natgas,0.01,fhs,True,0.4124,2077
chronos_2,natgas,0.025,F1,True,0.1496,2099
chronos_2,natgas,0.025,H,True,0.1496,2099
chronos_2,natgas,0.025,F2,True,0.1496,2099
chronos_2,natgas,0.025,F3,True,0.1496,2099
chronos_2,natgas,0.025,F4,True,0.1496,2099
chronos_2,natgas,0.025,garch_evt,True,0.1496,2099
chronos_2,natgas,0.025,fhs,True,0.1496,2099
chronos_2,natgas,0.05,F1,True,0.731,2098
chronos_2,natgas,0.05,H,True,0.731,2098
chronos_2,natgas,0.05,F2,True,0.731,2098
chronos_2,natgas,0.05,F3,True,0.731,2098
chronos_2,natgas,0.05,F4,True,0.731,2098
chronos_2,natgas,0.05,garch_evt,True,0.731,2098
chronos_2,natgas,0.05,fhs,True,0.731,2098
chronos_2,ndx,0.01,F1,False,0.0226,2136
chronos_2,ndx,0.01,H,True,0.2986,2136
chronos_2,ndx,0.01,F2,True,0.2986,2136
chronos_2,ndx,0.01,F3,True,0.2986,2136
chronos_2,ndx,0.01,F4,True,0.2986,2136
chronos_2,ndx,0.01,garch_evt,True,0.2986,2136
chronos_2,ndx,0.01,fhs,True,0.2986,2136
chronos_2,ndx,0.025,F1,False,0.0656,2137
chronos_2,ndx,0.025,H,True,0.105,2137
chronos_2,ndx,0.025,F2,True,0.105,2137
chronos_2,ndx,0.025,F3,True,0.105,2137
chronos_2,ndx,0.025,F4,True,0.105,2137
chronos_2,ndx,0.025,garch_evt,True,0.105,2137
chronos_2,ndx,0.025,fhs,True,0.105,2137
chronos_2,ndx,0.05,F1,False,0.0238,2139
chronos_2,ndx,0.05,H,True,0.1718,2139
chronos_2,ndx,0.05,F2,True,0.1718,2139
chronos_2,ndx,0.05,F3,False,0.0796,2139
chronos_2,ndx,0.05,F4,True,0.1718,2139
chronos_2,ndx,0.05,garch_evt,True,0.1718,2139
chronos_2,ndx,0.05,fhs,True,0.1718,2139
chronos_2,nikkei,0.01,F1,True,0.177,1998
chronos_2,nikkei,0.01,H,True,0.177,1998
chronos_2,nikkei,0.01,F2,True,0.177,1998
chronos_2,nikkei,0.01,F3,True,0.177,1998
chronos_2,nikkei,0.01,F4,True,0.177,1998
chronos_2,nikkei,0.01,garch_evt,True,0.177,1998
chronos_2,nikkei,0.01,fhs,True,0.177,1998
chronos_2,nikkei,0.025,F1,False,0.0302,2034
chronos_2,nikkei,0.025,H,True,0.9092,2034
chronos_2,nikkei,0.025,F2,False,0.0302,2034
chronos_2,nikkei,0.025,F3,False,0.0228,2034
chronos_2,nikkei,0.025,F4,False,0.0228,2034
chronos_2,nikkei,0.025,garch_evt,True,0.9092,2034
chronos_2,nikkei,0.025,fhs,True,0.9092,2034
chronos_2,nikkei,0.05,F1,False,0.0802,2066
chronos_2,nikkei,0.05,H,True,0.7312,2066
chronos_2,nikkei,0.05,F2,False,0.0802,2066
chronos_2,nikkei,0.05,F3,False,0.0038,2066
chronos_2,nikkei,0.05,F4,False,0.0216,2066
chronos_2,nikkei,0.05,garch_evt,True,0.7312,2066
chronos_2,nikkei,0.05,fhs,True,0.7312,2066
chronos_2,nvda,0.01,F1,True,0.2684,2055
chronos_2,nvda,0.01,H,True,0.2684,2055
chronos_2,nvda,0.01,F2,True,0.2684,2055
chronos_2,nvda,0.01,F3,True,0.2684,2055
chronos_2,nvda,0.01,F4,True,0.2684,2055
chronos_2,nvda,0.01,garch_evt,True,0.2684,2055
chronos_2,nvda,0.01,fhs,True,0.2684,2055
chronos_2,nvda,0.025,F1,True,0.3842,2122
chronos_2,nvda,0.025,H,True,0.3842,2122
chronos_2,nvda,0.025,F2,True,0.3842,2122
chronos_2,nvda,0.025,F3,True,0.3842,2122
chronos_2,nvda,0.025,F4,True,0.3842,2122
chronos_2,nvda,0.025,garch_evt,True,0.3842,2122
chronos_2,nvda,0.025,fhs,True,0.3842,2122
chronos_2,nvda,0.05,F1,True,0.8692,2125
chronos_2,nvda,0.05,H,True,0.8692,2125
chronos_2,nvda,0.05,F2,True,0.8692,2125
chronos_2,nvda,0.05,F3,True,0.8692,2125
chronos_2,nvda,0.05,F4,True,0.8692,2125
chronos_2,nvda,0.05,garch_evt,True,0.8692,2125
chronos_2,nvda,0.05,fhs,True,0.8692,2125
chronos_2,rut,0.01,F1,True,0.3962,2031
chronos_2,rut,0.01,H,True,0.3962,2031
chronos_2,rut,0.01,F2,False,0.0194,2031
chronos_2,rut,0.01,F3,False,0.0402,2031
chronos_2,rut,0.01,F4,False,0.0024,2031
chronos_2,rut,0.01,garch_evt,True,0.3962,2031
chronos_2,rut,0.01,fhs,True,0.3962,2031
chronos_2,rut,0.025,F1,True,0.1162,2022
chronos_2,rut,0.025,H,True,0.1162,2022
chronos_2,rut,0.025,F2,True,0.1162,2022
chronos_2,rut,0.025,F3,True,0.1162,2022
chronos_2,rut,0.025,F4,True,0.1162,2022
chronos_2,rut,0.025,garch_evt,True,0.1162,2022
chronos_2,rut,0.025,fhs,True,0.1162,2022
chronos_2,rut,0.05,F1,True,0.2072,2082
chronos_2,rut,0.05,H,True,0.2072,2082
chronos_2,rut,0.05,F2,True,0.2072,2082
chronos_2,rut,0.05,F3,False,0.0562,2082
chronos_2,rut,0.05,F4,True,0.2072,2082
chronos_2,rut,0.05,garch_evt,True,0.2072,2082
chronos_2,rut,0.05,fhs,True,0.2072,2082
chronos_2,spx,0.01,F1,True,0.2612,2101
chronos_2,spx,0.01,H,True,0.2612,2101
chronos_2,spx,0.01,F2,True,0.2612,2101
chronos_2,spx,0.01,F3,True,0.2612,2101
chronos_2,spx,0.01,F4,True,0.2612,2101
chronos_2,spx,0.01,garch_evt,True,0.2612,2101
chronos_2,spx,0.01,fhs,True,0.2612,2101
chronos_2,spx,0.025,F1,True,0.1176,2133
chronos_2,spx,0.025,H,True,0.1176,2133
chronos_2,spx,0.025,F2,True,0.1176,2133
chronos_2,spx,0.025,F3,True,0.1176,2133
chronos_2,spx,0.025,F4,True,0.1176,2133
chronos_2,spx,0.025,garch_evt,True,0.1176,2133
chronos_2,spx,0.025,fhs,True,0.1176,2133
chronos_2,spx,0.05,F1,False,0.0306,2124
chronos_2,spx,0.05,H,True,0.1428,2124
chronos_2,spx,0.05,F2,True,0.1428,2124
chronos_2,spx,0.05,F3,True,0.1428,2124
chronos_2,spx,0.05,F4,True,0.1428,2124
chronos_2,spx,0.05,garch_evt,True,0.1428,2124
chronos_2,spx,0.05,fhs,True,0.1428,2124
chronos_2,usdcad,0.01,F1,True,0.3538,2182
chronos_2,usdcad,0.01,H,True,0.3538,2182
chronos_2,usdcad,0.01,F2,True,0.3538,2182
chronos_2,usdcad,0.01,F3,True,0.3538,2182
chronos_2,usdcad,0.01,F4,True,0.3538,2182
chronos_2,usdcad,0.01,garch_evt,True,0.3538,2182
chronos_2,usdcad,0.01,fhs,True,0.3538,2182
chronos_2,usdcad,0.025,F1,True,0.5042,2219
chronos_2,usdcad,0.025,H,True,0.5042,2219
chronos_2,usdcad,0.025,F2,True,0.5042,2219
chronos_2,usdcad,0.025,F3,True,0.5042,2219
chronos_2,usdcad,0.025,F4,True,0.5042,2219
chronos_2,usdcad,0.025,garch_evt,True,0.5042,2219
chronos_2,usdcad,0.025,fhs,True,0.5042,2219
chronos_2,usdcad,0.05,F1,True,0.5942,2234
chronos_2,usdcad,0.05,H,True,0.5942,2234
chronos_2,usdcad,0.05,F2,True,0.5942,2234
chronos_2,usdcad,0.05,F3,True,0.5942,2234
chronos_2,usdcad,0.05,F4,True,0.5942,2234
chronos_2,usdcad,0.05,garch_evt,True,0.5942,2234
chronos_2,usdcad,0.05,fhs,True,0.5942,2234
chronos_2,usdchf,0.01,F1,False,0.023,2165
chronos_2,usdchf,0.01,H,True,0.5416,2165
chronos_2,usdchf,0.01,F2,False,0.0484,2165
chronos_2,usdchf,0.01,F3,False,0.0142,2165
chronos_2,usdchf,0.01,F4,False,0.023,2165
chronos_2,usdchf,0.01,garch_evt,True,0.5416,2165
chronos_2,usdchf,0.01,fhs,True,0.5416,2165
chronos_2,usdchf,0.025,F1,False,0.0224,2227
chronos_2,usdchf,0.025,H,True,0.5472,2227
chronos_2,usdchf,0.025,F2,False,0.0894,2227
chronos_2,usdchf,0.025,F3,False,0.0224,2227
chronos_2,usdchf,0.025,F4,False,0.0224,2227
chronos_2,usdchf,0.025,garch_evt,True,0.5472,2227
chronos_2,usdchf,0.025,fhs,True,0.5472,2227
chronos_2,usdchf,0.05,F1,False,0.0112,2233
chronos_2,usdchf,0.05,H,True,0.2532,2233
chronos_2,usdchf,0.05,F2,True,0.2532,2233
chronos_2,usdchf,0.05,F3,False,0.0208,2233
chronos_2,usdchf,0.05,F4,False,0.0404,2233
chronos_2,usdchf,0.05,garch_evt,True,0.2532,2233
chronos_2,usdchf,0.05,fhs,True,0.2532,2233
chronos_2,wmt,0.01,F1,True,0.45,2137
chronos_2,wmt,0.01,H,True,0.45,2137
chronos_2,wmt,0.01,F2,True,0.45,2137
chronos_2,wmt,0.01,F3,True,0.45,2137
chronos_2,wmt,0.01,F4,True,0.45,2137
chronos_2,wmt,0.01,garch_evt,True,0.45,2137
chronos_2,wmt,0.01,fhs,True,0.45,2137
chronos_2,wmt,0.025,F1,True,0.5244,2139
chronos_2,wmt,0.025,H,True,0.5244,2139
chronos_2,wmt,0.025,F2,True,0.5244,2139
chronos_2,wmt,0.025,F3,True,0.5244,2139
chronos_2,wmt,0.025,F4,True,0.5244,2139
chronos_2,wmt,0.025,garch_evt,True,0.5244,2139
chronos_2,wmt,0.025,fhs,True,0.5244,2139
chronos_2,wmt,0.05,F1,True,0.498,2139
chronos_2,wmt,0.05,H,True,0.498,2139
chronos_2,wmt,0.05,F2,True,0.498,2139
chronos_2,wmt,0.05,F3,True,0.498,2139
chronos_2,wmt,0.05,F4,True,0.498,2139
chronos_2,wmt,0.05,garch_evt,True,0.498,2139
chronos_2,wmt,0.05,fhs,True,0.498,2139
chronos_2,xom,0.01,F1,True,0.1118,2093
chronos_2,xom,0.01,H,True,0.1118,2093
chronos_2,xom,0.01,F2,True,0.1118,2093
chronos_2,xom,0.01,F3,False,0.0538,2093
chronos_2,xom,0.01,F4,False,0.0052,2093
chronos_2,xom,0.01,garch_evt,True,0.1118,2093
chronos_2,xom,0.01,fhs,True,0.1118,2093
chronos_2,xom,0.025,F1,True,0.1064,2139
chronos_2,xom,0.025,H,True,0.1064,2139
chronos_2,xom,0.025,F2,True,0.1064,2139
chronos_2,xom,0.025,F3,False,0.012,2139
chronos_2,xom,0.025,F4,False,0.0122,2139
chronos_2,xom,0.025,garch_evt,True,0.1064,2139
chronos_2,xom,0.025,fhs,True,0.1064,2139
chronos_2,xom,0.05,F1,True,0.162,2137
chronos_2,xom,0.05,H,True,0.162,2137
chronos_2,xom,0.05,F2,True,0.162,2137
chronos_2,xom,0.05,F3,False,0.0286,2137
chronos_2,xom,0.05,F4,False,0.0312,2137
chronos_2,xom,0.05,garch_evt,True,0.162,2137
chronos_2,xom,0.05,fhs,True,0.162,2137
chronos_2,xrp,0.01,F1,True,0.9378,1643
chronos_2,xrp,0.01,H,True,0.9378,1643
chronos_2,xrp,0.01,F2,True,0.9378,1643
chronos_2,xrp,0.01,F3,True,0.9378,1643
chronos_2,xrp,0.01,F4,True,0.9378,1643
chronos_2,xrp,0.01,garch_evt,True,0.9378,1643
chronos_2,xrp,0.01,fhs,True,0.9378,1643
chronos_2,xrp,0.025,F1,True,0.926,1659
chronos_2,xrp,0.025,H,True,0.926,1659
chronos_2,xrp,0.025,F2,True,0.926,1659
chronos_2,xrp,0.025,F3,True,0.926,1659
chronos_2,xrp,0.025,F4,True,0.926,1659
chronos_2,xrp,0.025,garch_evt,True,0.926,1659
chronos_2,xrp,0.025,fhs,True,0.926,1659
chronos_2,xrp,0.05,F1,True,0.4954,1659
chronos_2,xrp,0.05,H,True,0.4954,1659
chronos_2,xrp,0.05,F2,True,0.4954,1659
chronos_2,xrp,0.05,F3,True,0.4954,1659
chronos_2,xrp,0.05,F4,True,0.4954,1659
chronos_2,xrp,0.05,garch_evt,True,0.4954,1659
chronos_2,xrp,0.05,fhs,True,0.4954,1659
timesfm_2_5,aapl,0.01,F1,True,0.108,2055
timesfm_2_5,aapl,0.01,H,True,0.108,2055
timesfm_2_5,aapl,0.01,F2,True,0.108,2055
timesfm_2_5,aapl,0.01,F3,True,0.108,2055
timesfm_2_5,aapl,0.01,F4,True,0.108,2055
timesfm_2_5,aapl,0.01,garch_evt,True,0.108,2055
timesfm_2_5,aapl,0.01,fhs,True,0.108,2055
timesfm_2_5,aapl,0.025,F1,True,0.2268,2139
timesfm_2_5,aapl,0.025,H,True,0.2268,2139
timesfm_2_5,aapl,0.025,F2,True,0.2268,2139
timesfm_2_5,aapl,0.025,F3,False,0.0224,2139
timesfm_2_5,aapl,0.025,F4,True,0.2268,2139
timesfm_2_5,aapl,0.025,garch_evt,True,0.2268,2139
timesfm_2_5,aapl,0.025,fhs,True,0.2268,2139
timesfm_2_5,aapl,0.05,F1,False,0.023,2139
timesfm_2_5,aapl,0.05,H,True,0.1836,2139
timesfm_2_5,aapl,0.05,F2,True,0.1836,2139
timesfm_2_5,aapl,0.05,F3,False,0.0202,2139
timesfm_2_5,aapl,0.05,F4,True,0.1836,2139
timesfm_2_5,aapl,0.05,garch_evt,True,0.1836,2139
timesfm_2_5,aapl,0.05,fhs,True,0.1836,2139
timesfm_2_5,amzn,0.01,F1,False,0.0332,2122
timesfm_2_5,amzn,0.01,H,True,0.5486,2122
timesfm_2_5,amzn,0.01,F2,True,0.5486,2122
timesfm_2_5,amzn,0.01,F3,False,0.0276,2122
timesfm_2_5,amzn,0.01,F4,False,0.0212,2122
timesfm_2_5,amzn,0.01,garch_evt,True,0.5486,2122
timesfm_2_5,amzn,0.01,fhs,True,0.5486,2122
timesfm_2_5,amzn,0.025,F1,False,0.07,2123
timesfm_2_5,amzn,0.025,H,True,0.1192,2123
timesfm_2_5,amzn,0.025,F2,True,0.1192,2123
timesfm_2_5,amzn,0.025,F3,True,0.1192,2123
timesfm_2_5,amzn,0.025,F4,False,0.034,2123
timesfm_2_5,amzn,0.025,garch_evt,True,0.1192,2123
timesfm_2_5,amzn,0.025,fhs,True,0.1192,2123
timesfm_2_5,amzn,0.05,F1,True,0.2296,2139
timesfm_2_5,amzn,0.05,H,True,0.2296,2139
timesfm_2_5,amzn,0.05,F2,True,0.2296,2139
timesfm_2_5,amzn,0.05,F3,False,0.0852,2139
timesfm_2_5,amzn,0.05,F4,False,0.0536,2139
timesfm_2_5,amzn,0.05,garch_evt,True,0.2296,2139
timesfm_2_5,amzn,0.05,fhs,True,0.2296,2139
timesfm_2_5,audusd,0.01,F1,True,0.1986,2180
timesfm_2_5,audusd,0.01,H,True,0.1986,2180
timesfm_2_5,audusd,0.01,F2,True,0.1986,2180
timesfm_2_5,audusd,0.01,F3,True,0.1986,2180
timesfm_2_5,audusd,0.01,F4,True,0.1986,2180
timesfm_2_5,audusd,0.01,garch_evt,True,0.1986,2180
timesfm_2_5,audusd,0.01,fhs,True,0.1986,2180
timesfm_2_5,audusd,0.025,F1,True,0.142,2207
timesfm_2_5,audusd,0.025,H,True,0.142,2207
timesfm_2_5,audusd,0.025,F2,True,0.142,2207
timesfm_2_5,audusd,0.025,F3,True,0.142,2207
timesfm_2_5,audusd,0.025,F4,True,0.142,2207
timesfm_2_5,audusd,0.025,garch_evt,True,0.142,2207
timesfm_2_5,audusd,0.025,fhs,True,0.142,2207
timesfm_2_5,audusd,0.05,F1,False,0.0912,2234
timesfm_2_5,audusd,0.05,H,True,0.582,2234
timesfm_2_5,audusd,0.05,F2,True,0.582,2234
timesfm_2_5,audusd,0.05,F3,False,0.0166,2234
timesfm_2_5,audusd,0.05,F4,False,0.0614,2234
timesfm_2_5,audusd,0.05,garch_evt,True,0.582,2234
timesfm_2_5,audusd,0.05,fhs,True,0.582,2234
timesfm_2_5,brent,0.01,F1,True,0.1416,2070
timesfm_2_5,brent,0.01,H,True,0.1416,2070
timesfm_2_5,brent,0.01,F2,True,0.1416,2070
timesfm_2_5,brent,0.01,F3,False,0.0362,2070
timesfm_2_5,brent,0.01,F4,True,0.1416,2070
timesfm_2_5,brent,0.01,garch_evt,True,0.1416,2070
timesfm_2_5,brent,0.01,fhs,True,0.1416,2070
timesfm_2_5,brent,0.025,F1,False,0.0468,2127
timesfm_2_5,brent,0.025,H,True,0.1412,2127
timesfm_2_5,brent,0.025,F2,True,0.1412,2127
timesfm_2_5,brent,0.025,F3,False,0.023,2127
timesfm_2_5,brent,0.025,F4,False,0.023,2127
timesfm_2_5,brent,0.025,garch_evt,True,0.1412,2127
timesfm_2_5,brent,0.025,fhs,True,0.1412,2127
timesfm_2_5,brent,0.05,F1,False,0.0242,2141
timesfm_2_5,brent,0.05,H,True,0.2744,2141
timesfm_2_5,brent,0.05,F2,False,0.0514,2141
timesfm_2_5,brent,0.05,F3,False,0.0282,2141
timesfm_2_5,brent,0.05,F4,False,0.0126,2141
timesfm_2_5,brent,0.05,garch_evt,True,0.2744,2141
timesfm_2_5,brent,0.05,fhs,True,0.2744,2141
timesfm_2_5,btc,0.01,F1,True,0.5118,2696
timesfm_2_5,btc,0.01,H,True,0.5118,2696
timesfm_2_5,btc,0.01,F2,True,0.5118,2696
timesfm_2_5,btc,0.01,F3,True,0.5118,2696
timesfm_2_5,btc,0.01,F4,True,0.5118,2696
timesfm_2_5,btc,0.01,garch_evt,True,0.5118,2696
timesfm_2_5,btc,0.01,fhs,True,0.5118,2696
timesfm_2_5,btc,0.025,F1,True,0.541,2807
timesfm_2_5,btc,0.025,H,True,0.541,2807
timesfm_2_5,btc,0.025,F2,True,0.541,2807
timesfm_2_5,btc,0.025,F3,True,0.541,2807
timesfm_2_5,btc,0.025,F4,True,0.541,2807
timesfm_2_5,btc,0.025,garch_evt,True,0.541,2807
timesfm_2_5,btc,0.025,fhs,True,0.541,2807
timesfm_2_5,btc,0.05,F1,True,0.535,2808
timesfm_2_5,btc,0.05,H,True,0.535,2808
timesfm_2_5,btc,0.05,F2,True,0.535,2808
timesfm_2_5,btc,0.05,F3,True,0.535,2808
timesfm_2_5,btc,0.05,F4,True,0.535,2808
timesfm_2_5,btc,0.05,garch_evt,True,0.535,2808
timesfm_2_5,btc,0.05,fhs,True,0.535,2808
timesfm_2_5,copper,0.01,F1,True,0.326,2091
timesfm_2_5,copper,0.01,H,True,0.326,2091
timesfm_2_5,copper,0.01,F2,True,0.326,2091
timesfm_2_5,copper,0.01,F3,True,0.326,2091
timesfm_2_5,copper,0.01,F4,True,0.326,2091
timesfm_2_5,copper,0.01,garch_evt,True,0.326,2091
timesfm_2_5,copper,0.01,fhs,True,0.326,2091
timesfm_2_5,copper,0.025,F1,True,0.2088,2140
timesfm_2_5,copper,0.025,H,True,0.2088,2140
timesfm_2_5,copper,0.025,F2,True,0.2088,2140
timesfm_2_5,copper,0.025,F3,True,0.2088,2140
timesfm_2_5,copper,0.025,F4,True,0.2088,2140
timesfm_2_5,copper,0.025,garch_evt,True,0.2088,2140
timesfm_2_5,copper,0.025,fhs,True,0.2088,2140
timesfm_2_5,copper,0.05,F1,True,0.169,2140
timesfm_2_5,copper,0.05,H,True,0.169,2140
timesfm_2_5,copper,0.05,F2,True,0.169,2140
timesfm_2_5,copper,0.05,F3,False,0.0698,2140
timesfm_2_5,copper,0.05,F4,True,0.169,2140
timesfm_2_5,copper,0.05,garch_evt,True,0.169,2140
timesfm_2_5,copper,0.05,fhs,True,0.169,2140
timesfm_2_5,csi300,0.01,F1,True,0.1848,1680
timesfm_2_5,csi300,0.01,H,True,0.1848,1680
timesfm_2_5,csi300,0.01,F2,True,0.1848,1680
timesfm_2_5,csi300,0.01,F3,False,0.0782,1680
timesfm_2_5,csi300,0.01,F4,False,0.0782,1680
timesfm_2_5,csi300,0.01,garch_evt,True,0.1848,1680
timesfm_2_5,csi300,0.01,fhs,True,0.1848,1680
timesfm_2_5,csi300,0.025,F1,True,0.1104,1680
timesfm_2_5,csi300,0.025,H,True,0.1104,1680
timesfm_2_5,csi300,0.025,F2,True,0.1104,1680
timesfm_2_5,csi300,0.025,F3,True,0.1104,1680
timesfm_2_5,csi300,0.025,F4,True,0.1104,1680
timesfm_2_5,csi300,0.025,garch_evt,True,0.1104,1680
timesfm_2_5,csi300,0.025,fhs,True,0.1104,1680
timesfm_2_5,csi300,0.05,F1,True,0.1438,1680
timesfm_2_5,csi300,0.05,H,True,0.1438,1680
timesfm_2_5,csi300,0.05,F2,True,0.1438,1680
timesfm_2_5,csi300,0.05,F3,True,0.1438,1680
timesfm_2_5,csi300,0.05,F4,True,0.1438,1680
timesfm_2_5,csi300,0.05,garch_evt,True,0.1438,1680
timesfm_2_5,csi300,0.05,fhs,True,0.1438,1680
timesfm_2_5,dax,0.01,F1,True,0.1268,2118
timesfm_2_5,dax,0.01,H,True,0.1268,2118
timesfm_2_5,dax,0.01,F2,True,0.1268,2118
timesfm_2_5,dax,0.01,F3,True,0.1268,2118
timesfm_2_5,dax,0.01,F4,True,0.1268,2118
timesfm_2_5,dax,0.01,garch_evt,True,0.1268,2118
timesfm_2_5,dax,0.01,fhs,True,0.1268,2118
timesfm_2_5,dax,0.025,F1,True,0.1416,2143
timesfm_2_5,dax,0.025,H,True,0.1416,2143
timesfm_2_5,dax,0.025,F2,True,0.1416,2143
timesfm_2_5,dax,0.025,F3,False,0.0164,2143
timesfm_2_5,dax,0.025,F4,True,0.1416,2143
timesfm_2_5,dax,0.025,garch_evt,True,0.1416,2143
timesfm_2_5,dax,0.025,fhs,True,0.1416,2143
timesfm_2_5,dax,0.05,F1,True,0.1652,2165
timesfm_2_5,dax,0.05,H,True,0.1652,2165
timesfm_2_5,dax,0.05,F2,True,0.1652,2165
timesfm_2_5,dax,0.05,F3,False,0.0186,2165
timesfm_2_5,dax,0.05,F4,True,0.1652,2165
timesfm_2_5,dax,0.05,garch_evt,True,0.1652,2165
timesfm_2_5,dax,0.05,fhs,True,0.1652,2165
timesfm_2_5,dgs10,0.01,F1,True,0.67,2123
timesfm_2_5,dgs10,0.01,H,True,0.67,2123
timesfm_2_5,dgs10,0.01,F2,True,0.67,2123
timesfm_2_5,dgs10,0.01,F3,True,0.67,2123
timesfm_2_5,dgs10,0.01,F4,True,0.67,2123
timesfm_2_5,dgs10,0.01,garch_evt,True,0.67,2123
timesfm_2_5,dgs10,0.01,fhs,True,0.67,2123
timesfm_2_5,dgs10,0.025,F1,True,0.766,2124
timesfm_2_5,dgs10,0.025,H,True,0.766,2124
timesfm_2_5,dgs10,0.025,F2,True,0.766,2124
timesfm_2_5,dgs10,0.025,F3,True,0.766,2124
timesfm_2_5,dgs10,0.025,F4,True,0.766,2124
timesfm_2_5,dgs10,0.025,garch_evt,True,0.766,2124
timesfm_2_5,dgs10,0.025,fhs,True,0.766,2124
timesfm_2_5,dgs10,0.05,F1,True,0.2614,2124
timesfm_2_5,dgs10,0.05,H,True,0.2614,2124
timesfm_2_5,dgs10,0.05,F2,True,0.2614,2124
timesfm_2_5,dgs10,0.05,F3,True,0.2614,2124
timesfm_2_5,dgs10,0.05,F4,True,0.2614,2124
timesfm_2_5,dgs10,0.05,garch_evt,True,0.2614,2124
timesfm_2_5,dgs10,0.05,fhs,True,0.2614,2124
timesfm_2_5,dgs2,0.01,F1,True,0.4074,2097
timesfm_2_5,dgs2,0.01,H,True,0.4074,2097
timesfm_2_5,dgs2,0.01,F2,True,0.4074,2097
timesfm_2_5,dgs2,0.01,F3,True,0.4074,2097
timesfm_2_5,dgs2,0.01,F4,True,0.4074,2097
timesfm_2_5,dgs2,0.01,garch_evt,True,0.4074,2097
timesfm_2_5,dgs2,0.01,fhs,True,0.4074,2097
timesfm_2_5,dgs2,0.025,F1,True,0.4808,2102
timesfm_2_5,dgs2,0.025,H,True,0.4808,2102
timesfm_2_5,dgs2,0.025,F2,True,0.4808,2102
timesfm_2_5,dgs2,0.025,F3,True,0.4808,2102
timesfm_2_5,dgs2,0.025,F4,True,0.4808,2102
timesfm_2_5,dgs2,0.025,garch_evt,True,0.4808,2102
timesfm_2_5,dgs2,0.025,fhs,True,0.4808,2102
timesfm_2_5,dgs2,0.05,F1,True,0.1412,2102
timesfm_2_5,dgs2,0.05,H,True,0.1412,2102
timesfm_2_5,dgs2,0.05,F2,True,0.1412,2102
timesfm_2_5,dgs2,0.05,F3,True,0.1412,2102
timesfm_2_5,dgs2,0.05,F4,True,0.1412,2102
timesfm_2_5,dgs2,0.05,garch_evt,True,0.1412,2102
timesfm_2_5,dgs2,0.05,fhs,True,0.1412,2102
timesfm_2_5,dgs30,0.01,F1,True,0.6498,2007
timesfm_2_5,dgs30,0.01,H,True,0.6498,2007
timesfm_2_5,dgs30,0.01,F2,False,0.0496,2007
timesfm_2_5,dgs30,0.01,F3,False,0.0074,2007
timesfm_2_5,dgs30,0.01,F4,False,0.022,2007
timesfm_2_5,dgs30,0.01,garch_evt,True,0.6498,2007
timesfm_2_5,dgs30,0.01,fhs,True,0.6498,2007
timesfm_2_5,dgs30,0.025,F1,True,0.3594,2049
timesfm_2_5,dgs30,0.025,H,True,0.3594,2049
timesfm_2_5,dgs30,0.025,F2,False,0.0236,2049
timesfm_2_5,dgs30,0.025,F3,False,0.006,2049
timesfm_2_5,dgs30,0.025,F4,False,0.0082,2049
timesfm_2_5,dgs30,0.025,garch_evt,True,0.3594,2049
timesfm_2_5,dgs30,0.025,fhs,True,0.3594,2049
timesfm_2_5,dgs30,0.05,F1,False,0.0614,2059
timesfm_2_5,dgs30,0.05,H,True,0.4124,2059
timesfm_2_5,dgs30,0.05,F2,False,0.002,2059
timesfm_2_5,dgs30,0.05,F3,False,0.0006,2059
timesfm_2_5,dgs30,0.05,F4,False,0.0006,2059
timesfm_2_5,dgs30,0.05,garch_evt,True,0.4124,2059
timesfm_2_5,dgs30,0.05,fhs,True,0.4124,2059
timesfm_2_5,dgs5,0.01,F1,True,0.8452,2125
timesfm_2_5,dgs5,0.01,H,True,0.8452,2125
timesfm_2_5,dgs5,0.01,F2,True,0.8452,2125
timesfm_2_5,dgs5,0.01,F3,True,0.8452,2125
timesfm_2_5,dgs5,0.01,F4,True,0.8452,2125
timesfm_2_5,dgs5,0.01,garch_evt,True,0.8452,2125
timesfm_2_5,dgs5,0.01,fhs,True,0.8452,2125
timesfm_2_5,dgs5,0.025,F1,True,0.659,2125
timesfm_2_5,dgs5,0.025,H,True,0.659,2125
timesfm_2_5,dgs5,0.025,F2,True,0.659,2125
timesfm_2_5,dgs5,0.025,F3,True,0.659,2125
timesfm_2_5,dgs5,0.025,F4,True,0.659,2125
timesfm_2_5,dgs5,0.025,garch_evt,True,0.659,2125
timesfm_2_5,dgs5,0.025,fhs,True,0.659,2125
timesfm_2_5,dgs5,0.05,F1,True,0.4106,2125
timesfm_2_5,dgs5,0.05,H,True,0.4106,2125
timesfm_2_5,dgs5,0.05,F2,True,0.4106,2125
timesfm_2_5,dgs5,0.05,F3,True,0.4106,2125
timesfm_2_5,dgs5,0.05,F4,True,0.4106,2125
timesfm_2_5,dgs5,0.05,garch_evt,True,0.4106,2125
timesfm_2_5,dgs5,0.05,fhs,True,0.4106,2125
timesfm_2_5,eth,0.01,F1,True,0.24,1636
timesfm_2_5,eth,0.01,H,True,0.24,1636
timesfm_2_5,eth,0.01,F2,True,0.24,1636
timesfm_2_5,eth,0.01,F3,False,0.0334,1636
timesfm_2_5,eth,0.01,F4,False,0.034,1636
timesfm_2_5,eth,0.01,garch_evt,True,0.24,1636
timesfm_2_5,eth,0.01,fhs,True,0.24,1636
timesfm_2_5,eth,0.025,F1,True,0.3958,1649
timesfm_2_5,eth,0.025,H,True,0.3958,1649
timesfm_2_5,eth,0.025,F2,True,0.3958,1649
timesfm_2_5,eth,0.025,F3,True,0.3958,1649
timesfm_2_5,eth,0.025,F4,True,0.3958,1649
timesfm_2_5,eth,0.025,garch_evt,True,0.3958,1649
timesfm_2_5,eth,0.025,fhs,True,0.3958,1649
timesfm_2_5,eth,0.05,F1,True,0.7312,1659
timesfm_2_5,eth,0.05,H,True,0.7312,1659
timesfm_2_5,eth,0.05,F2,True,0.7312,1659
timesfm_2_5,eth,0.05,F3,True,0.7312,1659
timesfm_2_5,eth,0.05,F4,True,0.7312,1659
timesfm_2_5,eth,0.05,garch_evt,True,0.7312,1659
timesfm_2_5,eth,0.05,fhs,True,0.7312,1659
timesfm_2_5,ftse,0.01,F1,True,0.1074,2144
timesfm_2_5,ftse,0.01,H,True,0.1074,2144
timesfm_2_5,ftse,0.01,F2,True,0.1074,2144
timesfm_2_5,ftse,0.01,F3,False,0.0244,2144
timesfm_2_5,ftse,0.01,F4,True,0.1074,2144
timesfm_2_5,ftse,0.01,garch_evt,True,0.1074,2144
timesfm_2_5,ftse,0.01,fhs,True,0.1074,2144
timesfm_2_5,ftse,0.025,F1,True,0.2422,2152
timesfm_2_5,ftse,0.025,H,True,0.2422,2152
timesfm_2_5,ftse,0.025,F2,True,0.2422,2152
timesfm_2_5,ftse,0.025,F3,False,0.0522,2152
timesfm_2_5,ftse,0.025,F4,False,0.0634,2152
timesfm_2_5,ftse,0.025,garch_evt,True,0.2422,2152
timesfm_2_5,ftse,0.025,fhs,True,0.2422,2152
timesfm_2_5,ftse,0.05,F1,True,0.1638,2152
timesfm_2_5,ftse,0.05,H,True,0.1638,2152
timesfm_2_5,ftse,0.05,F2,True,0.1638,2152
timesfm_2_5,ftse,0.05,F3,False,0.0088,2152
timesfm_2_5,ftse,0.05,F4,False,0.0636,2152
timesfm_2_5,ftse,0.05,garch_evt,True,0.1638,2152
timesfm_2_5,ftse,0.05,fhs,True,0.1638,2152
timesfm_2_5,gbpusd,0.01,F1,False,0.0664,2177
timesfm_2_5,gbpusd,0.01,H,True,0.2128,2177
timesfm_2_5,gbpusd,0.01,F2,True,0.2128,2177
timesfm_2_5,gbpusd,0.01,F3,False,0.0148,2177
timesfm_2_5,gbpusd,0.01,F4,False,0.0014,2177
timesfm_2_5,gbpusd,0.01,garch_evt,True,0.2128,2177
timesfm_2_5,gbpusd,0.01,fhs,True,0.2128,2177
timesfm_2_5,gbpusd,0.025,F1,True,0.1038,2187
timesfm_2_5,gbpusd,0.025,H,True,0.1038,2187
timesfm_2_5,gbpusd,0.025,F2,True,0.1038,2187
timesfm_2_5,gbpusd,0.025,F3,True,0.1038,2187
timesfm_2_5,gbpusd,0.025,F4,False,0.0016,2187
timesfm_2_5,gbpusd,0.025,garch_evt,True,0.1038,2187
timesfm_2_5,gbpusd,0.025,fhs,True,0.1038,2187
timesfm_2_5,gbpusd,0.05,F1,True,0.1884,2234
timesfm_2_5,gbpusd,0.05,H,True,0.1884,2234
timesfm_2_5,gbpusd,0.05,F2,True,0.1884,2234
timesfm_2_5,gbpusd,0.05,F3,True,0.1884,2234
timesfm_2_5,gbpusd,0.05,F4,False,0.0266,2234
timesfm_2_5,gbpusd,0.05,garch_evt,True,0.1884,2234
timesfm_2_5,gbpusd,0.05,fhs,True,0.1884,2234
timesfm_2_5,gold,0.01,F1,True,0.548,2101
timesfm_2_5,gold,0.01,H,True,0.548,2101
timesfm_2_5,gold,0.01,F2,True,0.548,2101
timesfm_2_5,gold,0.01,F3,True,0.548,2101
timesfm_2_5,gold,0.01,F4,True,0.548,2101
timesfm_2_5,gold,0.01,garch_evt,True,0.548,2101
timesfm_2_5,gold,0.01,fhs,True,0.548,2101
timesfm_2_5,gold,0.025,F1,True,0.3706,2122
timesfm_2_5,gold,0.025,H,True,0.3706,2122
timesfm_2_5,gold,0.025,F2,True,0.3706,2122
timesfm_2_5,gold,0.025,F3,True,0.3706,2122
timesfm_2_5,gold,0.025,F4,True,0.3706,2122
timesfm_2_5,gold,0.025,garch_evt,True,0.3706,2122
timesfm_2_5,gold,0.025,fhs,True,0.3706,2122
timesfm_2_5,gold,0.05,F1,True,0.5796,2139
timesfm_2_5,gold,0.05,H,True,0.5796,2139
timesfm_2_5,gold,0.05,F2,True,0.5796,2139
timesfm_2_5,gold,0.05,F3,True,0.5796,2139
timesfm_2_5,gold,0.05,F4,True,0.5796,2139
timesfm_2_5,gold,0.05,garch_evt,True,0.5796,2139
timesfm_2_5,gold,0.05,fhs,True,0.5796,2139
timesfm_2_5,hsi,0.01,F1,True,0.2116,2080
timesfm_2_5,hsi,0.01,H,True,0.2116,2080
timesfm_2_5,hsi,0.01,F2,True,0.2116,2080
timesfm_2_5,hsi,0.01,F3,True,0.2116,2080
timesfm_2_5,hsi,0.01,F4,True,0.2116,2080
timesfm_2_5,hsi,0.01,garch_evt,True,0.2116,2080
timesfm_2_5,hsi,0.01,fhs,True,0.2116,2080
timesfm_2_5,hsi,0.025,F1,True,0.1704,2080
timesfm_2_5,hsi,0.025,H,True,0.1704,2080
timesfm_2_5,hsi,0.025,F2,True,0.1704,2080
timesfm_2_5,hsi,0.025,F3,True,0.1704,2080
timesfm_2_5,hsi,0.025,F4,True,0.1704,2080
timesfm_2_5,hsi,0.025,garch_evt,True,0.1704,2080
timesfm_2_5,hsi,0.025,fhs,True,0.1704,2080
timesfm_2_5,hsi,0.05,F1,True,0.1364,2080
timesfm_2_5,hsi,0.05,H,True,0.1364,2080
timesfm_2_5,hsi,0.05,F2,True,0.1364,2080
timesfm_2_5,hsi,0.05,F3,True,0.1364,2080
timesfm_2_5,hsi,0.05,F4,True,0.1364,2080
timesfm_2_5,hsi,0.05,garch_evt,True,0.1364,2080
timesfm_2_5,hsi,0.05,fhs,True,0.1364,2080
timesfm_2_5,jnj,0.01,F1,True,0.2702,2110
timesfm_2_5,jnj,0.01,H,True,0.2702,2110
timesfm_2_5,jnj,0.01,F2,True,0.2702,2110
timesfm_2_5,jnj,0.01,F3,False,0.062,2110
timesfm_2_5,jnj,0.01,F4,False,0.0614,2110
timesfm_2_5,jnj,0.01,garch_evt,True,0.2702,2110
timesfm_2_5,jnj,0.01,fhs,True,0.2702,2110
timesfm_2_5,jnj,0.025,F1,True,0.1268,2104
timesfm_2_5,jnj,0.025,H,True,0.1268,2104
timesfm_2_5,jnj,0.025,F2,True,0.1268,2104
timesfm_2_5,jnj,0.025,F3,True,0.1268,2104
timesfm_2_5,jnj,0.025,F4,True,0.1268,2104
timesfm_2_5,jnj,0.025,garch_evt,True,0.1268,2104
timesfm_2_5,jnj,0.025,fhs,True,0.1268,2104
timesfm_2_5,jnj,0.05,F1,True,0.2058,2117
timesfm_2_5,jnj,0.05,H,True,0.2058,2117
timesfm_2_5,jnj,0.05,F2,True,0.2058,2117
timesfm_2_5,jnj,0.05,F3,False,0.0706,2117
timesfm_2_5,jnj,0.05,F4,True,0.2058,2117
timesfm_2_5,jnj,0.05,garch_evt,True,0.2058,2117
timesfm_2_5,jnj,0.05,fhs,True,0.2058,2117
timesfm_2_5,jpm,0.01,F1,True,0.2358,2084
timesfm_2_5,jpm,0.01,H,True,0.2358,2084
timesfm_2_5,jpm,0.01,F2,True,0.2358,2084
timesfm_2_5,jpm,0.01,F3,False,0.0454,2084
timesfm_2_5,jpm,0.01,F4,False,0.0994,2084
timesfm_2_5,jpm,0.01,garch_evt,True,0.2358,2084
timesfm_2_5,jpm,0.01,fhs,True,0.2358,2084
timesfm_2_5,jpm,0.025,F1,True,0.1918,2080
timesfm_2_5,jpm,0.025,H,True,0.1918,2080
timesfm_2_5,jpm,0.025,F2,True,0.1918,2080
timesfm_2_5,jpm,0.025,F3,False,0.0228,2080
timesfm_2_5,jpm,0.025,F4,True,0.1918,2080
timesfm_2_5,jpm,0.025,garch_evt,True,0.1918,2080
timesfm_2_5,jpm,0.025,fhs,True,0.1918,2080
timesfm_2_5,jpm,0.05,F1,True,0.1262,2107
timesfm_2_5,jpm,0.05,H,True,0.1262,2107
timesfm_2_5,jpm,0.05,F2,True,0.1262,2107
timesfm_2_5,jpm,0.05,F3,False,0.0052,2107
timesfm_2_5,jpm,0.05,F4,True,0.1262,2107
timesfm_2_5,jpm,0.05,garch_evt,True,0.1262,2107
timesfm_2_5,jpm,0.05,fhs,True,0.1262,2107
timesfm_2_5,ltc,0.01,F1,True,0.2382,2738
timesfm_2_5,ltc,0.01,H,True,0.2382,2738
timesfm_2_5,ltc,0.01,F2,True,0.2382,2738
timesfm_2_5,ltc,0.01,F3,True,0.2382,2738
timesfm_2_5,ltc,0.01,F4,True,0.2382,2738
timesfm_2_5,ltc,0.01,garch_evt,True,0.2382,2738
timesfm_2_5,ltc,0.01,fhs,True,0.2382,2738
timesfm_2_5,ltc,0.025,F1,True,0.5024,2805
timesfm_2_5,ltc,0.025,H,True,0.5024,2805
timesfm_2_5,ltc,0.025,F2,True,0.5024,2805
timesfm_2_5,ltc,0.025,F3,True,0.5024,2805
timesfm_2_5,ltc,0.025,F4,True,0.5024,2805
timesfm_2_5,ltc,0.025,garch_evt,True,0.5024,2805
timesfm_2_5,ltc,0.025,fhs,True,0.5024,2805
timesfm_2_5,ltc,0.05,F1,True,0.9194,2808
timesfm_2_5,ltc,0.05,H,True,0.9194,2808
timesfm_2_5,ltc,0.05,F2,True,0.9194,2808
timesfm_2_5,ltc,0.05,F3,True,0.9194,2808
timesfm_2_5,ltc,0.05,F4,True,0.9194,2808
timesfm_2_5,ltc,0.05,garch_evt,True,0.9194,2808
timesfm_2_5,ltc,0.05,fhs,True,0.9194,2808
timesfm_2_5,msft,0.01,F1,True,0.3618,2091
timesfm_2_5,msft,0.01,H,True,0.3618,2091
timesfm_2_5,msft,0.01,F2,True,0.3618,2091
timesfm_2_5,msft,0.01,F3,False,0.0056,2091
timesfm_2_5,msft,0.01,F4,True,0.3618,2091
timesfm_2_5,msft,0.01,garch_evt,True,0.3618,2091
timesfm_2_5,msft,0.01,fhs,True,0.3618,2091
timesfm_2_5,msft,0.025,F1,True,0.3144,2124
timesfm_2_5,msft,0.025,H,True,0.3144,2124
timesfm_2_5,msft,0.025,F2,True,0.3144,2124
timesfm_2_5,msft,0.025,F3,False,0.0046,2124
timesfm_2_5,msft,0.025,F4,True,0.3144,2124
timesfm_2_5,msft,0.025,garch_evt,True,0.3144,2124
timesfm_2_5,msft,0.025,fhs,True,0.3144,2124
timesfm_2_5,msft,0.05,F1,True,0.195,2138
timesfm_2_5,msft,0.05,H,True,0.195,2138
timesfm_2_5,msft,0.05,F2,True,0.195,2138
timesfm_2_5,msft,0.05,F3,False,0.0286,2138
timesfm_2_5,msft,0.05,F4,True,0.195,2138
timesfm_2_5,msft,0.05,garch_evt,True,0.195,2138
timesfm_2_5,msft,0.05,fhs,True,0.195,2138
timesfm_2_5,natgas,0.01,F1,False,0.0662,2087
timesfm_2_5,natgas,0.01,H,True,0.1166,2087
timesfm_2_5,natgas,0.01,F2,False,0.0548,2087
timesfm_2_5,natgas,0.01,F3,True,0.1166,2087
timesfm_2_5,natgas,0.01,F4,False,0.0292,2087
timesfm_2_5,natgas,0.01,garch_evt,True,0.1166,2087
timesfm_2_5,natgas,0.01,fhs,True,0.1166,2087
timesfm_2_5,natgas,0.025,F1,False,0.0404,2096
timesfm_2_5,natgas,0.025,H,False,0.061,2096
timesfm_2_5,natgas,0.025,F2,False,0.061,2096
timesfm_2_5,natgas,0.025,F3,False,0.061,2096
timesfm_2_5,natgas,0.025,F4,False,0.0358,2096
timesfm_2_5,natgas,0.025,garch_evt,False,0.061,2096
timesfm_2_5,natgas,0.025,fhs,True,1.0,2096
timesfm_2_5,natgas,0.05,F1,False,0.0534,2108
timesfm_2_5,natgas,0.05,H,False,0.0842,2108
timesfm_2_5,natgas,0.05,F2,False,0.0842,2108
timesfm_2_5,natgas,0.05,F3,False,0.0534,2108
timesfm_2_5,natgas,0.05,F4,False,0.0484,2108
timesfm_2_5,natgas,0.05,garch_evt,True,0.1118,2108
timesfm_2_5,natgas,0.05,fhs,True,0.1118,2108
timesfm_2_5,ndx,0.01,F1,True,0.4536,2130
timesfm_2_5,ndx,0.01,H,True,0.4536,2130
timesfm_2_5,ndx,0.01,F2,True,0.4536,2130
timesfm_2_5,ndx,0.01,F3,False,0.0218,2130
timesfm_2_5,ndx,0.01,F4,True,0.4536,2130
timesfm_2_5,ndx,0.01,garch_evt,True,0.4536,2130
timesfm_2_5,ndx,0.01,fhs,True,0.4536,2130
timesfm_2_5,ndx,0.025,F1,True,0.3708,2135
timesfm_2_5,ndx,0.025,H,True,0.3708,2135
timesfm_2_5,ndx,0.025,F2,True,0.3708,2135
timesfm_2_5,ndx,0.025,F3,False,0.0396,2135
timesfm_2_5,ndx,0.025,F4,True,0.3708,2135
timesfm_2_5,ndx,0.025,garch_evt,True,0.3708,2135
timesfm_2_5,ndx,0.025,fhs,True,0.3708,2135
timesfm_2_5,ndx,0.05,F1,False,0.0636,2139
timesfm_2_5,ndx,0.05,H,True,0.263,2139
timesfm_2_5,ndx,0.05,F2,False,0.0696,2139
timesfm_2_5,ndx,0.05,F3,False,0.0212,2139
timesfm_2_5,ndx,0.05,F4,False,0.061,2139
timesfm_2_5,ndx,0.05,garch_evt,True,0.263,2139
timesfm_2_5,ndx,0.05,fhs,True,0.263,2139
timesfm_2_5,nikkei,0.01,F1,True,0.116,1979
timesfm_2_5,nikkei,0.01,H,True,0.116,1979
timesfm_2_5,nikkei,0.01,F2,True,0.116,1979
timesfm_2_5,nikkei,0.01,F3,False,0.0758,1979
timesfm_2_5,nikkei,0.01,F4,True,0.116,1979
timesfm_2_5,nikkei,0.01,garch_evt,True,0.116,1979
timesfm_2_5,nikkei,0.01,fhs,True,0.116,1979
timesfm_2_5,nikkei,0.025,F1,True,0.1324,2036
timesfm_2_5,nikkei,0.025,H,True,0.1324,2036
timesfm_2_5,nikkei,0.025,F2,True,0.1324,2036
timesfm_2_5,nikkei,0.025,F3,True,0.1324,2036
timesfm_2_5,nikkei,0.025,F4,True,0.1324,2036
timesfm_2_5,nikkei,0.025,garch_evt,True,0.1324,2036
timesfm_2_5,nikkei,0.025,fhs,True,0.1324,2036
timesfm_2_5,nikkei,0.05,F1,True,0.1144,2066
timesfm_2_5,nikkei,0.05,H,True,0.1144,2066
timesfm_2_5,nikkei,0.05,F2,True,0.1144,2066
timesfm_2_5,nikkei,0.05,F3,True,0.1144,2066
timesfm_2_5,nikkei,0.05,F4,True,0.1144,2066
timesfm_2_5,nikkei,0.05,garch_evt,True,0.1144,2066
timesfm_2_5,nikkei,0.05,fhs,True,0.1144,2066
timesfm_2_5,nvda,0.01,F1,True,0.149,2042
timesfm_2_5,nvda,0.01,H,True,0.149,2042
timesfm_2_5,nvda,0.01,F2,True,0.149,2042
timesfm_2_5,nvda,0.01,F3,True,0.149,2042
timesfm_2_5,nvda,0.01,F4,True,0.149,2042
timesfm_2_5,nvda,0.01,garch_evt,True,0.149,2042
timesfm_2_5,nvda,0.01,fhs,True,0.149,2042
timesfm_2_5,nvda,0.025,F1,True,0.127,2086
timesfm_2_5,nvda,0.025,H,True,0.127,2086
timesfm_2_5,nvda,0.025,F2,True,0.127,2086
timesfm_2_5,nvda,0.025,F3,False,0.0238,2086
timesfm_2_5,nvda,0.025,F4,True,0.127,2086
timesfm_2_5,nvda,0.025,garch_evt,True,0.127,2086
timesfm_2_5,nvda,0.025,fhs,True,0.127,2086
timesfm_2_5,nvda,0.05,F1,True,0.209,2139
timesfm_2_5,nvda,0.05,H,True,0.209,2139
timesfm_2_5,nvda,0.05,F2,True,0.209,2139
timesfm_2_5,nvda,0.05,F3,False,0.0326,2139
timesfm_2_5,nvda,0.05,F4,True,0.209,2139
timesfm_2_5,nvda,0.05,garch_evt,True,0.209,2139
timesfm_2_5,nvda,0.05,fhs,True,0.209,2139
timesfm_2_5,rut,0.01,F1,True,0.1136,2026
timesfm_2_5,rut,0.01,H,True,0.1136,2026
timesfm_2_5,rut,0.01,F2,False,0.0618,2026
timesfm_2_5,rut,0.01,F3,False,0.0154,2026
timesfm_2_5,rut,0.01,F4,False,0.0154,2026
timesfm_2_5,rut,0.01,garch_evt,True,0.1136,2026
timesfm_2_5,rut,0.01,fhs,True,0.1136,2026
timesfm_2_5,rut,0.025,F1,False,0.0598,2083
timesfm_2_5,rut,0.025,H,True,0.3676,2083
timesfm_2_5,rut,0.025,F2,False,0.0598,2083
timesfm_2_5,rut,0.025,F3,False,0.0006,2083
timesfm_2_5,rut,0.025,F4,False,0.0068,2083
timesfm_2_5,rut,0.025,garch_evt,True,0.3676,2083
timesfm_2_5,rut,0.025,fhs,True,0.3676,2083
timesfm_2_5,rut,0.05,F1,False,0.0966,2090
timesfm_2_5,rut,0.05,H,True,0.1968,2090
timesfm_2_5,rut,0.05,F2,False,0.0966,2090
timesfm_2_5,rut,0.05,F3,False,0.006,2090
timesfm_2_5,rut,0.05,F4,False,0.029,2090
timesfm_2_5,rut,0.05,garch_evt,True,0.1968,2090
timesfm_2_5,rut,0.05,fhs,True,0.1968,2090
timesfm_2_5,spx,0.01,F1,True,0.146,2098
timesfm_2_5,spx,0.01,H,True,0.146,2098
timesfm_2_5,spx,0.01,F2,True,0.146,2098
timesfm_2_5,spx,0.01,F3,False,0.021,2098
timesfm_2_5,spx,0.01,F4,True,0.146,2098
timesfm_2_5,spx,0.01,garch_evt,True,0.146,2098
timesfm_2_5,spx,0.01,fhs,True,0.146,2098
timesfm_2_5,spx,0.025,F1,True,0.1924,2109
timesfm_2_5,spx,0.025,H,True,0.1924,2109
timesfm_2_5,spx,0.025,F2,True,0.1924,2109
timesfm_2_5,spx,0.025,F3,False,0.031,2109
timesfm_2_5,spx,0.025,F4,True,0.1924,2109
timesfm_2_5,spx,0.025,garch_evt,True,0.1924,2109
timesfm_2_5,spx,0.025,fhs,True,0.1924,2109
timesfm_2_5,spx,0.05,F1,False,0.0826,2139
timesfm_2_5,spx,0.05,H,True,0.4754,2139
timesfm_2_5,spx,0.05,F2,False,0.0826,2139
timesfm_2_5,spx,0.05,F3,False,0.0096,2139
timesfm_2_5,spx,0.05,F4,False,0.0534,2139
timesfm_2_5,spx,0.05,garch_evt,True,0.4754,2139
timesfm_2_5,spx,0.05,fhs,False,0.0826,2139
timesfm_2_5,usdcad,0.01,F1,True,0.2454,2221
timesfm_2_5,usdcad,0.01,H,True,0.2454,2221
timesfm_2_5,usdcad,0.01,F2,True,0.2454,2221
timesfm_2_5,usdcad,0.01,F3,True,0.2454,2221
timesfm_2_5,usdcad,0.01,F4,True,0.2454,2221
timesfm_2_5,usdcad,0.01,garch_evt,True,0.2454,2221
timesfm_2_5,usdcad,0.01,fhs,True,0.2454,2221
timesfm_2_5,usdcad,0.025,F1,True,0.5746,2234
timesfm_2_5,usdcad,0.025,H,True,0.5746,2234
timesfm_2_5,usdcad,0.025,F2,True,0.5746,2234
timesfm_2_5,usdcad,0.025,F3,False,0.0266,2234
timesfm_2_5,usdcad,0.025,F4,False,0.0164,2234
timesfm_2_5,usdcad,0.025,garch_evt,True,0.5746,2234
timesfm_2_5,usdcad,0.025,fhs,True,0.5746,2234
timesfm_2_5,usdcad,0.05,F1,True,0.1768,2233
timesfm_2_5,usdcad,0.05,H,True,0.1768,2233
timesfm_2_5,usdcad,0.05,F2,True,0.1768,2233
timesfm_2_5,usdcad,0.05,F3,True,0.1768,2233
timesfm_2_5,usdcad,0.05,F4,True,0.1768,2233
timesfm_2_5,usdcad,0.05,garch_evt,True,0.1768,2233
timesfm_2_5,usdcad,0.05,fhs,True,0.1768,2233
timesfm_2_5,usdchf,0.01,F1,False,0.0706,2201
timesfm_2_5,usdchf,0.01,H,True,0.13,2201
timesfm_2_5,usdchf,0.01,F2,True,0.13,2201
timesfm_2_5,usdchf,0.01,F3,False,0.0234,2201
timesfm_2_5,usdchf,0.01,F4,False,0.0236,2201
timesfm_2_5,usdchf,0.01,garch_evt,True,0.13,2201
timesfm_2_5,usdchf,0.01,fhs,True,0.13,2201
timesfm_2_5,usdchf,0.025,F1,True,0.1574,2219
timesfm_2_5,usdchf,0.025,H,True,0.1574,2219
timesfm_2_5,usdchf,0.025,F2,True,0.1574,2219
timesfm_2_5,usdchf,0.025,F3,False,0.096,2219
timesfm_2_5,usdchf,0.025,F4,False,0.0358,2219
timesfm_2_5,usdchf,0.025,garch_evt,True,0.1574,2219
timesfm_2_5,usdchf,0.025,fhs,True,0.1574,2219
timesfm_2_5,usdchf,0.05,F1,False,0.0906,2233
timesfm_2_5,usdchf,0.05,H,True,0.2886,2233
timesfm_2_5,usdchf,0.05,F2,True,0.2886,2233
timesfm_2_5,usdchf,0.05,F3,False,0.0462,2233
timesfm_2_5,usdchf,0.05,F4,False,0.0462,2233
timesfm_2_5,usdchf,0.05,garch_evt,True,0.2886,2233
timesfm_2_5,usdchf,0.05,fhs,True,0.2886,2233
timesfm_2_5,wmt,0.01,F1,True,0.116,2122
timesfm_2_5,wmt,0.01,H,True,0.116,2122
timesfm_2_5,wmt,0.01,F2,True,0.116,2122
timesfm_2_5,wmt,0.01,F3,True,0.116,2122
timesfm_2_5,wmt,0.01,F4,True,0.116,2122
timesfm_2_5,wmt,0.01,garch_evt,True,0.116,2122
timesfm_2_5,wmt,0.01,fhs,True,0.116,2122
timesfm_2_5,wmt,0.025,F1,True,0.1788,2135
timesfm_2_5,wmt,0.025,H,True,0.1788,2135
timesfm_2_5,wmt,0.025,F2,True,0.1788,2135
timesfm_2_5,wmt,0.025,F3,True,0.1788,2135
timesfm_2_5,wmt,0.025,F4,True,0.1788,2135
timesfm_2_5,wmt,0.025,garch_evt,True,0.1788,2135
timesfm_2_5,wmt,0.025,fhs,True,0.1788,2135
timesfm_2_5,wmt,0.05,F1,True,0.1734,2139
timesfm_2_5,wmt,0.05,H,True,0.1734,2139
timesfm_2_5,wmt,0.05,F2,True,0.1734,2139
timesfm_2_5,wmt,0.05,F3,True,0.1734,2139
timesfm_2_5,wmt,0.05,F4,True,0.1734,2139
timesfm_2_5,wmt,0.05,garch_evt,True,0.1734,2139
timesfm_2_5,wmt,0.05,fhs,True,0.1734,2139
timesfm_2_5,xom,0.01,F1,False,0.0514,2099
timesfm_2_5,xom,0.01,H,True,0.7438,2099
timesfm_2_5,xom,0.01,F2,False,0.0514,2099
timesfm_2_5,xom,0.01,F3,False,0.0196,2099
timesfm_2_5,xom,0.01,F4,False,0.0196,2099
timesfm_2_5,xom,0.01,garch_evt,True,0.7438,2099
timesfm_2_5,xom,0.01,fhs,True,0.7438,2099
timesfm_2_5,xom,0.025,F1,False,0.0302,2131
timesfm_2_5,xom,0.025,H,True,0.9572,2131
timesfm_2_5,xom,0.025,F2,False,0.0302,2131
timesfm_2_5,xom,0.025,F3,False,0.0026,2131
timesfm_2_5,xom,0.025,F4,False,0.0092,2131
timesfm_2_5,xom,0.025,garch_evt,True,0.9572,2131
timesfm_2_5,xom,0.025,fhs,True,0.9572,2131
timesfm_2_5,xom,0.05,F1,False,0.019,2133
timesfm_2_5,xom,0.05,H,True,0.7048,2133
timesfm_2_5,xom,0.05,F2,False,0.019,2133
timesfm_2_5,xom,0.05,F3,False,0.0058,2133
timesfm_2_5,xom,0.05,F4,False,0.0058,2133
timesfm_2_5,xom,0.05,garch_evt,True,0.7048,2133
timesfm_2_5,xom,0.05,fhs,True,0.7048,2133
timesfm_2_5,xrp,0.01,F1,True,0.8926,1611
timesfm_2_5,xrp,0.01,H,True,0.8926,1611
timesfm_2_5,xrp,0.01,F2,True,0.8926,1611
timesfm_2_5,xrp,0.01,F3,True,0.8926,1611
timesfm_2_5,xrp,0.01,F4,True,0.8926,1611
timesfm_2_5,xrp,0.01,garch_evt,True,0.8926,1611
timesfm_2_5,xrp,0.01,fhs,True,0.8926,1611
timesfm_2_5,xrp,0.025,F1,True,0.7772,1659
timesfm_2_5,xrp,0.025,H,True,0.7772,1659
timesfm_2_5,xrp,0.025,F2,True,0.7772,1659
timesfm_2_5,xrp,0.025,F3,True,0.7772,1659
timesfm_2_5,xrp,0.025,F4,True,0.7772,1659
timesfm_2_5,xrp,0.025,garch_evt,True,0.7772,1659
timesfm_2_5,xrp,0.025,fhs,True,0.7772,1659
timesfm_2_5,xrp,0.05,F1,True,0.4894,1659
timesfm_2_5,xrp,0.05,H,True,0.4894,1659
timesfm_2_5,xrp,0.05,F2,True,0.4894,1659
timesfm_2_5,xrp,0.05,F3,True,0.4894,1659
timesfm_2_5,xrp,0.05,F4,True,0.4894,1659
timesfm_2_5,xrp,0.05,garch_evt,True,0.4894,1659
timesfm_2_5,xrp,0.05,fhs,True,0.4894,1659
moirai_2_0,aapl,0.01,F1,True,0.376,2106
moirai_2_0,aapl,0.01,H,True,0.376,2106
moirai_2_0,aapl,0.01,F2,True,0.376,2106
moirai_2_0,aapl,0.01,F3,False,0.0334,2106
moirai_2_0,aapl,0.01,F4,True,0.376,2106
moirai_2_0,aapl,0.01,garch_evt,True,0.376,2106
moirai_2_0,aapl,0.01,fhs,True,0.376,2106
moirai_2_0,aapl,0.025,F1,True,0.3448,2133
moirai_2_0,aapl,0.025,H,True,0.3448,2133
moirai_2_0,aapl,0.025,F2,True,0.3448,2133
moirai_2_0,aapl,0.025,F3,False,0.0476,2133
moirai_2_0,aapl,0.025,F4,True,0.3448,2133
moirai_2_0,aapl,0.025,garch_evt,True,0.3448,2133
moirai_2_0,aapl,0.025,fhs,True,0.3448,2133
moirai_2_0,aapl,0.05,F1,True,0.2122,2137
moirai_2_0,aapl,0.05,H,True,0.2122,2137
moirai_2_0,aapl,0.05,F2,True,0.2122,2137
moirai_2_0,aapl,0.05,F3,False,0.0804,2137
moirai_2_0,aapl,0.05,F4,True,0.2122,2137
moirai_2_0,aapl,0.05,garch_evt,True,0.2122,2137
moirai_2_0,aapl,0.05,fhs,True,0.2122,2137
moirai_2_0,amzn,0.01,F1,False,0.0666,2093
moirai_2_0,amzn,0.01,H,True,0.5476,2093
moirai_2_0,amzn,0.01,F2,True,0.5476,2093
moirai_2_0,amzn,0.01,F3,False,0.0274,2093
moirai_2_0,amzn,0.01,F4,False,0.0164,2093
moirai_2_0,amzn,0.01,garch_evt,True,0.5476,2093
moirai_2_0,amzn,0.01,fhs,True,0.5476,2093
moirai_2_0,amzn,0.025,F1,True,0.1076,2122
moirai_2_0,amzn,0.025,H,True,0.1076,2122
moirai_2_0,amzn,0.025,F2,True,0.1076,2122
moirai_2_0,amzn,0.025,F3,False,0.0878,2122
moirai_2_0,amzn,0.025,F4,False,0.016,2122
moirai_2_0,amzn,0.025,garch_evt,True,0.1076,2122
moirai_2_0,amzn,0.025,fhs,True,0.1076,2122
moirai_2_0,amzn,0.05,F1,True,0.2336,2139
moirai_2_0,amzn,0.05,H,True,0.2336,2139
moirai_2_0,amzn,0.05,F2,True,0.2336,2139
moirai_2_0,amzn,0.05,F3,False,0.081,2139
moirai_2_0,amzn,0.05,F4,False,0.0272,2139
moirai_2_0,amzn,0.05,garch_evt,True,0.2336,2139
moirai_2_0,amzn,0.05,fhs,True,0.2336,2139
moirai_2_0,audusd,0.01,F1,True,0.1442,2194
moirai_2_0,audusd,0.01,H,True,0.1442,2194
moirai_2_0,audusd,0.01,F2,True,0.1442,2194
moirai_2_0,audusd,0.01,F3,True,0.1442,2194
moirai_2_0,audusd,0.01,F4,False,0.052,2194
moirai_2_0,audusd,0.01,garch_evt,True,0.1442,2194
moirai_2_0,audusd,0.01,fhs,True,0.1442,2194
moirai_2_0,audusd,0.025,F1,True,0.1924,2194
moirai_2_0,audusd,0.025,H,True,0.1924,2194
moirai_2_0,audusd,0.025,F2,True,0.1924,2194
moirai_2_0,audusd,0.025,F3,True,0.1924,2194
moirai_2_0,audusd,0.025,F4,True,0.1924,2194
moirai_2_0,audusd,0.025,garch_evt,True,0.1924,2194
moirai_2_0,audusd,0.025,fhs,True,0.1924,2194
moirai_2_0,audusd,0.05,F1,True,0.1574,2234
moirai_2_0,audusd,0.05,H,True,0.1574,2234
moirai_2_0,audusd,0.05,F2,True,0.1574,2234
moirai_2_0,audusd,0.05,F3,True,0.1574,2234
moirai_2_0,audusd,0.05,F4,True,0.1574,2234
moirai_2_0,audusd,0.05,garch_evt,True,0.1574,2234
moirai_2_0,audusd,0.05,fhs,True,0.1574,2234
moirai_2_0,brent,0.01,F1,True,0.1972,2058
moirai_2_0,brent,0.01,H,True,0.1972,2058
moirai_2_0,brent,0.01,F2,True,0.1972,2058
moirai_2_0,brent,0.01,F3,False,0.0498,2058
moirai_2_0,brent,0.01,F4,True,0.1972,2058
moirai_2_0,brent,0.01,garch_evt,True,0.1972,2058
moirai_2_0,brent,0.01,fhs,True,0.1972,2058
moirai_2_0,brent,0.025,F1,True,0.1238,2097
moirai_2_0,brent,0.025,H,True,0.1238,2097
moirai_2_0,brent,0.025,F2,True,0.1238,2097
moirai_2_0,brent,0.025,F3,False,0.0184,2097
moirai_2_0,brent,0.025,F4,False,0.0214,2097
moirai_2_0,brent,0.025,garch_evt,True,0.1238,2097
moirai_2_0,brent,0.025,fhs,True,0.1238,2097
moirai_2_0,brent,0.05,F1,False,0.0552,2128
moirai_2_0,brent,0.05,H,True,0.131,2128
moirai_2_0,brent,0.05,F2,True,0.131,2128
moirai_2_0,brent,0.05,F3,False,0.0354,2128
moirai_2_0,brent,0.05,F4,False,0.0374,2128
moirai_2_0,brent,0.05,garch_evt,True,0.131,2128
moirai_2_0,brent,0.05,fhs,True,0.131,2128
moirai_2_0,btc,0.01,F1,True,0.7864,2717
moirai_2_0,btc,0.01,H,True,0.7864,2717
moirai_2_0,btc,0.01,F2,True,0.7864,2717
moirai_2_0,btc,0.01,F3,True,0.7864,2717
moirai_2_0,btc,0.01,F4,True,0.7864,2717
moirai_2_0,btc,0.01,garch_evt,True,0.7864,2717
moirai_2_0,btc,0.01,fhs,True,0.7864,2717
moirai_2_0,btc,0.025,F1,True,0.8532,2806
moirai_2_0,btc,0.025,H,True,0.8532,2806
moirai_2_0,btc,0.025,F2,True,0.8532,2806
moirai_2_0,btc,0.025,F3,True,0.8532,2806
moirai_2_0,btc,0.025,F4,True,0.8532,2806
moirai_2_0,btc,0.025,garch_evt,True,0.8532,2806
moirai_2_0,btc,0.025,fhs,True,0.8532,2806
moirai_2_0,btc,0.05,F1,True,0.6504,2805
moirai_2_0,btc,0.05,H,True,0.6504,2805
moirai_2_0,btc,0.05,F2,True,0.6504,2805
moirai_2_0,btc,0.05,F3,True,0.6504,2805
moirai_2_0,btc,0.05,F4,True,0.6504,2805
moirai_2_0,btc,0.05,garch_evt,True,0.6504,2805
moirai_2_0,btc,0.05,fhs,True,0.6504,2805
moirai_2_0,copper,0.01,F1,True,0.3484,2101
moirai_2_0,copper,0.01,H,True,0.3484,2101
moirai_2_0,copper,0.01,F2,True,0.3484,2101
moirai_2_0,copper,0.01,F3,True,0.3484,2101
moirai_2_0,copper,0.01,F4,True,0.3484,2101
moirai_2_0,copper,0.01,garch_evt,True,0.3484,2101
moirai_2_0,copper,0.01,fhs,True,0.3484,2101
moirai_2_0,copper,0.025,F1,True,0.202,2140
moirai_2_0,copper,0.025,H,True,0.202,2140
moirai_2_0,copper,0.025,F2,True,0.202,2140
moirai_2_0,copper,0.025,F3,True,0.202,2140
moirai_2_0,copper,0.025,F4,True,0.202,2140
moirai_2_0,copper,0.025,garch_evt,True,0.202,2140
moirai_2_0,copper,0.025,fhs,True,0.202,2140
moirai_2_0,copper,0.05,F1,True,0.2862,2140
moirai_2_0,copper,0.05,H,True,0.2862,2140
moirai_2_0,copper,0.05,F2,True,0.2862,2140
moirai_2_0,copper,0.05,F3,True,0.2862,2140
moirai_2_0,copper,0.05,F4,True,0.2862,2140
moirai_2_0,copper,0.05,garch_evt,True,0.2862,2140
moirai_2_0,copper,0.05,fhs,True,0.2862,2140
moirai_2_0,csi300,0.01,F1,True,0.1,1677
moirai_2_0,csi300,0.01,H,True,0.1,1677
moirai_2_0,csi300,0.01,F2,True,0.1,1677
moirai_2_0,csi300,0.01,F3,True,0.1,1677
moirai_2_0,csi300,0.01,F4,True,0.1,1677
moirai_2_0,csi300,0.01,garch_evt,True,0.1,1677
moirai_2_0,csi300,0.01,fhs,True,0.1,1677
moirai_2_0,csi300,0.025,F1,True,0.1216,1677
moirai_2_0,csi300,0.025,H,True,0.1216,1677
moirai_2_0,csi300,0.025,F2,True,0.1216,1677
moirai_2_0,csi300,0.025,F3,True,0.1216,1677
moirai_2_0,csi300,0.025,F4,True,0.1216,1677
moirai_2_0,csi300,0.025,garch_evt,True,0.1216,1677
moirai_2_0,csi300,0.025,fhs,True,0.1216,1677
moirai_2_0,csi300,0.05,F1,True,0.1548,1680
moirai_2_0,csi300,0.05,H,True,0.1548,1680
moirai_2_0,csi300,0.05,F2,True,0.1548,1680
moirai_2_0,csi300,0.05,F3,True,0.1548,1680
moirai_2_0,csi300,0.05,F4,True,0.1548,1680
moirai_2_0,csi300,0.05,garch_evt,True,0.1548,1680
moirai_2_0,csi300,0.05,fhs,True,0.1548,1680
moirai_2_0,dax,0.01,F1,True,0.2558,2124
moirai_2_0,dax,0.01,H,True,0.2558,2124
moirai_2_0,dax,0.01,F2,True,0.2558,2124
moirai_2_0,dax,0.01,F3,False,0.087,2124
moirai_2_0,dax,0.01,F4,False,0.087,2124
moirai_2_0,dax,0.01,garch_evt,True,0.2558,2124
moirai_2_0,dax,0.01,fhs,True,0.2558,2124
moirai_2_0,dax,0.025,F1,True,0.3096,2124
moirai_2_0,dax,0.025,H,True,0.3096,2124
moirai_2_0,dax,0.025,F2,True,0.3096,2124
moirai_2_0,dax,0.025,F3,False,0.0278,2124
moirai_2_0,dax,0.025,F4,False,0.0442,2124
moirai_2_0,dax,0.025,garch_evt,True,0.3096,2124
moirai_2_0,dax,0.025,fhs,True,0.3096,2124
moirai_2_0,dax,0.05,F1,True,0.1268,2165
moirai_2_0,dax,0.05,H,True,0.1268,2165
moirai_2_0,dax,0.05,F2,True,0.1268,2165
moirai_2_0,dax,0.05,F3,False,0.0262,2165
moirai_2_0,dax,0.05,F4,False,0.0632,2165
moirai_2_0,dax,0.05,garch_evt,True,0.1268,2165
moirai_2_0,dax,0.05,fhs,True,0.1268,2165
moirai_2_0,dgs10,0.01,F1,True,0.8674,2124
moirai_2_0,dgs10,0.01,H,True,0.8674,2124
moirai_2_0,dgs10,0.01,F2,True,0.8674,2124
moirai_2_0,dgs10,0.01,F3,True,0.8674,2124
moirai_2_0,dgs10,0.01,F4,True,0.8674,2124
moirai_2_0,dgs10,0.01,garch_evt,True,0.8674,2124
moirai_2_0,dgs10,0.01,fhs,True,0.8674,2124
moirai_2_0,dgs10,0.025,F1,True,0.1992,2124
moirai_2_0,dgs10,0.025,H,True,0.1992,2124
moirai_2_0,dgs10,0.025,F2,True,0.1992,2124
moirai_2_0,dgs10,0.025,F3,True,0.1992,2124
moirai_2_0,dgs10,0.025,F4,True,0.1992,2124
moirai_2_0,dgs10,0.025,garch_evt,True,0.1992,2124
moirai_2_0,dgs10,0.025,fhs,True,0.1992,2124
moirai_2_0,dgs10,0.05,F1,True,0.3642,2124
moirai_2_0,dgs10,0.05,H,True,0.3642,2124
moirai_2_0,dgs10,0.05,F2,True,0.3642,2124
moirai_2_0,dgs10,0.05,F3,True,0.3642,2124
moirai_2_0,dgs10,0.05,F4,False,0.0858,2124
moirai_2_0,dgs10,0.05,garch_evt,True,0.3642,2124
moirai_2_0,dgs10,0.05,fhs,True,0.3642,2124
moirai_2_0,dgs2,0.01,F1,True,0.4626,2102
moirai_2_0,dgs2,0.01,H,True,0.4626,2102
moirai_2_0,dgs2,0.01,F2,True,0.4626,2102
moirai_2_0,dgs2,0.01,F3,True,0.4626,2102
moirai_2_0,dgs2,0.01,F4,True,0.4626,2102
moirai_2_0,dgs2,0.01,garch_evt,True,0.4626,2102
moirai_2_0,dgs2,0.01,fhs,True,0.4626,2102
moirai_2_0,dgs2,0.025,F1,True,0.6022,2102
moirai_2_0,dgs2,0.025,H,True,0.6022,2102
moirai_2_0,dgs2,0.025,F2,True,0.6022,2102
moirai_2_0,dgs2,0.025,F3,True,0.6022,2102
moirai_2_0,dgs2,0.025,F4,True,0.6022,2102
moirai_2_0,dgs2,0.025,garch_evt,True,0.6022,2102
moirai_2_0,dgs2,0.025,fhs,True,0.6022,2102
moirai_2_0,dgs2,0.05,F1,True,0.1448,2102
moirai_2_0,dgs2,0.05,H,True,0.1448,2102
moirai_2_0,dgs2,0.05,F2,True,0.1448,2102
moirai_2_0,dgs2,0.05,F3,False,0.0492,2102
moirai_2_0,dgs2,0.05,F4,True,0.1448,2102
moirai_2_0,dgs2,0.05,garch_evt,True,0.1448,2102
moirai_2_0,dgs2,0.05,fhs,True,0.1448,2102
moirai_2_0,dgs30,0.01,F1,True,0.792,2012
moirai_2_0,dgs30,0.01,H,True,0.792,2012
moirai_2_0,dgs30,0.01,F2,False,0.0926,2012
moirai_2_0,dgs30,0.01,F3,False,0.029,2012
moirai_2_0,dgs30,0.01,F4,False,0.005,2012
moirai_2_0,dgs30,0.01,garch_evt,True,0.792,2012
moirai_2_0,dgs30,0.01,fhs,True,0.792,2012
moirai_2_0,dgs30,0.025,F1,True,0.5126,2055
moirai_2_0,dgs30,0.025,H,True,0.5126,2055
moirai_2_0,dgs30,0.025,F2,False,0.0746,2055
moirai_2_0,dgs30,0.025,F3,False,0.0102,2055
moirai_2_0,dgs30,0.025,F4,False,0.0056,2055
moirai_2_0,dgs30,0.025,garch_evt,True,0.5126,2055
moirai_2_0,dgs30,0.025,fhs,True,0.5126,2055
moirai_2_0,dgs30,0.05,F1,True,0.1334,2060
moirai_2_0,dgs30,0.05,H,True,0.1334,2060
moirai_2_0,dgs30,0.05,F2,False,0.0044,2060
moirai_2_0,dgs30,0.05,F3,False,0.0006,2060
moirai_2_0,dgs30,0.05,F4,False,0.0008,2060
moirai_2_0,dgs30,0.05,garch_evt,True,0.1334,2060
moirai_2_0,dgs30,0.05,fhs,True,0.1334,2060
moirai_2_0,dgs5,0.01,F1,True,0.9744,2125
moirai_2_0,dgs5,0.01,H,True,0.9744,2125
moirai_2_0,dgs5,0.01,F2,True,0.9744,2125
moirai_2_0,dgs5,0.01,F3,True,0.9744,2125
moirai_2_0,dgs5,0.01,F4,True,0.9744,2125
moirai_2_0,dgs5,0.01,garch_evt,True,0.9744,2125
moirai_2_0,dgs5,0.01,fhs,True,0.9744,2125
moirai_2_0,dgs5,0.025,F1,True,0.4898,2125
moirai_2_0,dgs5,0.025,H,True,0.4898,2125
moirai_2_0,dgs5,0.025,F2,True,0.4898,2125
moirai_2_0,dgs5,0.025,F3,True,0.4898,2125
moirai_2_0,dgs5,0.025,F4,True,0.4898,2125
moirai_2_0,dgs5,0.025,garch_evt,True,0.4898,2125
moirai_2_0,dgs5,0.025,fhs,True,0.4898,2125
moirai_2_0,dgs5,0.05,F1,True,0.3706,2125
moirai_2_0,dgs5,0.05,H,True,0.3706,2125
moirai_2_0,dgs5,0.05,F2,True,0.3706,2125
moirai_2_0,dgs5,0.05,F3,True,0.3706,2125
moirai_2_0,dgs5,0.05,F4,True,0.3706,2125
moirai_2_0,dgs5,0.05,garch_evt,True,0.3706,2125
moirai_2_0,dgs5,0.05,fhs,True,0.3706,2125
moirai_2_0,eth,0.01,F1,True,0.1806,1637
moirai_2_0,eth,0.01,H,True,0.1806,1637
moirai_2_0,eth,0.01,F2,True,0.1806,1637
moirai_2_0,eth,0.01,F3,True,0.1806,1637
moirai_2_0,eth,0.01,F4,True,0.1806,1637
moirai_2_0,eth,0.01,garch_evt,True,0.1806,1637
moirai_2_0,eth,0.01,fhs,True,0.1806,1637
moirai_2_0,eth,0.025,F1,True,0.179,1659
moirai_2_0,eth,0.025,H,True,0.179,1659
moirai_2_0,eth,0.025,F2,True,0.179,1659
moirai_2_0,eth,0.025,F3,True,0.179,1659
moirai_2_0,eth,0.025,F4,True,0.179,1659
moirai_2_0,eth,0.025,garch_evt,True,0.179,1659
moirai_2_0,eth,0.025,fhs,True,0.179,1659
moirai_2_0,eth,0.05,F1,True,0.5154,1659
moirai_2_0,eth,0.05,H,True,0.5154,1659
moirai_2_0,eth,0.05,F2,True,0.5154,1659
moirai_2_0,eth,0.05,F3,True,0.5154,1659
moirai_2_0,eth,0.05,F4,True,0.5154,1659
moirai_2_0,eth,0.05,garch_evt,True,0.5154,1659
moirai_2_0,eth,0.05,fhs,True,0.5154,1659
moirai_2_0,ftse,0.01,F1,True,0.1104,2143
moirai_2_0,ftse,0.01,H,True,0.1104,2143
moirai_2_0,ftse,0.01,F2,True,0.1104,2143
moirai_2_0,ftse,0.01,F3,False,0.0834,2143
moirai_2_0,ftse,0.01,F4,True,0.1104,2143
moirai_2_0,ftse,0.01,garch_evt,True,0.1104,2143
moirai_2_0,ftse,0.01,fhs,True,0.1104,2143
moirai_2_0,ftse,0.025,F1,True,0.3172,2144
moirai_2_0,ftse,0.025,H,True,0.3172,2144
moirai_2_0,ftse,0.025,F2,True,0.3172,2144
moirai_2_0,ftse,0.025,F3,False,0.0574,2144
moirai_2_0,ftse,0.025,F4,False,0.073,2144
moirai_2_0,ftse,0.025,garch_evt,True,0.3172,2144
moirai_2_0,ftse,0.025,fhs,True,0.3172,2144
moirai_2_0,ftse,0.05,F1,False,0.0726,2152
moirai_2_0,ftse,0.05,H,True,0.2596,2152
moirai_2_0,ftse,0.05,F2,True,0.2596,2152
moirai_2_0,ftse,0.05,F3,False,0.0096,2152
moirai_2_0,ftse,0.05,F4,False,0.0726,2152
moirai_2_0,ftse,0.05,garch_evt,True,0.2596,2152
moirai_2_0,ftse,0.05,fhs,True,0.2596,2152
moirai_2_0,gbpusd,0.01,F1,False,0.04,2152
moirai_2_0,gbpusd,0.01,H,True,0.1434,2152
moirai_2_0,gbpusd,0.01,F2,True,0.1434,2152
moirai_2_0,gbpusd,0.01,F3,False,0.0338,2152
moirai_2_0,gbpusd,0.01,F4,False,0.0038,2152
moirai_2_0,gbpusd,0.01,garch_evt,True,0.1434,2152
moirai_2_0,gbpusd,0.01,fhs,True,0.1434,2152
moirai_2_0,gbpusd,0.025,F1,True,0.1422,2175
moirai_2_0,gbpusd,0.025,H,True,0.1422,2175
moirai_2_0,gbpusd,0.025,F2,True,0.1422,2175
moirai_2_0,gbpusd,0.025,F3,True,0.1422,2175
moirai_2_0,gbpusd,0.025,F4,False,0.0194,2175
moirai_2_0,gbpusd,0.025,garch_evt,True,0.1422,2175
moirai_2_0,gbpusd,0.025,fhs,True,0.1422,2175
moirai_2_0,gbpusd,0.05,F1,True,0.2076,2222
moirai_2_0,gbpusd,0.05,H,True,0.2076,2222
moirai_2_0,gbpusd,0.05,F2,True,0.2076,2222
moirai_2_0,gbpusd,0.05,F3,True,0.2076,2222
moirai_2_0,gbpusd,0.05,F4,False,0.0578,2222
moirai_2_0,gbpusd,0.05,garch_evt,True,0.2076,2222
moirai_2_0,gbpusd,0.05,fhs,True,0.2076,2222
moirai_2_0,gold,0.01,F1,True,0.4974,2116
moirai_2_0,gold,0.01,H,True,0.4974,2116
moirai_2_0,gold,0.01,F2,True,0.4974,2116
moirai_2_0,gold,0.01,F3,True,0.4974,2116
moirai_2_0,gold,0.01,F4,True,0.4974,2116
moirai_2_0,gold,0.01,garch_evt,True,0.4974,2116
moirai_2_0,gold,0.01,fhs,True,0.4974,2116
moirai_2_0,gold,0.025,F1,True,0.3834,2118
moirai_2_0,gold,0.025,H,True,0.3834,2118
moirai_2_0,gold,0.025,F2,True,0.3834,2118
moirai_2_0,gold,0.025,F3,True,0.3834,2118
moirai_2_0,gold,0.025,F4,True,0.3834,2118
moirai_2_0,gold,0.025,garch_evt,True,0.3834,2118
moirai_2_0,gold,0.025,fhs,True,0.3834,2118
moirai_2_0,gold,0.05,F1,True,0.4388,2139
moirai_2_0,gold,0.05,H,True,0.4388,2139
moirai_2_0,gold,0.05,F2,True,0.4388,2139
moirai_2_0,gold,0.05,F3,True,0.4388,2139
moirai_2_0,gold,0.05,F4,True,0.4388,2139
moirai_2_0,gold,0.05,garch_evt,True,0.4388,2139
moirai_2_0,gold,0.05,fhs,True,0.4388,2139
moirai_2_0,hsi,0.01,F1,True,0.2694,2080
moirai_2_0,hsi,0.01,H,True,0.2694,2080
moirai_2_0,hsi,0.01,F2,True,0.2694,2080
moirai_2_0,hsi,0.01,F3,True,0.2694,2080
moirai_2_0,hsi,0.01,F4,True,0.2694,2080
moirai_2_0,hsi,0.01,garch_evt,True,0.2694,2080
moirai_2_0,hsi,0.01,fhs,True,0.2694,2080
moirai_2_0,hsi,0.025,F1,True,0.1248,2080
moirai_2_0,hsi,0.025,H,True,0.1248,2080
moirai_2_0,hsi,0.025,F2,True,0.1248,2080
moirai_2_0,hsi,0.025,F3,True,0.1248,2080
moirai_2_0,hsi,0.025,F4,True,0.1248,2080
moirai_2_0,hsi,0.025,garch_evt,True,0.1248,2080
moirai_2_0,hsi,0.025,fhs,True,0.1248,2080
moirai_2_0,hsi,0.05,F1,True,0.2142,2080
moirai_2_0,hsi,0.05,H,True,0.2142,2080
moirai_2_0,hsi,0.05,F2,True,0.2142,2080
moirai_2_0,hsi,0.05,F3,True,0.2142,2080
moirai_2_0,hsi,0.05,F4,True,0.2142,2080
moirai_2_0,hsi,0.05,garch_evt,True,0.2142,2080
moirai_2_0,hsi,0.05,fhs,True,0.2142,2080
moirai_2_0,jnj,0.01,F1,True,0.1106,2110
moirai_2_0,jnj,0.01,H,True,0.1106,2110
moirai_2_0,jnj,0.01,F2,True,0.1106,2110
moirai_2_0,jnj,0.01,F3,True,0.1106,2110
moirai_2_0,jnj,0.01,F4,True,0.1106,2110
moirai_2_0,jnj,0.01,garch_evt,True,0.1106,2110
moirai_2_0,jnj,0.01,fhs,True,0.1106,2110
moirai_2_0,jnj,0.025,F1,True,0.1724,2103
moirai_2_0,jnj,0.025,H,True,0.1724,2103
moirai_2_0,jnj,0.025,F2,True,0.1724,2103
moirai_2_0,jnj,0.025,F3,False,0.0996,2103
moirai_2_0,jnj,0.025,F4,False,0.0856,2103
moirai_2_0,jnj,0.025,garch_evt,True,0.1724,2103
moirai_2_0,jnj,0.025,fhs,True,0.1724,2103
moirai_2_0,jnj,0.05,F1,True,0.168,2096
moirai_2_0,jnj,0.05,H,True,0.168,2096
moirai_2_0,jnj,0.05,F2,True,0.168,2096
moirai_2_0,jnj,0.05,F3,False,0.0988,2096
moirai_2_0,jnj,0.05,F4,True,0.168,2096
moirai_2_0,jnj,0.05,garch_evt,True,0.168,2096
moirai_2_0,jnj,0.05,fhs,True,0.168,2096
moirai_2_0,jpm,0.01,F1,True,0.5252,2076
moirai_2_0,jpm,0.01,H,True,0.5252,2076
moirai_2_0,jpm,0.01,F2,True,0.5252,2076
moirai_2_0,jpm,0.01,F3,False,0.0386,2076
moirai_2_0,jpm,0.01,F4,False,0.0706,2076
moirai_2_0,jpm,0.01,garch_evt,True,0.5252,2076
moirai_2_0,jpm,0.01,fhs,True,0.5252,2076
moirai_2_0,jpm,0.025,F1,True,0.2696,2076
moirai_2_0,jpm,0.025,H,True,0.2696,2076
moirai_2_0,jpm,0.025,F2,True,0.2696,2076
moirai_2_0,jpm,0.025,F3,False,0.061,2076
moirai_2_0,jpm,0.025,F4,True,0.2696,2076
moirai_2_0,jpm,0.025,garch_evt,True,0.2696,2076
moirai_2_0,jpm,0.025,fhs,True,0.2696,2076
moirai_2_0,jpm,0.05,F1,True,0.1844,2081
moirai_2_0,jpm,0.05,H,True,0.1844,2081
moirai_2_0,jpm,0.05,F2,True,0.1844,2081
moirai_2_0,jpm,0.05,F3,False,0.014,2081
moirai_2_0,jpm,0.05,F4,True,0.1844,2081
moirai_2_0,jpm,0.05,garch_evt,True,0.1844,2081
moirai_2_0,jpm,0.05,fhs,True,0.1844,2081
moirai_2_0,ltc,0.01,F1,True,0.3144,2786
moirai_2_0,ltc,0.01,H,True,0.3144,2786
moirai_2_0,ltc,0.01,F2,True,0.3144,2786
moirai_2_0,ltc,0.01,F3,True,0.3144,2786
moirai_2_0,ltc,0.01,F4,True,0.3144,2786
moirai_2_0,ltc,0.01,garch_evt,True,0.3144,2786
moirai_2_0,ltc,0.01,fhs,True,0.3144,2786
moirai_2_0,ltc,0.025,F1,True,0.3678,2804
moirai_2_0,ltc,0.025,H,True,0.3678,2804
moirai_2_0,ltc,0.025,F2,True,0.3678,2804
moirai_2_0,ltc,0.025,F3,True,0.3678,2804
moirai_2_0,ltc,0.025,F4,True,0.3678,2804
moirai_2_0,ltc,0.025,garch_evt,True,0.3678,2804
moirai_2_0,ltc,0.025,fhs,True,0.3678,2804
moirai_2_0,ltc,0.05,F1,True,0.3426,2808
moirai_2_0,ltc,0.05,H,True,0.3426,2808
moirai_2_0,ltc,0.05,F2,True,0.3426,2808
moirai_2_0,ltc,0.05,F3,True,0.3426,2808
moirai_2_0,ltc,0.05,F4,True,0.3426,2808
moirai_2_0,ltc,0.05,garch_evt,True,0.3426,2808
moirai_2_0,ltc,0.05,fhs,True,0.3426,2808
moirai_2_0,msft,0.01,F1,True,0.1478,2103
moirai_2_0,msft,0.01,H,True,0.1478,2103
moirai_2_0,msft,0.01,F2,True,0.1478,2103
moirai_2_0,msft,0.01,F3,False,0.0328,2103
moirai_2_0,msft,0.01,F4,False,0.05,2103
moirai_2_0,msft,0.01,garch_evt,True,0.1478,2103
moirai_2_0,msft,0.01,fhs,True,0.1478,2103
moirai_2_0,msft,0.025,F1,True,0.114,2116
moirai_2_0,msft,0.025,H,True,0.114,2116
moirai_2_0,msft,0.025,F2,True,0.114,2116
moirai_2_0,msft,0.025,F3,False,0.0122,2116
moirai_2_0,msft,0.025,F4,True,0.114,2116
moirai_2_0,msft,0.025,garch_evt,True,0.114,2116
moirai_2_0,msft,0.025,fhs,True,0.114,2116
moirai_2_0,msft,0.05,F1,True,0.1118,2139
moirai_2_0,msft,0.05,H,True,0.1118,2139
moirai_2_0,msft,0.05,F2,True,0.1118,2139
moirai_2_0,msft,0.05,F3,True,0.1118,2139
moirai_2_0,msft,0.05,F4,True,0.1118,2139
moirai_2_0,msft,0.05,garch_evt,True,0.1118,2139
moirai_2_0,msft,0.05,fhs,True,0.1118,2139
moirai_2_0,natgas,0.01,F1,True,0.1828,2081
moirai_2_0,natgas,0.01,H,True,0.1828,2081
moirai_2_0,natgas,0.01,F2,False,0.0282,2081
moirai_2_0,natgas,0.01,F3,False,0.0282,2081
moirai_2_0,natgas,0.01,F4,False,0.0282,2081
moirai_2_0,natgas,0.01,garch_evt,True,0.1828,2081
moirai_2_0,natgas,0.01,fhs,True,0.1828,2081
moirai_2_0,natgas,0.025,F1,True,0.1186,2083
moirai_2_0,natgas,0.025,H,True,0.1186,2083
moirai_2_0,natgas,0.025,F2,False,0.0316,2083
moirai_2_0,natgas,0.025,F3,False,0.0388,2083
moirai_2_0,natgas,0.025,F4,False,0.031,2083
moirai_2_0,natgas,0.025,garch_evt,True,0.1186,2083
moirai_2_0,natgas,0.025,fhs,True,0.1186,2083
moirai_2_0,natgas,0.05,F1,True,0.1386,2123
moirai_2_0,natgas,0.05,H,True,0.1386,2123
moirai_2_0,natgas,0.05,F2,False,0.0724,2123
moirai_2_0,natgas,0.05,F3,False,0.0448,2123
moirai_2_0,natgas,0.05,F4,False,0.0394,2123
moirai_2_0,natgas,0.05,garch_evt,True,0.1386,2123
moirai_2_0,natgas,0.05,fhs,True,0.1386,2123
moirai_2_0,ndx,0.01,F1,True,0.2204,2136
moirai_2_0,ndx,0.01,H,True,0.2204,2136
moirai_2_0,ndx,0.01,F2,True,0.2204,2136
moirai_2_0,ndx,0.01,F3,False,0.0176,2136
moirai_2_0,ndx,0.01,F4,True,0.2204,2136
moirai_2_0,ndx,0.01,garch_evt,True,0.2204,2136
moirai_2_0,ndx,0.01,fhs,True,0.2204,2136
moirai_2_0,ndx,0.025,F1,True,0.1716,2133
moirai_2_0,ndx,0.025,H,True,0.1716,2133
moirai_2_0,ndx,0.025,F2,True,0.1716,2133
moirai_2_0,ndx,0.025,F3,False,0.0106,2133
moirai_2_0,ndx,0.025,F4,True,0.1716,2133
moirai_2_0,ndx,0.025,garch_evt,True,0.1716,2133
moirai_2_0,ndx,0.025,fhs,True,0.1716,2133
moirai_2_0,ndx,0.05,F1,False,0.0266,2139
moirai_2_0,ndx,0.05,H,True,0.1146,2139
moirai_2_0,ndx,0.05,F2,True,0.1146,2139
moirai_2_0,ndx,0.05,F3,False,0.0142,2139
moirai_2_0,ndx,0.05,F4,False,0.0272,2139
moirai_2_0,ndx,0.05,garch_evt,True,0.1146,2139
moirai_2_0,ndx,0.05,fhs,True,0.1146,2139
moirai_2_0,nikkei,0.01,F1,True,0.1424,2005
moirai_2_0,nikkei,0.01,H,True,0.1424,2005
moirai_2_0,nikkei,0.01,F2,True,0.1424,2005
moirai_2_0,nikkei,0.01,F3,True,0.1424,2005
moirai_2_0,nikkei,0.01,F4,True,0.1424,2005
moirai_2_0,nikkei,0.01,garch_evt,True,0.1424,2005
moirai_2_0,nikkei,0.01,fhs,True,0.1424,2005
moirai_2_0,nikkei,0.025,F1,True,0.588,2024
moirai_2_0,nikkei,0.025,H,True,0.588,2024
moirai_2_0,nikkei,0.025,F2,True,0.588,2024
moirai_2_0,nikkei,0.025,F3,True,0.588,2024
moirai_2_0,nikkei,0.025,F4,True,0.588,2024
moirai_2_0,nikkei,0.025,garch_evt,True,0.588,2024
moirai_2_0,nikkei,0.025,fhs,True,0.588,2024
moirai_2_0,nikkei,0.05,F1,True,0.167,2066
moirai_2_0,nikkei,0.05,H,True,0.167,2066
moirai_2_0,nikkei,0.05,F2,True,0.167,2066
moirai_2_0,nikkei,0.05,F3,False,0.0818,2066
moirai_2_0,nikkei,0.05,F4,True,0.167,2066
moirai_2_0,nikkei,0.05,garch_evt,True,0.167,2066
moirai_2_0,nikkei,0.05,fhs,True,0.167,2066
moirai_2_0,nvda,0.01,F1,True,0.3786,2077
moirai_2_0,nvda,0.01,H,True,0.3786,2077
moirai_2_0,nvda,0.01,F2,True,0.3786,2077
moirai_2_0,nvda,0.01,F3,True,0.3786,2077
moirai_2_0,nvda,0.01,F4,True,0.3786,2077
moirai_2_0,nvda,0.01,garch_evt,True,0.3786,2077
moirai_2_0,nvda,0.01,fhs,True,0.3786,2077
moirai_2_0,nvda,0.025,F1,False,0.0874,2089
moirai_2_0,nvda,0.025,H,True,0.2134,2089
moirai_2_0,nvda,0.025,F2,True,0.2134,2089
moirai_2_0,nvda,0.025,F3,False,0.0874,2089
moirai_2_0,nvda,0.025,F4,False,0.0684,2089
moirai_2_0,nvda,0.025,garch_evt,True,0.2134,2089
moirai_2_0,nvda,0.025,fhs,True,0.2134,2089
moirai_2_0,nvda,0.05,F1,False,0.0944,2139
moirai_2_0,nvda,0.05,H,True,0.2872,2139
moirai_2_0,nvda,0.05,F2,True,0.2872,2139
moirai_2_0,nvda,0.05,F3,False,0.0298,2139
moirai_2_0,nvda,0.05,F4,False,0.0384,2139
moirai_2_0,nvda,0.05,garch_evt,True,0.2872,2139
moirai_2_0,nvda,0.05,fhs,True,0.2872,2139
moirai_2_0,rut,0.01,F1,True,0.1372,2063
moirai_2_0,rut,0.01,H,True,0.1372,2063
moirai_2_0,rut,0.01,F2,False,0.0516,2063
moirai_2_0,rut,0.01,F3,False,0.0078,2063
moirai_2_0,rut,0.01,F4,False,0.0076,2063
moirai_2_0,rut,0.01,garch_evt,True,0.1372,2063
moirai_2_0,rut,0.01,fhs,True,0.1372,2063
moirai_2_0,rut,0.025,F1,True,0.107,2088
moirai_2_0,rut,0.025,H,True,0.107,2088
moirai_2_0,rut,0.025,F2,False,0.0888,2088
moirai_2_0,rut,0.025,F3,False,0.0036,2088
moirai_2_0,rut,0.025,F4,False,0.0086,2088
moirai_2_0,rut,0.025,garch_evt,True,0.107,2088
moirai_2_0,rut,0.025,fhs,True,0.107,2088
moirai_2_0,rut,0.05,F1,True,0.1104,2099
moirai_2_0,rut,0.05,H,True,0.1104,2099
moirai_2_0,rut,0.05,F2,True,0.1104,2099
moirai_2_0,rut,0.05,F3,False,0.0032,2099
moirai_2_0,rut,0.05,F4,False,0.0162,2099
moirai_2_0,rut,0.05,garch_evt,True,0.1104,2099
moirai_2_0,rut,0.05,fhs,True,0.1104,2099
moirai_2_0,spx,0.01,F1,True,0.1804,2109
moirai_2_0,spx,0.01,H,True,0.1804,2109
moirai_2_0,spx,0.01,F2,True,0.1804,2109
moirai_2_0,spx,0.01,F3,False,0.011,2109
moirai_2_0,spx,0.01,F4,True,0.1804,2109
moirai_2_0,spx,0.01,garch_evt,True,0.1804,2109
moirai_2_0,spx,0.01,fhs,True,0.1804,2109
moirai_2_0,spx,0.025,F1,True,0.2338,2102
moirai_2_0,spx,0.025,H,True,0.2338,2102
moirai_2_0,spx,0.025,F2,True,0.2338,2102
moirai_2_0,spx,0.025,F3,False,0.01,2102
moirai_2_0,spx,0.025,F4,True,0.2338,2102
moirai_2_0,spx,0.025,garch_evt,True,0.2338,2102
moirai_2_0,spx,0.025,fhs,True,0.2338,2102
moirai_2_0,spx,0.05,F1,True,0.1114,2131
moirai_2_0,spx,0.05,H,True,0.1114,2131
moirai_2_0,spx,0.05,F2,True,0.1114,2131
moirai_2_0,spx,0.05,F3,False,0.033,2131
moirai_2_0,spx,0.05,F4,True,0.1114,2131
moirai_2_0,spx,0.05,garch_evt,True,0.1114,2131
moirai_2_0,spx,0.05,fhs,True,0.1114,2131
moirai_2_0,usdcad,0.01,F1,True,0.1334,2185
moirai_2_0,usdcad,0.01,H,True,0.1334,2185
moirai_2_0,usdcad,0.01,F2,True,0.1334,2185
moirai_2_0,usdcad,0.01,F3,False,0.0966,2185
moirai_2_0,usdcad,0.01,F4,True,0.1334,2185
moirai_2_0,usdcad,0.01,garch_evt,True,0.1334,2185
moirai_2_0,usdcad,0.01,fhs,True,0.1334,2185
moirai_2_0,usdcad,0.025,F1,True,0.1576,2221
moirai_2_0,usdcad,0.025,H,True,0.1576,2221
moirai_2_0,usdcad,0.025,F2,True,0.1576,2221
moirai_2_0,usdcad,0.025,F3,False,0.0286,2221
moirai_2_0,usdcad,0.025,F4,False,0.027,2221
moirai_2_0,usdcad,0.025,garch_evt,True,0.1576,2221
moirai_2_0,usdcad,0.025,fhs,True,0.1576,2221
moirai_2_0,usdcad,0.05,F1,False,0.0944,2234
moirai_2_0,usdcad,0.05,H,True,0.2634,2234
moirai_2_0,usdcad,0.05,F2,True,0.2634,2234
moirai_2_0,usdcad,0.05,F3,False,0.0944,2234
moirai_2_0,usdcad,0.05,F4,False,0.0472,2234
moirai_2_0,usdcad,0.05,garch_evt,True,0.2634,2234
moirai_2_0,usdcad,0.05,fhs,True,0.2634,2234
moirai_2_0,usdchf,0.01,F1,True,0.4242,2217
moirai_2_0,usdchf,0.01,H,True,0.4242,2217
moirai_2_0,usdchf,0.01,F2,True,0.4242,2217
moirai_2_0,usdchf,0.01,F3,False,0.0378,2217
moirai_2_0,usdchf,0.01,F4,False,0.0328,2217
moirai_2_0,usdchf,0.01,garch_evt,True,0.4242,2217
moirai_2_0,usdchf,0.01,fhs,True,0.4242,2217
moirai_2_0,usdchf,0.025,F1,True,0.5192,2215
moirai_2_0,usdchf,0.025,H,True,0.5192,2215
moirai_2_0,usdchf,0.025,F2,True,0.5192,2215
moirai_2_0,usdchf,0.025,F3,False,0.0446,2215
moirai_2_0,usdchf,0.025,F4,False,0.0446,2215
moirai_2_0,usdchf,0.025,garch_evt,True,0.5192,2215
moirai_2_0,usdchf,0.025,fhs,True,0.5192,2215
moirai_2_0,usdchf,0.05,F1,True,0.2188,2210
moirai_2_0,usdchf,0.05,H,True,0.2188,2210
moirai_2_0,usdchf,0.05,F2,True,0.2188,2210
moirai_2_0,usdchf,0.05,F3,True,0.2188,2210
moirai_2_0,usdchf,0.05,F4,True,0.2188,2210
moirai_2_0,usdchf,0.05,garch_evt,True,0.2188,2210
moirai_2_0,usdchf,0.05,fhs,True,0.2188,2210
moirai_2_0,wmt,0.01,F1,True,0.1414,2115
moirai_2_0,wmt,0.01,H,True,0.1414,2115
moirai_2_0,wmt,0.01,F2,True,0.1414,2115
moirai_2_0,wmt,0.01,F3,True,0.1414,2115
moirai_2_0,wmt,0.01,F4,True,0.1414,2115
moirai_2_0,wmt,0.01,garch_evt,True,0.1414,2115
moirai_2_0,wmt,0.01,fhs,True,0.1414,2115
moirai_2_0,wmt,0.025,F1,True,0.2162,2123
moirai_2_0,wmt,0.025,H,True,0.2162,2123
moirai_2_0,wmt,0.025,F2,True,0.2162,2123
moirai_2_0,wmt,0.025,F3,True,0.2162,2123
moirai_2_0,wmt,0.025,F4,True,0.2162,2123
moirai_2_0,wmt,0.025,garch_evt,True,0.2162,2123
moirai_2_0,wmt,0.025,fhs,True,0.2162,2123
moirai_2_0,wmt,0.05,F1,True,0.1894,2137
moirai_2_0,wmt,0.05,H,True,0.1894,2137
moirai_2_0,wmt,0.05,F2,True,0.1894,2137
moirai_2_0,wmt,0.05,F3,True,0.1894,2137
moirai_2_0,wmt,0.05,F4,False,0.0996,2137
moirai_2_0,wmt,0.05,garch_evt,True,0.1894,2137
moirai_2_0,wmt,0.05,fhs,True,0.1894,2137
moirai_2_0,xom,0.01,F1,True,0.191,2131
moirai_2_0,xom,0.01,H,True,0.191,2131
moirai_2_0,xom,0.01,F2,True,0.191,2131
moirai_2_0,xom,0.01,F3,False,0.029,2131
moirai_2_0,xom,0.01,F4,False,0.029,2131
moirai_2_0,xom,0.01,garch_evt,True,0.191,2131
moirai_2_0,xom,0.01,fhs,True,0.191,2131
moirai_2_0,xom,0.025,F1,False,0.0822,2134
moirai_2_0,xom,0.025,H,True,0.1664,2134
moirai_2_0,xom,0.025,F2,True,0.1664,2134
moirai_2_0,xom,0.025,F3,False,0.0012,2134
moirai_2_0,xom,0.025,F4,False,0.0118,2134
moirai_2_0,xom,0.025,garch_evt,True,0.1664,2134
moirai_2_0,xom,0.025,fhs,True,0.1664,2134
moirai_2_0,xom,0.05,F1,False,0.0852,2126
moirai_2_0,xom,0.05,H,True,0.1192,2126
moirai_2_0,xom,0.05,F2,True,0.1192,2126
moirai_2_0,xom,0.05,F3,False,0.004,2126
moirai_2_0,xom,0.05,F4,False,0.008,2126
moirai_2_0,xom,0.05,garch_evt,True,0.1192,2126
moirai_2_0,xom,0.05,fhs,True,0.1192,2126
moirai_2_0,xrp,0.01,F1,True,0.906,1600
moirai_2_0,xrp,0.01,H,True,0.906,1600
moirai_2_0,xrp,0.01,F2,True,0.906,1600
moirai_2_0,xrp,0.01,F3,True,0.906,1600
moirai_2_0,xrp,0.01,F4,True,0.906,1600
moirai_2_0,xrp,0.01,garch_evt,True,0.906,1600
moirai_2_0,xrp,0.01,fhs,True,0.906,1600
moirai_2_0,xrp,0.025,F1,True,0.7572,1659
moirai_2_0,xrp,0.025,H,True,0.7572,1659
moirai_2_0,xrp,0.025,F2,True,0.7572,1659
moirai_2_0,xrp,0.025,F3,True,0.7572,1659
moirai_2_0,xrp,0.025,F4,True,0.7572,1659
moirai_2_0,xrp,0.025,garch_evt,True,0.7572,1659
moirai_2_0,xrp,0.025,fhs,True,0.7572,1659
moirai_2_0,xrp,0.05,F1,True,0.385,1659
moirai_2_0,xrp,0.05,H,True,0.385,1659
moirai_2_0,xrp,0.05,F2,True,0.385,1659
moirai_2_0,xrp,0.05,F3,True,0.385,1659
moirai_2_0,xrp,0.05,F4,True,0.385,1659
moirai_2_0,xrp,0.05,garch_evt,True,0.385,1659
moirai_2_0,xrp,0.05,fhs,True,0.385,1659
lag_llama,aapl,0.01,F1,False,0.0248,2081
lag_llama,aapl,0.01,H,True,0.6274,2081
lag_llama,aapl,0.01,F2,False,0.0248,2081
lag_llama,aapl,0.01,F3,False,0.0154,2081
lag_llama,aapl,0.01,F4,False,0.0218,2081
lag_llama,aapl,0.01,garch_evt,True,0.6274,2081
lag_llama,aapl,0.01,fhs,False,0.0296,2081
lag_llama,aapl,0.025,F1,False,0.0044,2130
lag_llama,aapl,0.025,H,True,0.1124,2130
lag_llama,aapl,0.025,F2,False,0.0136,2130
lag_llama,aapl,0.025,F3,False,0.0006,2130
lag_llama,aapl,0.025,F4,False,0.0016,2130
lag_llama,aapl,0.025,garch_evt,True,0.1124,2130
lag_llama,aapl,0.025,fhs,True,0.1124,2130
lag_llama,aapl,0.05,F1,False,0.0008,2139
lag_llama,aapl,0.05,H,True,0.5276,2139
lag_llama,aapl,0.05,F2,False,0.0084,2139
lag_llama,aapl,0.05,F3,False,0.0006,2139
lag_llama,aapl,0.05,F4,False,0.0008,2139
lag_llama,aapl,0.05,garch_evt,True,0.5276,2139
lag_llama,aapl,0.05,fhs,True,0.5276,2139
lag_llama,amzn,0.01,F1,False,0.0364,2109
lag_llama,amzn,0.01,H,True,0.1324,2109
lag_llama,amzn,0.01,F2,True,0.1324,2109
lag_llama,amzn,0.01,F3,False,0.0364,2109
lag_llama,amzn,0.01,F4,False,0.0024,2109
lag_llama,amzn,0.01,garch_evt,True,0.1324,2109
lag_llama,amzn,0.01,fhs,True,0.1324,2109
lag_llama,amzn,0.025,F1,False,0.0062,2139
lag_llama,amzn,0.025,H,True,0.1642,2139
lag_llama,amzn,0.025,F2,False,0.0144,2139
lag_llama,amzn,0.025,F3,False,0.0004,2139
lag_llama,amzn,0.025,F4,False,0.0038,2139
lag_llama,amzn,0.025,garch_evt,True,0.1642,2139
lag_llama,amzn,0.025,fhs,True,0.1642,2139
lag_llama,amzn,0.05,F1,False,0.0048,2139
lag_llama,amzn,0.05,H,False,0.017,2139
lag_llama,amzn,0.05,F2,False,0.017,2139
lag_llama,amzn,0.05,F3,False,0.0026,2139
lag_llama,amzn,0.05,F4,False,0.006,2139
lag_llama,amzn,0.05,garch_evt,True,0.6114,2139
lag_llama,amzn,0.05,fhs,True,0.6114,2139
lag_llama,audusd,0.01,F1,True,0.1222,2220
lag_llama,audusd,0.01,H,True,0.1222,2220
lag_llama,audusd,0.01,F2,False,0.0594,2220
lag_llama,audusd,0.01,F3,False,0.0594,2220
lag_llama,audusd,0.01,F4,False,0.0594,2220
lag_llama,audusd,0.01,garch_evt,True,0.1222,2220
lag_llama,audusd,0.01,fhs,True,0.1222,2220
lag_llama,audusd,0.025,F1,False,0.056,2234
lag_llama,audusd,0.025,H,False,0.056,2234
lag_llama,audusd,0.025,F2,False,0.056,2234
lag_llama,audusd,0.025,F3,False,0.0192,2234
lag_llama,audusd,0.025,F4,False,0.056,2234
lag_llama,audusd,0.025,garch_evt,True,0.3376,2234
lag_llama,audusd,0.025,fhs,True,0.3376,2234
lag_llama,audusd,0.05,F1,False,0.007,2234
lag_llama,audusd,0.05,H,False,0.0356,2234
lag_llama,audusd,0.05,F2,False,0.0356,2234
lag_llama,audusd,0.05,F3,False,0.006,2234
lag_llama,audusd,0.05,F4,False,0.0326,2234
lag_llama,audusd,0.05,garch_evt,True,0.512,2234
lag_llama,audusd,0.05,fhs,True,0.512,2234
lag_llama,brent,0.01,F1,True,0.11,2080
lag_llama,brent,0.01,H,True,0.11,2080
lag_llama,brent,0.01,F2,True,0.11,2080
lag_llama,brent,0.01,F3,True,0.11,2080
lag_llama,brent,0.01,F4,True,0.11,2080
lag_llama,brent,0.01,garch_evt,True,0.11,2080
lag_llama,brent,0.01,fhs,True,0.11,2080
lag_llama,brent,0.025,F1,False,0.038,2105
lag_llama,brent,0.025,H,True,0.1234,2105
lag_llama,brent,0.025,F2,False,0.038,2105
lag_llama,brent,0.025,F3,False,0.0094,2105
lag_llama,brent,0.025,F4,False,0.038,2105
lag_llama,brent,0.025,garch_evt,True,0.1234,2105
lag_llama,brent,0.025,fhs,True,0.1234,2105
lag_llama,brent,0.05,F1,False,0.0104,2141
lag_llama,brent,0.05,H,True,0.309,2141
lag_llama,brent,0.05,F2,False,0.0106,2141
lag_llama,brent,0.05,F3,False,0.002,2141
lag_llama,brent,0.05,F4,False,0.0104,2141
lag_llama,brent,0.05,garch_evt,True,0.309,2141
lag_llama,brent,0.05,fhs,True,0.309,2141
lag_llama,btc,0.01,F1,True,0.4702,2705
lag_llama,btc,0.01,H,True,0.4702,2705
lag_llama,btc,0.01,F2,True,0.4702,2705
lag_llama,btc,0.01,F3,True,0.4702,2705
lag_llama,btc,0.01,F4,True,0.4702,2705
lag_llama,btc,0.01,garch_evt,True,0.4702,2705
lag_llama,btc,0.01,fhs,True,0.4702,2705
lag_llama,btc,0.025,F1,True,0.1752,2804
lag_llama,btc,0.025,H,True,0.1752,2804
lag_llama,btc,0.025,F2,True,0.1752,2804
lag_llama,btc,0.025,F3,True,0.1752,2804
lag_llama,btc,0.025,F4,True,0.1752,2804
lag_llama,btc,0.025,garch_evt,True,0.1752,2804
lag_llama,btc,0.025,fhs,True,0.1752,2804
lag_llama,btc,0.05,F1,True,0.123,2808
lag_llama,btc,0.05,H,True,0.123,2808
lag_llama,btc,0.05,F2,True,0.123,2808
lag_llama,btc,0.05,F3,False,0.0392,2808
lag_llama,btc,0.05,F4,False,0.0714,2808
lag_llama,btc,0.05,garch_evt,True,0.123,2808
lag_llama,btc,0.05,fhs,True,0.123,2808
lag_llama,copper,0.01,F1,True,0.2462,2118
lag_llama,copper,0.01,H,True,0.2462,2118
lag_llama,copper,0.01,F2,True,0.2462,2118
lag_llama,copper,0.01,F3,True,0.2462,2118
lag_llama,copper,0.01,F4,True,0.2462,2118
lag_llama,copper,0.01,garch_evt,True,0.2462,2118
lag_llama,copper,0.01,fhs,True,0.2462,2118
lag_llama,copper,0.025,F1,True,0.2442,2140
lag_llama,copper,0.025,H,True,0.2442,2140
lag_llama,copper,0.025,F2,True,0.2442,2140
lag_llama,copper,0.025,F3,True,0.2442,2140
lag_llama,copper,0.025,F4,True,0.2442,2140
lag_llama,copper,0.025,garch_evt,True,0.2442,2140
lag_llama,copper,0.025,fhs,True,0.2442,2140
lag_llama,copper,0.05,F1,True,0.1242,2140
lag_llama,copper,0.05,H,True,0.1242,2140
lag_llama,copper,0.05,F2,True,0.1242,2140
lag_llama,copper,0.05,F3,False,0.0568,2140
lag_llama,copper,0.05,F4,True,0.1242,2140
lag_llama,copper,0.05,garch_evt,True,0.1242,2140
lag_llama,copper,0.05,fhs,True,0.1242,2140
lag_llama,csi300,0.01,F1,True,0.1278,1669
lag_llama,csi300,0.01,H,True,0.1278,1669
lag_llama,csi300,0.01,F2,True,0.1278,1669
lag_llama,csi300,0.01,F3,True,0.1278,1669
lag_llama,csi300,0.01,F4,True,0.1278,1669
lag_llama,csi300,0.01,garch_evt,True,0.1278,1669
lag_llama,csi300,0.01,fhs,True,0.1278,1669
lag_llama,csi300,0.025,F1,True,0.3744,1680
lag_llama,csi300,0.025,H,True,0.3744,1680
lag_llama,csi300,0.025,F2,True,0.3744,1680
lag_llama,csi300,0.025,F3,False,0.0526,1680
lag_llama,csi300,0.025,F4,False,0.082,1680
lag_llama,csi300,0.025,garch_evt,True,0.3744,1680
lag_llama,csi300,0.025,fhs,True,0.3744,1680
lag_llama,csi300,0.05,F1,True,0.3584,1680
lag_llama,csi300,0.05,H,True,0.3584,1680
lag_llama,csi300,0.05,F2,True,0.3584,1680
lag_llama,csi300,0.05,F3,False,0.081,1680
lag_llama,csi300,0.05,F4,False,0.0616,1680
lag_llama,csi300,0.05,garch_evt,True,0.3584,1680
lag_llama,csi300,0.05,fhs,True,0.3584,1680
lag_llama,dax,0.01,F1,True,0.117,2116
lag_llama,dax,0.01,H,True,0.117,2116
lag_llama,dax,0.01,F2,True,0.117,2116
lag_llama,dax,0.01,F3,False,0.0274,2116
lag_llama,dax,0.01,F4,True,0.117,2116
lag_llama,dax,0.01,garch_evt,True,0.117,2116
lag_llama,dax,0.01,fhs,True,0.117,2116
lag_llama,dax,0.025,F1,False,0.0924,2121
lag_llama,dax,0.025,H,True,0.161,2121
lag_llama,dax,0.025,F2,False,0.0924,2121
lag_llama,dax,0.025,F3,False,0.0016,2121
lag_llama,dax,0.025,F4,False,0.0586,2121
lag_llama,dax,0.025,garch_evt,True,0.161,2121
lag_llama,dax,0.025,fhs,True,0.161,2121
lag_llama,dax,0.05,F1,False,0.0246,2165
lag_llama,dax,0.05,H,True,0.2354,2165
lag_llama,dax,0.05,F2,False,0.064,2165
lag_llama,dax,0.05,F3,False,0.0032,2165
lag_llama,dax,0.05,F4,False,0.0278,2165
lag_llama,dax,0.05,garch_evt,True,0.2354,2165
lag_llama,dax,0.05,fhs,True,0.2354,2165
lag_llama,dgs10,0.01,F1,False,0.0582,2124
lag_llama,dgs10,0.01,H,True,0.3582,2124
lag_llama,dgs10,0.01,F2,False,0.0582,2124
lag_llama,dgs10,0.01,F3,False,0.0582,2124
lag_llama,dgs10,0.01,F4,False,0.0582,2124
lag_llama,dgs10,0.01,garch_evt,True,0.3582,2124
lag_llama,dgs10,0.01,fhs,True,0.3582,2124
lag_llama,dgs10,0.025,F1,False,0.0048,2124
lag_llama,dgs10,0.025,H,True,0.1162,2124
lag_llama,dgs10,0.025,F2,False,0.0048,2124
lag_llama,dgs10,0.025,F3,False,0.0008,2124
lag_llama,dgs10,0.025,F4,False,0.0024,2124
lag_llama,dgs10,0.025,garch_evt,True,0.1162,2124
lag_llama,dgs10,0.025,fhs,True,0.1162,2124
lag_llama,dgs10,0.05,F1,False,0.0004,2124
lag_llama,dgs10,0.05,H,False,0.037,2124
lag_llama,dgs10,0.05,F2,False,0.001,2124
lag_llama,dgs10,0.05,F3,False,0.0,2124
lag_llama,dgs10,0.05,F4,False,0.001,2124
lag_llama,dgs10,0.05,garch_evt,False,0.0482,2124
lag_llama,dgs10,0.05,fhs,True,1.0,2124
lag_llama,dgs2,0.01,F1,False,0.0594,2102
lag_llama,dgs2,0.01,H,True,0.3434,2102
lag_llama,dgs2,0.01,F2,False,0.0594,2102
lag_llama,dgs2,0.01,F3,False,0.0594,2102
lag_llama,dgs2,0.01,F4,False,0.0594,2102
lag_llama,dgs2,0.01,garch_evt,True,0.3434,2102
lag_llama,dgs2,0.01,fhs,True,0.3434,2102
lag_llama,dgs2,0.025,F1,False,0.001,2102
lag_llama,dgs2,0.025,H,True,0.172,2102
lag_llama,dgs2,0.025,F2,False,0.0142,2102
lag_llama,dgs2,0.025,F3,False,0.0142,2102
lag_llama,dgs2,0.025,F4,False,0.0142,2102
lag_llama,dgs2,0.025,garch_evt,True,0.172,2102
lag_llama,dgs2,0.025,fhs,True,0.172,2102
lag_llama,dgs2,0.05,F1,False,0.0,2102
lag_llama,dgs2,0.05,H,False,0.0222,2102
lag_llama,dgs2,0.05,F2,False,0.0002,2102
lag_llama,dgs2,0.05,F3,False,0.0,2102
lag_llama,dgs2,0.05,F4,False,0.0002,2102
lag_llama,dgs2,0.05,garch_evt,False,0.0222,2102
lag_llama,dgs2,0.05,fhs,True,1.0,2102
lag_llama,dgs30,0.01,F1,False,0.0334,2037
lag_llama,dgs30,0.01,H,True,0.4308,2037
lag_llama,dgs30,0.01,F2,False,0.019,2037
lag_llama,dgs30,0.01,F3,False,0.019,2037
lag_llama,dgs30,0.01,F4,False,0.019,2037
lag_llama,dgs30,0.01,garch_evt,True,0.4308,2037
lag_llama,dgs30,0.01,fhs,True,0.4308,2037
lag_llama,dgs30,0.025,F1,False,0.02,2051
lag_llama,dgs30,0.025,H,True,0.7742,2051
lag_llama,dgs30,0.025,F2,False,0.0024,2051
lag_llama,dgs30,0.025,F3,False,0.0006,2051
lag_llama,dgs30,0.025,F4,False,0.0024,2051
lag_llama,dgs30,0.025,garch_evt,True,0.7742,2051
lag_llama,dgs30,0.025,fhs,True,0.7742,2051
lag_llama,dgs30,0.05,F1,False,0.0008,2061
lag_llama,dgs30,0.05,H,True,0.1856,2061
lag_llama,dgs30,0.05,F2,False,0.0002,2061
lag_llama,dgs30,0.05,F3,False,0.0,2061
lag_llama,dgs30,0.05,F4,False,0.0,2061
lag_llama,dgs30,0.05,garch_evt,True,0.1856,2061
lag_llama,dgs30,0.05,fhs,True,0.1856,2061
lag_llama,dgs5,0.01,F1,False,0.0282,2125
lag_llama,dgs5,0.01,H,True,0.4478,2125
lag_llama,dgs5,0.01,F2,False,0.0464,2125
lag_llama,dgs5,0.01,F3,False,0.0464,2125
lag_llama,dgs5,0.01,F4,False,0.0464,2125
lag_llama,dgs5,0.01,garch_evt,True,0.4478,2125
lag_llama,dgs5,0.01,fhs,True,0.4478,2125
lag_llama,dgs5,0.025,F1,False,0.0022,2125
lag_llama,dgs5,0.025,H,True,0.2528,2125
lag_llama,dgs5,0.025,F2,False,0.0086,2125
lag_llama,dgs5,0.025,F3,False,0.0086,2125
lag_llama,dgs5,0.025,F4,False,0.0086,2125
lag_llama,dgs5,0.025,garch_evt,True,0.2528,2125
lag_llama,dgs5,0.025,fhs,True,0.2528,2125
lag_llama,dgs5,0.05,F1,False,0.0002,2125
lag_llama,dgs5,0.05,H,False,0.0294,2125
lag_llama,dgs5,0.05,F2,False,0.0006,2125
lag_llama,dgs5,0.05,F3,False,0.0002,2125
lag_llama,dgs5,0.05,F4,False,0.0006,2125
lag_llama,dgs5,0.05,garch_evt,False,0.0294,2125
lag_llama,dgs5,0.05,fhs,True,1.0,2125
lag_llama,eth,0.01,F1,True,0.132,1636
lag_llama,eth,0.01,H,True,0.132,1636
lag_llama,eth,0.01,F2,False,0.067,1636
lag_llama,eth,0.01,F3,False,0.067,1636
lag_llama,eth,0.01,F4,True,0.132,1636
lag_llama,eth,0.01,garch_evt,True,0.132,1636
lag_llama,eth,0.01,fhs,True,0.132,1636
lag_llama,eth,0.025,F1,True,0.1884,1659
lag_llama,eth,0.025,H,True,0.1884,1659
lag_llama,eth,0.025,F2,True,0.1884,1659
lag_llama,eth,0.025,F3,False,0.0152,1659
lag_llama,eth,0.025,F4,True,0.1884,1659
lag_llama,eth,0.025,garch_evt,True,0.1884,1659
lag_llama,eth,0.025,fhs,True,0.1884,1659
lag_llama,eth,0.05,F1,True,0.239,1659
lag_llama,eth,0.05,H,True,0.239,1659
lag_llama,eth,0.05,F2,True,0.239,1659
lag_llama,eth,0.05,F3,False,0.018,1659
lag_llama,eth,0.05,F4,True,0.239,1659
lag_llama,eth,0.05,garch_evt,True,0.239,1659
lag_llama,eth,0.05,fhs,True,0.239,1659
lag_llama,ftse,0.01,F1,False,0.0564,2136
lag_llama,ftse,0.01,H,True,0.563,2136
lag_llama,ftse,0.01,F2,False,0.062,2136
lag_llama,ftse,0.01,F3,False,0.0386,2136
lag_llama,ftse,0.01,F4,False,0.0564,2136
lag_llama,ftse,0.01,garch_evt,True,0.563,2136
lag_llama,ftse,0.01,fhs,False,0.0836,2136
lag_llama,ftse,0.025,F1,False,0.0214,2135
lag_llama,ftse,0.025,H,True,0.1518,2135
lag_llama,ftse,0.025,F2,False,0.0358,2135
lag_llama,ftse,0.025,F3,False,0.0052,2135
lag_llama,ftse,0.025,F4,False,0.0092,2135
lag_llama,ftse,0.025,garch_evt,True,0.1518,2135
lag_llama,ftse,0.025,fhs,False,0.0874,2135
lag_llama,ftse,0.05,F1,False,0.0034,2152
lag_llama,ftse,0.05,H,True,0.4082,2152
lag_llama,ftse,0.05,F2,False,0.0236,2152
lag_llama,ftse,0.05,F3,False,0.0006,2152
lag_llama,ftse,0.05,F4,False,0.003,2152
lag_llama,ftse,0.05,garch_evt,True,0.4082,2152
lag_llama,ftse,0.05,fhs,True,0.4082,2152
lag_llama,gbpusd,0.01,F1,False,0.0038,2204
lag_llama,gbpusd,0.01,H,True,0.3674,2204
lag_llama,gbpusd,0.01,F2,False,0.0342,2204
lag_llama,gbpusd,0.01,F3,False,0.0034,2204
lag_llama,gbpusd,0.01,F4,False,0.0038,2204
lag_llama,gbpusd,0.01,garch_evt,True,0.3674,2204
lag_llama,gbpusd,0.01,fhs,True,0.3674,2204
lag_llama,gbpusd,0.025,F1,False,0.001,2229
lag_llama,gbpusd,0.025,H,True,0.5622,2229
lag_llama,gbpusd,0.025,F2,False,0.046,2229
lag_llama,gbpusd,0.025,F3,False,0.001,2229
lag_llama,gbpusd,0.025,F4,False,0.0008,2229
lag_llama,gbpusd,0.025,garch_evt,True,0.5622,2229
lag_llama,gbpusd,0.025,fhs,True,0.5622,2229
lag_llama,gbpusd,0.05,F1,False,0.0012,2229
lag_llama,gbpusd,0.05,H,True,0.3574,2229
lag_llama,gbpusd,0.05,F2,False,0.0826,2229
lag_llama,gbpusd,0.05,F3,False,0.0012,2229
lag_llama,gbpusd,0.05,F4,False,0.0012,2229
lag_llama,gbpusd,0.05,garch_evt,True,0.3574,2229
lag_llama,gbpusd,0.05,fhs,True,0.3574,2229
lag_llama,gold,0.01,F1,True,0.2362,2113
lag_llama,gold,0.01,H,True,0.2362,2113
lag_llama,gold,0.01,F2,False,0.0214,2113
lag_llama,gold,0.01,F3,True,0.2362,2113
lag_llama,gold,0.01,F4,True,0.2362,2113
lag_llama,gold,0.01,garch_evt,True,0.2362,2113
lag_llama,gold,0.01,fhs,True,0.2362,2113
lag_llama,gold,0.025,F1,True,0.1196,2139
lag_llama,gold,0.025,H,True,0.1196,2139
lag_llama,gold,0.025,F2,False,0.0216,2139
lag_llama,gold,0.025,F3,True,0.1196,2139
lag_llama,gold,0.025,F4,True,0.1196,2139
lag_llama,gold,0.025,garch_evt,True,0.1196,2139
lag_llama,gold,0.025,fhs,True,0.1196,2139
lag_llama,gold,0.05,F1,False,0.0252,2139
lag_llama,gold,0.05,H,True,0.2186,2139
lag_llama,gold,0.05,F2,False,0.0112,2139
lag_llama,gold,0.05,F3,False,0.0438,2139
lag_llama,gold,0.05,F4,True,0.2186,2139
lag_llama,gold,0.05,garch_evt,True,0.2186,2139
lag_llama,gold,0.05,fhs,True,0.2186,2139
lag_llama,hsi,0.01,F1,False,0.0136,2080
lag_llama,hsi,0.01,H,True,0.5224,2080
lag_llama,hsi,0.01,F2,False,0.0134,2080
lag_llama,hsi,0.01,F3,False,0.0136,2080
lag_llama,hsi,0.01,F4,False,0.0136,2080
lag_llama,hsi,0.01,garch_evt,True,0.5224,2080
lag_llama,hsi,0.01,fhs,True,0.5224,2080
lag_llama,hsi,0.025,F1,False,0.0154,2080
lag_llama,hsi,0.025,H,True,0.532,2080
lag_llama,hsi,0.025,F2,False,0.0154,2080
lag_llama,hsi,0.025,F3,False,0.0154,2080
lag_llama,hsi,0.025,F4,False,0.0154,2080
lag_llama,hsi,0.025,garch_evt,True,0.532,2080
lag_llama,hsi,0.025,fhs,True,0.532,2080
lag_llama,hsi,0.05,F1,False,0.019,2080
lag_llama,hsi,0.05,H,True,0.4938,2080
lag_llama,hsi,0.05,F2,False,0.019,2080
lag_llama,hsi,0.05,F3,False,0.0048,2080
lag_llama,hsi,0.05,F4,False,0.019,2080
lag_llama,hsi,0.05,garch_evt,True,0.4938,2080
lag_llama,hsi,0.05,fhs,True,0.4938,2080
lag_llama,jnj,0.01,F1,False,0.0748,2101
lag_llama,jnj,0.01,H,True,0.731,2101
lag_llama,jnj,0.01,F2,False,0.0612,2101
lag_llama,jnj,0.01,F3,False,0.0256,2101
lag_llama,jnj,0.01,F4,False,0.0612,2101
lag_llama,jnj,0.01,garch_evt,True,0.731,2101
lag_llama,jnj,0.01,fhs,True,0.731,2101
lag_llama,jnj,0.025,F1,False,0.0652,2104
lag_llama,jnj,0.025,H,True,0.8294,2104
lag_llama,jnj,0.025,F2,False,0.0376,2104
lag_llama,jnj,0.025,F3,False,0.0128,2104
lag_llama,jnj,0.025,F4,False,0.0376,2104
lag_llama,jnj,0.025,garch_evt,True,0.8294,2104
lag_llama,jnj,0.025,fhs,True,0.8294,2104
lag_llama,jnj,0.05,F1,False,0.0786,2114
lag_llama,jnj,0.05,H,True,0.5162,2114
lag_llama,jnj,0.05,F2,False,0.0632,2114
lag_llama,jnj,0.05,F3,False,0.0632,2114
lag_llama,jnj,0.05,F4,False,0.0632,2114
lag_llama,jnj,0.05,garch_evt,True,0.5162,2114
lag_llama,jnj,0.05,fhs,True,0.5162,2114
lag_llama,jpm,0.01,F1,True,0.168,2100
lag_llama,jpm,0.01,H,True,0.168,2100
lag_llama,jpm,0.01,F2,True,0.168,2100
lag_llama,jpm,0.01,F3,True,0.168,2100
lag_llama,jpm,0.01,F4,True,0.168,2100
lag_llama,jpm,0.01,garch_evt,True,0.168,2100
lag_llama,jpm,0.01,fhs,True,0.168,2100
lag_llama,jpm,0.025,F1,True,0.16,2105
lag_llama,jpm,0.025,H,True,0.16,2105
lag_llama,jpm,0.025,F2,True,0.16,2105
lag_llama,jpm,0.025,F3,False,0.0098,2105
lag_llama,jpm,0.025,F4,True,0.16,2105
lag_llama,jpm,0.025,garch_evt,True,0.16,2105
lag_llama,jpm,0.025,fhs,True,0.16,2105
lag_llama,jpm,0.05,F1,False,0.044,2111
lag_llama,jpm,0.05,H,True,0.1152,2111
lag_llama,jpm,0.05,F2,True,0.1152,2111
lag_llama,jpm,0.05,F3,False,0.0024,2111
lag_llama,jpm,0.05,F4,True,0.1152,2111
lag_llama,jpm,0.05,garch_evt,True,0.1152,2111
lag_llama,jpm,0.05,fhs,True,0.1152,2111
lag_llama,ltc,0.01,F1,False,0.063,2783
lag_llama,ltc,0.01,H,True,0.1044,2783
lag_llama,ltc,0.01,F2,True,0.1044,2783
lag_llama,ltc,0.01,F3,False,0.0606,2783
lag_llama,ltc,0.01,F4,True,0.1044,2783
lag_llama,ltc,0.01,garch_evt,True,0.1044,2783
lag_llama,ltc,0.01,fhs,True,0.1044,2783
lag_llama,ltc,0.025,F1,False,0.0376,2808
lag_llama,ltc,0.025,H,False,0.0766,2808
lag_llama,ltc,0.025,F2,False,0.0766,2808
lag_llama,ltc,0.025,F3,False,0.035,2808
lag_llama,ltc,0.025,F4,False,0.035,2808
lag_llama,ltc,0.025,garch_evt,True,0.872,2808
lag_llama,ltc,0.025,fhs,True,0.872,2808
lag_llama,ltc,0.05,F1,False,0.0158,2808
lag_llama,ltc,0.05,H,True,0.1256,2808
lag_llama,ltc,0.05,F2,False,0.0596,2808
lag_llama,ltc,0.05,F3,False,0.0158,2808
lag_llama,ltc,0.05,F4,False,0.0198,2808
lag_llama,ltc,0.05,garch_evt,True,0.1256,2808
lag_llama,ltc,0.05,fhs,True,0.1256,2808
lag_llama,msft,0.01,F1,False,0.0874,2103
lag_llama,msft,0.01,H,True,0.9956,2103
lag_llama,msft,0.01,F2,False,0.0874,2103
lag_llama,msft,0.01,F3,False,0.0052,2103
lag_llama,msft,0.01,F4,False,0.0314,2103
lag_llama,msft,0.01,garch_evt,True,0.9956,2103
lag_llama,msft,0.01,fhs,True,0.9956,2103
lag_llama,msft,0.025,F1,False,0.033,2116
lag_llama,msft,0.025,H,True,0.2766,2116
lag_llama,msft,0.025,F2,False,0.033,2116
lag_llama,msft,0.025,F3,False,0.0022,2116
lag_llama,msft,0.025,F4,False,0.0316,2116
lag_llama,msft,0.025,garch_evt,True,0.2766,2116
lag_llama,msft,0.025,fhs,True,0.2766,2116
lag_llama,msft,0.05,F1,False,0.0136,2139
lag_llama,msft,0.05,H,False,0.0172,2139
lag_llama,msft,0.05,F2,False,0.0164,2139
lag_llama,msft,0.05,F3,False,0.004,2139
lag_llama,msft,0.05,F4,False,0.0136,2139
lag_llama,msft,0.05,garch_evt,True,0.8272,2139
lag_llama,msft,0.05,fhs,True,0.8272,2139
lag_llama,natgas,0.01,F1,False,0.054,2090
lag_llama,natgas,0.01,H,False,0.054,2090
lag_llama,natgas,0.01,F2,False,0.054,2090
lag_llama,natgas,0.01,F3,False,0.054,2090
lag_llama,natgas,0.01,F4,False,0.054,2090
lag_llama,natgas,0.01,garch_evt,True,0.1124,2090
lag_llama,natgas,0.01,fhs,True,0.1124,2090
lag_llama,natgas,0.025,F1,False,0.0114,2141
lag_llama,natgas,0.025,H,False,0.0114,2141
lag_llama,natgas,0.025,F2,False,0.0078,2141
lag_llama,natgas,0.025,F3,False,0.0078,2141
lag_llama,natgas,0.025,F4,False,0.0058,2141
lag_llama,natgas,0.025,garch_evt,False,0.0452,2141
lag_llama,natgas,0.025,fhs,True,1.0,2141
lag_llama,natgas,0.05,F1,False,0.0032,2141
lag_llama,natgas,0.05,H,False,0.0032,2141
lag_llama,natgas,0.05,F2,False,0.0032,2141
lag_llama,natgas,0.05,F3,False,0.0004,2141
lag_llama,natgas,0.05,F4,False,0.0004,2141
lag_llama,natgas,0.05,garch_evt,True,0.1176,2141
lag_llama,natgas,0.05,fhs,True,0.1176,2141
lag_llama,ndx,0.01,F1,False,0.0836,2128
lag_llama,ndx,0.01,H,True,0.3892,2128
lag_llama,ndx,0.01,F2,False,0.039,2128
lag_llama,ndx,0.01,F3,False,0.0064,2128
lag_llama,ndx,0.01,F4,False,0.039,2128
lag_llama,ndx,0.01,garch_evt,True,0.3892,2128
lag_llama,ndx,0.01,fhs,True,0.3892,2128
lag_llama,ndx,0.025,F1,False,0.0148,2125
lag_llama,ndx,0.025,H,True,0.5668,2125
lag_llama,ndx,0.025,F2,False,0.0148,2125
lag_llama,ndx,0.025,F3,False,0.0,2125
lag_llama,ndx,0.025,F4,False,0.0034,2125
lag_llama,ndx,0.025,garch_evt,True,0.5668,2125
lag_llama,ndx,0.025,fhs,True,0.5668,2125
lag_llama,ndx,0.05,F1,False,0.0012,2139
lag_llama,ndx,0.05,H,False,0.0884,2139
lag_llama,ndx,0.05,F2,False,0.0026,2139
lag_llama,ndx,0.05,F3,False,0.0,2139
lag_llama,ndx,0.05,F4,False,0.0008,2139
lag_llama,ndx,0.05,garch_evt,True,0.1448,2139
lag_llama,ndx,0.05,fhs,True,0.1448,2139
lag_llama,nikkei,0.01,F1,True,0.1318,2043
lag_llama,nikkei,0.01,H,True,0.1318,2043
lag_llama,nikkei,0.01,F2,True,0.1318,2043
lag_llama,nikkei,0.01,F3,True,0.1318,2043
lag_llama,nikkei,0.01,F4,True,0.1318,2043
lag_llama,nikkei,0.01,garch_evt,True,0.1318,2043
lag_llama,nikkei,0.01,fhs,True,0.1318,2043
lag_llama,nikkei,0.025,F1,True,0.1188,2066
lag_llama,nikkei,0.025,H,True,0.1188,2066
lag_llama,nikkei,0.025,F2,True,0.1188,2066
lag_llama,nikkei,0.025,F3,True,0.1188,2066
lag_llama,nikkei,0.025,F4,True,0.1188,2066
lag_llama,nikkei,0.025,garch_evt,True,0.1188,2066
lag_llama,nikkei,0.025,fhs,True,0.1188,2066
lag_llama,nikkei,0.05,F1,True,0.1332,2066
lag_llama,nikkei,0.05,H,True,0.1332,2066
lag_llama,nikkei,0.05,F2,True,0.1332,2066
lag_llama,nikkei,0.05,F3,False,0.0496,2066
lag_llama,nikkei,0.05,F4,True,0.1332,2066
lag_llama,nikkei,0.05,garch_evt,True,0.1332,2066
lag_llama,nikkei,0.05,fhs,True,0.1332,2066
lag_llama,nvda,0.01,F1,False,0.028,2099
lag_llama,nvda,0.01,H,True,0.5136,2099
lag_llama,nvda,0.01,F2,False,0.028,2099
lag_llama,nvda,0.01,F3,False,0.0054,2099
lag_llama,nvda,0.01,F4,False,0.028,2099
lag_llama,nvda,0.01,garch_evt,True,0.5136,2099
lag_llama,nvda,0.01,fhs,True,0.5136,2099
lag_llama,nvda,0.025,F1,False,0.0048,2111
lag_llama,nvda,0.025,H,True,0.4918,2111
lag_llama,nvda,0.025,F2,False,0.0048,2111
lag_llama,nvda,0.025,F3,False,0.0004,2111
lag_llama,nvda,0.025,F4,False,0.0004,2111
lag_llama,nvda,0.025,garch_evt,True,0.4918,2111
lag_llama,nvda,0.025,fhs,True,0.4918,2111
lag_llama,nvda,0.05,F1,False,0.0018,2139
lag_llama,nvda,0.05,H,False,0.0884,2139
lag_llama,nvda,0.05,F2,False,0.0022,2139
lag_llama,nvda,0.05,F3,False,0.0006,2139
lag_llama,nvda,0.05,F4,False,0.0006,2139
lag_llama,nvda,0.05,garch_evt,True,0.7046,2139
lag_llama,nvda,0.05,fhs,True,0.7046,2139
lag_llama,rut,0.01,F1,False,0.0164,2097
lag_llama,rut,0.01,H,True,0.8506,2097
lag_llama,rut,0.01,F2,False,0.0384,2097
lag_llama,rut,0.01,F3,False,0.0082,2097
lag_llama,rut,0.01,F4,False,0.0164,2097
lag_llama,rut,0.01,garch_evt,True,0.8506,2097
lag_llama,rut,0.01,fhs,True,0.8506,2097
lag_llama,rut,0.025,F1,False,0.005,2110
lag_llama,rut,0.025,H,True,0.864,2110
lag_llama,rut,0.025,F2,False,0.055,2110
lag_llama,rut,0.025,F3,False,0.005,2110
lag_llama,rut,0.025,F4,False,0.005,2110
lag_llama,rut,0.025,garch_evt,True,0.864,2110
lag_llama,rut,0.025,fhs,True,0.864,2110
lag_llama,rut,0.05,F1,False,0.007,2112
lag_llama,rut,0.05,H,True,0.702,2112
lag_llama,rut,0.05,F2,False,0.054,2112
lag_llama,rut,0.05,F3,False,0.0042,2112
lag_llama,rut,0.05,F4,False,0.007,2112
lag_llama,rut,0.05,garch_evt,True,0.702,2112
lag_llama,rut,0.05,fhs,True,0.702,2112
lag_llama,spx,0.01,F1,True,0.1088,2128
lag_llama,spx,0.01,H,True,0.1088,2128
lag_llama,spx,0.01,F2,True,0.1088,2128
lag_llama,spx,0.01,F3,False,0.0084,2128
lag_llama,spx,0.01,F4,False,0.0442,2128
lag_llama,spx,0.01,garch_evt,True,0.1088,2128
lag_llama,spx,0.01,fhs,True,0.1088,2128
lag_llama,spx,0.025,F1,False,0.0114,2136
lag_llama,spx,0.025,H,True,0.238,2136
lag_llama,spx,0.025,F2,False,0.0182,2136
lag_llama,spx,0.025,F3,False,0.0036,2136
lag_llama,spx,0.025,F4,False,0.0052,2136
lag_llama,spx,0.025,garch_evt,True,0.238,2136
lag_llama,spx,0.025,fhs,False,0.0982,2136
lag_llama,spx,0.05,F1,False,0.002,2139
lag_llama,spx,0.05,H,True,0.1178,2139
lag_llama,spx,0.05,F2,False,0.0056,2139
lag_llama,spx,0.05,F3,False,0.002,2139
lag_llama,spx,0.05,F4,False,0.002,2139
lag_llama,spx,0.05,garch_evt,True,0.1178,2139
lag_llama,spx,0.05,fhs,True,0.1178,2139
lag_llama,usdcad,0.01,F1,True,0.1918,2197
lag_llama,usdcad,0.01,H,True,0.1918,2197
lag_llama,usdcad,0.01,F2,True,0.1918,2197
lag_llama,usdcad,0.01,F3,False,0.0564,2197
lag_llama,usdcad,0.01,F4,False,0.0398,2197
lag_llama,usdcad,0.01,garch_evt,True,0.1918,2197
lag_llama,usdcad,0.01,fhs,True,0.1918,2197
lag_llama,usdcad,0.025,F1,False,0.0418,2234
lag_llama,usdcad,0.025,H,True,0.1578,2234
lag_llama,usdcad,0.025,F2,True,0.1578,2234
lag_llama,usdcad,0.025,F3,False,0.012,2234
lag_llama,usdcad,0.025,F4,False,0.017,2234
lag_llama,usdcad,0.025,garch_evt,True,0.1578,2234
lag_llama,usdcad,0.025,fhs,True,0.1578,2234
lag_llama,usdcad,0.05,F1,False,0.026,2234
lag_llama,usdcad,0.05,H,False,0.0938,2234
lag_llama,usdcad,0.05,F2,False,0.0938,2234
lag_llama,usdcad,0.05,F3,False,0.0024,2234
lag_llama,usdcad,0.05,F4,False,0.0126,2234
lag_llama,usdcad,0.05,garch_evt,True,0.1572,2234
lag_llama,usdcad,0.05,fhs,True,0.1572,2234
lag_llama,usdchf,0.01,F1,False,0.0914,2222
lag_llama,usdchf,0.01,H,True,0.2652,2222
lag_llama,usdchf,0.01,F2,False,0.0592,2222
lag_llama,usdchf,0.01,F3,False,0.0592,2222
lag_llama,usdchf,0.01,F4,False,0.0592,2222
lag_llama,usdchf,0.01,garch_evt,True,0.2652,2222
lag_llama,usdchf,0.01,fhs,True,0.2652,2222
lag_llama,usdchf,0.025,F1,False,0.0856,2229
lag_llama,usdchf,0.025,H,True,0.2184,2229
lag_llama,usdchf,0.025,F2,False,0.0412,2229
lag_llama,usdchf,0.025,F3,False,0.0218,2229
lag_llama,usdchf,0.025,F4,False,0.0508,2229
lag_llama,usdchf,0.025,garch_evt,True,0.2184,2229
lag_llama,usdchf,0.025,fhs,True,0.2184,2229
lag_llama,usdchf,0.05,F1,False,0.0174,2233
lag_llama,usdchf,0.05,H,False,0.0508,2233
lag_llama,usdchf,0.05,F2,False,0.0296,2233
lag_llama,usdchf,0.05,F3,False,0.0048,2233
lag_llama,usdchf,0.05,F4,False,0.0314,2233
lag_llama,usdchf,0.05,garch_evt,True,0.6344,2233
lag_llama,usdchf,0.05,fhs,True,0.6344,2233
lag_llama,wmt,0.01,F1,True,0.1578,2134
lag_llama,wmt,0.01,H,True,0.1578,2134
lag_llama,wmt,0.01,F2,True,0.1578,2134
lag_llama,wmt,0.01,F3,True,0.1578,2134
lag_llama,wmt,0.01,F4,False,0.0312,2134
lag_llama,wmt,0.01,garch_evt,True,0.1578,2134
lag_llama,wmt,0.01,fhs,True,0.1578,2134
lag_llama,wmt,0.025,F1,True,0.1014,2139
lag_llama,wmt,0.025,H,True,0.1014,2139
lag_llama,wmt,0.025,F2,True,0.1014,2139
lag_llama,wmt,0.025,F3,False,0.0262,2139
lag_llama,wmt,0.025,F4,False,0.0168,2139
lag_llama,wmt,0.025,garch_evt,True,0.1014,2139
lag_llama,wmt,0.025,fhs,True,0.1014,2139
lag_llama,wmt,0.05,F1,True,0.114,2139
lag_llama,wmt,0.05,H,True,0.114,2139
lag_llama,wmt,0.05,F2,True,0.114,2139
lag_llama,wmt,0.05,F3,False,0.0256,2139
lag_llama,wmt,0.05,F4,False,0.0176,2139
lag_llama,wmt,0.05,garch_evt,True,0.114,2139
lag_llama,wmt,0.05,fhs,True,0.114,2139
lag_llama,xom,0.01,F1,True,0.2024,2136
lag_llama,xom,0.01,H,True,0.2024,2136
lag_llama,xom,0.01,F2,True,0.2024,2136
lag_llama,xom,0.01,F3,False,0.0092,2136
lag_llama,xom,0.01,F4,False,0.0124,2136
lag_llama,xom,0.01,garch_evt,True,0.2024,2136
lag_llama,xom,0.01,fhs,True,0.2024,2136
lag_llama,xom,0.025,F1,False,0.0696,2139
lag_llama,xom,0.025,H,True,0.9634,2139
lag_llama,xom,0.025,F2,False,0.0696,2139
lag_llama,xom,0.025,F3,False,0.0014,2139
lag_llama,xom,0.025,F4,False,0.017,2139
lag_llama,xom,0.025,garch_evt,True,0.9634,2139
lag_llama,xom,0.025,fhs,True,0.9634,2139
lag_llama,xom,0.05,F1,False,0.0152,2139
lag_llama,xom,0.05,H,True,0.72,2139
lag_llama,xom,0.05,F2,False,0.0368,2139
lag_llama,xom,0.05,F3,False,0.0002,2139
lag_llama,xom,0.05,F4,False,0.0092,2139
lag_llama,xom,0.05,garch_evt,True,0.72,2139
lag_llama,xom,0.05,fhs,True,0.72,2139
lag_llama,xrp,0.01,F1,True,0.3498,1642
lag_llama,xrp,0.01,H,True,0.3498,1642
lag_llama,xrp,0.01,F2,True,0.3498,1642
lag_llama,xrp,0.01,F3,True,0.3498,1642
lag_llama,xrp,0.01,F4,True,0.3498,1642
lag_llama,xrp,0.01,garch_evt,True,0.3498,1642
lag_llama,xrp,0.01,fhs,True,0.3498,1642
lag_llama,xrp,0.025,F1,True,0.1664,1644
lag_llama,xrp,0.025,H,True,0.1664,1644
lag_llama,xrp,0.025,F2,True,0.1664,1644
lag_llama,xrp,0.025,F3,True,0.1664,1644
lag_llama,xrp,0.025,F4,True,0.1664,1644
lag_llama,xrp,0.025,garch_evt,True,0.1664,1644
lag_llama,xrp,0.025,fhs,True,0.1664,1644
lag_llama,xrp,0.05,F1,True,0.2218,1659
lag_llama,xrp,0.05,H,True,0.2218,1659
lag_llama,xrp,0.05,F2,True,0.2218,1659
lag_llama,xrp,0.05,F3,True,0.2218,1659
lag_llama,xrp,0.05,F4,True,0.2218,1659
lag_llama,xrp,0.05,garch_evt,True,0.2218,1659
lag_llama,xrp,0.05,fhs,True,0.2218,1659
